candidate_id,lane_id,expression,canonical_expression,exact_identity,canonical_identity,lineage_key,parent_id,proposal_stage,proposal_origin,motif,field_family,family_id,semantic_bucket,fields_list,lane_seed,benchmark_id,llm_action,data_role,hypothesis_arm,primitive_family,complexity,generator_index,program_parameters,mutation_operator,typed_gate_decision,typed_gate_reason,legal,materialized,evaluation_error,proxy_ic_mean,proxy_ic_abs_mean,proxy_ic_count,proxy_ic_hit_rate,proxy_ic_std,proxy_ic_standard_error,proxy_ic_abs_lcb95,proxy_finite_ratio,proxy_signal_unique,proxy_turnover,proxy_signal_concentration,proxy_reward,survivor,proxy_worst_time_block_abs_ic,proxy_time_block_stability,proxy_time_block_count,signal_cluster_id,objective_vector,objective_gate_allowed,objective_gate_reasons,limited_scalar_tiebreak,pareto_rank,objective_signal_quality,objective_cost_adjusted_quality,objective_turnover,objective_worst_time_block_quality,objective_stability,objective_concentration,objective_benchmark_increment,objective_complexity,objective_behaviour_novelty,matched_control_id,selection_statistic,information_gain
b1s_benchmark_competitor_0011,benchmark_competitor,"CSRank(Neg(Delta($close,3)))","CSRank(Neg(Delta($close,3)))",2c8ec824a3af7aee945649ab472cedaa82d0612f399446102051daa00f0fb37c,2c8ec824a3af7aee945649ab472cedaa82d0612f399446102051daa00f0fb37c,b1s/benchmark_competitor:fixed:0011,,fixed,frozen_nonadaptive,benchmark_simple_reversal,raw_1min,benchmark_competitor:benchmark_simple_reversal,benchmark_competitor:benchmark_simple_reversal:raw_1min,['close'],9214,simple_reversal,,development,benchmark_competitor,benchmark_simple_reversal,5,10,{},root_sample,allow,no blocked field/primitive combination detected,True,True,,0.16917912693220785,0.1764048022377927,58,0.9655172413793104,0.10808477152427447,0.014192225795310598,0.14136236437339908,0.9875518672199171,287,0.22238745073081845,0.026454087682014,0.16291301200024794,True,0.10907823433009725,0.7533934348071711,4,9,"{'signal_quality': 0.14136236437339908, 'cost_adjusted_quality': 0.14080639574657203, 'turnover': 0.22238745073081845, 'worst_time_block_quality': 0.10907823433009725, 'stability': 0.7533934348071711, 'concentration': 0.026454087682014, 'benchmark_increment': 0.1348399300022727, 'complexity': 5.0, 'behaviour_novelty': 0.25}",True,[],0.5027517504552149,1,0.14136236437339908,0.14080639574657203,0.22238745073081845,0.10907823433009725,0.7533934348071711,0.026454087682014,0.1348399300022727,5.0,0.25,,,
b1s_benchmark_competitor_0043,benchmark_competitor,"CSRank(Neg(Delta($close,15)))","CSRank(Neg(Delta($close,15)))",333936154437edc370a4c0199bd5f7501c1cfc156e3982f9dcccdc217da24cfc,333936154437edc370a4c0199bd5f7501c1cfc156e3982f9dcccdc217da24cfc,b1s/benchmark_competitor:fixed:0043,,fixed,frozen_nonadaptive,benchmark_simple_reversal,raw_1min,benchmark_competitor:benchmark_simple_reversal,benchmark_competitor:benchmark_simple_reversal:raw_1min,['close'],9214,simple_reversal,,development,benchmark_competitor,benchmark_simple_reversal,5,42,{},root_sample,allow,no blocked field/primitive combination detected,True,True,,0.1327957966370358,0.14172778697743457,55,0.8727272727272727,0.10226154007681708,0.013788943251013878,0.10576946786504861,0.9377593360995851,287,0.12961291150204307,0.026701675329879774,0.11824755031710775,True,0.11319324663259624,0.8558485895633431,4,33,"{'signal_quality': 0.10576946786504861, 'cost_adjusted_quality': 0.1054454355862935, 'turnover': 0.12961291150204307, 'worst_time_block_quality': 0.11319324663259624, 'stability': 0.8558485895633431, 'concentration': 0.026701675329879774, 'benchmark_increment': 0.09017446831913253, 'complexity': 5.0, 'behaviour_novelty': 0.5}",True,[],0.4608815362382892,1,0.10576946786504861,0.1054454355862935,0.12961291150204307,0.11319324663259624,0.8558485895633431,0.026701675329879774,0.09017446831913253,5.0,0.5,,,
b1s_benchmark_competitor_0034,benchmark_competitor,"CSRank(Delta($close,10))","CSRank(Delta($close,10))",415ac2aa065156b2f52529526bb80b8d28be683c3b95d63ad7b608ea1ac3aeff,415ac2aa065156b2f52529526bb80b8d28be683c3b95d63ad7b608ea1ac3aeff,b1s/benchmark_competitor:fixed:0034,,fixed,frozen_nonadaptive,benchmark_simple_momentum,raw_1min,benchmark_competitor:benchmark_simple_momentum,benchmark_competitor:benchmark_simple_momentum:raw_1min,['close'],9214,simple_momentum,,development,benchmark_competitor,benchmark_simple_momentum,4,33,{},root_sample,allow,no blocked field/primitive combination detected,True,True,,-0.1408806149116628,0.15114581834322274,56,0.08928571428571429,0.10697954871927859,0.014295743524972553,0.11286095760271658,0.9585062240663901,287,0.15104208656278514,0.0267788728025533,0.1293824205497178,True,0.09639485294428186,0.7896102243612069,4,27,"{'signal_quality': 0.11286095760271658, 'cost_adjusted_quality': 0.11248335238630962, 'turnover': 0.15104208656278514, 'worst_time_block_quality': 0.09639485294428186, 'stability': 0.7896102243612069, 'concentration': 0.0267788728025533, 'benchmark_increment': 0.10130933855174258, 'complexity': 4.0, 'behaviour_novelty': 0.5}",True,[],0.45770981974026176,1,0.11286095760271658,0.11248335238630962,0.15104208656278514,0.09639485294428186,0.7896102243612069,0.0267788728025533,0.10130933855174258,4.0,0.5,,,
b1s_benchmark_competitor_0027,benchmark_competitor,"CSRank(Neg(Delta($close,8)))","CSRank(Neg(Delta($close,8)))",8e6e8b26e48e0037762379f8a24fc24843f77ee6b2299558d34311796a431373,8e6e8b26e48e0037762379f8a24fc24843f77ee6b2299558d34311796a431373,b1s/benchmark_competitor:fixed:0027,,fixed,frozen_nonadaptive,benchmark_simple_reversal,raw_1min,benchmark_competitor:benchmark_simple_reversal,benchmark_competitor:benchmark_simple_reversal:raw_1min,['close'],9214,simple_reversal,,development,benchmark_competitor,benchmark_simple_reversal,5,26,{},root_sample,allow,no blocked field/primitive combination detected,True,True,,0.15059918659469274,0.16684614825871216,57,0.8771929824561403,0.12037489334297584,0.015944044121102504,0.11934886011733183,0.966804979253112,287,0.16374986660803084,0.02660779801707175,0.14074533690861918,True,0.08797607807738245,0.7490320007676441,4,20,"{'signal_quality': 0.11934886011733183, 'cost_adjusted_quality': 0.11893948545081175, 'turnover': 0.16374986660803084, 'worst_time_block_quality': 0.08797607807738245, 'stability': 0.7490320007676441, 'concentration': 0.02660779801707175, 'benchmark_increment': 0.11267225491064396, 'complexity': 5.0, 'behaviour_novelty': 0.3333333333333333}",True,[],0.4517484034461952,1,0.11934886011733183,0.11893948545081175,0.16374986660803084,0.08797607807738245,0.7490320007676441,0.02660779801707175,0.11267225491064396,5.0,0.3333333333333333,,,
b1s_cem_0025,cem,"CSRank(Add(CSRank(Add(Delta($close,2),Mul($high,0.01))),Mul(Sign($amount_yuan),0.030)))","CSRank(Add(CSRank(Add(Delta($close,2),Mul($high,0.01))),Mul(Sign($amount_yuan),0.030)))",e73035d3b594c81cbf2dc587e3773ddba3306f4bd57c16457a9b539308d2f316,e73035d3b594c81cbf2dc587e3773ddba3306f4bd57c16457a9b539308d2f316,b1s/cem:control:0025,,control,matched_nonadaptive_control,delta,raw_1min,cem:delta,cem:delta:raw_1min,"['amount_yuan', 'close', 'high']",9208,,,development,cem,delta,10,24,{},root_sample,allow,no blocked field/primitive combination detected,True,True,,-0.05158341016697661,0.11180403803344437,58,0.3103448275862069,0.12420832882341327,0.016309352589269858,0.01961707909200769,0.991701244813278,241,0.06729051619006715,0.027490421819235233,0.04988155544307885,True,0.028207932506140235,0.5659996808979981,4,38,"{'signal_quality': 0.01961707909200769, 'cost_adjusted_quality': 0.01944885280153252, 'turnover': 0.06729051619006715, 'worst_time_block_quality': 0.028207932506140235, 'stability': 0.5659996808979981, 'concentration': 0.027490421819235233, 'benchmark_increment': 0.021808473445103633, 'complexity': 10.0, 'behaviour_novelty': 0.011764705882352941}",True,[],0.12575500645028848,1,0.01961707909200769,0.01944885280153252,0.06729051619006715,0.028207932506140235,0.5659996808979981,0.027490421819235233,0.021808473445103633,10.0,0.011764705882352941,,,
b1s_cem_0180,cem,"CSRank(Add(CSRank(Add(PathShape($intraday_ret_from_open,8),Mul(DrawdownPath($amount_yuan,8),1.04))),Mul(Sign($intraday_ret_from_open),0.030)))","CSRank(Add(CSRank(Add(PathShape($intraday_ret_from_open,8),Mul(DrawdownPath($amount_yuan,8),1.04))),Mul(Sign($intraday_ret_from_open),0.030)))",0659ebdb70ee764653828d80c3d51baa786d79832ada700a85f718c7e8614070,0659ebdb70ee764653828d80c3d51baa786d79832ada700a85f718c7e8614070,b1s/cem:adaptive:0180,b1s_cem_0060,adaptive,ephemeral_cem_adaptive,path,raw_1min,cem:path,cem:path:raw_1min,"['amount_yuan', 'intraday_ret_from_open']",9208,,,development,cem,path,11,179,{},root_sample,allow,no blocked field/primitive combination detected,True,True,,-0.12405262377691292,0.1399275975315494,57,0.08771929824561403,0.1058725732433406,0.014023164898654341,0.09656722057555042,0.970954356846473,240,0.2313568822665748,0.026310705417366628,0.11643331952780357,True,0.09291905556962327,0.7830310500896659,4,46,"{'signal_quality': 0.09656722057555042, 'cost_adjusted_quality': 0.09598882836988398, 'turnover': 0.2313568822665748, 'worst_time_block_quality': 0.09291905556962327, 'stability': 0.7830310500896659, 'concentration': 0.026310705417366628, 'benchmark_increment': 0.08836023752982836, 'complexity': 11.0, 'behaviour_novelty': 0.02857142857142857}",True,[],0.3861360125262633,2,0.09656722057555042,0.09598882836988398,0.2313568822665748,0.09291905556962327,0.7830310500896659,0.026310705417366628,0.08836023752982836,11.0,0.02857142857142857,,,
b1s_cem_0054,cem,"CSRank(Add(CSRank(Add(MultiScaleRelation($vwap,$vwap,5,15),Mul(Delta($vwap,5),0.04))),Mul(Sign($volume),0.030)))","CSRank(Add(CSRank(Add(MultiScaleRelation($vwap,$vwap,5,15),Mul(Delta($vwap,5),0.04))),Mul(Sign($volume),0.030)))",22e532b9a815d7015855d3db6c15c2c847ba0efc64b5797ea5860deef1823e09,22e532b9a815d7015855d3db6c15c2c847ba0efc64b5797ea5860deef1823e09,b1s/cem:control:0054,,control,matched_nonadaptive_control,multiscale,raw_1min,cem:multiscale,cem:multiscale:raw_1min,"['volume', 'vwap']",9208,,,development,cem,multiscale,11,53,{},root_sample,allow,no blocked field/primitive combination detected,True,True,,-0.0690065587472404,0.1018603508838864,55,0.2727272727272727,0.1080776351357693,0.014573185348777625,0.040443115463636256,0.851313969571231,3126,0.15993577130037712,0.01991902964728514,0.055782318052090996,True,0.04013274651896214,0.7298195445087254,4,42,"{'signal_quality': 0.040443115463636256, 'cost_adjusted_quality': 0.040043276035385315, 'turnover': 0.15993577130037712, 'worst_time_block_quality': 0.04013274651896214, 'stability': 0.7298195445087254, 'concentration': 0.01991902964728514, 'benchmark_increment': 0.027709236054115776, 'complexity': 11.0, 'behaviour_novelty': 0.08333333333333333}",True,[],0.2004121154477944,2,0.040443115463636256,0.040043276035385315,0.15993577130037712,0.04013274651896214,0.7298195445087254,0.01991902964728514,0.027709236054115776,11.0,0.08333333333333333,,,
b1s_cem_0004,cem,"CSRank(Add(CSRank(Add(PathShape($low,3),Mul(DrawdownPath($intraday_ret_from_open,3),1.17))),Mul(Sign($intraday_ret_from_open),0.030)))","CSRank(Add(CSRank(Add(PathShape($low,3),Mul(DrawdownPath($intraday_ret_from_open,3),1.17))),Mul(Sign($intraday_ret_from_open),0.030)))",a87c043dfc4c2b3e97a5b2cf78c9b3d4c0dabd5db2eb7d251cd99f7e19f6ba7b,a87c043dfc4c2b3e97a5b2cf78c9b3d4c0dabd5db2eb7d251cd99f7e19f6ba7b,b1s/cem:control:0004,,control,matched_nonadaptive_control,path,raw_1min,cem:path,cem:path:raw_1min,"['intraday_ret_from_open', 'low']",9208,,,development,cem,path,11,3,{},root_sample,allow,no blocked field/primitive combination detected,True,True,,-0.11854711953276167,0.12961405140507726,58,0.1206896551724138,0.09147759067403273,0.01201159611800906,0.09500439114146392,0.9644421392346704,2127,0.2487501499847696,0.019872181618340333,0.11148495499918466,True,0.07081120916541259,0.7498875555853939,4,41,"{'signal_quality': 0.09500439114146392, 'cost_adjusted_quality': 0.09438251576650199, 'turnover': 0.2487501499847696, 'worst_time_block_quality': 0.07081120916541259, 'stability': 0.7498875555853939, 'concentration': 0.019872181618340333, 'benchmark_increment': 0.08341187300120945, 'complexity': 11.0, 'behaviour_novelty': 0.08333333333333333}",True,[],0.3611962251613978,3,0.09500439114146392,0.09438251576650199,0.2487501499847696,0.07081120916541259,0.7498875555853939,0.019872181618340333,0.08341187300120945,11.0,0.08333333333333333,,,
b1s_evolutionary_0110,evolutionary,"CSRank(Add(CSRank(PathShape($close,3)),Mul(Sign($vwap),0.012)))","CSRank(Add(CSRank(PathShape($close,3)),Mul(Sign($vwap),0.012)))",f33bb288e47b04c02891bb531655aa788d3c62be5a44b7034b5fc6e486aeea65,f33bb288e47b04c02891bb531655aa788d3c62be5a44b7034b5fc6e486aeea65,b1s/evolutionary:control:0110,,control,matched_nonadaptive_control,pathshape,raw_1min,evolutionary:temporal_program:pathshape,evolutionary:temporal_program:pathshape:raw_1min,"['close', 'vwap']",9211,,,development,temporal_program,pathshape,4,9293917,"{'field': 'close', 'other': 'amount_yuan', 'window': 3, 'state': 'ctx_sent_lb_2_num'}",root_sample,allow,no blocked field/primitive combination detected,True,True,,-0.20885274562056325,0.21454669519568062,58,0.017241379310344827,0.10709526627480016,0.014062297390706156,0.18129064273477918,0.9778699861687413,975,0.2604212152379039,0.019435486289483613,0.19914544838499948,True,0.13632542948149096,0.7800641324684048,4,71,"{'signal_quality': 0.18129064273477918, 'cost_adjusted_quality': 0.18063958969668442, 'turnover': 0.2604212152379039, 'worst_time_block_quality': 0.13632542948149096, 'stability': 0.7800641324684048, 'concentration': 0.019435486289483613, 'benchmark_increment': 0.17107236638702425, 'complexity': 4.0, 'behaviour_novelty': 1.0}",True,[],0.6218089330219773,1,0.18129064273477918,0.18063958969668442,0.2604212152379039,0.13632542948149096,0.7800641324684048,0.019435486289483613,0.17107236638702425,4.0,1.0,,,
b1s_evolutionary_0054,evolutionary,"CSRank(Add(CSRank(Div(Sub($ctx_hfq_turnover_ratio,$ret_1m),Add(Abs($ctx_hfq_turnover_ratio),0.000001))),Mul(Sign($vwap),0.012)))","CSRank(Add(CSRank(Div(Sub($ctx_hfq_turnover_ratio,$ret_1m),Add(Abs($ctx_hfq_turnover_ratio),0.000001))),Mul(Sign($vwap),0.012)))",75dfe7b5a239944c42d4b3200537e90fcee05e66a91ba771c57b6af6b76477cf,75dfe7b5a239944c42d4b3200537e90fcee05e66a91ba771c57b6af6b76477cf,b1s/evolutionary:control:0054,,control,matched_nonadaptive_control,simple_nonlinear,mixed,evolutionary:static_cross_sectional:simple_nonlinear,evolutionary:static_cross_sectional:simple_nonlinear:mixed,"['ctx_hfq_turnover_ratio', 'ret_1m', 'vwap']",9211,,,development,static_cross_sectional,simple_nonlinear,7,9293907,"{'a': 'ctx_hfq_turnover_ratio', 'b': 'ret_1m', 'window': 8, 'coefficient': 0.05}",root_sample,allow,no blocked field/primitive combination detected,True,True,,0.1975000142330167,0.1986088117253868,59,0.9830508474576272,0.09364627374738743,0.012191706396584486,0.1736042696957111,0.9861687413554634,1196,0.3564321631043696,0.020151462558700303,0.19154880729506576,True,0.14268960469085598,0.8202770296154175,4,60,"{'signal_quality': 0.1736042696957111, 'cost_adjusted_quality': 0.17271318928795018, 'turnover': 0.3564321631043696, 'worst_time_block_quality': 0.14268960469085598, 'stability': 0.8202770296154175, 'concentration': 0.020151462558700303, 'benchmark_increment': 0.16347572529709054, 'complexity': 7.0, 'behaviour_novelty': 1.0}",True,[],0.6113562857719309,1,0.1736042696957111,0.17271318928795018,0.3564321631043696,0.14268960469085598,0.8202770296154175,0.020151462558700303,0.16347572529709054,7.0,1.0,,,
b1s_evolutionary_0218,evolutionary,"CSRank(Add(CSRank(Sub(RecoveryPath($close,15),DrawdownPath($amount_yuan,15))),Mul(Sign($volume),0.012)))","CSRank(Add(CSRank(Sub(RecoveryPath($close,15),DrawdownPath($amount_yuan,15))),Mul(Sign($volume),0.012)))",dd9824f0e351e6c02d9bed094169c8277cc787ac9e7e771608474ffa642ade73,dd9824f0e351e6c02d9bed094169c8277cc787ac9e7e771608474ffa642ade73,b1s/evolutionary:adaptive:0218,b1s_evolutionary_0158,adaptive,ephemeral_evolutionary_typed_mutation,drawdownrecovery,raw_1min,evolutionary:temporal_program:drawdownrecovery,evolutionary:temporal_program:drawdownrecovery:raw_1min,"['amount_yuan', 'close', 'volume']",9211,,,development,temporal_program,drawdownrecovery,9,18588758,"{'field': 'close', 'other': 'amount_yuan', 'window': 15, 'state': 'ctx_sent_lb_2_num'}",window_shift,allow,no blocked field/primitive combination detected,True,True,,-0.18558508751567376,0.18722515815385368,55,0.03636363636363636,0.10063171857119332,0.013569178164027645,0.15898949831417958,0.941908713692946,226,0.22195591618549437,0.02634099651737858,0.16598479938722732,True,0.1670837944268674,0.8928634744877509,4,104,"{'signal_quality': 0.15898949831417958, 'cost_adjusted_quality': 0.15843460852371585, 'turnover': 0.22195591618549437, 'worst_time_block_quality': 0.1670837944268674, 'stability': 0.8928634744877509, 'concentration': 0.02634099651737858, 'benchmark_increment': 0.1379117173892521, 'complexity': 9.0, 'behaviour_novelty': 0.5}",True,[],0.5871497019549874,1,0.15898949831417958,0.15843460852371585,0.22195591618549437,0.1670837944268674,0.8928634744877509,0.02634099651737858,0.1379117173892521,9.0,0.5,b1s_evolutionary_0158,,
b1s_evolutionary_0198,evolutionary,"CSRank(Add(CSRank($ret_1m),Mul(Sign($vwap),0.012)))","CSRank(Add(CSRank($ret_1m),Mul(Sign($vwap),0.012)))",08e0bc4b06ca88573aff361b47ef9b604284d9c78eb902af56db354bccf1cd2b,08e0bc4b06ca88573aff361b47ef9b604284d9c78eb902af56db354bccf1cd2b,b1s/evolutionary:adaptive:0198,b1s_evolutionary_0126,adaptive,ephemeral_evolutionary_typed_mutation,rank_level,raw_1min,evolutionary:static_cross_sectional:rank_level,evolutionary:static_cross_sectional:rank_level:raw_1min,"['ret_1m', 'vwap']",9211,,,development,static_cross_sectional,rank_level,6,18588412,"{'a': 'ret_1m', 'b': 'trade_count', 'window': 3, 'coefficient': 0.05}",window_shift,allow,no blocked field/primitive combination detected,True,True,,-0.21611647681288745,0.21823990975219862,59,0.03389830508474576,0.0959238224140447,0.012488217977202423,0.1916395695775707,0.9861687413554634,1159,0.35764479293011453,0.020093833990160938,0.20960430575705694,True,0.14011051113304476,0.7891628109814118,4,93,"{'signal_quality': 0.1916395695775707, 'cost_adjusted_quality': 0.19074545759524542, 'turnover': 0.35764479293011453, 'worst_time_block_quality': 0.14011051113304476, 'stability': 0.7891628109814118, 'concentration': 0.020093833990160938, 'benchmark_increment': 0.1815312237590817, 'complexity': 6.0, 'behaviour_novelty': 0.05555555555555555}",True,[],0.5844146725830714,1,0.1916395695775707,0.19074545759524542,0.35764479293011453,0.14011051113304476,0.7891628109814118,0.020093833990160938,0.1815312237590817,6.0,0.05555555555555555,b1s_evolutionary_0126,,
b1s_firstn_intraday_path_0035,firstn_intraday_path,"CSRank(Add($m1_first15_range,PathShape($close,5)))","CSRank(Add($m1_first15_range,PathShape($close,5)))",cb54e79030799d18a4678e22a26cc8afc11bfd1bd8bc0029c90febfed28c2679,cb54e79030799d18a4678e22a26cc8afc11bfd1bd8bc0029c90febfed28c2679,b1s/firstn_intraday_path:fixed:0035,,fixed,frozen_nonadaptive,firstn_path_shape,mixed,firstn_intraday_path:firstn_intraday_path:path_shape,firstn_intraday_path:firstn_intraday_path:path_shape:mixed,"['close', 'm1_first15_range']",9201,,,development,firstn_intraday_path,path_shape,5,9283843,"{'firstn': 'm1_first15_range', 'raw': 'close', 'window': 5}",root_sample,allow,no blocked field/primitive combination detected,True,True,,-0.20393687832790033,0.20894368731730217,55,0.05454545454545454,0.1081295688840316,0.014580188093964752,0.17535970966372944,0.941908713692946,170,0.21810343952411318,0.0274904218189222,0.1823983935888979,True,0.17669485402237825,0.8664673461815507,4,143,"{'signal_quality': 0.17535970966372944, 'cost_adjusted_quality': 0.17481445106491916, 'turnover': 0.21810343952411318, 'worst_time_block_quality': 0.17669485402237825, 'stability': 0.8664673461815507, 'concentration': 0.0274904218189222, 'benchmark_increment': 0.15432531159092266, 'complexity': 5.0, 'behaviour_novelty': 0.125}",True,[],0.599544531055529,1,0.17535970966372944,0.17481445106491916,0.21810343952411318,0.17669485402237825,0.8664673461815507,0.0274904218189222,0.15432531159092266,5.0,0.125,,,
b1s_firstn_intraday_path_0050,firstn_intraday_path,"CSRank(Add($m1_first30_range,PathShape($close,5)))","CSRank(Add($m1_first30_range,PathShape($close,5)))",a8970c9e004e05f2acb9f28cfe4311f6d59b172753434dece24e6c42d351bb58,a8970c9e004e05f2acb9f28cfe4311f6d59b172753434dece24e6c42d351bb58,b1s/firstn_intraday_path:fixed:0050,,fixed,frozen_nonadaptive,firstn_path_shape,mixed,firstn_intraday_path:firstn_intraday_path:path_shape,firstn_intraday_path:firstn_intraday_path:path_shape:mixed,"['close', 'm1_first30_range']",9201,,,development,firstn_intraday_path,path_shape,5,9283858,"{'firstn': 'm1_first30_range', 'raw': 'close', 'window': 5}",root_sample,allow,no blocked field/primitive combination detected,True,True,,-0.20211372325752258,0.2069692734730198,51,0.058823529411764705,0.10993693237456839,0.015394249690324225,0.1719409938644871,0.8796680497925311,144,0.21946172326026614,0.0274904218193889,0.16256789840907845,True,0.13428525459378252,0.7847257352066526,4,152,"{'signal_quality': 0.1719409938644871, 'cost_adjusted_quality': 0.17139233955633645, 'turnover': 0.21946172326026614, 'worst_time_block_quality': 0.13428525459378252, 'stability': 0.7847257352066526, 'concentration': 0.0274904218193889, 'benchmark_increment': 0.13449481641110322, 'complexity': 5.0, 'behaviour_novelty': 0.3333333333333333}",True,[],0.5672204315647233,1,0.1719409938644871,0.17139233955633645,0.21946172326026614,0.13428525459378252,0.7847257352066526,0.0274904218193889,0.13449481641110322,5.0,0.3333333333333333,,,
b1s_firstn_intraday_path_0048,firstn_intraday_path,"CSRank(Mul($m1_first30_range,Sign(Delta($close,5))))","CSRank(Mul($m1_first30_range,Sign(Delta($close,5))))",daf81bcc368a93c989bac526f6ad5f8dbfb0915bab6dbdd01baa405015f4fea1,daf81bcc368a93c989bac526f6ad5f8dbfb0915bab6dbdd01baa405015f4fea1,b1s/firstn_intraday_path:fixed:0048,,fixed,frozen_nonadaptive,firstn_signed_path,mixed,firstn_intraday_path:firstn_intraday_path:signed_path,firstn_intraday_path:firstn_intraday_path:signed_path:mixed,"['close', 'm1_first30_range']",9201,,,development,firstn_intraday_path,signed_path,6,9283856,"{'firstn': 'm1_first30_range', 'raw': 'close', 'window': 5}",root_sample,allow,no blocked field/primitive combination detected,True,True,,-0.1710013331956948,0.17447181093696904,51,0.0392156862745098,0.10453469615004714,0.014637785310883047,0.14231127398636403,0.8796680497925311,205,0.1953536401629809,0.027490421813712054,0.13754299764867653,True,0.13076769449869213,0.8324439536710914,4,154,"{'signal_quality': 0.14231127398636403, 'cost_adjusted_quality': 0.1418228898859566, 'turnover': 0.1953536401629809, 'worst_time_block_quality': 0.13076769449869213, 'stability': 0.8324439536710914, 'concentration': 0.027490421813712054, 'benchmark_increment': 0.10946991565070131, 'complexity': 6.0, 'behaviour_novelty': 1.0}",True,[],0.5563685240524329,1,0.14231127398636403,0.1418228898859566,0.1953536401629809,0.13076769449869213,0.8324439536710914,0.027490421813712054,0.10946991565070131,6.0,1.0,,,
b1s_firstn_intraday_path_0033,firstn_intraday_path,"CSRank(Mul($m1_first15_range,Sign(Delta($close,5))))","CSRank(Mul($m1_first15_range,Sign(Delta($close,5))))",72f322073c28bd0740ecc98300066ce59e8ad83e0049f22c3b62a75529e6df5c,72f322073c28bd0740ecc98300066ce59e8ad83e0049f22c3b62a75529e6df5c,b1s/firstn_intraday_path:fixed:0033,,fixed,frozen_nonadaptive,firstn_signed_path,mixed,firstn_intraday_path:firstn_intraday_path:signed_path,firstn_intraday_path:firstn_intraday_path:signed_path:mixed,"['close', 'm1_first15_range']",9201,,,development,firstn_intraday_path,signed_path,6,9283841,"{'firstn': 'm1_first15_range', 'raw': 'close', 'window': 5}",root_sample,allow,no blocked field/primitive combination detected,True,True,,-0.16967114897704916,0.17278348316184125,55,0.03636363636363636,0.10623347648594664,0.014324519047163456,0.1415950916446088,0.941908713692946,236,0.1937251191865504,0.027490421814958352,0.15175158738105693,True,0.13545206671635496,0.85713079766942,4,146,"{'signal_quality': 0.1415950916446088, 'cost_adjusted_quality': 0.14111077884664242, 'turnover': 0.1937251191865504, 'worst_time_block_quality': 0.13545206671635496, 'stability': 0.85713079766942, 'concentration': 0.027490421814958352, 'benchmark_increment': 0.12367850538308171, 'complexity': 6.0, 'behaviour_novelty': 0.5}",True,[],0.5411538824164378,1,0.1415950916446088,0.14111077884664242,0.1937251191865504,0.13545206671635496,0.85713079766942,0.027490421814958352,0.12367850538308171,6.0,0.5,,,
b1s_llm_proposal_repair_0210,llm_proposal_repair,"CSRank(Add(CSRank(Add($m1_first15_vwap_return_vs_open,PathShape($close,30))),Mul(Sign($amount_yuan),0.014)))","CSRank(Add(CSRank(Add($m1_first15_vwap_return_vs_open,PathShape($close,30))),Mul(Sign($amount_yuan),0.014)))",d33c711cc1cd6c64fd3af4db585f163ec1499c532c5f5a237273772527ddf91a,d33c711cc1cd6c64fd3af4db585f163ec1499c532c5f5a237273772527ddf91a,b1s/llm_proposal_repair:repair:0210,,repair,codex_gpt5_frozen_pre_reward,llm_repair_firstn_path_shape,mixed,llm_proposal_repair:firstn_intraday_path:path_shape,llm_proposal_repair:firstn_intraday_path:path_shape:mixed,"['amount_yuan', 'close', 'm1_first15_vwap_return_vs_open']",9213,,repair,development,firstn_intraday_path,path_shape,5,18768938,"{'firstn': 'm1_first15_vwap_return_vs_open', 'raw': 'close', 'window': 30}",field_swap,allow,no blocked field/primitive combination detected,True,True,,-0.13193245221773311,0.14110655337169106,51,0.058823529411764705,0.10462268725938595,0.014650106530680914,0.10321824341759853,0.8796680497925311,144,0.11450242459448619,0.0274904218193889,0.10611838297424839,True,0.08892441945979485,0.7053063839816662,4,219,"{'signal_quality': 0.10321824341759853, 'cost_adjusted_quality': 0.10293198735611231, 'turnover': 0.11450242459448619, 'worst_time_block_quality': 0.08892441945979485, 'stability': 0.7053063839816662, 'concentration': 0.0274904218193889, 'benchmark_increment': 0.07804530097627317, 'complexity': 5.0, 'behaviour_novelty': 0.1}",True,[],0.3980685007552825,1,0.10321824341759853,0.10293198735611231,0.11450242459448619,0.08892441945979485,0.7053063839816662,0.0274904218193889,0.07804530097627317,5.0,0.1,,,
b1s_llm_proposal_repair_0226,llm_proposal_repair,"CSRank(Add(CSRank(SafeCSResidual(Delta($close,30),$ctx_hfq_ps_ttm,20,5,0.6)),Mul(Sign($amount_yuan),0.014)))","CSRank(Add(CSRank(SafeCSResidual(Delta($close,30),$ctx_hfq_ps_ttm,20,5,0.6)),Mul(Sign($amount_yuan),0.014)))",43ea34ad942b7fecabe3363641d037b95cda6feeff4a593d448cf6cf4b3d9c76,43ea34ad942b7fecabe3363641d037b95cda6feeff4a593d448cf6cf4b3d9c76,b1s/llm_proposal_repair:repair:0226,,repair,codex_gpt5_frozen_pre_reward,llm_repair_change_residual,mixed,llm_proposal_repair:orthogonal_exile:change_residual,llm_proposal_repair:orthogonal_exile:change_residual:mixed,"['amount_yuan', 'close', 'ctx_hfq_ps_ttm']",9213,,repair,development,orthogonal_exile,change_residual,5,18769213,"{'raw': 'close', 'other': 'volume', 'context': 'ctx_hfq_ps_ttm', 'window': 30}",field_swap,allow,no blocked field/primitive combination detected,True,True,,-0.11577645964631056,0.1274312813918197,51,0.13725490196078433,0.10871031851932145,0.015222489395094714,0.08594038043192492,0.8755186721991701,144,0.10262988696981064,0.0274904218193889,0.09268423043773763,True,0.07272743940896985,0.6338272580703453,4,222,"{'signal_quality': 0.08594038043192492, 'cost_adjusted_quality': 0.08568380571450039, 'turnover': 0.10262988696981064, 'worst_time_block_quality': 0.07272743940896985, 'stability': 0.6338272580703453, 'concentration': 0.0274904218193889, 'benchmark_increment': 0.06461114843976241, 'complexity': 5.0, 'behaviour_novelty': 0.5}",True,[],0.36045752923452934,1,0.08594038043192492,0.08568380571450039,0.10262988696981064,0.07272743940896985,0.6338272580703453,0.0274904218193889,0.06461114843976241,5.0,0.5,,,
b1s_llm_proposal_repair_0088,llm_proposal_repair,"CSRank(Add(CSRank(Add($m1_first5_last_return_vs_open,PathShape($high,30))),Mul(Sign($ret_1m),0.014)))","CSRank(Add(CSRank(Add($m1_first5_last_return_vs_open,PathShape($high,30))),Mul(Sign($ret_1m),0.014)))",a12fc01a5005366773d3acfbf7992d188b8a2258f442607cf00c7ff607ef8853,a12fc01a5005366773d3acfbf7992d188b8a2258f442607cf00c7ff607ef8853,b1s/llm_proposal_repair:proposal:0088,,proposal,codex_gpt5_frozen_pre_reward,llm_hypothesis_firstn_path_shape,mixed,llm_proposal_repair:firstn_intraday_path:path_shape,llm_proposal_repair:firstn_intraday_path:path_shape:mixed,"['high', 'm1_first5_last_return_vs_open', 'ret_1m']",9213,,proposal,development,firstn_intraday_path,path_shape,5,9369588,"{'firstn': 'm1_first5_last_return_vs_open', 'raw': 'high', 'window': 30}",root_sample,allow,no blocked field/primitive combination detected,True,True,,-0.07212212986373463,0.10419557863315067,51,0.2549019607843137,0.101946164323739,0.014275318354557854,0.04414250588880124,0.8796680497925311,199,0.08571100134374068,0.02749042181925564,0.058010623384513724,True,0.054268248548207595,0.778209377056729,4,201,"{'signal_quality': 0.04414250588880124, 'cost_adjusted_quality': 0.043928228385441886, 'turnover': 0.08571100134374068, 'worst_time_block_quality': 0.054268248548207595, 'stability': 0.778209377056729, 'concentration': 0.02749042181925564, 'benchmark_increment': 0.029937541386538504, 'complexity': 5.0, 'behaviour_novelty': 0.25}",True,[],0.24562864920111904,1,0.04414250588880124,0.043928228385441886,0.08571100134374068,0.054268248548207595,0.778209377056729,0.02749042181925564,0.029937541386538504,5.0,0.25,,,
b1s_llm_proposal_repair_0220,llm_proposal_repair,"CSRank(Add(CSRank(CSResidual(PathShape($high,30),Delta($high,30))),Mul(Sign($high),0.014)))","CSRank(Add(CSRank(CSResidual(PathShape($high,30),Delta($high,30))),Mul(Sign($high),0.014)))",fc3665a00d80b964727cf75d0e80799e0d391ad568a26ae03ea05d9b0238c102,fc3665a00d80b964727cf75d0e80799e0d391ad568a26ae03ea05d9b0238c102,b1s/llm_proposal_repair:repair:0220,,repair,codex_gpt5_frozen_pre_reward,llm_repair_path_residual,raw_1min,llm_proposal_repair:orthogonal_exile:path_residual,llm_proposal_repair:orthogonal_exile:path_residual:raw_1min,['high'],9213,,repair,development,orthogonal_exile,path_residual,6,18769014,"{'raw': 'high', 'other': 'high', 'context': 'ctx_hfq_ps_ttm', 'window': 30}",primitive_swap,allow,no blocked field/primitive combination detected,True,True,,-0.06254262832287093,0.10606283555482712,51,0.27450980392156865,0.1053645842346885,0.014753992886572592,0.033624802265188644,0.8755186721991701,287,0.10872326919512709,0.025799422883496553,0.050068169240684406,True,0.03822776947125494,0.7257802278092681,4,220,"{'signal_quality': 0.033624802265188644, 'cost_adjusted_quality': 0.03335299409220083, 'turnover': 0.10872326919512709, 'worst_time_block_quality': 0.03822776947125494, 'stability': 0.7257802278092681, 'concentration': 0.025799422883496553, 'benchmark_increment': 0.021995087242709186, 'complexity': 6.0, 'behaviour_novelty': 1.0}",True,[],0.23384293842958792,1,0.033624802265188644,0.03335299409220083,0.10872326919512709,0.03822776947125494,0.7257802278092681,0.025799422883496553,0.021995087242709186,6.0,1.0,,,
b1s_orthogonal_exile_0040,orthogonal_exile,"CSRank(SafeCSResidual($ret_1m,$ctx_rzrq_rzye,20,5,0.6))","CSRank(SafeCSResidual($ret_1m,$ctx_rzrq_rzye,20,5,0.6))",47661c3d21f52a29952e8beffe67c8379d7425fae5516285bb2b511394cc0cf9,47661c3d21f52a29952e8beffe67c8379d7425fae5516285bb2b511394cc0cf9,b1s/orthogonal_exile:fixed:0040,,fixed,frozen_nonadaptive,level_residual,mixed,orthogonal_exile:orthogonal_exile:level_residual,orthogonal_exile:orthogonal_exile:level_residual:mixed,"['ctx_rzrq_rzye', 'ret_1m']",9205,,,development,orthogonal_exile,level_residual,4,9287884,"{'raw': 'ret_1m', 'other': 'trade_count', 'context': 'ctx_rzrq_rzye', 'window': 15}",root_sample,allow,no blocked field/primitive combination detected,True,True,,-0.21617277127582435,0.22188699357365632,59,0.03389830508474576,0.11196264511089485,0.014576294837519864,0.18760323339428542,0.7291666666666666,105,0.37504535494010066,0.03740031914431572,0.15502041151246632,True,0.14747582687768365,0.8036475347875309,4,237,"{'signal_quality': 0.18760323339428542, 'cost_adjusted_quality': 0.18666562000693518, 'turnover': 0.37504535494010066, 'worst_time_block_quality': 0.14747582687768365, 'stability': 0.8036475347875309, 'concentration': 0.03740031914431572, 'benchmark_increment': 0.1269473295144911, 'complexity': 4.0, 'behaviour_novelty': 1.0}",True,[],0.6182469129123851,1,0.18760323339428542,0.18666562000693518,0.37504535494010066,0.14747582687768365,0.8036475347875309,0.03740031914431572,0.1269473295144911,4.0,1.0,,,
b1s_orthogonal_exile_0218,orthogonal_exile,"CSRank(CSResidual(PathShape($close,5),Delta($high,5)))","CSRank(CSResidual(PathShape($close,5),Delta($high,5)))",f67b1202f90f8bea4db52bb8dc3e339b91096297e59cdc87ee83cac2417f22bd,f67b1202f90f8bea4db52bb8dc3e339b91096297e59cdc87ee83cac2417f22bd,b1s/orthogonal_exile:fixed:0218,,fixed,frozen_nonadaptive,path_residual,raw_1min,orthogonal_exile:orthogonal_exile:path_residual,orthogonal_exile:orthogonal_exile:path_residual:raw_1min,"['close', 'high']",9205,,,development,orthogonal_exile,path_residual,6,9288062,"{'raw': 'close', 'other': 'high', 'context': 'ctx_rzrq_rzjme', 'window': 5}",root_sample,allow,no blocked field/primitive combination detected,True,True,,-0.19695562947184106,0.21231914651949718,57,0.05263157894736842,0.1213409441854933,0.016072000681050934,0.16545450813698123,0.979253112033195,287,0.25448167033669106,0.023557942174674943,0.18643861552468516,True,0.14936763454203802,0.8237599767122962,4,265,"{'signal_quality': 0.16545450813698123, 'cost_adjusted_quality': 0.1648183039611395, 'turnover': 0.25448167033669106, 'worst_time_block_quality': 0.14936763454203802, 'stability': 0.8237599767122962, 'concentration': 0.023557942174674943, 'benchmark_increment': 0.15836553352670993, 'complexity': 6.0, 'behaviour_novelty': 1.0}",True,[],0.6108374949524406,1,0.16545450813698123,0.1648183039611395,0.25448167033669106,0.14936763454203802,0.8237599767122962,0.023557942174674943,0.15836553352670993,6.0,1.0,,,
b1s_orthogonal_exile_0184,orthogonal_exile,"CSRank(SafeCSResidual($ret_1m,$ctx_rzrq_rzjme,20,5,0.6))","CSRank(SafeCSResidual($ret_1m,$ctx_rzrq_rzjme,20,5,0.6))",2a4583e6ec83c281bbbb058af83287fd1028699f01851e14427692d3639ef1c2,2a4583e6ec83c281bbbb058af83287fd1028699f01851e14427692d3639ef1c2,b1s/orthogonal_exile:fixed:0184,,fixed,frozen_nonadaptive,level_residual,mixed,orthogonal_exile:orthogonal_exile:level_residual,orthogonal_exile:orthogonal_exile:level_residual:mixed,"['ctx_rzrq_rzjme', 'ret_1m']",9205,,,development,orthogonal_exile,level_residual,4,9288028,"{'raw': 'ret_1m', 'other': 'open', 'context': 'ctx_rzrq_rzjme', 'window': 2}",root_sample,allow,no blocked field/primitive combination detected,True,True,,-0.21829304801801022,0.2253569109229506,59,0.03389830508474576,0.11285292562046169,0.014692199487527825,0.1894963370224557,0.7291666666666666,105,0.37588284554351714,0.03740031914431572,0.1565408905772167,True,0.14117861918139907,0.766551007432225,4,258,"{'signal_quality': 0.1894963370224557, 'cost_adjusted_quality': 0.1885566299085969, 'turnover': 0.37588284554351714, 'worst_time_block_quality': 0.14117861918139907, 'stability': 0.766551007432225, 'concentration': 0.03740031914431572, 'benchmark_increment': 0.12846780857924148, 'complexity': 4.0, 'behaviour_novelty': 0.5}",True,[],0.5880739667308751,1,0.1894963370224557,0.1885566299085969,0.37588284554351714,0.14117861918139907,0.766551007432225,0.03740031914431572,0.12846780857924148,4.0,0.5,,,
b1s_orthogonal_exile_0217,orthogonal_exile,"CSRank(SafeCSResidual(Delta($close,5),$ctx_rzrq_rzjme,20,5,0.6))","CSRank(SafeCSResidual(Delta($close,5),$ctx_rzrq_rzjme,20,5,0.6))",ec99b24ab37c64abcc4a0d2bcf833b2a3e0ce732925a632c30386209db3edccd,ec99b24ab37c64abcc4a0d2bcf833b2a3e0ce732925a632c30386209db3edccd,b1s/orthogonal_exile:fixed:0217,,fixed,frozen_nonadaptive,change_residual,mixed,orthogonal_exile:orthogonal_exile:change_residual,orthogonal_exile:orthogonal_exile:change_residual:mixed,"['close', 'ctx_rzrq_rzjme']",9205,,,development,orthogonal_exile,change_residual,5,9288061,"{'raw': 'close', 'other': 'high', 'context': 'ctx_rzrq_rzjme', 'window': 5}",root_sample,allow,no blocked field/primitive combination detected,True,True,,-0.16622991486170352,0.17208057689896614,57,0.08771929824561403,0.11720131455816903,0.015523693342285325,0.13580347591082428,0.7140387275242047,105,0.19548067931180185,0.03755615381348247,0.11473699203267781,True,0.1301658746333473,0.8457636332877227,4,264,"{'signal_quality': 0.13580347591082428, 'cost_adjusted_quality': 0.13531477421254479, 'turnover': 0.19548067931180185, 'worst_time_block_quality': 0.1301658746333473, 'stability': 0.8457636332877227, 'concentration': 0.03755615381348247, 'benchmark_increment': 0.0866639100347026, 'complexity': 5.0, 'behaviour_novelty': 1.0}",True,[],0.539587623572619,1,0.13580347591082428,0.13531477421254479,0.19548067931180185,0.1301658746333473,0.8457636332877227,0.03755615381348247,0.0866639100347026,5.0,1.0,,,
b1s_rx_ucb_0333,rx_ucb,"CSRank(Add(CSRank(Add($m1_first30_range,PathShape($close,3))),Mul(Sign($ret_1m),0.026)))","CSRank(Add(CSRank(Add($m1_first30_range,PathShape($close,3))),Mul(Sign($ret_1m),0.026)))",b8df0d9f9694a3bed2ec6c2424ac9bd3654a7c5c9a371138b045f398b462c5ca,b8df0d9f9694a3bed2ec6c2424ac9bd3654a7c5c9a371138b045f398b462c5ca,b1s/rx_ucb:adaptive:0333,b1s_rx_ucb_0165,adaptive,ephemeral_rx_ucb_information_gain,firstn_path_shape,mixed,rx_ucb:firstn_intraday_path:path_shape,rx_ucb:firstn_intraday_path:path_shape:mixed,"['close', 'm1_first30_range', 'ret_1m']",9209,,,development,firstn_intraday_path,path_shape,8,9302758,"{'firstn': 'm1_first30_range', 'raw': 'close', 'window': 3}",root_sample,allow,no blocked field/primitive combination detected,True,True,,-0.22328097895236304,0.22328097895236304,51,0.0,0.09557726649984485,0.013383494276557023,0.1970493301703113,0.8796680497925311,144,0.26766326217794434,0.0274904218193889,0.17959354227895724,True,0.16432636105458104,0.8399941435094798,4,323,"{'signal_quality': 0.1970493301703113, 'cost_adjusted_quality': 0.19638017201486643, 'turnover': 0.26766326217794434, 'worst_time_block_quality': 0.16432636105458104, 'stability': 0.8399941435094798, 'concentration': 0.0274904218193889, 'benchmark_increment': 0.151520460280982, 'complexity': 8.0, 'behaviour_novelty': 1.0}",True,[],0.650630792001211,1,0.1970493301703113,0.19638017201486643,0.26766326217794434,0.16432636105458104,0.8399941435094798,0.0274904218193889,0.151520460280982,8.0,1.0,b1s_rx_ucb_0165,1.4353817610055457,0.16666666666666666
b1s_rx_ucb_0238,rx_ucb,"CSRank(Add(CSRank(CSResidual(PathShape($close,15),Delta($ret_1m,15))),Mul(Sign($low),0.026)))","CSRank(Add(CSRank(CSResidual(PathShape($close,15),Delta($ret_1m,15))),Mul(Sign($low),0.026)))",61d135010c845978783e18bc44c0feb323618780ccadbb4cb07e982c538f34a6,61d135010c845978783e18bc44c0feb323618780ccadbb4cb07e982c538f34a6,b1s/rx_ucb:adaptive:0238,b1s_rx_ucb_0175,adaptive,ephemeral_rx_ucb_information_gain,path_residual,raw_1min,rx_ucb:orthogonal_exile:path_residual,rx_ucb:orthogonal_exile:path_residual:raw_1min,"['close', 'low', 'ret_1m']",9209,,,development,orthogonal_exile,path_residual,9,9302174,"{'raw': 'close', 'other': 'ret_1m', 'context': 'ctx_rzrq_rzjme', 'window': 15}",root_sample,allow,no blocked field/primitive combination detected,True,True,,-0.12219272992148902,0.13193965886552841,55,0.12727272727272726,0.1011462671241208,0.013638559876750517,0.09546115256305801,0.9377593360995851,284,0.1566008660414854,0.0271259285434545,0.10880608683171458,True,0.11243871679940985,0.874484805081929,4,312,"{'signal_quality': 0.09546115256305801, 'cost_adjusted_quality': 0.0950696503979543, 'turnover': 0.1566008660414854, 'worst_time_block_quality': 0.11243871679940985, 'stability': 0.874484805081929, 'concentration': 0.0271259285434545, 'benchmark_increment': 0.08073300483373937, 'complexity': 9.0, 'behaviour_novelty': 1.0}",True,[],0.4596349021248825,1,0.09546115256305801,0.0950696503979543,0.1566008660414854,0.11243871679940985,0.874484805081929,0.0271259285434545,0.08073300483373937,9.0,1.0,b1s_rx_ucb_0175,1.1470277011590528,0.0
b1s_rx_ucb_0145,rx_ucb,"CSRank(Add(CSRank(SafeCSResidual(Delta($vwap,2),$ctx_hfq_float_market_cap_yuan,20,5,0.6)),Mul(Sign($high),0.026)))","CSRank(Add(CSRank(SafeCSResidual(Delta($vwap,2),$ctx_hfq_float_market_cap_yuan,20,5,0.6)),Mul(Sign($high),0.026)))",0d003af0ffff3d966571437bd8ef6f735d18660af577d32146852976e62ef98a,0d003af0ffff3d966571437bd8ef6f735d18660af577d32146852976e62ef98a,b1s/rx_ucb:control:0145,,control,matched_nonadaptive_control,change_residual,mixed,rx_ucb:orthogonal_exile:change_residual,rx_ucb:orthogonal_exile:change_residual:mixed,"['ctx_hfq_float_market_cap_yuan', 'high', 'vwap']",9209,,,development,orthogonal_exile,change_residual,5,9291905,"{'raw': 'vwap', 'other': 'trade_count', 'context': 'ctx_hfq_float_market_cap_yuan', 'window': 2}",root_sample,allow,no blocked field/primitive combination detected,True,True,,-0.08206127867570956,0.10687996309054863,58,0.1206896551724138,0.09859572911015102,0.012946253484657437,0.05668662184578098,0.9690813739050254,1578,0.23355081375845052,0.020269972623183096,0.07754389389463205,True,0.03961020444144909,0.6553980683224307,4,296,"{'signal_quality': 0.05668662184578098, 'cost_adjusted_quality': 0.05610274481138485, 'turnover': 0.23355081375845052, 'worst_time_block_quality': 0.03961020444144909, 'stability': 0.6553980683224307, 'concentration': 0.020269972623183096, 'benchmark_increment': 0.049470811896656836, 'complexity': 5.0, 'behaviour_novelty': 1.0}",True,[],0.28542838627134304,1,0.05668662184578098,0.05610274481138485,0.23355081375845052,0.03961020444144909,0.6553980683224307,0.020269972623183096,0.049470811896656836,5.0,1.0,,,
b1s_rx_ucb_0336,rx_ucb,"CSRank(Add(CSRank(Delta($high,8)),Mul(Sign($vwap),0.026)))","CSRank(Add(CSRank(Delta($high,8)),Mul(Sign($vwap),0.026)))",c977ab6890ee336a4b9bd4c744d2ebed656944d5866e16fef63332f27b2aa92d,c977ab6890ee336a4b9bd4c744d2ebed656944d5866e16fef63332f27b2aa92d,b1s/rx_ucb:adaptive:0336,b1s_rx_ucb_0178,adaptive,ephemeral_rx_ucb_information_gain,delta,raw_1min,rx_ucb:temporal_program:delta,rx_ucb:temporal_program:delta:raw_1min,"['high', 'vwap']",9209,,,development,temporal_program,delta,7,9302770,"{'field': 'high', 'other': 'price_spread', 'window': 8, 'state': 'evt_uplimit_active'}",root_sample,allow,no blocked field/primitive combination detected,True,True,,-0.07406783535479444,0.10079481982858955,57,0.22807017543859648,0.10667988021392522,0.01413009531911669,0.04637284852932573,0.9529737206085753,1401,0.1266289615959176,0.022519668852843004,0.06823121226264457,True,0.044449570570351045,0.7621378529595864,4,324,"{'signal_quality': 0.04637284852932573, 'cost_adjusted_quality': 0.046056276125335936, 'turnover': 0.1266289615959176, 'worst_time_block_quality': 0.044449570570351045, 'stability': 0.7621378529595864, 'concentration': 0.022519668852843004, 'benchmark_increment': 0.040158130264669356, 'complexity': 7.0, 'behaviour_novelty': 0.5}",True,[],0.25303543292015573,1,0.04637284852932573,0.046056276125335936,0.1266289615959176,0.044449570570351045,0.7621378529595864,0.022519668852843004,0.040158130264669356,7.0,0.5,b1s_rx_ucb_0178,2.164442915386551,0.6666666666666666
b1s_static_cross_sectional_0316,static_cross_sectional,"CSRank(Div(Sub($low,$close),Add(Abs($low),0.000001)))","CSRank(Div(Sub($low,$close),Add(Abs($low),0.000001)))",096f85cf96a05d0ffa8b2e06923d87ec80b9e4070fe2c18e65584b415542b9db,096f85cf96a05d0ffa8b2e06923d87ec80b9e4070fe2c18e65584b415542b9db,b1s/static_cross_sectional:fixed:0316,,fixed,frozen_nonadaptive,simple_nonlinear,raw_1min,static_cross_sectional:static_cross_sectional:simple_nonlinear,static_cross_sectional:static_cross_sectional:simple_nonlinear:raw_1min,"['close', 'low']",9200,,,development,static_cross_sectional,simple_nonlinear,7,9283115,"{'a': 'low', 'b': 'close', 'window': 2, 'coefficient': 0.1}",root_sample,allow,no blocked field/primitive combination detected,True,True,,0.2897236800407313,0.2897236800407313,58,1.0,0.10106797568702464,0.01327087536381637,0.26371276432765123,1.0,229,0.2594983764133724,0.01756092916196569,0.28250951021357495,True,0.24422975149641696,0.8777065887280787,4,344,"{'signal_quality': 0.26371276432765123, 'cost_adjusted_quality': 0.2630640183866178, 'turnover': 0.2594983764133724, 'worst_time_block_quality': 0.24422975149641696, 'stability': 0.8777065887280787, 'concentration': 0.01756092916196569, 'benchmark_increment': 0.25443642821559975, 'complexity': 7.0, 'behaviour_novelty': 0.5}",True,[],0.7354764557854344,1,0.26371276432765123,0.2630640183866178,0.2594983764133724,0.24422975149641696,0.8777065887280787,0.01756092916196569,0.25443642821559975,7.0,0.5,,,
b1s_static_cross_sectional_0324,static_cross_sectional,"CSRank(Div(Sub($vwap,$close),Add(Abs($vwap),0.000001)))","CSRank(Div(Sub($vwap,$close),Add(Abs($vwap),0.000001)))",9b3f9798dc4a2940349eff0b85e64170e9e75499e183f87e1b8826371b0aeebd,9b3f9798dc4a2940349eff0b85e64170e9e75499e183f87e1b8826371b0aeebd,b1s/static_cross_sectional:fixed:0324,,fixed,frozen_nonadaptive,simple_nonlinear,raw_1min,static_cross_sectional:static_cross_sectional:simple_nonlinear,static_cross_sectional:static_cross_sectional:simple_nonlinear:raw_1min,"['close', 'vwap']",9200,,,development,static_cross_sectional,simple_nonlinear,7,9283123,"{'a': 'vwap', 'b': 'close', 'window': 2, 'coefficient': 0.2}",root_sample,allow,no blocked field/primitive combination detected,True,True,,0.29118828288701337,0.29118828288701337,59,1.0,0.10784422716725936,0.014040122490474077,0.26366964280568417,0.9861687413554634,1181,0.32039015353229455,0.0199201422690702,0.28241399628203795,True,0.19798676162046275,0.8058312960696667,4,346,"{'signal_quality': 0.26366964280568417, 'cost_adjusted_quality': 0.26286866742185344, 'turnover': 0.32039015353229455, 'worst_time_block_quality': 0.19798676162046275, 'stability': 0.8058312960696667, 'concentration': 0.0199201422690702, 'benchmark_increment': 0.25434091428406275, 'complexity': 7.0, 'behaviour_novelty': 1.0}",True,[],0.733576046148355,1,0.26366964280568417,0.26286866742185344,0.32039015353229455,0.19798676162046275,0.8058312960696667,0.0199201422690702,0.25434091428406275,7.0,1.0,,,
b1s_static_cross_sectional_0128,static_cross_sectional,"CSRank(Div(Sub($close,$high),Add(Abs($close),0.000001)))","CSRank(Div(Sub($close,$high),Add(Abs($close),0.000001)))",6eb1cfb1c69110b6255ce1ddc9b8aaf08716bf826e88b438cfcec6c97c276a98,6eb1cfb1c69110b6255ce1ddc9b8aaf08716bf826e88b438cfcec6c97c276a98,b1s/static_cross_sectional:fixed:0128,,fixed,frozen_nonadaptive,simple_nonlinear,raw_1min,static_cross_sectional:static_cross_sectional:simple_nonlinear,static_cross_sectional:static_cross_sectional:simple_nonlinear:raw_1min,"['close', 'high']",9200,,,development,static_cross_sectional,simple_nonlinear,7,9282927,"{'a': 'close', 'b': 'high', 'window': 2, 'coefficient': 0.2}",root_sample,allow,no blocked field/primitive combination detected,True,True,,-0.2380361094838871,0.23949118281761508,58,0.017241379310344827,0.11062947264826635,0.014526361422596099,0.20956444109559874,1.0,229,0.2589084205444292,0.019274733237708296,0.23210896911838116,True,0.1882056427170283,0.8627703143246825,4,337,"{'signal_quality': 0.20956444109559874, 'cost_adjusted_quality': 0.20891717004423765, 'turnover': 0.2589084205444292, 'worst_time_block_quality': 0.1882056427170283, 'stability': 0.8627703143246825, 'concentration': 0.019274733237708296, 'benchmark_increment': 0.20403588712040593, 'complexity': 7.0, 'behaviour_novelty': 0.5}",True,[],0.6661275398308331,1,0.20956444109559874,0.20891717004423765,0.2589084205444292,0.1882056427170283,0.8627703143246825,0.019274733237708296,0.20403588712040593,7.0,0.5,,,
b1s_static_cross_sectional_0046,static_cross_sectional,"CSRank(Delta($ret_1m,2))","CSRank(Delta($ret_1m,2))",6739052c26e0f4a6f0ea3eae9df14c05cf0dd9ef120076871b985e3c4f94b9d2,6739052c26e0f4a6f0ea3eae9df14c05cf0dd9ef120076871b985e3c4f94b9d2,b1s/static_cross_sectional:fixed:0046,,fixed,frozen_nonadaptive,rank_change,raw_1min,static_cross_sectional:static_cross_sectional:rank_change,static_cross_sectional:static_cross_sectional:rank_change:raw_1min,['ret_1m'],9200,,,development,static_cross_sectional,rank_change,4,9282845,"{'a': 'ret_1m', 'b': 'open', 'window': 2, 'coefficient': 0.1}",root_sample,allow,no blocked field/primitive combination detected,True,True,,-0.15310169205531476,0.15721332710049335,58,0.05172413793103448,0.08997814035814596,0.011814708645779584,0.12994486310958678,0.991701244813278,255,0.34456962782044587,0.02749042180847563,0.14805051693878699,True,0.1042365762740736,0.8096978758482838,4,334,"{'signal_quality': 0.12994486310958678, 'cost_adjusted_quality': 0.12908343904003566, 'turnover': 0.34456962782044587, 'worst_time_block_quality': 0.1042365762740736, 'stability': 0.8096978758482838, 'concentration': 0.02749042180847563, 'benchmark_increment': 0.11997743494081177, 'complexity': 4.0, 'behaviour_novelty': 0.5}",True,[],0.49006783063270604,1,0.12994486310958678,0.12908343904003566,0.34456962782044587,0.1042365762740736,0.8096978758482838,0.02749042180847563,0.11997743494081177,4.0,0.5,,,
b1s_surrogate_0023,surrogate,"CSRank(Add(CSRank(Sub(ZScore(Std($ret_1m,20)),Mul(ZScore(Mean($vwap,20)),0.13))),Mul(Sign($ret_1m),0.033)))","CSRank(Add(CSRank(Sub(ZScore(Std($ret_1m,20)),Mul(ZScore(Mean($vwap,20)),0.13))),Mul(Sign($ret_1m),0.033)))",aca7e9fadd6f96f1f732b858c15525bc44dfa955c7336a2abec2e2629e4f05a3,aca7e9fadd6f96f1f732b858c15525bc44dfa955c7336a2abec2e2629e4f05a3,b1s/surrogate:control:0023,,control,matched_nonadaptive_control,volatility,raw_1min,surrogate:volatility,surrogate:volatility:raw_1min,"['ret_1m', 'vwap']",9212,,,development,surrogate,volatility,13,22,{},root_sample,allow,no blocked field/primitive combination detected,True,True,,-0.040902750430961664,0.08503781218331231,54,0.3333333333333333,0.10191695868523085,0.013869141384173883,0.013719233317980854,0.8184647302904564,3450,0.04105501323104103,0.020088890173997325,0.031498106279689145,True,0.024716771717589896,0.69744495974037,4,348,"{'signal_quality': 0.013719233317980854, 'cost_adjusted_quality': 0.013616595784903252, 'turnover': 0.04105501323104103, 'worst_time_block_quality': 0.024716771717589896, 'stability': 0.69744495974037, 'concentration': 0.020088890173997325, 'benchmark_increment': 0.0034250242817139252, 'complexity': 13.0, 'behaviour_novelty': 0.125}",True,[],0.11738645620625969,1,0.013719233317980854,0.013616595784903252,0.04105501323104103,0.024716771717589896,0.69744495974037,0.020088890173997325,0.0034250242817139252,13.0,0.125,,,
b1s_surrogate_0005,surrogate,"CSRank(Add(CSRank(Add(Delta($close,2),Mul($intraday_ret_from_open,0.17))),Mul(Sign($close),0.033)))","CSRank(Add(CSRank(Add(Delta($close,2),Mul($intraday_ret_from_open,0.17))),Mul(Sign($close),0.033)))",bab4d377e6dc4501b08626812fd62f31c1b2e3f4ded3519e776e358e60001a18,bab4d377e6dc4501b08626812fd62f31c1b2e3f4ded3519e776e358e60001a18,b1s/surrogate:control:0005,,control,matched_nonadaptive_control,delta,raw_1min,surrogate:delta,surrogate:delta:raw_1min,"['close', 'intraday_ret_from_open']",9212,,,development,surrogate,delta,10,4,{},root_sample,allow,no blocked field/primitive combination detected,True,True,,-0.18485264933627407,0.19193392079078045,58,0.05172413793103448,0.10346683287863621,0.01358586074458678,0.158224362276884,0.991701244813278,227,0.24893357243044753,0.02749042181867376,0.17875393749307467,True,0.11780301708408195,0.7628844181571135,4,347,"{'signal_quality': 0.158224362276884, 'cost_adjusted_quality': 0.1576020283458079, 'turnover': 0.24893357243044753, 'worst_time_block_quality': 0.11780301708408195, 'stability': 0.7628844181571135, 'concentration': 0.02749042181867376, 'benchmark_increment': 0.15068085549509944, 'complexity': 10.0, 'behaviour_novelty': 1.0}",True,[],0.5688772438723733,2,0.158224362276884,0.1576020283458079,0.24893357243044753,0.11780301708408195,0.7628844181571135,0.02749042181867376,0.15068085549509944,10.0,1.0,,,
b1s_surrogate_0053,surrogate,"CSRank(Add(CSRank(Add(Delta($close,2),Mul($intraday_ret_from_open,0.12))),Mul(Sign($close),0.033)))","CSRank(Add(CSRank(Add(Delta($close,2),Mul($intraday_ret_from_open,0.12))),Mul(Sign($close),0.033)))",d5e67eae39739ba2d449a062abbd6569e210a99c13326a2adf36af8dd5ae4033,d5e67eae39739ba2d449a062abbd6569e210a99c13326a2adf36af8dd5ae4033,b1s/surrogate:control:0053,,control,matched_nonadaptive_control,delta,raw_1min,surrogate:delta,surrogate:delta:raw_1min,"['close', 'intraday_ret_from_open']",9212,,,development,surrogate,delta,10,52,{},root_sample,allow,no blocked field/primitive combination detected,True,True,,-0.18522901362396185,0.19225517422143987,58,0.034482758620689655,0.10280012127515067,0.013498317222186907,0.1587723118684755,0.991701244813278,225,0.2507839653627724,0.02749042181912294,0.1791178846617927,True,0.11819783226774389,0.7630653262866465,4,2,"{'signal_quality': 0.1587723118684755, 'cost_adjusted_quality': 0.15814535195506857, 'turnover': 0.2507839653627724, 'worst_time_block_quality': 0.11819783226774389, 'stability': 0.7630653262866465, 'concentration': 0.02749042181912294, 'benchmark_increment': 0.15104480266381748, 'complexity': 10.0, 'behaviour_novelty': 0.07142857142857142}",True,[],0.5234612936161569,3,0.1587723118684755,0.15814535195506857,0.2507839653627724,0.11819783226774389,0.7630653262866465,0.02749042181912294,0.15104480266381748,10.0,0.07142857142857142,,,
b1s_surrogate_0008,surrogate,"CSRank(Add(CSRank(Add(PathShape($low,3),Mul(DrawdownPath($close,3),1.05))),Mul(Sign($low),0.033)))","CSRank(Add(CSRank(Add(PathShape($low,3),Mul(DrawdownPath($close,3),1.05))),Mul(Sign($low),0.033)))",fd2b596e9edf4e9f509ef8b7c9a689d1a293ede26e0f30f4b3eb1f1dad576f47,fd2b596e9edf4e9f509ef8b7c9a689d1a293ede26e0f30f4b3eb1f1dad576f47,b1s/surrogate:control:0008,,control,matched_nonadaptive_control,path,raw_1min,surrogate:path,surrogate:path:raw_1min,"['close', 'low']",9212,,,development,surrogate,path,11,7,{},root_sample,allow,no blocked field/primitive combination detected,True,True,,-0.14158947666428562,0.15474089495355745,58,0.08620689655172414,0.10356727379840631,0.013599049283474942,0.11493534006867473,0.991701244813278,279,0.24193320215803513,0.020824315834054606,0.13691811587337788,True,0.07389900999205763,0.6992744821895142,4,349,"{'signal_quality': 0.11493534006867473, 'cost_adjusted_quality': 0.11433050706327964, 'turnover': 0.24193320215803513, 'worst_time_block_quality': 0.07389900999205763, 'stability': 0.6992744821895142, 'concentration': 0.020824315834054606, 'benchmark_increment': 0.10884503387540266, 'complexity': 11.0, 'behaviour_novelty': 0.125}",True,[],0.40590546699625435,3,0.11493534006867473,0.11433050706327964,0.24193320215803513,0.07389900999205763,0.6992744821895142,0.020824315834054606,0.10884503387540266,11.0,0.125,,,
b1s_temporal_program_0701,temporal_program,"CSRank(Sub(RecoveryPath($close,8),DrawdownPath($amount_yuan,8)))","CSRank(Sub(RecoveryPath($close,8),DrawdownPath($amount_yuan,8)))",0657dd5788ba87d6aef8c4fbb664cc9cdaef444110c1804a5758dc778ac2412a,0657dd5788ba87d6aef8c4fbb664cc9cdaef444110c1804a5758dc778ac2412a,b1s/temporal_program:fixed:0701,,fixed,frozen_nonadaptive,drawdownrecovery,raw_1min,temporal_program:temporal_program:drawdownrecovery,temporal_program:temporal_program:drawdownrecovery:raw_1min,"['amount_yuan', 'close']",9202,,,development,temporal_program,drawdownrecovery,6,9285518,"{'field': 'close', 'other': 'amount_yuan', 'window': 8, 'state': 'ctx_sent_lb_2_num'}",root_sample,allow,no blocked field/primitive combination detected,True,True,,-0.1955387273490111,0.20646208730158844,57,0.05263157894736842,0.1199386926596982,0.015886267929184992,0.1644016422078085,0.970954356846473,234,0.24799937420033846,0.027370485354527047,0.18352875117281164,True,0.14272098030033337,0.8263668657313518,4,460,"{'signal_quality': 0.1644016422078085, 'cost_adjusted_quality': 0.16378164377230767, 'turnover': 0.24799937420033846, 'worst_time_block_quality': 0.14272098030033337, 'stability': 0.8263668657313518, 'concentration': 0.027370485354527047, 'benchmark_increment': 0.15545566917483641, 'complexity': 6.0, 'behaviour_novelty': 1.0}",True,[],0.6051359672194151,1,0.1644016422078085,0.16378164377230767,0.24799937420033846,0.14272098030033337,0.8263668657313518,0.027370485354527047,0.15545566917483641,6.0,1.0,,,
b1s_temporal_program_0221,temporal_program,"CSRank(Sub(RecoveryPath($close,30),DrawdownPath($amount_yuan,30)))","CSRank(Sub(RecoveryPath($close,30),DrawdownPath($amount_yuan,30)))",4bad987f5355e166da684b629505dd9e31d7fcb5ccad375ed84c899f2fbf504a,4bad987f5355e166da684b629505dd9e31d7fcb5ccad375ed84c899f2fbf504a,b1s/temporal_program:fixed:0221,,fixed,frozen_nonadaptive,drawdownrecovery,raw_1min,temporal_program:temporal_program:drawdownrecovery,temporal_program:temporal_program:drawdownrecovery:raw_1min,"['amount_yuan', 'close']",9202,,,development,temporal_program,drawdownrecovery,6,9285038,"{'field': 'close', 'other': 'amount_yuan', 'window': 30, 'state': 'ctx_sent_lb_2_num'}",root_sample,allow,no blocked field/primitive combination detected,True,True,,-0.17868881821503924,0.1810871493702363,51,0.058823529411764705,0.09556773780114171,0.013382159991854952,0.15245978463100354,0.8796680497925311,224,0.19588526137602116,0.027165564589871474,0.14372633969741883,True,0.1457088673072845,0.8165120972660421,4,386,"{'signal_quality': 0.15245978463100354, 'cost_adjusted_quality': 0.1519700714775635, 'turnover': 0.19588526137602116, 'worst_time_block_quality': 0.1457088673072845, 'stability': 0.8165120972660421, 'concentration': 0.027165564589871474, 'benchmark_increment': 0.11565325769944361, 'complexity': 6.0, 'behaviour_novelty': 1.0}",True,[],0.5804942402593202,1,0.15245978463100354,0.1519700714775635,0.19588526137602116,0.1457088673072845,0.8165120972660421,0.027165564589871474,0.11565325769944361,6.0,1.0,,,
b1s_temporal_program_0134,temporal_program,"CSRank(Slope($ret_1m,15))","CSRank(Slope($ret_1m,15))",2a446a11d1e868e40e766e6babd17649c46d7102188c704726174b6ed4ee4691,2a446a11d1e868e40e766e6babd17649c46d7102188c704726174b6ed4ee4691,b1s/temporal_program:fixed:0134,,fixed,frozen_nonadaptive,slope,raw_1min,temporal_program:temporal_program:slope,temporal_program:temporal_program:slope:raw_1min,['ret_1m'],9202,,,development,temporal_program,slope,4,9284951,"{'field': 'ret_1m', 'other': 'low', 'window': 15, 'state': 'evt_uplimit_active'}",root_sample,allow,no blocked field/primitive combination detected,True,True,,-0.17495228955732,0.17706038342387703,55,0.03636363636363636,0.10099873285631321,0.01361866636013762,0.14825970349145026,0.941908713692946,188,0.21314626190388547,0.027490421820284966,0.15647496829213348,True,0.13014277347368114,0.828122640868189,4,376,"{'signal_quality': 0.14825970349145026, 'cost_adjusted_quality': 0.14772683783669055, 'turnover': 0.21314626190388547, 'worst_time_block_quality': 0.13014277347368114, 'stability': 0.828122640868189, 'concentration': 0.027490421820284966, 'benchmark_increment': 0.12840188629415825, 'complexity': 4.0, 'behaviour_novelty': 1.0}",True,[],0.57161353182432,1,0.14825970349145026,0.14772683783669055,0.21314626190388547,0.13014277347368114,0.828122640868189,0.027490421820284966,0.12840188629415825,4.0,1.0,,,
b1s_temporal_program_0457,temporal_program,"CSRank(Mul(Duration($ctx_sent_lb_2_num),Sign(Delta($close,3))))","CSRank(Mul(Duration($ctx_sent_lb_2_num),Sign(Delta($close,3))))",8ef9a2da90e8cfcd085dd0a44035dd479020395556d650ba76fa2795d8bf7b72,8ef9a2da90e8cfcd085dd0a44035dd479020395556d650ba76fa2795d8bf7b72,b1s/temporal_program:fixed:0457,,fixed,frozen_nonadaptive,duration,mixed,temporal_program:temporal_program:duration,temporal_program:temporal_program:duration:mixed,"['close', 'ctx_sent_lb_2_num']",9202,,,development,temporal_program,duration,7,9285274,"{'field': 'close', 'other': 'amount_yuan', 'window': 3, 'state': 'ctx_sent_lb_2_num'}",root_sample,allow,no blocked field/primitive combination detected,True,True,,-0.19245674543790106,0.19880518217608353,58,0.017241379310344827,0.10324732805911026,0.013557038349739309,0.165884950272412,0.9875518672199171,239,0.22422387716467362,0.02304766729057639,0.1853284660324394,True,0.12781248821397287,0.7697504127258971,4,68,"{'signal_quality': 0.165884950272412, 'cost_adjusted_quality': 0.16532439057950032, 'turnover': 0.22422387716467362, 'worst_time_block_quality': 0.12781248821397287, 'stability': 0.7697504127258971, 'concentration': 0.02304766729057639, 'benchmark_increment': 0.15725538403446418, 'complexity': 7.0, 'behaviour_novelty': 0.2}",True,[],0.5524028592008351,1,0.165884950272412,0.16532439057950032,0.22422387716467362,0.12781248821397287,0.7697504127258971,0.02304766729057639,0.15725538403446418,7.0,0.2,,,
b1s_typed_ast_0060,typed_ast,"CSRank(Add(CSRank(Add($m1_first15_vwap_return_vs_open,PathShape($high,30))),CSRank(Add(ZScore($ret_1m),Mul(Sign($vwap),0.05)))))","CSRank(Add(CSRank(Add($m1_first15_vwap_return_vs_open,PathShape($high,30))),CSRank(Add(ZScore($ret_1m),Mul(Sign($vwap),0.05)))))",50bbe4ffe0de97a53a5936b14289bb72e35c08cc9027e9191d20d26e49975f4b,50bbe4ffe0de97a53a5936b14289bb72e35c08cc9027e9191d20d26e49975f4b,b1s/typed_ast:fixed:0060,,fixed,frozen_nonadaptive,typed_ast_path_shape_interaction,mixed,typed_ast:firstn_intraday_path__static_cross_sectional:path_shape__interaction,typed_ast:firstn_intraday_path__static_cross_sectional:path_shape__interaction:mixed,"['high', 'm1_first15_vwap_return_vs_open', 'ret_1m', 'vwap']",9207,,,development,firstn_intraday_path__static_cross_sectional,path_shape__interaction,14,59,"{'left_expression': 'CSRank(Add($m1_first15_vwap_return_vs_open,PathShape($high,30)))', 'right_expression': 'CSRank(Add(ZScore($ret_1m),Mul(Sign($vwap),0.05)))', 'operator': 'Add'}",root_sample,allow,no blocked field/primitive combination detected,True,True,,-0.19073792414853635,0.19137413542302803,51,0.0196078431372549,0.09303131543735059,0.013026989819784956,0.16520502410175783,0.865952051636699,1372,0.26746692801120353,0.022475947311954982,0.15102577319222982,True,0.15572832018428695,0.8864065403731654,4,489,"{'signal_quality': 0.16520502410175783, 'cost_adjusted_quality': 0.16453635678172981, 'turnover': 0.26746692801120353, 'worst_time_block_quality': 0.15572832018428695, 'stability': 0.8864065403731654, 'concentration': 0.022475947311954982, 'benchmark_increment': 0.1229526911942546, 'complexity': 14.0, 'behaviour_novelty': 1.0}",True,[],0.6007052512244039,1,0.16520502410175783,0.16453635678172981,0.26746692801120353,0.15572832018428695,0.8864065403731654,0.022475947311954982,0.1229526911942546,14.0,1.0,,,
b1s_typed_ast_0015,typed_ast,"CSRank(Sub(CSRank(Add($m1_first5_vwap_return_vs_open,PathShape($high,30))),CSRank(Div(Sub($close,$vwap),Add(Abs($close),0.000001)))))","CSRank(Sub(CSRank(Add($m1_first5_vwap_return_vs_open,PathShape($high,30))),CSRank(Div(Sub($close,$vwap),Add(Abs($close),0.000001)))))",24b341f420e4b394fdf8585eb918cd117376564033edb33f693c6adb48d81b27,24b341f420e4b394fdf8585eb918cd117376564033edb33f693c6adb48d81b27,b1s/typed_ast:fixed:0015,,fixed,frozen_nonadaptive,typed_ast_path_shape_simple_nonlinear,mixed,typed_ast:firstn_intraday_path__static_cross_sectional:path_shape__simple_nonlinear,typed_ast:firstn_intraday_path__static_cross_sectional:path_shape__simple_nonlinear:mixed,"['close', 'high', 'm1_first5_vwap_return_vs_open', 'vwap']",9207,,,development,firstn_intraday_path__static_cross_sectional,path_shape__simple_nonlinear,14,14,"{'left_expression': 'CSRank(Add($m1_first5_vwap_return_vs_open,PathShape($high,30)))', 'right_expression': 'CSRank(Div(Sub($close,$vwap),Add(Abs($close),0.000001)))', 'operator': 'Sub'}",root_sample,allow,no blocked field/primitive combination detected,True,True,,0.17326998069606872,0.1756942093031078,51,0.9803921568627451,0.10199041375380057,0.014281514514122334,0.14527821224838894,0.865952051636699,1352,0.2416090261441874,0.02234469058188901,0.13719470274431692,True,0.1295259285442514,0.851714661190792,4,473,"{'signal_quality': 0.14527821224838894, 'cost_adjusted_quality': 0.14467418968302848, 'turnover': 0.2416090261441874, 'worst_time_block_quality': 0.1295259285442514, 'stability': 0.851714661190792, 'concentration': 0.02234469058188901, 'benchmark_increment': 0.1091216207463417, 'complexity': 14.0, 'behaviour_novelty': 1.0}",True,[],0.5512619198410125,1,0.14527821224838894,0.14467418968302848,0.2416090261441874,0.1295259285442514,0.851714661190792,0.02234469058188901,0.1091216207463417,14.0,1.0,,,
b1s_typed_ast_0009,typed_ast,"CSRank(Sub(CSRank(Mul($m1_first5_vwap_return_vs_open,Sign(Delta($high,30)))),CSRank(Delta($close,8))))","CSRank(Sub(CSRank(Mul($m1_first5_vwap_return_vs_open,Sign(Delta($high,30)))),CSRank(Delta($close,8))))",33827ec9a3dd99d7c78b927638c3b7a9ca821229dc7f8256e32aa0f218a0df67,33827ec9a3dd99d7c78b927638c3b7a9ca821229dc7f8256e32aa0f218a0df67,b1s/typed_ast:fixed:0009,,fixed,frozen_nonadaptive,typed_ast_signed_path_rank_change,mixed,typed_ast:firstn_intraday_path__static_cross_sectional:signed_path__rank_change,typed_ast:firstn_intraday_path__static_cross_sectional:signed_path__rank_change:mixed,"['close', 'high', 'm1_first5_vwap_return_vs_open']",9207,,,development,firstn_intraday_path__static_cross_sectional,signed_path__rank_change,12,8,"{'left_expression': 'CSRank(Mul($m1_first5_vwap_return_vs_open,Sign(Delta($high,30))))', 'right_expression': 'CSRank(Delta($close,8))', 'operator': 'Sub'}",root_sample,allow,no blocked field/primitive combination detected,True,True,,0.09523165401661877,0.10808935032633038,51,0.8627450980392157,0.09462706872329019,0.013250439974317303,0.06926079166695687,0.8755186721991701,287,0.15457015204774313,0.027360135455768615,0.0762371953055698,True,0.07171213051822121,0.848436354953196,4,471,"{'signal_quality': 0.06926079166695687, 'cost_adjusted_quality': 0.0688743662868375, 'turnover': 0.15457015204774313, 'worst_time_block_quality': 0.07171213051822121, 'stability': 0.848436354953196, 'concentration': 0.027360135455768615, 'benchmark_increment': 0.04816411330759458, 'complexity': 12.0, 'behaviour_novelty': 1.0}",True,[],0.3563448160877479,1,0.06926079166695687,0.0688743662868375,0.15457015204774313,0.07171213051822121,0.848436354953196,0.027360135455768615,0.04816411330759458,12.0,1.0,,,
b1s_typed_ast_0030,typed_ast,"CSRank(Add(CSRank(Add($m1_first5_range,PathShape($high,30))),CSRank($volume)))","CSRank(Add(CSRank(Add($m1_first5_range,PathShape($high,30))),CSRank($volume)))",b3314e2fa14763ed48a179b90b9b122d02cc4573cb3e2480cf71d67d94a79a34,b3314e2fa14763ed48a179b90b9b122d02cc4573cb3e2480cf71d67d94a79a34,b1s/typed_ast:fixed:0030,,fixed,frozen_nonadaptive,typed_ast_path_shape_rank_level,mixed,typed_ast:firstn_intraday_path__static_cross_sectional:path_shape__rank_level,typed_ast:firstn_intraday_path__static_cross_sectional:path_shape__rank_level:mixed,"['high', 'm1_first5_range', 'volume']",9207,,,development,firstn_intraday_path__static_cross_sectional,path_shape__rank_level,10,29,"{'left_expression': 'CSRank(Add($m1_first5_range,PathShape($high,30)))', 'right_expression': 'CSRank($volume)', 'operator': 'Add'}",root_sample,allow,no blocked field/primitive combination detected,True,True,,-0.09589474046894764,0.1200450653117868,51,0.13725490196078433,0.11044385281283113,0.01546523274971283,0.06558288427951049,0.8796680497925311,287,0.1601459651145978,0.026262831961707752,0.07713185515195141,True,0.07544637562518003,0.8648825347703049,4,477,"{'signal_quality': 0.06558288427951049, 'cost_adjusted_quality': 0.06518251936672399, 'turnover': 0.1601459651145978, 'worst_time_block_quality': 0.07544637562518003, 'stability': 0.8648825347703049, 'concentration': 0.026262831961707752, 'benchmark_increment': 0.04905877315397619, 'complexity': 10.0, 'behaviour_novelty': 1.0}",True,[],0.3560224248363085,1,0.06558288427951049,0.06518251936672399,0.1601459651145978,0.07544637562518003,0.8648825347703049,0.026262831961707752,0.04905877315397619,10.0,1.0,,,
b1s_typed_random_0079,typed_random,"CSRank(Add(CSRank(Mul(StateAge($ctx_sent_lb_2_num),Sign(Delta($close,8)))),Mul(Sign($intraday_ret_from_open),0.036)))","CSRank(Add(CSRank(Mul(StateAge($ctx_sent_lb_2_num),Sign(Delta($close,8)))),Mul(Sign($intraday_ret_from_open),0.036)))",4880554fcd898026c243fcbe5ae6ace79b0d75f94ef4010115775d1da9bc31af,4880554fcd898026c243fcbe5ae6ace79b0d75f94ef4010115775d1da9bc31af,b1s/typed_random:fixed:0079,,fixed,frozen_nonadaptive,typed_random_stateage,mixed,typed_random:temporal_program:stateage,typed_random:temporal_program:stateage:mixed,"['close', 'ctx_sent_lb_2_num', 'intraday_ret_from_open']",9206,,,development,temporal_program,stateage,7,9502235,"{'field': 'close', 'other': 'amount_yuan', 'window': 8, 'state': 'ctx_sent_lb_2_num'}",root_sample,allow,no blocked field/primitive combination detected,True,True,,-0.14655591302674137,0.16115164270597343,57,0.10526315789473684,0.11299777332809728,0.014966920704936623,0.11722074844506558,0.966804979253112,278,0.16376088328207478,0.020760363651326257,0.13696661862067402,True,0.10155962873098083,0.8201018160046066,4,498,"{'signal_quality': 0.11722074844506558, 'cost_adjusted_quality': 0.11681134623686039, 'turnover': 0.16376088328207478, 'worst_time_block_quality': 0.10155962873098083, 'stability': 0.8201018160046066, 'concentration': 0.020760363651326257, 'benchmark_increment': 0.10889353662269881, 'complexity': 7.0, 'behaviour_novelty': 1.0}",True,[],0.4964485657854093,1,0.11722074844506558,0.11681134623686039,0.16376088328207478,0.10155962873098083,0.8201018160046066,0.020760363651326257,0.10889353662269881,7.0,1.0,,,
b1s_typed_random_0001,typed_random,"CSRank(Add(CSRank(Mul(Duration($ctx_sent_lb_2_num),Sign(Delta($close,30)))),Mul(Sign($volume),0.036)))","CSRank(Add(CSRank(Mul(Duration($ctx_sent_lb_2_num),Sign(Delta($close,30)))),Mul(Sign($volume),0.036)))",dee718cbbe2cb1d323ce24ad3fe35e1bcc46bb91f5a80f6a7d10c86b4ceabc67,dee718cbbe2cb1d323ce24ad3fe35e1bcc46bb91f5a80f6a7d10c86b4ceabc67,b1s/typed_random:fixed:0001,,fixed,frozen_nonadaptive,typed_random_duration,mixed,typed_random:temporal_program:duration,typed_random:temporal_program:duration:mixed,"['close', 'ctx_sent_lb_2_num', 'volume']",9206,,,development,temporal_program,duration,7,9501754,"{'field': 'close', 'other': 'amount_yuan', 'window': 30, 'state': 'ctx_sent_lb_2_num'}",root_sample,allow,no blocked field/primitive combination detected,True,True,,-0.11865267430803464,0.13200845393734364,51,0.09803921568627451,0.10246030863202832,0.014347312958079242,0.09053194091019932,0.8755186721991701,256,0.10412119694153295,0.021994334704333235,0.09498676882343382,True,0.058301659204074714,0.6117250133419404,4,385,"{'signal_quality': 0.09053194091019932, 'cost_adjusted_quality': 0.0902716379178455, 'turnover': 0.10412119694153295, 'worst_time_block_quality': 0.058301659204074714, 'stability': 0.6117250133419404, 'concentration': 0.021994334704333235, 'benchmark_increment': 0.0669136868254586, 'complexity': 7.0, 'behaviour_novelty': 0.3333333333333333}",True,[],0.3446168107784837,1,0.09053194091019932,0.0902716379178455,0.10412119694153295,0.058301659204074714,0.6117250133419404,0.021994334704333235,0.0669136868254586,7.0,0.3333333333333333,,,
b1s_typed_random_0172,typed_random,"CSRank(Add(CSRank(SafeCSResidual(Delta($low,15),$ctx_rzrq_rzjme,20,5,0.6)),Mul(Sign($amount_yuan),0.036)))","CSRank(Add(CSRank(SafeCSResidual(Delta($low,15),$ctx_rzrq_rzjme,20,5,0.6)),Mul(Sign($amount_yuan),0.036)))",2f7fa3c6445b7a2df9439f41c9df728adcd4392accf24e66993056e492cb4abf,2f7fa3c6445b7a2df9439f41c9df728adcd4392accf24e66993056e492cb4abf,b1s/typed_random:fixed:0172,,fixed,frozen_nonadaptive,typed_random_change_residual,mixed,typed_random:orthogonal_exile:change_residual,typed_random:orthogonal_exile:change_residual:mixed,"['amount_yuan', 'ctx_rzrq_rzjme', 'low']",9206,,,development,orthogonal_exile,change_residual,5,9502809,"{'raw': 'low', 'other': 'sell_volume', 'context': 'ctx_rzrq_rzjme', 'window': 15}",root_sample,allow,no blocked field/primitive combination detected,True,True,,-0.06422983461379314,0.09823797212252015,55,0.2727272727272727,0.10788167825118748,0.014546762527850867,0.03571818005920544,0.6837828492392808,105,0.0986380459132491,0.03755615381348247,0.041703397205874224,True,0.04275858132912982,0.7694642062975063,4,505,"{'signal_quality': 0.03571818005920544, 'cost_adjusted_quality': 0.03547158494442232, 'turnover': 0.0986380459132491, 'worst_time_block_quality': 0.04275858132912982, 'stability': 0.7694642062975063, 'concentration': 0.03755615381348247, 'benchmark_increment': 0.013630315207899004, 'complexity': 5.0, 'behaviour_novelty': 1.0}",True,[],0.2441543152349699,1,0.03571818005920544,0.03547158494442232,0.0986380459132491,0.04275858132912982,0.7694642062975063,0.03755615381348247,0.013630315207899004,5.0,1.0,,,
b1s_typed_random_0041,typed_random,"CSRank(Add(CSRank(Delta($vwap,15)),Mul(Sign($volume),0.036)))","CSRank(Add(CSRank(Delta($vwap,15)),Mul(Sign($volume),0.036)))",2ad3e6a6ef49604c2d1b3eddaf1cab4172d81a0c37ea1d46b5c80551276a37ae,2ad3e6a6ef49604c2d1b3eddaf1cab4172d81a0c37ea1d46b5c80551276a37ae,b1s/typed_random:fixed:0041,,fixed,frozen_nonadaptive,typed_random_rank_change,raw_1min,typed_random:static_cross_sectional:rank_change,typed_random:static_cross_sectional:rank_change:raw_1min,"['volume', 'vwap']",9206,,,development,static_cross_sectional,rank_change,4,9502001,"{'a': 'vwap', 'b': 'close', 'window': 15, 'coefficient': 0.1}",root_sample,allow,no blocked field/primitive combination detected,True,True,,-0.06527084626071479,0.09118319459163625,55,0.2909090909090909,0.09600599475320352,0.01294544569165131,0.03989777270507822,0.9164649608114338,1701,0.10065903159920954,0.019939946298706632,0.05680041855793375,True,0.0527954643244545,0.8401537399189531,4,130,"{'signal_quality': 0.03989777270507822, 'cost_adjusted_quality': 0.0396461251260802, 'turnover': 0.10065903159920954, 'worst_time_block_quality': 0.0527954643244545, 'stability': 0.8401537399189531, 'concentration': 0.019939946298706632, 'benchmark_increment': 0.028727336559958534, 'complexity': 4.0, 'behaviour_novelty': 0.25}",True,[],0.24116865138074278,1,0.03989777270507822,0.0396461251260802,0.10065903159920954,0.0527954643244545,0.8401537399189531,0.019939946298706632,0.028727336559958534,4.0,0.25,,,
b1s_uct_mcts_0054,uct_mcts,"CSRank(Add(CSRank(Add(Mul(Sign($ctx_hfq_volume_ratio),Delta($intraday_ret_from_open,3)),Mul($ret_1m,0.06))),Mul(Sign($intraday_ret_from_open),0.039)))","CSRank(Add(CSRank(Add(Mul(Sign($ctx_hfq_volume_ratio),Delta($intraday_ret_from_open,3)),Mul($ret_1m,0.06))),Mul(Sign($intraday_ret_from_open),0.039)))",3bd4765143348f8aa805c612d0c854149920f7b5a6558742601ed118aaa8e247,3bd4765143348f8aa805c612d0c854149920f7b5a6558742601ed118aaa8e247,b1s/uct_mcts:control:0054,,control,matched_nonadaptive_control,signed_context,mixed,uct_mcts:signed_context,uct_mcts:signed_context:mixed,"['ctx_hfq_volume_ratio', 'intraday_ret_from_open', 'ret_1m']",9210,,,development,uct_mcts,signed_context,12,53,{},root_sample,allow,no blocked field/primitive combination detected,True,True,,-0.23457669902600686,0.24134170525085447,58,0.017241379310344827,0.11103568736745692,0.014579700028348125,0.20600048697044454,0.9875518672199171,234,0.2585657917378332,0.02749042180312678,0.2258883662327674,True,0.16155239461687776,0.7939795046618745,4,508,"{'signal_quality': 0.20600048697044454, 'cost_adjusted_quality': 0.20535407249109996, 'turnover': 0.2585657917378332, 'worst_time_block_quality': 0.16155239461687776, 'stability': 0.7939795046618745, 'concentration': 0.02749042180312678, 'benchmark_increment': 0.19781528423479217, 'complexity': 12.0, 'behaviour_novelty': 0.125}",True,[],0.6173267973378403,1,0.20600048697044454,0.20535407249109996,0.2585657917378332,0.16155239461687776,0.7939795046618745,0.02749042180312678,0.19781528423479217,12.0,0.125,,,
b1s_uct_mcts_0034,uct_mcts,"CSRank(Add(CSRank(Add(PathShape($low,15),Mul(DrawdownPath($high,15),1.01))),Mul(Sign($low),0.039)))","CSRank(Add(CSRank(Add(PathShape($low,15),Mul(DrawdownPath($high,15),1.01))),Mul(Sign($low),0.039)))",27c87300cb89a4dbe4e99a6cc66725875304f10ae5871e761cc6d73cc1606f6f,27c87300cb89a4dbe4e99a6cc66725875304f10ae5871e761cc6d73cc1606f6f,b1s/uct_mcts:control:0034,,control,matched_nonadaptive_control,path,raw_1min,uct_mcts:path,uct_mcts:path:raw_1min,"['high', 'low']",9210,,,development,uct_mcts,path,11,33,{},root_sample,allow,no blocked field/primitive combination detected,True,True,,-0.07318730812970256,0.09883543059025342,55,0.2727272727272727,0.09640835296842779,0.012999699662324341,0.047707896791546855,0.941908713692946,278,0.10599047965101688,0.02775710165276852,0.06545774135313485,True,0.05816714703421804,0.8763662882446882,4,362,"{'signal_quality': 0.047707896791546855, 'cost_adjusted_quality': 0.047442920592419315, 'turnover': 0.10599047965101688, 'worst_time_block_quality': 0.05816714703421804, 'stability': 0.8763662882446882, 'concentration': 0.02775710165276852, 'benchmark_increment': 0.03738465935515964, 'complexity': 11.0, 'behaviour_novelty': 0.07142857142857142}",True,[],0.2542984064214845,1,0.047707896791546855,0.047442920592419315,0.10599047965101688,0.05816714703421804,0.8763662882446882,0.02775710165276852,0.03738465935515964,11.0,0.07142857142857142,,,
b1s_uct_mcts_0065,uct_mcts,"CSRank(Add(CSRank(Sub(ZScore(Std($ret_1m,5)),Mul(ZScore(Mean($low,5)),0.13))),Mul(Sign($ret_1m),0.039)))","CSRank(Add(CSRank(Sub(ZScore(Std($ret_1m,5)),Mul(ZScore(Mean($low,5)),0.13))),Mul(Sign($ret_1m),0.039)))",9cba5b52706cfe20ab078e25475ce5b9594618841ce2f113e9392bfff6f670bf,9cba5b52706cfe20ab078e25475ce5b9594618841ce2f113e9392bfff6f670bf,b1s/uct_mcts:control:0065,,control,matched_nonadaptive_control,volatility,raw_1min,uct_mcts:volatility,uct_mcts:volatility:raw_1min,"['low', 'ret_1m']",9210,,,development,uct_mcts,volatility,13,64,{},root_sample,allow,no blocked field/primitive combination detected,True,True,,-0.050594105774744595,0.0992594115696415,58,0.3103448275862069,0.11117489189776111,0.014597978478660283,0.021982067956570442,0.983402489626556,153,0.09393758863331697,0.02749042181929354,0.048515477156927084,True,0.034256792480249064,0.8136720344148063,4,16,"{'signal_quality': 0.021982067956570442, 'cost_adjusted_quality': 0.02174722398498715, 'turnover': 0.09393758863331697, 'worst_time_block_quality': 0.034256792480249064, 'stability': 0.8136720344148063, 'concentration': 0.02749042181929354, 'benchmark_increment': 0.020442395158951864, 'complexity': 13.0, 'behaviour_novelty': 0.07692307692307693}",True,[],0.1598905871053196,1,0.021982067956570442,0.02174722398498715,0.09393758863331697,0.034256792480249064,0.8136720344148063,0.02749042181929354,0.020442395158951864,13.0,0.07692307692307693,,,
b1s_uct_mcts_0085,uct_mcts,"CSRank(Add(CSRank(Sub(Acceleration($high,20),Mul(Slope($intraday_ret_from_open,20),0.01))),Mul(Sign($high),0.039)))","CSRank(Add(CSRank(Sub(Acceleration($high,20),Mul(Slope($intraday_ret_from_open,20),0.01))),Mul(Sign($high),0.039)))",34bbbb1aaa785a83f4c95a2207ca06df7699616cbb919246a301f98e27095af4,34bbbb1aaa785a83f4c95a2207ca06df7699616cbb919246a301f98e27095af4,b1s/uct_mcts:control:0085,,control,matched_nonadaptive_control,acceleration,raw_1min,uct_mcts:acceleration,uct_mcts:acceleration:raw_1min,"['high', 'intraday_ret_from_open']",9210,,,development,uct_mcts,acceleration,11,84,{},root_sample,allow,no blocked field/primitive combination detected,True,True,,-0.05677466969848223,0.08744474227133346,54,0.25925925925925924,0.09283215303695659,0.012632855925805745,0.03201427208390297,0.91701244813278,177,0.1411695076117111,0.027490421818928704,0.0489848530781621,True,0.046131731354790755,0.8458413176131109,4,507,"{'signal_quality': 0.03201427208390297, 'cost_adjusted_quality': 0.031661348314873695, 'turnover': 0.1411695076117111, 'worst_time_block_quality': 0.046131731354790755, 'stability': 0.8458413176131109, 'concentration': 0.027490421818928704, 'benchmark_increment': 0.020911771080186877, 'complexity': 11.0, 'behaviour_novelty': 0.08333333333333333}",True,[],0.19678124550195997,3,0.03201427208390297,0.031661348314873695,0.1411695076117111,0.046131731354790755,0.8458413176131109,0.027490421818928704,0.020911771080186877,11.0,0.08333333333333333,,,
b1s_temporal_program_0100,temporal_program,"CSRank(PathShape($close,15))","CSRank(PathShape($close,15))",c62dfe40fe6e9d2e3a823e4c527aba27c91aa878239054b6f7a209a69497f2b8,c62dfe40fe6e9d2e3a823e4c527aba27c91aa878239054b6f7a209a69497f2b8,b1s/temporal_program:fixed:0100,,fixed,frozen_nonadaptive,pathshape,raw_1min,temporal_program:temporal_program:pathshape,temporal_program:temporal_program:pathshape:raw_1min,['close'],9202,,,development,temporal_program,pathshape,4,9284917,"{'field': 'close', 'other': 'amount_yuan', 'window': 15, 'state': 'ctx_sent_lb_2_num'}",root_sample,allow,no blocked field/primitive combination detected,True,True,,-0.1571400051330344,0.15888200411555387,55,0.03636363636363636,0.1012811411822804,0.01365674629104273,0.13037278240259065,0.941908713692946,287,0.14921849429697365,0.0273650990121821,0.14054390132780326,True,0.13344037594038266,0.8868301924515537,4,366,"{'signal_quality': 0.13037278240259065, 'cost_adjusted_quality': 0.1299997361668482, 'turnover': 0.14921849429697365, 'worst_time_block_quality': 0.13344037594038266, 'stability': 0.8868301924515537, 'concentration': 0.0273650990121821, 'benchmark_increment': 0.11247081932982804, 'complexity': 4.0, 'behaviour_novelty': 1.0}",True,[],0.5516279767464385,1,0.13037278240259065,0.1299997361668482,0.14921849429697365,0.13344037594038266,0.8868301924515537,0.0273650990121821,0.11247081932982804,4.0,1.0,,,
b1s_temporal_program_0014,temporal_program,"CSRank(Slope($ret_1m,8))","CSRank(Slope($ret_1m,8))",900680ceb7ed679fcc665d6495c291a16ba01e916c538f3013fbe0e8a957bc4d,900680ceb7ed679fcc665d6495c291a16ba01e916c538f3013fbe0e8a957bc4d,b1s/temporal_program:fixed:0014,,fixed,frozen_nonadaptive,slope,raw_1min,temporal_program:temporal_program:slope,temporal_program:temporal_program:slope:raw_1min,['ret_1m'],9202,,,development,temporal_program,slope,4,9284831,"{'field': 'ret_1m', 'other': 'low', 'window': 8, 'state': 'evt_uplimit_active'}",root_sample,allow,no blocked field/primitive combination detected,True,True,,-0.17442000418273795,0.17704406645756282,57,0.03508771929824561,0.1005272410745396,0.013315158356970582,0.1483222938030756,0.970954356846473,199,0.25380628088703017,0.027490421818350617,0.16370713863795827,True,0.14110433181682527,0.788555470102459,4,309,"{'signal_quality': 0.1483222938030756, 'cost_adjusted_quality': 0.14768777810085804, 'turnover': 0.25380628088703017, 'worst_time_block_quality': 0.14110433181682527, 'stability': 0.788555470102459, 'concentration': 0.027490421818350617, 'benchmark_increment': 0.13563405663998304, 'complexity': 4.0, 'behaviour_novelty': 0.5}",True,[],0.5502110536050895,1,0.1483222938030756,0.14768777810085804,0.25380628088703017,0.14110433181682527,0.788555470102459,0.027490421818350617,0.13563405663998304,4.0,0.5,,,
b1s_temporal_program_0577,temporal_program,"CSRank(Mul(Duration($ctx_sent_lb_2_num),Sign(Delta($close,5))))","CSRank(Mul(Duration($ctx_sent_lb_2_num),Sign(Delta($close,5))))",b32ba9ff92fe290c760a8c5118a6bb0c9a61fcf8f6b8515df633d9777c737ac1,b32ba9ff92fe290c760a8c5118a6bb0c9a61fcf8f6b8515df633d9777c737ac1,b1s/temporal_program:fixed:0577,,fixed,frozen_nonadaptive,duration,mixed,temporal_program:temporal_program:duration,temporal_program:temporal_program:duration:mixed,"['close', 'ctx_sent_lb_2_num']",9202,,,development,temporal_program,duration,7,9285394,"{'field': 'close', 'other': 'amount_yuan', 'window': 5, 'state': 'ctx_sent_lb_2_num'}",root_sample,allow,no blocked field/primitive combination detected,True,True,,-0.17955420226000515,0.18654484672365257,57,0.03508771929824561,0.11380820587546465,0.015074265118157296,0.15000864262841684,0.979253112033195,247,0.19399215192699157,0.01988278457699744,0.169966387712623,True,0.12765307032983636,0.8153124899186518,4,445,"{'signal_quality': 0.15000864262841684, 'cost_adjusted_quality': 0.14952366224859936, 'turnover': 0.19399215192699157, 'worst_time_block_quality': 0.12765307032983636, 'stability': 0.8153124899186518, 'concentration': 0.01988278457699744, 'benchmark_increment': 0.14189330571464778, 'complexity': 7.0, 'behaviour_novelty': 0.5}",True,[],0.5486241440454208,1,0.15000864262841684,0.14952366224859936,0.19399215192699157,0.12765307032983636,0.8153124899186518,0.01988278457699744,0.14189330571464778,7.0,0.5,,,
b1s_temporal_program_0700,temporal_program,"CSRank(PathShape($close,8))","CSRank(PathShape($close,8))",e9c979879c62a4aaaa18423853adb8e757c8e59c5b5283358610b4f38d53ba06,e9c979879c62a4aaaa18423853adb8e757c8e59c5b5283358610b4f38d53ba06,b1s/temporal_program:fixed:0700,,fixed,frozen_nonadaptive,pathshape,raw_1min,temporal_program:temporal_program:pathshape,temporal_program:temporal_program:pathshape:raw_1min,['close'],9202,,,development,temporal_program,pathshape,4,9285517,"{'field': 'close', 'other': 'amount_yuan', 'window': 8, 'state': 'ctx_sent_lb_2_num'}",root_sample,allow,no blocked field/primitive combination detected,True,True,,-0.15973856987391188,0.17295360185412068,57,0.08771929824561403,0.11741177874394233,0.015551570004691335,0.12925749266471687,0.970954356846473,287,0.18439412445452988,0.024571421621983332,0.1499274370890408,True,0.12710101467113832,0.8100890701134045,4,459,"{'signal_quality': 0.12925749266471687, 'cost_adjusted_quality': 0.12879650735358053, 'turnover': 0.18439412445452988, 'worst_time_block_quality': 0.12710101467113832, 'stability': 0.8100890701134045, 'concentration': 0.024571421621983332, 'benchmark_increment': 0.12185435509106558, 'complexity': 4.0, 'behaviour_novelty': 1.0}",True,[],0.5396701231352506,1,0.12925749266471687,0.12879650735358053,0.18439412445452988,0.12710101467113832,0.8100890701134045,0.024571421621983332,0.12185435509106558,4.0,1.0,,,
b1s_orthogonal_exile_0121,orthogonal_exile,"CSRank(SafeCSResidual(Delta($close,5),$ctx_rzrq_rzye,20,5,0.6))","CSRank(SafeCSResidual(Delta($close,5),$ctx_rzrq_rzye,20,5,0.6))",aac3a7b49e4d6b0d7bc2899f1d1dc82d7017da6be367bf7dfbc323f306acb545,aac3a7b49e4d6b0d7bc2899f1d1dc82d7017da6be367bf7dfbc323f306acb545,b1s/orthogonal_exile:fixed:0121,,fixed,frozen_nonadaptive,change_residual,mixed,orthogonal_exile:orthogonal_exile:change_residual,orthogonal_exile:orthogonal_exile:change_residual:mixed,"['close', 'ctx_rzrq_rzye']",9205,,,development,orthogonal_exile,change_residual,5,9287965,"{'raw': 'close', 'other': 'sell_volume', 'context': 'ctx_rzrq_rzye', 'window': 5}",root_sample,allow,no blocked field/primitive combination detected,True,True,,-0.16750503784793272,0.17326124584121094,57,0.07017543859649122,0.11520251146847288,0.015258945405514913,0.1375975048531235,0.7140387275242047,105,0.19494495301329076,0.03755615381348247,0.11561712107583699,True,0.11985887883308939,0.8307076019597484,4,248,"{'signal_quality': 0.1375975048531235, 'cost_adjusted_quality': 0.13711014247059028, 'turnover': 0.19494495301329076, 'worst_time_block_quality': 0.11985887883308939, 'stability': 0.8307076019597484, 'concentration': 0.03755615381348247, 'benchmark_increment': 0.08754403907786178, 'complexity': 5.0, 'behaviour_novelty': 1.0}",True,[],0.5339552707135158,1,0.1375975048531235,0.13711014247059028,0.19494495301329076,0.11985887883308939,0.8307076019597484,0.03755615381348247,0.08754403907786178,5.0,1.0,,,
b1s_temporal_program_0013,temporal_program,"CSRank(Delta($ret_1m,8))","CSRank(Delta($ret_1m,8))",46b2ad0703c88fb63a49056e7371facf83080fa81d9ee8148512ecc15453ac35,46b2ad0703c88fb63a49056e7371facf83080fa81d9ee8148512ecc15453ac35,b1s/temporal_program:fixed:0013,,fixed,frozen_nonadaptive,delta,raw_1min,temporal_program:temporal_program:delta,temporal_program:temporal_program:delta:raw_1min,['ret_1m'],9202,,,development,temporal_program,delta,4,9284830,"{'field': 'ret_1m', 'other': 'low', 'window': 8, 'state': 'evt_uplimit_active'}",root_sample,allow,no blocked field/primitive combination detected,True,True,,-0.15780848616580298,0.16127773650752944,57,0.05263157894736842,0.0867663073189073,0.011492478154694225,0.1352832289826023,0.966804979253112,260,0.3727246800627581,0.027490421822950587,0.1474829250719727,True,0.11427248646662128,0.8332970382746561,4,355,"{'signal_quality': 0.1352832289826023, 'cost_adjusted_quality': 0.13435141728244543, 'turnover': 0.3727246800627581, 'worst_time_block_quality': 0.11427248646662128, 'stability': 0.8332970382746561, 'concentration': 0.027490421822950587, 'benchmark_increment': 0.11940984307399748, 'complexity': 4.0, 'behaviour_novelty': 1.0}",True,[],0.5313107882559374,1,0.1352832289826023,0.13435141728244543,0.3727246800627581,0.11427248646662128,0.8332970382746561,0.027490421822950587,0.11940984307399748,4.0,1.0,,,
b1s_temporal_program_0133,temporal_program,"CSRank(Delta($ret_1m,15))","CSRank(Delta($ret_1m,15))",2417da76fabedccb5fa0ccc908cf0510b8a2bb1c695cd3d5eb3de11014943487,2417da76fabedccb5fa0ccc908cf0510b8a2bb1c695cd3d5eb3de11014943487,b1s/temporal_program:fixed:0133,,fixed,frozen_nonadaptive,delta,raw_1min,temporal_program:temporal_program:delta,temporal_program:temporal_program:delta:raw_1min,['ret_1m'],9202,,,development,temporal_program,delta,4,9284950,"{'field': 'ret_1m', 'other': 'low', 'window': 15, 'state': 'evt_uplimit_active'}",root_sample,allow,no blocked field/primitive combination detected,True,True,,-0.1591387774818044,0.16154117843940838,55,0.03636363636363636,0.08237169273310656,0.011106996782304975,0.13736906378848665,0.9377593360995851,258,0.3744774518407778,0.02749042179918195,0.14170456501056553,True,0.1092676092657546,0.7871469356224519,4,375,"{'signal_quality': 0.13736906378848665, 'cost_adjusted_quality': 0.1364328701588847, 'turnover': 0.3744774518407778, 'worst_time_block_quality': 0.1092676092657546, 'stability': 0.7871469356224519, 'concentration': 0.02749042179918195, 'benchmark_increment': 0.11363148301259031, 'complexity': 4.0, 'behaviour_novelty': 1.0}",True,[],0.5238448759362534,1,0.13736906378848665,0.1364328701588847,0.3744774518407778,0.1092676092657546,0.7871469356224519,0.02749042179918195,0.11363148301259031,4.0,1.0,,,
b1s_temporal_program_0697,temporal_program,"CSRank(Mul(Duration($ctx_sent_lb_2_num),Sign(Delta($close,8))))","CSRank(Mul(Duration($ctx_sent_lb_2_num),Sign(Delta($close,8))))",29996b154a1c151705d15a664a8a289bbc91c0385e564a6d6ab3118d8c068c75,29996b154a1c151705d15a664a8a289bbc91c0385e564a6d6ab3118d8c068c75,b1s/temporal_program:fixed:0697,,fixed,frozen_nonadaptive,duration,mixed,temporal_program:temporal_program:duration,temporal_program:temporal_program:duration:mixed,"['close', 'ctx_sent_lb_2_num']",9202,,,development,temporal_program,duration,7,9285514,"{'field': 'close', 'other': 'amount_yuan', 'window': 8, 'state': 'ctx_sent_lb_2_num'}",root_sample,allow,no blocked field/primitive combination detected,True,True,,-0.16858918192672837,0.1826591342327937,57,0.07017543859649122,0.11957922239471487,0.015838654929447676,0.13754541826501093,0.966804979253112,246,0.16655795189611777,0.020408876393266582,0.15755822953602908,True,0.09631617234849052,0.7475836283873553,4,124,"{'signal_quality': 0.13754541826501093, 'cost_adjusted_quality': 0.13712902338527064, 'turnover': 0.16655795189611777, 'worst_time_block_quality': 0.09631617234849052, 'stability': 0.7475836283873553, 'concentration': 0.020408876393266582, 'benchmark_increment': 0.12948514753805385, 'complexity': 7.0, 'behaviour_novelty': 0.3333333333333333}",True,[],0.49021258166920534,1,0.13754541826501093,0.13712902338527064,0.16655795189611777,0.09631617234849052,0.7475836283873553,0.020408876393266582,0.12948514753805385,7.0,0.3333333333333333,,,
b1s_temporal_program_0574,temporal_program,"CSRank(Slope($close,5))","CSRank(Slope($close,5))",9c396a84efbb0b16c9bb3b8ef561f7d155be9855bd3b42f8db43e43ec1dfd20d,9c396a84efbb0b16c9bb3b8ef561f7d155be9855bd3b42f8db43e43ec1dfd20d,b1s/temporal_program:fixed:0574,,fixed,frozen_nonadaptive,slope,raw_1min,temporal_program:temporal_program:slope,temporal_program:temporal_program:slope:raw_1min,['close'],9202,,,development,temporal_program,slope,4,9285391,"{'field': 'close', 'other': 'amount_yuan', 'window': 5, 'state': 'ctx_sent_lb_2_num'}",root_sample,allow,no blocked field/primitive combination detected,True,True,,-0.1545152776108536,0.16874156846414667,58,0.10344827586206896,0.12678098147745703,0.01664715843225944,0.1218868470836251,0.983402489626556,287,0.16981357256096474,0.027432627223964258,0.1481671097163187,True,0.09011909323323362,0.6831785045777519,4,443,"{'signal_quality': 0.1218868470836251, 'cost_adjusted_quality': 0.12146231315222268, 'turnover': 0.16981357256096474, 'worst_time_block_quality': 0.09011909323323362, 'stability': 0.6831785045777519, 'concentration': 0.027432627223964258, 'benchmark_increment': 0.12009402771834347, 'complexity': 4.0, 'behaviour_novelty': 1.0}",True,[],0.48767366348054764,1,0.1218868470836251,0.12146231315222268,0.16981357256096474,0.09011909323323362,0.6831785045777519,0.027432627223964258,0.12009402771834347,4.0,1.0,,,
b1s_temporal_program_0097,temporal_program,"CSRank(Mul(Duration($ctx_sent_lb_2_num),Sign(Delta($close,15))))","CSRank(Mul(Duration($ctx_sent_lb_2_num),Sign(Delta($close,15))))",9e5b932934b19b709c1ef278a34df259e5010abb4b9a4dfe8f660adab6234b61,9e5b932934b19b709c1ef278a34df259e5010abb4b9a4dfe8f660adab6234b61,b1s/temporal_program:fixed:0097,,fixed,frozen_nonadaptive,duration,mixed,temporal_program:temporal_program:duration,temporal_program:temporal_program:duration:mixed,"['close', 'ctx_sent_lb_2_num']",9202,,,development,temporal_program,duration,7,9284914,"{'field': 'close', 'other': 'amount_yuan', 'window': 15, 'state': 'ctx_sent_lb_2_num'}",root_sample,allow,no blocked field/primitive combination detected,True,True,,-0.14440153699159994,0.15044005686012177,55,0.10909090909090909,0.10408673906285569,0.014035053032084934,0.11689283304871347,0.9377593360995851,247,0.13148983995211713,0.020695164908274107,0.12858184101980663,True,0.11612655958457896,0.8527305846409303,4,365,"{'signal_quality': 0.11689283304871347, 'cost_adjusted_quality': 0.11656410844883318, 'turnover': 0.13148983995211713, 'worst_time_block_quality': 0.11612655958457896, 'stability': 0.8527305846409303, 'concentration': 0.020695164908274107, 'benchmark_increment': 0.10050875902183141, 'complexity': 7.0, 'behaviour_novelty': 0.5}",True,[],0.4835919061652031,1,0.11689283304871347,0.11656410844883318,0.13148983995211713,0.11612655958457896,0.8527305846409303,0.020695164908274107,0.10050875902183141,7.0,0.5,,,
b1s_evolutionary_0294,evolutionary,"CSRank(Add(CSRank(Delta($close,5)),Mul(Sign($vwap),0.012)))","CSRank(Add(CSRank(Delta($close,5)),Mul(Sign($vwap),0.012)))",942425e4fac400dc56ce30de5faa4ee236dcbf2f97a0a8d5ff9e48400a4f9bfe,942425e4fac400dc56ce30de5faa4ee236dcbf2f97a0a8d5ff9e48400a4f9bfe,b1s/evolutionary:adaptive:0294,b1s_evolutionary_0102,adaptive,ephemeral_evolutionary_typed_mutation,rank_change,raw_1min,evolutionary:static_cross_sectional:rank_change,evolutionary:static_cross_sectional:rank_change:raw_1min,"['close', 'vwap']",9211,,,development,static_cross_sectional,rank_change,7,18589549,"{'a': 'close', 'b': 'trade_count', 'window': 5, 'coefficient': 0.2}",primitive_swap,allow,no blocked field/primitive combination detected,True,True,,-0.15256343376023548,0.16319286305402417,57,0.12280701754385964,0.12089118281832502,0.016012428332673717,0.121179074228195,0.9654218533886584,1348,0.19104859209144126,0.02258290698232129,0.1423770828633693,True,0.10048464530465948,0.7864026015945422,4,15,"{'signal_quality': 0.121179074228195, 'cost_adjusted_quality': 0.1207014527479664, 'turnover': 0.19104859209144126, 'worst_time_block_quality': 0.10048464530465948, 'stability': 0.7864026015945422, 'concentration': 0.02258290698232129, 'benchmark_increment': 0.11430400086539409, 'complexity': 7.0, 'behaviour_novelty': 0.3333333333333333}",True,[],0.4658291042566078,1,0.121179074228195,0.1207014527479664,0.19104859209144126,0.10048464530465948,0.7864026015945422,0.02258290698232129,0.11430400086539409,7.0,0.3333333333333333,b1s_evolutionary_0102,,
b1s_orthogonal_exile_0266,orthogonal_exile,"CSRank(CSResidual(PathShape($close,30),Delta($low,30)))","CSRank(CSResidual(PathShape($close,30),Delta($low,30)))",241e145d432900ea7fc728337b5c29e00a9f5fe4876426a69b5c57fff3859e9a,241e145d432900ea7fc728337b5c29e00a9f5fe4876426a69b5c57fff3859e9a,b1s/orthogonal_exile:fixed:0266,,fixed,frozen_nonadaptive,path_residual,raw_1min,orthogonal_exile:orthogonal_exile:path_residual,orthogonal_exile:orthogonal_exile:path_residual:raw_1min,"['close', 'low']",9205,,,development,orthogonal_exile,path_residual,6,9288110,"{'raw': 'close', 'other': 'low', 'context': 'ctx_rzrq_rzjme', 'window': 30}",root_sample,allow,no blocked field/primitive combination detected,True,True,,-0.14942005554089555,0.16185756259287967,51,0.0784313725490196,0.1071029928244456,0.0149974187791866,0.1200251147336898,0.8755186721991701,285,0.15648194059991974,0.027360589424998676,0.11961743261177049,True,0.10322895689740905,0.740120738702982,4,73,"{'signal_quality': 0.1200251147336898, 'cost_adjusted_quality': 0.11963390988219001, 'turnover': 0.15648194059991974, 'worst_time_block_quality': 0.10322895689740905, 'stability': 0.740120738702982, 'concentration': 0.027360589424998676, 'benchmark_increment': 0.09154435061379528, 'complexity': 6.0, 'behaviour_novelty': 0.5}",True,[],0.46363707112020297,1,0.1200251147336898,0.11963390988219001,0.15648194059991974,0.10322895689740905,0.740120738702982,0.027360589424998676,0.09154435061379528,6.0,0.5,,,
b1s_firstn_intraday_path_0036,firstn_intraday_path,"CSRank(Sub($m1_first15_range,Delta($close,5)))","CSRank(Sub($m1_first15_range,Delta($close,5)))",e848142fff5a9204120adac4e549e38ea25bc7cee11784230e523687b1c4e49e,e848142fff5a9204120adac4e549e38ea25bc7cee11784230e523687b1c4e49e,b1s/firstn_intraday_path:fixed:0036,,fixed,frozen_nonadaptive,firstn_mean_reversion,mixed,firstn_intraday_path:firstn_intraday_path:mean_reversion,firstn_intraday_path:firstn_intraday_path:mean_reversion:mixed,"['close', 'm1_first15_range']",9201,,,development,firstn_intraday_path,mean_reversion,5,9283844,"{'firstn': 'm1_first15_range', 'raw': 'close', 'window': 5}",root_sample,allow,no blocked field/primitive combination detected,True,True,,0.1151890362406042,0.12963527294457503,55,0.8545454545454545,0.10407789923730822,0.014033861070251273,0.08768266854291171,0.941908713692946,163,0.1579082253529686,0.02749042181869196,0.10302352052068826,True,0.10306357518407412,0.9260509998986101,4,147,"{'signal_quality': 0.08768266854291171, 'cost_adjusted_quality': 0.08728789797952928, 'turnover': 0.1579082253529686, 'worst_time_block_quality': 0.10306357518407412, 'stability': 0.9260509998986101, 'concentration': 0.02749042181869196, 'benchmark_increment': 0.07495043852271305, 'complexity': 5.0, 'behaviour_novelty': 0.5}",True,[],0.4198166087650775,1,0.08768266854291171,0.08728789797952928,0.1579082253529686,0.10306357518407412,0.9260509998986101,0.02749042181869196,0.07495043852271305,5.0,0.5,,,
b1s_temporal_program_0500,temporal_program,"CSRank(PathShape($ret_1m,3))","CSRank(PathShape($ret_1m,3))",e03790e812f9e8912b531f974dba1832fe6a7d41b259f094c172f406a9c431e0,e03790e812f9e8912b531f974dba1832fe6a7d41b259f094c172f406a9c431e0,b1s/temporal_program:fixed:0500,,fixed,frozen_nonadaptive,pathshape,raw_1min,temporal_program:temporal_program:pathshape,temporal_program:temporal_program:pathshape:raw_1min,['ret_1m'],9202,,,development,temporal_program,pathshape,4,9285317,"{'field': 'ret_1m', 'other': 'low', 'window': 3, 'state': 'evt_uplimit_active'}",root_sample,allow,no blocked field/primitive combination detected,True,True,,-0.12468972379279275,0.1315058312505945,58,0.06896551724137931,0.08257082854687638,0.010842080954762086,0.10343924512145906,0.991701244813278,242,0.34308902953081155,0.024813238406525266,0.1205759245156344,True,0.09036114122433765,0.8270952923018399,4,57,"{'signal_quality': 0.10343924512145906, 'cost_adjusted_quality': 0.10258152254763203, 'turnover': 0.34308902953081155, 'worst_time_block_quality': 0.09036114122433765, 'stability': 0.8270952923018399, 'concentration': 0.024813238406525266, 'benchmark_increment': 0.09250284251765918, 'complexity': 4.0, 'behaviour_novelty': 0.25}",True,[],0.41469131081285115,1,0.10343924512145906,0.10258152254763203,0.34308902953081155,0.09036114122433765,0.8270952923018399,0.024813238406525266,0.09250284251765918,4.0,0.25,,,
b1s_firstn_intraday_path_0041,firstn_intraday_path,"CSRank(Sub($m1_first30_last_return_vs_open,Delta($close,5)))","CSRank(Sub($m1_first30_last_return_vs_open,Delta($close,5)))",b93574025778706b527251937e2834212e719f21697fee2ce462a04f264b35a0,b93574025778706b527251937e2834212e719f21697fee2ce462a04f264b35a0,b1s/firstn_intraday_path:fixed:0041,,fixed,frozen_nonadaptive,firstn_mean_reversion,mixed,firstn_intraday_path:firstn_intraday_path:mean_reversion,firstn_intraday_path:firstn_intraday_path:mean_reversion:mixed,"['close', 'm1_first30_last_return_vs_open']",9201,,,development,firstn_intraday_path,mean_reversion,5,9283849,"{'firstn': 'm1_first30_last_return_vs_open', 'raw': 'close', 'window': 5}",root_sample,allow,no blocked field/primitive combination detected,True,True,,0.12590915099608552,0.1423615673053185,51,0.8627450980392157,0.11312524879903221,0.01584070328939983,0.09486137254886184,0.8796680497925311,206,0.14758132926064943,0.027490421819015776,0.10127360843194556,True,0.06720947928994098,0.7231392343030324,4,153,"{'signal_quality': 0.09486137254886184, 'cost_adjusted_quality': 0.09449241922571022, 'turnover': 0.14758132926064943, 'worst_time_block_quality': 0.06720947928994098, 'stability': 0.7231392343030324, 'concentration': 0.027490421819015776, 'benchmark_increment': 0.07320052643397035, 'complexity': 5.0, 'behaviour_novelty': 1.0}",True,[],0.4074777552270811,1,0.09486137254886184,0.09449241922571022,0.14758132926064943,0.06720947928994098,0.7231392343030324,0.027490421819015776,0.07320052643397035,5.0,1.0,,,
b1s_temporal_program_0215,temporal_program,"CSRank(Acceleration($close,30))","CSRank(Acceleration($close,30))",d3157e7e7f30fd715c4c9be234058e98eea22a1128509bbf2185b206539e9fd9,d3157e7e7f30fd715c4c9be234058e98eea22a1128509bbf2185b206539e9fd9,b1s/temporal_program:fixed:0215,,fixed,frozen_nonadaptive,acceleration,raw_1min,temporal_program:temporal_program:acceleration,temporal_program:temporal_program:acceleration:raw_1min,['close'],9202,,,development,temporal_program,acceleration,4,9285032,"{'field': 'close', 'other': 'amount_yuan', 'window': 30, 'state': 'ctx_sent_lb_2_num'}",root_sample,allow,no blocked field/primitive combination detected,True,True,,-0.11114026607163022,0.12426480346230948,51,0.13725490196078433,0.10615216204105538,0.014864275838260393,0.08200628542863984,0.8755186721991701,248,0.1480514678899901,0.02749042181762154,0.08897275027206024,True,0.06032581972807072,0.7157450205120355,4,384,"{'signal_quality': 0.08200628542863984, 'cost_adjusted_quality': 0.08163615675891486, 'turnover': 0.1480514678899901, 'worst_time_block_quality': 0.06032581972807072, 'stability': 0.7157450205120355, 'concentration': 0.02749042181762154, 'benchmark_increment': 0.06089966827408502, 'complexity': 4.0, 'behaviour_novelty': 1.0}",True,[],0.3720389923070625,1,0.08200628542863984,0.08163615675891486,0.1480514678899901,0.06032581972807072,0.7157450205120355,0.02749042181762154,0.06089966827408502,4.0,1.0,,,
b1s_temporal_program_0694,temporal_program,"CSRank(Slope($close,8))","CSRank(Slope($close,8))",6a1553ea81a66a3b6af625e594d0a3f0fc3095d895e19a63393c1498c3582596,6a1553ea81a66a3b6af625e594d0a3f0fc3095d895e19a63393c1498c3582596,b1s/temporal_program:fixed:0694,,fixed,frozen_nonadaptive,slope,raw_1min,temporal_program:temporal_program:slope,temporal_program:temporal_program:slope:raw_1min,['close'],9202,,,development,temporal_program,slope,4,9285511,"{'field': 'close', 'other': 'amount_yuan', 'window': 8, 'state': 'ctx_sent_lb_2_num'}",root_sample,allow,no blocked field/primitive combination detected,True,True,,-0.09750652060344132,0.1278053695518605,57,0.21052631578947367,0.11760897884249201,0.015577689795825881,0.0669742486036226,0.970954356846473,282,0.10990423658624217,0.027490421815050143,0.09151767632002089,True,0.07210688707688871,0.8034021915810244,4,457,"{'signal_quality': 0.0669742486036226, 'cost_adjusted_quality': 0.06669948801215698, 'turnover': 0.10990423658624217, 'worst_time_block_quality': 0.07210688707688871, 'stability': 0.8034021915810244, 'concentration': 0.027490421815050143, 'benchmark_increment': 0.06344459432204567, 'complexity': 4.0, 'behaviour_novelty': 1.0}",True,[],0.3649728874908086,1,0.0669742486036226,0.06669948801215698,0.10990423658624217,0.07210688707688871,0.8034021915810244,0.027490421815050143,0.06344459432204567,4.0,1.0,,,
b1s_orthogonal_exile_0169,orthogonal_exile,"CSRank(SafeCSResidual(Delta($close,30),$ctx_rzrq_rzjme,20,5,0.6))","CSRank(SafeCSResidual(Delta($close,30),$ctx_rzrq_rzjme,20,5,0.6))",be3e2d2f99d822a2bc90a8a0f0f6cc5c2689cad59f4c68bfff74ee71e11b3884,be3e2d2f99d822a2bc90a8a0f0f6cc5c2689cad59f4c68bfff74ee71e11b3884,b1s/orthogonal_exile:fixed:0169,,fixed,frozen_nonadaptive,change_residual,mixed,orthogonal_exile:orthogonal_exile:change_residual,orthogonal_exile:orthogonal_exile:change_residual:mixed,"['close', 'ctx_rzrq_rzjme']",9205,,,development,orthogonal_exile,change_residual,5,9288013,"{'raw': 'close', 'other': 'open', 'context': 'ctx_rzrq_rzjme', 'window': 30}",root_sample,allow,no blocked field/primitive combination detected,True,True,,-0.10234015097587221,0.12507161014663673,51,0.1568627450980392,0.11878265757049428,0.0166328989723882,0.06973966898999134,0.6383990318118948,105,0.10158384734785814,0.03755615381348247,0.05973906810320378,True,0.0526041289380973,0.5536493037923741,4,254,"{'signal_quality': 0.06973966898999134, 'cost_adjusted_quality': 0.0694857093716217, 'turnover': 0.10158384734785814, 'worst_time_block_quality': 0.0526041289380973, 'stability': 0.5536493037923741, 'concentration': 0.03755615381348247, 'benchmark_increment': 0.031665986105228555, 'complexity': 5.0, 'behaviour_novelty': 1.0}",True,[],0.3119649517293706,1,0.06973966898999134,0.0694857093716217,0.10158384734785814,0.0526041289380973,0.5536493037923741,0.03755615381348247,0.031665986105228555,5.0,1.0,,,
b1s_firstn_intraday_path_0080,firstn_intraday_path,"CSRank(Add($m1_first15_range,PathShape($vwap,5)))","CSRank(Add($m1_first15_range,PathShape($vwap,5)))",45f151048bb1ef0dc2cffc9c5018c7b6ee65a5cc16ba455f1bf3c2f48e7ac605,45f151048bb1ef0dc2cffc9c5018c7b6ee65a5cc16ba455f1bf3c2f48e7ac605,b1s/firstn_intraday_path:fixed:0080,,fixed,frozen_nonadaptive,firstn_path_shape,mixed,firstn_intraday_path:firstn_intraday_path:path_shape,firstn_intraday_path:firstn_intraday_path:path_shape:mixed,"['m1_first15_range', 'vwap']",9201,,,development,firstn_intraday_path,path_shape,5,9283888,"{'firstn': 'm1_first15_range', 'raw': 'vwap', 'window': 5}",root_sample,allow,no blocked field/primitive combination detected,True,True,,-0.08514039172373332,0.1137192044254618,55,0.23636363636363636,0.1043991729435124,0.014077181607958457,0.05754911577213474,0.8981385431074228,2402,0.1931535005400739,0.019900803234050208,0.07260982758871627,True,0.07626532557006518,0.9358929322485368,4,157,"{'signal_quality': 0.05754911577213474, 'cost_adjusted_quality': 0.057066232020784556, 'turnover': 0.1931535005400739, 'worst_time_block_quality': 0.07626532557006518, 'stability': 0.9358929322485368, 'concentration': 0.019900803234050208, 'benchmark_increment': 0.044536745590741056, 'complexity': 5.0, 'behaviour_novelty': 0.125}",True,[],0.30495619966993837,1,0.05754911577213474,0.057066232020784556,0.1931535005400739,0.07626532557006518,0.9358929322485368,0.019900803234050208,0.044536745590741056,5.0,0.125,,,
b1s_orthogonal_exile_0221,orthogonal_exile,"CSRank(SafeCSResidual(Delta($vwap,5),$ctx_rzrq_rzjme,20,5,0.6))","CSRank(SafeCSResidual(Delta($vwap,5),$ctx_rzrq_rzjme,20,5,0.6))",5a1eec1e9243fc47bb30d335a20291bbe8e109c35af51ecc12c9773965e30b90,5a1eec1e9243fc47bb30d335a20291bbe8e109c35af51ecc12c9773965e30b90,b1s/orthogonal_exile:fixed:0221,,fixed,frozen_nonadaptive,change_residual,mixed,orthogonal_exile:orthogonal_exile:change_residual,orthogonal_exile:orthogonal_exile:change_residual:mixed,"['ctx_rzrq_rzjme', 'vwap']",9205,,,development,orthogonal_exile,change_residual,5,9288065,"{'raw': 'vwap', 'other': 'high', 'context': 'ctx_rzrq_rzjme', 'window': 5}",root_sample,allow,no blocked field/primitive combination detected,True,True,,-0.07546782887023758,0.11111745067397522,57,0.2807017543859649,0.12478119869864249,0.01652767352297145,0.043073588765213534,0.7001498386353158,786,0.15833810578759847,0.027313595991212893,0.05107699744140622,True,0.06296345056962556,0.8867818178132607,4,266,"{'signal_quality': 0.043073588765213534, 'cost_adjusted_quality': 0.04267774350074454, 'turnover': 0.15833810578759847, 'worst_time_block_quality': 0.06296345056962556, 'stability': 0.8867818178132607, 'concentration': 0.027313595991212893, 'benchmark_increment': 0.023003915443431004, 'complexity': 5.0, 'behaviour_novelty': 1.0}",True,[],0.2925167977805124,1,0.043073588765213534,0.04267774350074454,0.15833810578759847,0.06296345056962556,0.8867818178132607,0.027313595991212893,0.023003915443431004,5.0,1.0,,,
b1s_temporal_program_0094,temporal_program,"CSRank(Slope($close,15))","CSRank(Slope($close,15))",e2a50484cf5939a593d0e0a1d829bf451bc691ae844b2ad275be350848e39695,e2a50484cf5939a593d0e0a1d829bf451bc691ae844b2ad275be350848e39695,b1s/temporal_program:fixed:0094,,fixed,frozen_nonadaptive,slope,raw_1min,temporal_program:temporal_program:slope,temporal_program:temporal_program:slope:raw_1min,['close'],9202,,,development,temporal_program,slope,4,9284911,"{'field': 'close', 'other': 'amount_yuan', 'window': 15, 'state': 'ctx_sent_lb_2_num'}",root_sample,allow,no blocked field/primitive combination detected,True,True,,-0.07747257967754873,0.10054806826550262,55,0.2545454545454545,0.1032158143656651,0.013917617569872587,0.050194049240598455,0.941908713692946,269,0.05826172093187038,0.027490421821243262,0.06929043043236363,True,0.0634256503446606,0.817752821964999,4,358,"{'signal_quality': 0.050194049240598455, 'cost_adjusted_quality': 0.05004839493826878, 'turnover': 0.05826172093187038, 'worst_time_block_quality': 0.0634256503446606, 'stability': 0.817752821964999, 'concentration': 0.027490421821243262, 'benchmark_increment': 0.041217348434388415, 'complexity': 4.0, 'behaviour_novelty': 0.5}",True,[],0.2912619257440142,1,0.050194049240598455,0.05004839493826878,0.05826172093187038,0.0634256503446606,0.817752821964999,0.027490421821243262,0.041217348434388415,4.0,0.5,,,
b1s_temporal_program_0211,temporal_program,"CSRank(Sub(RecoveryPath($low,30),DrawdownPath($high,30)))","CSRank(Sub(RecoveryPath($low,30),DrawdownPath($high,30)))",190d67e2cb973bd4de965bcbdfb358f08e57206f1a959f53b7f95000c932a434,190d67e2cb973bd4de965bcbdfb358f08e57206f1a959f53b7f95000c932a434,b1s/temporal_program:fixed:0211,,fixed,frozen_nonadaptive,drawdownrecovery,raw_1min,temporal_program:temporal_program:drawdownrecovery,temporal_program:temporal_program:drawdownrecovery:raw_1min,"['high', 'low']",9202,,,development,temporal_program,drawdownrecovery,6,9285028,"{'field': 'low', 'other': 'high', 'window': 30, 'state': 'ctx_zls_strong'}",root_sample,allow,no blocked field/primitive combination detected,True,True,,-0.06872542665374194,0.10149336385212608,51,0.2549019607843137,0.10121277228487137,0.014172622927976749,0.040947085714907516,0.8796680497925311,272,0.10755409463685768,0.026325182864815916,0.05527852338918434,True,0.060040967480946006,0.900303027029006,4,383,"{'signal_quality': 0.040947085714907516, 'cost_adjusted_quality': 0.04067820047831537, 'turnover': 0.10755409463685768, 'worst_time_block_quality': 0.060040967480946006, 'stability': 0.900303027029006, 'concentration': 0.026325182864815916, 'benchmark_increment': 0.02720544139120912, 'complexity': 6.0, 'behaviour_novelty': 1.0}",True,[],0.2903536919569406,1,0.040947085714907516,0.04067820047831537,0.10755409463685768,0.060040967480946006,0.900303027029006,0.026325182864815916,0.02720544139120912,6.0,1.0,,,
b1s_temporal_program_0080,temporal_program,"CSRank(PathShape($high,15))","CSRank(PathShape($high,15))",5ae9379108d5d140e361128c3ebf593a0b275c226cdd286f311e82a0eee709cd,5ae9379108d5d140e361128c3ebf593a0b275c226cdd286f311e82a0eee709cd,b1s/temporal_program:fixed:0080,,fixed,frozen_nonadaptive,pathshape,raw_1min,temporal_program:temporal_program:pathshape,temporal_program:temporal_program:pathshape:raw_1min,['high'],9202,,,development,temporal_program,pathshape,4,9284897,"{'field': 'high', 'other': 'price_spread', 'window': 15, 'state': 'evt_uplimit_active'}",root_sample,allow,no blocked field/primitive combination detected,True,True,,-0.06929342213448467,0.09509608674768452,55,0.2545454545454545,0.09332900003697431,0.012584479797751999,0.04462784173089075,0.941908713692946,287,0.1061417709076586,0.02440039165481289,0.06197510223376925,True,0.061581241935563316,0.9097299233577422,4,125,"{'signal_quality': 0.04462784173089075, 'cost_adjusted_quality': 0.044362487303621606, 'turnover': 0.1061417709076586, 'worst_time_block_quality': 0.061581241935563316, 'stability': 0.9097299233577422, 'concentration': 0.02440039165481289, 'benchmark_increment': 0.03390202023579403, 'complexity': 4.0, 'behaviour_novelty': 0.5}",True,[],0.2810197582622902,1,0.04462784173089075,0.044362487303621606,0.1061417709076586,0.061581241935563316,0.9097299233577422,0.02440039165481289,0.03390202023579403,4.0,0.5,,,
b1s_typed_ast_0120,typed_ast,"CSRank(Add(CSRank(Add($m1_first30_range,PathShape($high,30))),CSRank(Add(MaskedZScore($ctx_hfq_turnover_ratio,60,0.6),Mul(Sign($vwap),0.1)))))","CSRank(Add(CSRank(Add($m1_first30_range,PathShape($high,30))),CSRank(Add(MaskedZScore($ctx_hfq_turnover_ratio,60,0.6),Mul(Sign($vwap),0.1)))))",de3c01175a6d784b80815373bc380f5ee1381c0cbcd9020dcd18d71723e96f5f,de3c01175a6d784b80815373bc380f5ee1381c0cbcd9020dcd18d71723e96f5f,b1s/typed_ast:fixed:0120,,fixed,frozen_nonadaptive,typed_ast_path_shape_interaction,mixed,typed_ast:firstn_intraday_path__static_cross_sectional:path_shape__interaction,typed_ast:firstn_intraday_path__static_cross_sectional:path_shape__interaction:mixed,"['ctx_hfq_turnover_ratio', 'high', 'm1_first30_range', 'vwap']",9207,,,development,firstn_intraday_path__static_cross_sectional,path_shape__interaction,14,119,"{'left_expression': 'CSRank(Add($m1_first30_range,PathShape($high,30)))', 'right_expression': 'CSRank(Add(MaskedZScore($ctx_hfq_turnover_ratio,60,0.6),Mul(Sign($vwap),0.1)))', 'operator': 'Add'}",root_sample,allow,no blocked field/primitive combination detected,True,True,,-0.08494943655342281,0.11679293743043798,51,0.29411764705882354,0.11990276465412654,0.016789745336507098,0.0520415356938689,0.865952051636699,1368,0.06539213334861736,0.022278603276687365,0.0672627344299605,True,0.04356414102016362,0.671161577383008,4,492,"{'signal_quality': 0.0520415356938689, 'cost_adjusted_quality': 0.051878055360497353, 'turnover': 0.06539213334861736, 'worst_time_block_quality': 0.04356414102016362, 'stability': 0.671161577383008, 'concentration': 0.022278603276687365, 'benchmark_increment': 0.039189652431985286, 'complexity': 14.0, 'behaviour_novelty': 1.0}",True,[],0.2758197207705155,1,0.0520415356938689,0.051878055360497353,0.06539213334861736,0.04356414102016362,0.671161577383008,0.022278603276687365,0.039189652431985286,14.0,1.0,,,
b1s_temporal_program_0583,temporal_program,"CSRank(Delta($vwap,5))","CSRank(Delta($vwap,5))",e7dd18e0f5827ddb1ce2957be8f56f4fc40a2e01fcbece3cba661c22f34cabb0,e7dd18e0f5827ddb1ce2957be8f56f4fc40a2e01fcbece3cba661c22f34cabb0,b1s/temporal_program:fixed:0583,,fixed,frozen_nonadaptive,delta,raw_1min,temporal_program:temporal_program:delta,temporal_program:temporal_program:delta:raw_1min,['vwap'],9202,,,development,temporal_program,delta,4,9285400,"{'field': 'vwap', 'other': 'sell_volume', 'window': 5, 'state': 'ctx_sent_zb_num'}",root_sample,allow,no blocked field/primitive combination detected,True,True,,-0.06560902184755421,0.10091060326688202,57,0.2807017543859649,0.10893025266389465,0.014428164431659915,0.03732981956150078,0.9578434762563394,1680,0.16090709054562985,0.020684666147632456,0.06074780902720819,True,0.055129428614031514,0.8498960358787075,4,447,"{'signal_quality': 0.03732981956150078, 'cost_adjusted_quality': 0.0369275518351367, 'turnover': 0.16090709054562985, 'worst_time_block_quality': 0.055129428614031514, 'stability': 0.8498960358787075, 'concentration': 0.020684666147632456, 'benchmark_increment': 0.032674727029232964, 'complexity': 4.0, 'behaviour_novelty': 1.0}",True,[],0.2750301744695217,1,0.03732981956150078,0.0369275518351367,0.16090709054562985,0.055129428614031514,0.8498960358787075,0.020684666147632456,0.032674727029232964,4.0,1.0,,,
b1s_orthogonal_exile_0210,orthogonal_exile,"CSRank(CSResidual(PathShape($high,5),Delta($high,5)))","CSRank(CSResidual(PathShape($high,5),Delta($high,5)))",ef8a4324a15f7bae61d1d755e6faa145d16c716e4b94d1c8925e320ac120ee8b,ef8a4324a15f7bae61d1d755e6faa145d16c716e4b94d1c8925e320ac120ee8b,b1s/orthogonal_exile:fixed:0210,,fixed,frozen_nonadaptive,path_residual,raw_1min,orthogonal_exile:orthogonal_exile:path_residual,orthogonal_exile:orthogonal_exile:path_residual:raw_1min,['high'],9205,,,development,orthogonal_exile,path_residual,6,9288054,"{'raw': 'high', 'other': 'high', 'context': 'ctx_rzrq_rzjme', 'window': 5}",root_sample,allow,no blocked field/primitive combination detected,True,True,,-0.06710678849971187,0.10897604335708487,57,0.21052631578947367,0.10974196368395508,0.014535678182725546,0.0386168592615698,0.979253112033195,287,0.22239234460917925,0.02349868506481189,0.0635234279606255,True,0.054057883940195194,0.8141704810088147,4,261,"{'signal_quality': 0.0386168592615698, 'cost_adjusted_quality': 0.03806087840004685, 'turnover': 0.22239234460917925, 'worst_time_block_quality': 0.054057883940195194, 'stability': 0.8141704810088147, 'concentration': 0.02349868506481189, 'benchmark_increment': 0.03545034596265029, 'complexity': 6.0, 'behaviour_novelty': 1.0}",True,[],0.2693351339021912,1,0.0386168592615698,0.03806087840004685,0.22239234460917925,0.054057883940195194,0.8141704810088147,0.02349868506481189,0.03545034596265029,6.0,1.0,,,
b1s_temporal_program_0560,temporal_program,"CSRank(PathShape($high,5))","CSRank(PathShape($high,5))",a2646e8ed43e4fa4b64dd911e7ac3b2a3e95dc3d9602a5494d916f72a23783c9,a2646e8ed43e4fa4b64dd911e7ac3b2a3e95dc3d9602a5494d916f72a23783c9,b1s/temporal_program:fixed:0560,,fixed,frozen_nonadaptive,pathshape,raw_1min,temporal_program:temporal_program:pathshape,temporal_program:temporal_program:pathshape:raw_1min,['high'],9202,,,development,temporal_program,pathshape,4,9285377,"{'field': 'high', 'other': 'price_spread', 'window': 5, 'state': 'evt_uplimit_active'}",root_sample,allow,no blocked field/primitive combination detected,True,True,,-0.07627871828142939,0.10558818984855803,58,0.22413793103448276,0.10649236000017921,0.013983131918436935,0.048871779721293,0.983402489626556,284,0.16983237172952256,0.019650160753147388,0.07314485269921832,True,0.050889321335864116,0.7703407613945406,4,121,"{'signal_quality': 0.048871779721293, 'cost_adjusted_quality': 0.048447198791969195, 'turnover': 0.16983237172952256, 'worst_time_block_quality': 0.050889321335864116, 'stability': 0.7703407613945406, 'concentration': 0.019650160753147388, 'benchmark_increment': 0.0450717707012431, 'complexity': 4.0, 'behaviour_novelty': 0.5}",True,[],0.26845731048729826,1,0.048871779721293,0.048447198791969195,0.16983237172952256,0.050889321335864116,0.7703407613945406,0.019650160753147388,0.0450717707012431,4.0,0.5,,,
b1s_temporal_program_0440,temporal_program,"CSRank(PathShape($high,3))","CSRank(PathShape($high,3))",9df31e6c848eba1ee80ba6b597cb400d49006d419101ada9952445038237a0d8,9df31e6c848eba1ee80ba6b597cb400d49006d419101ada9952445038237a0d8,b1s/temporal_program:fixed:0440,,fixed,frozen_nonadaptive,pathshape,raw_1min,temporal_program:temporal_program:pathshape,temporal_program:temporal_program:pathshape:raw_1min,['high'],9202,,,development,temporal_program,pathshape,4,9285257,"{'field': 'high', 'other': 'price_spread', 'window': 3, 'state': 'evt_uplimit_active'}",root_sample,allow,no blocked field/primitive combination detected,True,True,,-0.08757443142562531,0.1030964523418692,58,0.15517241379310345,0.08620434986330476,0.01131918567754206,0.06538882749764287,0.991701244813278,269,0.21577178272599115,0.01943763134418226,0.08468515056319458,True,0.04229457258053636,0.6431669037908991,4,332,"{'signal_quality': 0.06538882749764287, 'cost_adjusted_quality': 0.06484939804082789, 'turnover': 0.21577178272599115, 'worst_time_block_quality': 0.04229457258053636, 'stability': 0.6431669037908991, 'concentration': 0.01943763134418226, 'benchmark_increment': 0.05661206856521936, 'complexity': 4.0, 'behaviour_novelty': 0.16666666666666666}",True,[],0.26825997233166654,1,0.06538882749764287,0.06484939804082789,0.21577178272599115,0.04229457258053636,0.6431669037908991,0.01943763134418226,0.05661206856521936,4.0,0.16666666666666666,,,
b1s_typed_ast_0114,typed_ast,"CSRank(Add(CSRank(Mul($m1_first30_range,Sign(Delta($high,30)))),CSRank($ctx_hfq_turnover_ratio)))","CSRank(Add(CSRank(Mul($m1_first30_range,Sign(Delta($high,30)))),CSRank($ctx_hfq_turnover_ratio)))",d6eb2e06518ba294d473ec1987122b072b523af39f85d2ab7914419ee77b7b5a,d6eb2e06518ba294d473ec1987122b072b523af39f85d2ab7914419ee77b7b5a,b1s/typed_ast:fixed:0114,,fixed,frozen_nonadaptive,typed_ast_signed_path_rank_level,mixed,typed_ast:firstn_intraday_path__static_cross_sectional:signed_path__rank_level,typed_ast:firstn_intraday_path__static_cross_sectional:signed_path__rank_level:mixed,"['ctx_hfq_turnover_ratio', 'high', 'm1_first30_range']",9207,,,development,firstn_intraday_path__static_cross_sectional,signed_path__rank_level,11,113,"{'left_expression': 'CSRank(Mul($m1_first30_range,Sign(Delta($high,30))))', 'right_expression': 'CSRank($ctx_hfq_turnover_ratio)', 'operator': 'Add'}",root_sample,allow,no blocked field/primitive combination detected,True,True,,-0.07155034025574877,0.10469044618216042,51,0.21568627450980393,0.10845572774055012,0.015186839555385648,0.041784134727192904,0.8755186721991701,287,0.057821685857498015,0.027295673208472898,0.05727924523190136,True,0.05241927943220436,0.7121176120135775,4,491,"{'signal_quality': 0.041784134727192904, 'cost_adjusted_quality': 0.04163958051254916, 'turnover': 0.057821685857498015, 'worst_time_block_quality': 0.05241927943220436, 'stability': 0.7121176120135775, 'concentration': 0.027295673208472898, 'benchmark_increment': 0.02920616323392614, 'complexity': 11.0, 'behaviour_novelty': 1.0}",True,[],0.26481912169875765,1,0.041784134727192904,0.04163958051254916,0.057821685857498015,0.05241927943220436,0.7121176120135775,0.027295673208472898,0.02920616323392614,11.0,1.0,,,
b1s_typed_ast_0016,typed_ast,"CSRank(Add(CSRank(Mul(Transition($evt_uplimit_active,1,0),Neg(Delta($low,15)))),CSRank(Delta($vwap,8))))","CSRank(Add(CSRank(Mul(Transition($evt_uplimit_active,1,0),Neg(Delta($low,15)))),CSRank(Delta($vwap,8))))",6da64103fc58c250b482bd6ee94646b59fea8b770d1d0508b692cefe9080b3d4,6da64103fc58c250b482bd6ee94646b59fea8b770d1d0508b692cefe9080b3d4,b1s/typed_ast:fixed:0016,,fixed,frozen_nonadaptive,typed_ast_break_board_delta,mixed,typed_ast:event_conditioned__temporal_program:break_board__delta,typed_ast:event_conditioned__temporal_program:break_board__delta:mixed,"['evt_uplimit_active', 'low', 'vwap']",9207,,,development,event_conditioned__temporal_program,break_board__delta,13,15,"{'left_expression': 'CSRank(Mul(Transition($evt_uplimit_active,1,0),Neg(Delta($low,15))))', 'right_expression': 'CSRank(Delta($vwap,8))', 'operator': 'Add'}",root_sample,allow,no blocked field/primitive combination detected,True,True,,-0.07194848795783784,0.09608305652741239,55,0.23636363636363636,0.10489167709243039,0.014143590853851072,0.04422704988428974,0.9166378515444905,1450,0.13321378075650478,0.02191987737897292,0.06262329079263669,True,0.06011645870998953,0.8670920740036336,4,461,"{'signal_quality': 0.04422704988428974, 'cost_adjusted_quality': 0.04389401543239848, 'turnover': 0.13321378075650478, 'worst_time_block_quality': 0.06011645870998953, 'stability': 0.8670920740036336, 'concentration': 0.02191987737897292, 'benchmark_increment': 0.034550208794661474, 'complexity': 13.0, 'behaviour_novelty': 0.5}",True,[],0.2645471725796332,1,0.04422704988428974,0.04389401543239848,0.13321378075650478,0.06011645870998953,0.8670920740036336,0.02191987737897292,0.034550208794661474,13.0,0.5,,,
b1s_orthogonal_exile_0257,orthogonal_exile,"CSRank(SafeCSResidual(Delta($high,15),$ctx_rzrq_rzjme,20,5,0.6))","CSRank(SafeCSResidual(Delta($high,15),$ctx_rzrq_rzjme,20,5,0.6))",d6788d5810d5c5cb93d50cb00f042adc08469b3e804bcb3f8769ae7731365103,d6788d5810d5c5cb93d50cb00f042adc08469b3e804bcb3f8769ae7731365103,b1s/orthogonal_exile:fixed:0257,,fixed,frozen_nonadaptive,change_residual,mixed,orthogonal_exile:orthogonal_exile:change_residual,orthogonal_exile:orthogonal_exile:change_residual:mixed,"['ctx_rzrq_rzjme', 'high']",9205,,,development,orthogonal_exile,change_residual,5,9288101,"{'raw': 'high', 'other': 'low', 'context': 'ctx_rzrq_rzjme', 'window': 15}",root_sample,allow,no blocked field/primitive combination detected,True,True,,-0.0631906916509631,0.10110725324929881,55,0.2545454545454545,0.10578081951955985,0.014263482794267257,0.03523426537419927,0.6837828492392808,105,0.10071655422173165,0.03755615381348247,0.041028698415301844,True,0.055428654384494305,0.8681470407414198,4,270,"{'signal_quality': 0.03523426537419927, 'cost_adjusted_quality': 0.034982473988644944, 'turnover': 0.10071655422173165, 'worst_time_block_quality': 0.055428654384494305, 'stability': 0.8681470407414198, 'concentration': 0.03755615381348247, 'benchmark_increment': 0.012955616417326624, 'complexity': 5.0, 'behaviour_novelty': 1.0}",True,[],0.2644566199340754,1,0.03523426537419927,0.034982473988644944,0.10071655422173165,0.055428654384494305,0.8681470407414198,0.03755615381348247,0.012955616417326624,5.0,1.0,,,
b1s_temporal_program_0437,temporal_program,"CSRank(Mul(Duration($evt_uplimit_active),Sign(Delta($high,3))))","CSRank(Mul(Duration($evt_uplimit_active),Sign(Delta($high,3))))",81ba1a30079d064f1766cc2838bf21a25666748cb0f2631426877275457f8126,81ba1a30079d064f1766cc2838bf21a25666748cb0f2631426877275457f8126,b1s/temporal_program:fixed:0437,,fixed,frozen_nonadaptive,duration,mixed,temporal_program:temporal_program:duration,temporal_program:temporal_program:duration:mixed,"['evt_uplimit_active', 'high']",9202,,,development,temporal_program,duration,7,9285254,"{'field': 'high', 'other': 'price_spread', 'window': 3, 'state': 'evt_uplimit_active'}",root_sample,allow,no blocked field/primitive combination detected,True,True,,-0.08343228762294568,0.10216536849756683,58,0.1724137931034483,0.09540629180228907,0.012527459848932368,0.05887846631903823,0.9875518672199171,250,0.1826310750938414,0.019841672162551807,0.08034209373932784,True,0.04153614945269272,0.6081601498976508,4,429,"{'signal_quality': 0.05887846631903823, 'cost_adjusted_quality': 0.058421888631303626, 'turnover': 0.1826310750938414, 'worst_time_block_quality': 0.04153614945269272, 'stability': 0.6081601498976508, 'concentration': 0.019841672162551807, 'benchmark_increment': 0.05226901174135262, 'complexity': 7.0, 'behaviour_novelty': 0.5}",True,[],0.2640566586170109,1,0.05887846631903823,0.058421888631303626,0.1826310750938414,0.04153614945269272,0.6081601498976508,0.019841672162551807,0.05226901174135262,7.0,0.5,,,
b1s_temporal_program_0077,temporal_program,"CSRank(Mul(Duration($evt_uplimit_active),Sign(Delta($high,15))))","CSRank(Mul(Duration($evt_uplimit_active),Sign(Delta($high,15))))",d9158730d66681d2abef0761e9fb3ba297b0706bc4bfc0340cefd514ea605578,d9158730d66681d2abef0761e9fb3ba297b0706bc4bfc0340cefd514ea605578,b1s/temporal_program:fixed:0077,,fixed,frozen_nonadaptive,duration,mixed,temporal_program:temporal_program:duration,temporal_program:temporal_program:duration:mixed,"['evt_uplimit_active', 'high']",9202,,,development,temporal_program,duration,7,9284894,"{'field': 'high', 'other': 'price_spread', 'window': 15, 'state': 'evt_uplimit_active'}",root_sample,allow,no blocked field/primitive combination detected,True,True,,-0.06346858841700541,0.09762041764052266,55,0.23636363636363636,0.09668749968168945,0.013037339797461958,0.037915402413979976,0.9377593360995851,248,0.09726380317805358,0.021324127822632422,0.05651538145374216,True,0.05933030259393766,0.9456328057995829,4,360,"{'signal_quality': 0.037915402413979976, 'cost_adjusted_quality': 0.03767224290603484, 'turnover': 0.09726380317805358, 'worst_time_block_quality': 0.05933030259393766, 'stability': 0.9456328057995829, 'concentration': 0.021324127822632422, 'benchmark_increment': 0.02844229945576694, 'complexity': 7.0, 'behaviour_novelty': 0.5}",True,[],0.26296161068591134,1,0.037915402413979976,0.03767224290603484,0.09726380317805358,0.05933030259393766,0.9456328057995829,0.021324127822632422,0.02844229945576694,7.0,0.5,,,
b1s_temporal_program_0557,temporal_program,"CSRank(Mul(Duration($evt_uplimit_active),Sign(Delta($high,5))))","CSRank(Mul(Duration($evt_uplimit_active),Sign(Delta($high,5))))",80f51a143e96f3ade6dae468e2b255147b3d14d867be92f42a04344bf1f035e4,80f51a143e96f3ade6dae468e2b255147b3d14d867be92f42a04344bf1f035e4,b1s/temporal_program:fixed:0557,,fixed,frozen_nonadaptive,duration,mixed,temporal_program:temporal_program:duration,temporal_program:temporal_program:duration:mixed,"['evt_uplimit_active', 'high']",9202,,,development,temporal_program,duration,7,9285374,"{'field': 'high', 'other': 'price_spread', 'window': 5, 'state': 'evt_uplimit_active'}",root_sample,allow,no blocked field/primitive combination detected,True,True,,-0.06491041426283596,0.09087283912064419,57,0.19298245614035087,0.09353946549872166,0.012389604871562614,0.04062678871457324,0.979253112033195,247,0.15327501171125413,0.019336482828345325,0.06144433546149094,True,0.056381949387494135,0.871713575371042,4,437,"{'signal_quality': 0.04062678871457324, 'cost_adjusted_quality': 0.0402436011852951, 'turnover': 0.15327501171125413, 'worst_time_block_quality': 0.056381949387494135, 'stability': 0.871713575371042, 'concentration': 0.019336482828345325, 'benchmark_increment': 0.033371253463515715, 'complexity': 7.0, 'behaviour_novelty': 0.5}",True,[],0.2582917606429695,1,0.04062678871457324,0.0402436011852951,0.15327501171125413,0.056381949387494135,0.871713575371042,0.019336482828345325,0.033371253463515715,7.0,0.5,,,
b1s_orthogonal_exile_0222,orthogonal_exile,"CSRank(CSResidual(PathShape($vwap,5),Delta($high,5)))","CSRank(CSResidual(PathShape($vwap,5),Delta($high,5)))",bba24cdb9eafe1cbc7425dc6a246d4e891702147be12b0b322e1c5fc17a1e605,bba24cdb9eafe1cbc7425dc6a246d4e891702147be12b0b322e1c5fc17a1e605,b1s/orthogonal_exile:fixed:0222,,fixed,frozen_nonadaptive,path_residual,raw_1min,orthogonal_exile:orthogonal_exile:path_residual,orthogonal_exile:orthogonal_exile:path_residual:raw_1min,"['high', 'vwap']",9205,,,development,orthogonal_exile,path_residual,6,9288066,"{'raw': 'vwap', 'other': 'high', 'context': 'ctx_rzrq_rzjme', 'window': 5}",root_sample,allow,no blocked field/primitive combination detected,True,True,,-0.06796130944176063,0.10664116567431826,57,0.24561403508771928,0.11441261999800054,0.015154321724393882,0.03825883886194861,0.9353388658367912,2778,0.2210044281668199,0.01995868425210584,0.06144736005834539,True,0.06182660858491468,0.8963677556254548,4,267,"{'signal_quality': 0.03825883886194861, 'cost_adjusted_quality': 0.03770632779153156, 'turnover': 0.2210044281668199, 'worst_time_block_quality': 0.06182660858491468, 'stability': 0.8963677556254548, 'concentration': 0.01995868425210584, 'benchmark_increment': 0.033374278060370174, 'complexity': 6.0, 'behaviour_novelty': 0.5}",True,[],0.2580991112081519,1,0.03825883886194861,0.03770632779153156,0.2210044281668199,0.06182660858491468,0.8963677556254548,0.01995868425210584,0.033374278060370174,6.0,0.5,,,
b1s_temporal_program_0433,temporal_program,"CSRank(Delta($high,3))","CSRank(Delta($high,3))",d3968d88a2740b3185ce70bd09f4e378f23d59cf3eb307e332c1b4a670a8da10,d3968d88a2740b3185ce70bd09f4e378f23d59cf3eb307e332c1b4a670a8da10,b1s/temporal_program:fixed:0433,,fixed,frozen_nonadaptive,delta,raw_1min,temporal_program:temporal_program:delta,temporal_program:temporal_program:delta:raw_1min,['high'],9202,,,development,temporal_program,delta,4,9285250,"{'field': 'high', 'other': 'price_spread', 'window': 3, 'state': 'evt_uplimit_active'}",root_sample,allow,no blocked field/primitive combination detected,True,True,,-0.07596956178357772,0.10046640774181172,58,0.25862068965517243,0.10186598742811483,0.0133756594389191,0.049753269283296285,0.9875518672199171,287,0.18082232065278606,0.02639693839393342,0.07315577491696693,True,0.03151970400136195,0.5720906606467825,4,427,"{'signal_quality': 0.049753269283296285, 'cost_adjusted_quality': 0.04930121348166432, 'turnover': 0.18082232065278606, 'worst_time_block_quality': 0.03151970400136195, 'stability': 0.5720906606467825, 'concentration': 0.02639693839393342, 'benchmark_increment': 0.04508269291899171, 'complexity': 4.0, 'behaviour_novelty': 1.0}",True,[],0.2561768481813305,1,0.049753269283296285,0.04930121348166432,0.18082232065278606,0.03151970400136195,0.5720906606467825,0.02639693839393342,0.04508269291899171,4.0,1.0,,,
b1s_temporal_program_0554,temporal_program,"CSRank(Slope($high,5))","CSRank(Slope($high,5))",e984be2dd03507dd7eb4c038a5fefd57b7414bee7e28be907ae94998ca6cf79c,e984be2dd03507dd7eb4c038a5fefd57b7414bee7e28be907ae94998ca6cf79c,b1s/temporal_program:fixed:0554,,fixed,frozen_nonadaptive,slope,raw_1min,temporal_program:temporal_program:slope,temporal_program:temporal_program:slope:raw_1min,['high'],9202,,,development,temporal_program,slope,4,9285371,"{'field': 'high', 'other': 'price_spread', 'window': 5, 'state': 'evt_uplimit_active'}",root_sample,allow,no blocked field/primitive combination detected,True,True,,-0.07174481645644844,0.10651722991688282,58,0.2413793103448276,0.11207625588067716,0.014716333367965219,0.04290080305523661,0.983402489626556,287,0.14678026595966398,0.027317038041945144,0.06879722352278933,True,0.03851444589640309,0.6533309357547779,4,436,"{'signal_quality': 0.04290080305523661, 'cost_adjusted_quality': 0.04253385239033745, 'turnover': 0.14678026595966398, 'worst_time_block_quality': 0.03851444589640309, 'stability': 0.6533309357547779, 'concentration': 0.027317038041945144, 'benchmark_increment': 0.040724141524814114, 'complexity': 4.0, 'behaviour_novelty': 1.0}",True,[],0.25611519287521234,1,0.04290080305523661,0.04253385239033745,0.14678026595966398,0.03851444589640309,0.6533309357547779,0.027317038041945144,0.040724141524814114,4.0,1.0,,,
b1s_temporal_program_0083,temporal_program,"CSRank(Delta($low,15))","CSRank(Delta($low,15))",a54614c4877be23831fd8d571555ec0fc6c810bc1481b347bff1bb5d12cd32c3,a54614c4877be23831fd8d571555ec0fc6c810bc1481b347bff1bb5d12cd32c3,b1s/temporal_program:fixed:0083,,fixed,frozen_nonadaptive,delta,raw_1min,temporal_program:temporal_program:delta,temporal_program:temporal_program:delta:raw_1min,['low'],9202,,,development,temporal_program,delta,4,9284900,"{'field': 'low', 'other': 'high', 'window': 15, 'state': 'ctx_zls_strong'}",root_sample,allow,no blocked field/primitive combination detected,True,True,,-0.06154926135578854,0.09317656716424992,55,0.23636363636363636,0.0944236872664466,0.012732087393662096,0.03659437006421083,0.9377593360995851,287,0.09747599477655496,0.02682373819555499,0.0548063234188214,True,0.05267476716075565,0.9052806412776017,4,306,"{'signal_quality': 0.03659437006421083, 'cost_adjusted_quality': 0.036350680077269444, 'turnover': 0.09747599477655496, 'worst_time_block_quality': 0.05267476716075565, 'stability': 0.9052806412776017, 'concentration': 0.02682373819555499, 'benchmark_increment': 0.02673324142084618, 'complexity': 4.0, 'behaviour_novelty': 0.5}",True,[],0.25188063021295193,1,0.03659437006421083,0.036350680077269444,0.09747599477655496,0.05267476716075565,0.9052806412776017,0.02682373819555499,0.02673324142084618,4.0,0.5,,,
b1s_temporal_program_0680,temporal_program,"CSRank(PathShape($high,8))","CSRank(PathShape($high,8))",c50208a1dbc7137ede51855bceb1565c586480f3abadfb6fb3abf7be9b37c4ff,c50208a1dbc7137ede51855bceb1565c586480f3abadfb6fb3abf7be9b37c4ff,b1s/temporal_program:fixed:0680,,fixed,frozen_nonadaptive,pathshape,raw_1min,temporal_program:temporal_program:pathshape,temporal_program:temporal_program:pathshape:raw_1min,['high'],9202,,,development,temporal_program,pathshape,4,9285497,"{'field': 'high', 'other': 'price_spread', 'window': 8, 'state': 'evt_uplimit_active'}",root_sample,allow,no blocked field/primitive combination detected,True,True,,-0.05471997827013155,0.09807102888537703,57,0.24561403508771928,0.10414855732351984,0.013794813411664556,0.02768214398326902,0.970954356846473,287,0.1388410771471504,0.023295100939346253,0.05135908069093517,True,0.04945143768832933,0.9117760886102431,4,452,"{'signal_quality': 0.02768214398326902, 'cost_adjusted_quality': 0.027335041290401145, 'turnover': 0.1388410771471504, 'worst_time_block_quality': 0.04945143768832933, 'stability': 0.9117760886102431, 'concentration': 0.023295100939346253, 'benchmark_increment': 0.023285998692959952, 'complexity': 4.0, 'behaviour_novelty': 1.0}",True,[],0.25122974865247766,1,0.02768214398326902,0.027335041290401145,0.1388410771471504,0.04945143768832933,0.9117760886102431,0.023295100939346253,0.023285998692959952,4.0,1.0,,,
b1s_evolutionary_0096,evolutionary,"CSRank(Add(CSRank(Add(MaskedZScore($ctx_hfq_market_cap_yuan,60,0.6),Mul(Sign($ret_1m),0.05))),Mul(Sign($intraday_ret_from_open),0.012)))","CSRank(Add(CSRank(Add(MaskedZScore($ctx_hfq_market_cap_yuan,60,0.6),Mul(Sign($ret_1m),0.05))),Mul(Sign($intraday_ret_from_open),0.012)))",85455b9672b9831bc0982e15bf8fe00862869ca33f58dc362d57d26c4dc7d8ff,85455b9672b9831bc0982e15bf8fe00862869ca33f58dc362d57d26c4dc7d8ff,b1s/evolutionary:control:0096,,control,matched_nonadaptive_control,interaction,mixed,evolutionary:static_cross_sectional:interaction,evolutionary:static_cross_sectional:interaction:mixed,"['ctx_hfq_market_cap_yuan', 'intraday_ret_from_open', 'ret_1m']",9211,,,development,static_cross_sectional,interaction,7,9293914,"{'a': 'ctx_hfq_market_cap_yuan', 'b': 'ret_1m', 'window': 8, 'coefficient': 0.05}",root_sample,allow,no blocked field/primitive combination detected,True,True,,-0.08320559176453622,0.13069544958488083,59,0.3559322033898305,0.1378234154002809,0.01794308035862028,0.04803715426164047,1.0,144,0.09886951832544313,0.0274904218193889,0.08183019799643819,True,0.052652598621112705,0.7427234769870846,4,67,"{'signal_quality': 0.04803715426164047, 'cost_adjusted_quality': 0.047789980465826866, 'turnover': 0.09886951832544313, 'worst_time_block_quality': 0.052652598621112705, 'stability': 0.7427234769870846, 'concentration': 0.0274904218193889, 'benchmark_increment': 0.05375711599846297, 'complexity': 7.0, 'behaviour_novelty': 0.045454545454545456}",True,[],0.2473722373340715,1,0.04803715426164047,0.047789980465826866,0.09886951832544313,0.052652598621112705,0.7427234769870846,0.0274904218193889,0.05375711599846297,7.0,0.045454545454545456,,,
b1s_orthogonal_exile_0029,orthogonal_exile,"CSRank(SafeCSResidual(Delta($vwap,8),$ctx_rzrq_rzye,20,5,0.6))","CSRank(SafeCSResidual(Delta($vwap,8),$ctx_rzrq_rzye,20,5,0.6))",54362d0a01f596137fe4038cfafa0b322865c2457848a27a7b5e7c8e8d312758,54362d0a01f596137fe4038cfafa0b322865c2457848a27a7b5e7c8e8d312758,b1s/orthogonal_exile:fixed:0029,,fixed,frozen_nonadaptive,change_residual,mixed,orthogonal_exile:orthogonal_exile:change_residual,orthogonal_exile:orthogonal_exile:change_residual:mixed,"['ctx_rzrq_rzye', 'vwap']",9205,,,development,orthogonal_exile,change_residual,5,9287873,"{'raw': 'vwap', 'other': 'trade_count', 'context': 'ctx_rzrq_rzye', 'window': 8}",root_sample,allow,no blocked field/primitive combination detected,True,True,,-0.06450405500496843,0.10618481980406583,57,0.2982456140350877,0.12168526000250834,0.01611760642511951,0.0329135464117342,0.6912171507607192,690,0.1284014438736605,0.026682710521090884,0.0430996787364844,True,0.04694764839155738,0.8282270894276282,4,230,"{'signal_quality': 0.0329135464117342, 'cost_adjusted_quality': 0.03259254280205005, 'turnover': 0.1284014438736605, 'worst_time_block_quality': 0.04694764839155738, 'stability': 0.8282270894276282, 'concentration': 0.026682710521090884, 'benchmark_increment': 0.015026596738509177, 'complexity': 5.0, 'behaviour_novelty': 1.0}",True,[],0.24736498084875064,1,0.0329135464117342,0.03259254280205005,0.1284014438736605,0.04694764839155738,0.8282270894276282,0.026682710521090884,0.015026596738509177,5.0,1.0,,,
b1s_firstn_intraday_path_0071,firstn_intraday_path,"CSRank(Sub($m1_first15_last_return_vs_open,Delta($vwap,5)))","CSRank(Sub($m1_first15_last_return_vs_open,Delta($vwap,5)))",85dcf85f0ee484747888c148fdde52dcf52ace40302a3345a4d624923a3bfaa8,85dcf85f0ee484747888c148fdde52dcf52ace40302a3345a4d624923a3bfaa8,b1s/firstn_intraday_path:fixed:0071,,fixed,frozen_nonadaptive,firstn_mean_reversion,mixed,firstn_intraday_path:firstn_intraday_path:mean_reversion,firstn_intraday_path:firstn_intraday_path:mean_reversion:mixed,"['m1_first15_last_return_vs_open', 'vwap']",9201,,,development,firstn_intraday_path,mean_reversion,5,9283879,"{'firstn': 'm1_first15_last_return_vs_open', 'raw': 'vwap', 'window': 5}",root_sample,allow,no blocked field/primitive combination detected,True,True,,0.06994826377884837,0.10294201874281682,55,0.7454545454545455,0.10657935367702814,0.014371157118094722,0.041780795827382713,0.9205567081604425,1539,0.11800946619079232,0.020407331545734313,0.061142601537808934,True,0.04768281607709698,0.7785864593981314,4,163,"{'signal_quality': 0.041780795827382713, 'cost_adjusted_quality': 0.041485772161905736, 'turnover': 0.11800946619079232, 'worst_time_block_quality': 0.04768281607709698, 'stability': 0.7785864593981314, 'concentration': 0.020407331545734313, 'benchmark_increment': 0.03306951953983371, 'complexity': 5.0, 'behaviour_novelty': 0.5}",True,[],0.24698188669749904,1,0.041780795827382713,0.041485772161905736,0.11800946619079232,0.04768281607709698,0.7785864593981314,0.020407331545734313,0.03306951953983371,5.0,0.5,,,
b1s_evolutionary_0170,evolutionary,"CSRank(Add(CSRank(PathShape($vwap,3)),Mul(Sign($volume),0.012)))","CSRank(Add(CSRank(PathShape($vwap,3)),Mul(Sign($volume),0.012)))",f1fb3b8d80e48735e7335fff95664eec1638c0022f5a80c63b63aa8ba0a220d4,f1fb3b8d80e48735e7335fff95664eec1638c0022f5a80c63b63aa8ba0a220d4,b1s/evolutionary:control:0170,,control,matched_nonadaptive_control,pathshape,raw_1min,evolutionary:temporal_program:pathshape,evolutionary:temporal_program:pathshape:raw_1min,"['volume', 'vwap']",9211,,,development,temporal_program,pathshape,4,9293927,"{'field': 'vwap', 'other': 'sell_volume', 'window': 3, 'state': 'ctx_sent_zb_num'}",root_sample,allow,no blocked field/primitive combination detected,True,True,,-0.07841612814640452,0.10010265865723078,58,0.13793103448275862,0.09129844243801187,0.011988072802184049,0.05491950545412378,0.9598893499308437,1809,0.24188884614135983,0.019720173692427383,0.07339655015386831,True,0.032306613284906915,0.6367360883740911,4,89,"{'signal_quality': 0.05491950545412378, 'cost_adjusted_quality': 0.05431478333877038, 'turnover': 0.24188884614135983, 'worst_time_block_quality': 0.032306613284906915, 'stability': 0.6367360883740911, 'concentration': 0.019720173692427383, 'benchmark_increment': 0.045323468155893096, 'complexity': 4.0, 'behaviour_novelty': 0.5}",True,[],0.2464302961490049,1,0.05491950545412378,0.05431478333877038,0.24188884614135983,0.032306613284906915,0.6367360883740911,0.019720173692427383,0.045323468155893096,4.0,0.5,,,
b1s_static_cross_sectional_0034,static_cross_sectional,"CSRank(Delta($vwap,2))","CSRank(Delta($vwap,2))",0fde2345c0af85cf5f763648abf0411c1f4785d2a9f993362aaba5686c0a3482,0fde2345c0af85cf5f763648abf0411c1f4785d2a9f993362aaba5686c0a3482,b1s/static_cross_sectional:fixed:0034,,fixed,frozen_nonadaptive,rank_change,raw_1min,static_cross_sectional:static_cross_sectional:rank_change,static_cross_sectional:static_cross_sectional:rank_change:raw_1min,['vwap'],9200,,,development,static_cross_sectional,rank_change,4,9282833,"{'a': 'vwap', 'b': 'open', 'window': 2, 'coefficient': 0.1}",root_sample,allow,no blocked field/primitive combination detected,True,True,,-0.07715670423525987,0.1000704832243118,58,0.1896551724137931,0.09455687631930518,0.012415926131845934,0.05282148901684185,0.9690813739050254,1719,0.23467710504390923,0.020269972625298907,0.07290931098115461,True,0.041118190602721955,0.7013995205702497,4,77,"{'signal_quality': 0.05282148901684185, 'cost_adjusted_quality': 0.05223479625423207, 'turnover': 0.23467710504390923, 'worst_time_block_quality': 0.041118190602721955, 'stability': 0.7013995205702497, 'concentration': 0.020269972625298907, 'benchmark_increment': 0.04483622898317939, 'complexity': 4.0, 'behaviour_novelty': 0.25}",True,[],0.24464544249627554,1,0.05282148901684185,0.05223479625423207,0.23467710504390923,0.041118190602721955,0.7013995205702497,0.020269972625298907,0.04483622898317939,4.0,0.25,,,
b1s_temporal_program_0677,temporal_program,"CSRank(Mul(Duration($evt_uplimit_active),Sign(Delta($high,8))))","CSRank(Mul(Duration($evt_uplimit_active),Sign(Delta($high,8))))",bc05e263d2c8b8f75eabbdce1c654020235b324ac70f6d46559529341534c9ad,bc05e263d2c8b8f75eabbdce1c654020235b324ac70f6d46559529341534c9ad,b1s/temporal_program:fixed:0677,,fixed,frozen_nonadaptive,duration,mixed,temporal_program:temporal_program:duration,temporal_program:temporal_program:duration:mixed,"['evt_uplimit_active', 'high']",9202,,,development,temporal_program,duration,7,9285494,"{'field': 'high', 'other': 'price_spread', 'window': 8, 'state': 'evt_uplimit_active'}",root_sample,allow,no blocked field/primitive combination detected,True,True,,-0.07493790067708893,0.09918745912106339,57,0.21052631578947367,0.10026698607042864,0.013280686739567275,0.048907754667537065,0.966804979253112,250,0.1278286636116784,0.020190173133272597,0.07003464173021777,True,0.03849317071256288,0.6636808828177588,4,451,"{'signal_quality': 0.048907754667537065, 'cost_adjusted_quality': 0.04858818300850787, 'turnover': 0.1278286636116784, 'worst_time_block_quality': 0.03849317071256288, 'stability': 0.6636808828177588, 'concentration': 0.020190173133272597, 'benchmark_increment': 0.041961559732242554, 'complexity': 7.0, 'behaviour_novelty': 0.5}",True,[],0.24374821599436564,1,0.048907754667537065,0.04858818300850787,0.1278286636116784,0.03849317071256288,0.6636808828177588,0.020190173133272597,0.041961559732242554,7.0,0.5,,,
b1s_temporal_program_0073,temporal_program,"CSRank(Delta($high,15))","CSRank(Delta($high,15))",65a104278e58226519bad1f8d47cdec68087c884d39ed0843969a3254ec41a79,65a104278e58226519bad1f8d47cdec68087c884d39ed0843969a3254ec41a79,b1s/temporal_program:fixed:0073,,fixed,frozen_nonadaptive,delta,raw_1min,temporal_program:temporal_program:delta,temporal_program:temporal_program:delta:raw_1min,['high'],9202,,,development,temporal_program,delta,4,9284890,"{'field': 'high', 'other': 'price_spread', 'window': 15, 'state': 'evt_uplimit_active'}",root_sample,allow,no blocked field/primitive combination detected,True,True,,-0.0641227415549058,0.09625018713962752,55,0.23636363636363636,0.09874046520537613,0.013314161612204226,0.038026984794985515,0.9377593360995851,287,0.09872963815119784,0.026702522986325153,0.05709786981593326,True,0.052839132715272,0.8900044699486774,4,100,"{'signal_quality': 0.038026984794985515, 'cost_adjusted_quality': 0.03778016069960752, 'turnover': 0.09872963815119784, 'worst_time_block_quality': 0.052839132715272, 'stability': 0.8900044699486774, 'concentration': 0.026702522986325153, 'benchmark_increment': 0.02902478781795804, 'complexity': 4.0, 'behaviour_novelty': 0.25}",True,[],0.24218312890510638,1,0.038026984794985515,0.03778016069960752,0.09872963815119784,0.052839132715272,0.8900044699486774,0.026702522986325153,0.02902478781795804,4.0,0.25,,,
b1s_temporal_program_0380,temporal_program,"CSRank(PathShape($ret_1m,2))","CSRank(PathShape($ret_1m,2))",770226b9bb097949adc94229e611a9e30e9273d57e66bfe82d89989a884fcfcf,770226b9bb097949adc94229e611a9e30e9273d57e66bfe82d89989a884fcfcf,b1s/temporal_program:fixed:0380,,fixed,frozen_nonadaptive,pathshape,raw_1min,temporal_program:temporal_program:pathshape,temporal_program:temporal_program:pathshape:raw_1min,['ret_1m'],9202,,,development,temporal_program,pathshape,4,9285197,"{'field': 'ret_1m', 'other': 'low', 'window': 2, 'state': 'evt_uplimit_active'}",root_sample,allow,no blocked field/primitive combination detected,True,True,,-0.06873123676654475,0.09526866566635236,58,0.20689655172413793,0.08864280799757195,0.011639370916830458,0.04591806976955705,0.995850622406639,204,0.3807448649162843,0.01819005442513596,0.0667417265362518,True,0.03680078915992202,0.5825583630955566,4,424,"{'signal_quality': 0.04591806976955705, 'cost_adjusted_quality': 0.044966207607266336, 'turnover': 0.3807448649162843, 'worst_time_block_quality': 0.03680078915992202, 'stability': 0.5825583630955566, 'concentration': 0.01819005442513596, 'benchmark_increment': 0.03866864453827658, 'complexity': 4.0, 'behaviour_novelty': 1.0}",True,[],0.2410204013347174,1,0.04591806976955705,0.044966207607266336,0.3807448649162843,0.03680078915992202,0.5825583630955566,0.01819005442513596,0.03866864453827658,4.0,1.0,,,
b1s_temporal_program_0110,temporal_program,"CSRank(PathShape($vwap,15))","CSRank(PathShape($vwap,15))",652a115aa3bb6e0d0b0913407334a70f38e4646c422defde5ec9a8f8d1e18dff,652a115aa3bb6e0d0b0913407334a70f38e4646c422defde5ec9a8f8d1e18dff,b1s/temporal_program:fixed:0110,,fixed,frozen_nonadaptive,pathshape,raw_1min,temporal_program:temporal_program:pathshape,temporal_program:temporal_program:pathshape:raw_1min,['vwap'],9202,,,development,temporal_program,pathshape,4,9284927,"{'field': 'vwap', 'other': 'sell_volume', 'window': 15, 'state': 'ctx_sent_zb_num'}",root_sample,allow,no blocked field/primitive combination detected,True,True,,-0.06423123297564069,0.09696309561079451,55,0.3090909090909091,0.09733899572937048,0.013125187506610337,0.03850586546268443,0.8552904564315352,3181,0.11341182125123239,0.019960129060521976,0.05216465171330046,True,0.054197763823484166,0.8419188201942952,4,94,"{'signal_quality': 0.03850586546268443, 'cost_adjusted_quality': 0.03822233590955635, 'turnover': 0.11341182125123239, 'worst_time_block_quality': 0.054197763823484166, 'stability': 0.8419188201942952, 'concentration': 0.019960129060521976, 'benchmark_increment': 0.02409156971532524, 'complexity': 4.0, 'behaviour_novelty': 0.3333333333333333}",True,[],0.2408642873927352,1,0.03850586546268443,0.03822233590955635,0.11341182125123239,0.054197763823484166,0.8419188201942952,0.019960129060521976,0.02409156971532524,4.0,0.3333333333333333,,,
b1s_evolutionary_0048,evolutionary,"CSRank(Add(CSRank(Add(MaskedZScore($ctx_hfq_turnover_ratio,60,0.6),Mul(Sign($ret_1m),0.05))),Mul(Sign($intraday_ret_from_open),0.012)))","CSRank(Add(CSRank(Add(MaskedZScore($ctx_hfq_turnover_ratio,60,0.6),Mul(Sign($ret_1m),0.05))),Mul(Sign($intraday_ret_from_open),0.012)))",6ca97d8b831ec306cb04e628facbc92653f1a0b1bb02b68ae824d974bf108cef,6ca97d8b831ec306cb04e628facbc92653f1a0b1bb02b68ae824d974bf108cef,b1s/evolutionary:control:0048,,control,matched_nonadaptive_control,interaction,mixed,evolutionary:static_cross_sectional:interaction,evolutionary:static_cross_sectional:interaction:mixed,"['ctx_hfq_turnover_ratio', 'intraday_ret_from_open', 'ret_1m']",9211,,,development,static_cross_sectional,interaction,7,9293906,"{'a': 'ctx_hfq_turnover_ratio', 'b': 'ret_1m', 'window': 8, 'coefficient': 0.05}",root_sample,allow,no blocked field/primitive combination detected,True,True,,-0.07034840241479365,0.12455159636924033,59,0.2711864406779661,0.1303491596711058,0.01697001514484679,0.037087172730893944,1.0,144,0.040640271914135495,0.0274904218193889,0.06918553881121792,True,0.06150131900614778,0.8357950027538885,4,56,"{'signal_quality': 0.037087172730893944, 'cost_adjusted_quality': 0.036985572051108605, 'turnover': 0.040640271914135495, 'worst_time_block_quality': 0.06150131900614778, 'stability': 0.8357950027538885, 'concentration': 0.0274904218193889, 'benchmark_increment': 0.0411124568132427, 'complexity': 7.0, 'behaviour_novelty': 0.09090909090909091}",True,[],0.24060213521003676,1,0.037087172730893944,0.036985572051108605,0.040640271914135495,0.06150131900614778,0.8357950027538885,0.0274904218193889,0.0411124568132427,7.0,0.09090909090909091,,,
b1s_typed_random_0048,typed_random,"CSRank(Add(CSRank(Sub($m1_first15_vwap_return_vs_open,Delta($vwap,15))),Mul(Sign($close),0.036)))","CSRank(Add(CSRank(Sub($m1_first15_vwap_return_vs_open,Delta($vwap,15))),Mul(Sign($close),0.036)))",254ce33aaadc0a170d25948567b9c2531fc83698cb4fa7c7ad63015f7ff9fb38,254ce33aaadc0a170d25948567b9c2531fc83698cb4fa7c7ad63015f7ff9fb38,b1s/typed_random:fixed:0048,,fixed,frozen_nonadaptive,typed_random_firstn_mean_reversion,mixed,typed_random:firstn_intraday_path:mean_reversion,typed_random:firstn_intraday_path:mean_reversion:mixed,"['close', 'm1_first15_vwap_return_vs_open', 'vwap']",9206,,,development,firstn_intraday_path,mean_reversion,5,9502044,"{'firstn': 'm1_first15_vwap_return_vs_open', 'raw': 'vwap', 'window': 15}",root_sample,allow,no blocked field/primitive combination detected,True,True,,0.060589801262531676,0.09373202902803121,55,0.6181818181818182,0.10160377488409422,0.013700250210520506,0.03373731084991148,0.9164649608114338,1581,0.08892985730101528,0.019939946299346714,0.052726849262948926,True,0.035900296171634385,0.7522235054176845,4,497,"{'signal_quality': 0.03373731084991148, 'cost_adjusted_quality': 0.033514986206658944, 'turnover': 0.08892985730101528, 'worst_time_block_quality': 0.035900296171634385, 'stability': 0.7522235054176845, 'concentration': 0.019939946299346714, 'benchmark_increment': 0.024653767264973706, 'complexity': 5.0, 'behaviour_novelty': 1.0}",True,[],0.23799704022196028,1,0.03373731084991148,0.033514986206658944,0.08892985730101528,0.035900296171634385,0.7522235054176845,0.019939946299346714,0.024653767264973706,5.0,1.0,,,
b1s_evolutionary_0140,evolutionary,"CSRank(Add(CSRank(Acceleration($vwap,3)),Mul(Sign($low),0.012)))","CSRank(Add(CSRank(Acceleration($vwap,3)),Mul(Sign($low),0.012)))",eaf85576596628831cf17714d3c945eda0236c56614947da919ddb00dcc79a3b,eaf85576596628831cf17714d3c945eda0236c56614947da919ddb00dcc79a3b,b1s/evolutionary:control:0140,,control,matched_nonadaptive_control,acceleration,raw_1min,evolutionary:temporal_program:acceleration,evolutionary:temporal_program:acceleration:raw_1min,"['low', 'vwap']",9211,,,development,temporal_program,acceleration,4,9293922,"{'field': 'vwap', 'other': 'sell_volume', 'window': 3, 'state': 'ctx_sent_zb_num'}",root_sample,allow,no blocked field/primitive combination detected,True,True,,-0.05794020484439014,0.08835474327278635,58,0.29310344827586204,0.09514506736914571,0.01249315940044051,0.03345361241952674,0.9495735361917934,2248,0.32226576940074536,0.02098273079253792,0.05364851538838012,True,0.05426920467126314,0.9358353034458783,4,78,"{'signal_quality': 0.03345361241952674, 'cost_adjusted_quality': 0.03264794799602488, 'turnover': 0.32226576940074536, 'worst_time_block_quality': 0.05426920467126314, 'stability': 0.9358353034458783, 'concentration': 0.02098273079253792, 'benchmark_increment': 0.0255754333904049, 'complexity': 4.0, 'behaviour_novelty': 0.5}",True,[],0.23752296423117553,1,0.03345361241952674,0.03264794799602488,0.32226576940074536,0.05426920467126314,0.9358353034458783,0.02098273079253792,0.0255754333904049,4.0,0.5,,,
b1s_typed_random_0114,typed_random,"CSRank(Add(CSRank(Mul($m1_first15_range,Sign(Delta($high,30)))),Mul(Sign($ret_1m),0.036)))","CSRank(Add(CSRank(Mul($m1_first15_range,Sign(Delta($high,30)))),Mul(Sign($ret_1m),0.036)))",db06b49dd9a824f49e6302382b3edf015b54204199aa0c71eb09c1cd1e7aab12,db06b49dd9a824f49e6302382b3edf015b54204199aa0c71eb09c1cd1e7aab12,b1s/typed_random:fixed:0114,,fixed,frozen_nonadaptive,typed_random_firstn_signed_path,mixed,typed_random:firstn_intraday_path:signed_path,typed_random:firstn_intraday_path:signed_path:mixed,"['high', 'm1_first15_range', 'ret_1m']",9206,,,development,firstn_intraday_path,signed_path,6,9502451,"{'firstn': 'm1_first15_range', 'raw': 'high', 'window': 30}",root_sample,allow,no blocked field/primitive combination detected,True,True,,-0.07462401049488343,0.10907956931801287,51,0.23529411764705882,0.10819388459970775,0.015150174181859554,0.04492966909843871,0.8755186721991701,257,0.09370338247131763,0.027490421816657527,0.059739855632356384,True,0.03291898737609771,0.5002461957757879,4,500,"{'signal_quality': 0.04492966909843871, 'cost_adjusted_quality': 0.044695410642260416, 'turnover': 0.09370338247131763, 'worst_time_block_quality': 0.03291898737609771, 'stability': 0.5002461957757879, 'concentration': 0.027490421816657527, 'benchmark_increment': 0.03166677363438117, 'complexity': 6.0, 'behaviour_novelty': 1.0}",True,[],0.23609966716025438,1,0.04492966909843871,0.044695410642260416,0.09370338247131763,0.03291898737609771,0.5002461957757879,0.027490421816657527,0.03166677363438117,6.0,1.0,,,
b1s_typed_ast_0033,typed_ast,"CSRank(Sub(CSRank(Sub($m1_first5_range,Delta($high,30))),CSRank(Delta($volume,8))))","CSRank(Sub(CSRank(Sub($m1_first5_range,Delta($high,30))),CSRank(Delta($volume,8))))",ff6cdf817c6341dd5180c8f8e84f1786b4c7c92eb23b1c539c4b1fc5e80c861d,ff6cdf817c6341dd5180c8f8e84f1786b4c7c92eb23b1c539c4b1fc5e80c861d,b1s/typed_ast:fixed:0033,,fixed,frozen_nonadaptive,typed_ast_mean_reversion_rank_change,mixed,typed_ast:firstn_intraday_path__static_cross_sectional:mean_reversion__rank_change,typed_ast:firstn_intraday_path__static_cross_sectional:mean_reversion__rank_change:mixed,"['high', 'm1_first5_range', 'volume']",9207,,,development,firstn_intraday_path__static_cross_sectional,mean_reversion__rank_change,11,32,"{'left_expression': 'CSRank(Sub($m1_first5_range,Delta($high,30)))', 'right_expression': 'CSRank(Delta($volume,8))', 'operator': 'Sub'}",root_sample,allow,no blocked field/primitive combination detected,True,True,,0.05289906095515268,0.08558760617939193,51,0.7843137254901961,0.08714662060448711,0.01220296772228083,0.02898124421948225,0.8755186721991701,287,0.21708990112024054,0.026516678807968017,0.042348062555076935,True,0.04500182816872893,0.9050336750749051,4,479,"{'signal_quality': 0.02898124421948225, 'cost_adjusted_quality': 0.02843851946668165, 'turnover': 0.21708990112024054, 'worst_time_block_quality': 0.04500182816872893, 'stability': 0.9050336750749051, 'concentration': 0.026516678807968017, 'benchmark_increment': 0.014274980557101715, 'complexity': 11.0, 'behaviour_novelty': 1.0}",True,[],0.2335926229235377,1,0.02898124421948225,0.02843851946668165,0.21708990112024054,0.04500182816872893,0.9050336750749051,0.026516678807968017,0.014274980557101715,11.0,1.0,,,
b1s_firstn_intraday_path_0095,firstn_intraday_path,"CSRank(Add($m1_first30_range,PathShape($vwap,5)))","CSRank(Add($m1_first30_range,PathShape($vwap,5)))",69f148c217b1a9f577870d134bda08d6e9e42a16ccdb35ca1e414e8b8d972849,69f148c217b1a9f577870d134bda08d6e9e42a16ccdb35ca1e414e8b8d972849,b1s/firstn_intraday_path:fixed:0095,,fixed,frozen_nonadaptive,firstn_path_shape,mixed,firstn_intraday_path:firstn_intraday_path:path_shape,firstn_intraday_path:firstn_intraday_path:path_shape:mixed,"['m1_first30_range', 'vwap']",9201,,,development,firstn_intraday_path,path_shape,5,9283903,"{'firstn': 'm1_first30_range', 'raw': 'vwap', 'window': 5}",root_sample,allow,no blocked field/primitive combination detected,True,True,,-0.07833228725155145,0.10942212322826922,51,0.2549019607843137,0.10453749981294956,0.014638177902215506,0.049641458563209055,0.836186030428769,2398,0.19470450926081972,0.02068799513423931,0.05989132016589759,True,0.036917059202780614,0.6864077721361586,4,167,"{'signal_quality': 0.049641458563209055, 'cost_adjusted_quality': 0.049154697290057, 'turnover': 0.19470450926081972, 'worst_time_block_quality': 0.036917059202780614, 'stability': 0.6864077721361586, 'concentration': 0.02068799513423931, 'benchmark_increment': 0.03181823816792237, 'complexity': 5.0, 'behaviour_novelty': 0.3333333333333333}",True,[],0.23134230569169328,1,0.049641458563209055,0.049154697290057,0.19470450926081972,0.036917059202780614,0.6864077721361586,0.02068799513423931,0.03181823816792237,5.0,0.3333333333333333,,,
b1s_firstn_intraday_path_0119,firstn_intraday_path,"CSRank(Sub($m1_first15_vwap_return_vs_open,Mean($volume,5)))","CSRank(Sub($m1_first15_vwap_return_vs_open,Mean($volume,5)))",53e45823cf4da5b9ec421cc0e752dac9abdeaac743651b29e4e8fd32e9318e12,53e45823cf4da5b9ec421cc0e752dac9abdeaac743651b29e4e8fd32e9318e12,b1s/firstn_intraday_path:fixed:0119,,fixed,frozen_nonadaptive,firstn_opening_gap,mixed,firstn_intraday_path:firstn_intraday_path:opening_gap,firstn_intraday_path:firstn_intraday_path:opening_gap:mixed,"['m1_first15_vwap_return_vs_open', 'volume']",9201,,,development,firstn_intraday_path,opening_gap,5,9283927,"{'firstn': 'm1_first15_vwap_return_vs_open', 'raw': 'volume', 'window': 5}",root_sample,allow,no blocked field/primitive combination detected,True,True,,0.06964522563098445,0.10569089153963623,55,0.7272727272727273,0.10737748041940434,0.014478776506082376,0.041266823679062994,0.941908713692946,144,0.0526342968368134,0.0274904218193889,0.06228975053645311,True,0.04762394971676936,0.7102956204848527,4,171,"{'signal_quality': 0.041266823679062994, 'cost_adjusted_quality': 0.041135237936970964, 'turnover': 0.0526342968368134, 'worst_time_block_quality': 0.04762394971676936, 'stability': 0.7102956204848527, 'concentration': 0.0274904218193889, 'benchmark_increment': 0.03421666853847789, 'complexity': 5.0, 'behaviour_novelty': 0.16666666666666666}",True,[],0.22605374612448095,1,0.041266823679062994,0.041135237936970964,0.0526342968368134,0.04762394971676936,0.7102956204848527,0.0274904218193889,0.03421666853847789,5.0,0.16666666666666666,,,
b1s_temporal_program_0707,temporal_program,"CSRank(Mul(Duration($ctx_sent_zb_num),Sign(Delta($vwap,8))))","CSRank(Mul(Duration($ctx_sent_zb_num),Sign(Delta($vwap,8))))",82177fa1c09fb13ab0b3996adef703108a0fa59dc5eea0627b7c06f7773efa8b,82177fa1c09fb13ab0b3996adef703108a0fa59dc5eea0627b7c06f7773efa8b,b1s/temporal_program:fixed:0707,,fixed,frozen_nonadaptive,duration,mixed,temporal_program:temporal_program:duration,temporal_program:temporal_program:duration:mixed,"['ctx_sent_zb_num', 'vwap']",9202,,,development,temporal_program,duration,7,9285524,"{'field': 'vwap', 'other': 'sell_volume', 'window': 8, 'state': 'ctx_sent_zb_num'}",root_sample,allow,no blocked field/primitive combination detected,True,True,,-0.062719131370858,0.08946411671832842,57,0.22807017543859648,0.10097623905339673,0.013374629592095889,0.03650485737035006,0.9456546795758414,533,0.12113070985509547,0.019077970239703965,0.05733305994476036,True,0.04378261405028407,0.7487510593783318,4,465,"{'signal_quality': 0.03650485737035006, 'cost_adjusted_quality': 0.036202030595712316, 'turnover': 0.12113070985509547, 'worst_time_block_quality': 0.04378261405028407, 'stability': 0.7487510593783318, 'concentration': 0.019077970239703965, 'benchmark_increment': 0.02925997794678514, 'complexity': 7.0, 'behaviour_novelty': 0.5}",True,[],0.22488511787902798,1,0.03650485737035006,0.036202030595712316,0.12113070985509547,0.04378261405028407,0.7487510593783318,0.019077970239703965,0.02925997794678514,7.0,0.5,,,
b1s_firstn_intraday_path_0134,firstn_intraday_path,"CSRank(Sub($m1_first30_vwap_return_vs_open,Mean($volume,5)))","CSRank(Sub($m1_first30_vwap_return_vs_open,Mean($volume,5)))",8045fef91faa951f10f6bb60dd3bba26be9cc5ecd153f74f2159fea87b837683,8045fef91faa951f10f6bb60dd3bba26be9cc5ecd153f74f2159fea87b837683,b1s/firstn_intraday_path:fixed:0134,,fixed,frozen_nonadaptive,firstn_opening_gap,mixed,firstn_intraday_path:firstn_intraday_path:opening_gap,firstn_intraday_path:firstn_intraday_path:opening_gap:mixed,"['m1_first30_vwap_return_vs_open', 'volume']",9201,,,development,firstn_intraday_path,opening_gap,5,9283942,"{'firstn': 'm1_first30_vwap_return_vs_open', 'raw': 'volume', 'window': 5}",root_sample,allow,no blocked field/primitive combination detected,True,True,,0.07428928091801683,0.11224218043475748,51,0.7254901960784313,0.11005365367241725,0.015410593941200191,0.04408451679326446,0.8796680497925311,144,0.0532512543481758,0.0274904218193889,0.059753746942634425,True,0.04300558080738267,0.6086841608537745,4,178,"{'signal_quality': 0.04408451679326446, 'cost_adjusted_quality': 0.04395138865739402, 'turnover': 0.0532512543481758, 'worst_time_block_quality': 0.04300558080738267, 'stability': 0.6086841608537745, 'concentration': 0.0274904218193889, 'benchmark_increment': 0.03168066494465921, 'complexity': 5.0, 'behaviour_novelty': 0.3333333333333333}",True,[],0.22463096503912283,1,0.04408451679326446,0.04395138865739402,0.0532512543481758,0.04300558080738267,0.6086841608537745,0.0274904218193889,0.03168066494465921,5.0,0.3333333333333333,,,
b1s_rx_ucb_0343,rx_ucb,"CSRank(Add(CSRank(Sub($m1_first30_last_return_vs_open,Mean($volume,3))),Mul(Sign($amount_yuan),0.026)))","CSRank(Add(CSRank(Sub($m1_first30_last_return_vs_open,Mean($volume,3))),Mul(Sign($amount_yuan),0.026)))",18ceea6ae106ce10c9f86b16810300292ec2220e88ed7276952d89da21021609,18ceea6ae106ce10c9f86b16810300292ec2220e88ed7276952d89da21021609,b1s/rx_ucb:adaptive:0343,b1s_rx_ucb_0069,adaptive,ephemeral_rx_ucb_information_gain,firstn_opening_gap,mixed,rx_ucb:firstn_intraday_path:opening_gap,rx_ucb:firstn_intraday_path:opening_gap:mixed,"['amount_yuan', 'm1_first30_last_return_vs_open', 'volume']",9209,,,development,firstn_intraday_path,opening_gap,8,9302837,"{'firstn': 'm1_first30_last_return_vs_open', 'raw': 'volume', 'window': 3}",root_sample,allow,no blocked field/primitive combination detected,True,True,,0.06967697061524991,0.11097012424960535,51,0.7254901960784313,0.11299520597451472,0.015822493651675575,0.03866488305796578,0.8796680497925311,144,0.08083521681937049,0.0274904218193889,0.05604388706451034,True,0.03256577985522415,0.5541679891185955,4,325,"{'signal_quality': 0.03866488305796578, 'cost_adjusted_quality': 0.03846279501591736, 'turnover': 0.08083521681937049, 'worst_time_block_quality': 0.03256577985522415, 'stability': 0.5541679891185955, 'concentration': 0.0274904218193889, 'benchmark_increment': 0.027970805066535123, 'complexity': 8.0, 'behaviour_novelty': 1.0}",True,[],0.22450832114850738,1,0.03866488305796578,0.03846279501591736,0.08083521681937049,0.03256577985522415,0.5541679891185955,0.0274904218193889,0.027970805066535123,8.0,1.0,b1s_rx_ucb_0069,1.2831359607502113,0.14285714285714285
b1s_evolutionary_0050,evolutionary,"CSRank(Add(CSRank(PathShape($low,3)),Mul(Sign($volume),0.012)))","CSRank(Add(CSRank(PathShape($low,3)),Mul(Sign($volume),0.012)))",db03f50edbf959875c7515645db03c6a744fa79ee456ad77da29f32afc1771ee,db03f50edbf959875c7515645db03c6a744fa79ee456ad77da29f32afc1771ee,b1s/evolutionary:control:0050,,control,matched_nonadaptive_control,pathshape,raw_1min,evolutionary:temporal_program:pathshape,evolutionary:temporal_program:pathshape:raw_1min,"['low', 'volume']",9211,,,development,temporal_program,pathshape,4,9293907,"{'field': 'low', 'other': 'high', 'window': 3, 'state': 'ctx_zls_strong'}",root_sample,allow,no blocked field/primitive combination detected,True,True,,-0.07356559673230584,0.09392685005074139,58,0.13793103448275862,0.09063764493739429,0.011901305839535335,0.050239037286816585,0.991701244813278,276,0.21328169477601988,0.021681976453998948,0.07113849937852554,True,0.02523244846627556,0.5794963038786807,4,58,"{'signal_quality': 0.050239037286816585, 'cost_adjusted_quality': 0.04970583304987654, 'turnover': 0.21328169477601988, 'worst_time_block_quality': 0.02523244846627556, 'stability': 0.5794963038786807, 'concentration': 0.021681976453998948, 'benchmark_increment': 0.04306541738055032, 'complexity': 4.0, 'behaviour_novelty': 0.5}",True,[],0.2242833627744796,1,0.050239037286816585,0.04970583304987654,0.21328169477601988,0.02523244846627556,0.5794963038786807,0.021681976453998948,0.04306541738055032,4.0,0.5,,,
b1s_temporal_program_0705,temporal_program,"CSRank(Acceleration($vwap,8))","CSRank(Acceleration($vwap,8))",76fa4a95db4f1f06e0cf031f28b45db1d7f9728280420cc6ccb7a9ed4faad12d,76fa4a95db4f1f06e0cf031f28b45db1d7f9728280420cc6ccb7a9ed4faad12d,b1s/temporal_program:fixed:0705,,fixed,frozen_nonadaptive,acceleration,raw_1min,temporal_program:temporal_program:acceleration,temporal_program:temporal_program:acceleration:raw_1min,['vwap'],9202,,,development,temporal_program,acceleration,4,9285522,"{'field': 'vwap', 'other': 'sell_volume', 'window': 8, 'state': 'ctx_sent_zb_num'}",root_sample,allow,no blocked field/primitive combination detected,True,True,,-0.06097768912274863,0.09085912823199038,57,0.21052631578947367,0.09573444042969657,0.012680336403464902,0.03612422977195742,0.9029218533886584,2866,0.20401660928634918,0.02010938710799806,0.05322229974213031,True,0.03451103147029322,0.6192493376424477,4,463,"{'signal_quality': 0.03612422977195742, 'cost_adjusted_quality': 0.035614188248741546, 'turnover': 0.20401660928634918, 'worst_time_block_quality': 0.03451103147029322, 'stability': 0.6192493376424477, 'concentration': 0.02010938710799806, 'benchmark_increment': 0.02514921774415509, 'complexity': 4.0, 'behaviour_novelty': 1.0}",True,[],0.22383863479903235,1,0.03612422977195742,0.035614188248741546,0.20401660928634918,0.03451103147029322,0.6192493376424477,0.02010938710799806,0.02514921774415509,4.0,1.0,,,
b1s_firstn_intraday_path_0066,firstn_intraday_path,"CSRank(Sub($m1_first5_range,Delta($vwap,5)))","CSRank(Sub($m1_first5_range,Delta($vwap,5)))",c895b547e518b86ed443dcbc8e813ae0d3d31753d5467391d59a3b8e70b30079,c895b547e518b86ed443dcbc8e813ae0d3d31753d5467391d59a3b8e70b30079,b1s/firstn_intraday_path:fixed:0066,,fixed,frozen_nonadaptive,firstn_mean_reversion,mixed,firstn_intraday_path:firstn_intraday_path:mean_reversion,firstn_intraday_path:firstn_intraday_path:mean_reversion:mixed,"['m1_first5_range', 'vwap']",9201,,,development,firstn_intraday_path,mean_reversion,5,9283874,"{'firstn': 'm1_first5_range', 'raw': 'vwap', 'window': 5}",root_sample,allow,no blocked field/primitive combination detected,True,True,,0.04540387327540213,0.09530219910229495,57,0.7192982456140351,0.10662310114199094,0.014122574747318583,0.017723626770657707,0.9578434762563394,1538,0.13185009824320273,0.020684666148341423,0.042039733944494256,True,0.04400972238503627,0.9565264305960621,4,161,"{'signal_quality': 0.017723626770657707, 'cost_adjusted_quality': 0.0173940015250497, 'turnover': 0.13185009824320273, 'worst_time_block_quality': 0.04400972238503627, 'stability': 0.9565264305960621, 'concentration': 0.020684666148341423, 'benchmark_increment': 0.013966651946519037, 'complexity': 5.0, 'behaviour_novelty': 1.0}",True,[],0.22325324716935965,1,0.017723626770657707,0.0173940015250497,0.13185009824320273,0.04400972238503627,0.9565264305960621,0.020684666148341423,0.013966651946519037,5.0,1.0,,,
b1s_llm_proposal_repair_0124,llm_proposal_repair,"CSRank(Add(CSRank(Sub($m1_first5_vwap_return_vs_open,Delta($high,30))),Mul(Sign($high),0.014)))","CSRank(Add(CSRank(Sub($m1_first5_vwap_return_vs_open,Delta($high,30))),Mul(Sign($high),0.014)))",1dde3606ec7257f57e2ad1ce19186bcf5b7f67f4d7a9ba5a5ec99cde35e7a851,1dde3606ec7257f57e2ad1ce19186bcf5b7f67f4d7a9ba5a5ec99cde35e7a851,b1s/llm_proposal_repair:proposal:0124,,proposal,codex_gpt5_frozen_pre_reward,llm_hypothesis_firstn_mean_reversion,mixed,llm_proposal_repair:firstn_intraday_path:mean_reversion,llm_proposal_repair:firstn_intraday_path:mean_reversion:mixed,"['high', 'm1_first5_vwap_return_vs_open']",9213,,proposal,development,firstn_intraday_path,mean_reversion,5,9369594,"{'firstn': 'm1_first5_vwap_return_vs_open', 'raw': 'high', 'window': 30}",root_sample,allow,no blocked field/primitive combination detected,True,True,,0.07091040024453572,0.10225703461539665,51,0.7843137254901961,0.10315752418392181,0.014444942663238347,0.04259831262458856,0.8755186721991701,144,0.07449294534218054,0.0274904218193889,0.05676694465156929,True,0.04233220006153931,0.5661632059380439,4,202,"{'signal_quality': 0.04259831262458856, 'cost_adjusted_quality': 0.04241208026123311, 'turnover': 0.07449294534218054, 'worst_time_block_quality': 0.04233220006153931, 'stability': 0.5661632059380439, 'concentration': 0.0274904218193889, 'benchmark_increment': 0.028693862653594072, 'complexity': 5.0, 'behaviour_novelty': 0.5}",True,[],0.22231653152295117,1,0.04259831262458856,0.04241208026123311,0.07449294534218054,0.04233220006153931,0.5661632059380439,0.0274904218193889,0.028693862653594072,5.0,0.5,,,
b1s_typed_ast_0123,typed_ast,"CSRank(Sub(CSRank(Sub($m1_first30_range,Delta($high,30))),CSRank(Div(Sub($ctx_hfq_turnover_ratio,$vwap),Add(Abs($ctx_hfq_turnover_ratio),0.000001)))))","CSRank(Sub(CSRank(Sub($m1_first30_range,Delta($high,30))),CSRank(Div(Sub($ctx_hfq_turnover_ratio,$vwap),Add(Abs($ctx_hfq_turnover_ratio),0.000001)))))",30be959c09004f4b9daec45f745da78301238adda5e4810229273643268c12c7,30be959c09004f4b9daec45f745da78301238adda5e4810229273643268c12c7,b1s/typed_ast:fixed:0123,,fixed,frozen_nonadaptive,typed_ast_mean_reversion_simple_nonlinear,mixed,typed_ast:firstn_intraday_path__static_cross_sectional:mean_reversion__simple_nonlinear,typed_ast:firstn_intraday_path__static_cross_sectional:mean_reversion__simple_nonlinear:mixed,"['ctx_hfq_turnover_ratio', 'high', 'm1_first30_range', 'vwap']",9207,,,development,firstn_intraday_path__static_cross_sectional,mean_reversion__simple_nonlinear,14,122,"{'left_expression': 'CSRank(Sub($m1_first30_range,Delta($high,30)))', 'right_expression': 'CSRank(Div(Sub($ctx_hfq_turnover_ratio,$vwap),Add(Abs($ctx_hfq_turnover_ratio),0.000001)))', 'operator': 'Sub'}",root_sample,allow,no blocked field/primitive combination detected,True,True,,0.06497489911588734,0.09112996554130987,51,0.7647058823529411,0.0926333585770644,0.01297126471320885,0.039551220277998,0.861802674043338,1352,0.05822385167607595,0.022517749962813124,0.051200431574252595,True,0.028994099227926944,0.6178534938644673,4,493,"{'signal_quality': 0.039551220277998, 'cost_adjusted_quality': 0.03940566064880781, 'turnover': 0.05822385167607595, 'worst_time_block_quality': 0.028994099227926944, 'stability': 0.6178534938644673, 'concentration': 0.022517749962813124, 'benchmark_increment': 0.023127349576277375, 'complexity': 14.0, 'behaviour_novelty': 1.0}",True,[],0.22224672964545888,1,0.039551220277998,0.03940566064880781,0.05822385167607595,0.028994099227926944,0.6178534938644673,0.022517749962813124,0.023127349576277375,14.0,1.0,,,
b1s_typed_ast_0051,typed_ast,"CSRank(Sub(CSRank($m1_first15_vwap_return_vs_open),CSRank(Div(Sub($amount_yuan,$vwap),Add(Abs($amount_yuan),0.000001)))))","CSRank(Sub(CSRank($m1_first15_vwap_return_vs_open),CSRank(Div(Sub($amount_yuan,$vwap),Add(Abs($amount_yuan),0.000001)))))",05665c7ab7e24adc9b774575dcb12920f4c1bd0724d2a836509be619465dafe1,05665c7ab7e24adc9b774575dcb12920f4c1bd0724d2a836509be619465dafe1,b1s/typed_ast:fixed:0051,,fixed,frozen_nonadaptive,typed_ast_level_simple_nonlinear,mixed,typed_ast:firstn_intraday_path__static_cross_sectional:level__simple_nonlinear,typed_ast:firstn_intraday_path__static_cross_sectional:level__simple_nonlinear:mixed,"['amount_yuan', 'm1_first15_vwap_return_vs_open', 'vwap']",9207,,,development,firstn_intraday_path__static_cross_sectional,level__simple_nonlinear,12,50,"{'left_expression': 'CSRank($m1_first15_vwap_return_vs_open)', 'right_expression': 'CSRank(Div(Sub($amount_yuan,$vwap),Add(Abs($amount_yuan),0.000001)))', 'operator': 'Sub'}",root_sample,allow,no blocked field/primitive combination detected,True,True,,0.04855598976667461,0.08479641319748386,55,0.7636363636363637,0.10060805561819368,0.013565987452096077,0.021966654360566294,0.9281062701705856,1352,0.12292563189368914,0.022630573021433828,0.042791444311010694,True,0.04255981449779198,0.8966999419582895,4,486,"{'signal_quality': 0.021966654360566294, 'cost_adjusted_quality': 0.021659340280832072, 'turnover': 0.12292563189368914, 'worst_time_block_quality': 0.04255981449779198, 'stability': 0.8966999419582895, 'concentration': 0.022630573021433828, 'benchmark_increment': 0.014718362313035475, 'complexity': 12.0, 'behaviour_novelty': 1.0}",True,[],0.21911896086009208,1,0.021966654360566294,0.021659340280832072,0.12292563189368914,0.04255981449779198,0.8966999419582895,0.022630573021433828,0.014718362313035475,12.0,1.0,,,
b1s_rx_ucb_0213,rx_ucb,"CSRank(Add(CSRank(CSResidual(PathShape($low,5),Delta($vwap,5))),Mul(Sign($ret_1m),0.026)))","CSRank(Add(CSRank(CSResidual(PathShape($low,5),Delta($vwap,5))),Mul(Sign($ret_1m),0.026)))",6a5366f2bec59048400bd2bb22647dd413088df27cf6f96c3c27fde174f75638,6a5366f2bec59048400bd2bb22647dd413088df27cf6f96c3c27fde174f75638,b1s/rx_ucb:adaptive:0213,b1s_rx_ucb_0175,adaptive,ephemeral_rx_ucb_information_gain,path_residual,raw_1min,rx_ucb:orthogonal_exile:path_residual,rx_ucb:orthogonal_exile:path_residual:raw_1min,"['low', 'ret_1m', 'vwap']",9209,,,development,orthogonal_exile,path_residual,9,9302026,"{'raw': 'low', 'other': 'vwap', 'context': 'ctx_rzrq_rzjme', 'window': 5}",root_sample,allow,no blocked field/primitive combination detected,True,True,,-0.05597169938495351,0.09984102187756433,57,0.2631578947368421,0.11252946230540299,0.014904891394663743,0.02675811225141258,0.9578434762563394,1628,0.23030797446465404,0.02062533964584644,0.05182455109704114,True,0.03777613216173061,0.7501909092869548,4,307,"{'signal_quality': 0.02675811225141258, 'cost_adjusted_quality': 0.026182342315250944, 'turnover': 0.23030797446465404, 'worst_time_block_quality': 0.03777613216173061, 'stability': 0.7501909092869548, 'concentration': 0.02062533964584644, 'benchmark_increment': 0.023751469099065923, 'complexity': 9.0, 'behaviour_novelty': 1.0}",True,[],0.21246309952731285,1,0.02675811225141258,0.026182342315250944,0.23030797446465404,0.03777613216173061,0.7501909092869548,0.02062533964584644,0.023751469099065923,9.0,1.0,b1s_rx_ucb_0175,1.1470277011590528,0.0
b1s_temporal_program_0570,temporal_program,"CSRank(PathShape($low,5))","CSRank(PathShape($low,5))",db57dcfdaa5cbc54ec07457d39cfee943ee3e7484ca8a41793a573b3cacb22f6,db57dcfdaa5cbc54ec07457d39cfee943ee3e7484ca8a41793a573b3cacb22f6,b1s/temporal_program:fixed:0570,,fixed,frozen_nonadaptive,pathshape,raw_1min,temporal_program:temporal_program:pathshape,temporal_program:temporal_program:pathshape:raw_1min,['low'],9202,,,development,temporal_program,pathshape,4,9285387,"{'field': 'low', 'other': 'high', 'window': 5, 'state': 'ctx_zls_strong'}",root_sample,allow,no blocked field/primitive combination detected,True,True,,-0.06626809639424056,0.1050046983813103,58,0.1896551724137931,0.11502976590455641,0.015104148233616239,0.03666396585635273,0.983402489626556,285,0.16797508436167516,0.02053445859834444,0.06354551123330036,True,0.03333065371248442,0.6821940760364574,4,441,"{'signal_quality': 0.03666396585635273, 'cost_adjusted_quality': 0.03624402814544855, 'turnover': 0.16797508436167516, 'worst_time_block_quality': 0.03333065371248442, 'stability': 0.6821940760364574, 'concentration': 0.02053445859834444, 'benchmark_increment': 0.03547242923532515, 'complexity': 4.0, 'behaviour_novelty': 0.5}",True,[],0.212060003213898,1,0.03666396585635273,0.03624402814544855,0.16797508436167516,0.03333065371248442,0.6821940760364574,0.02053445859834444,0.03547242923532515,4.0,0.5,,,
b1s_typed_random_0024,typed_random,"CSRank(Add(CSRank(Mul($m1_first5_range,Sign(Delta($high,15)))),Mul(Sign($close),0.036)))","CSRank(Add(CSRank(Mul($m1_first5_range,Sign(Delta($high,15)))),Mul(Sign($close),0.036)))",b7b848896b4642727c61ec1b292c8ce480e5df04b7342cc6c24c5a2365db0f1f,b7b848896b4642727c61ec1b292c8ce480e5df04b7342cc6c24c5a2365db0f1f,b1s/typed_random:fixed:0024,,fixed,frozen_nonadaptive,typed_random_firstn_signed_path,mixed,typed_random:firstn_intraday_path:signed_path,typed_random:firstn_intraday_path:signed_path:mixed,"['close', 'high', 'm1_first5_range']",9206,,,development,firstn_intraday_path,signed_path,6,9501896,"{'firstn': 'm1_first5_range', 'raw': 'high', 'window': 15}",root_sample,allow,no blocked field/primitive combination detected,True,True,,-0.05943290326211198,0.09945166117865087,55,0.2909090909090909,0.10543314270237025,0.01421660206180108,0.03156836322098186,0.9377593360995851,231,0.09680469810244063,0.027490421837839542,0.05292181979364233,True,0.025590298115594663,0.648479355603869,4,496,"{'signal_quality': 0.03156836322098186, 'cost_adjusted_quality': 0.03132635147572576, 'turnover': 0.09680469810244063, 'worst_time_block_quality': 0.025590298115594663, 'stability': 0.648479355603869, 'concentration': 0.027490421837839542, 'benchmark_increment': 0.024848737795667108, 'complexity': 6.0, 'behaviour_novelty': 1.0}",True,[],0.2112630462091969,1,0.03156836322098186,0.03132635147572576,0.09680469810244063,0.025590298115594663,0.648479355603869,0.027490421837839542,0.024848737795667108,6.0,1.0,,,
b1s_temporal_program_0193,temporal_program,"CSRank(Delta($high,30))","CSRank(Delta($high,30))",53cf8aa1cfa57138e2262906b44f710974471d94181c11441c5f0a36a2609918,53cf8aa1cfa57138e2262906b44f710974471d94181c11441c5f0a36a2609918,b1s/temporal_program:fixed:0193,,fixed,frozen_nonadaptive,delta,raw_1min,temporal_program:temporal_program:delta,temporal_program:temporal_program:delta:raw_1min,['high'],9202,,,development,temporal_program,delta,4,9285010,"{'field': 'high', 'other': 'price_spread', 'window': 30, 'state': 'evt_uplimit_active'}",root_sample,allow,no blocked field/primitive combination detected,True,True,,-0.06677124949835074,0.09736740851279599,51,0.21568627450980393,0.09993291713803845,0.013993407360721662,0.03934417107133628,0.8755186721991701,287,0.07630690610273089,0.027100924603812988,0.0534533694848392,True,0.03393456454308707,0.6057831174127479,4,291,"{'signal_quality': 0.03934417107133628, 'cost_adjusted_quality': 0.039153403806079456, 'turnover': 0.07630690610273089, 'worst_time_block_quality': 0.03393456454308707, 'stability': 0.6057831174127479, 'concentration': 0.027100924603812988, 'benchmark_increment': 0.025380287486863978, 'complexity': 4.0, 'behaviour_novelty': 0.5}",True,[],0.21044717069277363,1,0.03934417107133628,0.039153403806079456,0.07630690610273089,0.03393456454308707,0.6057831174127479,0.027100924603812988,0.025380287486863978,4.0,0.5,,,
b1s_temporal_program_0563,temporal_program,"CSRank(Delta($low,5))","CSRank(Delta($low,5))",70422b6f6eb87fc5844f9bcfe9e245796179cf53e8d35439c06a29be818f188c,70422b6f6eb87fc5844f9bcfe9e245796179cf53e8d35439c06a29be818f188c,b1s/temporal_program:fixed:0563,,fixed,frozen_nonadaptive,delta,raw_1min,temporal_program:temporal_program:delta,temporal_program:temporal_program:delta:raw_1min,['low'],9202,,,development,temporal_program,delta,4,9285380,"{'field': 'low', 'other': 'high', 'window': 5, 'state': 'ctx_zls_strong'}",root_sample,allow,no blocked field/primitive combination detected,True,True,,-0.05650532857055834,0.09903848598768308,57,0.3333333333333333,0.11058922607025115,0.014647900827282874,0.027795442949083905,0.979253112033195,287,0.14905170553009384,0.02650334472888843,0.05348806356392317,True,0.032889529980425485,0.6549124436170035,4,438,"{'signal_quality': 0.027795442949083905, 'cost_adjusted_quality': 0.02742281368525867, 'turnover': 0.14905170553009384, 'worst_time_block_quality': 0.032889529980425485, 'stability': 0.6549124436170035, 'concentration': 0.02650334472888843, 'benchmark_increment': 0.025414981565947948, 'complexity': 4.0, 'behaviour_novelty': 1.0}",True,[],0.21034528843394437,1,0.027795442949083905,0.02742281368525867,0.14905170553009384,0.032889529980425485,0.6549124436170035,0.02650334472888843,0.025414981565947948,4.0,1.0,,,
b1s_temporal_program_0347,temporal_program,"CSRank(Mul(Duration($ctx_sent_zb_num),Sign(Delta($vwap,2))))","CSRank(Mul(Duration($ctx_sent_zb_num),Sign(Delta($vwap,2))))",d632e02c3b1adffd69eaed11bac6b7bef006fad6dfb0e7efac8686f36c11d323,d632e02c3b1adffd69eaed11bac6b7bef006fad6dfb0e7efac8686f36c11d323,b1s/temporal_program:fixed:0347,,fixed,frozen_nonadaptive,duration,mixed,temporal_program:temporal_program:duration,temporal_program:temporal_program:duration:mixed,"['ctx_sent_zb_num', 'vwap']",9202,,,development,temporal_program,duration,7,9285164,"{'field': 'vwap', 'other': 'sell_volume', 'window': 2, 'state': 'ctx_sent_zb_num'}",root_sample,allow,no blocked field/primitive combination detected,True,True,,-0.0684300429130341,0.08560175685015023,58,0.13793103448275862,0.08218039374832298,0.010790814354099733,0.04728004677899862,0.9690813739050254,545,0.20614600164939342,0.01845941160620434,0.06466304294164171,True,0.024518275830492944,0.6259326290085754,4,415,"{'signal_quality': 0.04728004677899862, 'cost_adjusted_quality': 0.04676468177487514, 'turnover': 0.20614600164939342, 'worst_time_block_quality': 0.024518275830492944, 'stability': 0.6259326290085754, 'concentration': 0.01845941160620434, 'benchmark_increment': 0.0365899609436665, 'complexity': 7.0, 'behaviour_novelty': 0.3333333333333333}",True,[],0.20796440982385653,1,0.04728004677899862,0.04676468177487514,0.20614600164939342,0.024518275830492944,0.6259326290085754,0.01845941160620434,0.0365899609436665,7.0,0.3333333333333333,,,
b1s_rx_ucb_0004,rx_ucb,"CSRank(Add(CSRank(Slope($vwap,5)),Mul(Sign($volume),0.026)))","CSRank(Add(CSRank(Slope($vwap,5)),Mul(Sign($volume),0.026)))",830ca4bfcfd462b4806c27a9cb27985aadb312522df2dfa3b39d611a73cf8193,830ca4bfcfd462b4806c27a9cb27985aadb312522df2dfa3b39d611a73cf8193,b1s/rx_ucb:control:0004,,control,matched_nonadaptive_control,slope,raw_1min,rx_ucb:temporal_program:slope,rx_ucb:temporal_program:slope:raw_1min,"['volume', 'vwap']",9209,,,development,temporal_program,slope,4,9291881,"{'field': 'vwap', 'other': 'sell_volume', 'window': 5, 'state': 'ctx_sent_zb_num'}",root_sample,allow,no blocked field/primitive combination detected,True,True,,-0.06976217604941846,0.11306860571475896,58,0.3275862068965517,0.11763924354107196,0.015446789433694314,0.03948646875937761,0.9394882434301521,2458,0.15014554067355407,0.020238936708438293,0.06390876834826918,True,0.031974933786703956,0.5680144809376984,4,281,"{'signal_quality': 0.03948646875937761, 'cost_adjusted_quality': 0.039111104907693726, 'turnover': 0.15014554067355407, 'worst_time_block_quality': 0.031974933786703956, 'stability': 0.5680144809376984, 'concentration': 0.020238936708438293, 'benchmark_increment': 0.035835686350293966, 'complexity': 4.0, 'behaviour_novelty': 0.5}",True,[],0.2065577656790282,1,0.03948646875937761,0.039111104907693726,0.15014554067355407,0.031974933786703956,0.5680144809376984,0.020238936708438293,0.035835686350293966,4.0,0.5,,,
b1s_temporal_program_0362,temporal_program,"CSRank(MultiScaleRelation($volume,$vwap,2,6))","CSRank(MultiScaleRelation($volume,$vwap,2,6))",e916330895e5a1a5e64f5b6714c0a12781c5d9e23ca99094e34fa81520cad137,e916330895e5a1a5e64f5b6714c0a12781c5d9e23ca99094e34fa81520cad137,b1s/temporal_program:fixed:0362,,fixed,frozen_nonadaptive,multiscalerelation,raw_1min,temporal_program:temporal_program:multiscalerelation,temporal_program:temporal_program:multiscalerelation:raw_1min,"['volume', 'vwap']",9202,,,development,temporal_program,multiscalerelation,4,9285179,"{'field': 'volume', 'other': 'vwap', 'window': 2, 'state': 'ctx_hfq_prev_is_limit_up'}",root_sample,allow,no blocked field/primitive combination detected,True,True,,0.04611902770590936,0.08959156790331946,57,0.7017543859649122,0.09986241863079581,0.013227100473126412,0.020193910778581594,0.9074458275703089,2962,0.30777208927567257,0.02013412948286797,0.04045510765717597,True,0.038453462912548315,0.8745906102970797,4,419,"{'signal_quality': 0.020193910778581594, 'cost_adjusted_quality': 0.019424480555392414, 'turnover': 0.30777208927567257, 'worst_time_block_quality': 0.038453462912548315, 'stability': 0.8745906102970797, 'concentration': 0.02013412948286797, 'benchmark_increment': 0.012382025659200751, 'complexity': 4.0, 'behaviour_novelty': 1.0}",True,[],0.20634715432040415,1,0.020193910778581594,0.019424480555392414,0.30777208927567257,0.038453462912548315,0.8745906102970797,0.02013412948286797,0.012382025659200751,4.0,1.0,,,
b1s_temporal_program_0674,temporal_program,"CSRank(Slope($high,8))","CSRank(Slope($high,8))",488067766dba55db6747f948da6db6e56bcd0d1849ad238d046e209241c8adfe,488067766dba55db6747f948da6db6e56bcd0d1849ad238d046e209241c8adfe,b1s/temporal_program:fixed:0674,,fixed,frozen_nonadaptive,slope,raw_1min,temporal_program:temporal_program:slope,temporal_program:temporal_program:slope:raw_1min,['high'],9202,,,development,temporal_program,slope,4,9285491,"{'field': 'high', 'other': 'price_spread', 'window': 8, 'state': 'evt_uplimit_active'}",root_sample,allow,no blocked field/primitive combination detected,True,True,,-0.043541892886427215,0.09679198404092895,57,0.3684210526315789,0.11088285031358737,0.014686792308394632,0.014755779961973737,0.970954356846473,279,0.09868222787691139,0.027490421814767935,0.04086755259935332,True,0.036689118730527714,0.8923678381528234,4,449,"{'signal_quality': 0.014755779961973737, 'cost_adjusted_quality': 0.014509074392281458, 'turnover': 0.09868222787691139, 'worst_time_block_quality': 0.036689118730527714, 'stability': 0.8923678381528234, 'concentration': 0.027490421814767935, 'benchmark_increment': 0.012794470601378099, 'complexity': 4.0, 'behaviour_novelty': 1.0}",True,[],0.20510586229769506,1,0.014755779961973737,0.014509074392281458,0.09868222787691139,0.036689118730527714,0.8923678381528234,0.027490421814767935,0.012794470601378099,4.0,1.0,,,
b1s_evolutionary_0144,evolutionary,"CSRank(Add(CSRank(Add(MaskedZScore($ctx_hfq_pb,60,0.6),Mul(Sign($ret_1m),0.1))),Mul(Sign($intraday_ret_from_open),0.012)))","CSRank(Add(CSRank(Add(MaskedZScore($ctx_hfq_pb,60,0.6),Mul(Sign($ret_1m),0.1))),Mul(Sign($intraday_ret_from_open),0.012)))",57cc1d40475e710b191447f619f206920e1fe8fc5e12179669f4a00ca7bcdbf1,57cc1d40475e710b191447f619f206920e1fe8fc5e12179669f4a00ca7bcdbf1,b1s/evolutionary:control:0144,,control,matched_nonadaptive_control,interaction,mixed,evolutionary:static_cross_sectional:interaction,evolutionary:static_cross_sectional:interaction:mixed,"['ctx_hfq_pb', 'intraday_ret_from_open', 'ret_1m']",9211,,,development,static_cross_sectional,interaction,7,9293922,"{'a': 'ctx_hfq_pb', 'b': 'ret_1m', 'window': 8, 'coefficient': 0.1}",root_sample,allow,no blocked field/primitive combination detected,True,True,,-0.05833766430596092,0.10930766952963615,59,0.3220338983050847,0.11663522047606827,0.015184612335787617,0.028575824127817194,1.0,144,0.07301914485754053,0.0274904218193889,0.05737333897360973,True,0.05010374605249278,0.8187134216331926,4,76,"{'signal_quality': 0.028575824127817194, 'cost_adjusted_quality': 0.028393276265673343, 'turnover': 0.07301914485754053, 'worst_time_block_quality': 0.05010374605249278, 'stability': 0.8187134216331926, 'concentration': 0.0274904218193889, 'benchmark_increment': 0.02930025697563451, 'complexity': 7.0, 'behaviour_novelty': 0.1111111111111111}",True,[],0.20330613835738093,1,0.028575824127817194,0.028393276265673343,0.07301914485754053,0.05010374605249278,0.8187134216331926,0.0274904218193889,0.02930025697563451,7.0,0.1111111111111111,,,
b1s_orthogonal_exile_0219,orthogonal_exile,"CSRank(Sub(Delta($close,5),MaskedZScore($ctx_rzrq_rzjme,60,0.6)))","CSRank(Sub(Delta($close,5),MaskedZScore($ctx_rzrq_rzjme,60,0.6)))",8cb4c9b510cfe5b591b52700d735293b38a5afba514449a411320b098594a27b,8cb4c9b510cfe5b591b52700d735293b38a5afba514449a411320b098594a27b,b1s/orthogonal_exile:fixed:0219,,fixed,frozen_nonadaptive,exile_divergence,mixed,orthogonal_exile:orthogonal_exile:exile_divergence,orthogonal_exile:orthogonal_exile:exile_divergence:mixed,"['close', 'ctx_rzrq_rzjme']",9205,,,development,orthogonal_exile,exile_divergence,6,9288063,"{'raw': 'close', 'other': 'high', 'context': 'ctx_rzrq_rzjme', 'window': 5}",root_sample,allow,no blocked field/primitive combination detected,True,True,,-0.06017308939774978,0.09532399783232141,57,0.2807017543859649,0.10666872279302136,0.014128617482615834,0.032480999131822744,0.7140387275242047,105,0.021253823771423604,0.03755615381348247,0.04153331417245287,True,0.04955807200545774,0.8085827124573843,4,103,"{'signal_quality': 0.032480999131822744, 'cost_adjusted_quality': 0.03242786457239418, 'turnover': 0.021253823771423604, 'worst_time_block_quality': 0.04955807200545774, 'stability': 0.8085827124573843, 'concentration': 0.03755615381348247, 'benchmark_increment': 0.013460232174477654, 'complexity': 6.0, 'behaviour_novelty': 0.05}",True,[],0.2028645693961515,1,0.032480999131822744,0.03242786457239418,0.021253823771423604,0.04955807200545774,0.8085827124573843,0.03755615381348247,0.013460232174477654,6.0,0.05,,,
b1s_rx_ucb_0165,rx_ucb,"CSRank(Add(CSRank(Add($m1_first30_vwap_return_vs_open,PathShape($low,30))),Mul(Sign($ret_1m),0.026)))","CSRank(Add(CSRank(Add($m1_first30_vwap_return_vs_open,PathShape($low,30))),Mul(Sign($ret_1m),0.026)))",5805271adb2e47dfd693de52cd7ea4dc85230ecae2e5bb284ed5c9269e7a54cf,5805271adb2e47dfd693de52cd7ea4dc85230ecae2e5bb284ed5c9269e7a54cf,b1s/rx_ucb:control:0165,,control,matched_nonadaptive_control,firstn_path_shape,mixed,rx_ucb:firstn_intraday_path:path_shape,rx_ucb:firstn_intraday_path:path_shape:mixed,"['low', 'm1_first30_vwap_return_vs_open', 'ret_1m']",9209,,,development,firstn_intraday_path,path_shape,5,9291908,"{'firstn': 'm1_first30_vwap_return_vs_open', 'raw': 'low', 'window': 30}",root_sample,allow,no blocked field/primitive combination detected,True,True,,-0.07141076200979707,0.09989980912668088,51,0.19607843137254902,0.09837591320398376,0.013775383200760657,0.044411010936306186,0.8796680497925311,144,0.08717490224356642,0.0274904218193889,0.05743844265800731,True,0.02936890396807728,0.6351422576601105,4,283,"{'signal_quality': 0.044411010936306186, 'cost_adjusted_quality': 0.04419307368069727, 'turnover': 0.08717490224356642, 'worst_time_block_quality': 0.02936890396807728, 'stability': 0.6351422576601105, 'concentration': 0.0274904218193889, 'benchmark_increment': 0.029365360660032088, 'complexity': 5.0, 'behaviour_novelty': 0.125}",True,[],0.20147691952249877,1,0.044411010936306186,0.04419307368069727,0.08717490224356642,0.02936890396807728,0.6351422576601105,0.0274904218193889,0.029365360660032088,5.0,0.125,,,
b1s_orthogonal_exile_0171,orthogonal_exile,"CSRank(Sub(Delta($close,30),MaskedZScore($ctx_rzrq_rzjme,60,0.6)))","CSRank(Sub(Delta($close,30),MaskedZScore($ctx_rzrq_rzjme,60,0.6)))",00c94fed09c765c1c0be55e3444bfb56f4b52a11046c954269ec2206b9d91055,00c94fed09c765c1c0be55e3444bfb56f4b52a11046c954269ec2206b9d91055,b1s/orthogonal_exile:fixed:0171,,fixed,frozen_nonadaptive,exile_divergence,mixed,orthogonal_exile:orthogonal_exile:exile_divergence,orthogonal_exile:orthogonal_exile:exile_divergence:mixed,"['close', 'ctx_rzrq_rzjme']",9205,,,development,orthogonal_exile,exile_divergence,6,9288015,"{'raw': 'close', 'other': 'open', 'context': 'ctx_rzrq_rzjme', 'window': 30}",root_sample,allow,no blocked field/primitive combination detected,True,True,,-0.06589230613252732,0.09940391000542836,51,0.27450980392156865,0.10778378122264547,0.015092748222730261,0.036310519615976006,0.6383990318118948,105,0.02106554403985574,0.03755615381348247,0.038463349193770854,True,0.04440475331621914,0.696875220804066,4,252,"{'signal_quality': 0.036310519615976006, 'cost_adjusted_quality': 0.03625785575587637, 'turnover': 0.02106554403985574, 'worst_time_block_quality': 0.04440475331621914, 'stability': 0.696875220804066, 'concentration': 0.03755615381348247, 'benchmark_increment': 0.010390267195795635, 'complexity': 6.0, 'behaviour_novelty': 0.2}",True,[],0.20116173598956527,1,0.036310519615976006,0.03625785575587637,0.02106554403985574,0.04440475331621914,0.696875220804066,0.03755615381348247,0.010390267195795635,6.0,0.2,,,
b1s_static_cross_sectional_0037,static_cross_sectional,CSRank($volume),CSRank($volume),00dea168c70e20b9349443e524dcfd92213775975b2aea7d7330ea74221aac3e,00dea168c70e20b9349443e524dcfd92213775975b2aea7d7330ea74221aac3e,b1s/static_cross_sectional:fixed:0037,,fixed,frozen_nonadaptive,rank_level,raw_1min,static_cross_sectional:static_cross_sectional:rank_level,static_cross_sectional:static_cross_sectional:rank_level:raw_1min,['volume'],9200,,,development,static_cross_sectional,rank_level,3,9282836,"{'a': 'volume', 'b': 'open', 'window': 2, 'coefficient': 0.1}",root_sample,allow,no blocked field/primitive combination detected,True,True,,-0.07232005011750856,0.11152612414990914,59,0.2711864406779661,0.11916587664238792,0.01551407570614768,0.0419124617334591,1.0,275,0.18059212655902634,0.027376353684238987,0.07112459505095911,True,0.045798443243814775,0.4822094091628075,4,129,"{'signal_quality': 0.0419124617334591, 'cost_adjusted_quality': 0.04146098141706153, 'turnover': 0.18059212655902634, 'worst_time_block_quality': 0.045798443243814775, 'stability': 0.4822094091628075, 'concentration': 0.027376353684238987, 'benchmark_increment': 0.043051513052983895, 'complexity': 3.0, 'behaviour_novelty': 0.1}",True,[],0.19920581390111317,1,0.0419124617334591,0.04146098141706153,0.18059212655902634,0.045798443243814775,0.4822094091628075,0.027376353684238987,0.043051513052983895,3.0,0.1,,,
b1s_llm_proposal_repair_0150,llm_proposal_repair,"CSRank(Add(CSRank(Add($m1_first15_range,PathShape($vwap,8))),Mul(Sign($close),0.014)))","CSRank(Add(CSRank(Add($m1_first15_range,PathShape($vwap,8))),Mul(Sign($close),0.014)))",ba6435d76c8e7bf97bd3e8aaf893d415bd693050b3d4c6dbc40425b433bdf6e8,ba6435d76c8e7bf97bd3e8aaf893d415bd693050b3d4c6dbc40425b433bdf6e8,b1s/llm_proposal_repair:repair:0150,,repair,codex_gpt5_frozen_pre_reward,llm_repair_firstn_path_shape,mixed,llm_proposal_repair:firstn_intraday_path:path_shape,llm_proposal_repair:firstn_intraday_path:path_shape:mixed,"['close', 'm1_first15_range', 'vwap']",9213,,repair,development,firstn_intraday_path,path_shape,5,18767908,"{'firstn': 'm1_first15_range', 'raw': 'vwap', 'window': 8}",field_swap,allow,no blocked field/primitive combination detected,True,True,,-0.0690938775508728,0.11003107036232122,55,0.2545454545454545,0.11725855373418284,0.01581114016004495,0.0381040428371847,0.8826071922544951,2708,0.154786366579244,0.02031254986613767,0.0579059852483241,True,0.0358999462144144,0.5993151211612525,4,209,"{'signal_quality': 0.0381040428371847, 'cost_adjusted_quality': 0.03771707692073659, 'turnover': 0.154786366579244, 'worst_time_block_quality': 0.0358999462144144, 'stability': 0.5993151211612525, 'concentration': 0.02031254986613767, 'benchmark_increment': 0.029832903250348878, 'complexity': 5.0, 'behaviour_novelty': 0.3333333333333333}",True,[],0.19800713905639222,1,0.0381040428371847,0.03771707692073659,0.154786366579244,0.0358999462144144,0.5993151211612525,0.02031254986613767,0.029832903250348878,5.0,0.3333333333333333,,,
b1s_temporal_program_0223,temporal_program,"CSRank(Delta($vwap,30))","CSRank(Delta($vwap,30))",18ea5ca2df3c8fedea81242df269a228cd757992fdcf1616176ddbf95850138c,18ea5ca2df3c8fedea81242df269a228cd757992fdcf1616176ddbf95850138c,b1s/temporal_program:fixed:0223,,fixed,frozen_nonadaptive,delta,raw_1min,temporal_program:temporal_program:delta,temporal_program:temporal_program:delta:raw_1min,['vwap'],9202,,,development,temporal_program,delta,4,9285040,"{'field': 'vwap', 'other': 'sell_volume', 'window': 30, 'state': 'ctx_sent_zb_num'}",root_sample,allow,no blocked field/primitive combination detected,True,True,,-0.0623966908345577,0.10046535527708728,51,0.3137254901960784,0.11121159289185839,0.015572737863950028,0.031874124621215645,0.8543395573997233,1381,0.07679700485872648,0.02118303807570189,0.048742998700246606,True,0.021161096986299702,0.5239669025830485,4,387,"{'signal_quality': 0.031874124621215645, 'cost_adjusted_quality': 0.03168213210906883, 'turnover': 0.07679700485872648, 'worst_time_block_quality': 0.021161096986299702, 'stability': 0.5239669025830485, 'concentration': 0.02118303807570189, 'benchmark_increment': 0.020669916702271387, 'complexity': 4.0, 'behaviour_novelty': 1.0}",True,[],0.19627744049785514,1,0.031874124621215645,0.03168213210906883,0.07679700485872648,0.021161096986299702,0.5239669025830485,0.02118303807570189,0.020669916702271387,4.0,1.0,,,
b1s_temporal_program_0107,temporal_program,"CSRank(Mul(Duration($ctx_sent_zb_num),Sign(Delta($vwap,15))))","CSRank(Mul(Duration($ctx_sent_zb_num),Sign(Delta($vwap,15))))",6c1bfea6aaea7a73bc8231486267818a7c07564d22997f8573241f7c7777a627,6c1bfea6aaea7a73bc8231486267818a7c07564d22997f8573241f7c7777a627,b1s/temporal_program:fixed:0107,,fixed,frozen_nonadaptive,duration,mixed,temporal_program:temporal_program:duration,temporal_program:temporal_program:duration:mixed,"['ctx_sent_zb_num', 'vwap']",9202,,,development,temporal_program,duration,7,9284924,"{'field': 'vwap', 'other': 'sell_volume', 'window': 15, 'state': 'ctx_sent_zb_num'}",root_sample,allow,no blocked field/primitive combination detected,True,True,,-0.05706111847610625,0.08489471318117425,55,0.2909090909090909,0.09625252136349541,0.012978687333001775,0.03162289130342277,0.9164649608114338,528,0.09295180468080272,0.019669133293933824,0.049656096075123696,True,0.0306453721093197,0.7151021500336366,4,369,"{'signal_quality': 0.03162289130342277, 'cost_adjusted_quality': 0.03139051179172077, 'turnover': 0.09295180468080272, 'worst_time_block_quality': 0.0306453721093197, 'stability': 0.7151021500336366, 'concentration': 0.019669133293933824, 'benchmark_increment': 0.021583014077148476, 'complexity': 7.0, 'behaviour_novelty': 0.5}",True,[],0.19582454032832508,1,0.03162289130342277,0.03139051179172077,0.09295180468080272,0.0306453721093197,0.7151021500336366,0.019669133293933824,0.021583014077148476,7.0,0.5,,,
b1s_temporal_program_0197,temporal_program,"CSRank(Mul(Duration($evt_uplimit_active),Sign(Delta($high,30))))","CSRank(Mul(Duration($evt_uplimit_active),Sign(Delta($high,30))))",507f35776ae7c86ae92ded411a627fc23f2d220241e4c4e8808586f5dde8feef,507f35776ae7c86ae92ded411a627fc23f2d220241e4c4e8808586f5dde8feef,b1s/temporal_program:fixed:0197,,fixed,frozen_nonadaptive,duration,mixed,temporal_program:temporal_program:duration,temporal_program:temporal_program:duration:mixed,"['evt_uplimit_active', 'high']",9202,,,development,temporal_program,duration,7,9285014,"{'field': 'high', 'other': 'price_spread', 'window': 30, 'state': 'evt_uplimit_active'}",root_sample,allow,no blocked field/primitive combination detected,True,True,,-0.06142403947518413,0.09402220738665713,51,0.21568627450980393,0.0942240306788609,0.013194003359645311,0.03556379289027932,0.8755186721991701,235,0.07262685566317664,0.02036643600067469,0.04917268887411586,True,0.038122347489719016,0.6493354360520263,4,113,"{'signal_quality': 0.03556379289027932, 'cost_adjusted_quality': 0.03538222575112138, 'turnover': 0.07262685566317664, 'worst_time_block_quality': 0.038122347489719016, 'stability': 0.6493354360520263, 'concentration': 0.02036643600067469, 'benchmark_increment': 0.021099606876140643, 'complexity': 7.0, 'behaviour_novelty': 0.25}",True,[],0.19342301014258984,1,0.03556379289027932,0.03538222575112138,0.07262685566317664,0.038122347489719016,0.6493354360520263,0.02036643600067469,0.021099606876140643,7.0,0.25,,,
b1s_evolutionary_0152,evolutionary,"CSRank(Add(CSRank(Mul(Duration($ctx_sent_zb_num),Sign(Delta($vwap,3)))),Mul(Sign($intraday_ret_from_open),0.012)))","CSRank(Add(CSRank(Mul(Duration($ctx_sent_zb_num),Sign(Delta($vwap,3)))),Mul(Sign($intraday_ret_from_open),0.012)))",2a05d11c0ae15bea4e23e7894308ba562bcba46e1d0393bbf7266be151fba3b6,2a05d11c0ae15bea4e23e7894308ba562bcba46e1d0393bbf7266be151fba3b6,b1s/evolutionary:control:0152,,control,matched_nonadaptive_control,duration,mixed,evolutionary:temporal_program:duration,evolutionary:temporal_program:duration:mixed,"['ctx_sent_zb_num', 'intraday_ret_from_open', 'vwap']",9211,,,development,temporal_program,duration,7,9293924,"{'field': 'vwap', 'other': 'sell_volume', 'window': 3, 'state': 'ctx_sent_zb_num'}",root_sample,allow,no blocked field/primitive combination detected,True,True,,-0.046925583804471774,0.08836924981941915,58,0.2413793103448276,0.10273785154909122,0.013490140806582888,0.020484907823569314,0.9661422314430613,1016,0.17828188274628412,0.019471936265404114,0.04420789436670748,True,0.02969979393902938,0.6977607822513836,4,82,"{'signal_quality': 0.020484907823569314, 'cost_adjusted_quality': 0.020039203116703604, 'turnover': 0.17828188274628412, 'worst_time_block_quality': 0.02969979393902938, 'stability': 0.6977607822513836, 'concentration': 0.019471936265404114, 'benchmark_increment': 0.016134812368732262, 'complexity': 7.0, 'behaviour_novelty': 1.0}",True,[],0.18641083399817546,1,0.020484907823569314,0.020039203116703604,0.17828188274628412,0.02969979393902938,0.6977607822513836,0.019471936265404114,0.016134812368732262,7.0,1.0,,,
b1s_typed_ast_0018,typed_ast,"CSRank(Add(CSRank(Sub($m1_first5_vwap_return_vs_open,Delta($high,30))),CSRank($vwap)))","CSRank(Add(CSRank(Sub($m1_first5_vwap_return_vs_open,Delta($high,30))),CSRank($vwap)))",638854e8d2c430cc93ff488e67d7f1867966cb85264e3efe8de5971abd9f9bd2,638854e8d2c430cc93ff488e67d7f1867966cb85264e3efe8de5971abd9f9bd2,b1s/typed_ast:fixed:0018,,fixed,frozen_nonadaptive,typed_ast_mean_reversion_rank_level,mixed,typed_ast:firstn_intraday_path__static_cross_sectional:mean_reversion__rank_level,typed_ast:firstn_intraday_path__static_cross_sectional:mean_reversion__rank_level:mixed,"['high', 'm1_first5_vwap_return_vs_open', 'vwap']",9207,,,development,firstn_intraday_path__static_cross_sectional,mean_reversion__rank_level,10,17,"{'left_expression': 'CSRank(Sub($m1_first5_vwap_return_vs_open,Delta($high,30)))', 'right_expression': 'CSRank($vwap)', 'operator': 'Add'}",root_sample,allow,no blocked field/primitive combination detected,True,True,,0.05572021829021834,0.09671166128618773,51,0.6862745098039216,0.10152298180601296,0.014216060949409793,0.027856738829375144,0.861802674043338,1371,0.05722980217527359,0.022253972665303285,0.04390771301979852,True,0.018827294019571818,0.573760946025188,4,474,"{'signal_quality': 0.027856738829375144, 'cost_adjusted_quality': 0.02771366432393696, 'turnover': 0.05722980217527359, 'worst_time_block_quality': 0.018827294019571818, 'stability': 0.573760946025188, 'concentration': 0.022253972665303285, 'benchmark_increment': 0.0158346310218233, 'complexity': 10.0, 'behaviour_novelty': 1.0}",True,[],0.18268988337939573,1,0.027856738829375144,0.02771366432393696,0.05722980217527359,0.018827294019571818,0.573760946025188,0.022253972665303285,0.0158346310218233,10.0,1.0,,,
b1s_firstn_intraday_path_0159,firstn_intraday_path,"CSRank(Sub($m1_first15_last_return_vs_open,Mean($amount_yuan,5)))","CSRank(Sub($m1_first15_last_return_vs_open,Mean($amount_yuan,5)))",3b35ef66f5eca6ea36a5eb0c6a135e84769995797fd4f042d7d34ad7f09846d3,3b35ef66f5eca6ea36a5eb0c6a135e84769995797fd4f042d7d34ad7f09846d3,b1s/firstn_intraday_path:fixed:0159,,fixed,frozen_nonadaptive,firstn_opening_gap,mixed,firstn_intraday_path:firstn_intraday_path:opening_gap,firstn_intraday_path:firstn_intraday_path:opening_gap:mixed,"['amount_yuan', 'm1_first15_last_return_vs_open']",9201,,,development,firstn_intraday_path,opening_gap,5,9283967,"{'firstn': 'm1_first15_last_return_vs_open', 'raw': 'amount_yuan', 'window': 5}",root_sample,allow,no blocked field/primitive combination detected,True,True,,0.06059130591111729,0.10950255487349073,55,0.6909090909090909,0.11866274290743177,0.016000480989540312,0.029230363171618277,0.941908713692946,144,0.04646359123782376,0.0274904218193889,0.05419204684437553,True,0.037327276332243635,0.6856681123876389,4,11,"{'signal_quality': 0.029230363171618277, 'cost_adjusted_quality': 0.02911420419352372, 'turnover': 0.04646359123782376, 'worst_time_block_quality': 0.037327276332243635, 'stability': 0.6856681123876389, 'concentration': 0.0274904218193889, 'benchmark_increment': 0.02611896484640031, 'complexity': 5.0, 'behaviour_novelty': 0.125}",True,[],0.18177319771824502,1,0.029230363171618277,0.02911420419352372,0.04646359123782376,0.037327276332243635,0.6856681123876389,0.0274904218193889,0.02611896484640031,5.0,0.125,,,
b1s_rx_ucb_0022,rx_ucb,"CSRank(Add(CSRank(Mul(Duration($ctx_sent_zb_num),Sign(Delta($vwap,5)))),Mul(Sign($low),0.026)))","CSRank(Add(CSRank(Mul(Duration($ctx_sent_zb_num),Sign(Delta($vwap,5)))),Mul(Sign($low),0.026)))",de73a9aa84ff1b59b3188e0be1c5dde442eadcce5ec10529155008a12cfa9b80,de73a9aa84ff1b59b3188e0be1c5dde442eadcce5ec10529155008a12cfa9b80,b1s/rx_ucb:control:0022,,control,matched_nonadaptive_control,duration,mixed,rx_ucb:temporal_program:duration,rx_ucb:temporal_program:duration:mixed,"['ctx_sent_zb_num', 'low', 'vwap']",9209,,,development,temporal_program,duration,7,9291884,"{'field': 'vwap', 'other': 'sell_volume', 'window': 5, 'state': 'ctx_sent_zb_num'}",root_sample,allow,no blocked field/primitive combination detected,True,True,,-0.055676556518031606,0.0856109365197488,57,0.2807017543859649,0.091585971946117,0.012130858329588334,0.03190007419203847,0.9578434762563394,543,0.14841820067449363,0.01865708122984476,0.051551276446533865,True,0.03464435840964963,0.6478982147091178,4,285,"{'signal_quality': 0.03190007419203847, 'cost_adjusted_quality': 0.031529028690352234, 'turnover': 0.14841820067449363, 'worst_time_block_quality': 0.03464435840964963, 'stability': 0.6478982147091178, 'concentration': 0.01865708122984476, 'benchmark_increment': 0.023478194448558646, 'complexity': 7.0, 'behaviour_novelty': 0.2}",True,[],0.17669785796785198,1,0.03190007419203847,0.031529028690352234,0.14841820067449363,0.03464435840964963,0.6478982147091178,0.01865708122984476,0.023478194448558646,7.0,0.2,,,
b1s_firstn_intraday_path_0174,firstn_intraday_path,"CSRank(Sub($m1_first30_last_return_vs_open,Mean($amount_yuan,5)))","CSRank(Sub($m1_first30_last_return_vs_open,Mean($amount_yuan,5)))",6be8168208b1075047a6852ea8917b0a19d8edd8d0801336e591761bf8c05928,6be8168208b1075047a6852ea8917b0a19d8edd8d0801336e591761bf8c05928,b1s/firstn_intraday_path:fixed:0174,,fixed,frozen_nonadaptive,firstn_opening_gap,mixed,firstn_intraday_path:firstn_intraday_path:opening_gap,firstn_intraday_path:firstn_intraday_path:opening_gap:mixed,"['amount_yuan', 'm1_first30_last_return_vs_open']",9201,,,development,firstn_intraday_path,opening_gap,5,9283982,"{'firstn': 'm1_first30_last_return_vs_open', 'raw': 'amount_yuan', 'window': 5}",root_sample,allow,no blocked field/primitive combination detected,True,True,,0.061100173241736486,0.11269248713279273,51,0.6862745098039216,0.12197951607870397,0.017080548702438355,0.02762229778495731,0.8796680497925311,144,0.04687271447637814,0.0274904218193889,0.049145236633356675,True,0.03200204175846623,0.625461055952773,4,182,"{'signal_quality': 0.02762229778495731, 'cost_adjusted_quality': 0.027505115998766365, 'turnover': 0.04687271447637814, 'worst_time_block_quality': 0.03200204175846623, 'stability': 0.625461055952773, 'concentration': 0.0274904218193889, 'benchmark_increment': 0.021072154635381455, 'complexity': 5.0, 'behaviour_novelty': 0.3333333333333333}",True,[],0.17494513520061405,1,0.02762229778495731,0.027505115998766365,0.04687271447637814,0.03200204175846623,0.625461055952773,0.0274904218193889,0.021072154635381455,5.0,0.3333333333333333,,,
b1s_temporal_program_0704,temporal_program,"CSRank(Slope($vwap,8))","CSRank(Slope($vwap,8))",7aa68f7916e357e85815d2e058d476bc67ad16ba6c778fd4a1c82a375229698b,7aa68f7916e357e85815d2e058d476bc67ad16ba6c778fd4a1c82a375229698b,b1s/temporal_program:fixed:0704,,fixed,frozen_nonadaptive,slope,raw_1min,temporal_program:temporal_program:slope,temporal_program:temporal_program:slope:raw_1min,['vwap'],9202,,,development,temporal_program,slope,4,9285521,"{'field': 'vwap', 'other': 'sell_volume', 'window': 8, 'state': 'ctx_sent_zb_num'}",root_sample,allow,no blocked field/primitive combination detected,True,True,,-0.038361289457103605,0.10343310328961292,57,0.43859649122807015,0.11964560957962436,0.015847448126898384,0.007300291128382774,0.9114799446749654,2746,0.09626085275079141,0.020545001296516558,0.033799698362134575,True,0.03138258959339434,0.8208518014054175,4,462,"{'signal_quality': 0.007300291128382774, 'cost_adjusted_quality': 0.0070596389965057954, 'turnover': 0.09626085275079141, 'worst_time_block_quality': 0.03138258959339434, 'stability': 0.8208518014054175, 'concentration': 0.020545001296516558, 'benchmark_increment': 0.005726616364159356, 'complexity': 4.0, 'behaviour_novelty': 1.0}",True,[],0.17288395799484263,1,0.007300291128382774,0.0070596389965057954,0.09626085275079141,0.03138258959339434,0.8208518014054175,0.020545001296516558,0.005726616364159356,4.0,1.0,,,
b1s_benchmark_competitor_0045,benchmark_competitor,"CSRank(Mean($amount_yuan,15))","CSRank(Mean($amount_yuan,15))",3249bb5ce098b5c5755039162a994eafa21766ddb1b0b3f9e689055422c10e83,3249bb5ce098b5c5755039162a994eafa21766ddb1b0b3f9e689055422c10e83,b1s/benchmark_competitor:fixed:0045,,fixed,frozen_nonadaptive,benchmark_liquidity,raw_1min,benchmark_competitor:benchmark_liquidity,benchmark_competitor:benchmark_liquidity:raw_1min,['amount_yuan'],9214,liquidity,,development,benchmark_competitor,benchmark_liquidity,4,44,{},root_sample,allow,no blocked field/primitive combination detected,True,True,,-0.05591139786557155,0.10852083859365241,55,0.2909090909090909,0.12008805440856837,0.016192669953147026,0.024173764757403376,0.941908713692946,144,0.01914416714600606,0.0274904218193889,0.05000640020385557,True,0.03538666574958233,0.605837872825592,4,22,"{'signal_quality': 0.024173764757403376, 'cost_adjusted_quality': 0.024125904339538363, 'turnover': 0.01914416714600606, 'worst_time_block_quality': 0.03538666574958233, 'stability': 0.605837872825592, 'concentration': 0.0274904218193889, 'benchmark_increment': 0.02193331820588035, 'complexity': 4.0, 'behaviour_novelty': 0.3333333333333333}",True,[],0.17150566692923466,1,0.024173764757403376,0.024125904339538363,0.01914416714600606,0.03538666574958233,0.605837872825592,0.0274904218193889,0.02193331820588035,4.0,0.3333333333333333,,,
b1s_temporal_program_0564,temporal_program,"CSRank(Slope($low,5))","CSRank(Slope($low,5))",86a0d344cf9cda6e079d9683413e16943856df83a5e6aa3a82605413b566b60e,86a0d344cf9cda6e079d9683413e16943856df83a5e6aa3a82605413b566b60e,b1s/temporal_program:fixed:0564,,fixed,frozen_nonadaptive,slope,raw_1min,temporal_program:temporal_program:slope,temporal_program:temporal_program:slope:raw_1min,['low'],9202,,,development,temporal_program,slope,4,9285381,"{'field': 'low', 'other': 'high', 'window': 5, 'state': 'ctx_zls_strong'}",root_sample,allow,no blocked field/primitive combination detected,True,True,,-0.05438706147355036,0.10302401140617323,58,0.25862068965517243,0.12036987475856291,0.01580533887831845,0.023408597272046194,0.983402489626556,287,0.144837766895952,0.027432627231831434,0.0521526015362358,True,0.020391249037650615,0.4902779130503663,4,439,"{'signal_quality': 0.023408597272046194, 'cost_adjusted_quality': 0.023046502854806316, 'turnover': 0.144837766895952, 'worst_time_block_quality': 0.020391249037650615, 'stability': 0.4902779130503663, 'concentration': 0.027432627231831434, 'benchmark_increment': 0.02407951953826058, 'complexity': 4.0, 'behaviour_novelty': 1.0}",True,[],0.1714279373650747,1,0.023408597272046194,0.023046502854806316,0.144837766895952,0.020391249037650615,0.4902779130503663,0.027432627231831434,0.02407951953826058,4.0,1.0,,,
b1s_typed_random_0165,typed_random,"CSRank(Add(CSRank(Mul(StateAge($ctx_sent_lb_2_num),Sign(Delta($low,8)))),Mul(Sign($vwap),0.036)))","CSRank(Add(CSRank(Mul(StateAge($ctx_sent_lb_2_num),Sign(Delta($low,8)))),Mul(Sign($vwap),0.036)))",782d2b1bc3081584b7a61273e454cf0b5e7184be68ce46267ebbcfa7cbff317e,782d2b1bc3081584b7a61273e454cf0b5e7184be68ce46267ebbcfa7cbff317e,b1s/typed_random:fixed:0165,,fixed,frozen_nonadaptive,typed_random_state_duration,mixed,typed_random:state_transition:duration,typed_random:state_transition:duration:mixed,"['ctx_sent_lb_2_num', 'low', 'vwap']",9206,,,development,state_transition,duration,7,9502766,"{'state': 'ctx_sent_lb_2_num', 'other_state': 'evt_uplimit_type_code', 'raw': 'low', 'context': 'ctx_ths_hot_rank_diff', 'window': 8}",root_sample,allow,no blocked field/primitive combination detected,True,True,,-0.05341302064010405,0.09409591046685552,57,0.3508771929824561,0.10302059734856041,0.013645411463233751,0.0266680141721659,0.9529737206085753,503,0.1244107246479766,0.018979724451243424,0.049204018605736796,True,0.014743670160655096,0.49422210611130657,4,504,"{'signal_quality': 0.0266680141721659, 'cost_adjusted_quality': 0.02635698736054596, 'turnover': 0.1244107246479766, 'worst_time_block_quality': 0.014743670160655096, 'stability': 0.49422210611130657, 'concentration': 0.018979724451243424, 'benchmark_increment': 0.021130936607761577, 'complexity': 7.0, 'behaviour_novelty': 1.0}",True,[],0.17029634734144297,1,0.0266680141721659,0.02635698736054596,0.1244107246479766,0.014743670160655096,0.49422210611130657,0.018979724451243424,0.021130936607761577,7.0,1.0,,,
b1s_orthogonal_exile_0065,orthogonal_exile,"CSRank(SafeCSResidual(Delta($high,30),$ctx_rzrq_rzye,20,5,0.6))","CSRank(SafeCSResidual(Delta($high,30),$ctx_rzrq_rzye,20,5,0.6))",a9f8c80b162c71968f2fe50a1f9a24528c3e444d95a6203cd39da179d1f8b800,a9f8c80b162c71968f2fe50a1f9a24528c3e444d95a6203cd39da179d1f8b800,b1s/orthogonal_exile:fixed:0065,,fixed,frozen_nonadaptive,change_residual,mixed,orthogonal_exile:orthogonal_exile:change_residual,orthogonal_exile:orthogonal_exile:change_residual:mixed,"['ctx_rzrq_rzye', 'high']",9205,,,development,orthogonal_exile,change_residual,5,9287909,"{'raw': 'high', 'other': 'buy_volume', 'context': 'ctx_rzrq_rzye', 'window': 30}",root_sample,allow,no blocked field/primitive combination detected,True,True,,-0.056606780811784024,0.1024739949173518,51,0.27450980392156865,0.11121407035810345,0.015573084778614209,0.026083534645700176,0.6383990318118948,105,0.07748018661653307,0.03755615381348247,0.03304310480073018,True,0.02279840140689915,0.46137459404467485,4,239,"{'signal_quality': 0.026083534645700176, 'cost_adjusted_quality': 0.025889834179158844, 'turnover': 0.07748018661653307, 'worst_time_block_quality': 0.02279840140689915, 'stability': 0.46137459404467485, 'concentration': 0.03755615381348247, 'benchmark_increment': 0.004970022802754961, 'complexity': 5.0, 'behaviour_novelty': 1.0}",True,[],0.16953604321124138,1,0.026083534645700176,0.025889834179158844,0.07748018661653307,0.02279840140689915,0.46137459404467485,0.03755615381348247,0.004970022802754961,5.0,1.0,,,
b1s_temporal_program_0230,temporal_program,"CSRank(PathShape($vwap,30))","CSRank(PathShape($vwap,30))",f17d90253e2c46e7f59643459e2b6106e7aa2aec8ed3f45dcc121388e267c838,f17d90253e2c46e7f59643459e2b6106e7aa2aec8ed3f45dcc121388e267c838,b1s/temporal_program:fixed:0230,,fixed,frozen_nonadaptive,pathshape,raw_1min,temporal_program:temporal_program:pathshape,temporal_program:temporal_program:pathshape:raw_1min,['vwap'],9202,,,development,temporal_program,pathshape,4,9285047,"{'field': 'vwap', 'other': 'sell_volume', 'window': 30, 'state': 'ctx_sent_zb_num'}",root_sample,allow,no blocked field/primitive combination detected,True,True,,-0.0592359243598372,0.10320078451074327,51,0.2549019607843137,0.1093435616626484,0.015311161171289516,0.029226048464109748,0.7505474873213462,3747,0.08291485697163511,0.019852103287637604,0.040652149663896846,True,0.021024075101288883,0.5983540737375843,4,317,"{'signal_quality': 0.029226048464109748, 'cost_adjusted_quality': 0.029018761321680662, 'turnover': 0.08291485697163511, 'worst_time_block_quality': 0.021024075101288883, 'stability': 0.5983540737375843, 'concentration': 0.019852103287637604, 'benchmark_increment': 0.012579067665921626, 'complexity': 4.0, 'behaviour_novelty': 0.5}",True,[],0.16846461704207247,1,0.029226048464109748,0.029018761321680662,0.08291485697163511,0.021024075101288883,0.5983540737375843,0.019852103287637604,0.012579067665921626,4.0,0.5,,,
b1s_benchmark_competitor_0005,benchmark_competitor,"CSRank(Mean($amount_yuan,2))","CSRank(Mean($amount_yuan,2))",67d73216cc8771c6debfe9050d009b5518d0404ca36baa6d5aea5e4c1f4ce032,67d73216cc8771c6debfe9050d009b5518d0404ca36baa6d5aea5e4c1f4ce032,b1s/benchmark_competitor:fixed:0005,,fixed,frozen_nonadaptive,benchmark_liquidity,raw_1min,benchmark_competitor:benchmark_liquidity,benchmark_competitor:benchmark_liquidity:raw_1min,['amount_yuan'],9214,liquidity,,development,benchmark_competitor,benchmark_liquidity,4,4,{},root_sample,allow,no blocked field/primitive combination detected,True,True,,-0.06001871440485124,0.11703041493352029,58,0.3448275862068966,0.13094641959355538,0.017194107252582237,0.026318264189790053,0.995850622406639,147,0.09620101598040225,0.02749042181990904,0.058281398856128194,True,0.024906707089289676,0.2653582828039359,4,4,"{'signal_quality': 0.026318264189790053, 'cost_adjusted_quality': 0.02607776164983905, 'turnover': 0.09620101598040225, 'worst_time_block_quality': 0.024906707089289676, 'stability': 0.2653582828039359, 'concentration': 0.02749042181990904, 'benchmark_increment': 0.030208316858152975, 'complexity': 4.0, 'behaviour_novelty': 1.0}",True,[],0.16536947443512703,1,0.026318264189790053,0.02607776164983905,0.09620101598040225,0.024906707089289676,0.2653582828039359,0.02749042181990904,0.030208316858152975,4.0,1.0,,,
b1s_temporal_program_0104,temporal_program,"CSRank(Slope($vwap,15))","CSRank(Slope($vwap,15))",baad8a98f5932aa86b2a0eb525d2887c2cca03fa02ed0ea937b9f4d76856c6eb,baad8a98f5932aa86b2a0eb525d2887c2cca03fa02ed0ea937b9f4d76856c6eb,b1s/temporal_program:fixed:0104,,fixed,frozen_nonadaptive,slope,raw_1min,temporal_program:temporal_program:slope,temporal_program:temporal_program:slope:raw_1min,['vwap'],9202,,,development,temporal_program,slope,4,9284921,"{'field': 'vwap', 'other': 'sell_volume', 'window': 15, 'state': 'ctx_sent_zb_num'}",root_sample,allow,no blocked field/primitive combination detected,True,True,,-0.04124716792124374,0.09053614462817348,55,0.4,0.10528838116750622,0.01419708242042202,0.013420886377216584,0.8552904564315352,3149,0.05165975993565004,0.01996012905990538,0.03349840956015428,True,0.027102498351781596,0.6210954880347915,4,367,"{'signal_quality': 0.013420886377216584, 'cost_adjusted_quality': 0.013291736977377459, 'turnover': 0.05165975993565004, 'worst_time_block_quality': 0.027102498351781596, 'stability': 0.6210954880347915, 'concentration': 0.01996012905990538, 'benchmark_increment': 0.005425327562179057, 'complexity': 4.0, 'behaviour_novelty': 1.0}",True,[],0.1646328821360672,1,0.013420886377216584,0.013291736977377459,0.05165975993565004,0.027102498351781596,0.6210954880347915,0.01996012905990538,0.005425327562179057,4.0,1.0,,,
b1s_temporal_program_0690,temporal_program,"CSRank(PathShape($low,8))","CSRank(PathShape($low,8))",49664ab5f0acccf825ba36034e057d2a7d97bc8348d0a0fd6c40e4b6ae813c5a,49664ab5f0acccf825ba36034e057d2a7d97bc8348d0a0fd6c40e4b6ae813c5a,b1s/temporal_program:fixed:0690,,fixed,frozen_nonadaptive,pathshape,raw_1min,temporal_program:temporal_program:pathshape,temporal_program:temporal_program:pathshape:raw_1min,['low'],9202,,,development,temporal_program,pathshape,4,9285507,"{'field': 'low', 'other': 'high', 'window': 8, 'state': 'ctx_zls_strong'}",root_sample,allow,no blocked field/primitive combination detected,True,True,,-0.05546861873064682,0.10247413601622253,57,0.3157894736842105,0.11046895949798573,0.01463197113063899,0.0267899553145944,0.970954356846473,286,0.1367568331946027,0.020521416679827,0.05206173970206073,True,0.017135324370086306,0.36422174459446144,4,455,"{'signal_quality': 0.0267899553145944, 'cost_adjusted_quality': 0.026448063231607893, 'turnover': 0.1367568331946027, 'worst_time_block_quality': 0.017135324370086306, 'stability': 0.36422174459446144, 'concentration': 0.020521416679827, 'benchmark_increment': 0.023988657704085512, 'complexity': 4.0, 'behaviour_novelty': 1.0}",True,[],0.16366687819792067,1,0.0267899553145944,0.026448063231607893,0.1367568331946027,0.017135324370086306,0.36422174459446144,0.020521416679827,0.023988657704085512,4.0,1.0,,,
b1s_temporal_program_0084,temporal_program,"CSRank(Slope($low,15))","CSRank(Slope($low,15))",ac6b436b27a1c435302514e134217633e379f78a23bb0d4cb021c466e50c0252,ac6b436b27a1c435302514e134217633e379f78a23bb0d4cb021c466e50c0252,b1s/temporal_program:fixed:0084,,fixed,frozen_nonadaptive,slope,raw_1min,temporal_program:temporal_program:slope,temporal_program:temporal_program:slope:raw_1min,['low'],9202,,,development,temporal_program,slope,4,9284901,"{'field': 'low', 'other': 'high', 'window': 15, 'state': 'ctx_zls_strong'}",root_sample,allow,no blocked field/primitive combination detected,True,True,,-0.039448779129440274,0.09363807033635912,55,0.4,0.1092812934036268,0.014735486596506078,0.010567225400288361,0.941908713692946,270,0.05319977056913535,0.02749042181485879,0.035282456028791515,True,0.02163984721146493,0.6515658796482062,4,361,"{'signal_quality': 0.010567225400288361, 'cost_adjusted_quality': 0.010434225973865523, 'turnover': 0.05319977056913535, 'worst_time_block_quality': 0.02163984721146493, 'stability': 0.6515658796482062, 'concentration': 0.02749042181485879, 'benchmark_increment': 0.007209374030816295, 'complexity': 4.0, 'behaviour_novelty': 1.0}",True,[],0.15648548936987342,1,0.010567225400288361,0.010434225973865523,0.05319977056913535,0.02163984721146493,0.6515658796482062,0.02749042181485879,0.007209374030816295,4.0,1.0,,,
b1s_temporal_program_0227,temporal_program,"CSRank(Mul(Duration($ctx_sent_zb_num),Sign(Delta($vwap,30))))","CSRank(Mul(Duration($ctx_sent_zb_num),Sign(Delta($vwap,30))))",3bacad9d6b8ebaa327e0db23fb100ca78fa432167d4123209ba46e7cf98b73e6,3bacad9d6b8ebaa327e0db23fb100ca78fa432167d4123209ba46e7cf98b73e6,b1s/temporal_program:fixed:0227,,fixed,frozen_nonadaptive,duration,mixed,temporal_program:temporal_program:duration,temporal_program:temporal_program:duration:mixed,"['ctx_sent_zb_num', 'vwap']",9202,,,development,temporal_program,duration,7,9285044,"{'field': 'vwap', 'other': 'sell_volume', 'window': 30, 'state': 'ctx_sent_zb_num'}",root_sample,allow,no blocked field/primitive combination detected,True,True,,-0.05114494429169426,0.08764517975119542,51,0.29411764705882354,0.10021047628728429,0.014032273415604531,0.023641688397109378,0.8543395573997233,460,0.07124033172253719,0.019017919637430457,0.03995336803588215,True,0.025386827839017537,0.4520378292602526,4,391,"{'signal_quality': 0.023641688397109378, 'cost_adjusted_quality': 0.023463587567803035, 'turnover': 0.07124033172253719, 'worst_time_block_quality': 0.025386827839017537, 'stability': 0.4520378292602526, 'concentration': 0.019017919637430457, 'benchmark_increment': 0.011880286037906928, 'complexity': 7.0, 'behaviour_novelty': 0.5}",True,[],0.14307142192755068,1,0.023641688397109378,0.023463587567803035,0.07124033172253719,0.025386827839017537,0.4520378292602526,0.019017919637430457,0.011880286037906928,7.0,0.5,,,
b1s_temporal_program_0105,temporal_program,"CSRank(Acceleration($vwap,15))","CSRank(Acceleration($vwap,15))",c314516e4ef44a25c041f6c318c848b069af50c32103843338b87803c330d039,c314516e4ef44a25c041f6c318c848b069af50c32103843338b87803c330d039,b1s/temporal_program:fixed:0105,,fixed,frozen_nonadaptive,acceleration,raw_1min,temporal_program:temporal_program:acceleration,temporal_program:temporal_program:acceleration:raw_1min,['vwap'],9202,,,development,temporal_program,acceleration,4,9284922,"{'field': 'vwap', 'other': 'sell_volume', 'window': 15, 'state': 'ctx_sent_zb_num'}",root_sample,allow,no blocked field/primitive combination detected,True,True,,-0.03867272644492885,0.08981860235498285,55,0.38181818181818183,0.10838026916982259,0.014613992513604708,0.010029301118263622,0.8477408944213923,3269,0.1556655770143182,0.019868757585467193,0.031130374985751733,True,0.026708687805387158,0.7660935799763491,4,327,"{'signal_quality': 0.010029301118263622, 'cost_adjusted_quality': 0.009640137175727826, 'turnover': 0.1556655770143182, 'worst_time_block_quality': 0.026708687805387158, 'stability': 0.7660935799763491, 'concentration': 0.019868757585467193, 'benchmark_increment': 0.003057292987776513, 'complexity': 4.0, 'behaviour_novelty': 0.5}",True,[],0.13956544622488376,1,0.010029301118263622,0.009640137175727826,0.1556655770143182,0.026708687805387158,0.7660935799763491,0.019868757585467193,0.003057292987776513,4.0,0.5,,,
b1s_temporal_program_0203,temporal_program,"CSRank(Delta($low,30))","CSRank(Delta($low,30))",95cd44e43e8b59489ecf333380a787f746129b12326cc43665228cc597f494b4,95cd44e43e8b59489ecf333380a787f746129b12326cc43665228cc597f494b4,b1s/temporal_program:fixed:0203,,fixed,frozen_nonadaptive,delta,raw_1min,temporal_program:temporal_program:delta,temporal_program:temporal_program:delta:raw_1min,['low'],9202,,,development,temporal_program,delta,4,9285020,"{'field': 'low', 'other': 'high', 'window': 30, 'state': 'ctx_zls_strong'}",root_sample,allow,no blocked field/primitive combination detected,True,True,,-0.06050255627134525,0.09723266431308503,51,0.29411764705882354,0.1069569493308326,0.014976968599635786,0.03114769781605911,0.8755186721991701,287,0.07478367502400134,0.02716584080181289,0.04843500038484939,True,0.010318137499754708,0.3841080684977448,4,284,"{'signal_quality': 0.03114769781605911, 'cost_adjusted_quality': 0.03096073862849911, 'turnover': 0.07478367502400134, 'worst_time_block_quality': 0.010318137499754708, 'stability': 0.3841080684977448, 'concentration': 0.02716584080181289, 'benchmark_increment': 0.020361918386874168, 'complexity': 4.0, 'behaviour_novelty': 0.3333333333333333}",True,[],0.13636250403921438,1,0.03114769781605911,0.03096073862849911,0.07478367502400134,0.010318137499754708,0.3841080684977448,0.02716584080181289,0.020361918386874168,4.0,0.3333333333333333,,,
b1s_llm_proposal_repair_0239,llm_proposal_repair,"CSRank(Add(CSRank($amount_yuan),Mul(Sign($volume),0.014)))","CSRank(Add(CSRank($amount_yuan),Mul(Sign($volume),0.014)))",207a4b98615a3e9e8fe32070783b7258212135cc4326baddbd243af22d109f13,207a4b98615a3e9e8fe32070783b7258212135cc4326baddbd243af22d109f13,b1s/llm_proposal_repair:repair:0239,,repair,codex_gpt5_frozen_pre_reward,llm_repair_rank_level,raw_1min,llm_proposal_repair:static_cross_sectional:rank_level,llm_proposal_repair:static_cross_sectional:rank_level:raw_1min,"['amount_yuan', 'volume']",9213,,repair,development,static_cross_sectional,rank_level,3,18769848,"{'a': 'amount_yuan', 'b': 'close', 'window': 8, 'coefficient': 0.05}",window_shift,allow,no blocked field/primitive combination detected,True,True,,-0.06209835106497988,0.11675549340767033,59,0.3050847457627119,0.1302943865960102,0.016962884297849024,0.028851097841195793,1.0,152,0.1610630867472436,0.02737635368256818,0.061071861339317704,True,0.021306283230822256,0.3410702999888614,4,99,"{'signal_quality': 0.028851097841195793, 'cost_adjusted_quality': 0.028448440124327685, 'turnover': 0.1610630867472436, 'worst_time_block_quality': 0.021306283230822256, 'stability': 0.3410702999888614, 'concentration': 0.02737635368256818, 'benchmark_increment': 0.03299877934134249, 'complexity': 3.0, 'behaviour_novelty': 0.07142857142857142}",True,[],0.12755386224875376,1,0.028851097841195793,0.028448440124327685,0.1610630867472436,0.021306283230822256,0.3410702999888614,0.02737635368256818,0.03299877934134249,3.0,0.07142857142857142,,,
b1s_rx_ucb_0269,rx_ucb,"CSRank(Add(CSRank($m1_first15_range),Mul(Sign($ret_1m),0.026)))","CSRank(Add(CSRank($m1_first15_range),Mul(Sign($ret_1m),0.026)))",1e87358bf898c84e576b0a76e32b42096676588c0a939646fcf8f4238d573eb1,1e87358bf898c84e576b0a76e32b42096676588c0a939646fcf8f4238d573eb1,b1s/rx_ucb:adaptive:0269,b1s_rx_ucb_0087,adaptive,ephemeral_rx_ucb_information_gain,firstn_level,mixed,rx_ucb:firstn_intraday_path:level,rx_ucb:firstn_intraday_path:level:mixed,"['m1_first15_range', 'ret_1m']",9209,,,development,firstn_intraday_path,level,6,9302380,"{'firstn': 'm1_first15_range', 'raw': 'ret_1m', 'window': 2}",root_sample,allow,no blocked field/primitive combination detected,True,True,,-0.03989554677681883,0.08584928368559236,55,0.2909090909090909,0.10338462107579012,0.01394037946202242,0.012572403031254887,0.941908713692946,154,0.022603586676028936,0.027490421820185403,0.03568203898729064,True,0.02060896701421459,0.7143829427619557,4,35,"{'signal_quality': 0.012572403031254887, 'cost_adjusted_quality': 0.012515894064564815, 'turnover': 0.022603586676028936, 'worst_time_block_quality': 0.02060896701421459, 'stability': 0.7143829427619557, 'concentration': 0.027490421820185403, 'benchmark_increment': 0.007608956989315418, 'complexity': 6.0, 'behaviour_novelty': 0.16666666666666666}",True,[],0.12436420054479694,1,0.012572403031254887,0.012515894064564815,0.022603586676028936,0.02060896701421459,0.7143829427619557,0.027490421820185403,0.007608956989315418,6.0,0.16666666666666666,b1s_rx_ucb_0087,1.6916447297388482,1.0
b1s_benchmark_competitor_0017,benchmark_competitor,"CSRank(ZScore(Mean(Abs(Delta($vwap,1)),5)))","CSRank(ZScore(Mean(Abs(Delta($vwap,1)),5)))",ce496714c7fab47f5bc6a9f9f67e7dc8955eb16bd6244fad9ae6055be41fb01d,ce496714c7fab47f5bc6a9f9f67e7dc8955eb16bd6244fad9ae6055be41fb01d,b1s/benchmark_competitor:fixed:0017,,fixed,frozen_nonadaptive,benchmark_x0_r3,raw_1min,benchmark_competitor:benchmark_x0_r3,benchmark_competitor:benchmark_x0_r3:raw_1min,['vwap'],9214,x0_r3,,development,benchmark_competitor,benchmark_x0_r3,7,16,{},root_sample,allow,no blocked field/primitive combination detected,True,True,,-0.03074863615108879,0.0971912455344867,57,0.40350877192982454,0.11913399191114822,0.015779682711264103,0.0,0.9296622867680959,2400,0.08010243046126089,0.020818018841671174,0.027632716495837605,True,0.01738625079307534,0.6723198455572813,4,14,"{'signal_quality': 0.0, 'cost_adjusted_quality': -0.00020025607615315223, 'turnover': 0.08010243046126089, 'worst_time_block_quality': 0.01738625079307534, 'stability': 0.6723198455572813, 'concentration': 0.020818018841671174, 'benchmark_increment': -0.00044036550213761433, 'complexity': 7.0, 'behaviour_novelty': 1.0}",True,[],0.12257453462808954,1,0.0,-0.00020025607615315223,0.08010243046126089,0.01738625079307534,0.6723198455572813,0.020818018841671174,-0.00044036550213761433,7.0,1.0,,,
b1s_rx_ucb_0183,rx_ucb,"CSRank(Add(CSRank(Mul($m1_first30_range,Sign(Delta($low,30)))),Mul(Sign($amount_yuan),0.026)))","CSRank(Add(CSRank(Mul($m1_first30_range,Sign(Delta($low,30)))),Mul(Sign($amount_yuan),0.026)))",92b1a2ac73a0c2495a178cbdf4dd9e945d394f1f10fcef66325734bf9f02c40a,92b1a2ac73a0c2495a178cbdf4dd9e945d394f1f10fcef66325734bf9f02c40a,b1s/rx_ucb:control:0183,,control,matched_nonadaptive_control,firstn_signed_path,mixed,rx_ucb:firstn_intraday_path:signed_path,rx_ucb:firstn_intraday_path:signed_path:mixed,"['amount_yuan', 'low', 'm1_first30_range']",9209,,,development,firstn_intraday_path,signed_path,6,9291911,"{'firstn': 'm1_first30_range', 'raw': 'low', 'window': 30}",root_sample,allow,no blocked field/primitive combination detected,True,True,,-0.04575311387289514,0.08809210711142647,51,0.27450980392156865,0.09942430532915952,0.0139221874620742,0.018465626447229714,0.8755186721991701,213,0.07072310423140941,0.027490421818304384,0.036627412536142434,True,0.0038280233003380607,0.27976118332761735,4,300,"{'signal_quality': 0.018465626447229714, 'cost_adjusted_quality': 0.01828881868665119, 'turnover': 0.07072310423140941, 'worst_time_block_quality': 0.0038280233003380607, 'stability': 0.27976118332761735, 'concentration': 0.027490421818304384, 'benchmark_increment': 0.008554330538167215, 'complexity': 6.0, 'behaviour_novelty': 1.0}",True,[],0.11701587605350901,1,0.018465626447229714,0.01828881868665119,0.07072310423140941,0.0038280233003380607,0.27976118332761735,0.027490421818304384,0.008554330538167215,6.0,1.0,,,
b1s_llm_proposal_repair_0040,llm_proposal_repair,"CSRank(Add(CSRank($m1_first30_range),Mul(Sign($ret_1m),0.014)))","CSRank(Add(CSRank($m1_first30_range),Mul(Sign($ret_1m),0.014)))",8ccc72eb88ed395a883b9a123e29fdd1e6363a7bcc9519e0aeb9367fb1d4e783,8ccc72eb88ed395a883b9a123e29fdd1e6363a7bcc9519e0aeb9367fb1d4e783,b1s/llm_proposal_repair:proposal:0040,,proposal,codex_gpt5_frozen_pre_reward,llm_hypothesis_firstn_level,mixed,llm_proposal_repair:firstn_intraday_path:level,llm_proposal_repair:firstn_intraday_path:level:mixed,"['m1_first30_range', 'ret_1m']",9213,,proposal,development,firstn_intraday_path,level,3,9369580,"{'firstn': 'm1_first30_range', 'raw': 'open', 'window': 30}",root_sample,allow,no blocked field/primitive combination detected,True,True,,-0.036261301788480145,0.08295083883079263,51,0.3333333333333333,0.09654304819650661,0.013518730764092447,0.009764589490858948,0.8796680497925311,144,0.014615239899708747,0.0274904218193889,0.029166369954105376,True,0.021233453170448738,0.6869642547188527,4,138,"{'signal_quality': 0.009764589490858948, 'cost_adjusted_quality': 0.009728051391109676, 'turnover': 0.014615239899708747, 'worst_time_block_quality': 0.021233453170448738, 'stability': 0.6869642547188527, 'concentration': 0.0274904218193889, 'benchmark_increment': 0.001093287956130156, 'complexity': 3.0, 'behaviour_novelty': 0.14285714285714285}",True,[],0.11491002781849975,1,0.009764589490858948,0.009728051391109676,0.014615239899708747,0.021233453170448738,0.6869642547188527,0.0274904218193889,0.001093287956130156,3.0,0.14285714285714285,,,
b1s_temporal_program_0214,temporal_program,"CSRank(Slope($close,30))","CSRank(Slope($close,30))",92639b1adc0fc9fa697ce0b45903a43cde2d6d7d93584116c1d3c9b61f64adde,92639b1adc0fc9fa697ce0b45903a43cde2d6d7d93584116c1d3c9b61f64adde,b1s/temporal_program:fixed:0214,,fixed,frozen_nonadaptive,slope,raw_1min,temporal_program:temporal_program:slope,temporal_program:temporal_program:slope:raw_1min,['close'],9202,,,development,temporal_program,slope,4,9285031,"{'field': 'close', 'other': 'amount_yuan', 'window': 30, 'state': 'ctx_sent_lb_2_num'}",root_sample,allow,no blocked field/primitive combination detected,True,True,,-0.05240869745116197,0.08785324017372631,51,0.21568627450980393,0.09586400513753585,0.013423645716925024,0.026098351845988927,0.8796680497925311,216,0.02964622272654123,0.02749042181958879,0.042154345908204036,True,0.0021776558720682025,0.4041088119988132,4,207,"{'signal_quality': 0.026098351845988927, 'cost_adjusted_quality': 0.026024236289172574, 'turnover': 0.02964622272654123, 'worst_time_block_quality': 0.0021776558720682025, 'stability': 0.4041088119988132, 'concentration': 0.02749042181958879, 'benchmark_increment': 0.014081263910228816, 'complexity': 4.0, 'behaviour_novelty': 0.25}",True,[],0.11414603754967256,1,0.026098351845988927,0.026024236289172574,0.02964622272654123,0.0021776558720682025,0.4041088119988132,0.02749042181958879,0.014081263910228816,4.0,0.25,,,
b1s_benchmark_competitor_0036,benchmark_competitor,"CSRank(Std($ret_1m,10))","CSRank(Std($ret_1m,10))",986a4186281c488dfc0e1955b8a3e94235823e3f4a9bff05d4ceccf0bb1ec295,986a4186281c488dfc0e1955b8a3e94235823e3f4a9bff05d4ceccf0bb1ec295,b1s/benchmark_competitor:fixed:0036,,fixed,frozen_nonadaptive,benchmark_volatility,raw_1min,benchmark_competitor:benchmark_volatility,benchmark_competitor:benchmark_volatility:raw_1min,['ret_1m'],9214,volatility,,development,benchmark_competitor,benchmark_volatility,4,35,{},root_sample,allow,no blocked field/primitive combination detected,True,True,,-0.025629652422205003,0.08923365538377201,56,0.44642857142857145,0.1074261609009108,0.014355424588130673,0.0,0.9626556016597511,148,0.0475167515828334,0.027490421819367592,0.02363974321986856,True,0.01324111218522778,0.5496592784352674,4,28,"{'signal_quality': 0.0, 'cost_adjusted_quality': -0.0001187918789570835, 'turnover': 0.0475167515828334, 'worst_time_block_quality': 0.01324111218522778, 'stability': 0.5496592784352674, 'concentration': 0.027490421819367592, 'benchmark_increment': -0.004433338778106661, 'complexity': 4.0, 'behaviour_novelty': 1.0}",True,[],0.10868177731424586,1,0.0,-0.0001187918789570835,0.0475167515828334,0.01324111218522778,0.5496592784352674,0.027490421819367592,-0.004433338778106661,4.0,1.0,,,
b1s_static_cross_sectional_0260,static_cross_sectional,"CSRank(Div(Sub($ctx_hfq_turnover_ratio,$low),Add(Abs($ctx_hfq_turnover_ratio),0.000001)))","CSRank(Div(Sub($ctx_hfq_turnover_ratio,$low),Add(Abs($ctx_hfq_turnover_ratio),0.000001)))",b4832f683c9471ca0ab2755f81661b06365d1ccd38634fa4f66ab18fece2145d,b4832f683c9471ca0ab2755f81661b06365d1ccd38634fa4f66ab18fece2145d,b1s/static_cross_sectional:fixed:0260,,fixed,frozen_nonadaptive,simple_nonlinear,mixed,static_cross_sectional:static_cross_sectional:simple_nonlinear,static_cross_sectional:static_cross_sectional:simple_nonlinear:mixed,"['ctx_hfq_turnover_ratio', 'low']",9200,,,development,static_cross_sectional,simple_nonlinear,7,9283059,"{'a': 'ctx_hfq_turnover_ratio', 'b': 'low', 'window': 2, 'coefficient': 0.2}",root_sample,allow,no blocked field/primitive combination detected,True,True,,-0.0338626230493191,0.10087859234887388,59,0.4067796610169492,0.1219696736237762,0.01587909898176594,0.0027395890450578574,1.0,144,0.0002399209605991254,0.0274904218193889,0.033302871718599796,True,0.0182933349454502,0.6452785063034265,4,340,"{'signal_quality': 0.0027395890450578574, 'cost_adjusted_quality': 0.0027389892426563597, 'turnover': 0.0002399209605991254, 'worst_time_block_quality': 0.0182933349454502, 'stability': 0.6452785063034265, 'concentration': 0.0274904218193889, 'benchmark_increment': 0.005229789720624576, 'complexity': 7.0, 'behaviour_novelty': 0.3333333333333333}",True,[],0.1003778378527494,1,0.0027395890450578574,0.0027389892426563597,0.0002399209605991254,0.0182933349454502,0.6452785063034265,0.0274904218193889,0.005229789720624576,7.0,0.3333333333333333,,,
b1s_rx_ucb_0003,rx_ucb,"CSRank(Add(CSRank(Mul($m1_first5_range,Sign(Delta($low,30)))),Mul(Sign($close),0.026)))","CSRank(Add(CSRank(Mul($m1_first5_range,Sign(Delta($low,30)))),Mul(Sign($close),0.026)))",1af7dc0c1cf6e1c714a3ffe1d4f4a4f2f4cc26a9c9cdeecc0c20af50f8b991d0,1af7dc0c1cf6e1c714a3ffe1d4f4a4f2f4cc26a9c9cdeecc0c20af50f8b991d0,b1s/rx_ucb:control:0003,,control,matched_nonadaptive_control,firstn_signed_path,mixed,rx_ucb:firstn_intraday_path:signed_path,rx_ucb:firstn_intraday_path:signed_path:mixed,"['close', 'low', 'm1_first5_range']",9209,,,development,firstn_intraday_path,signed_path,6,9291881,"{'firstn': 'm1_first5_range', 'raw': 'low', 'window': 30}",root_sample,allow,no blocked field/primitive combination detected,True,True,,-0.04684030294007178,0.09868434333963143,51,0.3333333333333333,0.11167550089349837,0.015637697977501797,0.016190414904168254,0.8755186721991701,234,0.07075594322880356,0.027490421813591424,0.03749775597503683,True,0.005360828391359521,0.20305730932829782,4,280,"{'signal_quality': 0.016190414904168254, 'cost_adjusted_quality': 0.016013525046096246, 'turnover': 0.07075594322880356, 'worst_time_block_quality': 0.005360828391359521, 'stability': 0.20305730932829782, 'concentration': 0.027490421813591424, 'benchmark_increment': 0.00942467397706161, 'complexity': 6.0, 'behaviour_novelty': 0.5}",True,[],0.08122887369614083,1,0.016190414904168254,0.016013525046096246,0.07075594322880356,0.005360828391359521,0.20305730932829782,0.027490421813591424,0.00942467397706161,6.0,0.5,,,
b1s_benchmark_competitor_0044,benchmark_competitor,"CSRank(Std($ret_1m,15))","CSRank(Std($ret_1m,15))",386761671b3af4a37aaf522a02c0f7526263a11c6b346acb41b923ad02ed867a,386761671b3af4a37aaf522a02c0f7526263a11c6b346acb41b923ad02ed867a,b1s/benchmark_competitor:fixed:0044,,fixed,frozen_nonadaptive,benchmark_volatility,raw_1min,benchmark_competitor:benchmark_volatility,benchmark_competitor:benchmark_volatility:raw_1min,['ret_1m'],9214,volatility,,development,benchmark_competitor,benchmark_volatility,4,43,{},root_sample,allow,no blocked field/primitive combination detected,True,True,,-0.021624286896811225,0.08184375313218248,55,0.4,0.10235604699683548,0.013801686561509525,0.0,0.941908713692946,146,0.033744486119244896,0.02749042181935312,0.01934047056531911,True,0.009803567244855873,0.4588965400026924,4,34,"{'signal_quality': 0.0, 'cost_adjusted_quality': -8.436121529811224e-05, 'turnover': 0.033744486119244896, 'worst_time_block_quality': 0.009803567244855873, 'stability': 0.4588965400026924, 'concentration': 0.02749042181935312, 'benchmark_increment': -0.00873261143265611, 'complexity': 4.0, 'behaviour_novelty': 0.3333333333333333}",True,[],0.06141330264997531,1,0.0,-8.436121529811224e-05,0.033744486119244896,0.009803567244855873,0.4588965400026924,0.02749042181935312,-0.00873261143265611,4.0,0.3333333333333333,,,
b1s_benchmark_competitor_0033,benchmark_competitor,"CSRank(ZScore(Mean(Abs(Delta($vwap,1)),10)))","CSRank(ZScore(Mean(Abs(Delta($vwap,1)),10)))",a3cd6eed3e47022ec370a87003c781b487ca155a85dc707b12b0da14e3abb23f,a3cd6eed3e47022ec370a87003c781b487ca155a85dc707b12b0da14e3abb23f,b1s/benchmark_competitor:fixed:0033,,fixed,frozen_nonadaptive,benchmark_x0_r3,raw_1min,benchmark_competitor:benchmark_x0_r3,benchmark_competitor:benchmark_x0_r3:raw_1min,['vwap'],9214,x0_r3,,development,benchmark_competitor,benchmark_x0_r3,7,32,{},root_sample,allow,no blocked field/primitive combination detected,True,True,,-0.011840088694066898,0.09275121179187036,56,0.4642857142857143,0.11224011989013558,0.01499871691711852,0.0,0.8864396035039188,3078,0.047008238842837696,0.020288531198374794,0.010056183800518924,True,0.0031822582725167248,0.13144868828834755,4,26,"{'signal_quality': 0.0, 'cost_adjusted_quality': -0.00011752059710709424, 'turnover': 0.047008238842837696, 'worst_time_block_quality': 0.0031822582725167248, 'stability': 0.13144868828834755, 'concentration': 0.020288531198374794, 'benchmark_increment': -0.018016898197456298, 'complexity': 7.0, 'behaviour_novelty': 1.0}",True,[],0.04729549082280556,1,0.0,-0.00011752059710709424,0.047008238842837696,0.0031822582725167248,0.13144868828834755,0.020288531198374794,-0.018016898197456298,7.0,1.0,,,
b1s_firstn_intraday_path_0204,firstn_intraday_path,"CSRank(Sub($m1_first15_last_return_vs_open,Mean($ret_1m,5)))","CSRank(Sub($m1_first15_last_return_vs_open,Mean($ret_1m,5)))",9c102bce1cd71bc757b7e188203aecf24070db01e1ef096aff5637d42ef63f69,9c102bce1cd71bc757b7e188203aecf24070db01e1ef096aff5637d42ef63f69,b1s/firstn_intraday_path:fixed:0204,,fixed,frozen_nonadaptive,firstn_opening_gap,mixed,firstn_intraday_path:firstn_intraday_path:opening_gap,firstn_intraday_path:firstn_intraday_path:opening_gap:mixed,"['m1_first15_last_return_vs_open', 'ret_1m']",9201,,,development,firstn_intraday_path,opening_gap,5,9284012,"{'firstn': 'm1_first15_last_return_vs_open', 'raw': 'ret_1m', 'window': 5}",root_sample,allow,no blocked field/primitive combination detected,True,True,,0.03160885109969732,0.07849456260681185,55,0.6,0.0867557070408093,0.011698137150962991,0.008680502283809857,0.941908713692946,153,0.009547543731992451,0.02749042181943868,0.028270530131904555,True,0.0006152922524512835,0.2106691290811642,4,23,"{'signal_quality': 0.008680502283809857, 'cost_adjusted_quality': 0.008656633424479875, 'turnover': 0.009547543731992451, 'worst_time_block_quality': 0.0006152922524512835, 'stability': 0.2106691290811642, 'concentration': 0.02749042181943868, 'benchmark_increment': 0.00019744813392933575, 'complexity': 5.0, 'behaviour_novelty': 0.125}",True,[],0.041229844624889996,1,0.008680502283809857,0.008656633424479875,0.009547543731992451,0.0006152922524512835,0.2106691290811642,0.02749042181943868,0.00019744813392933575,5.0,0.125,,,
b1s_benchmark_competitor_0041,benchmark_competitor,"CSRank(ZScore(Mean(Abs(Delta($vwap,1)),15)))","CSRank(ZScore(Mean(Abs(Delta($vwap,1)),15)))",46d4661ce1da4b38e9b17df804a73a846ac33a5a70eb2775dcde2e6b9433af4c,46d4661ce1da4b38e9b17df804a73a846ac33a5a70eb2775dcde2e6b9433af4c,b1s/benchmark_competitor:fixed:0041,,fixed,frozen_nonadaptive,benchmark_x0_r3,raw_1min,benchmark_competitor:benchmark_x0_r3,benchmark_competitor:benchmark_x0_r3:raw_1min,['vwap'],9214,x0_r3,,development,benchmark_competitor,benchmark_x0_r3,7,40,{},root_sample,allow,no blocked field/primitive combination detected,True,True,,-0.007542952915612462,0.09222525154955179,55,0.45454545454545453,0.11643765170345349,0.015700449752802246,0.0,0.8477408944213923,3260,0.03405338111669985,0.01986875758551276,0.006071848932018511,True,0.003956800854452677,0.0,4,32,"{'signal_quality': 0.0, 'cost_adjusted_quality': -8.513345279174964e-05, 'turnover': 0.03405338111669985, 'worst_time_block_quality': 0.003956800854452677, 'stability': 0.0, 'concentration': 0.01986875758551276, 'benchmark_increment': -0.022001233065956707, 'complexity': 7.0, 'behaviour_novelty': 1.0}",True,[],0.033637246672777524,1,0.0,-8.513345279174964e-05,0.03405338111669985,0.003956800854452677,0.0,0.01986875758551276,-0.022001233065956707,7.0,1.0,,,
b1s_evolutionary_0078,evolutionary,"CSRank(Add(CSRank(Div(Sub($ctx_hfq_volume_ratio,$ret_1m),Add(Abs($ctx_hfq_volume_ratio),0.000001))),Mul(Sign($vwap),0.012)))","CSRank(Add(CSRank(Div(Sub($ctx_hfq_volume_ratio,$ret_1m),Add(Abs($ctx_hfq_volume_ratio),0.000001))),Mul(Sign($vwap),0.012)))",01663886e7e9a8f4092dcf0957f2680f06dae776a0110d537287669fbfbe8164,01663886e7e9a8f4092dcf0957f2680f06dae776a0110d537287669fbfbe8164,b1s/evolutionary:control:0078,,control,matched_nonadaptive_control,simple_nonlinear,mixed,evolutionary:static_cross_sectional:simple_nonlinear,evolutionary:static_cross_sectional:simple_nonlinear:mixed,"['ctx_hfq_volume_ratio', 'ret_1m', 'vwap']",9211,,,development,static_cross_sectional,simple_nonlinear,7,9293911,"{'a': 'ctx_hfq_volume_ratio', 'b': 'ret_1m', 'window': 8, 'coefficient': 0.05}",root_sample,allow,no blocked field/primitive combination detected,True,True,,0.20223802728400214,0.2050381944262913,59,0.9661016949152542,0.09370437753515377,0.012199270865437647,0.17832745638774436,0.9861687413554634,1631,0.3583674333172899,0.020151462556269414,0.19614405126195453,True,0.13273602306471483,0.7789510589439264,4,65,"{'signal_quality': 0.17832745638774436, 'cost_adjusted_quality': 0.17743153780445114, 'turnover': 0.3583674333172899, 'worst_time_block_quality': 0.13273602306471483, 'stability': 0.7789510589439264, 'concentration': 0.020151462556269414, 'benchmark_increment': 0.1680709692639793, 'complexity': 7.0, 'behaviour_novelty': 1.0}",True,[],0.6072918427520333,2,0.17832745638774436,0.17743153780445114,0.3583674333172899,0.13273602306471483,0.7789510589439264,0.020151462556269414,0.1680709692639793,7.0,1.0,,,
b1s_evolutionary_0150,evolutionary,"CSRank(Add(CSRank(Div(Sub($ctx_hfq_pb,$ret_1m),Add(Abs($ctx_hfq_pb),0.000001))),Mul(Sign($vwap),0.012)))","CSRank(Add(CSRank(Div(Sub($ctx_hfq_pb,$ret_1m),Add(Abs($ctx_hfq_pb),0.000001))),Mul(Sign($vwap),0.012)))",7fb7b8e0cfa4eaa2a77c8a0e93acaefb65b02e73c8c298c698748c508948b636,7fb7b8e0cfa4eaa2a77c8a0e93acaefb65b02e73c8c298c698748c508948b636,b1s/evolutionary:control:0150,,control,matched_nonadaptive_control,simple_nonlinear,mixed,evolutionary:static_cross_sectional:simple_nonlinear,evolutionary:static_cross_sectional:simple_nonlinear:mixed,"['ctx_hfq_pb', 'ret_1m', 'vwap']",9211,,,development,static_cross_sectional,simple_nonlinear,7,9293923,"{'a': 'ctx_hfq_pb', 'b': 'ret_1m', 'window': 8, 'coefficient': 0.1}",root_sample,allow,no blocked field/primitive combination detected,True,True,,0.20401113102272256,0.20409318369381518,59,0.9830508474576272,0.09034743992218254,0.011762234813374356,0.18095715078850882,0.9861687413554634,1196,0.35700000055233555,0.020151462558700303,0.1978637266132768,True,0.14263854154351874,0.8127303722111083,4,81,"{'signal_quality': 0.18095715078850882, 'cost_adjusted_quality': 0.180064650787128, 'turnover': 0.35700000055233555, 'worst_time_block_quality': 0.14263854154351874, 'stability': 0.8127303722111083, 'concentration': 0.020151462558700303, 'benchmark_increment': 0.16979064461530158, 'complexity': 7.0, 'behaviour_novelty': 0.3333333333333333}",True,[],0.5871267123221132,2,0.18095715078850882,0.180064650787128,0.35700000055233555,0.14263854154351874,0.8127303722111083,0.020151462558700303,0.16979064461530158,7.0,0.3333333333333333,,,
b1s_rx_ucb_0241,rx_ucb,"CSRank(Add(CSRank(Add($m1_first15_range,PathShape($close,2))),Mul(Sign($high),0.026)))","CSRank(Add(CSRank(Add($m1_first15_range,PathShape($close,2))),Mul(Sign($high),0.026)))",23d72fa25246e04f424256fe63236d45572b9c37ae2a28287309e7994b88a15b,23d72fa25246e04f424256fe63236d45572b9c37ae2a28287309e7994b88a15b,b1s/rx_ucb:adaptive:0241,b1s_rx_ucb_0165,adaptive,ephemeral_rx_ucb_information_gain,firstn_path_shape,mixed,rx_ucb:firstn_intraday_path:path_shape,rx_ucb:firstn_intraday_path:path_shape:mixed,"['close', 'high', 'm1_first15_range']",9209,,,development,firstn_intraday_path,path_shape,8,9302203,"{'firstn': 'm1_first15_range', 'raw': 'close', 'window': 2}",root_sample,allow,no blocked field/primitive combination detected,True,True,,-0.19448038724255143,0.19642294883552855,55,0.01818181818181818,0.09759430383852846,0.01315961324502635,0.1686875452822998,0.941908713692946,208,0.3454464211833726,0.027490421819606696,0.17394063549679809,True,0.12635827648822542,0.793126324568776,4,314,"{'signal_quality': 0.1686875452822998, 'cost_adjusted_quality': 0.16782392922934136, 'turnover': 0.3454464211833726, 'worst_time_block_quality': 0.12635827648822542, 'stability': 0.793126324568776, 'concentration': 0.027490421819606696, 'benchmark_increment': 0.14586755349882286, 'complexity': 8.0, 'behaviour_novelty': 1.0}",True,[],0.5864275587123505,2,0.1686875452822998,0.16782392922934136,0.3454464211833726,0.12635827648822542,0.793126324568776,0.027490421819606696,0.14586755349882286,8.0,1.0,b1s_rx_ucb_0165,1.4353817610055457,0.16666666666666666
b1s_temporal_program_0581,temporal_program,"CSRank(Sub(RecoveryPath($close,5),DrawdownPath($amount_yuan,5)))","CSRank(Sub(RecoveryPath($close,5),DrawdownPath($amount_yuan,5)))",c2d8e28cb39a98acebca7a75bede53397e774c6f73703706244eb6d556620c0c,c2d8e28cb39a98acebca7a75bede53397e774c6f73703706244eb6d556620c0c,b1s/temporal_program:fixed:0581,,fixed,frozen_nonadaptive,drawdownrecovery,raw_1min,temporal_program:temporal_program:drawdownrecovery,temporal_program:temporal_program:drawdownrecovery:raw_1min,"['amount_yuan', 'close']",9202,,,development,temporal_program,drawdownrecovery,6,9285398,"{'field': 'close', 'other': 'amount_yuan', 'window': 5, 'state': 'ctx_sent_lb_2_num'}",root_sample,allow,no blocked field/primitive combination detected,True,True,,-0.19305485759299731,0.2034527206064861,58,0.05172413793103448,0.11087247977663908,0.014558269821782205,0.16452064874230418,0.983402489626556,232,0.27019455253241736,0.027199832230182578,0.18512331407312344,True,0.11975664157067219,0.7784522403779754,4,446,"{'signal_quality': 0.16452064874230418, 'cost_adjusted_quality': 0.16384516236097313, 'turnover': 0.27019455253241736, 'worst_time_block_quality': 0.11975664157067219, 'stability': 0.7784522403779754, 'concentration': 0.027199832230182578, 'benchmark_increment': 0.1570502320751482, 'complexity': 6.0, 'behaviour_novelty': 1.0}",True,[],0.5844697007056537,2,0.16452064874230418,0.16384516236097313,0.27019455253241736,0.11975664157067219,0.7784522403779754,0.027199832230182578,0.1570502320751482,6.0,1.0,,,
b1s_temporal_program_0261,temporal_program,"CSRank(Sub(RecoveryPath($ret_1m,30),DrawdownPath($low,30)))","CSRank(Sub(RecoveryPath($ret_1m,30),DrawdownPath($low,30)))",dbbbb143fb27abf5c052cfaab5d5641cc991d962500d2639f869833c12fec786,dbbbb143fb27abf5c052cfaab5d5641cc991d962500d2639f869833c12fec786,b1s/temporal_program:fixed:0261,,fixed,frozen_nonadaptive,drawdownrecovery,raw_1min,temporal_program:temporal_program:drawdownrecovery,temporal_program:temporal_program:drawdownrecovery:raw_1min,"['low', 'ret_1m']",9202,,,development,temporal_program,drawdownrecovery,6,9285078,"{'field': 'ret_1m', 'other': 'low', 'window': 30, 'state': 'evt_uplimit_active'}",root_sample,allow,no blocked field/primitive combination detected,True,True,,-0.1865697370623628,0.18913349828797393,51,0.0392156862745098,0.0908853332398789,0.012726492206605128,0.16162581233741674,0.8796680497925311,181,0.3287192456969807,0.027425811826879948,0.15006526806849962,True,0.12255241402959313,0.7656729029335199,4,403,"{'signal_quality': 0.16162581233741674, 'cost_adjusted_quality': 0.16080401422317428, 'turnover': 0.3287192456969807, 'worst_time_block_quality': 0.12255241402959313, 'stability': 0.7656729029335199, 'concentration': 0.027425811826879948, 'benchmark_increment': 0.12199218607052441, 'complexity': 6.0, 'behaviour_novelty': 1.0}",True,[],0.5674409989346245,2,0.16162581233741674,0.16080401422317428,0.3287192456969807,0.12255241402959313,0.7656729029335199,0.027425811826879948,0.12199218607052441,6.0,1.0,,,
b1s_temporal_program_0141,temporal_program,"CSRank(Sub(RecoveryPath($ret_1m,15),DrawdownPath($low,15)))","CSRank(Sub(RecoveryPath($ret_1m,15),DrawdownPath($low,15)))",bd9986275fa43ed198a6975a4b8d127d9bd40dc1d9f2ee7b9297f986099af110,bd9986275fa43ed198a6975a4b8d127d9bd40dc1d9f2ee7b9297f986099af110,b1s/temporal_program:fixed:0141,,fixed,frozen_nonadaptive,drawdownrecovery,raw_1min,temporal_program:temporal_program:drawdownrecovery,temporal_program:temporal_program:drawdownrecovery:raw_1min,"['low', 'ret_1m']",9202,,,development,temporal_program,drawdownrecovery,6,9284958,"{'field': 'ret_1m', 'other': 'low', 'window': 15, 'state': 'evt_uplimit_active'}",root_sample,allow,no blocked field/primitive combination detected,True,True,,-0.17992901016464663,0.18129722040538887,55,0.03636363636363636,0.09253732852698734,0.012477730833122144,0.15547265773172722,0.941908713692946,224,0.33713673120810117,0.027248215457924108,0.160926080084958,True,0.12072043438753365,0.7983573122593176,4,380,"{'signal_quality': 0.15547265773172722, 'cost_adjusted_quality': 0.15462981590370697, 'turnover': 0.33713673120810117, 'worst_time_block_quality': 0.12072043438753365, 'stability': 0.7983573122593176, 'concentration': 0.027248215457924108, 'benchmark_increment': 0.13285299808698278, 'complexity': 6.0, 'behaviour_novelty': 1.0}",True,[],0.564873226509411,2,0.15547265773172722,0.15462981590370697,0.33713673120810117,0.12072043438753365,0.7983573122593176,0.027248215457924108,0.13285299808698278,6.0,1.0,,,
b1s_rx_ucb_0121,rx_ucb,"CSRank(Add(CSRank(SafeCSResidual(Delta($close,2),$ctx_hfq_float_market_cap_yuan,20,5,0.6)),Mul(Sign($high),0.026)))","CSRank(Add(CSRank(SafeCSResidual(Delta($close,2),$ctx_hfq_float_market_cap_yuan,20,5,0.6)),Mul(Sign($high),0.026)))",99fd861b3167fbe2c1d72220ab4b2930b059e226cac427c2b2b185d52eee73ef,99fd861b3167fbe2c1d72220ab4b2930b059e226cac427c2b2b185d52eee73ef,b1s/rx_ucb:control:0121,,control,matched_nonadaptive_control,change_residual,mixed,rx_ucb:orthogonal_exile:change_residual,rx_ucb:orthogonal_exile:change_residual:mixed,"['close', 'ctx_hfq_float_market_cap_yuan', 'high']",9209,,,development,orthogonal_exile,change_residual,5,9291901,"{'raw': 'close', 'other': 'trade_count', 'context': 'ctx_hfq_float_market_cap_yuan', 'window': 2}",root_sample,allow,no blocked field/primitive combination detected,True,True,,-0.19118951998461584,0.2006691343456888,58,0.034482758620689655,0.11394900497225033,0.01496223737082098,0.1618635347378067,0.991701244813278,144,0.2628388740192157,0.0274904218193889,0.18488174028001098,True,0.10294080466984162,0.7204645483637909,4,293,"{'signal_quality': 0.1618635347378067, 'cost_adjusted_quality': 0.16120643755275868, 'turnover': 0.2628388740192157, 'worst_time_block_quality': 0.10294080466984162, 'stability': 0.7204645483637909, 'concentration': 0.0274904218193889, 'benchmark_increment': 0.15680865828203575, 'complexity': 5.0, 'behaviour_novelty': 1.0}",True,[],0.5641758233592435,2,0.1618635347378067,0.16120643755275868,0.2628388740192157,0.10294080466984162,0.7204645483637909,0.0274904218193889,0.15680865828203575,5.0,1.0,,,
b1s_evolutionary_0126,evolutionary,"CSRank(Add(CSRank(Div(Sub($ctx_hfq_float_market_cap_yuan,$ret_1m),Add(Abs($ctx_hfq_float_market_cap_yuan),0.000001))),Mul(Sign($vwap),0.012)))","CSRank(Add(CSRank(Div(Sub($ctx_hfq_float_market_cap_yuan,$ret_1m),Add(Abs($ctx_hfq_float_market_cap_yuan),0.000001))),Mul(Sign($vwap),0.012)))",7dc75207263ccbfaa57e730c4fff3b6d79d97b1bb7c4f1ef00181e84afd2921a,7dc75207263ccbfaa57e730c4fff3b6d79d97b1bb7c4f1ef00181e84afd2921a,b1s/evolutionary:control:0126,,control,matched_nonadaptive_control,simple_nonlinear,mixed,evolutionary:static_cross_sectional:simple_nonlinear,evolutionary:static_cross_sectional:simple_nonlinear:mixed,"['ctx_hfq_float_market_cap_yuan', 'ret_1m', 'vwap']",9211,,,development,static_cross_sectional,simple_nonlinear,7,9293919,"{'a': 'ctx_hfq_float_market_cap_yuan', 'b': 'ret_1m', 'window': 8, 'coefficient': 0.1}",root_sample,allow,no blocked field/primitive combination detected,True,True,,0.19625055141301007,0.19784339888900407,59,0.9491525423728814,0.09593890353492526,0.012490181371906234,0.17176979592407385,0.9861687413554634,1326,0.3555359352796831,0.02015146256006387,0.19033699415236174,True,0.1152177667698287,0.7558239014980109,4,70,"{'signal_quality': 0.17176979592407385, 'cost_adjusted_quality': 0.17088095608587464, 'turnover': 0.3555359352796831, 'worst_time_block_quality': 0.1152177667698287, 'stability': 0.7558239014980109, 'concentration': 0.02015146256006387, 'benchmark_increment': 0.1622639121543865, 'complexity': 7.0, 'behaviour_novelty': 0.5}",True,[],0.558899978680686,2,0.17176979592407385,0.17088095608587464,0.3555359352796831,0.1152177667698287,0.7558239014980109,0.02015146256006387,0.1622639121543865,7.0,0.5,,,
b1s_orthogonal_exile_0314,orthogonal_exile,"CSRank(CSResidual(PathShape($close,5),Delta($close,5)))","CSRank(CSResidual(PathShape($close,5),Delta($close,5)))",e593c18511c5e4ad135d5a364387b5ddfebf2c5d025a4632327e9b5df2fd5fd6,e593c18511c5e4ad135d5a364387b5ddfebf2c5d025a4632327e9b5df2fd5fd6,b1s/orthogonal_exile:fixed:0314,,fixed,frozen_nonadaptive,path_residual,raw_1min,orthogonal_exile:orthogonal_exile:path_residual,orthogonal_exile:orthogonal_exile:path_residual:raw_1min,['close'],9205,,,development,orthogonal_exile,path_residual,6,9288158,"{'raw': 'close', 'other': 'close', 'context': 'ctx_rzrq_rzjme', 'window': 5}",root_sample,allow,no blocked field/primitive combination detected,True,True,,-0.17057294162215636,0.18667957276252237,57,0.05263157894736842,0.11485616041658558,0.015213070088002089,0.14075532424967227,0.979253112033195,287,0.268342444894122,0.023787259025763986,0.16146470739265897,True,0.12895271065488914,0.818668256330298,4,279,"{'signal_quality': 0.14075532424967227, 'cost_adjusted_quality': 0.14008446813743697, 'turnover': 0.268342444894122, 'worst_time_block_quality': 0.12895271065488914, 'stability': 0.818668256330298, 'concentration': 0.023787259025763986, 'benchmark_increment': 0.13339162539468374, 'complexity': 6.0, 'behaviour_novelty': 1.0}",True,[],0.5563836894869231,2,0.14075532424967227,0.14008446813743697,0.268342444894122,0.12895271065488914,0.818668256330298,0.023787259025763986,0.13339162539468374,6.0,1.0,,,
b1s_evolutionary_0363,evolutionary,"CSRank(Add(CSRank(Delta($ctx_rzrq_rzjme,15)),Mul(Sign($ret_1m),0.012)))","CSRank(Add(CSRank(Delta($ctx_rzrq_rzjme,15)),Mul(Sign($ret_1m),0.012)))",fb80bbcedea1f257aae8212ad035d133c4b4c7751fc65640fcdf7e1decd2bd21,fb80bbcedea1f257aae8212ad035d133c4b4c7751fc65640fcdf7e1decd2bd21,b1s/evolutionary:adaptive:0363,b1s_evolutionary_0036,adaptive,ephemeral_evolutionary_typed_mutation,rank_change,mixed,evolutionary:static_cross_sectional:rank_change,evolutionary:static_cross_sectional:rank_change:mixed,"['ctx_rzrq_rzjme', 'ret_1m']",9211,,,development,static_cross_sectional,rank_change,7,18591253,"{'a': 'ctx_rzrq_rzjme', 'b': 'low', 'window': 15, 'coefficient': 0.35}",window_shift,allow,no blocked field/primitive combination detected,True,True,,-0.20512360779271835,0.20809310635043188,55,0.01818181818181818,0.10543680198498376,0.014217095479368029,0.177258100653157,0.6837828492392808,165,0.34172556966133216,0.018678688362184365,0.13318345506442691,True,0.12739709806234709,0.7603580001555594,4,110,"{'signal_quality': 0.177258100653157, 'cost_adjusted_quality': 0.17640378672900367, 'turnover': 0.34172556966133216, 'worst_time_block_quality': 0.12739709806234709, 'stability': 0.7603580001555594, 'concentration': 0.018678688362184365, 'benchmark_increment': 0.1051103730664517, 'complexity': 7.0, 'behaviour_novelty': 0.5}",True,[],0.5561366279534324,2,0.177258100653157,0.17640378672900367,0.34172556966133216,0.12739709806234709,0.7603580001555594,0.018678688362184365,0.1051103730664517,7.0,0.5,b1s_evolutionary_0036,,
b1s_temporal_program_0334,temporal_program,"CSRank(Slope($close,2))","CSRank(Slope($close,2))",53593fb4314f2f30a2e2549c73927e7fcd8d2209492b29cca11eb2cdd894d9b1,53593fb4314f2f30a2e2549c73927e7fcd8d2209492b29cca11eb2cdd894d9b1,b1s/temporal_program:fixed:0334,,fixed,frozen_nonadaptive,slope,raw_1min,temporal_program:temporal_program:slope,temporal_program:temporal_program:slope:raw_1min,['close'],9202,,,development,temporal_program,slope,4,9285151,"{'field': 'close', 'other': 'amount_yuan', 'window': 2, 'state': 'ctx_sent_lb_2_num'}",root_sample,allow,no blocked field/primitive combination detected,True,True,,-0.17494025393425025,0.18027618243525262,58,0.034482758620689655,0.09625619619696246,0.012639057763268733,0.15016770071824354,0.995850622406639,286,0.34066398448843566,0.025834131875818348,0.16987639299901897,True,0.10410953743286597,0.7492046825067201,4,409,"{'signal_quality': 0.15016770071824354, 'cost_adjusted_quality': 0.14931604075702246, 'turnover': 0.34066398448843566, 'worst_time_block_quality': 0.10410953743286597, 'stability': 0.7492046825067201, 'concentration': 0.025834131875818348, 'benchmark_increment': 0.14180331100104374, 'complexity': 4.0, 'behaviour_novelty': 1.0}",True,[],0.5454030688576389,2,0.15016770071824354,0.14931604075702246,0.34066398448843566,0.10410953743286597,0.7492046825067201,0.025834131875818348,0.14180331100104374,4.0,1.0,,,
b1s_rx_ucb_0184,rx_ucb,"CSRank(Add(CSRank(Slope($ret_1m,5)),Mul(Sign($vwap),0.026)))","CSRank(Add(CSRank(Slope($ret_1m,5)),Mul(Sign($vwap),0.026)))",0c19af341ab405edecd786a8819839bd62a93bd226d76ae58275cab2d799821e,0c19af341ab405edecd786a8819839bd62a93bd226d76ae58275cab2d799821e,b1s/rx_ucb:control:0184,,control,matched_nonadaptive_control,slope,raw_1min,rx_ucb:temporal_program:slope,rx_ucb:temporal_program:slope:raw_1min,"['ret_1m', 'vwap']",9209,,,development,temporal_program,slope,4,9291911,"{'field': 'ret_1m', 'other': 'low', 'window': 5, 'state': 'evt_uplimit_active'}",root_sample,allow,no blocked field/primitive combination detected,True,True,,-0.1804459802176493,0.18516759799478913,58,0.05172413793103448,0.09882205879994908,0.012975972028875068,0.15501307504105416,0.9695712309820194,1326,0.2912027082807835,0.02002583994987109,0.17059881559866463,True,0.11844004663799239,0.7682657725911883,4,301,"{'signal_quality': 0.15501307504105416, 'cost_adjusted_quality': 0.1542850682703522, 'turnover': 0.2912027082807835, 'worst_time_block_quality': 0.11844004663799239, 'stability': 0.7682657725911883, 'concentration': 0.02002583994987109, 'benchmark_increment': 0.1425257336006894, 'complexity': 4.0, 'behaviour_novelty': 0.5}",True,[],0.5423163547510236,2,0.15501307504105416,0.1542850682703522,0.2912027082807835,0.11844004663799239,0.7682657725911883,0.02002583994987109,0.1425257336006894,4.0,0.5,,,
b1s_typed_ast_0054,typed_ast,"CSRank(Add(CSRank(Mul($m1_first15_vwap_return_vs_open,Sign(Delta($high,30)))),CSRank($ret_1m)))","CSRank(Add(CSRank(Mul($m1_first15_vwap_return_vs_open,Sign(Delta($high,30)))),CSRank($ret_1m)))",60acb790532e6ea59858fc7dc0d7f8a790868127f90b900d7c65993a9af5ccd2,60acb790532e6ea59858fc7dc0d7f8a790868127f90b900d7c65993a9af5ccd2,b1s/typed_ast:fixed:0054,,fixed,frozen_nonadaptive,typed_ast_signed_path_rank_level,mixed,typed_ast:firstn_intraday_path__static_cross_sectional:signed_path__rank_level,typed_ast:firstn_intraday_path__static_cross_sectional:signed_path__rank_level:mixed,"['high', 'm1_first15_vwap_return_vs_open', 'ret_1m']",9207,,,development,firstn_intraday_path__static_cross_sectional,signed_path__rank_level,11,53,"{'left_expression': 'CSRank(Mul($m1_first15_vwap_return_vs_open,Sign(Delta($high,30))))', 'right_expression': 'CSRank($ret_1m)', 'operator': 'Add'}",root_sample,allow,no blocked field/primitive combination detected,True,True,,-0.17737708199350874,0.17996675200225654,51,0.0392156862745098,0.0959429982765787,0.013434706968862682,0.15104505633453788,0.8755186721991701,287,0.27031020382764165,0.026386846394689325,0.14199828179306173,True,0.10634256681224151,0.7524272234564223,4,487,"{'signal_quality': 0.15104505633453788, 'cost_adjusted_quality': 0.15036928082496878, 'turnover': 0.27031020382764165, 'worst_time_block_quality': 0.10634256681224151, 'stability': 0.7524272234564223, 'concentration': 0.026386846394689325, 'benchmark_increment': 0.11392519979508652, 'complexity': 11.0, 'behaviour_novelty': 1.0}",True,[],0.5356960849743453,2,0.15104505633453788,0.15036928082496878,0.27031020382764165,0.10634256681224151,0.7524272234564223,0.026386846394689325,0.11392519979508652,11.0,1.0,,,
b1s_orthogonal_exile_0073,orthogonal_exile,"CSRank(SafeCSResidual(Delta($close,2),$ctx_rzrq_rzye,20,5,0.6))","CSRank(SafeCSResidual(Delta($close,2),$ctx_rzrq_rzye,20,5,0.6))",ef4891ce380cc641b47e5fc96ea8241a7bdc1e6ef5fc4ee4f3930f210b184ee0,ef4891ce380cc641b47e5fc96ea8241a7bdc1e6ef5fc4ee4f3930f210b184ee0,b1s/orthogonal_exile:fixed:0073,,fixed,frozen_nonadaptive,change_residual,mixed,orthogonal_exile:orthogonal_exile:change_residual,orthogonal_exile:orthogonal_exile:change_residual:mixed,"['close', 'ctx_rzrq_rzye']",9205,,,development,orthogonal_exile,change_residual,5,9287917,"{'raw': 'close', 'other': 'buy_volume', 'context': 'ctx_rzrq_rzye', 'window': 2}",root_sample,allow,no blocked field/primitive combination detected,True,True,,-0.18785841899097294,0.19943962303696436,58,0.017241379310344827,0.12810850956167333,0.016821471409518982,0.15488833502831573,0.7231154910096819,105,0.2623121654469462,0.03755615381348247,0.132460810365395,True,0.09445502175205214,0.7103858922519304,4,241,"{'signal_quality': 0.15488833502831573, 'cost_adjusted_quality': 0.15423255461469837, 'turnover': 0.2623121654469462, 'worst_time_block_quality': 0.09445502175205214, 'stability': 0.7103858922519304, 'concentration': 0.03755615381348247, 'benchmark_increment': 0.10438772836741979, 'complexity': 5.0, 'behaviour_novelty': 1.0}",True,[],0.5297151268179476,2,0.15488833502831573,0.15423255461469837,0.2623121654469462,0.09445502175205214,0.7103858922519304,0.03755615381348247,0.10438772836741979,5.0,1.0,,,
b1s_temporal_program_0260,temporal_program,"CSRank(PathShape($ret_1m,30))","CSRank(PathShape($ret_1m,30))",23eac99e920269e880686b725e663480753f083fb35f4913fcbc8a5460094be2,23eac99e920269e880686b725e663480753f083fb35f4913fcbc8a5460094be2,b1s/temporal_program:fixed:0260,,fixed,frozen_nonadaptive,pathshape,raw_1min,temporal_program:temporal_program:pathshape,temporal_program:temporal_program:pathshape:raw_1min,['ret_1m'],9202,,,development,temporal_program,pathshape,4,9285077,"{'field': 'ret_1m', 'other': 'low', 'window': 30, 'state': 'evt_uplimit_active'}",root_sample,allow,no blocked field/primitive combination detected,True,True,,-0.14904217515322116,0.15607780810331234,51,0.0392156862745098,0.08614500390552222,0.012062713330741789,0.12539925702496724,0.8796680497925311,197,0.3752280988820545,0.027490421815044647,0.11988039603874412,True,0.11857955019358643,0.7944290858940638,4,402,"{'signal_quality': 0.12539925702496724, 'cost_adjusted_quality': 0.1244611867777621, 'turnover': 0.3752280988820545, 'worst_time_block_quality': 0.11857955019358643, 'stability': 0.7944290858940638, 'concentration': 0.027490421815044647, 'benchmark_increment': 0.0918073140407689, 'complexity': 4.0, 'behaviour_novelty': 1.0}",True,[],0.5048858216386316,2,0.12539925702496724,0.1244611867777621,0.3752280988820545,0.11857955019358643,0.7944290858940638,0.027490421815044647,0.0918073140407689,4.0,1.0,,,
b1s_temporal_program_0695,temporal_program,"CSRank(Acceleration($close,8))","CSRank(Acceleration($close,8))",abafea087a827d4760c94028e66667c3f628d0d8815bb9c29a4dd1f37435a22c,abafea087a827d4760c94028e66667c3f628d0d8815bb9c29a4dd1f37435a22c,b1s/temporal_program:fixed:0695,,fixed,frozen_nonadaptive,acceleration,raw_1min,temporal_program:temporal_program:acceleration,temporal_program:temporal_program:acceleration:raw_1min,['close'],9202,,,development,temporal_program,acceleration,4,9285512,"{'field': 'close', 'other': 'amount_yuan', 'window': 8, 'state': 'ctx_sent_lb_2_num'}",root_sample,allow,no blocked field/primitive combination detected,True,True,,-0.14317410469401,0.15189300077114645,57,0.08771929824561403,0.10193463680907504,0.013501572475929334,0.11671102264118852,0.966804979253112,281,0.24130946696795352,0.02743163504413608,0.13380608526114374,True,0.1087653253718959,0.7627085957366363,4,458,"{'signal_quality': 0.11671102264118852, 'cost_adjusted_quality': 0.11610774897376863, 'turnover': 0.24130946696795352, 'worst_time_block_quality': 0.1087653253718959, 'stability': 0.7627085957366363, 'concentration': 0.02743163504413608, 'benchmark_increment': 0.10573300326316852, 'complexity': 4.0, 'behaviour_novelty': 1.0}",True,[],0.4930261564807389,2,0.11671102264118852,0.11610774897376863,0.24130946696795352,0.1087653253718959,0.7627085957366363,0.02743163504413608,0.10573300326316852,4.0,1.0,,,
b1s_temporal_program_0575,temporal_program,"CSRank(Acceleration($close,5))","CSRank(Acceleration($close,5))",982156b7497e93b3cc7eb0f126585d53e0c355c54b9d2cf27fa236fff3d53c8b,982156b7497e93b3cc7eb0f126585d53e0c355c54b9d2cf27fa236fff3d53c8b,b1s/temporal_program:fixed:0575,,fixed,frozen_nonadaptive,acceleration,raw_1min,temporal_program:temporal_program:acceleration,temporal_program:temporal_program:acceleration:raw_1min,['close'],9202,,,development,temporal_program,acceleration,4,9285392,"{'field': 'close', 'other': 'amount_yuan', 'window': 5, 'state': 'ctx_sent_lb_2_num'}",root_sample,allow,no blocked field/primitive combination detected,True,True,,-0.14812203861495166,0.1559679594753166,57,0.08771929824561403,0.10078902321999686,0.013349832249186587,0.12195636740654595,0.979253112033195,287,0.27964461039695077,0.02737434285022854,0.14021263511035503,True,0.09597807884717696,0.7527528038400096,4,444,"{'signal_quality': 0.12195636740654595, 'cost_adjusted_quality': 0.12125725588055357, 'turnover': 0.27964461039695077, 'worst_time_block_quality': 0.09597807884717696, 'stability': 0.7527528038400096, 'concentration': 0.02737434285022854, 'benchmark_increment': 0.11213955311237982, 'complexity': 4.0, 'behaviour_novelty': 1.0}",True,[],0.4909706792990061,2,0.12195636740654595,0.12125725588055357,0.27964461039695077,0.09597807884717696,0.7527528038400096,0.02737434285022854,0.11213955311237982,4.0,1.0,,,
b1s_temporal_program_0255,temporal_program,"CSRank(Acceleration($ret_1m,30))","CSRank(Acceleration($ret_1m,30))",4e8bd01794fa552b8c33f02001a7acb8ce7b98037ae777e39d3f6224ebd64349,4e8bd01794fa552b8c33f02001a7acb8ce7b98037ae777e39d3f6224ebd64349,b1s/temporal_program:fixed:0255,,fixed,frozen_nonadaptive,acceleration,raw_1min,temporal_program:temporal_program:acceleration,temporal_program:temporal_program:acceleration:raw_1min,['ret_1m'],9202,,,development,temporal_program,acceleration,4,9285072,"{'field': 'ret_1m', 'other': 'low', 'window': 30, 'state': 'evt_uplimit_active'}",root_sample,allow,no blocked field/primitive combination detected,True,True,,-0.1348347285174348,0.1366996417153702,51,0.0392156862745098,0.078139518185997,0.010941721109139607,0.11338895514352118,0.8755186721991701,173,0.3738499413146182,0.02749042181928179,0.1079412264556836,True,0.11155100937792513,0.8647009410648159,4,400,"{'signal_quality': 0.11338895514352118, 'cost_adjusted_quality': 0.11245433029023463, 'turnover': 0.3738499413146182, 'worst_time_block_quality': 0.11155100937792513, 'stability': 0.8647009410648159, 'concentration': 0.02749042181928179, 'benchmark_increment': 0.07986814445770839, 'complexity': 4.0, 'behaviour_novelty': 1.0}",True,[],0.4825360667748121,2,0.11338895514352118,0.11245433029023463,0.3738499413146182,0.11155100937792513,0.8647009410648159,0.02749042181928179,0.07986814445770839,4.0,1.0,,,
b1s_temporal_program_0140,temporal_program,"CSRank(PathShape($ret_1m,15))","CSRank(PathShape($ret_1m,15))",037085504982a111e7478f62169b5add30041c358d68f285c867bc099d2c1e05,037085504982a111e7478f62169b5add30041c358d68f285c867bc099d2c1e05,b1s/temporal_program:fixed:0140,,fixed,frozen_nonadaptive,pathshape,raw_1min,temporal_program:temporal_program:pathshape,temporal_program:temporal_program:pathshape:raw_1min,['ret_1m'],9202,,,development,temporal_program,pathshape,4,9284957,"{'field': 'ret_1m', 'other': 'low', 'window': 15, 'state': 'evt_uplimit_active'}",root_sample,allow,no blocked field/primitive combination detected,True,True,,-0.14223372494377357,0.1497762000400184,55,0.05454545454545454,0.08414533765274156,0.011346155014480285,0.1199952611153922,0.941908713692946,222,0.3745689594627034,0.027430081211003054,0.12721192535955475,True,0.09407479671041116,0.7945948493269219,4,379,"{'signal_quality': 0.1199952611153922, 'cost_adjusted_quality': 0.11905883871673545, 'turnover': 0.3745689594627034, 'worst_time_block_quality': 0.09407479671041116, 'stability': 0.7945948493269219, 'concentration': 0.027430081211003054, 'benchmark_increment': 0.09913884336157953, 'complexity': 4.0, 'behaviour_novelty': 1.0}",True,[],0.48064453327488516,2,0.1199952611153922,0.11905883871673545,0.3745689594627034,0.09407479671041116,0.7945948493269219,0.027430081211003054,0.09913884336157953,4.0,1.0,,,
b1s_orthogonal_exile_0233,orthogonal_exile,"CSRank(SafeCSResidual(Delta($ret_1m,8),$ctx_rzrq_rzjme,20,5,0.6))","CSRank(SafeCSResidual(Delta($ret_1m,8),$ctx_rzrq_rzjme,20,5,0.6))",5926e567fe28be0759343cd7062057521e16cdced17feed6a2af67750fbdd4a4,5926e567fe28be0759343cd7062057521e16cdced17feed6a2af67750fbdd4a4,b1s/orthogonal_exile:fixed:0233,,fixed,frozen_nonadaptive,change_residual,mixed,orthogonal_exile:orthogonal_exile:change_residual,orthogonal_exile:orthogonal_exile:change_residual:mixed,"['ctx_rzrq_rzjme', 'ret_1m']",9205,,,development,orthogonal_exile,change_residual,5,9288077,"{'raw': 'ret_1m', 'other': 'high', 'context': 'ctx_rzrq_rzjme', 'window': 8}",root_sample,allow,no blocked field/primitive combination detected,True,True,,-0.16136734476645684,0.16650080996475278,57,0.05263157894736842,0.10721494416207634,0.014200966270359204,0.1335334508765528,0.7049619640387276,105,0.3767886499659432,0.03755615381348247,0.10996484051148515,True,0.11180947595384819,0.8094732475182037,4,250,"{'signal_quality': 0.1335334508765528, 'cost_adjusted_quality': 0.13259147925163794, 'turnover': 0.3767886499659432, 'worst_time_block_quality': 0.11180947595384819, 'stability': 0.8094732475182037, 'concentration': 0.03755615381348247, 'benchmark_increment': 0.08189175851350994, 'complexity': 5.0, 'behaviour_novelty': 0.3333333333333333}",True,[],0.4749854573705448,2,0.1335334508765528,0.13259147925163794,0.3767886499659432,0.11180947595384819,0.8094732475182037,0.03755615381348247,0.08189175851350994,5.0,0.3333333333333333,,,
b1s_temporal_program_0254,temporal_program,"CSRank(Slope($ret_1m,30))","CSRank(Slope($ret_1m,30))",50ec929accae1103d6d798ad22248116feb1490d9b06f6a628bbaf85831db86d,50ec929accae1103d6d798ad22248116feb1490d9b06f6a628bbaf85831db86d,b1s/temporal_program:fixed:0254,,fixed,frozen_nonadaptive,slope,raw_1min,temporal_program:temporal_program:slope,temporal_program:temporal_program:slope:raw_1min,['ret_1m'],9202,,,development,temporal_program,slope,4,9285071,"{'field': 'ret_1m', 'other': 'low', 'window': 30, 'state': 'evt_uplimit_active'}",root_sample,allow,no blocked field/primitive combination detected,True,True,,-0.14667298288472752,0.15154664359534364,51,0.058823529411764705,0.09743720638762063,0.013643937954791194,0.11993086449333679,0.8796680497925311,170,0.16716651873803576,0.027490421818855863,0.11797476290404943,True,0.09952476266024261,0.8106700609199695,4,399,"{'signal_quality': 0.11993086449333679, 'cost_adjusted_quality': 0.11951294819649169, 'turnover': 0.16716651873803576, 'worst_time_block_quality': 0.09952476266024261, 'stability': 0.8106700609199695, 'concentration': 0.027490421818855863, 'benchmark_increment': 0.08990168090607421, 'complexity': 4.0, 'behaviour_novelty': 0.5}",True,[],0.46842094961934827,2,0.11993086449333679,0.11951294819649169,0.16716651873803576,0.09952476266024261,0.8106700609199695,0.027490421818855863,0.08990168090607421,4.0,0.5,,,
b1s_orthogonal_exile_0025,orthogonal_exile,"CSRank(SafeCSResidual(Delta($close,8),$ctx_rzrq_rzye,20,5,0.6))","CSRank(SafeCSResidual(Delta($close,8),$ctx_rzrq_rzye,20,5,0.6))",92d86fedba0b1bb67f72932379bdd81065104bfa95b4d7de370fe5d29c061bba,92d86fedba0b1bb67f72932379bdd81065104bfa95b4d7de370fe5d29c061bba,b1s/orthogonal_exile:fixed:0025,,fixed,frozen_nonadaptive,change_residual,mixed,orthogonal_exile:orthogonal_exile:change_residual,orthogonal_exile:orthogonal_exile:change_residual:mixed,"['close', 'ctx_rzrq_rzye']",9205,,,development,orthogonal_exile,change_residual,5,9287869,"{'raw': 'close', 'other': 'trade_count', 'context': 'ctx_rzrq_rzye', 'window': 8}",root_sample,allow,no blocked field/primitive combination detected,True,True,,-0.14981676224591922,0.17161080010780919,57,0.12280701754385964,0.13545021048091443,0.017940818655324188,0.11465275768148381,0.7049619640387276,105,0.16631167582954984,0.03755615381348247,0.10209361993384018,True,0.08403937732392391,0.7352832970531471,4,229,"{'signal_quality': 0.11465275768148381, 'cost_adjusted_quality': 0.11423697849190993, 'turnover': 0.16631167582954984, 'worst_time_block_quality': 0.08403937732392391, 'stability': 0.7352832970531471, 'concentration': 0.03755615381348247, 'benchmark_increment': 0.07402053793586497, 'complexity': 5.0, 'behaviour_novelty': 1.0}",True,[],0.45667346801105296,2,0.11465275768148381,0.11423697849190993,0.16631167582954984,0.08403937732392391,0.7352832970531471,0.03755615381348247,0.07402053793586497,5.0,1.0,,,
b1s_firstn_intraday_path_0031,firstn_intraday_path,"CSRank(Sub($m1_first15_vwap_return_vs_open,Delta($close,5)))","CSRank(Sub($m1_first15_vwap_return_vs_open,Delta($close,5)))",de2660ff27afa4c68547d60960a96da7d80febf62a38b46447ded768839991fd,de2660ff27afa4c68547d60960a96da7d80febf62a38b46447ded768839991fd,b1s/firstn_intraday_path:fixed:0031,,fixed,frozen_nonadaptive,firstn_mean_reversion,mixed,firstn_intraday_path:firstn_intraday_path:mean_reversion,firstn_intraday_path:firstn_intraday_path:mean_reversion:mixed,"['close', 'm1_first15_vwap_return_vs_open']",9201,,,development,firstn_intraday_path,mean_reversion,5,9283839,"{'firstn': 'm1_first15_vwap_return_vs_open', 'raw': 'close', 'window': 5}",root_sample,allow,no blocked field/primitive combination detected,True,True,,0.14016812644049936,0.14988821865845892,55,0.9090909090909091,0.11069487017505855,0.014926093249482183,0.11091298367151428,0.941908713692946,144,0.16642084575319208,0.0274904218193889,0.12536448191584826,True,0.10789767338919411,0.8198846151952812,4,144,"{'signal_quality': 0.11091298367151428, 'cost_adjusted_quality': 0.1104969315571313, 'turnover': 0.16642084575319208, 'worst_time_block_quality': 0.10789767338919411, 'stability': 0.8198846151952812, 'concentration': 0.0274904218193889, 'benchmark_increment': 0.09729139991787304, 'complexity': 5.0, 'behaviour_novelty': 0.3333333333333333}",True,[],0.45470660177495625,2,0.11091298367151428,0.1104969315571313,0.16642084575319208,0.10789767338919411,0.8198846151952812,0.0274904218193889,0.09729139991787304,5.0,0.3333333333333333,,,
b1s_firstn_intraday_path_0215,firstn_intraday_path,"CSRank(Add($m1_first15_range,PathShape($ret_1m,5)))","CSRank(Add($m1_first15_range,PathShape($ret_1m,5)))",6b53499ca1ab267c7a55f8a0f5391d34a743acf7046cdf4d236333ef43f4f0cb,6b53499ca1ab267c7a55f8a0f5391d34a743acf7046cdf4d236333ef43f4f0cb,b1s/firstn_intraday_path:fixed:0215,,fixed,frozen_nonadaptive,firstn_path_shape,mixed,firstn_intraday_path:firstn_intraday_path:path_shape,firstn_intraday_path:firstn_intraday_path:path_shape:mixed,"['m1_first15_range', 'ret_1m']",9201,,,development,firstn_intraday_path,path_shape,5,9284023,"{'firstn': 'm1_first15_range', 'raw': 'ret_1m', 'window': 5}",root_sample,allow,no blocked field/primitive combination detected,True,True,,-0.14428816285819862,0.14833898505934295,55,0.05454545454545454,0.08488278316549448,0.011445592147134717,0.12185480224981457,0.941908713692946,148,0.36407995529889725,0.027490421819538244,0.12904938692311144,True,0.10304513749811697,0.8336147797521256,4,184,"{'signal_quality': 0.12185480224981457, 'cost_adjusted_quality': 0.12094460236156733, 'turnover': 0.36407995529889725, 'worst_time_block_quality': 0.10304513749811697, 'stability': 0.8336147797521256, 'concentration': 0.027490421819538244, 'benchmark_increment': 0.10097630492513622, 'complexity': 5.0, 'behaviour_novelty': 0.125}",True,[],0.45112391137813024,2,0.12185480224981457,0.12094460236156733,0.36407995529889725,0.10304513749811697,0.8336147797521256,0.027490421819538244,0.10097630492513622,5.0,0.125,,,
b1s_firstn_intraday_path_0026,firstn_intraday_path,"CSRank(Sub($m1_first15_last_return_vs_open,Delta($close,5)))","CSRank(Sub($m1_first15_last_return_vs_open,Delta($close,5)))",ecf534d12b881313c8fe862b1f9c3d38d1b5f6bffa76f11faa7df73658870760,ecf534d12b881313c8fe862b1f9c3d38d1b5f6bffa76f11faa7df73658870760,b1s/firstn_intraday_path:fixed:0026,,fixed,frozen_nonadaptive,firstn_mean_reversion,mixed,firstn_intraday_path:firstn_intraday_path:mean_reversion,firstn_intraday_path:firstn_intraday_path:mean_reversion:mixed,"['close', 'm1_first15_last_return_vs_open']",9201,,,development,firstn_intraday_path,mean_reversion,5,9283834,"{'firstn': 'm1_first15_last_return_vs_open', 'raw': 'close', 'window': 5}",root_sample,allow,no blocked field/primitive combination detected,True,True,,0.1354586836050518,0.1471250052389231,55,0.8909090909090909,0.11020020355047432,0.014859392415430214,0.10633427447080859,0.941908713692946,248,0.15283155122052075,0.027490421818679514,0.12115241975756004,True,0.10346248594320995,0.81787498227666,4,149,"{'signal_quality': 0.10633427447080859, 'cost_adjusted_quality': 0.10595219559275729, 'turnover': 0.15283155122052075, 'worst_time_block_quality': 0.10346248594320995, 'stability': 0.81787498227666, 'concentration': 0.027490421818679514, 'benchmark_increment': 0.09307933775958482, 'complexity': 5.0, 'behaviour_novelty': 0.5}",True,[],0.4506701185387082,2,0.10633427447080859,0.10595219559275729,0.15283155122052075,0.10346248594320995,0.81787498227666,0.027490421818679514,0.09307933775958482,5.0,0.5,,,
b1s_firstn_intraday_path_0230,firstn_intraday_path,"CSRank(Add($m1_first30_range,PathShape($ret_1m,5)))","CSRank(Add($m1_first30_range,PathShape($ret_1m,5)))",158193e189bc415194f99d81d733de01d0a25076fec7b39ef2f07f3cf0e37a6f,158193e189bc415194f99d81d733de01d0a25076fec7b39ef2f07f3cf0e37a6f,b1s/firstn_intraday_path:fixed:0230,,fixed,frozen_nonadaptive,firstn_path_shape,mixed,firstn_intraday_path:firstn_intraday_path:path_shape,firstn_intraday_path:firstn_intraday_path:path_shape:mixed,"['m1_first30_range', 'ret_1m']",9201,,,development,firstn_intraday_path,path_shape,5,9284038,"{'firstn': 'm1_first30_range', 'raw': 'ret_1m', 'window': 5}",root_sample,allow,no blocked field/primitive combination detected,True,True,,-0.14565897872003583,0.1503549497835737,51,0.058823529411764705,0.08576152954125638,0.012009016179240111,0.12212130700872521,0.8796680497925311,144,0.3650477591497353,0.0274904218193889,0.11715916006731407,True,0.09751640358216937,0.7958958557355214,4,192,"{'signal_quality': 0.12212130700872521, 'cost_adjusted_quality': 0.12120868761085088, 'turnover': 0.3650477591497353, 'worst_time_block_quality': 0.09751640358216937, 'stability': 0.7958958557355214, 'concentration': 0.0274904218193889, 'benchmark_increment': 0.08908607806933885, 'complexity': 5.0, 'behaviour_novelty': 0.3333333333333333}",True,[],0.449018318501249,2,0.12212130700872521,0.12120868761085088,0.3650477591497353,0.09751640358216937,0.7958958557355214,0.0274904218193889,0.08908607806933885,5.0,0.3333333333333333,,,
b1s_temporal_program_0095,temporal_program,"CSRank(Acceleration($close,15))","CSRank(Acceleration($close,15))",a4b9a4e26e364895563ea14d4b9f28070f37c8220ab7fe290db3f2196da02764,a4b9a4e26e364895563ea14d4b9f28070f37c8220ab7fe290db3f2196da02764,b1s/temporal_program:fixed:0095,,fixed,frozen_nonadaptive,acceleration,raw_1min,temporal_program:temporal_program:acceleration,temporal_program:temporal_program:acceleration:raw_1min,['close'],9202,,,development,temporal_program,acceleration,4,9284912,"{'field': 'close', 'other': 'amount_yuan', 'window': 15, 'state': 'ctx_sent_lb_2_num'}",root_sample,allow,no blocked field/primitive combination detected,True,True,,-0.12974460518629327,0.13634533575487148,55,0.09090909090909091,0.10592339862103162,0.014282708156387736,0.1017504971997733,0.9377593360995851,274,0.19515796480844097,0.027490421823295287,0.11553062761521717,True,0.09067506306533114,0.7474867750606802,4,364,"{'signal_quality': 0.1017504971997733, 'cost_adjusted_quality': 0.1012626022877522, 'turnover': 0.19515796480844097, 'worst_time_block_quality': 0.09067506306533114, 'stability': 0.7474867750606802, 'concentration': 0.027490421823295287, 'benchmark_increment': 0.08745754561724195, 'complexity': 4.0, 'behaviour_novelty': 1.0}",True,[],0.4469912651771287,2,0.1017504971997733,0.1012626022877522,0.19515796480844097,0.09067506306533114,0.7474867750606802,0.027490421823295287,0.08745754561724195,4.0,1.0,,,
b1s_evolutionary_0120,evolutionary,"CSRank(Add(CSRank(Add(MaskedZScore($ctx_hfq_float_market_cap_yuan,60,0.6),Mul(Sign($ret_1m),0.1))),Mul(Sign($intraday_ret_from_open),0.012)))","CSRank(Add(CSRank(Add(MaskedZScore($ctx_hfq_float_market_cap_yuan,60,0.6),Mul(Sign($ret_1m),0.1))),Mul(Sign($intraday_ret_from_open),0.012)))",26b71b851a6d03dacc218279e920bc11989980fbecbd0eda36cecd7e8376e835,26b71b851a6d03dacc218279e920bc11989980fbecbd0eda36cecd7e8376e835,b1s/evolutionary:control:0120,,control,matched_nonadaptive_control,interaction,mixed,evolutionary:static_cross_sectional:interaction,evolutionary:static_cross_sectional:interaction:mixed,"['ctx_hfq_float_market_cap_yuan', 'intraday_ret_from_open', 'ret_1m']",9211,,,development,static_cross_sectional,interaction,7,9293918,"{'a': 'ctx_hfq_float_market_cap_yuan', 'b': 'ret_1m', 'window': 8, 'coefficient': 0.1}",root_sample,allow,no blocked field/primitive combination detected,True,True,,-0.11259970830747802,0.14085048829333172,59,0.2711864406779661,0.13010216449172313,0.01693785911142545,0.07940150444908414,1.0,144,0.15815771254907574,0.0274904218193889,0.11073842790779015,True,0.07993663980163976,0.8137311644846404,4,74,"{'signal_quality': 0.07940150444908414, 'cost_adjusted_quality': 0.07900611016771145, 'turnover': 0.15815771254907574, 'worst_time_block_quality': 0.07993663980163976, 'stability': 0.8137311644846404, 'concentration': 0.0274904218193889, 'benchmark_increment': 0.08266534590981493, 'complexity': 7.0, 'behaviour_novelty': 1.0}",True,[],0.4002744696386315,2,0.07940150444908414,0.07900611016771145,0.15815771254907574,0.07993663980163976,0.8137311644846404,0.0274904218193889,0.08266534590981493,7.0,1.0,,,
b1s_firstn_intraday_path_0038,firstn_intraday_path,"CSRank(Mul($m1_first30_last_return_vs_open,Sign(Delta($close,5))))","CSRank(Mul($m1_first30_last_return_vs_open,Sign(Delta($close,5))))",3bc1194db3ee681a1f41e53e63116e68483549c6a255293d2065489710d78205,3bc1194db3ee681a1f41e53e63116e68483549c6a255293d2065489710d78205,b1s/firstn_intraday_path:fixed:0038,,fixed,frozen_nonadaptive,firstn_signed_path,mixed,firstn_intraday_path:firstn_intraday_path:signed_path,firstn_intraday_path:firstn_intraday_path:signed_path:mixed,"['close', 'm1_first30_last_return_vs_open']",9201,,,development,firstn_intraday_path,signed_path,6,9283846,"{'firstn': 'm1_first30_last_return_vs_open', 'raw': 'close', 'window': 5}",root_sample,allow,no blocked field/primitive combination detected,True,True,,-0.11548796152383581,0.13727586209463097,51,0.11764705882352941,0.10799625249681934,0.015122500152095633,0.08584786122572836,0.8796680497925311,190,0.18967928114530946,0.027490421815017995,0.09289144197574777,True,0.07003087502450481,0.7621188245825418,4,151,"{'signal_quality': 0.08584786122572836, 'cost_adjusted_quality': 0.08537366302286509, 'turnover': 0.18967928114530946, 'worst_time_block_quality': 0.07003087502450481, 'stability': 0.7621188245825418, 'concentration': 0.027490421815017995, 'benchmark_increment': 0.06481835997777255, 'complexity': 6.0, 'behaviour_novelty': 1.0}",True,[],0.39033663595716117,2,0.08584786122572836,0.08537366302286509,0.18967928114530946,0.07003087502450481,0.7621188245825418,0.027490421815017995,0.06481835997777255,6.0,1.0,,,
b1s_evolutionary_0080,evolutionary,"CSRank(Add(CSRank(Acceleration($close,3)),Mul(Sign($intraday_ret_from_open),0.012)))","CSRank(Add(CSRank(Acceleration($close,3)),Mul(Sign($intraday_ret_from_open),0.012)))",950ffe84825bb2ff35b3dfef059facb6df75c42d57c28f0a7ab8e6bee86a15f9,950ffe84825bb2ff35b3dfef059facb6df75c42d57c28f0a7ab8e6bee86a15f9,b1s/evolutionary:control:0080,,control,matched_nonadaptive_control,acceleration,raw_1min,evolutionary:temporal_program:acceleration,evolutionary:temporal_program:acceleration:raw_1min,"['close', 'intraday_ret_from_open']",9211,,,development,temporal_program,acceleration,4,9293912,"{'field': 'close', 'other': 'amount_yuan', 'window': 3, 'state': 'ctx_sent_lb_2_num'}",root_sample,allow,no blocked field/primitive combination detected,True,True,,-0.1210806006863284,0.13200091713589915,58,0.13793103448275862,0.0931379436143141,0.01222961113988556,0.0971105628521527,0.9875518672199171,287,0.3355217854251349,0.026224283166252495,0.11659597558103807,True,0.07509241965066042,0.7705045523411197,4,66,"{'signal_quality': 0.0971105628521527, 'cost_adjusted_quality': 0.09627175838858985, 'turnover': 0.3355217854251349, 'worst_time_block_quality': 0.07509241965066042, 'stability': 0.7705045523411197, 'concentration': 0.026224283166252495, 'benchmark_increment': 0.08852289358306285, 'complexity': 4.0, 'behaviour_novelty': 0.3333333333333333}",True,[],0.3877908090663368,2,0.0971105628521527,0.09627175838858985,0.3355217854251349,0.07509241965066042,0.7705045523411197,0.026224283166252495,0.08852289358306285,4.0,0.3333333333333333,,,
b1s_rx_ucb_0205,rx_ucb,"CSRank(Add(CSRank(Add(MaskedZScore($ctx_hfq_ps_ttm,60,0.6),Mul(Sign($ret_1m),0.35))),Mul(Sign($ret_1m),0.026)))","CSRank(Add(CSRank(Add(MaskedZScore($ctx_hfq_ps_ttm,60,0.6),Mul(Sign($ret_1m),0.35))),Mul(Sign($ret_1m),0.026)))",75b1b692c22a594d342b3f7d526181ecd68bf33577a468bab65bbf05b577272d,75b1b692c22a594d342b3f7d526181ecd68bf33577a468bab65bbf05b577272d,b1s/rx_ucb:adaptive:0205,b1s_rx_ucb_0176,adaptive,ephemeral_rx_ucb_information_gain,interaction,mixed,rx_ucb:static_cross_sectional:interaction,rx_ucb:static_cross_sectional:interaction:mixed,"['ctx_hfq_ps_ttm', 'ret_1m']",9209,,,development,static_cross_sectional,interaction,10,9301990,"{'a': 'ctx_hfq_ps_ttm', 'b': 'ret_1m', 'window': 15, 'coefficient': 0.35}",root_sample,allow,no blocked field/primitive combination detected,True,True,,-0.10553547827673707,0.11797233101591616,59,0.15254237288135594,0.08589183746925053,0.01118216478226365,0.08361843530350031,1.0,144,0.1997198910093478,0.0274904218193889,0.10379097005250812,True,0.06678163852877002,0.7664622533082575,4,304,"{'signal_quality': 0.08361843530350031, 'cost_adjusted_quality': 0.08311913557597694, 'turnover': 0.1997198910093478, 'worst_time_block_quality': 0.06678163852877002, 'stability': 0.7664622533082575, 'concentration': 0.0274904218193889, 'benchmark_increment': 0.0757178880545329, 'complexity': 10.0, 'behaviour_novelty': 1.0}",True,[],0.38396794496273673,2,0.08361843530350031,0.08311913557597694,0.1997198910093478,0.06678163852877002,0.7664622533082575,0.0274904218193889,0.0757178880545329,10.0,1.0,b1s_rx_ucb_0176,1.1470277011590528,0.0
b1s_firstn_intraday_path_0051,firstn_intraday_path,"CSRank(Sub($m1_first30_range,Delta($close,5)))","CSRank(Sub($m1_first30_range,Delta($close,5)))",eb5c67c759350b479fe6ee41d15fd9a95139f1be01b6ae7352d5c3876431c2e0,eb5c67c759350b479fe6ee41d15fd9a95139f1be01b6ae7352d5c3876431c2e0,b1s/firstn_intraday_path:fixed:0051,,fixed,frozen_nonadaptive,firstn_mean_reversion,mixed,firstn_intraday_path:firstn_intraday_path:mean_reversion,firstn_intraday_path:firstn_intraday_path:mean_reversion:mixed,"['close', 'm1_first30_range']",9201,,,development,firstn_intraday_path,mean_reversion,5,9283859,"{'firstn': 'm1_first30_range', 'raw': 'close', 'window': 5}",root_sample,allow,no blocked field/primitive combination detected,True,True,,0.10380108973616775,0.12394779300362652,51,0.8431372549019608,0.10740549319375972,0.015039777303442768,0.07432312622141993,0.8796680497925311,144,0.15134427489683655,0.0274904218193889,0.08349123819504367,True,0.05780441107662537,0.7333428193365736,4,155,"{'signal_quality': 0.07432312622141993, 'cost_adjusted_quality': 0.07394476553417784, 'turnover': 0.15134427489683655, 'worst_time_block_quality': 0.05780441107662537, 'stability': 0.7333428193365736, 'concentration': 0.0274904218193889, 'benchmark_increment': 0.055418156197068455, 'complexity': 5.0, 'behaviour_novelty': 1.0}",True,[],0.35289403087733023,2,0.07432312622141993,0.07394476553417784,0.15134427489683655,0.05780441107662537,0.7333428193365736,0.0274904218193889,0.055418156197068455,5.0,1.0,,,
b1s_typed_ast_0057,typed_ast,"CSRank(Sub(CSRank(Sub($m1_first15_vwap_return_vs_open,Mean($high,30))),CSRank(Delta($ret_1m,8))))","CSRank(Sub(CSRank(Sub($m1_first15_vwap_return_vs_open,Mean($high,30))),CSRank(Delta($ret_1m,8))))",01573a7f1c4e93571e2ce48d27902cd3facddc377fb46f4b7a8d915b6f44cbe1,01573a7f1c4e93571e2ce48d27902cd3facddc377fb46f4b7a8d915b6f44cbe1,b1s/typed_ast:fixed:0057,,fixed,frozen_nonadaptive,typed_ast_opening_gap_rank_change,mixed,typed_ast:firstn_intraday_path__static_cross_sectional:opening_gap__rank_change,typed_ast:firstn_intraday_path__static_cross_sectional:opening_gap__rank_change:mixed,"['high', 'm1_first15_vwap_return_vs_open', 'ret_1m']",9207,,,development,firstn_intraday_path__static_cross_sectional,opening_gap__rank_change,11,56,"{'left_expression': 'CSRank(Sub($m1_first15_vwap_return_vs_open,Mean($high,30)))', 'right_expression': 'CSRank(Delta($ret_1m,8))', 'operator': 'Sub'}",root_sample,allow,no blocked field/primitive combination detected,True,True,,0.10559653844589793,0.12534365513018644,51,0.8627450980392157,0.10177933897695757,0.014251958133496943,0.07766270050424393,0.8796680497925311,287,0.26451147572703126,0.02729614002106518,0.08493538715602356,True,0.05863343206798254,0.7383950112655979,4,488,"{'signal_quality': 0.07766270050424393, 'cost_adjusted_quality': 0.07700142181492635, 'turnover': 0.26451147572703126, 'worst_time_block_quality': 0.05863343206798254, 'stability': 0.7383950112655979, 'concentration': 0.02729614002106518, 'benchmark_increment': 0.05686230515804834, 'complexity': 11.0, 'behaviour_novelty': 1.0}",True,[],0.3495223839066126,2,0.07766270050424393,0.07700142181492635,0.26451147572703126,0.05863343206798254,0.7383950112655979,0.02729614002106518,0.05686230515804834,11.0,1.0,,,
b1s_rx_ucb_0190,rx_ucb,"CSRank(Add(CSRank(Acceleration($ret_1m,5)),Mul(Sign($low),0.026)))","CSRank(Add(CSRank(Acceleration($ret_1m,5)),Mul(Sign($low),0.026)))",1c796d420d2db2ff30b0afccd12438b4d3e50376b898f47b90510cc18132ccf4,1c796d420d2db2ff30b0afccd12438b4d3e50376b898f47b90510cc18132ccf4,b1s/rx_ucb:control:0190,,control,matched_nonadaptive_control,acceleration,raw_1min,rx_ucb:temporal_program:acceleration,rx_ucb:temporal_program:acceleration:raw_1min,"['low', 'ret_1m']",9209,,,development,temporal_program,acceleration,4,9291912,"{'field': 'ret_1m', 'other': 'low', 'window': 5, 'state': 'evt_uplimit_active'}",root_sample,allow,no blocked field/primitive combination detected,True,True,,-0.08866257609461868,0.10292149061028277,57,0.14035087719298245,0.08601330609142785,0.011392740705623601,0.06633280431159642,0.979253112033195,212,0.3738975902297699,0.027490421817838687,0.08392818209999975,True,0.07568468539084856,0.8831503223940003,4,303,"{'signal_quality': 0.06633280431159642, 'cost_adjusted_quality': 0.065398060336022, 'turnover': 0.3738975902297699, 'worst_time_block_quality': 0.07568468539084856, 'stability': 0.8831503223940003, 'concentration': 0.027490421817838687, 'benchmark_increment': 0.05585510010202453, 'complexity': 4.0, 'behaviour_novelty': 0.5}",True,[],0.3326630155998483,2,0.06633280431159642,0.065398060336022,0.3738975902297699,0.07568468539084856,0.8831503223940003,0.027490421817838687,0.05585510010202453,4.0,0.5,,,
b1s_typed_random_0085,typed_random,"CSRank(Add(CSRank(Acceleration($ret_1m,8)),Mul(Sign($vwap),0.036)))","CSRank(Add(CSRank(Acceleration($ret_1m,8)),Mul(Sign($vwap),0.036)))",8de2ab5c20141bc5199a9a01293b5f492f78ecb96dcac4085767be48cb03e26b,8de2ab5c20141bc5199a9a01293b5f492f78ecb96dcac4085767be48cb03e26b,b1s/typed_random:fixed:0085,,fixed,frozen_nonadaptive,typed_random_acceleration,raw_1min,typed_random:temporal_program:acceleration,typed_random:temporal_program:acceleration:raw_1min,"['ret_1m', 'vwap']",9206,,,development,temporal_program,acceleration,4,9502272,"{'field': 'ret_1m', 'other': 'low', 'window': 8, 'state': 'evt_uplimit_active'}",root_sample,allow,no blocked field/primitive combination detected,True,True,,-0.10448952206916078,0.11788579344521126,57,0.12280701754385964,0.09472175119876187,0.012546202438062471,0.07989896529055833,0.9529737206085753,1292,0.37391343419994294,0.019895841829084618,0.09625563816428857,True,0.06028277281717582,0.7274783853657587,4,102,"{'signal_quality': 0.07989896529055833, 'cost_adjusted_quality': 0.07896418170505848, 'turnover': 0.37391343419994294, 'worst_time_block_quality': 0.06028277281717582, 'stability': 0.7274783853657587, 'concentration': 0.019895841829084618, 'benchmark_increment': 0.06818255616631336, 'complexity': 4.0, 'behaviour_novelty': 0.25}",True,[],0.32348700254784873,2,0.07989896529055833,0.07896418170505848,0.37391343419994294,0.06028277281717582,0.7274783853657587,0.019895841829084618,0.06818255616631336,4.0,0.25,,,
b1s_firstn_intraday_path_0043,firstn_intraday_path,"CSRank(Mul($m1_first30_vwap_return_vs_open,Sign(Delta($close,5))))","CSRank(Mul($m1_first30_vwap_return_vs_open,Sign(Delta($close,5))))",489c4f99b755038115f947e004945f7dc9ddd62fa2bea50e27dbc863794037d8,489c4f99b755038115f947e004945f7dc9ddd62fa2bea50e27dbc863794037d8,b1s/firstn_intraday_path:fixed:0043,,fixed,frozen_nonadaptive,firstn_signed_path,mixed,firstn_intraday_path:firstn_intraday_path:signed_path,firstn_intraday_path:firstn_intraday_path:signed_path:mixed,"['close', 'm1_first30_vwap_return_vs_open']",9201,,,development,firstn_intraday_path,signed_path,6,9283851,"{'firstn': 'm1_first30_vwap_return_vs_open', 'raw': 'close', 'window': 5}",root_sample,allow,no blocked field/primitive combination detected,True,True,,-0.09799182764384551,0.11991089341131929,51,0.1568627450980392,0.10468273764938853,0.014658515267196786,0.06926113772013981,0.8796680497925311,182,0.1906490441978607,0.027490421814058526,0.07881862361729405,True,0.048536719201700024,0.6942542641581805,4,150,"{'signal_quality': 0.06926113772013981, 'cost_adjusted_quality': 0.06878451510964516, 'turnover': 0.1906490441978607, 'worst_time_block_quality': 0.048536719201700024, 'stability': 0.6942542641581805, 'concentration': 0.027490421814058526, 'benchmark_increment': 0.05074554161931884, 'complexity': 6.0, 'behaviour_novelty': 0.5}",True,[],0.3000907715938292,2,0.06926113772013981,0.06878451510964516,0.1906490441978607,0.048536719201700024,0.6942542641581805,0.027490421814058526,0.05074554161931884,6.0,0.5,,,
b1s_rx_ucb_0311,rx_ucb,"CSRank(Add(CSRank(Sub($m1_first15_last_return_vs_open,Delta($high,3))),Mul(Sign($amount_yuan),0.026)))","CSRank(Add(CSRank(Sub($m1_first15_last_return_vs_open,Delta($high,3))),Mul(Sign($amount_yuan),0.026)))",f87888cfc1961cbd251ed386ff56e02354fba2d4e9439740cbec92a1b4a96412,f87888cfc1961cbd251ed386ff56e02354fba2d4e9439740cbec92a1b4a96412,b1s/rx_ucb:adaptive:0311,b1s_rx_ucb_0051,adaptive,ephemeral_rx_ucb_information_gain,firstn_mean_reversion,mixed,rx_ucb:firstn_intraday_path:mean_reversion,rx_ucb:firstn_intraday_path:mean_reversion:mixed,"['amount_yuan', 'high', 'm1_first15_last_return_vs_open']",9209,,,development,firstn_intraday_path,mean_reversion,8,9302644,"{'firstn': 'm1_first15_last_return_vs_open', 'raw': 'high', 'window': 3}",root_sample,allow,no blocked field/primitive combination detected,True,True,,0.07612805865947217,0.09400765166113167,55,0.7818181818181819,0.09594770035715693,0.012937585276891912,0.05077039151676402,0.941908713692946,244,0.1360988625733174,0.027490421817858122,0.06808790896663164,True,0.05854990172828293,0.7231270464824533,4,321,"{'signal_quality': 0.05077039151676402, 'cost_adjusted_quality': 0.05043014436033073, 'turnover': 0.1360988625733174, 'worst_time_block_quality': 0.05854990172828293, 'stability': 0.7231270464824533, 'concentration': 0.027490421817858122, 'benchmark_increment': 0.04001482696865642, 'complexity': 8.0, 'behaviour_novelty': 1.0}",True,[],0.2949621384453789,2,0.05077039151676402,0.05043014436033073,0.1360988625733174,0.05854990172828293,0.7231270464824533,0.027490421817858122,0.04001482696865642,8.0,1.0,b1s_rx_ucb_0051,1.4846169525786022,0.3333333333333333
b1s_temporal_program_0344,temporal_program,"CSRank(Slope($vwap,2))","CSRank(Slope($vwap,2))",c8e0db9b52dc5140de3ba59a4e3abb6a020be59e2e218190b7e0b5770b2e07fc,c8e0db9b52dc5140de3ba59a4e3abb6a020be59e2e218190b7e0b5770b2e07fc,b1s/temporal_program:fixed:0344,,fixed,frozen_nonadaptive,slope,raw_1min,temporal_program:temporal_program:slope,temporal_program:temporal_program:slope:raw_1min,['vwap'],9202,,,development,temporal_program,slope,4,9285161,"{'field': 'vwap', 'other': 'sell_volume', 'window': 2, 'state': 'ctx_sent_zb_num'}",root_sample,allow,no blocked field/primitive combination detected,True,True,,-0.07813148272491023,0.10053464860959636,58,0.20689655172413793,0.0966962498050396,0.012696839632812392,0.05324567704459794,0.9706373905025357,1806,0.3269334900167112,0.02047190802955289,0.0739489756406548,True,0.050458919501203,0.7661422504928723,4,413,"{'signal_quality': 0.05324567704459794, 'cost_adjusted_quality': 0.05242834331955616, 'turnover': 0.3269334900167112, 'worst_time_block_quality': 0.050458919501203, 'stability': 0.7661422504928723, 'concentration': 0.02047190802955289, 'benchmark_increment': 0.04587589364267958, 'complexity': 4.0, 'behaviour_novelty': 1.0}",True,[],0.29409042604865165,2,0.05324567704459794,0.05242834331955616,0.3269334900167112,0.050458919501203,0.7661422504928723,0.02047190802955289,0.04587589364267958,4.0,1.0,,,
b1s_typed_random_0010,typed_random,"CSRank(Add(CSRank(CSResidual(PathShape($vwap,2),Delta($low,2))),Mul(Sign($ret_1m),0.036)))","CSRank(Add(CSRank(CSResidual(PathShape($vwap,2),Delta($low,2))),Mul(Sign($ret_1m),0.036)))",ba32a11cf8f72804473bacc5ca09aeff0395963872b1de271ff14a2160d3b6a8,ba32a11cf8f72804473bacc5ca09aeff0395963872b1de271ff14a2160d3b6a8,b1s/typed_random:fixed:0010,,fixed,frozen_nonadaptive,typed_random_path_residual,raw_1min,typed_random:orthogonal_exile:path_residual,typed_random:orthogonal_exile:path_residual:raw_1min,"['low', 'ret_1m', 'vwap']",9206,,,development,orthogonal_exile,path_residual,6,9501810,"{'raw': 'vwap', 'other': 'low', 'context': 'ctx_rzrq_rzye', 'window': 2}",root_sample,allow,no blocked field/primitive combination detected,True,True,,-0.07680398465155991,0.09789936013165565,58,0.1896551724137931,0.09822179010610894,0.012897152887929555,0.05152556499121798,0.9664880129091747,2126,0.3636233569875086,0.0209657289887912,0.07238178739946327,True,0.05195912718661288,0.7616093912600841,4,495,"{'signal_quality': 0.05152556499121798, 'cost_adjusted_quality': 0.05061650659874921, 'turnover': 0.3636233569875086, 'worst_time_block_quality': 0.05195912718661288, 'stability': 0.7616093912600841, 'concentration': 0.0209657289887912, 'benchmark_increment': 0.044308705401488055, 'complexity': 6.0, 'behaviour_novelty': 1.0}",True,[],0.28676528847566835,2,0.05152556499121798,0.05061650659874921,0.3636233569875086,0.05195912718661288,0.7616093912600841,0.0209657289887912,0.044308705401488055,6.0,1.0,,,
b1s_orthogonal_exile_0077,orthogonal_exile,"CSRank(SafeCSResidual(Delta($vwap,2),$ctx_rzrq_rzye,20,5,0.6))","CSRank(SafeCSResidual(Delta($vwap,2),$ctx_rzrq_rzye,20,5,0.6))",5610540ea09a354abea87fa75f4a99564c44388dafce32e0993b2d2439d14240,5610540ea09a354abea87fa75f4a99564c44388dafce32e0993b2d2439d14240,b1s/orthogonal_exile:fixed:0077,,fixed,frozen_nonadaptive,change_residual,mixed,orthogonal_exile:orthogonal_exile:change_residual,orthogonal_exile:orthogonal_exile:change_residual:mixed,"['ctx_rzrq_rzye', 'vwap']",9205,,,development,orthogonal_exile,change_residual,5,9287921,"{'raw': 'vwap', 'other': 'buy_volume', 'context': 'ctx_rzrq_rzye', 'window': 2}",root_sample,allow,no blocked field/primitive combination detected,True,True,,-0.08553088505098196,0.1186124321436674,58,0.20689655172413793,0.11463829792238711,0.015052745969298795,0.05602750295115631,0.7062010142923006,696,0.2313937441833588,0.026760888421345105,0.05889797756714631,True,0.040285397274995575,0.6718278697634474,4,242,"{'signal_quality': 0.05602750295115631, 'cost_adjusted_quality': 0.05544901859069792, 'turnover': 0.2313937441833588, 'worst_time_block_quality': 0.040285397274995575, 'stability': 0.6718278697634474, 'concentration': 0.026760888421345105, 'benchmark_increment': 0.030824895569171094, 'complexity': 5.0, 'behaviour_novelty': 1.0}",True,[],0.27731381806316235,2,0.05602750295115631,0.05544901859069792,0.2313937441833588,0.040285397274995575,0.6718278697634474,0.026760888421345105,0.030824895569171094,5.0,1.0,,,
b1s_temporal_program_0350,temporal_program,"CSRank(PathShape($vwap,2))","CSRank(PathShape($vwap,2))",e5e5fac90c604124513822a41d6935d99103254521e5dac2a5e3177df7d79855,e5e5fac90c604124513822a41d6935d99103254521e5dac2a5e3177df7d79855,b1s/temporal_program:fixed:0350,,fixed,frozen_nonadaptive,pathshape,raw_1min,temporal_program:temporal_program:pathshape,temporal_program:temporal_program:pathshape:raw_1min,['vwap'],9202,,,development,temporal_program,pathshape,4,9285167,"{'field': 'vwap', 'other': 'sell_volume', 'window': 2, 'state': 'ctx_sent_zb_num'}",root_sample,allow,no blocked field/primitive combination detected,True,True,,-0.0755693404417688,0.09634338035680906,58,0.1724137931034483,0.09587627078771256,0.012589171113027358,0.05089456506023518,0.9706373905025357,526,0.27887269299934503,0.020930999740272287,0.0715239890580885,True,0.04109168767086402,0.7129182723589174,4,416,"{'signal_quality': 0.05089456506023518, 'cost_adjusted_quality': 0.050197383327736815, 'turnover': 0.27887269299934503, 'worst_time_block_quality': 0.04109168767086402, 'stability': 0.7129182723589174, 'concentration': 0.020930999740272287, 'benchmark_increment': 0.043450907060113286, 'complexity': 4.0, 'behaviour_novelty': 1.0}",True,[],0.2762458112049487,2,0.05089456506023518,0.050197383327736815,0.27887269299934503,0.04109168767086402,0.7129182723589174,0.020930999740272287,0.043450907060113286,4.0,1.0,,,
b1s_temporal_program_0320,temporal_program,"CSRank(PathShape($high,2))","CSRank(PathShape($high,2))",bfb0b608823eebdab87599bddf3d5d90f1649096bbe465d22d72bac759aeed36,bfb0b608823eebdab87599bddf3d5d90f1649096bbe465d22d72bac759aeed36,b1s/temporal_program:fixed:0320,,fixed,frozen_nonadaptive,pathshape,raw_1min,temporal_program:temporal_program:pathshape,temporal_program:temporal_program:pathshape:raw_1min,['high'],9202,,,development,temporal_program,pathshape,4,9285137,"{'field': 'high', 'other': 'price_spread', 'window': 2, 'state': 'evt_uplimit_active'}",root_sample,allow,no blocked field/primitive combination detected,True,True,,-0.08097728644610408,0.09815037519077814,58,0.20689655172413793,0.09228452580983879,0.01211755189224093,0.057226884737311856,0.995850622406639,200,0.27425773430186534,0.02226492671000267,0.07863329923759359,True,0.048690849710414826,0.7647960882243006,4,101,"{'signal_quality': 0.057226884737311856, 'cost_adjusted_quality': 0.05654124040155719, 'turnover': 0.27425773430186534, 'worst_time_block_quality': 0.048690849710414826, 'stability': 0.7647960882243006, 'concentration': 0.02226492671000267, 'benchmark_increment': 0.05056021723961837, 'complexity': 4.0, 'behaviour_novelty': 0.3333333333333333}",True,[],0.2721546881735344,2,0.057226884737311856,0.05654124040155719,0.27425773430186534,0.048690849710414826,0.7647960882243006,0.02226492671000267,0.05056021723961837,4.0,0.3333333333333333,,,
b1s_orthogonal_exile_0213,orthogonal_exile,"CSRank(SafeCSResidual(Delta($low,5),$ctx_rzrq_rzjme,20,5,0.6))","CSRank(SafeCSResidual(Delta($low,5),$ctx_rzrq_rzjme,20,5,0.6))",7447a20aa273ecdada8ad965ab7b8a9043ec7f90355ead1162369a9d205e4cd7,7447a20aa273ecdada8ad965ab7b8a9043ec7f90355ead1162369a9d205e4cd7,b1s/orthogonal_exile:fixed:0213,,fixed,frozen_nonadaptive,change_residual,mixed,orthogonal_exile:orthogonal_exile:change_residual,orthogonal_exile:orthogonal_exile:change_residual:mixed,"['ctx_rzrq_rzjme', 'low']",9205,,,development,orthogonal_exile,change_residual,5,9288057,"{'raw': 'low', 'other': 'high', 'context': 'ctx_rzrq_rzjme', 'window': 5}",root_sample,allow,no blocked field/primitive combination detected,True,True,,-0.06746621984457983,0.10771417840464,57,0.3333333333333333,0.11455439945610925,0.015173100872377096,0.03772694213472072,0.7140387275242047,105,0.15601910710251743,0.03755615381348247,0.04656725677338242,True,0.04927544685055256,0.8202246836028959,4,262,"{'signal_quality': 0.03772694213472072, 'cost_adjusted_quality': 0.03733689436696443, 'turnover': 0.15601910710251743, 'worst_time_block_quality': 0.04927544685055256, 'stability': 0.8202246836028959, 'concentration': 0.03755615381348247, 'benchmark_increment': 0.018494174775407202, 'complexity': 5.0, 'behaviour_novelty': 1.0}",True,[],0.2592281346633028,2,0.03772694213472072,0.03733689436696443,0.15601910710251743,0.04927544685055256,0.8202246836028959,0.03755615381348247,0.018494174775407202,5.0,1.0,,,
b1s_firstn_intraday_path_0013,firstn_intraday_path,"CSRank(Mul($m1_first5_vwap_return_vs_open,Sign(Delta($close,5))))","CSRank(Mul($m1_first5_vwap_return_vs_open,Sign(Delta($close,5))))",114b34c47ff941a2f98d6eaf4958a4bfba35283352aa58b2312b17ef91a66f6e,114b34c47ff941a2f98d6eaf4958a4bfba35283352aa58b2312b17ef91a66f6e,b1s/firstn_intraday_path:fixed:0013,,fixed,frozen_nonadaptive,firstn_signed_path,mixed,firstn_intraday_path:firstn_intraday_path:signed_path,firstn_intraday_path:firstn_intraday_path:signed_path:mixed,"['close', 'm1_first5_vwap_return_vs_open']",9201,,,development,firstn_intraday_path,signed_path,6,9283821,"{'firstn': 'm1_first5_vwap_return_vs_open', 'raw': 'close', 'window': 5}",root_sample,allow,no blocked field/primitive combination detected,True,True,,-0.06813580366927986,0.09673784500957196,57,0.24561403508771928,0.09941546814088431,0.013167900434537026,0.04232671881758729,0.979253112033195,190,0.1878215706201015,0.027490421803707213,0.06449749589705676,True,0.03822030855221208,0.7349840478820653,4,145,"{'signal_quality': 0.04232671881758729, 'cost_adjusted_quality': 0.04185716489103704, 'turnover': 0.1878215706201015, 'worst_time_block_quality': 0.03822030855221208, 'stability': 0.7349840478820653, 'concentration': 0.027490421803707213, 'benchmark_increment': 0.03642441389908155, 'complexity': 6.0, 'behaviour_novelty': 1.0}",True,[],0.25655913875270764,2,0.04232671881758729,0.04185716489103704,0.1878215706201015,0.03822030855221208,0.7349840478820653,0.027490421803707213,0.03642441389908155,6.0,1.0,,,
b1s_orthogonal_exile_0017,orthogonal_exile,"CSRank(SafeCSResidual(Delta($high,5),$ctx_rzrq_rzye,20,5,0.6))","CSRank(SafeCSResidual(Delta($high,5),$ctx_rzrq_rzye,20,5,0.6))",d6fb3b7165b9bb4d787c0d904abc99c209e0c84599387fb875ea2146e9c4b120,d6fb3b7165b9bb4d787c0d904abc99c209e0c84599387fb875ea2146e9c4b120,b1s/orthogonal_exile:fixed:0017,,fixed,frozen_nonadaptive,change_residual,mixed,orthogonal_exile:orthogonal_exile:change_residual,orthogonal_exile:orthogonal_exile:change_residual:mixed,"['ctx_rzrq_rzye', 'high']",9205,,,development,orthogonal_exile,change_residual,5,9287861,"{'raw': 'high', 'other': 'trade_count', 'context': 'ctx_rzrq_rzye', 'window': 5}",root_sample,allow,no blocked field/primitive combination detected,True,True,,-0.06787172502067387,0.10724122810635478,57,0.2807017543859649,0.11784816568819094,0.015609370867477136,0.037277358120418685,0.7140387275242047,105,0.15724957950745372,0.03755615381348247,0.0468471488986802,True,0.050007373112318225,0.7542452300817513,4,227,"{'signal_quality': 0.037277358120418685, 'cost_adjusted_quality': 0.03688423417165005, 'turnover': 0.15724957950745372, 'worst_time_block_quality': 0.050007373112318225, 'stability': 0.7542452300817513, 'concentration': 0.03755615381348247, 'benchmark_increment': 0.01877406690070498, 'complexity': 5.0, 'behaviour_novelty': 1.0}",True,[],0.2524167483998011,2,0.037277358120418685,0.03688423417165005,0.15724957950745372,0.050007373112318225,0.7542452300817513,0.03755615381348247,0.01877406690070498,5.0,1.0,,,
b1s_firstn_intraday_path_0023,firstn_intraday_path,"CSRank(Mul($m1_first15_last_return_vs_open,Sign(Delta($close,5))))","CSRank(Mul($m1_first15_last_return_vs_open,Sign(Delta($close,5))))",134fc466373fbaca7c5b77a894e6e895f8b50b37bb51df05764bd7254e7e77d7,134fc466373fbaca7c5b77a894e6e895f8b50b37bb51df05764bd7254e7e77d7,b1s/firstn_intraday_path:fixed:0023,,fixed,frozen_nonadaptive,firstn_signed_path,mixed,firstn_intraday_path:firstn_intraday_path:signed_path,firstn_intraday_path:firstn_intraday_path:signed_path:mixed,"['close', 'm1_first15_last_return_vs_open']",9201,,,development,firstn_intraday_path,signed_path,6,9283831,"{'firstn': 'm1_first15_last_return_vs_open', 'raw': 'close', 'window': 5}",root_sample,allow,no blocked field/primitive combination detected,True,True,,-0.06978026703715995,0.09609822835810801,55,0.2,0.09844917822817949,0.013274884484211564,0.04376149344810529,0.941908713692946,197,0.1804356327864024,0.027490421788281708,0.06241052974890527,True,0.032723973855479066,0.6852023971978888,4,148,"{'signal_quality': 0.04376149344810529, 'cost_adjusted_quality': 0.04331040436613928, 'turnover': 0.1804356327864024, 'worst_time_block_quality': 0.032723973855479066, 'stability': 0.6852023971978888, 'concentration': 0.027490421788281708, 'benchmark_increment': 0.03433744775093005, 'complexity': 6.0, 'behaviour_novelty': 1.0}",True,[],0.24870952300504617,2,0.04376149344810529,0.04331040436613928,0.1804356327864024,0.032723973855479066,0.6852023971978888,0.027490421788281708,0.03433744775093005,6.0,1.0,,,
b1s_orthogonal_exile_0209,orthogonal_exile,"CSRank(SafeCSResidual(Delta($high,5),$ctx_rzrq_rzjme,20,5,0.6))","CSRank(SafeCSResidual(Delta($high,5),$ctx_rzrq_rzjme,20,5,0.6))",90e117ab2650b2aa4f08ee6c6ecf762093f6690147719c5eb4a8346db680a8ea,90e117ab2650b2aa4f08ee6c6ecf762093f6690147719c5eb4a8346db680a8ea,b1s/orthogonal_exile:fixed:0209,,fixed,frozen_nonadaptive,change_residual,mixed,orthogonal_exile:orthogonal_exile:change_residual,orthogonal_exile:orthogonal_exile:change_residual:mixed,"['ctx_rzrq_rzjme', 'high']",9205,,,development,orthogonal_exile,change_residual,5,9288053,"{'raw': 'high', 'other': 'high', 'context': 'ctx_rzrq_rzjme', 'window': 5}",root_sample,allow,no blocked field/primitive combination detected,True,True,,-0.0681004685849746,0.11097129812525208,57,0.2982456140350877,0.11865672953665099,0.015716467765480975,0.037296191764631885,0.7140387275242047,105,0.1592936764359323,0.03755615381348247,0.047005034731302645,True,0.05500619100740339,0.8892699140433159,4,260,"{'signal_quality': 0.037296191764631885, 'cost_adjusted_quality': 0.036897957573542056, 'turnover': 0.1592936764359323, 'worst_time_block_quality': 0.05500619100740339, 'stability': 0.8892699140433159, 'concentration': 0.03755615381348247, 'benchmark_increment': 0.018931952733327425, 'complexity': 5.0, 'behaviour_novelty': 0.5}",True,[],0.245601817078281,2,0.037296191764631885,0.036897957573542056,0.1592936764359323,0.05500619100740339,0.8892699140433159,0.03755615381348247,0.018931952733327425,5.0,0.5,,,
b1s_rx_ucb_0322,rx_ucb,"CSRank(Add(CSRank(Mul($m1_first5_last_return_vs_open,Sign(Delta($close,3)))),Mul(Sign($intraday_ret_from_open),0.026)))","CSRank(Add(CSRank(Mul($m1_first5_last_return_vs_open,Sign(Delta($close,3)))),Mul(Sign($intraday_ret_from_open),0.026)))",33806a1697c3eb3660ab85a65381738f0f39b4d8a037ee38d31f4ba452bafe66,33806a1697c3eb3660ab85a65381738f0f39b4d8a037ee38d31f4ba452bafe66,b1s/rx_ucb:adaptive:0322,b1s_rx_ucb_0093,adaptive,ephemeral_rx_ucb_information_gain,firstn_signed_path,mixed,rx_ucb:firstn_intraday_path:signed_path,rx_ucb:firstn_intraday_path:signed_path:mixed,"['close', 'intraday_ret_from_open', 'm1_first5_last_return_vs_open']",9209,,,development,firstn_intraday_path,signed_path,9,9302716,"{'firstn': 'm1_first5_last_return_vs_open', 'raw': 'close', 'window': 3}",root_sample,allow,no blocked field/primitive combination detected,True,True,,-0.057003067820354685,0.08493007056205254,58,0.25862068965517243,0.08378270094574844,0.011001207596539131,0.03544070093113799,0.983402489626556,205,0.21358110533895458,0.027490421800531073,0.05466113082472291,True,0.04289086995095638,0.805588129113891,4,322,"{'signal_quality': 0.03544070093113799, 'cost_adjusted_quality': 0.0349067481677906, 'turnover': 0.21358110533895458, 'worst_time_block_quality': 0.04289086995095638, 'stability': 0.805588129113891, 'concentration': 0.027490421800531073, 'benchmark_increment': 0.02658804882674769, 'complexity': 9.0, 'behaviour_novelty': 1.0}",True,[],0.24404546469850735,2,0.03544070093113799,0.0349067481677906,0.21358110533895458,0.04289086995095638,0.805588129113891,0.027490421800531073,0.02658804882674769,9.0,1.0,b1s_rx_ucb_0093,1.5063440311588852,0.7142857142857143
b1s_temporal_program_0553,temporal_program,"CSRank(Delta($high,5))","CSRank(Delta($high,5))",1d4230c17bb3094fef93cb706fab1415665e44dd7a2bd3fae350281e7c641e94,1d4230c17bb3094fef93cb706fab1415665e44dd7a2bd3fae350281e7c641e94,b1s/temporal_program:fixed:0553,,fixed,frozen_nonadaptive,delta,raw_1min,temporal_program:temporal_program:delta,temporal_program:temporal_program:delta:raw_1min,['high'],9202,,,development,temporal_program,delta,4,9285370,"{'field': 'high', 'other': 'price_spread', 'window': 5, 'state': 'evt_uplimit_active'}",root_sample,allow,no blocked field/primitive combination detected,True,True,,-0.06216954111037526,0.0963541812450462,57,0.24561403508771928,0.10208997593210772,0.013522147645406823,0.035666131725377886,0.979253112033195,287,0.15157132446512703,0.02661942368933719,0.058849819136956985,True,0.051414709533038755,0.8521765806319272,4,114,"{'signal_quality': 0.035666131725377886, 'cost_adjusted_quality': 0.03528720341421507, 'turnover': 0.15157132446512703, 'worst_time_block_quality': 0.051414709533038755, 'stability': 0.8521765806319272, 'concentration': 0.02661942368933719, 'benchmark_increment': 0.030776737138981766, 'complexity': 4.0, 'behaviour_novelty': 0.5}",True,[],0.2425531651946601,2,0.035666131725377886,0.03528720341421507,0.15157132446512703,0.051414709533038755,0.8521765806319272,0.02661942368933719,0.030776737138981766,4.0,0.5,,,
b1s_rx_ucb_0163,rx_ucb,"CSRank(Add(CSRank(SafeCSResidual($volume,$ctx_hfq_float_market_cap_yuan,20,5,0.6)),Mul(Sign($close),0.026)))","CSRank(Add(CSRank(SafeCSResidual($volume,$ctx_hfq_float_market_cap_yuan,20,5,0.6)),Mul(Sign($close),0.026)))",f5bf0dcfe1c1a1d7dfbfe37c645a839f4acd41555152732f793af778b211ea28,f5bf0dcfe1c1a1d7dfbfe37c645a839f4acd41555152732f793af778b211ea28,b1s/rx_ucb:control:0163,,control,matched_nonadaptive_control,level_residual,mixed,rx_ucb:orthogonal_exile:level_residual,rx_ucb:orthogonal_exile:level_residual:mixed,"['close', 'ctx_hfq_float_market_cap_yuan', 'volume']",9209,,,development,orthogonal_exile,level_residual,4,9291908,"{'raw': 'volume', 'other': 'trade_count', 'context': 'ctx_hfq_float_market_cap_yuan', 'window': 2}",root_sample,allow,no blocked field/primitive combination detected,True,True,,-0.06979955585625625,0.10560706465812711,59,0.2542372881355932,0.11214693599573654,0.014600287467121097,0.041182992420698894,1.0,145,0.18822900584777083,0.027376353682055994,0.06864576472149235,True,0.04530944720740383,0.4754248646685094,4,297,"{'signal_quality': 0.041182992420698894, 'cost_adjusted_quality': 0.04071241990607947, 'turnover': 0.18822900584777083, 'worst_time_block_quality': 0.04530944720740383, 'stability': 0.4754248646685094, 'concentration': 0.027376353682055994, 'benchmark_increment': 0.040572682723517134, 'complexity': 4.0, 'behaviour_novelty': 1.0}",True,[],0.23890757790780973,2,0.041182992420698894,0.04071241990607947,0.18822900584777083,0.04530944720740383,0.4754248646685094,0.027376353682055994,0.040572682723517134,4.0,1.0,,,
b1s_rx_ucb_0252,rx_ucb,"CSRank(Add(CSRank(Sub($m1_first15_last_return_vs_open,Mean($volume,2))),Mul(Sign($volume),0.026)))","CSRank(Add(CSRank(Sub($m1_first15_last_return_vs_open,Mean($volume,2))),Mul(Sign($volume),0.026)))",30949a0c36ad2108b9e3d57849587524c130081fd116b97c45f1d36e3fb3e101,30949a0c36ad2108b9e3d57849587524c130081fd116b97c45f1d36e3fb3e101,b1s/rx_ucb:adaptive:0252,b1s_rx_ucb_0069,adaptive,ephemeral_rx_ucb_information_gain,firstn_opening_gap,mixed,rx_ucb:firstn_intraday_path:opening_gap,rx_ucb:firstn_intraday_path:opening_gap:mixed,"['m1_first15_last_return_vs_open', 'volume']",9209,,,development,firstn_intraday_path,opening_gap,8,9302282,"{'firstn': 'm1_first15_last_return_vs_open', 'raw': 'volume', 'window': 2}",root_sample,allow,no blocked field/primitive combination detected,True,True,,0.06447776679617535,0.1049307175192797,55,0.7090909090909091,0.10876953392041509,0.01466648096186696,0.035731464110916114,0.941908713692946,147,0.1103384394219604,0.02749042181928934,0.057668045045352674,True,0.038615532194673,0.6828317384044535,4,315,"{'signal_quality': 0.035731464110916114, 'cost_adjusted_quality': 0.03545561801236121, 'turnover': 0.1103384394219604, 'worst_time_block_quality': 0.038615532194673, 'stability': 0.6828317384044535, 'concentration': 0.02749042181928934, 'benchmark_increment': 0.029594963047377455, 'complexity': 8.0, 'behaviour_novelty': 1.0}",True,[],0.23612542419360502,2,0.035731464110916114,0.03545561801236121,0.1103384394219604,0.038615532194673,0.6828317384044535,0.02749042181928934,0.029594963047377455,8.0,1.0,b1s_rx_ucb_0069,1.2831359607502113,0.14285714285714285
b1s_firstn_intraday_path_0008,firstn_intraday_path,"CSRank(Mul($m1_first5_last_return_vs_open,Sign(Delta($close,5))))","CSRank(Mul($m1_first5_last_return_vs_open,Sign(Delta($close,5))))",895dcde0bd995bb214d3e5a837f25c80e744f3b20d06ec631f75d983d1296136,895dcde0bd995bb214d3e5a837f25c80e744f3b20d06ec631f75d983d1296136,b1s/firstn_intraday_path:fixed:0008,,fixed,frozen_nonadaptive,firstn_signed_path,mixed,firstn_intraday_path:firstn_intraday_path:signed_path,firstn_intraday_path:firstn_intraday_path:signed_path:mixed,"['close', 'm1_first5_last_return_vs_open']",9201,,,development,firstn_intraday_path,signed_path,6,9283816,"{'firstn': 'm1_first5_last_return_vs_open', 'raw': 'close', 'window': 5}",root_sample,allow,no blocked field/primitive combination detected,True,True,,-0.0622555572470521,0.09359871164624776,57,0.19298245614035087,0.09796087033854939,0.012975234248966195,0.03682409811907836,0.979253112033195,183,0.18244762928970928,0.02749042181123682,0.05893124219390547,True,0.03249031426582224,0.7188544217227129,4,142,"{'signal_quality': 0.03682409811907836, 'cost_adjusted_quality': 0.036367979045854086, 'turnover': 0.18244762928970928, 'worst_time_block_quality': 0.03249031426582224, 'stability': 0.7188544217227129, 'concentration': 0.02749042181123682, 'benchmark_increment': 0.03085816019593025, 'complexity': 6.0, 'behaviour_novelty': 1.0}",True,[],0.2350532331664306,2,0.03682409811907836,0.036367979045854086,0.18244762928970928,0.03249031426582224,0.7188544217227129,0.02749042181123682,0.03085816019593025,6.0,1.0,,,
b1s_temporal_program_0675,temporal_program,"CSRank(Acceleration($high,8))","CSRank(Acceleration($high,8))",6fbbbc3a1a2d02ae72ed9159abcb9e308bcbac243b6db2249e5e762c6888e437,6fbbbc3a1a2d02ae72ed9159abcb9e308bcbac243b6db2249e5e762c6888e437,b1s/temporal_program:fixed:0675,,fixed,frozen_nonadaptive,acceleration,raw_1min,temporal_program:temporal_program:acceleration,temporal_program:temporal_program:acceleration:raw_1min,['high'],9202,,,development,temporal_program,acceleration,4,9285492,"{'field': 'high', 'other': 'price_spread', 'window': 8, 'state': 'evt_uplimit_active'}",root_sample,allow,no blocked field/primitive combination detected,True,True,,-0.06095267777275379,0.09500562775686223,57,0.22807017543859648,0.09926150757254525,0.013147507859089304,0.035183562368938756,0.966804979253112,279,0.20433790817756653,0.02749042181322946,0.0569644854171547,True,0.04191523729604984,0.6261072273478068,4,450,"{'signal_quality': 0.035183562368938756, 'cost_adjusted_quality': 0.03467271759849484, 'turnover': 0.20433790817756653, 'worst_time_block_quality': 0.04191523729604984, 'stability': 0.6261072273478068, 'concentration': 0.02749042181322946, 'benchmark_increment': 0.028891403419179482, 'complexity': 4.0, 'behaviour_novelty': 1.0}",True,[],0.23121202175261013,2,0.035183562368938756,0.03467271759849484,0.20433790817756653,0.04191523729604984,0.6261072273478068,0.02749042181322946,0.028891403419179482,4.0,1.0,,,
b1s_static_cross_sectional_0124,static_cross_sectional,"CSRank(Div(Sub($low,$high),Add(Abs($low),0.000001)))","CSRank(Div(Sub($low,$high),Add(Abs($low),0.000001)))",daa9c2cf0643599b7bb05e9bb1ca2c137c810bdec2db5a533ac33ad18fbc78ef,daa9c2cf0643599b7bb05e9bb1ca2c137c810bdec2db5a533ac33ad18fbc78ef,b1s/static_cross_sectional:fixed:0124,,fixed,frozen_nonadaptive,simple_nonlinear,raw_1min,static_cross_sectional:static_cross_sectional:simple_nonlinear,static_cross_sectional:static_cross_sectional:simple_nonlinear:raw_1min,"['high', 'low']",9200,,,development,static_cross_sectional,simple_nonlinear,7,9282923,"{'a': 'low', 'b': 'high', 'window': 2, 'coefficient': 0.2}",root_sample,allow,no blocked field/primitive combination detected,True,True,,0.06031725668847235,0.10060349461229598,58,0.7413793103448276,0.10206100035845232,0.01340126589116324,0.0340507755417924,1.0,275,0.19304430298946465,0.019514395559971632,0.05881534654706573,True,0.047985140054789044,0.7632212253734914,4,336,"{'signal_quality': 0.0340507755417924, 'cost_adjusted_quality': 0.03356816478431874, 'turnover': 0.19304430298946465, 'worst_time_block_quality': 0.047985140054789044, 'stability': 0.7632212253734914, 'concentration': 0.019514395559971632, 'benchmark_increment': 0.03074226454909051, 'complexity': 7.0, 'behaviour_novelty': 0.5}",True,[],0.22195145972271416,2,0.0340507755417924,0.03356816478431874,0.19304430298946465,0.047985140054789044,0.7632212253734914,0.019514395559971632,0.03074226454909051,7.0,0.5,,,
b1s_temporal_program_0075,temporal_program,"CSRank(Acceleration($high,15))","CSRank(Acceleration($high,15))",64fd552e0361f82d59b27e893174dd0895ad0090070982fbc6fd10d623abab86,64fd552e0361f82d59b27e893174dd0895ad0090070982fbc6fd10d623abab86,b1s/temporal_program:fixed:0075,,fixed,frozen_nonadaptive,acceleration,raw_1min,temporal_program:temporal_program:acceleration,temporal_program:temporal_program:acceleration:raw_1min,['high'],9202,,,development,temporal_program,acceleration,4,9284892,"{'field': 'high', 'other': 'price_spread', 'window': 15, 'state': 'evt_uplimit_active'}",root_sample,allow,no blocked field/primitive combination detected,True,True,,-0.0524748287420023,0.08426489828042555,55,0.34545454545454546,0.09554024051433446,0.012882643402893872,0.027224847672330313,0.9377593360995851,277,0.15931670111236104,0.02749042181710757,0.04672602679594899,True,0.03998660413668143,0.7124860913344786,4,359,"{'signal_quality': 0.027224847672330313, 'cost_adjusted_quality': 0.02682655591954941, 'turnover': 0.15931670111236104, 'worst_time_block_quality': 0.03998660413668143, 'stability': 0.7124860913344786, 'concentration': 0.02749042181710757, 'benchmark_increment': 0.01865294479797377, 'complexity': 4.0, 'behaviour_novelty': 1.0}",True,[],0.217806783327109,2,0.027224847672330313,0.02682655591954941,0.15931670111236104,0.03998660413668143,0.7124860913344786,0.02749042181710757,0.01865294479797377,4.0,1.0,,,
b1s_temporal_program_0463,temporal_program,"CSRank(Delta($vwap,3))","CSRank(Delta($vwap,3))",062e62862c0252bd3db6caf6c1959e9d6b36ca6eb103fcbda3c4eedc91618e78,062e62862c0252bd3db6caf6c1959e9d6b36ca6eb103fcbda3c4eedc91618e78,b1s/temporal_program:fixed:0463,,fixed,frozen_nonadaptive,delta,raw_1min,temporal_program:temporal_program:delta,temporal_program:temporal_program:delta:raw_1min,['vwap'],9202,,,development,temporal_program,delta,4,9285280,"{'field': 'vwap', 'other': 'sell_volume', 'window': 3, 'state': 'ctx_sent_zb_num'}",root_sample,allow,no blocked field/primitive combination detected,True,True,,-0.06844031213386803,0.09467688087674304,58,0.2413793103448276,0.1004648116217652,0.013191676041977985,0.04258462709159118,0.9661422314430613,1605,0.19661968623959025,0.02039020703772631,0.06447659984040947,True,0.03154778443854663,0.6316232286115764,4,75,"{'signal_quality': 0.04258462709159118, 'cost_adjusted_quality': 0.0420930778759922, 'turnover': 0.19661968623959025, 'worst_time_block_quality': 0.03154778443854663, 'stability': 0.6316232286115764, 'concentration': 0.02039020703772631, 'benchmark_increment': 0.03640351784243426, 'complexity': 4.0, 'behaviour_novelty': 0.5}",True,[],0.2170523225954634,2,0.04258462709159118,0.0420930778759922,0.19661968623959025,0.03154778443854663,0.6316232286115764,0.02039020703772631,0.03640351784243426,4.0,0.5,,,
b1s_firstn_intraday_path_0076,firstn_intraday_path,"CSRank(Sub($m1_first15_vwap_return_vs_open,Delta($vwap,5)))","CSRank(Sub($m1_first15_vwap_return_vs_open,Delta($vwap,5)))",32db5c83d85d7d515a556fc08e32ebe7da7c2f58534775fae6028f8d4347b130,32db5c83d85d7d515a556fc08e32ebe7da7c2f58534775fae6028f8d4347b130,b1s/firstn_intraday_path:fixed:0076,,fixed,frozen_nonadaptive,firstn_mean_reversion,mixed,firstn_intraday_path:firstn_intraday_path:mean_reversion,firstn_intraday_path:firstn_intraday_path:mean_reversion:mixed,"['m1_first15_vwap_return_vs_open', 'vwap']",9201,,,development,firstn_intraday_path,mean_reversion,5,9283884,"{'firstn': 'm1_first15_vwap_return_vs_open', 'raw': 'vwap', 'window': 5}",root_sample,allow,no blocked field/primitive combination detected,True,True,,0.06533744750830915,0.09732082436420193,55,0.7454545454545455,0.1030234898219653,0.013891684533690446,0.03810974582227588,0.9205567081604425,1537,0.12897541645567825,0.020407331545734313,0.05711223270857039,True,0.03648953711820008,0.7236777846274491,4,158,"{'signal_quality': 0.03810974582227588, 'cost_adjusted_quality': 0.03778730728113668, 'turnover': 0.12897541645567825, 'worst_time_block_quality': 0.03648953711820008, 'stability': 0.7236777846274491, 'concentration': 0.020407331545734313, 'benchmark_increment': 0.02903915071059517, 'complexity': 5.0, 'behaviour_novelty': 0.3333333333333333}",True,[],0.21197249361450282,2,0.03810974582227588,0.03778730728113668,0.12897541645567825,0.03648953711820008,0.7236777846274491,0.020407331545734313,0.02903915071059517,5.0,0.3333333333333333,,,
b1s_temporal_program_0091,temporal_program,"CSRank(Sub(RecoveryPath($low,15),DrawdownPath($high,15)))","CSRank(Sub(RecoveryPath($low,15),DrawdownPath($high,15)))",5f25826010a100f6a5527c200d49d3921a724870114ab9f82a9a70da080a9a0c,5f25826010a100f6a5527c200d49d3921a724870114ab9f82a9a70da080a9a0c,b1s/temporal_program:fixed:0091,,fixed,frozen_nonadaptive,drawdownrecovery,raw_1min,temporal_program:temporal_program:drawdownrecovery,temporal_program:temporal_program:drawdownrecovery:raw_1min,"['high', 'low']",9202,,,development,temporal_program,drawdownrecovery,6,9284908,"{'field': 'low', 'other': 'high', 'window': 15, 'state': 'ctx_zls_strong'}",root_sample,allow,no blocked field/primitive combination detected,True,True,,-0.045825855855203476,0.0910432283173587,55,0.32727272727272727,0.10167665709520626,0.013710077645862058,0.018954103669313844,0.941908713692946,275,0.13296827208302273,0.027248637422676376,0.04098602744809192,True,0.034227435711594596,0.8516008743111132,4,363,"{'signal_quality': 0.018954103669313844, 'cost_adjusted_quality': 0.018621682989106287, 'turnover': 0.13296827208302273, 'worst_time_block_quality': 0.034227435711594596, 'stability': 0.8516008743111132, 'concentration': 0.027248637422676376, 'benchmark_increment': 0.0129129454501167, 'complexity': 6.0, 'behaviour_novelty': 1.0}",True,[],0.20431127060479712,2,0.018954103669313844,0.018621682989106287,0.13296827208302273,0.034227435711594596,0.8516008743111132,0.027248637422676376,0.0129129454501167,6.0,1.0,,,
b1s_evolutionary_0168,evolutionary,"CSRank(Add(CSRank(Add(MaskedZScore($ctx_hfq_ps_ttm,60,0.6),Mul(Sign($ret_1m),0.1))),Mul(Sign($intraday_ret_from_open),0.012)))","CSRank(Add(CSRank(Add(MaskedZScore($ctx_hfq_ps_ttm,60,0.6),Mul(Sign($ret_1m),0.1))),Mul(Sign($intraday_ret_from_open),0.012)))",59107d4dcbffefdd9e6da046d6761d0e2a28281cdceab14ec5dd0ebf29d01a15,59107d4dcbffefdd9e6da046d6761d0e2a28281cdceab14ec5dd0ebf29d01a15,b1s/evolutionary:control:0168,,control,matched_nonadaptive_control,interaction,mixed,evolutionary:static_cross_sectional:interaction,evolutionary:static_cross_sectional:interaction:mixed,"['ctx_hfq_ps_ttm', 'intraday_ret_from_open', 'ret_1m']",9211,,,development,static_cross_sectional,interaction,7,9293926,"{'a': 'ctx_hfq_ps_ttm', 'b': 'ret_1m', 'window': 8, 'coefficient': 0.1}",root_sample,allow,no blocked field/primitive combination detected,True,True,,-0.04464500850874809,0.07589568390997968,59,0.2711864406779661,0.07968171744030869,0.01037367601863551,0.024312603512222492,1.0,144,0.09591089528554153,0.0274904218193889,0.04390702365487691,True,0.031124927788705258,0.7189634034680568,4,88,"{'signal_quality': 0.024312603512222492, 'cost_adjusted_quality': 0.024072826274008637, 'turnover': 0.09591089528554153, 'worst_time_block_quality': 0.031124927788705258, 'stability': 0.7189634034680568, 'concentration': 0.0274904218193889, 'benchmark_increment': 0.015833941656901693, 'complexity': 7.0, 'behaviour_novelty': 1.0}",True,[],0.2023108742484337,2,0.024312603512222492,0.024072826274008637,0.09591089528554153,0.031124927788705258,0.7189634034680568,0.0274904218193889,0.015833941656901693,7.0,1.0,,,
b1s_static_cross_sectional_0228,static_cross_sectional,"CSRank(Div(Sub($vwap,$low),Add(Abs($vwap),0.000001)))","CSRank(Div(Sub($vwap,$low),Add(Abs($vwap),0.000001)))",1b0c477c2cf34b52bd139d4e18c8d3e44db828ee50bb4fa1450dfcf7eadbfeb2,1b0c477c2cf34b52bd139d4e18c8d3e44db828ee50bb4fa1450dfcf7eadbfeb2,b1s/static_cross_sectional:fixed:0228,,fixed,frozen_nonadaptive,simple_nonlinear,raw_1min,static_cross_sectional:static_cross_sectional:simple_nonlinear,static_cross_sectional:static_cross_sectional:simple_nonlinear:raw_1min,"['low', 'vwap']",9200,,,development,static_cross_sectional,simple_nonlinear,7,9283027,"{'a': 'vwap', 'b': 'low', 'window': 2, 'coefficient': 0.05}",root_sample,allow,no blocked field/primitive combination detected,True,True,,-0.05359831867001615,0.08325203792799762,59,0.2711864406779661,0.08895250821499144,0.011580630173522524,0.030900283529912007,0.9861687413554634,1126,0.2606269736776892,0.019920142276047683,0.05198325708548802,True,0.03734339247118866,0.5349890347991575,4,345,"{'signal_quality': 0.030900283529912007, 'cost_adjusted_quality': 0.030248716095717783, 'turnover': 0.2606269736776892, 'worst_time_block_quality': 0.03734339247118866, 'stability': 0.5349890347991575, 'concentration': 0.019920142276047683, 'benchmark_increment': 0.023910175087512798, 'complexity': 7.0, 'behaviour_novelty': 1.0}",True,[],0.2001840267584606,2,0.030900283529912007,0.030248716095717783,0.2606269736776892,0.03734339247118866,0.5349890347991575,0.019920142276047683,0.023910175087512798,7.0,1.0,,,
b1s_firstn_intraday_path_0196,firstn_intraday_path,"CSRank(Sub($m1_first5_vwap_return_vs_open,Delta($ret_1m,5)))","CSRank(Sub($m1_first5_vwap_return_vs_open,Delta($ret_1m,5)))",a98847142bae749e9d34c813f487a2247a8f1f775644c069e1b51bd794be912b,a98847142bae749e9d34c813f487a2247a8f1f775644c069e1b51bd794be912b,b1s/firstn_intraday_path:fixed:0196,,fixed,frozen_nonadaptive,firstn_mean_reversion,mixed,firstn_intraday_path:firstn_intraday_path:mean_reversion,firstn_intraday_path:firstn_intraday_path:mean_reversion:mixed,"['m1_first5_vwap_return_vs_open', 'ret_1m']",9201,,,development,firstn_intraday_path,mean_reversion,5,9284004,"{'firstn': 'm1_first5_vwap_return_vs_open', 'raw': 'ret_1m', 'window': 5}",root_sample,allow,no blocked field/primitive combination detected,True,True,,0.06391110037991322,0.09973944969174284,57,0.7719298245614035,0.09623995459089887,0.012747293389811606,0.03892640533588247,0.979253112033195,151,0.12021892240367847,0.027490421819580432,0.060498382825832205,True,0.014626492564403315,0.44481301149033603,4,186,"{'signal_quality': 0.03892640533588247, 'cost_adjusted_quality': 0.038625858029873276, 'turnover': 0.12021892240367847, 'worst_time_block_quality': 0.014626492564403315, 'stability': 0.44481301149033603, 'concentration': 0.027490421819580432, 'benchmark_increment': 0.03242530082785698, 'complexity': 5.0, 'behaviour_novelty': 1.0}",True,[],0.1995960181425486,2,0.03892640533588247,0.038625858029873276,0.12021892240367847,0.014626492564403315,0.44481301149033603,0.027490421819580432,0.03242530082785698,5.0,1.0,,,
b1s_firstn_intraday_path_0003,firstn_intraday_path,"CSRank(Mul($m1_first30_range,Sign(Delta($low,5))))","CSRank(Mul($m1_first30_range,Sign(Delta($low,5))))",9cfa724b0c35df95f3f8d4d95930d687a2dbc7f585151aec391a22b425b1957e,9cfa724b0c35df95f3f8d4d95930d687a2dbc7f585151aec391a22b425b1957e,b1s/firstn_intraday_path:fixed:0003,,fixed,frozen_nonadaptive,firstn_signed_path,mixed,firstn_intraday_path:firstn_intraday_path:signed_path,firstn_intraday_path:firstn_intraday_path:signed_path:mixed,"['low', 'm1_first30_range']",9201,,,development,firstn_intraday_path,signed_path,6,9283811,"{'firstn': 'm1_first30_range', 'raw': 'low', 'window': 5}",root_sample,allow,no blocked field/primitive combination detected,True,True,,-0.05837741144924963,0.09290932073175402,51,0.35294117647058826,0.10147425437806525,0.014209237744719683,0.030527305469599048,0.8796680497925311,207,0.1511794857190002,0.0274904218262351,0.046955213831643486,True,0.023838469974665044,0.6016702377798442,4,139,"{'signal_quality': 0.030527305469599048, 'cost_adjusted_quality': 0.03014935675530155, 'turnover': 0.1511794857190002, 'worst_time_block_quality': 0.023838469974665044, 'stability': 0.6016702377798442, 'concentration': 0.0274904218262351, 'benchmark_increment': 0.018882131833668266, 'complexity': 6.0, 'behaviour_novelty': 1.0}",True,[],0.1968035774563309,2,0.030527305469599048,0.03014935675530155,0.1511794857190002,0.023838469974665044,0.6016702377798442,0.0274904218262351,0.018882131833668266,6.0,1.0,,,
b1s_rx_ucb_0187,rx_ucb,"CSRank(Add(CSRank(SafeCSResidual($amount_yuan,$ctx_hfq_float_market_cap_yuan,20,5,0.6)),Mul(Sign($close),0.026)))","CSRank(Add(CSRank(SafeCSResidual($amount_yuan,$ctx_hfq_float_market_cap_yuan,20,5,0.6)),Mul(Sign($close),0.026)))",6fbcb6d86f4f999072b2429b280a882d23e9c22d9eee6b6fced5307acf2bd835,6fbcb6d86f4f999072b2429b280a882d23e9c22d9eee6b6fced5307acf2bd835,b1s/rx_ucb:control:0187,,control,matched_nonadaptive_control,level_residual,mixed,rx_ucb:orthogonal_exile:level_residual,rx_ucb:orthogonal_exile:level_residual:mixed,"['amount_yuan', 'close', 'ctx_hfq_float_market_cap_yuan']",9209,,,development,orthogonal_exile,level_residual,4,9291912,"{'raw': 'amount_yuan', 'other': 'trade_count', 'context': 'ctx_hfq_float_market_cap_yuan', 'window': 3}",root_sample,allow,no blocked field/primitive combination detected,True,True,,-0.055059087085323644,0.10540058221776334,59,0.288135593220339,0.11703166953073926,0.015236225606474611,0.025196084896633407,1.0,145,0.1790135515896071,0.027376353682055994,0.05414895684469482,True,0.033765155822898185,0.5550595053394907,4,302,"{'signal_quality': 0.025196084896633407, 'cost_adjusted_quality': 0.02474855101765939, 'turnover': 0.1790135515896071, 'worst_time_block_quality': 0.033765155822898185, 'stability': 0.5550595053394907, 'concentration': 0.027376353682055994, 'benchmark_increment': 0.0260758748467196, 'complexity': 4.0, 'behaviour_novelty': 1.0}",True,[],0.194209215661846,2,0.025196084896633407,0.02474855101765939,0.1790135515896071,0.033765155822898185,0.5550595053394907,0.027376353682055994,0.0260758748467196,4.0,1.0,,,
b1s_static_cross_sectional_0026,static_cross_sectional,"CSRank(Delta($low,2))","CSRank(Delta($low,2))",55f05381d678dfca978f0053cac461ccecb68d86b01521f76a476dc7516608f4,55f05381d678dfca978f0053cac461ccecb68d86b01521f76a476dc7516608f4,b1s/static_cross_sectional:fixed:0026,,fixed,frozen_nonadaptive,rank_change,raw_1min,static_cross_sectional:static_cross_sectional:rank_change,static_cross_sectional:static_cross_sectional:rank_change:raw_1min,['low'],9200,,,development,static_cross_sectional,rank_change,4,9282825,"{'a': 'low', 'b': 'open', 'window': 2, 'coefficient': 0.05}",root_sample,allow,no blocked field/primitive combination detected,True,True,,-0.0671440033943774,0.08981928598881385,58,0.22413793103448276,0.09215216239849844,0.012100171724856685,0.0434276668136583,0.991701244813278,287,0.2072440090702923,0.026057247165285492,0.06492876909737695,True,0.02138174842229423,0.5578694044091908,4,51,"{'signal_quality': 0.0434276668136583, 'cost_adjusted_quality': 0.042909556790982566, 'turnover': 0.2072440090702923, 'worst_time_block_quality': 0.02138174842229423, 'stability': 0.5578694044091908, 'concentration': 0.026057247165285492, 'benchmark_increment': 0.036855687099401735, 'complexity': 4.0, 'behaviour_novelty': 0.3333333333333333}",True,[],0.19266635539110274,2,0.0434276668136583,0.042909556790982566,0.2072440090702923,0.02138174842229423,0.5578694044091908,0.026057247165285492,0.036855687099401735,4.0,0.3333333333333333,,,
b1s_evolutionary_0158,evolutionary,"CSRank(Add(CSRank(Mul(StateAge($ctx_sent_zb_num),Sign(Delta($vwap,3)))),Mul(Sign($vwap),0.012)))","CSRank(Add(CSRank(Mul(StateAge($ctx_sent_zb_num),Sign(Delta($vwap,3)))),Mul(Sign($vwap),0.012)))",fcedcd3e6146042b0fbc20f82d92cdd92599722ac112b5b9475ead3c99c0f841,fcedcd3e6146042b0fbc20f82d92cdd92599722ac112b5b9475ead3c99c0f841,b1s/evolutionary:control:0158,,control,matched_nonadaptive_control,stateage,mixed,evolutionary:temporal_program:stateage,evolutionary:temporal_program:stateage:mixed,"['ctx_sent_zb_num', 'vwap']",9211,,,development,temporal_program,stateage,7,9293925,"{'field': 'vwap', 'other': 'sell_volume', 'window': 3, 'state': 'ctx_sent_zb_num'}",root_sample,allow,no blocked field/primitive combination detected,True,True,,-0.0620031852211503,0.09124994309201578,58,0.27586206896551724,0.1005438062328741,0.013202048542577836,0.036127170077697744,0.9661422314430613,540,0.17931651803001256,0.01955336976347842,0.05841227834430915,True,0.0326935386533781,0.6489283776410453,4,86,"{'signal_quality': 0.036127170077697744, 'cost_adjusted_quality': 0.035678878782622714, 'turnover': 0.17931651803001256, 'worst_time_block_quality': 0.0326935386533781, 'stability': 0.6489283776410453, 'concentration': 0.01955336976347842, 'benchmark_increment': 0.03033919634633393, 'complexity': 7.0, 'behaviour_novelty': 0.3333333333333333}",True,[],0.19255459244087517,2,0.036127170077697744,0.035678878782622714,0.17931651803001256,0.0326935386533781,0.6489283776410453,0.01955336976347842,0.03033919634633393,7.0,0.3333333333333333,,,
b1s_orthogonal_exile_0021,orthogonal_exile,"CSRank(SafeCSResidual(Delta($low,8),$ctx_rzrq_rzye,20,5,0.6))","CSRank(SafeCSResidual(Delta($low,8),$ctx_rzrq_rzye,20,5,0.6))",7ced3760f40e2993481ef546c3a19ece986196469213531d9b46207966669504,7ced3760f40e2993481ef546c3a19ece986196469213531d9b46207966669504,b1s/orthogonal_exile:fixed:0021,,fixed,frozen_nonadaptive,change_residual,mixed,orthogonal_exile:orthogonal_exile:change_residual,orthogonal_exile:orthogonal_exile:change_residual:mixed,"['ctx_rzrq_rzye', 'low']",9205,,,development,orthogonal_exile,change_residual,5,9287865,"{'raw': 'low', 'other': 'trade_count', 'context': 'ctx_rzrq_rzye', 'window': 8}",root_sample,allow,no blocked field/primitive combination detected,True,True,,-0.0528961020047496,0.10490744553015366,57,0.3508771929824561,0.12209225192770874,0.01617151382251872,0.021199934912612912,0.7049619640387276,105,0.12936273488821692,0.03755615381348247,0.03604639729958952,True,0.029489529768101545,0.7188337089776917,4,228,"{'signal_quality': 0.021199934912612912, 'cost_adjusted_quality': 0.02087652807539237, 'turnover': 0.12936273488821692, 'worst_time_block_quality': 0.029489529768101545, 'stability': 0.7188337089776917, 'concentration': 0.03755615381348247, 'benchmark_increment': 0.007973315301614301, 'complexity': 5.0, 'behaviour_novelty': 1.0}",True,[],0.18983287101598875,2,0.021199934912612912,0.02087652807539237,0.12936273488821692,0.029489529768101545,0.7188337089776917,0.03755615381348247,0.007973315301614301,5.0,1.0,,,
b1s_orthogonal_exile_0262,orthogonal_exile,"CSRank(CSResidual(PathShape($low,30),Delta($low,30)))","CSRank(CSResidual(PathShape($low,30),Delta($low,30)))",b496b720b3ecc89952605e46269b485bcbb04c18b4154f54dbb4865fff6d2a07,b496b720b3ecc89952605e46269b485bcbb04c18b4154f54dbb4865fff6d2a07,b1s/orthogonal_exile:fixed:0262,,fixed,frozen_nonadaptive,path_residual,raw_1min,orthogonal_exile:orthogonal_exile:path_residual,orthogonal_exile:orthogonal_exile:path_residual:raw_1min,['low'],9205,,,development,orthogonal_exile,path_residual,6,9288106,"{'raw': 'low', 'other': 'low', 'context': 'ctx_rzrq_rzjme', 'window': 30}",root_sample,allow,no blocked field/primitive combination detected,True,True,,-0.058390725096181956,0.09564001487309647,51,0.27450980392156865,0.09662388635561908,0.013530050370515915,0.03187182636997076,0.8755186721991701,287,0.10714699092734403,0.02651077736801161,0.04674438514335396,True,0.01721115474861939,0.5458053304166745,4,271,"{'signal_quality': 0.03187182636997076, 'cost_adjusted_quality': 0.0316039588926524, 'turnover': 0.10714699092734403, 'worst_time_block_quality': 0.01721115474861939, 'stability': 0.5458053304166745, 'concentration': 0.02651077736801161, 'benchmark_increment': 0.01867130314537874, 'complexity': 6.0, 'behaviour_novelty': 1.0}",True,[],0.18982001962359163,2,0.03187182636997076,0.0316039588926524,0.10714699092734403,0.01721115474861939,0.5458053304166745,0.02651077736801161,0.01867130314537874,6.0,1.0,,,
b1s_firstn_intraday_path_0086,firstn_intraday_path,"CSRank(Sub($m1_first30_last_return_vs_open,Delta($vwap,5)))","CSRank(Sub($m1_first30_last_return_vs_open,Delta($vwap,5)))",12f516ac9647ce7f955951504851eab9ebafda54c5831703063ae7bea78faaca,12f516ac9647ce7f955951504851eab9ebafda54c5831703063ae7bea78faaca,b1s/firstn_intraday_path:fixed:0086,,fixed,frozen_nonadaptive,firstn_mean_reversion,mixed,firstn_intraday_path:firstn_intraday_path:mean_reversion,firstn_intraday_path:firstn_intraday_path:mean_reversion:mixed,"['m1_first30_last_return_vs_open', 'vwap']",9201,,,development,firstn_intraday_path,mean_reversion,5,9283894,"{'firstn': 'm1_first30_last_return_vs_open', 'raw': 'vwap', 'window': 5}",root_sample,allow,no blocked field/primitive combination detected,True,True,,0.057330231773552474,0.09972425156824297,51,0.7058823529411765,0.11107909476209042,0.015554184414721523,0.02684403032069829,0.8584313047487321,1537,0.11315594319827404,0.019957326706318963,0.04499967890828497,True,0.021472988251283524,0.5900390049425752,4,168,"{'signal_quality': 0.02684403032069829, 'cost_adjusted_quality': 0.026561140462702602, 'turnover': 0.11315594319827404, 'worst_time_block_quality': 0.021472988251283524, 'stability': 0.5900390049425752, 'concentration': 0.019957326706318963, 'benchmark_increment': 0.01692659691030975, 'complexity': 5.0, 'behaviour_novelty': 1.0}",True,[],0.18741192748858163,2,0.02684403032069829,0.026561140462702602,0.11315594319827404,0.021472988251283524,0.5900390049425752,0.019957326706318963,0.01692659691030975,5.0,1.0,,,
b1s_orthogonal_exile_0214,orthogonal_exile,"CSRank(CSResidual(PathShape($low,5),Delta($high,5)))","CSRank(CSResidual(PathShape($low,5),Delta($high,5)))",24f5cde79065f3f2105aa4fee3d267bf2b30e51e15dc32d1305fb5adf427814d,24f5cde79065f3f2105aa4fee3d267bf2b30e51e15dc32d1305fb5adf427814d,b1s/orthogonal_exile:fixed:0214,,fixed,frozen_nonadaptive,path_residual,raw_1min,orthogonal_exile:orthogonal_exile:path_residual,orthogonal_exile:orthogonal_exile:path_residual:raw_1min,"['high', 'low']",9205,,,development,orthogonal_exile,path_residual,6,9288058,"{'raw': 'low', 'other': 'high', 'context': 'ctx_rzrq_rzjme', 'window': 5}",root_sample,allow,no blocked field/primitive combination detected,True,True,,-0.04851519060917195,0.09719383063973125,57,0.3157894736842105,0.11693426030043434,0.015488321141739167,0.018158081171363184,0.979253112033195,287,0.2190549482538334,0.023224722508536716,0.04592458206625372,True,0.03259326924971128,0.720532156726917,4,263,"{'signal_quality': 0.018158081171363184, 'cost_adjusted_quality': 0.0176104438007286, 'turnover': 0.2190549482538334, 'worst_time_block_quality': 0.03259326924971128, 'stability': 0.720532156726917, 'concentration': 0.023224722508536716, 'benchmark_increment': 0.017851500068278504, 'complexity': 6.0, 'behaviour_novelty': 1.0}",True,[],0.18594994673348697,2,0.018158081171363184,0.0176104438007286,0.2190549482538334,0.03259326924971128,0.720532156726917,0.023224722508536716,0.017851500068278504,6.0,1.0,,,
b1s_orthogonal_exile_0258,orthogonal_exile,"CSRank(CSResidual(PathShape($high,15),Delta($low,15)))","CSRank(CSResidual(PathShape($high,15),Delta($low,15)))",a5880b536cc73e9392741a55de5260127e57c448efccae599ce1780aba96ddc8,a5880b536cc73e9392741a55de5260127e57c448efccae599ce1780aba96ddc8,b1s/orthogonal_exile:fixed:0258,,fixed,frozen_nonadaptive,path_residual,raw_1min,orthogonal_exile:orthogonal_exile:path_residual,orthogonal_exile:orthogonal_exile:path_residual:raw_1min,"['high', 'low']",9205,,,development,orthogonal_exile,path_residual,6,9288102,"{'raw': 'high', 'other': 'low', 'context': 'ctx_rzrq_rzjme', 'window': 15}",root_sample,allow,no blocked field/primitive combination detected,True,True,,-0.05759633640583506,0.09180014711430394,55,0.2909090909090909,0.09777199367354365,0.01318357293749202,0.03175653344835069,0.9377593360995851,287,0.14014917689894418,0.02384336992828982,0.05128645529229507,True,0.02855383571664068,0.600410500891376,4,64,"{'signal_quality': 0.03175653344835069, 'cost_adjusted_quality': 0.031406160506103335, 'turnover': 0.14014917689894418, 'worst_time_block_quality': 0.02855383571664068, 'stability': 0.600410500891376, 'concentration': 0.02384336992828982, 'benchmark_increment': 0.023213373294319852, 'complexity': 6.0, 'behaviour_novelty': 0.5}",True,[],0.1818359134332251,2,0.03175653344835069,0.031406160506103335,0.14014917689894418,0.02855383571664068,0.600410500891376,0.02384336992828982,0.023213373294319852,6.0,0.5,,,
b1s_orthogonal_exile_0270,orthogonal_exile,"CSRank(CSResidual(PathShape($vwap,30),Delta($low,30)))","CSRank(CSResidual(PathShape($vwap,30),Delta($low,30)))",b00aa44f8847d45f58e501821c7e7731ef589193b0278e7a2c696406c469b02e,b00aa44f8847d45f58e501821c7e7731ef589193b0278e7a2c696406c469b02e,b1s/orthogonal_exile:fixed:0270,,fixed,frozen_nonadaptive,path_residual,raw_1min,orthogonal_exile:orthogonal_exile:path_residual,orthogonal_exile:orthogonal_exile:path_residual:raw_1min,"['low', 'vwap']",9205,,,development,orthogonal_exile,path_residual,6,9288114,"{'raw': 'vwap', 'other': 'low', 'context': 'ctx_rzrq_rzjme', 'window': 30}",root_sample,allow,no blocked field/primitive combination detected,True,True,,-0.05709697917985656,0.10506379800354708,51,0.29411764705882354,0.10922813117102563,0.015294997669438624,0.027118783747756857,0.7465133702166897,3745,0.11519259250233198,0.02011067375130936,0.03897363312934482,True,0.029150698021930037,0.711565760533843,4,79,"{'signal_quality': 0.027118783747756857, 'cost_adjusted_quality': 0.026830802266501027, 'turnover': 0.11519259250233198, 'worst_time_block_quality': 0.029150698021930037, 'stability': 0.711565760533843, 'concentration': 0.02011067375130936, 'benchmark_increment': 0.0109005511313696, 'complexity': 6.0, 'behaviour_novelty': 0.5}",True,[],0.1786184624502401,2,0.027118783747756857,0.026830802266501027,0.11519259250233198,0.029150698021930037,0.711565760533843,0.02011067375130936,0.0109005511313696,6.0,0.5,,,
b1s_temporal_program_0443,temporal_program,"CSRank(Delta($low,3))","CSRank(Delta($low,3))",bd3156ecc6e86f9072805265b95fbf1ec12b2a4440296b61580298fb58f1b4eb,bd3156ecc6e86f9072805265b95fbf1ec12b2a4440296b61580298fb58f1b4eb,b1s/temporal_program:fixed:0443,,fixed,frozen_nonadaptive,delta,raw_1min,temporal_program:temporal_program:delta,temporal_program:temporal_program:delta:raw_1min,['low'],9202,,,development,temporal_program,delta,4,9285260,"{'field': 'low', 'other': 'high', 'window': 3, 'state': 'ctx_zls_strong'}",root_sample,allow,no blocked field/primitive combination detected,True,True,,-0.06327960864667447,0.0995315406545752,58,0.2413793103448276,0.10445443070184153,0.013715538691851896,0.03639715281064475,0.9875518672199171,287,0.17793918042189358,0.02674104158191966,0.060935836647021124,True,0.01828476749783662,0.5091486858590374,4,50,"{'signal_quality': 0.03639715281064475, 'cost_adjusted_quality': 0.035952304859590015, 'turnover': 0.17793918042189358, 'worst_time_block_quality': 0.01828476749783662, 'stability': 0.5091486858590374, 'concentration': 0.02674104158191966, 'benchmark_increment': 0.03286275464904591, 'complexity': 4.0, 'behaviour_novelty': 0.5}",True,[],0.17741313687127977,2,0.03639715281064475,0.035952304859590015,0.17793918042189358,0.01828476749783662,0.5091486858590374,0.02674104158191966,0.03286275464904591,4.0,0.5,,,
b1s_rx_ucb_0352,rx_ucb,"CSRank(Add(CSRank(Mul($m1_first5_vwap_return_vs_open,Sign(Delta($ret_1m,3)))),Mul(Sign($vwap),0.026)))","CSRank(Add(CSRank(Mul($m1_first5_vwap_return_vs_open,Sign(Delta($ret_1m,3)))),Mul(Sign($vwap),0.026)))",d5a51780a5739887b5d65fe134124496be7e6d9735cb5ba116dfec3c62f1d6e7,d5a51780a5739887b5d65fe134124496be7e6d9735cb5ba116dfec3c62f1d6e7,b1s/rx_ucb:adaptive:0352,b1s_rx_ucb_0093,adaptive,ephemeral_rx_ucb_information_gain,firstn_signed_path,mixed,rx_ucb:firstn_intraday_path:signed_path,rx_ucb:firstn_intraday_path:signed_path:mixed,"['m1_first5_vwap_return_vs_open', 'ret_1m', 'vwap']",9209,,,development,firstn_intraday_path,signed_path,9,9302901,"{'firstn': 'm1_first5_vwap_return_vs_open', 'raw': 'ret_1m', 'window': 3}",root_sample,allow,no blocked field/primitive combination detected,True,True,,-0.049856331389975445,0.07412244360287149,58,0.27586206896551724,0.08450820707889195,0.011096471218900056,0.028107247800931334,0.9695712309820194,1161,0.3395429150735662,0.02002583994812295,0.047135608534838544,True,0.022214895382592054,0.5602670793138176,4,326,"{'signal_quality': 0.028107247800931334, 'cost_adjusted_quality': 0.027258390513247417, 'turnover': 0.3395429150735662, 'worst_time_block_quality': 0.022214895382592054, 'stability': 0.5602670793138176, 'concentration': 0.02002583994812295, 'benchmark_increment': 0.019062526536863324, 'complexity': 9.0, 'behaviour_novelty': 1.0}",True,[],0.17327890127433296,2,0.028107247800931334,0.027258390513247417,0.3395429150735662,0.022214895382592054,0.5602670793138176,0.02002583994812295,0.019062526536863324,9.0,1.0,b1s_rx_ucb_0093,1.5063440311588852,0.7142857142857143
b1s_firstn_intraday_path_0093,firstn_intraday_path,"CSRank(Mul($m1_first30_range,Sign(Delta($vwap,5))))","CSRank(Mul($m1_first30_range,Sign(Delta($vwap,5))))",7fa42a2ad501edf537b13664ac30719f4ef9aefbe7a77c0082b90e25e27ec330,7fa42a2ad501edf537b13664ac30719f4ef9aefbe7a77c0082b90e25e27ec330,b1s/firstn_intraday_path:fixed:0093,,fixed,frozen_nonadaptive,firstn_signed_path,mixed,firstn_intraday_path:firstn_intraday_path:signed_path,firstn_intraday_path:firstn_intraday_path:signed_path:mixed,"['m1_first30_range', 'vwap']",9201,,,development,firstn_intraday_path,signed_path,6,9283901,"{'firstn': 'm1_first30_range', 'raw': 'vwap', 'window': 5}",root_sample,allow,no blocked field/primitive combination detected,True,True,,-0.04754842363756963,0.08563284168225255,51,0.37254901960784315,0.0974512669825533,0.013645906831896574,0.020802446247052346,0.8584313047487321,1609,0.15036111399292645,0.019957326705268265,0.03732173637003868,True,0.02289114988152779,0.5188153680087837,4,169,"{'signal_quality': 0.020802446247052346, 'cost_adjusted_quality': 0.02042654346207003, 'turnover': 0.15036111399292645, 'worst_time_block_quality': 0.02289114988152779, 'stability': 0.5188153680087837, 'concentration': 0.019957326705268265, 'benchmark_increment': 0.009248654372063462, 'complexity': 6.0, 'behaviour_novelty': 1.0}",True,[],0.1615359962360488,2,0.020802446247052346,0.02042654346207003,0.15036111399292645,0.02289114988152779,0.5188153680087837,0.019957326705268265,0.009248654372063462,6.0,1.0,,,
b1s_static_cross_sectional_0132,static_cross_sectional,"CSRank(Div(Sub($vwap,$high),Add(Abs($vwap),0.000001)))","CSRank(Div(Sub($vwap,$high),Add(Abs($vwap),0.000001)))",b67fe33d1a42da1e901137353764df83f0c0f601a30800ae342f0771074fa996,b67fe33d1a42da1e901137353764df83f0c0f601a30800ae342f0771074fa996,b1s/static_cross_sectional:fixed:0132,,fixed,frozen_nonadaptive,simple_nonlinear,raw_1min,static_cross_sectional:static_cross_sectional:simple_nonlinear,static_cross_sectional:static_cross_sectional:simple_nonlinear:raw_1min,"['high', 'vwap']",9200,,,development,static_cross_sectional,simple_nonlinear,7,9282931,"{'a': 'vwap', 'b': 'high', 'window': 2, 'coefficient': 0.2}",root_sample,allow,no blocked field/primitive combination detected,True,True,,0.04162210089835948,0.08712460253097294,59,0.6271186440677966,0.09918255635931617,0.012912469000713559,0.016313661656960906,0.9861687413554634,1099,0.26092016334432977,0.0198926522517971,0.040367914985511066,True,0.032077637926537485,0.8057300305723758,4,111,"{'signal_quality': 0.016313661656960906, 'cost_adjusted_quality': 0.01566136124860008, 'turnover': 0.26092016334432977, 'worst_time_block_quality': 0.032077637926537485, 'stability': 0.8057300305723758, 'concentration': 0.0198926522517971, 'benchmark_increment': 0.012294832987535847, 'complexity': 7.0, 'behaviour_novelty': 0.5}",True,[],0.1590137166321227,2,0.016313661656960906,0.01566136124860008,0.26092016334432977,0.032077637926537485,0.8057300305723758,0.0198926522517971,0.012294832987535847,7.0,0.5,,,
b1s_llm_proposal_repair_0241,llm_proposal_repair,"CSRank(Add(CSRank(Mul(CSRank(Mul(Duration($ctx_sent_lb_2_num),Sign(Delta($close,5)))),Sign($ctx_rzrq_rzjme))),Mul(Sign($low),0.014)))","CSRank(Add(CSRank(Mul(CSRank(Mul(Duration($ctx_sent_lb_2_num),Sign(Delta($close,5)))),Sign($ctx_rzrq_rzjme))),Mul(Sign($low),0.014)))",22140d860d608aba0d47b1aa6aa6a05393b76675d85d20481dc10b53b9c3c972,22140d860d608aba0d47b1aa6aa6a05393b76675d85d20481dc10b53b9c3c972,b1s/llm_proposal_repair:repair:0241,,repair,codex_gpt5_frozen_pre_reward,llm_repair_duration,mixed,llm_proposal_repair:temporal_program:duration,llm_proposal_repair:temporal_program:duration:mixed,"['close', 'ctx_rzrq_rzjme', 'ctx_sent_lb_2_num', 'low']",9213,,repair,development,temporal_program,duration,10,18770674,"{'field': 'close', 'other': 'amount_yuan', 'window': 5, 'state': 'ctx_sent_lb_2_num'}",condition_insert,allow,no blocked field/primitive combination detected,True,True,,0.044202415569845686,0.08339545245746917,57,0.6491228070175439,0.09446444315209099,0.012512121154707592,0.019678658106618806,0.7140387275242047,203,0.09813171001538076,0.02404708563985783,0.03050986464910305,True,0.01984666698707668,0.5005372873064646,4,223,"{'signal_quality': 0.019678658106618806, 'cost_adjusted_quality': 0.019433328831580353, 'turnover': 0.09813171001538076, 'worst_time_block_quality': 0.01984666698707668, 'stability': 0.5005372873064646, 'concentration': 0.02404708563985783, 'benchmark_increment': 0.0024367826511278307, 'complexity': 10.0, 'behaviour_novelty': 1.0}",True,[],0.14937823685069454,2,0.019678658106618806,0.019433328831580353,0.09813171001538076,0.01984666698707668,0.5005372873064646,0.02404708563985783,0.0024367826511278307,10.0,1.0,,,
b1s_temporal_program_0683,temporal_program,"CSRank(Delta($low,8))","CSRank(Delta($low,8))",7a4fdde267f777917a93928bb042826b3df023a2fba6c760d90f335a9703b23d,7a4fdde267f777917a93928bb042826b3df023a2fba6c760d90f335a9703b23d,b1s/temporal_program:fixed:0683,,fixed,frozen_nonadaptive,delta,raw_1min,temporal_program:temporal_program:delta,temporal_program:temporal_program:delta:raw_1min,['low'],9202,,,development,temporal_program,delta,4,9285500,"{'field': 'low', 'other': 'high', 'window': 8, 'state': 'ctx_zls_strong'}",root_sample,allow,no blocked field/primitive combination detected,True,True,,-0.0565041634176579,0.10035147136108435,57,0.3508771929824561,0.11006995040676841,0.014579121085430944,0.02792908609021325,0.966804979253112,287,0.12526149795540312,0.026961340858063974,0.052807041636692316,True,0.015764159590974644,0.5443150860619346,4,453,"{'signal_quality': 0.02792908609021325, 'cost_adjusted_quality': 0.02761593234532474, 'turnover': 0.12526149795540312, 'worst_time_block_quality': 0.015764159590974644, 'stability': 0.5443150860619346, 'concentration': 0.026961340858063974, 'benchmark_increment': 0.024733959638717096, 'complexity': 4.0, 'behaviour_novelty': 0.25}",True,[],0.14610023372730901,2,0.02792908609021325,0.02761593234532474,0.12526149795540312,0.015764159590974644,0.5443150860619346,0.026961340858063974,0.024733959638717096,4.0,0.25,,,
b1s_temporal_program_0565,temporal_program,"CSRank(Acceleration($low,5))","CSRank(Acceleration($low,5))",e79bf3ad2f951d96365845f3db6d8c0ab437620f99cd870db4ffe7917866266a,e79bf3ad2f951d96365845f3db6d8c0ab437620f99cd870db4ffe7917866266a,b1s/temporal_program:fixed:0565,,fixed,frozen_nonadaptive,acceleration,raw_1min,temporal_program:temporal_program:acceleration,temporal_program:temporal_program:acceleration:raw_1min,['low'],9202,,,development,temporal_program,acceleration,4,9285382,"{'field': 'low', 'other': 'high', 'window': 5, 'state': 'ctx_zls_strong'}",root_sample,allow,no blocked field/primitive combination detected,True,True,,-0.05042531213061411,0.0872601107948759,57,0.2982456140350877,0.10115916020811809,0.013398858090917905,0.024163550272415017,0.979253112033195,286,0.24292503996396075,0.027374342813594015,0.047732707139380895,True,0.007712317674558833,0.30883180849730074,4,440,"{'signal_quality': 0.024163550272415017, 'cost_adjusted_quality': 0.023556237672505115, 'turnover': 0.24292503996396075, 'worst_time_block_quality': 0.007712317674558833, 'stability': 0.30883180849730074, 'concentration': 0.027374342813594015, 'benchmark_increment': 0.019659625141405675, 'complexity': 4.0, 'behaviour_novelty': 1.0}",True,[],0.13507839585256531,2,0.024163550272415017,0.023556237672505115,0.24292503996396075,0.007712317674558833,0.30883180849730074,0.027374342813594015,0.019659625141405675,4.0,1.0,,,
b1s_temporal_program_0684,temporal_program,"CSRank(Slope($low,8))","CSRank(Slope($low,8))",5de5593a422f049398b039a4fa1543cd67b6b4c8be18aab21fe6652309ef1815,5de5593a422f049398b039a4fa1543cd67b6b4c8be18aab21fe6652309ef1815,b1s/temporal_program:fixed:0684,,fixed,frozen_nonadaptive,slope,raw_1min,temporal_program:temporal_program:slope,temporal_program:temporal_program:slope:raw_1min,['low'],9202,,,development,temporal_program,slope,4,9285501,"{'field': 'low', 'other': 'high', 'window': 8, 'state': 'ctx_zls_strong'}",root_sample,allow,no blocked field/primitive combination detected,True,True,,-0.034644073647588126,0.09647366292397612,57,0.42105263157894735,0.11413527675106848,0.015117586713936383,0.005013603688272816,0.970954356846473,278,0.09645931033462994,0.0274904218167117,0.032516236851292554,True,0.01338743951529482,0.5939563555743382,4,454,"{'signal_quality': 0.005013603688272816, 'cost_adjusted_quality': 0.004772455412436241, 'turnover': 0.09645931033462994, 'worst_time_block_quality': 0.01338743951529482, 'stability': 0.5939563555743382, 'concentration': 0.0274904218167117, 'benchmark_increment': 0.004443154853317335, 'complexity': 4.0, 'behaviour_novelty': 1.0}",True,[],0.1264341431405009,2,0.005013603688272816,0.004772455412436241,0.09645931033462994,0.01338743951529482,0.5939563555743382,0.0274904218167117,0.004443154853317335,4.0,1.0,,,
b1s_benchmark_competitor_0028,benchmark_competitor,"CSRank(Std($ret_1m,8))","CSRank(Std($ret_1m,8))",d5e8220b3ea963cf5885bf8f8f39e29897395aba802b704c8f52077e38b971ca,d5e8220b3ea963cf5885bf8f8f39e29897395aba802b704c8f52077e38b971ca,b1s/benchmark_competitor:fixed:0028,,fixed,frozen_nonadaptive,benchmark_volatility,raw_1min,benchmark_competitor:benchmark_volatility,benchmark_competitor:benchmark_volatility:raw_1min,['ret_1m'],9214,volatility,,development,benchmark_competitor,benchmark_volatility,4,27,{},root_sample,allow,no blocked field/primitive combination detected,True,True,,-0.03140419700707078,0.08629929851567142,57,0.3508771929824561,0.10590670095019529,0.014027685223854489,0.003909933968315987,0.970954356846473,153,0.05797303023430386,0.02749042181911952,0.02947535322762649,True,0.019915047599979797,0.5355457349503864,4,21,"{'signal_quality': 0.003909933968315987, 'cost_adjusted_quality': 0.0037650013927302277, 'turnover': 0.05797303023430386, 'worst_time_block_quality': 0.019915047599979797, 'stability': 0.5355457349503864, 'concentration': 0.02749042181911952, 'benchmark_increment': 0.0014022712296512703, 'complexity': 4.0, 'behaviour_novelty': 1.0}",True,[],0.12506939174563556,2,0.003909933968315987,0.0037650013927302277,0.05797303023430386,0.019915047599979797,0.5355457349503864,0.02749042181911952,0.0014022712296512703,4.0,1.0,,,
b1s_benchmark_competitor_0012,benchmark_competitor,"CSRank(Std($ret_1m,3))","CSRank(Std($ret_1m,3))",bdd42611eafa18f29ad4ea033d4edb6728a329be67b1fed4e981ee028a9b42e2,bdd42611eafa18f29ad4ea033d4edb6728a329be67b1fed4e981ee028a9b42e2,b1s/benchmark_competitor:fixed:0012,,fixed,frozen_nonadaptive,benchmark_volatility,raw_1min,benchmark_competitor:benchmark_volatility,benchmark_competitor:benchmark_volatility:raw_1min,['ret_1m'],9214,volatility,,development,benchmark_competitor,benchmark_volatility,4,11,{},root_sample,allow,no blocked field/primitive combination detected,True,True,,-0.028629712754772427,0.08323915115875923,58,0.39655172413793105,0.10622768651262426,0.013948378586913553,0.0012908907244218622,0.991701244813278,228,0.14165900723883568,0.027490421820754167,0.027685153026405767,True,0.015566979165122698,0.6455933195440118,4,10,"{'signal_quality': 0.0012908907244218622, 'cost_adjusted_quality': 0.000936743206324773, 'turnover': 0.14165900723883568, 'worst_time_block_quality': 0.015566979165122698, 'stability': 0.6455933195440118, 'concentration': 0.027490421820754167, 'benchmark_increment': -0.00038792897156945255, 'complexity': 4.0, 'behaviour_novelty': 1.0}",True,[],0.12063218499305324,2,0.0012908907244218622,0.000936743206324773,0.14165900723883568,0.015566979165122698,0.6455933195440118,0.027490421820754167,-0.00038792897156945255,4.0,1.0,,,
b1s_llm_proposal_repair_0106,llm_proposal_repair,"CSRank(Add(CSRank(Mul($m1_first5_vwap_return_vs_open,Sign(Delta($high,30)))),Mul(Sign($amount_yuan),0.014)))","CSRank(Add(CSRank(Mul($m1_first5_vwap_return_vs_open,Sign(Delta($high,30)))),Mul(Sign($amount_yuan),0.014)))",d2ae6ce98a39e1a391e98aa0a2ceec7acb91499785ce8486c6ede740fa260a5e,d2ae6ce98a39e1a391e98aa0a2ceec7acb91499785ce8486c6ede740fa260a5e,b1s/llm_proposal_repair:proposal:0106,,proposal,codex_gpt5_frozen_pre_reward,llm_hypothesis_firstn_signed_path,mixed,llm_proposal_repair:firstn_intraday_path:signed_path,llm_proposal_repair:firstn_intraday_path:signed_path:mixed,"['amount_yuan', 'high', 'm1_first5_vwap_return_vs_open']",9213,,proposal,development,firstn_intraday_path,signed_path,6,9369591,"{'firstn': 'm1_first5_vwap_return_vs_open', 'raw': 'high', 'window': 30}",root_sample,allow,no blocked field/primitive combination detected,True,True,,-0.03869829873862716,0.08432841524399957,51,0.39215686274509803,0.09416530591001902,0.013185780247220467,0.012854169454075044,0.8755186721991701,197,0.07016759433108505,0.027490421806963827,0.030979717714607363,True,0.007313753311940643,0.3394895501876908,4,204,"{'signal_quality': 0.012854169454075044, 'cost_adjusted_quality': 0.01267875046824733, 'turnover': 0.07016759433108505, 'worst_time_block_quality': 0.007313753311940643, 'stability': 0.3394895501876908, 'concentration': 0.027490421806963827, 'benchmark_increment': 0.0029066357166321437, 'complexity': 6.0, 'behaviour_novelty': 1.0}",True,[],0.11113066748672903,2,0.012854169454075044,0.01267875046824733,0.07016759433108505,0.007313753311940643,0.3394895501876908,0.027490421806963827,0.0029066357166321437,6.0,1.0,,,
b1s_firstn_intraday_path_0201,firstn_intraday_path,"CSRank(Sub($m1_first5_range,Delta($ret_1m,5)))","CSRank(Sub($m1_first5_range,Delta($ret_1m,5)))",1969efd7e4fd9539ea2accee9cfa0704edd27c94637ab7423f795d826762d479,1969efd7e4fd9539ea2accee9cfa0704edd27c94637ab7423f795d826762d479,b1s/firstn_intraday_path:fixed:0201,,fixed,frozen_nonadaptive,firstn_mean_reversion,mixed,firstn_intraday_path:firstn_intraday_path:mean_reversion,firstn_intraday_path:firstn_intraday_path:mean_reversion:mixed,"['m1_first5_range', 'ret_1m']",9201,,,development,firstn_intraday_path,mean_reversion,5,9284009,"{'firstn': 'm1_first5_range', 'raw': 'ret_1m', 'window': 5}",root_sample,allow,no blocked field/primitive combination detected,True,True,,0.03628490616711373,0.08709888025663706,57,0.6491228070175439,0.10780274232089947,0.014278822038437652,0.008298414971775935,0.979253112033195,171,0.11026090887429117,0.027490421819526566,0.03434736893979961,True,0.006977251768371966,0.2851955277428085,4,188,"{'signal_quality': 0.008298414971775935, 'cost_adjusted_quality': 0.008022762699590206, 'turnover': 0.11026090887429117, 'worst_time_block_quality': 0.006977251768371966, 'stability': 0.2851955277428085, 'concentration': 0.027490421819526566, 'benchmark_increment': 0.00627428694182439, 'complexity': 5.0, 'behaviour_novelty': 1.0}",True,[],0.09574666282011643,2,0.008298414971775935,0.008022762699590206,0.11026090887429117,0.006977251768371966,0.2851955277428085,0.027490421819526566,0.00627428694182439,5.0,1.0,,,
b1s_typed_ast_0021,typed_ast,"CSRank(Sub(CSRank($m1_first5_range),CSRank(Delta($vwap,8))))","CSRank(Sub(CSRank($m1_first5_range),CSRank(Delta($vwap,8))))",1da0ebebac32930ca612bba77615a2965697bf91bf0412e2885cb69ccb433d94,1da0ebebac32930ca612bba77615a2965697bf91bf0412e2885cb69ccb433d94,b1s/typed_ast:fixed:0021,,fixed,frozen_nonadaptive,typed_ast_level_rank_change,mixed,typed_ast:firstn_intraday_path__static_cross_sectional:level__rank_change,typed_ast:firstn_intraday_path__static_cross_sectional:level__rank_change:mixed,"['m1_first5_range', 'vwap']",9207,,,development,firstn_intraday_path__static_cross_sectional,level__rank_change,9,20,"{'left_expression': 'CSRank($m1_first5_range)', 'right_expression': 'CSRank(Delta($vwap,8))', 'operator': 'Sub'}",root_sample,allow,no blocked field/primitive combination detected,True,True,,0.0322106428273113,0.0864389252210837,57,0.631578947368421,0.10621083183105114,0.014067968343102115,0.0046374248748311565,0.9456546795758414,1491,0.09359182742968185,0.019988101192629008,0.029444519968839625,True,0.007859664275550156,0.36691885350970516,4,475,"{'signal_quality': 0.0046374248748311565, 'cost_adjusted_quality': 0.004403445306256952, 'turnover': 0.09359182742968185, 'worst_time_block_quality': 0.007859664275550156, 'stability': 0.36691885350970516, 'concentration': 0.019988101192629008, 'benchmark_increment': 0.0013714379708644059, 'complexity': 9.0, 'behaviour_novelty': 1.0}",True,[],0.09121092128261568,2,0.0046374248748311565,0.004403445306256952,0.09359182742968185,0.007859664275550156,0.36691885350970516,0.019988101192629008,0.0013714379708644059,9.0,1.0,,,
b1s_benchmark_competitor_0032,benchmark_competitor,"CSRank(Sub(ZScore(Delta($vwap,8)),ZScore(Std($ret_1m,8))))","CSRank(Sub(ZScore(Delta($vwap,8)),ZScore(Std($ret_1m,8))))",c7c39fe2fcc71f381696217de8d9653cbaa103aa3447418f8f695ada8e3fa9fb,c7c39fe2fcc71f381696217de8d9653cbaa103aa3447418f8f695ada8e3fa9fb,b1s/benchmark_competitor:fixed:0032,,fixed,frozen_nonadaptive,benchmark_external_competitor_reproduction,raw_1min,benchmark_competitor:benchmark_external_competitor_reproduction,benchmark_competitor:benchmark_external_competitor_reproduction:raw_1min,"['ret_1m', 'vwap']",9214,external_competitor_reproduction,,development,benchmark_competitor,benchmark_external_competitor_reproduction,8,31,{},root_sample,allow,no blocked field/primitive combination detected,True,True,,0.003579388959133353,0.0936801897564072,57,0.543859649122807,0.11613719475108077,0.015382747230657103,0.0,0.9456546795758414,1359,0.08531845694936896,0.0218512413096921,0.0032720051645192057,True,0.01962246033261241,0.4204262234104642,4,25,"{'signal_quality': 0.0, 'cost_adjusted_quality': -0.0002132961423734224, 'turnover': 0.08531845694936896, 'worst_time_block_quality': 0.01962246033261241, 'stability': 0.4204262234104642, 'concentration': 0.0218512413096921, 'benchmark_increment': -0.024801076833456014, 'complexity': 8.0, 'behaviour_novelty': 1.0}",True,[],0.0861835653858779,2,0.0,-0.0002132961423734224,0.08531845694936896,0.01962246033261241,0.4204262234104642,0.0218512413096921,-0.024801076833456014,8.0,1.0,,,
b1s_temporal_program_0195,temporal_program,"CSRank(Acceleration($high,30))","CSRank(Acceleration($high,30))",b0362e4f5078a9452059165c4b4d3979676ef47c499e1a31edf1926a62887cab,b0362e4f5078a9452059165c4b4d3979676ef47c499e1a31edf1926a62887cab,b1s/temporal_program:fixed:0195,,fixed,frozen_nonadaptive,acceleration,raw_1min,temporal_program:temporal_program:acceleration,temporal_program:temporal_program:acceleration:raw_1min,['high'],9202,,,development,temporal_program,acceleration,4,9285012,"{'field': 'high', 'other': 'price_spread', 'window': 30, 'state': 'evt_uplimit_active'}",root_sample,allow,no blocked field/primitive combination detected,True,True,,-0.03726773844601916,0.08221057118211438,51,0.37254901960784315,0.10091118282898512,0.014130391957113714,0.00957217021007628,0.8755186721991701,244,0.11591572961834673,0.027490421817019033,0.02983449026318751,True,0.002999457833284538,0.20275405444867545,4,381,"{'signal_quality': 0.00957217021007628, 'cost_adjusted_quality': 0.009282380886030414, 'turnover': 0.11591572961834673, 'worst_time_block_quality': 0.002999457833284538, 'stability': 0.20275405444867545, 'concentration': 0.027490421817019033, 'benchmark_increment': 0.0017614082652122921, 'complexity': 4.0, 'behaviour_novelty': 1.0}",True,[],0.08483891395536221,2,0.00957217021007628,0.009282380886030414,0.11591572961834673,0.002999457833284538,0.20275405444867545,0.027490421817019033,0.0017614082652122921,4.0,1.0,,,
b1s_typed_ast_0024,typed_ast,"CSRank(Add(CSRank(Mul($m1_first5_range,Sign(Delta($high,30)))),CSRank(Add(ZScore($vwap),Mul(Sign($vwap),0.35)))))","CSRank(Add(CSRank(Mul($m1_first5_range,Sign(Delta($high,30)))),CSRank(Add(ZScore($vwap),Mul(Sign($vwap),0.35)))))",b3b0119b5e610f45b4bb8abea6564c3fa54ecd4757637ace4ddbe2042a399af3,b3b0119b5e610f45b4bb8abea6564c3fa54ecd4757637ace4ddbe2042a399af3,b1s/typed_ast:fixed:0024,,fixed,frozen_nonadaptive,typed_ast_signed_path_interaction,mixed,typed_ast:firstn_intraday_path__static_cross_sectional:signed_path__interaction,typed_ast:firstn_intraday_path__static_cross_sectional:signed_path__interaction:mixed,"['high', 'm1_first5_range', 'vwap']",9207,,,development,firstn_intraday_path__static_cross_sectional,signed_path__interaction,15,23,"{'left_expression': 'CSRank(Mul($m1_first5_range,Sign(Delta($high,30))))', 'right_expression': 'CSRank(Add(ZScore($vwap),Mul(Sign($vwap),0.35)))', 'operator': 'Add'}",root_sample,allow,no blocked field/primitive combination detected,True,True,,-0.03859317290010392,0.09843121433997992,51,0.43137254901960786,0.12038301825361228,0.016856994291571364,0.005553464088624047,0.861802674043338,1367,0.055380828676943335,0.02238586131568814,0.030411545615188364,True,0.004015328841555325,0.2955384665023856,4,476,"{'signal_quality': 0.005553464088624047, 'cost_adjusted_quality': 0.005415012016931688, 'turnover': 0.055380828676943335, 'worst_time_block_quality': 0.004015328841555325, 'stability': 0.2955384665023856, 'concentration': 0.02238586131568814, 'benchmark_increment': 0.002338463617213144, 'complexity': 15.0, 'behaviour_novelty': 1.0}",True,[],0.07868552013522707,2,0.005553464088624047,0.005415012016931688,0.055380828676943335,0.004015328841555325,0.2955384665023856,0.02238586131568814,0.002338463617213144,15.0,1.0,,,
b1s_rx_ucb_0141,rx_ucb,"CSRank(Add(CSRank(Sub($m1_first30_last_return_vs_open,Delta($low,30))),Mul(Sign($ret_1m),0.026)))","CSRank(Add(CSRank(Sub($m1_first30_last_return_vs_open,Delta($low,30))),Mul(Sign($ret_1m),0.026)))",10882fa7eadc02fba94611dcce2a64bb88319bad6649132c028da852bff8394f,10882fa7eadc02fba94611dcce2a64bb88319bad6649132c028da852bff8394f,b1s/rx_ucb:control:0141,,control,matched_nonadaptive_control,firstn_mean_reversion,mixed,rx_ucb:firstn_intraday_path:mean_reversion,rx_ucb:firstn_intraday_path:mean_reversion:mixed,"['low', 'm1_first30_last_return_vs_open', 'ret_1m']",9209,,,development,firstn_intraday_path,mean_reversion,5,9291904,"{'firstn': 'm1_first30_last_return_vs_open', 'raw': 'low', 'window': 30}",root_sample,allow,no blocked field/primitive combination detected,True,True,,0.04936706054191081,0.08928944176053329,51,0.6470588235294118,0.10645348601046294,0.01490646963358056,0.020150380060092916,0.8755186721991701,188,0.07205113727376407,0.027490421819335344,0.03952053836572827,True,0.00747535008202313,0.1974236362687264,4,287,"{'signal_quality': 0.020150380060092916, 'cost_adjusted_quality': 0.019970252216908506, 'turnover': 0.07205113727376407, 'worst_time_block_quality': 0.00747535008202313, 'stability': 0.1974236362687264, 'concentration': 0.027490421819335344, 'benchmark_increment': 0.011447456367753048, 'complexity': 5.0, 'behaviour_novelty': 0.2}",True,[],0.0785562715208873,2,0.020150380060092916,0.019970252216908506,0.07205113727376407,0.00747535008202313,0.1974236362687264,0.027490421819335344,0.011447456367753048,5.0,0.2,,,
b1s_benchmark_competitor_0048,benchmark_competitor,"CSRank(Sub(ZScore(Delta($vwap,15)),ZScore(Std($ret_1m,15))))","CSRank(Sub(ZScore(Delta($vwap,15)),ZScore(Std($ret_1m,15))))",6c9cb5bb0a90cf6f0a8d3647328124afc904590a22f9be1a8d22af8145c91954,6c9cb5bb0a90cf6f0a8d3647328124afc904590a22f9be1a8d22af8145c91954,b1s/benchmark_competitor:fixed:0048,,fixed,frozen_nonadaptive,benchmark_external_competitor_reproduction,raw_1min,benchmark_competitor:benchmark_external_competitor_reproduction,benchmark_competitor:benchmark_external_competitor_reproduction:raw_1min,"['ret_1m', 'vwap']",9214,external_competitor_reproduction,,development,benchmark_competitor,benchmark_external_competitor_reproduction,8,47,{},root_sample,allow,no blocked field/primitive combination detected,True,True,,-0.006158394198255152,0.08383691639993934,55,0.4727272727272727,0.10329246398806159,0.013927953002848102,0.0,0.9164649608114338,1609,0.057826205592636785,0.022047980786070124,0.005359197683885105,True,0.00593176421756748,0.42258908536633055,4,37,"{'signal_quality': 0.0, 'cost_adjusted_quality': -0.00014456551398159197, 'turnover': 0.057826205592636785, 'worst_time_block_quality': 0.00593176421756748, 'stability': 0.42258908536633055, 'concentration': 0.022047980786070124, 'benchmark_increment': -0.022713884314090115, 'complexity': 8.0, 'behaviour_novelty': 1.0}",True,[],0.07521939483474216,2,0.0,-0.00014456551398159197,0.057826205592636785,0.00593176421756748,0.42258908536633055,0.022047980786070124,-0.022713884314090115,8.0,1.0,,,
b1s_firstn_intraday_path_0191,firstn_intraday_path,"CSRank(Sub($m1_first5_last_return_vs_open,Delta($ret_1m,5)))","CSRank(Sub($m1_first5_last_return_vs_open,Delta($ret_1m,5)))",c8e99fa1dcbabc1c4e568b92aaf6b7673e07b82a40fa7602c79d0fd886b861a9,c8e99fa1dcbabc1c4e568b92aaf6b7673e07b82a40fa7602c79d0fd886b861a9,b1s/firstn_intraday_path:fixed:0191,,fixed,frozen_nonadaptive,firstn_mean_reversion,mixed,firstn_intraday_path:firstn_intraday_path:mean_reversion,firstn_intraday_path:firstn_intraday_path:mean_reversion:mixed,"['m1_first5_last_return_vs_open', 'ret_1m']",9201,,,development,firstn_intraday_path,mean_reversion,5,9283999,"{'firstn': 'm1_first5_last_return_vs_open', 'raw': 'ret_1m', 'window': 5}",root_sample,allow,no blocked field/primitive combination detected,True,True,,0.04401316212165614,0.08861511104885308,57,0.7368421052631579,0.09734733377498461,0.012893969345897791,0.01874098220369647,0.979253112033195,172,0.0843653551615768,0.027490421818694596,0.04166295237576984,True,0.0027529504523678065,0.1715779126219647,4,5,"{'signal_quality': 0.01874098220369647, 'cost_adjusted_quality': 0.018530068815792528, 'turnover': 0.0843653551615768, 'worst_time_block_quality': 0.0027529504523678065, 'stability': 0.1715779126219647, 'concentration': 0.027490421818694596, 'benchmark_increment': 0.013589870377794622, 'complexity': 5.0, 'behaviour_novelty': 0.2}",True,[],0.06853948863861961,2,0.01874098220369647,0.018530068815792528,0.0843653551615768,0.0027529504523678065,0.1715779126219647,0.027490421818694596,0.013589870377794622,5.0,0.2,,,
b1s_benchmark_competitor_0040,benchmark_competitor,"CSRank(Sub(ZScore(Delta($vwap,10)),ZScore(Std($ret_1m,10))))","CSRank(Sub(ZScore(Delta($vwap,10)),ZScore(Std($ret_1m,10))))",df84a1d59fcc870bbec702615d6c918c5585c29cd4ca873883c463080dcea433,df84a1d59fcc870bbec702615d6c918c5585c29cd4ca873883c463080dcea433,b1s/benchmark_competitor:fixed:0040,,fixed,frozen_nonadaptive,benchmark_external_competitor_reproduction,raw_1min,benchmark_competitor:benchmark_external_competitor_reproduction,benchmark_competitor:benchmark_external_competitor_reproduction:raw_1min,"['ret_1m', 'vwap']",9214,external_competitor_reproduction,,development,benchmark_competitor,benchmark_external_competitor_reproduction,8,39,{},root_sample,allow,no blocked field/primitive combination detected,True,True,,-0.0020412794330838635,0.08645220623282016,56,0.5357142857142857,0.10896621912297401,0.0145612235246537,0.0,0.9371830336560627,1479,0.0741698467919264,0.020289585320225425,0.0018329726024088027,True,0.008063867772847746,0.30113473409041946,4,31,"{'signal_quality': 0.0, 'cost_adjusted_quality': -0.00018542461697981598, 'turnover': 0.0741698467919264, 'worst_time_block_quality': 0.008063867772847746, 'stability': 0.30113473409041946, 'concentration': 0.020289585320225425, 'benchmark_increment': -0.026240109395566417, 'complexity': 8.0, 'behaviour_novelty': 1.0}",True,[],0.06267143762476046,2,0.0,-0.00018542461697981598,0.0741698467919264,0.008063867772847746,0.30113473409041946,0.020289585320225425,-0.026240109395566417,8.0,1.0,,,
b1s_benchmark_competitor_0025,benchmark_competitor,"CSRank(ZScore(Mean(Abs(Delta($vwap,1)),8)))","CSRank(ZScore(Mean(Abs(Delta($vwap,1)),8)))",870b2b0db6b9e5af75894d2493cbb436bdc15602f88e015408e2be5b2e080c28,870b2b0db6b9e5af75894d2493cbb436bdc15602f88e015408e2be5b2e080c28,b1s/benchmark_competitor:fixed:0025,,fixed,frozen_nonadaptive,benchmark_x0_r3,raw_1min,benchmark_competitor:benchmark_x0_r3,benchmark_competitor:benchmark_x0_r3:raw_1min,['vwap'],9214,x0_r3,,development,benchmark_competitor,benchmark_x0_r3,7,24,{},root_sample,allow,no blocked field/primitive combination detected,True,True,,-0.01997231564413288,0.09409342517942673,57,0.45614035087719296,0.11490421964649651,0.015219435688509354,0.0,0.9029218533886584,2851,0.055586653380729635,0.020109387108171308,0.017432155679378163,True,0.0002119919520259897,0.23774762416996875,4,19,"{'signal_quality': 0.0, 'cost_adjusted_quality': -0.0001389666334518241, 'turnover': 0.055586653380729635, 'worst_time_block_quality': 0.0002119919520259897, 'stability': 0.23774762416996875, 'concentration': 0.020109387108171308, 'benchmark_increment': -0.010640926318597057, 'complexity': 7.0, 'behaviour_novelty': 1.0}",True,[],0.0581844664817228,2,0.0,-0.0001389666334518241,0.055586653380729635,0.0002119919520259897,0.23774762416996875,0.020109387108171308,-0.010640926318597057,7.0,1.0,,,
b1s_temporal_program_0021,temporal_program,"CSRank(Sub(RecoveryPath($ret_1m,8),DrawdownPath($low,8)))","CSRank(Sub(RecoveryPath($ret_1m,8),DrawdownPath($low,8)))",af362842d18ebcfc28517ac3c5c01bf2d1020fcbb6f61b2983ba8042191d9391,af362842d18ebcfc28517ac3c5c01bf2d1020fcbb6f61b2983ba8042191d9391,b1s/temporal_program:fixed:0021,,fixed,frozen_nonadaptive,drawdownrecovery,raw_1min,temporal_program:temporal_program:drawdownrecovery,temporal_program:temporal_program:drawdownrecovery:raw_1min,"['low', 'ret_1m']",9202,,,development,temporal_program,drawdownrecovery,6,9284838,"{'field': 'ret_1m', 'other': 'low', 'window': 8, 'state': 'evt_uplimit_active'}",root_sample,allow,no blocked field/primitive combination detected,True,True,,-0.1640194289468147,0.16908305433577137,57,0.05263157894736842,0.09751828128484265,0.012916611896714458,0.13870286962925438,0.970954356846473,255,0.3351903184319884,0.02725587028548967,0.15394536607041517,True,0.11750972426412008,0.8105382601075152,4,357,"{'signal_quality': 0.13870286962925438, 'cost_adjusted_quality': 0.1378648938331744, 'turnover': 0.3351903184319884, 'worst_time_block_quality': 0.11750972426412008, 'stability': 0.8105382601075152, 'concentration': 0.02725587028548967, 'benchmark_increment': 0.12587228407243994, 'complexity': 6.0, 'behaviour_novelty': 1.0}",True,[],0.5385665792496424,3,0.13870286962925438,0.1378648938331744,0.3351903184319884,0.11750972426412008,0.8105382601075152,0.02725587028548967,0.12587228407243994,6.0,1.0,,,
b1s_temporal_program_0253,temporal_program,"CSRank(Delta($ret_1m,30))","CSRank(Delta($ret_1m,30))",fb578613e27e9afe621b11c185552d12fa9dacca9c85e07c37ae3230f16cb974,fb578613e27e9afe621b11c185552d12fa9dacca9c85e07c37ae3230f16cb974,b1s/temporal_program:fixed:0253,,fixed,frozen_nonadaptive,delta,raw_1min,temporal_program:temporal_program:delta,temporal_program:temporal_program:delta:raw_1min,['ret_1m'],9202,,,development,temporal_program,delta,4,9285070,"{'field': 'ret_1m', 'other': 'low', 'window': 30, 'state': 'evt_uplimit_active'}",root_sample,allow,no blocked field/primitive combination detected,True,True,,-0.16960578651859587,0.1765404806078722,51,0.0784313725490196,0.1053529347520679,0.014752361632722307,0.14069115771846014,0.8755186721991701,248,0.3756707912697161,0.0274904218116567,0.13577701243660562,True,0.09292053597450688,0.7273463516591621,4,398,"{'signal_quality': 0.14069115771846014, 'cost_adjusted_quality': 0.13975198074028586, 'turnover': 0.3756707912697161, 'worst_time_block_quality': 0.09292053597450688, 'stability': 0.7273463516591621, 'concentration': 0.0274904218116567, 'benchmark_increment': 0.1077039304386304, 'complexity': 4.0, 'behaviour_novelty': 1.0}",True,[],0.507582682072539,3,0.14069115771846014,0.13975198074028586,0.3756707912697161,0.09292053597450688,0.7273463516591621,0.0274904218116567,0.1077039304386304,4.0,1.0,,,
b1s_evolutionary_0116,evolutionary,"CSRank(Add(CSRank(Sub(RecoveryPath($close,3),DrawdownPath($amount_yuan,3))),Mul(Sign($low),0.012)))","CSRank(Add(CSRank(Sub(RecoveryPath($close,3),DrawdownPath($amount_yuan,3))),Mul(Sign($low),0.012)))",3f3f18cac4ad782cfc317d89870400f887d57a3b70601f57a23b2a35939155cf,3f3f18cac4ad782cfc317d89870400f887d57a3b70601f57a23b2a35939155cf,b1s/evolutionary:control:0116,,control,matched_nonadaptive_control,drawdownrecovery,raw_1min,evolutionary:temporal_program:drawdownrecovery,evolutionary:temporal_program:drawdownrecovery:raw_1min,"['amount_yuan', 'close', 'low']",9211,,,development,temporal_program,drawdownrecovery,6,9293918,"{'field': 'close', 'other': 'amount_yuan', 'window': 3, 'state': 'ctx_sent_lb_2_num'}",root_sample,allow,no blocked field/primitive combination detected,True,True,,-0.17464920045464155,0.1836313378260367,58,0.06896551724137931,0.10864595242345901,0.01426591245737153,0.14668801203819334,0.991441908713693,365,0.30586023723638256,0.02663647272531621,0.16884295869265048,True,0.09465930269587108,0.7222027996705696,4,72,"{'signal_quality': 0.14668801203819334, 'cost_adjusted_quality': 0.1459233614451024, 'turnover': 0.30586023723638256, 'worst_time_block_quality': 0.09465930269587108, 'stability': 0.7222027996705696, 'concentration': 0.02663647272531621, 'benchmark_increment': 0.14076987669467525, 'complexity': 6.0, 'behaviour_novelty': 0.5}",True,[],0.5049547747875072,3,0.14668801203819334,0.1459233614451024,0.30586023723638256,0.09465930269587108,0.7222027996705696,0.02663647272531621,0.14076987669467525,6.0,0.5,,,
b1s_temporal_program_0613,temporal_program,"CSRank(Delta($ret_1m,5))","CSRank(Delta($ret_1m,5))",93f386b0b8ed71dcaafbdf06a9b6a8f94694c352ddc38634f8808a6241430582,93f386b0b8ed71dcaafbdf06a9b6a8f94694c352ddc38634f8808a6241430582,b1s/temporal_program:fixed:0613,,fixed,frozen_nonadaptive,delta,raw_1min,temporal_program:temporal_program:delta,temporal_program:temporal_program:delta:raw_1min,['ret_1m'],9202,,,development,temporal_program,delta,4,9285430,"{'field': 'ret_1m', 'other': 'low', 'window': 5, 'state': 'evt_uplimit_active'}",root_sample,allow,no blocked field/primitive combination detected,True,True,,-0.16355131324788905,0.16929441028836398,57,0.07017543859649122,0.10177336853964872,0.01348021197182703,0.13713009778310808,0.979253112033195,257,0.3728809595239309,0.027490421818163396,0.15481801911907292,True,0.09857009637750304,0.747259178233967,4,299,"{'signal_quality': 0.13713009778310808, 'cost_adjusted_quality': 0.13619789538429825, 'turnover': 0.3728809595239309, 'worst_time_block_quality': 0.09857009637750304, 'stability': 0.747259178233967, 'concentration': 0.027490421818163396, 'benchmark_increment': 0.1267449371210977, 'complexity': 4.0, 'behaviour_novelty': 0.5}",True,[],0.4909919989624368,3,0.13713009778310808,0.13619789538429825,0.3728809595239309,0.09857009637750304,0.747259178233967,0.027490421818163396,0.1267449371210977,4.0,0.5,,,
b1s_orthogonal_exile_0041,orthogonal_exile,"CSRank(SafeCSResidual(Delta($ret_1m,15),$ctx_rzrq_rzye,20,5,0.6))","CSRank(SafeCSResidual(Delta($ret_1m,15),$ctx_rzrq_rzye,20,5,0.6))",d67f9ff0acad1b81ba13c3fb4120c94fe8549a9a3ad783ac4902db70b24d00b7,d67f9ff0acad1b81ba13c3fb4120c94fe8549a9a3ad783ac4902db70b24d00b7,b1s/orthogonal_exile:fixed:0041,,fixed,frozen_nonadaptive,change_residual,mixed,orthogonal_exile:orthogonal_exile:change_residual,orthogonal_exile:orthogonal_exile:change_residual:mixed,"['ctx_rzrq_rzye', 'ret_1m']",9205,,,development,orthogonal_exile,change_residual,5,9287885,"{'raw': 'ret_1m', 'other': 'trade_count', 'context': 'ctx_rzrq_rzye', 'window': 15}",root_sample,allow,no blocked field/primitive combination detected,True,True,,-0.15784133165383432,0.16264664474434587,55,0.05454545454545454,0.10276580618477602,0.013856938479140036,0.13068173223471985,0.6837828492392808,105,0.37803537753713196,0.03755615381348247,0.1024838346392131,True,0.09562418194119611,0.721989209243513,4,238,"{'signal_quality': 0.13068173223471985, 'cost_adjusted_quality': 0.12973664379087702, 'turnover': 0.37803537753713196, 'worst_time_block_quality': 0.09562418194119611, 'stability': 0.721989209243513, 'concentration': 0.03755615381348247, 'benchmark_increment': 0.07441075264123788, 'complexity': 5.0, 'behaviour_novelty': 1.0}",True,[],0.4795021205810579,3,0.13068173223471985,0.12973664379087702,0.37803537753713196,0.09562418194119611,0.721989209243513,0.03755615381348247,0.07441075264123788,5.0,1.0,,,
b1s_orthogonal_exile_0185,orthogonal_exile,"CSRank(SafeCSResidual(Delta($ret_1m,2),$ctx_rzrq_rzjme,20,5,0.6))","CSRank(SafeCSResidual(Delta($ret_1m,2),$ctx_rzrq_rzjme,20,5,0.6))",80d2c748b1a758329195ecd89b54b38384df2bed1895cf9cd7c782e836f83157,80d2c748b1a758329195ecd89b54b38384df2bed1895cf9cd7c782e836f83157,b1s/orthogonal_exile:fixed:0185,,fixed,frozen_nonadaptive,change_residual,mixed,orthogonal_exile:orthogonal_exile:change_residual,orthogonal_exile:orthogonal_exile:change_residual:mixed,"['ctx_rzrq_rzjme', 'ret_1m']",9205,,,development,orthogonal_exile,change_residual,5,9288029,"{'raw': 'ret_1m', 'other': 'open', 'context': 'ctx_rzrq_rzjme', 'window': 2}",root_sample,allow,no blocked field/primitive combination detected,True,True,,-0.1468061917224397,0.15647271873335283,58,0.034482758620689655,0.10940061532084916,0.014365004550439415,0.11865078280357844,0.7231154910096819,105,0.3495402001149329,0.03755615381348247,0.10351448301684227,True,0.08832722374508298,0.7317114690752823,4,259,"{'signal_quality': 0.11865078280357844, 'cost_adjusted_quality': 0.1177769323032911, 'turnover': 0.3495402001149329, 'worst_time_block_quality': 0.08832722374508298, 'stability': 0.7317114690752823, 'concentration': 0.03755615381348247, 'benchmark_increment': 0.07544140101886705, 'complexity': 5.0, 'behaviour_novelty': 1.0}",True,[],0.45762882963145135,3,0.11865078280357844,0.1177769323032911,0.3495402001149329,0.08832722374508298,0.7317114690752823,0.03755615381348247,0.07544140101886705,5.0,1.0,,,
b1s_temporal_program_0493,temporal_program,"CSRank(Delta($ret_1m,3))","CSRank(Delta($ret_1m,3))",bc7e21db4cb3b55fc124320e0bfb713027340e988e2cf08e491181131d35f328,bc7e21db4cb3b55fc124320e0bfb713027340e988e2cf08e491181131d35f328,b1s/temporal_program:fixed:0493,,fixed,frozen_nonadaptive,delta,raw_1min,temporal_program:temporal_program:delta,temporal_program:temporal_program:delta:raw_1min,['ret_1m'],9202,,,development,temporal_program,delta,4,9285310,"{'field': 'ret_1m', 'other': 'low', 'window': 3, 'state': 'evt_uplimit_active'}",root_sample,allow,no blocked field/primitive combination detected,True,True,,-0.14303032141669228,0.15069826378021756,58,0.06896551724137931,0.09717876767365397,0.01276019733293122,0.11802033464414709,0.9875518672199171,256,0.3697719289819982,0.027490421801058408,0.13773271497431303,True,0.09222511970416411,0.7321301135304745,4,116,"{'signal_quality': 0.11802033464414709, 'cost_adjusted_quality': 0.11709590482169209, 'turnover': 0.3697719289819982, 'worst_time_block_quality': 0.09222511970416411, 'stability': 0.7321301135304745, 'concentration': 0.027490421801058408, 'benchmark_increment': 0.10965963297633781, 'complexity': 4.0, 'behaviour_novelty': 0.5}",True,[],0.44901041363567784,3,0.11802033464414709,0.11709590482169209,0.3697719289819982,0.09222511970416411,0.7321301135304745,0.027490421801058408,0.10965963297633781,4.0,0.5,,,
b1s_orthogonal_exile_0234,orthogonal_exile,"CSRank(CSResidual(PathShape($ret_1m,8),Delta($high,8)))","CSRank(CSResidual(PathShape($ret_1m,8),Delta($high,8)))",4c632338780b630c8a565c03f5b462bfb9e3b22e15981c3d2333399e62538e56,4c632338780b630c8a565c03f5b462bfb9e3b22e15981c3d2333399e62538e56,b1s/orthogonal_exile:fixed:0234,,fixed,frozen_nonadaptive,path_residual,raw_1min,orthogonal_exile:orthogonal_exile:path_residual,orthogonal_exile:orthogonal_exile:path_residual:raw_1min,"['high', 'ret_1m']",9205,,,development,orthogonal_exile,path_residual,6,9288078,"{'raw': 'ret_1m', 'other': 'high', 'context': 'ctx_rzrq_rzjme', 'window': 8}",root_sample,allow,no blocked field/primitive combination detected,True,True,,-0.13228742123141063,0.13776904444001534,57,0.08771929824561403,0.09165724613350387,0.012140298826330076,0.10849243553180368,0.966804979253112,273,0.37254508239759815,0.027018483244017236,0.12363172797271571,True,0.10506964335914833,0.7780811037248738,4,269,"{'signal_quality': 0.10849243553180368, 'cost_adjusted_quality': 0.10756107282580969, 'turnover': 0.37254508239759815, 'worst_time_block_quality': 0.10506964335914833, 'stability': 0.7780811037248738, 'concentration': 0.027018483244017236, 'benchmark_increment': 0.0955586459747405, 'complexity': 6.0, 'behaviour_novelty': 0.5}",True,[],0.4403347814004145,3,0.10849243553180368,0.10756107282580969,0.37254508239759815,0.10506964335914833,0.7780811037248738,0.027018483244017236,0.0955586459747405,6.0,0.5,,,
b1s_temporal_program_0017,temporal_program,"CSRank(Mul(Duration($evt_uplimit_active),Sign(Delta($ret_1m,8))))","CSRank(Mul(Duration($evt_uplimit_active),Sign(Delta($ret_1m,8))))",6573f44a33e2507f6234ca4ecf0b83a3ef536684e9a8eee61d05ff924cf0dc7f,6573f44a33e2507f6234ca4ecf0b83a3ef536684e9a8eee61d05ff924cf0dc7f,b1s/temporal_program:fixed:0017,,fixed,frozen_nonadaptive,duration,mixed,temporal_program:temporal_program:duration,temporal_program:temporal_program:duration:mixed,"['evt_uplimit_active', 'ret_1m']",9202,,,development,temporal_program,duration,7,9284834,"{'field': 'ret_1m', 'other': 'low', 'window': 8, 'state': 'evt_uplimit_active'}",root_sample,allow,no blocked field/primitive combination detected,True,True,,-0.13276426897936966,0.13914335739175854,57,0.07017543859649122,0.08460542135737013,0.011206261817095865,0.11079999581786176,0.966804979253112,214,0.34337750086346747,0.02210300435505684,0.12407737511370084,True,0.08522689956172064,0.7671018803530248,4,356,"{'signal_quality': 0.11079999581786176, 'cost_adjusted_quality': 0.1099415520657031, 'turnover': 0.34337750086346747, 'worst_time_block_quality': 0.08522689956172064, 'stability': 0.7671018803530248, 'concentration': 0.02210300435505684, 'benchmark_increment': 0.09600429311572563, 'complexity': 7.0, 'behaviour_novelty': 0.5}",True,[],0.4280202677452115,3,0.11079999581786176,0.1099415520657031,0.34337750086346747,0.08522689956172064,0.7671018803530248,0.02210300435505684,0.09600429311572563,7.0,0.5,,,
b1s_temporal_program_0617,temporal_program,"CSRank(Mul(Duration($evt_uplimit_active),Sign(Delta($ret_1m,5))))","CSRank(Mul(Duration($evt_uplimit_active),Sign(Delta($ret_1m,5))))",e69cc1a9313c313551baf4e45451e9bdc4e300f5240ae9383bf0448f85d28199,e69cc1a9313c313551baf4e45451e9bdc4e300f5240ae9383bf0448f85d28199,b1s/temporal_program:fixed:0617,,fixed,frozen_nonadaptive,duration,mixed,temporal_program:temporal_program:duration,temporal_program:temporal_program:duration:mixed,"['evt_uplimit_active', 'ret_1m']",9202,,,development,temporal_program,duration,7,9285434,"{'field': 'ret_1m', 'other': 'low', 'window': 5, 'state': 'evt_uplimit_active'}",root_sample,allow,no blocked field/primitive combination detected,True,True,,-0.13635835416602268,0.14624591312950333,57,0.07017543859649122,0.1008116747318382,0.013352832515223617,0.1101868024361844,0.979253112033195,219,0.343337520314975,0.020030927237292283,0.12907710652450596,True,0.07358665943261077,0.6784796453664979,4,448,"{'signal_quality': 0.1101868024361844, 'cost_adjusted_quality': 0.10932845863539696, 'turnover': 0.343337520314975, 'worst_time_block_quality': 0.07358665943261077, 'stability': 0.6784796453664979, 'concentration': 0.020030927237292283, 'benchmark_increment': 0.10100402452653075, 'complexity': 7.0, 'behaviour_novelty': 0.5}",True,[],0.4101881890885772,3,0.1101868024361844,0.10932845863539696,0.343337520314975,0.07358665943261077,0.6784796453664979,0.020030927237292283,0.10100402452653075,7.0,0.5,,,
b1s_temporal_program_0257,temporal_program,"CSRank(Mul(Duration($evt_uplimit_active),Sign(Delta($ret_1m,30))))","CSRank(Mul(Duration($evt_uplimit_active),Sign(Delta($ret_1m,30))))",24cc666f6f67c00d6dd67e0cf081e457c2c76ec86b9082d11998924a0cdbbc8b,24cc666f6f67c00d6dd67e0cf081e457c2c76ec86b9082d11998924a0cdbbc8b,b1s/temporal_program:fixed:0257,,fixed,frozen_nonadaptive,duration,mixed,temporal_program:temporal_program:duration,temporal_program:temporal_program:duration:mixed,"['evt_uplimit_active', 'ret_1m']",9202,,,development,temporal_program,duration,7,9285074,"{'field': 'ret_1m', 'other': 'low', 'window': 30, 'state': 'evt_uplimit_active'}",root_sample,allow,no blocked field/primitive combination detected,True,True,,-0.14653883261006595,0.15668440979065987,51,0.0784313725490196,0.10454038397917566,0.014638581766268048,0.11784721234818057,0.8755186721991701,206,0.34385219155293373,0.021438234049302254,0.11731088488281673,True,0.06683619362588063,0.6449770848894845,4,401,"{'signal_quality': 0.11784721234818057, 'cost_adjusted_quality': 0.11698758186929824, 'turnover': 0.34385219155293373, 'worst_time_block_quality': 0.06683619362588063, 'stability': 0.6449770848894845, 'concentration': 0.021438234049302254, 'benchmark_increment': 0.08923780288484151, 'complexity': 7.0, 'behaviour_novelty': 0.5}",True,[],0.4087331512727095,3,0.11784721234818057,0.11698758186929824,0.34385219155293373,0.06683619362588063,0.6449770848894845,0.021438234049302254,0.08923780288484151,7.0,0.5,,,
b1s_temporal_program_0137,temporal_program,"CSRank(Mul(Duration($evt_uplimit_active),Sign(Delta($ret_1m,15))))","CSRank(Mul(Duration($evt_uplimit_active),Sign(Delta($ret_1m,15))))",5619c5269f0185c105c9f10fa19a20b202160da1fd5568744ac2aa637f62fbc7,5619c5269f0185c105c9f10fa19a20b202160da1fd5568744ac2aa637f62fbc7,b1s/temporal_program:fixed:0137,,fixed,frozen_nonadaptive,duration,mixed,temporal_program:temporal_program:duration,temporal_program:temporal_program:duration:mixed,"['evt_uplimit_active', 'ret_1m']",9202,,,development,temporal_program,duration,7,9284954,"{'field': 'ret_1m', 'other': 'low', 'window': 15, 'state': 'evt_uplimit_active'}",root_sample,allow,no blocked field/primitive combination detected,True,True,,-0.1319132197334988,0.13584453147821363,55,0.09090909090909091,0.08463271467976313,0.011411872919397423,0.10954594881147983,0.9377593360995851,214,0.3419459444537391,0.01923210596453861,0.11746166281575135,True,0.07616515166913763,0.6869707983412081,4,378,"{'signal_quality': 0.10954594881147983, 'cost_adjusted_quality': 0.10869108395034549, 'turnover': 0.3419459444537391, 'worst_time_block_quality': 0.07616515166913763, 'stability': 0.6869707983412081, 'concentration': 0.01923210596453861, 'benchmark_increment': 0.08938858081777613, 'complexity': 7.0, 'behaviour_novelty': 0.5}",True,[],0.4076308782891698,3,0.10954594881147983,0.10869108395034549,0.3419459444537391,0.07616515166913763,0.6869707983412081,0.01923210596453861,0.08938858081777613,7.0,0.5,,,
b1s_temporal_program_0135,temporal_program,"CSRank(Acceleration($ret_1m,15))","CSRank(Acceleration($ret_1m,15))",d89a9efa8e6763e1f09c729ebfad9df1a2cee0caaf5980a4a91da37f4f7d5a79,d89a9efa8e6763e1f09c729ebfad9df1a2cee0caaf5980a4a91da37f4f7d5a79,b1s/temporal_program:fixed:0135,,fixed,frozen_nonadaptive,acceleration,raw_1min,temporal_program:temporal_program:acceleration,temporal_program:temporal_program:acceleration:raw_1min,['ret_1m'],9202,,,development,temporal_program,acceleration,4,9284952,"{'field': 'ret_1m', 'other': 'low', 'window': 15, 'state': 'evt_uplimit_active'}",root_sample,allow,no blocked field/primitive combination detected,True,True,,-0.11813254165191878,0.1317001713819812,55,0.09090909090909091,0.09070392649513226,0.012230514953578837,0.09416073234290426,0.9377593360995851,181,0.3733867027040249,0.027490421819788915,0.10519070645928313,True,0.07443195774310533,0.7603346865005581,4,377,"{'signal_quality': 0.09416073234290426, 'cost_adjusted_quality': 0.09322726558614419, 'turnover': 0.3733867027040249, 'worst_time_block_quality': 0.07443195774310533, 'stability': 0.7603346865005581, 'concentration': 0.027490421819788915, 'benchmark_increment': 0.07711762446130792, 'complexity': 4.0, 'behaviour_novelty': 1.0}",True,[],0.4073857281064082,3,0.09416073234290426,0.09322726558614419,0.3733867027040249,0.07443195774310533,0.7603346865005581,0.027490421819788915,0.07711762446130792,4.0,1.0,,,
b1s_temporal_program_0341,temporal_program,"CSRank(Sub(RecoveryPath($close,2),DrawdownPath($amount_yuan,2)))","CSRank(Sub(RecoveryPath($close,2),DrawdownPath($amount_yuan,2)))",0ed4d1d49826c0fe78a4cb78d51f0d59b5b56a6013592d6cdb3b42937d3f4f28,0ed4d1d49826c0fe78a4cb78d51f0d59b5b56a6013592d6cdb3b42937d3f4f28,b1s/temporal_program:fixed:0341,,fixed,frozen_nonadaptive,drawdownrecovery,raw_1min,temporal_program:temporal_program:drawdownrecovery,temporal_program:temporal_program:drawdownrecovery:raw_1min,"['amount_yuan', 'close']",9202,,,development,temporal_program,drawdownrecovery,6,9285158,"{'field': 'close', 'other': 'amount_yuan', 'window': 2, 'state': 'ctx_sent_lb_2_num'}",root_sample,allow,no blocked field/primitive combination detected,True,True,,-0.11810586370209993,0.12860485486238105,58,0.08620689655172414,0.08707588000110959,0.011433623191066954,0.09569596224760869,0.993401337021669,536,0.35726144787831116,0.0253248678787738,0.1144050721646386,True,0.06789228360431629,0.741746653128804,4,411,"{'signal_quality': 0.09569596224760869, 'cost_adjusted_quality': 0.09480280862791292, 'turnover': 0.35726144787831116, 'worst_time_block_quality': 0.06789228360431629, 'stability': 0.741746653128804, 'concentration': 0.0253248678787738, 'benchmark_increment': 0.08633199016666339, 'complexity': 6.0, 'behaviour_novelty': 1.0}",True,[],0.4053450322395817,3,0.09569596224760869,0.09480280862791292,0.35726144787831116,0.06789228360431629,0.741746653128804,0.0253248678787738,0.08633199016666339,6.0,1.0,,,
b1s_evolutionary_0190,evolutionary,"CSRank(Add(CSRank(Mul(StateAge($ctx_sent_lb_2_num),Sign(Delta($ret_1m,3)))),Mul(Sign($vwap),0.012)))","CSRank(Add(CSRank(Mul(StateAge($ctx_sent_lb_2_num),Sign(Delta($ret_1m,3)))),Mul(Sign($vwap),0.012)))",c868fa21979546f93c5ac6686e27d6479f0727fc14ccb97db0d91e1b60b53ba1,c868fa21979546f93c5ac6686e27d6479f0727fc14ccb97db0d91e1b60b53ba1,b1s/evolutionary:control:0190,,control,matched_nonadaptive_control,state_duration,mixed,evolutionary:state_transition:duration,evolutionary:state_transition:duration:mixed,"['ctx_sent_lb_2_num', 'ret_1m', 'vwap']",9211,,,development,state_transition,duration,7,9293930,"{'state': 'ctx_sent_lb_2_num', 'other_state': 'ctx_hfq_prev_is_limit_up', 'raw': 'ret_1m', 'context': 'ctx_ths_hot_rank', 'window': 3}",root_sample,allow,no blocked field/primitive combination detected,True,True,,-0.12999629608860575,0.13626835427175818,58,0.08620689655172414,0.09214104802456184,0.012098712336061601,0.10628281990992501,0.9737206085753803,463,0.3407068749883514,0.019654742629009746,0.12342820680391248,True,0.07694480532920242,0.6890104025043123,4,83,"{'signal_quality': 0.10628281990992501, 'cost_adjusted_quality': 0.10543105272245414, 'turnover': 0.3407068749883514, 'worst_time_block_quality': 0.07694480532920242, 'stability': 0.6890104025043123, 'concentration': 0.019654742629009746, 'benchmark_increment': 0.09535512480593726, 'complexity': 7.0, 'behaviour_novelty': 0.25}",True,[],0.3929213301602992,3,0.10628281990992501,0.10543105272245414,0.3407068749883514,0.07694480532920242,0.6890104025043123,0.019654742629009746,0.09535512480593726,7.0,0.25,,,
b1s_temporal_program_0621,temporal_program,"CSRank(Sub(RecoveryPath($ret_1m,5),DrawdownPath($low,5)))","CSRank(Sub(RecoveryPath($ret_1m,5),DrawdownPath($low,5)))",bbe804eec280d4b14093134e60c58db3f6a298949a30738959fa5790ced4a2b0,bbe804eec280d4b14093134e60c58db3f6a298949a30738959fa5790ced4a2b0,b1s/temporal_program:fixed:0621,,fixed,frozen_nonadaptive,drawdownrecovery,raw_1min,temporal_program:temporal_program:drawdownrecovery,temporal_program:temporal_program:drawdownrecovery:raw_1min,"['low', 'ret_1m']",9202,,,development,temporal_program,drawdownrecovery,6,9285438,"{'field': 'ret_1m', 'other': 'low', 'window': 5, 'state': 'evt_uplimit_active'}",root_sample,allow,no blocked field/primitive combination detected,True,True,,-0.10721798051052035,0.11937991360472262,58,0.1206896551724138,0.08611579651061374,0.011307558052682432,0.0850551667272628,0.983402489626556,254,0.32621621751485624,0.02714284597109799,0.10281299381847336,True,0.081881567073315,0.8152846526087822,4,305,"{'signal_quality': 0.0850551667272628, 'cost_adjusted_quality': 0.08423962618347565, 'turnover': 0.32621621751485624, 'worst_time_block_quality': 0.081881567073315, 'stability': 0.8152846526087822, 'concentration': 0.02714284597109799, 'benchmark_increment': 0.07473991182049815, 'complexity': 6.0, 'behaviour_novelty': 0.5}",True,[],0.376820274630508,3,0.0850551667272628,0.08423962618347565,0.32621621751485624,0.081881567073315,0.8152846526087822,0.02714284597109799,0.07473991182049815,6.0,0.5,,,
b1s_temporal_program_0374,temporal_program,"CSRank(Slope($ret_1m,2))","CSRank(Slope($ret_1m,2))",27ca4089a5a8ca5756925c7b450a726665dacb57d42a40ae8e30fc35ca140fa8,27ca4089a5a8ca5756925c7b450a726665dacb57d42a40ae8e30fc35ca140fa8,b1s/temporal_program:fixed:0374,,fixed,frozen_nonadaptive,slope,raw_1min,temporal_program:temporal_program:slope,temporal_program:temporal_program:slope:raw_1min,['ret_1m'],9202,,,development,temporal_program,slope,4,9285191,"{'field': 'ret_1m', 'other': 'low', 'window': 2, 'state': 'evt_uplimit_active'}",root_sample,allow,no blocked field/primitive combination detected,True,True,,-0.09105356976523768,0.10687355295276577,58,0.1724137931034483,0.0852550651313581,0.011194538485621944,0.06911227433341867,0.995850622406639,259,0.41258345595710344,0.02749042179909528,0.08841791213597165,True,0.05949261011595764,0.7031453820469824,4,422,"{'signal_quality': 0.06911227433341867, 'cost_adjusted_quality': 0.0680808156935259, 'turnover': 0.41258345595710344, 'worst_time_block_quality': 0.05949261011595764, 'stability': 0.7031453820469824, 'concentration': 0.02749042179909528, 'benchmark_increment': 0.060344830137996436, 'complexity': 4.0, 'behaviour_novelty': 1.0}",True,[],0.3308531646290279,3,0.06911227433341867,0.0680808156935259,0.41258345595710344,0.05949261011595764,0.7031453820469824,0.02749042179909528,0.060344830137996436,4.0,1.0,,,
b1s_orthogonal_exile_0282,orthogonal_exile,"CSRank(CSResidual(PathShape($ret_1m,2),Delta($low,2)))","CSRank(CSResidual(PathShape($ret_1m,2),Delta($low,2)))",945878489d93c0addc047c054796fd5625d44297f9e554ae8755f029e6600bf8,945878489d93c0addc047c054796fd5625d44297f9e554ae8755f029e6600bf8,b1s/orthogonal_exile:fixed:0282,,fixed,frozen_nonadaptive,path_residual,raw_1min,orthogonal_exile:orthogonal_exile:path_residual,orthogonal_exile:orthogonal_exile:path_residual:raw_1min,"['low', 'ret_1m']",9205,,,development,orthogonal_exile,path_residual,6,9288126,"{'raw': 'ret_1m', 'other': 'low', 'context': 'ctx_rzrq_rzjme', 'window': 2}",root_sample,allow,no blocked field/primitive combination detected,True,True,,-0.08813155288461433,0.10377554081389202,58,0.15517241379310345,0.08534801352667705,0.011206743207851312,0.06616633619722576,0.991701244813278,287,0.4018507570535217,0.02479480304931392,0.08522389131056146,True,0.057857356362062504,0.6974485154171113,4,274,"{'signal_quality': 0.06616633619722576, 'cost_adjusted_quality': 0.06516170930459195, 'turnover': 0.4018507570535217, 'worst_time_block_quality': 0.057857356362062504, 'stability': 0.6974485154171113, 'concentration': 0.02479480304931392, 'benchmark_increment': 0.057150809312586245, 'complexity': 6.0, 'behaviour_novelty': 1.0}",True,[],0.32001913176837526,3,0.06616633619722576,0.06516170930459195,0.4018507570535217,0.057857356362062504,0.6974485154171113,0.02479480304931392,0.057150809312586245,6.0,1.0,,,
b1s_temporal_program_0495,temporal_program,"CSRank(Acceleration($ret_1m,3))","CSRank(Acceleration($ret_1m,3))",90f311ae54de8bce1608a4d43f756babca551ff0f47d524dc9cbe8c61ca64608,90f311ae54de8bce1608a4d43f756babca551ff0f47d524dc9cbe8c61ca64608,b1s/temporal_program:fixed:0495,,fixed,frozen_nonadaptive,acceleration,raw_1min,temporal_program:temporal_program:acceleration,temporal_program:temporal_program:acceleration:raw_1min,['ret_1m'],9202,,,development,temporal_program,acceleration,4,9285312,"{'field': 'ret_1m', 'other': 'low', 'window': 3, 'state': 'evt_uplimit_active'}",root_sample,allow,no blocked field/primitive combination detected,True,True,,-0.07787308918372145,0.09923387268906206,58,0.20689655172413793,0.09001047831598992,0.011818954827670043,0.05470793772148816,0.9875518672199171,251,0.3804468148275483,0.02743287006737161,0.07498879881185132,True,0.05384427443831085,0.749524609309127,4,434,"{'signal_quality': 0.05470793772148816, 'cost_adjusted_quality': 0.05375682068441929, 'turnover': 0.3804468148275483, 'worst_time_block_quality': 0.05384427443831085, 'stability': 0.749524609309127, 'concentration': 0.02743287006737161, 'benchmark_increment': 0.0469157168138761, 'complexity': 4.0, 'behaviour_novelty': 1.0}",True,[],0.2961726118650485,3,0.05470793772148816,0.05375682068441929,0.3804468148275483,0.05384427443831085,0.749524609309127,0.02743287006737161,0.0469157168138761,4.0,1.0,,,
b1s_temporal_program_0335,temporal_program,"CSRank(Acceleration($close,2))","CSRank(Acceleration($close,2))",1d0c2276107a0c2ac958a9e359f2dff4ebfb6ddb7b3f7eb6f310274f6e4b2ebe,1d0c2276107a0c2ac958a9e359f2dff4ebfb6ddb7b3f7eb6f310274f6e4b2ebe,b1s/temporal_program:fixed:0335,,fixed,frozen_nonadaptive,acceleration,raw_1min,temporal_program:temporal_program:acceleration,temporal_program:temporal_program:acceleration:raw_1min,['close'],9202,,,development,temporal_program,acceleration,4,9285152,"{'field': 'close', 'other': 'amount_yuan', 'window': 2, 'state': 'ctx_sent_lb_2_num'}",root_sample,allow,no blocked field/primitive combination detected,True,True,,-0.07297248103414451,0.09175959898562541,58,0.22413793103448276,0.08112755839728243,0.010652570299765986,0.05209344324660318,0.991701244813278,287,0.4099864483789004,0.026630757495734403,0.07056495192429121,True,0.05746663389546396,0.7045865897456396,4,410,"{'signal_quality': 0.05209344324660318, 'cost_adjusted_quality': 0.051068477125655924, 'turnover': 0.4099864483789004, 'worst_time_block_quality': 0.05746663389546396, 'stability': 0.7045865897456396, 'concentration': 0.026630757495734403, 'benchmark_increment': 0.042491869926316, 'complexity': 4.0, 'behaviour_novelty': 1.0}",True,[],0.2859378690762135,3,0.05209344324660318,0.051068477125655924,0.4099864483789004,0.05746663389546396,0.7045865897456396,0.026630757495734403,0.042491869926316,4.0,1.0,,,
b1s_orthogonal_exile_0305,orthogonal_exile,"CSRank(SafeCSResidual(Delta($high,3),$ctx_rzrq_rzjme,20,5,0.6))","CSRank(SafeCSResidual(Delta($high,3),$ctx_rzrq_rzjme,20,5,0.6))",f88a41c2f01f1a9aa0dac8c079c3b316928ab4138af84c9cebe59a05c29f8f66,f88a41c2f01f1a9aa0dac8c079c3b316928ab4138af84c9cebe59a05c29f8f66,b1s/orthogonal_exile:fixed:0305,,fixed,frozen_nonadaptive,change_residual,mixed,orthogonal_exile:orthogonal_exile:change_residual,orthogonal_exile:orthogonal_exile:change_residual:mixed,"['ctx_rzrq_rzjme', 'high']",9205,,,development,orthogonal_exile,change_residual,5,9288149,"{'raw': 'high', 'other': 'close', 'context': 'ctx_rzrq_rzjme', 'window': 3}",root_sample,allow,no blocked field/primitive combination detected,True,True,,-0.0778910220611014,0.10756951256239441,58,0.20689655172413793,0.11082357763470979,0.01455184865596627,0.04936939869540752,0.7200899031811895,105,0.191522529257863,0.03755615381348247,0.05469192420790399,True,0.03874456918526058,0.6335897184736332,4,275,"{'signal_quality': 0.04936939869540752, 'cost_adjusted_quality': 0.04889059237226286, 'turnover': 0.191522529257863, 'worst_time_block_quality': 0.03874456918526058, 'stability': 0.6335897184736332, 'concentration': 0.03755615381348247, 'benchmark_increment': 0.02661884220992877, 'complexity': 5.0, 'behaviour_novelty': 1.0}",True,[],0.25769495827255867,3,0.04936939869540752,0.04889059237226286,0.191522529257863,0.03874456918526058,0.6335897184736332,0.03755615381348247,0.02661884220992877,5.0,1.0,,,
b1s_orthogonal_exile_0309,orthogonal_exile,"CSRank(SafeCSResidual(Delta($low,3),$ctx_rzrq_rzjme,20,5,0.6))","CSRank(SafeCSResidual(Delta($low,3),$ctx_rzrq_rzjme,20,5,0.6))",90123befe348bebd821d824fb2fb09545ee31a5fd62ae65b26c99efba742afa9,90123befe348bebd821d824fb2fb09545ee31a5fd62ae65b26c99efba742afa9,b1s/orthogonal_exile:fixed:0309,,fixed,frozen_nonadaptive,change_residual,mixed,orthogonal_exile:orthogonal_exile:change_residual,orthogonal_exile:orthogonal_exile:change_residual:mixed,"['ctx_rzrq_rzjme', 'low']",9205,,,development,orthogonal_exile,change_residual,5,9288153,"{'raw': 'low', 'other': 'close', 'context': 'ctx_rzrq_rzjme', 'window': 3}",root_sample,allow,no blocked field/primitive combination detected,True,True,,-0.0758031405463616,0.11578328963576281,58,0.22413793103448276,0.11726343397102185,0.015397443219616488,0.045624151835913285,0.7200899031811895,105,0.19014323206597095,0.03755615381348247,0.05322589828427883,True,0.04231119270670835,0.617782148415368,4,277,"{'signal_quality': 0.045624151835913285, 'cost_adjusted_quality': 0.04514879375574836, 'turnover': 0.19014323206597095, 'worst_time_block_quality': 0.04231119270670835, 'stability': 0.617782148415368, 'concentration': 0.03755615381348247, 'benchmark_increment': 0.02515281628630361, 'complexity': 5.0, 'behaviour_novelty': 1.0}",True,[],0.25091714780860713,3,0.045624151835913285,0.04514879375574836,0.19014323206597095,0.04231119270670835,0.617782148415368,0.03755615381348247,0.02515281628630361,5.0,1.0,,,
b1s_orthogonal_exile_0117,orthogonal_exile,"CSRank(SafeCSResidual(Delta($low,5),$ctx_rzrq_rzye,20,5,0.6))","CSRank(SafeCSResidual(Delta($low,5),$ctx_rzrq_rzye,20,5,0.6))",4fd29b0998a21e4612113c6f538b72d15787c4d7645468b16ddcf1a494a8df1e,4fd29b0998a21e4612113c6f538b72d15787c4d7645468b16ddcf1a494a8df1e,b1s/orthogonal_exile:fixed:0117,,fixed,frozen_nonadaptive,change_residual,mixed,orthogonal_exile:orthogonal_exile:change_residual,orthogonal_exile:orthogonal_exile:change_residual:mixed,"['ctx_rzrq_rzye', 'low']",9205,,,development,orthogonal_exile,change_residual,5,9287961,"{'raw': 'low', 'other': 'sell_volume', 'context': 'ctx_rzrq_rzye', 'window': 5}",root_sample,allow,no blocked field/primitive combination detected,True,True,,-0.0660951428021587,0.10703122497646228,57,0.3157894736842105,0.11507072746719138,0.015241490188130827,0.03622182203342228,0.7140387275242047,105,0.15624296966151324,0.03755615381348247,0.04562089729396297,True,0.04605771158946929,0.7272219343091042,4,247,"{'signal_quality': 0.03622182203342228, 'cost_adjusted_quality': 0.0358312146092685, 'turnover': 0.15624296966151324, 'worst_time_block_quality': 0.04605771158946929, 'stability': 0.7272219343091042, 'concentration': 0.03755615381348247, 'benchmark_increment': 0.017547815295987753, 'complexity': 5.0, 'behaviour_novelty': 1.0}",True,[],0.24313116798418088,3,0.03622182203342228,0.0358312146092685,0.15624296966151324,0.04605771158946929,0.7272219343091042,0.03755615381348247,0.017547815295987753,5.0,1.0,,,
b1s_rx_ucb_0097,rx_ucb,"CSRank(Add(CSRank(SafeCSResidual(Delta($low,2),$ctx_hfq_float_market_cap_yuan,20,5,0.6)),Mul(Sign($high),0.026)))","CSRank(Add(CSRank(SafeCSResidual(Delta($low,2),$ctx_hfq_float_market_cap_yuan,20,5,0.6)),Mul(Sign($high),0.026)))",8842076fa8f4a215566e8ebad6156adcc6210ea5d30c6c4bae5158a21dd5f161,8842076fa8f4a215566e8ebad6156adcc6210ea5d30c6c4bae5158a21dd5f161,b1s/rx_ucb:control:0097,,control,matched_nonadaptive_control,change_residual,mixed,rx_ucb:orthogonal_exile:change_residual,rx_ucb:orthogonal_exile:change_residual:mixed,"['ctx_hfq_float_market_cap_yuan', 'high', 'low']",9209,,,development,orthogonal_exile,change_residual,5,9291897,"{'raw': 'low', 'other': 'trade_count', 'context': 'ctx_hfq_float_market_cap_yuan', 'window': 2}",root_sample,allow,no blocked field/primitive combination detected,True,True,,-0.07347626839262858,0.09738508687233124,58,0.2413793103448276,0.097974289249791,0.012864654433356718,0.04826154570324941,0.991701244813278,144,0.22890365635487056,0.0274904218193889,0.07105211818515687,True,0.024881444662306587,0.5611500262086448,4,292,"{'signal_quality': 0.04826154570324941, 'cost_adjusted_quality': 0.04768928656236224, 'turnover': 0.22890365635487056, 'worst_time_block_quality': 0.024881444662306587, 'stability': 0.5611500262086448, 'concentration': 0.0274904218193889, 'benchmark_increment': 0.04297903618718166, 'complexity': 5.0, 'behaviour_novelty': 1.0}",True,[],0.24088704091788266,3,0.04826154570324941,0.04768928656236224,0.22890365635487056,0.024881444662306587,0.5611500262086448,0.0274904218193889,0.04297903618718166,5.0,1.0,,,
b1s_temporal_program_0501,temporal_program,"CSRank(Sub(RecoveryPath($ret_1m,3),DrawdownPath($low,3)))","CSRank(Sub(RecoveryPath($ret_1m,3),DrawdownPath($low,3)))",56af5ecb72aa1f9505710896cef69a1f525b0a437efdfb8940e223979e32953d,56af5ecb72aa1f9505710896cef69a1f525b0a437efdfb8940e223979e32953d,b1s/temporal_program:fixed:0501,,fixed,frozen_nonadaptive,drawdownrecovery,raw_1min,temporal_program:temporal_program:drawdownrecovery,temporal_program:temporal_program:drawdownrecovery:raw_1min,"['low', 'ret_1m']",9202,,,development,temporal_program,drawdownrecovery,6,9285318,"{'field': 'ret_1m', 'other': 'low', 'window': 3, 'state': 'evt_uplimit_active'}",root_sample,allow,no blocked field/primitive combination detected,True,True,,-0.06462393168537571,0.09127845295524192,58,0.1724137931034483,0.08341738162891915,0.010953238820191526,0.04315558359780032,0.991701244813278,237,0.32986901424360837,0.027145754527160545,0.062491840319962036,True,0.028344911275135554,0.6119102627198015,4,435,"{'signal_quality': 0.04315558359780032, 'cost_adjusted_quality': 0.0423309110621913, 'turnover': 0.32986901424360837, 'worst_time_block_quality': 0.028344911275135554, 'stability': 0.6119102627198015, 'concentration': 0.027145754527160545, 'benchmark_increment': 0.03441875832198682, 'complexity': 6.0, 'behaviour_novelty': 1.0}",True,[],0.22811084644058777,3,0.04315558359780032,0.0423309110621913,0.32986901424360837,0.028344911275135554,0.6119102627198015,0.027145754527160545,0.03441875832198682,6.0,1.0,,,
b1s_firstn_intraday_path_0005,firstn_intraday_path,"CSRank(Add($m1_first30_range,PathShape($low,5)))","CSRank(Add($m1_first30_range,PathShape($low,5)))",de721e5eb7c17b501968a5bfaa1c41990890976925b6b6443b4e3128ccd975ed,de721e5eb7c17b501968a5bfaa1c41990890976925b6b6443b4e3128ccd975ed,b1s/firstn_intraday_path:fixed:0005,,fixed,frozen_nonadaptive,firstn_path_shape,mixed,firstn_intraday_path:firstn_intraday_path:path_shape,firstn_intraday_path:firstn_intraday_path:path_shape:mixed,"['low', 'm1_first30_range']",9201,,,development,firstn_intraday_path,path_shape,5,9283813,"{'firstn': 'm1_first30_range', 'raw': 'low', 'window': 5}",root_sample,allow,no blocked field/primitive combination detected,True,True,,-0.0690364883067699,0.09433207271701272,51,0.19607843137254902,0.10027871545916744,0.014041828810938387,0.04151450383733066,0.8796680497925311,144,0.17306989077139026,0.0274904218193889,0.055528722328639715,True,0.02629032968324783,0.5978031006440441,4,140,"{'signal_quality': 0.04151450383733066, 'cost_adjusted_quality': 0.04108182911040218, 'turnover': 0.17306989077139026, 'worst_time_block_quality': 0.02629032968324783, 'stability': 0.5978031006440441, 'concentration': 0.0274904218193889, 'benchmark_increment': 0.027455640330664496, 'complexity': 5.0, 'behaviour_novelty': 1.0}",True,[],0.22686204715131514,3,0.04151450383733066,0.04108182911040218,0.17306989077139026,0.02629032968324783,0.5978031006440441,0.0274904218193889,0.027455640330664496,5.0,1.0,,,
b1s_temporal_program_0435,temporal_program,"CSRank(Acceleration($high,3))","CSRank(Acceleration($high,3))",e9b6d7841b6fe616278108495d3149b187226e8d5412544f7d96f1240c222e59,e9b6d7841b6fe616278108495d3149b187226e8d5412544f7d96f1240c222e59,b1s/temporal_program:fixed:0435,,fixed,frozen_nonadaptive,acceleration,raw_1min,temporal_program:temporal_program:acceleration,temporal_program:temporal_program:acceleration:raw_1min,['high'],9202,,,development,temporal_program,acceleration,4,9285252,"{'field': 'high', 'other': 'price_spread', 'window': 3, 'state': 'evt_uplimit_active'}",root_sample,allow,no blocked field/primitive combination detected,True,True,,-0.06159657663709562,0.09856320736432125,58,0.27586206896551724,0.10405880511725972,0.013663590507592418,0.03481593924221448,0.9875518672199171,287,0.3015388142716173,0.02616632893143767,0.05931514135827436,True,0.03714082578367306,0.6274526482412547,4,428,"{'signal_quality': 0.03481593924221448, 'cost_adjusted_quality': 0.03406209220653544, 'turnover': 0.3015388142716173, 'worst_time_block_quality': 0.03714082578367306, 'stability': 0.6274526482412547, 'concentration': 0.02616632893143767, 'benchmark_increment': 0.031242059360299144, 'complexity': 4.0, 'behaviour_novelty': 1.0}",True,[],0.22210332255944684,3,0.03481593924221448,0.03406209220653544,0.3015388142716173,0.03714082578367306,0.6274526482412547,0.02616632893143767,0.031242059360299144,4.0,1.0,,,
b1s_rx_ucb_0223,rx_ucb,"CSRank(Add(CSRank(Sub($m1_first5_last_return_vs_open,Delta($high,2))),Mul(Sign($amount_yuan),0.026)))","CSRank(Add(CSRank(Sub($m1_first5_last_return_vs_open,Delta($high,2))),Mul(Sign($amount_yuan),0.026)))",2e1f99c1234c774d2052d2d20582f51586316a58e18db5b19eda8376c42af433,2e1f99c1234c774d2052d2d20582f51586316a58e18db5b19eda8376c42af433,b1s/rx_ucb:adaptive:0223,b1s_rx_ucb_0051,adaptive,ephemeral_rx_ucb_information_gain,firstn_mean_reversion,mixed,rx_ucb:firstn_intraday_path:mean_reversion,rx_ucb:firstn_intraday_path:mean_reversion:mixed,"['amount_yuan', 'high', 'm1_first5_last_return_vs_open']",9209,,,development,firstn_intraday_path,mean_reversion,8,9302089,"{'firstn': 'm1_first5_last_return_vs_open', 'raw': 'high', 'window': 2}",root_sample,allow,no blocked field/primitive combination detected,True,True,,0.06627985995722943,0.0898489646870269,58,0.7931034482758621,0.08483859892212897,0.011139853793281458,0.04444574652239777,0.983402489626556,228,0.16887338333183297,0.027490421818435282,0.06355679149732978,True,0.023664045969732032,0.4672585996255082,4,308,"{'signal_quality': 0.04444574652239777, 'cost_adjusted_quality': 0.04402356306406819, 'turnover': 0.16887338333183297, 'worst_time_block_quality': 0.023664045969732032, 'stability': 0.4672585996255082, 'concentration': 0.027490421818435282, 'benchmark_increment': 0.03548370949935456, 'complexity': 8.0, 'behaviour_novelty': 1.0}",True,[],0.2186566604901346,3,0.04444574652239777,0.04402356306406819,0.16887338333183297,0.023664045969732032,0.4672585996255082,0.027490421818435282,0.03548370949935456,8.0,1.0,b1s_rx_ucb_0051,1.4846169525786022,0.3333333333333333
b1s_firstn_intraday_path_0203,firstn_intraday_path,"CSRank(Mul($m1_first15_last_return_vs_open,Sign(Delta($ret_1m,5))))","CSRank(Mul($m1_first15_last_return_vs_open,Sign(Delta($ret_1m,5))))",8c1db5d75322d60732f99e7017e6f75647267d0cea9ecd09690d0ac8d2615ece,8c1db5d75322d60732f99e7017e6f75647267d0cea9ecd09690d0ac8d2615ece,b1s/firstn_intraday_path:fixed:0203,,fixed,frozen_nonadaptive,firstn_signed_path,mixed,firstn_intraday_path:firstn_intraday_path:signed_path,firstn_intraday_path:firstn_intraday_path:signed_path:mixed,"['m1_first15_last_return_vs_open', 'ret_1m']",9201,,,development,firstn_intraday_path,signed_path,6,9284011,"{'firstn': 'm1_first15_last_return_vs_open', 'raw': 'ret_1m', 'window': 5}",root_sample,allow,no blocked field/primitive combination detected,True,True,,-0.05773073351868332,0.08239269281646067,55,0.2727272727272727,0.086408023598606,0.011651255525180149,0.03489427268933022,0.941908713692946,197,0.3349685123463408,0.027490421812998204,0.051633589475592094,True,0.030812129400588948,0.6801757767538467,4,189,"{'signal_quality': 0.03489427268933022, 'cost_adjusted_quality': 0.03405685140846437, 'turnover': 0.3349685123463408, 'worst_time_block_quality': 0.030812129400588948, 'stability': 0.6801757767538467, 'concentration': 0.027490421812998204, 'benchmark_increment': 0.023560507477616874, 'complexity': 6.0, 'behaviour_novelty': 1.0}",True,[],0.21385643662443787,3,0.03489427268933022,0.03405685140846437,0.3349685123463408,0.030812129400588948,0.6801757767538467,0.027490421812998204,0.023560507477616874,6.0,1.0,,,
b1s_temporal_program_0585,temporal_program,"CSRank(Acceleration($vwap,5))","CSRank(Acceleration($vwap,5))",6214df46b5792f8f2b60e1aae0c743a8ac96dca7992f0bf858ec780207f1c20c,6214df46b5792f8f2b60e1aae0c743a8ac96dca7992f0bf858ec780207f1c20c,b1s/temporal_program:fixed:0585,,fixed,frozen_nonadaptive,acceleration,raw_1min,temporal_program:temporal_program:acceleration,temporal_program:temporal_program:acceleration:raw_1min,['vwap'],9202,,,development,temporal_program,acceleration,4,9285402,"{'field': 'vwap', 'other': 'sell_volume', 'window': 5, 'state': 'ctx_sent_zb_num'}",root_sample,allow,no blocked field/primitive combination detected,True,True,,-0.06270652307796573,0.08828792074212115,57,0.19298245614035087,0.0905108174188601,0.01198845063356866,0.039209159836171154,0.9296622867680959,2424,0.2512147501869979,0.02081801884100833,0.05635214408011295,True,0.029797153442749837,0.571974793843316,4,282,"{'signal_quality': 0.039209159836171154, 'cost_adjusted_quality': 0.03858112296070366, 'turnover': 0.2512147501869979, 'worst_time_block_quality': 0.029797153442749837, 'stability': 0.571974793843316, 'concentration': 0.02081801884100833, 'benchmark_increment': 0.02827906208213773, 'complexity': 4.0, 'behaviour_novelty': 0.5}",True,[],0.1952907220570362,3,0.039209159836171154,0.03858112296070366,0.2512147501869979,0.029797153442749837,0.571974793843316,0.02081801884100833,0.02827906208213773,4.0,0.5,,,
b1s_temporal_program_0555,temporal_program,"CSRank(Acceleration($high,5))","CSRank(Acceleration($high,5))",ad7f1ac7533d22075133e41e0f3606846272dd2248bf2e365e8682613710d8fa,ad7f1ac7533d22075133e41e0f3606846272dd2248bf2e365e8682613710d8fa,b1s/temporal_program:fixed:0555,,fixed,frozen_nonadaptive,acceleration,raw_1min,temporal_program:temporal_program:acceleration,temporal_program:temporal_program:acceleration:raw_1min,['high'],9202,,,development,temporal_program,acceleration,4,9285372,"{'field': 'high', 'other': 'price_spread', 'window': 5, 'state': 'evt_uplimit_active'}",root_sample,allow,no blocked field/primitive combination detected,True,True,,-0.07204767341295933,0.0919526341725855,57,0.24561403508771928,0.0934453440125993,0.012377138176176201,0.047788482587653974,0.979253112033195,286,0.244688648826621,0.02731630335703724,0.06820048007212334,True,0.026356535123491367,0.5104296125221663,4,43,"{'signal_quality': 0.047788482587653974, 'cost_adjusted_quality': 0.04717676096558742, 'turnover': 0.244688648826621, 'worst_time_block_quality': 0.026356535123491367, 'stability': 0.5104296125221663, 'concentration': 0.02731630335703724, 'benchmark_increment': 0.04012739807414813, 'complexity': 4.0, 'behaviour_novelty': 0.07692307692307693}",True,[],0.18892852980512165,3,0.047788482587653974,0.04717676096558742,0.244688648826621,0.026356535123491367,0.5104296125221663,0.02731630335703724,0.04012739807414813,4.0,0.07692307692307693,,,
b1s_orthogonal_exile_0032,orthogonal_exile,"CSRank(SafeCSResidual($volume,$ctx_rzrq_rzye,20,5,0.6))","CSRank(SafeCSResidual($volume,$ctx_rzrq_rzye,20,5,0.6))",19f83eb00107e74933aa2d770cb7fdcc3b60dedf21497be320a67865f7fb7a5f,19f83eb00107e74933aa2d770cb7fdcc3b60dedf21497be320a67865f7fb7a5f,b1s/orthogonal_exile:fixed:0032,,fixed,frozen_nonadaptive,level_residual,mixed,orthogonal_exile:orthogonal_exile:level_residual,orthogonal_exile:orthogonal_exile:level_residual:mixed,"['ctx_rzrq_rzye', 'volume']",9205,,,development,orthogonal_exile,level_residual,4,9287876,"{'raw': 'volume', 'other': 'trade_count', 'context': 'ctx_rzrq_rzye', 'window': 8}",root_sample,allow,no blocked field/primitive combination detected,True,True,,-0.06135405214738387,0.10752891220413664,59,0.3898305084745763,0.11698279672639332,0.015229862909300234,0.03150352084515541,0.7291666666666666,105,0.1941005305846828,0.03740031914431572,0.04399781876186939,True,0.026434100457283893,0.43359713219673335,4,231,"{'signal_quality': 0.03150352084515541, 'cost_adjusted_quality': 0.031018269518693704, 'turnover': 0.1941005305846828, 'worst_time_block_quality': 0.026434100457283893, 'stability': 0.43359713219673335, 'concentration': 0.03740031914431572, 'benchmark_increment': 0.01592473676389417, 'complexity': 4.0, 'behaviour_novelty': 1.0}",True,[],0.18270675186495505,3,0.03150352084515541,0.031018269518693704,0.1941005305846828,0.026434100457283893,0.43359713219673335,0.03740031914431572,0.01592473676389417,4.0,1.0,,,
b1s_firstn_intraday_path_0001,firstn_intraday_path,"CSRank(Sub($m1_first30_vwap_return_vs_open,Delta($low,5)))","CSRank(Sub($m1_first30_vwap_return_vs_open,Delta($low,5)))",dd424d80c663acfaf27f5639dfef8c12fdbf14c1505d9b51dd3d9ed1c7302fd0,dd424d80c663acfaf27f5639dfef8c12fdbf14c1505d9b51dd3d9ed1c7302fd0,b1s/firstn_intraday_path:fixed:0001,,fixed,frozen_nonadaptive,firstn_mean_reversion,mixed,firstn_intraday_path:firstn_intraday_path:mean_reversion,firstn_intraday_path:firstn_intraday_path:mean_reversion:mixed,"['low', 'm1_first30_vwap_return_vs_open']",9201,,,development,firstn_intraday_path,mean_reversion,5,9283809,"{'firstn': 'm1_first30_vwap_return_vs_open', 'raw': 'low', 'window': 5}",root_sample,allow,no blocked field/primitive combination detected,True,True,,0.05555996959092944,0.09871458945593554,51,0.6862745098039216,0.11085012297603167,0.015522121951539283,0.025136610565912446,0.8796680497925311,144,0.1201308439402969,0.0274904218193889,0.044689036184649714,True,0.0207355712735738,0.5231949133748095,4,137,"{'signal_quality': 0.025136610565912446, 'cost_adjusted_quality': 0.024836283456061703, 'turnover': 0.1201308439402969, 'worst_time_block_quality': 0.0207355712735738, 'stability': 0.5231949133748095, 'concentration': 0.0274904218193889, 'benchmark_increment': 0.016615954186674494, 'complexity': 5.0, 'behaviour_novelty': 1.0}",True,[],0.17547842452504497,3,0.025136610565912446,0.024836283456061703,0.1201308439402969,0.0207355712735738,0.5231949133748095,0.0274904218193889,0.016615954186674494,5.0,1.0,,,
b1s_typed_ast_0042,typed_ast,"CSRank(Add(CSRank(Sub($m1_first15_last_return_vs_open,Mean($high,30))),CSRank($amount_yuan)))","CSRank(Add(CSRank(Sub($m1_first15_last_return_vs_open,Mean($high,30))),CSRank($amount_yuan)))",2f357c3f1b57c8eb4e242cc63835dabcb3e8a08cf20c9710ce59109304808063,2f357c3f1b57c8eb4e242cc63835dabcb3e8a08cf20c9710ce59109304808063,b1s/typed_ast:fixed:0042,,fixed,frozen_nonadaptive,typed_ast_opening_gap_rank_level,mixed,typed_ast:firstn_intraday_path__static_cross_sectional:opening_gap__rank_level,typed_ast:firstn_intraday_path__static_cross_sectional:opening_gap__rank_level:mixed,"['amount_yuan', 'high', 'm1_first15_last_return_vs_open']",9207,,,development,firstn_intraday_path__static_cross_sectional,opening_gap__rank_level,10,41,"{'left_expression': 'CSRank(Sub($m1_first15_last_return_vs_open,Mean($high,30)))', 'right_expression': 'CSRank($amount_yuan)', 'operator': 'Add'}",root_sample,allow,no blocked field/primitive combination detected,True,True,,-0.05799641349326454,0.0974579893805259,51,0.3333333333333333,0.10823747332304327,0.015156277823977049,0.02829010895826952,0.8796680497925311,287,0.15635125065059804,0.02703770005977089,0.04664876241407332,True,0.016085043503203722,0.5368785459023375,4,482,"{'signal_quality': 0.02829010895826952, 'cost_adjusted_quality': 0.027899230831643026, 'turnover': 0.15635125065059804, 'worst_time_block_quality': 0.016085043503203722, 'stability': 0.5368785459023375, 'concentration': 0.02703770005977089, 'benchmark_increment': 0.0185756804160981, 'complexity': 10.0, 'behaviour_novelty': 1.0}",True,[],0.1733149784370229,3,0.02829010895826952,0.027899230831643026,0.15635125065059804,0.016085043503203722,0.5368785459023375,0.02703770005977089,0.0185756804160981,10.0,1.0,,,
b1s_firstn_intraday_path_0221,firstn_intraday_path,"CSRank(Sub($m1_first30_last_return_vs_open,Delta($ret_1m,5)))","CSRank(Sub($m1_first30_last_return_vs_open,Delta($ret_1m,5)))",66d1ffb23c4557d34d0a3487174da399e767b5f2ac530687938170ca73344e06,66d1ffb23c4557d34d0a3487174da399e767b5f2ac530687938170ca73344e06,b1s/firstn_intraday_path:fixed:0221,,fixed,frozen_nonadaptive,firstn_mean_reversion,mixed,firstn_intraday_path:firstn_intraday_path:mean_reversion,firstn_intraday_path:firstn_intraday_path:mean_reversion:mixed,"['m1_first30_last_return_vs_open', 'ret_1m']",9201,,,development,firstn_intraday_path,mean_reversion,5,9284029,"{'firstn': 'm1_first30_last_return_vs_open', 'raw': 'ret_1m', 'window': 5}",root_sample,allow,no blocked field/primitive combination detected,True,True,,0.05800407689864857,0.08647843225244803,51,0.7058823529411765,0.08893568800963891,0.012453487267922603,0.033595241853520266,0.8796680497925311,160,0.05931187269394102,0.027490421820295066,0.04665492638793843,True,0.02644857511319585,0.6401354723257626,4,85,"{'signal_quality': 0.033595241853520266, 'cost_adjusted_quality': 0.033446962171785416, 'turnover': 0.05931187269394102, 'worst_time_block_quality': 0.02644857511319585, 'stability': 0.6401354723257626, 'concentration': 0.027490421820295066, 'benchmark_increment': 0.01858184438996321, 'complexity': 5.0, 'behaviour_novelty': 0.125}",True,[],0.1718111301729202,3,0.033595241853520266,0.033446962171785416,0.05931187269394102,0.02644857511319585,0.6401354723257626,0.027490421820295066,0.01858184438996321,5.0,0.125,,,
b1s_temporal_program_0330,temporal_program,"CSRank(PathShape($low,2))","CSRank(PathShape($low,2))",c746573d07f94f626903cff0b93f0b5de3d7bbc9cf8dfaa328032e45297ce85e,c746573d07f94f626903cff0b93f0b5de3d7bbc9cf8dfaa328032e45297ce85e,b1s/temporal_program:fixed:0330,,fixed,frozen_nonadaptive,pathshape,raw_1min,temporal_program:temporal_program:pathshape,temporal_program:temporal_program:pathshape:raw_1min,['low'],9202,,,development,temporal_program,pathshape,4,9285147,"{'field': 'low', 'other': 'high', 'window': 2, 'state': 'ctx_zls_strong'}",root_sample,allow,no blocked field/primitive combination detected,True,True,,-0.05991699365766396,0.08783781217481625,58,0.2413793103448276,0.09164164778093567,0.012033137871501771,0.03633204342952049,0.995850622406639,202,0.26756692587104436,0.024282806597880402,0.058182622541147914,True,0.01510755796943228,0.5413851516417871,4,405,"{'signal_quality': 0.03633204342952049, 'cost_adjusted_quality': 0.03566312611484288, 'turnover': 0.26756692587104436, 'worst_time_block_quality': 0.01510755796943228, 'stability': 0.5413851516417871, 'concentration': 0.024282806597880402, 'benchmark_increment': 0.030109540543172695, 'complexity': 4.0, 'behaviour_novelty': 0.5}",True,[],0.17142643049139233,3,0.03633204342952049,0.03566312611484288,0.26756692587104436,0.01510755796943228,0.5413851516417871,0.024282806597880402,0.030109540543172695,4.0,0.5,,,
b1s_firstn_intraday_path_0226,firstn_intraday_path,"CSRank(Sub($m1_first30_vwap_return_vs_open,Delta($ret_1m,5)))","CSRank(Sub($m1_first30_vwap_return_vs_open,Delta($ret_1m,5)))",bd90f528cf6919110727d33ff7c6606dbda8c79da77701097ac1be3d73206c2b,bd90f528cf6919110727d33ff7c6606dbda8c79da77701097ac1be3d73206c2b,b1s/firstn_intraday_path:fixed:0226,,fixed,frozen_nonadaptive,firstn_mean_reversion,mixed,firstn_intraday_path:firstn_intraday_path:mean_reversion,firstn_intraday_path:firstn_intraday_path:mean_reversion:mixed,"['m1_first30_vwap_return_vs_open', 'ret_1m']",9201,,,development,firstn_intraday_path,mean_reversion,5,9284034,"{'firstn': 'm1_first30_vwap_return_vs_open', 'raw': 'ret_1m', 'window': 5}",root_sample,allow,no blocked field/primitive combination detected,True,True,,0.05608538803092114,0.08293351768683534,51,0.7254901960784313,0.08456751031300339,0.011841820044713196,0.03287542074328328,0.8796680497925311,150,0.06897613296785263,0.027490421819502172,0.045111650593004336,True,0.027535191447877656,0.6372010195174445,4,90,"{'signal_quality': 0.03287542074328328, 'cost_adjusted_quality': 0.03270298041086365, 'turnover': 0.06897613296785263, 'worst_time_block_quality': 0.027535191447877656, 'stability': 0.6372010195174445, 'concentration': 0.027490421819502172, 'benchmark_increment': 0.017038568595029117, 'complexity': 5.0, 'behaviour_novelty': 0.09090909090909091}",True,[],0.16803798515366739,3,0.03287542074328328,0.03270298041086365,0.06897613296785263,0.027535191447877656,0.6372010195174445,0.027490421819502172,0.017038568595029117,5.0,0.09090909090909091,,,
b1s_orthogonal_exile_0176,orthogonal_exile,"CSRank(SafeCSResidual($volume,$ctx_rzrq_rzjme,20,5,0.6))","CSRank(SafeCSResidual($volume,$ctx_rzrq_rzjme,20,5,0.6))",d0a4d621b2f56fe98086cf4f02f7c112b70173d0e81c3848d705453d388210ce,d0a4d621b2f56fe98086cf4f02f7c112b70173d0e81c3848d705453d388210ce,b1s/orthogonal_exile:fixed:0176,,fixed,frozen_nonadaptive,level_residual,mixed,orthogonal_exile:orthogonal_exile:level_residual,orthogonal_exile:orthogonal_exile:level_residual:mixed,"['ctx_rzrq_rzjme', 'volume']",9205,,,development,orthogonal_exile,level_residual,4,9288020,"{'raw': 'volume', 'other': 'open', 'context': 'ctx_rzrq_rzjme', 'window': 2}",root_sample,allow,no blocked field/primitive combination detected,True,True,,-0.06879842444756983,0.11272060869734077,59,0.3220338983050847,0.12701558152674178,0.016536020236562563,0.0363878247839072,0.7291666666666666,105,0.18441421148936368,0.03740031914431572,0.049336278599414585,True,0.026027772046206776,0.37426898138522535,4,255,"{'signal_quality': 0.0363878247839072, 'cost_adjusted_quality': 0.03592678925518379, 'turnover': 0.18441421148936368, 'worst_time_block_quality': 0.026027772046206776, 'stability': 0.37426898138522535, 'concentration': 0.03740031914431572, 'benchmark_increment': 0.021263196601439365, 'complexity': 4.0, 'behaviour_novelty': 0.5}",True,[],0.1652040380356888,3,0.0363878247839072,0.03592678925518379,0.18441421148936368,0.026027772046206776,0.37426898138522535,0.03740031914431572,0.021263196601439365,4.0,0.5,,,
b1s_temporal_program_0085,temporal_program,"CSRank(Acceleration($low,15))","CSRank(Acceleration($low,15))",da2961aa4c779e81ca390d4675b73e924da656e53df8917c07dede07e21af977,da2961aa4c779e81ca390d4675b73e924da656e53df8917c07dede07e21af977,b1s/temporal_program:fixed:0085,,fixed,frozen_nonadaptive,acceleration,raw_1min,temporal_program:temporal_program:acceleration,temporal_program:temporal_program:acceleration:raw_1min,['low'],9202,,,development,temporal_program,acceleration,4,9284902,"{'field': 'low', 'other': 'high', 'window': 15, 'state': 'ctx_zls_strong'}",root_sample,allow,no blocked field/primitive combination detected,True,True,,-0.04686198014887511,0.09232181813822019,55,0.38181818181818183,0.10945150063587404,0.014758437335020346,0.017935442972235233,0.9377593360995851,278,0.155946287872287,0.027490421810422966,0.04172808549625418,True,0.02962192571450791,0.556606423255801,4,313,"{'signal_quality': 0.017935442972235233, 'cost_adjusted_quality': 0.017545577252554515, 'turnover': 0.155946287872287, 'worst_time_block_quality': 0.02962192571450791, 'stability': 0.556606423255801, 'concentration': 0.027490421810422966, 'benchmark_increment': 0.013655003498278962, 'complexity': 4.0, 'behaviour_novelty': 0.5}",True,[],0.14421954280776084,3,0.017935442972235233,0.017545577252554515,0.155946287872287,0.02962192571450791,0.556606423255801,0.027490421810422966,0.013655003498278962,4.0,0.5,,,
b1s_firstn_intraday_path_0063,firstn_intraday_path,"CSRank(Mul($m1_first5_range,Sign(Delta($vwap,5))))","CSRank(Mul($m1_first5_range,Sign(Delta($vwap,5))))",10742b3d4e2dbc193346adaf91cc0dcc8dd92fe0d1028269af7220f32b2b4ce5,10742b3d4e2dbc193346adaf91cc0dcc8dd92fe0d1028269af7220f32b2b4ce5,b1s/firstn_intraday_path:fixed:0063,,fixed,frozen_nonadaptive,firstn_signed_path,mixed,firstn_intraday_path:firstn_intraday_path:signed_path,firstn_intraday_path:firstn_intraday_path:signed_path:mixed,"['m1_first5_range', 'vwap']",9201,,,development,firstn_intraday_path,signed_path,6,9283871,"{'firstn': 'm1_first5_range', 'raw': 'vwap', 'window': 5}",root_sample,allow,no blocked field/primitive combination detected,True,True,,-0.048867497922404204,0.08881988984458593,57,0.3684210526315789,0.10111208334223994,0.01339262260770542,0.02261795761130158,0.9578434762563394,1695,0.14745018506825316,0.020684666147356236,0.045246725950668434,True,0.016898038690880777,0.5289466920442278,4,160,"{'signal_quality': 0.02261795761130158, 'cost_adjusted_quality': 0.022249332148630948, 'turnover': 0.14745018506825316, 'worst_time_block_quality': 0.016898038690880777, 'stability': 0.5289466920442278, 'concentration': 0.020684666147356236, 'benchmark_increment': 0.017173643952693215, 'complexity': 6.0, 'behaviour_novelty': 0.5}",True,[],0.139726881565376,3,0.02261795761130158,0.022249332148630948,0.14745018506825316,0.016898038690880777,0.5289466920442278,0.020684666147356236,0.017173643952693215,6.0,0.5,,,
b1s_evolutionary_0020,evolutionary,"CSRank(Add(CSRank(Acceleration($low,3)),Mul(Sign($low),0.012)))","CSRank(Add(CSRank(Acceleration($low,3)),Mul(Sign($low),0.012)))",db54137cd4624f0d6445ff76246fd31bb0a619f18d40db84e3ad7e539ff0472d,db54137cd4624f0d6445ff76246fd31bb0a619f18d40db84e3ad7e539ff0472d,b1s/evolutionary:control:0020,,control,matched_nonadaptive_control,acceleration,raw_1min,evolutionary:temporal_program:acceleration,evolutionary:temporal_program:acceleration:raw_1min,['low'],9211,,,development,temporal_program,acceleration,4,9293902,"{'field': 'low', 'other': 'high', 'window': 3, 'state': 'ctx_zls_strong'}",root_sample,allow,no blocked field/primitive combination detected,True,True,,-0.03979832198815879,0.08566874256362982,58,0.3103448275862069,0.09106753907628742,0.011957753705420694,0.016361124725534228,0.9875518672199171,287,0.2971612995436836,0.025647960698299152,0.0383242579933914,True,0.022831429313271326,0.6975038647494094,4,53,"{'signal_quality': 0.016361124725534228, 'cost_adjusted_quality': 0.015618221476675019, 'turnover': 0.2971612995436836, 'worst_time_block_quality': 0.022831429313271326, 'stability': 0.6975038647494094, 'concentration': 0.025647960698299152, 'benchmark_increment': 0.010251175995416178, 'complexity': 4.0, 'behaviour_novelty': 0.5}",True,[],0.1391537525825698,3,0.016361124725534228,0.015618221476675019,0.2971612995436836,0.022831429313271326,0.6975038647494094,0.025647960698299152,0.010251175995416178,4.0,0.5,,,
b1s_typed_ast_0063,typed_ast,"CSRank(Sub(CSRank(Sub($m1_first15_vwap_return_vs_open,Delta($high,30))),CSRank(Div(Sub($ret_1m,$vwap),Add(Abs($ret_1m),0.000001)))))","CSRank(Sub(CSRank(Sub($m1_first15_vwap_return_vs_open,Delta($high,30))),CSRank(Div(Sub($ret_1m,$vwap),Add(Abs($ret_1m),0.000001)))))",4cbe14eb8adda08893ba5d726d66cfdbaa6978af216dfef5f8f3843438a92424,4cbe14eb8adda08893ba5d726d66cfdbaa6978af216dfef5f8f3843438a92424,b1s/typed_ast:fixed:0063,,fixed,frozen_nonadaptive,typed_ast_mean_reversion_simple_nonlinear,mixed,typed_ast:firstn_intraday_path__static_cross_sectional:mean_reversion__simple_nonlinear,typed_ast:firstn_intraday_path__static_cross_sectional:mean_reversion__simple_nonlinear:mixed,"['high', 'm1_first15_vwap_return_vs_open', 'ret_1m', 'vwap']",9207,,,development,firstn_intraday_path__static_cross_sectional,mean_reversion__simple_nonlinear,14,62,"{'left_expression': 'CSRank(Sub($m1_first15_vwap_return_vs_open,Delta($high,30)))', 'right_expression': 'CSRank(Div(Sub($ret_1m,$vwap),Add(Abs($ret_1m),0.000001)))', 'operator': 'Sub'}",root_sample,allow,no blocked field/primitive combination detected,True,True,,0.04454097401434212,0.08725660131420535,51,0.5882352941176471,0.10045009514356552,0.01406582676682535,0.016971953551364438,0.861802674043338,1347,0.20485871413103593,0.022517749965279433,0.03509843221463757,True,0.01887846742429541,0.47159033299592323,4,490,"{'signal_quality': 0.016971953551364438, 'cost_adjusted_quality': 0.01645980676603685, 'turnover': 0.20485871413103593, 'worst_time_block_quality': 0.01887846742429541, 'stability': 0.47159033299592323, 'concentration': 0.022517749965279433, 'benchmark_increment': 0.007025350216662351, 'complexity': 14.0, 'behaviour_novelty': 1.0}",True,[],0.1322884502566663,3,0.016971953551364438,0.01645980676603685,0.20485871413103593,0.01887846742429541,0.47159033299592323,0.022517749965279433,0.007025350216662351,14.0,1.0,,,
b1s_firstn_intraday_path_0081,firstn_intraday_path,"CSRank(Sub($m1_first15_range,Delta($vwap,5)))","CSRank(Sub($m1_first15_range,Delta($vwap,5)))",f2296d11c73bfcb666669bf0b9e469f50302141e0f95cb88c8e8358f5c21808e,f2296d11c73bfcb666669bf0b9e469f50302141e0f95cb88c8e8358f5c21808e,b1s/firstn_intraday_path:fixed:0081,,fixed,frozen_nonadaptive,firstn_mean_reversion,mixed,firstn_intraday_path:firstn_intraday_path:mean_reversion,firstn_intraday_path:firstn_intraday_path:mean_reversion:mixed,"['m1_first15_range', 'vwap']",9201,,,development,firstn_intraday_path,mean_reversion,5,9283889,"{'firstn': 'm1_first15_range', 'raw': 'vwap', 'window': 5}",root_sample,allow,no blocked field/primitive combination detected,True,True,,0.03854865783334267,0.08329203888140521,55,0.5818181818181818,0.10322711815928946,0.01391914177309396,0.011267139958078511,0.9205567081604425,1539,0.12253817128102035,0.020407331545620893,0.03369583601350417,True,0.02271667434465584,0.5219230813609308,4,165,"{'signal_quality': 0.011267139958078511, 'cost_adjusted_quality': 0.01096079452987596, 'turnover': 0.12253817128102035, 'worst_time_block_quality': 0.02271667434465584, 'stability': 0.5219230813609308, 'concentration': 0.020407331545620893, 'benchmark_increment': 0.00562275401552895, 'complexity': 5.0, 'behaviour_novelty': 0.5}",True,[],0.11597853031742723,3,0.011267139958078511,0.01096079452987596,0.12253817128102035,0.02271667434465584,0.5219230813609308,0.020407331545620893,0.00562275401552895,5.0,0.5,,,
b1s_orthogonal_exile_0036,orthogonal_exile,"CSRank(SafeCSResidual($amount_yuan,$ctx_rzrq_rzye,20,5,0.6))","CSRank(SafeCSResidual($amount_yuan,$ctx_rzrq_rzye,20,5,0.6))",a0fab42cdb126406e3240993a87122995c380fcd70ca39eec7751dab404fecfc,a0fab42cdb126406e3240993a87122995c380fcd70ca39eec7751dab404fecfc,b1s/orthogonal_exile:fixed:0036,,fixed,frozen_nonadaptive,level_residual,mixed,orthogonal_exile:orthogonal_exile:level_residual,orthogonal_exile:orthogonal_exile:level_residual:mixed,"['amount_yuan', 'ctx_rzrq_rzye']",9205,,,development,orthogonal_exile,level_residual,4,9287880,"{'raw': 'amount_yuan', 'other': 'trade_count', 'context': 'ctx_rzrq_rzye', 'window': 8}",root_sample,allow,no blocked field/primitive combination detected,True,True,,-0.04422907972201454,0.08827160852108348,59,0.3220338983050847,0.10603416794480551,0.013804472851492012,0.0171723129330902,0.7291666666666666,105,0.1701352998639442,0.03740031914431572,0.031717269935795836,True,0.014124572058174018,0.22839719227358413,4,234,"{'signal_quality': 0.0171723129330902, 'cost_adjusted_quality': 0.01674697468343034, 'turnover': 0.1701352998639442, 'worst_time_block_quality': 0.014124572058174018, 'stability': 0.22839719227358413, 'concentration': 0.03740031914431572, 'benchmark_increment': 0.0036441879378206164, 'complexity': 4.0, 'behaviour_novelty': 1.0}",True,[],0.11336028751098279,3,0.0171723129330902,0.01674697468343034,0.1701352998639442,0.014124572058174018,0.22839719227358413,0.03740031914431572,0.0036441879378206164,4.0,1.0,,,
b1s_orthogonal_exile_0180,orthogonal_exile,"CSRank(SafeCSResidual($amount_yuan,$ctx_rzrq_rzjme,20,5,0.6))","CSRank(SafeCSResidual($amount_yuan,$ctx_rzrq_rzjme,20,5,0.6))",10809f923967535cb199c16f4e43e559e08ff4f3b82949dc8c30365b4a2feff2,10809f923967535cb199c16f4e43e559e08ff4f3b82949dc8c30365b4a2feff2,b1s/orthogonal_exile:fixed:0180,,fixed,frozen_nonadaptive,level_residual,mixed,orthogonal_exile:orthogonal_exile:level_residual,orthogonal_exile:orthogonal_exile:level_residual:mixed,"['amount_yuan', 'ctx_rzrq_rzjme']",9205,,,development,orthogonal_exile,level_residual,4,9288024,"{'raw': 'amount_yuan', 'other': 'open', 'context': 'ctx_rzrq_rzjme', 'window': 2}",root_sample,allow,no blocked field/primitive combination detected,True,True,,-0.05853624542920774,0.11498930295023355,59,0.3220338983050847,0.13176465415026414,0.017154296829587783,0.024913823643215684,0.7291666666666666,105,0.1560362824887806,0.03740031914431572,0.04197713153823704,True,0.012850950313322066,0.3343627585953064,4,257,"{'signal_quality': 0.024913823643215684, 'cost_adjusted_quality': 0.024523732936993732, 'turnover': 0.1560362824887806, 'worst_time_block_quality': 0.012850950313322066, 'stability': 0.3343627585953064, 'concentration': 0.03740031914431572, 'benchmark_increment': 0.01390404954026182, 'complexity': 4.0, 'behaviour_novelty': 0.25}",True,[],0.10826639053752744,3,0.024913823643215684,0.024523732936993732,0.1560362824887806,0.012850950313322066,0.3343627585953064,0.03740031914431572,0.01390404954026182,4.0,0.25,,,
b1s_benchmark_competitor_0009,benchmark_competitor,"CSRank(ZScore(Mean(Abs(Delta($vwap,1)),3)))","CSRank(ZScore(Mean(Abs(Delta($vwap,1)),3)))",86aba119db8a080924ef42cf3b9dc8d26b727ee5a5f865522f289b22c415558a,86aba119db8a080924ef42cf3b9dc8d26b727ee5a5f865522f289b22c415558a,b1s/benchmark_competitor:fixed:0009,,fixed,frozen_nonadaptive,benchmark_x0_r3,raw_1min,benchmark_competitor:benchmark_x0_r3,benchmark_competitor:benchmark_x0_r3:raw_1min,['vwap'],9214,x0_r3,,development,benchmark_competitor,benchmark_x0_r3,7,8,{},root_sample,allow,no blocked field/primitive combination detected,True,True,,-0.024274208167336716,0.09264011614876254,58,0.4482758620689655,0.11612449430795971,0.015247893115217345,0.0,0.9495735361917934,2212,0.11834485363489429,0.020982730792659207,0.02247619306669045,True,0.007495374236075791,0.5018326647874033,4,8,"{'signal_quality': 0.0, 'cost_adjusted_quality': -0.0002958621340872357, 'turnover': 0.11834485363489429, 'worst_time_block_quality': 0.007495374236075791, 'stability': 0.5018326647874033, 'concentration': 0.020982730792659207, 'benchmark_increment': -0.005596888931284769, 'complexity': 7.0, 'behaviour_novelty': 1.0}",True,[],0.09110879833695365,3,0.0,-0.0002958621340872357,0.11834485363489429,0.007495374236075791,0.5018326647874033,0.020982730792659207,-0.005596888931284769,7.0,1.0,,,
b1s_benchmark_competitor_0001,benchmark_competitor,"CSRank(ZScore(Mean(Abs(Delta($vwap,1)),2)))","CSRank(ZScore(Mean(Abs(Delta($vwap,1)),2)))",8d7553ce02da675a0746d536e37e5d8a3455b061396f017d8be7867326ed8e11,8d7553ce02da675a0746d536e37e5d8a3455b061396f017d8be7867326ed8e11,b1s/benchmark_competitor:fixed:0001,,fixed,frozen_nonadaptive,benchmark_x0_r3,raw_1min,benchmark_competitor:benchmark_x0_r3,benchmark_competitor:benchmark_x0_r3:raw_1min,['vwap'],9214,x0_r3,,development,benchmark_competitor,benchmark_x0_r3,7,0,{},root_sample,allow,no blocked field/primitive combination detected,True,True,,-0.02266081670085687,0.09111162895630141,58,0.41379310344827586,0.11498977016719834,0.015098896536014157,0.0,0.9598893499308437,2003,0.1599001677705368,0.020758757812971016,0.02121025111577533,True,0.0019378437671028104,0.4300017513777058,4,1,"{'signal_quality': 0.0, 'cost_adjusted_quality': -0.00039975041942634206, 'turnover': 0.1599001677705368, 'worst_time_block_quality': 0.0019378437671028104, 'stability': 0.4300017513777058, 'concentration': 0.020758757812971016, 'benchmark_increment': -0.00686283088219989, 'complexity': 7.0, 'behaviour_novelty': 1.0}",True,[],0.07559030543776354,3,0.0,-0.00039975041942634206,0.1599001677705368,0.0019378437671028104,0.4300017513777058,0.020758757812971016,-0.00686283088219989,7.0,1.0,,,
b1s_benchmark_competitor_0024,benchmark_competitor,"CSRank(Sub(ZScore(Delta($vwap,5)),ZScore(Std($ret_1m,5))))","CSRank(Sub(ZScore(Delta($vwap,5)),ZScore(Std($ret_1m,5))))",6c03a28731be3765b2dab4990170c9f6ecaddca0c3df9045284bbc0e315b6b13,6c03a28731be3765b2dab4990170c9f6ecaddca0c3df9045284bbc0e315b6b13,b1s/benchmark_competitor:fixed:0024,,fixed,frozen_nonadaptive,benchmark_external_competitor_reproduction,raw_1min,benchmark_competitor:benchmark_external_competitor_reproduction,benchmark_competitor:benchmark_external_competitor_reproduction:raw_1min,"['ret_1m', 'vwap']",9214,external_competitor_reproduction,,development,benchmark_competitor,benchmark_external_competitor_reproduction,8,23,{},root_sample,allow,no blocked field/primitive combination detected,True,True,,-0.0015315016407849449,0.0982423204546095,57,0.543859649122807,0.1223191089630131,0.016201561770887565,0.0,0.9578434762563394,1581,0.11571064017340472,0.020566013142443305,0.0014180270727923985,True,0.014573420801193749,0.35065285923067835,4,18,"{'signal_quality': 0.0, 'cost_adjusted_quality': -0.0002892766004335118, 'turnover': 0.11571064017340472, 'worst_time_block_quality': 0.014573420801193749, 'stability': 0.35065285923067835, 'concentration': 0.020566013142443305, 'benchmark_increment': -0.02665505492518282, 'complexity': 8.0, 'behaviour_novelty': 1.0}",True,[],0.07174432367267641,3,0.0,-0.0002892766004335118,0.11571064017340472,0.014573420801193749,0.35065285923067835,0.020566013142443305,-0.02665505492518282,8.0,1.0,,,
b1s_benchmark_competitor_0008,benchmark_competitor,"CSRank(Sub(ZScore(Delta($vwap,2)),ZScore(Std($ret_1m,2))))","CSRank(Sub(ZScore(Delta($vwap,2)),ZScore(Std($ret_1m,2))))",638450fb562958d6fb0ec433640e39caecea581329b3b52bee1e0a55628f8611,638450fb562958d6fb0ec433640e39caecea581329b3b52bee1e0a55628f8611,b1s/benchmark_competitor:fixed:0008,,fixed,frozen_nonadaptive,benchmark_external_competitor_reproduction,raw_1min,benchmark_competitor:benchmark_external_competitor_reproduction,benchmark_competitor:benchmark_external_competitor_reproduction:raw_1min,"['ret_1m', 'vwap']",9214,external_competitor_reproduction,,development,benchmark_competitor,benchmark_external_competitor_reproduction,8,7,{},root_sample,allow,no blocked field/primitive combination detected,True,True,,-0.029708503009304818,0.08593856378949585,58,0.41379310344827586,0.10359143941357772,0.01360222238420096,0.0030481471362709366,0.9690813739050254,1663,0.22366546012338306,0.020269972621078432,0.02807308199797522,True,0.007863083780104288,0.2122744861322815,4,7,"{'signal_quality': 0.0030481471362709366, 'cost_adjusted_quality': 0.0024889834859624788, 'turnover': 0.22366546012338306, 'worst_time_block_quality': 0.007863083780104288, 'stability': 0.2122744861322815, 'concentration': 0.020269972621078432, 'benchmark_increment': 0.0, 'complexity': 8.0, 'behaviour_novelty': 1.0}",True,[],0.06573361935824623,3,0.0030481471362709366,0.0024889834859624788,0.22366546012338306,0.007863083780104288,0.2122744861322815,0.020269972621078432,0.0,8.0,1.0,,,
b1s_benchmark_competitor_0004,benchmark_competitor,"CSRank(Std($ret_1m,2))","CSRank(Std($ret_1m,2))",3e1652ffc93c2970554364ccb3ea716d4d6d36b055ed83857fa4bc6d64e27e4b,3e1652ffc93c2970554364ccb3ea716d4d6d36b055ed83857fa4bc6d64e27e4b,b1s/benchmark_competitor:fixed:0004,,fixed,frozen_nonadaptive,benchmark_volatility,raw_1min,benchmark_competitor:benchmark_volatility,benchmark_competitor:benchmark_volatility:raw_1min,['ret_1m'],9214,volatility,,development,benchmark_competitor,benchmark_volatility,4,3,{},root_sample,allow,no blocked field/primitive combination detected,True,True,,-0.018718405909008043,0.08097101887537578,58,0.41379310344827586,0.10083044069186538,0.013239685490922658,0.0,0.995850622406639,270,0.21055270656461098,0.027490421816004668,0.01817657861471331,True,0.0025722979390799708,0.253314314689024,4,3,"{'signal_quality': 0.0, 'cost_adjusted_quality': -0.0005263817664115275, 'turnover': 0.21055270656461098, 'worst_time_block_quality': 0.0025722979390799708, 'stability': 0.253314314689024, 'concentration': 0.027490421816004668, 'benchmark_increment': -0.00989650338326191, 'complexity': 4.0, 'behaviour_novelty': 1.0}",True,[],0.057212237173716096,3,0.0,-0.0005263817664115275,0.21055270656461098,0.0025722979390799708,0.253314314689024,0.027490421816004668,-0.00989650338326191,4.0,1.0,,,
b1s_static_cross_sectional_0268,static_cross_sectional,"CSRank(Div(Sub($ctx_hfq_market_cap_yuan,$low),Add(Abs($ctx_hfq_market_cap_yuan),0.000001)))","CSRank(Div(Sub($ctx_hfq_market_cap_yuan,$low),Add(Abs($ctx_hfq_market_cap_yuan),0.000001)))",d7006a7aac57d5626d0af6aa586fcec1fcce69d32c22c3b3f5df355c761b104c,d7006a7aac57d5626d0af6aa586fcec1fcce69d32c22c3b3f5df355c761b104c,b1s/static_cross_sectional:fixed:0268,,fixed,frozen_nonadaptive,simple_nonlinear,mixed,static_cross_sectional:static_cross_sectional:simple_nonlinear,static_cross_sectional:static_cross_sectional:simple_nonlinear:mixed,"['ctx_hfq_market_cap_yuan', 'low']",9200,,,development,static_cross_sectional,simple_nonlinear,7,9283067,"{'a': 'ctx_hfq_market_cap_yuan', 'b': 'low', 'window': 2, 'coefficient': 0.2}",root_sample,allow,no blocked field/primitive combination detected,True,True,,-0.03357434351001132,0.11242120249911279,59,0.3898305084745763,0.13184724894586888,0.01716504975608025,0.0,1.0,145,0.00032351149603965934,0.0274904218193889,0.03301935745856502,True,0.010379655054403636,0.4268144104818472,4,342,"{'signal_quality': 0.0, 'cost_adjusted_quality': -8.087787400991483e-07, 'turnover': 0.00032351149603965934, 'worst_time_block_quality': 0.010379655054403636, 'stability': 0.4268144104818472, 'concentration': 0.0274904218193889, 'benchmark_increment': 0.004946275460589799, 'complexity': 7.0, 'behaviour_novelty': 0.16666666666666666}",True,[],0.056016259319521165,3,0.0,-8.087787400991483e-07,0.00032351149603965934,0.010379655054403636,0.4268144104818472,0.0274904218193889,0.004946275460589799,7.0,0.16666666666666666,,,
b1s_benchmark_competitor_0016,benchmark_competitor,"CSRank(Sub(ZScore(Delta($vwap,3)),ZScore(Std($ret_1m,3))))","CSRank(Sub(ZScore(Delta($vwap,3)),ZScore(Std($ret_1m,3))))",a4e310bf2fa4a7be5a0b818706b10b6ecfb83c33d659f34664fbbddedf05cc87,a4e310bf2fa4a7be5a0b818706b10b6ecfb83c33d659f34664fbbddedf05cc87,b1s/benchmark_competitor:fixed:0016,,fixed,frozen_nonadaptive,benchmark_external_competitor_reproduction,raw_1min,benchmark_competitor:benchmark_external_competitor_reproduction,benchmark_competitor:benchmark_external_competitor_reproduction:raw_1min,"['ret_1m', 'vwap']",9214,external_competitor_reproduction,,development,benchmark_competitor,benchmark_external_competitor_reproduction,8,15,{},root_sample,allow,no blocked field/primitive combination detected,True,True,,-0.010634363044078733,0.0886092401741697,58,0.46551724137931033,0.10865065485117908,0.014266529916381235,0.0,0.9661422314430613,1519,0.1637070967629018,0.020390207036291075,0.01001847521106493,True,0.0013170358479739053,0.10159512946030708,4,13,"{'signal_quality': 0.0, 'cost_adjusted_quality': -0.0004092677419072545, 'turnover': 0.1637070967629018, 'worst_time_block_quality': 0.0013170358479739053, 'stability': 0.10159512946030708, 'concentration': 0.020390207036291075, 'benchmark_increment': -0.018054606786910288, 'complexity': 8.0, 'behaviour_novelty': 1.0}",True,[],0.035369657094463,3,0.0,-0.0004092677419072545,0.1637070967629018,0.0013170358479739053,0.10159512946030708,0.020390207036291075,-0.018054606786910288,8.0,1.0,,,
b1s_orthogonal_exile_0089,orthogonal_exile,"CSRank(SafeCSResidual(Delta($ret_1m,3),$ctx_rzrq_rzye,20,5,0.6))","CSRank(SafeCSResidual(Delta($ret_1m,3),$ctx_rzrq_rzye,20,5,0.6))",e88c98343de8e65f2c0ffa665f961a8d3d6948549057722a94b714b3ee4acb59,e88c98343de8e65f2c0ffa665f961a8d3d6948549057722a94b714b3ee4acb59,b1s/orthogonal_exile:fixed:0089,,fixed,frozen_nonadaptive,change_residual,mixed,orthogonal_exile:orthogonal_exile:change_residual,orthogonal_exile:orthogonal_exile:change_residual:mixed,"['ctx_rzrq_rzye', 'ret_1m']",9205,,,development,orthogonal_exile,change_residual,5,9287933,"{'raw': 'ret_1m', 'other': 'buy_volume', 'context': 'ctx_rzrq_rzye', 'window': 3}",root_sample,allow,no blocked field/primitive combination detected,True,True,,-0.14710065328410832,0.1632973625084533,58,0.08620689655172414,0.12037889258547584,0.015806522977002534,0.11611986824918336,0.7200899031811895,105,0.37585617991818143,0.03755615381348247,0.10328812701978111,True,0.09088877265590334,0.6838371388744086,4,246,"{'signal_quality': 0.11611986824918336, 'cost_adjusted_quality': 0.1151802277993879, 'turnover': 0.37585617991818143, 'worst_time_block_quality': 0.09088877265590334, 'stability': 0.6838371388744086, 'concentration': 0.03755615381348247, 'benchmark_increment': 0.0752150450218059, 'complexity': 5.0, 'behaviour_novelty': 1.0}",True,[],0.449384898763653,4,0.11611986824918336,0.1151802277993879,0.37585617991818143,0.09088877265590334,0.6838371388744086,0.03755615381348247,0.0752150450218059,5.0,1.0,,,
b1s_firstn_intraday_path_0228,firstn_intraday_path,"CSRank(Mul($m1_first30_range,Sign(Delta($ret_1m,5))))","CSRank(Mul($m1_first30_range,Sign(Delta($ret_1m,5))))",ce5995e72e1efb1377612dc432ebff01ef5785af2df4017325044fd615004b4c,ce5995e72e1efb1377612dc432ebff01ef5785af2df4017325044fd615004b4c,b1s/firstn_intraday_path:fixed:0228,,fixed,frozen_nonadaptive,firstn_signed_path,mixed,firstn_intraday_path:firstn_intraday_path:signed_path,firstn_intraday_path:firstn_intraday_path:signed_path:mixed,"['m1_first30_range', 'ret_1m']",9201,,,development,firstn_intraday_path,signed_path,6,9284036,"{'firstn': 'm1_first30_range', 'raw': 'ret_1m', 'window': 5}",root_sample,allow,no blocked field/primitive combination detected,True,True,,-0.1315772243192951,0.13848642243170872,51,0.0784313725490196,0.09115852871837052,0.01276474722536296,0.1065583197575837,0.8796680497925311,192,0.3449727745737188,0.027490421818029655,0.10583265941241109,True,0.07007362058168937,0.6522958497403739,4,193,"{'signal_quality': 0.1065583197575837, 'cost_adjusted_quality': 0.1056958878211494, 'turnover': 0.3449727745737188, 'worst_time_block_quality': 0.07007362058168937, 'stability': 0.6522958497403739, 'concentration': 0.027490421818029655, 'benchmark_increment': 0.07775957741443587, 'complexity': 6.0, 'behaviour_novelty': 1.0}",True,[],0.41441528761369084,4,0.1065583197575837,0.1056958878211494,0.3449727745737188,0.07007362058168937,0.6522958497403739,0.027490421818029655,0.07775957741443587,6.0,1.0,,,
b1s_evolutionary_0281,evolutionary,"CSRank(Add(CSRank(Mul($m1_first5_range,Sign(Delta($ret_1m,8)))),Mul(Sign($close),0.012)))","CSRank(Add(CSRank(Mul($m1_first5_range,Sign(Delta($ret_1m,8)))),Mul(Sign($close),0.012)))",4587c112067abd3a40c9356e27f58243cc454f6a153c1514801134df67a73835,4587c112067abd3a40c9356e27f58243cc454f6a153c1514801134df67a73835,b1s/evolutionary:adaptive:0281,b1s_evolutionary_0037,adaptive,ephemeral_evolutionary_typed_mutation,firstn_signed_path,mixed,evolutionary:firstn_intraday_path:signed_path,evolutionary:firstn_intraday_path:signed_path:mixed,"['close', 'm1_first5_range', 'ret_1m']",9211,,,development,firstn_intraday_path,signed_path,9,18589826,"{'firstn': 'm1_first5_range', 'raw': 'ret_1m', 'window': 8}",window_shift,allow,no blocked field/primitive combination detected,True,True,,-0.1105713200022498,0.11857764258254935,57,0.10526315789473684,0.07984588787424206,0.010575846206802103,0.08984266143691767,0.966804979253112,206,0.3406646196461754,0.027490421822226125,0.10333653214230455,True,0.06253650543287692,0.7354712089029591,4,119,"{'signal_quality': 0.08984266143691767, 'cost_adjusted_quality': 0.08899099988780224, 'turnover': 0.3406646196461754, 'worst_time_block_quality': 0.06253650543287692, 'stability': 0.7354712089029591, 'concentration': 0.027490421822226125, 'benchmark_increment': 0.07526345014432934, 'complexity': 9.0, 'behaviour_novelty': 1.0}",True,[],0.382251894355052,4,0.08984266143691767,0.08899099988780224,0.3406646196461754,0.06253650543287692,0.7354712089029591,0.027490421822226125,0.07526345014432934,9.0,1.0,b1s_evolutionary_0037,,
b1s_firstn_intraday_path_0218,firstn_intraday_path,"CSRank(Mul($m1_first30_last_return_vs_open,Sign(Delta($ret_1m,5))))","CSRank(Mul($m1_first30_last_return_vs_open,Sign(Delta($ret_1m,5))))",e3b53410052ebfc81e10dfd01e9fb15dc4f8976a140803070b330e3c731a1ca1,e3b53410052ebfc81e10dfd01e9fb15dc4f8976a140803070b330e3c731a1ca1,b1s/firstn_intraday_path:fixed:0218,,fixed,frozen_nonadaptive,firstn_signed_path,mixed,firstn_intraday_path:firstn_intraday_path:signed_path,firstn_intraday_path:firstn_intraday_path:signed_path:mixed,"['m1_first30_last_return_vs_open', 'ret_1m']",9201,,,development,firstn_intraday_path,signed_path,6,9284026,"{'firstn': 'm1_first30_last_return_vs_open', 'raw': 'ret_1m', 'window': 5}",root_sample,allow,no blocked field/primitive combination detected,True,True,,-0.09531547161284488,0.10421232911790304,51,0.09803921568627451,0.07912463358167741,0.011079664856043673,0.07359932849499928,0.8796680497925311,178,0.344595428696313,0.027490421799586565,0.07666592676751177,True,0.06469891425398529,0.7962565572130149,4,191,"{'signal_quality': 0.07359932849499928, 'cost_adjusted_quality': 0.0727378399232585, 'turnover': 0.344595428696313, 'worst_time_block_quality': 0.06469891425398529, 'stability': 0.7962565572130149, 'concentration': 0.027490421799586565, 'benchmark_increment': 0.048592844769536556, 'complexity': 6.0, 'behaviour_novelty': 1.0}",True,[],0.3498735562419021,4,0.07359932849499928,0.0727378399232585,0.344595428696313,0.06469891425398529,0.7962565572130149,0.027490421799586565,0.048592844769536556,6.0,1.0,,,
b1s_firstn_intraday_path_0213,firstn_intraday_path,"CSRank(Mul($m1_first15_range,Sign(Delta($ret_1m,5))))","CSRank(Mul($m1_first15_range,Sign(Delta($ret_1m,5))))",c60e1a23da877e1d4d47a09c063902ed27e2e6bb123821bce4a16fbf9858e033,c60e1a23da877e1d4d47a09c063902ed27e2e6bb123821bce4a16fbf9858e033,b1s/firstn_intraday_path:fixed:0213,,fixed,frozen_nonadaptive,firstn_signed_path,mixed,firstn_intraday_path:firstn_intraday_path:signed_path,firstn_intraday_path:firstn_intraday_path:signed_path:mixed,"['m1_first15_range', 'ret_1m']",9201,,,development,firstn_intraday_path,signed_path,6,9284021,"{'firstn': 'm1_first15_range', 'raw': 'ret_1m', 'window': 5}",root_sample,allow,no blocked field/primitive combination detected,True,True,,-0.12036755593224661,0.13120600523661313,55,0.07272727272727272,0.09635465504299719,0.012992459035536367,0.09490233622259533,0.941908713692946,232,0.34290456347258036,0.027490421819264445,0.10765511869296857,True,0.04882954437583637,0.6303962324168181,4,187,"{'signal_quality': 0.09490233622259533, 'cost_adjusted_quality': 0.09404507481391389, 'turnover': 0.34290456347258036, 'worst_time_block_quality': 0.04882954437583637, 'stability': 0.6303962324168181, 'concentration': 0.027490421819264445, 'benchmark_increment': 0.07958203669499335, 'complexity': 6.0, 'behaviour_novelty': 0.5}",True,[],0.3480759888833351,4,0.09490233622259533,0.09404507481391389,0.34290456347258036,0.04882954437583637,0.6303962324168181,0.027490421819264445,0.07958203669499335,6.0,0.5,,,
b1s_firstn_intraday_path_0223,firstn_intraday_path,"CSRank(Mul($m1_first30_vwap_return_vs_open,Sign(Delta($ret_1m,5))))","CSRank(Mul($m1_first30_vwap_return_vs_open,Sign(Delta($ret_1m,5))))",2fdf62547b8ee897a01abb92550c1617a044b7b3b614de8699c82dd053661300,2fdf62547b8ee897a01abb92550c1617a044b7b3b614de8699c82dd053661300,b1s/firstn_intraday_path:fixed:0223,,fixed,frozen_nonadaptive,firstn_signed_path,mixed,firstn_intraday_path:firstn_intraday_path:signed_path,firstn_intraday_path:firstn_intraday_path:signed_path:mixed,"['m1_first30_vwap_return_vs_open', 'ret_1m']",9201,,,development,firstn_intraday_path,signed_path,6,9284031,"{'firstn': 'm1_first30_vwap_return_vs_open', 'raw': 'ret_1m', 'window': 5}",root_sample,allow,no blocked field/primitive combination detected,True,True,,-0.0797670595079193,0.09661953507319886,51,0.1568627450980392,0.08836606229336152,0.012373723713337262,0.05551456102977827,0.8796680497925311,178,0.3468588184017375,0.027490421790071846,0.0641597364962287,True,0.05119460378111289,0.7774222268300639,4,190,"{'signal_quality': 0.05551456102977827, 'cost_adjusted_quality': 0.05464741398377392, 'turnover': 0.3468588184017375, 'worst_time_block_quality': 0.05119460378111289, 'stability': 0.7774222268300639, 'concentration': 0.027490421790071846, 'benchmark_increment': 0.03608665449825349, 'complexity': 6.0, 'behaviour_novelty': 0.5}",True,[],0.2677219350143837,4,0.05551456102977827,0.05464741398377392,0.3468588184017375,0.05119460378111289,0.7774222268300639,0.027490421790071846,0.03608665449825349,6.0,0.5,,,
b1s_llm_proposal_repair_0050,llm_proposal_repair,"CSRank(Add(CSRank(CSResidual(PathShape($ret_1m,8),Delta($ret_1m,8))),Mul(Sign($amount_yuan),0.014)))","CSRank(Add(CSRank(CSResidual(PathShape($ret_1m,8),Delta($ret_1m,8))),Mul(Sign($amount_yuan),0.014)))",66a9837e637bc173550239cc5e14e0393f5160fb14a2bba12f1b0c0e0d65adf1,66a9837e637bc173550239cc5e14e0393f5160fb14a2bba12f1b0c0e0d65adf1,b1s/llm_proposal_repair:proposal:0050,,proposal,codex_gpt5_frozen_pre_reward,llm_hypothesis_path_residual,raw_1min,llm_proposal_repair:orthogonal_exile:path_residual,llm_proposal_repair:orthogonal_exile:path_residual:raw_1min,"['amount_yuan', 'ret_1m']",9213,,proposal,development,orthogonal_exile,path_residual,6,9369582,"{'raw': 'ret_1m', 'other': 'ret_1m', 'context': 'ctx_ths_hot_rank', 'window': 8}",root_sample,allow,no blocked field/primitive combination detected,True,True,,-0.07905204086900779,0.09627107486156385,57,0.17543859649122806,0.08676262475928585,0.011491990387756681,0.056527739709004696,0.966804979253112,234,0.39192978582557153,0.027430401759105903,0.07387958977073605,True,0.039865466477476456,0.614056939492988,4,197,"{'signal_quality': 0.056527739709004696, 'cost_adjusted_quality': 0.05554791524444077, 'turnover': 0.39192978582557153, 'worst_time_block_quality': 0.039865466477476456, 'stability': 0.614056939492988, 'concentration': 0.027430401759105903, 'benchmark_increment': 0.04580650777276084, 'complexity': 6.0, 'behaviour_novelty': 0.5}",True,[],0.2450684645304414,4,0.056527739709004696,0.05554791524444077,0.39192978582557153,0.039865466477476456,0.614056939492988,0.027430401759105903,0.04580650777276084,6.0,0.5,,,
b1s_firstn_intraday_path_0193,firstn_intraday_path,"CSRank(Mul($m1_first5_vwap_return_vs_open,Sign(Delta($ret_1m,5))))","CSRank(Mul($m1_first5_vwap_return_vs_open,Sign(Delta($ret_1m,5))))",563c4d72a0dd7cafb2c79021a8258d6e69978f52cf7537ee03989ab02e8f2da6,563c4d72a0dd7cafb2c79021a8258d6e69978f52cf7537ee03989ab02e8f2da6,b1s/firstn_intraday_path:fixed:0193,,fixed,frozen_nonadaptive,firstn_signed_path,mixed,firstn_intraday_path:firstn_intraday_path:signed_path,firstn_intraday_path:firstn_intraday_path:signed_path:mixed,"['m1_first5_vwap_return_vs_open', 'ret_1m']",9201,,,development,firstn_intraday_path,signed_path,6,9284001,"{'firstn': 'm1_first5_vwap_return_vs_open', 'raw': 'ret_1m', 'window': 5}",root_sample,allow,no blocked field/primitive combination detected,True,True,,-0.061512000894956495,0.0865012647215961,57,0.21052631578947367,0.09038462188269816,0.011971735626472293,0.0380473990670708,0.979253112033195,179,0.34298660369679645,0.02749042178539196,0.05822739017799187,True,0.023464984224830253,0.5818563683730744,4,185,"{'signal_quality': 0.0380473990670708, 'cost_adjusted_quality': 0.03718993255782881, 'turnover': 0.34298660369679645, 'worst_time_block_quality': 0.023464984224830253, 'stability': 0.5818563683730744, 'concentration': 0.02749042178539196, 'benchmark_increment': 0.03015430818001665, 'complexity': 6.0, 'behaviour_novelty': 1.0}",True,[],0.20650124399097441,4,0.0380473990670708,0.03718993255782881,0.34298660369679645,0.023464984224830253,0.5818563683730744,0.02749042178539196,0.03015430818001665,6.0,1.0,,,
b1s_static_cross_sectional_0232,static_cross_sectional,"CSRank(Div(Sub($volume,$low),Add(Abs($volume),0.000001)))","CSRank(Div(Sub($volume,$low),Add(Abs($volume),0.000001)))",2fced2e6fc22f166ae3297e7dc912887e153112cb3078c29fd0b4bac3dcf31e9,2fced2e6fc22f166ae3297e7dc912887e153112cb3078c29fd0b4bac3dcf31e9,b1s/static_cross_sectional:fixed:0232,,fixed,frozen_nonadaptive,simple_nonlinear,raw_1min,static_cross_sectional:static_cross_sectional:simple_nonlinear,static_cross_sectional:static_cross_sectional:simple_nonlinear:raw_1min,"['low', 'volume']",9200,,,development,static_cross_sectional,simple_nonlinear,7,9283031,"{'a': 'volume', 'b': 'low', 'window': 2, 'coefficient': 0.05}",root_sample,allow,no blocked field/primitive combination detected,True,True,,-0.06116012788569911,0.10007046439785831,59,0.3220338983050847,0.1087944477326417,0.014163830671072786,0.03339901977039646,1.0,155,0.16467616710247562,0.027490421819553013,0.060149147049361584,True,0.04255497668618719,0.6169911670947572,4,338,"{'signal_quality': 0.03339901977039646, 'cost_adjusted_quality': 0.03298732935264027, 'turnover': 0.16467616710247562, 'worst_time_block_quality': 0.04255497668618719, 'stability': 0.6169911670947572, 'concentration': 0.027490421819553013, 'benchmark_increment': 0.03207606505138637, 'complexity': 7.0, 'behaviour_novelty': 0.3333333333333333}",True,[],0.19428990906019705,4,0.03339901977039646,0.03298732935264027,0.16467616710247562,0.04255497668618719,0.6169911670947572,0.027490421819553013,0.03207606505138637,7.0,0.3333333333333333,,,
b1s_temporal_program_0381,temporal_program,"CSRank(Sub(RecoveryPath($ret_1m,2),DrawdownPath($low,2)))","CSRank(Sub(RecoveryPath($ret_1m,2),DrawdownPath($low,2)))",4bb1ebc32fc19ecebce3cdc86f0c25918dfcaea511d2b4f84dbd5f60718e13e2,4bb1ebc32fc19ecebce3cdc86f0c25918dfcaea511d2b4f84dbd5f60718e13e2,b1s/temporal_program:fixed:0381,,fixed,frozen_nonadaptive,drawdownrecovery,raw_1min,temporal_program:temporal_program:drawdownrecovery,temporal_program:temporal_program:drawdownrecovery:raw_1min,"['low', 'ret_1m']",9202,,,development,temporal_program,drawdownrecovery,6,9285198,"{'field': 'ret_1m', 'other': 'low', 'window': 2, 'state': 'evt_uplimit_active'}",root_sample,allow,no blocked field/primitive combination detected,True,True,,-0.05504545335816149,0.07549422838134098,58,0.27586206896551724,0.07892635404829008,0.010363538008704492,0.03473291886110068,0.995850622406639,215,0.33964519943221055,0.02617536752356719,0.053452094970633066,True,0.019049524173246048,0.5630835850865968,4,425,"{'signal_quality': 0.03473291886110068, 'cost_adjusted_quality': 0.033883805862520155, 'turnover': 0.33964519943221055, 'worst_time_block_quality': 0.019049524173246048, 'stability': 0.5630835850865968, 'concentration': 0.02617536752356719, 'benchmark_increment': 0.025379012972657846, 'complexity': 6.0, 'behaviour_novelty': 1.0}",True,[],0.19090912807703042,4,0.03473291886110068,0.033883805862520155,0.33964519943221055,0.019049524173246048,0.5630835850865968,0.02617536752356719,0.025379012972657846,6.0,1.0,,,
b1s_firstn_intraday_path_0188,firstn_intraday_path,"CSRank(Mul($m1_first5_last_return_vs_open,Sign(Delta($ret_1m,5))))","CSRank(Mul($m1_first5_last_return_vs_open,Sign(Delta($ret_1m,5))))",b780993bf1ede23a2d02f302665e15bf7f5e8eb0075189c936f8afeedeebf4ae,b780993bf1ede23a2d02f302665e15bf7f5e8eb0075189c936f8afeedeebf4ae,b1s/firstn_intraday_path:fixed:0188,,fixed,frozen_nonadaptive,firstn_signed_path,mixed,firstn_intraday_path:firstn_intraday_path:signed_path,firstn_intraday_path:firstn_intraday_path:signed_path:mixed,"['m1_first5_last_return_vs_open', 'ret_1m']",9201,,,development,firstn_intraday_path,signed_path,6,9283996,"{'firstn': 'm1_first5_last_return_vs_open', 'raw': 'ret_1m', 'window': 5}",root_sample,allow,no blocked field/primitive combination detected,True,True,,-0.05227445976270139,0.08352630506460829,57,0.2631578947368421,0.09320653971454125,0.012345507774197793,0.028077264525273718,0.979253112033195,178,0.3353509982159729,0.027490421798009135,0.04948311419985232,True,0.012995616028962811,0.5342224556987945,4,183,"{'signal_quality': 0.028077264525273718, 'cost_adjusted_quality': 0.027238887029733785, 'turnover': 0.3353509982159729, 'worst_time_block_quality': 0.012995616028962811, 'stability': 0.5342224556987945, 'concentration': 0.027490421798009135, 'benchmark_increment': 0.021410032201877097, 'complexity': 6.0, 'behaviour_novelty': 1.0}",True,[],0.16561681579298218,4,0.028077264525273718,0.027238887029733785,0.3353509982159729,0.012995616028962811,0.5342224556987945,0.027490421798009135,0.021410032201877097,6.0,1.0,,,
b1s_temporal_program_0685,temporal_program,"CSRank(Acceleration($low,8))","CSRank(Acceleration($low,8))",d99bf8dc641bcb7d7d8f4c253868ff2ebbb79e285eb7b721f95a5bef237cf24b,d99bf8dc641bcb7d7d8f4c253868ff2ebbb79e285eb7b721f95a5bef237cf24b,b1s/temporal_program:fixed:0685,,fixed,frozen_nonadaptive,acceleration,raw_1min,temporal_program:temporal_program:acceleration,temporal_program:temporal_program:acceleration:raw_1min,['low'],9202,,,development,temporal_program,acceleration,4,9285502,"{'field': 'low', 'other': 'high', 'window': 8, 'state': 'ctx_zls_strong'}",root_sample,allow,no blocked field/primitive combination detected,True,True,,-0.05518007293145368,0.09312917694091091,57,0.22807017543859648,0.0994311647200281,0.013169979497234145,0.029366913116874758,0.966804979253112,281,0.20179838840219114,0.02749042183044528,0.051569587665045984,True,0.017661495110550228,0.5632868261832223,4,132,"{'signal_quality': 0.029366913116874758, 'cost_adjusted_quality': 0.02886241714586928, 'turnover': 0.20179838840219114, 'worst_time_block_quality': 0.017661495110550228, 'stability': 0.5632868261832223, 'concentration': 0.02749042183044528, 'benchmark_increment': 0.023496505667070764, 'complexity': 4.0, 'behaviour_novelty': 0.5}",True,[],0.16095855573415155,4,0.029366913116874758,0.02886241714586928,0.20179838840219114,0.017661495110550228,0.5632868261832223,0.02749042183044528,0.023496505667070764,4.0,0.5,,,
b1s_temporal_program_0375,temporal_program,"CSRank(Acceleration($ret_1m,2))","CSRank(Acceleration($ret_1m,2))",e2ccf0b4361abe823b950898ea300186dafe55385130af2e6db508a0d050d997,e2ccf0b4361abe823b950898ea300186dafe55385130af2e6db508a0d050d997,b1s/temporal_program:fixed:0375,,fixed,frozen_nonadaptive,acceleration,raw_1min,temporal_program:temporal_program:acceleration,temporal_program:temporal_program:acceleration:raw_1min,['ret_1m'],9202,,,development,temporal_program,acceleration,4,9285192,"{'field': 'ret_1m', 'other': 'low', 'window': 2, 'state': 'evt_uplimit_active'}",root_sample,allow,no blocked field/primitive combination detected,True,True,,-0.04176784591010047,0.07690897152678912,58,0.25862068965517243,0.08171134617271465,0.010729225390105103,0.02073856414549447,0.991701244813278,246,0.44875594927449114,0.027433110857693822,0.040389829108980854,True,0.009084206297642389,0.42322296028233597,4,423,"{'signal_quality': 0.02073856414549447, 'cost_adjusted_quality': 0.019616674272308243, 'turnover': 0.44875594927449114, 'worst_time_block_quality': 0.009084206297642389, 'stability': 0.42322296028233597, 'concentration': 0.027433110857693822, 'benchmark_increment': 0.012316747111005635, 'complexity': 4.0, 'behaviour_novelty': 1.0}",True,[],0.1259524073891238,4,0.02073856414549447,0.019616674272308243,0.44875594927449114,0.009084206297642389,0.42322296028233597,0.027433110857693822,0.012316747111005635,4.0,1.0,,,
b1s_temporal_program_0315,temporal_program,"CSRank(Acceleration($high,2))","CSRank(Acceleration($high,2))",0582ee645a7cce5901ce3df9bdded8551914d7c05252d07f0e34239f5015be25,0582ee645a7cce5901ce3df9bdded8551914d7c05252d07f0e34239f5015be25,b1s/temporal_program:fixed:0315,,fixed,frozen_nonadaptive,acceleration,raw_1min,temporal_program:temporal_program:acceleration,temporal_program:temporal_program:acceleration:raw_1min,['high'],9202,,,development,temporal_program,acceleration,4,9285132,"{'field': 'high', 'other': 'price_spread', 'window': 2, 'state': 'evt_uplimit_active'}",root_sample,allow,no blocked field/primitive combination detected,True,True,,-0.03197162712979519,0.0758018266921131,58,0.39655172413793105,0.09401117030354945,0.01234427142152696,0.007776855143602351,0.991701244813278,287,0.36342045536352713,0.026458824652560945,0.030916809999919328,True,0.015020425127274972,0.5485517771086825,4,404,"{'signal_quality': 0.007776855143602351, 'cost_adjusted_quality': 0.0068683040051935335, 'turnover': 0.36342045536352713, 'worst_time_block_quality': 0.015020425127274972, 'stability': 0.5485517771086825, 'concentration': 0.026458824652560945, 'benchmark_increment': 0.0028437280019441083, 'complexity': 4.0, 'behaviour_novelty': 1.0}",True,[],0.11511301799984337,4,0.007776855143602351,0.0068683040051935335,0.36342045536352713,0.015020425127274972,0.5485517771086825,0.026458824652560945,0.0028437280019441083,4.0,1.0,,,
b1s_firstn_intraday_path_0211,firstn_intraday_path,"CSRank(Sub($m1_first15_vwap_return_vs_open,Delta($ret_1m,5)))","CSRank(Sub($m1_first15_vwap_return_vs_open,Delta($ret_1m,5)))",09c75bc4b7a9accd87f41de4726a89c9a2c6eebe342d9edc4c811df7cd79b73e,09c75bc4b7a9accd87f41de4726a89c9a2c6eebe342d9edc4c811df7cd79b73e,b1s/firstn_intraday_path:fixed:0211,,fixed,frozen_nonadaptive,firstn_mean_reversion,mixed,firstn_intraday_path:firstn_intraday_path:mean_reversion,firstn_intraday_path:firstn_intraday_path:mean_reversion:mixed,"['m1_first15_vwap_return_vs_open', 'ret_1m']",9201,,,development,firstn_intraday_path,mean_reversion,5,9284019,"{'firstn': 'm1_first15_vwap_return_vs_open', 'raw': 'ret_1m', 'window': 5}",root_sample,allow,no blocked field/primitive combination detected,True,True,,0.05172572480816422,0.08654751191150174,55,0.7454545454545455,0.09056574201991327,0.012211882162741399,0.027790435769191074,0.941908713692946,150,0.08375178401042147,0.0274904218193889,0.04626279067124374,True,0.005685742518470199,0.3729992093082609,4,29,"{'signal_quality': 0.027790435769191074, 'cost_adjusted_quality': 0.02758105630916502, 'turnover': 0.08375178401042147, 'worst_time_block_quality': 0.005685742518470199, 'stability': 0.3729992093082609, 'concentration': 0.0274904218193889, 'benchmark_increment': 0.01818970867326852, 'complexity': 5.0, 'behaviour_novelty': 0.16666666666666666}",True,[],0.11235009799372227,4,0.027790435769191074,0.02758105630916502,0.08375178401042147,0.005685742518470199,0.3729992093082609,0.0274904218193889,0.01818970867326852,5.0,0.16666666666666666,,,
b1s_rx_ucb_0378,rx_ucb,"CSRank(Add(CSRank(Div(Sub($ctx_hfq_turnover_ratio,$amount_yuan),Add(Abs($ctx_hfq_turnover_ratio),0.000001))),Mul(Sign($intraday_ret_from_open),0.026)))","CSRank(Add(CSRank(Div(Sub($ctx_hfq_turnover_ratio,$amount_yuan),Add(Abs($ctx_hfq_turnover_ratio),0.000001))),Mul(Sign($intraday_ret_from_open),0.026)))",cce23517b7205a5d5b4e803f22de2927cc1f48d76026f936b32e73392cb59cf4,cce23517b7205a5d5b4e803f22de2927cc1f48d76026f936b32e73392cb59cf4,b1s/rx_ucb:adaptive:0378,b1s_rx_ucb_0182,adaptive,ephemeral_rx_ucb_information_gain,simple_nonlinear,mixed,rx_ucb:static_cross_sectional:simple_nonlinear,rx_ucb:static_cross_sectional:simple_nonlinear:mixed,"['amount_yuan', 'ctx_hfq_turnover_ratio', 'intraday_ret_from_open']",9209,,,development,static_cross_sectional,simple_nonlinear,10,9303027,"{'a': 'ctx_hfq_turnover_ratio', 'b': 'amount_yuan', 'window': 30, 'coefficient': 0.05}",root_sample,allow,no blocked field/primitive combination detected,True,True,,0.034915821106219,0.10604714785583524,59,0.6779661016949152,0.12783863587754418,0.016643172786171556,0.002295202445322747,1.0,144,0.17177654017771904,0.0274904218193889,0.03433866034407431,True,0.009536384386266155,0.1382099140720729,4,328,"{'signal_quality': 0.002295202445322747, 'cost_adjusted_quality': 0.0018657610948784493, 'turnover': 0.17177654017771904, 'worst_time_block_quality': 0.009536384386266155, 'stability': 0.1382099140720729, 'concentration': 0.0274904218193889, 'benchmark_increment': 0.006265578346099091, 'complexity': 10.0, 'behaviour_novelty': 1.0}",True,[],0.06191031296288874,4,0.002295202445322747,0.0018657610948784493,0.17177654017771904,0.009536384386266155,0.1382099140720729,0.0274904218193889,0.006265578346099091,10.0,1.0,b1s_rx_ucb_0182,1.1470277011590528,0.0
b1s_evolutionary_0375,evolutionary,"CSRank(Add(CSRank(Add($m1_first15_vwap_return_vs_open,PathShape($ret_1m,2))),Mul(Sign($high),0.012)))","CSRank(Add(CSRank(Add($m1_first15_vwap_return_vs_open,PathShape($ret_1m,2))),Mul(Sign($high),0.012)))",58ea945135aace78eef39b361c8adaf11680e71fcf96c4e3b4327a71c1aeacfe,58ea945135aace78eef39b361c8adaf11680e71fcf96c4e3b4327a71c1aeacfe,b1s/evolutionary:adaptive:0375,b1s_evolutionary_0037,adaptive,ephemeral_evolutionary_typed_mutation,firstn_path_shape,mixed,evolutionary:firstn_intraday_path:path_shape,evolutionary:firstn_intraday_path:path_shape:mixed,"['high', 'm1_first15_vwap_return_vs_open', 'ret_1m']",9211,,,development,firstn_intraday_path,path_shape,8,18591458,"{'firstn': 'm1_first15_vwap_return_vs_open', 'raw': 'ret_1m', 'window': 2}",window_shift,allow,no blocked field/primitive combination detected,True,True,,-0.059540068365755955,0.08901323929012306,55,0.2545454545454545,0.08945098903318029,0.012061568900674224,0.03589939332043447,0.941908713692946,144,0.38255643655781585,0.0274904218193889,0.053251834161282735,True,0.01835167351297396,0.46531842521972944,4,134,"{'signal_quality': 0.03589939332043447, 'cost_adjusted_quality': 0.034943002229039934, 'turnover': 0.38255643655781585, 'worst_time_block_quality': 0.01835167351297396, 'stability': 0.46531842521972944, 'concentration': 0.0274904218193889, 'benchmark_increment': 0.025178752163307516, 'complexity': 8.0, 'behaviour_novelty': 0.5}",True,[],0.153624863537491,5,0.03589939332043447,0.034943002229039934,0.38255643655781585,0.01835167351297396,0.46531842521972944,0.0274904218193889,0.025178752163307516,8.0,0.5,b1s_evolutionary_0037,,
