candidate_id,lane_id,expression,canonical_expression,exact_identity,canonical_identity,lineage_key,parent_id,proposal_stage,proposal_origin,motif,field_family,family_id,semantic_bucket,fields_list,lane_seed,benchmark_id,llm_action,data_role,hypothesis_arm,primitive_family,complexity,generator_index,mutation_operator,program_parameters,typed_gate_decision,typed_gate_reason,legal,materialized,evaluation_error,proxy_ic_mean,proxy_ic_abs_mean,proxy_ic_count,proxy_ic_hit_rate,proxy_ic_std,proxy_ic_standard_error,proxy_ic_abs_lcb95,proxy_finite_ratio,proxy_signal_unique,proxy_turnover,proxy_signal_concentration,proxy_reward,survivor,proxy_worst_time_block_abs_ic,proxy_time_block_stability,proxy_time_block_count,signal_cluster_id,objective_vector,objective_gate_allowed,objective_gate_reasons,limited_scalar_tiebreak,pareto_rank,objective_signal_quality,objective_cost_adjusted_quality,objective_turnover,objective_worst_time_block_quality,objective_stability,objective_concentration,objective_benchmark_increment,objective_complexity,objective_behaviour_novelty,matched_control_id,selection_statistic,information_gain,pack_role,forward_2026_allowed,persistent_memory_write_allowed
b1s_static_cross_sectional_0316,static_cross_sectional,"CSRank(Div(Sub($low,$close),Add(Abs($low),0.000001)))","CSRank(Div(Sub($low,$close),Add(Abs($low),0.000001)))",096f85cf96a05d0ffa8b2e06923d87ec80b9e4070fe2c18e65584b415542b9db,096f85cf96a05d0ffa8b2e06923d87ec80b9e4070fe2c18e65584b415542b9db,b1s/static_cross_sectional:fixed:0316,,fixed,frozen_nonadaptive,simple_nonlinear,raw_1min,static_cross_sectional:static_cross_sectional:simple_nonlinear,static_cross_sectional:static_cross_sectional:simple_nonlinear:raw_1min,"['close', 'low']",9200,,,development,static_cross_sectional,simple_nonlinear,7,9283115,root_sample,"{'a': 'low', 'b': 'close', 'window': 2, 'coefficient': 0.1}",allow,no blocked field/primitive combination detected,True,True,,0.2897236800407313,0.2897236800407313,58,1.0,0.10106797568702464,0.01327087536381637,0.26371276432765123,1.0,229,0.2594983764133724,0.01756092916196569,0.28250951021357495,True,0.24422975149641696,0.8777065887280787,4,344,"{'signal_quality': 0.26371276432765123, 'cost_adjusted_quality': 0.2630640183866178, 'turnover': 0.2594983764133724, 'worst_time_block_quality': 0.24422975149641696, 'stability': 0.8777065887280787, 'concentration': 0.01756092916196569, 'benchmark_increment': 0.25443642821559975, 'complexity': 7.0, 'behaviour_novelty': 0.5}",True,[],0.7354764557854344,1,0.26371276432765123,0.2630640183866178,0.2594983764133724,0.24422975149641696,0.8777065887280787,0.01756092916196569,0.25443642821559975,7.0,0.5,,,,FROZEN_RESEARCH_ONLY_NO_PROMOTION,False,False
b1s_static_cross_sectional_0324,static_cross_sectional,"CSRank(Div(Sub($vwap,$close),Add(Abs($vwap),0.000001)))","CSRank(Div(Sub($vwap,$close),Add(Abs($vwap),0.000001)))",9b3f9798dc4a2940349eff0b85e64170e9e75499e183f87e1b8826371b0aeebd,9b3f9798dc4a2940349eff0b85e64170e9e75499e183f87e1b8826371b0aeebd,b1s/static_cross_sectional:fixed:0324,,fixed,frozen_nonadaptive,simple_nonlinear,raw_1min,static_cross_sectional:static_cross_sectional:simple_nonlinear,static_cross_sectional:static_cross_sectional:simple_nonlinear:raw_1min,"['close', 'vwap']",9200,,,development,static_cross_sectional,simple_nonlinear,7,9283123,root_sample,"{'a': 'vwap', 'b': 'close', 'window': 2, 'coefficient': 0.2}",allow,no blocked field/primitive combination detected,True,True,,0.29118828288701337,0.29118828288701337,59,1.0,0.10784422716725936,0.014040122490474077,0.26366964280568417,0.9861687413554634,1181,0.32039015353229455,0.0199201422690702,0.28241399628203795,True,0.19798676162046275,0.8058312960696667,4,346,"{'signal_quality': 0.26366964280568417, 'cost_adjusted_quality': 0.26286866742185344, 'turnover': 0.32039015353229455, 'worst_time_block_quality': 0.19798676162046275, 'stability': 0.8058312960696667, 'concentration': 0.0199201422690702, 'benchmark_increment': 0.25434091428406275, 'complexity': 7.0, 'behaviour_novelty': 1.0}",True,[],0.733576046148355,1,0.26366964280568417,0.26286866742185344,0.32039015353229455,0.19798676162046275,0.8058312960696667,0.0199201422690702,0.25434091428406275,7.0,1.0,,,,FROZEN_RESEARCH_ONLY_NO_PROMOTION,False,False
b1s_static_cross_sectional_0128,static_cross_sectional,"CSRank(Div(Sub($close,$high),Add(Abs($close),0.000001)))","CSRank(Div(Sub($close,$high),Add(Abs($close),0.000001)))",6eb1cfb1c69110b6255ce1ddc9b8aaf08716bf826e88b438cfcec6c97c276a98,6eb1cfb1c69110b6255ce1ddc9b8aaf08716bf826e88b438cfcec6c97c276a98,b1s/static_cross_sectional:fixed:0128,,fixed,frozen_nonadaptive,simple_nonlinear,raw_1min,static_cross_sectional:static_cross_sectional:simple_nonlinear,static_cross_sectional:static_cross_sectional:simple_nonlinear:raw_1min,"['close', 'high']",9200,,,development,static_cross_sectional,simple_nonlinear,7,9282927,root_sample,"{'a': 'close', 'b': 'high', 'window': 2, 'coefficient': 0.2}",allow,no blocked field/primitive combination detected,True,True,,-0.2380361094838871,0.23949118281761508,58,0.017241379310344827,0.11062947264826635,0.014526361422596099,0.20956444109559874,1.0,229,0.2589084205444292,0.019274733237708296,0.23210896911838116,True,0.1882056427170283,0.8627703143246825,4,337,"{'signal_quality': 0.20956444109559874, 'cost_adjusted_quality': 0.20891717004423765, 'turnover': 0.2589084205444292, 'worst_time_block_quality': 0.1882056427170283, 'stability': 0.8627703143246825, 'concentration': 0.019274733237708296, 'benchmark_increment': 0.20403588712040593, 'complexity': 7.0, 'behaviour_novelty': 0.5}",True,[],0.6661275398308331,1,0.20956444109559874,0.20891717004423765,0.2589084205444292,0.1882056427170283,0.8627703143246825,0.019274733237708296,0.20403588712040593,7.0,0.5,,,,FROZEN_RESEARCH_ONLY_NO_PROMOTION,False,False
b1s_static_cross_sectional_0046,static_cross_sectional,"CSRank(Delta($ret_1m,2))","CSRank(Delta($ret_1m,2))",6739052c26e0f4a6f0ea3eae9df14c05cf0dd9ef120076871b985e3c4f94b9d2,6739052c26e0f4a6f0ea3eae9df14c05cf0dd9ef120076871b985e3c4f94b9d2,b1s/static_cross_sectional:fixed:0046,,fixed,frozen_nonadaptive,rank_change,raw_1min,static_cross_sectional:static_cross_sectional:rank_change,static_cross_sectional:static_cross_sectional:rank_change:raw_1min,['ret_1m'],9200,,,development,static_cross_sectional,rank_change,4,9282845,root_sample,"{'a': 'ret_1m', 'b': 'open', 'window': 2, 'coefficient': 0.1}",allow,no blocked field/primitive combination detected,True,True,,-0.15310169205531476,0.15721332710049335,58,0.05172413793103448,0.08997814035814596,0.011814708645779584,0.12994486310958678,0.991701244813278,255,0.34456962782044587,0.02749042180847563,0.14805051693878699,True,0.1042365762740736,0.8096978758482838,4,334,"{'signal_quality': 0.12994486310958678, 'cost_adjusted_quality': 0.12908343904003566, 'turnover': 0.34456962782044587, 'worst_time_block_quality': 0.1042365762740736, 'stability': 0.8096978758482838, 'concentration': 0.02749042180847563, 'benchmark_increment': 0.11997743494081177, 'complexity': 4.0, 'behaviour_novelty': 0.5}",True,[],0.49006783063270604,1,0.12994486310958678,0.12908343904003566,0.34456962782044587,0.1042365762740736,0.8096978758482838,0.02749042180847563,0.11997743494081177,4.0,0.5,,,,FROZEN_RESEARCH_ONLY_NO_PROMOTION,False,False
b1s_static_cross_sectional_0034,static_cross_sectional,"CSRank(Delta($vwap,2))","CSRank(Delta($vwap,2))",0fde2345c0af85cf5f763648abf0411c1f4785d2a9f993362aaba5686c0a3482,0fde2345c0af85cf5f763648abf0411c1f4785d2a9f993362aaba5686c0a3482,b1s/static_cross_sectional:fixed:0034,,fixed,frozen_nonadaptive,rank_change,raw_1min,static_cross_sectional:static_cross_sectional:rank_change,static_cross_sectional:static_cross_sectional:rank_change:raw_1min,['vwap'],9200,,,development,static_cross_sectional,rank_change,4,9282833,root_sample,"{'a': 'vwap', 'b': 'open', 'window': 2, 'coefficient': 0.1}",allow,no blocked field/primitive combination detected,True,True,,-0.07715670423525987,0.1000704832243118,58,0.1896551724137931,0.09455687631930518,0.012415926131845934,0.05282148901684185,0.9690813739050254,1719,0.23467710504390923,0.020269972625298907,0.07290931098115461,True,0.041118190602721955,0.7013995205702497,4,77,"{'signal_quality': 0.05282148901684185, 'cost_adjusted_quality': 0.05223479625423207, 'turnover': 0.23467710504390923, 'worst_time_block_quality': 0.041118190602721955, 'stability': 0.7013995205702497, 'concentration': 0.020269972625298907, 'benchmark_increment': 0.04483622898317939, 'complexity': 4.0, 'behaviour_novelty': 0.25}",True,[],0.24464544249627554,1,0.05282148901684185,0.05223479625423207,0.23467710504390923,0.041118190602721955,0.7013995205702497,0.020269972625298907,0.04483622898317939,4.0,0.25,,,,FROZEN_RESEARCH_ONLY_NO_PROMOTION,False,False
b1s_static_cross_sectional_0037,static_cross_sectional,CSRank($volume),CSRank($volume),00dea168c70e20b9349443e524dcfd92213775975b2aea7d7330ea74221aac3e,00dea168c70e20b9349443e524dcfd92213775975b2aea7d7330ea74221aac3e,b1s/static_cross_sectional:fixed:0037,,fixed,frozen_nonadaptive,rank_level,raw_1min,static_cross_sectional:static_cross_sectional:rank_level,static_cross_sectional:static_cross_sectional:rank_level:raw_1min,['volume'],9200,,,development,static_cross_sectional,rank_level,3,9282836,root_sample,"{'a': 'volume', 'b': 'open', 'window': 2, 'coefficient': 0.1}",allow,no blocked field/primitive combination detected,True,True,,-0.07232005011750856,0.11152612414990914,59,0.2711864406779661,0.11916587664238792,0.01551407570614768,0.0419124617334591,1.0,275,0.18059212655902634,0.027376353684238987,0.07112459505095911,True,0.045798443243814775,0.4822094091628075,4,129,"{'signal_quality': 0.0419124617334591, 'cost_adjusted_quality': 0.04146098141706153, 'turnover': 0.18059212655902634, 'worst_time_block_quality': 0.045798443243814775, 'stability': 0.4822094091628075, 'concentration': 0.027376353684238987, 'benchmark_increment': 0.043051513052983895, 'complexity': 3.0, 'behaviour_novelty': 0.1}",True,[],0.19920581390111317,1,0.0419124617334591,0.04146098141706153,0.18059212655902634,0.045798443243814775,0.4822094091628075,0.027376353684238987,0.043051513052983895,3.0,0.1,,,,FROZEN_RESEARCH_ONLY_NO_PROMOTION,False,False
b1s_static_cross_sectional_0026,static_cross_sectional,"CSRank(Delta($low,2))","CSRank(Delta($low,2))",55f05381d678dfca978f0053cac461ccecb68d86b01521f76a476dc7516608f4,55f05381d678dfca978f0053cac461ccecb68d86b01521f76a476dc7516608f4,b1s/static_cross_sectional:fixed:0026,,fixed,frozen_nonadaptive,rank_change,raw_1min,static_cross_sectional:static_cross_sectional:rank_change,static_cross_sectional:static_cross_sectional:rank_change:raw_1min,['low'],9200,,,development,static_cross_sectional,rank_change,4,9282825,root_sample,"{'a': 'low', 'b': 'open', 'window': 2, 'coefficient': 0.05}",allow,no blocked field/primitive combination detected,True,True,,-0.0671440033943774,0.08981928598881385,58,0.22413793103448276,0.09215216239849844,0.012100171724856685,0.0434276668136583,0.991701244813278,287,0.2072440090702923,0.026057247165285492,0.06492876909737695,True,0.02138174842229423,0.5578694044091908,4,51,"{'signal_quality': 0.0434276668136583, 'cost_adjusted_quality': 0.042909556790982566, 'turnover': 0.2072440090702923, 'worst_time_block_quality': 0.02138174842229423, 'stability': 0.5578694044091908, 'concentration': 0.026057247165285492, 'benchmark_increment': 0.036855687099401735, 'complexity': 4.0, 'behaviour_novelty': 0.3333333333333333}",True,[],0.19266635539110274,2,0.0434276668136583,0.042909556790982566,0.2072440090702923,0.02138174842229423,0.5578694044091908,0.026057247165285492,0.036855687099401735,4.0,0.3333333333333333,,,,FROZEN_RESEARCH_ONLY_NO_PROMOTION,False,False
b1s_static_cross_sectional_0232,static_cross_sectional,"CSRank(Div(Sub($volume,$low),Add(Abs($volume),0.000001)))","CSRank(Div(Sub($volume,$low),Add(Abs($volume),0.000001)))",2fced2e6fc22f166ae3297e7dc912887e153112cb3078c29fd0b4bac3dcf31e9,2fced2e6fc22f166ae3297e7dc912887e153112cb3078c29fd0b4bac3dcf31e9,b1s/static_cross_sectional:fixed:0232,,fixed,frozen_nonadaptive,simple_nonlinear,raw_1min,static_cross_sectional:static_cross_sectional:simple_nonlinear,static_cross_sectional:static_cross_sectional:simple_nonlinear:raw_1min,"['low', 'volume']",9200,,,development,static_cross_sectional,simple_nonlinear,7,9283031,root_sample,"{'a': 'volume', 'b': 'low', 'window': 2, 'coefficient': 0.05}",allow,no blocked field/primitive combination detected,True,True,,-0.06116012788569911,0.10007046439785831,59,0.3220338983050847,0.1087944477326417,0.014163830671072786,0.03339901977039646,1.0,155,0.16467616710247562,0.027490421819553013,0.060149147049361584,True,0.04255497668618719,0.6169911670947572,4,338,"{'signal_quality': 0.03339901977039646, 'cost_adjusted_quality': 0.03298732935264027, 'turnover': 0.16467616710247562, 'worst_time_block_quality': 0.04255497668618719, 'stability': 0.6169911670947572, 'concentration': 0.027490421819553013, 'benchmark_increment': 0.03207606505138637, 'complexity': 7.0, 'behaviour_novelty': 0.3333333333333333}",True,[],0.19428990906019705,4,0.03339901977039646,0.03298732935264027,0.16467616710247562,0.04255497668618719,0.6169911670947572,0.027490421819553013,0.03207606505138637,7.0,0.3333333333333333,,,,FROZEN_RESEARCH_ONLY_NO_PROMOTION,False,False
b1s_static_cross_sectional_0124,static_cross_sectional,"CSRank(Div(Sub($low,$high),Add(Abs($low),0.000001)))","CSRank(Div(Sub($low,$high),Add(Abs($low),0.000001)))",daa9c2cf0643599b7bb05e9bb1ca2c137c810bdec2db5a533ac33ad18fbc78ef,daa9c2cf0643599b7bb05e9bb1ca2c137c810bdec2db5a533ac33ad18fbc78ef,b1s/static_cross_sectional:fixed:0124,,fixed,frozen_nonadaptive,simple_nonlinear,raw_1min,static_cross_sectional:static_cross_sectional:simple_nonlinear,static_cross_sectional:static_cross_sectional:simple_nonlinear:raw_1min,"['high', 'low']",9200,,,development,static_cross_sectional,simple_nonlinear,7,9282923,root_sample,"{'a': 'low', 'b': 'high', 'window': 2, 'coefficient': 0.2}",allow,no blocked field/primitive combination detected,True,True,,0.06031725668847235,0.10060349461229598,58,0.7413793103448276,0.10206100035845232,0.01340126589116324,0.0340507755417924,1.0,275,0.19304430298946465,0.019514395559971632,0.05881534654706573,True,0.047985140054789044,0.7632212253734914,4,336,"{'signal_quality': 0.0340507755417924, 'cost_adjusted_quality': 0.03356816478431874, 'turnover': 0.19304430298946465, 'worst_time_block_quality': 0.047985140054789044, 'stability': 0.7632212253734914, 'concentration': 0.019514395559971632, 'benchmark_increment': 0.03074226454909051, 'complexity': 7.0, 'behaviour_novelty': 0.5}",True,[],0.22195145972271416,2,0.0340507755417924,0.03356816478431874,0.19304430298946465,0.047985140054789044,0.7632212253734914,0.019514395559971632,0.03074226454909051,7.0,0.5,,,,FROZEN_RESEARCH_ONLY_NO_PROMOTION,False,False
b1s_static_cross_sectional_0228,static_cross_sectional,"CSRank(Div(Sub($vwap,$low),Add(Abs($vwap),0.000001)))","CSRank(Div(Sub($vwap,$low),Add(Abs($vwap),0.000001)))",1b0c477c2cf34b52bd139d4e18c8d3e44db828ee50bb4fa1450dfcf7eadbfeb2,1b0c477c2cf34b52bd139d4e18c8d3e44db828ee50bb4fa1450dfcf7eadbfeb2,b1s/static_cross_sectional:fixed:0228,,fixed,frozen_nonadaptive,simple_nonlinear,raw_1min,static_cross_sectional:static_cross_sectional:simple_nonlinear,static_cross_sectional:static_cross_sectional:simple_nonlinear:raw_1min,"['low', 'vwap']",9200,,,development,static_cross_sectional,simple_nonlinear,7,9283027,root_sample,"{'a': 'vwap', 'b': 'low', 'window': 2, 'coefficient': 0.05}",allow,no blocked field/primitive combination detected,True,True,,-0.05359831867001615,0.08325203792799762,59,0.2711864406779661,0.08895250821499144,0.011580630173522524,0.030900283529912007,0.9861687413554634,1126,0.2606269736776892,0.019920142276047683,0.05198325708548802,True,0.03734339247118866,0.5349890347991575,4,345,"{'signal_quality': 0.030900283529912007, 'cost_adjusted_quality': 0.030248716095717783, 'turnover': 0.2606269736776892, 'worst_time_block_quality': 0.03734339247118866, 'stability': 0.5349890347991575, 'concentration': 0.019920142276047683, 'benchmark_increment': 0.023910175087512798, 'complexity': 7.0, 'behaviour_novelty': 1.0}",True,[],0.2001840267584606,2,0.030900283529912007,0.030248716095717783,0.2606269736776892,0.03734339247118866,0.5349890347991575,0.019920142276047683,0.023910175087512798,7.0,1.0,,,,FROZEN_RESEARCH_ONLY_NO_PROMOTION,False,False
b1s_static_cross_sectional_0132,static_cross_sectional,"CSRank(Div(Sub($vwap,$high),Add(Abs($vwap),0.000001)))","CSRank(Div(Sub($vwap,$high),Add(Abs($vwap),0.000001)))",b67fe33d1a42da1e901137353764df83f0c0f601a30800ae342f0771074fa996,b67fe33d1a42da1e901137353764df83f0c0f601a30800ae342f0771074fa996,b1s/static_cross_sectional:fixed:0132,,fixed,frozen_nonadaptive,simple_nonlinear,raw_1min,static_cross_sectional:static_cross_sectional:simple_nonlinear,static_cross_sectional:static_cross_sectional:simple_nonlinear:raw_1min,"['high', 'vwap']",9200,,,development,static_cross_sectional,simple_nonlinear,7,9282931,root_sample,"{'a': 'vwap', 'b': 'high', 'window': 2, 'coefficient': 0.2}",allow,no blocked field/primitive combination detected,True,True,,0.04162210089835948,0.08712460253097294,59,0.6271186440677966,0.09918255635931617,0.012912469000713559,0.016313661656960906,0.9861687413554634,1099,0.26092016334432977,0.0198926522517971,0.040367914985511066,True,0.032077637926537485,0.8057300305723758,4,111,"{'signal_quality': 0.016313661656960906, 'cost_adjusted_quality': 0.01566136124860008, 'turnover': 0.26092016334432977, 'worst_time_block_quality': 0.032077637926537485, 'stability': 0.8057300305723758, 'concentration': 0.0198926522517971, 'benchmark_increment': 0.012294832987535847, 'complexity': 7.0, 'behaviour_novelty': 0.5}",True,[],0.1590137166321227,2,0.016313661656960906,0.01566136124860008,0.26092016334432977,0.032077637926537485,0.8057300305723758,0.0198926522517971,0.012294832987535847,7.0,0.5,,,,FROZEN_RESEARCH_ONLY_NO_PROMOTION,False,False
b1s_static_cross_sectional_0260,static_cross_sectional,"CSRank(Div(Sub($ctx_hfq_turnover_ratio,$low),Add(Abs($ctx_hfq_turnover_ratio),0.000001)))","CSRank(Div(Sub($ctx_hfq_turnover_ratio,$low),Add(Abs($ctx_hfq_turnover_ratio),0.000001)))",b4832f683c9471ca0ab2755f81661b06365d1ccd38634fa4f66ab18fece2145d,b4832f683c9471ca0ab2755f81661b06365d1ccd38634fa4f66ab18fece2145d,b1s/static_cross_sectional:fixed:0260,,fixed,frozen_nonadaptive,simple_nonlinear,mixed,static_cross_sectional:static_cross_sectional:simple_nonlinear,static_cross_sectional:static_cross_sectional:simple_nonlinear:mixed,"['ctx_hfq_turnover_ratio', 'low']",9200,,,development,static_cross_sectional,simple_nonlinear,7,9283059,root_sample,"{'a': 'ctx_hfq_turnover_ratio', 'b': 'low', 'window': 2, 'coefficient': 0.2}",allow,no blocked field/primitive combination detected,True,True,,-0.0338626230493191,0.10087859234887388,59,0.4067796610169492,0.1219696736237762,0.01587909898176594,0.0027395890450578574,1.0,144,0.0002399209605991254,0.0274904218193889,0.033302871718599796,True,0.0182933349454502,0.6452785063034265,4,340,"{'signal_quality': 0.0027395890450578574, 'cost_adjusted_quality': 0.0027389892426563597, 'turnover': 0.0002399209605991254, 'worst_time_block_quality': 0.0182933349454502, 'stability': 0.6452785063034265, 'concentration': 0.0274904218193889, 'benchmark_increment': 0.005229789720624576, 'complexity': 7.0, 'behaviour_novelty': 0.3333333333333333}",True,[],0.1003778378527494,1,0.0027395890450578574,0.0027389892426563597,0.0002399209605991254,0.0182933349454502,0.6452785063034265,0.0274904218193889,0.005229789720624576,7.0,0.3333333333333333,,,,FROZEN_RESEARCH_ONLY_NO_PROMOTION,False,False
b1s_static_cross_sectional_0268,static_cross_sectional,"CSRank(Div(Sub($ctx_hfq_market_cap_yuan,$low),Add(Abs($ctx_hfq_market_cap_yuan),0.000001)))","CSRank(Div(Sub($ctx_hfq_market_cap_yuan,$low),Add(Abs($ctx_hfq_market_cap_yuan),0.000001)))",d7006a7aac57d5626d0af6aa586fcec1fcce69d32c22c3b3f5df355c761b104c,d7006a7aac57d5626d0af6aa586fcec1fcce69d32c22c3b3f5df355c761b104c,b1s/static_cross_sectional:fixed:0268,,fixed,frozen_nonadaptive,simple_nonlinear,mixed,static_cross_sectional:static_cross_sectional:simple_nonlinear,static_cross_sectional:static_cross_sectional:simple_nonlinear:mixed,"['ctx_hfq_market_cap_yuan', 'low']",9200,,,development,static_cross_sectional,simple_nonlinear,7,9283067,root_sample,"{'a': 'ctx_hfq_market_cap_yuan', 'b': 'low', 'window': 2, 'coefficient': 0.2}",allow,no blocked field/primitive combination detected,True,True,,-0.03357434351001132,0.11242120249911279,59,0.3898305084745763,0.13184724894586888,0.01716504975608025,0.0,1.0,145,0.00032351149603965934,0.0274904218193889,0.03301935745856502,True,0.010379655054403636,0.4268144104818472,4,342,"{'signal_quality': 0.0, 'cost_adjusted_quality': -8.087787400991483e-07, 'turnover': 0.00032351149603965934, 'worst_time_block_quality': 0.010379655054403636, 'stability': 0.4268144104818472, 'concentration': 0.0274904218193889, 'benchmark_increment': 0.004946275460589799, 'complexity': 7.0, 'behaviour_novelty': 0.16666666666666666}",True,[],0.056016259319521165,3,0.0,-8.087787400991483e-07,0.00032351149603965934,0.010379655054403636,0.4268144104818472,0.0274904218193889,0.004946275460589799,7.0,0.16666666666666666,,,,FROZEN_RESEARCH_ONLY_NO_PROMOTION,False,False
b1s_firstn_intraday_path_0035,firstn_intraday_path,"CSRank(Add($m1_first15_range,PathShape($close,5)))","CSRank(Add($m1_first15_range,PathShape($close,5)))",cb54e79030799d18a4678e22a26cc8afc11bfd1bd8bc0029c90febfed28c2679,cb54e79030799d18a4678e22a26cc8afc11bfd1bd8bc0029c90febfed28c2679,b1s/firstn_intraday_path:fixed:0035,,fixed,frozen_nonadaptive,firstn_path_shape,mixed,firstn_intraday_path:firstn_intraday_path:path_shape,firstn_intraday_path:firstn_intraday_path:path_shape:mixed,"['close', 'm1_first15_range']",9201,,,development,firstn_intraday_path,path_shape,5,9283843,root_sample,"{'firstn': 'm1_first15_range', 'raw': 'close', 'window': 5}",allow,no blocked field/primitive combination detected,True,True,,-0.20393687832790033,0.20894368731730217,55,0.05454545454545454,0.1081295688840316,0.014580188093964752,0.17535970966372944,0.941908713692946,170,0.21810343952411318,0.0274904218189222,0.1823983935888979,True,0.17669485402237825,0.8664673461815507,4,143,"{'signal_quality': 0.17535970966372944, 'cost_adjusted_quality': 0.17481445106491916, 'turnover': 0.21810343952411318, 'worst_time_block_quality': 0.17669485402237825, 'stability': 0.8664673461815507, 'concentration': 0.0274904218189222, 'benchmark_increment': 0.15432531159092266, 'complexity': 5.0, 'behaviour_novelty': 0.125}",True,[],0.599544531055529,1,0.17535970966372944,0.17481445106491916,0.21810343952411318,0.17669485402237825,0.8664673461815507,0.0274904218189222,0.15432531159092266,5.0,0.125,,,,FROZEN_RESEARCH_ONLY_NO_PROMOTION,False,False
b1s_firstn_intraday_path_0050,firstn_intraday_path,"CSRank(Add($m1_first30_range,PathShape($close,5)))","CSRank(Add($m1_first30_range,PathShape($close,5)))",a8970c9e004e05f2acb9f28cfe4311f6d59b172753434dece24e6c42d351bb58,a8970c9e004e05f2acb9f28cfe4311f6d59b172753434dece24e6c42d351bb58,b1s/firstn_intraday_path:fixed:0050,,fixed,frozen_nonadaptive,firstn_path_shape,mixed,firstn_intraday_path:firstn_intraday_path:path_shape,firstn_intraday_path:firstn_intraday_path:path_shape:mixed,"['close', 'm1_first30_range']",9201,,,development,firstn_intraday_path,path_shape,5,9283858,root_sample,"{'firstn': 'm1_first30_range', 'raw': 'close', 'window': 5}",allow,no blocked field/primitive combination detected,True,True,,-0.20211372325752258,0.2069692734730198,51,0.058823529411764705,0.10993693237456839,0.015394249690324225,0.1719409938644871,0.8796680497925311,144,0.21946172326026614,0.0274904218193889,0.16256789840907845,True,0.13428525459378252,0.7847257352066526,4,152,"{'signal_quality': 0.1719409938644871, 'cost_adjusted_quality': 0.17139233955633645, 'turnover': 0.21946172326026614, 'worst_time_block_quality': 0.13428525459378252, 'stability': 0.7847257352066526, 'concentration': 0.0274904218193889, 'benchmark_increment': 0.13449481641110322, 'complexity': 5.0, 'behaviour_novelty': 0.3333333333333333}",True,[],0.5672204315647233,1,0.1719409938644871,0.17139233955633645,0.21946172326026614,0.13428525459378252,0.7847257352066526,0.0274904218193889,0.13449481641110322,5.0,0.3333333333333333,,,,FROZEN_RESEARCH_ONLY_NO_PROMOTION,False,False
b1s_firstn_intraday_path_0033,firstn_intraday_path,"CSRank(Mul($m1_first15_range,Sign(Delta($close,5))))","CSRank(Mul($m1_first15_range,Sign(Delta($close,5))))",72f322073c28bd0740ecc98300066ce59e8ad83e0049f22c3b62a75529e6df5c,72f322073c28bd0740ecc98300066ce59e8ad83e0049f22c3b62a75529e6df5c,b1s/firstn_intraday_path:fixed:0033,,fixed,frozen_nonadaptive,firstn_signed_path,mixed,firstn_intraday_path:firstn_intraday_path:signed_path,firstn_intraday_path:firstn_intraday_path:signed_path:mixed,"['close', 'm1_first15_range']",9201,,,development,firstn_intraday_path,signed_path,6,9283841,root_sample,"{'firstn': 'm1_first15_range', 'raw': 'close', 'window': 5}",allow,no blocked field/primitive combination detected,True,True,,-0.16967114897704916,0.17278348316184125,55,0.03636363636363636,0.10623347648594664,0.014324519047163456,0.1415950916446088,0.941908713692946,236,0.1937251191865504,0.027490421814958352,0.15175158738105693,True,0.13545206671635496,0.85713079766942,4,146,"{'signal_quality': 0.1415950916446088, 'cost_adjusted_quality': 0.14111077884664242, 'turnover': 0.1937251191865504, 'worst_time_block_quality': 0.13545206671635496, 'stability': 0.85713079766942, 'concentration': 0.027490421814958352, 'benchmark_increment': 0.12367850538308171, 'complexity': 6.0, 'behaviour_novelty': 0.5}",True,[],0.5411538824164378,1,0.1415950916446088,0.14111077884664242,0.1937251191865504,0.13545206671635496,0.85713079766942,0.027490421814958352,0.12367850538308171,6.0,0.5,,,,FROZEN_RESEARCH_ONLY_NO_PROMOTION,False,False
b1s_firstn_intraday_path_0048,firstn_intraday_path,"CSRank(Mul($m1_first30_range,Sign(Delta($close,5))))","CSRank(Mul($m1_first30_range,Sign(Delta($close,5))))",daf81bcc368a93c989bac526f6ad5f8dbfb0915bab6dbdd01baa405015f4fea1,daf81bcc368a93c989bac526f6ad5f8dbfb0915bab6dbdd01baa405015f4fea1,b1s/firstn_intraday_path:fixed:0048,,fixed,frozen_nonadaptive,firstn_signed_path,mixed,firstn_intraday_path:firstn_intraday_path:signed_path,firstn_intraday_path:firstn_intraday_path:signed_path:mixed,"['close', 'm1_first30_range']",9201,,,development,firstn_intraday_path,signed_path,6,9283856,root_sample,"{'firstn': 'm1_first30_range', 'raw': 'close', 'window': 5}",allow,no blocked field/primitive combination detected,True,True,,-0.1710013331956948,0.17447181093696904,51,0.0392156862745098,0.10453469615004714,0.014637785310883047,0.14231127398636403,0.8796680497925311,205,0.1953536401629809,0.027490421813712054,0.13754299764867653,True,0.13076769449869213,0.8324439536710914,4,154,"{'signal_quality': 0.14231127398636403, 'cost_adjusted_quality': 0.1418228898859566, 'turnover': 0.1953536401629809, 'worst_time_block_quality': 0.13076769449869213, 'stability': 0.8324439536710914, 'concentration': 0.027490421813712054, 'benchmark_increment': 0.10946991565070131, 'complexity': 6.0, 'behaviour_novelty': 1.0}",True,[],0.5563685240524329,1,0.14231127398636403,0.1418228898859566,0.1953536401629809,0.13076769449869213,0.8324439536710914,0.027490421813712054,0.10946991565070131,6.0,1.0,,,,FROZEN_RESEARCH_ONLY_NO_PROMOTION,False,False
b1s_firstn_intraday_path_0215,firstn_intraday_path,"CSRank(Add($m1_first15_range,PathShape($ret_1m,5)))","CSRank(Add($m1_first15_range,PathShape($ret_1m,5)))",6b53499ca1ab267c7a55f8a0f5391d34a743acf7046cdf4d236333ef43f4f0cb,6b53499ca1ab267c7a55f8a0f5391d34a743acf7046cdf4d236333ef43f4f0cb,b1s/firstn_intraday_path:fixed:0215,,fixed,frozen_nonadaptive,firstn_path_shape,mixed,firstn_intraday_path:firstn_intraday_path:path_shape,firstn_intraday_path:firstn_intraday_path:path_shape:mixed,"['m1_first15_range', 'ret_1m']",9201,,,development,firstn_intraday_path,path_shape,5,9284023,root_sample,"{'firstn': 'm1_first15_range', 'raw': 'ret_1m', 'window': 5}",allow,no blocked field/primitive combination detected,True,True,,-0.14428816285819862,0.14833898505934295,55,0.05454545454545454,0.08488278316549448,0.011445592147134717,0.12185480224981457,0.941908713692946,148,0.36407995529889725,0.027490421819538244,0.12904938692311144,True,0.10304513749811697,0.8336147797521256,4,184,"{'signal_quality': 0.12185480224981457, 'cost_adjusted_quality': 0.12094460236156733, 'turnover': 0.36407995529889725, 'worst_time_block_quality': 0.10304513749811697, 'stability': 0.8336147797521256, 'concentration': 0.027490421819538244, 'benchmark_increment': 0.10097630492513622, 'complexity': 5.0, 'behaviour_novelty': 0.125}",True,[],0.45112391137813024,2,0.12185480224981457,0.12094460236156733,0.36407995529889725,0.10304513749811697,0.8336147797521256,0.027490421819538244,0.10097630492513622,5.0,0.125,,,,FROZEN_RESEARCH_ONLY_NO_PROMOTION,False,False
b1s_firstn_intraday_path_0031,firstn_intraday_path,"CSRank(Sub($m1_first15_vwap_return_vs_open,Delta($close,5)))","CSRank(Sub($m1_first15_vwap_return_vs_open,Delta($close,5)))",de2660ff27afa4c68547d60960a96da7d80febf62a38b46447ded768839991fd,de2660ff27afa4c68547d60960a96da7d80febf62a38b46447ded768839991fd,b1s/firstn_intraday_path:fixed:0031,,fixed,frozen_nonadaptive,firstn_mean_reversion,mixed,firstn_intraday_path:firstn_intraday_path:mean_reversion,firstn_intraday_path:firstn_intraday_path:mean_reversion:mixed,"['close', 'm1_first15_vwap_return_vs_open']",9201,,,development,firstn_intraday_path,mean_reversion,5,9283839,root_sample,"{'firstn': 'm1_first15_vwap_return_vs_open', 'raw': 'close', 'window': 5}",allow,no blocked field/primitive combination detected,True,True,,0.14016812644049936,0.14988821865845892,55,0.9090909090909091,0.11069487017505855,0.014926093249482183,0.11091298367151428,0.941908713692946,144,0.16642084575319208,0.0274904218193889,0.12536448191584826,True,0.10789767338919411,0.8198846151952812,4,144,"{'signal_quality': 0.11091298367151428, 'cost_adjusted_quality': 0.1104969315571313, 'turnover': 0.16642084575319208, 'worst_time_block_quality': 0.10789767338919411, 'stability': 0.8198846151952812, 'concentration': 0.0274904218193889, 'benchmark_increment': 0.09729139991787304, 'complexity': 5.0, 'behaviour_novelty': 0.3333333333333333}",True,[],0.45470660177495625,2,0.11091298367151428,0.1104969315571313,0.16642084575319208,0.10789767338919411,0.8198846151952812,0.0274904218193889,0.09729139991787304,5.0,0.3333333333333333,,,,FROZEN_RESEARCH_ONLY_NO_PROMOTION,False,False
b1s_firstn_intraday_path_0026,firstn_intraday_path,"CSRank(Sub($m1_first15_last_return_vs_open,Delta($close,5)))","CSRank(Sub($m1_first15_last_return_vs_open,Delta($close,5)))",ecf534d12b881313c8fe862b1f9c3d38d1b5f6bffa76f11faa7df73658870760,ecf534d12b881313c8fe862b1f9c3d38d1b5f6bffa76f11faa7df73658870760,b1s/firstn_intraday_path:fixed:0026,,fixed,frozen_nonadaptive,firstn_mean_reversion,mixed,firstn_intraday_path:firstn_intraday_path:mean_reversion,firstn_intraday_path:firstn_intraday_path:mean_reversion:mixed,"['close', 'm1_first15_last_return_vs_open']",9201,,,development,firstn_intraday_path,mean_reversion,5,9283834,root_sample,"{'firstn': 'm1_first15_last_return_vs_open', 'raw': 'close', 'window': 5}",allow,no blocked field/primitive combination detected,True,True,,0.1354586836050518,0.1471250052389231,55,0.8909090909090909,0.11020020355047432,0.014859392415430214,0.10633427447080859,0.941908713692946,248,0.15283155122052075,0.027490421818679514,0.12115241975756004,True,0.10346248594320995,0.81787498227666,4,149,"{'signal_quality': 0.10633427447080859, 'cost_adjusted_quality': 0.10595219559275729, 'turnover': 0.15283155122052075, 'worst_time_block_quality': 0.10346248594320995, 'stability': 0.81787498227666, 'concentration': 0.027490421818679514, 'benchmark_increment': 0.09307933775958482, 'complexity': 5.0, 'behaviour_novelty': 0.5}",True,[],0.4506701185387082,2,0.10633427447080859,0.10595219559275729,0.15283155122052075,0.10346248594320995,0.81787498227666,0.027490421818679514,0.09307933775958482,5.0,0.5,,,,FROZEN_RESEARCH_ONLY_NO_PROMOTION,False,False
b1s_firstn_intraday_path_0230,firstn_intraday_path,"CSRank(Add($m1_first30_range,PathShape($ret_1m,5)))","CSRank(Add($m1_first30_range,PathShape($ret_1m,5)))",158193e189bc415194f99d81d733de01d0a25076fec7b39ef2f07f3cf0e37a6f,158193e189bc415194f99d81d733de01d0a25076fec7b39ef2f07f3cf0e37a6f,b1s/firstn_intraday_path:fixed:0230,,fixed,frozen_nonadaptive,firstn_path_shape,mixed,firstn_intraday_path:firstn_intraday_path:path_shape,firstn_intraday_path:firstn_intraday_path:path_shape:mixed,"['m1_first30_range', 'ret_1m']",9201,,,development,firstn_intraday_path,path_shape,5,9284038,root_sample,"{'firstn': 'm1_first30_range', 'raw': 'ret_1m', 'window': 5}",allow,no blocked field/primitive combination detected,True,True,,-0.14565897872003583,0.1503549497835737,51,0.058823529411764705,0.08576152954125638,0.012009016179240111,0.12212130700872521,0.8796680497925311,144,0.3650477591497353,0.0274904218193889,0.11715916006731407,True,0.09751640358216937,0.7958958557355214,4,192,"{'signal_quality': 0.12212130700872521, 'cost_adjusted_quality': 0.12120868761085088, 'turnover': 0.3650477591497353, 'worst_time_block_quality': 0.09751640358216937, 'stability': 0.7958958557355214, 'concentration': 0.0274904218193889, 'benchmark_increment': 0.08908607806933885, 'complexity': 5.0, 'behaviour_novelty': 0.3333333333333333}",True,[],0.449018318501249,2,0.12212130700872521,0.12120868761085088,0.3650477591497353,0.09751640358216937,0.7958958557355214,0.0274904218193889,0.08908607806933885,5.0,0.3333333333333333,,,,FROZEN_RESEARCH_ONLY_NO_PROMOTION,False,False
b1s_firstn_intraday_path_0213,firstn_intraday_path,"CSRank(Mul($m1_first15_range,Sign(Delta($ret_1m,5))))","CSRank(Mul($m1_first15_range,Sign(Delta($ret_1m,5))))",c60e1a23da877e1d4d47a09c063902ed27e2e6bb123821bce4a16fbf9858e033,c60e1a23da877e1d4d47a09c063902ed27e2e6bb123821bce4a16fbf9858e033,b1s/firstn_intraday_path:fixed:0213,,fixed,frozen_nonadaptive,firstn_signed_path,mixed,firstn_intraday_path:firstn_intraday_path:signed_path,firstn_intraday_path:firstn_intraday_path:signed_path:mixed,"['m1_first15_range', 'ret_1m']",9201,,,development,firstn_intraday_path,signed_path,6,9284021,root_sample,"{'firstn': 'm1_first15_range', 'raw': 'ret_1m', 'window': 5}",allow,no blocked field/primitive combination detected,True,True,,-0.12036755593224661,0.13120600523661313,55,0.07272727272727272,0.09635465504299719,0.012992459035536367,0.09490233622259533,0.941908713692946,232,0.34290456347258036,0.027490421819264445,0.10765511869296857,True,0.04882954437583637,0.6303962324168181,4,187,"{'signal_quality': 0.09490233622259533, 'cost_adjusted_quality': 0.09404507481391389, 'turnover': 0.34290456347258036, 'worst_time_block_quality': 0.04882954437583637, 'stability': 0.6303962324168181, 'concentration': 0.027490421819264445, 'benchmark_increment': 0.07958203669499335, 'complexity': 6.0, 'behaviour_novelty': 0.5}",True,[],0.3480759888833351,4,0.09490233622259533,0.09404507481391389,0.34290456347258036,0.04882954437583637,0.6303962324168181,0.027490421819264445,0.07958203669499335,6.0,0.5,,,,FROZEN_RESEARCH_ONLY_NO_PROMOTION,False,False
b1s_firstn_intraday_path_0228,firstn_intraday_path,"CSRank(Mul($m1_first30_range,Sign(Delta($ret_1m,5))))","CSRank(Mul($m1_first30_range,Sign(Delta($ret_1m,5))))",ce5995e72e1efb1377612dc432ebff01ef5785af2df4017325044fd615004b4c,ce5995e72e1efb1377612dc432ebff01ef5785af2df4017325044fd615004b4c,b1s/firstn_intraday_path:fixed:0228,,fixed,frozen_nonadaptive,firstn_signed_path,mixed,firstn_intraday_path:firstn_intraday_path:signed_path,firstn_intraday_path:firstn_intraday_path:signed_path:mixed,"['m1_first30_range', 'ret_1m']",9201,,,development,firstn_intraday_path,signed_path,6,9284036,root_sample,"{'firstn': 'm1_first30_range', 'raw': 'ret_1m', 'window': 5}",allow,no blocked field/primitive combination detected,True,True,,-0.1315772243192951,0.13848642243170872,51,0.0784313725490196,0.09115852871837052,0.01276474722536296,0.1065583197575837,0.8796680497925311,192,0.3449727745737188,0.027490421818029655,0.10583265941241109,True,0.07007362058168937,0.6522958497403739,4,193,"{'signal_quality': 0.1065583197575837, 'cost_adjusted_quality': 0.1056958878211494, 'turnover': 0.3449727745737188, 'worst_time_block_quality': 0.07007362058168937, 'stability': 0.6522958497403739, 'concentration': 0.027490421818029655, 'benchmark_increment': 0.07775957741443587, 'complexity': 6.0, 'behaviour_novelty': 1.0}",True,[],0.41441528761369084,4,0.1065583197575837,0.1056958878211494,0.3449727745737188,0.07007362058168937,0.6522958497403739,0.027490421818029655,0.07775957741443587,6.0,1.0,,,,FROZEN_RESEARCH_ONLY_NO_PROMOTION,False,False
b1s_firstn_intraday_path_0036,firstn_intraday_path,"CSRank(Sub($m1_first15_range,Delta($close,5)))","CSRank(Sub($m1_first15_range,Delta($close,5)))",e848142fff5a9204120adac4e549e38ea25bc7cee11784230e523687b1c4e49e,e848142fff5a9204120adac4e549e38ea25bc7cee11784230e523687b1c4e49e,b1s/firstn_intraday_path:fixed:0036,,fixed,frozen_nonadaptive,firstn_mean_reversion,mixed,firstn_intraday_path:firstn_intraday_path:mean_reversion,firstn_intraday_path:firstn_intraday_path:mean_reversion:mixed,"['close', 'm1_first15_range']",9201,,,development,firstn_intraday_path,mean_reversion,5,9283844,root_sample,"{'firstn': 'm1_first15_range', 'raw': 'close', 'window': 5}",allow,no blocked field/primitive combination detected,True,True,,0.1151890362406042,0.12963527294457503,55,0.8545454545454545,0.10407789923730822,0.014033861070251273,0.08768266854291171,0.941908713692946,163,0.1579082253529686,0.02749042181869196,0.10302352052068826,True,0.10306357518407412,0.9260509998986101,4,147,"{'signal_quality': 0.08768266854291171, 'cost_adjusted_quality': 0.08728789797952928, 'turnover': 0.1579082253529686, 'worst_time_block_quality': 0.10306357518407412, 'stability': 0.9260509998986101, 'concentration': 0.02749042181869196, 'benchmark_increment': 0.07495043852271305, 'complexity': 5.0, 'behaviour_novelty': 0.5}",True,[],0.4198166087650775,1,0.08768266854291171,0.08728789797952928,0.1579082253529686,0.10306357518407412,0.9260509998986101,0.02749042181869196,0.07495043852271305,5.0,0.5,,,,FROZEN_RESEARCH_ONLY_NO_PROMOTION,False,False
b1s_firstn_intraday_path_0041,firstn_intraday_path,"CSRank(Sub($m1_first30_last_return_vs_open,Delta($close,5)))","CSRank(Sub($m1_first30_last_return_vs_open,Delta($close,5)))",b93574025778706b527251937e2834212e719f21697fee2ce462a04f264b35a0,b93574025778706b527251937e2834212e719f21697fee2ce462a04f264b35a0,b1s/firstn_intraday_path:fixed:0041,,fixed,frozen_nonadaptive,firstn_mean_reversion,mixed,firstn_intraday_path:firstn_intraday_path:mean_reversion,firstn_intraday_path:firstn_intraday_path:mean_reversion:mixed,"['close', 'm1_first30_last_return_vs_open']",9201,,,development,firstn_intraday_path,mean_reversion,5,9283849,root_sample,"{'firstn': 'm1_first30_last_return_vs_open', 'raw': 'close', 'window': 5}",allow,no blocked field/primitive combination detected,True,True,,0.12590915099608552,0.1423615673053185,51,0.8627450980392157,0.11312524879903221,0.01584070328939983,0.09486137254886184,0.8796680497925311,206,0.14758132926064943,0.027490421819015776,0.10127360843194556,True,0.06720947928994098,0.7231392343030324,4,153,"{'signal_quality': 0.09486137254886184, 'cost_adjusted_quality': 0.09449241922571022, 'turnover': 0.14758132926064943, 'worst_time_block_quality': 0.06720947928994098, 'stability': 0.7231392343030324, 'concentration': 0.027490421819015776, 'benchmark_increment': 0.07320052643397035, 'complexity': 5.0, 'behaviour_novelty': 1.0}",True,[],0.4074777552270811,1,0.09486137254886184,0.09449241922571022,0.14758132926064943,0.06720947928994098,0.7231392343030324,0.027490421819015776,0.07320052643397035,5.0,1.0,,,,FROZEN_RESEARCH_ONLY_NO_PROMOTION,False,False
b1s_firstn_intraday_path_0038,firstn_intraday_path,"CSRank(Mul($m1_first30_last_return_vs_open,Sign(Delta($close,5))))","CSRank(Mul($m1_first30_last_return_vs_open,Sign(Delta($close,5))))",3bc1194db3ee681a1f41e53e63116e68483549c6a255293d2065489710d78205,3bc1194db3ee681a1f41e53e63116e68483549c6a255293d2065489710d78205,b1s/firstn_intraday_path:fixed:0038,,fixed,frozen_nonadaptive,firstn_signed_path,mixed,firstn_intraday_path:firstn_intraday_path:signed_path,firstn_intraday_path:firstn_intraday_path:signed_path:mixed,"['close', 'm1_first30_last_return_vs_open']",9201,,,development,firstn_intraday_path,signed_path,6,9283846,root_sample,"{'firstn': 'm1_first30_last_return_vs_open', 'raw': 'close', 'window': 5}",allow,no blocked field/primitive combination detected,True,True,,-0.11548796152383581,0.13727586209463097,51,0.11764705882352941,0.10799625249681934,0.015122500152095633,0.08584786122572836,0.8796680497925311,190,0.18967928114530946,0.027490421815017995,0.09289144197574777,True,0.07003087502450481,0.7621188245825418,4,151,"{'signal_quality': 0.08584786122572836, 'cost_adjusted_quality': 0.08537366302286509, 'turnover': 0.18967928114530946, 'worst_time_block_quality': 0.07003087502450481, 'stability': 0.7621188245825418, 'concentration': 0.027490421815017995, 'benchmark_increment': 0.06481835997777255, 'complexity': 6.0, 'behaviour_novelty': 1.0}",True,[],0.39033663595716117,2,0.08584786122572836,0.08537366302286509,0.18967928114530946,0.07003087502450481,0.7621188245825418,0.027490421815017995,0.06481835997777255,6.0,1.0,,,,FROZEN_RESEARCH_ONLY_NO_PROMOTION,False,False
b1s_firstn_intraday_path_0051,firstn_intraday_path,"CSRank(Sub($m1_first30_range,Delta($close,5)))","CSRank(Sub($m1_first30_range,Delta($close,5)))",eb5c67c759350b479fe6ee41d15fd9a95139f1be01b6ae7352d5c3876431c2e0,eb5c67c759350b479fe6ee41d15fd9a95139f1be01b6ae7352d5c3876431c2e0,b1s/firstn_intraday_path:fixed:0051,,fixed,frozen_nonadaptive,firstn_mean_reversion,mixed,firstn_intraday_path:firstn_intraday_path:mean_reversion,firstn_intraday_path:firstn_intraday_path:mean_reversion:mixed,"['close', 'm1_first30_range']",9201,,,development,firstn_intraday_path,mean_reversion,5,9283859,root_sample,"{'firstn': 'm1_first30_range', 'raw': 'close', 'window': 5}",allow,no blocked field/primitive combination detected,True,True,,0.10380108973616775,0.12394779300362652,51,0.8431372549019608,0.10740549319375972,0.015039777303442768,0.07432312622141993,0.8796680497925311,144,0.15134427489683655,0.0274904218193889,0.08349123819504367,True,0.05780441107662537,0.7333428193365736,4,155,"{'signal_quality': 0.07432312622141993, 'cost_adjusted_quality': 0.07394476553417784, 'turnover': 0.15134427489683655, 'worst_time_block_quality': 0.05780441107662537, 'stability': 0.7333428193365736, 'concentration': 0.0274904218193889, 'benchmark_increment': 0.055418156197068455, 'complexity': 5.0, 'behaviour_novelty': 1.0}",True,[],0.35289403087733023,2,0.07432312622141993,0.07394476553417784,0.15134427489683655,0.05780441107662537,0.7333428193365736,0.0274904218193889,0.055418156197068455,5.0,1.0,,,,FROZEN_RESEARCH_ONLY_NO_PROMOTION,False,False
b1s_firstn_intraday_path_0043,firstn_intraday_path,"CSRank(Mul($m1_first30_vwap_return_vs_open,Sign(Delta($close,5))))","CSRank(Mul($m1_first30_vwap_return_vs_open,Sign(Delta($close,5))))",489c4f99b755038115f947e004945f7dc9ddd62fa2bea50e27dbc863794037d8,489c4f99b755038115f947e004945f7dc9ddd62fa2bea50e27dbc863794037d8,b1s/firstn_intraday_path:fixed:0043,,fixed,frozen_nonadaptive,firstn_signed_path,mixed,firstn_intraday_path:firstn_intraday_path:signed_path,firstn_intraday_path:firstn_intraday_path:signed_path:mixed,"['close', 'm1_first30_vwap_return_vs_open']",9201,,,development,firstn_intraday_path,signed_path,6,9283851,root_sample,"{'firstn': 'm1_first30_vwap_return_vs_open', 'raw': 'close', 'window': 5}",allow,no blocked field/primitive combination detected,True,True,,-0.09799182764384551,0.11991089341131929,51,0.1568627450980392,0.10468273764938853,0.014658515267196786,0.06926113772013981,0.8796680497925311,182,0.1906490441978607,0.027490421814058526,0.07881862361729405,True,0.048536719201700024,0.6942542641581805,4,150,"{'signal_quality': 0.06926113772013981, 'cost_adjusted_quality': 0.06878451510964516, 'turnover': 0.1906490441978607, 'worst_time_block_quality': 0.048536719201700024, 'stability': 0.6942542641581805, 'concentration': 0.027490421814058526, 'benchmark_increment': 0.05074554161931884, 'complexity': 6.0, 'behaviour_novelty': 0.5}",True,[],0.3000907715938292,2,0.06926113772013981,0.06878451510964516,0.1906490441978607,0.048536719201700024,0.6942542641581805,0.027490421814058526,0.05074554161931884,6.0,0.5,,,,FROZEN_RESEARCH_ONLY_NO_PROMOTION,False,False
b1s_firstn_intraday_path_0218,firstn_intraday_path,"CSRank(Mul($m1_first30_last_return_vs_open,Sign(Delta($ret_1m,5))))","CSRank(Mul($m1_first30_last_return_vs_open,Sign(Delta($ret_1m,5))))",e3b53410052ebfc81e10dfd01e9fb15dc4f8976a140803070b330e3c731a1ca1,e3b53410052ebfc81e10dfd01e9fb15dc4f8976a140803070b330e3c731a1ca1,b1s/firstn_intraday_path:fixed:0218,,fixed,frozen_nonadaptive,firstn_signed_path,mixed,firstn_intraday_path:firstn_intraday_path:signed_path,firstn_intraday_path:firstn_intraday_path:signed_path:mixed,"['m1_first30_last_return_vs_open', 'ret_1m']",9201,,,development,firstn_intraday_path,signed_path,6,9284026,root_sample,"{'firstn': 'm1_first30_last_return_vs_open', 'raw': 'ret_1m', 'window': 5}",allow,no blocked field/primitive combination detected,True,True,,-0.09531547161284488,0.10421232911790304,51,0.09803921568627451,0.07912463358167741,0.011079664856043673,0.07359932849499928,0.8796680497925311,178,0.344595428696313,0.027490421799586565,0.07666592676751177,True,0.06469891425398529,0.7962565572130149,4,191,"{'signal_quality': 0.07359932849499928, 'cost_adjusted_quality': 0.0727378399232585, 'turnover': 0.344595428696313, 'worst_time_block_quality': 0.06469891425398529, 'stability': 0.7962565572130149, 'concentration': 0.027490421799586565, 'benchmark_increment': 0.048592844769536556, 'complexity': 6.0, 'behaviour_novelty': 1.0}",True,[],0.3498735562419021,4,0.07359932849499928,0.0727378399232585,0.344595428696313,0.06469891425398529,0.7962565572130149,0.027490421799586565,0.048592844769536556,6.0,1.0,,,,FROZEN_RESEARCH_ONLY_NO_PROMOTION,False,False
b1s_temporal_program_0457,temporal_program,"CSRank(Mul(Duration($ctx_sent_lb_2_num),Sign(Delta($close,3))))","CSRank(Mul(Duration($ctx_sent_lb_2_num),Sign(Delta($close,3))))",8ef9a2da90e8cfcd085dd0a44035dd479020395556d650ba76fa2795d8bf7b72,8ef9a2da90e8cfcd085dd0a44035dd479020395556d650ba76fa2795d8bf7b72,b1s/temporal_program:fixed:0457,,fixed,frozen_nonadaptive,duration,mixed,temporal_program:temporal_program:duration,temporal_program:temporal_program:duration:mixed,"['close', 'ctx_sent_lb_2_num']",9202,,,development,temporal_program,duration,7,9285274,root_sample,"{'field': 'close', 'other': 'amount_yuan', 'window': 3, 'state': 'ctx_sent_lb_2_num'}",allow,no blocked field/primitive combination detected,True,True,,-0.19245674543790106,0.19880518217608353,58,0.017241379310344827,0.10324732805911026,0.013557038349739309,0.165884950272412,0.9875518672199171,239,0.22422387716467362,0.02304766729057639,0.1853284660324394,True,0.12781248821397287,0.7697504127258971,4,68,"{'signal_quality': 0.165884950272412, 'cost_adjusted_quality': 0.16532439057950032, 'turnover': 0.22422387716467362, 'worst_time_block_quality': 0.12781248821397287, 'stability': 0.7697504127258971, 'concentration': 0.02304766729057639, 'benchmark_increment': 0.15725538403446418, 'complexity': 7.0, 'behaviour_novelty': 0.2}",True,[],0.5524028592008351,1,0.165884950272412,0.16532439057950032,0.22422387716467362,0.12781248821397287,0.7697504127258971,0.02304766729057639,0.15725538403446418,7.0,0.2,,,,FROZEN_RESEARCH_ONLY_NO_PROMOTION,False,False
b1s_temporal_program_0581,temporal_program,"CSRank(Sub(RecoveryPath($close,5),DrawdownPath($amount_yuan,5)))","CSRank(Sub(RecoveryPath($close,5),DrawdownPath($amount_yuan,5)))",c2d8e28cb39a98acebca7a75bede53397e774c6f73703706244eb6d556620c0c,c2d8e28cb39a98acebca7a75bede53397e774c6f73703706244eb6d556620c0c,b1s/temporal_program:fixed:0581,,fixed,frozen_nonadaptive,drawdownrecovery,raw_1min,temporal_program:temporal_program:drawdownrecovery,temporal_program:temporal_program:drawdownrecovery:raw_1min,"['amount_yuan', 'close']",9202,,,development,temporal_program,drawdownrecovery,6,9285398,root_sample,"{'field': 'close', 'other': 'amount_yuan', 'window': 5, 'state': 'ctx_sent_lb_2_num'}",allow,no blocked field/primitive combination detected,True,True,,-0.19305485759299731,0.2034527206064861,58,0.05172413793103448,0.11087247977663908,0.014558269821782205,0.16452064874230418,0.983402489626556,232,0.27019455253241736,0.027199832230182578,0.18512331407312344,True,0.11975664157067219,0.7784522403779754,4,446,"{'signal_quality': 0.16452064874230418, 'cost_adjusted_quality': 0.16384516236097313, 'turnover': 0.27019455253241736, 'worst_time_block_quality': 0.11975664157067219, 'stability': 0.7784522403779754, 'concentration': 0.027199832230182578, 'benchmark_increment': 0.1570502320751482, 'complexity': 6.0, 'behaviour_novelty': 1.0}",True,[],0.5844697007056537,2,0.16452064874230418,0.16384516236097313,0.27019455253241736,0.11975664157067219,0.7784522403779754,0.027199832230182578,0.1570502320751482,6.0,1.0,,,,FROZEN_RESEARCH_ONLY_NO_PROMOTION,False,False
b1s_temporal_program_0701,temporal_program,"CSRank(Sub(RecoveryPath($close,8),DrawdownPath($amount_yuan,8)))","CSRank(Sub(RecoveryPath($close,8),DrawdownPath($amount_yuan,8)))",0657dd5788ba87d6aef8c4fbb664cc9cdaef444110c1804a5758dc778ac2412a,0657dd5788ba87d6aef8c4fbb664cc9cdaef444110c1804a5758dc778ac2412a,b1s/temporal_program:fixed:0701,,fixed,frozen_nonadaptive,drawdownrecovery,raw_1min,temporal_program:temporal_program:drawdownrecovery,temporal_program:temporal_program:drawdownrecovery:raw_1min,"['amount_yuan', 'close']",9202,,,development,temporal_program,drawdownrecovery,6,9285518,root_sample,"{'field': 'close', 'other': 'amount_yuan', 'window': 8, 'state': 'ctx_sent_lb_2_num'}",allow,no blocked field/primitive combination detected,True,True,,-0.1955387273490111,0.20646208730158844,57,0.05263157894736842,0.1199386926596982,0.015886267929184992,0.1644016422078085,0.970954356846473,234,0.24799937420033846,0.027370485354527047,0.18352875117281164,True,0.14272098030033337,0.8263668657313518,4,460,"{'signal_quality': 0.1644016422078085, 'cost_adjusted_quality': 0.16378164377230767, 'turnover': 0.24799937420033846, 'worst_time_block_quality': 0.14272098030033337, 'stability': 0.8263668657313518, 'concentration': 0.027370485354527047, 'benchmark_increment': 0.15545566917483641, 'complexity': 6.0, 'behaviour_novelty': 1.0}",True,[],0.6051359672194151,1,0.1644016422078085,0.16378164377230767,0.24799937420033846,0.14272098030033337,0.8263668657313518,0.027370485354527047,0.15545566917483641,6.0,1.0,,,,FROZEN_RESEARCH_ONLY_NO_PROMOTION,False,False
b1s_temporal_program_0577,temporal_program,"CSRank(Mul(Duration($ctx_sent_lb_2_num),Sign(Delta($close,5))))","CSRank(Mul(Duration($ctx_sent_lb_2_num),Sign(Delta($close,5))))",b32ba9ff92fe290c760a8c5118a6bb0c9a61fcf8f6b8515df633d9777c737ac1,b32ba9ff92fe290c760a8c5118a6bb0c9a61fcf8f6b8515df633d9777c737ac1,b1s/temporal_program:fixed:0577,,fixed,frozen_nonadaptive,duration,mixed,temporal_program:temporal_program:duration,temporal_program:temporal_program:duration:mixed,"['close', 'ctx_sent_lb_2_num']",9202,,,development,temporal_program,duration,7,9285394,root_sample,"{'field': 'close', 'other': 'amount_yuan', 'window': 5, 'state': 'ctx_sent_lb_2_num'}",allow,no blocked field/primitive combination detected,True,True,,-0.17955420226000515,0.18654484672365257,57,0.03508771929824561,0.11380820587546465,0.015074265118157296,0.15000864262841684,0.979253112033195,247,0.19399215192699157,0.01988278457699744,0.169966387712623,True,0.12765307032983636,0.8153124899186518,4,445,"{'signal_quality': 0.15000864262841684, 'cost_adjusted_quality': 0.14952366224859936, 'turnover': 0.19399215192699157, 'worst_time_block_quality': 0.12765307032983636, 'stability': 0.8153124899186518, 'concentration': 0.01988278457699744, 'benchmark_increment': 0.14189330571464778, 'complexity': 7.0, 'behaviour_novelty': 0.5}",True,[],0.5486241440454208,1,0.15000864262841684,0.14952366224859936,0.19399215192699157,0.12765307032983636,0.8153124899186518,0.01988278457699744,0.14189330571464778,7.0,0.5,,,,FROZEN_RESEARCH_ONLY_NO_PROMOTION,False,False
b1s_temporal_program_0334,temporal_program,"CSRank(Slope($close,2))","CSRank(Slope($close,2))",53593fb4314f2f30a2e2549c73927e7fcd8d2209492b29cca11eb2cdd894d9b1,53593fb4314f2f30a2e2549c73927e7fcd8d2209492b29cca11eb2cdd894d9b1,b1s/temporal_program:fixed:0334,,fixed,frozen_nonadaptive,slope,raw_1min,temporal_program:temporal_program:slope,temporal_program:temporal_program:slope:raw_1min,['close'],9202,,,development,temporal_program,slope,4,9285151,root_sample,"{'field': 'close', 'other': 'amount_yuan', 'window': 2, 'state': 'ctx_sent_lb_2_num'}",allow,no blocked field/primitive combination detected,True,True,,-0.17494025393425025,0.18027618243525262,58,0.034482758620689655,0.09625619619696246,0.012639057763268733,0.15016770071824354,0.995850622406639,286,0.34066398448843566,0.025834131875818348,0.16987639299901897,True,0.10410953743286597,0.7492046825067201,4,409,"{'signal_quality': 0.15016770071824354, 'cost_adjusted_quality': 0.14931604075702246, 'turnover': 0.34066398448843566, 'worst_time_block_quality': 0.10410953743286597, 'stability': 0.7492046825067201, 'concentration': 0.025834131875818348, 'benchmark_increment': 0.14180331100104374, 'complexity': 4.0, 'behaviour_novelty': 1.0}",True,[],0.5454030688576389,2,0.15016770071824354,0.14931604075702246,0.34066398448843566,0.10410953743286597,0.7492046825067201,0.025834131875818348,0.14180331100104374,4.0,1.0,,,,FROZEN_RESEARCH_ONLY_NO_PROMOTION,False,False
b1s_temporal_program_0014,temporal_program,"CSRank(Slope($ret_1m,8))","CSRank(Slope($ret_1m,8))",900680ceb7ed679fcc665d6495c291a16ba01e916c538f3013fbe0e8a957bc4d,900680ceb7ed679fcc665d6495c291a16ba01e916c538f3013fbe0e8a957bc4d,b1s/temporal_program:fixed:0014,,fixed,frozen_nonadaptive,slope,raw_1min,temporal_program:temporal_program:slope,temporal_program:temporal_program:slope:raw_1min,['ret_1m'],9202,,,development,temporal_program,slope,4,9284831,root_sample,"{'field': 'ret_1m', 'other': 'low', 'window': 8, 'state': 'evt_uplimit_active'}",allow,no blocked field/primitive combination detected,True,True,,-0.17442000418273795,0.17704406645756282,57,0.03508771929824561,0.1005272410745396,0.013315158356970582,0.1483222938030756,0.970954356846473,199,0.25380628088703017,0.027490421818350617,0.16370713863795827,True,0.14110433181682527,0.788555470102459,4,309,"{'signal_quality': 0.1483222938030756, 'cost_adjusted_quality': 0.14768777810085804, 'turnover': 0.25380628088703017, 'worst_time_block_quality': 0.14110433181682527, 'stability': 0.788555470102459, 'concentration': 0.027490421818350617, 'benchmark_increment': 0.13563405663998304, 'complexity': 4.0, 'behaviour_novelty': 0.5}",True,[],0.5502110536050895,1,0.1483222938030756,0.14768777810085804,0.25380628088703017,0.14110433181682527,0.788555470102459,0.027490421818350617,0.13563405663998304,4.0,0.5,,,,FROZEN_RESEARCH_ONLY_NO_PROMOTION,False,False
b1s_temporal_program_0141,temporal_program,"CSRank(Sub(RecoveryPath($ret_1m,15),DrawdownPath($low,15)))","CSRank(Sub(RecoveryPath($ret_1m,15),DrawdownPath($low,15)))",bd9986275fa43ed198a6975a4b8d127d9bd40dc1d9f2ee7b9297f986099af110,bd9986275fa43ed198a6975a4b8d127d9bd40dc1d9f2ee7b9297f986099af110,b1s/temporal_program:fixed:0141,,fixed,frozen_nonadaptive,drawdownrecovery,raw_1min,temporal_program:temporal_program:drawdownrecovery,temporal_program:temporal_program:drawdownrecovery:raw_1min,"['low', 'ret_1m']",9202,,,development,temporal_program,drawdownrecovery,6,9284958,root_sample,"{'field': 'ret_1m', 'other': 'low', 'window': 15, 'state': 'evt_uplimit_active'}",allow,no blocked field/primitive combination detected,True,True,,-0.17992901016464663,0.18129722040538887,55,0.03636363636363636,0.09253732852698734,0.012477730833122144,0.15547265773172722,0.941908713692946,224,0.33713673120810117,0.027248215457924108,0.160926080084958,True,0.12072043438753365,0.7983573122593176,4,380,"{'signal_quality': 0.15547265773172722, 'cost_adjusted_quality': 0.15462981590370697, 'turnover': 0.33713673120810117, 'worst_time_block_quality': 0.12072043438753365, 'stability': 0.7983573122593176, 'concentration': 0.027248215457924108, 'benchmark_increment': 0.13285299808698278, 'complexity': 6.0, 'behaviour_novelty': 1.0}",True,[],0.564873226509411,2,0.15547265773172722,0.15462981590370697,0.33713673120810117,0.12072043438753365,0.7983573122593176,0.027248215457924108,0.13285299808698278,6.0,1.0,,,,FROZEN_RESEARCH_ONLY_NO_PROMOTION,False,False
b1s_temporal_program_0697,temporal_program,"CSRank(Mul(Duration($ctx_sent_lb_2_num),Sign(Delta($close,8))))","CSRank(Mul(Duration($ctx_sent_lb_2_num),Sign(Delta($close,8))))",29996b154a1c151705d15a664a8a289bbc91c0385e564a6d6ab3118d8c068c75,29996b154a1c151705d15a664a8a289bbc91c0385e564a6d6ab3118d8c068c75,b1s/temporal_program:fixed:0697,,fixed,frozen_nonadaptive,duration,mixed,temporal_program:temporal_program:duration,temporal_program:temporal_program:duration:mixed,"['close', 'ctx_sent_lb_2_num']",9202,,,development,temporal_program,duration,7,9285514,root_sample,"{'field': 'close', 'other': 'amount_yuan', 'window': 8, 'state': 'ctx_sent_lb_2_num'}",allow,no blocked field/primitive combination detected,True,True,,-0.16858918192672837,0.1826591342327937,57,0.07017543859649122,0.11957922239471487,0.015838654929447676,0.13754541826501093,0.966804979253112,246,0.16655795189611777,0.020408876393266582,0.15755822953602908,True,0.09631617234849052,0.7475836283873553,4,124,"{'signal_quality': 0.13754541826501093, 'cost_adjusted_quality': 0.13712902338527064, 'turnover': 0.16655795189611777, 'worst_time_block_quality': 0.09631617234849052, 'stability': 0.7475836283873553, 'concentration': 0.020408876393266582, 'benchmark_increment': 0.12948514753805385, 'complexity': 7.0, 'behaviour_novelty': 0.3333333333333333}",True,[],0.49021258166920534,1,0.13754541826501093,0.13712902338527064,0.16655795189611777,0.09631617234849052,0.7475836283873553,0.020408876393266582,0.12948514753805385,7.0,0.3333333333333333,,,,FROZEN_RESEARCH_ONLY_NO_PROMOTION,False,False
b1s_temporal_program_0134,temporal_program,"CSRank(Slope($ret_1m,15))","CSRank(Slope($ret_1m,15))",2a446a11d1e868e40e766e6babd17649c46d7102188c704726174b6ed4ee4691,2a446a11d1e868e40e766e6babd17649c46d7102188c704726174b6ed4ee4691,b1s/temporal_program:fixed:0134,,fixed,frozen_nonadaptive,slope,raw_1min,temporal_program:temporal_program:slope,temporal_program:temporal_program:slope:raw_1min,['ret_1m'],9202,,,development,temporal_program,slope,4,9284951,root_sample,"{'field': 'ret_1m', 'other': 'low', 'window': 15, 'state': 'evt_uplimit_active'}",allow,no blocked field/primitive combination detected,True,True,,-0.17495228955732,0.17706038342387703,55,0.03636363636363636,0.10099873285631321,0.01361866636013762,0.14825970349145026,0.941908713692946,188,0.21314626190388547,0.027490421820284966,0.15647496829213348,True,0.13014277347368114,0.828122640868189,4,376,"{'signal_quality': 0.14825970349145026, 'cost_adjusted_quality': 0.14772683783669055, 'turnover': 0.21314626190388547, 'worst_time_block_quality': 0.13014277347368114, 'stability': 0.828122640868189, 'concentration': 0.027490421820284966, 'benchmark_increment': 0.12840188629415825, 'complexity': 4.0, 'behaviour_novelty': 1.0}",True,[],0.57161353182432,1,0.14825970349145026,0.14772683783669055,0.21314626190388547,0.13014277347368114,0.828122640868189,0.027490421820284966,0.12840188629415825,4.0,1.0,,,,FROZEN_RESEARCH_ONLY_NO_PROMOTION,False,False
b1s_temporal_program_0613,temporal_program,"CSRank(Delta($ret_1m,5))","CSRank(Delta($ret_1m,5))",93f386b0b8ed71dcaafbdf06a9b6a8f94694c352ddc38634f8808a6241430582,93f386b0b8ed71dcaafbdf06a9b6a8f94694c352ddc38634f8808a6241430582,b1s/temporal_program:fixed:0613,,fixed,frozen_nonadaptive,delta,raw_1min,temporal_program:temporal_program:delta,temporal_program:temporal_program:delta:raw_1min,['ret_1m'],9202,,,development,temporal_program,delta,4,9285430,root_sample,"{'field': 'ret_1m', 'other': 'low', 'window': 5, 'state': 'evt_uplimit_active'}",allow,no blocked field/primitive combination detected,True,True,,-0.16355131324788905,0.16929441028836398,57,0.07017543859649122,0.10177336853964872,0.01348021197182703,0.13713009778310808,0.979253112033195,257,0.3728809595239309,0.027490421818163396,0.15481801911907292,True,0.09857009637750304,0.747259178233967,4,299,"{'signal_quality': 0.13713009778310808, 'cost_adjusted_quality': 0.13619789538429825, 'turnover': 0.3728809595239309, 'worst_time_block_quality': 0.09857009637750304, 'stability': 0.747259178233967, 'concentration': 0.027490421818163396, 'benchmark_increment': 0.1267449371210977, 'complexity': 4.0, 'behaviour_novelty': 0.5}",True,[],0.4909919989624368,3,0.13713009778310808,0.13619789538429825,0.3728809595239309,0.09857009637750304,0.747259178233967,0.027490421818163396,0.1267449371210977,4.0,0.5,,,,FROZEN_RESEARCH_ONLY_NO_PROMOTION,False,False
b1s_temporal_program_0021,temporal_program,"CSRank(Sub(RecoveryPath($ret_1m,8),DrawdownPath($low,8)))","CSRank(Sub(RecoveryPath($ret_1m,8),DrawdownPath($low,8)))",af362842d18ebcfc28517ac3c5c01bf2d1020fcbb6f61b2983ba8042191d9391,af362842d18ebcfc28517ac3c5c01bf2d1020fcbb6f61b2983ba8042191d9391,b1s/temporal_program:fixed:0021,,fixed,frozen_nonadaptive,drawdownrecovery,raw_1min,temporal_program:temporal_program:drawdownrecovery,temporal_program:temporal_program:drawdownrecovery:raw_1min,"['low', 'ret_1m']",9202,,,development,temporal_program,drawdownrecovery,6,9284838,root_sample,"{'field': 'ret_1m', 'other': 'low', 'window': 8, 'state': 'evt_uplimit_active'}",allow,no blocked field/primitive combination detected,True,True,,-0.1640194289468147,0.16908305433577137,57,0.05263157894736842,0.09751828128484265,0.012916611896714458,0.13870286962925438,0.970954356846473,255,0.3351903184319884,0.02725587028548967,0.15394536607041517,True,0.11750972426412008,0.8105382601075152,4,357,"{'signal_quality': 0.13870286962925438, 'cost_adjusted_quality': 0.1378648938331744, 'turnover': 0.3351903184319884, 'worst_time_block_quality': 0.11750972426412008, 'stability': 0.8105382601075152, 'concentration': 0.02725587028548967, 'benchmark_increment': 0.12587228407243994, 'complexity': 6.0, 'behaviour_novelty': 1.0}",True,[],0.5385665792496424,3,0.13870286962925438,0.1378648938331744,0.3351903184319884,0.11750972426412008,0.8105382601075152,0.02725587028548967,0.12587228407243994,6.0,1.0,,,,FROZEN_RESEARCH_ONLY_NO_PROMOTION,False,False
b1s_temporal_program_0261,temporal_program,"CSRank(Sub(RecoveryPath($ret_1m,30),DrawdownPath($low,30)))","CSRank(Sub(RecoveryPath($ret_1m,30),DrawdownPath($low,30)))",dbbbb143fb27abf5c052cfaab5d5641cc991d962500d2639f869833c12fec786,dbbbb143fb27abf5c052cfaab5d5641cc991d962500d2639f869833c12fec786,b1s/temporal_program:fixed:0261,,fixed,frozen_nonadaptive,drawdownrecovery,raw_1min,temporal_program:temporal_program:drawdownrecovery,temporal_program:temporal_program:drawdownrecovery:raw_1min,"['low', 'ret_1m']",9202,,,development,temporal_program,drawdownrecovery,6,9285078,root_sample,"{'field': 'ret_1m', 'other': 'low', 'window': 30, 'state': 'evt_uplimit_active'}",allow,no blocked field/primitive combination detected,True,True,,-0.1865697370623628,0.18913349828797393,51,0.0392156862745098,0.0908853332398789,0.012726492206605128,0.16162581233741674,0.8796680497925311,181,0.3287192456969807,0.027425811826879948,0.15006526806849962,True,0.12255241402959313,0.7656729029335199,4,403,"{'signal_quality': 0.16162581233741674, 'cost_adjusted_quality': 0.16080401422317428, 'turnover': 0.3287192456969807, 'worst_time_block_quality': 0.12255241402959313, 'stability': 0.7656729029335199, 'concentration': 0.027425811826879948, 'benchmark_increment': 0.12199218607052441, 'complexity': 6.0, 'behaviour_novelty': 1.0}",True,[],0.5674409989346245,2,0.16162581233741674,0.16080401422317428,0.3287192456969807,0.12255241402959313,0.7656729029335199,0.027425811826879948,0.12199218607052441,6.0,1.0,,,,FROZEN_RESEARCH_ONLY_NO_PROMOTION,False,False
b1s_temporal_program_0700,temporal_program,"CSRank(PathShape($close,8))","CSRank(PathShape($close,8))",e9c979879c62a4aaaa18423853adb8e757c8e59c5b5283358610b4f38d53ba06,e9c979879c62a4aaaa18423853adb8e757c8e59c5b5283358610b4f38d53ba06,b1s/temporal_program:fixed:0700,,fixed,frozen_nonadaptive,pathshape,raw_1min,temporal_program:temporal_program:pathshape,temporal_program:temporal_program:pathshape:raw_1min,['close'],9202,,,development,temporal_program,pathshape,4,9285517,root_sample,"{'field': 'close', 'other': 'amount_yuan', 'window': 8, 'state': 'ctx_sent_lb_2_num'}",allow,no blocked field/primitive combination detected,True,True,,-0.15973856987391188,0.17295360185412068,57,0.08771929824561403,0.11741177874394233,0.015551570004691335,0.12925749266471687,0.970954356846473,287,0.18439412445452988,0.024571421621983332,0.1499274370890408,True,0.12710101467113832,0.8100890701134045,4,459,"{'signal_quality': 0.12925749266471687, 'cost_adjusted_quality': 0.12879650735358053, 'turnover': 0.18439412445452988, 'worst_time_block_quality': 0.12710101467113832, 'stability': 0.8100890701134045, 'concentration': 0.024571421621983332, 'benchmark_increment': 0.12185435509106558, 'complexity': 4.0, 'behaviour_novelty': 1.0}",True,[],0.5396701231352506,1,0.12925749266471687,0.12879650735358053,0.18439412445452988,0.12710101467113832,0.8100890701134045,0.024571421621983332,0.12185435509106558,4.0,1.0,,,,FROZEN_RESEARCH_ONLY_NO_PROMOTION,False,False
b1s_temporal_program_0574,temporal_program,"CSRank(Slope($close,5))","CSRank(Slope($close,5))",9c396a84efbb0b16c9bb3b8ef561f7d155be9855bd3b42f8db43e43ec1dfd20d,9c396a84efbb0b16c9bb3b8ef561f7d155be9855bd3b42f8db43e43ec1dfd20d,b1s/temporal_program:fixed:0574,,fixed,frozen_nonadaptive,slope,raw_1min,temporal_program:temporal_program:slope,temporal_program:temporal_program:slope:raw_1min,['close'],9202,,,development,temporal_program,slope,4,9285391,root_sample,"{'field': 'close', 'other': 'amount_yuan', 'window': 5, 'state': 'ctx_sent_lb_2_num'}",allow,no blocked field/primitive combination detected,True,True,,-0.1545152776108536,0.16874156846414667,58,0.10344827586206896,0.12678098147745703,0.01664715843225944,0.1218868470836251,0.983402489626556,287,0.16981357256096474,0.027432627223964258,0.1481671097163187,True,0.09011909323323362,0.6831785045777519,4,443,"{'signal_quality': 0.1218868470836251, 'cost_adjusted_quality': 0.12146231315222268, 'turnover': 0.16981357256096474, 'worst_time_block_quality': 0.09011909323323362, 'stability': 0.6831785045777519, 'concentration': 0.027432627223964258, 'benchmark_increment': 0.12009402771834347, 'complexity': 4.0, 'behaviour_novelty': 1.0}",True,[],0.48767366348054764,1,0.1218868470836251,0.12146231315222268,0.16981357256096474,0.09011909323323362,0.6831785045777519,0.027432627223964258,0.12009402771834347,4.0,1.0,,,,FROZEN_RESEARCH_ONLY_NO_PROMOTION,False,False
b1s_temporal_program_0013,temporal_program,"CSRank(Delta($ret_1m,8))","CSRank(Delta($ret_1m,8))",46b2ad0703c88fb63a49056e7371facf83080fa81d9ee8148512ecc15453ac35,46b2ad0703c88fb63a49056e7371facf83080fa81d9ee8148512ecc15453ac35,b1s/temporal_program:fixed:0013,,fixed,frozen_nonadaptive,delta,raw_1min,temporal_program:temporal_program:delta,temporal_program:temporal_program:delta:raw_1min,['ret_1m'],9202,,,development,temporal_program,delta,4,9284830,root_sample,"{'field': 'ret_1m', 'other': 'low', 'window': 8, 'state': 'evt_uplimit_active'}",allow,no blocked field/primitive combination detected,True,True,,-0.15780848616580298,0.16127773650752944,57,0.05263157894736842,0.0867663073189073,0.011492478154694225,0.1352832289826023,0.966804979253112,260,0.3727246800627581,0.027490421822950587,0.1474829250719727,True,0.11427248646662128,0.8332970382746561,4,355,"{'signal_quality': 0.1352832289826023, 'cost_adjusted_quality': 0.13435141728244543, 'turnover': 0.3727246800627581, 'worst_time_block_quality': 0.11427248646662128, 'stability': 0.8332970382746561, 'concentration': 0.027490421822950587, 'benchmark_increment': 0.11940984307399748, 'complexity': 4.0, 'behaviour_novelty': 1.0}",True,[],0.5313107882559374,1,0.1352832289826023,0.13435141728244543,0.3727246800627581,0.11427248646662128,0.8332970382746561,0.027490421822950587,0.11940984307399748,4.0,1.0,,,,FROZEN_RESEARCH_ONLY_NO_PROMOTION,False,False
b1s_temporal_program_0221,temporal_program,"CSRank(Sub(RecoveryPath($close,30),DrawdownPath($amount_yuan,30)))","CSRank(Sub(RecoveryPath($close,30),DrawdownPath($amount_yuan,30)))",4bad987f5355e166da684b629505dd9e31d7fcb5ccad375ed84c899f2fbf504a,4bad987f5355e166da684b629505dd9e31d7fcb5ccad375ed84c899f2fbf504a,b1s/temporal_program:fixed:0221,,fixed,frozen_nonadaptive,drawdownrecovery,raw_1min,temporal_program:temporal_program:drawdownrecovery,temporal_program:temporal_program:drawdownrecovery:raw_1min,"['amount_yuan', 'close']",9202,,,development,temporal_program,drawdownrecovery,6,9285038,root_sample,"{'field': 'close', 'other': 'amount_yuan', 'window': 30, 'state': 'ctx_sent_lb_2_num'}",allow,no blocked field/primitive combination detected,True,True,,-0.17868881821503924,0.1810871493702363,51,0.058823529411764705,0.09556773780114171,0.013382159991854952,0.15245978463100354,0.8796680497925311,224,0.19588526137602116,0.027165564589871474,0.14372633969741883,True,0.1457088673072845,0.8165120972660421,4,386,"{'signal_quality': 0.15245978463100354, 'cost_adjusted_quality': 0.1519700714775635, 'turnover': 0.19588526137602116, 'worst_time_block_quality': 0.1457088673072845, 'stability': 0.8165120972660421, 'concentration': 0.027165564589871474, 'benchmark_increment': 0.11565325769944361, 'complexity': 6.0, 'behaviour_novelty': 1.0}",True,[],0.5804942402593202,1,0.15245978463100354,0.1519700714775635,0.19588526137602116,0.1457088673072845,0.8165120972660421,0.027165564589871474,0.11565325769944361,6.0,1.0,,,,FROZEN_RESEARCH_ONLY_NO_PROMOTION,False,False
b1s_temporal_program_0133,temporal_program,"CSRank(Delta($ret_1m,15))","CSRank(Delta($ret_1m,15))",2417da76fabedccb5fa0ccc908cf0510b8a2bb1c695cd3d5eb3de11014943487,2417da76fabedccb5fa0ccc908cf0510b8a2bb1c695cd3d5eb3de11014943487,b1s/temporal_program:fixed:0133,,fixed,frozen_nonadaptive,delta,raw_1min,temporal_program:temporal_program:delta,temporal_program:temporal_program:delta:raw_1min,['ret_1m'],9202,,,development,temporal_program,delta,4,9284950,root_sample,"{'field': 'ret_1m', 'other': 'low', 'window': 15, 'state': 'evt_uplimit_active'}",allow,no blocked field/primitive combination detected,True,True,,-0.1591387774818044,0.16154117843940838,55,0.03636363636363636,0.08237169273310656,0.011106996782304975,0.13736906378848665,0.9377593360995851,258,0.3744774518407778,0.02749042179918195,0.14170456501056553,True,0.1092676092657546,0.7871469356224519,4,375,"{'signal_quality': 0.13736906378848665, 'cost_adjusted_quality': 0.1364328701588847, 'turnover': 0.3744774518407778, 'worst_time_block_quality': 0.1092676092657546, 'stability': 0.7871469356224519, 'concentration': 0.02749042179918195, 'benchmark_increment': 0.11363148301259031, 'complexity': 4.0, 'behaviour_novelty': 1.0}",True,[],0.5238448759362534,1,0.13736906378848665,0.1364328701588847,0.3744774518407778,0.1092676092657546,0.7871469356224519,0.02749042179918195,0.11363148301259031,4.0,1.0,,,,FROZEN_RESEARCH_ONLY_NO_PROMOTION,False,False
b1s_temporal_program_0100,temporal_program,"CSRank(PathShape($close,15))","CSRank(PathShape($close,15))",c62dfe40fe6e9d2e3a823e4c527aba27c91aa878239054b6f7a209a69497f2b8,c62dfe40fe6e9d2e3a823e4c527aba27c91aa878239054b6f7a209a69497f2b8,b1s/temporal_program:fixed:0100,,fixed,frozen_nonadaptive,pathshape,raw_1min,temporal_program:temporal_program:pathshape,temporal_program:temporal_program:pathshape:raw_1min,['close'],9202,,,development,temporal_program,pathshape,4,9284917,root_sample,"{'field': 'close', 'other': 'amount_yuan', 'window': 15, 'state': 'ctx_sent_lb_2_num'}",allow,no blocked field/primitive combination detected,True,True,,-0.1571400051330344,0.15888200411555387,55,0.03636363636363636,0.1012811411822804,0.01365674629104273,0.13037278240259065,0.941908713692946,287,0.14921849429697365,0.0273650990121821,0.14054390132780326,True,0.13344037594038266,0.8868301924515537,4,366,"{'signal_quality': 0.13037278240259065, 'cost_adjusted_quality': 0.1299997361668482, 'turnover': 0.14921849429697365, 'worst_time_block_quality': 0.13344037594038266, 'stability': 0.8868301924515537, 'concentration': 0.0273650990121821, 'benchmark_increment': 0.11247081932982804, 'complexity': 4.0, 'behaviour_novelty': 1.0}",True,[],0.5516279767464385,1,0.13037278240259065,0.1299997361668482,0.14921849429697365,0.13344037594038266,0.8868301924515537,0.0273650990121821,0.11247081932982804,4.0,1.0,,,,FROZEN_RESEARCH_ONLY_NO_PROMOTION,False,False
b1s_temporal_program_0575,temporal_program,"CSRank(Acceleration($close,5))","CSRank(Acceleration($close,5))",982156b7497e93b3cc7eb0f126585d53e0c355c54b9d2cf27fa236fff3d53c8b,982156b7497e93b3cc7eb0f126585d53e0c355c54b9d2cf27fa236fff3d53c8b,b1s/temporal_program:fixed:0575,,fixed,frozen_nonadaptive,acceleration,raw_1min,temporal_program:temporal_program:acceleration,temporal_program:temporal_program:acceleration:raw_1min,['close'],9202,,,development,temporal_program,acceleration,4,9285392,root_sample,"{'field': 'close', 'other': 'amount_yuan', 'window': 5, 'state': 'ctx_sent_lb_2_num'}",allow,no blocked field/primitive combination detected,True,True,,-0.14812203861495166,0.1559679594753166,57,0.08771929824561403,0.10078902321999686,0.013349832249186587,0.12195636740654595,0.979253112033195,287,0.27964461039695077,0.02737434285022854,0.14021263511035503,True,0.09597807884717696,0.7527528038400096,4,444,"{'signal_quality': 0.12195636740654595, 'cost_adjusted_quality': 0.12125725588055357, 'turnover': 0.27964461039695077, 'worst_time_block_quality': 0.09597807884717696, 'stability': 0.7527528038400096, 'concentration': 0.02737434285022854, 'benchmark_increment': 0.11213955311237982, 'complexity': 4.0, 'behaviour_novelty': 1.0}",True,[],0.4909706792990061,2,0.12195636740654595,0.12125725588055357,0.27964461039695077,0.09597807884717696,0.7527528038400096,0.02737434285022854,0.11213955311237982,4.0,1.0,,,,FROZEN_RESEARCH_ONLY_NO_PROMOTION,False,False
b1s_temporal_program_0493,temporal_program,"CSRank(Delta($ret_1m,3))","CSRank(Delta($ret_1m,3))",bc7e21db4cb3b55fc124320e0bfb713027340e988e2cf08e491181131d35f328,bc7e21db4cb3b55fc124320e0bfb713027340e988e2cf08e491181131d35f328,b1s/temporal_program:fixed:0493,,fixed,frozen_nonadaptive,delta,raw_1min,temporal_program:temporal_program:delta,temporal_program:temporal_program:delta:raw_1min,['ret_1m'],9202,,,development,temporal_program,delta,4,9285310,root_sample,"{'field': 'ret_1m', 'other': 'low', 'window': 3, 'state': 'evt_uplimit_active'}",allow,no blocked field/primitive combination detected,True,True,,-0.14303032141669228,0.15069826378021756,58,0.06896551724137931,0.09717876767365397,0.01276019733293122,0.11802033464414709,0.9875518672199171,256,0.3697719289819982,0.027490421801058408,0.13773271497431303,True,0.09222511970416411,0.7321301135304745,4,116,"{'signal_quality': 0.11802033464414709, 'cost_adjusted_quality': 0.11709590482169209, 'turnover': 0.3697719289819982, 'worst_time_block_quality': 0.09222511970416411, 'stability': 0.7321301135304745, 'concentration': 0.027490421801058408, 'benchmark_increment': 0.10965963297633781, 'complexity': 4.0, 'behaviour_novelty': 0.5}",True,[],0.44901041363567784,3,0.11802033464414709,0.11709590482169209,0.3697719289819982,0.09222511970416411,0.7321301135304745,0.027490421801058408,0.10965963297633781,4.0,0.5,,,,FROZEN_RESEARCH_ONLY_NO_PROMOTION,False,False
b1s_temporal_program_0253,temporal_program,"CSRank(Delta($ret_1m,30))","CSRank(Delta($ret_1m,30))",fb578613e27e9afe621b11c185552d12fa9dacca9c85e07c37ae3230f16cb974,fb578613e27e9afe621b11c185552d12fa9dacca9c85e07c37ae3230f16cb974,b1s/temporal_program:fixed:0253,,fixed,frozen_nonadaptive,delta,raw_1min,temporal_program:temporal_program:delta,temporal_program:temporal_program:delta:raw_1min,['ret_1m'],9202,,,development,temporal_program,delta,4,9285070,root_sample,"{'field': 'ret_1m', 'other': 'low', 'window': 30, 'state': 'evt_uplimit_active'}",allow,no blocked field/primitive combination detected,True,True,,-0.16960578651859587,0.1765404806078722,51,0.0784313725490196,0.1053529347520679,0.014752361632722307,0.14069115771846014,0.8755186721991701,248,0.3756707912697161,0.0274904218116567,0.13577701243660562,True,0.09292053597450688,0.7273463516591621,4,398,"{'signal_quality': 0.14069115771846014, 'cost_adjusted_quality': 0.13975198074028586, 'turnover': 0.3756707912697161, 'worst_time_block_quality': 0.09292053597450688, 'stability': 0.7273463516591621, 'concentration': 0.0274904218116567, 'benchmark_increment': 0.1077039304386304, 'complexity': 4.0, 'behaviour_novelty': 1.0}",True,[],0.507582682072539,3,0.14069115771846014,0.13975198074028586,0.3756707912697161,0.09292053597450688,0.7273463516591621,0.0274904218116567,0.1077039304386304,4.0,1.0,,,,FROZEN_RESEARCH_ONLY_NO_PROMOTION,False,False
b1s_temporal_program_0695,temporal_program,"CSRank(Acceleration($close,8))","CSRank(Acceleration($close,8))",abafea087a827d4760c94028e66667c3f628d0d8815bb9c29a4dd1f37435a22c,abafea087a827d4760c94028e66667c3f628d0d8815bb9c29a4dd1f37435a22c,b1s/temporal_program:fixed:0695,,fixed,frozen_nonadaptive,acceleration,raw_1min,temporal_program:temporal_program:acceleration,temporal_program:temporal_program:acceleration:raw_1min,['close'],9202,,,development,temporal_program,acceleration,4,9285512,root_sample,"{'field': 'close', 'other': 'amount_yuan', 'window': 8, 'state': 'ctx_sent_lb_2_num'}",allow,no blocked field/primitive combination detected,True,True,,-0.14317410469401,0.15189300077114645,57,0.08771929824561403,0.10193463680907504,0.013501572475929334,0.11671102264118852,0.966804979253112,281,0.24130946696795352,0.02743163504413608,0.13380608526114374,True,0.1087653253718959,0.7627085957366363,4,458,"{'signal_quality': 0.11671102264118852, 'cost_adjusted_quality': 0.11610774897376863, 'turnover': 0.24130946696795352, 'worst_time_block_quality': 0.1087653253718959, 'stability': 0.7627085957366363, 'concentration': 0.02743163504413608, 'benchmark_increment': 0.10573300326316852, 'complexity': 4.0, 'behaviour_novelty': 1.0}",True,[],0.4930261564807389,2,0.11671102264118852,0.11610774897376863,0.24130946696795352,0.1087653253718959,0.7627085957366363,0.02743163504413608,0.10573300326316852,4.0,1.0,,,,FROZEN_RESEARCH_ONLY_NO_PROMOTION,False,False
b1s_temporal_program_0617,temporal_program,"CSRank(Mul(Duration($evt_uplimit_active),Sign(Delta($ret_1m,5))))","CSRank(Mul(Duration($evt_uplimit_active),Sign(Delta($ret_1m,5))))",e69cc1a9313c313551baf4e45451e9bdc4e300f5240ae9383bf0448f85d28199,e69cc1a9313c313551baf4e45451e9bdc4e300f5240ae9383bf0448f85d28199,b1s/temporal_program:fixed:0617,,fixed,frozen_nonadaptive,duration,mixed,temporal_program:temporal_program:duration,temporal_program:temporal_program:duration:mixed,"['evt_uplimit_active', 'ret_1m']",9202,,,development,temporal_program,duration,7,9285434,root_sample,"{'field': 'ret_1m', 'other': 'low', 'window': 5, 'state': 'evt_uplimit_active'}",allow,no blocked field/primitive combination detected,True,True,,-0.13635835416602268,0.14624591312950333,57,0.07017543859649122,0.1008116747318382,0.013352832515223617,0.1101868024361844,0.979253112033195,219,0.343337520314975,0.020030927237292283,0.12907710652450596,True,0.07358665943261077,0.6784796453664979,4,448,"{'signal_quality': 0.1101868024361844, 'cost_adjusted_quality': 0.10932845863539696, 'turnover': 0.343337520314975, 'worst_time_block_quality': 0.07358665943261077, 'stability': 0.6784796453664979, 'concentration': 0.020030927237292283, 'benchmark_increment': 0.10100402452653075, 'complexity': 7.0, 'behaviour_novelty': 0.5}",True,[],0.4101881890885772,3,0.1101868024361844,0.10932845863539696,0.343337520314975,0.07358665943261077,0.6784796453664979,0.020030927237292283,0.10100402452653075,7.0,0.5,,,,FROZEN_RESEARCH_ONLY_NO_PROMOTION,False,False
b1s_temporal_program_0097,temporal_program,"CSRank(Mul(Duration($ctx_sent_lb_2_num),Sign(Delta($close,15))))","CSRank(Mul(Duration($ctx_sent_lb_2_num),Sign(Delta($close,15))))",9e5b932934b19b709c1ef278a34df259e5010abb4b9a4dfe8f660adab6234b61,9e5b932934b19b709c1ef278a34df259e5010abb4b9a4dfe8f660adab6234b61,b1s/temporal_program:fixed:0097,,fixed,frozen_nonadaptive,duration,mixed,temporal_program:temporal_program:duration,temporal_program:temporal_program:duration:mixed,"['close', 'ctx_sent_lb_2_num']",9202,,,development,temporal_program,duration,7,9284914,root_sample,"{'field': 'close', 'other': 'amount_yuan', 'window': 15, 'state': 'ctx_sent_lb_2_num'}",allow,no blocked field/primitive combination detected,True,True,,-0.14440153699159994,0.15044005686012177,55,0.10909090909090909,0.10408673906285569,0.014035053032084934,0.11689283304871347,0.9377593360995851,247,0.13148983995211713,0.020695164908274107,0.12858184101980663,True,0.11612655958457896,0.8527305846409303,4,365,"{'signal_quality': 0.11689283304871347, 'cost_adjusted_quality': 0.11656410844883318, 'turnover': 0.13148983995211713, 'worst_time_block_quality': 0.11612655958457896, 'stability': 0.8527305846409303, 'concentration': 0.020695164908274107, 'benchmark_increment': 0.10050875902183141, 'complexity': 7.0, 'behaviour_novelty': 0.5}",True,[],0.4835919061652031,1,0.11689283304871347,0.11656410844883318,0.13148983995211713,0.11612655958457896,0.8527305846409303,0.020695164908274107,0.10050875902183141,7.0,0.5,,,,FROZEN_RESEARCH_ONLY_NO_PROMOTION,False,False
b1s_temporal_program_0140,temporal_program,"CSRank(PathShape($ret_1m,15))","CSRank(PathShape($ret_1m,15))",037085504982a111e7478f62169b5add30041c358d68f285c867bc099d2c1e05,037085504982a111e7478f62169b5add30041c358d68f285c867bc099d2c1e05,b1s/temporal_program:fixed:0140,,fixed,frozen_nonadaptive,pathshape,raw_1min,temporal_program:temporal_program:pathshape,temporal_program:temporal_program:pathshape:raw_1min,['ret_1m'],9202,,,development,temporal_program,pathshape,4,9284957,root_sample,"{'field': 'ret_1m', 'other': 'low', 'window': 15, 'state': 'evt_uplimit_active'}",allow,no blocked field/primitive combination detected,True,True,,-0.14223372494377357,0.1497762000400184,55,0.05454545454545454,0.08414533765274156,0.011346155014480285,0.1199952611153922,0.941908713692946,222,0.3745689594627034,0.027430081211003054,0.12721192535955475,True,0.09407479671041116,0.7945948493269219,4,379,"{'signal_quality': 0.1199952611153922, 'cost_adjusted_quality': 0.11905883871673545, 'turnover': 0.3745689594627034, 'worst_time_block_quality': 0.09407479671041116, 'stability': 0.7945948493269219, 'concentration': 0.027430081211003054, 'benchmark_increment': 0.09913884336157953, 'complexity': 4.0, 'behaviour_novelty': 1.0}",True,[],0.48064453327488516,2,0.1199952611153922,0.11905883871673545,0.3745689594627034,0.09407479671041116,0.7945948493269219,0.027430081211003054,0.09913884336157953,4.0,1.0,,,,FROZEN_RESEARCH_ONLY_NO_PROMOTION,False,False
b1s_temporal_program_0017,temporal_program,"CSRank(Mul(Duration($evt_uplimit_active),Sign(Delta($ret_1m,8))))","CSRank(Mul(Duration($evt_uplimit_active),Sign(Delta($ret_1m,8))))",6573f44a33e2507f6234ca4ecf0b83a3ef536684e9a8eee61d05ff924cf0dc7f,6573f44a33e2507f6234ca4ecf0b83a3ef536684e9a8eee61d05ff924cf0dc7f,b1s/temporal_program:fixed:0017,,fixed,frozen_nonadaptive,duration,mixed,temporal_program:temporal_program:duration,temporal_program:temporal_program:duration:mixed,"['evt_uplimit_active', 'ret_1m']",9202,,,development,temporal_program,duration,7,9284834,root_sample,"{'field': 'ret_1m', 'other': 'low', 'window': 8, 'state': 'evt_uplimit_active'}",allow,no blocked field/primitive combination detected,True,True,,-0.13276426897936966,0.13914335739175854,57,0.07017543859649122,0.08460542135737013,0.011206261817095865,0.11079999581786176,0.966804979253112,214,0.34337750086346747,0.02210300435505684,0.12407737511370084,True,0.08522689956172064,0.7671018803530248,4,356,"{'signal_quality': 0.11079999581786176, 'cost_adjusted_quality': 0.1099415520657031, 'turnover': 0.34337750086346747, 'worst_time_block_quality': 0.08522689956172064, 'stability': 0.7671018803530248, 'concentration': 0.02210300435505684, 'benchmark_increment': 0.09600429311572563, 'complexity': 7.0, 'behaviour_novelty': 0.5}",True,[],0.4280202677452115,3,0.11079999581786176,0.1099415520657031,0.34337750086346747,0.08522689956172064,0.7671018803530248,0.02210300435505684,0.09600429311572563,7.0,0.5,,,,FROZEN_RESEARCH_ONLY_NO_PROMOTION,False,False
b1s_temporal_program_0500,temporal_program,"CSRank(PathShape($ret_1m,3))","CSRank(PathShape($ret_1m,3))",e03790e812f9e8912b531f974dba1832fe6a7d41b259f094c172f406a9c431e0,e03790e812f9e8912b531f974dba1832fe6a7d41b259f094c172f406a9c431e0,b1s/temporal_program:fixed:0500,,fixed,frozen_nonadaptive,pathshape,raw_1min,temporal_program:temporal_program:pathshape,temporal_program:temporal_program:pathshape:raw_1min,['ret_1m'],9202,,,development,temporal_program,pathshape,4,9285317,root_sample,"{'field': 'ret_1m', 'other': 'low', 'window': 3, 'state': 'evt_uplimit_active'}",allow,no blocked field/primitive combination detected,True,True,,-0.12468972379279275,0.1315058312505945,58,0.06896551724137931,0.08257082854687638,0.010842080954762086,0.10343924512145906,0.991701244813278,242,0.34308902953081155,0.024813238406525266,0.1205759245156344,True,0.09036114122433765,0.8270952923018399,4,57,"{'signal_quality': 0.10343924512145906, 'cost_adjusted_quality': 0.10258152254763203, 'turnover': 0.34308902953081155, 'worst_time_block_quality': 0.09036114122433765, 'stability': 0.8270952923018399, 'concentration': 0.024813238406525266, 'benchmark_increment': 0.09250284251765918, 'complexity': 4.0, 'behaviour_novelty': 0.25}",True,[],0.41469131081285115,1,0.10343924512145906,0.10258152254763203,0.34308902953081155,0.09036114122433765,0.8270952923018399,0.024813238406525266,0.09250284251765918,4.0,0.25,,,,FROZEN_RESEARCH_ONLY_NO_PROMOTION,False,False
b1s_temporal_program_0260,temporal_program,"CSRank(PathShape($ret_1m,30))","CSRank(PathShape($ret_1m,30))",23eac99e920269e880686b725e663480753f083fb35f4913fcbc8a5460094be2,23eac99e920269e880686b725e663480753f083fb35f4913fcbc8a5460094be2,b1s/temporal_program:fixed:0260,,fixed,frozen_nonadaptive,pathshape,raw_1min,temporal_program:temporal_program:pathshape,temporal_program:temporal_program:pathshape:raw_1min,['ret_1m'],9202,,,development,temporal_program,pathshape,4,9285077,root_sample,"{'field': 'ret_1m', 'other': 'low', 'window': 30, 'state': 'evt_uplimit_active'}",allow,no blocked field/primitive combination detected,True,True,,-0.14904217515322116,0.15607780810331234,51,0.0392156862745098,0.08614500390552222,0.012062713330741789,0.12539925702496724,0.8796680497925311,197,0.3752280988820545,0.027490421815044647,0.11988039603874412,True,0.11857955019358643,0.7944290858940638,4,402,"{'signal_quality': 0.12539925702496724, 'cost_adjusted_quality': 0.1244611867777621, 'turnover': 0.3752280988820545, 'worst_time_block_quality': 0.11857955019358643, 'stability': 0.7944290858940638, 'concentration': 0.027490421815044647, 'benchmark_increment': 0.0918073140407689, 'complexity': 4.0, 'behaviour_novelty': 1.0}",True,[],0.5048858216386316,2,0.12539925702496724,0.1244611867777621,0.3752280988820545,0.11857955019358643,0.7944290858940638,0.027490421815044647,0.0918073140407689,4.0,1.0,,,,FROZEN_RESEARCH_ONLY_NO_PROMOTION,False,False
b1s_orthogonal_exile_0218,orthogonal_exile,"CSRank(CSResidual(PathShape($close,5),Delta($high,5)))","CSRank(CSResidual(PathShape($close,5),Delta($high,5)))",f67b1202f90f8bea4db52bb8dc3e339b91096297e59cdc87ee83cac2417f22bd,f67b1202f90f8bea4db52bb8dc3e339b91096297e59cdc87ee83cac2417f22bd,b1s/orthogonal_exile:fixed:0218,,fixed,frozen_nonadaptive,path_residual,raw_1min,orthogonal_exile:orthogonal_exile:path_residual,orthogonal_exile:orthogonal_exile:path_residual:raw_1min,"['close', 'high']",9205,,,development,orthogonal_exile,path_residual,6,9288062,root_sample,"{'raw': 'close', 'other': 'high', 'context': 'ctx_rzrq_rzjme', 'window': 5}",allow,no blocked field/primitive combination detected,True,True,,-0.19695562947184106,0.21231914651949718,57,0.05263157894736842,0.1213409441854933,0.016072000681050934,0.16545450813698123,0.979253112033195,287,0.25448167033669106,0.023557942174674943,0.18643861552468516,True,0.14936763454203802,0.8237599767122962,4,265,"{'signal_quality': 0.16545450813698123, 'cost_adjusted_quality': 0.1648183039611395, 'turnover': 0.25448167033669106, 'worst_time_block_quality': 0.14936763454203802, 'stability': 0.8237599767122962, 'concentration': 0.023557942174674943, 'benchmark_increment': 0.15836553352670993, 'complexity': 6.0, 'behaviour_novelty': 1.0}",True,[],0.6108374949524406,1,0.16545450813698123,0.1648183039611395,0.25448167033669106,0.14936763454203802,0.8237599767122962,0.023557942174674943,0.15836553352670993,6.0,1.0,,,,FROZEN_RESEARCH_ONLY_NO_PROMOTION,False,False
b1s_orthogonal_exile_0314,orthogonal_exile,"CSRank(CSResidual(PathShape($close,5),Delta($close,5)))","CSRank(CSResidual(PathShape($close,5),Delta($close,5)))",e593c18511c5e4ad135d5a364387b5ddfebf2c5d025a4632327e9b5df2fd5fd6,e593c18511c5e4ad135d5a364387b5ddfebf2c5d025a4632327e9b5df2fd5fd6,b1s/orthogonal_exile:fixed:0314,,fixed,frozen_nonadaptive,path_residual,raw_1min,orthogonal_exile:orthogonal_exile:path_residual,orthogonal_exile:orthogonal_exile:path_residual:raw_1min,['close'],9205,,,development,orthogonal_exile,path_residual,6,9288158,root_sample,"{'raw': 'close', 'other': 'close', 'context': 'ctx_rzrq_rzjme', 'window': 5}",allow,no blocked field/primitive combination detected,True,True,,-0.17057294162215636,0.18667957276252237,57,0.05263157894736842,0.11485616041658558,0.015213070088002089,0.14075532424967227,0.979253112033195,287,0.268342444894122,0.023787259025763986,0.16146470739265897,True,0.12895271065488914,0.818668256330298,4,279,"{'signal_quality': 0.14075532424967227, 'cost_adjusted_quality': 0.14008446813743697, 'turnover': 0.268342444894122, 'worst_time_block_quality': 0.12895271065488914, 'stability': 0.818668256330298, 'concentration': 0.023787259025763986, 'benchmark_increment': 0.13339162539468374, 'complexity': 6.0, 'behaviour_novelty': 1.0}",True,[],0.5563836894869231,2,0.14075532424967227,0.14008446813743697,0.268342444894122,0.12895271065488914,0.818668256330298,0.023787259025763986,0.13339162539468374,6.0,1.0,,,,FROZEN_RESEARCH_ONLY_NO_PROMOTION,False,False
b1s_orthogonal_exile_0184,orthogonal_exile,"CSRank(SafeCSResidual($ret_1m,$ctx_rzrq_rzjme,20,5,0.6))","CSRank(SafeCSResidual($ret_1m,$ctx_rzrq_rzjme,20,5,0.6))",2a4583e6ec83c281bbbb058af83287fd1028699f01851e14427692d3639ef1c2,2a4583e6ec83c281bbbb058af83287fd1028699f01851e14427692d3639ef1c2,b1s/orthogonal_exile:fixed:0184,,fixed,frozen_nonadaptive,level_residual,mixed,orthogonal_exile:orthogonal_exile:level_residual,orthogonal_exile:orthogonal_exile:level_residual:mixed,"['ctx_rzrq_rzjme', 'ret_1m']",9205,,,development,orthogonal_exile,level_residual,4,9288028,root_sample,"{'raw': 'ret_1m', 'other': 'open', 'context': 'ctx_rzrq_rzjme', 'window': 2}",allow,no blocked field/primitive combination detected,True,True,,-0.21829304801801022,0.2253569109229506,59,0.03389830508474576,0.11285292562046169,0.014692199487527825,0.1894963370224557,0.7291666666666666,105,0.37588284554351714,0.03740031914431572,0.1565408905772167,True,0.14117861918139907,0.766551007432225,4,258,"{'signal_quality': 0.1894963370224557, 'cost_adjusted_quality': 0.1885566299085969, 'turnover': 0.37588284554351714, 'worst_time_block_quality': 0.14117861918139907, 'stability': 0.766551007432225, 'concentration': 0.03740031914431572, 'benchmark_increment': 0.12846780857924148, 'complexity': 4.0, 'behaviour_novelty': 0.5}",True,[],0.5880739667308751,1,0.1894963370224557,0.1885566299085969,0.37588284554351714,0.14117861918139907,0.766551007432225,0.03740031914431572,0.12846780857924148,4.0,0.5,,,,FROZEN_RESEARCH_ONLY_NO_PROMOTION,False,False
b1s_orthogonal_exile_0040,orthogonal_exile,"CSRank(SafeCSResidual($ret_1m,$ctx_rzrq_rzye,20,5,0.6))","CSRank(SafeCSResidual($ret_1m,$ctx_rzrq_rzye,20,5,0.6))",47661c3d21f52a29952e8beffe67c8379d7425fae5516285bb2b511394cc0cf9,47661c3d21f52a29952e8beffe67c8379d7425fae5516285bb2b511394cc0cf9,b1s/orthogonal_exile:fixed:0040,,fixed,frozen_nonadaptive,level_residual,mixed,orthogonal_exile:orthogonal_exile:level_residual,orthogonal_exile:orthogonal_exile:level_residual:mixed,"['ctx_rzrq_rzye', 'ret_1m']",9205,,,development,orthogonal_exile,level_residual,4,9287884,root_sample,"{'raw': 'ret_1m', 'other': 'trade_count', 'context': 'ctx_rzrq_rzye', 'window': 15}",allow,no blocked field/primitive combination detected,True,True,,-0.21617277127582435,0.22188699357365632,59,0.03389830508474576,0.11196264511089485,0.014576294837519864,0.18760323339428542,0.7291666666666666,105,0.37504535494010066,0.03740031914431572,0.15502041151246632,True,0.14747582687768365,0.8036475347875309,4,237,"{'signal_quality': 0.18760323339428542, 'cost_adjusted_quality': 0.18666562000693518, 'turnover': 0.37504535494010066, 'worst_time_block_quality': 0.14747582687768365, 'stability': 0.8036475347875309, 'concentration': 0.03740031914431572, 'benchmark_increment': 0.1269473295144911, 'complexity': 4.0, 'behaviour_novelty': 1.0}",True,[],0.6182469129123851,1,0.18760323339428542,0.18666562000693518,0.37504535494010066,0.14747582687768365,0.8036475347875309,0.03740031914431572,0.1269473295144911,4.0,1.0,,,,FROZEN_RESEARCH_ONLY_NO_PROMOTION,False,False
b1s_orthogonal_exile_0073,orthogonal_exile,"CSRank(SafeCSResidual(Delta($close,2),$ctx_rzrq_rzye,20,5,0.6))","CSRank(SafeCSResidual(Delta($close,2),$ctx_rzrq_rzye,20,5,0.6))",ef4891ce380cc641b47e5fc96ea8241a7bdc1e6ef5fc4ee4f3930f210b184ee0,ef4891ce380cc641b47e5fc96ea8241a7bdc1e6ef5fc4ee4f3930f210b184ee0,b1s/orthogonal_exile:fixed:0073,,fixed,frozen_nonadaptive,change_residual,mixed,orthogonal_exile:orthogonal_exile:change_residual,orthogonal_exile:orthogonal_exile:change_residual:mixed,"['close', 'ctx_rzrq_rzye']",9205,,,development,orthogonal_exile,change_residual,5,9287917,root_sample,"{'raw': 'close', 'other': 'buy_volume', 'context': 'ctx_rzrq_rzye', 'window': 2}",allow,no blocked field/primitive combination detected,True,True,,-0.18785841899097294,0.19943962303696436,58,0.017241379310344827,0.12810850956167333,0.016821471409518982,0.15488833502831573,0.7231154910096819,105,0.2623121654469462,0.03755615381348247,0.132460810365395,True,0.09445502175205214,0.7103858922519304,4,241,"{'signal_quality': 0.15488833502831573, 'cost_adjusted_quality': 0.15423255461469837, 'turnover': 0.2623121654469462, 'worst_time_block_quality': 0.09445502175205214, 'stability': 0.7103858922519304, 'concentration': 0.03755615381348247, 'benchmark_increment': 0.10438772836741979, 'complexity': 5.0, 'behaviour_novelty': 1.0}",True,[],0.5297151268179476,2,0.15488833502831573,0.15423255461469837,0.2623121654469462,0.09445502175205214,0.7103858922519304,0.03755615381348247,0.10438772836741979,5.0,1.0,,,,FROZEN_RESEARCH_ONLY_NO_PROMOTION,False,False
b1s_orthogonal_exile_0234,orthogonal_exile,"CSRank(CSResidual(PathShape($ret_1m,8),Delta($high,8)))","CSRank(CSResidual(PathShape($ret_1m,8),Delta($high,8)))",4c632338780b630c8a565c03f5b462bfb9e3b22e15981c3d2333399e62538e56,4c632338780b630c8a565c03f5b462bfb9e3b22e15981c3d2333399e62538e56,b1s/orthogonal_exile:fixed:0234,,fixed,frozen_nonadaptive,path_residual,raw_1min,orthogonal_exile:orthogonal_exile:path_residual,orthogonal_exile:orthogonal_exile:path_residual:raw_1min,"['high', 'ret_1m']",9205,,,development,orthogonal_exile,path_residual,6,9288078,root_sample,"{'raw': 'ret_1m', 'other': 'high', 'context': 'ctx_rzrq_rzjme', 'window': 8}",allow,no blocked field/primitive combination detected,True,True,,-0.13228742123141063,0.13776904444001534,57,0.08771929824561403,0.09165724613350387,0.012140298826330076,0.10849243553180368,0.966804979253112,273,0.37254508239759815,0.027018483244017236,0.12363172797271571,True,0.10506964335914833,0.7780811037248738,4,269,"{'signal_quality': 0.10849243553180368, 'cost_adjusted_quality': 0.10756107282580969, 'turnover': 0.37254508239759815, 'worst_time_block_quality': 0.10506964335914833, 'stability': 0.7780811037248738, 'concentration': 0.027018483244017236, 'benchmark_increment': 0.0955586459747405, 'complexity': 6.0, 'behaviour_novelty': 0.5}",True,[],0.4403347814004145,3,0.10849243553180368,0.10756107282580969,0.37254508239759815,0.10506964335914833,0.7780811037248738,0.027018483244017236,0.0955586459747405,6.0,0.5,,,,FROZEN_RESEARCH_ONLY_NO_PROMOTION,False,False
b1s_orthogonal_exile_0266,orthogonal_exile,"CSRank(CSResidual(PathShape($close,30),Delta($low,30)))","CSRank(CSResidual(PathShape($close,30),Delta($low,30)))",241e145d432900ea7fc728337b5c29e00a9f5fe4876426a69b5c57fff3859e9a,241e145d432900ea7fc728337b5c29e00a9f5fe4876426a69b5c57fff3859e9a,b1s/orthogonal_exile:fixed:0266,,fixed,frozen_nonadaptive,path_residual,raw_1min,orthogonal_exile:orthogonal_exile:path_residual,orthogonal_exile:orthogonal_exile:path_residual:raw_1min,"['close', 'low']",9205,,,development,orthogonal_exile,path_residual,6,9288110,root_sample,"{'raw': 'close', 'other': 'low', 'context': 'ctx_rzrq_rzjme', 'window': 30}",allow,no blocked field/primitive combination detected,True,True,,-0.14942005554089555,0.16185756259287967,51,0.0784313725490196,0.1071029928244456,0.0149974187791866,0.1200251147336898,0.8755186721991701,285,0.15648194059991974,0.027360589424998676,0.11961743261177049,True,0.10322895689740905,0.740120738702982,4,73,"{'signal_quality': 0.1200251147336898, 'cost_adjusted_quality': 0.11963390988219001, 'turnover': 0.15648194059991974, 'worst_time_block_quality': 0.10322895689740905, 'stability': 0.740120738702982, 'concentration': 0.027360589424998676, 'benchmark_increment': 0.09154435061379528, 'complexity': 6.0, 'behaviour_novelty': 0.5}",True,[],0.46363707112020297,1,0.1200251147336898,0.11963390988219001,0.15648194059991974,0.10322895689740905,0.740120738702982,0.027360589424998676,0.09154435061379528,6.0,0.5,,,,FROZEN_RESEARCH_ONLY_NO_PROMOTION,False,False
b1s_orthogonal_exile_0121,orthogonal_exile,"CSRank(SafeCSResidual(Delta($close,5),$ctx_rzrq_rzye,20,5,0.6))","CSRank(SafeCSResidual(Delta($close,5),$ctx_rzrq_rzye,20,5,0.6))",aac3a7b49e4d6b0d7bc2899f1d1dc82d7017da6be367bf7dfbc323f306acb545,aac3a7b49e4d6b0d7bc2899f1d1dc82d7017da6be367bf7dfbc323f306acb545,b1s/orthogonal_exile:fixed:0121,,fixed,frozen_nonadaptive,change_residual,mixed,orthogonal_exile:orthogonal_exile:change_residual,orthogonal_exile:orthogonal_exile:change_residual:mixed,"['close', 'ctx_rzrq_rzye']",9205,,,development,orthogonal_exile,change_residual,5,9287965,root_sample,"{'raw': 'close', 'other': 'sell_volume', 'context': 'ctx_rzrq_rzye', 'window': 5}",allow,no blocked field/primitive combination detected,True,True,,-0.16750503784793272,0.17326124584121094,57,0.07017543859649122,0.11520251146847288,0.015258945405514913,0.1375975048531235,0.7140387275242047,105,0.19494495301329076,0.03755615381348247,0.11561712107583699,True,0.11985887883308939,0.8307076019597484,4,248,"{'signal_quality': 0.1375975048531235, 'cost_adjusted_quality': 0.13711014247059028, 'turnover': 0.19494495301329076, 'worst_time_block_quality': 0.11985887883308939, 'stability': 0.8307076019597484, 'concentration': 0.03755615381348247, 'benchmark_increment': 0.08754403907786178, 'complexity': 5.0, 'behaviour_novelty': 1.0}",True,[],0.5339552707135158,1,0.1375975048531235,0.13711014247059028,0.19494495301329076,0.11985887883308939,0.8307076019597484,0.03755615381348247,0.08754403907786178,5.0,1.0,,,,FROZEN_RESEARCH_ONLY_NO_PROMOTION,False,False
b1s_orthogonal_exile_0217,orthogonal_exile,"CSRank(SafeCSResidual(Delta($close,5),$ctx_rzrq_rzjme,20,5,0.6))","CSRank(SafeCSResidual(Delta($close,5),$ctx_rzrq_rzjme,20,5,0.6))",ec99b24ab37c64abcc4a0d2bcf833b2a3e0ce732925a632c30386209db3edccd,ec99b24ab37c64abcc4a0d2bcf833b2a3e0ce732925a632c30386209db3edccd,b1s/orthogonal_exile:fixed:0217,,fixed,frozen_nonadaptive,change_residual,mixed,orthogonal_exile:orthogonal_exile:change_residual,orthogonal_exile:orthogonal_exile:change_residual:mixed,"['close', 'ctx_rzrq_rzjme']",9205,,,development,orthogonal_exile,change_residual,5,9288061,root_sample,"{'raw': 'close', 'other': 'high', 'context': 'ctx_rzrq_rzjme', 'window': 5}",allow,no blocked field/primitive combination detected,True,True,,-0.16622991486170352,0.17208057689896614,57,0.08771929824561403,0.11720131455816903,0.015523693342285325,0.13580347591082428,0.7140387275242047,105,0.19548067931180185,0.03755615381348247,0.11473699203267781,True,0.1301658746333473,0.8457636332877227,4,264,"{'signal_quality': 0.13580347591082428, 'cost_adjusted_quality': 0.13531477421254479, 'turnover': 0.19548067931180185, 'worst_time_block_quality': 0.1301658746333473, 'stability': 0.8457636332877227, 'concentration': 0.03755615381348247, 'benchmark_increment': 0.0866639100347026, 'complexity': 5.0, 'behaviour_novelty': 1.0}",True,[],0.539587623572619,1,0.13580347591082428,0.13531477421254479,0.19548067931180185,0.1301658746333473,0.8457636332877227,0.03755615381348247,0.0866639100347026,5.0,1.0,,,,FROZEN_RESEARCH_ONLY_NO_PROMOTION,False,False
b1s_orthogonal_exile_0233,orthogonal_exile,"CSRank(SafeCSResidual(Delta($ret_1m,8),$ctx_rzrq_rzjme,20,5,0.6))","CSRank(SafeCSResidual(Delta($ret_1m,8),$ctx_rzrq_rzjme,20,5,0.6))",5926e567fe28be0759343cd7062057521e16cdced17feed6a2af67750fbdd4a4,5926e567fe28be0759343cd7062057521e16cdced17feed6a2af67750fbdd4a4,b1s/orthogonal_exile:fixed:0233,,fixed,frozen_nonadaptive,change_residual,mixed,orthogonal_exile:orthogonal_exile:change_residual,orthogonal_exile:orthogonal_exile:change_residual:mixed,"['ctx_rzrq_rzjme', 'ret_1m']",9205,,,development,orthogonal_exile,change_residual,5,9288077,root_sample,"{'raw': 'ret_1m', 'other': 'high', 'context': 'ctx_rzrq_rzjme', 'window': 8}",allow,no blocked field/primitive combination detected,True,True,,-0.16136734476645684,0.16650080996475278,57,0.05263157894736842,0.10721494416207634,0.014200966270359204,0.1335334508765528,0.7049619640387276,105,0.3767886499659432,0.03755615381348247,0.10996484051148515,True,0.11180947595384819,0.8094732475182037,4,250,"{'signal_quality': 0.1335334508765528, 'cost_adjusted_quality': 0.13259147925163794, 'turnover': 0.3767886499659432, 'worst_time_block_quality': 0.11180947595384819, 'stability': 0.8094732475182037, 'concentration': 0.03755615381348247, 'benchmark_increment': 0.08189175851350994, 'complexity': 5.0, 'behaviour_novelty': 0.3333333333333333}",True,[],0.4749854573705448,2,0.1335334508765528,0.13259147925163794,0.3767886499659432,0.11180947595384819,0.8094732475182037,0.03755615381348247,0.08189175851350994,5.0,0.3333333333333333,,,,FROZEN_RESEARCH_ONLY_NO_PROMOTION,False,False
b1s_orthogonal_exile_0185,orthogonal_exile,"CSRank(SafeCSResidual(Delta($ret_1m,2),$ctx_rzrq_rzjme,20,5,0.6))","CSRank(SafeCSResidual(Delta($ret_1m,2),$ctx_rzrq_rzjme,20,5,0.6))",80d2c748b1a758329195ecd89b54b38384df2bed1895cf9cd7c782e836f83157,80d2c748b1a758329195ecd89b54b38384df2bed1895cf9cd7c782e836f83157,b1s/orthogonal_exile:fixed:0185,,fixed,frozen_nonadaptive,change_residual,mixed,orthogonal_exile:orthogonal_exile:change_residual,orthogonal_exile:orthogonal_exile:change_residual:mixed,"['ctx_rzrq_rzjme', 'ret_1m']",9205,,,development,orthogonal_exile,change_residual,5,9288029,root_sample,"{'raw': 'ret_1m', 'other': 'open', 'context': 'ctx_rzrq_rzjme', 'window': 2}",allow,no blocked field/primitive combination detected,True,True,,-0.1468061917224397,0.15647271873335283,58,0.034482758620689655,0.10940061532084916,0.014365004550439415,0.11865078280357844,0.7231154910096819,105,0.3495402001149329,0.03755615381348247,0.10351448301684227,True,0.08832722374508298,0.7317114690752823,4,259,"{'signal_quality': 0.11865078280357844, 'cost_adjusted_quality': 0.1177769323032911, 'turnover': 0.3495402001149329, 'worst_time_block_quality': 0.08832722374508298, 'stability': 0.7317114690752823, 'concentration': 0.03755615381348247, 'benchmark_increment': 0.07544140101886705, 'complexity': 5.0, 'behaviour_novelty': 1.0}",True,[],0.45762882963145135,3,0.11865078280357844,0.1177769323032911,0.3495402001149329,0.08832722374508298,0.7317114690752823,0.03755615381348247,0.07544140101886705,5.0,1.0,,,,FROZEN_RESEARCH_ONLY_NO_PROMOTION,False,False
b1s_orthogonal_exile_0089,orthogonal_exile,"CSRank(SafeCSResidual(Delta($ret_1m,3),$ctx_rzrq_rzye,20,5,0.6))","CSRank(SafeCSResidual(Delta($ret_1m,3),$ctx_rzrq_rzye,20,5,0.6))",e88c98343de8e65f2c0ffa665f961a8d3d6948549057722a94b714b3ee4acb59,e88c98343de8e65f2c0ffa665f961a8d3d6948549057722a94b714b3ee4acb59,b1s/orthogonal_exile:fixed:0089,,fixed,frozen_nonadaptive,change_residual,mixed,orthogonal_exile:orthogonal_exile:change_residual,orthogonal_exile:orthogonal_exile:change_residual:mixed,"['ctx_rzrq_rzye', 'ret_1m']",9205,,,development,orthogonal_exile,change_residual,5,9287933,root_sample,"{'raw': 'ret_1m', 'other': 'buy_volume', 'context': 'ctx_rzrq_rzye', 'window': 3}",allow,no blocked field/primitive combination detected,True,True,,-0.14710065328410832,0.1632973625084533,58,0.08620689655172414,0.12037889258547584,0.015806522977002534,0.11611986824918336,0.7200899031811895,105,0.37585617991818143,0.03755615381348247,0.10328812701978111,True,0.09088877265590334,0.6838371388744086,4,246,"{'signal_quality': 0.11611986824918336, 'cost_adjusted_quality': 0.1151802277993879, 'turnover': 0.37585617991818143, 'worst_time_block_quality': 0.09088877265590334, 'stability': 0.6838371388744086, 'concentration': 0.03755615381348247, 'benchmark_increment': 0.0752150450218059, 'complexity': 5.0, 'behaviour_novelty': 1.0}",True,[],0.449384898763653,4,0.11611986824918336,0.1151802277993879,0.37585617991818143,0.09088877265590334,0.6838371388744086,0.03755615381348247,0.0752150450218059,5.0,1.0,,,,FROZEN_RESEARCH_ONLY_NO_PROMOTION,False,False
b1s_orthogonal_exile_0041,orthogonal_exile,"CSRank(SafeCSResidual(Delta($ret_1m,15),$ctx_rzrq_rzye,20,5,0.6))","CSRank(SafeCSResidual(Delta($ret_1m,15),$ctx_rzrq_rzye,20,5,0.6))",d67f9ff0acad1b81ba13c3fb4120c94fe8549a9a3ad783ac4902db70b24d00b7,d67f9ff0acad1b81ba13c3fb4120c94fe8549a9a3ad783ac4902db70b24d00b7,b1s/orthogonal_exile:fixed:0041,,fixed,frozen_nonadaptive,change_residual,mixed,orthogonal_exile:orthogonal_exile:change_residual,orthogonal_exile:orthogonal_exile:change_residual:mixed,"['ctx_rzrq_rzye', 'ret_1m']",9205,,,development,orthogonal_exile,change_residual,5,9287885,root_sample,"{'raw': 'ret_1m', 'other': 'trade_count', 'context': 'ctx_rzrq_rzye', 'window': 15}",allow,no blocked field/primitive combination detected,True,True,,-0.15784133165383432,0.16264664474434587,55,0.05454545454545454,0.10276580618477602,0.013856938479140036,0.13068173223471985,0.6837828492392808,105,0.37803537753713196,0.03755615381348247,0.1024838346392131,True,0.09562418194119611,0.721989209243513,4,238,"{'signal_quality': 0.13068173223471985, 'cost_adjusted_quality': 0.12973664379087702, 'turnover': 0.37803537753713196, 'worst_time_block_quality': 0.09562418194119611, 'stability': 0.721989209243513, 'concentration': 0.03755615381348247, 'benchmark_increment': 0.07441075264123788, 'complexity': 5.0, 'behaviour_novelty': 1.0}",True,[],0.4795021205810579,3,0.13068173223471985,0.12973664379087702,0.37803537753713196,0.09562418194119611,0.721989209243513,0.03755615381348247,0.07441075264123788,5.0,1.0,,,,FROZEN_RESEARCH_ONLY_NO_PROMOTION,False,False
b1s_orthogonal_exile_0025,orthogonal_exile,"CSRank(SafeCSResidual(Delta($close,8),$ctx_rzrq_rzye,20,5,0.6))","CSRank(SafeCSResidual(Delta($close,8),$ctx_rzrq_rzye,20,5,0.6))",92d86fedba0b1bb67f72932379bdd81065104bfa95b4d7de370fe5d29c061bba,92d86fedba0b1bb67f72932379bdd81065104bfa95b4d7de370fe5d29c061bba,b1s/orthogonal_exile:fixed:0025,,fixed,frozen_nonadaptive,change_residual,mixed,orthogonal_exile:orthogonal_exile:change_residual,orthogonal_exile:orthogonal_exile:change_residual:mixed,"['close', 'ctx_rzrq_rzye']",9205,,,development,orthogonal_exile,change_residual,5,9287869,root_sample,"{'raw': 'close', 'other': 'trade_count', 'context': 'ctx_rzrq_rzye', 'window': 8}",allow,no blocked field/primitive combination detected,True,True,,-0.14981676224591922,0.17161080010780919,57,0.12280701754385964,0.13545021048091443,0.017940818655324188,0.11465275768148381,0.7049619640387276,105,0.16631167582954984,0.03755615381348247,0.10209361993384018,True,0.08403937732392391,0.7352832970531471,4,229,"{'signal_quality': 0.11465275768148381, 'cost_adjusted_quality': 0.11423697849190993, 'turnover': 0.16631167582954984, 'worst_time_block_quality': 0.08403937732392391, 'stability': 0.7352832970531471, 'concentration': 0.03755615381348247, 'benchmark_increment': 0.07402053793586497, 'complexity': 5.0, 'behaviour_novelty': 1.0}",True,[],0.45667346801105296,2,0.11465275768148381,0.11423697849190993,0.16631167582954984,0.08403937732392391,0.7352832970531471,0.03755615381348247,0.07402053793586497,5.0,1.0,,,,FROZEN_RESEARCH_ONLY_NO_PROMOTION,False,False
b1s_typed_random_0079,typed_random,"CSRank(Add(CSRank(Mul(StateAge($ctx_sent_lb_2_num),Sign(Delta($close,8)))),Mul(Sign($intraday_ret_from_open),0.036)))","CSRank(Add(CSRank(Mul(StateAge($ctx_sent_lb_2_num),Sign(Delta($close,8)))),Mul(Sign($intraday_ret_from_open),0.036)))",4880554fcd898026c243fcbe5ae6ace79b0d75f94ef4010115775d1da9bc31af,4880554fcd898026c243fcbe5ae6ace79b0d75f94ef4010115775d1da9bc31af,b1s/typed_random:fixed:0079,,fixed,frozen_nonadaptive,typed_random_stateage,mixed,typed_random:temporal_program:stateage,typed_random:temporal_program:stateage:mixed,"['close', 'ctx_sent_lb_2_num', 'intraday_ret_from_open']",9206,,,development,temporal_program,stateage,7,9502235,root_sample,"{'field': 'close', 'other': 'amount_yuan', 'window': 8, 'state': 'ctx_sent_lb_2_num'}",allow,no blocked field/primitive combination detected,True,True,,-0.14655591302674137,0.16115164270597343,57,0.10526315789473684,0.11299777332809728,0.014966920704936623,0.11722074844506558,0.966804979253112,278,0.16376088328207478,0.020760363651326257,0.13696661862067402,True,0.10155962873098083,0.8201018160046066,4,498,"{'signal_quality': 0.11722074844506558, 'cost_adjusted_quality': 0.11681134623686039, 'turnover': 0.16376088328207478, 'worst_time_block_quality': 0.10155962873098083, 'stability': 0.8201018160046066, 'concentration': 0.020760363651326257, 'benchmark_increment': 0.10889353662269881, 'complexity': 7.0, 'behaviour_novelty': 1.0}",True,[],0.4964485657854093,1,0.11722074844506558,0.11681134623686039,0.16376088328207478,0.10155962873098083,0.8201018160046066,0.020760363651326257,0.10889353662269881,7.0,1.0,,,,FROZEN_RESEARCH_ONLY_NO_PROMOTION,False,False
b1s_typed_random_0085,typed_random,"CSRank(Add(CSRank(Acceleration($ret_1m,8)),Mul(Sign($vwap),0.036)))","CSRank(Add(CSRank(Acceleration($ret_1m,8)),Mul(Sign($vwap),0.036)))",8de2ab5c20141bc5199a9a01293b5f492f78ecb96dcac4085767be48cb03e26b,8de2ab5c20141bc5199a9a01293b5f492f78ecb96dcac4085767be48cb03e26b,b1s/typed_random:fixed:0085,,fixed,frozen_nonadaptive,typed_random_acceleration,raw_1min,typed_random:temporal_program:acceleration,typed_random:temporal_program:acceleration:raw_1min,"['ret_1m', 'vwap']",9206,,,development,temporal_program,acceleration,4,9502272,root_sample,"{'field': 'ret_1m', 'other': 'low', 'window': 8, 'state': 'evt_uplimit_active'}",allow,no blocked field/primitive combination detected,True,True,,-0.10448952206916078,0.11788579344521126,57,0.12280701754385964,0.09472175119876187,0.012546202438062471,0.07989896529055833,0.9529737206085753,1292,0.37391343419994294,0.019895841829084618,0.09625563816428857,True,0.06028277281717582,0.7274783853657587,4,102,"{'signal_quality': 0.07989896529055833, 'cost_adjusted_quality': 0.07896418170505848, 'turnover': 0.37391343419994294, 'worst_time_block_quality': 0.06028277281717582, 'stability': 0.7274783853657587, 'concentration': 0.019895841829084618, 'benchmark_increment': 0.06818255616631336, 'complexity': 4.0, 'behaviour_novelty': 0.25}",True,[],0.32348700254784873,2,0.07989896529055833,0.07896418170505848,0.37391343419994294,0.06028277281717582,0.7274783853657587,0.019895841829084618,0.06818255616631336,4.0,0.25,,,,FROZEN_RESEARCH_ONLY_NO_PROMOTION,False,False
b1s_typed_random_0001,typed_random,"CSRank(Add(CSRank(Mul(Duration($ctx_sent_lb_2_num),Sign(Delta($close,30)))),Mul(Sign($volume),0.036)))","CSRank(Add(CSRank(Mul(Duration($ctx_sent_lb_2_num),Sign(Delta($close,30)))),Mul(Sign($volume),0.036)))",dee718cbbe2cb1d323ce24ad3fe35e1bcc46bb91f5a80f6a7d10c86b4ceabc67,dee718cbbe2cb1d323ce24ad3fe35e1bcc46bb91f5a80f6a7d10c86b4ceabc67,b1s/typed_random:fixed:0001,,fixed,frozen_nonadaptive,typed_random_duration,mixed,typed_random:temporal_program:duration,typed_random:temporal_program:duration:mixed,"['close', 'ctx_sent_lb_2_num', 'volume']",9206,,,development,temporal_program,duration,7,9501754,root_sample,"{'field': 'close', 'other': 'amount_yuan', 'window': 30, 'state': 'ctx_sent_lb_2_num'}",allow,no blocked field/primitive combination detected,True,True,,-0.11865267430803464,0.13200845393734364,51,0.09803921568627451,0.10246030863202832,0.014347312958079242,0.09053194091019932,0.8755186721991701,256,0.10412119694153295,0.021994334704333235,0.09498676882343382,True,0.058301659204074714,0.6117250133419404,4,385,"{'signal_quality': 0.09053194091019932, 'cost_adjusted_quality': 0.0902716379178455, 'turnover': 0.10412119694153295, 'worst_time_block_quality': 0.058301659204074714, 'stability': 0.6117250133419404, 'concentration': 0.021994334704333235, 'benchmark_increment': 0.0669136868254586, 'complexity': 7.0, 'behaviour_novelty': 0.3333333333333333}",True,[],0.3446168107784837,1,0.09053194091019932,0.0902716379178455,0.10412119694153295,0.058301659204074714,0.6117250133419404,0.021994334704333235,0.0669136868254586,7.0,0.3333333333333333,,,,FROZEN_RESEARCH_ONLY_NO_PROMOTION,False,False
b1s_typed_random_0010,typed_random,"CSRank(Add(CSRank(CSResidual(PathShape($vwap,2),Delta($low,2))),Mul(Sign($ret_1m),0.036)))","CSRank(Add(CSRank(CSResidual(PathShape($vwap,2),Delta($low,2))),Mul(Sign($ret_1m),0.036)))",ba32a11cf8f72804473bacc5ca09aeff0395963872b1de271ff14a2160d3b6a8,ba32a11cf8f72804473bacc5ca09aeff0395963872b1de271ff14a2160d3b6a8,b1s/typed_random:fixed:0010,,fixed,frozen_nonadaptive,typed_random_path_residual,raw_1min,typed_random:orthogonal_exile:path_residual,typed_random:orthogonal_exile:path_residual:raw_1min,"['low', 'ret_1m', 'vwap']",9206,,,development,orthogonal_exile,path_residual,6,9501810,root_sample,"{'raw': 'vwap', 'other': 'low', 'context': 'ctx_rzrq_rzye', 'window': 2}",allow,no blocked field/primitive combination detected,True,True,,-0.07680398465155991,0.09789936013165565,58,0.1896551724137931,0.09822179010610894,0.012897152887929555,0.05152556499121798,0.9664880129091747,2126,0.3636233569875086,0.0209657289887912,0.07238178739946327,True,0.05195912718661288,0.7616093912600841,4,495,"{'signal_quality': 0.05152556499121798, 'cost_adjusted_quality': 0.05061650659874921, 'turnover': 0.3636233569875086, 'worst_time_block_quality': 0.05195912718661288, 'stability': 0.7616093912600841, 'concentration': 0.0209657289887912, 'benchmark_increment': 0.044308705401488055, 'complexity': 6.0, 'behaviour_novelty': 1.0}",True,[],0.28676528847566835,2,0.05152556499121798,0.05061650659874921,0.3636233569875086,0.05195912718661288,0.7616093912600841,0.0209657289887912,0.044308705401488055,6.0,1.0,,,,FROZEN_RESEARCH_ONLY_NO_PROMOTION,False,False
b1s_typed_random_0114,typed_random,"CSRank(Add(CSRank(Mul($m1_first15_range,Sign(Delta($high,30)))),Mul(Sign($ret_1m),0.036)))","CSRank(Add(CSRank(Mul($m1_first15_range,Sign(Delta($high,30)))),Mul(Sign($ret_1m),0.036)))",db06b49dd9a824f49e6302382b3edf015b54204199aa0c71eb09c1cd1e7aab12,db06b49dd9a824f49e6302382b3edf015b54204199aa0c71eb09c1cd1e7aab12,b1s/typed_random:fixed:0114,,fixed,frozen_nonadaptive,typed_random_firstn_signed_path,mixed,typed_random:firstn_intraday_path:signed_path,typed_random:firstn_intraday_path:signed_path:mixed,"['high', 'm1_first15_range', 'ret_1m']",9206,,,development,firstn_intraday_path,signed_path,6,9502451,root_sample,"{'firstn': 'm1_first15_range', 'raw': 'high', 'window': 30}",allow,no blocked field/primitive combination detected,True,True,,-0.07462401049488343,0.10907956931801287,51,0.23529411764705882,0.10819388459970775,0.015150174181859554,0.04492966909843871,0.8755186721991701,257,0.09370338247131763,0.027490421816657527,0.059739855632356384,True,0.03291898737609771,0.5002461957757879,4,500,"{'signal_quality': 0.04492966909843871, 'cost_adjusted_quality': 0.044695410642260416, 'turnover': 0.09370338247131763, 'worst_time_block_quality': 0.03291898737609771, 'stability': 0.5002461957757879, 'concentration': 0.027490421816657527, 'benchmark_increment': 0.03166677363438117, 'complexity': 6.0, 'behaviour_novelty': 1.0}",True,[],0.23609966716025438,1,0.04492966909843871,0.044695410642260416,0.09370338247131763,0.03291898737609771,0.5002461957757879,0.027490421816657527,0.03166677363438117,6.0,1.0,,,,FROZEN_RESEARCH_ONLY_NO_PROMOTION,False,False
b1s_typed_random_0041,typed_random,"CSRank(Add(CSRank(Delta($vwap,15)),Mul(Sign($volume),0.036)))","CSRank(Add(CSRank(Delta($vwap,15)),Mul(Sign($volume),0.036)))",2ad3e6a6ef49604c2d1b3eddaf1cab4172d81a0c37ea1d46b5c80551276a37ae,2ad3e6a6ef49604c2d1b3eddaf1cab4172d81a0c37ea1d46b5c80551276a37ae,b1s/typed_random:fixed:0041,,fixed,frozen_nonadaptive,typed_random_rank_change,raw_1min,typed_random:static_cross_sectional:rank_change,typed_random:static_cross_sectional:rank_change:raw_1min,"['volume', 'vwap']",9206,,,development,static_cross_sectional,rank_change,4,9502001,root_sample,"{'a': 'vwap', 'b': 'close', 'window': 15, 'coefficient': 0.1}",allow,no blocked field/primitive combination detected,True,True,,-0.06527084626071479,0.09118319459163625,55,0.2909090909090909,0.09600599475320352,0.01294544569165131,0.03989777270507822,0.9164649608114338,1701,0.10065903159920954,0.019939946298706632,0.05680041855793375,True,0.0527954643244545,0.8401537399189531,4,130,"{'signal_quality': 0.03989777270507822, 'cost_adjusted_quality': 0.0396461251260802, 'turnover': 0.10065903159920954, 'worst_time_block_quality': 0.0527954643244545, 'stability': 0.8401537399189531, 'concentration': 0.019939946298706632, 'benchmark_increment': 0.028727336559958534, 'complexity': 4.0, 'behaviour_novelty': 0.25}",True,[],0.24116865138074278,1,0.03989777270507822,0.0396461251260802,0.10065903159920954,0.0527954643244545,0.8401537399189531,0.019939946298706632,0.028727336559958534,4.0,0.25,,,,FROZEN_RESEARCH_ONLY_NO_PROMOTION,False,False
b1s_typed_random_0024,typed_random,"CSRank(Add(CSRank(Mul($m1_first5_range,Sign(Delta($high,15)))),Mul(Sign($close),0.036)))","CSRank(Add(CSRank(Mul($m1_first5_range,Sign(Delta($high,15)))),Mul(Sign($close),0.036)))",b7b848896b4642727c61ec1b292c8ce480e5df04b7342cc6c24c5a2365db0f1f,b7b848896b4642727c61ec1b292c8ce480e5df04b7342cc6c24c5a2365db0f1f,b1s/typed_random:fixed:0024,,fixed,frozen_nonadaptive,typed_random_firstn_signed_path,mixed,typed_random:firstn_intraday_path:signed_path,typed_random:firstn_intraday_path:signed_path:mixed,"['close', 'high', 'm1_first5_range']",9206,,,development,firstn_intraday_path,signed_path,6,9501896,root_sample,"{'firstn': 'm1_first5_range', 'raw': 'high', 'window': 15}",allow,no blocked field/primitive combination detected,True,True,,-0.05943290326211198,0.09945166117865087,55,0.2909090909090909,0.10543314270237025,0.01421660206180108,0.03156836322098186,0.9377593360995851,231,0.09680469810244063,0.027490421837839542,0.05292181979364233,True,0.025590298115594663,0.648479355603869,4,496,"{'signal_quality': 0.03156836322098186, 'cost_adjusted_quality': 0.03132635147572576, 'turnover': 0.09680469810244063, 'worst_time_block_quality': 0.025590298115594663, 'stability': 0.648479355603869, 'concentration': 0.027490421837839542, 'benchmark_increment': 0.024848737795667108, 'complexity': 6.0, 'behaviour_novelty': 1.0}",True,[],0.2112630462091969,1,0.03156836322098186,0.03132635147572576,0.09680469810244063,0.025590298115594663,0.648479355603869,0.027490421837839542,0.024848737795667108,6.0,1.0,,,,FROZEN_RESEARCH_ONLY_NO_PROMOTION,False,False
b1s_typed_random_0048,typed_random,"CSRank(Add(CSRank(Sub($m1_first15_vwap_return_vs_open,Delta($vwap,15))),Mul(Sign($close),0.036)))","CSRank(Add(CSRank(Sub($m1_first15_vwap_return_vs_open,Delta($vwap,15))),Mul(Sign($close),0.036)))",254ce33aaadc0a170d25948567b9c2531fc83698cb4fa7c7ad63015f7ff9fb38,254ce33aaadc0a170d25948567b9c2531fc83698cb4fa7c7ad63015f7ff9fb38,b1s/typed_random:fixed:0048,,fixed,frozen_nonadaptive,typed_random_firstn_mean_reversion,mixed,typed_random:firstn_intraday_path:mean_reversion,typed_random:firstn_intraday_path:mean_reversion:mixed,"['close', 'm1_first15_vwap_return_vs_open', 'vwap']",9206,,,development,firstn_intraday_path,mean_reversion,5,9502044,root_sample,"{'firstn': 'm1_first15_vwap_return_vs_open', 'raw': 'vwap', 'window': 15}",allow,no blocked field/primitive combination detected,True,True,,0.060589801262531676,0.09373202902803121,55,0.6181818181818182,0.10160377488409422,0.013700250210520506,0.03373731084991148,0.9164649608114338,1581,0.08892985730101528,0.019939946299346714,0.052726849262948926,True,0.035900296171634385,0.7522235054176845,4,497,"{'signal_quality': 0.03373731084991148, 'cost_adjusted_quality': 0.033514986206658944, 'turnover': 0.08892985730101528, 'worst_time_block_quality': 0.035900296171634385, 'stability': 0.7522235054176845, 'concentration': 0.019939946299346714, 'benchmark_increment': 0.024653767264973706, 'complexity': 5.0, 'behaviour_novelty': 1.0}",True,[],0.23799704022196028,1,0.03373731084991148,0.033514986206658944,0.08892985730101528,0.035900296171634385,0.7522235054176845,0.019939946299346714,0.024653767264973706,5.0,1.0,,,,FROZEN_RESEARCH_ONLY_NO_PROMOTION,False,False
b1s_typed_ast_0060,typed_ast,"CSRank(Add(CSRank(Add($m1_first15_vwap_return_vs_open,PathShape($high,30))),CSRank(Add(ZScore($ret_1m),Mul(Sign($vwap),0.05)))))","CSRank(Add(CSRank(Add($m1_first15_vwap_return_vs_open,PathShape($high,30))),CSRank(Add(ZScore($ret_1m),Mul(Sign($vwap),0.05)))))",50bbe4ffe0de97a53a5936b14289bb72e35c08cc9027e9191d20d26e49975f4b,50bbe4ffe0de97a53a5936b14289bb72e35c08cc9027e9191d20d26e49975f4b,b1s/typed_ast:fixed:0060,,fixed,frozen_nonadaptive,typed_ast_path_shape_interaction,mixed,typed_ast:firstn_intraday_path__static_cross_sectional:path_shape__interaction,typed_ast:firstn_intraday_path__static_cross_sectional:path_shape__interaction:mixed,"['high', 'm1_first15_vwap_return_vs_open', 'ret_1m', 'vwap']",9207,,,development,firstn_intraday_path__static_cross_sectional,path_shape__interaction,14,59,root_sample,"{'left_expression': 'CSRank(Add($m1_first15_vwap_return_vs_open,PathShape($high,30)))', 'right_expression': 'CSRank(Add(ZScore($ret_1m),Mul(Sign($vwap),0.05)))', 'operator': 'Add'}",allow,no blocked field/primitive combination detected,True,True,,-0.19073792414853635,0.19137413542302803,51,0.0196078431372549,0.09303131543735059,0.013026989819784956,0.16520502410175783,0.865952051636699,1372,0.26746692801120353,0.022475947311954982,0.15102577319222982,True,0.15572832018428695,0.8864065403731654,4,489,"{'signal_quality': 0.16520502410175783, 'cost_adjusted_quality': 0.16453635678172981, 'turnover': 0.26746692801120353, 'worst_time_block_quality': 0.15572832018428695, 'stability': 0.8864065403731654, 'concentration': 0.022475947311954982, 'benchmark_increment': 0.1229526911942546, 'complexity': 14.0, 'behaviour_novelty': 1.0}",True,[],0.6007052512244039,1,0.16520502410175783,0.16453635678172981,0.26746692801120353,0.15572832018428695,0.8864065403731654,0.022475947311954982,0.1229526911942546,14.0,1.0,,,,FROZEN_RESEARCH_ONLY_NO_PROMOTION,False,False
b1s_typed_ast_0054,typed_ast,"CSRank(Add(CSRank(Mul($m1_first15_vwap_return_vs_open,Sign(Delta($high,30)))),CSRank($ret_1m)))","CSRank(Add(CSRank(Mul($m1_first15_vwap_return_vs_open,Sign(Delta($high,30)))),CSRank($ret_1m)))",60acb790532e6ea59858fc7dc0d7f8a790868127f90b900d7c65993a9af5ccd2,60acb790532e6ea59858fc7dc0d7f8a790868127f90b900d7c65993a9af5ccd2,b1s/typed_ast:fixed:0054,,fixed,frozen_nonadaptive,typed_ast_signed_path_rank_level,mixed,typed_ast:firstn_intraday_path__static_cross_sectional:signed_path__rank_level,typed_ast:firstn_intraday_path__static_cross_sectional:signed_path__rank_level:mixed,"['high', 'm1_first15_vwap_return_vs_open', 'ret_1m']",9207,,,development,firstn_intraday_path__static_cross_sectional,signed_path__rank_level,11,53,root_sample,"{'left_expression': 'CSRank(Mul($m1_first15_vwap_return_vs_open,Sign(Delta($high,30))))', 'right_expression': 'CSRank($ret_1m)', 'operator': 'Add'}",allow,no blocked field/primitive combination detected,True,True,,-0.17737708199350874,0.17996675200225654,51,0.0392156862745098,0.0959429982765787,0.013434706968862682,0.15104505633453788,0.8755186721991701,287,0.27031020382764165,0.026386846394689325,0.14199828179306173,True,0.10634256681224151,0.7524272234564223,4,487,"{'signal_quality': 0.15104505633453788, 'cost_adjusted_quality': 0.15036928082496878, 'turnover': 0.27031020382764165, 'worst_time_block_quality': 0.10634256681224151, 'stability': 0.7524272234564223, 'concentration': 0.026386846394689325, 'benchmark_increment': 0.11392519979508652, 'complexity': 11.0, 'behaviour_novelty': 1.0}",True,[],0.5356960849743453,2,0.15104505633453788,0.15036928082496878,0.27031020382764165,0.10634256681224151,0.7524272234564223,0.026386846394689325,0.11392519979508652,11.0,1.0,,,,FROZEN_RESEARCH_ONLY_NO_PROMOTION,False,False
b1s_typed_ast_0015,typed_ast,"CSRank(Sub(CSRank(Add($m1_first5_vwap_return_vs_open,PathShape($high,30))),CSRank(Div(Sub($close,$vwap),Add(Abs($close),0.000001)))))","CSRank(Sub(CSRank(Add($m1_first5_vwap_return_vs_open,PathShape($high,30))),CSRank(Div(Sub($close,$vwap),Add(Abs($close),0.000001)))))",24b341f420e4b394fdf8585eb918cd117376564033edb33f693c6adb48d81b27,24b341f420e4b394fdf8585eb918cd117376564033edb33f693c6adb48d81b27,b1s/typed_ast:fixed:0015,,fixed,frozen_nonadaptive,typed_ast_path_shape_simple_nonlinear,mixed,typed_ast:firstn_intraday_path__static_cross_sectional:path_shape__simple_nonlinear,typed_ast:firstn_intraday_path__static_cross_sectional:path_shape__simple_nonlinear:mixed,"['close', 'high', 'm1_first5_vwap_return_vs_open', 'vwap']",9207,,,development,firstn_intraday_path__static_cross_sectional,path_shape__simple_nonlinear,14,14,root_sample,"{'left_expression': 'CSRank(Add($m1_first5_vwap_return_vs_open,PathShape($high,30)))', 'right_expression': 'CSRank(Div(Sub($close,$vwap),Add(Abs($close),0.000001)))', 'operator': 'Sub'}",allow,no blocked field/primitive combination detected,True,True,,0.17326998069606872,0.1756942093031078,51,0.9803921568627451,0.10199041375380057,0.014281514514122334,0.14527821224838894,0.865952051636699,1352,0.2416090261441874,0.02234469058188901,0.13719470274431692,True,0.1295259285442514,0.851714661190792,4,473,"{'signal_quality': 0.14527821224838894, 'cost_adjusted_quality': 0.14467418968302848, 'turnover': 0.2416090261441874, 'worst_time_block_quality': 0.1295259285442514, 'stability': 0.851714661190792, 'concentration': 0.02234469058188901, 'benchmark_increment': 0.1091216207463417, 'complexity': 14.0, 'behaviour_novelty': 1.0}",True,[],0.5512619198410125,1,0.14527821224838894,0.14467418968302848,0.2416090261441874,0.1295259285442514,0.851714661190792,0.02234469058188901,0.1091216207463417,14.0,1.0,,,,FROZEN_RESEARCH_ONLY_NO_PROMOTION,False,False
b1s_typed_ast_0057,typed_ast,"CSRank(Sub(CSRank(Sub($m1_first15_vwap_return_vs_open,Mean($high,30))),CSRank(Delta($ret_1m,8))))","CSRank(Sub(CSRank(Sub($m1_first15_vwap_return_vs_open,Mean($high,30))),CSRank(Delta($ret_1m,8))))",01573a7f1c4e93571e2ce48d27902cd3facddc377fb46f4b7a8d915b6f44cbe1,01573a7f1c4e93571e2ce48d27902cd3facddc377fb46f4b7a8d915b6f44cbe1,b1s/typed_ast:fixed:0057,,fixed,frozen_nonadaptive,typed_ast_opening_gap_rank_change,mixed,typed_ast:firstn_intraday_path__static_cross_sectional:opening_gap__rank_change,typed_ast:firstn_intraday_path__static_cross_sectional:opening_gap__rank_change:mixed,"['high', 'm1_first15_vwap_return_vs_open', 'ret_1m']",9207,,,development,firstn_intraday_path__static_cross_sectional,opening_gap__rank_change,11,56,root_sample,"{'left_expression': 'CSRank(Sub($m1_first15_vwap_return_vs_open,Mean($high,30)))', 'right_expression': 'CSRank(Delta($ret_1m,8))', 'operator': 'Sub'}",allow,no blocked field/primitive combination detected,True,True,,0.10559653844589793,0.12534365513018644,51,0.8627450980392157,0.10177933897695757,0.014251958133496943,0.07766270050424393,0.8796680497925311,287,0.26451147572703126,0.02729614002106518,0.08493538715602356,True,0.05863343206798254,0.7383950112655979,4,488,"{'signal_quality': 0.07766270050424393, 'cost_adjusted_quality': 0.07700142181492635, 'turnover': 0.26451147572703126, 'worst_time_block_quality': 0.05863343206798254, 'stability': 0.7383950112655979, 'concentration': 0.02729614002106518, 'benchmark_increment': 0.05686230515804834, 'complexity': 11.0, 'behaviour_novelty': 1.0}",True,[],0.3495223839066126,2,0.07766270050424393,0.07700142181492635,0.26451147572703126,0.05863343206798254,0.7383950112655979,0.02729614002106518,0.05686230515804834,11.0,1.0,,,,FROZEN_RESEARCH_ONLY_NO_PROMOTION,False,False
b1s_typed_ast_0030,typed_ast,"CSRank(Add(CSRank(Add($m1_first5_range,PathShape($high,30))),CSRank($volume)))","CSRank(Add(CSRank(Add($m1_first5_range,PathShape($high,30))),CSRank($volume)))",b3314e2fa14763ed48a179b90b9b122d02cc4573cb3e2480cf71d67d94a79a34,b3314e2fa14763ed48a179b90b9b122d02cc4573cb3e2480cf71d67d94a79a34,b1s/typed_ast:fixed:0030,,fixed,frozen_nonadaptive,typed_ast_path_shape_rank_level,mixed,typed_ast:firstn_intraday_path__static_cross_sectional:path_shape__rank_level,typed_ast:firstn_intraday_path__static_cross_sectional:path_shape__rank_level:mixed,"['high', 'm1_first5_range', 'volume']",9207,,,development,firstn_intraday_path__static_cross_sectional,path_shape__rank_level,10,29,root_sample,"{'left_expression': 'CSRank(Add($m1_first5_range,PathShape($high,30)))', 'right_expression': 'CSRank($volume)', 'operator': 'Add'}",allow,no blocked field/primitive combination detected,True,True,,-0.09589474046894764,0.1200450653117868,51,0.13725490196078433,0.11044385281283113,0.01546523274971283,0.06558288427951049,0.8796680497925311,287,0.1601459651145978,0.026262831961707752,0.07713185515195141,True,0.07544637562518003,0.8648825347703049,4,477,"{'signal_quality': 0.06558288427951049, 'cost_adjusted_quality': 0.06518251936672399, 'turnover': 0.1601459651145978, 'worst_time_block_quality': 0.07544637562518003, 'stability': 0.8648825347703049, 'concentration': 0.026262831961707752, 'benchmark_increment': 0.04905877315397619, 'complexity': 10.0, 'behaviour_novelty': 1.0}",True,[],0.3560224248363085,1,0.06558288427951049,0.06518251936672399,0.1601459651145978,0.07544637562518003,0.8648825347703049,0.026262831961707752,0.04905877315397619,10.0,1.0,,,,FROZEN_RESEARCH_ONLY_NO_PROMOTION,False,False
b1s_typed_ast_0009,typed_ast,"CSRank(Sub(CSRank(Mul($m1_first5_vwap_return_vs_open,Sign(Delta($high,30)))),CSRank(Delta($close,8))))","CSRank(Sub(CSRank(Mul($m1_first5_vwap_return_vs_open,Sign(Delta($high,30)))),CSRank(Delta($close,8))))",33827ec9a3dd99d7c78b927638c3b7a9ca821229dc7f8256e32aa0f218a0df67,33827ec9a3dd99d7c78b927638c3b7a9ca821229dc7f8256e32aa0f218a0df67,b1s/typed_ast:fixed:0009,,fixed,frozen_nonadaptive,typed_ast_signed_path_rank_change,mixed,typed_ast:firstn_intraday_path__static_cross_sectional:signed_path__rank_change,typed_ast:firstn_intraday_path__static_cross_sectional:signed_path__rank_change:mixed,"['close', 'high', 'm1_first5_vwap_return_vs_open']",9207,,,development,firstn_intraday_path__static_cross_sectional,signed_path__rank_change,12,8,root_sample,"{'left_expression': 'CSRank(Mul($m1_first5_vwap_return_vs_open,Sign(Delta($high,30))))', 'right_expression': 'CSRank(Delta($close,8))', 'operator': 'Sub'}",allow,no blocked field/primitive combination detected,True,True,,0.09523165401661877,0.10808935032633038,51,0.8627450980392157,0.09462706872329019,0.013250439974317303,0.06926079166695687,0.8755186721991701,287,0.15457015204774313,0.027360135455768615,0.0762371953055698,True,0.07171213051822121,0.848436354953196,4,471,"{'signal_quality': 0.06926079166695687, 'cost_adjusted_quality': 0.0688743662868375, 'turnover': 0.15457015204774313, 'worst_time_block_quality': 0.07171213051822121, 'stability': 0.848436354953196, 'concentration': 0.027360135455768615, 'benchmark_increment': 0.04816411330759458, 'complexity': 12.0, 'behaviour_novelty': 1.0}",True,[],0.3563448160877479,1,0.06926079166695687,0.0688743662868375,0.15457015204774313,0.07171213051822121,0.848436354953196,0.027360135455768615,0.04816411330759458,12.0,1.0,,,,FROZEN_RESEARCH_ONLY_NO_PROMOTION,False,False
b1s_typed_ast_0120,typed_ast,"CSRank(Add(CSRank(Add($m1_first30_range,PathShape($high,30))),CSRank(Add(MaskedZScore($ctx_hfq_turnover_ratio,60,0.6),Mul(Sign($vwap),0.1)))))","CSRank(Add(CSRank(Add($m1_first30_range,PathShape($high,30))),CSRank(Add(MaskedZScore($ctx_hfq_turnover_ratio,60,0.6),Mul(Sign($vwap),0.1)))))",de3c01175a6d784b80815373bc380f5ee1381c0cbcd9020dcd18d71723e96f5f,de3c01175a6d784b80815373bc380f5ee1381c0cbcd9020dcd18d71723e96f5f,b1s/typed_ast:fixed:0120,,fixed,frozen_nonadaptive,typed_ast_path_shape_interaction,mixed,typed_ast:firstn_intraday_path__static_cross_sectional:path_shape__interaction,typed_ast:firstn_intraday_path__static_cross_sectional:path_shape__interaction:mixed,"['ctx_hfq_turnover_ratio', 'high', 'm1_first30_range', 'vwap']",9207,,,development,firstn_intraday_path__static_cross_sectional,path_shape__interaction,14,119,root_sample,"{'left_expression': 'CSRank(Add($m1_first30_range,PathShape($high,30)))', 'right_expression': 'CSRank(Add(MaskedZScore($ctx_hfq_turnover_ratio,60,0.6),Mul(Sign($vwap),0.1)))', 'operator': 'Add'}",allow,no blocked field/primitive combination detected,True,True,,-0.08494943655342281,0.11679293743043798,51,0.29411764705882354,0.11990276465412654,0.016789745336507098,0.0520415356938689,0.865952051636699,1368,0.06539213334861736,0.022278603276687365,0.0672627344299605,True,0.04356414102016362,0.671161577383008,4,492,"{'signal_quality': 0.0520415356938689, 'cost_adjusted_quality': 0.051878055360497353, 'turnover': 0.06539213334861736, 'worst_time_block_quality': 0.04356414102016362, 'stability': 0.671161577383008, 'concentration': 0.022278603276687365, 'benchmark_increment': 0.039189652431985286, 'complexity': 14.0, 'behaviour_novelty': 1.0}",True,[],0.2758197207705155,1,0.0520415356938689,0.051878055360497353,0.06539213334861736,0.04356414102016362,0.671161577383008,0.022278603276687365,0.039189652431985286,14.0,1.0,,,,FROZEN_RESEARCH_ONLY_NO_PROMOTION,False,False
b1s_typed_ast_0016,typed_ast,"CSRank(Add(CSRank(Mul(Transition($evt_uplimit_active,1,0),Neg(Delta($low,15)))),CSRank(Delta($vwap,8))))","CSRank(Add(CSRank(Mul(Transition($evt_uplimit_active,1,0),Neg(Delta($low,15)))),CSRank(Delta($vwap,8))))",6da64103fc58c250b482bd6ee94646b59fea8b770d1d0508b692cefe9080b3d4,6da64103fc58c250b482bd6ee94646b59fea8b770d1d0508b692cefe9080b3d4,b1s/typed_ast:fixed:0016,,fixed,frozen_nonadaptive,typed_ast_break_board_delta,mixed,typed_ast:event_conditioned__temporal_program:break_board__delta,typed_ast:event_conditioned__temporal_program:break_board__delta:mixed,"['evt_uplimit_active', 'low', 'vwap']",9207,,,development,event_conditioned__temporal_program,break_board__delta,13,15,root_sample,"{'left_expression': 'CSRank(Mul(Transition($evt_uplimit_active,1,0),Neg(Delta($low,15))))', 'right_expression': 'CSRank(Delta($vwap,8))', 'operator': 'Add'}",allow,no blocked field/primitive combination detected,True,True,,-0.07194848795783784,0.09608305652741239,55,0.23636363636363636,0.10489167709243039,0.014143590853851072,0.04422704988428974,0.9166378515444905,1450,0.13321378075650478,0.02191987737897292,0.06262329079263669,True,0.06011645870998953,0.8670920740036336,4,461,"{'signal_quality': 0.04422704988428974, 'cost_adjusted_quality': 0.04389401543239848, 'turnover': 0.13321378075650478, 'worst_time_block_quality': 0.06011645870998953, 'stability': 0.8670920740036336, 'concentration': 0.02191987737897292, 'benchmark_increment': 0.034550208794661474, 'complexity': 13.0, 'behaviour_novelty': 0.5}",True,[],0.2645471725796332,1,0.04422704988428974,0.04389401543239848,0.13321378075650478,0.06011645870998953,0.8670920740036336,0.02191987737897292,0.034550208794661474,13.0,0.5,,,,FROZEN_RESEARCH_ONLY_NO_PROMOTION,False,False
b1s_cem_0004,cem,"CSRank(Add(CSRank(Add(PathShape($low,3),Mul(DrawdownPath($intraday_ret_from_open,3),1.17))),Mul(Sign($intraday_ret_from_open),0.030)))","CSRank(Add(CSRank(Add(PathShape($low,3),Mul(DrawdownPath($intraday_ret_from_open,3),1.17))),Mul(Sign($intraday_ret_from_open),0.030)))",a87c043dfc4c2b3e97a5b2cf78c9b3d4c0dabd5db2eb7d251cd99f7e19f6ba7b,a87c043dfc4c2b3e97a5b2cf78c9b3d4c0dabd5db2eb7d251cd99f7e19f6ba7b,b1s/cem:control:0004,,control,matched_nonadaptive_control,path,raw_1min,cem:path,cem:path:raw_1min,"['intraday_ret_from_open', 'low']",9208,,,development,cem,path,11,3,root_sample,{},allow,no blocked field/primitive combination detected,True,True,,-0.11854711953276167,0.12961405140507726,58,0.1206896551724138,0.09147759067403273,0.01201159611800906,0.09500439114146392,0.9644421392346704,2127,0.2487501499847696,0.019872181618340333,0.11148495499918466,True,0.07081120916541259,0.7498875555853939,4,41,"{'signal_quality': 0.09500439114146392, 'cost_adjusted_quality': 0.09438251576650199, 'turnover': 0.2487501499847696, 'worst_time_block_quality': 0.07081120916541259, 'stability': 0.7498875555853939, 'concentration': 0.019872181618340333, 'benchmark_increment': 0.08341187300120945, 'complexity': 11.0, 'behaviour_novelty': 0.08333333333333333}",True,[],0.3611962251613978,3,0.09500439114146392,0.09438251576650199,0.2487501499847696,0.07081120916541259,0.7498875555853939,0.019872181618340333,0.08341187300120945,11.0,0.08333333333333333,,,,FROZEN_RESEARCH_ONLY_NO_PROMOTION,False,False
b1s_cem_0054,cem,"CSRank(Add(CSRank(Add(MultiScaleRelation($vwap,$vwap,5,15),Mul(Delta($vwap,5),0.04))),Mul(Sign($volume),0.030)))","CSRank(Add(CSRank(Add(MultiScaleRelation($vwap,$vwap,5,15),Mul(Delta($vwap,5),0.04))),Mul(Sign($volume),0.030)))",22e532b9a815d7015855d3db6c15c2c847ba0efc64b5797ea5860deef1823e09,22e532b9a815d7015855d3db6c15c2c847ba0efc64b5797ea5860deef1823e09,b1s/cem:control:0054,,control,matched_nonadaptive_control,multiscale,raw_1min,cem:multiscale,cem:multiscale:raw_1min,"['volume', 'vwap']",9208,,,development,cem,multiscale,11,53,root_sample,{},allow,no blocked field/primitive combination detected,True,True,,-0.0690065587472404,0.1018603508838864,55,0.2727272727272727,0.1080776351357693,0.014573185348777625,0.040443115463636256,0.851313969571231,3126,0.15993577130037712,0.01991902964728514,0.055782318052090996,True,0.04013274651896214,0.7298195445087254,4,42,"{'signal_quality': 0.040443115463636256, 'cost_adjusted_quality': 0.040043276035385315, 'turnover': 0.15993577130037712, 'worst_time_block_quality': 0.04013274651896214, 'stability': 0.7298195445087254, 'concentration': 0.01991902964728514, 'benchmark_increment': 0.027709236054115776, 'complexity': 11.0, 'behaviour_novelty': 0.08333333333333333}",True,[],0.2004121154477944,2,0.040443115463636256,0.040043276035385315,0.15993577130037712,0.04013274651896214,0.7298195445087254,0.01991902964728514,0.027709236054115776,11.0,0.08333333333333333,,,,FROZEN_RESEARCH_ONLY_NO_PROMOTION,False,False
b1s_cem_0025,cem,"CSRank(Add(CSRank(Add(Delta($close,2),Mul($high,0.01))),Mul(Sign($amount_yuan),0.030)))","CSRank(Add(CSRank(Add(Delta($close,2),Mul($high,0.01))),Mul(Sign($amount_yuan),0.030)))",e73035d3b594c81cbf2dc587e3773ddba3306f4bd57c16457a9b539308d2f316,e73035d3b594c81cbf2dc587e3773ddba3306f4bd57c16457a9b539308d2f316,b1s/cem:control:0025,,control,matched_nonadaptive_control,delta,raw_1min,cem:delta,cem:delta:raw_1min,"['amount_yuan', 'close', 'high']",9208,,,development,cem,delta,10,24,root_sample,{},allow,no blocked field/primitive combination detected,True,True,,-0.05158341016697661,0.11180403803344437,58,0.3103448275862069,0.12420832882341327,0.016309352589269858,0.01961707909200769,0.991701244813278,241,0.06729051619006715,0.027490421819235233,0.04988155544307885,True,0.028207932506140235,0.5659996808979981,4,38,"{'signal_quality': 0.01961707909200769, 'cost_adjusted_quality': 0.01944885280153252, 'turnover': 0.06729051619006715, 'worst_time_block_quality': 0.028207932506140235, 'stability': 0.5659996808979981, 'concentration': 0.027490421819235233, 'benchmark_increment': 0.021808473445103633, 'complexity': 10.0, 'behaviour_novelty': 0.011764705882352941}",True,[],0.12575500645028848,1,0.01961707909200769,0.01944885280153252,0.06729051619006715,0.028207932506140235,0.5659996808979981,0.027490421819235233,0.021808473445103633,10.0,0.011764705882352941,,,,FROZEN_RESEARCH_ONLY_NO_PROMOTION,False,False
b1s_cem_0180,cem,"CSRank(Add(CSRank(Add(PathShape($intraday_ret_from_open,8),Mul(DrawdownPath($amount_yuan,8),1.04))),Mul(Sign($intraday_ret_from_open),0.030)))","CSRank(Add(CSRank(Add(PathShape($intraday_ret_from_open,8),Mul(DrawdownPath($amount_yuan,8),1.04))),Mul(Sign($intraday_ret_from_open),0.030)))",0659ebdb70ee764653828d80c3d51baa786d79832ada700a85f718c7e8614070,0659ebdb70ee764653828d80c3d51baa786d79832ada700a85f718c7e8614070,b1s/cem:adaptive:0180,b1s_cem_0060,adaptive,ephemeral_cem_adaptive,path,raw_1min,cem:path,cem:path:raw_1min,"['amount_yuan', 'intraday_ret_from_open']",9208,,,development,cem,path,11,179,root_sample,{},allow,no blocked field/primitive combination detected,True,True,,-0.12405262377691292,0.1399275975315494,57,0.08771929824561403,0.1058725732433406,0.014023164898654341,0.09656722057555042,0.970954356846473,240,0.2313568822665748,0.026310705417366628,0.11643331952780357,True,0.09291905556962327,0.7830310500896659,4,46,"{'signal_quality': 0.09656722057555042, 'cost_adjusted_quality': 0.09598882836988398, 'turnover': 0.2313568822665748, 'worst_time_block_quality': 0.09291905556962327, 'stability': 0.7830310500896659, 'concentration': 0.026310705417366628, 'benchmark_increment': 0.08836023752982836, 'complexity': 11.0, 'behaviour_novelty': 0.02857142857142857}",True,[],0.3861360125262633,2,0.09656722057555042,0.09598882836988398,0.2313568822665748,0.09291905556962327,0.7830310500896659,0.026310705417366628,0.08836023752982836,11.0,0.02857142857142857,,,,FROZEN_RESEARCH_ONLY_NO_PROMOTION,False,False
b1s_rx_ucb_0121,rx_ucb,"CSRank(Add(CSRank(SafeCSResidual(Delta($close,2),$ctx_hfq_float_market_cap_yuan,20,5,0.6)),Mul(Sign($high),0.026)))","CSRank(Add(CSRank(SafeCSResidual(Delta($close,2),$ctx_hfq_float_market_cap_yuan,20,5,0.6)),Mul(Sign($high),0.026)))",99fd861b3167fbe2c1d72220ab4b2930b059e226cac427c2b2b185d52eee73ef,99fd861b3167fbe2c1d72220ab4b2930b059e226cac427c2b2b185d52eee73ef,b1s/rx_ucb:control:0121,,control,matched_nonadaptive_control,change_residual,mixed,rx_ucb:orthogonal_exile:change_residual,rx_ucb:orthogonal_exile:change_residual:mixed,"['close', 'ctx_hfq_float_market_cap_yuan', 'high']",9209,,,development,orthogonal_exile,change_residual,5,9291901,root_sample,"{'raw': 'close', 'other': 'trade_count', 'context': 'ctx_hfq_float_market_cap_yuan', 'window': 2}",allow,no blocked field/primitive combination detected,True,True,,-0.19118951998461584,0.2006691343456888,58,0.034482758620689655,0.11394900497225033,0.01496223737082098,0.1618635347378067,0.991701244813278,144,0.2628388740192157,0.0274904218193889,0.18488174028001098,True,0.10294080466984162,0.7204645483637909,4,293,"{'signal_quality': 0.1618635347378067, 'cost_adjusted_quality': 0.16120643755275868, 'turnover': 0.2628388740192157, 'worst_time_block_quality': 0.10294080466984162, 'stability': 0.7204645483637909, 'concentration': 0.0274904218193889, 'benchmark_increment': 0.15680865828203575, 'complexity': 5.0, 'behaviour_novelty': 1.0}",True,[],0.5641758233592435,2,0.1618635347378067,0.16120643755275868,0.2628388740192157,0.10294080466984162,0.7204645483637909,0.0274904218193889,0.15680865828203575,5.0,1.0,,,,FROZEN_RESEARCH_ONLY_NO_PROMOTION,False,False
b1s_rx_ucb_0184,rx_ucb,"CSRank(Add(CSRank(Slope($ret_1m,5)),Mul(Sign($vwap),0.026)))","CSRank(Add(CSRank(Slope($ret_1m,5)),Mul(Sign($vwap),0.026)))",0c19af341ab405edecd786a8819839bd62a93bd226d76ae58275cab2d799821e,0c19af341ab405edecd786a8819839bd62a93bd226d76ae58275cab2d799821e,b1s/rx_ucb:control:0184,,control,matched_nonadaptive_control,slope,raw_1min,rx_ucb:temporal_program:slope,rx_ucb:temporal_program:slope:raw_1min,"['ret_1m', 'vwap']",9209,,,development,temporal_program,slope,4,9291911,root_sample,"{'field': 'ret_1m', 'other': 'low', 'window': 5, 'state': 'evt_uplimit_active'}",allow,no blocked field/primitive combination detected,True,True,,-0.1804459802176493,0.18516759799478913,58,0.05172413793103448,0.09882205879994908,0.012975972028875068,0.15501307504105416,0.9695712309820194,1326,0.2912027082807835,0.02002583994987109,0.17059881559866463,True,0.11844004663799239,0.7682657725911883,4,301,"{'signal_quality': 0.15501307504105416, 'cost_adjusted_quality': 0.1542850682703522, 'turnover': 0.2912027082807835, 'worst_time_block_quality': 0.11844004663799239, 'stability': 0.7682657725911883, 'concentration': 0.02002583994987109, 'benchmark_increment': 0.1425257336006894, 'complexity': 4.0, 'behaviour_novelty': 0.5}",True,[],0.5423163547510236,2,0.15501307504105416,0.1542850682703522,0.2912027082807835,0.11844004663799239,0.7682657725911883,0.02002583994987109,0.1425257336006894,4.0,0.5,,,,FROZEN_RESEARCH_ONLY_NO_PROMOTION,False,False
b1s_rx_ucb_0190,rx_ucb,"CSRank(Add(CSRank(Acceleration($ret_1m,5)),Mul(Sign($low),0.026)))","CSRank(Add(CSRank(Acceleration($ret_1m,5)),Mul(Sign($low),0.026)))",1c796d420d2db2ff30b0afccd12438b4d3e50376b898f47b90510cc18132ccf4,1c796d420d2db2ff30b0afccd12438b4d3e50376b898f47b90510cc18132ccf4,b1s/rx_ucb:control:0190,,control,matched_nonadaptive_control,acceleration,raw_1min,rx_ucb:temporal_program:acceleration,rx_ucb:temporal_program:acceleration:raw_1min,"['low', 'ret_1m']",9209,,,development,temporal_program,acceleration,4,9291912,root_sample,"{'field': 'ret_1m', 'other': 'low', 'window': 5, 'state': 'evt_uplimit_active'}",allow,no blocked field/primitive combination detected,True,True,,-0.08866257609461868,0.10292149061028277,57,0.14035087719298245,0.08601330609142785,0.011392740705623601,0.06633280431159642,0.979253112033195,212,0.3738975902297699,0.027490421817838687,0.08392818209999975,True,0.07568468539084856,0.8831503223940003,4,303,"{'signal_quality': 0.06633280431159642, 'cost_adjusted_quality': 0.065398060336022, 'turnover': 0.3738975902297699, 'worst_time_block_quality': 0.07568468539084856, 'stability': 0.8831503223940003, 'concentration': 0.027490421817838687, 'benchmark_increment': 0.05585510010202453, 'complexity': 4.0, 'behaviour_novelty': 0.5}",True,[],0.3326630155998483,2,0.06633280431159642,0.065398060336022,0.3738975902297699,0.07568468539084856,0.8831503223940003,0.027490421817838687,0.05585510010202453,4.0,0.5,,,,FROZEN_RESEARCH_ONLY_NO_PROMOTION,False,False
b1s_rx_ucb_0145,rx_ucb,"CSRank(Add(CSRank(SafeCSResidual(Delta($vwap,2),$ctx_hfq_float_market_cap_yuan,20,5,0.6)),Mul(Sign($high),0.026)))","CSRank(Add(CSRank(SafeCSResidual(Delta($vwap,2),$ctx_hfq_float_market_cap_yuan,20,5,0.6)),Mul(Sign($high),0.026)))",0d003af0ffff3d966571437bd8ef6f735d18660af577d32146852976e62ef98a,0d003af0ffff3d966571437bd8ef6f735d18660af577d32146852976e62ef98a,b1s/rx_ucb:control:0145,,control,matched_nonadaptive_control,change_residual,mixed,rx_ucb:orthogonal_exile:change_residual,rx_ucb:orthogonal_exile:change_residual:mixed,"['ctx_hfq_float_market_cap_yuan', 'high', 'vwap']",9209,,,development,orthogonal_exile,change_residual,5,9291905,root_sample,"{'raw': 'vwap', 'other': 'trade_count', 'context': 'ctx_hfq_float_market_cap_yuan', 'window': 2}",allow,no blocked field/primitive combination detected,True,True,,-0.08206127867570956,0.10687996309054863,58,0.1206896551724138,0.09859572911015102,0.012946253484657437,0.05668662184578098,0.9690813739050254,1578,0.23355081375845052,0.020269972623183096,0.07754389389463205,True,0.03961020444144909,0.6553980683224307,4,296,"{'signal_quality': 0.05668662184578098, 'cost_adjusted_quality': 0.05610274481138485, 'turnover': 0.23355081375845052, 'worst_time_block_quality': 0.03961020444144909, 'stability': 0.6553980683224307, 'concentration': 0.020269972623183096, 'benchmark_increment': 0.049470811896656836, 'complexity': 5.0, 'behaviour_novelty': 1.0}",True,[],0.28542838627134304,1,0.05668662184578098,0.05610274481138485,0.23355081375845052,0.03961020444144909,0.6553980683224307,0.020269972623183096,0.049470811896656836,5.0,1.0,,,,FROZEN_RESEARCH_ONLY_NO_PROMOTION,False,False
b1s_rx_ucb_0097,rx_ucb,"CSRank(Add(CSRank(SafeCSResidual(Delta($low,2),$ctx_hfq_float_market_cap_yuan,20,5,0.6)),Mul(Sign($high),0.026)))","CSRank(Add(CSRank(SafeCSResidual(Delta($low,2),$ctx_hfq_float_market_cap_yuan,20,5,0.6)),Mul(Sign($high),0.026)))",8842076fa8f4a215566e8ebad6156adcc6210ea5d30c6c4bae5158a21dd5f161,8842076fa8f4a215566e8ebad6156adcc6210ea5d30c6c4bae5158a21dd5f161,b1s/rx_ucb:control:0097,,control,matched_nonadaptive_control,change_residual,mixed,rx_ucb:orthogonal_exile:change_residual,rx_ucb:orthogonal_exile:change_residual:mixed,"['ctx_hfq_float_market_cap_yuan', 'high', 'low']",9209,,,development,orthogonal_exile,change_residual,5,9291897,root_sample,"{'raw': 'low', 'other': 'trade_count', 'context': 'ctx_hfq_float_market_cap_yuan', 'window': 2}",allow,no blocked field/primitive combination detected,True,True,,-0.07347626839262858,0.09738508687233124,58,0.2413793103448276,0.097974289249791,0.012864654433356718,0.04826154570324941,0.991701244813278,144,0.22890365635487056,0.0274904218193889,0.07105211818515687,True,0.024881444662306587,0.5611500262086448,4,292,"{'signal_quality': 0.04826154570324941, 'cost_adjusted_quality': 0.04768928656236224, 'turnover': 0.22890365635487056, 'worst_time_block_quality': 0.024881444662306587, 'stability': 0.5611500262086448, 'concentration': 0.0274904218193889, 'benchmark_increment': 0.04297903618718166, 'complexity': 5.0, 'behaviour_novelty': 1.0}",True,[],0.24088704091788266,3,0.04826154570324941,0.04768928656236224,0.22890365635487056,0.024881444662306587,0.5611500262086448,0.0274904218193889,0.04297903618718166,5.0,1.0,,,,FROZEN_RESEARCH_ONLY_NO_PROMOTION,False,False
b1s_rx_ucb_0163,rx_ucb,"CSRank(Add(CSRank(SafeCSResidual($volume,$ctx_hfq_float_market_cap_yuan,20,5,0.6)),Mul(Sign($close),0.026)))","CSRank(Add(CSRank(SafeCSResidual($volume,$ctx_hfq_float_market_cap_yuan,20,5,0.6)),Mul(Sign($close),0.026)))",f5bf0dcfe1c1a1d7dfbfe37c645a839f4acd41555152732f793af778b211ea28,f5bf0dcfe1c1a1d7dfbfe37c645a839f4acd41555152732f793af778b211ea28,b1s/rx_ucb:control:0163,,control,matched_nonadaptive_control,level_residual,mixed,rx_ucb:orthogonal_exile:level_residual,rx_ucb:orthogonal_exile:level_residual:mixed,"['close', 'ctx_hfq_float_market_cap_yuan', 'volume']",9209,,,development,orthogonal_exile,level_residual,4,9291908,root_sample,"{'raw': 'volume', 'other': 'trade_count', 'context': 'ctx_hfq_float_market_cap_yuan', 'window': 2}",allow,no blocked field/primitive combination detected,True,True,,-0.06979955585625625,0.10560706465812711,59,0.2542372881355932,0.11214693599573654,0.014600287467121097,0.041182992420698894,1.0,145,0.18822900584777083,0.027376353682055994,0.06864576472149235,True,0.04530944720740383,0.4754248646685094,4,297,"{'signal_quality': 0.041182992420698894, 'cost_adjusted_quality': 0.04071241990607947, 'turnover': 0.18822900584777083, 'worst_time_block_quality': 0.04530944720740383, 'stability': 0.4754248646685094, 'concentration': 0.027376353682055994, 'benchmark_increment': 0.040572682723517134, 'complexity': 4.0, 'behaviour_novelty': 1.0}",True,[],0.23890757790780973,2,0.041182992420698894,0.04071241990607947,0.18822900584777083,0.04530944720740383,0.4754248646685094,0.027376353682055994,0.040572682723517134,4.0,1.0,,,,FROZEN_RESEARCH_ONLY_NO_PROMOTION,False,False
b1s_rx_ucb_0004,rx_ucb,"CSRank(Add(CSRank(Slope($vwap,5)),Mul(Sign($volume),0.026)))","CSRank(Add(CSRank(Slope($vwap,5)),Mul(Sign($volume),0.026)))",830ca4bfcfd462b4806c27a9cb27985aadb312522df2dfa3b39d611a73cf8193,830ca4bfcfd462b4806c27a9cb27985aadb312522df2dfa3b39d611a73cf8193,b1s/rx_ucb:control:0004,,control,matched_nonadaptive_control,slope,raw_1min,rx_ucb:temporal_program:slope,rx_ucb:temporal_program:slope:raw_1min,"['volume', 'vwap']",9209,,,development,temporal_program,slope,4,9291881,root_sample,"{'field': 'vwap', 'other': 'sell_volume', 'window': 5, 'state': 'ctx_sent_zb_num'}",allow,no blocked field/primitive combination detected,True,True,,-0.06976217604941846,0.11306860571475896,58,0.3275862068965517,0.11763924354107196,0.015446789433694314,0.03948646875937761,0.9394882434301521,2458,0.15014554067355407,0.020238936708438293,0.06390876834826918,True,0.031974933786703956,0.5680144809376984,4,281,"{'signal_quality': 0.03948646875937761, 'cost_adjusted_quality': 0.039111104907693726, 'turnover': 0.15014554067355407, 'worst_time_block_quality': 0.031974933786703956, 'stability': 0.5680144809376984, 'concentration': 0.020238936708438293, 'benchmark_increment': 0.035835686350293966, 'complexity': 4.0, 'behaviour_novelty': 0.5}",True,[],0.2065577656790282,1,0.03948646875937761,0.039111104907693726,0.15014554067355407,0.031974933786703956,0.5680144809376984,0.020238936708438293,0.035835686350293966,4.0,0.5,,,,FROZEN_RESEARCH_ONLY_NO_PROMOTION,False,False
b1s_rx_ucb_0333,rx_ucb,"CSRank(Add(CSRank(Add($m1_first30_range,PathShape($close,3))),Mul(Sign($ret_1m),0.026)))","CSRank(Add(CSRank(Add($m1_first30_range,PathShape($close,3))),Mul(Sign($ret_1m),0.026)))",b8df0d9f9694a3bed2ec6c2424ac9bd3654a7c5c9a371138b045f398b462c5ca,b8df0d9f9694a3bed2ec6c2424ac9bd3654a7c5c9a371138b045f398b462c5ca,b1s/rx_ucb:adaptive:0333,b1s_rx_ucb_0165,adaptive,ephemeral_rx_ucb_information_gain,firstn_path_shape,mixed,rx_ucb:firstn_intraday_path:path_shape,rx_ucb:firstn_intraday_path:path_shape:mixed,"['close', 'm1_first30_range', 'ret_1m']",9209,,,development,firstn_intraday_path,path_shape,8,9302758,root_sample,"{'firstn': 'm1_first30_range', 'raw': 'close', 'window': 3}",allow,no blocked field/primitive combination detected,True,True,,-0.22328097895236304,0.22328097895236304,51,0.0,0.09557726649984485,0.013383494276557023,0.1970493301703113,0.8796680497925311,144,0.26766326217794434,0.0274904218193889,0.17959354227895724,True,0.16432636105458104,0.8399941435094798,4,323,"{'signal_quality': 0.1970493301703113, 'cost_adjusted_quality': 0.19638017201486643, 'turnover': 0.26766326217794434, 'worst_time_block_quality': 0.16432636105458104, 'stability': 0.8399941435094798, 'concentration': 0.0274904218193889, 'benchmark_increment': 0.151520460280982, 'complexity': 8.0, 'behaviour_novelty': 1.0}",True,[],0.650630792001211,1,0.1970493301703113,0.19638017201486643,0.26766326217794434,0.16432636105458104,0.8399941435094798,0.0274904218193889,0.151520460280982,8.0,1.0,b1s_rx_ucb_0165,1.4353817610055457,0.16666666666666666,FROZEN_RESEARCH_ONLY_NO_PROMOTION,False,False
b1s_rx_ucb_0241,rx_ucb,"CSRank(Add(CSRank(Add($m1_first15_range,PathShape($close,2))),Mul(Sign($high),0.026)))","CSRank(Add(CSRank(Add($m1_first15_range,PathShape($close,2))),Mul(Sign($high),0.026)))",23d72fa25246e04f424256fe63236d45572b9c37ae2a28287309e7994b88a15b,23d72fa25246e04f424256fe63236d45572b9c37ae2a28287309e7994b88a15b,b1s/rx_ucb:adaptive:0241,b1s_rx_ucb_0165,adaptive,ephemeral_rx_ucb_information_gain,firstn_path_shape,mixed,rx_ucb:firstn_intraday_path:path_shape,rx_ucb:firstn_intraday_path:path_shape:mixed,"['close', 'high', 'm1_first15_range']",9209,,,development,firstn_intraday_path,path_shape,8,9302203,root_sample,"{'firstn': 'm1_first15_range', 'raw': 'close', 'window': 2}",allow,no blocked field/primitive combination detected,True,True,,-0.19448038724255143,0.19642294883552855,55,0.01818181818181818,0.09759430383852846,0.01315961324502635,0.1686875452822998,0.941908713692946,208,0.3454464211833726,0.027490421819606696,0.17394063549679809,True,0.12635827648822542,0.793126324568776,4,314,"{'signal_quality': 0.1686875452822998, 'cost_adjusted_quality': 0.16782392922934136, 'turnover': 0.3454464211833726, 'worst_time_block_quality': 0.12635827648822542, 'stability': 0.793126324568776, 'concentration': 0.027490421819606696, 'benchmark_increment': 0.14586755349882286, 'complexity': 8.0, 'behaviour_novelty': 1.0}",True,[],0.5864275587123505,2,0.1686875452822998,0.16782392922934136,0.3454464211833726,0.12635827648822542,0.793126324568776,0.027490421819606696,0.14586755349882286,8.0,1.0,b1s_rx_ucb_0165,1.4353817610055457,0.16666666666666666,FROZEN_RESEARCH_ONLY_NO_PROMOTION,False,False
b1s_rx_ucb_0238,rx_ucb,"CSRank(Add(CSRank(CSResidual(PathShape($close,15),Delta($ret_1m,15))),Mul(Sign($low),0.026)))","CSRank(Add(CSRank(CSResidual(PathShape($close,15),Delta($ret_1m,15))),Mul(Sign($low),0.026)))",61d135010c845978783e18bc44c0feb323618780ccadbb4cb07e982c538f34a6,61d135010c845978783e18bc44c0feb323618780ccadbb4cb07e982c538f34a6,b1s/rx_ucb:adaptive:0238,b1s_rx_ucb_0175,adaptive,ephemeral_rx_ucb_information_gain,path_residual,raw_1min,rx_ucb:orthogonal_exile:path_residual,rx_ucb:orthogonal_exile:path_residual:raw_1min,"['close', 'low', 'ret_1m']",9209,,,development,orthogonal_exile,path_residual,9,9302174,root_sample,"{'raw': 'close', 'other': 'ret_1m', 'context': 'ctx_rzrq_rzjme', 'window': 15}",allow,no blocked field/primitive combination detected,True,True,,-0.12219272992148902,0.13193965886552841,55,0.12727272727272726,0.1011462671241208,0.013638559876750517,0.09546115256305801,0.9377593360995851,284,0.1566008660414854,0.0271259285434545,0.10880608683171458,True,0.11243871679940985,0.874484805081929,4,312,"{'signal_quality': 0.09546115256305801, 'cost_adjusted_quality': 0.0950696503979543, 'turnover': 0.1566008660414854, 'worst_time_block_quality': 0.11243871679940985, 'stability': 0.874484805081929, 'concentration': 0.0271259285434545, 'benchmark_increment': 0.08073300483373937, 'complexity': 9.0, 'behaviour_novelty': 1.0}",True,[],0.4596349021248825,1,0.09546115256305801,0.0950696503979543,0.1566008660414854,0.11243871679940985,0.874484805081929,0.0271259285434545,0.08073300483373937,9.0,1.0,b1s_rx_ucb_0175,1.1470277011590528,0.0,FROZEN_RESEARCH_ONLY_NO_PROMOTION,False,False
b1s_rx_ucb_0205,rx_ucb,"CSRank(Add(CSRank(Add(MaskedZScore($ctx_hfq_ps_ttm,60,0.6),Mul(Sign($ret_1m),0.35))),Mul(Sign($ret_1m),0.026)))","CSRank(Add(CSRank(Add(MaskedZScore($ctx_hfq_ps_ttm,60,0.6),Mul(Sign($ret_1m),0.35))),Mul(Sign($ret_1m),0.026)))",75b1b692c22a594d342b3f7d526181ecd68bf33577a468bab65bbf05b577272d,75b1b692c22a594d342b3f7d526181ecd68bf33577a468bab65bbf05b577272d,b1s/rx_ucb:adaptive:0205,b1s_rx_ucb_0176,adaptive,ephemeral_rx_ucb_information_gain,interaction,mixed,rx_ucb:static_cross_sectional:interaction,rx_ucb:static_cross_sectional:interaction:mixed,"['ctx_hfq_ps_ttm', 'ret_1m']",9209,,,development,static_cross_sectional,interaction,10,9301990,root_sample,"{'a': 'ctx_hfq_ps_ttm', 'b': 'ret_1m', 'window': 15, 'coefficient': 0.35}",allow,no blocked field/primitive combination detected,True,True,,-0.10553547827673707,0.11797233101591616,59,0.15254237288135594,0.08589183746925053,0.01118216478226365,0.08361843530350031,1.0,144,0.1997198910093478,0.0274904218193889,0.10379097005250812,True,0.06678163852877002,0.7664622533082575,4,304,"{'signal_quality': 0.08361843530350031, 'cost_adjusted_quality': 0.08311913557597694, 'turnover': 0.1997198910093478, 'worst_time_block_quality': 0.06678163852877002, 'stability': 0.7664622533082575, 'concentration': 0.0274904218193889, 'benchmark_increment': 0.0757178880545329, 'complexity': 10.0, 'behaviour_novelty': 1.0}",True,[],0.38396794496273673,2,0.08361843530350031,0.08311913557597694,0.1997198910093478,0.06678163852877002,0.7664622533082575,0.0274904218193889,0.0757178880545329,10.0,1.0,b1s_rx_ucb_0176,1.1470277011590528,0.0,FROZEN_RESEARCH_ONLY_NO_PROMOTION,False,False
b1s_rx_ucb_0336,rx_ucb,"CSRank(Add(CSRank(Delta($high,8)),Mul(Sign($vwap),0.026)))","CSRank(Add(CSRank(Delta($high,8)),Mul(Sign($vwap),0.026)))",c977ab6890ee336a4b9bd4c744d2ebed656944d5866e16fef63332f27b2aa92d,c977ab6890ee336a4b9bd4c744d2ebed656944d5866e16fef63332f27b2aa92d,b1s/rx_ucb:adaptive:0336,b1s_rx_ucb_0178,adaptive,ephemeral_rx_ucb_information_gain,delta,raw_1min,rx_ucb:temporal_program:delta,rx_ucb:temporal_program:delta:raw_1min,"['high', 'vwap']",9209,,,development,temporal_program,delta,7,9302770,root_sample,"{'field': 'high', 'other': 'price_spread', 'window': 8, 'state': 'evt_uplimit_active'}",allow,no blocked field/primitive combination detected,True,True,,-0.07406783535479444,0.10079481982858955,57,0.22807017543859648,0.10667988021392522,0.01413009531911669,0.04637284852932573,0.9529737206085753,1401,0.1266289615959176,0.022519668852843004,0.06823121226264457,True,0.044449570570351045,0.7621378529595864,4,324,"{'signal_quality': 0.04637284852932573, 'cost_adjusted_quality': 0.046056276125335936, 'turnover': 0.1266289615959176, 'worst_time_block_quality': 0.044449570570351045, 'stability': 0.7621378529595864, 'concentration': 0.022519668852843004, 'benchmark_increment': 0.040158130264669356, 'complexity': 7.0, 'behaviour_novelty': 0.5}",True,[],0.25303543292015573,1,0.04637284852932573,0.046056276125335936,0.1266289615959176,0.044449570570351045,0.7621378529595864,0.022519668852843004,0.040158130264669356,7.0,0.5,b1s_rx_ucb_0178,2.164442915386551,0.6666666666666666,FROZEN_RESEARCH_ONLY_NO_PROMOTION,False,False
b1s_rx_ucb_0311,rx_ucb,"CSRank(Add(CSRank(Sub($m1_first15_last_return_vs_open,Delta($high,3))),Mul(Sign($amount_yuan),0.026)))","CSRank(Add(CSRank(Sub($m1_first15_last_return_vs_open,Delta($high,3))),Mul(Sign($amount_yuan),0.026)))",f87888cfc1961cbd251ed386ff56e02354fba2d4e9439740cbec92a1b4a96412,f87888cfc1961cbd251ed386ff56e02354fba2d4e9439740cbec92a1b4a96412,b1s/rx_ucb:adaptive:0311,b1s_rx_ucb_0051,adaptive,ephemeral_rx_ucb_information_gain,firstn_mean_reversion,mixed,rx_ucb:firstn_intraday_path:mean_reversion,rx_ucb:firstn_intraday_path:mean_reversion:mixed,"['amount_yuan', 'high', 'm1_first15_last_return_vs_open']",9209,,,development,firstn_intraday_path,mean_reversion,8,9302644,root_sample,"{'firstn': 'm1_first15_last_return_vs_open', 'raw': 'high', 'window': 3}",allow,no blocked field/primitive combination detected,True,True,,0.07612805865947217,0.09400765166113167,55,0.7818181818181819,0.09594770035715693,0.012937585276891912,0.05077039151676402,0.941908713692946,244,0.1360988625733174,0.027490421817858122,0.06808790896663164,True,0.05854990172828293,0.7231270464824533,4,321,"{'signal_quality': 0.05077039151676402, 'cost_adjusted_quality': 0.05043014436033073, 'turnover': 0.1360988625733174, 'worst_time_block_quality': 0.05854990172828293, 'stability': 0.7231270464824533, 'concentration': 0.027490421817858122, 'benchmark_increment': 0.04001482696865642, 'complexity': 8.0, 'behaviour_novelty': 1.0}",True,[],0.2949621384453789,2,0.05077039151676402,0.05043014436033073,0.1360988625733174,0.05854990172828293,0.7231270464824533,0.027490421817858122,0.04001482696865642,8.0,1.0,b1s_rx_ucb_0051,1.4846169525786022,0.3333333333333333,FROZEN_RESEARCH_ONLY_NO_PROMOTION,False,False
b1s_rx_ucb_0223,rx_ucb,"CSRank(Add(CSRank(Sub($m1_first5_last_return_vs_open,Delta($high,2))),Mul(Sign($amount_yuan),0.026)))","CSRank(Add(CSRank(Sub($m1_first5_last_return_vs_open,Delta($high,2))),Mul(Sign($amount_yuan),0.026)))",2e1f99c1234c774d2052d2d20582f51586316a58e18db5b19eda8376c42af433,2e1f99c1234c774d2052d2d20582f51586316a58e18db5b19eda8376c42af433,b1s/rx_ucb:adaptive:0223,b1s_rx_ucb_0051,adaptive,ephemeral_rx_ucb_information_gain,firstn_mean_reversion,mixed,rx_ucb:firstn_intraday_path:mean_reversion,rx_ucb:firstn_intraday_path:mean_reversion:mixed,"['amount_yuan', 'high', 'm1_first5_last_return_vs_open']",9209,,,development,firstn_intraday_path,mean_reversion,8,9302089,root_sample,"{'firstn': 'm1_first5_last_return_vs_open', 'raw': 'high', 'window': 2}",allow,no blocked field/primitive combination detected,True,True,,0.06627985995722943,0.0898489646870269,58,0.7931034482758621,0.08483859892212897,0.011139853793281458,0.04444574652239777,0.983402489626556,228,0.16887338333183297,0.027490421818435282,0.06355679149732978,True,0.023664045969732032,0.4672585996255082,4,308,"{'signal_quality': 0.04444574652239777, 'cost_adjusted_quality': 0.04402356306406819, 'turnover': 0.16887338333183297, 'worst_time_block_quality': 0.023664045969732032, 'stability': 0.4672585996255082, 'concentration': 0.027490421818435282, 'benchmark_increment': 0.03548370949935456, 'complexity': 8.0, 'behaviour_novelty': 1.0}",True,[],0.2186566604901346,3,0.04444574652239777,0.04402356306406819,0.16887338333183297,0.023664045969732032,0.4672585996255082,0.027490421818435282,0.03548370949935456,8.0,1.0,b1s_rx_ucb_0051,1.4846169525786022,0.3333333333333333,FROZEN_RESEARCH_ONLY_NO_PROMOTION,False,False
b1s_uct_mcts_0054,uct_mcts,"CSRank(Add(CSRank(Add(Mul(Sign($ctx_hfq_volume_ratio),Delta($intraday_ret_from_open,3)),Mul($ret_1m,0.06))),Mul(Sign($intraday_ret_from_open),0.039)))","CSRank(Add(CSRank(Add(Mul(Sign($ctx_hfq_volume_ratio),Delta($intraday_ret_from_open,3)),Mul($ret_1m,0.06))),Mul(Sign($intraday_ret_from_open),0.039)))",3bd4765143348f8aa805c612d0c854149920f7b5a6558742601ed118aaa8e247,3bd4765143348f8aa805c612d0c854149920f7b5a6558742601ed118aaa8e247,b1s/uct_mcts:control:0054,,control,matched_nonadaptive_control,signed_context,mixed,uct_mcts:signed_context,uct_mcts:signed_context:mixed,"['ctx_hfq_volume_ratio', 'intraday_ret_from_open', 'ret_1m']",9210,,,development,uct_mcts,signed_context,12,53,root_sample,{},allow,no blocked field/primitive combination detected,True,True,,-0.23457669902600686,0.24134170525085447,58,0.017241379310344827,0.11103568736745692,0.014579700028348125,0.20600048697044454,0.9875518672199171,234,0.2585657917378332,0.02749042180312678,0.2258883662327674,True,0.16155239461687776,0.7939795046618745,4,508,"{'signal_quality': 0.20600048697044454, 'cost_adjusted_quality': 0.20535407249109996, 'turnover': 0.2585657917378332, 'worst_time_block_quality': 0.16155239461687776, 'stability': 0.7939795046618745, 'concentration': 0.02749042180312678, 'benchmark_increment': 0.19781528423479217, 'complexity': 12.0, 'behaviour_novelty': 0.125}",True,[],0.6173267973378403,1,0.20600048697044454,0.20535407249109996,0.2585657917378332,0.16155239461687776,0.7939795046618745,0.02749042180312678,0.19781528423479217,12.0,0.125,,,,FROZEN_RESEARCH_ONLY_NO_PROMOTION,False,False
b1s_uct_mcts_0034,uct_mcts,"CSRank(Add(CSRank(Add(PathShape($low,15),Mul(DrawdownPath($high,15),1.01))),Mul(Sign($low),0.039)))","CSRank(Add(CSRank(Add(PathShape($low,15),Mul(DrawdownPath($high,15),1.01))),Mul(Sign($low),0.039)))",27c87300cb89a4dbe4e99a6cc66725875304f10ae5871e761cc6d73cc1606f6f,27c87300cb89a4dbe4e99a6cc66725875304f10ae5871e761cc6d73cc1606f6f,b1s/uct_mcts:control:0034,,control,matched_nonadaptive_control,path,raw_1min,uct_mcts:path,uct_mcts:path:raw_1min,"['high', 'low']",9210,,,development,uct_mcts,path,11,33,root_sample,{},allow,no blocked field/primitive combination detected,True,True,,-0.07318730812970256,0.09883543059025342,55,0.2727272727272727,0.09640835296842779,0.012999699662324341,0.047707896791546855,0.941908713692946,278,0.10599047965101688,0.02775710165276852,0.06545774135313485,True,0.05816714703421804,0.8763662882446882,4,362,"{'signal_quality': 0.047707896791546855, 'cost_adjusted_quality': 0.047442920592419315, 'turnover': 0.10599047965101688, 'worst_time_block_quality': 0.05816714703421804, 'stability': 0.8763662882446882, 'concentration': 0.02775710165276852, 'benchmark_increment': 0.03738465935515964, 'complexity': 11.0, 'behaviour_novelty': 0.07142857142857142}",True,[],0.2542984064214845,1,0.047707896791546855,0.047442920592419315,0.10599047965101688,0.05816714703421804,0.8763662882446882,0.02775710165276852,0.03738465935515964,11.0,0.07142857142857142,,,,FROZEN_RESEARCH_ONLY_NO_PROMOTION,False,False
b1s_uct_mcts_0085,uct_mcts,"CSRank(Add(CSRank(Sub(Acceleration($high,20),Mul(Slope($intraday_ret_from_open,20),0.01))),Mul(Sign($high),0.039)))","CSRank(Add(CSRank(Sub(Acceleration($high,20),Mul(Slope($intraday_ret_from_open,20),0.01))),Mul(Sign($high),0.039)))",34bbbb1aaa785a83f4c95a2207ca06df7699616cbb919246a301f98e27095af4,34bbbb1aaa785a83f4c95a2207ca06df7699616cbb919246a301f98e27095af4,b1s/uct_mcts:control:0085,,control,matched_nonadaptive_control,acceleration,raw_1min,uct_mcts:acceleration,uct_mcts:acceleration:raw_1min,"['high', 'intraday_ret_from_open']",9210,,,development,uct_mcts,acceleration,11,84,root_sample,{},allow,no blocked field/primitive combination detected,True,True,,-0.05677466969848223,0.08744474227133346,54,0.25925925925925924,0.09283215303695659,0.012632855925805745,0.03201427208390297,0.91701244813278,177,0.1411695076117111,0.027490421818928704,0.0489848530781621,True,0.046131731354790755,0.8458413176131109,4,507,"{'signal_quality': 0.03201427208390297, 'cost_adjusted_quality': 0.031661348314873695, 'turnover': 0.1411695076117111, 'worst_time_block_quality': 0.046131731354790755, 'stability': 0.8458413176131109, 'concentration': 0.027490421818928704, 'benchmark_increment': 0.020911771080186877, 'complexity': 11.0, 'behaviour_novelty': 0.08333333333333333}",True,[],0.19678124550195997,3,0.03201427208390297,0.031661348314873695,0.1411695076117111,0.046131731354790755,0.8458413176131109,0.027490421818928704,0.020911771080186877,11.0,0.08333333333333333,,,,FROZEN_RESEARCH_ONLY_NO_PROMOTION,False,False
b1s_uct_mcts_0065,uct_mcts,"CSRank(Add(CSRank(Sub(ZScore(Std($ret_1m,5)),Mul(ZScore(Mean($low,5)),0.13))),Mul(Sign($ret_1m),0.039)))","CSRank(Add(CSRank(Sub(ZScore(Std($ret_1m,5)),Mul(ZScore(Mean($low,5)),0.13))),Mul(Sign($ret_1m),0.039)))",9cba5b52706cfe20ab078e25475ce5b9594618841ce2f113e9392bfff6f670bf,9cba5b52706cfe20ab078e25475ce5b9594618841ce2f113e9392bfff6f670bf,b1s/uct_mcts:control:0065,,control,matched_nonadaptive_control,volatility,raw_1min,uct_mcts:volatility,uct_mcts:volatility:raw_1min,"['low', 'ret_1m']",9210,,,development,uct_mcts,volatility,13,64,root_sample,{},allow,no blocked field/primitive combination detected,True,True,,-0.050594105774744595,0.0992594115696415,58,0.3103448275862069,0.11117489189776111,0.014597978478660283,0.021982067956570442,0.983402489626556,153,0.09393758863331697,0.02749042181929354,0.048515477156927084,True,0.034256792480249064,0.8136720344148063,4,16,"{'signal_quality': 0.021982067956570442, 'cost_adjusted_quality': 0.02174722398498715, 'turnover': 0.09393758863331697, 'worst_time_block_quality': 0.034256792480249064, 'stability': 0.8136720344148063, 'concentration': 0.02749042181929354, 'benchmark_increment': 0.020442395158951864, 'complexity': 13.0, 'behaviour_novelty': 0.07692307692307693}",True,[],0.1598905871053196,1,0.021982067956570442,0.02174722398498715,0.09393758863331697,0.034256792480249064,0.8136720344148063,0.02749042181929354,0.020442395158951864,13.0,0.07692307692307693,,,,FROZEN_RESEARCH_ONLY_NO_PROMOTION,False,False
b1s_evolutionary_0110,evolutionary,"CSRank(Add(CSRank(PathShape($close,3)),Mul(Sign($vwap),0.012)))","CSRank(Add(CSRank(PathShape($close,3)),Mul(Sign($vwap),0.012)))",f33bb288e47b04c02891bb531655aa788d3c62be5a44b7034b5fc6e486aeea65,f33bb288e47b04c02891bb531655aa788d3c62be5a44b7034b5fc6e486aeea65,b1s/evolutionary:control:0110,,control,matched_nonadaptive_control,pathshape,raw_1min,evolutionary:temporal_program:pathshape,evolutionary:temporal_program:pathshape:raw_1min,"['close', 'vwap']",9211,,,development,temporal_program,pathshape,4,9293917,root_sample,"{'field': 'close', 'other': 'amount_yuan', 'window': 3, 'state': 'ctx_sent_lb_2_num'}",allow,no blocked field/primitive combination detected,True,True,,-0.20885274562056325,0.21454669519568062,58,0.017241379310344827,0.10709526627480016,0.014062297390706156,0.18129064273477918,0.9778699861687413,975,0.2604212152379039,0.019435486289483613,0.19914544838499948,True,0.13632542948149096,0.7800641324684048,4,71,"{'signal_quality': 0.18129064273477918, 'cost_adjusted_quality': 0.18063958969668442, 'turnover': 0.2604212152379039, 'worst_time_block_quality': 0.13632542948149096, 'stability': 0.7800641324684048, 'concentration': 0.019435486289483613, 'benchmark_increment': 0.17107236638702425, 'complexity': 4.0, 'behaviour_novelty': 1.0}",True,[],0.6218089330219773,1,0.18129064273477918,0.18063958969668442,0.2604212152379039,0.13632542948149096,0.7800641324684048,0.019435486289483613,0.17107236638702425,4.0,1.0,,,,FROZEN_RESEARCH_ONLY_NO_PROMOTION,False,False
b1s_evolutionary_0150,evolutionary,"CSRank(Add(CSRank(Div(Sub($ctx_hfq_pb,$ret_1m),Add(Abs($ctx_hfq_pb),0.000001))),Mul(Sign($vwap),0.012)))","CSRank(Add(CSRank(Div(Sub($ctx_hfq_pb,$ret_1m),Add(Abs($ctx_hfq_pb),0.000001))),Mul(Sign($vwap),0.012)))",7fb7b8e0cfa4eaa2a77c8a0e93acaefb65b02e73c8c298c698748c508948b636,7fb7b8e0cfa4eaa2a77c8a0e93acaefb65b02e73c8c298c698748c508948b636,b1s/evolutionary:control:0150,,control,matched_nonadaptive_control,simple_nonlinear,mixed,evolutionary:static_cross_sectional:simple_nonlinear,evolutionary:static_cross_sectional:simple_nonlinear:mixed,"['ctx_hfq_pb', 'ret_1m', 'vwap']",9211,,,development,static_cross_sectional,simple_nonlinear,7,9293923,root_sample,"{'a': 'ctx_hfq_pb', 'b': 'ret_1m', 'window': 8, 'coefficient': 0.1}",allow,no blocked field/primitive combination detected,True,True,,0.20401113102272256,0.20409318369381518,59,0.9830508474576272,0.09034743992218254,0.011762234813374356,0.18095715078850882,0.9861687413554634,1196,0.35700000055233555,0.020151462558700303,0.1978637266132768,True,0.14263854154351874,0.8127303722111083,4,81,"{'signal_quality': 0.18095715078850882, 'cost_adjusted_quality': 0.180064650787128, 'turnover': 0.35700000055233555, 'worst_time_block_quality': 0.14263854154351874, 'stability': 0.8127303722111083, 'concentration': 0.020151462558700303, 'benchmark_increment': 0.16979064461530158, 'complexity': 7.0, 'behaviour_novelty': 0.3333333333333333}",True,[],0.5871267123221132,2,0.18095715078850882,0.180064650787128,0.35700000055233555,0.14263854154351874,0.8127303722111083,0.020151462558700303,0.16979064461530158,7.0,0.3333333333333333,,,,FROZEN_RESEARCH_ONLY_NO_PROMOTION,False,False
b1s_evolutionary_0078,evolutionary,"CSRank(Add(CSRank(Div(Sub($ctx_hfq_volume_ratio,$ret_1m),Add(Abs($ctx_hfq_volume_ratio),0.000001))),Mul(Sign($vwap),0.012)))","CSRank(Add(CSRank(Div(Sub($ctx_hfq_volume_ratio,$ret_1m),Add(Abs($ctx_hfq_volume_ratio),0.000001))),Mul(Sign($vwap),0.012)))",01663886e7e9a8f4092dcf0957f2680f06dae776a0110d537287669fbfbe8164,01663886e7e9a8f4092dcf0957f2680f06dae776a0110d537287669fbfbe8164,b1s/evolutionary:control:0078,,control,matched_nonadaptive_control,simple_nonlinear,mixed,evolutionary:static_cross_sectional:simple_nonlinear,evolutionary:static_cross_sectional:simple_nonlinear:mixed,"['ctx_hfq_volume_ratio', 'ret_1m', 'vwap']",9211,,,development,static_cross_sectional,simple_nonlinear,7,9293911,root_sample,"{'a': 'ctx_hfq_volume_ratio', 'b': 'ret_1m', 'window': 8, 'coefficient': 0.05}",allow,no blocked field/primitive combination detected,True,True,,0.20223802728400214,0.2050381944262913,59,0.9661016949152542,0.09370437753515377,0.012199270865437647,0.17832745638774436,0.9861687413554634,1631,0.3583674333172899,0.020151462556269414,0.19614405126195453,True,0.13273602306471483,0.7789510589439264,4,65,"{'signal_quality': 0.17832745638774436, 'cost_adjusted_quality': 0.17743153780445114, 'turnover': 0.3583674333172899, 'worst_time_block_quality': 0.13273602306471483, 'stability': 0.7789510589439264, 'concentration': 0.020151462556269414, 'benchmark_increment': 0.1680709692639793, 'complexity': 7.0, 'behaviour_novelty': 1.0}",True,[],0.6072918427520333,2,0.17832745638774436,0.17743153780445114,0.3583674333172899,0.13273602306471483,0.7789510589439264,0.020151462556269414,0.1680709692639793,7.0,1.0,,,,FROZEN_RESEARCH_ONLY_NO_PROMOTION,False,False
b1s_evolutionary_0054,evolutionary,"CSRank(Add(CSRank(Div(Sub($ctx_hfq_turnover_ratio,$ret_1m),Add(Abs($ctx_hfq_turnover_ratio),0.000001))),Mul(Sign($vwap),0.012)))","CSRank(Add(CSRank(Div(Sub($ctx_hfq_turnover_ratio,$ret_1m),Add(Abs($ctx_hfq_turnover_ratio),0.000001))),Mul(Sign($vwap),0.012)))",75dfe7b5a239944c42d4b3200537e90fcee05e66a91ba771c57b6af6b76477cf,75dfe7b5a239944c42d4b3200537e90fcee05e66a91ba771c57b6af6b76477cf,b1s/evolutionary:control:0054,,control,matched_nonadaptive_control,simple_nonlinear,mixed,evolutionary:static_cross_sectional:simple_nonlinear,evolutionary:static_cross_sectional:simple_nonlinear:mixed,"['ctx_hfq_turnover_ratio', 'ret_1m', 'vwap']",9211,,,development,static_cross_sectional,simple_nonlinear,7,9293907,root_sample,"{'a': 'ctx_hfq_turnover_ratio', 'b': 'ret_1m', 'window': 8, 'coefficient': 0.05}",allow,no blocked field/primitive combination detected,True,True,,0.1975000142330167,0.1986088117253868,59,0.9830508474576272,0.09364627374738743,0.012191706396584486,0.1736042696957111,0.9861687413554634,1196,0.3564321631043696,0.020151462558700303,0.19154880729506576,True,0.14268960469085598,0.8202770296154175,4,60,"{'signal_quality': 0.1736042696957111, 'cost_adjusted_quality': 0.17271318928795018, 'turnover': 0.3564321631043696, 'worst_time_block_quality': 0.14268960469085598, 'stability': 0.8202770296154175, 'concentration': 0.020151462558700303, 'benchmark_increment': 0.16347572529709054, 'complexity': 7.0, 'behaviour_novelty': 1.0}",True,[],0.6113562857719309,1,0.1736042696957111,0.17271318928795018,0.3564321631043696,0.14268960469085598,0.8202770296154175,0.020151462558700303,0.16347572529709054,7.0,1.0,,,,FROZEN_RESEARCH_ONLY_NO_PROMOTION,False,False
b1s_evolutionary_0126,evolutionary,"CSRank(Add(CSRank(Div(Sub($ctx_hfq_float_market_cap_yuan,$ret_1m),Add(Abs($ctx_hfq_float_market_cap_yuan),0.000001))),Mul(Sign($vwap),0.012)))","CSRank(Add(CSRank(Div(Sub($ctx_hfq_float_market_cap_yuan,$ret_1m),Add(Abs($ctx_hfq_float_market_cap_yuan),0.000001))),Mul(Sign($vwap),0.012)))",7dc75207263ccbfaa57e730c4fff3b6d79d97b1bb7c4f1ef00181e84afd2921a,7dc75207263ccbfaa57e730c4fff3b6d79d97b1bb7c4f1ef00181e84afd2921a,b1s/evolutionary:control:0126,,control,matched_nonadaptive_control,simple_nonlinear,mixed,evolutionary:static_cross_sectional:simple_nonlinear,evolutionary:static_cross_sectional:simple_nonlinear:mixed,"['ctx_hfq_float_market_cap_yuan', 'ret_1m', 'vwap']",9211,,,development,static_cross_sectional,simple_nonlinear,7,9293919,root_sample,"{'a': 'ctx_hfq_float_market_cap_yuan', 'b': 'ret_1m', 'window': 8, 'coefficient': 0.1}",allow,no blocked field/primitive combination detected,True,True,,0.19625055141301007,0.19784339888900407,59,0.9491525423728814,0.09593890353492526,0.012490181371906234,0.17176979592407385,0.9861687413554634,1326,0.3555359352796831,0.02015146256006387,0.19033699415236174,True,0.1152177667698287,0.7558239014980109,4,70,"{'signal_quality': 0.17176979592407385, 'cost_adjusted_quality': 0.17088095608587464, 'turnover': 0.3555359352796831, 'worst_time_block_quality': 0.1152177667698287, 'stability': 0.7558239014980109, 'concentration': 0.02015146256006387, 'benchmark_increment': 0.1622639121543865, 'complexity': 7.0, 'behaviour_novelty': 0.5}",True,[],0.558899978680686,2,0.17176979592407385,0.17088095608587464,0.3555359352796831,0.1152177667698287,0.7558239014980109,0.02015146256006387,0.1622639121543865,7.0,0.5,,,,FROZEN_RESEARCH_ONLY_NO_PROMOTION,False,False
b1s_evolutionary_0116,evolutionary,"CSRank(Add(CSRank(Sub(RecoveryPath($close,3),DrawdownPath($amount_yuan,3))),Mul(Sign($low),0.012)))","CSRank(Add(CSRank(Sub(RecoveryPath($close,3),DrawdownPath($amount_yuan,3))),Mul(Sign($low),0.012)))",3f3f18cac4ad782cfc317d89870400f887d57a3b70601f57a23b2a35939155cf,3f3f18cac4ad782cfc317d89870400f887d57a3b70601f57a23b2a35939155cf,b1s/evolutionary:control:0116,,control,matched_nonadaptive_control,drawdownrecovery,raw_1min,evolutionary:temporal_program:drawdownrecovery,evolutionary:temporal_program:drawdownrecovery:raw_1min,"['amount_yuan', 'close', 'low']",9211,,,development,temporal_program,drawdownrecovery,6,9293918,root_sample,"{'field': 'close', 'other': 'amount_yuan', 'window': 3, 'state': 'ctx_sent_lb_2_num'}",allow,no blocked field/primitive combination detected,True,True,,-0.17464920045464155,0.1836313378260367,58,0.06896551724137931,0.10864595242345901,0.01426591245737153,0.14668801203819334,0.991441908713693,365,0.30586023723638256,0.02663647272531621,0.16884295869265048,True,0.09465930269587108,0.7222027996705696,4,72,"{'signal_quality': 0.14668801203819334, 'cost_adjusted_quality': 0.1459233614451024, 'turnover': 0.30586023723638256, 'worst_time_block_quality': 0.09465930269587108, 'stability': 0.7222027996705696, 'concentration': 0.02663647272531621, 'benchmark_increment': 0.14076987669467525, 'complexity': 6.0, 'behaviour_novelty': 0.5}",True,[],0.5049547747875072,3,0.14668801203819334,0.1459233614451024,0.30586023723638256,0.09465930269587108,0.7222027996705696,0.02663647272531621,0.14076987669467525,6.0,0.5,,,,FROZEN_RESEARCH_ONLY_NO_PROMOTION,False,False
b1s_evolutionary_0190,evolutionary,"CSRank(Add(CSRank(Mul(StateAge($ctx_sent_lb_2_num),Sign(Delta($ret_1m,3)))),Mul(Sign($vwap),0.012)))","CSRank(Add(CSRank(Mul(StateAge($ctx_sent_lb_2_num),Sign(Delta($ret_1m,3)))),Mul(Sign($vwap),0.012)))",c868fa21979546f93c5ac6686e27d6479f0727fc14ccb97db0d91e1b60b53ba1,c868fa21979546f93c5ac6686e27d6479f0727fc14ccb97db0d91e1b60b53ba1,b1s/evolutionary:control:0190,,control,matched_nonadaptive_control,state_duration,mixed,evolutionary:state_transition:duration,evolutionary:state_transition:duration:mixed,"['ctx_sent_lb_2_num', 'ret_1m', 'vwap']",9211,,,development,state_transition,duration,7,9293930,root_sample,"{'state': 'ctx_sent_lb_2_num', 'other_state': 'ctx_hfq_prev_is_limit_up', 'raw': 'ret_1m', 'context': 'ctx_ths_hot_rank', 'window': 3}",allow,no blocked field/primitive combination detected,True,True,,-0.12999629608860575,0.13626835427175818,58,0.08620689655172414,0.09214104802456184,0.012098712336061601,0.10628281990992501,0.9737206085753803,463,0.3407068749883514,0.019654742629009746,0.12342820680391248,True,0.07694480532920242,0.6890104025043123,4,83,"{'signal_quality': 0.10628281990992501, 'cost_adjusted_quality': 0.10543105272245414, 'turnover': 0.3407068749883514, 'worst_time_block_quality': 0.07694480532920242, 'stability': 0.6890104025043123, 'concentration': 0.019654742629009746, 'benchmark_increment': 0.09535512480593726, 'complexity': 7.0, 'behaviour_novelty': 0.25}",True,[],0.3929213301602992,3,0.10628281990992501,0.10543105272245414,0.3407068749883514,0.07694480532920242,0.6890104025043123,0.019654742629009746,0.09535512480593726,7.0,0.25,,,,FROZEN_RESEARCH_ONLY_NO_PROMOTION,False,False
b1s_evolutionary_0198,evolutionary,"CSRank(Add(CSRank($ret_1m),Mul(Sign($vwap),0.012)))","CSRank(Add(CSRank($ret_1m),Mul(Sign($vwap),0.012)))",08e0bc4b06ca88573aff361b47ef9b604284d9c78eb902af56db354bccf1cd2b,08e0bc4b06ca88573aff361b47ef9b604284d9c78eb902af56db354bccf1cd2b,b1s/evolutionary:adaptive:0198,b1s_evolutionary_0126,adaptive,ephemeral_evolutionary_typed_mutation,rank_level,raw_1min,evolutionary:static_cross_sectional:rank_level,evolutionary:static_cross_sectional:rank_level:raw_1min,"['ret_1m', 'vwap']",9211,,,development,static_cross_sectional,rank_level,6,18588412,window_shift,"{'a': 'ret_1m', 'b': 'trade_count', 'window': 3, 'coefficient': 0.05}",allow,no blocked field/primitive combination detected,True,True,,-0.21611647681288745,0.21823990975219862,59,0.03389830508474576,0.0959238224140447,0.012488217977202423,0.1916395695775707,0.9861687413554634,1159,0.35764479293011453,0.020093833990160938,0.20960430575705694,True,0.14011051113304476,0.7891628109814118,4,93,"{'signal_quality': 0.1916395695775707, 'cost_adjusted_quality': 0.19074545759524542, 'turnover': 0.35764479293011453, 'worst_time_block_quality': 0.14011051113304476, 'stability': 0.7891628109814118, 'concentration': 0.020093833990160938, 'benchmark_increment': 0.1815312237590817, 'complexity': 6.0, 'behaviour_novelty': 0.05555555555555555}",True,[],0.5844146725830714,1,0.1916395695775707,0.19074545759524542,0.35764479293011453,0.14011051113304476,0.7891628109814118,0.020093833990160938,0.1815312237590817,6.0,0.05555555555555555,b1s_evolutionary_0126,,,FROZEN_RESEARCH_ONLY_NO_PROMOTION,False,False
b1s_evolutionary_0218,evolutionary,"CSRank(Add(CSRank(Sub(RecoveryPath($close,15),DrawdownPath($amount_yuan,15))),Mul(Sign($volume),0.012)))","CSRank(Add(CSRank(Sub(RecoveryPath($close,15),DrawdownPath($amount_yuan,15))),Mul(Sign($volume),0.012)))",dd9824f0e351e6c02d9bed094169c8277cc787ac9e7e771608474ffa642ade73,dd9824f0e351e6c02d9bed094169c8277cc787ac9e7e771608474ffa642ade73,b1s/evolutionary:adaptive:0218,b1s_evolutionary_0158,adaptive,ephemeral_evolutionary_typed_mutation,drawdownrecovery,raw_1min,evolutionary:temporal_program:drawdownrecovery,evolutionary:temporal_program:drawdownrecovery:raw_1min,"['amount_yuan', 'close', 'volume']",9211,,,development,temporal_program,drawdownrecovery,9,18588758,window_shift,"{'field': 'close', 'other': 'amount_yuan', 'window': 15, 'state': 'ctx_sent_lb_2_num'}",allow,no blocked field/primitive combination detected,True,True,,-0.18558508751567376,0.18722515815385368,55,0.03636363636363636,0.10063171857119332,0.013569178164027645,0.15898949831417958,0.941908713692946,226,0.22195591618549437,0.02634099651737858,0.16598479938722732,True,0.1670837944268674,0.8928634744877509,4,104,"{'signal_quality': 0.15898949831417958, 'cost_adjusted_quality': 0.15843460852371585, 'turnover': 0.22195591618549437, 'worst_time_block_quality': 0.1670837944268674, 'stability': 0.8928634744877509, 'concentration': 0.02634099651737858, 'benchmark_increment': 0.1379117173892521, 'complexity': 9.0, 'behaviour_novelty': 0.5}",True,[],0.5871497019549874,1,0.15898949831417958,0.15843460852371585,0.22195591618549437,0.1670837944268674,0.8928634744877509,0.02634099651737858,0.1379117173892521,9.0,0.5,b1s_evolutionary_0158,,,FROZEN_RESEARCH_ONLY_NO_PROMOTION,False,False
b1s_evolutionary_0294,evolutionary,"CSRank(Add(CSRank(Delta($close,5)),Mul(Sign($vwap),0.012)))","CSRank(Add(CSRank(Delta($close,5)),Mul(Sign($vwap),0.012)))",942425e4fac400dc56ce30de5faa4ee236dcbf2f97a0a8d5ff9e48400a4f9bfe,942425e4fac400dc56ce30de5faa4ee236dcbf2f97a0a8d5ff9e48400a4f9bfe,b1s/evolutionary:adaptive:0294,b1s_evolutionary_0102,adaptive,ephemeral_evolutionary_typed_mutation,rank_change,raw_1min,evolutionary:static_cross_sectional:rank_change,evolutionary:static_cross_sectional:rank_change:raw_1min,"['close', 'vwap']",9211,,,development,static_cross_sectional,rank_change,7,18589549,primitive_swap,"{'a': 'close', 'b': 'trade_count', 'window': 5, 'coefficient': 0.2}",allow,no blocked field/primitive combination detected,True,True,,-0.15256343376023548,0.16319286305402417,57,0.12280701754385964,0.12089118281832502,0.016012428332673717,0.121179074228195,0.9654218533886584,1348,0.19104859209144126,0.02258290698232129,0.1423770828633693,True,0.10048464530465948,0.7864026015945422,4,15,"{'signal_quality': 0.121179074228195, 'cost_adjusted_quality': 0.1207014527479664, 'turnover': 0.19104859209144126, 'worst_time_block_quality': 0.10048464530465948, 'stability': 0.7864026015945422, 'concentration': 0.02258290698232129, 'benchmark_increment': 0.11430400086539409, 'complexity': 7.0, 'behaviour_novelty': 0.3333333333333333}",True,[],0.4658291042566078,1,0.121179074228195,0.1207014527479664,0.19104859209144126,0.10048464530465948,0.7864026015945422,0.02258290698232129,0.11430400086539409,7.0,0.3333333333333333,b1s_evolutionary_0102,,,FROZEN_RESEARCH_ONLY_NO_PROMOTION,False,False
b1s_evolutionary_0363,evolutionary,"CSRank(Add(CSRank(Delta($ctx_rzrq_rzjme,15)),Mul(Sign($ret_1m),0.012)))","CSRank(Add(CSRank(Delta($ctx_rzrq_rzjme,15)),Mul(Sign($ret_1m),0.012)))",fb80bbcedea1f257aae8212ad035d133c4b4c7751fc65640fcdf7e1decd2bd21,fb80bbcedea1f257aae8212ad035d133c4b4c7751fc65640fcdf7e1decd2bd21,b1s/evolutionary:adaptive:0363,b1s_evolutionary_0036,adaptive,ephemeral_evolutionary_typed_mutation,rank_change,mixed,evolutionary:static_cross_sectional:rank_change,evolutionary:static_cross_sectional:rank_change:mixed,"['ctx_rzrq_rzjme', 'ret_1m']",9211,,,development,static_cross_sectional,rank_change,7,18591253,window_shift,"{'a': 'ctx_rzrq_rzjme', 'b': 'low', 'window': 15, 'coefficient': 0.35}",allow,no blocked field/primitive combination detected,True,True,,-0.20512360779271835,0.20809310635043188,55,0.01818181818181818,0.10543680198498376,0.014217095479368029,0.177258100653157,0.6837828492392808,165,0.34172556966133216,0.018678688362184365,0.13318345506442691,True,0.12739709806234709,0.7603580001555594,4,110,"{'signal_quality': 0.177258100653157, 'cost_adjusted_quality': 0.17640378672900367, 'turnover': 0.34172556966133216, 'worst_time_block_quality': 0.12739709806234709, 'stability': 0.7603580001555594, 'concentration': 0.018678688362184365, 'benchmark_increment': 0.1051103730664517, 'complexity': 7.0, 'behaviour_novelty': 0.5}",True,[],0.5561366279534324,2,0.177258100653157,0.17640378672900367,0.34172556966133216,0.12739709806234709,0.7603580001555594,0.018678688362184365,0.1051103730664517,7.0,0.5,b1s_evolutionary_0036,,,FROZEN_RESEARCH_ONLY_NO_PROMOTION,False,False
b1s_evolutionary_0281,evolutionary,"CSRank(Add(CSRank(Mul($m1_first5_range,Sign(Delta($ret_1m,8)))),Mul(Sign($close),0.012)))","CSRank(Add(CSRank(Mul($m1_first5_range,Sign(Delta($ret_1m,8)))),Mul(Sign($close),0.012)))",4587c112067abd3a40c9356e27f58243cc454f6a153c1514801134df67a73835,4587c112067abd3a40c9356e27f58243cc454f6a153c1514801134df67a73835,b1s/evolutionary:adaptive:0281,b1s_evolutionary_0037,adaptive,ephemeral_evolutionary_typed_mutation,firstn_signed_path,mixed,evolutionary:firstn_intraday_path:signed_path,evolutionary:firstn_intraday_path:signed_path:mixed,"['close', 'm1_first5_range', 'ret_1m']",9211,,,development,firstn_intraday_path,signed_path,9,18589826,window_shift,"{'firstn': 'm1_first5_range', 'raw': 'ret_1m', 'window': 8}",allow,no blocked field/primitive combination detected,True,True,,-0.1105713200022498,0.11857764258254935,57,0.10526315789473684,0.07984588787424206,0.010575846206802103,0.08984266143691767,0.966804979253112,206,0.3406646196461754,0.027490421822226125,0.10333653214230455,True,0.06253650543287692,0.7354712089029591,4,119,"{'signal_quality': 0.08984266143691767, 'cost_adjusted_quality': 0.08899099988780224, 'turnover': 0.3406646196461754, 'worst_time_block_quality': 0.06253650543287692, 'stability': 0.7354712089029591, 'concentration': 0.027490421822226125, 'benchmark_increment': 0.07526345014432934, 'complexity': 9.0, 'behaviour_novelty': 1.0}",True,[],0.382251894355052,4,0.08984266143691767,0.08899099988780224,0.3406646196461754,0.06253650543287692,0.7354712089029591,0.027490421822226125,0.07526345014432934,9.0,1.0,b1s_evolutionary_0037,,,FROZEN_RESEARCH_ONLY_NO_PROMOTION,False,False
b1s_evolutionary_0375,evolutionary,"CSRank(Add(CSRank(Add($m1_first15_vwap_return_vs_open,PathShape($ret_1m,2))),Mul(Sign($high),0.012)))","CSRank(Add(CSRank(Add($m1_first15_vwap_return_vs_open,PathShape($ret_1m,2))),Mul(Sign($high),0.012)))",58ea945135aace78eef39b361c8adaf11680e71fcf96c4e3b4327a71c1aeacfe,58ea945135aace78eef39b361c8adaf11680e71fcf96c4e3b4327a71c1aeacfe,b1s/evolutionary:adaptive:0375,b1s_evolutionary_0037,adaptive,ephemeral_evolutionary_typed_mutation,firstn_path_shape,mixed,evolutionary:firstn_intraday_path:path_shape,evolutionary:firstn_intraday_path:path_shape:mixed,"['high', 'm1_first15_vwap_return_vs_open', 'ret_1m']",9211,,,development,firstn_intraday_path,path_shape,8,18591458,window_shift,"{'firstn': 'm1_first15_vwap_return_vs_open', 'raw': 'ret_1m', 'window': 2}",allow,no blocked field/primitive combination detected,True,True,,-0.059540068365755955,0.08901323929012306,55,0.2545454545454545,0.08945098903318029,0.012061568900674224,0.03589939332043447,0.941908713692946,144,0.38255643655781585,0.0274904218193889,0.053251834161282735,True,0.01835167351297396,0.46531842521972944,4,134,"{'signal_quality': 0.03589939332043447, 'cost_adjusted_quality': 0.034943002229039934, 'turnover': 0.38255643655781585, 'worst_time_block_quality': 0.01835167351297396, 'stability': 0.46531842521972944, 'concentration': 0.0274904218193889, 'benchmark_increment': 0.025178752163307516, 'complexity': 8.0, 'behaviour_novelty': 0.5}",True,[],0.153624863537491,5,0.03589939332043447,0.034943002229039934,0.38255643655781585,0.01835167351297396,0.46531842521972944,0.0274904218193889,0.025178752163307516,8.0,0.5,b1s_evolutionary_0037,,,FROZEN_RESEARCH_ONLY_NO_PROMOTION,False,False
b1s_evolutionary_0080,evolutionary,"CSRank(Add(CSRank(Acceleration($close,3)),Mul(Sign($intraday_ret_from_open),0.012)))","CSRank(Add(CSRank(Acceleration($close,3)),Mul(Sign($intraday_ret_from_open),0.012)))",950ffe84825bb2ff35b3dfef059facb6df75c42d57c28f0a7ab8e6bee86a15f9,950ffe84825bb2ff35b3dfef059facb6df75c42d57c28f0a7ab8e6bee86a15f9,b1s/evolutionary:control:0080,,control,matched_nonadaptive_control,acceleration,raw_1min,evolutionary:temporal_program:acceleration,evolutionary:temporal_program:acceleration:raw_1min,"['close', 'intraday_ret_from_open']",9211,,,development,temporal_program,acceleration,4,9293912,root_sample,"{'field': 'close', 'other': 'amount_yuan', 'window': 3, 'state': 'ctx_sent_lb_2_num'}",allow,no blocked field/primitive combination detected,True,True,,-0.1210806006863284,0.13200091713589915,58,0.13793103448275862,0.0931379436143141,0.01222961113988556,0.0971105628521527,0.9875518672199171,287,0.3355217854251349,0.026224283166252495,0.11659597558103807,True,0.07509241965066042,0.7705045523411197,4,66,"{'signal_quality': 0.0971105628521527, 'cost_adjusted_quality': 0.09627175838858985, 'turnover': 0.3355217854251349, 'worst_time_block_quality': 0.07509241965066042, 'stability': 0.7705045523411197, 'concentration': 0.026224283166252495, 'benchmark_increment': 0.08852289358306285, 'complexity': 4.0, 'behaviour_novelty': 0.3333333333333333}",True,[],0.3877908090663368,2,0.0971105628521527,0.09627175838858985,0.3355217854251349,0.07509241965066042,0.7705045523411197,0.026224283166252495,0.08852289358306285,4.0,0.3333333333333333,,,,FROZEN_RESEARCH_ONLY_NO_PROMOTION,False,False
b1s_surrogate_0053,surrogate,"CSRank(Add(CSRank(Add(Delta($close,2),Mul($intraday_ret_from_open,0.12))),Mul(Sign($close),0.033)))","CSRank(Add(CSRank(Add(Delta($close,2),Mul($intraday_ret_from_open,0.12))),Mul(Sign($close),0.033)))",d5e67eae39739ba2d449a062abbd6569e210a99c13326a2adf36af8dd5ae4033,d5e67eae39739ba2d449a062abbd6569e210a99c13326a2adf36af8dd5ae4033,b1s/surrogate:control:0053,,control,matched_nonadaptive_control,delta,raw_1min,surrogate:delta,surrogate:delta:raw_1min,"['close', 'intraday_ret_from_open']",9212,,,development,surrogate,delta,10,52,root_sample,{},allow,no blocked field/primitive combination detected,True,True,,-0.18522901362396185,0.19225517422143987,58,0.034482758620689655,0.10280012127515067,0.013498317222186907,0.1587723118684755,0.991701244813278,225,0.2507839653627724,0.02749042181912294,0.1791178846617927,True,0.11819783226774389,0.7630653262866465,4,2,"{'signal_quality': 0.1587723118684755, 'cost_adjusted_quality': 0.15814535195506857, 'turnover': 0.2507839653627724, 'worst_time_block_quality': 0.11819783226774389, 'stability': 0.7630653262866465, 'concentration': 0.02749042181912294, 'benchmark_increment': 0.15104480266381748, 'complexity': 10.0, 'behaviour_novelty': 0.07142857142857142}",True,[],0.5234612936161569,3,0.1587723118684755,0.15814535195506857,0.2507839653627724,0.11819783226774389,0.7630653262866465,0.02749042181912294,0.15104480266381748,10.0,0.07142857142857142,,,,FROZEN_RESEARCH_ONLY_NO_PROMOTION,False,False
b1s_surrogate_0005,surrogate,"CSRank(Add(CSRank(Add(Delta($close,2),Mul($intraday_ret_from_open,0.17))),Mul(Sign($close),0.033)))","CSRank(Add(CSRank(Add(Delta($close,2),Mul($intraday_ret_from_open,0.17))),Mul(Sign($close),0.033)))",bab4d377e6dc4501b08626812fd62f31c1b2e3f4ded3519e776e358e60001a18,bab4d377e6dc4501b08626812fd62f31c1b2e3f4ded3519e776e358e60001a18,b1s/surrogate:control:0005,,control,matched_nonadaptive_control,delta,raw_1min,surrogate:delta,surrogate:delta:raw_1min,"['close', 'intraday_ret_from_open']",9212,,,development,surrogate,delta,10,4,root_sample,{},allow,no blocked field/primitive combination detected,True,True,,-0.18485264933627407,0.19193392079078045,58,0.05172413793103448,0.10346683287863621,0.01358586074458678,0.158224362276884,0.991701244813278,227,0.24893357243044753,0.02749042181867376,0.17875393749307467,True,0.11780301708408195,0.7628844181571135,4,347,"{'signal_quality': 0.158224362276884, 'cost_adjusted_quality': 0.1576020283458079, 'turnover': 0.24893357243044753, 'worst_time_block_quality': 0.11780301708408195, 'stability': 0.7628844181571135, 'concentration': 0.02749042181867376, 'benchmark_increment': 0.15068085549509944, 'complexity': 10.0, 'behaviour_novelty': 1.0}",True,[],0.5688772438723733,2,0.158224362276884,0.1576020283458079,0.24893357243044753,0.11780301708408195,0.7628844181571135,0.02749042181867376,0.15068085549509944,10.0,1.0,,,,FROZEN_RESEARCH_ONLY_NO_PROMOTION,False,False
b1s_surrogate_0008,surrogate,"CSRank(Add(CSRank(Add(PathShape($low,3),Mul(DrawdownPath($close,3),1.05))),Mul(Sign($low),0.033)))","CSRank(Add(CSRank(Add(PathShape($low,3),Mul(DrawdownPath($close,3),1.05))),Mul(Sign($low),0.033)))",fd2b596e9edf4e9f509ef8b7c9a689d1a293ede26e0f30f4b3eb1f1dad576f47,fd2b596e9edf4e9f509ef8b7c9a689d1a293ede26e0f30f4b3eb1f1dad576f47,b1s/surrogate:control:0008,,control,matched_nonadaptive_control,path,raw_1min,surrogate:path,surrogate:path:raw_1min,"['close', 'low']",9212,,,development,surrogate,path,11,7,root_sample,{},allow,no blocked field/primitive combination detected,True,True,,-0.14158947666428562,0.15474089495355745,58,0.08620689655172414,0.10356727379840631,0.013599049283474942,0.11493534006867473,0.991701244813278,279,0.24193320215803513,0.020824315834054606,0.13691811587337788,True,0.07389900999205763,0.6992744821895142,4,349,"{'signal_quality': 0.11493534006867473, 'cost_adjusted_quality': 0.11433050706327964, 'turnover': 0.24193320215803513, 'worst_time_block_quality': 0.07389900999205763, 'stability': 0.6992744821895142, 'concentration': 0.020824315834054606, 'benchmark_increment': 0.10884503387540266, 'complexity': 11.0, 'behaviour_novelty': 0.125}",True,[],0.40590546699625435,3,0.11493534006867473,0.11433050706327964,0.24193320215803513,0.07389900999205763,0.6992744821895142,0.020824315834054606,0.10884503387540266,11.0,0.125,,,,FROZEN_RESEARCH_ONLY_NO_PROMOTION,False,False
b1s_surrogate_0023,surrogate,"CSRank(Add(CSRank(Sub(ZScore(Std($ret_1m,20)),Mul(ZScore(Mean($vwap,20)),0.13))),Mul(Sign($ret_1m),0.033)))","CSRank(Add(CSRank(Sub(ZScore(Std($ret_1m,20)),Mul(ZScore(Mean($vwap,20)),0.13))),Mul(Sign($ret_1m),0.033)))",aca7e9fadd6f96f1f732b858c15525bc44dfa955c7336a2abec2e2629e4f05a3,aca7e9fadd6f96f1f732b858c15525bc44dfa955c7336a2abec2e2629e4f05a3,b1s/surrogate:control:0023,,control,matched_nonadaptive_control,volatility,raw_1min,surrogate:volatility,surrogate:volatility:raw_1min,"['ret_1m', 'vwap']",9212,,,development,surrogate,volatility,13,22,root_sample,{},allow,no blocked field/primitive combination detected,True,True,,-0.040902750430961664,0.08503781218331231,54,0.3333333333333333,0.10191695868523085,0.013869141384173883,0.013719233317980854,0.8184647302904564,3450,0.04105501323104103,0.020088890173997325,0.031498106279689145,True,0.024716771717589896,0.69744495974037,4,348,"{'signal_quality': 0.013719233317980854, 'cost_adjusted_quality': 0.013616595784903252, 'turnover': 0.04105501323104103, 'worst_time_block_quality': 0.024716771717589896, 'stability': 0.69744495974037, 'concentration': 0.020088890173997325, 'benchmark_increment': 0.0034250242817139252, 'complexity': 13.0, 'behaviour_novelty': 0.125}",True,[],0.11738645620625969,1,0.013719233317980854,0.013616595784903252,0.04105501323104103,0.024716771717589896,0.69744495974037,0.020088890173997325,0.0034250242817139252,13.0,0.125,,,,FROZEN_RESEARCH_ONLY_NO_PROMOTION,False,False
b1s_llm_proposal_repair_0210,llm_proposal_repair,"CSRank(Add(CSRank(Add($m1_first15_vwap_return_vs_open,PathShape($close,30))),Mul(Sign($amount_yuan),0.014)))","CSRank(Add(CSRank(Add($m1_first15_vwap_return_vs_open,PathShape($close,30))),Mul(Sign($amount_yuan),0.014)))",d33c711cc1cd6c64fd3af4db585f163ec1499c532c5f5a237273772527ddf91a,d33c711cc1cd6c64fd3af4db585f163ec1499c532c5f5a237273772527ddf91a,b1s/llm_proposal_repair:repair:0210,,repair,codex_gpt5_frozen_pre_reward,llm_repair_firstn_path_shape,mixed,llm_proposal_repair:firstn_intraday_path:path_shape,llm_proposal_repair:firstn_intraday_path:path_shape:mixed,"['amount_yuan', 'close', 'm1_first15_vwap_return_vs_open']",9213,,repair,development,firstn_intraday_path,path_shape,5,18768938,field_swap,"{'firstn': 'm1_first15_vwap_return_vs_open', 'raw': 'close', 'window': 30}",allow,no blocked field/primitive combination detected,True,True,,-0.13193245221773311,0.14110655337169106,51,0.058823529411764705,0.10462268725938595,0.014650106530680914,0.10321824341759853,0.8796680497925311,144,0.11450242459448619,0.0274904218193889,0.10611838297424839,True,0.08892441945979485,0.7053063839816662,4,219,"{'signal_quality': 0.10321824341759853, 'cost_adjusted_quality': 0.10293198735611231, 'turnover': 0.11450242459448619, 'worst_time_block_quality': 0.08892441945979485, 'stability': 0.7053063839816662, 'concentration': 0.0274904218193889, 'benchmark_increment': 0.07804530097627317, 'complexity': 5.0, 'behaviour_novelty': 0.1}",True,[],0.3980685007552825,1,0.10321824341759853,0.10293198735611231,0.11450242459448619,0.08892441945979485,0.7053063839816662,0.0274904218193889,0.07804530097627317,5.0,0.1,,,,FROZEN_RESEARCH_ONLY_NO_PROMOTION,False,False
b1s_llm_proposal_repair_0226,llm_proposal_repair,"CSRank(Add(CSRank(SafeCSResidual(Delta($close,30),$ctx_hfq_ps_ttm,20,5,0.6)),Mul(Sign($amount_yuan),0.014)))","CSRank(Add(CSRank(SafeCSResidual(Delta($close,30),$ctx_hfq_ps_ttm,20,5,0.6)),Mul(Sign($amount_yuan),0.014)))",43ea34ad942b7fecabe3363641d037b95cda6feeff4a593d448cf6cf4b3d9c76,43ea34ad942b7fecabe3363641d037b95cda6feeff4a593d448cf6cf4b3d9c76,b1s/llm_proposal_repair:repair:0226,,repair,codex_gpt5_frozen_pre_reward,llm_repair_change_residual,mixed,llm_proposal_repair:orthogonal_exile:change_residual,llm_proposal_repair:orthogonal_exile:change_residual:mixed,"['amount_yuan', 'close', 'ctx_hfq_ps_ttm']",9213,,repair,development,orthogonal_exile,change_residual,5,18769213,field_swap,"{'raw': 'close', 'other': 'volume', 'context': 'ctx_hfq_ps_ttm', 'window': 30}",allow,no blocked field/primitive combination detected,True,True,,-0.11577645964631056,0.1274312813918197,51,0.13725490196078433,0.10871031851932145,0.015222489395094714,0.08594038043192492,0.8755186721991701,144,0.10262988696981064,0.0274904218193889,0.09268423043773763,True,0.07272743940896985,0.6338272580703453,4,222,"{'signal_quality': 0.08594038043192492, 'cost_adjusted_quality': 0.08568380571450039, 'turnover': 0.10262988696981064, 'worst_time_block_quality': 0.07272743940896985, 'stability': 0.6338272580703453, 'concentration': 0.0274904218193889, 'benchmark_increment': 0.06461114843976241, 'complexity': 5.0, 'behaviour_novelty': 0.5}",True,[],0.36045752923452934,1,0.08594038043192492,0.08568380571450039,0.10262988696981064,0.07272743940896985,0.6338272580703453,0.0274904218193889,0.06461114843976241,5.0,0.5,,,,FROZEN_RESEARCH_ONLY_NO_PROMOTION,False,False
b1s_llm_proposal_repair_0050,llm_proposal_repair,"CSRank(Add(CSRank(CSResidual(PathShape($ret_1m,8),Delta($ret_1m,8))),Mul(Sign($amount_yuan),0.014)))","CSRank(Add(CSRank(CSResidual(PathShape($ret_1m,8),Delta($ret_1m,8))),Mul(Sign($amount_yuan),0.014)))",66a9837e637bc173550239cc5e14e0393f5160fb14a2bba12f1b0c0e0d65adf1,66a9837e637bc173550239cc5e14e0393f5160fb14a2bba12f1b0c0e0d65adf1,b1s/llm_proposal_repair:proposal:0050,,proposal,codex_gpt5_frozen_pre_reward,llm_hypothesis_path_residual,raw_1min,llm_proposal_repair:orthogonal_exile:path_residual,llm_proposal_repair:orthogonal_exile:path_residual:raw_1min,"['amount_yuan', 'ret_1m']",9213,,proposal,development,orthogonal_exile,path_residual,6,9369582,root_sample,"{'raw': 'ret_1m', 'other': 'ret_1m', 'context': 'ctx_ths_hot_rank', 'window': 8}",allow,no blocked field/primitive combination detected,True,True,,-0.07905204086900779,0.09627107486156385,57,0.17543859649122806,0.08676262475928585,0.011491990387756681,0.056527739709004696,0.966804979253112,234,0.39192978582557153,0.027430401759105903,0.07387958977073605,True,0.039865466477476456,0.614056939492988,4,197,"{'signal_quality': 0.056527739709004696, 'cost_adjusted_quality': 0.05554791524444077, 'turnover': 0.39192978582557153, 'worst_time_block_quality': 0.039865466477476456, 'stability': 0.614056939492988, 'concentration': 0.027430401759105903, 'benchmark_increment': 0.04580650777276084, 'complexity': 6.0, 'behaviour_novelty': 0.5}",True,[],0.2450684645304414,4,0.056527739709004696,0.05554791524444077,0.39192978582557153,0.039865466477476456,0.614056939492988,0.027430401759105903,0.04580650777276084,6.0,0.5,,,,FROZEN_RESEARCH_ONLY_NO_PROMOTION,False,False
b1s_llm_proposal_repair_0239,llm_proposal_repair,"CSRank(Add(CSRank($amount_yuan),Mul(Sign($volume),0.014)))","CSRank(Add(CSRank($amount_yuan),Mul(Sign($volume),0.014)))",207a4b98615a3e9e8fe32070783b7258212135cc4326baddbd243af22d109f13,207a4b98615a3e9e8fe32070783b7258212135cc4326baddbd243af22d109f13,b1s/llm_proposal_repair:repair:0239,,repair,codex_gpt5_frozen_pre_reward,llm_repair_rank_level,raw_1min,llm_proposal_repair:static_cross_sectional:rank_level,llm_proposal_repair:static_cross_sectional:rank_level:raw_1min,"['amount_yuan', 'volume']",9213,,repair,development,static_cross_sectional,rank_level,3,18769848,window_shift,"{'a': 'amount_yuan', 'b': 'close', 'window': 8, 'coefficient': 0.05}",allow,no blocked field/primitive combination detected,True,True,,-0.06209835106497988,0.11675549340767033,59,0.3050847457627119,0.1302943865960102,0.016962884297849024,0.028851097841195793,1.0,152,0.1610630867472436,0.02737635368256818,0.061071861339317704,True,0.021306283230822256,0.3410702999888614,4,99,"{'signal_quality': 0.028851097841195793, 'cost_adjusted_quality': 0.028448440124327685, 'turnover': 0.1610630867472436, 'worst_time_block_quality': 0.021306283230822256, 'stability': 0.3410702999888614, 'concentration': 0.02737635368256818, 'benchmark_increment': 0.03299877934134249, 'complexity': 3.0, 'behaviour_novelty': 0.07142857142857142}",True,[],0.12755386224875376,1,0.028851097841195793,0.028448440124327685,0.1610630867472436,0.021306283230822256,0.3410702999888614,0.02737635368256818,0.03299877934134249,3.0,0.07142857142857142,,,,FROZEN_RESEARCH_ONLY_NO_PROMOTION,False,False
b1s_llm_proposal_repair_0088,llm_proposal_repair,"CSRank(Add(CSRank(Add($m1_first5_last_return_vs_open,PathShape($high,30))),Mul(Sign($ret_1m),0.014)))","CSRank(Add(CSRank(Add($m1_first5_last_return_vs_open,PathShape($high,30))),Mul(Sign($ret_1m),0.014)))",a12fc01a5005366773d3acfbf7992d188b8a2258f442607cf00c7ff607ef8853,a12fc01a5005366773d3acfbf7992d188b8a2258f442607cf00c7ff607ef8853,b1s/llm_proposal_repair:proposal:0088,,proposal,codex_gpt5_frozen_pre_reward,llm_hypothesis_firstn_path_shape,mixed,llm_proposal_repair:firstn_intraday_path:path_shape,llm_proposal_repair:firstn_intraday_path:path_shape:mixed,"['high', 'm1_first5_last_return_vs_open', 'ret_1m']",9213,,proposal,development,firstn_intraday_path,path_shape,5,9369588,root_sample,"{'firstn': 'm1_first5_last_return_vs_open', 'raw': 'high', 'window': 30}",allow,no blocked field/primitive combination detected,True,True,,-0.07212212986373463,0.10419557863315067,51,0.2549019607843137,0.101946164323739,0.014275318354557854,0.04414250588880124,0.8796680497925311,199,0.08571100134374068,0.02749042181925564,0.058010623384513724,True,0.054268248548207595,0.778209377056729,4,201,"{'signal_quality': 0.04414250588880124, 'cost_adjusted_quality': 0.043928228385441886, 'turnover': 0.08571100134374068, 'worst_time_block_quality': 0.054268248548207595, 'stability': 0.778209377056729, 'concentration': 0.02749042181925564, 'benchmark_increment': 0.029937541386538504, 'complexity': 5.0, 'behaviour_novelty': 0.25}",True,[],0.24562864920111904,1,0.04414250588880124,0.043928228385441886,0.08571100134374068,0.054268248548207595,0.778209377056729,0.02749042181925564,0.029937541386538504,5.0,0.25,,,,FROZEN_RESEARCH_ONLY_NO_PROMOTION,False,False
b1s_llm_proposal_repair_0150,llm_proposal_repair,"CSRank(Add(CSRank(Add($m1_first15_range,PathShape($vwap,8))),Mul(Sign($close),0.014)))","CSRank(Add(CSRank(Add($m1_first15_range,PathShape($vwap,8))),Mul(Sign($close),0.014)))",ba6435d76c8e7bf97bd3e8aaf893d415bd693050b3d4c6dbc40425b433bdf6e8,ba6435d76c8e7bf97bd3e8aaf893d415bd693050b3d4c6dbc40425b433bdf6e8,b1s/llm_proposal_repair:repair:0150,,repair,codex_gpt5_frozen_pre_reward,llm_repair_firstn_path_shape,mixed,llm_proposal_repair:firstn_intraday_path:path_shape,llm_proposal_repair:firstn_intraday_path:path_shape:mixed,"['close', 'm1_first15_range', 'vwap']",9213,,repair,development,firstn_intraday_path,path_shape,5,18767908,field_swap,"{'firstn': 'm1_first15_range', 'raw': 'vwap', 'window': 8}",allow,no blocked field/primitive combination detected,True,True,,-0.0690938775508728,0.11003107036232122,55,0.2545454545454545,0.11725855373418284,0.01581114016004495,0.0381040428371847,0.8826071922544951,2708,0.154786366579244,0.02031254986613767,0.0579059852483241,True,0.0358999462144144,0.5993151211612525,4,209,"{'signal_quality': 0.0381040428371847, 'cost_adjusted_quality': 0.03771707692073659, 'turnover': 0.154786366579244, 'worst_time_block_quality': 0.0358999462144144, 'stability': 0.5993151211612525, 'concentration': 0.02031254986613767, 'benchmark_increment': 0.029832903250348878, 'complexity': 5.0, 'behaviour_novelty': 0.3333333333333333}",True,[],0.19800713905639222,1,0.0381040428371847,0.03771707692073659,0.154786366579244,0.0358999462144144,0.5993151211612525,0.02031254986613767,0.029832903250348878,5.0,0.3333333333333333,,,,FROZEN_RESEARCH_ONLY_NO_PROMOTION,False,False
b1s_llm_proposal_repair_0124,llm_proposal_repair,"CSRank(Add(CSRank(Sub($m1_first5_vwap_return_vs_open,Delta($high,30))),Mul(Sign($high),0.014)))","CSRank(Add(CSRank(Sub($m1_first5_vwap_return_vs_open,Delta($high,30))),Mul(Sign($high),0.014)))",1dde3606ec7257f57e2ad1ce19186bcf5b7f67f4d7a9ba5a5ec99cde35e7a851,1dde3606ec7257f57e2ad1ce19186bcf5b7f67f4d7a9ba5a5ec99cde35e7a851,b1s/llm_proposal_repair:proposal:0124,,proposal,codex_gpt5_frozen_pre_reward,llm_hypothesis_firstn_mean_reversion,mixed,llm_proposal_repair:firstn_intraday_path:mean_reversion,llm_proposal_repair:firstn_intraday_path:mean_reversion:mixed,"['high', 'm1_first5_vwap_return_vs_open']",9213,,proposal,development,firstn_intraday_path,mean_reversion,5,9369594,root_sample,"{'firstn': 'm1_first5_vwap_return_vs_open', 'raw': 'high', 'window': 30}",allow,no blocked field/primitive combination detected,True,True,,0.07091040024453572,0.10225703461539665,51,0.7843137254901961,0.10315752418392181,0.014444942663238347,0.04259831262458856,0.8755186721991701,144,0.07449294534218054,0.0274904218193889,0.05676694465156929,True,0.04233220006153931,0.5661632059380439,4,202,"{'signal_quality': 0.04259831262458856, 'cost_adjusted_quality': 0.04241208026123311, 'turnover': 0.07449294534218054, 'worst_time_block_quality': 0.04233220006153931, 'stability': 0.5661632059380439, 'concentration': 0.0274904218193889, 'benchmark_increment': 0.028693862653594072, 'complexity': 5.0, 'behaviour_novelty': 0.5}",True,[],0.22231653152295117,1,0.04259831262458856,0.04241208026123311,0.07449294534218054,0.04233220006153931,0.5661632059380439,0.0274904218193889,0.028693862653594072,5.0,0.5,,,,FROZEN_RESEARCH_ONLY_NO_PROMOTION,False,False
b1s_llm_proposal_repair_0220,llm_proposal_repair,"CSRank(Add(CSRank(CSResidual(PathShape($high,30),Delta($high,30))),Mul(Sign($high),0.014)))","CSRank(Add(CSRank(CSResidual(PathShape($high,30),Delta($high,30))),Mul(Sign($high),0.014)))",fc3665a00d80b964727cf75d0e80799e0d391ad568a26ae03ea05d9b0238c102,fc3665a00d80b964727cf75d0e80799e0d391ad568a26ae03ea05d9b0238c102,b1s/llm_proposal_repair:repair:0220,,repair,codex_gpt5_frozen_pre_reward,llm_repair_path_residual,raw_1min,llm_proposal_repair:orthogonal_exile:path_residual,llm_proposal_repair:orthogonal_exile:path_residual:raw_1min,['high'],9213,,repair,development,orthogonal_exile,path_residual,6,18769014,primitive_swap,"{'raw': 'high', 'other': 'high', 'context': 'ctx_hfq_ps_ttm', 'window': 30}",allow,no blocked field/primitive combination detected,True,True,,-0.06254262832287093,0.10606283555482712,51,0.27450980392156865,0.1053645842346885,0.014753992886572592,0.033624802265188644,0.8755186721991701,287,0.10872326919512709,0.025799422883496553,0.050068169240684406,True,0.03822776947125494,0.7257802278092681,4,220,"{'signal_quality': 0.033624802265188644, 'cost_adjusted_quality': 0.03335299409220083, 'turnover': 0.10872326919512709, 'worst_time_block_quality': 0.03822776947125494, 'stability': 0.7257802278092681, 'concentration': 0.025799422883496553, 'benchmark_increment': 0.021995087242709186, 'complexity': 6.0, 'behaviour_novelty': 1.0}",True,[],0.23384293842958792,1,0.033624802265188644,0.03335299409220083,0.10872326919512709,0.03822776947125494,0.7257802278092681,0.025799422883496553,0.021995087242709186,6.0,1.0,,,,FROZEN_RESEARCH_ONLY_NO_PROMOTION,False,False
b1s_benchmark_competitor_0011,benchmark_competitor,"CSRank(Neg(Delta($close,3)))","CSRank(Neg(Delta($close,3)))",2c8ec824a3af7aee945649ab472cedaa82d0612f399446102051daa00f0fb37c,2c8ec824a3af7aee945649ab472cedaa82d0612f399446102051daa00f0fb37c,b1s/benchmark_competitor:fixed:0011,,fixed,frozen_nonadaptive,benchmark_simple_reversal,raw_1min,benchmark_competitor:benchmark_simple_reversal,benchmark_competitor:benchmark_simple_reversal:raw_1min,['close'],9214,simple_reversal,,development,benchmark_competitor,benchmark_simple_reversal,5,10,root_sample,{},allow,no blocked field/primitive combination detected,True,True,,0.16917912693220785,0.1764048022377927,58,0.9655172413793104,0.10808477152427447,0.014192225795310598,0.14136236437339908,0.9875518672199171,287,0.22238745073081845,0.026454087682014,0.16291301200024794,True,0.10907823433009725,0.7533934348071711,4,9,"{'signal_quality': 0.14136236437339908, 'cost_adjusted_quality': 0.14080639574657203, 'turnover': 0.22238745073081845, 'worst_time_block_quality': 0.10907823433009725, 'stability': 0.7533934348071711, 'concentration': 0.026454087682014, 'benchmark_increment': 0.1348399300022727, 'complexity': 5.0, 'behaviour_novelty': 0.25}",True,[],0.5027517504552149,1,0.14136236437339908,0.14080639574657203,0.22238745073081845,0.10907823433009725,0.7533934348071711,0.026454087682014,0.1348399300022727,5.0,0.25,,,,FROZEN_RESEARCH_ONLY_NO_PROMOTION,False,False
b1s_benchmark_competitor_0027,benchmark_competitor,"CSRank(Neg(Delta($close,8)))","CSRank(Neg(Delta($close,8)))",8e6e8b26e48e0037762379f8a24fc24843f77ee6b2299558d34311796a431373,8e6e8b26e48e0037762379f8a24fc24843f77ee6b2299558d34311796a431373,b1s/benchmark_competitor:fixed:0027,,fixed,frozen_nonadaptive,benchmark_simple_reversal,raw_1min,benchmark_competitor:benchmark_simple_reversal,benchmark_competitor:benchmark_simple_reversal:raw_1min,['close'],9214,simple_reversal,,development,benchmark_competitor,benchmark_simple_reversal,5,26,root_sample,{},allow,no blocked field/primitive combination detected,True,True,,0.15059918659469274,0.16684614825871216,57,0.8771929824561403,0.12037489334297584,0.015944044121102504,0.11934886011733183,0.966804979253112,287,0.16374986660803084,0.02660779801707175,0.14074533690861918,True,0.08797607807738245,0.7490320007676441,4,20,"{'signal_quality': 0.11934886011733183, 'cost_adjusted_quality': 0.11893948545081175, 'turnover': 0.16374986660803084, 'worst_time_block_quality': 0.08797607807738245, 'stability': 0.7490320007676441, 'concentration': 0.02660779801707175, 'benchmark_increment': 0.11267225491064396, 'complexity': 5.0, 'behaviour_novelty': 0.3333333333333333}",True,[],0.4517484034461952,1,0.11934886011733183,0.11893948545081175,0.16374986660803084,0.08797607807738245,0.7490320007676441,0.02660779801707175,0.11267225491064396,5.0,0.3333333333333333,,,,FROZEN_RESEARCH_ONLY_NO_PROMOTION,False,False
