backend,route_id,pair_id,primary_candidate_id,control_candidate_id,pair_evaluation_status,pair_evaluation_blockers,primary_train_reward,control_train_reward,matched_train_increment,primary_train_rank_ic,control_train_rank_ic,matched_rank_ic_increment,primary_turnover,control_turnover,matched_turnover_increment,pair_support_count,pair_support_overlap,clock_namespace,support_unit,primary_expression,control_expression,primary_receipt_hash,control_receipt_hash,pair_receipt_hash
stock_session,DISCLOSURE_EVENT,cn.pair.005e4b0769715aec42cafc79f153e36b,cn.comp.0708721488652e5590d8,cn.comp.0708721488652e5590d8.control,PAIR_EVALUATED,,0.27589487,0.26705718,0.00883769000000001,0.00091156,0.00022445,0.0006871099999999999,0.0264521,0.0240694,0.002382699999999998,1495351,1.0,stock_session,unique disclosure episode,"Mul(EventCount($fund_disclosure_holder_pulse,1),Sign($fund_ba_total_current_liab_slope_at_disclosure))","Add($fund_ba_total_current_liab_slope_at_disclosure,Mul(0,TimeSince($fund_disclosure_holder_pulse)))",9309e1e937d85c5ded168aed58fb095f33813e0b7ca40514ad3ae68ac8a79ab3,d195ec75522d586bb13ec9b96a672fcac3e76ec911d258f95dbfe820bac64c4b,79782d52db0c1969e469bda08028d6f8fd4ce46dddb4e0be62eb99bfe653ffbd
stock_session,DISCLOSURE_EVENT,cn.pair.007a5f3b0806cb5c5d58fa484c259c83,cn.comp.ba5b5749baf02851de3c,cn.comp.ba5b5749baf02851de3c.control,PAIR_EVALUATED,,0.2808737,0.17775624,0.10311746,0.00017577,-0.00309737,0.00327314,0.03002742,0.02300985,0.007017570000000001,1513143,1.0,stock_session,unique disclosure episode,"Mul(EventCount($fund_disclosure_holder_pulse,1),Sign($fund_ba_fixed_asset_acceleration_at_disclosure))","Add($fund_ba_fixed_asset_acceleration_at_disclosure,Mul(0,TimeSince($fund_disclosure_holder_pulse)))",28ebe25fdb016c6f55095c72897ecdfe725a8c2d13f7570d926b53be74b7c6b4,ea5a9eecf16279141f76d2b4f9b1bd5224adf81c8b539ca2c933a134d2ce47fd,3d70a697527ca8e47cb2763c5e6407f3ee87884e5c5e421d54da7fa32370cd70
stock_session,DISCLOSURE_EVENT,cn.pair.02ad46700885ef73dd345d122ab936cd,cn.comp.9eba5a20a68669244bf1,cn.comp.9eba5a20a68669244bf1.control,PAIR_EVALUATED,,0.39976556,0.47765904,-0.07789347999999996,0.00149886,0.00185096,-0.00035209999999999994,0.04057585,0.02227077,0.018305079999999998,1401864,1.0,stock_session,unique disclosure episode,"Mul(EventCount($fund_disclosure_balance_pulse,1),Sign($fund_ba_accounts_payable_source_yoy_at_disclosure))","Add($fund_ba_accounts_payable_source_yoy_at_disclosure,Mul(0,TimeSince($fund_disclosure_balance_pulse)))",f3a687834e2f6de3bedab2406e3f91b366f806a31616a26970937769dcab9bf5,bdc1f9dd234ab77c254a3b9dd1c4e2f9f51c1064786eabf9cbeec86a232ac11a,7920b8626da5b2618c1c21061567d500d51a2723fe0bb4f9082c30ca14b9f543
stock_session,DISCLOSURE_EVENT,cn.pair.033f62739c852d6cdb71b6159190634a,cn.comp.581e12f6de1280a2b2c5,cn.comp.581e12f6de1280a2b2c5.control,PAIR_EVALUATED,,0.40467159,0.35427061,0.05040098000000004,0.0017656,-0.00382734,0.005592939999999999,0.03725975,0.02498138,0.01227837,1403791,1.0,stock_session,unique disclosure episode,"Mul(EventCount($fund_disclosure_balance_pulse,1),Sign($fund_ba_monetaryfunds_source_yoy_at_disclosure))","Add($fund_ba_monetaryfunds_source_yoy_at_disclosure,Mul(0,TimeSince($fund_disclosure_balance_pulse)))",7a04de885483ff4bc0c4b8bb3908f911dfde9c8b444137a55751deae2c348c41,63e88a26de8053e8b910ac2070c59e93d566406a9300323e33318a5cd7f7e65e,d03e303d119cc83326dca8693341b391aa4fb9e211e4f07013d81b01cbf27e69
stock_session,DISCLOSURE_EVENT,cn.pair.03d7a1e817f109b0e523be9a1f947fb5,cn.comp.457b52f44016d82d8b3b,cn.comp.457b52f44016d82d8b3b.control,PAIR_EVALUATED,,0.4234219,0.20614565,0.21727625,0.00402889,-0.00287427,0.00690316,0.04085007,0.0211345,0.01971557,1422236,1.0,stock_session,unique disclosure episode,"Mul(EventCount($fund_disclosure_balance_pulse,1),Sign($fund_ba_total_liabilities_yoy_at_disclosure))","Add($fund_ba_total_liabilities_yoy_at_disclosure,Mul(0,TimeSince($fund_disclosure_balance_pulse)))",fa85e2dd50caa3b8bbeaebe2db61869a8bb46331218c6a9317c74cd227a90bfb,2cfb02e8ce7868eecbda25c0b84bdbc415d9b1c14274bea27e9fed35b9779851,e9de6da545c27669411ad01a4d2e07eb057c5c79b458fc9518a22bf01a7c4f44
stock_session,DISCLOSURE_EVENT,cn.pair.053e2c558bfcd35af43652b42655d822,cn.comp.414f38910deaee1bd4e5,cn.comp.414f38910deaee1bd4e5.control,PAIR_EVALUATED,,0.05774439,0.23412302,-0.17637862999999998,-0.00606026,0.00021509,-0.00627535,0.01067022,0.02078471,-0.010114490000000002,29646,1.0,stock_session,unique disclosure episode,"Mul(EventCount($fund_disclosure_profit_pulse,1),Sign($fund_ba_monetaryfunds_slope_at_disclosure))","Add($fund_ba_monetaryfunds_slope_at_disclosure,Mul(0,TimeSince($fund_disclosure_profit_pulse)))",0dc94f2935bc5f1b616f2206e55ab2831a1808912d6d856614d0f6f9e9ce86ab,3c38afe9b56c96297dd6a3dbc3464e77aed1414f6080c8de35a8002c8701e685,89e27144cc567c163fc8a3f2377a3c9757065f694bb6c854a66513db8e335e43
stock_session,DISCLOSURE_EVENT,cn.pair.0790f376468402726b58c62c2303b989,cn.comp.0f9c6e721da87d0a2cc4,cn.comp.0f9c6e721da87d0a2cc4.control,PAIR_EVALUATED,,0.27663256,0.20878456,0.06784800000000002,0.00134414,0.00376626,-0.00242212,0.02685659,0.02391486,0.00294173,1495351,1.0,stock_session,unique disclosure episode,"Mul(EventCount($fund_disclosure_holder_pulse,1),Sign($fund_ba_total_current_assets_slope_at_disclosure))","Add($fund_ba_total_current_assets_slope_at_disclosure,Mul(0,TimeSince($fund_disclosure_holder_pulse)))",f4e8fb36c4bbcfdc8f186f05b0f1c7c7c14ba60f1d0c440c76a54888a949bba2,9fd248e68320ee2b5826813cd220bb8a45876885fc755c659ad7c815a3c4a54e,801246ac8cf9bcfb020b70c45d7559fd1242efeb3f6b5c18ba71b1cd96b59d38
stock_session,DISCLOSURE_EVENT,cn.pair.084421be4f70a50888f95bdd815335b1,cn.comp.3133aa60d3006054a754,cn.comp.3133aa60d3006054a754.control,PAIR_EVALUATED,,0.31808111,0.1659762,0.15210491,0.03653612,0.01026162,0.0262745,0.01689029,0.02496632,-0.008076030000000001,20707,1.0,stock_session,unique disclosure episode,"Mul(EventCount($fund_disclosure_profit_pulse,1),Sign($fund_ba_accounts_payable_acceleration_at_disclosure))","Add($fund_ba_accounts_payable_acceleration_at_disclosure,Mul(0,TimeSince($fund_disclosure_profit_pulse)))",bea42366eee7333d317e16880f298a668f319273d45fb826141df3f9a6fc1de6,19763a0762b9ef32da4283df4c425d941d6294e1fb3f437cfa08e10fa388282c,c9953a2ff4b49a6fabe21cdceed33857a0ef8951c4f00902205a684b38d7fbb3
stock_session,DISCLOSURE_EVENT,cn.pair.0944e59202cb6aacb28a33956d2b5662,cn.comp.ac0159eac2e0555d6234,cn.comp.ac0159eac2e0555d6234.control,PAIR_EVALUATED,,0.4919936,0.4921598,-0.00016620000000000523,0.01041349,0.01029979,0.00011369999999999957,0.03309518,0.03348513,-0.00038995,1360679,1.0,stock_session,unique disclosure episode,"Mul(EventCount($fund_disclosure_holder_pulse,1),Sign($fund_holder_average_shares_log_change_at_disclosure))","Add($fund_holder_average_shares_log_change_at_disclosure,Mul(0,TimeSince($fund_disclosure_holder_pulse)))",92c4c629d55f314f9d65e3b99985ca0d81086bbb1a286b6169cd201bb02c8364,9a8811b91423ba55d3e9ec21c07068d7d5fe634eef13881aa54333c4501d8708,0daf6bc3fd288b743c84b0889db093f1cb76653f4d8168908e8a43d00074881f
stock_session,DISCLOSURE_EVENT,cn.pair.0d302434ba895621d45d195256359c0c,cn.comp.32278e8ce9741b0f77a8,cn.comp.32278e8ce9741b0f77a8.control,PAIR_EVALUATED,,-0.07093728,-0.08689761,0.015960329999999995,-0.02662774,-0.01256867,-0.01405907,0.01069265,0.01783271,-0.007140060000000002,29934,1.0,stock_session,unique disclosure episode,"Mul(EventCount($fund_disclosure_cashflow_pulse,1),Sign($fund_ba_accounts_rece_delta_at_disclosure))","Add($fund_ba_accounts_rece_delta_at_disclosure,Mul(0,TimeSince($fund_disclosure_cashflow_pulse)))",5cffe1e60d91fc84a5d68f1081062299b851a1b96b2bea9f5b862ce1fd3acfdb,b8adf13d36ee5177f8bb843d5f7d8729e9769d75b3eae6d3ad73a4c185b8bc7e,abd8de92ecdb0ed37d23819d112c97f41211c195bebdd1b428966183b4cee860
stock_session,DISCLOSURE_EVENT,cn.pair.0ec4ac534eb2ca4262680d3bf254b40e,cn.comp.236f1f7675ad64d42ccf,cn.comp.236f1f7675ad64d42ccf.control,PAIR_EVALUATED,,0.01650208,0.12772153,-0.11121945,-0.01293655,0.00593476,-0.01887131,0.01328131,0.01529874,-0.0020174300000000006,29558,1.0,stock_session,unique disclosure episode,"Mul(EventCount($fund_disclosure_profit_pulse,1),Sign($fund_ba_inventory_delta_at_disclosure))","Add($fund_ba_inventory_delta_at_disclosure,Mul(0,TimeSince($fund_disclosure_profit_pulse)))",7cef991f0dd6fa02dd571592dd707d92c0b070e9d7adc9d70600c396515b8ed1,510ed9b19b48e78af56cdde32595498df6db1bcfc2c13fb729b6594a935053f7,020841f65a4db5bcb68f7bee296a81188387fb9f286208986dafad4089e9fade
stock_session,DISCLOSURE_EVENT,cn.pair.0f9ea2621fb828b9dd0822e919db77e3,cn.comp.0799a020bce105b22462,cn.comp.0799a020bce105b22462.control,PAIR_EVALUATED,,0.37177126,0.40116493,-0.029393669999999983,-0.00204866,0.00086859,-0.0029172499999999997,0.05550016,0.02552541,0.02997475,1397081,1.0,stock_session,unique disclosure episode,"Mul(EventCount($fund_disclosure_balance_pulse,1),Sign($fund_ba_accounts_rece_persistence_at_disclosure))","Add($fund_ba_accounts_rece_persistence_at_disclosure,Mul(0,TimeSince($fund_disclosure_balance_pulse)))",2c2c5e70fca2e73b19bc045e8f38ff31ee836b9066e4cd028f0ca71595743f45,9200f3b8b521bf2d57ac8b321bb5b0b43ca89bae97f83c3b7614acf94f296a80,a31877781e3e70327fd05c369d16ff50cf8aa00815fbe5da3815bbaa44b021cf
stock_session,DISCLOSURE_EVENT,cn.pair.1104ee3770298cee11a2138527823a80,cn.comp.20003ad13d0ec9a22a3b,cn.comp.20003ad13d0ec9a22a3b.control,PAIR_EVALUATED,,0.27830226,0.16084204,0.11746022000000003,0.00137122,-0.0096031,0.01097432,0.04773691,0.0301094,0.01762751,1528539,1.0,stock_session,unique disclosure episode,"Mul(EventCount($fund_disclosure_holder_pulse,1),Sign($fund_ba_total_assets_persistence_at_disclosure))","Add($fund_ba_total_assets_persistence_at_disclosure,Mul(0,TimeSince($fund_disclosure_holder_pulse)))",921549d002129447dafcd54a39c30d061521203e76fdc1a21147710414d8fd4b,e889f78744987618a1ad78a77afae4f57fbbbf52064a8f3c637e154f53339c52,cf54994a6be0f0c130c70fb8107dc73970d463e44d5fd0387161a8907a491d5f
stock_session,DISCLOSURE_EVENT,cn.pair.1287e4bf744b644ffe199c5ff48539e5,cn.comp.a9cc07673f702f8fb595,cn.comp.a9cc07673f702f8fb595.control,PAIR_EVALUATED,,0.36648359,0.40545721,-0.03897361999999999,-0.00249969,0.00224399,-0.00474368,0.05548688,0.02336199,0.03212489,1381292,1.0,stock_session,unique disclosure episode,"Mul(EventCount($fund_disclosure_balance_pulse,1),Sign($fund_ba_inventory_persistence_at_disclosure))","Add($fund_ba_inventory_persistence_at_disclosure,Mul(0,TimeSince($fund_disclosure_balance_pulse)))",d6496faff754e4d0c888b44ba93f2bf4d880328ea72bef946931cde0f61d98e7,a8d9d38bb0eb72ee4fe4ccb36ba57986b8e9acb3aa04d127b073bcfbd9eeeb0e,b01beeda7ce7a75630f6ac2a187eabef5704b5b1c9f270e22733a8f091584236
stock_session,DISCLOSURE_EVENT,cn.pair.157dc17cb6b0766a4290965ed78fe406,cn.comp.3732f882f15b4b71ab58,cn.comp.3732f882f15b4b71ab58.control,PAIR_EVALUATED,,-0.2843215,-0.18643668,-0.09788482000000001,-0.06541507,-0.0132052,-0.052209870000000005,0.01605191,0.0123576,0.0036943099999999993,31038,1.0,stock_session,unique disclosure episode,"Mul(EventCount($fund_disclosure_profit_pulse,1),Sign($fund_efficiency_fixed_asset_intensity_at_disclosure))","Add($fund_efficiency_fixed_asset_intensity_at_disclosure,Mul(0,TimeSince($fund_disclosure_profit_pulse)))",da5b4175e70845d0a2ac280ade55b9e990863e22084cfa6b819d0a39c415bf6b,c0613782b675972d44356c6e048547f8cfe670a7eaf44e8eba5fbea506284522,1c541a526827529f2c6a10a9b3ad6467df09aa62774a1f6267c14f92b847a75c
stock_session,DISCLOSURE_EVENT,cn.pair.16d3eb75cd899daf33f9859c32fa6792,cn.comp.e4708a9d9325ce80e382,cn.comp.e4708a9d9325ce80e382.control,PAIR_EVALUATED,,0.27085716,0.02092954,0.24992762,0.00080521,-0.01563157,0.01643678,0.0288348,0.02265981,0.006174990000000002,1528539,1.0,stock_session,unique disclosure episode,"Mul(EventCount($fund_disclosure_holder_pulse,1),Sign($fund_ba_total_assets_acceleration_at_disclosure))","Add($fund_ba_total_assets_acceleration_at_disclosure,Mul(0,TimeSince($fund_disclosure_holder_pulse)))",44884bccc664a10e34c5a351bb4a56d40c5e3affd4bb2b9e19a8f2c8a80c202f,0358fbe78ca1f480bc833353cb69de4e5ea1231892397be9edda3e0a700e173a,8c5340e7a8b552833b045e4609a7f570dc1a5474bd63902fd7c22205f35967ea
stock_session,DISCLOSURE_EVENT,cn.pair.174e367cd0a3138081ff82975b2b71b2,cn.comp.22cb445facfe0f8cdbda,cn.comp.22cb445facfe0f8cdbda.control,PAIR_EVALUATED,,0.27741107,0.32147612,-0.044065049999999995,0.00139807,0.00450778,-0.0031097100000000003,0.04773936,0.01959078,0.028148580000000003,1528456,1.0,stock_session,unique disclosure episode,"Mul(EventCount($fund_disclosure_holder_pulse,1),Sign($fund_leverage_liabilities_assets_at_disclosure))","Add($fund_leverage_liabilities_assets_at_disclosure,Mul(0,TimeSince($fund_disclosure_holder_pulse)))",f1ee3c0dff79f023060b31b01c12c1221f9bddcbb9da6a89b85b629b177f90b5,ad90d17d147df53a3e607ee21202feb50c3da330a2108d582a97037e3473e89c,a670ba3ef8fc565f1c31b6c24136349751a0c71b593560279510f4ed78f97033
stock_session,DISCLOSURE_EVENT,cn.pair.178d33679a387f676b836d6792da1034,cn.comp.91f2d8b533b8094ec599,cn.comp.91f2d8b533b8094ec599.control,PAIR_EVALUATED,,-0.26304878,-0.31870249,0.05565371000000002,-0.06771685,-0.03749154,-0.03022531,0.01669376,0.02026641,-0.00357265,29203,1.0,stock_session,unique disclosure episode,"Mul(EventCount($fund_disclosure_profit_pulse,1),Sign($fund_holder_count_log_at_disclosure))","Add($fund_holder_count_log_at_disclosure,Mul(0,TimeSince($fund_disclosure_profit_pulse)))",f777ddf869dfd19561d82ddcaa9adfce9898f8094fd4489a7a4dd9df4bdc8fd4,13da74de845a98cb221f6cfb0ea9ecbc50f2db9c0937f16323302f63dbd0d286,d8fe41dead830ed972f5e89ebe26fe990a0e383ca145447e6f3c5433720f2b2c
stock_session,DISCLOSURE_EVENT,cn.pair.1a7acdb893a528063fad87ec00e76d19,cn.comp.09913439cc960b5cf7c4,cn.comp.09913439cc960b5cf7c4.control,PAIR_EVALUATED,,0.29184687,0.24765926,0.04418760999999999,0.00149635,-0.00313221,0.00462856,0.02699244,0.02345823,0.0035342099999999994,1496922,1.0,stock_session,unique disclosure episode,"Mul(EventCount($fund_disclosure_holder_pulse,1),Sign($fund_ba_accounts_payable_acceleration_at_disclosure))","Add($fund_ba_accounts_payable_acceleration_at_disclosure,Mul(0,TimeSince($fund_disclosure_holder_pulse)))",91eae4bb9bf9416e8e3ec115c3be3c1db1e1e87edbc87d3409c7f39e574d7b02,b82318c2a91a261562071873ba217a149fafcb389e51e8f736444e271b987bb5,13fb9c48842f2c316bdbe1c1dc06c35c5f250a59f1d5470bb63e93deb2d31b18
stock_session,DISCLOSURE_EVENT,cn.pair.1ab7ba9f32bcdbdce9b34372dbe15984,cn.comp.1a25f56500ab7e47d110,cn.comp.1a25f56500ab7e47d110.control,PAIR_EVALUATION_BLOCKED,primary_signal_empty_or_constant,0.34309359,0.50663583,,,-0.00564907,,0.01174949,0.01708881,-0.00533932,15452,1.0,stock_session,unique disclosure episode,"Mul(EventCount($fund_disclosure_cashflow_pulse,1),Sign($fund_ba_fixed_asset_source_yoy_at_disclosure))","Add($fund_ba_fixed_asset_source_yoy_at_disclosure,Mul(0,TimeSince($fund_disclosure_cashflow_pulse)))",ab3d699ab93578cabfd79249cf2d11cbdde0fe5c2b9909fb34c5c32b4bce0686,a6613f9e4c4d542cee31e9415369c161d3f46ca0474004085a25fddb1b3606bc,5b73db06b96d55d9beb7f4de2e50924b8502b313a9417a73b2785171fb5a5cef
stock_session,DISCLOSURE_EVENT,cn.pair.1afdc47f5cf3f13b89ba58dcb9fc472c,cn.comp.4d986e62e55e238107e8,cn.comp.4d986e62e55e238107e8.control,PAIR_EVALUATED,,0.35791162,0.38164686,-0.02373523999999999,-0.00507603,-0.00149941,-0.0035766199999999995,0.03398362,0.03705379,-0.003070170000000004,1427606,1.0,stock_session,unique disclosure episode,"Mul(EventCount($fund_disclosure_balance_pulse,1),Sign($fund_holder_top10_share_ratio_change_at_disclosure))","Add($fund_holder_top10_share_ratio_change_at_disclosure,Mul(0,TimeSince($fund_disclosure_balance_pulse)))",337c6c8903d898446e9b8c6d3243f04eb6f8f54df9ffb454cecbb331d3e2449d,94a74bf39ae447cde8d526c1b28c9945d40d12fd413bcf74795084072495dfa4,5cd10942a175d49cbd724012009ebe6b1248c6abd1200f8a48ba44a77defd023
stock_session,DISCLOSURE_EVENT,cn.pair.1e7766251feacc460b847a79387a81d3,cn.comp.3150f889c6d1623ed95c,cn.comp.3150f889c6d1623ed95c.control,PAIR_EVALUATED,,0.121816,0.18039004,-0.05857404000000001,0.00173853,0.01127819,-0.00953966,0.01117301,0.0157227,-0.004549689999999999,29739,1.0,stock_session,unique disclosure episode,"Mul(EventCount($fund_disclosure_profit_pulse,1),Sign($fund_ba_total_current_liab_delta_at_disclosure))","Add($fund_ba_total_current_liab_delta_at_disclosure,Mul(0,TimeSince($fund_disclosure_profit_pulse)))",5d1fcb10b039fe8d0cd5fcafd9e1e1cba0e2e3ae224562db56774a4c02b99931,85c1afc803adecee5b868ec85d055b3a0f761196856b22576b340f56082fcfe1,7bbac0411fdc6d94f303fe7b77cf2980f5ea01bd916b3cd4fcf744339054d50a
stock_session,DISCLOSURE_EVENT,cn.pair.2373567159016034f2428a1ed3cc7782,cn.comp.7ab121c4246a29ee6e03,cn.comp.7ab121c4246a29ee6e03.control,PAIR_EVALUATED,,0.43038904,0.25188911,0.17849992999999997,0.00172288,-0.01768436,0.01940724,0.06214683,0.02294352,0.039203310000000005,1368078,1.0,stock_session,unique disclosure episode,"Mul(EventCount($fund_disclosure_holder_pulse,1),Sign($fund_holder_count_log_at_disclosure))","Add($fund_holder_count_log_at_disclosure,Mul(0,TimeSince($fund_disclosure_holder_pulse)))",595509aa8fc2b25ca0500d1a2bf506dab48297299af1794d88df6792b64f5e87,9755946c5998f6166873fa2d957f00aa2736973b2c01e54baeddd43a5ac11647,d72aa6e11ebae10018c8123ab318e548c275fcc3c6641a0a49a3b9dff0224b54
stock_session,DISCLOSURE_EVENT,cn.pair.237d27716eeef49bf2c49e76732d1ab7,cn.comp.f6d0733cb4161c1a4ea6,cn.comp.f6d0733cb4161c1a4ea6.control,PAIR_EVALUATED,,0.48189462,0.32102408,0.16087054,0.0083714,-0.01082538,0.01919678,0.24644946,0.21063637,0.03581309000000002,511750,1.0,stock_session,unique disclosure episode,"FirstHit($fund_disclosure_holder_pulse,20)",TimeSince($fund_disclosure_holder_pulse),0b1bde9401afd2cf4509925d0c54aacb658586fab319d5543a9c0ebdbd7902d6,30ae7c7020ad1c66b7eaf13c81f4dbe2076e3da39feacea9531544ae16a751c9,2e7f7260aff480c84d28c58ebf38b15de306ec912f453cf4c08e3d699c04ee2f
stock_session,DISCLOSURE_EVENT,cn.pair.250a569406dad722ace4101a54f07461,cn.comp.47aaa789af1b873cccbe,cn.comp.47aaa789af1b873cccbe.control,PAIR_EVALUATED,,-0.04818858,-0.09916269,0.050974109999999996,-0.02354474,-0.00107721,-0.022467530000000003,0.01634796,0.02646885,-0.010120889999999997,20877,1.0,stock_session,unique disclosure episode,"Mul(EventCount($fund_disclosure_cashflow_pulse,1),Sign($fund_ba_fixed_asset_acceleration_at_disclosure))","Add($fund_ba_fixed_asset_acceleration_at_disclosure,Mul(0,TimeSince($fund_disclosure_cashflow_pulse)))",74051553b66cdb1d2782765b37e6adb88c96169deace0a0343c684aa7f7ac92a,274bdf406260fc92069c749bc01f9a0f978794485b57b7fb8283b586a90ae47e,0a9fbe71ce74d2bf693f1742fd0a9ae2ad5ebdb47ba88f5184abebd38e4267c7
stock_session,DISCLOSURE_EVENT,cn.pair.272da63e0391434fc7b8647dcb335c49,cn.comp.1d4d68d88588e7b0e83d,cn.comp.1d4d68d88588e7b0e83d.control,PAIR_EVALUATED,,0.28747827,0.07267586,0.21480241,0.00118298,-0.01199144,0.013174420000000001,0.02906431,0.02168516,0.007379150000000001,1515006,1.0,stock_session,unique disclosure episode,"Mul(EventCount($fund_disclosure_holder_pulse,1),Sign($fund_ba_total_assets_source_yoy_at_disclosure))","Add($fund_ba_total_assets_source_yoy_at_disclosure,Mul(0,TimeSince($fund_disclosure_holder_pulse)))",553b1ead5f042ca1242a0d97dd06c8bbf74669d8d80489a7fa645b8f3ae877b7,5d2da5419e5f8ea6fc9e51aa38046b7daf0aa23d53c6bc3c95869101a8a1459b,04c37a8def066de0951db56b03afcaece3b000f2152b7e7580f654bda73530c0
stock_session,DISCLOSURE_EVENT,cn.pair.2925b5537ebdbd3d731b39c62e1a53f9,cn.comp.18f5bf7ae68579b5adff,cn.comp.18f5bf7ae68579b5adff.control,PAIR_EVALUATED,,0.37216325,0.28942985,0.08273340000000001,-0.00211351,-0.00058944,-0.0015240699999999998,0.03535208,0.02566465,0.00968743,1416758,1.0,stock_session,unique disclosure episode,"Mul(EventCount($fund_disclosure_balance_pulse,1),Sign($fund_ba_accounts_payable_delta_at_disclosure))","Add($fund_ba_accounts_payable_delta_at_disclosure,Mul(0,TimeSince($fund_disclosure_balance_pulse)))",c6f7946040f8e74652c92ab8aa62117cba6c3905209f26d7a85253274fa5d67b,37e9049861a53154129266837ffc637b9290b6800d27f7dd6ea2d43d4277655b,c260f88ac204924124826b96c4d300e45bc2f24b716e59e155480bfc1181e54d
stock_session,DISCLOSURE_EVENT,cn.pair.2fd3ade469154fd92e2fee4e739a3be8,cn.comp.16d44a3576e559e578f5,cn.comp.16d44a3576e559e578f5.control,PAIR_EVALUATED,,0.28107457,0.25296292,0.028111650000000044,0.00213486,-0.00128313,0.00341799,0.0477742,0.02284132,0.024932880000000004,1493329,1.0,stock_session,unique disclosure episode,"Mul(EventCount($fund_disclosure_holder_pulse,1),Sign($fund_ba_total_current_liab_persistence_at_disclosure))","Add($fund_ba_total_current_liab_persistence_at_disclosure,Mul(0,TimeSince($fund_disclosure_holder_pulse)))",83387c48f796d702590b25f050fb2eb40736319f4b4ec79ba705388be94d6864,aeb9781cfa4f01822bd98cee30e8f010196d09282938fb001fe8e95c2d53707f,301897d85b32f8c1eaa9934aff2d7ab4bbac48e381ff7995dfac950338f9ba31
stock_session,DISCLOSURE_EVENT,cn.pair.30f87f8ff27b0d1118b692f9ad635275,cn.comp.2befdde4848c92bfd0f0,cn.comp.2befdde4848c92bfd0f0.control,PAIR_EVALUATED,,-0.02662753,0.0308698,-0.05749733,-0.01364443,0.00281367,-0.0164581,0.01137902,0.01422256,-0.0028435400000000003,21878,1.0,stock_session,unique disclosure episode,"Mul(EventCount($fund_disclosure_cashflow_pulse,1),Sign($fund_ba_total_liabilities_yoy_at_disclosure))","Add($fund_ba_total_liabilities_yoy_at_disclosure,Mul(0,TimeSince($fund_disclosure_cashflow_pulse)))",d7d7aacc3133a93ed9c1fe79560cde5f747019944ae7fdc4dc27fe2aea15a46a,dd6272f1a57a4cc4a156c8911c48d0b19a5948ab3849249d0a247fff8f922c51,61514cd603e9e69fdf1fb0a795874db5e0738d848208ece26d5c5eeb9692b2cc
stock_session,DISCLOSURE_EVENT,cn.pair.349378bb8e141fe7365d5e4b9530712b,cn.comp.6849c4e706bdd2ca649e,cn.comp.6849c4e706bdd2ca649e.control,PAIR_EVALUATED,,0.36528627,0.22441503,0.14087124000000004,-0.00258684,-0.00582915,0.00324231,0.06072508,0.02113557,0.03958951,1317037,1.0,stock_session,unique disclosure episode,"Mul(EventCount($fund_disclosure_balance_pulse,1),Sign($fund_holder_average_shares_log_at_disclosure))","Add($fund_holder_average_shares_log_at_disclosure,Mul(0,TimeSince($fund_disclosure_balance_pulse)))",fbe8047c9383e00c565ab85bdc39a16cd23a9cb8ddf23629450cb24c3fbc83f3,faf74181d8a86f5db0664c26b1a8ee5c30df2c2600f5539d649cf7b3f9dbde9a,ec6b0307c98496cf448124d083009182b42a79e9a473521f38b83b6b6dfb2ad8
stock_session,DISCLOSURE_EVENT,cn.pair.3842357aafb11ee7b9fae339931580e2,cn.comp.2e3b1c59e6135c040111,cn.comp.2e3b1c59e6135c040111.control,PAIR_EVALUATED,,0.37012832,0.38446111,-0.014332789999999984,-0.00264835,-0.00147255,-0.0011757999999999998,0.05547652,0.0239985,0.03147802,1400725,1.0,stock_session,unique disclosure episode,"Mul(EventCount($fund_disclosure_balance_pulse,1),Sign($fund_ba_total_current_assets_persistence_at_disclosure))","Add($fund_ba_total_current_assets_persistence_at_disclosure,Mul(0,TimeSince($fund_disclosure_balance_pulse)))",e80100840d3e2aed5313a37d5db4abc266fe2b6cde42e9ffdd1131b67a9bbfbe,249c559413c9ee986161d761bd6678aa44b0849f059ab7bd651eadc8e16a275e,ccf0efc05c94f5121d1e412d2e3efb10bb82a4895439394a07a04803f5901a77
stock_session,DISCLOSURE_EVENT,cn.pair.3889a8a95a499d4a6194f57733b04e45,cn.comp.020e6493697e5a6478b4,cn.comp.020e6493697e5a6478b4.control,PAIR_EVALUATED,,0.27317816,0.210051,0.06312716000000002,0.00161503,-0.00239096,0.00400599,0.04783889,0.01938956,0.028449330000000002,1483155,1.0,stock_session,unique disclosure episode,"Mul(EventCount($fund_disclosure_holder_pulse,1),Sign($fund_working_capital_inventory_assets_at_disclosure))","Add($fund_working_capital_inventory_assets_at_disclosure,Mul(0,TimeSince($fund_disclosure_holder_pulse)))",f96811f5cad2e5341488bcdae24e664464d8d28dab3927c9ad1a263339ef4c68,6aede0f5b0af5a37dfb99a5a38089739353578a673acb480d10ad931759b5a76,a7b0a95db7ef01ac4d9bcef078a113bd9e2d08049975ce25dfb1836b62755f7c
stock_session,DISCLOSURE_EVENT,cn.pair.39ad3816f33c1ad91053775f2fd58abd,cn.comp.3af25a82a46f9a73cdf4,cn.comp.3af25a82a46f9a73cdf4.control,PAIR_EVALUATED,,-0.05811222,0.04248894,-0.10060116,-0.02505762,0.00200699,-0.02706461,0.00959148,0.01861166,-0.00902018,29934,1.0,stock_session,unique disclosure episode,"Mul(EventCount($fund_disclosure_cashflow_pulse,1),Sign($fund_ba_accounts_payable_slope_at_disclosure))","Add($fund_ba_accounts_payable_slope_at_disclosure,Mul(0,TimeSince($fund_disclosure_cashflow_pulse)))",e8c56b6d3c2d8d426b473ba828e08c9fbab065f2f7d9557714ab0eac9c5d57e2,734c1e0ae60ee3b2c1d1fb8ad787f8304f29c1f33bd7ab747f1f2d84e90bd936,1828d018a56a818d531c142d11f2b110ea9b6c39b09bf010cc53da67d8cd9918
stock_session,DISCLOSURE_EVENT,cn.pair.3ee3f684255168a3f7df4488b9d806bb,cn.comp.2f255d9e65c94bba1b81,cn.comp.2f255d9e65c94bba1b81.control,PAIR_EVALUATED,,-0.04137126,0.08915226,-0.13052352,-0.02275105,0.01463801,-0.03738906,0.01621784,0.02503283,-0.008814989999999998,20707,1.0,stock_session,unique disclosure episode,"Mul(EventCount($fund_disclosure_profit_pulse,1),Sign($fund_ba_total_equity_acceleration_at_disclosure))","Add($fund_ba_total_equity_acceleration_at_disclosure,Mul(0,TimeSince($fund_disclosure_profit_pulse)))",6ec88ca2f5f26425cda4bc41998a42e1660f3524de07247bf26daa3423d843ce,df2e6b80f117630ed0e89c660af358a15e48f880fc31b033f2fa789593ba697a,3f8ef0176341bebce68dc0725292c562cc7722717dc0f387e766a039cee167ce
stock_session,DISCLOSURE_EVENT,cn.pair.3fc30deb905c5aa0f94f2796e04029b5,cn.comp.173ee134264879a2aeb2,cn.comp.173ee134264879a2aeb2.control,PAIR_EVALUATED,,0.26610094,0.15491859,0.11118235000000001,0.00013961,-0.00761777,0.00775738,0.02858097,0.02387609,0.0047048800000000016,1477684,1.0,stock_session,unique disclosure episode,"Mul(EventCount($fund_disclosure_holder_pulse,1),Sign($fund_ba_inventory_delta_at_disclosure))","Add($fund_ba_inventory_delta_at_disclosure,Mul(0,TimeSince($fund_disclosure_holder_pulse)))",47f9e482e03625c621b55326a66dc9b8a43993a3b0f85ce6a05406a73f48c027,99045555fb08806a75dca99ad1964211bbf7cf0ca37508ef1ba824f9ac879359,72995ffc9ed91ad714512eaf9da8f0c52680ddd051c364476dfdd2d558c05911
stock_session,DISCLOSURE_EVENT,cn.pair.4396387aecc5161b4b18ffc1b71735bb,cn.comp.d4ad952f8ba44a12c528,cn.comp.d4ad952f8ba44a12c528.control,PAIR_EVALUATED,,0.35486534,0.11535381,0.23951152999999997,-0.00521926,-0.01278495,0.00756569,0.0414055,0.02177913,0.019626369999999997,1432848,1.0,stock_session,unique disclosure episode,"Mul(EventCount($fund_disclosure_balance_pulse,1),Sign($fund_ba_total_assets_acceleration_at_disclosure))","Add($fund_ba_total_assets_acceleration_at_disclosure,Mul(0,TimeSince($fund_disclosure_balance_pulse)))",90538a0d02f4f972f5e7249c92a49d3ff3f58e019e8fd839624cfabd06984439,c1af3cd91ae21a4b599e967bb99e5261b6119d5a5dbdb12e5f31d1fd3b6a53b3,e6ae5201c364cf0323b8bc1ab0ef28e8b33da3c935819202b1d98bcf47ef66d1
stock_session,DISCLOSURE_EVENT,cn.pair.46348a73fcb18bef51fd82271ceb1fdb,cn.comp.0547525144e8e17d1341,cn.comp.0547525144e8e17d1341.control,PAIR_EVALUATED,,0.3731614,0.05053817,0.32262323,-0.00312681,-0.01512019,0.011993380000000001,0.04028692,0.02448063,0.015806289999999997,1432848,1.0,stock_session,unique disclosure episode,"Mul(EventCount($fund_disclosure_balance_pulse,1),Sign($fund_ba_total_assets_slope_at_disclosure))","Add($fund_ba_total_assets_slope_at_disclosure,Mul(0,TimeSince($fund_disclosure_balance_pulse)))",fa72bcf4261fc128b7c1d3a39e936ac3f12a1536cfa61a4f8094c9c1e6d3205a,82167c5aeb3391d9c050839addc024651bd401976aef3471499ee91643bb7749,c02cc4627a4b81811e2a82646e995aacc92a8ea853f8448b221634756e464377
stock_session,DISCLOSURE_EVENT,cn.pair.46aa55edd2e3e307da1135b368979a00,cn.comp.7974ccb3a4a89b9470a9,cn.comp.7974ccb3a4a89b9470a9.control,PAIR_EVALUATED,,0.36947989,0.29693094,0.07254895,-0.00260794,0.00083011,-0.00343805,0.0363331,0.02250119,0.01383191,1393431,1.0,stock_session,unique disclosure episode,"Mul(EventCount($fund_disclosure_balance_pulse,1),Sign($fund_ba_total_current_liab_acceleration_at_disclosure))","Add($fund_ba_total_current_liab_acceleration_at_disclosure,Mul(0,TimeSince($fund_disclosure_balance_pulse)))",c17692d5a6a5192af13ecb83def9d44ce5ccbfb031d872cb6377484fe67d0133,5dbf3eadbc7fda24ea891d39a303b248784b8eb6709c0728ca70b3b135baccff,e2e2b10b827fa1482673c2339cc6ce709e665b4f4a8c677dfd5d83fa974edd2e
stock_session,DISCLOSURE_EVENT,cn.pair.4819fdcf266a277b1a11aaab77624ef4,cn.comp.3e242e46978fa00d7640,cn.comp.3e242e46978fa00d7640.control,PAIR_EVALUATION_BLOCKED,primary_signal_empty_or_constant,0.34036933,0.63818677,,,-0.02424249,,0.01174949,0.02097576,-0.00922627,15452,1.0,stock_session,unique disclosure episode,"Mul(EventCount($fund_disclosure_cashflow_pulse,1),Sign($fund_ba_total_equity_yoy_at_disclosure))","Add($fund_ba_total_equity_yoy_at_disclosure,Mul(0,TimeSince($fund_disclosure_cashflow_pulse)))",c37dc63f048640784ec48790d63fc07443fa1a0608d4d06f1cc0d2cc729d035d,7a37e314c2ecbe13742e8ea35d050dcd81d5bd7a93f5a6abaa16f455c5c407e3,326703ed2f79682f86a07dbb9563f33d094758cda011b9b6c3c1068ee297a094
stock_session,DISCLOSURE_EVENT,cn.pair.481a5daf7a324f7d9ee07ad85a3020a6,cn.comp.2c3ccdf9e72cab458f6f,cn.comp.2c3ccdf9e72cab458f6f.control,PAIR_EVALUATED,,-0.22764426,0.00890236,-0.23654661999999999,-0.05402457,-0.02015265,-0.03387192,0.01250924,0.0123734,0.00013583999999999992,28412,1.0,stock_session,unique disclosure episode,"Mul(EventCount($fund_disclosure_cashflow_pulse,1),Sign($fund_ba_accounts_rece_persistence_at_disclosure))","Add($fund_ba_accounts_rece_persistence_at_disclosure,Mul(0,TimeSince($fund_disclosure_cashflow_pulse)))",68d24272410c8a95ab60dec132ebc0ce6f873ac265e4f29738aad279ee025f7f,7efb8d06d4ca97d50f0606f02e644d7c18939f06aa884d6745a1f19ee7b72794,15c128736c113928be1c2920e7d2fdc4455777f126f7482a42a95d18c86325ad
stock_session,DISCLOSURE_EVENT,cn.pair.4b9ae51f07e4641fb7d519f24ef6a25c,cn.comp.046b73bab3634919b41f,cn.comp.046b73bab3634919b41f.control,PAIR_EVALUATED,,0.31402681,0.17116874,0.14285806999999998,0.03663396,0.0108804,0.02575356,0.01693324,0.0249162,-0.00798296,20877,1.0,stock_session,unique disclosure episode,"Mul(EventCount($fund_disclosure_cashflow_pulse,1),Sign($fund_ba_accounts_payable_acceleration_at_disclosure))","Add($fund_ba_accounts_payable_acceleration_at_disclosure,Mul(0,TimeSince($fund_disclosure_cashflow_pulse)))",032f6c51bf4bf8d6e38cc9599c6f7d070baaafa52ee25da4ddc5f14dda914374,926cb31129c3267aa8d802f6be5aa990b222b4eddb76ec24b53863f0534311d3,3bb055928c0956ff5fad03a81a938ec31557c82f6c8e81b5eeff6428ca30f843
stock_session,DISCLOSURE_EVENT,cn.pair.4e96523d3a9f1501408576a6166a4341,cn.comp.50ff8b4aecb4a48e4abd,cn.comp.50ff8b4aecb4a48e4abd.control,PAIR_EVALUATED,,0.36193054,0.07666125,0.28526929,-0.00497223,-0.02158588,0.01661365,0.04099652,0.01990624,0.021090280000000003,1415810,1.0,stock_session,unique disclosure episode,"Mul(EventCount($fund_disclosure_balance_pulse,1),Sign($fund_ba_fixed_asset_yoy_at_disclosure))","Add($fund_ba_fixed_asset_yoy_at_disclosure,Mul(0,TimeSince($fund_disclosure_balance_pulse)))",1bf6145b8b23fadbc1038c2ef041deef7b5eaee79ef083aadc76570f12af869e,278a7f22f0b3f3d30f8c8d6f0d1ccc325b4bce10164763de4d28348c8851317a,9390e4211b22c711d066b9693148e526dd3e7e139e8ab2a36b0f2bff31520205
stock_session,DISCLOSURE_EVENT,cn.pair.517d649d06ff74a1e10628339ef096cb,cn.comp.1cc4184c844fcc654616,cn.comp.1cc4184c844fcc654616.control,PAIR_EVALUATED,,0.3760672,0.37000395,0.0060632499999999645,-0.00183242,-0.00282286,0.00099044,0.05896875,0.02178959,0.03717916,1427995,1.0,stock_session,unique disclosure episode,"Mul(EventCount($fund_disclosure_balance_pulse,1),Sign($fund_ba_total_equity_persistence_at_disclosure))","Add($fund_ba_total_equity_persistence_at_disclosure,Mul(0,TimeSince($fund_disclosure_balance_pulse)))",960cd8500466ab7634f86eaf6df1c84563b5e52b524ca4f5889ab2e7f1704fe7,d57f04480d033295b07996c2fd5bbdddea959a0ca0d2c851117243927c2edfa0,9a89016c55da469f330f73bd7aa5a42f196f732e92a8f267e218235c593ce283
stock_session,DISCLOSURE_EVENT,cn.pair.52811784a8c04a9b78feb4e6a2b00e5c,cn.comp.4922109a8640d67da7ac,cn.comp.4922109a8640d67da7ac.control,PAIR_EVALUATED,,-0.28322731,0.37384698,-0.65707429,-0.06541507,0.03527786,-0.10069293000000001,0.01605191,0.00879298,0.0072589299999999985,31038,1.0,stock_session,unique disclosure episode,"EventCount($fund_disclosure_profit_pulse,1)",TimeSince($fund_disclosure_profit_pulse),fa4f32810b7b8210b0c7e96e386f2a60874fa67704f6c370af4b5878912ba420,5cfe6f8c6df48b82c4cdfb05fc31db1b3db4a77d0f6d43111e94ae9b2a58c94d,755b801da84b0511c93074687bf297f8a5a0d393b7f38a8146e12cb9dabe5182
stock_session,DISCLOSURE_EVENT,cn.pair.53ad1827e53f29a87c97139c84bbe3f7,cn.comp.2e8ce9c7e800589191ee,cn.comp.2e8ce9c7e800589191ee.control,PAIR_EVALUATED,,0.99256254,0.63272216,0.35984037999999996,0.06222329,0.01308531,0.04913798,0.01214742,0.01766161,-0.00551419,15793,1.0,stock_session,unique disclosure episode,"Mul(EventCount($fund_disclosure_cashflow_pulse,1),Sign($fund_ba_total_current_liab_yoy_at_disclosure))","Add($fund_ba_total_current_liab_yoy_at_disclosure,Mul(0,TimeSince($fund_disclosure_cashflow_pulse)))",53cc604bc82994f49ea08587c9b5e08c2de81dbe551400ffce08638966442101,964b7f5165b58c792279e7dee1d5b68783502b4f7d2ef6c19509c523bc015a33,43a5ca523f26ebe521f34fb37348d121565def530f9f24c1cb67e1ea943157cb
stock_session,DISCLOSURE_EVENT,cn.pair.5460a833dfc48c1134a60d7e11efb744,cn.comp.213dc00a2af613eeba89,cn.comp.213dc00a2af613eeba89.control,PAIR_EVALUATED,,0.36952575,0.41007579,-0.04055004000000001,-0.00265508,0.00200361,-0.00465869,0.05898213,0.03663534,0.02234679,1432848,1.0,stock_session,unique disclosure episode,"EventCount($fund_disclosure_balance_pulse,1)",TimeSince($fund_disclosure_balance_pulse),f8d36e960c20cf22b9b278d551ffd7c204f10f3b1d4728bf9518aaddad94128f,9d3e28dcb42a0870802d0b80467dbca7b36d78de163b9e0e563be12e2eac4980,624cf94923ffdbfce8497230fa9b856283f809bbd4ddbd6e52a23602e7213474
stock_session,DISCLOSURE_EVENT,cn.pair.5667c2c9a4008f47300bc8644e586446,cn.comp.18cde64e16d7c17038b1,cn.comp.18cde64e16d7c17038b1.control,PAIR_EVALUATED,,0.41139912,0.23325661,0.17814251,0.00266341,-0.0050627,0.00772611,0.0397986,0.02595003,0.013848570000000004,1402784,1.0,stock_session,unique disclosure episode,"Mul(EventCount($fund_disclosure_balance_pulse,1),Sign($fund_ba_total_current_liab_delta_at_disclosure))","Add($fund_ba_total_current_liab_delta_at_disclosure,Mul(0,TimeSince($fund_disclosure_balance_pulse)))",7af861da4df22632991a64a98ab56c6543baeffafbf05799efc3c4b2062e256a,7167423d7f172cf7a0050bf08afdc34083181c5bb2ddd4b821160e0cd6df1d19,69d7b11096ec997ff5acee23d609aaa5ef3a7d18b73494a5fe9e8685e87eed6b
stock_session,DISCLOSURE_EVENT,cn.pair.568ce475b9a97ab44e0bb3e67b83b4b2,cn.comp.35d5818c412e62a7dcf8,cn.comp.35d5818c412e62a7dcf8.control,PAIR_EVALUATED,,0.41847326,0.41011053,0.00836273000000004,0.00404766,0.00349092,0.00055674,0.03703273,0.03944635,-0.0024136199999999983,1310037,1.0,stock_session,unique disclosure episode,"Mul(EventCount($fund_disclosure_balance_pulse,1),Sign($fund_holder_average_shares_log_change_at_disclosure))","Add($fund_holder_average_shares_log_change_at_disclosure,Mul(0,TimeSince($fund_disclosure_balance_pulse)))",a29ff8f7c83741c2e9fbad8e46899bde8b215d88d16773b8efe57093e21bc726,62f98bed2706ba29b8c33ca18a30ef6ddcd1a63e975dc58ad4b5a426f5183783,6ab897571281dafc28163c768b2cba2c65d13a1275f53ee65fc3bd76cfd6d527
stock_session,DISCLOSURE_EVENT,cn.pair.5a3a54c4251eafa7fb4ddcc2f385e8f4,cn.comp.8c54237eb14241d62866,cn.comp.8c54237eb14241d62866.control,PAIR_EVALUATED,,0.28367597,0.26255674,0.02111922999999999,0.0021856,0.00194697,0.0002386300000000003,0.02685551,0.02552113,0.0013343799999999996,1509842,1.0,stock_session,unique disclosure episode,"Mul(EventCount($fund_disclosure_holder_pulse,1),Sign($fund_ba_accounts_payable_slope_at_disclosure))","Add($fund_ba_accounts_payable_slope_at_disclosure,Mul(0,TimeSince($fund_disclosure_holder_pulse)))",1746071b76f02d65458b6d21748ec79deb3084d7376f0a0c695d5b56ae0706c2,072842a83ac8aa2c997e5039281910b02e1eb8e93119c56e5c69b968ed555e90,061226473db9ba8d9377f3cfc18087c0f78e7f35f4ea55c369c522090e4084e7
stock_session,DISCLOSURE_EVENT,cn.pair.5ab7a11ba4608d61e3d457ede2cf03f0,cn.comp.a38cf584d0a9d2bcff47,cn.comp.a38cf584d0a9d2bcff47.control,PAIR_EVALUATED,,0.29394662,0.24600095,0.047945669999999996,0.00166126,0.00143697,0.00022428999999999982,0.02988495,0.02229534,0.00758961,1487894,1.0,stock_session,unique disclosure episode,"Mul(EventCount($fund_disclosure_holder_pulse,1),Sign($fund_ba_accounts_payable_yoy_at_disclosure))","Add($fund_ba_accounts_payable_yoy_at_disclosure,Mul(0,TimeSince($fund_disclosure_holder_pulse)))",32c1ee80083ee823f8f4d58b32bafcffc3d725f3ea652cc074c796cb1c065b05,6dbdde291bd899f82a8aa67e7c1dea0da003d121591af3188e7beca2969ebc2a,19ddfeaa40af3fb09ce60001c4be0f81ee537788077fc9f4d66ef6f2292b3012
stock_session,DISCLOSURE_EVENT,cn.pair.5c0e5a0d8cffc0b26a5481d2daa00adb,cn.comp.9fb2a65e10de73cf7fc3,cn.comp.9fb2a65e10de73cf7fc3.control,PAIR_EVALUATED,,0.27429877,0.25301095,0.021287820000000013,0.00091559,0.00055396,0.00036162999999999994,0.02845235,0.02350572,0.0049466300000000005,1528083,1.0,stock_session,unique disclosure episode,"Mul(EventCount($fund_disclosure_holder_pulse,1),Sign($fund_ba_total_liabilities_delta_at_disclosure))","Add($fund_ba_total_liabilities_delta_at_disclosure,Mul(0,TimeSince($fund_disclosure_holder_pulse)))",ac18bd466ae5252ab90ce6efc1136fc693d0fd9ea23e75ccc71485ab5e53082f,d97c99f1cadc9412269173c6b1f704da096f94b0a5fd07800f2aec85c4f08242,a578886742551d5eccc7c8dab0dbe1b89e20553838b992326c1786d861dc00ee
stock_session,DISCLOSURE_EVENT,cn.pair.5fe140c26e9450ab8aad5c608edb2432,cn.comp.3f981016d06099b98fd3,cn.comp.3f981016d06099b98fd3.control,PAIR_EVALUATED,,0.37703142,0.16621098,0.21082044,-0.0027533,-0.0211502,0.0183969,0.03944821,0.02174753,0.017700679999999996,1424285,1.0,stock_session,unique disclosure episode,"Mul(EventCount($fund_disclosure_balance_pulse,1),Sign($fund_ba_total_assets_source_yoy_at_disclosure))","Add($fund_ba_total_assets_source_yoy_at_disclosure,Mul(0,TimeSince($fund_disclosure_balance_pulse)))",dfa0889a8133ca79e74aa68f67cbe2ca97104ca4589bad31a6f7a3b391440161,ea6caea8c83e8988ca369f2a610d9278d2ef85d83a531cccb8ac0e716c26bb0d,305a07fb00a9522ed33d9d9f07af5f226267a6833e49f4740bb69d38d96a007b
stock_session,DISCLOSURE_EVENT,cn.pair.60791de9f222b69b7be347c6762dfea4,cn.comp.0e74e0589c9014e5e40e,cn.comp.0e74e0589c9014e5e40e.control,PAIR_EVALUATED,,0.29708018,0.03159207,0.26548811000000005,0.00172185,-0.01094202,0.01266387,0.0270115,0.02117961,0.005831889999999999,1513143,1.0,stock_session,unique disclosure episode,"Mul(EventCount($fund_disclosure_holder_pulse,1),Sign($fund_ba_total_equity_acceleration_at_disclosure))","Add($fund_ba_total_equity_acceleration_at_disclosure,Mul(0,TimeSince($fund_disclosure_holder_pulse)))",6975cd1113dfcfb6285dafbe4e267f88f395fee1530f0f828b7d3b313a96732d,c172f24ae239c6116431047e27165d2457d0038888672175a6d18dcad7c26bd8,d91f961c424232b2737b5a15bd1796374f8bd429cec991baf51dabc6af78e115
stock_session,DISCLOSURE_EVENT,cn.pair.633767f9b5ae0194f7043cbc57c4d0c6,cn.comp.46e569615c33ebfcffd4,cn.comp.46e569615c33ebfcffd4.control,PAIR_EVALUATION_BLOCKED,primary_signal_empty_or_constant,0.34514313,0.33781616,,,-0.02415938,,0.01188104,0.0162223,-0.004341259999999998,15246,1.0,stock_session,unique disclosure episode,"Mul(EventCount($fund_disclosure_profit_pulse,1),Sign($fund_ba_fixed_asset_yoy_at_disclosure))","Add($fund_ba_fixed_asset_yoy_at_disclosure,Mul(0,TimeSince($fund_disclosure_profit_pulse)))",4aac31f6f8282dd925ddc1df360a3db7bc71ceaf7fdc1ef4f9c5537fcbc25c81,9dc1054b2ada6e936848dc96a18cc1b98df940167a1da4d0f1217adac293ac9e,b7866aa3f5f42d01aab3cdaedeb68c05d7247bc18cad7c619742044973834c74
stock_session,DISCLOSURE_EVENT,cn.pair.66c2a7c85b5adaa74bd8dcfc272913e5,cn.comp.808aab98ab3acedb068b,cn.comp.808aab98ab3acedb068b.control,PAIR_EVALUATED,,0.39792647,0.17016058,0.22776588999999997,0.00062632,-0.00876847,0.00939479,0.04005276,0.02185404,0.018198719999999998,1387386,1.0,stock_session,unique disclosure episode,"Mul(EventCount($fund_disclosure_balance_pulse,1),Sign($fund_ba_total_current_assets_yoy_at_disclosure))","Add($fund_ba_total_current_assets_yoy_at_disclosure,Mul(0,TimeSince($fund_disclosure_balance_pulse)))",46d0bc53b56488926f27d33fa5e7abf91fae5836b880a01e8e56613d26f477db,34d1a337405cfba85035d74d95d8cea546291a063736c12428f90665c73c2460,c9f23846224c2430f479b5e889b157f9367b99edeb1f9c3bf93c21ccc2d54932
stock_session,DISCLOSURE_EVENT,cn.pair.66dca42d31e2a449371291036c82dfd5,cn.comp.b6c517880bddc4ed997e,cn.comp.b6c517880bddc4ed997e.control,PAIR_EVALUATED,,0.27317466,0.27261648,0.0005581800000000192,3.23e-06,-1.385e-05,1.708e-05,0.0273193,0.02731947,-1.6999999999725568e-07,1526752,1.0,stock_session,unique disclosure episode,"Mul(EventCount($fund_disclosure_holder_pulse,1),Sign($fund_holder_top10_shares_log_change_at_disclosure))","Add($fund_holder_top10_shares_log_change_at_disclosure,Mul(0,TimeSince($fund_disclosure_holder_pulse)))",2fe95bb5b4b7b52ed6d09ad48752c25bd8e3bd8a12b54240fcde55282cc007b5,87d372a1f6c65f0b44a3221751dd4edb0dd5e003f36155068ae69a979cce2d23,5470261a157e53427c7d25bc9f2759fe0c8cd11b1227ea4c459487a57d069a57
stock_session,DISCLOSURE_EVENT,cn.pair.703298430aeef86777f8df929a61e246,cn.comp.26bef464361db2e0b8bc,cn.comp.26bef464361db2e0b8bc.control,PAIR_EVALUATED,,0.28627569,0.30233125,-0.01605555999999997,0.00217293,0.00039153,0.0017814,0.0477839,0.0244144,0.023369499999999998,1520164,1.0,stock_session,unique disclosure episode,"Mul(EventCount($fund_disclosure_holder_pulse,1),Sign($fund_ba_total_equity_persistence_at_disclosure))","Add($fund_ba_total_equity_persistence_at_disclosure,Mul(0,TimeSince($fund_disclosure_holder_pulse)))",cdcf15cb9c179d273f0c5d66110813692f5dad6b0c4836d755ede817a875cc27,b663ba44f0a2d78a2ecc3652485d05b0a534dc903416f6c11bb36c3bed77f3ed,1260e7e2c7a8c5ccc1cbd6b24cfaa8f1f9feaabdf7bc1c17997299779024551d
stock_session,DISCLOSURE_EVENT,cn.pair.730486223a0e36b08da0edbb2900b4c4,cn.comp.419d8ac757a237bd3019,cn.comp.419d8ac757a237bd3019.control,PAIR_EVALUATED,,0.27580999,0.27328334,0.002526650000000019,0.0014933,-7.196e-05,0.00156526,0.04776165,0.01975959,0.028002060000000002,1512979,1.0,stock_session,unique disclosure episode,"Mul(EventCount($fund_disclosure_holder_pulse,1),Sign($fund_working_capital_payables_assets_at_disclosure))","Add($fund_working_capital_payables_assets_at_disclosure,Mul(0,TimeSince($fund_disclosure_holder_pulse)))",0e71e2d117fb4c7ad89d9b35d88d13120c4fc5c449752f61061a9d75614f17e0,15267cce1f7aab6f60ba73bb1161961b75337bf267e530c9c8fd350632464176,4f010891ae8dcff30b00ce554b94da8c595f166affc15b93877abd41efded29e
stock_session,DISCLOSURE_EVENT,cn.pair.7434209117e061d32a67c97eb6427816,cn.comp.af50d7a2652f151c9f53,cn.comp.af50d7a2652f151c9f53.control,PAIR_EVALUATED,,0.34933397,0.23102753,0.11830643999999998,-0.00561593,-0.00356201,-0.00205392,0.03652749,0.02512021,0.011407280000000002,1421625,1.0,stock_session,unique disclosure episode,"Mul(EventCount($fund_disclosure_balance_pulse,1),Sign($fund_ba_fixed_asset_acceleration_at_disclosure))","Add($fund_ba_fixed_asset_acceleration_at_disclosure,Mul(0,TimeSince($fund_disclosure_balance_pulse)))",4a7c1cc318dbd88089c4bf244d6c4fcfc7d35b41ed71b8a354a4faa317f408c9,8c5b9c78bcb2c30a28c9294ea3a70701cb803b3d33e07c7d9e3a78afd7d4d818,378088d7303361f3d9c192ab764d143909206d3abcfcf7fde911af3e4a92f19b
stock_session,DISCLOSURE_EVENT,cn.pair.755303464a1973f7c86a1fb914cd9c02,cn.comp.10da0cb962f167cc9799,cn.comp.10da0cb962f167cc9799.control,PAIR_EVALUATED,,-0.28426391,-0.18113861,-0.1031253,-0.06539289,-0.01836418,-0.047028709999999994,0.01598131,0.01363857,0.0023427399999999994,31326,1.0,stock_session,unique disclosure episode,"Mul(EventCount($fund_disclosure_cashflow_pulse,1),Sign($fund_leverage_liabilities_assets_at_disclosure))","Add($fund_leverage_liabilities_assets_at_disclosure,Mul(0,TimeSince($fund_disclosure_cashflow_pulse)))",d4465e0aaac674e2bdf63331efedea29d1cbcf72aad13f3234728ac4d0ecd43a,be4d961766930260499ffcf9b21b5427056d6f22de11c797ec7daa0fc01bc91b,6567dd4b2bd2b40fa839432de9e05dddaf5d6d0145f7e45a3476fac370d07ad5
stock_session,DISCLOSURE_EVENT,cn.pair.75788d3a382857dfb7ea80d00048f0b7,cn.comp.081b1cce9ab6ceea9528,cn.comp.081b1cce9ab6ceea9528.control,PAIR_EVALUATED,,-0.28423232,0.19620741,-0.48043972999999995,-0.06539289,0.01873883,-0.08413172,0.01598131,0.01413092,0.0018503899999999986,31326,1.0,stock_session,unique disclosure episode,"Mul(EventCount($fund_disclosure_cashflow_pulse,1),Sign($fund_liquidity_cash_current_liab_at_disclosure))","Add($fund_liquidity_cash_current_liab_at_disclosure,Mul(0,TimeSince($fund_disclosure_cashflow_pulse)))",bd8725bdc5496fb476915c8666dc7f64bdbe68467328e57ac1d2d8c63bb30829,af185e3a8b7aba367223cd27f8696567951c03bcff4dce49fdf355b9480dcf3e,dc7a3fac9a8b91875bfa12f183bc912094d3a4353dfbf0a7624918c7feb2222b
stock_session,DISCLOSURE_EVENT,cn.pair.77573ed3fe9c32a2ab2f1548338d03fd,cn.comp.f756f3a716fde8e609dc,cn.comp.f756f3a716fde8e609dc.control,PAIR_EVALUATED,,0.28658938,0.20625443,0.08033495000000002,0.0012781,-0.00492909,0.00620719,0.02725758,0.0227575,0.00450008,1499704,1.0,stock_session,unique disclosure episode,"Mul(EventCount($fund_disclosure_holder_pulse,1),Sign($fund_ba_monetaryfunds_acceleration_at_disclosure))","Add($fund_ba_monetaryfunds_acceleration_at_disclosure,Mul(0,TimeSince($fund_disclosure_holder_pulse)))",7de915203eb79384f27e06fad1ab94865824808a54a8cef81c233d163b03d352,ea553c6311eae1d9c481dd54576bd41ed87014569640e742c24aed0f26684fd1,7ac8340bbf76dca06b5f622f4e540ec7ed74b8315f3766aded59d7d2c3a49429
stock_session,DISCLOSURE_EVENT,cn.pair.78fbb12797733a3cb11e9b19b40b2fc5,cn.comp.45ec0f6eaa0864193d07,cn.comp.45ec0f6eaa0864193d07.control,PAIR_EVALUATED,,0.35489468,0.18235211,0.17254257,-0.00519554,-0.00957555,0.00438001,0.03501239,0.02570409,0.009308299999999999,1431456,1.0,stock_session,unique disclosure episode,"Mul(EventCount($fund_disclosure_balance_pulse,1),Sign($fund_ba_fixed_asset_delta_at_disclosure))","Add($fund_ba_fixed_asset_delta_at_disclosure,Mul(0,TimeSince($fund_disclosure_balance_pulse)))",0f9670bedcf6e9e3b05e0c8925a336fea031bf02fc245f964c9e8ba9bde00840,701ad219f1b776ac0d66ade898823453949057cd09c071b236ec5a0107ffe3fb,312ba7471a3ba564920a6aa492699b9296ca6332e8973069ee720431a2dd7c56
stock_session,DISCLOSURE_EVENT,cn.pair.814e6470f3d7641d2d09d7b13a6039e2,cn.comp.75387ca2b1d016003dfc,cn.comp.75387ca2b1d016003dfc.control,PAIR_EVALUATED,,0.32507217,-0.0783437,0.40341587,-0.0111554,-0.03064876,0.01949336,0.03885818,0.01972373,0.01913445,1415810,1.0,stock_session,unique disclosure episode,"Mul(EventCount($fund_disclosure_balance_pulse,1),Sign($fund_ba_total_equity_yoy_at_disclosure))","Add($fund_ba_total_equity_yoy_at_disclosure,Mul(0,TimeSince($fund_disclosure_balance_pulse)))",e4461562d11e8d0c033fd274ce6bdb66cf139d98a20e330d42e79f2278bb78a8,1d0b4299749c8caf8cd7e9c22c7603b4506c9b32e61ab1e7eda7b0b5e75e63f8,6fa55b2d98def8d0fd6c4ca4cf3d8de585b88365725b4b9c137a970a54ae3876
stock_session,DISCLOSURE_EVENT,cn.pair.830563b4ef3fa667750434ed524d4dd5,cn.comp.1d39cec4a1a3a28f7c2f,cn.comp.1d39cec4a1a3a28f7c2f.control,PAIR_EVALUATED,,0.40112157,0.2342923,0.16682926999999997,0.00200344,-0.0047914,0.00679484,0.03067534,0.02358985,0.00708549,1388893,1.0,stock_session,unique disclosure episode,"Mul(EventCount($fund_disclosure_balance_pulse,1),Sign($fund_ba_accounts_rece_acceleration_at_disclosure))","Add($fund_ba_accounts_rece_acceleration_at_disclosure,Mul(0,TimeSince($fund_disclosure_balance_pulse)))",fdaf267e60f97f4a288e1992a182478cf1be3523ca8a37b125e2d6d43a444a3a,0d2fd3160f30d4786ceeb518fb875715f7d29fd4612069a130c032a9705bd48b,090e1472d5ff0833ee84dbb381965967ab38af6596e11a9b244931ea50035731
stock_session,DISCLOSURE_EVENT,cn.pair.867f9c0f5f9bf5d93763fea1415c6dc3,cn.comp.79b47f320bb1eae8bbe4,cn.comp.79b47f320bb1eae8bbe4.control,PAIR_EVALUATED,,0.29156321,0.29688238,-0.005319169999999984,0.00141877,0.00687188,-0.005453110000000001,0.0285777,0.02313828,0.00543942,1490286,1.0,stock_session,unique disclosure episode,"Mul(EventCount($fund_disclosure_holder_pulse,1),Sign($fund_ba_monetaryfunds_yoy_at_disclosure))","Add($fund_ba_monetaryfunds_yoy_at_disclosure,Mul(0,TimeSince($fund_disclosure_holder_pulse)))",daba87cc610a47bafed49385ec1174107ac024cade7b0d2a96cab10cc9616d0b,e9f58b3ff20a505cbfc3bf48d0363f7e5aa5df02871d0bcec8abd2da9e6d5495,3c40414b63d662da392d28a189bfe66c11198eb582dcff40c572beaccc5e41cf
stock_session,DISCLOSURE_EVENT,cn.pair.8c97be01488d6bc9120dcff058d534fd,cn.comp.11eb98116c193f037660,cn.comp.11eb98116c193f037660.control,PAIR_EVALUATED,,0.37243826,0.28645783,0.08598043,-0.00211351,-0.00054309,-0.0015704199999999999,0.03535208,0.02574105,0.00961103,1416758,1.0,stock_session,unique disclosure episode,"Mul(EventCount($fund_disclosure_balance_pulse,1),Sign($fund_ba_accounts_payable_slope_at_disclosure))","Add($fund_ba_accounts_payable_slope_at_disclosure,Mul(0,TimeSince($fund_disclosure_balance_pulse)))",5efb00a7ee750a8dbd1f5266ddbd0a620e668559841a5cb4089e6c9ffb7a0743,157dd6b5c7c5c031163ccd4147ee8388b989ec39832363537e068599b13ea00f,1482a9c29340aba8051e7519122c655a2e67276c1f844d0af9153ad74753a955
stock_session,DISCLOSURE_EVENT,cn.pair.8e688958b95f58706f1cfb27c6f824db,cn.comp.245b4abe6bd0a99d8053,cn.comp.245b4abe6bd0a99d8053.control,PAIR_EVALUATED,,0.37197582,0.3714766,0.0004992200000000224,-0.00246964,-0.00247287,3.2299999999998996e-06,0.05547985,0.02364947,0.03183038,1401679,1.0,stock_session,unique disclosure episode,"Mul(EventCount($fund_disclosure_balance_pulse,1),Sign($fund_ba_total_current_liab_persistence_at_disclosure))","Add($fund_ba_total_current_liab_persistence_at_disclosure,Mul(0,TimeSince($fund_disclosure_balance_pulse)))",fc6b59aeb014a01dbc90c6cfdce267bfbb8e23d6cc5cc1da91596a600c710030,5c021d8bdc522def654988aa650f012482a13a98b96e8f95fd307dfd16126756,f423d80d80b5d21f8eeee50ee5caed4beec9aeadf84aedf8b04c4320ae9d9c31
stock_session,DISCLOSURE_EVENT,cn.pair.90aa06e4fcc371cb6f185d67cd8cdeb8,cn.comp.7777b141c6248efe0de5,cn.comp.7777b141c6248efe0de5.control,PAIR_EVALUATED,,0.35898403,0.35866116,0.00032287000000003063,-0.0105556,-0.01044924,-0.00010635999999999979,0.02946481,0.02946362,1.1900000000016064e-06,1360679,1.0,stock_session,unique disclosure episode,"Mul(EventCount($fund_disclosure_holder_pulse,1),Sign($fund_holder_count_log_change_at_disclosure))","Add($fund_holder_count_log_change_at_disclosure,Mul(0,TimeSince($fund_disclosure_holder_pulse)))",e1fcecb58d1b34a868ce91aedd2928f2dfe0bfee7f3b7814e02d55622c285afc,d4050e871cad506a1315e78cff530048791cb2b6fbe5b9298f2400b9056a0243,cab94d40eb858cf41580c201b7626180a7aa921defa5853d27bec5bf788130f2
stock_session,DISCLOSURE_EVENT,cn.pair.944306745c5327a59676a5fabea1e3bb,cn.comp.3950e523328bba02a18b,cn.comp.3950e523328bba02a18b.control,PAIR_EVALUATION_BLOCKED,primary_signal_empty_or_constant,0.34219891,0.562567,,,-0.01157708,,0.01174949,0.02229884,-0.01054935,15452,1.0,stock_session,unique disclosure episode,"Mul(EventCount($fund_disclosure_cashflow_pulse,1),Sign($fund_ba_monetaryfunds_source_yoy_at_disclosure))","Add($fund_ba_monetaryfunds_source_yoy_at_disclosure,Mul(0,TimeSince($fund_disclosure_cashflow_pulse)))",1b4611e63580cf283e1a7856666c90867157662c9e0525a3616dd179c801b0e0,5dbd564ea54688c866c5bd6b4014e39e7b0b6a90eb3d7041da709387e7b85b51,72e58b8997d5c5124d64f1010e900d5da81d55333ceab1f632028ef71ee66624
stock_session,DISCLOSURE_EVENT,cn.pair.9618ad6c8a43fced1511a5a1f2d05f11,cn.comp.6ff9cfd027f80d5288bf,cn.comp.6ff9cfd027f80d5288bf.control,PAIR_EVALUATED,,0.25979649,0.18089438,0.07890211,-0.0026425,-0.00622911,0.0035866100000000005,0.02902344,0.02197622,0.00704722,1455434,1.0,stock_session,unique disclosure episode,"Mul(EventCount($fund_disclosure_holder_pulse,1),Sign($fund_ba_inventory_source_yoy_at_disclosure))","Add($fund_ba_inventory_source_yoy_at_disclosure,Mul(0,TimeSince($fund_disclosure_holder_pulse)))",209c2110c3b698dff4fd455e87c9028e45a4a2ac50846b92a997ce9d6ba92158,7c294f06ff35789b314953f6770a8dfb3463a0d7992fba3b635a3cc4226514a1,808d4108b70390916e75da45f22ecba3b00aaeec1545ff56e06a5e9cae1e3f0c
stock_session,DISCLOSURE_EVENT,cn.pair.96308021afff35bf96c4e2b11f3dad9c,cn.comp.77c066d0dc2b31ea2e0c,cn.comp.77c066d0dc2b31ea2e0c.control,PAIR_EVALUATED,,-0.11119467,0.34580562,-0.45700029,-0.0290933,0.03129135,-0.06038465,0.02199998,0.00930271,0.012697269999999998,30685,1.0,stock_session,unique disclosure episode,"SafeDiv(EventCount($fund_disclosure_profit_pulse,5),Add(EventCount($fund_disclosure_profit_pulse,20),1),1)",TimeSince($fund_disclosure_profit_pulse),29e966721ab0a1174a1430b4224f4e26e3dd877b64685a5386ebae2b4978071f,bdae24bb492e76f7fac98b8576fd8a794ca2b58b19298e48e04560697d01d487,ca7438a39f2ca4e84c2b256c0619a016dcf9e13cf92f3568637b1b8890b2d868
stock_session,DISCLOSURE_EVENT,cn.pair.9b6c2e83c4567574b71bc557f2877223,cn.comp.1b5aa5e4177e44991f40,cn.comp.1b5aa5e4177e44991f40.control,PAIR_EVALUATED,,0.01413544,0.21887771,-0.20474227,-0.01304287,0.00794477,-0.020987640000000002,0.01319021,0.01470114,-0.0015109299999999989,29846,1.0,stock_session,unique disclosure episode,"Mul(EventCount($fund_disclosure_cashflow_pulse,1),Sign($fund_ba_inventory_slope_at_disclosure))","Add($fund_ba_inventory_slope_at_disclosure,Mul(0,TimeSince($fund_disclosure_cashflow_pulse)))",0430376de2104daed93f16bfeb224c6b6b085bf13cb815ee4aeace23a5900422,ed5a8d0bd6c29ce513db72f45f937a82a604544ed048177e19dc4b714ebcae8e,24dce693cbaeea23b2f69d7aa911de6210b12ba1293056b2fb4b2a3356efa10a
stock_session,DISCLOSURE_EVENT,cn.pair.9fbdfdaf5cf7e2766cfc1c61a94225e4,cn.comp.7e692cf7da46cf71ed4b,cn.comp.7e692cf7da46cf71ed4b.control,PAIR_EVALUATED,,0.28386442,0.02799006,0.25587436,0.00037942,-0.01753184,0.01791126,0.02832101,0.02080034,0.00752067,1503725,1.0,stock_session,unique disclosure episode,"Mul(EventCount($fund_disclosure_holder_pulse,1),Sign($fund_ba_fixed_asset_yoy_at_disclosure))","Add($fund_ba_fixed_asset_yoy_at_disclosure,Mul(0,TimeSince($fund_disclosure_holder_pulse)))",b44350f1229d92fa142bb7064badc296c4f3fb829f8f1b1890ce17dbb4778c15,536565fcff4e14b222fb312675fc1cc1c3abdeec013926b90720fb1a5ca946f4,046dfc76e4fadc163eb8f6a980d408e2ba4b0426c29ed9669f4f5c9f36648bde
stock_session,DISCLOSURE_EVENT,cn.pair.a270cc48f79ee55b0f28ce236ec4dcfb,cn.comp.3afc24a37034760957ce,cn.comp.3afc24a37034760957ce.control,PAIR_EVALUATED,,0.36743514,0.41383775,-0.04640261000000001,-0.0026298,0.0014136,-0.0040434,0.05900413,0.02824185,0.030762280000000003,1417745,1.0,stock_session,unique disclosure episode,"Mul(EventCount($fund_disclosure_balance_pulse,1),Sign($fund_ba_monetaryfunds_persistence_at_disclosure))","Add($fund_ba_monetaryfunds_persistence_at_disclosure,Mul(0,TimeSince($fund_disclosure_balance_pulse)))",508fca5ae458c0e895e2b543ab3973382f3da9f96019c52cc52c2c33884dd0a2,e43407023e512bbb5608a701f658604369c97ea09308a2f6ac44d095d48fdda2,0de6f17b20cedd691a7aef2ac38129fa24be96f51a43d84b3f0f80ec692fc1ef
stock_session,DISCLOSURE_EVENT,cn.pair.a27e9ca52cabbded10f47a4b8bad0d4e,cn.comp.e66ef9e31cac060482f3,cn.comp.e66ef9e31cac060482f3.control,PAIR_EVALUATED,,0.29890918,0.19303793,0.10587125,0.00217002,0.00166514,0.0005048799999999999,0.0296663,0.0215807,0.008085599999999998,1474153,1.0,stock_session,unique disclosure episode,"Mul(EventCount($fund_disclosure_holder_pulse,1),Sign($fund_ba_total_current_assets_yoy_at_disclosure))","Add($fund_ba_total_current_assets_yoy_at_disclosure,Mul(0,TimeSince($fund_disclosure_holder_pulse)))",12f5e731d01a321b887d8a65e340902aab50981f7fab8ded58457131db685ec9,f2c4617ca4660c1738c25e0b6de3d497348bb6253501ae418c6da976f02f81b0,493256d39d5e85f8b3187518dbde889b7ce929147fa9db1e9208ef6bc189b6c6
stock_session,DISCLOSURE_EVENT,cn.pair.a29eea48cb90f6146f9875c4f2debfd2,cn.comp.4c66a599401142506760,cn.comp.4c66a599401142506760.control,PAIR_EVALUATED,,0.47848314,0.44404481,0.03443832999999996,0.00549832,-0.0024622,0.00796052,0.0576512,0.04157965,0.016071549999999997,1528145,1.0,stock_session,unique disclosure episode,"SafeDiv(EventCount($fund_disclosure_holder_pulse,5),Add(EventCount($fund_disclosure_holder_pulse,20),1),1)",TimeSince($fund_disclosure_holder_pulse),50d9e2b3bca0bcee259cd067dc139a81825509f8aece5f9478cab417288da582,d4687a15c13bf3dfcbb64830dd4f66112cf0809c5712c7ac739d0f15e56df995,0b1ebcafccfb309874ba62087810106ed3606442e7377c74f4512b53fecc14ef
stock_session,DISCLOSURE_EVENT,cn.pair.a2d9a4d07eddbd122c7800fc2d80794c,cn.comp.2b86f842af5970463c08,cn.comp.2b86f842af5970463c08.control,PAIR_EVALUATED,,0.37239118,0.05116247,0.32122871,-0.00312681,-0.01512963,0.01200282,0.04028692,0.02484617,0.015440749999999996,1432848,1.0,stock_session,unique disclosure episode,"Mul(EventCount($fund_disclosure_balance_pulse,1),Sign($fund_ba_total_assets_delta_at_disclosure))","Add($fund_ba_total_assets_delta_at_disclosure,Mul(0,TimeSince($fund_disclosure_balance_pulse)))",e468c4ac5e1344c518614a1aae7375938db56f7de7b233f31c476d01de1e7dc5,4c746660754f6fee769daa761bb1a9431bde3f4fcac5f541d72ee4aea58ad5b7,7056e220aabebd5f1bbb8b7a36ae233bfeb140cb2c10d59e94c9a8fc18146483
stock_session,DISCLOSURE_EVENT,cn.pair.a37f7395acd5bded0d0019c44f583b16,cn.comp.0f1766071f804239c09c,cn.comp.0f1766071f804239c09c.control,PAIR_EVALUATED,,0.2805034,0.17261848,0.10788492000000002,0.00185669,0.00134676,0.00050993,0.02958581,0.02313255,0.006453259999999999,1528539,1.0,stock_session,unique disclosure episode,"Mul(EventCount($fund_disclosure_holder_pulse,1),Sign($fund_ba_total_assets_slope_at_disclosure))","Add($fund_ba_total_assets_slope_at_disclosure,Mul(0,TimeSince($fund_disclosure_holder_pulse)))",74fba2b31ab09bae8956f249593a2d825e2d60ff24ed5fcc76f60b4d9239bc8a,641a4c8dc7b83eb563855ef1adc17a060a1a24ba55a9812355785131192a4f8d,43155d9ccac0947ab18999dd41ae6f0adb9c78613bfb636705da56be15e839b2
stock_session,DISCLOSURE_EVENT,cn.pair.a3bef9ebf310643416506a5a80dc924a,cn.comp.07a8eb30a93a71d9b0f7,cn.comp.07a8eb30a93a71d9b0f7.control,PAIR_EVALUATED,,0.28152513,0.32883111,-0.04730597999999997,-0.00010478,0.00751909,-0.00762387,0.02787919,0.02176847,0.00611072,1474153,1.0,stock_session,unique disclosure episode,"Mul(EventCount($fund_disclosure_holder_pulse,1),Sign($fund_ba_total_current_liab_yoy_at_disclosure))","Add($fund_ba_total_current_liab_yoy_at_disclosure,Mul(0,TimeSince($fund_disclosure_holder_pulse)))",93d0c533e2e8fde4aad9c5d83058cdbbc6e5295fcdeefded53f01f4e64912eee,6c83105d8cbf5150c03a8ec952080d5dcab3da09be00717cb2a0b98813e387ea,f1d518bbe73789790522e11a7fef8b61512e200d21e3353e8cd533392b0bde72
stock_session,DISCLOSURE_EVENT,cn.pair.a5b173d9fbf70731488235d0b82d62bf,cn.comp.1774033bec1a6983266d,cn.comp.1774033bec1a6983266d.control,PAIR_EVALUATED,,0.26507576,0.12718558,0.13789018,-0.0018192,-0.01171912,0.00989992,0.02856182,0.02302814,0.005533680000000003,1478770,1.0,stock_session,unique disclosure episode,"Mul(EventCount($fund_disclosure_holder_pulse,1),Sign($fund_ba_accounts_rece_acceleration_at_disclosure))","Add($fund_ba_accounts_rece_acceleration_at_disclosure,Mul(0,TimeSince($fund_disclosure_holder_pulse)))",9ade92e1c991513144ba222832e1cc1d597c4a7ee09a5e8119cd2a54f9406a8e,64a7f1af3026b09e3780277c722a6a7b5001458fb92f5d4ee0d306ea4eceb92c,831aaef8717317f42e087fe93607ab4bc2828edd1262f0637a32724264d5bdb3
stock_session,DISCLOSURE_EVENT,cn.pair.a5fd7b598d186a1439ed83f81562a5bc,cn.comp.1321f43d5ea557674d0d,cn.comp.1321f43d5ea557674d0d.control,PAIR_EVALUATED,,0.28597746,0.09824946,0.187728,0.00122636,-0.00804315,0.00926951,0.02906024,0.02054453,0.008515710000000003,1514110,1.0,stock_session,unique disclosure episode,"Mul(EventCount($fund_disclosure_holder_pulse,1),Sign($fund_ba_total_assets_yoy_at_disclosure))","Add($fund_ba_total_assets_yoy_at_disclosure,Mul(0,TimeSince($fund_disclosure_holder_pulse)))",e6d30191c071424d1f6dffa83b7581b1efb808b5258b3de1a6aeff9ca378fa87,e47b6b0fc2d66fc87349facecb02ab7126a423e6e70b451644c817e73e56dc37,d955c3e67d6c91f1a44052781204fb7a3de841faca7ea67532a75d4b7bbdd29e
stock_session,DISCLOSURE_EVENT,cn.pair.a87a8ca3f457310d07fc5b84dbc19d10,cn.comp.d9a904f08e89901eec49,cn.comp.d9a904f08e89901eec49.control,PAIR_EVALUATED,,0.2932487,0.22283606,0.07041263999999997,0.00222215,-0.0035869,0.00580905,0.02688564,0.02228551,0.004600129999999997,1464430,1.0,stock_session,unique disclosure episode,"Mul(EventCount($fund_disclosure_holder_pulse,1),Sign($fund_ba_inventory_acceleration_at_disclosure))","Add($fund_ba_inventory_acceleration_at_disclosure,Mul(0,TimeSince($fund_disclosure_holder_pulse)))",0bc1caf1885c3fdc921caab0eb606deab50b824fffc10a6601370e376b3867f3,4b37267a8bbf0fafaa28645e3a87b7544bed7d8b25b03ed33c298956ea74ec84,0c2124c0f610d6de33e9f7a6e671fac85eaecae64f59c68e3825b072297238f7
stock_session,DISCLOSURE_EVENT,cn.pair.a8a5903d8061d101611a7b4dbbfb7c93,cn.comp.49d9f2fd0c07595b1bfa,cn.comp.49d9f2fd0c07595b1bfa.control,PAIR_EVALUATED,,0.28203963,0.33100124,-0.04896160999999999,0.00191776,0.00454748,-0.0026297199999999995,0.04779256,0.02143368,0.026358879999999998,1507706,1.0,stock_session,unique disclosure episode,"Mul(EventCount($fund_disclosure_holder_pulse,1),Sign($fund_ba_accounts_payable_persistence_at_disclosure))","Add($fund_ba_accounts_payable_persistence_at_disclosure,Mul(0,TimeSince($fund_disclosure_holder_pulse)))",2f0ba4c187f11981df9f59ad6f0b24e5f3407da699e982e4d7d589e9722f772a,4d1936fe37fc14e0a7de15385ae6d6c34faf507bd760e651cb936e1249628f50,3b98b0ad9608033355c416ac404f51ceaf7e10f291ab4d5214f4d8ef743cd6ba
stock_session,DISCLOSURE_EVENT,cn.pair.aaa65506257854a7f24f03b6aa5cd288,cn.comp.49c611aa8b3c35d24455,cn.comp.49c611aa8b3c35d24455.control,PAIR_EVALUATED,,-0.28302353,0.19086871,-0.47389224,-0.06031291,0.00852746,-0.06884037,0.01258743,0.01218752,0.00039990999999999985,28937,1.0,stock_session,unique disclosure episode,"Mul(EventCount($fund_disclosure_profit_pulse,1),Sign($fund_ba_monetaryfunds_persistence_at_disclosure))","Add($fund_ba_monetaryfunds_persistence_at_disclosure,Mul(0,TimeSince($fund_disclosure_profit_pulse)))",2a2243348c68f0134d95e6d72565216b4cfc9ad61a681bc50ef8c683100c70dd,84c4f67a17615a5d2dcd803f0bdf762f2ac21a8a015c03e68d782a9963599ed4,5a3ea8abb572a88d3016df30fda4554d10753bdfb8711c0190914166bb962d81
stock_session,DISCLOSURE_EVENT,cn.pair.ad54d5719c9d4e61b8ee29c6fe4b8059,cn.comp.106a7e1c032ba4a27ba4,cn.comp.106a7e1c032ba4a27ba4.control,PAIR_EVALUATED,,-0.26288239,0.04852409,-0.31140648000000004,-0.06544976,-0.00285709,-0.06259266999999999,0.01254432,0.012632,-8.768000000000144e-05,27653,1.0,stock_session,unique disclosure episode,"Mul(EventCount($fund_disclosure_cashflow_pulse,1),Sign($fund_ba_inventory_persistence_at_disclosure))","Add($fund_ba_inventory_persistence_at_disclosure,Mul(0,TimeSince($fund_disclosure_cashflow_pulse)))",e6102c0371e2c8a39a4bfb5a5864f0c022ade171822de1b655bac3410fe2c937,6f015c696bb7060d9ed645ac591c68d94e9351746754eaa1eafe543178b1c945,7b93515eaa799a141c9da237b2f01c2170a11ad3e6e01026c48a0c8893f3a8d7
stock_session,DISCLOSURE_EVENT,cn.pair.ae2a1d5dc2c160cc1994771dcaffd381,cn.comp.091d6dd9c316cba949dd,cn.comp.091d6dd9c316cba949dd.control,PAIR_EVALUATED,,0.28093013,0.35497379,-0.07404366000000001,-0.00018557,0.00856459,-0.00875016,0.0278777,0.02261795,0.005259749999999997,1475131,1.0,stock_session,unique disclosure episode,"Mul(EventCount($fund_disclosure_holder_pulse,1),Sign($fund_ba_total_current_liab_source_yoy_at_disclosure))","Add($fund_ba_total_current_liab_source_yoy_at_disclosure,Mul(0,TimeSince($fund_disclosure_holder_pulse)))",bd557bfb4f345cbe8f83efba67968eec625cc7fbae6adb76d04cac21e7ac369d,4dbd5aebedb8e5fcda4d13a1cfc791a282aaf29f96581ef4f5bae345e43bb26b,629d20573e40406de5781c4655aab5ad82f85befa25699098e6433f5612c85d3
stock_session,DISCLOSURE_EVENT,cn.pair.aeea409543edc74ee5447c16f781c9fb,cn.comp.275877d4cb29072874a7,cn.comp.275877d4cb29072874a7.control,PAIR_EVALUATED,,0.41255612,0.28492525,0.12763087,0.00385464,-0.00159452,0.00544916,0.04166339,0.02252343,0.01913996,1375272,1.0,stock_session,unique disclosure episode,"Mul(EventCount($fund_disclosure_balance_pulse,1),Sign($fund_ba_inventory_acceleration_at_disclosure))","Add($fund_ba_inventory_acceleration_at_disclosure,Mul(0,TimeSince($fund_disclosure_balance_pulse)))",1e5229a15dfdd79bd2b005273317c4fe409a9a88d7592af392fa12baf98b03d4,31796453492a675188b8f6eebe4f58fec8ba22e4705af47040deb5c4e916bad9,090eab09c412e0df169ff8101dfe24a49eb4a64dcb44fc425c2037194c82fd53
stock_session,DISCLOSURE_EVENT,cn.pair.aefdc68081c86f7158506dc73182e8a0,cn.comp.03b3ed51f70b5cc0c519,cn.comp.03b3ed51f70b5cc0c519.control,PAIR_EVALUATED,,-0.26640773,0.21532463,-0.48173235999999997,-0.06833666,0.01426017,-0.08259683,0.01255651,0.01232283,0.00023368,29286,1.0,stock_session,unique disclosure episode,"Mul(EventCount($fund_disclosure_cashflow_pulse,1),Sign($fund_ba_total_current_liab_persistence_at_disclosure))","Add($fund_ba_total_current_liab_persistence_at_disclosure,Mul(0,TimeSince($fund_disclosure_cashflow_pulse)))",57bad1e39e140765807665a40e9fd2cbe479abfda84d8a476117782843ea8f1a,fee47977f78b5afacd2ba9b2dfdbdb5d6b55d2e24f93ac13b9a878968d42dbdc,5e02659b374e75d25c3d54944b5c87703fb6a315d0a51a1a79ce9dcaab7e7e34
stock_session,DISCLOSURE_EVENT,cn.pair.b150f268b2eb65d45a62ddc513500e06,cn.comp.7b4a3606e5af23aa797f,cn.comp.7b4a3606e5af23aa797f.control,PAIR_EVALUATED,,0.27158793,0.14951312,0.12207480999999998,0.00045819,-0.00828517,0.00874336,0.02678758,0.02356705,0.0032205299999999992,1526104,1.0,stock_session,unique disclosure episode,"Mul(EventCount($fund_disclosure_holder_pulse,1),Sign($fund_ba_total_liabilities_acceleration_at_disclosure))","Add($fund_ba_total_liabilities_acceleration_at_disclosure,Mul(0,TimeSince($fund_disclosure_holder_pulse)))",81c41bb408f87d3c0cc42dca7b76782359baf0d85820c270307e06c05cd18ca7,0901062779d5362a0e1f0722c6323ca611bb401b0175d32ee969233a866a0293,a3bf64061fae2d688dd0ec057f5f9f391090d5e3a1342a9daf9a140ba37b5aa2
stock_session,DISCLOSURE_EVENT,cn.pair.b27a1741192638e898640e2283ee09b0,cn.comp.24629f6567b0da38f90f,cn.comp.24629f6567b0da38f90f.control,PAIR_EVALUATED,,-0.02082869,0.05889037,-0.07971906,-0.01328627,0.00261825,-0.01590452,0.01144515,0.01389391,-0.002448760000000001,21590,1.0,stock_session,unique disclosure episode,"Mul(EventCount($fund_disclosure_profit_pulse,1),Sign($fund_ba_total_liabilities_yoy_at_disclosure))","Add($fund_ba_total_liabilities_yoy_at_disclosure,Mul(0,TimeSince($fund_disclosure_profit_pulse)))",3e6a8fc76304bbf80d5a62464054448d3793159f703152739b4034c54e9bdf20,485a0781506e3befa195c6d93181ced11174090090df603f5fccc0eaac8d6f04,6210d2aea74527f3b79999b63a0e26e1a1e70b82df44524179d57bd6d934ba78
stock_session,DISCLOSURE_EVENT,cn.pair.b321b77d5c54ae61ec94902394715a01,cn.comp.1eb6e52de816afe9a200,cn.comp.1eb6e52de816afe9a200.control,PAIR_EVALUATED,,0.36971098,0.3794354,-0.009724419999999956,-0.00265508,-0.00271066,5.557999999999995e-05,0.05898213,0.01987654,0.039105589999999996,1432848,1.0,stock_session,unique disclosure episode,"Mul(EventCount($fund_disclosure_balance_pulse,1),Sign($fund_leverage_liabilities_assets_at_disclosure))","Add($fund_leverage_liabilities_assets_at_disclosure,Mul(0,TimeSince($fund_disclosure_balance_pulse)))",946a8dfd12d5decd4e72072acdca8b9273dbfa9a5e16dec73def554de81017ba,2055dfdf90d1ef3aa943ea7381aa1583792c447b9e28ddda886f92a9643495b5,a3a0e2b7df9338fa556c4341b3f76f38ac293418dc390bf97513ee9649ab4e39
stock_session,DISCLOSURE_EVENT,cn.pair.b606a2b5540445645c90fcc5da508dde,cn.comp.24b98d555849a62f99ac,cn.comp.24b98d555849a62f99ac.control,PAIR_EVALUATED,,0.41070168,0.22172643,0.18897525,0.00247947,-0.004895,0.00737447,0.04124982,0.0214944,0.01975542,1387386,1.0,stock_session,unique disclosure episode,"Mul(EventCount($fund_disclosure_balance_pulse,1),Sign($fund_ba_total_current_liab_yoy_at_disclosure))","Add($fund_ba_total_current_liab_yoy_at_disclosure,Mul(0,TimeSince($fund_disclosure_balance_pulse)))",dca512ca6b78d07a7858260b1cf0a455871c97fc13adb0c40dcf8ec70525eb9a,f86ef797d841705708d694f28a1480a525d6b2da909b9bc7d76962b386e77999,73a2ab62d4711726a224bde796d0da5743cc16cb0dc69cbf6e2ca77424b7a038
stock_session,DISCLOSURE_EVENT,cn.pair.b913fc1eea2a7b2456ac477270a8e66c,cn.comp.259111f1995a3bf9c1f3,cn.comp.259111f1995a3bf9c1f3.control,PAIR_EVALUATED,,0.34266546,0.19616412,0.14650133999999998,0.04143683,0.0162068,0.02523003,0.01272656,0.02146755,-0.008740989999999999,29070,1.0,stock_session,unique disclosure episode,"Mul(EventCount($fund_disclosure_profit_pulse,1),Sign($fund_holder_count_log_change_at_disclosure))","Add($fund_holder_count_log_change_at_disclosure,Mul(0,TimeSince($fund_disclosure_profit_pulse)))",3173e0cf665830a22fa956c0c2b8de344eae5bff1c0df0b99cf592e9ba1c1ecf,00630b18e6bc3820703150ff1606c41927bb219581a8e5c43e0a6cbe7b41e13c,4bf93e46aa82f95a733acfe4ec7b3b7e4d6b01b9482588662b6e1e02d3b72f3e
stock_session,DISCLOSURE_EVENT,cn.pair.b9bef1e88e6b8a5715d2f625ed9da4de,cn.comp.0340193966f4f5c1b2ae,cn.comp.0340193966f4f5c1b2ae.control,PAIR_EVALUATED,,0.27740579,0.22691115,0.05049463999999998,0.00151574,-0.00252967,0.00404541,0.04777199,0.01935055,0.02842144,1498090,1.0,stock_session,unique disclosure episode,"Mul(EventCount($fund_disclosure_holder_pulse,1),Sign($fund_liquidity_cash_current_liab_at_disclosure))","Add($fund_liquidity_cash_current_liab_at_disclosure,Mul(0,TimeSince($fund_disclosure_holder_pulse)))",a288b2cc5b225bf208a1b7d18cb468dc169e3b632176bfe561870615919c4804,d33a88af3022a60374bb5c610730e25bb431bd3a639a46d67b221c483ba551b7,e8cdf9e174bc54c464dde823db6362622dbb7ec82151c81ef04dd6be4408e379
stock_session,DISCLOSURE_EVENT,cn.pair.bbc240eb713af2383912ce96b5517caa,cn.comp.2ad8ed7b4c67f7954b2b,cn.comp.2ad8ed7b4c67f7954b2b.control,PAIR_EVALUATION_BLOCKED,primary_signal_empty_or_constant,0.33807884,0.29537674,,,-0.0241982,,0.01174949,0.01545537,-0.00370588,15452,1.0,stock_session,unique disclosure episode,"Mul(EventCount($fund_disclosure_cashflow_pulse,1),Sign($fund_ba_fixed_asset_yoy_at_disclosure))","Add($fund_ba_fixed_asset_yoy_at_disclosure,Mul(0,TimeSince($fund_disclosure_cashflow_pulse)))",b80d74089b1961bb74a48026fef54796acd18c1010ab256df1df9d2816e2f53f,88197fac09c5257f872203c3e8d7be44d1f44b6ac0fec5eae8ef8cde901cd6a2,07a0de3c3a9d8bae90e31c531d7a5b40346de7c58424a278756e53bb29eaae36
stock_session,DISCLOSURE_EVENT,cn.pair.bcd2eda559e301e0fec90975ec3e0179,cn.comp.47db2257439eb8ad5f9b,cn.comp.47db2257439eb8ad5f9b.control,PAIR_EVALUATED,,0.3703537,0.26191647,0.10843723,-0.00363253,-0.01048251,0.00684998,0.03734974,0.02326067,0.014089069999999999,1384282,1.0,stock_session,unique disclosure episode,"Mul(EventCount($fund_disclosure_balance_pulse,1),Sign($fund_ba_accounts_rece_source_yoy_at_disclosure))","Add($fund_ba_accounts_rece_source_yoy_at_disclosure,Mul(0,TimeSince($fund_disclosure_balance_pulse)))",2c4166dbe6410fc2c548a331739a8d1be89ca6d36a277fafcfdc7ef2bf8d4bcf,4fbb83a95118036b1423d96cf252775d9d8bcabdc1f349c8fc2284977ec3c479,cd9b515f8b444a6725ce965d82a4e776e6c31867dee33e88215a884d69097705
stock_session,DISCLOSURE_EVENT,cn.pair.bd13a07aea735e81241c876a2ee1a3bc,cn.comp.b193337c55663076e68c,cn.comp.b193337c55663076e68c.control,PAIR_EVALUATED,,0.37122101,0.3692811,0.0019399100000000447,-0.00280039,-0.0030655,0.00026511000000000026,0.03587108,0.03706324,-0.0011921599999999977,1310037,1.0,stock_session,unique disclosure episode,"Mul(EventCount($fund_disclosure_balance_pulse,1),Sign($fund_holder_count_log_change_at_disclosure))","Add($fund_holder_count_log_change_at_disclosure,Mul(0,TimeSince($fund_disclosure_balance_pulse)))",24dc4e1ace0384ecf1de5634cab7c765af41e22b84381e98a86fd559b0aad750,4946fe96b3206f6f7b791674c7149089e3410f314cfd51258a153b0a30347081,5553287fd8b3bba89debe6291e79cd0e2576a4766132b623b1cc07448b91ecac
stock_session,DISCLOSURE_EVENT,cn.pair.bd19e8f8c140e4776201631161815c94,cn.comp.5e1a9605d8cf7f14c468,cn.comp.5e1a9605d8cf7f14c468.control,PAIR_EVALUATED,,0.37143714,0.15755938,0.21387776,-0.00220154,-0.01070068,0.00849914,0.03694044,0.02459343,0.012347009999999999,1399421,1.0,stock_session,unique disclosure episode,"Mul(EventCount($fund_disclosure_balance_pulse,1),Sign($fund_ba_accounts_rece_delta_at_disclosure))","Add($fund_ba_accounts_rece_delta_at_disclosure,Mul(0,TimeSince($fund_disclosure_balance_pulse)))",9b3738c60a7eab1641bf010eee81335faf92ae67627112bfed4b4caade104feb,2738f9eb8c2d56631dd6e514a93cf8f3fd3ec04c07cce528e4ff09f5aff5d00b,4f07aeb7161ec3c059fdf15f5c8ae70bd4ca3fac0ac3e74c0c5c282af05f9647
stock_session,DISCLOSURE_EVENT,cn.pair.bdd84b22e8d84ae2eaf6a7371bc97d54,cn.comp.37444b556b532d2b47ae,cn.comp.37444b556b532d2b47ae.control,PAIR_EVALUATED,,-0.2615432,0.19894781,-0.46049101,-0.0649215,0.00559674,-0.07051824,0.01271496,0.02055893,-0.007843969999999999,29646,1.0,stock_session,unique disclosure episode,"Mul(EventCount($fund_disclosure_profit_pulse,1),Sign($fund_ba_total_equity_slope_at_disclosure))","Add($fund_ba_total_equity_slope_at_disclosure,Mul(0,TimeSince($fund_disclosure_profit_pulse)))",b66b80b1c2357ef8e2be9c3e18e81fd418b40e3d88828601866e4bf5b1576abb,83f9a1aadf73cb3d5fec952556a7ce4ac8e4808cd250e5a5c30cf38c2d78633f,f0c8f7ca85b93553e0e67b8e1e10a8507001ab1ef4ae193467f1e8f1020bbce8
stock_session,DISCLOSURE_EVENT,cn.pair.c02ef7800b0ae589701b4ff599a994d3,cn.comp.644e32d565bc171f74af,cn.comp.644e32d565bc171f74af.control,PAIR_EVALUATED,,0.27555921,0.27498126,0.0005779499999999937,0.00033837,0.0003028,3.5570000000000013e-05,0.02768321,0.02768339,-1.7999999999893102e-07,1526752,1.0,stock_session,unique disclosure episode,"Mul(EventCount($fund_disclosure_holder_pulse,1),Sign($fund_holder_top10_share_ratio_change_at_disclosure))","Add($fund_holder_top10_share_ratio_change_at_disclosure,Mul(0,TimeSince($fund_disclosure_holder_pulse)))",0ebc8a8c22b408d431ab958c2cfa35717210872b86e5ac46ff93f24bd11791d4,6f4d87d2e51937cd5c0944a2979bacd01603151e27b98f0f14308459e5f245c0,fc046fa621e394f5a1dffbb0c17314ec9ddb0fb06da447b810877fae3c9262e3
stock_session,DISCLOSURE_EVENT,cn.pair.c04a25e66e77fd5c9ebc763c8cddcb2c,cn.comp.43d68291e0be33361814,cn.comp.43d68291e0be33361814.control,PAIR_EVALUATED,,0.01668194,0.22817567,-0.21149373,-0.01293655,0.00818263,-0.02111918,0.01328131,0.01538603,-0.002104720000000001,29558,1.0,stock_session,unique disclosure episode,"Mul(EventCount($fund_disclosure_profit_pulse,1),Sign($fund_ba_inventory_slope_at_disclosure))","Add($fund_ba_inventory_slope_at_disclosure,Mul(0,TimeSince($fund_disclosure_profit_pulse)))",be0312a95fcdc456cd08a49a463ddb61d1fa3649b73605768202754af549ef35,ae8210edae91d2aed4f7a2bb26c4cf10111ad1d3d89b42b0199d070963f32c13,fc774332935697df279281bccc404d60e4d48059fef486c892975f7133bfa08d
stock_session,DISCLOSURE_EVENT,cn.pair.c05ce203512ebfc1b42d9949b9588c33,cn.comp.8a6b060c3cf489322b60,cn.comp.8a6b060c3cf489322b60.control,PAIR_EVALUATED,,-0.12812021,0.02835658,-0.15647679,-0.03322589,-0.00747245,-0.025753440000000002,0.01000314,0.01390126,-0.0038981199999999997,31207,1.0,stock_session,unique disclosure episode,"Mul(EventCount($fund_disclosure_cashflow_pulse,1),Sign($fund_holder_top10_share_ratio_change_at_disclosure))","Add($fund_holder_top10_share_ratio_change_at_disclosure,Mul(0,TimeSince($fund_disclosure_cashflow_pulse)))",e253a30a18b5f6e508d3ef49fa4a6e42ab97879301de2791c89c4a710dcaaf6f,a64e045521b2849ad1b1c9a1bfdb9d7b6d522a66021c23b49f3d5fd1d903d936,739f4ba6c7a8fa5316e8eba4d2046d81c2cd386a79eaf2238ec36c2a56f66c03
stock_session,DISCLOSURE_EVENT,cn.pair.c0c3c43f49f46865d6e22cea7ad1e3bd,cn.comp.0387ca798afccec0fd69,cn.comp.0387ca798afccec0fd69.control,PAIR_EVALUATED,,0.37004164,0.32066669,0.04937495000000003,-0.00264207,-0.00691647,0.0042744,0.05897962,0.02391101,0.03506861,1432436,1.0,stock_session,unique disclosure episode,"Mul(EventCount($fund_disclosure_balance_pulse,1),Sign($fund_ba_total_liabilities_persistence_at_disclosure))","Add($fund_ba_total_liabilities_persistence_at_disclosure,Mul(0,TimeSince($fund_disclosure_balance_pulse)))",1c45ff8579c78add9d31068f86027ae3c7b1a994559d0da69302848c53235cf4,ca0760acddb4d70eeedb3470f029d1fc0086efe70c6aa8882d010c13fa65db1c,8ff02cbaee89cb2d535d4f564a8f78c7d1415e4af2502cf78e0d0bc6719e3319
stock_session,DISCLOSURE_EVENT,cn.pair.c405682e55cb9e45c700e9c72d6abd49,cn.comp.392e972e9a0ceb019e67,cn.comp.392e972e9a0ceb019e67.control,PAIR_EVALUATED,,0.39430838,0.26895106,0.12535732,0.00079327,2.595e-05,0.00076732,0.03667093,0.02338948,0.013281449999999997,1431150,1.0,stock_session,unique disclosure episode,"Mul(EventCount($fund_disclosure_balance_pulse,1),Sign($fund_ba_total_liabilities_acceleration_at_disclosure))","Add($fund_ba_total_liabilities_acceleration_at_disclosure,Mul(0,TimeSince($fund_disclosure_balance_pulse)))",9b640c884230c614dd23eee28c44df1b3d078b1fae787718691d0d59c6977915,d873f18d0ae286f256c4127cece310d4f1f10f6b42fb0cc706a882513b2a073a,b21720993337a17606d74aa07498b434bdae350c35d00b9772e993c1b526d764
stock_session,DISCLOSURE_EVENT,cn.pair.c468ec0276ad5c4d43f4185f41ba411f,cn.comp.e4ae00f60e38b9113d65,cn.comp.e4ae00f60e38b9113d65.control,PAIR_EVALUATED,,0.26962697,0.13117637,0.13845060000000003,6.081e-05,-0.0107671,0.01082791,0.02588122,0.02301807,0.0028631499999999983,1525267,1.0,stock_session,unique disclosure episode,"Mul(EventCount($fund_disclosure_holder_pulse,1),Sign($fund_ba_fixed_asset_slope_at_disclosure))","Add($fund_ba_fixed_asset_slope_at_disclosure,Mul(0,TimeSince($fund_disclosure_holder_pulse)))",816939de57b70b6634d7c6313175fc8f78f478b76ecc01b49fb93285ac7608c0,fd2e2c2f52be25676ef5f605b9671edddfd1644bf55ff8dc360529947689e4fa,33073877b5efe40e8a65c1c762b59f285f3de818e132a843e959c171edbb8841
stock_session,DISCLOSURE_EVENT,cn.pair.c771c4a46a087e5ca42cfe0c5761db00,cn.comp.527e7c6296df9b69eba1,cn.comp.527e7c6296df9b69eba1.control,PAIR_EVALUATED,,0.28053302,0.21454326,0.06598976000000001,0.00156913,0.00498896,-0.0034198299999999996,0.03303822,0.02563259,0.00740563,1525267,1.0,stock_session,unique disclosure episode,"Mul(EventCount($fund_disclosure_holder_pulse,1),Sign($fund_ba_total_equity_delta_at_disclosure))","Add($fund_ba_total_equity_delta_at_disclosure,Mul(0,TimeSince($fund_disclosure_holder_pulse)))",9151bc680d9046b6ca78b46d5ef6648e18caf43f9a51955b5606459a47488bdb,3f315959af3314ed874fc6c36e12f2b76482d4b001e496de7d2f20c670dcdbbf,54b5d84d13c281cfbdd6d88af1d5d78f775eb055611844b34032901bae418ee5
stock_session,DISCLOSURE_EVENT,cn.pair.c7a0debde929b5e653dbfd9c88dda615,cn.comp.34690d9a0d0c5fa0de2e,cn.comp.34690d9a0d0c5fa0de2e.control,PAIR_EVALUATION_BLOCKED,primary_signal_empty_or_constant,0.34296798,0.49842658,,,-0.01595651,,0.01188104,0.0165231,-0.004642059999999998,15246,1.0,stock_session,unique disclosure episode,"Mul(EventCount($fund_disclosure_profit_pulse,1),Sign($fund_ba_accounts_rece_yoy_at_disclosure))","Add($fund_ba_accounts_rece_yoy_at_disclosure,Mul(0,TimeSince($fund_disclosure_profit_pulse)))",1d82a13ce9f6581f6f134454f0ad06df7794842f1bce23d2a41d3e95cb1ec797,b43179c5d5f8da39d10c3f4478e92fc5c2bdb8f396ddbb374845232dfdc1aea7,ff2f9fdc99cfcf6c73a509eba849b23dab5f5d8f4b6a43e0750c671f2b998971
stock_session,DISCLOSURE_EVENT,cn.pair.c86552bf528f1e00855e38fc36fea7ed,cn.comp.220b00ba22cd6c317b76,cn.comp.220b00ba22cd6c317b76.control,PAIR_EVALUATED,,0.29069422,0.00064077,0.29005345,0.00071547,-0.01690206,0.01761753,0.03278406,0.02242723,0.010356829999999997,1504703,1.0,stock_session,unique disclosure episode,"Mul(EventCount($fund_disclosure_holder_pulse,1),Sign($fund_ba_total_equity_source_yoy_at_disclosure))","Add($fund_ba_total_equity_source_yoy_at_disclosure,Mul(0,TimeSince($fund_disclosure_holder_pulse)))",cd78f453b26aa371608548b4dd6f1d45a54dbdb7216119999adb26566519b0e1,34641df7a42c288ebb69e564b5f60fc184662eb40e63a3990a569f839426efa5,8b8611bc99f2640a1209a4ce4bb6d6043e8b79d3cea386d0ab4de3238c383ed2
stock_session,DISCLOSURE_EVENT,cn.pair.cabffae20058904c30f539cea06280c0,cn.comp.9bf81e85fa59968d9224,cn.comp.9bf81e85fa59968d9224.control,PAIR_EVALUATED,,0.36477044,0.38585491,-0.021084470000000022,-0.00420426,-0.00118088,-0.0030233799999999996,0.03366914,0.03691139,-0.003242250000000002,1427606,1.0,stock_session,unique disclosure episode,"Mul(EventCount($fund_disclosure_balance_pulse,1),Sign($fund_holder_top10_shares_log_change_at_disclosure))","Add($fund_holder_top10_shares_log_change_at_disclosure,Mul(0,TimeSince($fund_disclosure_balance_pulse)))",9dcd39446a01edb485b1eaa99d63a6ac436ed78dd8e9fdfe6d9c6810b2f3e1ad,7533514a23287701140c4254d5fd1f2a699f30cb720e0356734ed89451d72556,dab30f80ced66bad169b9871bea7a32c3c179c4a197fe74556fb6475e9907195
stock_session,DISCLOSURE_EVENT,cn.pair.caca7995d2fc691935badaefbbfbf8ae,cn.comp.8415e23a8842591ec66f,cn.comp.8415e23a8842591ec66f.control,PAIR_EVALUATED,,0.28111535,0.30848416,-0.02736881000000002,0.00214246,0.00355862,-0.00141616,0.04785123,0.02351168,0.02433955,1471651,1.0,stock_session,unique disclosure episode,"Mul(EventCount($fund_disclosure_holder_pulse,1),Sign($fund_ba_inventory_persistence_at_disclosure))","Add($fund_ba_inventory_persistence_at_disclosure,Mul(0,TimeSince($fund_disclosure_holder_pulse)))",ac225e9f10475127487effdd6b97539b57225ae70d64c3a445d70e81ce7b5d1e,851b6b3fb9919a6091cf23075a2750ae79d7b4e53c80d5324593342c1e4568fd,6e6187431e184116fde785c2e35f5081f8fafab7e5ce34b691b56bc3ea8f7185
stock_session,DISCLOSURE_EVENT,cn.pair.cc1bb5653462c4af77be0bb91e3a5ad2,cn.comp.0f300e4bee383ccc3d81,cn.comp.0f300e4bee383ccc3d81.control,PAIR_EVALUATED,,0.42509433,0.39573839,0.029355940000000025,0.0039759,0.0002245,0.0037514000000000002,0.04085175,0.02202017,0.01883158,1423111,1.0,stock_session,unique disclosure episode,"Mul(EventCount($fund_disclosure_balance_pulse,1),Sign($fund_ba_total_liabilities_source_yoy_at_disclosure))","Add($fund_ba_total_liabilities_source_yoy_at_disclosure,Mul(0,TimeSince($fund_disclosure_balance_pulse)))",30795ce8e9c50cf8e1baba65c4522b419d0dfc8bd9d3ffbfd2f450662c1cf187,5239d4ffae8dcd66582623f04fae715cfd91ff960e807c58935fe5db8df526cb,db33fcbb5bb28351a8723f6e0be81334ec6255cfa49d5287fa95a2704827cdf1
stock_session,DISCLOSURE_EVENT,cn.pair.ccddcbeca42d58600ee0caead25f08d6,cn.comp.d562fa60fafb157a01b3,cn.comp.d562fa60fafb157a01b3.control,PAIR_EVALUATED,,0.35227795,0.2841378,0.06814015000000001,-0.00486449,-0.00121833,-0.00364616,0.03003094,0.02294969,0.007081250000000001,1406390,1.0,stock_session,unique disclosure episode,"Mul(EventCount($fund_disclosure_balance_pulse,1),Sign($fund_ba_accounts_payable_acceleration_at_disclosure))","Add($fund_ba_accounts_payable_acceleration_at_disclosure,Mul(0,TimeSince($fund_disclosure_balance_pulse)))",2717fd9c423e2a65da1af5733d3f31d6c9c74c1099415f8d5223ec130dbed377,4c6573a12de52234ab7b68aea074a4d54bcd4c3d2cddd68ca5c1294267b52630,97d28b8cf980d9b487074b5cfd26979c9207a0978d45b9ceb6cfdb2de550bb12
stock_session,DISCLOSURE_EVENT,cn.pair.ce4a366774831881fa4de0a4728a3fb5,cn.comp.5fddd03139585e6f1b72,cn.comp.5fddd03139585e6f1b72.control,PAIR_EVALUATED,,0.38604,0.16837012,0.21766987999999998,0.00012039,-0.00837955,0.00849994,0.03462195,0.02201547,0.01260648,1408693,1.0,stock_session,unique disclosure episode,"Mul(EventCount($fund_disclosure_balance_pulse,1),Sign($fund_ba_monetaryfunds_acceleration_at_disclosure))","Add($fund_ba_monetaryfunds_acceleration_at_disclosure,Mul(0,TimeSince($fund_disclosure_balance_pulse)))",ff3ec666d08aba0db18c10efbd1cdafb542444a3a00b2fc2299ec5614e95d6f8,14fc118057ab981db31c6a44bb921a9b8efc80428c9f4be7e151dbaebda170b4,28bb07dc772116b6188c745e820676003239c999f2cd4bcc243d9aa7146a0794
stock_session,DISCLOSURE_EVENT,cn.pair.cecb38787e97739b1f8365dfdcc636e9,cn.comp.240f4e16e78b394de5f0,cn.comp.240f4e16e78b394de5f0.control,PAIR_EVALUATED,,0.26921855,0.28890398,-0.019685430000000004,0.00064713,0.00415567,-0.00350854,0.03048256,0.02549624,0.004986319999999999,1511828,1.0,stock_session,unique disclosure episode,"Mul(EventCount($fund_disclosure_holder_pulse,1),Sign($fund_ba_monetaryfunds_delta_at_disclosure))","Add($fund_ba_monetaryfunds_delta_at_disclosure,Mul(0,TimeSince($fund_disclosure_holder_pulse)))",b855c32a0de3ecb2cff5799b54575cf9354b3ec449121b8618f3b30b702ef226,607bb9231c9470aa353fb2baa46f4ffc1dc3567e3b5426be7fcb7fdf32a6c553,f09aa6f0bffd7a09beb0fb2127c04d4f9200abffbe5ca958a3a9fdf286a0224b
stock_session,DISCLOSURE_EVENT,cn.pair.d10ed22ee64f1479de536dcc73b49551,cn.comp.4878e01cc1cdb367b1b9,cn.comp.4878e01cc1cdb367b1b9.control,PAIR_EVALUATED,,0.99551888,0.64446473,0.35105414999999995,0.06150521,0.01458301,0.0469222,0.01209601,0.01791347,-0.00581746,15587,1.0,stock_session,unique disclosure episode,"Mul(EventCount($fund_disclosure_profit_pulse,1),Sign($fund_ba_total_current_liab_yoy_at_disclosure))","Add($fund_ba_total_current_liab_yoy_at_disclosure,Mul(0,TimeSince($fund_disclosure_profit_pulse)))",31a48dab31101a8ffc862863dc03413f005c5455a5e7a6866ec80bdae3431f34,311b8bf7175d3959402e4e5893a77cb8b1617bcd366ee1bc41a9a084ae2f1ad9,a80e5e9bbe99a25f041ec0a57304b72bfd7cf5da79072a2da5faa6f6e38e2dab
stock_session,DISCLOSURE_EVENT,cn.pair.d209cf8c154a1749c832cd3d241476b9,cn.comp.57eb8c97eff3b073b0b3,cn.comp.57eb8c97eff3b073b0b3.control,PAIR_EVALUATED,,0.27514919,0.16168009,0.11346909999999999,0.00157,-0.00511673,0.00668673,0.02821305,0.02420241,0.004010639999999999,1491593,1.0,stock_session,unique disclosure episode,"Mul(EventCount($fund_disclosure_holder_pulse,1),Sign($fund_ba_accounts_rece_slope_at_disclosure))","Add($fund_ba_accounts_rece_slope_at_disclosure,Mul(0,TimeSince($fund_disclosure_holder_pulse)))",110d78a8d34d3e5ecbdf0aa6fede7b8ff6abce5527b1da7a362aed62fd9cd11b,7193e706427441f69f3cc54e55b90221deeddac688f3e17991a2421e525a78e3,0ad776a43eeae9a50a2601109ac4222791311896156f6c38b8fe87d2e3e59e5f
stock_session,DISCLOSURE_EVENT,cn.pair.d6b6a0be725236c7487044240c8dad67,cn.comp.362a5d2018531a2c5599,cn.comp.362a5d2018531a2c5599.control,PAIR_EVALUATED,,0.36128761,0.17416118,0.18712642999999998,-0.0052452,-0.00660128,0.00135608,0.03949271,0.02495661,0.0145361,1402784,1.0,stock_session,unique disclosure episode,"Mul(EventCount($fund_disclosure_balance_pulse,1),Sign($fund_ba_total_current_assets_slope_at_disclosure))","Add($fund_ba_total_current_assets_slope_at_disclosure,Mul(0,TimeSince($fund_disclosure_balance_pulse)))",71b7946af2087a7b28a25a956479583648e7c5a2d9eb3948b4b8af1f4de5af2f,cb77c0d7e8b0f6ac90f02310edac2326f619d486dab9fd164b2f9cf8213f36ee,8c7b98e355d3fc7e028fb9e639bc6b8fab78ee5944fae83a4ca9e69d6886ddac
stock_session,DISCLOSURE_EVENT,cn.pair.d769943b8c6f61520eba4077aef8dbce,cn.comp.55d37ce071bde5f617a6,cn.comp.55d37ce071bde5f617a6.control,PAIR_EVALUATED,,0.28060903,0.2022168,0.07839222999999998,0.000126,-0.00445905,0.00458505,0.02947532,0.02100927,0.00846605,1469534,1.0,stock_session,unique disclosure episode,"Mul(EventCount($fund_disclosure_holder_pulse,1),Sign($fund_ba_accounts_rece_yoy_at_disclosure))","Add($fund_ba_accounts_rece_yoy_at_disclosure,Mul(0,TimeSince($fund_disclosure_holder_pulse)))",08755dbab237728a2a7d90605a65153fa103bbed2dd6a26bba05a4a514950bcc,c24336a4e78aad3b0a6e60074609c40c4b015a7c85557286b5b206ffcb4a042a,62284e8491fba28db232f75093a53e9f2acb48c22c43b2f44b6fd9e83f871aee
stock_session,DISCLOSURE_EVENT,cn.pair.d882ee8e551e6bb2a639a3ca4fb616e4,cn.comp.32e65424bb47daa7f29c,cn.comp.32e65424bb47daa7f29c.control,PAIR_EVALUATED,,0.28764217,0.21452689,0.07311527999999998,0.00165777,-0.00457869,0.00623646,0.02667223,0.02300282,0.0036694100000000014,1483909,1.0,stock_session,unique disclosure episode,"Mul(EventCount($fund_disclosure_holder_pulse,1),Sign($fund_ba_total_current_liab_acceleration_at_disclosure))","Add($fund_ba_total_current_liab_acceleration_at_disclosure,Mul(0,TimeSince($fund_disclosure_holder_pulse)))",d4bcec04b3be64df45e3762a2719052a33921dad5a835f6ce81b0b3b1fbc92df,cf7b6316027c8b76bdc5d371658b3202682f1163bf2218b7e645f261af7ee9f8,63d1574af554cdd95a3c9d03083f18e358eb0dcde9ac3419885080cc2037f209
stock_session,DISCLOSURE_EVENT,cn.pair.d9e232c43efb4db1a3f1995e9d8b0ada,cn.comp.018e1e50cf3c84a13f81,cn.comp.018e1e50cf3c84a13f81.control,PAIR_EVALUATED,,0.24448177,0.24655443,-0.002072660000000004,0.02938943,0.01792807,0.01146136,0.01035058,0.01650974,-0.006159159999999999,29493,1.0,stock_session,unique disclosure episode,"Mul(EventCount($fund_disclosure_profit_pulse,1),Sign($fund_ba_total_liabilities_acceleration_at_disclosure))","Add($fund_ba_total_liabilities_acceleration_at_disclosure,Mul(0,TimeSince($fund_disclosure_profit_pulse)))",fd154b259f44f28e2b8390acdd57087cb5420ea8560dce9ecb5c4294794c4e8d,e20d7ae770824b1817ed58254c14cf06807e97ba8b665b2e258eccf10522fd38,cd7aa51ad57e0005a76499b6c8be4ba4905dff6a465b72affcb646e9888bf046
stock_session,DISCLOSURE_EVENT,cn.pair.db5a3bc44f5e8a4b87954dc2cec24e45,cn.comp.ca0d45331e36c95df5aa,cn.comp.ca0d45331e36c95df5aa.control,PAIR_EVALUATED,,0.37065329,0.40956075,-0.03890745999999995,-0.00247692,0.00187841,-0.00435533,0.03905434,0.03664389,0.0024104500000000015,1432469,1.0,stock_session,unique disclosure episode,"SafeDiv(EventCount($fund_disclosure_balance_pulse,5),Add(EventCount($fund_disclosure_balance_pulse,20),1),1)",TimeSince($fund_disclosure_balance_pulse),ad4da87a60b3c7036bcd40797c57f991a58b4ee5f46c8332d31ffb619644a076,a0763725b1f5b6ab6960bb653d7078d2b5cfe732767ec01cecd80764722e6972,e09bafa4dd41620cf37ac0d9386261fb7da1257eda5eb2aca0bd1df6325fdcd7
stock_session,DISCLOSURE_EVENT,cn.pair.dd9d4c9f7a25aa1cc673e259b4929231,cn.comp.573301d9c2e6a1aff5c5,cn.comp.573301d9c2e6a1aff5c5.control,PAIR_EVALUATED,,0.27737405,0.10651283,0.17086121999999998,0.00010937,-0.01074669,0.010856059999999999,0.02855797,0.02229906,0.0062589099999999995,1483909,1.0,stock_session,unique disclosure episode,"Mul(EventCount($fund_disclosure_holder_pulse,1),Sign($fund_ba_total_current_assets_acceleration_at_disclosure))","Add($fund_ba_total_current_assets_acceleration_at_disclosure,Mul(0,TimeSince($fund_disclosure_holder_pulse)))",bbca76cda8dda602cd372de3d3193c98457fdc8423e335ea13c715b4c6a2a864,8c284eb9c3c463ca042a8b194035f44d7ff147edc93077e2765823bc4d879569,264b84ba30dab0b45980a59d1b99ea71fd9671ec523b30515f8a71c518805563
stock_session,DISCLOSURE_EVENT,cn.pair.ddac5b23b78876b3633280dcb1a78f30,cn.comp.3635e43eb37dcfa37bdd,cn.comp.3635e43eb37dcfa37bdd.control,PAIR_EVALUATED,,0.28278559,0.2658433,0.01694228999999997,0.00211365,-7.412e-05,0.00218777,0.04777063,0.0223698,0.025400830000000003,1488457,1.0,stock_session,unique disclosure episode,"Mul(EventCount($fund_disclosure_holder_pulse,1),Sign($fund_ba_accounts_rece_persistence_at_disclosure))","Add($fund_ba_accounts_rece_persistence_at_disclosure,Mul(0,TimeSince($fund_disclosure_holder_pulse)))",2cd3f20546b95195905294bf50ca0db1d6b8043fc053df369dfb005a9f77e8b5,adf756f22337ab9c26053610c7a191363b77a16ec26df8bd30a79eeb9c73c19d,3a77b1ad2fb935690f65b99c4235961c539f30a059c698d44163f3393d59c100
stock_session,DISCLOSURE_EVENT,cn.pair.de969ea304aff5a72e29142a231a77db,cn.comp.41c557450679ec2121ad,cn.comp.41c557450679ec2121ad.control,PAIR_EVALUATED,,0.37207845,0.14968169,0.22239676,-0.00365855,-0.0138566,0.01019805,0.03734482,0.02061012,0.0167347,1383325,1.0,stock_session,unique disclosure episode,"Mul(EventCount($fund_disclosure_balance_pulse,1),Sign($fund_ba_accounts_rece_yoy_at_disclosure))","Add($fund_ba_accounts_rece_yoy_at_disclosure,Mul(0,TimeSince($fund_disclosure_balance_pulse)))",c3b848b2641c012b0f186c1704f6c7f45b078c099a6f138a50b9a9023f46547a,80ec67edddecc2b7a0d6ff8b29c22099580b5b80404c7f207a5a175baa73b5d6,22e6c03d17bb6df57f9bec73b4cd6802d433c95ac98f250619772a67eafe8698
stock_session,DISCLOSURE_EVENT,cn.pair.e1a3050cfbdc2f6d0967649570698079,cn.comp.10389585d2acf48c76a0,cn.comp.10389585d2acf48c76a0.control,PAIR_EVALUATED,,-0.28373385,-0.12672501,-0.15700884,-0.06539289,-0.02204262,-0.043350269999999996,0.01598131,0.01540408,0.000577229999999998,31326,1.0,stock_session,unique disclosure episode,"Mul(EventCount($fund_disclosure_cashflow_pulse,1),Sign($fund_ba_total_assets_persistence_at_disclosure))","Add($fund_ba_total_assets_persistence_at_disclosure,Mul(0,TimeSince($fund_disclosure_cashflow_pulse)))",d26896dbc6750a4177e95af53883b587ee011848665f56c5e9fe8d7b31e6dc7c,2f6aa55ed33ea30c22cc56b8d8291942320b8a91baa443f493d8f76c48dc8d55,7060f17f302fa4186f3b7039cfb255c947cebe6e256cd76889b81f4a06621982
stock_session,DISCLOSURE_EVENT,cn.pair.e8e287b35d2b1fa7eb24138d54e58caa,cn.comp.91c303e9a60ad92bcea9,cn.comp.91c303e9a60ad92bcea9.control,PAIR_EVALUATED,,0.37996387,-0.06091234,0.44087621,-0.00198416,-0.0232088,0.021224640000000003,0.03884125,0.02092363,0.017917620000000002,1421625,1.0,stock_session,unique disclosure episode,"Mul(EventCount($fund_disclosure_balance_pulse,1),Sign($fund_ba_total_equity_acceleration_at_disclosure))","Add($fund_ba_total_equity_acceleration_at_disclosure,Mul(0,TimeSince($fund_disclosure_balance_pulse)))",00601563d454ab2496122d847ecb9245808fb3338e1b0edd5d3b4974e87eacdd,4d6653e990eb17c9c97f7182d9efef3f8005262e917cbc9d491c6a00f472e3b6,9450d7978e253dc826fe7393faa665088f331d3613d61479ef3755b69006fba2
stock_session,DISCLOSURE_EVENT,cn.pair.ea4b7eb4d29bf56325f19ea8a3680392,cn.comp.0394d53fec712013f38c,cn.comp.0394d53fec712013f38c.control,PAIR_EVALUATED,,0.73096975,0.79218722,-0.061217469999999996,0.01505228,-0.01045535,0.02550763,0.01213482,0.01999463,-0.00785981,15793,1.0,stock_session,unique disclosure episode,"Mul(EventCount($fund_disclosure_cashflow_pulse,1),Sign($fund_ba_total_current_assets_yoy_at_disclosure))","Add($fund_ba_total_current_assets_yoy_at_disclosure,Mul(0,TimeSince($fund_disclosure_cashflow_pulse)))",25b1587431427c5fa264f2ed12b493931854783a64affc9b92ef6ac46f9d8f00,b1ade607997600a02fbc1c987b26a9c09a4d668429f60e0689d34770ba2c7c02,94ba7ea792b6e5398c164a6dd9e201bcf6ce6e57eabaf25b953af28df163d1c1
stock_session,DISCLOSURE_EVENT,cn.pair.eab1085b10dd7ac6374949136ca110c6,cn.comp.499326de4be1d9a8be29,cn.comp.499326de4be1d9a8be29.control,PAIR_EVALUATED,,0.17192772,0.23704167,-0.06511395,0.01277983,0.00148369,0.011296140000000001,0.01653479,0.0262831,-0.00974831,20877,1.0,stock_session,unique disclosure episode,"Mul(EventCount($fund_disclosure_cashflow_pulse,1),Sign($fund_ba_monetaryfunds_acceleration_at_disclosure))","Add($fund_ba_monetaryfunds_acceleration_at_disclosure,Mul(0,TimeSince($fund_disclosure_cashflow_pulse)))",3b0082b8e55e4cf3bfa1eaad671b3bbc7a6e4adae06d141280c4096b1319e3cb,e45ca7fb71d59e92c95f19caac2c0a665c6ebf0587edb596105f63a8d2810cd6,e59a4af7493037f9425c60ad962f4785e527cf6bc851445c4bacfbb259baa11a
stock_session,DISCLOSURE_EVENT,cn.pair.eb539f43799b3c8c3a39926ba8f8c6dc,cn.comp.3126aa3e1e4f60ffbcc2,cn.comp.3126aa3e1e4f60ffbcc2.control,PAIR_EVALUATED,,-0.06560256,0.00872658,-0.07432914,-0.0267278,-0.01166841,-0.015059389999999999,0.01072709,0.01887001,-0.00814292,29646,1.0,stock_session,unique disclosure episode,"Mul(EventCount($fund_disclosure_profit_pulse,1),Sign($fund_ba_accounts_rece_slope_at_disclosure))","Add($fund_ba_accounts_rece_slope_at_disclosure,Mul(0,TimeSince($fund_disclosure_profit_pulse)))",0ca2c4d073c03c2d22234732092453abed7e34d3e66648ab886fcaa95a40dd9c,829253be365987533a4094eba85bf5270f36a428c407712e3a90f68b6b607e84,c1692d9e2a49702a589c2c9361dde55941bf2ad301ae475461252fb1f29a8e43
stock_session,DISCLOSURE_EVENT,cn.pair.ebde4a55174f2dead23b85347aef43e4,cn.comp.011d1696cc995013f228,cn.comp.011d1696cc995013f228.control,PAIR_EVALUATED,,0.27555824,0.24572667,0.02983157,0.00150095,-0.00246129,0.0039622400000000006,0.04777087,0.01937491,0.02839596,1498123,1.0,stock_session,unique disclosure episode,"Mul(EventCount($fund_disclosure_holder_pulse,1),Sign($fund_liquidity_current_ratio_at_disclosure))","Add($fund_liquidity_current_ratio_at_disclosure,Mul(0,TimeSince($fund_disclosure_holder_pulse)))",84d9a3a21b30eb111d037d62b08c8f53248f31d6399409a191d57393cf6d1adf,62943b3dc09a4cd4b58a4a605138b7037e3a22d56beed7e23af1ad88fcf8db30,8b82c50e883d785cd5951b3c7527faa7f6e0831aeadf5e2887da715110e7eab0
stock_session,DISCLOSURE_EVENT,cn.pair.f1d01fb5d77f50dead43c5b58e4ead7d,cn.comp.51093eb6d5ccc943be42,cn.comp.51093eb6d5ccc943be42.control,PAIR_EVALUATED,,0.38478319,0.09480445,0.28997874,-0.00080804,-0.01527395,0.01446591,0.04024647,0.02630738,0.013939090000000001,1431456,1.0,stock_session,unique disclosure episode,"Mul(EventCount($fund_disclosure_balance_pulse,1),Sign($fund_ba_total_equity_delta_at_disclosure))","Add($fund_ba_total_equity_delta_at_disclosure,Mul(0,TimeSince($fund_disclosure_balance_pulse)))",d073989c51d48fb32c312e704b8fb7ee7c7e074712fa0a9be478af803a253820,b31146d9127b81a4b2da5f5785f6753c236ef3f8c523e04b8ea457fcbb115bc9,20c5cb8e83fa2e2118c4c35636444aa8b96a3a13b41ae0e0105ffd4fb7ea7318
stock_session,DISCLOSURE_EVENT,cn.pair.f29f7873ccfefc9e12b8ea47024381fb,cn.comp.e3c7c01fa4d9a67a8e21,cn.comp.e3c7c01fa4d9a67a8e21.control,PAIR_EVALUATED,,0.82235226,0.68702838,0.13532387999999995,0.00973839,-0.00973839,0.01947678,0.32156629,0.20388792,0.11767836999999998,394025,1.0,stock_session,unique disclosure episode,"FirstHit($fund_disclosure_balance_pulse,20)",TimeSince($fund_disclosure_balance_pulse),81062e05461b92c8f48350438f53cc615616f90eb2c8b615df487957661c502d,c1a57c9d44163ca6c184dc43d9e06d81bd5144a2539469e1c31a31b704dfaad6,7727e7a89aaa3d28b3190d7ba910e87ac8973ebea53ff8b86c512a6d7e8c6b5f
stock_session,DISCLOSURE_EVENT,cn.pair.f2d5df7d409a34c452cda637120aa9fe,cn.comp.328b3b4e6e2e1783b969,cn.comp.328b3b4e6e2e1783b969.control,PAIR_EVALUATED,,-0.02003419,0.04651673,-0.06655092,-0.01321593,-0.00168633,-0.011529600000000001,0.0114683,0.01473773,-0.0032694299999999985,21796,1.0,stock_session,unique disclosure episode,"Mul(EventCount($fund_disclosure_cashflow_pulse,1),Sign($fund_ba_total_liabilities_source_yoy_at_disclosure))","Add($fund_ba_total_liabilities_source_yoy_at_disclosure,Mul(0,TimeSince($fund_disclosure_cashflow_pulse)))",79a59367181dfa2c2bd229420d5699cb378aac17d1e59f1c94e338397097ceed,b29c2e4a09a3a10263ff88116276413cb357e64d8b873f45860ddf9f19539970,4a3ce68841d4987d896f94a742a1fa27f8dec0bb3f7ec017dd8d4acef306fd80
stock_session,DISCLOSURE_EVENT,cn.pair.f2d8ccf9b755132651814c08c08a5588,cn.comp.52fe6cfeb655bf7bae54,cn.comp.52fe6cfeb655bf7bae54.control,PAIR_EVALUATED,,0.24358389,0.29902711,-0.05544321999999999,-9.676e-05,9.676e-05,-0.00019352,0.10539789,0.04179237,0.06360552,1531874,1.0,stock_session,unique disclosure episode,"SafeDiv(1,Add(TimeSince($fund_disclosure_holder_pulse),1),1)",TimeSince($fund_disclosure_holder_pulse),2d5870bca4d4ca53299b878fdf35ecd94c9d5eef1be6b13c345f79259d5ce804,f8db10beaaf576641ad82979788a1be060a39891fc88e66612915a115357e023,489bda264026188fe981c3988c3d306113c8dac3f1c5314eb2523062c3bf72c1
stock_session,DISCLOSURE_EVENT,cn.pair.f3ece4d7576bc4ce8242c2ab028a81b5,cn.comp.21232038955274b3d4ed,cn.comp.21232038955274b3d4ed.control,PAIR_EVALUATED,,0.05244878,0.15285885,-0.10041006999999999,-0.00328071,0.0164411,-0.01972181,0.01449204,0.01786659,-0.003374550000000002,30784,1.0,stock_session,unique disclosure episode,"Mul(EventCount($fund_disclosure_profit_pulse,1),Sign($fund_ba_total_liabilities_delta_at_disclosure))","Add($fund_ba_total_liabilities_delta_at_disclosure,Mul(0,TimeSince($fund_disclosure_profit_pulse)))",9a630b87993e8a51b1db63744c447215acdf52d3406c3ba52cc81f510b57b1d5,f3096a015edc24a13f83b3fd227411db7cab16abca591c74ef55c19e86bc7a39,f0144097dfc3dcbf0ba35bfde2f11643585f133eb30ddb545baa7015d7ca855b
stock_session,DISCLOSURE_EVENT,cn.pair.f43fcb4e4f6998743834da6926e1720d,cn.comp.167fc4566a55bf3d90be,cn.comp.167fc4566a55bf3d90be.control,PAIR_EVALUATED,,-0.04720557,-0.09686049,0.04965491999999999,-0.02380948,-0.00034437,-0.02346511,0.01629102,0.02620483,-0.009913809999999999,20707,1.0,stock_session,unique disclosure episode,"Mul(EventCount($fund_disclosure_profit_pulse,1),Sign($fund_ba_fixed_asset_acceleration_at_disclosure))","Add($fund_ba_fixed_asset_acceleration_at_disclosure,Mul(0,TimeSince($fund_disclosure_profit_pulse)))",1ac2e1b58fed9c5749f2abec0cb24d50783ab47165ea25e7916ae02815b31340,a4ff22cf4a115a40c49b183f71f77bec61582e3a78e26f7adceaa4b5abcfb99b,f4a398074d550625aed00d53ae9c27b863487a188b744a1b20d91eb649961535
stock_session,DISCLOSURE_EVENT,cn.pair.f7d6a09a958a527d348b54e9f6d22c2e,cn.comp.3a0da0c155082b452c6e,cn.comp.3a0da0c155082b452c6e.control,PAIR_EVALUATION_BLOCKED,primary_signal_empty_or_constant,0.3570174,0.50625477,,,-0.01244058,,0.01190988,0.01798285,-0.006072970000000002,15093,1.0,stock_session,unique disclosure episode,"Mul(EventCount($fund_disclosure_profit_pulse,1),Sign($fund_ba_inventory_source_yoy_at_disclosure))","Add($fund_ba_inventory_source_yoy_at_disclosure,Mul(0,TimeSince($fund_disclosure_profit_pulse)))",5893f619dd1056ebf2f74b82fd31baff49766d41df2d3b46d9c97b93ae69dd57,3446ac8ca5ae34f11f6bd942a85282c9a5cb78c4449a897bb6994f48fc60f582,efc93b4aa536a87e1b158e7f28b5d38e76c664bf11529a9f11e10622eed0ceb8
stock_session,DISCLOSURE_EVENT,cn.pair.f8033be1e24d0c840edf65f16bdd4326,cn.comp.0a7bb8fad6da078c6665,cn.comp.0a7bb8fad6da078c6665.control,PAIR_EVALUATED,,0.37329077,0.14337075,0.22992002,-0.0023292,-0.01042157,0.00809237,0.04104734,0.02190111,0.01914623,1393431,1.0,stock_session,unique disclosure episode,"Mul(EventCount($fund_disclosure_balance_pulse,1),Sign($fund_ba_total_current_assets_acceleration_at_disclosure))","Add($fund_ba_total_current_assets_acceleration_at_disclosure,Mul(0,TimeSince($fund_disclosure_balance_pulse)))",2398de7f912d4a70c5e9b1314b94cc01225c5325ca2427aef892d9ab9fefcce9,b1600609639e043a79bd5501ebbee97a26fc4033636e7b52c3fc2f8e81864cb4,debfd57b82472b3cc7dd9b073776412173bef176bc0e5f18105f09dd90e50ab5
stock_session,DISCLOSURE_EVENT,cn.pair.f9eddda529d37bc9964db42e56a9b334,cn.comp.08189850dd9fe3c4cdb3,cn.comp.08189850dd9fe3c4cdb3.control,PAIR_EVALUATED,,-0.28286553,0.20059662,-0.48346215,-0.06022254,0.00940042,-0.06962296,0.01251,0.01224052,0.00026948000000000076,29225,1.0,stock_session,unique disclosure episode,"Mul(EventCount($fund_disclosure_cashflow_pulse,1),Sign($fund_ba_monetaryfunds_persistence_at_disclosure))","Add($fund_ba_monetaryfunds_persistence_at_disclosure,Mul(0,TimeSince($fund_disclosure_cashflow_pulse)))",83799acbe4877d1f2bad554c767be4d6e128725f49e40619cbaa44f4032a972f,17a0df8b05d953967a14aa21f6298345c86c5990388c312f722c283498c12c36,6c59c2c4a591e894ac73e839ce66880060c87dcea9839eecf3984be9c4aaccc1
stock_session,DISCLOSURE_EVENT,cn.pair.faaa777265d9a044c468d96f364639a9,cn.comp.994603709f1816aa954b,cn.comp.994603709f1816aa954b.control,PAIR_EVALUATED,,0.35923683,0.30603618,0.053200650000000016,-0.00470671,-0.00751317,0.0028064599999999993,0.03370524,0.02221251,0.011492729999999996,1369570,1.0,stock_session,unique disclosure episode,"Mul(EventCount($fund_disclosure_balance_pulse,1),Sign($fund_ba_inventory_source_yoy_at_disclosure))","Add($fund_ba_inventory_source_yoy_at_disclosure,Mul(0,TimeSince($fund_disclosure_balance_pulse)))",afda5c1dec6d576e5df8d49faccfedad51e0319ca5bcabe83753a797c88a988c,604848131dcc936499f596d1f7f49d9376d5f411ebfc005f25e047c31357e2d1,a9e0e36d46b5f3e829402aed38df1c37189680a160988ad7b3198b7ce4c8505e
stock_session,DISCLOSURE_EVENT,cn.pair.fad12a399b6518c9a3d232cf5d624467,cn.comp.6de4da7b5543f46d0c61,cn.comp.6de4da7b5543f46d0c61.control,PAIR_EVALUATED,,0.39045007,0.21058878,0.17986128999999998,-0.00111004,-0.00526755,0.00415751,0.04169509,0.02475716,0.016937929999999997,1432594,1.0,stock_session,unique disclosure episode,"Mul(EventCount($fund_disclosure_balance_pulse,1),Sign($fund_ba_total_liabilities_slope_at_disclosure))","Add($fund_ba_total_liabilities_slope_at_disclosure,Mul(0,TimeSince($fund_disclosure_balance_pulse)))",36bb5002427ec67abbe649e29f12a499647adbeb55ab06e4c61e80d2280f8d15,0475d1cde481b9637c950eedf5710980ea1734ef67d7ea95ccf9425b64fcc46f,7bf881b46b0a11b9837fb9203f22f3c1aa35e8818dfd2e62f87ecd599daea2c2
stock_session,DISCLOSURE_EVENT,cn.pair.fba53b32266f66fe0414315bcc2d1658,cn.comp.6abf269debb542e96a7b,cn.comp.6abf269debb542e96a7b.control,PAIR_EVALUATED,,0.36668138,0.2308192,0.13586218,-0.00309249,-0.0005706,-0.0025218899999999997,0.03475672,0.0269294,0.007827319999999999,1418524,1.0,stock_session,unique disclosure episode,"Mul(EventCount($fund_disclosure_balance_pulse,1),Sign($fund_ba_monetaryfunds_delta_at_disclosure))","Add($fund_ba_monetaryfunds_delta_at_disclosure,Mul(0,TimeSince($fund_disclosure_balance_pulse)))",39958abf31bf1511979f496d4dc0f73c6544555fc8dc4430d84632f522cc15e2,f0175a1bed6ebb553b4f5a1c0defdb074f1a12caa1d7668d8277f1ab0ddc3f9e,defd6d7fa37a27f99753050a318152a04dcf59c0c1acc2f48c7af32130c560ed
stock_session,DISCLOSURE_EVENT,cn.pair.fbb790243bbb24e26e647d5036013c59,cn.comp.cdd48342b51ffe9e7019,cn.comp.cdd48342b51ffe9e7019.control,PAIR_EVALUATED,,0.3351828,0.41597158,-0.08078878,-0.00200361,0.00200361,-0.00400722,0.07204148,0.03663534,0.03540614,1432848,1.0,stock_session,unique disclosure episode,"SafeDiv(1,Add(TimeSince($fund_disclosure_balance_pulse),1),1)",TimeSince($fund_disclosure_balance_pulse),7dcc0cf6f76c8d9ddf4503ef11ce7bff765c21acd3edb2988edc1cd44f222830,5043e826d41f06ccd0c43628e9f133054cb673b402f1d27c988b70269a976fa9,fdef521df75caa12ad05731c1c0c536cda7d9be55b03ddba8906898fccfde677
stock_session,DISCLOSURE_EVENT,cn.pair.fd77f8467d067bc86cc7af61c233db02,cn.comp.072dda9c0a5f52c4caee,cn.comp.072dda9c0a5f52c4caee.control,PAIR_EVALUATED,,0.3452448,0.21920277,0.12604203000000003,-0.00646001,-0.00694228,0.0004822699999999999,0.04194911,0.02543889,0.01651022,1386163,1.0,stock_session,unique disclosure episode,"Mul(EventCount($fund_disclosure_balance_pulse,1),Sign($fund_ba_inventory_slope_at_disclosure))","Add($fund_ba_inventory_slope_at_disclosure,Mul(0,TimeSince($fund_disclosure_balance_pulse)))",74f0fb9391f8c8c35eb5cc739bc2c86265a4e6752b9dfe7b5015d5b0fa205427,207a150901421f2f7ae412cf59bd1e9984e1b7560d463a9a02aa0e86f8209141,e95bc03f6cbb111daecc948468336a57ccd058333d85dd31a09cf9ed3c27b614
stock_session,DISCLOSURE_EVENT,cn.pair.fed09b3e39523df27ab1f714b7b30e45,cn.comp.823dab1524c72384e063,cn.comp.823dab1524c72384e063.control,PAIR_EVALUATED,,0.29485027,0.30574528,-0.010895009999999983,0.00186084,0.00780193,-0.00594109,0.02978724,0.02195667,0.007830569999999999,1513309,1.0,stock_session,unique disclosure episode,"Mul(EventCount($fund_disclosure_holder_pulse,1),Sign($fund_ba_total_liabilities_source_yoy_at_disclosure))","Add($fund_ba_total_liabilities_source_yoy_at_disclosure,Mul(0,TimeSince($fund_disclosure_holder_pulse)))",0295fdf363a31973766c3d7d572dec25345225a99d1b1e289f7d2243bf62be84,1bd2c634d7da441583b4b3345548dcb64c07d38d3c15c62819ecb5928a33a719,773d73f3192a7b36c62986f2bcd02be2f27b4a6f9cb0d25bfe0c16ad1bea1ddd
active_bar,FIRSTN_PATH,cn.pair.00052ab1f940cb0d5dad3be9f438cd95,cn.comp.0a9f7a9b43d30f25b3f9,cn.comp.0a9f7a9b43d30f25b3f9.control,PAIR_EVALUATED,,-0.31469555,-0.3032604,-0.011435150000000005,-0.0271792,-0.0274632,0.00028399999999999953,0.01400457,0.00233072,0.01167385,439028578,1.0,active_bar,stock-session after firstN maturity,"CSResidual(ZScore($m1_first5_range),ZScore(Delta($amount,5)))","CSRank(Add(ZScore($m1_first5_range),Mul(0,Delta($amount,5))))",3c0e0f84135a4b871f50a98002664e2b7dc9ce6e5b9f597b42c5155bb32b99d2,a4ccc28b193f79887d1dade3a448c56e582699c5f6b3289735811685d05a6271,70bdd4e6685ed0e5cb31a29e51259d32f4a2154a0c8d1eb8f21112f6a4a46a45
active_bar,FIRSTN_PATH,cn.pair.0150cbb252102e1646514e12d4c9afa1,cn.comp.099407fddef7689478b6,cn.comp.099407fddef7689478b6.control,PAIR_EVALUATED,,-0.29596109,-0.11742292,-0.17853817,-0.00265201,-0.00422164,0.0015696299999999998,0.03367877,0.00337905,0.030299719999999995,420164254,1.0,active_bar,stock-session after firstN maturity,"Mul(ZScore($m1_first15_vwap_return_vs_open),Persistence(Positive($pct_chg),20))","CSRank(Add(ZScore($m1_first15_vwap_return_vs_open),Mul(0,Delta($pct_chg,20))))",641b38117fa4ae8509370a07c57fdba5927da2641fc814423673a5ff7e1229cc,c604c47cf6811f15d9a678eb4a2e9ded056c4d8568635db00d5642af3fe4a3a1,77925e12ba443c3f9ef4867b801361b3a2972e8273eedfc44abc67197b6e2c57
active_bar,FIRSTN_PATH,cn.pair.01b7cfbb667a4bfb0da2868e0d56bad0,cn.comp.09583c00392868c0a6ba,cn.comp.09583c00392868c0a6ba.control,PAIR_EVALUATED,,-0.19511589,-0.33957308,0.14445719000000004,0.01585255,-0.0240362,0.03988875,0.15171962,0.00103597,0.15068365,420509101,1.0,active_bar,stock-session after firstN maturity,"CSRank(Sub(ZScore($m1_first15_amount),ZScore(Delta($open,10))))","CSRank(Add(ZScore($m1_first15_amount),Mul(0,Delta($open,10))))",3e00f25acb8bef6aa5ad120217ef81956cac8db8a93255b39022e4c7b339e1a5,6bec0bbffa55eb673be52097bb753b70c47e0f6b53f749405c385b6b56f95ae0,78d1badb04c1df753566802a82f990e1c6361d20a23117a0efd4807e4b418639
active_bar,FIRSTN_PATH,cn.pair.0258f8b5333ace683784a1fcd747d566,cn.comp.02e1d5167f4351a26778,cn.comp.02e1d5167f4351a26778.control,PAIR_EVALUATED,,-0.05886134,-0.05742968,-0.0014316600000000013,-0.00234311,-0.00234311,0.0,0.00325344,0.00325344,0.0,438652539,1.0,active_bar,stock-session after firstN maturity,"Mul(ZScore($m1_first5_vwap_return_vs_open),Persistence(Positive($open),10))","CSRank(Add(ZScore($m1_first5_vwap_return_vs_open),Mul(0,Delta($open,10))))",1266103c74b88e1c1f786575d9a72508984e8b35e05f1567ea6b01b2d88941ed,383e4cd24993afb775dcbc339e3485819de467456db27cd6c72809dafd61a476,a2eff8e55171463c63208c4ab36a6f76bba919a4b46f2d91479e0420a9933f57
active_bar,FIRSTN_PATH,cn.pair.02f153015e70924bb0b9b706b68c9542,cn.comp.009d2412014d6a251083,cn.comp.009d2412014d6a251083.control,PAIR_EVALUATED,,-0.46693574,-0.11134322,-0.35559251999999997,0.00304641,-0.0022758,0.00532221,0.34523318,0.01135403,0.33387914999999996,369212333,1.0,active_bar,stock-session after firstN maturity,"CSRank(Mul(ZScore($m1_first5_last_return_vs_open),ZScore(Acceleration($vwap,10))))","CSRank(Add(ZScore($m1_first5_last_return_vs_open),Mul(0,Delta($vwap,10))))",f6f1ae0196a2007e1ff31b90a9646d4b93b9b8a3d0548278295d203423d2ca65,d0cdb754b74d419944e4d51cd6972447893916d0e9b1e82587db073ae8801ff8,8184b71d760375ed136c99a2d2c32fac1ec456f4cd17f6cc49e31c06c52604a6
active_bar,FIRSTN_PATH,cn.pair.04e0ac443a6270ff6c85797ebcb6bd27,cn.comp.0d20e2bfe289998c3440,cn.comp.0d20e2bfe289998c3440.control,PAIR_EVALUATED,,-0.6175577,-0.26056662,-0.35699107999999996,-0.00289728,-0.01328453,0.010387249999999999,0.57600464,0.00101064,0.574994,392722156,1.0,active_bar,stock-session after firstN maturity,"CSRank(Mul(ZScore($m1_first30_vol),ZScore(Delta($amount,20))))","CSRank(Add(ZScore($m1_first30_vol),Mul(0,Delta($amount,20))))",34b0a3ec3bdb32e546c7edbe7d6cd4f4d7b0e192da15d3f2717bb08bd737a307,ae4c2d6533ed5b37b17f763f15c13f31164f2ef5a672a050c688413ec24fcef3,e31de384fe758b42fdfe2ff1cb2d22b29836a17dc5b5198cafa072139775ab93
active_bar,FIRSTN_PATH,cn.pair.05fc6850628653e7f1d273297f0b3d12,cn.comp.0b8b82829cf1a84aab87,cn.comp.0b8b82829cf1a84aab87.control,PAIR_EVALUATED,,-0.17059796,-0.15773871,-0.012859249999999989,-0.00231027,-0.0024231,0.00011282999999999996,0.04447291,0.03715582,0.007317089999999998,413247009,1.0,active_bar,stock-session after firstN maturity,"CSResidual(ZScore($m1_first5_vwap_return_vs_open),ZScore(Delta($vwap,10)))","CSRank(Add(ZScore($m1_first5_vwap_return_vs_open),Mul(0,Delta($vwap,10))))",168b69d4682cdbd9dea6a0b4ae057451395e7604e9e80676f570c3e1dd5810d0,f5c1e291ca5456d3e4f9de855f89d28e4b6e9149ea0f78dd84c44ddcfb0286d4,fdf2531cf6a64b1cb9d256362e6cbe71d43f7171a10d9fb29a8428250ad2926c
active_bar,FIRSTN_PATH,cn.pair.0631d43babd729db2242ec6a1e0a911a,cn.comp.0453d48882fe66b6bb80,cn.comp.0453d48882fe66b6bb80.control,PAIR_EVALUATED,,0.27472118,-0.34046302,0.6151842000000001,0.09424123,-0.0240362,0.11827742999999999,0.45174721,0.00103597,0.45071124,420509101,1.0,active_bar,stock-session after firstN maturity,"CSRank(Mul(ZScore($m1_first15_amount),ZScore(Delta($intraday_ret_from_open,5))))","CSRank(Add(ZScore($m1_first15_amount),Mul(0,Delta($intraday_ret_from_open,5))))",e6f96fa36fd4f9096baafc01988d00b1c544cd70c29c97c16a933ccf0f95434a,ef742eda9ee5d0e122c2f472ca5ac54b104d33ed7e573bdf674abca219684b3e,a86b932fcd20ff7587ab53191332bd0caaeb8f4e7cd7cce93634b3ae1f42d913
active_bar,FIRSTN_PATH,cn.pair.06995738e4bcba7481505f6a30c270f2,cn.comp.074b1647ea6d64e48a86,cn.comp.074b1647ea6d64e48a86.control,PAIR_EVALUATED,,-0.21432514,-0.19963426,-0.01469087999999999,0.02447848,-0.01328555,0.037764030000000004,0.2668294,0.00109207,0.26573733,439002813,1.0,active_bar,stock-session after firstN maturity,"CSRank(Mul(ZScore($m1_first5_vol),ZScore(Delta($open,10))))","CSRank(Add(ZScore($m1_first5_vol),Mul(0,Delta($open,10))))",c2c83c3c452f32af62fc74e07ed497cce3c483d920417265ab8f85189cade424,afc6ac74c6996108497de8d71baca62d957373b495d19f3dcaa7a33f43067af8,9f1483121ec3913b9b2e3e46a685e6f4cac17dad45f588299f97159c9c177df6
active_bar,FIRSTN_PATH,cn.pair.06cf64c9ffbdba10a6712323e1c98676,cn.comp.03de022d488a630c36a2,cn.comp.03de022d488a630c36a2.control,PAIR_EVALUATED,,-0.39143568,-0.3361095,-0.05532618,-0.03070872,-0.03070871,-9.999999998205888e-09,0.03325356,0.00234619,0.03090737,420509101,1.0,active_bar,stock-session after firstN maturity,"CSResidual(ZScore($m1_first15_range),ZScore(Delta($ret_1m,10)))","CSRank(Add(ZScore($m1_first15_range),Mul(0,Delta($ret_1m,10))))",55d573934834256b1079c26ad8c921b18e56cdac61c05a59d58e6a54109a8941,ab4f77a958d3673ac66c9f7b2c838e6593592fa7d33e7b709e4d734b66d00075,bf1b202c3d88aef000e2756337a6f693ee8f2b256c04821fe34a2b43d61b7d74
active_bar,FIRSTN_PATH,cn.pair.0841815a50e6adb87494aabaae5a372b,cn.comp.0a18a80e48febfde2e85,cn.comp.0a18a80e48febfde2e85.control,PAIR_EVALUATED,,-0.14992892,-0.14931945,-0.0006094700000000008,-0.00471769,-0.00471769,0.0,0.01150749,0.01150749,0.0,360134823,1.0,active_bar,stock-session after firstN maturity,"Mul(ZScore($m1_first15_vwap_return_vs_open),Persistence(Positive($vwap),10))","CSRank(Add(ZScore($m1_first15_vwap_return_vs_open),Mul(0,Delta($vwap,10))))",1331ad11ef842f8395c0aa1ffe04b27a8b39348f6c397b1e718f9321d8afd428,d8779b826dbefaa0585bb9d470758a4a699e05638d0a0d06f980870cd5b89da1,6c3f74072a7fc171558cdd34c89e7e71446582b2efb1898e3b745227b317334d
active_bar,FIRSTN_PATH,cn.pair.08d22a95e478365b8bb175d61f6bf236,cn.comp.016ef699b94b7ac36220,cn.comp.016ef699b94b7ac36220.control,PAIR_EVALUATION_BLOCKED,control_behavior_identity_equals_primary|control_signal_empty_or_constant|empty_pair_support|primary_signal_empty_or_constant,-2.3,-2.3,,,,,,,,0,0.0,active_bar,stock-session after firstN maturity,"CSRank(MultiScaleRelation($m1_first5_vol,$amount,3,10))","CSRank(Add(ZScore($m1_first5_vol),Mul(0,Delta($amount,5))))",edd89b7ebf3ff31c98743b980a853ce2d5e2d802cdb0848e7322c3a2ef8677fc,999688343e38a53bd8be1503722d2a7415a004019cb4714819c5bb80b8f6a0c4,ae96a65ea9143ad7bf5879eb42e23bd2a457cff416cff48739ac1e8a075dc8d0
active_bar,FIRSTN_PATH,cn.pair.0cc4530ba70a48f8e2402582737f12b5,cn.comp.06ab27680861235b94fa,cn.comp.06ab27680861235b94fa.control,PAIR_EVALUATION_BLOCKED,control_behavior_identity_equals_primary|control_signal_empty_or_constant|empty_pair_support|primary_signal_empty_or_constant,-2.3,-2.3,,,,,,,,0,0.0,active_bar,stock-session after firstN maturity,"CSRank(MultiScaleRelation($m1_first5_vwap_return_vs_open,$vwap,5,20))","CSRank(Add(ZScore($m1_first5_vwap_return_vs_open),Mul(0,Delta($vwap,10))))",40c2a3d4a6a5bac81d0caac41122652333fdf374daa0a1362a0b12ab5ff9eada,e02582c36b1f3791b00dd80bac5be0701d12edf0d5e256bcf0730d699fa86a49,26c175baaa4c1c45cebd7d0f3b1da40e782c5865efefafea4b650b7fc012fea3
active_bar,FIRSTN_PATH,cn.pair.0d1814fb23e143dd25b96c20c6bd46ab,cn.comp.058cc598422f970a5aad,cn.comp.058cc598422f970a5aad.control,PAIR_EVALUATED,,-0.51092961,-0.21400908,-0.29692053000000007,-0.01319113,-0.0136637,0.0004725700000000003,0.24380503,8.726e-05,0.24371777,392722156,1.0,active_bar,stock-session after firstN maturity,"CSRank(Sub(ZScore($m1_first30_high),ZScore(Delta($amount,20))))","CSRank(Add(ZScore($m1_first30_high),Mul(0,Delta($amount,20))))",668eb2edd2619c2f8ee5392eba3786e9bff01a3bfe31f08f3f0fd74418e77279,58aaa35337a1874ae217813d314717727e009e183071a29e42b3166ca074019d,ca074a627a8b2d999b6286ae79550f5c4bb067d1eee1501059f221b04ecfb983
active_bar,FIRSTN_PATH,cn.pair.0d9ab6ac8882ea6fd17b28a782b91ae7,cn.comp.087bed4401aba8199ac8,cn.comp.087bed4401aba8199ac8.control,PAIR_EVALUATED,,0.35424386,-0.077926,0.43216986,0.08015752,-0.00236472,0.08252224,0.57586383,0.00323654,0.57262729,439002813,1.0,active_bar,stock-session after firstN maturity,"CSRank(Sub(ZScore($m1_first5_last_return_vs_open),ZScore(Delta($pct_chg,10))))","CSRank(Add(ZScore($m1_first5_last_return_vs_open),Mul(0,Delta($pct_chg,10))))",bd81c106f40fc84d158d6f66c4aeb79478eca2189afba3e453ad16ad97d14ab7,6a0a99f554481778c3322b34d41bf7c341065e0eaed290a4ca043c28f45b99f5,998786e93948275a95c80c4ef5facc932be413c0f3de2ff61e665a6b176ecbf9
active_bar,FIRSTN_PATH,cn.pair.10a23317bc4e676fbd9b465316feb668,cn.comp.062e694e072a6b72dffa,cn.comp.062e694e072a6b72dffa.control,PAIR_EVALUATED,,-0.26712184,-0.2103249,-0.05679693999999999,-0.01233826,-0.01337422,0.001035959999999999,0.03415178,8.403e-05,0.03406775,392722156,1.0,active_bar,stock-session after firstN maturity,"CSResidual(ZScore($m1_first30_last_close),ZScore(Delta($amount,20)))","CSRank(Add(ZScore($m1_first30_last_close),Mul(0,Delta($amount,20))))",fed4c4df1115351dad40269d6dbd76f77f924fd792d7dd75d07c6c7ea4d2d048,c91065f91cd56c0b96e929b37c29464926b1a04daa46cc6f3f96a24bda34a4dd,0c3dc0bb78406f801dc8addbcbe2af6ff00caebcc82f161a2ca6fff126ac51cb
active_bar,FIRSTN_PATH,cn.pair.1299cb9951ff6dda80e36035427a73b4,cn.comp.0006254e36af107fbd5f,cn.comp.0006254e36af107fbd5f.control,PAIR_EVALUATED,,-0.31292803,-0.16546436,-0.14746367000000002,0.05281356,-0.01248517,0.06529873,0.78111561,8.673e-05,0.7810288799999999,438962261,1.0,active_bar,stock-session after firstN maturity,"CSRank(Mul(ZScore($m1_first5_last_close),ZScore(Acceleration($ret_1m,10))))","CSRank(Add(ZScore($m1_first5_last_close),Mul(0,Delta($ret_1m,10))))",3a194efa04aeb1ee0074e279a53f538c3a9b289c1f99b7200255b8f4c46a94d3,32fbb892b97ef7428fa776af928c0452a306824ccd018fea101faf0f281962ff,38987067ed42323c5b053787c18abc8ea8229299e2b08b9f55147919e109ec77
active_bar,FIRSTN_PATH,cn.pair.13eeea8d308aa74bf06aca3c8177a464,cn.comp.06be3a4cb669509a4bb9,cn.comp.06be3a4cb669509a4bb9.control,PAIR_EVALUATED,,-0.20439331,-0.20987276,0.005479449999999997,0.12327133,-0.01337422,0.13664555,0.33529162,8.403e-05,0.33520759,392722156,1.0,active_bar,stock-session after firstN maturity,"CSRank(Sub(ZScore($m1_first30_last_close),ZScore(Delta($intraday_ret_from_open,5))))","CSRank(Add(ZScore($m1_first30_last_close),Mul(0,Delta($intraday_ret_from_open,5))))",b5d84ebd8ebedb1a35a2201bc9b878c9ee9d2faf08b1f51b70e81b093356eff8,47937ce40db280aabc1b1977883d592f325c8b7bddd790844838c749b5b004d9,0922b941791e901bba105aab7b599ecd6aef5f5c3c2500a6a6a27ab360bdd486
active_bar,FIRSTN_PATH,cn.pair.144f8dfd311dc706aabca27df5c70941,cn.comp.0218410e7cd54a8173fc,cn.comp.0218410e7cd54a8173fc.control,PAIR_EVALUATED,,-0.12599781,-0.30245489,0.17645708,-0.01336766,-0.02746436,0.0140967,0.01342241,0.00232979,0.01109262,439033731,1.0,active_bar,stock-session after firstN maturity,"Mul(ZScore($m1_first5_range),Persistence(Positive($intraday_ret_from_open),3))","CSRank(Add(ZScore($m1_first5_range),Mul(0,Delta($intraday_ret_from_open,3))))",73e6c13a233bf7babbfc0359f80d2c497c7b426ab3f16245614f0100800c00fb,610401a8ea2f82144128f98f15099852602512d59662808e77201b296a299551,b0088a4b12297c79031c9ed13edfbb36feaf92b869f5691a49dc96573fec705b
active_bar,FIRSTN_PATH,cn.pair.1563860d0297ba3d6c856a5263e63852,cn.comp.0b53327a1fb1f192d27b,cn.comp.0b53327a1fb1f192d27b.control,PAIR_EVALUATED,,-0.44033625,-0.39543619,-0.044900059999999964,0.0073257,-0.03144639,0.038772089999999995,0.3259477,0.03111827,0.29482943,397759253,1.0,active_bar,stock-session after firstN maturity,"CSRank(Mul(ZScore($m1_first15_range),ZScore(Delta($vwap,5))))","CSRank(Add(ZScore($m1_first15_range),Mul(0,Delta($vwap,5))))",ebb0cf6a21fd5751f46d4c5e26c3367215a548d0c1b6aec27163f3c9d7da0553,a24005c2437f8233db2667bc074717b7a58d4021ea05e7322b8d858b87e51ce1,0e875ae0f4e2953d6a23dda8f5b65672871c73ffbb915b8bc5c2e109b6ad10ba
active_bar,FIRSTN_PATH,cn.pair.15d277fa6ea3b7be8ccef61748797615,cn.comp.070806cdd05c486bd5b9,cn.comp.070806cdd05c486bd5b9.control,PAIR_EVALUATED,,-0.44008362,-0.15420307,-0.28588055,0.00341799,-0.00397358,0.00739157,0.25089505,0.00918666,0.24170839,331622998,1.0,active_bar,stock-session after firstN maturity,"CSRank(Mul(ZScore($m1_first15_last_return_vs_open),ZScore(Acceleration($vwap,20))))","CSRank(Add(ZScore($m1_first15_last_return_vs_open),Mul(0,Delta($vwap,20))))",3430f06c067ae6525c2973d0ea9a5cc0ae66e0cfd4f214b1882c042899c28f3d,2e1f31c56058098c7205b3c59a5d24ac33c335f341a1c51b511089bf9161ace5,376d018c999b59f1c2d82b76c4c64a32cbb51412b44a2e300a17373e126c9eb5
active_bar,FIRSTN_PATH,cn.pair.190df31693e9294ce541bebbf9f132ad,cn.comp.03c328159ed877e0b636,cn.comp.03c328159ed877e0b636.control,PAIR_EVALUATION_BLOCKED,control_behavior_identity_equals_primary|control_signal_empty_or_constant|empty_pair_support|primary_signal_empty_or_constant,-2.3,-2.3,,,,,,,,0,0.0,active_bar,stock-session after firstN maturity,"CSRank(Mul(ZScore(PathShape($m1_first5_high,3)),ZScore($pct_chg)))","CSRank(Add(ZScore($m1_first5_high),Mul(0,Delta($pct_chg,3))))",f0f6f2c33dea77a7f703e54c0c549d3045fbdb2bf48c1a6669158d45dca66b0e,916ebe96d43432208aa0de9a4f707fbb124f262515d02d1f01dfff51c1413822,9d0eae3fea2de2228d5ad9c4becb7e76be460a87eaf64814cb4f13d317e95626
active_bar,FIRSTN_PATH,cn.pair.1a5da68aa11dfcdbca104d3814f4593c,cn.comp.095e452b8bc48640edcf,cn.comp.095e452b8bc48640edcf.control,PAIR_EVALUATED,,0.24085615,-0.33500171,0.5758578599999999,0.05855895,-0.03070014,0.08925909,0.16191216,0.00234718,0.15956498,420478183,1.0,active_bar,stock-session after firstN maturity,"CSRank(Sub(ZScore($m1_first15_range),ZScore(Delta($intraday_ret_from_open,20))))","CSRank(Add(ZScore($m1_first15_range),Mul(0,Delta($intraday_ret_from_open,20))))",d6d1597ed33b7047a29b1a156fb020a0bdc20b0b70f9dac89062cd540d9b4d94,1fe3e2985bbc4c08cfb6d0a278b6bddab815b0fa8017a034ae86211a06ba4500,6432fc388fdae942b34d85dfc1ab0cc392f5f98716ec148820f49820f9cf1359
active_bar,FIRSTN_PATH,cn.pair.1a8eef2adf799d01eedf0a56ff220d24,cn.comp.0d013fdd4016a02d996c,cn.comp.0d013fdd4016a02d996c.control,PAIR_EVALUATED,,-0.25270674,-0.19878444,-0.05392229999999998,0.02596387,-0.0132814,0.03924527,0.35822699,0.00109201,0.35713498000000005,439028578,1.0,active_bar,stock-session after firstN maturity,"CSRank(Mul(ZScore($m1_first5_vol),ZScore(Delta($open,5))))","CSRank(Add(ZScore($m1_first5_vol),Mul(0,Delta($open,5))))",c2fcc01bd689763a36997498cf7bb8a49054873e7adaff3f04e2b8d612ef17d3,cbce934e0e55cc1db8cecae5eaf13b67c46afa02b2c561f10833292e889497c5,379ab0f48004c0c04d63c68bc09e221d6b67b3b92a533c3ff7e16c47d0adf364
active_bar,FIRSTN_PATH,cn.pair.1ad617962f47fa1c5fb2c2676df5db94,cn.comp.064739f4c1d76cd8d11c,cn.comp.064739f4c1d76cd8d11c.control,PAIR_EVALUATED,,0.11144485,-0.19916769,0.31061254,0.04698917,-0.01328512,0.060274289999999994,0.25675728,0.0010922,0.25566508,438951283,1.0,active_bar,stock-session after firstN maturity,"CSRank(Mul(ZScore($m1_first5_vol),ZScore(Delta($intraday_ret_from_open,20))))","CSRank(Add(ZScore($m1_first5_vol),Mul(0,Delta($intraday_ret_from_open,20))))",e9e134d4a3e4181368951b9ba40b7af3307bb988a00bd7e54a05208d52b1f3ef,6569145f448c26672a9ec3f0c153fb0b116fa3735c68f3d2e0c000108d9093f6,e904ec916935719e1625cb7e67f700a03c7a98e23539bfaec3bfd3cd2ed445bb
active_bar,FIRSTN_PATH,cn.pair.1d6763d83fb0d7a816da04425659b784,cn.comp.04e537ab6159772e03cb,cn.comp.04e537ab6159772e03cb.control,PAIR_EVALUATED,,-0.47876316,-0.07859186,-0.4001713,0.00183818,-0.00236472,0.0042029,0.39322921,0.00323654,0.38999267,439002813,1.0,active_bar,stock-session after firstN maturity,"CSRank(Mul(ZScore($m1_first5_last_return_vs_open),ZScore(Acceleration($open,10))))","CSRank(Add(ZScore($m1_first5_last_return_vs_open),Mul(0,Delta($open,10))))",b9e63cc4f105218198985fe81219f0e656b9c197a27600a04d446bedb3beb0f4,c69eaf7c0a2b578ba1f0f5c6c81a906f3c730882ed48b0920a32bcf77f0892ef,c7e1ce5f4291429b57cb1d7e90611c158f885c642f682c657eb177ca982dda67
active_bar,FIRSTN_PATH,cn.pair.1e1c2ed3212b8d26426345f0a9e1e661,cn.comp.030d5794aaef3ab5aea1,cn.comp.030d5794aaef3ab5aea1.control,PAIR_EVALUATED,,-0.37177479,-0.33372889,-0.03804590000000002,-0.02207957,-0.02359469,0.0015151200000000017,0.03563221,0.0129425,0.02268971,413251263,1.0,active_bar,stock-session after firstN maturity,"CSResidual(ZScore($m1_first5_amount),ZScore(Delta($vwap,10)))","CSRank(Add(ZScore($m1_first5_amount),Mul(0,Delta($vwap,10))))",1969537f6441905ead0fda677630c6973c0b7fd5980c78c711a97a1d731b088a,2388817c72e9d6080eacdd10e0ca412774f8cf7e849f88c109aa5acafa7ebc22,6e2112e9a072347683f8890170c569b6147b8ca96fbe7d8b7175a4a20e9542a9
active_bar,FIRSTN_PATH,cn.pair.2301c821ec7b2dfcc7417fb364b64f11,cn.comp.0b7c726c3c0bc878d94e,cn.comp.0b7c726c3c0bc878d94e.control,PAIR_EVALUATED,,-0.66801933,-0.07746311,-0.5905562200000001,0.00115177,-0.00236361,0.0035153800000000002,0.67873904,0.00323573,0.67550331,439033731,1.0,active_bar,stock-session after firstN maturity,"CSRank(Mul(ZScore($m1_first5_last_return_vs_open),ZScore(Acceleration($open,3))))","CSRank(Add(ZScore($m1_first5_last_return_vs_open),Mul(0,Delta($open,3))))",932555c0c001739362e4593f1b55ad0768dba711099e2c2736dbe4ebc7139062,d992e8c59f4fd0d2374d2c63ee99b052a1918bb8032c3de0a94ae30790c4ed7d,e5554fd0cec05fbb4a94f470ce51fdf075ebaae11accc1f5c0b219f2ff741e95
active_bar,FIRSTN_PATH,cn.pair.233ec69c9c27aea07500861c26d605dd,cn.comp.08d6da3090c4abffbdd1,cn.comp.08d6da3090c4abffbdd1.control,PAIR_EVALUATED,,-0.46155452,-0.1617073,-0.29984722,0.03876571,-0.01233295,0.051098660000000004,0.8041165,7.165e-05,0.80404485,439033731,1.0,active_bar,stock-session after firstN maturity,"CSRank(Mul(ZScore($m1_first5_low),ZScore(Acceleration($ret_1m,3))))","CSRank(Add(ZScore($m1_first5_low),Mul(0,Delta($ret_1m,3))))",7d067e461c4b7db1c7de691f02d4ea1c0448dd79f7197c6bd362e7ecc4d6d388,4be4f3b4447ce0b52ba12bce4f45f00407c15d405c285bd5148d428d9465c641,0e8af77e2cc2da7618b852bedd5b18d8e1bd774cea07a8f5b82e34876f47efb8
active_bar,FIRSTN_PATH,cn.pair.2856d5d77ecd44370f35197575306f88,cn.comp.077e562c465356ec77ce,cn.comp.077e562c465356ec77ce.control,PAIR_EVALUATED,,-0.72115747,-0.19919808,-0.5219593899999999,-0.00190095,-0.01328003,0.01137908,0.69932933,0.00109146,0.6982378699999999,439033731,1.0,active_bar,stock-session after firstN maturity,"CSRank(Mul(ZScore($m1_first5_vol),ZScore(Acceleration($amount,3))))","CSRank(Add(ZScore($m1_first5_vol),Mul(0,Delta($amount,3))))",cf7f67df9f96310c7889e96c51ddb9fa2f5f43d66a04dabaa2ac37b4978f3687,b3981842a61888b9df85832e133d98317b977c70f9e5b9644475410c453baa6d,5620a98564f31f6fc55c79852e95e85551ab5e0e2ce528ec5575d02eeeda8edf
active_bar,FIRSTN_PATH,cn.pair.2cbc8e19b96de3d98864da1aa0bb59cf,cn.comp.053d7833d7ad0a88cc5b,cn.comp.053d7833d7ad0a88cc5b.control,PAIR_EVALUATED,,-0.25982319,-0.26181058,0.0019873900000000333,-0.01328453,-0.01328453,0.0,0.00101064,0.00101064,0.0,392722156,1.0,active_bar,stock-session after firstN maturity,"Mul(ZScore($m1_first30_vol),Persistence(Positive($open),3))","CSRank(Add(ZScore($m1_first30_vol),Mul(0,Delta($open,3))))",a376009c8fed40b25b1e2f40fb1d3b88482f309c7c188e339bd64b60b3a04f06,578da8216eacc70e9ec479396d070da1af40e511bc7928534de36df8eb0952fc,00b1241cde8d3afe39974e09911fbbdc1c1eccfd7e73e8da97269a120de8e977
active_bar,FIRSTN_PATH,cn.pair.2d0bba4d3365ef12a4ab616ab827ed87,cn.comp.05067254ec6782ca9feb,cn.comp.05067254ec6782ca9feb.control,PAIR_EVALUATED,,-0.66538594,-0.14335993,-0.5220260099999999,0.01350281,-0.00473713,0.01823994,0.76390448,0.00358576,0.76031872,392429596,1.0,active_bar,stock-session after firstN maturity,"CSRank(Mul(ZScore($m1_first30_vwap_return_vs_open),ZScore(Delta($pct_chg,5))))","CSRank(Add(ZScore($m1_first30_vwap_return_vs_open),Mul(0,Delta($pct_chg,5))))",f4aed1bdd78abf1ac73c24c10d22d593dfe039a42706eea61995e017aaf136d5,d7efe6e42fbb958b8e60896927e9b9aab298147b0e6ec0b9e14d413082d3893e,bdc347374e812c24dc65e8d2f3abd71f09258878338a45895544a289710733f3
active_bar,FIRSTN_PATH,cn.pair.2f6813b0d126d68fb79eef1a196f7b99,cn.comp.00dc636e9198e8f249b8,cn.comp.00dc636e9198e8f249b8.control,PAIR_EVALUATED,,-0.33700044,-0.33587175,-0.0011286899999999878,-0.03050342,-0.03070014,0.00019672000000000092,0.00355834,0.00234718,0.0012111600000000002,420478183,1.0,active_bar,stock-session after firstN maturity,"Mul(ZScore($m1_first15_range),Persistence(Positive($amount),20))","CSRank(Add(ZScore($m1_first15_range),Mul(0,Delta($amount,20))))",24f9996c47e6dfb1c9bc823730bab3d15434a6afa9e9e6c482e19db8d71b56ad,c9292d18b4a6764f92546d16b7c2c6ecbb03461f77aa9c2cb0264046aeb5add7,dd4b982920b3f56fb4bbf59bd5e666f76b3a38c39886ce650a1f3e32b5565e70
active_bar,FIRSTN_PATH,cn.pair.2f75ce1db3ce66d3864de69ba316a5b2,cn.comp.06941c097eeb0cfb3556,cn.comp.06941c097eeb0cfb3556.control,PAIR_EVALUATED,,-0.24190244,-0.16562775,-0.07627469,0.06407643,-0.01264513,0.07672156000000001,0.78582776,7.701e-05,0.7857507499999999,439033731,1.0,active_bar,stock-session after firstN maturity,"CSRank(Mul(ZScore($m1_first5_high),ZScore(Delta($pct_chg,3))))","CSRank(Add(ZScore($m1_first5_high),Mul(0,Delta($pct_chg,3))))",a5ff03bcd199f9e89e307c1fad164fe43b193d4b5f05d48e4df2c11dfaeed762,f0e0f3413e487a04cfa56b894b39261e892c805fcd493cf5e577c64ebce4d69a,b04bfb80ff4d052a2286748a50f7305ad745d1c47aa4dafbf7a9c5f202e20f2f
active_bar,FIRSTN_PATH,cn.pair.334e1d6bf3365ea3ca62829965c8fb69,cn.comp.00ca9c4430374fd96615,cn.comp.00ca9c4430374fd96615.control,PAIR_EVALUATION_BLOCKED,control_behavior_identity_equals_primary|control_signal_empty_or_constant|empty_pair_support|primary_signal_empty_or_constant,-2.3,-2.3,,,,,,,,0,0.0,active_bar,stock-session after firstN maturity,"CSRank(Mul(ZScore(PathShape($m1_first5_vwap_return_vs_open,20)),ZScore($open)))","CSRank(Add(ZScore($m1_first5_vwap_return_vs_open),Mul(0,Delta($open,20))))",c380e7536fa4a2d9db1a1c1538d0cd3f6cb5770ccbf0a62903db0db923fc48b5,a0f0b63b064fd1448a54b517f3b74699ff48ac6cedf68e8c9e7b2a25dc8a2339,f6361a1729b1cc2a5089ae23c04d30b7702d55cdab923b5198a26c4cf56b4dbc
active_bar,FIRSTN_PATH,cn.pair.370b4be98970e6de5778cd004c1bffe2,cn.comp.0ae93625f80d2a0e2ea0,cn.comp.0ae93625f80d2a0e2ea0.control,PAIR_EVALUATED,,-0.30882807,-0.30530748,-0.00352058999999999,0.01449019,-0.0137835,0.02827369,0.28801237,0.04360401,0.24440836000000002,370215512,1.0,active_bar,stock-session after firstN maturity,"CSRank(Mul(ZScore($m1_first30_high),ZScore(Delta($vwap,10))))","CSRank(Add(ZScore($m1_first30_high),Mul(0,Delta($vwap,10))))",18d081fb8c5b8d3eb83dc6b2d053298103b8353fd73d92cf8874062540e66e07,f93bc2c796fadaa391cb88be008f51df51a1a787d44c907276cee194e0ceaec2,d78f19bd0d2982a9def46e9331cc4fe978760b018999306872c1b1af5b5ead99
active_bar,FIRSTN_PATH,cn.pair.37e512f1ceed013357a48857902849af,cn.comp.00e186e8436d41a9b518,cn.comp.00e186e8436d41a9b518.control,PAIR_EVALUATED,,-0.10400991,-0.07737753,-0.026632379999999997,-0.00383263,-0.00236361,-0.0014690200000000001,0.01559486,0.00323573,0.01235913,439033731,1.0,active_bar,stock-session after firstN maturity,"Mul(ZScore($m1_first5_last_return_vs_open),Persistence(Positive($intraday_ret_from_open),3))","CSRank(Add(ZScore($m1_first5_last_return_vs_open),Mul(0,Delta($intraday_ret_from_open,3))))",59f82a01010539815bcd7c7a9be5edba85a62fd4f74cbdca365607ae73b2d282,3f80d535808617dd8e005877cf6e86754540309cc15afa5322dd749bbd50f762,b517f2b0456321a81e5e41e8c944cfe65b3d7243b5af74adabf155fccfb96dcd
active_bar,FIRSTN_PATH,cn.pair.38f0bad63505c34ec1b4aec7d035f3f2,cn.comp.0641f8bdfb8150ff5aab,cn.comp.0641f8bdfb8150ff5aab.control,PAIR_EVALUATION_BLOCKED,control_behavior_identity_equals_primary|control_signal_empty_or_constant|empty_pair_support|primary_signal_empty_or_constant,-2.3,-2.3,,,,,,,,0,0.0,active_bar,stock-session after firstN maturity,"CSRank(Mul(ZScore(PathShape($m1_first5_vol,20)),ZScore($vwap)))","CSRank(Add(ZScore($m1_first5_vol),Mul(0,Delta($vwap,20))))",661faab0be9bfae52311063f7f963858e5341207f7b9e914cb847987814835a4,b92c3af025f536d1d2efc59c900d25d5f5a0179cbf553f2a74f0467d8d34378e,e02f566868e1a868339d1cecd71775fb021ecd6f7dcf4eeaada8f933d315fc7f
active_bar,FIRSTN_PATH,cn.pair.3c657ca3d63cdb8360d91359f5d61c71,cn.comp.012f696a78cb95fa4c17,cn.comp.012f696a78cb95fa4c17.control,PAIR_EVALUATED,,-0.16646159,-0.16461066,-0.0018509300000000006,-0.01248342,-0.01248342,0.0,7.543e-05,7.543e-05,0.0,439002813,1.0,active_bar,stock-session after firstN maturity,"Mul(ZScore($m1_first5_last_close),Persistence(Positive($open),10))","CSRank(Add(ZScore($m1_first5_last_close),Mul(0,Delta($open,10))))",7fcedae03b82d269fe3296faf1b9e426d697c19e84ad828989a3e1779e9205cc,1525dd072898bc7a0508377dc5abcf67c692b0307cc57bc55ddd931e7d8eac2e,3a8fe0f9f75e002884db7c8e667b7b4a3125551ffc4f37df1c2bb3166ea06ca9
active_bar,FIRSTN_PATH,cn.pair.3c72c2c94ed508852a619789f6a4f0f3,cn.comp.0886507ea76fb242c70d,cn.comp.0886507ea76fb242c70d.control,PAIR_EVALUATED,,-0.56660131,-0.38232166,-0.18427965000000002,-0.02829883,-0.03200868,0.003709849999999997,0.18415004,0.00249094,0.1816591,392722156,1.0,active_bar,stock-session after firstN maturity,"CSRank(Sub(ZScore($m1_first30_range),ZScore(Delta($amount,20))))","CSRank(Add(ZScore($m1_first30_range),Mul(0,Delta($amount,20))))",51e1340216a7a4ffbd5487cf386b6480105210762b87043ed2fe54ce2d2feb96,8d440b5d5d5a21d4fe52443f0cbaf2040ad289e68e904f45127f00836f3c214b,52962260d116d86f985d4c78fe597f07710b823b96dd8e7f77801b47dfbed420
active_bar,FIRSTN_PATH,cn.pair.3d51da537eaaa82b9c5dd0c0ec0805de,cn.comp.07376bdf428f124b17e9,cn.comp.07376bdf428f124b17e9.control,PAIR_EVALUATED,,-0.72570033,-0.21017754,-0.51552279,0.00272973,-0.01337422,0.01610395,0.72744631,8.403e-05,0.72736228,392722156,1.0,active_bar,stock-session after firstN maturity,"CSRank(Mul(ZScore($m1_first30_last_close),ZScore(Acceleration($open,3))))","CSRank(Add(ZScore($m1_first30_last_close),Mul(0,Delta($open,3))))",81455c5408591d32df027959bc476d2e4a9b4d0e8cb2a17fa20c057f533ddee3,c877ffffd57e5484217e97715c78a828cfa8ec9b4426888120c6d52f36f0e90e,765fcb2934e5ed4dfbd3e69de16e0d0030964b23240e2f89c6070613bcbe3892
active_bar,FIRSTN_PATH,cn.pair.3d606ab9f337fff795edcd139290ba7c,cn.comp.019dda505e8e11e53992,cn.comp.019dda505e8e11e53992.control,PAIR_EVALUATED,,-0.26662416,-0.2096217,-0.057002460000000005,0.06825699,-0.01337422,0.08163121000000001,0.79429219,8.403e-05,0.7942081599999999,392722156,1.0,active_bar,stock-session after firstN maturity,"CSRank(Mul(ZScore($m1_first30_last_close),ZScore(Delta($ret_1m,5))))","CSRank(Add(ZScore($m1_first30_last_close),Mul(0,Delta($ret_1m,5))))",6c613fffa9c8a9bd61d450595d2ff8030473b8b04867c7779c4af9412796af34,691afe94bedc54022e53c6ee2a81843e11b7312c07c71fde92b691b7c14e6383,70c3d67f6dca103f99b3679be2899ef1315d20c04b2aaa2fd26d966df36b7cec
active_bar,FIRSTN_PATH,cn.pair.40787109af080383a571fbea58b337b1,cn.comp.050860d8e403b29631da,cn.comp.050860d8e403b29631da.control,PAIR_EVALUATED,,-0.70433434,-0.30220654,-0.4021277999999999,0.00141227,-0.02746436,0.02887663,0.69888138,0.00232979,0.69655159,439033731,1.0,active_bar,stock-session after firstN maturity,"CSRank(Mul(ZScore($m1_first5_range),ZScore(Acceleration($open,3))))","CSRank(Add(ZScore($m1_first5_range),Mul(0,Delta($open,3))))",71c0c6c51b9c0374ac3284b78a757e59bb97b49c30b05634d0d2528f5f2888cd,fd1e7e4d21251730201a402d8771833019a2bf6460343b0d990922b446a19085,782cabcaa7d19c4c11f68fc3331fa48bbd567d21afc3921422473324097f205e
active_bar,FIRSTN_PATH,cn.pair.409b636bf807ae2807f2e7fb7d48b443,cn.comp.06c0d2a11cf9484ab2c9,cn.comp.06c0d2a11cf9484ab2c9.control,PAIR_EVALUATED,,-0.53502811,-0.21462517,-0.3204029399999999,-0.01439481,-0.0136637,-0.0007311099999999984,0.2583208,8.726e-05,0.25823354000000004,392722156,1.0,active_bar,stock-session after firstN maturity,"CSRank(Sub(ZScore($m1_first30_high),ZScore(Delta($amount,10))))","CSRank(Add(ZScore($m1_first30_high),Mul(0,Delta($amount,10))))",88595feb4787f16b1da183c62dbccf85236ff0d62ce8e3a31043da3d0c0a05d6,e6faf1ab667d09f55663585217500172c39858fad7f94b70ac591d2ed9e0c324,e76931abe52fc768eb26082b9b5a4b5f3dd4f69782b3082dca807ba6f9049143
active_bar,FIRSTN_PATH,cn.pair.4127d76999a4aeb5c3ae3981b464b460,cn.comp.02df98c86d4fca994f13,cn.comp.02df98c86d4fca994f13.control,PAIR_EVALUATED,,-0.15332279,-0.05920907,-0.09411371999999998,-0.00271335,-0.00234453,-0.00036881999999999974,0.03338405,0.00326904,0.030115009999999998,438668090,1.0,active_bar,stock-session after firstN maturity,"CSResidual(ZScore($m1_first5_vwap_return_vs_open),ZScore(Delta($ret_1m,5)))","CSRank(Add(ZScore($m1_first5_vwap_return_vs_open),Mul(0,Delta($ret_1m,5))))",6b655cea7d03dae0022cceb54c3949e8923910f37d444df24a42e4f4b7ee7a2d,3284ba564ac32cd2905fae958bde049020fc0bddc2618aa6a24f9849f1ae8f5d,e02dcd4c6dfed6db65b1b87a0a8e57c1f91e596cb9a8bef1c7c9262279de0b69
active_bar,FIRSTN_PATH,cn.pair.41285b7aa80f7bc883185653ee43f6cc,cn.comp.07a869ad5e78dd0022b5,cn.comp.07a869ad5e78dd0022b5.control,PAIR_EVALUATED,,0.03534648,-0.18102376,0.21637024,0.10331458,-0.01272845,0.11604303,0.25478639,7.938e-05,0.25470700999999996,420509101,1.0,active_bar,stock-session after firstN maturity,"CSRank(Sub(ZScore($m1_first15_last_close),ZScore(Delta($intraday_ret_from_open,10))))","CSRank(Add(ZScore($m1_first15_last_close),Mul(0,Delta($intraday_ret_from_open,10))))",de9a967f291430233215ec2b76d1858b69310f7a5aa3948d4e782a61fc73fb7e,7b6896aa4730e8354470f5a66dbca2c27a874b387702fe6c5412124fe03b3ebc,dea357f55ddaea8551083360ee66717376847813d626690dd9269bfa0043f4b8
active_bar,FIRSTN_PATH,cn.pair.47568b10c37e019b486910397674ab42,cn.comp.035911452f59eec05aa4,cn.comp.035911452f59eec05aa4.control,PAIR_EVALUATED,,-0.11403771,-0.18193418,0.06789647,-0.00468844,-0.0127159,0.00802746,0.00735988,7.982e-05,0.00728006,420478183,1.0,active_bar,stock-session after firstN maturity,"Mul(ZScore($m1_first15_last_close),Persistence(Positive($intraday_ret_from_open),20))","CSRank(Add(ZScore($m1_first15_last_close),Mul(0,Delta($intraday_ret_from_open,20))))",f7171818bba32915a55c667a452abca62d298d24314acb6deeca5b566a7e5c10,619d8d2c96e27c30bce3007044a63680b19080c2bc66617a54347731f12a66f5,c7bf02712922427678be842b9d967a81afa13190648fe80b1ef86ac0a6877fbe
active_bar,FIRSTN_PATH,cn.pair.483730dbca6075913c60a15aa8cc5415,cn.comp.05bd00f1f201e07cd8e4,cn.comp.05bd00f1f201e07cd8e4.control,PAIR_EVALUATED,,-0.27402146,-0.26186501,-0.012156449999999985,0.04588267,-0.01328453,0.0591672,0.61916451,0.00101064,0.61815387,392722156,1.0,active_bar,stock-session after firstN maturity,"CSRank(Mul(ZScore($m1_first30_vol),ZScore(Acceleration($intraday_ret_from_open,5))))","CSRank(Add(ZScore($m1_first30_vol),Mul(0,Delta($intraday_ret_from_open,5))))",0aa29a062f5ec49e2a294e7bfc86e3acc750d3fce116419402507765f98350da,135ce51a7240c5143a2597a18df8c9b6b74de4aa09d9ef21d130e88cd64f3b51,2d9f6578e458170d566893c3a3d5a69549958bdb8686a4328ce8764d26ac3cc2
active_bar,FIRSTN_PATH,cn.pair.4896cad9559d99833a6b8165aa474dc3,cn.comp.04db8c8e1912cfd11b2b,cn.comp.04db8c8e1912cfd11b2b.control,PAIR_EVALUATED,,-0.0587054,-0.05852258,-0.0001828200000000002,-0.00271858,-0.00234311,-0.00037547000000000014,0.01020496,0.00325344,0.006951520000000001,438652539,1.0,active_bar,stock-session after firstN maturity,"Mul(ZScore($m1_first5_vwap_return_vs_open),Persistence(Positive($intraday_ret_from_open),10))","CSRank(Add(ZScore($m1_first5_vwap_return_vs_open),Mul(0,Delta($intraday_ret_from_open,10))))",3463c949ab791630addb2345ca482e174987d923092ceebb162e3cac730e5325,2cc0f0f11e21636b2266a0580ed5d4292a7cb280d4d5925fdbdd92f760475a66,86d091ff2909d8c030962f53747096f04860e7cca4e5dc4d788429736b0bdf20
active_bar,FIRSTN_PATH,cn.pair.4a4086666eba28a072553983335eff91,cn.comp.05586800812e4063aecd,cn.comp.05586800812e4063aecd.control,PAIR_EVALUATED,,-0.21480421,-0.16319006,-0.05161415,-0.01240555,-0.01248155,7.599999999999968e-05,0.02362785,8.691e-05,0.02354094,438992603,1.0,active_bar,stock-session after firstN maturity,"CSResidual(ZScore($m1_first5_last_close),ZScore(Delta($ret_1m,10)))","CSRank(Add(ZScore($m1_first5_last_close),Mul(0,Delta($ret_1m,10))))",1c0fafe7e798433442ad339fdf316d6ba497d8bec9b08d53e9fb6075b52fc0e0,91ffc17c13e613764dac7c6296a22abdc7107ab8d3ff3cbb606e066e3456aabc,247286d85b2bf9acea0b811123ca4a6d95f6d6a15761e51e958ff9b6a95b81a4
active_bar,FIRSTN_PATH,cn.pair.4ded9c10455a802064dad0363dc1e050,cn.comp.069ddfbfd639b769858c,cn.comp.069ddfbfd639b769858c.control,PAIR_EVALUATED,,-0.42827827,-0.38155763,-0.046720640000000035,-0.03177033,-0.03200868,0.00023834999999999829,0.03161682,0.00249094,0.029125879999999996,392722156,1.0,active_bar,stock-session after firstN maturity,"CSResidual(ZScore($m1_first30_range),ZScore(Delta($ret_1m,3)))","CSRank(Add(ZScore($m1_first30_range),Mul(0,Delta($ret_1m,3))))",f55a728af9f5d25ae25351b3d53a6389890e7219c248f42abaf97ba3122a80f8,692058f0dd60e28c5b519fc1245a79b333fe4273eb3181b7650b582bc4926a2d,651da189e9ceabdf8ae8bb44113eb8b7af6ee8d9fe65e82f1d49bcc400e1c9b5
active_bar,FIRSTN_PATH,cn.pair.4e62c866778ddd0742aa4e8589b3ae0c,cn.comp.032ef731f382025b6c0a,cn.comp.032ef731f382025b6c0a.control,PAIR_EVALUATED,,-0.16508921,-0.16597113,0.0008819200000000083,0.0253801,-0.01264513,0.03802523,0.27828623,7.701e-05,0.27820922000000003,439033731,1.0,active_bar,stock-session after firstN maturity,"CSRank(Sub(ZScore($m1_first5_high),ZScore(Delta($open,3))))","CSRank(Add(ZScore($m1_first5_high),Mul(0,Delta($open,3))))",df1c015555bad8b00a97f938dae1695a8aeefe6096c3c0d49e31857269de2a9b,fb377dc67bf60e109ad2547a03b145f9eb557457006a42bdef6d8446ae2b94ac,19cf3b085a2ad8367943580abb36428f73a838691edc29b750527d871acb854a
active_bar,FIRSTN_PATH,cn.pair.4fcd2a495145ce5f751618117d232aef,cn.comp.098de660a783aa4cfc9a,cn.comp.098de660a783aa4cfc9a.control,PAIR_EVALUATED,,-0.05371936,-0.16083565,0.10711629,-3.698e-05,-0.01233295,0.01229597,0.01352624,7.165e-05,0.01345459,439033731,1.0,active_bar,stock-session after firstN maturity,"Mul(ZScore($m1_first5_low),Persistence(Positive($intraday_ret_from_open),3))","CSRank(Add(ZScore($m1_first5_low),Mul(0,Delta($intraday_ret_from_open,3))))",b3d5f49bc50d87ca1e142ba839c6b26ad8c38ef7e19d5fa2c98ef35106519569,4f1e1ecadc00d73e1dc3237302c41d1f304c968fda56132f94bf1e8533bd7ef9,8d5e70e0c7c99a364c69503f11b879fdd40a9ab901e7dfa44b8ad9d7a2ec476f
active_bar,FIRSTN_PATH,cn.pair.51e7376d24eae65769a61dfdc5a4c803,cn.comp.04d01838f74d1542b1b3,cn.comp.04d01838f74d1542b1b3.control,PAIR_EVALUATED,,-0.57859334,-0.37987103,-0.19872230999999996,-0.00123356,-0.02443306,0.023199499999999998,0.54670182,0.00103206,0.54566976,392722156,1.0,active_bar,stock-session after firstN maturity,"CSRank(Mul(ZScore($m1_first30_amount),ZScore(Acceleration($amount,20))))","CSRank(Add(ZScore($m1_first30_amount),Mul(0,Delta($amount,20))))",35ad135a8270a14ddf4c6e9ded63b0013eb1e98c231fdc3446c609b955e7b61e,aa414a881fda9cb3f84676d7cb4765e1326880c7049c09aa602f3161f3e86120,5ee559b202c3b8d9f534bb1f1b9b68df95dcf650d0ad14ed97b86db3457d2c72
active_bar,FIRSTN_PATH,cn.pair.523de053700a907ef8078e928c631018,cn.comp.08849708fd6298bbb211,cn.comp.08849708fd6298bbb211.control,PAIR_EVALUATED,,-0.33614552,-0.11856157,-0.21758394999999997,0.01555061,-0.0042149,0.01976551,0.40268008,0.00337818,0.3993019,420195160,1.0,active_bar,stock-session after firstN maturity,"CSRank(Mul(ZScore($m1_first15_vwap_return_vs_open),ZScore(Delta($intraday_ret_from_open,5))))","CSRank(Add(ZScore($m1_first15_vwap_return_vs_open),Mul(0,Delta($intraday_ret_from_open,5))))",069fd383369b7f52daf2290f590683751dcec2db87c4478e69289901d32e52b7,48d964735e33aa29f31a7f901365801046385710d0824145b28697026538bc33,fa042b16569e163d9ea6d347536781fecd310884975281a97a1feda109f17e29
active_bar,FIRSTN_PATH,cn.pair.52660034a6999817f5fbc336f3129f45,cn.comp.00733e236483217e3972,cn.comp.00733e236483217e3972.control,PAIR_EVALUATED,,-0.49663775,-0.07881629,-0.41782146,0.00256201,-0.00236361,0.00492562,0.20368911,0.00323573,0.20045338000000001,439033731,1.0,active_bar,stock-session after firstN maturity,"Mul(ZScore($m1_first5_last_return_vs_open),Persistence(Positive($ret_1m),3))","CSRank(Add(ZScore($m1_first5_last_return_vs_open),Mul(0,Delta($ret_1m,3))))",5699b32f181e1b37f3abc73bc7529a75c2b1fadb6d05ef9c16c2e5459808fe48,3baa654748c7fb572f780ca4f90d9207fa206fe3c53906bd6fb10bc1a7b01a03,9b04f772fc9d59cce2eeaa8d4f93a1bcafc67f6174b39bdf65b6745f6054acfe
active_bar,FIRSTN_PATH,cn.pair.52f98c5bddf8dfc5ce06c39920de093e,cn.comp.008ecbe48fe900d0b035,cn.comp.008ecbe48fe900d0b035.control,PAIR_EVALUATED,,-0.26762471,-0.20893461,-0.058690099999999995,0.06838246,-0.01337422,0.08175668,0.79566403,8.403e-05,0.79558,392722156,1.0,active_bar,stock-session after firstN maturity,"CSRank(Mul(ZScore($m1_first30_last_close),ZScore(Delta($pct_chg,10))))","CSRank(Add(ZScore($m1_first30_last_close),Mul(0,Delta($pct_chg,10))))",671cf51c213ea4437f132771ea3707d03bb71fdd4419eef98aacef346bbb1bf5,aa18d77ef14bb228801b3463184e02e8dfb52de348fc9a5663805f6445e782b3,e8df1a10d2aa88edfc7f309bbe4c89723f77d28f6e8d00ae91946d3c1d92a522
active_bar,FIRSTN_PATH,cn.pair.56b7e74b8002b2fa9c388481f491ef03,cn.comp.049e267e5be133a99feb,cn.comp.049e267e5be133a99feb.control,PAIR_EVALUATED,,-0.69166214,-0.11676092,-0.57490122,0.00946705,-0.0037151,0.01318215,0.75740103,0.00356807,0.75383296,392722156,1.0,active_bar,stock-session after firstN maturity,"CSRank(Mul(ZScore($m1_first30_last_return_vs_open),ZScore(Acceleration($pct_chg,5))))","CSRank(Add(ZScore($m1_first30_last_return_vs_open),Mul(0,Delta($pct_chg,5))))",1f8dee97a5970cd05f30de319f52a490f9734fe7365463fb417a56167835d024,96ea5c5c8849acc22c9bd7c79dc65e298b52e2bfc438201703207d2206881956,53d0901a7fd8ee9f6e069763adbe8ff51b65c549458e51ab11c923458b4aedf7
active_bar,FIRSTN_PATH,cn.pair.575c5ee2139de9ea681c8ec004dc262f,cn.comp.096dabd2ea2fad60a8e2,cn.comp.096dabd2ea2fad60a8e2.control,PAIR_EVALUATED,,0.34483177,-0.05950597,0.40433774,0.07918258,-0.00235151,0.08153409,0.56956477,0.00325381,0.56631096,438601029,1.0,active_bar,stock-session after firstN maturity,"CSRank(Sub(ZScore($m1_first5_vwap_return_vs_open),ZScore(Delta($pct_chg,20))))","CSRank(Add(ZScore($m1_first5_vwap_return_vs_open),Mul(0,Delta($pct_chg,20))))",7baf310233e3109140b50f6480d58bf402289550489a9e0008fd3b876860351e,eca64bd252f502a55160063d8f4247d5fb0237204ac3bb87dee64d4967953155,601c43eddea3119b55ba6b991fda62b26ad9038280f7395f0b10af6b12e6c6d1
active_bar,FIRSTN_PATH,cn.pair.57639c9e1ad83bbdbf3669183b78aabc,cn.comp.084521be560e70e35309,cn.comp.084521be560e70e35309.control,PAIR_EVALUATED,,-0.43297414,-0.07855653,-0.35441761,0.00853472,-0.00236472,0.01089944,0.45430956,0.00323654,0.45107302,439002813,1.0,active_bar,stock-session after firstN maturity,"CSRank(Mul(ZScore($m1_first5_last_return_vs_open),ZScore(Acceleration($intraday_ret_from_open,10))))","CSRank(Add(ZScore($m1_first5_last_return_vs_open),Mul(0,Delta($intraday_ret_from_open,10))))",324869fe0bb5ed1b5dfff86f82a049f440e4f5aa646986a34661c66d6cd99c84,8e6a3928f6e11738e38af564db62873b73888861dd4db3fea6e53d9a9e31d701,1f8113cd482a289d6ac43c55453fae2d5c68b656182b00bdd4f17fe1f88840d8
active_bar,FIRSTN_PATH,cn.pair.5861d707d57c43a6a3306e5d13c918a3,cn.comp.00ba371e87beadba385d,cn.comp.00ba371e87beadba385d.control,PAIR_EVALUATED,,-0.26885461,-0.20920679,-0.05964781999999999,0.06807834,-0.01337422,0.08145256000000001,0.79477421,8.403e-05,0.79469018,392722156,1.0,active_bar,stock-session after firstN maturity,"CSRank(Mul(ZScore($m1_first30_last_close),ZScore(Delta($pct_chg,20))))","CSRank(Add(ZScore($m1_first30_last_close),Mul(0,Delta($pct_chg,20))))",73bcf15645652e57456f6db5df6f9a1991e8055ac197107a7683465de3f60bc8,501b74a9bb67494411c68dc0fa36fe93bf781d4d8f2a92e779a46b8bb55c143e,ff01f8bca8b19f255d8b38f4a383c8a1cd6f52a448bb480c60b3ae1917eb9144
active_bar,FIRSTN_PATH,cn.pair.5b2e4edd0651a6ee60c8367041392a9a,cn.comp.033538b20d39a481eb8f,cn.comp.033538b20d39a481eb8f.control,PAIR_EVALUATED,,-0.09860079,-0.29593335,0.19733256,-0.00843021,-0.02304919,0.01461898,0.00598771,0.00109486,0.004892850000000001,438951283,1.0,active_bar,stock-session after firstN maturity,"Mul(ZScore($m1_first5_amount),Persistence(Positive($intraday_ret_from_open),20))","CSRank(Add(ZScore($m1_first5_amount),Mul(0,Delta($intraday_ret_from_open,20))))",7c9f39decec17dd30d5ad32971b481b3b489c080fa101de9a4391351fb668cdf,9e1acabc16de6e9a1d6347bb55eccb6587ad39db96bc728d0b8f377eb692d8fe,4b4eb33d738f62dfc0377b0ea42449d0e393b88bce4a37c20f4129ecbb42cfad
active_bar,FIRSTN_PATH,cn.pair.5b42447ba2068067fc10f59d72426b69,cn.comp.0993963a5b61611c237a,cn.comp.0993963a5b61611c237a.control,PAIR_EVALUATED,,-0.22465204,-0.16506061,-0.05959143,-0.01310183,-0.01264513,-0.00045670000000000086,0.02471773,7.701e-05,0.02464072,439033731,1.0,active_bar,stock-session after firstN maturity,"CSResidual(ZScore($m1_first5_high),ZScore(Delta($intraday_ret_from_open,3)))","CSRank(Add(ZScore($m1_first5_high),Mul(0,Delta($intraday_ret_from_open,3))))",823aa7b04789f174ee6358d25f770799f41c116f277a2980d5c3f37f112f8e75,5e9909230c2be6eaa3adb85daae9f82ac098d72c0b8e7aceaf6eaab2e0803a14,b5bacb301205979d71581378c3d350c5e5355035bb6fd46ce4ae697c0e0ad418
active_bar,FIRSTN_PATH,cn.pair.5be484b71d0b33c84c7ab04c7a73388c,cn.comp.056491f5008e39fa2834,cn.comp.056491f5008e39fa2834.control,PAIR_EVALUATED,,-0.41432782,-0.1133922,-0.30093562,-0.00557806,-0.00394911,-0.0016289500000000005,0.21464636,0.00335508,0.21129128,420509101,1.0,active_bar,stock-session after firstN maturity,"CSRank(Sub(ZScore($m1_first15_last_return_vs_open),ZScore(Delta($amount,10))))","CSRank(Add(ZScore($m1_first15_last_return_vs_open),Mul(0,Delta($amount,10))))",f26a504a84b268445c7195d4563696bc705b84be702d70d86a9945e759375bb7,26517217324408c7fcc60a585d7d734ef6330e6667d47d4c37b41e7936c44909,90f476c9588b6462e12bd641628e4cc302f9f1ffc62b34524c06602549ddfe32
active_bar,FIRSTN_PATH,cn.pair.5d49391d7b8b9fbfc44b1a51f60f71dc,cn.comp.030cfc689e11788567aa,cn.comp.030cfc689e11788567aa.control,PAIR_EVALUATED,,-0.62248455,-0.38060307,-0.24188148000000004,0.00024985,-0.03200868,0.03225853,0.60280791,0.00249094,0.60031697,392722156,1.0,active_bar,stock-session after firstN maturity,"CSRank(Mul(ZScore($m1_first30_range),ZScore(Delta($amount,5))))","CSRank(Add(ZScore($m1_first30_range),Mul(0,Delta($amount,5))))",be78d7fb153f79bdf2b039921498d9baef516a10b609a9b99858b1b10d563a9e,347b0465e34414af19940f90805ba8a485f5f4d0beedcdff48f9e0ce2fe9e555,ec75a86cc7f85db54ca48101e2b289cd1bef0d94ce5597a0f0a0f6709965d976
active_bar,FIRSTN_PATH,cn.pair.5de912a726ac2cf998f8c343056e87d8,cn.comp.00902d56ed5b08a816d2,cn.comp.00902d56ed5b08a816d2.control,PAIR_EVALUATED,,-0.35784788,-0.11152203,-0.24632585,0.01559206,-0.00394911,0.01954117,0.47981925,0.00335508,0.47646416999999996,420509101,1.0,active_bar,stock-session after firstN maturity,"CSRank(Mul(ZScore($m1_first15_last_return_vs_open),ZScore(Delta($intraday_ret_from_open,3))))","CSRank(Add(ZScore($m1_first15_last_return_vs_open),Mul(0,Delta($intraday_ret_from_open,3))))",0019b428b71fe03a728ba333471aec6ad5c583b4ad37e4ccf73caad3fbbcf518,4b285d7455ee23c58b673453bc700f690622b81e91514a071c7ba876f37314e1,9b0407452f764d701fe2b2e371a57a3cccd2b528662be409c564709dc3a7d903
active_bar,FIRSTN_PATH,cn.pair.5f75fd0c278e2e345a07c66860c5c6dd,cn.comp.08bd5ecf9e02c857d3d4,cn.comp.08bd5ecf9e02c857d3d4.control,PAIR_EVALUATED,,-0.63500096,-0.38005147,-0.25494948999999995,-0.00142147,-0.02443306,0.02301159,0.60578446,0.00103206,0.6047524,392722156,1.0,active_bar,stock-session after firstN maturity,"CSRank(Mul(ZScore($m1_first30_amount),ZScore(Acceleration($amount,5))))","CSRank(Add(ZScore($m1_first30_amount),Mul(0,Delta($amount,5))))",bcc772ed1c44312e62fcfb3c52f052f0f4bb46f7de4c87ea8406fa1efc98c41a,8b06eb9d5f2082ea399c2969d7ed12e2196b720596bda81a855e00a57267f16a,6e597c977fd8b6fc2336d70644124b3d73688f886db452b16c2a7ec569bfa340
active_bar,FIRSTN_PATH,cn.pair.60081e91246c217788e8b07354c67947,cn.comp.09115599a3125e931968,cn.comp.09115599a3125e931968.control,PAIR_EVALUATED,,-0.36469137,-0.15701634,-0.20767503,0.00395117,-0.0024231,0.0063742700000000005,0.23208544,0.03715582,0.19492962,413247009,1.0,active_bar,stock-session after firstN maturity,"CSRank(Mul(ZScore($m1_first5_vwap_return_vs_open),ZScore(Delta($vwap,10))))","CSRank(Add(ZScore($m1_first5_vwap_return_vs_open),Mul(0,Delta($vwap,10))))",d1fc1579bb3a9440d57a737dc51470b84e2bb9f1fec630db7f4c6ab274965a2f,ea4e50d28d127795479b6be3e576af8efbe8417009b22ddcd7605b9178e3a0a3,d3180de3ebdc4725dc076b6a2ef01f5b9009d485d1a597d0f917341ed1dfb904
active_bar,FIRSTN_PATH,cn.pair.607269474e7b3fc3b8a126385130524b,cn.comp.0157a18397e4c2a6cb69,cn.comp.0157a18397e4c2a6cb69.control,PAIR_EVALUATED,,-0.41821637,-0.33912291,-0.07909346,-0.02335026,-0.0240362,0.0006859399999999995,0.04229277,0.00103597,0.0412568,420509101,1.0,active_bar,stock-session after firstN maturity,"CSResidual(ZScore($m1_first15_amount),ZScore(Delta($pct_chg,10)))","CSRank(Add(ZScore($m1_first15_amount),Mul(0,Delta($pct_chg,10))))",927c26bd3ae902b4840c102c1e407d6574c845e9711ecf74a566825437b57f21,3d6767dffc38190b6a8d47271c17b85184cdde1821e6732a3860afa52a0a5072,055556bdcfe1f40cbdf5a476dd3fc574045e3c555fd841770245285e18aaaccb
active_bar,FIRSTN_PATH,cn.pair.64a490f0115a9b3fd2e5d9ef030e56c0,cn.comp.04f74fdb4d7a78828a6b,cn.comp.04f74fdb4d7a78828a6b.control,PAIR_EVALUATED,,-0.23988764,-0.18044286,-0.05944478,-0.01160419,-0.0127159,0.0011117100000000001,0.03446915,7.982e-05,0.034389329999999996,420478183,1.0,active_bar,stock-session after firstN maturity,"CSResidual(ZScore($m1_first15_last_close),ZScore(Delta($amount,20)))","CSRank(Add(ZScore($m1_first15_last_close),Mul(0,Delta($amount,20))))",63d09c14fc9ab2cdf7ad563131d29565e21c0cce6b3567b6e9a78fbfd268ad16,e3f894dfe8a5e4dd59d27010477e44a4066b31df65471ec34f087737bfdaf7de,c585a26a44651c79b2e9d128611f5975f117a572c6e58e2a41c4d0b2abf60868
active_bar,FIRSTN_PATH,cn.pair.65449cdefd150a218b6c8a7377ada2f7,cn.comp.0207173117576a542dce,cn.comp.0207173117576a542dce.control,PAIR_EVALUATED,,0.09266227,-0.2138527,0.30651497,0.09355081,-0.0136637,0.10721451,0.62763281,8.726e-05,0.62754555,392722156,1.0,active_bar,stock-session after firstN maturity,"CSRank(Sub(ZScore($m1_first30_high),ZScore(Delta($pct_chg,20))))","CSRank(Add(ZScore($m1_first30_high),Mul(0,Delta($pct_chg,20))))",a70a97596f5159aaf9f4c248b074026109baad75bb6e98375d991e2b63866709,80fa5202a417ee75b39d28fb0c9a88b977efe868ab715724e214704f67dacee5,3357e3811323e3934353a289dce424ebb8afea1b9c4550173aef62def5995275
active_bar,FIRSTN_PATH,cn.pair.662bd071c4b9909899def0849396d931,cn.comp.03075d3859d546f8bdb7,cn.comp.03075d3859d546f8bdb7.control,PAIR_EVALUATED,,-0.44075288,-0.33621913,-0.10453375000000004,0.00438527,-0.03070871,0.03509398,0.17505554,0.00234619,0.17270935,420509101,1.0,active_bar,stock-session after firstN maturity,"Mul(ZScore($m1_first15_range),Persistence(Positive($pct_chg),3))","CSRank(Add(ZScore($m1_first15_range),Mul(0,Delta($pct_chg,3))))",3e0f70519662ebf8ea8e24c8c419bcefff40747d87f698b62150f5769df79bd6,36155afb3708040b4bfc8fb5ee9ca1841c8bece682eceaac8b1c1233bc2860ad,34237445359040e5d3f539f095f5d666bd0abbb88967be8e13b1a15dbbc78bf4
active_bar,FIRSTN_PATH,cn.pair.69648ad5515de9d82e89a97a233d7303,cn.comp.020484fb2f8981f5f566,cn.comp.020484fb2f8981f5f566.control,PAIR_EVALUATED,,-0.37972705,-0.16435469,-0.21537236,-0.00984236,-0.01249441,0.0026520499999999995,0.14971808,7.502e-05,0.14964306,439033731,1.0,active_bar,stock-session after firstN maturity,"CSResidual(ZScore($m1_first5_last_close),ZScore(Delta($open,3)))","CSRank(Add(ZScore($m1_first5_last_close),Mul(0,Delta($open,3))))",483345742d8530bd035bf1f79fc70e41814858808eff9faff0cbde016bccdd7f,3d85b811096d32c6de14355cab76d8f19385c618329f6eb0056f0b36f199e128,2eafafdc6976b5f782c64aa2ee80d494dbe571337ac5ed48867fcec897feb147
active_bar,FIRSTN_PATH,cn.pair.69d9764bdab900f24535920086720d0f,cn.comp.0564168d2e2855021539,cn.comp.0564168d2e2855021539.control,PAIR_EVALUATED,,-0.20401861,-0.14275651,-0.061262099999999986,-0.00492827,-0.00473713,-0.00019114000000000023,0.02989123,0.00358576,0.02630547,392429596,1.0,active_bar,stock-session after firstN maturity,"CSResidual(ZScore($m1_first30_vwap_return_vs_open),ZScore(Delta($pct_chg,10)))","CSRank(Add(ZScore($m1_first30_vwap_return_vs_open),Mul(0,Delta($pct_chg,10))))",6f2209bfb18d17286d3c9e2f466d6013c75726395dbe3d530b22350cd72a0045,6f331feeb5497086da7e2d99245a8e54f73c76b59b3670ec3c9da40e12024492,8afccde6ec91d5da473a226078506decfa6620e4e0b0a17c77a05cbb5ce45535
active_bar,FIRSTN_PATH,cn.pair.6a23bb36eb1af1922bfc862c41740b11,cn.comp.0098cad53c6ba24a1831,cn.comp.0098cad53c6ba24a1831.control,PAIR_EVALUATED,,-0.40161589,-0.05914565,-0.34247024,0.10675986,-0.00234199,0.10910185,0.36173901,0.00325269,0.35848632,438683445,1.0,active_bar,stock-session after firstN maturity,"CSRank(Sub(ZScore($m1_first5_vwap_return_vs_open),ZScore(Delta($intraday_ret_from_open,3))))","CSRank(Add(ZScore($m1_first5_vwap_return_vs_open),Mul(0,Delta($intraday_ret_from_open,3))))",d34683d9957e40e979c56026085e865cee97b8c677e2a9320922a25f216d85a7,5fd5e2f9ded289b0740e7e7a60247668e5a953e20e51eb97d4c1bdfbaa5dfc64,b8cdb98ab71db120e4ee63ba3c6df5cb4b2dc38a82448cfaf81f774f897ed315
active_bar,FIRSTN_PATH,cn.pair.6dedce82307d291b83c01aecae955a64,cn.comp.072fe9f1195acf611d94,cn.comp.072fe9f1195acf611d94.control,PAIR_EVALUATED,,0.08132835,-0.33907765,0.420406,0.02760534,-0.0240362,0.05164154,0.09876092,0.00103597,0.09772495,420509101,1.0,active_bar,stock-session after firstN maturity,"Mul(ZScore($m1_first15_amount),Persistence(Positive($ret_1m),5))","CSRank(Add(ZScore($m1_first15_amount),Mul(0,Delta($ret_1m,5))))",d329e00ea1e814ad56d784899182f888a70105bd6d27bc27d5032ee1e146ad93,169349b98b0ffcd9ba95d19943b8ee45efffaf599e957fe21ceb994d44584825,58b4364d55a73dbef2fe458aac6a54c5dd0c358ab22eca3760d018b096629118
active_bar,FIRSTN_PATH,cn.pair.6e27e72be7193fd5994267b3f0a710dc,cn.comp.049aa580d4374f1e10ac,cn.comp.049aa580d4374f1e10ac.control,PAIR_EVALUATED,,0.31803007,-0.18030718,0.49833725,0.0895832,-0.01272845,0.10231165,0.51736522,7.938e-05,0.51728584,420509101,1.0,active_bar,stock-session after firstN maturity,"CSRank(Mul(ZScore($m1_first15_last_close),ZScore(Delta($intraday_ret_from_open,3))))","CSRank(Add(ZScore($m1_first15_last_close),Mul(0,Delta($intraday_ret_from_open,3))))",f4a4a304910aac27e418ec42ad36626a346ad3dcaf553f11d0b0e340b46b19ce,37eca36c444c9bdbc8944618aaa2c3c831df933ea80e4eb9ce422b2a234c8117,cc7903798c4fc46cf874f264aeaf0d697d12c9f63f3c129e9a0ea7bf83c51098
active_bar,FIRSTN_PATH,cn.pair.6f4aedd9bcb2685c71688019faf4bb2d,cn.comp.098385f7c56787703b6a,cn.comp.098385f7c56787703b6a.control,PAIR_EVALUATED,,-0.26205241,-0.29616269,0.03411027999999999,0.07179532,-0.02306796,0.09486328,0.80736042,0.00111161,0.8062488099999999,439018368,1.0,active_bar,stock-session after firstN maturity,"CSRank(Mul(ZScore($m1_first5_amount),ZScore(Delta($ret_1m,5))))","CSRank(Add(ZScore($m1_first5_amount),Mul(0,Delta($ret_1m,5))))",8acd632d75936965181839811ba90a8875177d13b3868cbb563a5cc0e0cf123e,709de24bf5120fccf4398d0bd9bac53c1df589aa6083d7ff4f2b45a998c1d832,89b22919aaaff68ae84c9f15cfd261202a8ffd111a7e4016beb1f23f32df9a44
active_bar,FIRSTN_PATH,cn.pair.6fede481e0dc0b9894c826df5d0c2060,cn.comp.037718422356bbe1799c,cn.comp.037718422356bbe1799c.control,PAIR_EVALUATED,,-0.26030265,-0.33758418,0.07728152999999999,-0.00431093,-0.03070871,0.02639778,0.11461737,0.00234619,0.11227118,420509101,1.0,active_bar,stock-session after firstN maturity,"CSRank(Sub(ZScore($m1_first15_range),ZScore(Delta($open,10))))","CSRank(Add(ZScore($m1_first15_range),Mul(0,Delta($open,10))))",175f3abf64e905ead2fd6cc6a96e8846b5c64b28280242b30e91b0af5e78b828,f35ea1d17392ace193d0c2d9385045bd2b2c803068078793ccfc21c9672185a5,92ff9494d3f8374e48a8ee78d5e1c87970e991448b4538041466bb06e2240f16
active_bar,FIRSTN_PATH,cn.pair.7cd268fe1eb811b77d6019e3c4fcc9a4,cn.comp.00b3869c5a4723587d0f,cn.comp.00b3869c5a4723587d0f.control,PAIR_EVALUATED,,0.01239302,-0.27064647,0.28303948999999995,0.03685539,-0.01283703,0.04969242,0.17324203,0.04174798,0.13149405,397690995,1.0,active_bar,stock-session after firstN maturity,"CSRank(Sub(ZScore($m1_first15_last_close),ZScore(Delta($vwap,10))))","CSRank(Add(ZScore($m1_first15_last_close),Mul(0,Delta($vwap,10))))",f93be7f20ac5c557f2fea2385d387bc8f9fab8c3538ab23f299a60f88aeb6812,6ada0386bd6818e0709ed9b6e738cb94f47b5410b8a753ca581e413948eb0dc0,04fbd7a189c85edbc167e4441931607669ebca1434a56142b61bb6ef8b837ae2
active_bar,FIRSTN_PATH,cn.pair.7f09c63b81be5b371981a2cc6ea0c369,cn.comp.0a7995c66440e26ab02c,cn.comp.0a7995c66440e26ab02c.control,PAIR_EVALUATED,,-0.56776997,-0.23548477,-0.33228519999999995,0.03013104,-0.01361853,0.04374957,0.79866368,0.00102179,0.79764189,420509101,1.0,active_bar,stock-session after firstN maturity,"CSRank(Mul(ZScore($m1_first15_vol),ZScore(Acceleration($ret_1m,5))))","CSRank(Add(ZScore($m1_first15_vol),Mul(0,Delta($ret_1m,5))))",459e4d9f212f075fa4daa811df4f5e32753b714a1633138cacfa63ccd1ee6757,7b26f19deb1a98ed63e2b2725a859c84f05701f63c8679fde72113d7a1fb03e0,0aeca1022f94532f629d07c507735df6750fe2b69091298f77e3f56d24afb82e
active_bar,FIRSTN_PATH,cn.pair.7f723e79139afd42c4545568feacff61,cn.comp.0042fc4b959e8c43ceff,cn.comp.0042fc4b959e8c43ceff.control,PAIR_EVALUATED,,-0.16843572,-0.14328244,-0.02515328,-0.00478095,-0.00473713,-4.381999999999997e-05,0.01335864,0.00358576,0.00977288,392429596,1.0,active_bar,stock-session after firstN maturity,"Mul(ZScore($m1_first30_vwap_return_vs_open),Persistence(Positive($amount),3))","CSRank(Add(ZScore($m1_first30_vwap_return_vs_open),Mul(0,Delta($amount,3))))",8fde1928a4efdc65f036ca93f26ba8368b118f64d4bd891bc7605ebe43c78060,d5f54ec31e5481b1beb7294cceb2cc1f1015a50877515573e2b8f2969f47487f,fa631f25013ff22e40abece9f9d6689aa7f9d2e946bc78e81ddef953d1b1e048
active_bar,FIRSTN_PATH,cn.pair.7f9242c622810dfbff52e79d68470d6f,cn.comp.0c4d53fb64df660b02e9,cn.comp.0c4d53fb64df660b02e9.control,PAIR_EVALUATED,,0.04385863,-0.24888001,0.29273864,0.04427916,-0.01259546,0.05687462,0.27102614,0.03957453,0.23145161000000003,416205817,1.0,active_bar,stock-session after firstN maturity,"CSRank(Sub(ZScore($m1_first5_last_close),ZScore(Delta($vwap,3))))","CSRank(Add(ZScore($m1_first5_last_close),Mul(0,Delta($vwap,3))))",72e804b2fd0f0e4f1e648c0f03a4acfacbca944b559951d394360b3b4a4897d8,12f08b890d6ca66138d955e0fce3867af5ce7382a3f8f6df5e46aef93251c0c9,65e42e020eb73a320f5f0565824076efd40e126cd0c836441189daab077d146c
active_bar,FIRSTN_PATH,cn.pair.7fcb1777a2c209d1ef8cd2713f1b165d,cn.comp.033afde2f27a2f50c758,cn.comp.033afde2f27a2f50c758.control,PAIR_EVALUATED,,-0.02307934,-0.29566307,0.27258372999999997,0.01617477,-0.02306518,0.03923995,0.0210931,0.00110889,0.01998421,438962261,1.0,active_bar,stock-session after firstN maturity,"Mul(ZScore($m1_first5_amount),Persistence(Positive($ret_1m),10))","CSRank(Add(ZScore($m1_first5_amount),Mul(0,Delta($ret_1m,10))))",beeabf92cee217c671b5203790d790ec615e7cff8535c9e87f505079f4fdc3d1,082378e61b912eec0c4df94fe7421a533a7a7f0ae528902c754a0225ea30aac2,00346e93e17c60e6a2997767a5cdc01e260697b6a491a999cd3f633fb71caaf1
active_bar,FIRSTN_PATH,cn.pair.80c9fbd1b77c8c2c1e8533f22a8bbfd0,cn.comp.0c4a2e762ad34aed80fe,cn.comp.0c4a2e762ad34aed80fe.control,PAIR_EVALUATED,,-0.167657,-0.07853393,-0.08912307,-0.00266863,-0.00236472,-0.0003039100000000001,0.03864492,0.00323654,0.035408379999999996,439002813,1.0,active_bar,stock-session after firstN maturity,"CSResidual(ZScore($m1_first5_last_return_vs_open),ZScore(Delta($pct_chg,10)))","CSRank(Add(ZScore($m1_first5_last_return_vs_open),Mul(0,Delta($pct_chg,10))))",2a5ee504336cfc886620d9ed54da1f111189380201a23953bfa1e39ac55c56ee,c383aa103322e6dea0a7b12710f91afd15179770e43165700e64e93af3ed63f7,79f39a5e12e27344558d4ed6de4b0c070f0f8487f6eee2406024de09463c0f9d
active_bar,FIRSTN_PATH,cn.pair.87723338e05d061db029434adc6fd68a,cn.comp.050fd8c7832e0e712b54,cn.comp.050fd8c7832e0e712b54.control,PAIR_EVALUATED,,-0.16648478,-0.26733239,0.10084760999999998,0.03513913,-0.01381694,0.04895607,0.33499992,0.01316739,0.32183253,397759253,1.0,active_bar,stock-session after firstN maturity,"CSRank(Mul(ZScore($m1_first15_vol),ZScore(Delta($vwap,5))))","CSRank(Add(ZScore($m1_first15_vol),Mul(0,Delta($vwap,5))))",d5fb14eb4690eebd6c449038545335bd29f7e50b0d98e786810eb1e519888d7f,583f846b8635c7d8c390012ab45d7ffefd669a9b6c46bee52dd9b61165fc36e0,b6dbc9c3d1e31cc177908ab27f3eda45d149d27f935897f8ff6f01cf489580d0
active_bar,FIRSTN_PATH,cn.pair.882953bf398167c27636c010dc90ce11,cn.comp.062bc838b9e19d6f1d7e,cn.comp.062bc838b9e19d6f1d7e.control,PAIR_EVALUATION_BLOCKED,control_behavior_identity_equals_primary|control_signal_empty_or_constant|empty_pair_support|primary_signal_empty_or_constant,-2.3,-2.3,,,,,,,,0,0.0,active_bar,stock-session after firstN maturity,"CSRank(MultiScaleRelation($m1_first5_amount,$ret_1m,5,20))","CSRank(Add(ZScore($m1_first5_amount),Mul(0,Delta($ret_1m,10))))",3149f02997e428b7806469c1d910757bc154f7c4fde861218ba488aeb5b869f4,f0ce840953c8925b55026a303b08a25204f0cfcb01b43a14f95dd09c53a4585f,e94ae620fdc30240b4ff4f1a1a9d5294742ade52257aa82c4c71728427aa197d
active_bar,FIRSTN_PATH,cn.pair.884ff81a8b0e03d216f198e9a42d39ed,cn.comp.039b5e96b3671093ea20,cn.comp.039b5e96b3671093ea20.control,PAIR_EVALUATION_BLOCKED,control_behavior_identity_equals_primary|control_signal_empty_or_constant|empty_pair_support|primary_signal_empty_or_constant,-2.3,-2.3,,,,,,,,0,0.0,active_bar,stock-session after firstN maturity,"CSRank(MultiScaleRelation($m1_first5_high,$vwap,5,20))","CSRank(Add(ZScore($m1_first5_high),Mul(0,Delta($vwap,20))))",67e6148fd68ab9193cf6d042a78a53b72dae43edf74d0017a748fc675291c597,a260338d2b1b8cbbe207f275cbd4026155779273829df021cec02cdb414a7279,785f798a98974188c7fd1a215be7176f88ebbb2b7e038d75e79dc9421a7fc2bc
active_bar,FIRSTN_PATH,cn.pair.8e6e3fe0775b46b2fd16e2e7fc38f39c,cn.comp.0ac41e2b1c513922c4b5,cn.comp.0ac41e2b1c513922c4b5.control,PAIR_EVALUATED,,-0.09787659,-0.33850172,0.24062513000000002,0.01411827,-0.0240362,0.03815447,0.01692075,0.00103597,0.015884779999999998,420509101,1.0,active_bar,stock-session after firstN maturity,"Mul(ZScore($m1_first15_amount),Persistence(Positive($pct_chg),10))","CSRank(Add(ZScore($m1_first15_amount),Mul(0,Delta($pct_chg,10))))",090090c0efc99df771e46afefd032e7ac9e5f6b617a429dfae71e99ad417f107,e6773a5dff48ae9c269074fe9d0f807849d53822f2b92f84a2d309e91bbb3283,cbf69e486d221f2dd48a2c4fb6a878b0e55c8ec7189edb69f09e17423f73a06d
active_bar,FIRSTN_PATH,cn.pair.8e8ed66db3c3644f71114edcee5de7f9,cn.comp.07071858e0cf8f76b48d,cn.comp.07071858e0cf8f76b48d.control,PAIR_EVALUATED,,-0.38464412,-0.2136626,-0.17098151999999997,0.00726595,-0.0136637,0.02092965,0.3122659,8.726e-05,0.31217864,392722156,1.0,active_bar,stock-session after firstN maturity,"CSRank(Mul(ZScore($m1_first30_high),ZScore(Delta($open,10))))","CSRank(Add(ZScore($m1_first30_high),Mul(0,Delta($open,10))))",683886bff1bcf605bc0245f6c4e7bf5f3cef6fc8fe3fc94d8fe8be707774229e,32891256177899aa1f726df7ea2a2457c320c79250f23ff3845e6c5b93030bfb,46bb5d3b2611c0e7dd8fba614c14e4ab886587fafbf9d085701a454ed386b8a7
active_bar,FIRSTN_PATH,cn.pair.949e10a3201b6c61f12730a9cd9bd9eb,cn.comp.0461b5139884d5827681,cn.comp.0461b5139884d5827681.control,PAIR_EVALUATED,,-0.53351092,-0.28084338,-0.25266754,0.02066277,-0.01307474,0.03373751,0.66544696,0.00784549,0.65760147,357346592,1.0,active_bar,stock-session after firstN maturity,"CSRank(Mul(ZScore($m1_first30_vol),ZScore(Acceleration($vwap,3))))","CSRank(Add(ZScore($m1_first30_vol),Mul(0,Delta($vwap,3))))",3b8efbed37b364bf7412240e763ae8357925f77ebc4ea23c12d919c9e1789f25,979ab56d3a04ab780fbdecc2b1bd9dd44536722b923e52d22f80cc780be27d8c,fc47fc58cd03bd9c5d881db35e1afe5b8f1372b8ceeb8139a870a7b9e5e21eb2
active_bar,FIRSTN_PATH,cn.pair.99cc4ab641fddf189940c0cc9854a9b4,cn.comp.01a603a67ace991bf1f0,cn.comp.01a603a67ace991bf1f0.control,PAIR_EVALUATED,,-0.1159493,-0.07831967,-0.03762963000000001,-0.00237078,-0.00236436,-6.420000000000037e-06,0.0185112,0.00323635,0.01527485,439028578,1.0,active_bar,stock-session after firstN maturity,"CSResidual(ZScore($m1_first5_last_return_vs_open),ZScore(Delta($open,5)))","CSRank(Add(ZScore($m1_first5_last_return_vs_open),Mul(0,Delta($open,5))))",694f4addd6c4f77455d3195a2e7868f0b33cb5504ac9471542d17c25d19b1292,465dc4009490061318b6404529a162e5f48994d9c98590709d39bb40e01c7d19,88be1eba84ab77fee79957293bbda626e64d4cdae51a6ae396f830524f4e4108
active_bar,FIRSTN_PATH,cn.pair.a09ffe26149eaf234f71a3a4d9e3ac41,cn.comp.0a4dc86b9f17f975ea46,cn.comp.0a4dc86b9f17f975ea46.control,PAIR_EVALUATED,,-0.40715582,-0.20008468,-0.20707114000000001,0.00651545,-0.00403332,0.010548769999999999,0.30848513,0.03567267,0.27281246,370314476,1.0,active_bar,stock-session after firstN maturity,"CSRank(Mul(ZScore($m1_first30_last_return_vs_open),ZScore(Delta($vwap,5))))","CSRank(Add(ZScore($m1_first30_last_return_vs_open),Mul(0,Delta($vwap,5))))",5b009679c8518699b883c8918c6a6e55c4726698af4080b1c4b4d7db32a59a04,3bae5546253cdbdb80c8967d644310454a2600a4eed00d5654a2c4f4dd26cc78,6566ff818bfcbd17e4c336d548c12d7522b4a99e409af22f1ea601ab57e89775
active_bar,FIRSTN_PATH,cn.pair.a25bd1bcd65c51b2b965ffaf2393835d,cn.comp.0971393945b9d6d56a53,cn.comp.0971393945b9d6d56a53.control,PAIR_EVALUATED,,0.21027654,-0.34005634,0.55033288,0.03895577,-0.0240362,0.06299197000000001,0.167656,0.00103597,0.16662003,420509101,1.0,active_bar,stock-session after firstN maturity,"Mul(ZScore($m1_first15_amount),Persistence(Positive($ret_1m),3))","CSRank(Add(ZScore($m1_first15_amount),Mul(0,Delta($ret_1m,3))))",14dc227e241c33cf09d2a0c064b12f7e9d5f13ec3fda76e284e829403c2ef950,d154cbb329d07c6f93cc19901669bbe9dac59b9cb0966230f571886751fbb679,1aa70fbafd76e22f7b60c4cab0da64dd725bcafcdfd37a769d5a1d213c79f1a5
active_bar,FIRSTN_PATH,cn.pair.a2d08568d4362fd54f2ec625364498ab,cn.comp.09f126a07df60d18efee,cn.comp.09f126a07df60d18efee.control,PAIR_EVALUATED,,-0.37911429,-0.16122581,-0.21788848000000002,-0.00967376,-0.01233295,0.0026591900000000005,0.14983547,7.165e-05,0.14976382,439033731,1.0,active_bar,stock-session after firstN maturity,"CSResidual(ZScore($m1_first5_low),ZScore(Delta($open,3)))","CSRank(Add(ZScore($m1_first5_low),Mul(0,Delta($open,3))))",528afdc5cd2dfad419a0d37142db261920c900629b21d14021e31fb576754855,dd87f9eb25542249ebba9163e950243ee2fb8e3ba0ea5e66f1c1e3edcce8e1ac,a842e1b6deb3c140cf25db407d72bf0caf1eea1b2d2ae6d9ee4aef0691d3cbb3
active_bar,FIRSTN_PATH,cn.pair.a4b9e28c5fbda21630bca48361390073,cn.comp.0283e274a0eb8fb66876,cn.comp.0283e274a0eb8fb66876.control,PAIR_EVALUATED,,-0.13913358,-0.12009547,-0.01903811000000001,-0.004158,-0.0042149,5.6899999999999486e-05,0.01381963,0.00337818,0.01044145,420195160,1.0,active_bar,stock-session after firstN maturity,"CSResidual(ZScore($m1_first15_vwap_return_vs_open),ZScore(Delta($amount,3)))","CSRank(Add(ZScore($m1_first15_vwap_return_vs_open),Mul(0,Delta($amount,3))))",1282963aeee56d2b63f9febfacb56e65e6bfd6b6d4a0361d0d7ed432c30c77b1,ffc71a6644ccc5824d474ed2ac2feef0b5c0fc9dbdcb7625b850f88141b4840e,70e4be9b4348a7a90144600a22ccc9047bbc05fff08e4ed82e9f3b204b9b54c1
active_bar,FIRSTN_PATH,cn.pair.a54849c2108ed4ccacc17d263609bcdd,cn.comp.0c5d084a0c2b2dae9cf0,cn.comp.0c5d084a0c2b2dae9cf0.control,PAIR_EVALUATED,,-0.18618584,-0.18695773,0.0007718899999999973,-0.0126872,-0.0126872,0.0,0.01842268,0.01842268,0.0,402884825,1.0,active_bar,stock-session after firstN maturity,"Mul(ZScore($m1_first5_high),Persistence(Positive($vwap),3))","CSRank(Add(ZScore($m1_first5_high),Mul(0,Delta($vwap,3))))",0211d865200a2b81b6284f25243c27751a148cb95c935c285efa2c2163b81ba3,57e604cf0b7534af05ceb56b82bae9d3be3b374a2bfffb611c004fc2814176c8,6092af4957b7a960e195677a44fdcc083c3d06d7edd53d6226c5195c7f2d5263
active_bar,FIRSTN_PATH,cn.pair.a7643478801d7d02c4abc9d23df88309,cn.comp.0b3f3c501f5e48f03ba0,cn.comp.0b3f3c501f5e48f03ba0.control,PAIR_EVALUATED,,-0.42610521,-0.38039576,-0.045709449999999985,-0.02387855,-0.02443306,0.0005545100000000011,0.02718599,0.00103206,0.02615393,392722156,1.0,active_bar,stock-session after firstN maturity,"CSResidual(ZScore($m1_first30_amount),ZScore(Delta($intraday_ret_from_open,20)))","CSRank(Add(ZScore($m1_first30_amount),Mul(0,Delta($intraday_ret_from_open,20))))",f518e8a8c877e9ab1c850f1c846f7a9780bd6af12e241f258c5361ede567eec3,dc859cd62cb630e9425ad46acdfeac62ecb4c6c6db0dd3a4e3fcfacc2be1c492,dbec188c045b0dbc63567c3ba7520793d3f528e2aeb175a32c510b7f086159ab
active_bar,FIRSTN_PATH,cn.pair.a9dcccc66b53c39370f508e1bb111ed9,cn.comp.0a347e77d8df9e3707ad,cn.comp.0a347e77d8df9e3707ad.control,PAIR_EVALUATED,,-0.44347624,-0.19403859,-0.24943765,0.0067074,-0.00444485,0.011152249999999999,0.38350068,0.03435891,0.34914176999999996,397804691,1.0,active_bar,stock-session after firstN maturity,"CSRank(Mul(ZScore($m1_first15_vwap_return_vs_open),ZScore(Delta($vwap,3))))","CSRank(Add(ZScore($m1_first15_vwap_return_vs_open),Mul(0,Delta($vwap,3))))",687b971d1a37cfc83a5769bd758b80ec137db89b577ee7c2837d222d63b2be81,43f363baec63fd98794215bfd5f5b43e6a4281046f0ee54ec0897061b9a8a415,b0ac7a0dc19d9a4f0e666fd3cb9479f0ee5ce29aa4c00a4de3406d3592ace3ad
active_bar,FIRSTN_PATH,cn.pair.aaa56f0e74b8c2e448109877c811f8d3,cn.comp.00f7172206ec35559b74,cn.comp.00f7172206ec35559b74.control,PAIR_EVALUATION_BLOCKED,control_behavior_identity_equals_primary|control_signal_empty_or_constant|empty_pair_support|primary_signal_empty_or_constant,-2.3,-2.3,,,,,,,,0,0.0,active_bar,stock-session after firstN maturity,"CSRank(Mul(ZScore(PathShape($m1_first5_last_return_vs_open,3)),ZScore($pct_chg)))","CSRank(Add(ZScore($m1_first5_last_return_vs_open),Mul(0,Delta($pct_chg,3))))",8ec1dedb6800b174ce78945ee209a3d0e61e85664fc754e1bf8d3ac4cd68bf06,c24b5eb04a8b425d58eed90c024e44ae222492cec36ed8039db7a42ce68ef6a4,673a9b992670351e7806434ab0dba30c9e2d14f88359513cd15b172de44e2b62
active_bar,FIRSTN_PATH,cn.pair.b09f0e40c934d53b4daed210842b3a3f,cn.comp.013b07ffdf7d6b00ef7d,cn.comp.013b07ffdf7d6b00ef7d.control,PAIR_EVALUATED,,-0.2014726,-0.14268528,-0.058787320000000004,-0.00484703,-0.00473713,-0.00010989999999999958,0.02900426,0.00358576,0.0254185,392429596,1.0,active_bar,stock-session after firstN maturity,"CSResidual(ZScore($m1_first30_vwap_return_vs_open),ZScore(Delta($ret_1m,5)))","CSRank(Add(ZScore($m1_first30_vwap_return_vs_open),Mul(0,Delta($ret_1m,5))))",c44b45a811345c17f7f6d4071c65beb6241d737854735042299fb35cfe72a53a,8e05f4f1cc689c6420d38c500c4a964891c579e71c838878c281cf05f0597a19,bf944d3a8fcc97e72019d5db83cf40643c54e2c5b72da34563cbaaafd3250c60
active_bar,FIRSTN_PATH,cn.pair.b1c4ec4ed1fc72b384946f2ecd799851,cn.comp.02b771736295dd369d29,cn.comp.02b771736295dd369d29.control,PAIR_EVALUATED,,-0.665872,-0.14284066,-0.52303134,0.01361841,-0.00473713,0.01835554,0.76515408,0.00358576,0.76156832,392429596,1.0,active_bar,stock-session after firstN maturity,"CSRank(Mul(ZScore($m1_first30_vwap_return_vs_open),ZScore(Delta($ret_1m,10))))","CSRank(Add(ZScore($m1_first30_vwap_return_vs_open),Mul(0,Delta($ret_1m,10))))",3b3e633e0cf2e01507c90fd00ba78976a044275e03ca8d7088dbb62579435ba8,5827fdf7a3e773826e194b0a91a51cbdcea317737999a4fd92affb096c877609,c43c89840a93652728a37b9367e29b7028877ec4d48dc4f5f4c082a04342fef1
active_bar,FIRSTN_PATH,cn.pair.b269bd9e39c64520dc4ac6fc4d0b5750,cn.comp.07b853f1e5a00d708f18,cn.comp.07b853f1e5a00d708f18.control,PAIR_EVALUATED,,-0.65860604,-0.34147656,-0.31712948,-0.00270895,-0.0240362,0.02132725,0.62132642,0.00103597,0.62029045,420509101,1.0,active_bar,stock-session after firstN maturity,"CSRank(Mul(ZScore($m1_first15_amount),ZScore(Delta($amount,10))))","CSRank(Add(ZScore($m1_first15_amount),Mul(0,Delta($amount,10))))",776b5580c1ca4e3771d7e58fc28e1a69be889d93afa11b347c4cff47618aca9b,c0755fa23e6aa5f7873daf3ba07f702dba5ddddf9cfd7990fc56f8c6b231c608,124377a96d343908d6fdf3f0e83ad68a9d3c5963f9e96a56c49b50451aa444e3
active_bar,FIRSTN_PATH,cn.pair.b543e2013a6c3d389076e1270663277a,cn.comp.0b06844fec51f2e05dc6,cn.comp.0b06844fec51f2e05dc6.control,PAIR_EVALUATED,,-0.40875805,-0.15560977,-0.25314828,0.00414061,-0.00254351,0.00668412,0.3052058,0.03381638,0.27138942000000005,416163256,1.0,active_bar,stock-session after firstN maturity,"CSRank(Mul(ZScore($m1_first5_last_return_vs_open),ZScore(Delta($vwap,5))))","CSRank(Add(ZScore($m1_first5_last_return_vs_open),Mul(0,Delta($vwap,5))))",4f5021fcfa6e4a14b84dd019b7be4b474ab018ba45c192cf2db6c8d37998b224,3f60326cbdd704ae959cc6417e0ca731c29f047aca19483c5247059b3b9f4ecf,87fac4d493148a07dcbe3e9f407372d6a77a42ae0d992c7e94c820f39883c85f
active_bar,FIRSTN_PATH,cn.pair.b7bf63e20f7d4ab2faa1fd7accd073c2,cn.comp.0c801c8501b4068497df,cn.comp.0c801c8501b4068497df.control,PAIR_EVALUATED,,-0.30532433,-0.11172061,-0.19360371999999998,0.01288007,-0.00394911,0.01682918,0.3117051,0.00335508,0.30835002,420509101,1.0,active_bar,stock-session after firstN maturity,"CSRank(Mul(ZScore($m1_first15_last_return_vs_open),ZScore(Delta($intraday_ret_from_open,10))))","CSRank(Add(ZScore($m1_first15_last_return_vs_open),Mul(0,Delta($intraday_ret_from_open,10))))",5bb9a6e234dad146e87048bd70412060d4582f7c0b617ea758c0b93d12ed9da8,8d59f6cad54db4f8481f444d417a6802d5bc29d742e924e8296c23c8bc326217,068e4f25407832d821a2a23065efe7b5178133f2a6855db7b2c4080253d6b579
active_bar,FIRSTN_PATH,cn.pair.b803115db34d6f6ea7887b9d70b0a428,cn.comp.052c47ff84f63da43c21,cn.comp.052c47ff84f63da43c21.control,PAIR_EVALUATED,,-0.28991309,-0.33577372,0.04586063000000001,-0.0030633,-0.03070871,0.02764541,0.15410191,0.00234619,0.15175572,420509101,1.0,active_bar,stock-session after firstN maturity,"CSRank(Sub(ZScore($m1_first15_range),ZScore(Delta($open,5))))","CSRank(Add(ZScore($m1_first15_range),Mul(0,Delta($open,5))))",14b943356e0d4605732c9bb360567c3bc1920cead80ea6e3a1618a40f3ea0763,ee0d3c070caff28c141bbd5ade8a753175aea798e3e30373731e446f19f88825,d480fdccced07ab9ef82ce4fbb636ec501f3ee23446895daa341151d51f60c8a
active_bar,FIRSTN_PATH,cn.pair.baa2b1346f6afc6e526c49cccc0865c5,cn.comp.002beace3efc6d61d439,cn.comp.002beace3efc6d61d439.control,PAIR_EVALUATED,,-0.62209376,-0.16596279,-0.45613097,-0.00305114,-0.01264295,0.00959181,0.60221849,7.753e-05,0.6021409600000001,439028578,1.0,active_bar,stock-session after firstN maturity,"CSRank(Mul(ZScore($m1_first5_high),ZScore(Delta($amount,5))))","CSRank(Add(ZScore($m1_first5_high),Mul(0,Delta($amount,5))))",5630310bfd33e50f1fc52944b534d8b707497ad61f6b3df54a3a3edc4f83a1f3,ca0a6a668b4a9e4a622a3d3aa5a432aee82db1989d8cef247f0bdb13e2862267,82a70770f08e325c1ee8e1235b2a605da793ec07395d74ac19c79d75a90da596
active_bar,FIRSTN_PATH,cn.pair.bd596263b50e943425b241ca166e93b3,cn.comp.08ee497e56d2d9c40b6f,cn.comp.08ee497e56d2d9c40b6f.control,PAIR_EVALUATED,,-0.53492993,-0.14193704,-0.39299289000000004,0.00214733,-0.00473713,0.00688446,0.53196227,0.00358576,0.52837651,392429596,1.0,active_bar,stock-session after firstN maturity,"CSRank(Mul(ZScore($m1_first30_vwap_return_vs_open),ZScore(Acceleration($open,5))))","CSRank(Add(ZScore($m1_first30_vwap_return_vs_open),Mul(0,Delta($open,5))))",c351f94398c19531aeeb609daf641c9eeac65254b059edc09d8b84def1b96961,70c974972fe870180506483d6190915c4b693765ea600129298ea6a9643989af,3a472aaa86b92f52b9bd8e0b254138424f079ca20d44594319d6c5e105eff79a
active_bar,FIRSTN_PATH,cn.pair.be569a01645928c0dbb888b09fc2c91e,cn.comp.07e28d85778df624faad,cn.comp.07e28d85778df624faad.control,PAIR_EVALUATED,,0.15947879,-0.19973842,0.35921721,0.02719068,-0.0132814,0.04047208,0.10196863,0.00109201,0.10087662,439028578,1.0,active_bar,stock-session after firstN maturity,"Mul(ZScore($m1_first5_vol),Persistence(Positive($pct_chg),5))","CSRank(Add(ZScore($m1_first5_vol),Mul(0,Delta($pct_chg,5))))",f98b822e0f5c216edecb8853c824ceb2a5ebee09946854e049d9c7e61d0e7ee8,b4689c4f03d368884f8f60914fde4c05ae7fd923aa19912121872d320d60e438,10e83911686bf310706d1bd9b32cf459a5da6d528ef4a7145d4d9e34a369c6c4
active_bar,FIRSTN_PATH,cn.pair.c37ccff7784f311b18a369a6d3ac9edc,cn.comp.0b2fc1630dc4680bd141,cn.comp.0b2fc1630dc4680bd141.control,PAIR_EVALUATION_BLOCKED,control_behavior_identity_equals_primary|control_signal_empty_or_constant|empty_pair_support|primary_signal_empty_or_constant,-2.3,-2.3,,,,,,,,0,0.0,active_bar,stock-session after firstN maturity,"CSRank(Mul(ZScore(PathShape($m1_first5_vwap_return_vs_open,3)),ZScore($pct_chg)))","CSRank(Add(ZScore($m1_first5_vwap_return_vs_open),Mul(0,Delta($pct_chg,3))))",46c9e4a99ed8a77bb7554a0c6129dff953ffb9de64b58a897b2dd93402ca043d,01dca325a27c824584797f19c16eb37a79b02da05cd2841780aa2a92deeae671,565c8eafdc0f885093fc5d1b7da516fd39c615c9aee43259c08742108f3ff33a
active_bar,FIRSTN_PATH,cn.pair.c687c2144edb0285589d5a0ea672e764,cn.comp.015dc2b01d150418a8f7,cn.comp.015dc2b01d150418a8f7.control,PAIR_EVALUATED,,-0.19826845,-0.14413043,-0.05413802000000001,-0.00483625,-0.00473713,-9.912000000000028e-05,0.02819471,0.00358576,0.02460895,392429596,1.0,active_bar,stock-session after firstN maturity,"CSResidual(ZScore($m1_first30_vwap_return_vs_open),ZScore(Delta($intraday_ret_from_open,5)))","CSRank(Add(ZScore($m1_first30_vwap_return_vs_open),Mul(0,Delta($intraday_ret_from_open,5))))",c02cd7990e897691d01b5513c5d389bdeb1f224328bee54aac5c43fd85a6fa42,ac1dca7de1beb982b1ebd396483233aaa923e30065cb9a2539ff69241830a9e9,e4b6677ef38b102a55e9e9a670491459ea4252bcd38476a09e6f2d9125f9b07a
active_bar,FIRSTN_PATH,cn.pair.c6cd7151112eba91de7590330c7644fe,cn.comp.0a5bb484542e4ee451cc,cn.comp.0a5bb484542e4ee451cc.control,PAIR_EVALUATED,,-0.13819235,-0.4108973,0.27270495000000006,0.01877774,-0.02490309,0.043680830000000004,0.0982219,0.01067018,0.08755172,370199564,1.0,active_bar,stock-session after firstN maturity,"CSRank(Sub(ZScore($m1_first30_amount),ZScore(Delta($vwap,20))))","CSRank(Add(ZScore($m1_first30_amount),Mul(0,Delta($vwap,20))))",3c58f301ed5f8418b67de7588d113b85927cde08ded5fb10f84605b3fe767ed0,edd00c373cae5eea4736887115d62c61546872f65b89fdd458c552c05ac23553,e4c057fafac3dafda9076a18ee8f09708a3c2c26098c832c90797287bb309662
active_bar,FIRSTN_PATH,cn.pair.c89e0b1074b1fc352dcc77b415f15c60,cn.comp.0a9b1ed7190a3f2ee23b,cn.comp.0a9b1ed7190a3f2ee23b.control,PAIR_EVALUATED,,-0.40484386,-0.11371641,-0.29112745,0.0034796,-0.00394911,0.00742871,0.24665671,0.00335508,0.24330163,420509101,1.0,active_bar,stock-session after firstN maturity,"CSRank(Mul(ZScore($m1_first15_last_return_vs_open),ZScore(Delta($open,10))))","CSRank(Add(ZScore($m1_first15_last_return_vs_open),Mul(0,Delta($open,10))))",132e847fafca5749f2fb988bd6873b4e864eacd2c9b41afe9111d9b258ce6d1a,213471a05711db6d25a023e056eb0ecc1b307d71492b985d8da24322b1f8ee8a,f9f8c05ea126122bc97d3e9ba28cd4445c9786b8178bf9d7e843324f9eb64435
active_bar,FIRSTN_PATH,cn.pair.ccf0eb6e02687eac9180171bafe49afc,cn.comp.058cbfbfbe5d43b6f302,cn.comp.058cbfbfbe5d43b6f302.control,PAIR_EVALUATED,,-0.11234935,-0.11307768,0.0007283299999999993,-0.00395725,-0.00395725,0.0,0.00335589,0.00335589,0.0,420478183,1.0,active_bar,stock-session after firstN maturity,"Mul(ZScore($m1_first15_last_return_vs_open),Persistence(Positive($open),20))","CSRank(Add(ZScore($m1_first15_last_return_vs_open),Mul(0,Delta($open,20))))",873485c2de85d3809ec533586c069b1b2d77cc2ee10f8776e15e5ea6911819fa,8d2ed9f991c01294bad9d9733e4fc3e0ce8d8696ed1a8015eaea200f2c009832,e93deff121bd8eb0361c63661d86a1a3561b7a23caba14938a1730cf531d8fe0
active_bar,FIRSTN_PATH,cn.pair.ce328f835fb96439e520db4ba8943544,cn.comp.0348265eb961d609bf22,cn.comp.0348265eb961d609bf22.control,PAIR_EVALUATION_BLOCKED,control_behavior_identity_equals_primary|control_signal_empty_or_constant|empty_pair_support|primary_signal_empty_or_constant,-2.3,-2.3,,,,,,,,0,0.0,active_bar,stock-session after firstN maturity,"CSRank(Mul(ZScore(PathShape($m1_first5_vol,5)),ZScore($pct_chg)))","CSRank(Add(ZScore($m1_first5_vol),Mul(0,Delta($pct_chg,5))))",d7c80254788b380e60330fd45d9eee44955d7d3d6c237d4f09c27bcec7966580,fe870b7f8eb30ef065df4d9dc066d58ce7ac16a351c08f43293a2fd2beae53bb,baf96a7735abe04872a8e7da4773af32a8bdbefec1bcd7d23740f87936a98bc8
active_bar,FIRSTN_PATH,cn.pair.ce5dac5525c741c35aa1a7da872b3c64,cn.comp.01af400b8b64667aeb75,cn.comp.01af400b8b64667aeb75.control,PAIR_EVALUATED,,-0.13686272,-0.23507562,0.09821290000000002,0.00670201,-0.01361111,0.02031312,0.00481799,0.00103743,0.0037805600000000005,420437631,1.0,active_bar,stock-session after firstN maturity,"Mul(ZScore($m1_first15_vol),Persistence(Positive($ret_1m),20))","CSRank(Add(ZScore($m1_first15_vol),Mul(0,Delta($ret_1m,20))))",5d58f40f04792354357c30ccb30779d87a07ef2bd4300f62bd5a51e408896fa8,e6aea1a8223b3a00f051ef847a1ba0dfec0b965493d011f89eb5c5db201cfd32,c127ca808e4d1cf9a57895184916de0bf93a000a1c627195d9373d049f026936
active_bar,FIRSTN_PATH,cn.pair.ce6675e1efbe16f10937ad2238db916d,cn.comp.0c8bb36d7db923d8a20e,cn.comp.0c8bb36d7db923d8a20e.control,PAIR_EVALUATED,,-0.13220601,-0.20838105,0.07617504,0.0275443,-0.01337422,0.04091852,0.22620585,8.403e-05,0.22612182,392722156,1.0,active_bar,stock-session after firstN maturity,"CSRank(Sub(ZScore($m1_first30_last_close),ZScore(Delta($open,5))))","CSRank(Add(ZScore($m1_first30_last_close),Mul(0,Delta($open,5))))",fb9c29041af87da901a75e944813b995d6a961d0b3e50719471f715069932992,e41adea77712e902f7df4d342e368961677a73310dd5182232de2ea848e5a261,6ba91cd737e97a4ec54284a6f73d8d32e9d02c3278b8a66481db6dbd236ed3ea
active_bar,FIRSTN_PATH,cn.pair.ce95370685d3d9a2989a83a948a5f196,cn.comp.0296c098407cf6bb9571,cn.comp.0296c098407cf6bb9571.control,PAIR_EVALUATED,,-0.41272225,-0.05921329,-0.35350896,-0.00552657,-0.00234285,-0.0031837199999999997,0.22579971,0.00325325,0.22254645999999997,438678294,1.0,active_bar,stock-session after firstN maturity,"CSRank(Sub(ZScore($m1_first5_vwap_return_vs_open),ZScore(Delta($amount,5))))","CSRank(Add(ZScore($m1_first5_vwap_return_vs_open),Mul(0,Delta($amount,5))))",92ff12fa71dc52c29a2897247cb99de7b3773dc0e705cd71697ef211a676599c,ac50ab237991d0ec5808ff5d8f2896ce504705fb872fd1aeafa8ab59e129e110,5ec6c2bbae00fb61be91893b62187b0c33910f727342b718e797fd5421891727
active_bar,FIRSTN_PATH,cn.pair.d0886fc535d78cf141cd7c8dbf49b414,cn.comp.0bb92a7bd9c84acf8dce,cn.comp.0bb92a7bd9c84acf8dce.control,PAIR_EVALUATION_BLOCKED,control_behavior_identity_equals_primary|control_signal_empty_or_constant|empty_pair_support|primary_signal_empty_or_constant,-2.3,-2.3,,,,,,,,0,0.0,active_bar,stock-session after firstN maturity,"CSRank(Mul(ZScore(PathShape($m1_first5_low,10)),ZScore($pct_chg)))","CSRank(Add(ZScore($m1_first5_low),Mul(0,Delta($pct_chg,10))))",17699affbabcc310b9e84d6782b27deaa8d5e43b424b152b089f02ed376cb270,be0004bb3614eecbc097cac68906e3c6b0fdbeac0fe4d9224ac51b0ba4d888b5,3133cb68efb6a62a92717e1f2c09698af6770f6a7cd5f8afb0da5c4ea450d80e
active_bar,FIRSTN_PATH,cn.pair.d7edcfd23da0ca6999f48fbdbc08a0ce,cn.comp.036fa1f6ff01ac60fb8f,cn.comp.036fa1f6ff01ac60fb8f.control,PAIR_EVALUATION_BLOCKED,control_behavior_identity_equals_primary|control_signal_empty_or_constant|empty_pair_support|primary_signal_empty_or_constant,-2.3,-2.3,,,,,,,,0,0.0,active_bar,stock-session after firstN maturity,"CSRank(Mul(ZScore(PathShape($m1_first5_vwap_return_vs_open,10)),ZScore($intraday_ret_from_open)))","CSRank(Add(ZScore($m1_first5_vwap_return_vs_open),Mul(0,Delta($intraday_ret_from_open,10))))",08975f71418940607c5a40fdc4bf281c8c5927abb04d9c47ac2cb12caa36d5cb,b33cc3b0762dce075e10f7629625e15e853d78b6f02934c8f371d8aa62362c8d,f5912c22ebdfb56b41dec9578cb908cbc60116f88935d00dc81385c4cba44029
active_bar,FIRSTN_PATH,cn.pair.dcc1cebef10d576d56adfad6b8fe257b,cn.comp.0328d74dd910a5801854,cn.comp.0328d74dd910a5801854.control,PAIR_EVALUATED,,-0.06899372,-0.36894631,0.29995259,0.03451165,-0.02445127,0.05896292,0.22440418,0.01016143,0.21424275,397804771,1.0,active_bar,stock-session after firstN maturity,"CSRank(Sub(ZScore($m1_first15_amount),ZScore(Delta($vwap,3))))","CSRank(Add(ZScore($m1_first15_amount),Mul(0,Delta($vwap,3))))",c39b4399ee3989108df93b1235c7770e02528f9249dff90545d8ee3474af31d5,d4bc2fb8791204ceefae1a142bd91ff609b854cda03ec90e1d23327ae607a7b5,049e4585dce7507069017e5801bf3ea5ca585f9f6da88d7f050978ed74d4002c
active_bar,FIRSTN_PATH,cn.pair.dda62e7546b615ff505b0701f8a62dd4,cn.comp.02aeb06aa4ffe39fceaa,cn.comp.02aeb06aa4ffe39fceaa.control,PAIR_EVALUATED,,-0.58392504,-0.33589128,-0.24803376,-0.00076923,-0.03070871,0.02993948,0.568381,0.00234619,0.56603481,420509101,1.0,active_bar,stock-session after firstN maturity,"CSRank(Mul(ZScore($m1_first15_range),ZScore(Delta($amount,10))))","CSRank(Add(ZScore($m1_first15_range),Mul(0,Delta($amount,10))))",0f35428171de16def091a7531627089c653f9af81dbfd3f09d346048d05ad852,b2c0347d7bc3cb63f11280743d131d4724e4b395b5e3836ccb8407e999a0776f,ccbfa4e67580a185edcdf239773f500fe0621684eba4ac056925b7077a57d905
active_bar,FIRSTN_PATH,cn.pair.de98c87524fd5607efc2e8080db796a1,cn.comp.01e1640e87db96ffb8a5,cn.comp.01e1640e87db96ffb8a5.control,PAIR_EVALUATED,,-0.09591703,-0.05953753,-0.0363795,-0.00313359,-0.00234199,-0.0007915999999999999,0.01580111,0.00325269,0.012548420000000001,438683445,1.0,active_bar,stock-session after firstN maturity,"Mul(ZScore($m1_first5_vwap_return_vs_open),Persistence(Positive($intraday_ret_from_open),3))","CSRank(Add(ZScore($m1_first5_vwap_return_vs_open),Mul(0,Delta($intraday_ret_from_open,3))))",c0415a76d9c518ae99c7a01627200cab421e136cf1aed0eeedabd5f02c080450,ae9cf4ba5eada2d9a1a74bd1605cd78d52648dbe4cc9f7d4ebd50cd3941695d4,cf273677cc262888ffde0ed95ce5110a397efc00955f539b0a9bf5ff072d3418
active_bar,FIRSTN_PATH,cn.pair.df31ffa1c933d2c0943422f396731030,cn.comp.09d52e96fcf5b3dd9691,cn.comp.09d52e96fcf5b3dd9691.control,PAIR_EVALUATED,,-0.601553,-0.38080163,-0.22075137,-0.00052053,-0.03200868,0.03148815,0.57553434,0.00249094,0.5730434,392722156,1.0,active_bar,stock-session after firstN maturity,"CSRank(Mul(ZScore($m1_first30_range),ZScore(Delta($amount,10))))","CSRank(Add(ZScore($m1_first30_range),Mul(0,Delta($amount,10))))",5c6434034fe8cc6be56eab20accc3384b7d9a5f06af713d4df9c24daa7b596e5,99c27fa6501cb69f8ebc20395a0fbbcbbd5fcb5b3b1659593aca3d705c3a49cc,229ad2901694e51e281323fb0b2d9bd71b9edf2902188fb64c3d1f1cfa5180e2
active_bar,FIRSTN_PATH,cn.pair.e25b12bfd317a97fdf7f675409289a2f,cn.comp.0be5a1cf6ec50260531f,cn.comp.0be5a1cf6ec50260531f.control,PAIR_EVALUATED,,-0.29473193,-0.26718776,-0.02754416999999998,-0.01468233,-0.01381694,-0.0008653900000000006,0.02338585,0.01316739,0.01021846,397759253,1.0,active_bar,stock-session after firstN maturity,"CSResidual(ZScore($m1_first15_vol),ZScore(Delta($vwap,5)))","CSRank(Add(ZScore($m1_first15_vol),Mul(0,Delta($vwap,5))))",6a33bfe35be93b26f4f25930f28bb90a5af9d5155b596da5cb5cb31120458050,2c4aa5a7a2d8fb8cc4e7fe9ee756cd6a1c6e19704cfedf6c684a868d867c741c,5a4c68541cea881cb0dca40c27c1722ce4499b239c7874bd251616f487c6654f
active_bar,FIRSTN_PATH,cn.pair.e4ad728046ecd5dc736db10a403c32a3,cn.comp.0a4c2835a1e734694e96,cn.comp.0a4c2835a1e734694e96.control,PAIR_EVALUATED,,-0.47248422,-0.11227795,-0.36020627,0.01187268,-0.00394911,0.01582179,0.58071074,0.00335508,0.57735566,420509101,1.0,active_bar,stock-session after firstN maturity,"CSRank(Mul(ZScore($m1_first15_last_return_vs_open),ZScore(Acceleration($intraday_ret_from_open,5))))","CSRank(Add(ZScore($m1_first15_last_return_vs_open),Mul(0,Delta($intraday_ret_from_open,5))))",ba4c84e4278dd1994ad6fec49413576267ea70af9b8f1cf7cbbf205e866a24cf,940bf327df2bf3164934f7d1a08db17fbfe98697728ce7660e13ce4a2174b1af,af83548cb8f0ca62c3048cac9f7988c122927eadae87c0751959bb852e4cefd3
active_bar,FIRSTN_PATH,cn.pair.e575e9bdb1158974b8226b343152c1ac,cn.comp.097c769a713335d66245,cn.comp.097c769a713335d66245.control,PAIR_EVALUATED,,-0.38521565,-0.38151461,-0.0037010400000000443,-0.03178986,-0.03200868,0.00021881999999999457,0.00472843,0.00249094,0.0022374899999999995,392722156,1.0,active_bar,stock-session after firstN maturity,"Mul(ZScore($m1_first30_range),Persistence(Positive($amount),10))","CSRank(Add(ZScore($m1_first30_range),Mul(0,Delta($amount,10))))",9fb4a4292f9f5009ec2a94280e1b2241ea4352968ad044469d5921b6dac6fe63,dc33267f660c95c61c8c046e93ea414292a1d239726554f499217c6f2662ba9f,2ea448a4057c6cae1222095952c660dbc85a488d2492f6ad4d2750814ebe934e
active_bar,FIRSTN_PATH,cn.pair.e8d350d08cb8163bd5db4cf1fded3d25,cn.comp.01b1e1b82c1bbc17f901,cn.comp.01b1e1b82c1bbc17f901.control,PAIR_EVALUATED,,0.05825956,-0.16661271,0.22487226999999999,0.1002649,-0.01263411,0.11289901000000001,0.25125324,7.753e-05,0.25117571,439002813,1.0,active_bar,stock-session after firstN maturity,"CSRank(Sub(ZScore($m1_first5_high),ZScore(Delta($intraday_ret_from_open,10))))","CSRank(Add(ZScore($m1_first5_high),Mul(0,Delta($intraday_ret_from_open,10))))",73f2d12b31459c083baa21e869ffca1dca9bf244f30a2a86961f2c4c23cbc562,4763e3b84c078b6c85d84edae544cd3af06970c03187b3a5d4c88fcda54d2d7c,dd42770de2252503667c012158e7ad36519caa26de63e4383ce1ffef08124414
active_bar,FIRSTN_PATH,cn.pair.e8f8ffae77e013348f6f9c2d8aa06373,cn.comp.0c8fc6bb85f96508d419,cn.comp.0c8fc6bb85f96508d419.control,PAIR_EVALUATED,,0.13969798,-0.30488077,0.44457875,0.07569386,-0.02745627,0.10315013,0.21307971,0.00233085,0.21074886,439002813,1.0,active_bar,stock-session after firstN maturity,"CSRank(Sub(ZScore($m1_first5_range),ZScore(Delta($intraday_ret_from_open,10))))","CSRank(Add(ZScore($m1_first5_range),Mul(0,Delta($intraday_ret_from_open,10))))",7756a607d452a142c79bf0e1e859c3dfe93b28f58a6de71563abab2baee09f7f,7cac5cf2c7aef7d722e6e9d1aafccac1eceb1fe251a47f86804ede86abb187e1,0fc6f4e4d59006f54eb6aeae7a03369aadacdb10357afa88339a894781cc4784
active_bar,FIRSTN_PATH,cn.pair.ea613711a1aa438e59cf8d9e7a447f94,cn.comp.076f2e979d5cdc4c88ba,cn.comp.076f2e979d5cdc4c88ba.control,PAIR_EVALUATED,,-0.56878008,-0.2349078,-0.33387228,0.03012534,-0.01361853,0.043743870000000004,0.79865232,0.00102179,0.79763053,420509101,1.0,active_bar,stock-session after firstN maturity,"CSRank(Mul(ZScore($m1_first15_vol),ZScore(Acceleration($pct_chg,5))))","CSRank(Add(ZScore($m1_first15_vol),Mul(0,Delta($pct_chg,5))))",4faa0a92b2549a238b7edf8711e6a13964b1b8e881c9ce0c9eff3495bbfc22cd,6c315d0e3926f17eaf43a19252ef07b80684a06fb39876d601075d2dab2edd79,3ca78913d5d395fba2bdf240e17f7b9f8c23eab160a4a6407ddbf9f7703fd334
active_bar,FIRSTN_PATH,cn.pair.edc2061542bbbe56dbd60437055cf51f,cn.comp.06b3f529940669d2091a,cn.comp.06b3f529940669d2091a.control,PAIR_EVALUATED,,0.03364568,-0.30031396,0.33395964,0.0433773,-0.01348229,0.05685959,0.22470394,0.04322903,0.18147491,370314476,1.0,active_bar,stock-session after firstN maturity,"CSRank(Sub(ZScore($m1_first30_last_close),ZScore(Delta($vwap,5))))","CSRank(Add(ZScore($m1_first30_last_close),Mul(0,Delta($vwap,5))))",c21e1942fbd0e7216e5ff34084a561300ecf8db20c5b2946d68a7e5083933c50,86a3ecb5ea71015f7a0c63d10c4c7178c8b29d5cc817808aed945ebd0dc857c7,44f88b83301c7470a4919ce66c13b7d9f03d5106276b30c6eb56be75a52056b3
active_bar,FIRSTN_PATH,cn.pair.ee0d7518294ff79b11519c9bcf4263d7,cn.comp.0a06132788a911a0c464,cn.comp.0a06132788a911a0c464.control,PAIR_EVALUATED,,-0.58635743,-0.26132963,-0.3250278,-0.00304876,-0.01328453,0.010235769999999998,0.54053735,0.00101064,0.5395267100000001,392722156,1.0,active_bar,stock-session after firstN maturity,"CSRank(Mul(ZScore($m1_first30_vol),ZScore(Acceleration($amount,20))))","CSRank(Add(ZScore($m1_first30_vol),Mul(0,Delta($amount,20))))",ecef7b288f8645bb5533ce6663c622df50c3c675f6b06e9d3c55054b8b4503c2,973552839770eb2601b17f4bc030df40d6234cbd8d8614580e003f6769de72d7,b6fc54a5d13250c0c1a4805e8b047b0134ba86613ae7b08298a7b5e3d8d69092
active_bar,FIRSTN_PATH,cn.pair.ee92e3ab0964fadeec008bb69d3c8097,cn.comp.0d139fd9385fef3806b2,cn.comp.0d139fd9385fef3806b2.control,PAIR_EVALUATED,,-0.10022204,-0.34035587,0.24013383,-0.00647476,-0.0240362,0.01756144,0.00858045,0.00103597,0.00754448,420509101,1.0,active_bar,stock-session after firstN maturity,"Mul(ZScore($m1_first15_amount),Persistence(Positive($intraday_ret_from_open),5))","CSRank(Add(ZScore($m1_first15_amount),Mul(0,Delta($intraday_ret_from_open,5))))",357fe7c9ce5a97182b84132bcfdb147f25241132b112fec5a2ae6081697c2f22,b807f3ed4397d1bf9a08569e04015081bc1bb0c7b77295c9b374ff2fa9658207,6c591a4b88b61963e7a87ff380fe062464379ec0a45e131b4ad88807a1c18664
active_bar,FIRSTN_PATH,cn.pair.f4581fce13328fd764efd98955f02e54,cn.comp.0c6fa3a68d70e78b4328,cn.comp.0c6fa3a68d70e78b4328.control,PAIR_EVALUATED,,0.28777534,-0.12016058,0.40793592,0.0763639,-0.0042149,0.08057879999999999,0.55759325,0.00337818,0.55421507,420195160,1.0,active_bar,stock-session after firstN maturity,"CSRank(Sub(ZScore($m1_first15_vwap_return_vs_open),ZScore(Delta($ret_1m,3))))","CSRank(Add(ZScore($m1_first15_vwap_return_vs_open),Mul(0,Delta($ret_1m,3))))",b31b9862bf282e7c425766b8cf9292c4837e879ad3bdc57325889baece610a55,0336c68bad54ce393a9a85bb47b47a3a7a12fc3d3a9dcaf714aa8a38c679fe81,ae43de4c2970fb67cee5cd7ddd9de8e457abc9ee4ac40fef2097dd7a1e39a407
active_bar,FIRSTN_PATH,cn.pair.f49bf12c6634046d204e59cb065136cb,cn.comp.0b8caf8f839ee5e09486,cn.comp.0b8caf8f839ee5e09486.control,PAIR_EVALUATED,,-0.08678627,-0.29635657,0.2095703,-0.00695529,-0.02306651,0.01611122,0.00757221,0.00109473,0.006477480000000001,439002813,1.0,active_bar,stock-session after firstN maturity,"Mul(ZScore($m1_first5_amount),Persistence(Positive($intraday_ret_from_open),10))","CSRank(Add(ZScore($m1_first5_amount),Mul(0,Delta($intraday_ret_from_open,10))))",115e8042f8ee35e9db5caa99bc6bdc4957d69f614357f56a4496a641abea071a,f7cf49e59c0cd45eab7c19fc6dfd83fed3797cf5c8f41e11c0fb553c3c01c7b9,1f036b4f86bc46ce5480a34c23701bef8348bc0f102af4705a9dee5de69dfdd0
active_bar,FIRSTN_PATH,cn.pair.f50741e3074140f66f47969827efbf15,cn.comp.0abcecc2c3d58d75dfa4,cn.comp.0abcecc2c3d58d75dfa4.control,PAIR_EVALUATED,,-0.52439502,-0.30271701,-0.22167801000000004,0.03390047,-0.02746436,0.06136483,0.78083611,0.00232979,0.77850632,439033731,1.0,active_bar,stock-session after firstN maturity,"CSRank(Mul(ZScore($m1_first5_range),ZScore(Delta($pct_chg,3))))","CSRank(Add(ZScore($m1_first5_range),Mul(0,Delta($pct_chg,3))))",8ff11c1d3171095a35c8a70758458226db289fcea00ce910569035f338485378,7be6ce394137b77cede6638ee1029997124f3585303bf1a7fb2c655f8b8b330f,426e4fe626a28a3dce8a7c62e3dcd7c8e56495fe72705d363bf80f6eca302b44
active_bar,FIRSTN_PATH,cn.pair.f59b2ff37f6cd796c4e9b71d2b2415ea,cn.comp.09500ab9cfa32fa7cf24,cn.comp.09500ab9cfa32fa7cf24.control,PAIR_EVALUATED,,-0.24190992,-0.16394609,-0.07796383000000001,0.06410267,-0.01249441,0.07659708,0.78583601,7.502e-05,0.78576099,439033731,1.0,active_bar,stock-session after firstN maturity,"CSRank(Mul(ZScore($m1_first5_last_close),ZScore(Delta($ret_1m,3))))","CSRank(Add(ZScore($m1_first5_last_close),Mul(0,Delta($ret_1m,3))))",ef37c1adbcd4e3131b3de14c93a9b3b05c4ea2d360f281eacd9f1bce845897f5,6290247046d23ee0cf8b3b911308b1e2d5bc3bba03c59503d46a2dc3da1ae8c1,a31073876f16cb1f303d3374c602c64459f8fc40fbcdfb2a6853c412dce22a2d
active_bar,FIRSTN_PATH,cn.pair.f64b2ac391fdc633b7e0fe651b09d651,cn.comp.05a5bdb9b950f6898602,cn.comp.05a5bdb9b950f6898602.control,PAIR_EVALUATED,,-0.37012692,-0.11286811,-0.25725881000000006,-0.00126768,-0.00394911,0.0026814299999999994,0.06380111,0.00335508,0.06044603,420509101,1.0,active_bar,stock-session after firstN maturity,"Mul(ZScore($m1_first15_last_return_vs_open),Persistence(Positive($ret_1m),10))","CSRank(Add(ZScore($m1_first15_last_return_vs_open),Mul(0,Delta($ret_1m,10))))",f14c0e44b9b17495824f5592798d4398a02b105d5a2793924f963148754ddbb4,1d09650f293dcaf8f5585bce55f08c6e5ce323d8294ea95a3db8402378972895,b3cf861e74ff75c09826d148597c63f6b2ff5a8cbf3131ed4e43ac74ce9e960a
active_bar,FIRSTN_PATH,cn.pair.f64ecdb0ce73f6392a92fe884adf6e39,cn.comp.00babb328429a86521a1,cn.comp.00babb328429a86521a1.control,PAIR_EVALUATED,,-0.2883573,-0.37839983,0.09004253000000001,0.07232756,-0.02443306,0.09676061999999999,0.80832139,0.00103206,0.80728933,392722156,1.0,active_bar,stock-session after firstN maturity,"CSRank(Mul(ZScore($m1_first30_amount),ZScore(Delta($ret_1m,10))))","CSRank(Add(ZScore($m1_first30_amount),Mul(0,Delta($ret_1m,10))))",1448ca2819588dd77e0dc76354bc225d1d005247160522f65450177db24257b5,946bef4cc8efad78d7ae8d1489eeda1bcd0ae9feee41d0d475d75930c7da006a,80554d423612ca15cdf362e0eb3d8ebfb604d15acabf6ae5813497fdeb8ba4f0
active_bar,FIRSTN_PATH,cn.pair.f72a6cbab5754ef36b9cb7655342aeb6,cn.comp.0918a28ad99918265f5e,cn.comp.0918a28ad99918265f5e.control,PAIR_EVALUATED,,-0.39110283,-0.32581176,-0.06529107,-0.02187702,-0.02352336,0.0016463399999999996,0.04918025,0.01036865,0.0388116,416205817,1.0,active_bar,stock-session after firstN maturity,"CSResidual(ZScore($m1_first5_amount),ZScore(Delta($vwap,3)))","CSRank(Add(ZScore($m1_first5_amount),Mul(0,Delta($vwap,3))))",db5a1877326eb048542cb910f55ca5d613790fc685da3a5d77add11345d74590,c9f144f310caade64436d5936f73a3d068f94015c6e94725a038e57b4339c564,086ec36f5dc8b43e397a264c0d6ec5dd3c31b5232134e0e1baff598040502c21
active_bar,FIRSTN_PATH,cn.pair.f7bb357c93cfd1e915ee01658ff68a82,cn.comp.05b344d7bb9f145a21ce,cn.comp.05b344d7bb9f145a21ce.control,PAIR_EVALUATED,,-0.24026762,-0.38012514,0.13985751999999999,0.00264763,-0.02443306,0.02708069,0.00439881,0.00103206,0.0033667500000000004,392722156,1.0,active_bar,stock-session after firstN maturity,"Mul(ZScore($m1_first30_amount),Persistence(Positive($pct_chg),20))","CSRank(Add(ZScore($m1_first30_amount),Mul(0,Delta($pct_chg,20))))",dac94ed5210d0b8d764e236d54f6b198bb651e8c29ed6a734e32094075fd92d9,e5c276bc20c852c1e108a531f97df04aa9a00ab40126e2b33690b58dd54fde0d,2d2184e03ddec0038a97d1819ef30bfbda755aedfeeee009c922a3cf64bed2e4
active_bar,FIRSTN_PATH,cn.pair.fac8a7835437d7f0570db8b5ae9e20ba,cn.comp.07c9347431f1cd992662,cn.comp.07c9347431f1cd992662.control,PAIR_EVALUATED,,-0.34996842,-0.33591531,-0.01405310999999998,-0.03047425,-0.03070871,0.00023445999999999884,0.01304595,0.00234619,0.010699760000000001,420509101,1.0,active_bar,stock-session after firstN maturity,"CSResidual(ZScore($m1_first15_range),ZScore(Delta($amount,3)))","CSRank(Add(ZScore($m1_first15_range),Mul(0,Delta($amount,3))))",fa2eb3e3f479a66a01e83292d6c43302f230f879d40882e20e3f28fc2b237b9c,eb55c35429d0a353b5d2dc063472ec2d3b3a04a66bc09f7c8b693de6ac97027f,e9cafddcfff388ec274c943962d7c68935531ce998bc45f4110b24172918e625
active_bar,FIRSTN_PATH,cn.pair.fb184668f69d68401785a8aa16046840,cn.comp.0c8e36cdea5f51789918,cn.comp.0c8e36cdea5f51789918.control,PAIR_EVALUATED,,-0.2157422,-0.29531154,0.07956933999999999,0.01950332,-0.02304919,0.04255251,0.20441965,0.00109486,0.20332479,438951283,1.0,active_bar,stock-session after firstN maturity,"CSRank(Mul(ZScore($m1_first5_amount),ZScore(Delta($open,20))))","CSRank(Add(ZScore($m1_first5_amount),Mul(0,Delta($open,20))))",b1a05474050911035211e3d99c33fb9909f83984cf158be808d5106c04753903,08e2ab0c32b8bed5e40edf2b4caa92346f71975674be97f2fb933b2f5f371be7,ff70ed01ba20d8870c7dc86fad93935f31e7e97317facf1762cb1ef5542853a8
active_bar,FIRSTN_PATH,cn.pair.fbd1a31b71ab2a1c455f7b3d77d8c7bc,cn.comp.03d4b85438f9a621d2c9,cn.comp.03d4b85438f9a621d2c9.control,PAIR_EVALUATED,,-0.54393766,-0.07946991,-0.46446774999999996,-0.00071313,-0.00236472,0.0016515899999999999,0.54568294,0.00323654,0.5424464,439002813,1.0,active_bar,stock-session after firstN maturity,"CSRank(Mul(ZScore($m1_first5_last_return_vs_open),ZScore(Delta($amount,10))))","CSRank(Add(ZScore($m1_first5_last_return_vs_open),Mul(0,Delta($amount,10))))",365c7a05dc252dd94cea97c96e708462cebab6b39f68a3eda88f773871cc3c27,b84b7f8659c826ed30d638b5cd6c47ccfa53a1bffaed51a400555b5fd2456529,e528b4c30465aaadc15d74f49c520c664edc22894a2aa5b69ebec6d8460f4d74
active_bar,FIRSTN_PATH,cn.pair.fc3d320e019066defd8b644d816db926,cn.comp.028364ed4f92cdacb11c,cn.comp.028364ed4f92cdacb11c.control,PAIR_EVALUATED,,-0.3714645,-0.24141241,-0.13005208999999998,0.02185171,-0.0134835,0.03533521,0.50862123,0.00686124,0.50175999,375782344,1.0,active_bar,stock-session after firstN maturity,"CSRank(Mul(ZScore($m1_first15_vol),ZScore(Acceleration($vwap,5))))","CSRank(Add(ZScore($m1_first15_vol),Mul(0,Delta($vwap,5))))",f71c504669f6449d08dbd84d664ee0bdb1aaded1bd3aae10bef4dc3eccc38318,38d9dc9980a5af7af313d26f6a1adb66c365b6e7367a788b1003d0426856e33b,2f9a70208f4a6a32cfe7f33d1db0e8feef05341645f47908732bf67de2b6027f
active_bar,FIRSTN_PATH,cn.pair.fd7c124443ea3a6a3556064f0c52b8d3,cn.comp.07faefad435cabf6b2d7,cn.comp.07faefad435cabf6b2d7.control,PAIR_EVALUATED,,0.31582201,-0.07963442,0.39545642999999997,0.07641405,-0.00236361,0.07877766,0.56978556,0.00323573,0.56654983,439033731,1.0,active_bar,stock-session after firstN maturity,"CSRank(Sub(ZScore($m1_first5_last_return_vs_open),ZScore(Delta($pct_chg,3))))","CSRank(Add(ZScore($m1_first5_last_return_vs_open),Mul(0,Delta($pct_chg,3))))",ac11a9ebd34ac1539e420b7bf9dce1dd79a0ba33affccef061b43aacd2804836,af21cb6994dc3fa7e42740506b033762503e582e736e6819535047f2d26e7182,0d979d8b1ab6d2724ac40f2b080a15f9a60a2f3cb658337ea62b15da1666bd6b
active_bar,INTRADAY_STATE_TRANSITION,cn.pair.00da0c2ee387c07dbbcd7a9ab382b60f,cn.comp.19d59a4b8650e581b4b6,cn.comp.19d59a4b8650e581b4b6.control,PAIR_EVALUATED,,-0.08677429,-1.34824738,1.2614730900000002,-0.01298158,-0.10476073,0.09177915,0.00043062,0.83168977,-0.83125915,446428124,1.0,active_bar,stock-state episode,"CSRank(Mul(Transition(Sign($intraday_ret_from_open),-1,1),Delta($pct_chg,3)))","CSRank(Add(ZScore(Delta($pct_chg,3)),Mul(0,Sign($intraday_ret_from_open))))",3adf7cadea31e90ae2a52406ef575636d629c097ae66be5db9281307eb0a32f6,71af0fe1c8e1d0de44b25345fd9e341a3fdd3491bfffb73c7c6d9f6cf9bda22c,6014bb6dd19452f995f683cc59a7f5277a615f6e67dffb33c050f31d30eb472b
active_bar,INTRADAY_STATE_TRANSITION,cn.pair.080174f57a5e3c26842b237de4cb214a,cn.comp.8134eb5b9d7eb0292904,cn.comp.8134eb5b9d7eb0292904.control,PAIR_EVALUATED,,-0.73153779,-0.74431613,0.01277834,-0.03575676,-0.03753573,0.0017789700000000047,0.28429052,0.2814212,0.0028693200000000085,446392053,1.0,active_bar,stock-state episode,"CSRank(Mul(StateAge(Sign($intraday_ret_from_open)),Delta($open,10)))","CSRank(Add(ZScore(Delta($open,10)),Mul(0,Sign($intraday_ret_from_open))))",9a62de53c4e2c8d5e91e46b5318666de95201b930752034c28b6fa887bb6dd63,a9fa74df729c88487a2c10cb8b48297745017a094e2e4b50852861920db1f1f1,24d0bb9bfa629095bce58e566eaeef83be4100f013f2bc2f770f228e4f308368
active_bar,INTRADAY_STATE_TRANSITION,cn.pair.09f2fae5ad4b4d65a84f03dec22b2f32,cn.comp.4c398e4baa147830c878,cn.comp.4c398e4baa147830c878.control,PAIR_EVALUATED,,-0.49416755,-0.74413467,0.24996712,-0.00340566,-0.03753573,0.034130070000000005,0.34058575,0.2814212,0.05916455000000004,446392053,1.0,active_bar,stock-state episode,"CSRank(Mul(Sign($intraday_ret_from_open),PathShape($open,10)))","CSRank(Add(ZScore(Delta($open,10)),Mul(0,Sign($intraday_ret_from_open))))",469d9d146e3b4ad49fd161e7d9fe8318ccd3863f65eaee56d7d66b2e35c6b18f,e61a58f4a594e9419834f862d3e6791108469790b62036cbf158dba3ec582284,ced80f319edbb1c0fe961cca4dd26ad8d124f505f6b01e471c1e2d8487c10628
active_bar,INTRADAY_STATE_TRANSITION,cn.pair.0a0b513a27d9380ec14fd9238f12a6f3,cn.comp.222783d62e5d3693a45a,cn.comp.222783d62e5d3693a45a.control,PAIR_EVALUATED,,-0.80082509,-0.81437746,0.01355236999999998,-0.03687485,-0.03843125,0.0015563999999999995,0.45101799,0.44887015,0.0021478399999999565,446428124,1.0,active_bar,stock-state episode,"CSRank(Mul(StateAge(Sign($intraday_ret_from_open)),Delta($open,3)))","CSRank(Add(ZScore(Delta($open,3)),Mul(0,Sign($intraday_ret_from_open))))",6c45db2041444c004de378db05e79c6a40b27c89aa453e91d72bc6813c0a00b8,81bf61641efc04f0f57218d02c75b75d7b42d7c5471a0ed1d447d09bf9ff0076,84a1b5ca1c736f295139925d53510c4cfb8ccf6fbad7acf2c9623cb11c7316ed
active_bar,INTRADAY_STATE_TRANSITION,cn.pair.0aedc9eb770c2fcb3c6afc052ee1c2cf,cn.comp.07b5cb5a53d25f293365,cn.comp.07b5cb5a53d25f293365.control,PAIR_EVALUATED,,-1.04720204,-1.35179607,0.30459403000000007,-0.02448464,-0.10531696,0.08083232,0.84037486,0.83134429,0.00903056999999996,444570604,1.0,active_bar,stock-state episode,"CSResidual(ZScore(Delta($pct_chg,3)),Sign($ret_1m))","CSRank(Add(ZScore(Delta($pct_chg,3)),Mul(0,Sign($ret_1m))))",8db4522eeb4f9da659ac7d3d099feb8f04939c0491dcaf6dfaaedde95e4ecac3,f6aa677937c82b6991383b8464e311ba6eba197c5a9c4c2a26cdd68a83ac3b94,c1ec350cf792ca95395093cf0621c9bee4d435daa72a59ee08002269e77cc46d
active_bar,INTRADAY_STATE_TRANSITION,cn.pair.0c2aa82d8cd227ec950b55a8cde56b4c,cn.comp.3c7d9aab31d727f01b09,cn.comp.3c7d9aab31d727f01b09.control,PAIR_EVALUATED,,-0.63755105,-1.53216003,0.89460898,0.00193647,-0.1902115,0.19214797,0.67676985,0.90314857,-0.22637872000000003,35653433,1.0,active_bar,stock-state episode,"CSRank(MultiScaleRelation(Sign($intraday_ret_from_open),$ret_1m,3,10))","CSRank(Add(ZScore(Delta($ret_1m,3)),Mul(0,Sign($intraday_ret_from_open))))",0d55f5ffa719998f19807da4d8876992530ab98862d79de09d918826ec157e38,0ceee6bd4002aacb17a835a6dc58e30c890733767cfd7abca3ed9fc87d00c928,e9f5384661eb62d5a5f5dd38f4d4a04df4c9f284c9f489a6baa30ad46ac8cacf
active_bar,INTRADAY_STATE_TRANSITION,cn.pair.107939ca91e3dc501adb6279f22d7264,cn.comp.5ced3d5d39eced94ae0d,cn.comp.5ced3d5d39eced94ae0d.control,PAIR_EVALUATED,,-0.09024103,-1.3588152,1.26857417,-0.01309854,-0.10839668,0.09529813999999999,0.00041468,0.83931706,-0.83890238,446417818,1.0,active_bar,stock-state episode,"CSRank(Mul(Transition(Sign($intraday_ret_from_open),-1,1),Delta($pct_chg,5)))","CSRank(Add(ZScore(Delta($pct_chg,5)),Mul(0,Sign($intraday_ret_from_open))))",383550653d5eacb0becf83ee305e2a893132c87cef42f664a34c006b7efd0a16,e7465c05f468013151017ade55b202470d29cff95be86ba904359467ee02ee9c,76610ab039e5ae077324e16ab8d5d40b4b513c18c1caaa185a57dbb828f200d5
active_bar,INTRADAY_STATE_TRANSITION,cn.pair.11d356e9a1247892ae1d186eec5c03f7,cn.comp.08f00cd280ad59e26e19,cn.comp.08f00cd280ad59e26e19.control,PAIR_EVALUATED,,-0.0325324,-0.53115915,0.49862675,-0.00394823,0.01071384,-0.01466207,0.00217476,0.64521632,-0.6430415599999999,446417818,1.0,active_bar,stock-state episode,"CSRank(Mul(Transition(Sign($intraday_ret_from_open),-1,1),Delta($amount,5)))","CSRank(Add(ZScore(Delta($amount,5)),Mul(0,Sign($intraday_ret_from_open))))",5721ecfd714c66c225009c5686e5bc3860bb9859dfc50a23b26d72255c7ec420,b31af4623f6efc2503ff3f351148903a810ce6cd1ffd5c4c9514fa433b9fd80d,644fe4c5f2acd57635df76124365d9cfae8f8ac432eb0e4bded0f6bb517f8f9c
active_bar,INTRADAY_STATE_TRANSITION,cn.pair.147641517f8376b009ff72c684ce67d9,cn.comp.2dff9de2b2abc27a05e1,cn.comp.2dff9de2b2abc27a05e1.control,PAIR_EVALUATED,,-0.56121185,-0.99352203,0.43231018,-0.02202453,-0.10010027,0.07807574,0.10722334,0.25327353,-0.14605019000000002,446239383,1.0,active_bar,stock-state episode,"Mul(Persistence(Positive(Sign($ret_1m)),20),Sign($intraday_ret_from_open))","CSRank(Add(ZScore(Delta($intraday_ret_from_open,20)),Mul(0,Sign($ret_1m))))",22404aa401a7b8c114d010303159c832cbfa68b6471bc6add4b869e30ab778ce,b71ce15f981a76c0916ddfb98f30f1de2ee30535a720f409aac37e6136615776,dd1be6fc31c669249910c583048a61bf0b0907eb67737ae7f85bdbabae9347cc
active_bar,INTRADAY_STATE_TRANSITION,cn.pair.175147e004bc41445bf4dd566f5d8fb2,cn.comp.487f72475d3fc25ba0b0,cn.comp.487f72475d3fc25ba0b0.control,PAIR_EVALUATED,,-0.4892404,-1.35903066,0.8697902599999999,-0.04462264,-0.10839675,0.06377411,0.07935423,0.83932094,-0.75996671,446412761,1.0,active_bar,stock-state episode,"CSRank(Mul(Transition(Sign($ret_1m),-1,1),Delta($pct_chg,5)))","CSRank(Add(ZScore(Delta($pct_chg,5)),Mul(0,Sign($ret_1m))))",f2809030b3c809dd9e40a46fa99d7e044e27ee3143a6469d48b62450ab6f453b,0ae271daa6b36145f1609a0a4b0db8aeefdae9eb00aeb14eb15983f9ad3728c6,c24fdb933792ce5a80465cca9b60ea5dd8aa191c0575a739b9c068662b03a90a
active_bar,INTRADAY_STATE_TRANSITION,cn.pair.17698b9d43c591c04cc3e82ece0bd4fb,cn.comp.874d963117221b52e660,cn.comp.874d963117221b52e660.control,PAIR_EVALUATED,,-0.80818205,-1.37269475,0.5645127,0.00461451,-0.11071771,0.11533222,0.82730987,0.84687303,-0.019563160000000024,446331273,1.0,active_bar,stock-state episode,"CSRank(Mul(Sign($intraday_ret_from_open),PathShape($ret_1m,10)))","CSRank(Add(ZScore(Delta($ret_1m,10)),Mul(0,Sign($intraday_ret_from_open))))",2f5bb236e5129ce0a7d07c3c1c666341b154d4ffc9b7b8f2bd838fb94b06e915,0f2755e74dc782b743e16cec14c2f4ed3fbdba76061d1be14970740ec77a8a46,a645b47cfb04988c9aedc2bd8856c3eb3ab422caf6f57cc0f6190adc04ae1c54
active_bar,INTRADAY_STATE_TRANSITION,cn.pair.1876bdc2889611a847bc2662488d035e,cn.comp.6d978e273d8673af8706,cn.comp.6d978e273d8673af8706.control,PAIR_EVALUATED,,0.12629291,-0.81334845,0.93964136,0.0221759,-0.03843125,0.06060715,0.0089017,0.44887015,-0.43996845,446428124,1.0,active_bar,stock-state episode,"CSRank(Mul(Transition(Sign($intraday_ret_from_open),0,1),ZScore($open)))","CSRank(Add(ZScore(Delta($open,3)),Mul(0,Sign($intraday_ret_from_open))))",e0fb52106d1b4e54bb0b7eee0beaefa35b1604ab4d28eeea3d2a083bb94b86c8,8700c6fc531ace78cd870e417213283b220f88eb7bacecacb7f29703ca2631b7,dd3f416019ae008c3730a623848ed572342d254f070569d1ccda0f865875b725
active_bar,INTRADAY_STATE_TRANSITION,cn.pair.18fa332d6cdbabe924cccf26959f5b21,cn.comp.58f7c204a14b3e3d2341,cn.comp.58f7c204a14b3e3d2341.control,PAIR_EVALUATED,,-0.51077083,-0.53057717,0.019806340000000033,0.01025979,0.01071384,-0.000454050000000001,0.62763073,0.64521632,-0.01758558999999993,446417818,1.0,active_bar,stock-state episode,"CSRank(Mul(Duration(Sign($intraday_ret_from_open)),Delta($amount,5)))","CSRank(Add(ZScore(Delta($amount,5)),Mul(0,Sign($intraday_ret_from_open))))",9675dd4052b341afedefec33300af80fa2a60057806c97877e7e8d1e208eabe8,4435369fe6b4a1500d5fe9807cd63acd64b91b56f2fb2522406de49b364d1473,7e44df68152e6b39e6dc9f776c75951abe785b59a216edab9a967a5335734d57
active_bar,INTRADAY_STATE_TRANSITION,cn.pair.1c5aca9afcc6e1ef27d4b4bf2b140f2a,cn.comp.0b94eb7443276b04c852,cn.comp.0b94eb7443276b04c852.control,PAIR_EVALUATED,,-1.28909529,-1.34785794,0.05876265000000003,-0.09350673,-0.10476073,0.011254,0.79517599,0.83168977,-0.03651377999999994,446428124,1.0,active_bar,stock-state episode,"CSRank(Mul(Duration(Sign($intraday_ret_from_open)),Delta($pct_chg,3)))","CSRank(Add(ZScore(Delta($pct_chg,3)),Mul(0,Sign($intraday_ret_from_open))))",463bade8d9886f4d9e5e78bc543069a590ab379a1e93c0efc8780206ff302377,c6ee3935f1d06e967e0605d2ae6614819008e7820365b229d83b28f5be0f3084,4351bcf8e5fa6942f6ef15252797f72b84be1cd70d4c6d6a433bf971b3fbd458
active_bar,INTRADAY_STATE_TRANSITION,cn.pair.1ced9b324a6e61514ca22e5bd3de8fdb,cn.comp.6003fa9d2e175d2b63bd,cn.comp.6003fa9d2e175d2b63bd.control,PAIR_EVALUATED,,-0.4660044,-0.55664392,0.09063951999999997,0.02130678,0.01035813,0.01094865,0.67122957,0.66405862,0.007170950000000009,444570604,1.0,active_bar,stock-state episode,"CSResidual(ZScore(Delta($amount,3)),Sign($ret_1m))","CSRank(Add(ZScore(Delta($amount,3)),Mul(0,Sign($ret_1m))))",aa1b0df8f1c4730be0c7f7c7a6137e6e25b924bb70522511cffd70828f911dc7,da3dc42501bc59f61fc5c40e22d23323674bb82a5bb577858b4826f99d44002a,9b942d38ba59813a2209cb6b38b5c2f61153b747ebea67da0754fc98682fd99e
active_bar,INTRADAY_STATE_TRANSITION,cn.pair.1d29de0a24a4339ab550c9bba0e09eb6,cn.comp.1e5af51a98dcfc7a9710,cn.comp.1e5af51a98dcfc7a9710.control,PAIR_EVALUATED,,-0.5161095,-0.98903294,0.47292344,0.00366198,-0.06331671,0.06697869,0.52797959,0.43774416,0.09023543000000006,420748199,1.0,active_bar,stock-state episode,"CSResidual(ZScore(Delta($vwap,3)),Sign($ret_1m))","CSRank(Add(ZScore(Delta($vwap,3)),Mul(0,Sign($ret_1m))))",e04c69c2fd751550dba22bf6432486611ccd355631b13f1f288f4467f3102967,5ec2a4b2dad798261392cc0485fe8bd499820488e95fcf3b1af1a1f0f801b5a6,c8c766ea16a2881e54219f8f49f46b6c5b46f55218a6101d2feca4b5a3de0dd0
active_bar,INTRADAY_STATE_TRANSITION,cn.pair.1d7352037d3e3bc4471aacca7a63b044,cn.comp.560220dd9597a7462c42,cn.comp.560220dd9597a7462c42.control,PAIR_EVALUATED,,-0.8440034,-0.87826004,0.03425664000000006,-0.04911669,-0.0529312,0.00381451,0.27080702,0.2693058,0.0015012200000000253,420568122,1.0,active_bar,stock-state episode,"CSRank(Mul(Duration(Sign($intraday_ret_from_open)),Delta($vwap,10)))","CSRank(Add(ZScore(Delta($vwap,10)),Mul(0,Sign($intraday_ret_from_open))))",93fbfed49bf30e5a3235b1bd79c02e7a32472b48e04ba5e83b8958a7a07349d3,f3f7fe74bf735c6d41c02635f2e3a9a9effbe9e0b04ae0e89d1806584d935f21,4e801ef6aa5710bd3d16724969e501086ed9fa60810e38f24e15df072a2015e4
active_bar,INTRADAY_STATE_TRANSITION,cn.pair.1de57d6f5e10d94f3dee9f11fce54208,cn.comp.32173ce62ab392ea9e43,cn.comp.32173ce62ab392ea9e43.control,PAIR_EVALUATED,,-0.51936796,-0.85424833,0.33488037000000004,0.00362642,-0.04894789,0.05257431,0.51995723,0.25840559,0.26155164000000003,321200219,1.0,active_bar,stock-state episode,"CSRank(MultiScaleRelation(Sign($ret_1m),$vwap,5,20))","CSRank(Add(ZScore(Delta($vwap,10)),Mul(0,Sign($ret_1m))))",ccd49759c8a9804bd881dd1c9c46c2c746bbff552cda9f8db9fb1c1bebc1bdfc,84227099318ce973fe8f013a92a3e4714d36b8ce0b37f3ac9d97d4d525ce510a,843140cd98581ea3cddfeaed016f694dca5aacb345a47c08f84c7de6f0d005d2
active_bar,INTRADAY_STATE_TRANSITION,cn.pair.20fe80acf964f2cb29e68fe19776b598,cn.comp.3187ccd3d0d1fa89a2c5,cn.comp.3187ccd3d0d1fa89a2c5.control,PAIR_EVALUATED,,-0.84319583,-0.74546745,-0.09772837999999995,-0.0714456,-0.03752858,-0.03391702,0.180017,0.28142988,-0.10141288000000001,446341483,1.0,active_bar,stock-state episode,"Mul(Persistence(Positive(Sign($ret_1m)),10),Sign($open))","CSRank(Add(ZScore(Delta($open,10)),Mul(0,Sign($ret_1m))))",b3c9b91da0cb6f95feda4ace403e8984311521bfedd1705825e02575e9b3af55,42bdc5ae999f56c14d85b653e4372eff2f4bfdd83007789cd59d784f603f56bb,5ad2fbd9493b34c211d0b7e85fc183c20908b1f5092651300881fc129c4fb923
active_bar,INTRADAY_STATE_TRANSITION,cn.pair.2318a0be0f4d6530bf9a03f229f5ee7f,cn.comp.41a233e1e4371b34aa36,cn.comp.41a233e1e4371b34aa36.control,PAIR_EVALUATED,,-1.32574116,-1.34808563,0.02234446999999995,-0.10008154,-0.1047614,0.004679860000000008,0.81174954,0.83170099,-0.01995144999999998,446423067,1.0,active_bar,stock-state episode,"CSRank(Mul(Duration(Sign($ret_1m)),Delta($pct_chg,3)))","CSRank(Add(ZScore(Delta($pct_chg,3)),Mul(0,Sign($ret_1m))))",9d869a157b73ec3d741cbcc1069ef49aaba895723d15c144df7c199ffb950878,0b8713ebfc2681ebf540aa16ec412f225ed029a19ab059e8fe9d9ab6cb577983,5629b0aa8bb38ed00d8ce3a97557d503c183426f65e5fe739461e1736e6c636e
active_bar,INTRADAY_STATE_TRANSITION,cn.pair.2356133114ff56b7d46c4080877d5218,cn.comp.688f8c59c21e0d4fe349,cn.comp.688f8c59c21e0d4fe349.control,PAIR_EVALUATED,,-0.77105958,-0.5461447,-0.22491487999999993,-0.00452273,0.01065634,-0.01517907,0.77293401,0.66308096,0.1098530499999999,446423067,1.0,active_bar,stock-state episode,"CSRank(Mul(Sign($ret_1m),PathShape($amount,3)))","CSRank(Add(ZScore(Delta($amount,3)),Mul(0,Sign($ret_1m))))",6ef12b9798a1f4e64a0b501105ae1af78aef6b866e37dbd03086cd3be4d70cf1,035cf9b0ff53d3345f94a68b7c3100f10113292c44f207caa8da00b9fcf6d411,b28cd81a6f08ac75d2cc8bc1cae770110e4c457fc0f88d701a679041cd1629e3
active_bar,INTRADAY_STATE_TRANSITION,cn.pair.2540c7d6ac3526b70c6f981103f2a27d,cn.comp.2a047164b0cbb612a031,cn.comp.2a047164b0cbb612a031.control,PAIR_EVALUATED,,-0.28538107,-0.81351152,0.52813045,-0.01931503,-0.03843125,0.01911622,0.01951938,0.44887015,-0.42935077000000005,446428124,1.0,active_bar,stock-state episode,"Mul(Persistence(Positive(Sign($intraday_ret_from_open)),3),Sign($open))","CSRank(Add(ZScore(Delta($open,3)),Mul(0,Sign($intraday_ret_from_open))))",ce16cab075243e97e0dba36e9122530c17ecdb9d6f86247d8ebabe7f8ec8ee2a,cd7c835aae4e7165e723a34c93170dab37d6878a1ecb7dbdd852b65c9152924e,0df98f8e15926c9b03060950b9d13d024f76a2f3d2b710aee4bc443e9db799b0
active_bar,INTRADAY_STATE_TRANSITION,cn.pair.2a4c8c5d3bfaaf37d7c99f24bd6e602f,cn.comp.4543619829d3fd5f3f8f,cn.comp.4543619829d3fd5f3f8f.control,PAIR_EVALUATED,,-0.96713751,-0.98765487,0.02051735999999993,-0.05695183,-0.06303594,0.006084109999999997,0.43726392,0.43664169,0.0006222299999999459,419891235,1.0,active_bar,stock-state episode,"CSResidual(ZScore(Delta($vwap,3)),Sign($intraday_ret_from_open))","CSRank(Add(ZScore(Delta($vwap,3)),Mul(0,Sign($intraday_ret_from_open))))",3adf393c4ce5a2733ec217a7432d523a9c7e9fdd56d37e351477cd62e134ebb6,8cd34daab53c9b38c9b3047235772a867a41a408ca85b9fd59e211bab6ff957e,a9e1da219aac2e71cdbec4af0693b6d0e1140cb5a61c464ff4384f76fdec0ba6
active_bar,INTRADAY_STATE_TRANSITION,cn.pair.2aaa198b9a58b94ea13e50ce1ad6f6d0,cn.comp.17e994ca639e18f88efa,cn.comp.17e994ca639e18f88efa.control,PAIR_EVALUATED,,-0.16816685,-1.36852995,1.2003631000000001,-0.02430627,-0.11091215,0.08660588,0.00353056,0.84046925,-0.83693869,442640750,1.0,active_bar,stock-state episode,"CSRank(Mul(Transition(Sign($intraday_ret_from_open),0,1),ZScore($pct_chg)))","CSRank(Add(ZScore(Delta($pct_chg,20)),Mul(0,Sign($intraday_ret_from_open))))",67d0e4350c9884c5fc7cee01eb173a5669e9e798e3fb193b49d6a5930955fc14,ba77bc43234459c364846239c4ebe9ee2532ce4a7e0ed619d493d475aad0958d,c63225968cfbdc7df00a94262d002c9bee859a316cc466b6c5b1a7430520a79c
active_bar,INTRADAY_STATE_TRANSITION,cn.pair.2fab446c4f12fe1125c08c310cda0f9c,cn.comp.7d9919164b86c48e77e3,cn.comp.7d9919164b86c48e77e3.control,PAIR_EVALUATED,,-0.78213219,-0.79629788,0.014165690000000009,-0.03759309,-0.03936786,0.001774769999999995,0.37228914,0.36955713,0.002732010000000007,446417818,1.0,active_bar,stock-state episode,"CSRank(Mul(Duration(Sign($intraday_ret_from_open)),Delta($open,5)))","CSRank(Add(ZScore(Delta($open,5)),Mul(0,Sign($intraday_ret_from_open))))",5d35445d52f3f77457ca192cd5e0709805ffe80b6207cc509430e866b797508a,85e40945189c07723e502f4cf972797240247e5ae3aa70a41cb718ec3c9b9e1e,b0d8245ddd2634fc83b3a51002bdbd07eccd7a8c933824c56017ccefdde30c10
active_bar,INTRADAY_STATE_TRANSITION,cn.pair.3094c16ed84e774197144bdc3912c14b,cn.comp.7d029b6c5a795e3c4c38,cn.comp.7d029b6c5a795e3c4c38.control,PAIR_EVALUATED,,-1.36898513,-1.36357026,-0.005414870000000072,-0.10918652,-0.11015598,0.0009694600000000053,0.84593712,0.84049089,0.005446229999999996,445621653,1.0,active_bar,stock-state episode,"CSResidual(ZScore(Delta($pct_chg,20)),Sign($intraday_ret_from_open))","CSRank(Add(ZScore(Delta($pct_chg,20)),Mul(0,Sign($intraday_ret_from_open))))",6b01402cd26ab48be3ef00774141c05cbb9d18c2da045ef3d7810b05dfe250df,2ee456fb50f8b9f4846d6add6f3675f04aee354bed055685e2d7ee80d60dd3f3,d51dcee827ea19d6e822a87f63e7ea05098cc45ad5e7eb010d4435cceaffcbcd
active_bar,INTRADAY_STATE_TRANSITION,cn.pair.31310fee4310a708f67fed01f1e1e5a0,cn.comp.031d79fc3c73fbb9d0db,cn.comp.031d79fc3c73fbb9d0db.control,PAIR_EVALUATED,,-1.15051481,-1.34826705,0.19775224000000002,-0.11246918,-0.10476203,-0.007707149999999996,0.62701513,0.83169319,-0.20467806,446412953,1.0,active_bar,stock-state episode,"Mul(Persistence(Positive(Sign($ret_1m)),3),Sign($pct_chg))","CSRank(Add(ZScore(Delta($pct_chg,3)),Mul(0,Sign($ret_1m))))",e00b0e6943f9edc1c76635fa51d01e44f78dbdeb40c4e39a641657806bdd6d86,d614d9e6a828d5eaac15f5cf2afb264ea1b3663c108e873eb77af06bd89f30b7,f69372d1522e244f8bfcf930274bdcc770d9f6a217ad8a46f95243e767d594eb
active_bar,INTRADAY_STATE_TRANSITION,cn.pair.31f9a501f70cfb88fab64acc5876c5f4,cn.comp.490e8a05207622da295e,cn.comp.490e8a05207622da295e.control,PAIR_EVALUATED,,-0.11182302,-0.87922013,0.76739711,-0.0045862,-0.0529312,0.048345,0.0354734,0.2693058,-0.2338324,420568122,1.0,active_bar,stock-state episode,"CSRank(Mul(Transition(Sign($intraday_ret_from_open),-1,1),Delta($vwap,10)))","CSRank(Add(ZScore(Delta($vwap,10)),Mul(0,Sign($intraday_ret_from_open))))",ff58593a85a6e985e1d3de2f96cd93adc8bf3cbe6d27ad4eab790b2b13ae39cc,d39faeb192d0e679db66bd9aa7635e928e672289c2780952786027a837abb4b3,3f879ee45384014b6a8d83215c1b20c2f0acbd553dd1e1761f3f0cb397ae21d2
active_bar,INTRADAY_STATE_TRANSITION,cn.pair.32217cac55bc3cb07aeb6202c6cac75c,cn.comp.11255cfc10c767c3af64,cn.comp.11255cfc10c767c3af64.control,PAIR_EVALUATED,,-0.51442319,-0.52741179,0.012988600000000017,0.00840051,0.00865021,-0.00024970000000000027,0.623139,0.6201807,0.0029582999999999693,446386996,1.0,active_bar,stock-state episode,"CSRank(Mul(StateAge(Sign($ret_1m)),Delta($amount,10)))","CSRank(Add(ZScore(Delta($amount,10)),Mul(0,Sign($ret_1m))))",014432091bb4b24dfefa0b505ecd241d83a0ca10fb73c580cbe9ef0628b90d22,55c8e357e534313bded3d636494af1a4cfabaaebfbcc0667e3995877761a66df,ad9cdbf2e53b70cb5b6bd96fc269281f6ca914dadb72926464ca7d4babff565d
active_bar,INTRADAY_STATE_TRANSITION,cn.pair.362509bf3c9c7b3a5fbb6f12bc2f60c1,cn.comp.178c5de502785733227e,cn.comp.178c5de502785733227e.control,PAIR_EVALUATED,,-0.8212828,-1.36296385,0.5416810500000001,0.00377638,-0.10997438,0.11375075999999999,0.83607354,0.84043967,-0.004366129999999968,446340523,1.0,active_bar,stock-state episode,"CSRank(Mul(Sign($intraday_ret_from_open),PathShape($pct_chg,20)))","CSRank(Add(ZScore(Delta($pct_chg,20)),Mul(0,Sign($intraday_ret_from_open))))",5ff1408f5fb7175ce5e9709364d566a53d7839bbaff3b38331231791b2f1e1f3,11154c7622b8dd30530e197c19538ddc5e4fcd4a96e2ceabddbb55f9db5234a1,958dcb16ade6a9864757c5e796c5fb29573652cec1df44741c257a363ed6891a
active_bar,INTRADAY_STATE_TRANSITION,cn.pair.3650aaa94c66a067dbcfa9118fe3d788,cn.comp.14a8a59a2c9f4f200caf,cn.comp.14a8a59a2c9f4f200caf.control,PAIR_EVALUATED,,-0.26614158,-0.53142813,0.26528655,-0.01603985,0.01071384,-0.026753690000000004,0.03328543,0.64521632,-0.61193089,446417818,1.0,active_bar,stock-state episode,"Mul(Persistence(Positive(Sign($intraday_ret_from_open)),5),Sign($amount))","CSRank(Add(ZScore(Delta($amount,5)),Mul(0,Sign($intraday_ret_from_open))))",6c7549dae4bcec2dee9c61ced5e04ed55ed9bd7ec52283305eef36b817cb4404,b42fd7f38bdca329bf602614f0edf46d4e424d4898e063b99c948596c0bfc99d,27fda15f84e2f53cac239de2c8758f8c1c70576a99ead23abf634ee7d0477f08
active_bar,INTRADAY_STATE_TRANSITION,cn.pair.3840f61c7d3b1dec7cf4efc4beb1aaec,cn.comp.32106d2e8f54e16c078c,cn.comp.32106d2e8f54e16c078c.control,PAIR_EVALUATED,,-0.64967985,-0.75935462,0.10967477000000003,-0.03060989,-0.04359032,0.012980430000000001,0.21797931,0.20382257,0.014156740000000001,418555849,1.0,active_bar,stock-state episode,"CSResidual(ZScore(Delta($vwap,20)),Sign($intraday_ret_from_open))","CSRank(Add(ZScore(Delta($vwap,20)),Mul(0,Sign($intraday_ret_from_open))))",6c997a41964a27e52623f1b8462166c28e56f79e641ada8deaa4089fba6d2f41,e94f46961001db36da87aaaada105baac47d49d66a425d8b166e8a838ebd1eec,f986b2dccc311e703f2182b73f1644605ba1d80969b291043979b9bf99b55ace
active_bar,INTRADAY_STATE_TRANSITION,cn.pair.38c521bd72a9975ee296b4337c723ae0,cn.comp.8213a4f8ee4f680ac394,cn.comp.8213a4f8ee4f680ac394.control,PAIR_EVALUATED,,-0.50862754,-0.86025843,0.35163089000000003,-0.00308165,-0.05056177,0.04748012,0.30539631,0.24715013,0.05824618000000001,369212333,1.0,active_bar,stock-state episode,"CSRank(Mul(Sign($intraday_ret_from_open),PathShape($vwap,10)))","CSRank(Add(ZScore(Delta($vwap,10)),Mul(0,Sign($intraday_ret_from_open))))",ffc9b80f195eada2a38c22714c09419cfc45c30bf1c0ba6f81fa0196ec88d419,9aee6c4148daa15018fc93c0f3dac2b7d2d447c6d6ace1fdf9dafb007bfdc811,af12e2a047fbead6406fde63cf519cd3abe6546244078d76a810d820bf44baa9
active_bar,INTRADAY_STATE_TRANSITION,cn.pair.39b525996a19564b45ffe9960ac87b20,cn.comp.1d48e1a7538f23d99bd6,cn.comp.1d48e1a7538f23d99bd6.control,PAIR_EVALUATED,,-0.44696957,-0.74570529,0.29873572,0.00709774,-0.0368225,0.04392024,0.49126154,0.30227359,0.18898795000000002,408456201,1.0,active_bar,stock-state episode,"CSRank(MultiScaleRelation(Sign($ret_1m),$open,5,20))","CSRank(Add(ZScore(Delta($open,10)),Mul(0,Sign($ret_1m))))",a976cf3e9f7b2a8e94c640c364afa6e1cc2f2c268b6ed8f464792bf69ab2ae66,729c9bf7be61fcea9bce4d0aff5d032312e0b083eedf96bfdc3096dffc007bbf,e8307a45f7e7df5b1ed7cc5edc049434fbaa7af35b1e549267b566a6e71f7f83
active_bar,INTRADAY_STATE_TRANSITION,cn.pair.3ad5f3eea755d9becd3cd25799cc0b48,cn.comp.41044c3a10ecc568ba32,cn.comp.41044c3a10ecc568ba32.control,PAIR_EVALUATED,,-0.74634414,-0.76985868,0.023514539999999973,-0.0413453,-0.0441808,0.0028354999999999977,0.20666296,0.20428633,0.0023766300000000185,420375458,1.0,active_bar,stock-state episode,"CSRank(Mul(StateAge(Sign($intraday_ret_from_open)),Delta($vwap,20)))","CSRank(Add(ZScore(Delta($vwap,20)),Mul(0,Sign($intraday_ret_from_open))))",9f6a28acdf2c86afaac2b3c79d5ff327e2266fe0f4dd64c7cefb3cb9e0e7c7e9,57b9b8539b1faf5d7acfbe852384adc4f7c9e8806c07c3fbd916404668bd723d,43fea53bddecf2917b5f8dfcbcec962048075e1da7d615a877e050f53c580638
active_bar,INTRADAY_STATE_TRANSITION,cn.pair.3b1b665b77b8c70faffa99941354a055,cn.comp.453a19374fe684a7749f,cn.comp.453a19374fe684a7749f.control,PAIR_EVALUATED,,0.29989153,-0.55701788,0.85690941,0.04966373,0.01036049,0.03930324,0.07559033,0.66405642,-0.5884660899999999,444575652,1.0,active_bar,stock-state episode,"CSRank(Mul(Transition(Sign($ret_1m),0,1),ZScore($amount)))","CSRank(Add(ZScore(Delta($amount,3)),Mul(0,Sign($ret_1m))))",e1b13689d1fc9c1e08f985b8ce84e116ded38ed531b22271fceb0e21f963ba18,3396eda8a4ad4027381c40baf594f35fd407f9ffe34ac51854d213859aec7d2c,5f9949347ef5667cd11fa5e19bfb08c8d1e68b27db3fa04a2032457ae880973e
active_bar,INTRADAY_STATE_TRANSITION,cn.pair.3bb7667225ff1c1dd05b653e5f766d99,cn.comp.5781d885db599e962572,cn.comp.5781d885db599e962572.control,PAIR_EVALUATED,,-1.11345632,-1.36619246,0.2527361399999999,-0.0324112,-0.11063727,0.07822607,0.84207644,0.83993112,0.002145320000000006,444534533,1.0,active_bar,stock-state episode,"CSResidual(ZScore(Delta($pct_chg,10)),Sign($ret_1m))","CSRank(Add(ZScore(Delta($pct_chg,10)),Mul(0,Sign($ret_1m))))",d5bcf1b03e59a9ba6015f6ec69750fb0f343da2657f8bd77bd744c038f3cc028,cb8459020c23cb1cad380b341c73ea57d901690bf0e0d098477462704a374f1c,76b619a01a9699a8d38bdcf5bf2e2a2cdb59b0b7b4cf6e760bb2fdc60e4f3f7a
active_bar,INTRADAY_STATE_TRANSITION,cn.pair.3c49d95551248304a26d049d2b5f781a,cn.comp.43063465257eeadd7c5a,cn.comp.43063465257eeadd7c5a.control,PAIR_EVALUATED,,-1.30081753,-1.35888907,0.05807154000000003,-0.09699808,-0.10839668,0.011398599999999995,0.80351574,0.83931706,-0.035801319999999914,446417818,1.0,active_bar,stock-state episode,"CSRank(Mul(StateAge(Sign($intraday_ret_from_open)),Delta($pct_chg,5)))","CSRank(Add(ZScore(Delta($pct_chg,5)),Mul(0,Sign($intraday_ret_from_open))))",1e5bd55f3457127ea79913a4d869894976462518f538346cff0f0b5839188211,aa292a5a418f69327956b47460573a6a16e08d9b4b59f0330ebaee87647d4977,de63cd84e67e0c04a419ab919fc76e08032bf540195e2f5cb3d28ee0a61bb347
active_bar,INTRADAY_STATE_TRANSITION,cn.pair.3cafc3bd8740b1b3e6c672af5f989af3,cn.comp.4ab31a096076d192d2d3,cn.comp.4ab31a096076d192d2d3.control,PAIR_EVALUATED,,-1.00748503,-0.99365344,-0.013831590000000005,-0.09447352,-0.10008797,0.005614449999999993,0.32820067,0.25328628,0.07491439000000005,446335466,1.0,active_bar,stock-state episode,"CSRank(Mul(StateAge(Sign($ret_1m)),Delta($intraday_ret_from_open,20)))","CSRank(Add(ZScore(Delta($intraday_ret_from_open,20)),Mul(0,Sign($ret_1m))))",614c638ff64cd4af83750535964341bf562d09dead59d3c2a8606208de2fd823,2b94f6d27ded016046f62ef1170c836694af30306d1a55e9d4e4bb8309ed9b02,850eda439b5d632ff5176dd9671ce256af411f74127d013e2a2b70d3f0508f7d
active_bar,INTRADAY_STATE_TRANSITION,cn.pair.3d713e38771c3858785099eeffa64ebf,cn.comp.85ddab947d445c082a1d,cn.comp.85ddab947d445c082a1d.control,PAIR_EVALUATED,,-0.03401012,-0.52260369,0.48859357,-0.00399575,0.00657411,-0.01056986,0.0020481,0.59710072,-0.59505262,446340523,1.0,active_bar,stock-state episode,"CSRank(Mul(Transition(Sign($intraday_ret_from_open),-1,1),Delta($amount,20)))","CSRank(Add(ZScore(Delta($amount,20)),Mul(0,Sign($intraday_ret_from_open))))",39b5939a8be4ca4209b628eb744b18661440e48e42d35ed36eef698154162a9a,31fe2ed11f6cd884fcde6f0e7fd850eb177da4a4c77744d316fee55635e096ef,4044d059f8e1d532c821273e6f92e01a55030110f3b1842fe2fe61171a90326d
active_bar,INTRADAY_STATE_TRANSITION,cn.pair.408114016813631bf0d7cb2ed031d094,cn.comp.242bdbaedc9763be51a5,cn.comp.242bdbaedc9763be51a5.control,PAIR_EVALUATED,,-0.63953391,-1.10948634,0.46995242999999987,-0.02200286,-0.14094518,0.11894232,0.18364122,0.4374161,-0.25377488,446392533,1.0,active_bar,stock-state episode,"Mul(Persistence(Positive(Sign($ret_1m)),5),Sign($intraday_ret_from_open))","CSRank(Add(ZScore(Delta($intraday_ret_from_open,5)),Mul(0,Sign($ret_1m))))",a0f00ac64da913254ec43af0e5c6a1edc2896ba2403c323653ef017285fe79f5,99938f7c2759a86213973671366d10c52f9ba675874f2c1ed6a66351a6b47c50,fbbe5f85676bbafb0ed07b56c1f5e47650f1a830d57bd57cf190baf850d9d956
active_bar,INTRADAY_STATE_TRANSITION,cn.pair.40b44ce35b4253c58ad8648255684ebb,cn.comp.286e42cf85903d539de8,cn.comp.286e42cf85903d539de8.control,PAIR_EVALUATED,,-0.51824597,-0.53114021,0.012894240000000057,0.01041188,0.01071329,-0.0003014100000000002,0.64573393,0.64522324,0.0005106900000000358,446412761,1.0,active_bar,stock-state episode,"CSRank(Mul(Duration(Sign($ret_1m)),Delta($amount,5)))","CSRank(Add(ZScore(Delta($amount,5)),Mul(0,Sign($ret_1m))))",9b4020e002a1eef5df8de9c5bb8664b888f0e56209b1c992829e61bf3e1e77df,ef4ab4b5cee48b8b3dc8085dd55bd7dfd7dc0f9028877d5e230d85675529055b,4e32d60dda297e990576b884f11fd7245bd2df559cc371266d395cd95413b31b
active_bar,INTRADAY_STATE_TRANSITION,cn.pair.421d25eb3f6cea6bd3673a34ac4a0b22,cn.comp.36775862015ca0f70b56,cn.comp.36775862015ca0f70b56.control,PAIR_EVALUATED,,-0.73615547,-1.36019238,0.62403691,0.00478321,-0.10525598,0.11003919,0.76925375,0.84004378,-0.07079003000000006,446402743,1.0,active_bar,stock-state episode,"CSRank(Mul(Sign($intraday_ret_from_open),PathShape($ret_1m,3)))","CSRank(Add(ZScore(Delta($ret_1m,3)),Mul(0,Sign($intraday_ret_from_open))))",7de9ec0fdfa571073cc4f493ae79ac9f484661ad364f06de2ff10cf8c51eaca7,7886ef494be8534db3facacfbf0a43772f148aeb1b76908a7de6d711f3a99076,ecd6d1fa7aaf5f90f2abcf2f46604d246814867b1d10fbcbedf28e14aaf7e1b5
active_bar,INTRADAY_STATE_TRANSITION,cn.pair.43912ba84b8f46b090d20cf98d67d1d6,cn.comp.3fc65eb5582f8ea33fae,cn.comp.3fc65eb5582f8ea33fae.control,PAIR_EVALUATED,,-1.09016358,-1.36339273,0.2732291499999999,-0.02947356,-0.10893069,0.07945713,0.842337,0.83907384,0.0032631600000000427,444560298,1.0,active_bar,stock-state episode,"CSResidual(ZScore(Delta($pct_chg,5)),Sign($ret_1m))","CSRank(Add(ZScore(Delta($pct_chg,5)),Mul(0,Sign($ret_1m))))",552b3563863427d4c0e0a80f70a37102df3f108af2f995da72518c57339e5d52,6baeaa67e491ea6488e14dfd72a6056f4e7667addf5bd0f293768a21d30d6b66,27aff957b512e194dc98aabca86e618f93bb6ab78a63b4251eb61c06595161f3
active_bar,INTRADAY_STATE_TRANSITION,cn.pair.448f55135eae6fb961ecf18299d952d4,cn.comp.483f8b19f352f56c7988,cn.comp.483f8b19f352f56c7988.control,PAIR_EVALUATED,,-0.67427796,-0.75588476,0.08160680000000009,0.01220139,-0.04169542,0.053896809999999996,0.72166604,0.17896226,0.54270378,331622998,1.0,active_bar,stock-state episode,"CSRank(Mul(Sign($ret_1m),PathShape($vwap,20)))","CSRank(Add(ZScore(Delta($vwap,20)),Mul(0,Sign($ret_1m))))",8c15f2773a995b5da7e9c48f33d2f446a2791a6d7767701e1da67c53db159ea7,ad9e12aeb1635bded921e462607a002195d3046dd6d1c038b484d1dcb815dc9e,15f05beaa96f18c5848463c1c8ad01f8d568aa1685da36484b0695d74c7a991f
active_bar,INTRADAY_STATE_TRANSITION,cn.pair.458e01008fd0ac777e2190f5cf7d2ba9,cn.comp.2500f25a544fbf37b049,cn.comp.2500f25a544fbf37b049.control,PAIR_EVALUATED,,-0.30516837,-0.54600593,0.24083755999999995,-0.01844452,0.01065635,-0.02910087,0.03717018,0.66306696,-0.6258967799999999,446428124,1.0,active_bar,stock-state episode,"Mul(Persistence(Positive(Sign($intraday_ret_from_open)),3),Sign($amount))","CSRank(Add(ZScore(Delta($amount,3)),Mul(0,Sign($intraday_ret_from_open))))",1b75e466196e27d6a8d91870f568ec481a0c49acf313c27571ff0faa8976eb19,f94365883c0b8482b199b0f4089d2e6be85951d0860da5ab4195cad65b3cdbc6,c2b8cc27bd57b8dea0206f88e9bcc6c61a9fd53ac64ec757afae9d1e507c6fad
active_bar,INTRADAY_STATE_TRANSITION,cn.pair.478d6a5d89c5347dad30f6f668ad92ad,cn.comp.0e5a50fb390912882c18,cn.comp.0e5a50fb390912882c18.control,PAIR_EVALUATED,,-0.5092119,-0.5225727,0.01336079999999995,0.00634519,0.00657283,-0.0002276400000000003,0.60278889,0.59710993,0.005678960000000011,446335466,1.0,active_bar,stock-state episode,"CSRank(Mul(Duration(Sign($ret_1m)),Delta($amount,20)))","CSRank(Add(ZScore(Delta($amount,20)),Mul(0,Sign($ret_1m))))",d7c0325885441190193a5513d77a9c6a9fd9b6c158131f0790a12fb6ffb986de,279a9d086021b398392db6dfcdaa1a9f97fc942abf9c2bbccacc1914a17f5f4b,e1f02ad93723bed46bd7ca6e54b31c82eae932b478486a8c0352e90ff2a3a6f3
active_bar,INTRADAY_STATE_TRANSITION,cn.pair.4c49f338137253c4b422794813e0f601,cn.comp.00fd7ff0a496b64dd819,cn.comp.00fd7ff0a496b64dd819.control,PAIR_EVALUATED,,-0.57146855,-0.9610036,0.38953505,-0.00736019,-0.06021021,0.05285002,0.42540803,0.35489546,0.07051257,420692231,1.0,active_bar,stock-state episode,"CSResidual(ZScore(Delta($vwap,5)),Sign($ret_1m))","CSRank(Add(ZScore(Delta($vwap,5)),Mul(0,Sign($ret_1m))))",87dc93db971fde839df4465fd4a876577c303ee9439033ffb4816c1d4c10a8cb,84b225320d100e97fbfaf0e9eac738096ace0c1e923d5060b23920137f47334d,ac265c490096d7baed893a1c8f16468f463dc0ef7c8c5bad0b3de0f685199cd1
active_bar,INTRADAY_STATE_TRANSITION,cn.pair.4f9e0add44abf089dc4686fa90d057e8,cn.comp.52f7b965600e8501111c,cn.comp.52f7b965600e8501111c.control,PAIR_EVALUATED,,-0.76587957,-0.74291925,-0.022960319999999923,-0.03925231,-0.03729572,-0.001956590000000001,0.30704148,0.28194464,0.025096839999999954,444534533,1.0,active_bar,stock-state episode,"CSResidual(ZScore(Delta($open,10)),Sign($ret_1m))","CSRank(Add(ZScore(Delta($open,10)),Mul(0,Sign($ret_1m))))",0c41279191bb79850ee416ec1d4d7621cbf9732750af786f357892f0f3f9968e,6694c1548f2a62e8726c3bfc518179942ba198fc8fc456c74053241ac92c5feb,e8a04df91e5735495452f29f07faf240920dbef14b6fc82ec2dab898d2cb2394
active_bar,INTRADAY_STATE_TRANSITION,cn.pair.50cbf10681ab599562656d5d7f22b59d,cn.comp.4247220e76634df78be7,cn.comp.4247220e76634df78be7.control,PAIR_EVALUATED,,-0.64292341,-0.99283005,0.34990664000000005,0.01021409,-0.10008797,0.11030206,0.72445748,0.25328628,0.4711712,446335466,1.0,active_bar,stock-state episode,"CSRank(Mul(Sign($ret_1m),PathShape($intraday_ret_from_open,20)))","CSRank(Add(ZScore(Delta($intraday_ret_from_open,20)),Mul(0,Sign($ret_1m))))",b70efa69eba90e6ffcf4c9115cf8ed6cf2c214ee6697fb688e02da3ba47e03d1,af882c174ef3c214f17a5f4f025960a155d9b659606c75b6a250b72dfbc79a77,8d4b5219dbb466ed7ff40ccd7cb6274f4763197557b4297fae81b517b46f9977
active_bar,INTRADAY_STATE_TRANSITION,cn.pair.53c93f371c4975b0e98a511e16952499,cn.comp.527a73c86f254de81ac2,cn.comp.527a73c86f254de81ac2.control,PAIR_EVALUATED,,-0.97373042,-1.37439164,0.40066122000000004,-0.09229701,-0.11056715,0.018270140000000004,0.41666396,0.84711498,-0.43045101999999996,446325256,1.0,active_bar,stock-state episode,"Mul(Persistence(Positive(Sign($intraday_ret_from_open)),20),Sign($ret_1m))","CSRank(Add(ZScore(Delta($ret_1m,20)),Mul(0,Sign($intraday_ret_from_open))))",5505ee847092bb642cdc3ee13c736e682c514164a13398023c083bfd14249e71,b35b5bb0c63f6e50bdefae431b6d134752b622320436c8c3b717351dd2e0d9fa,b8686f213cfffb98e0045eed828623fbdb10bc7362017515a650f43a8cf5a2d4
active_bar,INTRADAY_STATE_TRANSITION,cn.pair.549552b70298482dff4a29d9484f2c5f,cn.comp.6217de3ab17eb16b64ba,cn.comp.6217de3ab17eb16b64ba.control,PAIR_EVALUATED,,-0.71352498,-0.67027037,-0.04325460999999997,-0.03463558,-0.03326978,-0.0013658000000000003,0.26394382,0.2097516,0.054192219999999985,446335466,1.0,active_bar,stock-state episode,"CSRank(Mul(StateAge(Sign($ret_1m)),Delta($open,20)))","CSRank(Add(ZScore(Delta($open,20)),Mul(0,Sign($ret_1m))))",1424aaf39b8aa7f21f0699165a12ebb058e5a6448b1a785dedff056238f539f2,2c4f006939c57a13adc8b129499b40c20d26dbf23eb358ad4ca94d406f458ad8,74b4eee91d45998df66be014b7dfdbb629524b0a1b5d584cb3399b453554a1eb
active_bar,INTRADAY_STATE_TRANSITION,cn.pair.56b6c5dc85c3e93fd32f3fdef01a05a3,cn.comp.2d49c7447ac457de8230,cn.comp.2d49c7447ac457de8230.control,PAIR_EVALUATED,,-0.11821265,-0.52267125,0.4044586,0.00447108,0.00657283,-0.0021017500000000003,0.09825991,0.59710993,-0.49885002,446335466,1.0,active_bar,stock-state episode,"CSRank(Mul(Transition(Sign($ret_1m),-1,1),Delta($amount,20)))","CSRank(Add(ZScore(Delta($amount,20)),Mul(0,Sign($ret_1m))))",f2d574219d1e1ced470d94da1c9eb6ddacb2600a32fc3a66b390ee40d27147e3,5991362121053519040b1b4fe5e3fd75beffa1e7d72e0093859109cc7a4624e9,e7692acabc439f6d166507196bbeea86278089a97903a2109396e965989f85ce
active_bar,INTRADAY_STATE_TRANSITION,cn.pair.56c0333f9d5f6223cc86d3b26a45aac0,cn.comp.5f914a98f63fc246adaa,cn.comp.5f914a98f63fc246adaa.control,PAIR_EVALUATED,,-0.29792087,-0.96043239,0.66251152,-0.01647373,-0.0602099,0.04373617,0.04562764,0.35489264,-0.309265,420697275,1.0,active_bar,stock-state episode,"Mul(Persistence(Positive(Sign($intraday_ret_from_open)),5),Sign($vwap))","CSRank(Add(ZScore(Delta($vwap,5)),Mul(0,Sign($intraday_ret_from_open))))",3c110eb57faf24a4289956d5db08fa4097b5b7a45e2318038b935e7d3e1847e4,b53e7afcdbede543a036cc3cf556bb2e4f7cd8d99b92230b71e6530608e4edd1,9f0fff21c7ab381fce436893b57857ba3a36a6a668100af947dfc5319927e9e3
active_bar,INTRADAY_STATE_TRANSITION,cn.pair.56c55557f9e2cfac77dee82632b76819,cn.comp.460111672096d5bf23c1,cn.comp.460111672096d5bf23c1.control,PAIR_EVALUATED,,-1.36207584,-1.36015622,-0.0019196200000000108,-0.10434041,-0.10516806,0.0008276499999999992,0.84257522,0.84006065,0.0025145699999999938,445699033,1.0,active_bar,stock-state episode,"CSResidual(ZScore(Delta($ret_1m,3)),Sign($intraday_ret_from_open))","CSRank(Add(ZScore(Delta($ret_1m,3)),Mul(0,Sign($intraday_ret_from_open))))",eb4d41d6fb5d4042361805abf115bfb7fab70f24d47c522211a66c52480c8942,3c5463b5efb7b4473a530ffe703958c5416bab853fdd637a223d25083abb169a,0a881f3f5d7a4ce00fe8e0d1f8eef552b0368464cd87d6b477862dda08c23965
active_bar,INTRADAY_STATE_TRANSITION,cn.pair.56f53a5ef1561beaef3fb2d953a88edb,cn.comp.2c2daf2f74812691c669,cn.comp.2c2daf2f74812691c669.control,PAIR_EVALUATED,,-0.50531242,-0.52780064,0.02248822000000006,0.00847661,0.00865021,-0.00017359999999999945,0.60503552,0.62017293,-0.015137409999999907,446392053,1.0,active_bar,stock-state episode,"CSRank(Mul(StateAge(Sign($intraday_ret_from_open)),Delta($amount,10)))","CSRank(Add(ZScore(Delta($amount,10)),Mul(0,Sign($intraday_ret_from_open))))",b3db4d700a6ed49944422fbf329ead131f96ad62279d31a6f68987ea4eadd0f1,7b0e4638ba79c09b084e3722fa3282d33491996c4afce1d6cca5794acd17dbdd,822136c68dd741ed84f33338f22a75252167c7f9db0af406ad76a76b62ae4b2f
active_bar,INTRADAY_STATE_TRANSITION,cn.pair.5ad2263368b6300ec9767569b8b3162d,cn.comp.8488cd8aca74ed45dccc,cn.comp.8488cd8aca74ed45dccc.control,PAIR_EVALUATED,,-0.97804214,-0.98933261,0.011290469999999941,-0.05841674,-0.06331382,0.004897080000000005,0.43560567,0.43774101,-0.0021353399999999856,420750847,1.0,active_bar,stock-state episode,"CSRank(Mul(StateAge(Sign($intraday_ret_from_open)),Delta($vwap,3)))","CSRank(Add(ZScore(Delta($vwap,3)),Mul(0,Sign($intraday_ret_from_open))))",1a7e177b6d4940d63adc27c87136bb8249461d68a5dd8bf99696fb40964a6eee,9d053f5714bcbd4722aa89c0b9de93eab00f26bd0ae06a0d42c4c38788805d46,802787a034b53a8fe1a47ad01d8a7be44a570d42283b5ce3bf5884082e638739
active_bar,INTRADAY_STATE_TRANSITION,cn.pair.5b2a2dbf73e946f6f4e165c62a268bea,cn.comp.6dae70494f4bd573ce2c,cn.comp.6dae70494f4bd573ce2c.control,PAIR_EVALUATED,,-0.45367713,-0.67060256,0.21692542999999997,-0.00411664,-0.03327064,0.029153999999999996,0.25900577,0.20974163,0.04926414000000001,446340523,1.0,active_bar,stock-state episode,"CSRank(Mul(Sign($intraday_ret_from_open),PathShape($open,20)))","CSRank(Add(ZScore(Delta($open,20)),Mul(0,Sign($intraday_ret_from_open))))",e976ab68abf7fb9cd83d85d33f17385a6897e555cd8285a631f4a857254f724d,f553ab8d56cc086dfd9997e2e0f785e83b753f4eead952f583e34de2131ce9a6,658cf0762b8882ddb46759f7bcfe8404e8d50e67defcdb6176d4e7fc9bcad879
active_bar,INTRADAY_STATE_TRANSITION,cn.pair.5c36c40b7c04513949d24d0d620e8422,cn.comp.194df17f1ada935a2e01,cn.comp.194df17f1ada935a2e01.control,PAIR_EVALUATED,,-0.78161144,-0.74525405,-0.036357390000000045,-0.03927207,-0.03753494,-0.0017371299999999965,0.32375497,0.28143188,0.04232308999999995,446386996,1.0,active_bar,stock-state episode,"CSRank(Mul(StateAge(Sign($ret_1m)),Delta($open,10)))","CSRank(Add(ZScore(Delta($open,10)),Mul(0,Sign($ret_1m))))",fd25bb5f2071ca5f1952a63fcfe2fb4a97fd75653f0e72e7fe6d67a37017e825,28f79446875c2c4bcbfbcfd3220c3680d766fe1e7976e86dbf888df4dae353bb,99b2c617b0ff51cfd248faf4869ad46f0e67d5d95fc3d78f4eeff1362d4708f1
active_bar,INTRADAY_STATE_TRANSITION,cn.pair.5cde8c15e95cf5c940ff56b0b9e0ea92,cn.comp.59a0f3bf44c85db7b171,cn.comp.59a0f3bf44c85db7b171.control,PAIR_EVALUATED,,-1.35597672,-1.34925804,-0.006718679999999866,-0.10400361,-0.10493575,0.000932139999999998,0.83788587,0.83281894,0.005066930000000025,445709254,1.0,active_bar,stock-state episode,"CSResidual(ZScore(Delta($pct_chg,3)),Sign($intraday_ret_from_open))","CSRank(Add(ZScore(Delta($pct_chg,3)),Mul(0,Sign($intraday_ret_from_open))))",a95442a7a150748c75a24d8ff4ebdd939492998965a48739707b695ae67b5655,19fbdbcd7dd20305adbd188b1f8b3e2c80a72a3b8b43586116388e61af9fd7a3,03e019a47e1f787df8ba921e5d9faf7da562faadc8f6f325cc2fbe2208a1bff8
active_bar,INTRADAY_STATE_TRANSITION,cn.pair.5dcf02b389ed687dba2e44ca5bafccae,cn.comp.7d2848c60bfb154c19e5,cn.comp.7d2848c60bfb154c19e5.control,PAIR_EVALUATED,,-0.13331994,-0.66926523,0.53594529,-0.01223409,-0.03327064,0.021036549999999998,0.01003055,0.20974163,-0.19971108,446340523,1.0,active_bar,stock-state episode,"Mul(Persistence(Positive(Sign($intraday_ret_from_open)),20),Sign($open))","CSRank(Add(ZScore(Delta($open,20)),Mul(0,Sign($intraday_ret_from_open))))",02a0720340dee9355aba8bba49fb88e28b4706f1d810d1c4312f2ce461efe99f,85d312dd912750b95f38d919d526c24afd596c50443c4bd372ed00f70030135d,c9a0886c4e211ffc562ecb26c1749203740934962a75f22e416205497f6c59a1
active_bar,INTRADAY_STATE_TRANSITION,cn.pair.5f19afce054791dac6b360f4b6e21fa2,cn.comp.85045e50e932e86013cb,cn.comp.85045e50e932e86013cb.control,PAIR_EVALUATED,,-1.31484624,-1.3738873,0.05904105999999998,-0.09909442,-0.11056715,0.01147273,0.81000695,0.84711498,-0.03710802999999996,446325256,1.0,active_bar,stock-state episode,"CSRank(Mul(Duration(Sign($intraday_ret_from_open)),Delta($ret_1m,20)))","CSRank(Add(ZScore(Delta($ret_1m,20)),Mul(0,Sign($intraday_ret_from_open))))",590ce5adb759bad9c0edf450d27f897417c392b67eee1134a57778a0947811ff,911dd9ad887ac38284ad45fdf6ce46d9eeff141619005245120725d120491950,400a839c81561929292a5ff789d3e69a283905de8de07fcb7f5bbdd7ab01377e
active_bar,INTRADAY_STATE_TRANSITION,cn.pair.5fee623fd3e5b12701e02d2077591bf7,cn.comp.33ede6241969b9c261a6,cn.comp.33ede6241969b9c261a6.control,PAIR_EVALUATED,,-0.67500127,-0.95498274,0.27998147000000007,0.00716127,-0.0582383,0.06539957,0.71840973,0.33750657,0.38090315999999996,394061819,1.0,active_bar,stock-state episode,"CSRank(Mul(Sign($ret_1m),PathShape($vwap,5)))","CSRank(Add(ZScore(Delta($vwap,5)),Mul(0,Sign($ret_1m))))",4f3dd97039d53959c28db6e98dba6d941de72bd725541afcb68ae5887cb2a671,179e32b5c2be30c8865986c912d4be3c15cc2c1f3f8976b396924f270de9db1b,be7eab50964eb88007b7b94e1b6e38269df84e9fdf216f0c9fd7759ee40ce4e9
active_bar,INTRADAY_STATE_TRANSITION,cn.pair.63072dee1a0c7bb834f7c4e234cd9183,cn.comp.6c15eda37e53b6e2c0bc,cn.comp.6c15eda37e53b6e2c0bc.control,PAIR_EVALUATED,,-0.52844405,-1.36271349,0.8342694399999999,-0.04591154,-0.11014412,0.06423258,0.08011599,0.84012101,-0.7600050199999999,446386996,1.0,active_bar,stock-state episode,"CSRank(Mul(Transition(Sign($ret_1m),-1,1),Delta($pct_chg,10)))","CSRank(Add(ZScore(Delta($pct_chg,10)),Mul(0,Sign($ret_1m))))",4ff96b8cfc0b37ad00de7ae8142438a60cf4247a41640db8983ab7c82d9ad5b5,64e3667952da02995b0414b8a547a362ea80959f3fe2c6186be875862c011d2a,d774743136634bb51d1f0d7102aca5ee23d47e71e045b9cd657b9a9b9e7d78f3
active_bar,INTRADAY_STATE_TRANSITION,cn.pair.67c857dc2440b6a9ce40c092aef5d811,cn.comp.36be596f4b0af560a8fc,cn.comp.36be596f4b0af560a8fc.control,PAIR_EVALUATED,,-0.78025925,-1.3695611,0.5893018500000001,0.00459777,-0.10890061,0.11349838,0.80133107,0.84546602,-0.044134950000000006,446382323,1.0,active_bar,stock-state episode,"CSRank(Mul(Sign($intraday_ret_from_open),PathShape($ret_1m,5)))","CSRank(Add(ZScore(Delta($ret_1m,5)),Mul(0,Sign($intraday_ret_from_open))))",adc014a2885757ab90e3fc118f7b4e8587183dcaf3636e0f87d17801796a2910,0cc1e4e5e4de8d8c89b2e9a4642627d0824c91f888a80f727ca0c6c008b75ec6,6b8651aa65c2b89772a9e67348d665ae1924d40c4e8b05cf312f7660dac3205f
active_bar,INTRADAY_STATE_TRANSITION,cn.pair.6841c167eee6feb5cac7ba5d9f919b94,cn.comp.2ccce322d7cc4cdfb727,cn.comp.2ccce322d7cc4cdfb727.control,PAIR_EVALUATED,,-0.74015889,-1.36250192,0.6223430299999999,-0.00272441,-0.11014412,0.10741971,0.74298816,0.84012101,-0.09713284999999994,446386996,1.0,active_bar,stock-state episode,"CSRank(Mul(Sign($ret_1m),PathShape($pct_chg,10)))","CSRank(Add(ZScore(Delta($pct_chg,10)),Mul(0,Sign($ret_1m))))",c71e78a610e2fd1eda7ca430cdfe073cd8828c5b5703bd726348e1ad4f8b3a80,e2d0701e9cfd7ece2947aec4b374d17a6fabf4de97bf205698752971b0d3d3ce,c0e7be6e5c6913307f6255a33551b6e620341609967f5a16187fdcdc44ee7971
active_bar,INTRADAY_STATE_TRANSITION,cn.pair.6ba24513eb7030cf023241688aef784e,cn.comp.7d8023be15083b93f079,cn.comp.7d8023be15083b93f079.control,PAIR_EVALUATED,,-0.68254717,-0.98662094,0.30407377,0.00422475,-0.06194455,0.0661693,0.71535843,0.42482202,0.29053640999999997,406565199,1.0,active_bar,stock-state episode,"CSRank(Mul(Sign($ret_1m),PathShape($vwap,3)))","CSRank(Add(ZScore(Delta($vwap,3)),Mul(0,Sign($ret_1m))))",6dea9ad17800dcd0f85361e5b7fb554d942fc255db1ba342120ee00e455d01f0,60a02c4f4e773ff765309870788b22974f365ebcb8066076dafec11143103513,d862d2f3194b1d00917ae0badf130884863dd0e372953cfdf09112694faf55b4
active_bar,INTRADAY_STATE_TRANSITION,cn.pair.6c4e92c056e3132bfc6c47c11fd07698,cn.comp.2492e09e5c6cb0cb28e5,cn.comp.2492e09e5c6cb0cb28e5.control,PAIR_EVALUATED,,-0.62962956,-0.79653844,0.16690887999999993,0.00801304,-0.039368,0.04738104,0.7022762,0.36956387,0.33271233,446412761,1.0,active_bar,stock-state episode,"CSRank(Mul(Sign($ret_1m),PathShape($open,5)))","CSRank(Add(ZScore(Delta($open,5)),Mul(0,Sign($ret_1m))))",28ae1b2a48896d738e98e84949c27c8070187eef5214557ecad6d84a7765e04e,9c24aba365b82a5e18cdcbbf8de70ed9e926e1bc3abd7c2dd1d3a98d6fbbcede,7c87878f001d86937dbbe287e8842b084d7f4d73e879160c2970f4c3c08cad5a
active_bar,INTRADAY_STATE_TRANSITION,cn.pair.6c5b8bdb6c0d1e53095a432e2619e806,cn.comp.3975da68f0ea23e1d880,cn.comp.3975da68f0ea23e1d880.control,PAIR_EVALUATED,,-0.47750822,-1.48841473,1.0109065099999999,0.00374622,-0.15837746,0.16212368,0.4869801,0.88176432,-0.39478422,52125362,1.0,active_bar,stock-state episode,"CSRank(MultiScaleRelation(Sign($intraday_ret_from_open),$ret_1m,5,20))","CSRank(Add(ZScore(Delta($ret_1m,20)),Mul(0,Sign($intraday_ret_from_open))))",90220af4c8ffe6a80f21798e2c184483246cb7f472421f7943c759ab2fdb4e14,000d659129900b72df7a813aacde4cad2ba7260a3574fc32e0e606075bfb6a95,c67b24d1e15fa9c5e6a8853a673b1ccb338404c8c24f04d370ba98219d56cc60
active_bar,INTRADAY_STATE_TRANSITION,cn.pair.6ced74b4221d6af69ad4d7ce8896f576,cn.comp.0a5ae8b9ee6252fd2312,cn.comp.0a5ae8b9ee6252fd2312.control,PAIR_EVALUATED,,-0.9052553,-0.53016018,-0.37509512,-0.08555351,0.01071345,-0.09626696,0.24958164,0.64522304,-0.3956414,446392533,1.0,active_bar,stock-state episode,"Mul(Persistence(Positive(Sign($ret_1m)),5),Sign($amount))","CSRank(Add(ZScore(Delta($amount,5)),Mul(0,Sign($ret_1m))))",b0772956eeafc5999ec91b7f839a2751059cb3eadcb3e668c20de9d254289dd3,768866f195165e3282e5f0c5e5a7823a32686f5004049b086e3432e925dd82d7,b54faae58e1406bb0934f8666c21f8facd8ff0db9769100a26cb98d761006a32
active_bar,INTRADAY_STATE_TRANSITION,cn.pair.703209692f6a170a68cc976deaf5d46b,cn.comp.54920b7ac1b84a172f09,cn.comp.54920b7ac1b84a172f09.control,PAIR_EVALUATED,,-0.66986633,-0.94169206,0.2718257300000001,0.00384389,-0.04844079,0.05228468,0.69895465,0.58425995,0.11469470000000004,30990927,1.0,active_bar,stock-state episode,"CSRank(MultiScaleRelation(Sign($intraday_ret_from_open),$open,3,10))","CSRank(Add(ZScore(Delta($open,5)),Mul(0,Sign($intraday_ret_from_open))))",ea19b773e5dfcfcfb205bc4d275608707a30ff48ba98f08dde47a88c9ddd6b3e,6e65705e2a64a8c274b0d7fcb23b4885eaeb744f137b9c56a9436dc4f8058fe6,24d241f2b83379991dfeecc28fa9ed197fc793368f758052fdad51adaf7bf0f1
active_bar,INTRADAY_STATE_TRANSITION,cn.pair.70e864682e9de711498334cb39347524,cn.comp.27ade31d55848403fcd9,cn.comp.27ade31d55848403fcd9.control,PAIR_EVALUATED,,-0.03187371,-0.54693193,0.51505822,-0.00369807,0.01065635,-0.01435442,0.00227974,0.66306696,-0.66078722,446428124,1.0,active_bar,stock-state episode,"CSRank(Mul(Transition(Sign($intraday_ret_from_open),-1,1),Delta($amount,3)))","CSRank(Add(ZScore(Delta($amount,3)),Mul(0,Sign($intraday_ret_from_open))))",f7e59a75701d3f3931cb8a2113ec4cac3452886b59e3e3b9c7564bd0e685f6f4,2b530db0b3dbae455f83d9857014a47562add5f54e879170269e0becc498edca,623821ebf24d55883eb695400ee83d91bb7950568831f87114c8b6589e214229
active_bar,INTRADAY_STATE_TRANSITION,cn.pair.70ff60af95e94dda7dd7d81830060cd2,cn.comp.3d00791721f5bab68ba9,cn.comp.3d00791721f5bab68ba9.control,PAIR_EVALUATED,,-0.55028425,-0.54889561,-0.001388640000000052,0.01055711,0.01065643,-9.931999999999996e-05,0.66292626,0.66378869,-0.0008624299999999696,445709254,1.0,active_bar,stock-state episode,"CSResidual(ZScore(Delta($amount,3)),Sign($intraday_ret_from_open))","CSRank(Add(ZScore(Delta($amount,3)),Mul(0,Sign($intraday_ret_from_open))))",d1e362fc8ac06be5244cdb26d12553e3c7806cfdb9714611ed55ffa55359f17f,5e37dcc4260ed0c09b5cd31fd0fda0dc7d4a7e5bae126e6d28b98f873acb4ec0,ef661015a29c5227880473a695678f5cd5e01d93a06afbfd3f3479cc9aa60b56
active_bar,INTRADAY_STATE_TRANSITION,cn.pair.71194a95131aaa68fe2ca357db2e8460,cn.comp.3bce186f3b2c115dab2e,cn.comp.3bce186f3b2c115dab2e.control,PAIR_EVALUATED,,-1.33891429,-1.36181017,0.02289588000000009,-0.1054624,-0.11014412,0.00468172,0.81838101,0.84012101,-0.02173999999999998,446386996,1.0,active_bar,stock-state episode,"CSRank(Mul(StateAge(Sign($ret_1m)),Delta($pct_chg,10)))","CSRank(Add(ZScore(Delta($pct_chg,10)),Mul(0,Sign($ret_1m))))",f6838c6a1f7fb8ff54503b07950bbec28a1adb0c3b7b0310f784f7c5b69a32a5,c55fd1433e5947f69c1db08c7378da7010af02bd91a945be326a1a9c010d2f2a,cf0519c59d393f8b218f64576e46122d2a8a9f70e680ca48e1f7df1f5c70a584
active_bar,INTRADAY_STATE_TRANSITION,cn.pair.7533e0d01e74974be78cdc499932f7f2,cn.comp.4969a333053890053ddd,cn.comp.4969a333053890053ddd.control,PAIR_EVALUATED,,-0.05408252,-0.81459379,0.76051127,0.00873945,-0.03843107,0.047170519999999994,0.09000078,0.44888031,-0.35887953,446423067,1.0,active_bar,stock-state episode,"CSRank(Mul(Transition(Sign($ret_1m),-1,1),Delta($open,3)))","CSRank(Add(ZScore(Delta($open,3)),Mul(0,Sign($ret_1m))))",4b1659c20302b78ebc50083ee2ed85ce80671d9b3f232c1f00d8d8014740b899,8e5f1258d1e320f17e79a6daba7b9ea0b242cd9f7938dc086e15cd616a9b770c,f7d20d0e5a28c731e183991eb85ed17f19532ad23779ea9ff963d7c3e5cd81b7
active_bar,INTRADAY_STATE_TRANSITION,cn.pair.774888eef417e26f3209e60da08b96fb,cn.comp.453fcbe5a48853c1ca52,cn.comp.453fcbe5a48853c1ca52.control,PAIR_EVALUATED,,-0.3936254,-1.36508319,0.97145779,-0.07265266,-0.10942587,0.03677321,0.00879669,0.83900471,-0.8302080199999999,442718045,1.0,active_bar,stock-state episode,"CSRank(Mul(Transition(Sign($ret_1m),0,1),ZScore($pct_chg)))","CSRank(Add(ZScore(Delta($pct_chg,5)),Mul(0,Sign($ret_1m))))",6521e522ecc107c943a892198eb3fe7eaa1f38f9f0e61e42a0e7a4e40bf51a80,698e9b8855e33c0bf5e318567077621842f479e5773ff2af74046211f4015d29,8c8b1036bacba518fb583ce46999668c47278ae709cf1cfbf159df37bb7b2395
active_bar,INTRADAY_STATE_TRANSITION,cn.pair.8086477a1239089a42f81a090d2189ea,cn.comp.26b5cb8cafa263bacd3f,cn.comp.26b5cb8cafa263bacd3f.control,PAIR_EVALUATED,,-0.91682119,-1.34798469,0.43116350000000014,-0.08661975,-0.10476073,0.01814098,0.34830959,0.83168977,-0.48338018,446428124,1.0,active_bar,stock-state episode,"Mul(Persistence(Positive(Sign($intraday_ret_from_open)),3),Sign($pct_chg))","CSRank(Add(ZScore(Delta($pct_chg,3)),Mul(0,Sign($intraday_ret_from_open))))",894bff0a79e60916eabc1c9ab81cb10ad967361e6d9681d28d07b78feb422193,421c32cf85efb4d7b88b06b7c81112da0c3f944e8916eee64bb87a37e1adb1a1,5b86307ca3b63e9cb221d3643e89b6bab6392689562bee62dbab75c306f5967b
active_bar,INTRADAY_STATE_TRANSITION,cn.pair.823bb163eabd33a8574e814cd145932c,cn.comp.1616da953e72121d1294,cn.comp.1616da953e72121d1294.control,PAIR_EVALUATED,,-1.31477017,-1.372891,0.05812083000000001,-0.09925024,-0.11071849,0.01146825,0.80977723,0.84686817,-0.03709094000000002,446376786,1.0,active_bar,stock-state episode,"CSRank(Mul(Duration(Sign($intraday_ret_from_open)),Delta($ret_1m,10)))","CSRank(Add(ZScore(Delta($ret_1m,10)),Mul(0,Sign($intraday_ret_from_open))))",5b1c61f5b14f0d7c0043de85e99b61e014261263729ba9d7cace577990cb3577,0819d909048f9dbd35becaf8ee1c170c23a68066bc77ce809e69bb555d0bf382,c3ec136fd3cb8441b450ff5f96c0adae5749a1ee8a0449292be761131cfe55c2
active_bar,INTRADAY_STATE_TRANSITION,cn.pair.82667ce272dac77d28d6e5bbbc92e897,cn.comp.01a11906cb93e3a1a859,cn.comp.01a11906cb93e3a1a859.control,PAIR_EVALUATED,,-0.90323213,-0.95547254,0.052240410000000015,-0.05206275,-0.05965265,0.007589900000000004,0.35721313,0.35500444,0.002208690000000013,418860562,1.0,active_bar,stock-state episode,"CSResidual(ZScore(Delta($vwap,5)),Sign($intraday_ret_from_open))","CSRank(Add(ZScore(Delta($vwap,5)),Mul(0,Sign($intraday_ret_from_open))))",29b6661a53c7e446b5b77613b99ef2ac9819ae7432cc3b33d1aaae341900c822,47ff2a587d936d57459ec410e88341d1618e3db41110b1d28e5abb81b6848295,2de009f48db0d71b00e8691bb9d95236a5a6e7f21fc2190acf5f2250940e2be6
active_bar,INTRADAY_STATE_TRANSITION,cn.pair.85be9a1082cb4893d2f342d7f2151860,cn.comp.3fecc91aff0cff7d1762,cn.comp.3fecc91aff0cff7d1762.control,PAIR_EVALUATED,,-1.37451107,-1.37357152,-0.0009395500000000112,-0.10953912,-0.11049344,0.0009543199999999946,0.84935846,0.84710715,0.0022513100000000064,445611432,1.0,active_bar,stock-state episode,"CSResidual(ZScore(Delta($ret_1m,20)),Sign($intraday_ret_from_open))","CSRank(Add(ZScore(Delta($ret_1m,20)),Mul(0,Sign($intraday_ret_from_open))))",baea1ad65b7228a8bd6b821244a9691ec877eba933f8718519eef61a55088057,5c1e5b92bc520aeb732983e198ac3b9e225bb4dadc5e8abdd0dd24128d599094,5934effe358694b03c9ec7fdb5c2e699d063e36616d6091e2e5a26fe5aa828a0
active_bar,INTRADAY_STATE_TRANSITION,cn.pair.8601ca509909d49d27931ea16a603f1d,cn.comp.1b8cf52dbe84fbe1613c,cn.comp.1b8cf52dbe84fbe1613c.control,PAIR_EVALUATED,,-0.81719085,-1.37329614,0.5561052900000001,0.00473595,-0.1105708,0.11530675,0.83769696,0.84712379,-0.009426829999999997,446229173,1.0,active_bar,stock-state episode,"CSRank(Mul(Sign($intraday_ret_from_open),PathShape($ret_1m,20)))","CSRank(Add(ZScore(Delta($ret_1m,20)),Mul(0,Sign($intraday_ret_from_open))))",ab3ae4190403306927d4f00c4f487ae46837adf6cd19f33ac0b2ace4f0a1c4f4,e7d27b1f687ff6d04a231823f3e1b2f1cdacac2690216a5f29ab050ebf199052,aea5d11f2462be8df607f3ca1c67486148d6e7665086bab40e1dea38f3b69c18
active_bar,INTRADAY_STATE_TRANSITION,cn.pair.861581f5cc7b150f29eb49f59349c999,cn.comp.740b5021296fbc2f1890,cn.comp.740b5021296fbc2f1890.control,PAIR_EVALUATED,,-0.97313935,-0.96025957,-0.012879780000000007,-0.06068322,-0.06021021,-0.00047301000000000287,0.39418069,0.35489546,0.039285230000000004,420692231,1.0,active_bar,stock-state episode,"CSRank(Mul(Duration(Sign($ret_1m)),Delta($vwap,5)))","CSRank(Add(ZScore(Delta($vwap,5)),Mul(0,Sign($ret_1m))))",fb893311d7cc24701029ccf960903aa7d5701ab74df5661745ad1765a90021d4,305b598fabec9f22cef67cc67beee0f69f5222d0c9c87a0cafb6d660f21fe96a,e7c38b83b0b8bb352a5e226c4945534cb6db6901b6ce2a3f858dfc21419662f1
active_bar,INTRADAY_STATE_TRANSITION,cn.pair.8664fecafdd0f4a70ef2f11761b62c66,cn.comp.0c93c8d573b9d90cfa5f,cn.comp.0c93c8d573b9d90cfa5f.control,PAIR_EVALUATED,,-0.25839984,-0.87757191,0.6191720700000001,-0.01407356,-0.0529312,0.03885764,0.04286595,0.2693058,-0.22643985,420568122,1.0,active_bar,stock-state episode,"Mul(Persistence(Positive(Sign($intraday_ret_from_open)),10),Sign($vwap))","CSRank(Add(ZScore(Delta($vwap,10)),Mul(0,Sign($intraday_ret_from_open))))",f10e3a90187351708ab9940905ff7986218a98e6164f87ecf20f7be3562d5d73,14185eb3c7739a5e1271f184775bb4fd56c4cd9b57c71340c6e521bbdf7c8909,ba2f627b7c9f6e4475410e9372d1bc0c16885da07366b3a8c3aaabd075b88d1e
active_bar,INTRADAY_STATE_TRANSITION,cn.pair.89fc1d70bc74e6c29fe443f0848257e3,cn.comp.46d8afebbefabdb43439,cn.comp.46d8afebbefabdb43439.control,PAIR_EVALUATED,,-0.08582757,-0.79600339,0.71017582,0.00428133,-0.039368,0.04364933,0.09065765,0.36956387,-0.27890622,446412761,1.0,active_bar,stock-state episode,"CSRank(Mul(Transition(Sign($ret_1m),-1,1),Delta($open,5)))","CSRank(Add(ZScore(Delta($open,5)),Mul(0,Sign($ret_1m))))",3a3eb0df410c24ea70c3196467b8dab77f03f486e0367af7f380d2f1a37aa9c0,d8d95a6c7786f95427a4e5be5c4c4254d6ffc4b0e8c3b94e68377039ec213d80,8dce7ba53562e0da854a196ca5238241275bc9439cd75ca12753519510aa190d
active_bar,INTRADAY_STATE_TRANSITION,cn.pair.8c42059d3e6ab447240f1977e211088e,cn.comp.129ee304e1db6379ab68,cn.comp.129ee304e1db6379ab68.control,PAIR_EVALUATED,,-0.52399257,-0.52925713,0.005264559999999974,0.00885189,0.00864294,0.00020894999999999941,0.61489244,0.62035738,-0.005464939999999974,445673183,1.0,active_bar,stock-state episode,"CSResidual(ZScore(Delta($amount,10)),Sign($intraday_ret_from_open))","CSRank(Add(ZScore(Delta($amount,10)),Mul(0,Sign($intraday_ret_from_open))))",62b97aad3d599bc7c0d98f99fdc28860a906a306b0b05d9f688ff3cbc6d736c0,8403af66f08d120d0d845b0654e8141db48fd2c6fcd09f21f6e2360a5461278c,824d6a721f85ca29ab0812105066e97b84755f58712e3238cf29aed8016a48fd
active_bar,INTRADAY_STATE_TRANSITION,cn.pair.8d0e0f0d7c5cb782293d054d6b9524fb,cn.comp.29eab6f9cd67a63cbc24,cn.comp.29eab6f9cd67a63cbc24.control,PAIR_EVALUATED,,-1.13428855,-1.13363914,-0.0006494099999998504,-0.14583348,-0.15036136,0.004527880000000012,0.53989299,0.51985059,0.020042400000000016,446423067,1.0,active_bar,stock-state episode,"CSRank(Mul(StateAge(Sign($ret_1m)),Delta($intraday_ret_from_open,3)))","CSRank(Add(ZScore(Delta($intraday_ret_from_open,3)),Mul(0,Sign($ret_1m))))",055b41cef84c2869227e38cc17480b14675efaade1ca740cd8baff0012762ff9,88b7f957ccaee3bc99b74287d76a3f51dd21a3df3965834b43c55948c1264a63,cc973e20f1753c895a3463cbd557beef1296c909837dc91862512c28f84fbbb3
active_bar,INTRADAY_STATE_TRANSITION,cn.pair.8d67cf7d56c86dca01605f5830d8524e,cn.comp.3d20eb2fd3746ab47019,cn.comp.3d20eb2fd3746ab47019.control,PAIR_EVALUATED,,-0.65880673,-1.06099096,0.40218423000000003,0.00820355,-0.12251604,0.13071959,0.72679315,0.33930159,0.38749156,446386996,1.0,active_bar,stock-state episode,"CSRank(Mul(Sign($ret_1m),PathShape($intraday_ret_from_open,10)))","CSRank(Add(ZScore(Delta($intraday_ret_from_open,10)),Mul(0,Sign($ret_1m))))",97385b951e130724c31c30cdb13b21cd747486b1070decf07bffa7e1fa4ab05e,70e8253afb76c19268dd87ec32c638632adce5a3c3d2c11cd4285587925b8246,80db24618e753e3e4de18be310c7d06bc229f2a72a80abb661a9606a25552e3e
active_bar,INTRADAY_STATE_TRANSITION,cn.pair.919c54ad8e0fe6d06e051adf2120d5a2,cn.comp.7c2dade5beb5f180674f,cn.comp.7c2dade5beb5f180674f.control,PAIR_EVALUATED,,-0.93038013,-0.54666467,-0.38371546,-0.09876277,0.01065318,-0.10941595,0.28350546,0.66307717,-0.37957171,446412953,1.0,active_bar,stock-state episode,"Mul(Persistence(Positive(Sign($ret_1m)),3),Sign($amount))","CSRank(Add(ZScore(Delta($amount,3)),Mul(0,Sign($ret_1m))))",8f01f05303cbf34b0d3060bc3b6a029de15d01c96f013b1507830e2d4d6e31a6,041017006d0917481d33774eed18259cbd2e9a43d39c7d0a3c3736ee9e8a0238,12583c6f61f48072d35110716fd0e4a83368184da4147aaccc003639b463102e
active_bar,INTRADAY_STATE_TRANSITION,cn.pair.957376d260a3f7666a398d6eb351aa55,cn.comp.50ed037cfe1fd2c5871b,cn.comp.50ed037cfe1fd2c5871b.control,PAIR_EVALUATED,,-0.94785304,-1.37258365,0.4247306099999999,-0.08935918,-0.11071849,0.021359310000000006,0.38416436,0.84686817,-0.46270381000000005,446376786,1.0,active_bar,stock-state episode,"Mul(Persistence(Positive(Sign($intraday_ret_from_open)),10),Sign($ret_1m))","CSRank(Add(ZScore(Delta($ret_1m,10)),Mul(0,Sign($intraday_ret_from_open))))",3ff1bd0b0f64b3db05cfdea2ced0a1400dda7e07ad72533c7c19bad0e2a24df3,82294c59f6a1b7fe2d0fa714a6b33cf5eb70f9601d78d2db3f74979ae2977550,97a1f9c65ec72fc0a819373717fa5ffb08b18406c76c054016ae6d4f94cbe6c5
active_bar,INTRADAY_STATE_TRANSITION,cn.pair.977d99993d7475187ed137fd3ab0a77d,cn.comp.5af92d23da6e4bc34525,cn.comp.5af92d23da6e4bc34525.control,PAIR_EVALUATED,,-0.91731965,-0.96083352,0.043513869999999955,-0.08948228,-0.06020829,-0.02927399,0.25970248,0.3549068,-0.09520432000000001,420679500,1.0,active_bar,stock-state episode,"Mul(Persistence(Positive(Sign($ret_1m)),5),Sign($vwap))","CSRank(Add(ZScore(Delta($vwap,5)),Mul(0,Sign($ret_1m))))",c6872f20e722682ccc7203d81ec4b6655ce46f905fe1241a36cd93ae29a7cc28,295165f9b32f3e6d00b75d303c9f78784eaf1bf462e31df45f0cc6fbcd756aca,b5f5fc9cfda842825c900e0ae39008df2363603864098182ce971c5c432efb7a
active_bar,INTRADAY_STATE_TRANSITION,cn.pair.9abc649ece4f11f5e94ca511453ec1e7,cn.comp.02be0f2e7499f119277d,cn.comp.02be0f2e7499f119277d.control,PAIR_EVALUATED,,-0.60566582,-0.60032686,-0.005338960000000004,-0.00779485,0.01152206,-0.01931691,0.58059388,0.71654272,-0.13594883999999996,375169323,1.0,active_bar,stock-state episode,"CSRank(MultiScaleRelation(Sign($ret_1m),$amount,3,10))","CSRank(Add(ZScore(Delta($amount,3)),Mul(0,Sign($ret_1m))))",f82de4327dc426ca01154a3bcb1e90e01bbb7839ee74bc3bebc239e492ea7cbb,fa45795995508b2134b47657c5547077a7390522eec0c0e68f3c49b8037dc1d5,033dcc20899aeecbce71e9859fe49ed4e926635d19d26f6e85c2eebf08435949
active_bar,INTRADAY_STATE_TRANSITION,cn.pair.9c2f219d9cc9ab51ecbe3221d446d3ed,cn.comp.6b95cbdf83067a640c8a,cn.comp.6b95cbdf83067a640c8a.control,PAIR_EVALUATED,,-0.23218121,-0.77101547,0.53883426,-0.01225702,-0.0441808,0.03192378,0.04087325,0.20428633,-0.16341308,420375458,1.0,active_bar,stock-state episode,"Mul(Persistence(Positive(Sign($intraday_ret_from_open)),20),Sign($vwap))","CSRank(Add(ZScore(Delta($vwap,20)),Mul(0,Sign($intraday_ret_from_open))))",34dddae2ff441cc8e510cc2a52a638a6d31d81a108bff43c9184d1b19c696e2b,a877f08b3c64b7f877d60c3ff3d9db3e41fc3ebe9d5a04f1492b40036d2609bf,abd6cb88252433a119caea06a62b9e86678f5a8fe58d6742a558509faf89825e
active_bar,INTRADAY_STATE_TRANSITION,cn.pair.9cf4ab8d7cab2473084f392a2193d334,cn.comp.4608f90f633ddac104ce,cn.comp.4608f90f633ddac104ce.control,PAIR_EVALUATED,,0.35268972,-0.8124333,1.16512302,0.05760713,-0.03843107,0.09603819999999999,0.07256917,0.44888031,-0.37631114,446423067,1.0,active_bar,stock-state episode,"CSRank(Mul(Transition(Sign($ret_1m),0,1),ZScore($open)))","CSRank(Add(ZScore(Delta($open,3)),Mul(0,Sign($ret_1m))))",d924756ab0fbf11dbafd5c94ad4f01c83cb8922cf238bfd8d630bf52789885f3,a866a321e16294c7f73c9814d624eff5c0f0f5c2bba876665ffc80e13944a552,919d4ec5cd6f7bd14528256e42deb608246a08b8a45fe8701050516fa91c1ba1
active_bar,INTRADAY_STATE_TRANSITION,cn.pair.9e1d524137fe39cd3675c3eff6442049,cn.comp.5870891ebd7ad5f3953a,cn.comp.5870891ebd7ad5f3953a.control,PAIR_EVALUATED,,-0.28971492,-1.10955531,0.81984039,-0.02419713,-0.14094235,0.11674522,0.0744513,0.43742137,-0.36297007,446412761,1.0,active_bar,stock-state episode,"CSRank(Mul(Transition(Sign($ret_1m),-1,1),Delta($intraday_ret_from_open,5)))","CSRank(Add(ZScore(Delta($intraday_ret_from_open,5)),Mul(0,Sign($ret_1m))))",148a619dfb2784c9f97ca0fb7a8fa4605d36996d15a37bd0892ec29e9de17d3b,452d7b9e0d26f12d33f130c6b4b03a8b4d40fa93b0d46ec9122db32c316aa7af,c318ed760e2724a9f0c4874cfba6930ef5de64dc914105429e2ee278b225d68a
active_bar,INTRADAY_STATE_TRANSITION,cn.pair.9f1b59cfcb15855339fb8d31f2cc92c5,cn.comp.82a377f4d42277aea108,cn.comp.82a377f4d42277aea108.control,PAIR_EVALUATED,,-0.99759115,-0.98963441,-0.007956740000000018,-0.06348299,-0.06331671,-0.00016628000000000476,0.46545062,0.43774416,0.02770645999999999,420748199,1.0,active_bar,stock-state episode,"CSRank(Mul(Duration(Sign($ret_1m)),Delta($vwap,3)))","CSRank(Add(ZScore(Delta($vwap,3)),Mul(0,Sign($ret_1m))))",803219e719132e69dd7e2078d1c47b9b9b3d41da22a9534aeeafb7a149cbbc0d,1306d5eec663032448b1aab325acb7ff063b4b739ec282eb07c96d47efff6004,f0a1da049820b274d03fc21827e6cec609ca1f0845b82c1b1c9aebea38d14615
active_bar,INTRADAY_STATE_TRANSITION,cn.pair.9ff018079656b8065328452709aeb9cf,cn.comp.5d2cf69ddb2c8e0371df,cn.comp.5d2cf69ddb2c8e0371df.control,PAIR_EVALUATED,,-0.5867534,-0.67640455,0.08965115000000001,0.00468084,0.00481713,-0.00013628999999999985,0.63645528,0.75634502,-0.11988974000000008,35798323,1.0,active_bar,stock-state episode,"CSRank(MultiScaleRelation(Sign($intraday_ret_from_open),$amount,3,10))","CSRank(Add(ZScore(Delta($amount,3)),Mul(0,Sign($intraday_ret_from_open))))",75afb0cefcf1abb26a4b342f685a63ddef8736bf7ff498c469fa2e5165f0ab13,b51b1b62426acc9ecd06d96bb620b1d547c7446f2259d35414c55cefcaff69c8,5247446ba2aeb3439d0eba4252de447f2f931e4046c13cfd32f2d009dbb8c4a5
active_bar,INTRADAY_STATE_TRANSITION,cn.pair.a0ad5dc6cbca829eae25f238b9cd357e,cn.comp.2f99d8e8ba0100c79017,cn.comp.2f99d8e8ba0100c79017.control,PAIR_EVALUATED,,-0.75972354,-0.52291878,-0.23680475999999995,-0.00305941,0.00657283,-0.00963224,0.7596009,0.59710993,0.16249097,446335466,1.0,active_bar,stock-state episode,"CSRank(Mul(Sign($ret_1m),PathShape($amount,20)))","CSRank(Add(ZScore(Delta($amount,20)),Mul(0,Sign($ret_1m))))",a3bc9d013b62f52b568f88c52993fd29b63b8ac7ef7cccb71dd2fffa990b6e54,6448499a89d38ba48cd0c38e14b291530b32f378033510d3fd33b5086429ca62,841fc79b0cd302b321694c5d1873de3a40d2146eab712739ce174ce53e2c3b39
active_bar,INTRADAY_STATE_TRANSITION,cn.pair.a2c8b205ca4b8f9bb0363d12db7036ef,cn.comp.7b35c995041a5d9d5366,cn.comp.7b35c995041a5d9d5366.control,PAIR_EVALUATED,,-0.76064812,-0.52745474,-0.23319338,-0.00387424,0.00865021,-0.01252445,0.76100054,0.6201807,0.14081983999999992,446386996,1.0,active_bar,stock-state episode,"CSRank(Mul(Sign($ret_1m),PathShape($amount,10)))","CSRank(Add(ZScore(Delta($amount,10)),Mul(0,Sign($ret_1m))))",5e111bd7d0e89c9d49194e3f7b569ae37c9a8d6e6772ffa9bea301ba4cb01aa3,28ef7e91a81e022b9144233b4aa274856b114aaa0e5e7cf1e1981035dd5fe6f4,488ed31ae5aab59db063e3e7a783a40c192e7860271bb254eaf43e2ff6b0d6cb
active_bar,INTRADAY_STATE_TRANSITION,cn.pair.a3b79dc14f180e22a33aa1534943f30f,cn.comp.08919eece6334565f3be,cn.comp.08919eece6334565f3be.control,PAIR_EVALUATED,,-1.33867055,-1.3621861,0.02351554999999994,-0.10523638,-0.10997083,0.004734450000000001,0.81785729,0.84044358,-0.02258629000000001,446335466,1.0,active_bar,stock-state episode,"CSRank(Mul(Duration(Sign($ret_1m)),Delta($pct_chg,20)))","CSRank(Add(ZScore(Delta($pct_chg,20)),Mul(0,Sign($ret_1m))))",84f293a77e7b675f418540d0685d42c01b7cb0bb0abfffc6383da8a0c6fb1376,9edbbad1957530a0872a0d145ccd680949bc46b008f2ca20b8019eaa7704bdbe,6d9414cc2204d3512e7c0276eedbf767f87e1477832b4b4ffcabc00202ba8b58
active_bar,INTRADAY_STATE_TRANSITION,cn.pair.a3d5d374c1dc7dfe2e6db2fc7d513c33,cn.comp.4e3853990d0a4dde9a6d,cn.comp.4e3853990d0a4dde9a6d.control,PAIR_EVALUATED,,-0.50802551,-0.94321434,0.4351888300000001,4.081e-05,-0.06348376,0.06352457,0.4559402,0.34956561,0.10637458999999999,29676558,1.0,active_bar,stock-state episode,"CSRank(MultiScaleRelation(Sign($intraday_ret_from_open),$vwap,5,20))","CSRank(Add(ZScore(Delta($vwap,10)),Mul(0,Sign($intraday_ret_from_open))))",9043fe6e499473dc5ffcab7ca0f2cb5918e066ea1bbaee8b7190a26a0c936a13,7330295cf72c156ac6d36e32c96dd5e23ab6d9ea1e636555c1ef069334f431d6,2d7e26793c9d39415f7182dc7f25b39701e82bee30553b7496da5351bf08c2c1
active_bar,INTRADAY_STATE_TRANSITION,cn.pair.a45703138854aeca512a6ae6ed4ba122,cn.comp.6054f246a7e876a25f87,cn.comp.6054f246a7e876a25f87.control,PAIR_EVALUATED,,-1.3097127,-1.3692227,0.05950999999999995,-0.09753473,-0.10890244,0.011367710000000003,0.8083197,0.84546744,-0.037147739999999985,446402551,1.0,active_bar,stock-state episode,"CSRank(Mul(StateAge(Sign($intraday_ret_from_open)),Delta($ret_1m,5)))","CSRank(Add(ZScore(Delta($ret_1m,5)),Mul(0,Sign($intraday_ret_from_open))))",3f78fa7c1391ef53b1cf59f73ed8bca8980094377a57371f985f434dd4a22b55,d1ab33d1a3f221ae3978ceefcef9d968afb83af6120fddd8b3967ec656027dc7,ed00c84eebfef04c906aacfec67cb53be594e3e228a3f3e73cec3839ab8233eb
active_bar,INTRADAY_STATE_TRANSITION,cn.pair.a6cf3d16ee89a0c4c73ff2c1052d724d,cn.comp.190068179a001e217dcd,cn.comp.190068179a001e217dcd.control,PAIR_EVALUATED,,-0.0334831,-0.52696462,0.49348152,-0.00404241,0.00865021,-0.01269262,0.00213018,0.62017293,-0.61804275,446392053,1.0,active_bar,stock-state episode,"CSRank(Mul(Transition(Sign($intraday_ret_from_open),-1,1),Delta($amount,10)))","CSRank(Add(ZScore(Delta($amount,10)),Mul(0,Sign($intraday_ret_from_open))))",75055cf1af4a5cf1349b35f20542e88a5bdfa41844482c75ce4240e02b149922,673447b738ce1f2315dc866e9ff6d40b59a25e44c8a1362cba567a14c8072fc1,9437f69244d5427ad15c1ebe0551e27fb177f9e14d9208939087688e9bb15120
active_bar,INTRADAY_STATE_TRANSITION,cn.pair.aca89202930ce3189d973a7a0e799665,cn.comp.3e760d533a9eddd6be7f,cn.comp.3e760d533a9eddd6be7f.control,PAIR_EVALUATED,,-0.50919812,-0.52502597,0.015827849999999977,0.00698246,0.00657703,0.00040543,0.58580785,0.59738629,-0.011578439999999968,445621653,1.0,active_bar,stock-state episode,"CSResidual(ZScore(Delta($amount,20)),Sign($intraday_ret_from_open))","CSRank(Add(ZScore(Delta($amount,20)),Mul(0,Sign($intraday_ret_from_open))))",8f25e8c7ce61a89bc9192d6f4fbd09904ebce89275d465811b336ea6ff4f76b0,fc876798f75d8b888f58e5513928dace93472a97be20f1b2945ee911db5de70a,da03e1f88442878d98dcd78487d0aad710ac787f2fe81abc8236c0869c228ea7
active_bar,INTRADAY_STATE_TRANSITION,cn.pair.acf006abe3e4f9bedc9eb17b2eda9224,cn.comp.5acf1b4ebc302fd62fa1,cn.comp.5acf1b4ebc302fd62fa1.control,PAIR_EVALUATED,,-0.50483175,-1.37122641,0.86639466,-0.01166041,-0.11370977,0.10204936,0.30221926,0.84755757,-0.54533831,423657502,1.0,active_bar,stock-state episode,"CSRank(MultiScaleRelation(Sign($ret_1m),$pct_chg,5,20))","CSRank(Add(ZScore(Delta($pct_chg,10)),Mul(0,Sign($ret_1m))))",f81c4d7f5c2296d62e6026e4cd61a8eba775c03ce170f0bb390dcd6a9f56d52a,2383ebea7840f20a38ccf3c5c47fb6dedfaba4760250fb8b0b9ba8d4240d2fdd,afe76963693808ffcbd1c5439d6a66067c3e94d407ef277bf0bf0127b69c2a1a
active_bar,INTRADAY_STATE_TRANSITION,cn.pair.adcdb5976911d0771f5b1922269f63b1,cn.comp.43b16a63eeaa6ad8b433,cn.comp.43b16a63eeaa6ad8b433.control,PAIR_EVALUATED,,-1.36594234,-1.36003187,-0.00591046999999989,-0.10763027,-0.10858922,0.0009589500000000001,0.84480151,0.83931806,0.005483450000000056,445698948,1.0,active_bar,stock-state episode,"CSResidual(ZScore(Delta($pct_chg,5)),Sign($intraday_ret_from_open))","CSRank(Add(ZScore(Delta($pct_chg,5)),Mul(0,Sign($intraday_ret_from_open))))",8a8d687feb9503f121582a630aac2fa3ac40540b8f107f04768d2b37ef026ea8,a11c661fd5f40f997587a7f4fff72fd264008389523c47af768341b8763fd3b1,277746a97102dc94a712cfffeb8faa5c71544d1b515d390820da9f41ba1abb90
active_bar,INTRADAY_STATE_TRANSITION,cn.pair.af12b3ef978d8694f636ff5d71a064a7,cn.comp.03e5ded7c854ff339fb1,cn.comp.03e5ded7c854ff339fb1.control,PAIR_EVALUATED,,-0.80546427,-0.76894093,-0.036523340000000015,-0.04470946,-0.04417957,-0.0005298899999999981,0.2654624,0.20429608,0.061166319999999996,420370445,1.0,active_bar,stock-state episode,"CSRank(Mul(StateAge(Sign($ret_1m)),Delta($vwap,20)))","CSRank(Add(ZScore(Delta($vwap,20)),Mul(0,Sign($ret_1m))))",06a808ee86f06c47121386e7d8d8e2cf7c4150c95bed34ee2b9dcffd9b5d02e7,b970875b158f8d4f0a5f520c6542d822cd7b1ddf4b92b466423e795e7b3d2071,c2b9265be2e4b278291065159b4ff924b2cb16996269e0a4c80399b21d6f42a8
active_bar,INTRADAY_STATE_TRANSITION,cn.pair.afdce0039fe44c2acf69e57ab4db1540,cn.comp.5471dd1cb9685785be8b,cn.comp.5471dd1cb9685785be8b.control,PAIR_EVALUATED,,-0.82973964,-0.79550325,-0.034236390000000005,-0.04168204,-0.039368,-0.0023140399999999964,0.3996487,0.36956387,0.030084830000000007,446412761,1.0,active_bar,stock-state episode,"CSRank(Mul(Duration(Sign($ret_1m)),Delta($open,5)))","CSRank(Add(ZScore(Delta($open,5)),Mul(0,Sign($ret_1m))))",d0d1a28538543419d077591ce3eb2dbb7dfa50fc40870af0245927768eb0e503,9b935395e278cf11efc51a70d46cef60f24975c42a0508d059a1a7de8b447b87,c30f35bfb6b540bf847bb6d48f777a6e9fe0689e12213abdd76696d1c3afab95
active_bar,INTRADAY_STATE_TRANSITION,cn.pair.b0b1569ddf645c2bbd58210e6a5f9efd,cn.comp.0c35bae92b414982998f,cn.comp.0c35bae92b414982998f.control,PAIR_EVALUATED,,0.1045617,-0.53184346,0.63640516,0.0184045,0.00633958,0.01206492,0.00856917,0.59738433,-0.58881516,444493108,1.0,active_bar,stock-state episode,"CSRank(Mul(Transition(Sign($intraday_ret_from_open),0,1),ZScore($amount)))","CSRank(Add(ZScore(Delta($amount,20)),Mul(0,Sign($intraday_ret_from_open))))",8e5a138f7e43b8f47af6b99b3c7e3a5bae29ca7fc2bc40918ce226f6243d1880,eee3dce6b6c824273c9e57acfb3ef5931c63581ff51ed1b561a3d5bfdf3a2632,bae04fba2800cad993668cc7fd4c21cd47863db5ef38d7416076ce21cd977f9b
active_bar,INTRADAY_STATE_TRANSITION,cn.pair.b0b3a765bb3db15eb3e7f12c0924500b,cn.comp.31a3d2b6605bdf8885bc,cn.comp.31a3d2b6605bdf8885bc.control,PAIR_EVALUATED,,-0.75765947,-0.67084427,-0.08681519999999998,-0.05609867,-0.03325918,-0.022839490000000004,0.12405219,0.20974769,-0.08569549999999998,446239383,1.0,active_bar,stock-state episode,"Mul(Persistence(Positive(Sign($ret_1m)),20),Sign($open))","CSRank(Add(ZScore(Delta($open,20)),Mul(0,Sign($ret_1m))))",cfa1b8473390e619ad89a46d4cb71e565211f8a3d8e9d22660ba8b688f106c32,b55ffc0ab0f6e5ffdb716adda2baf0dd889448bc07ac948e29abe90bb4b0d941,eb3c04331d7c5431e3e52cc6c2bfb128c407ebe660bff7e95ad6f3f382ce9293
active_bar,INTRADAY_STATE_TRANSITION,cn.pair.b516f636e6ef454cd486f8e0662c6e84,cn.comp.33c2d2ab8cb2c243bb5e,cn.comp.33c2d2ab8cb2c243bb5e.control,PAIR_EVALUATED,,-0.66880522,-1.10961,0.44080478,0.00525425,-0.14094235,0.14619659999999998,0.72242824,0.43742137,0.2850068700000001,446412761,1.0,active_bar,stock-state episode,"CSRank(Mul(Sign($ret_1m),PathShape($intraday_ret_from_open,5)))","CSRank(Add(ZScore(Delta($intraday_ret_from_open,5)),Mul(0,Sign($ret_1m))))",3a4d6a9ce3d95ea02dd9ea7a473486474c492b8c28e0ce9961fe933903549bba,72086fc59b0d64591ed5d101dbf2fce4f11b9629fd26752504b658f67b9ff0dd,df1e1d8defaa12f0abb53728e38332ce635aaf025e74293d43fbb75e1a3e7102
active_bar,INTRADAY_STATE_TRANSITION,cn.pair.b77ad269630d6f2592a1e803115b980a,cn.comp.0d320ca7cce3d4d7c671,cn.comp.0d320ca7cce3d4d7c671.control,PAIR_EVALUATED,,-0.09175642,-0.52911159,0.43735516999999996,0.00551888,0.00865021,-0.00313133,0.09370325,0.6201807,-0.52647745,446386996,1.0,active_bar,stock-state episode,"CSRank(Mul(Transition(Sign($ret_1m),-1,1),Delta($amount,10)))","CSRank(Add(ZScore(Delta($amount,10)),Mul(0,Sign($ret_1m))))",5ded47e9a7adf39e853804e60eba5ce61764f5f2d215e1afaff44ce76605136f,fe9f572748719a81db7af288c335c1c94d2bffc630008617aea588af9906f98e,d8966008f450346c23ea597563cd64bfda4709d6b86204d26289a892cb8976d3
active_bar,INTRADAY_STATE_TRANSITION,cn.pair.ba0a919f152185b9c680ab4604222250,cn.comp.09465fdd84ea7b622534,cn.comp.09465fdd84ea7b622534.control,PAIR_EVALUATED,,-0.90248597,-0.87855507,-0.023930899999999977,-0.05346295,-0.05293016,-0.0005327900000000052,0.32008074,0.26931245,0.050768289999999994,420563087,1.0,active_bar,stock-state episode,"CSRank(Mul(Duration(Sign($ret_1m)),Delta($vwap,10)))","CSRank(Add(ZScore(Delta($vwap,10)),Mul(0,Sign($ret_1m))))",e5c04dab8925315d81913ce4e003be809dbc2da62972280eb6b8d40e7175cec0,1714bd2cde55b9a11276370d8de454ac4eb354aed5bfa639f27cf0c996474303,1f3367064228c675d9c29887c7d01195cb9ed68c1d201d39296f41c1354bf789
active_bar,INTRADAY_STATE_TRANSITION,cn.pair.bb1c16caeeed772d24671264afbca196,cn.comp.6ed45a027431491bf52d,cn.comp.6ed45a027431491bf52d.control,PAIR_EVALUATED,,-0.74212746,-0.523823,-0.21830445999999992,-0.05351575,0.00656502,-0.06008077,0.13335415,0.59712437,-0.46377021999999996,446239383,1.0,active_bar,stock-state episode,"Mul(Persistence(Positive(Sign($ret_1m)),20),Sign($amount))","CSRank(Add(ZScore(Delta($amount,20)),Mul(0,Sign($ret_1m))))",00f8c73768e9ffef1bbadaba18f1667a0f4044e50f9f8c0695d0ee3d89702e34,13adb0f0766e6b6de2926c26a84f38a6388cc0997c66e0b6fb189b2fe44cb0c3,94ca894406e3acd808f29c2833fef54a1f6fed0fdfeebd7420c659420aa88d8c
active_bar,INTRADAY_STATE_TRANSITION,cn.pair.bb55c28ba5a09e2f63e08b1a686cba90,cn.comp.48018023d637aafd0a51,cn.comp.48018023d637aafd0a51.control,PAIR_EVALUATED,,-0.77840539,-0.80994737,0.03154198000000008,-0.03333872,-0.03824533,0.004906609999999999,0.46480951,0.44929098,0.015518529999999975,445709254,1.0,active_bar,stock-state episode,"CSResidual(ZScore(Delta($open,3)),Sign($intraday_ret_from_open))","CSRank(Add(ZScore(Delta($open,3)),Mul(0,Sign($intraday_ret_from_open))))",0bcfb624373819ac95d351fafe57e1bb408e863fd2c5dc243658165553f16fe6,e3db5dee5757d434a9aac1a50b25729ccfcb20a0bd90aedbbdada55487dce5c6,9e665c99d393f34ee10952326b64fa852cfebc9f169675ffff041d6ef55a3546
active_bar,INTRADAY_STATE_TRANSITION,cn.pair.bc638241775563655e606fd09b9cf1ae,cn.comp.5b96ad92f051a13dd278,cn.comp.5b96ad92f051a13dd278.control,PAIR_EVALUATED,,-0.33447512,-0.98952885,0.65505373,-0.01889076,-0.06331382,0.04442306000000001,0.0493083,0.43774101,-0.38843271,420750847,1.0,active_bar,stock-state episode,"Mul(Persistence(Positive(Sign($intraday_ret_from_open)),3),Sign($vwap))","CSRank(Add(ZScore(Delta($vwap,3)),Mul(0,Sign($intraday_ret_from_open))))",51a9a19a8a0bcd845cdfd275eaddfe8c7b5db4e4e54821d2ec8190f076aa7f93,a35fa30a1b027e318657e8d065306ba230afe39d85d26abe3a14533c63f94c6f,0e6c23547720a45ef7aefe683102c2fd5074f5525578c3d60b19adf7e5bd8dbb
active_bar,INTRADAY_STATE_TRANSITION,cn.pair.c01b9c0947d9804f61a88ac5452e9811,cn.comp.1e88bcae751843e19890,cn.comp.1e88bcae751843e19890.control,PAIR_EVALUATED,,-0.75867285,-0.53038039,-0.22829245999999992,-0.00372627,0.01071329,-0.01443956,0.76680764,0.64522324,0.12158440000000004,446412761,1.0,active_bar,stock-state episode,"CSRank(Mul(Sign($ret_1m),PathShape($amount,5)))","CSRank(Add(ZScore(Delta($amount,5)),Mul(0,Sign($ret_1m))))",895c6de4f4922ae7865135687572afec143781974cd8101fb54d08647881b734,1a2a6ad6827b239feeffbba7fa8bea059c81fa31abc7f74592214097f2171167,ee37d9e2edcb74e4343c57bcb35f7976b762e563d0503813e71bcd22900d0ee5
active_bar,INTRADAY_STATE_TRANSITION,cn.pair.c06fc7f8d7bd4c57a518c3bd51ed3cad,cn.comp.75e708fcf0bf2e304e14,cn.comp.75e708fcf0bf2e304e14.control,PAIR_EVALUATED,,-1.11989756,-1.36646156,0.246564,-0.03327127,-0.11045188,0.07718061000000001,0.84173722,0.84039723,0.0013399899999999576,444483003,1.0,active_bar,stock-state episode,"CSResidual(ZScore(Delta($pct_chg,20)),Sign($ret_1m))","CSRank(Add(ZScore(Delta($pct_chg,20)),Mul(0,Sign($ret_1m))))",5a438db2caf50a24abeab34cb992de98ca4a4f0109dba92b2770839b62f0bf8b,0fee315b7a9a12a5e2847d2a6f03561f896fdbba0f4cf68eae0b3e08a7c3b6f4,dbc9dbe3cf8d90165db5e6be6de6f9dbc3d188275417e59033b66dd99c0cf294
active_bar,INTRADAY_STATE_TRANSITION,cn.pair.c0cf08155bb1872aea7bc6f4966c8491,cn.comp.766778683294905e9aa7,cn.comp.766778683294905e9aa7.control,PAIR_EVALUATED,,-0.16511464,-0.74585862,0.58074398,-0.01415036,-0.03753573,0.023385370000000003,0.01230643,0.2814212,-0.26911477,446392053,1.0,active_bar,stock-state episode,"Mul(Persistence(Positive(Sign($intraday_ret_from_open)),10),Sign($open))","CSRank(Add(ZScore(Delta($open,10)),Mul(0,Sign($intraday_ret_from_open))))",c2e3a8ac9dbaa5d4b69144e8f37b1e87ea5d1af2df2323642f4fdfcaec3bbcc6,0eb18352606b57a3a7bf323f17ad1b569e6adfb2ecd8e049659acb1c537d239a,6054a754aaa334a19fd5238be3d2cf2c6166b21d1f5cd552979e286c1e8b3088
active_bar,INTRADAY_STATE_TRANSITION,cn.pair.c1ec787e38ea568757939492ba23ac42,cn.comp.7419be75a03b8c7a6dec,cn.comp.7419be75a03b8c7a6dec.control,PAIR_EVALUATED,,-0.5859528,-0.87808913,0.29213632999999994,-0.01529239,-0.05293016,0.03763777,0.32484552,0.26931245,0.05553307000000002,420563087,1.0,active_bar,stock-state episode,"CSResidual(ZScore(Delta($vwap,10)),Sign($ret_1m))","CSRank(Add(ZScore(Delta($vwap,10)),Mul(0,Sign($ret_1m))))",1a711a903c1ec6e42610897611214ab04bf8e9a0b05a93721bf6639eced6e2db,7f93b850a127b2c294f03420e9aa6014b94549eed4b84fb6109cf25169a41c02,f7a485d3a8d6022da9043b9a44da151211d7e4d6ad8fe2df9135f386c1a7fa25
active_bar,INTRADAY_STATE_TRANSITION,cn.pair.c29767d62dd08c069df67faf8274015e,cn.comp.551d5d62b7875b2b20ad,cn.comp.551d5d62b7875b2b20ad.control,PAIR_EVALUATED,,-0.51952101,-1.06813316,0.54861215,-0.00308914,-0.12428202,0.12119288,0.4617641,0.36029323,0.10147086999999999,416610285,1.0,active_bar,stock-state episode,"CSRank(MultiScaleRelation(Sign($ret_1m),$intraday_ret_from_open,5,20))","CSRank(Add(ZScore(Delta($intraday_ret_from_open,10)),Mul(0,Sign($ret_1m))))",8ae51984dd002265f8fdb9ffddb12bc00007904a4bcc3e8809134d9d2f497d7e,eb908e3dbd38cb798c4b86e704be5110a42cbcd0904ce220750a722900601173,0de99bdc27b0fdf0b02361f63e8eaa2253f995341be704fc475e6a9f61a1629f
active_bar,INTRADAY_STATE_TRANSITION,cn.pair.c5779bd06a9f2a36e6636a05707ff46f,cn.comp.3540ddf80a2674807178,cn.comp.3540ddf80a2674807178.control,PAIR_EVALUATED,,-0.1038398,-0.77027176,0.6664319599999999,-0.00329464,-0.0441808,0.04088616,0.03614381,0.20428633,-0.16814252,420375458,1.0,active_bar,stock-state episode,"CSRank(Mul(Transition(Sign($intraday_ret_from_open),-1,1),Delta($vwap,20)))","CSRank(Add(ZScore(Delta($vwap,20)),Mul(0,Sign($intraday_ret_from_open))))",cb586f201258a2df0a2f2ad8ab5ba2aa3b23f625a20bc337e7d6fd6aeac0baea,777c3a8de65e67d1b8eda8b0a77beee13fd4ae900781ca8a2e8f0e1e169a1bc6,0492de34fa047ee42a2be8955707ef3172b4b48c0c7adc0e38a80cf80d6d7575
active_bar,INTRADAY_STATE_TRANSITION,cn.pair.c7a2916700fb8eab7fd08cfc069ac744,cn.comp.2f6992c7e2a78f4de5e3,cn.comp.2f6992c7e2a78f4de5e3.control,PAIR_EVALUATED,,-1.09002756,-1.13682944,0.04680188000000007,-0.0928786,-0.1503895,0.057510900000000004,0.56398262,0.52026238,0.043720239999999966,444570604,1.0,active_bar,stock-state episode,"CSResidual(ZScore(Delta($intraday_ret_from_open,3)),Sign($ret_1m))","CSRank(Add(ZScore(Delta($intraday_ret_from_open,3)),Mul(0,Sign($ret_1m))))",a29f30d1c060fb9aea6c5f73571c2128a066bb72b319c44bdae7a855e43010ff,389bb1732547f539654f58cd0be3da11b19760d7190f24838dd8abb9c8d28afd,738fde9f767ef2374518e543fc6abd6e1ac0a2f3ca6f97b1cf7f5be965a6c809
active_bar,INTRADAY_STATE_TRANSITION,cn.pair.ca5a34bcfe549e4bf44be3ca3e60c772,cn.comp.7118c95edfbcd110b4f9,cn.comp.7118c95edfbcd110b4f9.control,PAIR_EVALUATED,,-0.16177975,-0.98957456,0.82779481,0.00168672,-0.06331671,0.06500343,0.13126271,0.43774416,-0.30648145,420748199,1.0,active_bar,stock-state episode,"CSRank(Mul(Transition(Sign($ret_1m),-1,1),Delta($vwap,3)))","CSRank(Add(ZScore(Delta($vwap,3)),Mul(0,Sign($ret_1m))))",4a32aaedfe85f06413cf082f00788e0c012f1f63026e9086a8691c613367ec7c,a9be601dec8c64fc70220f6bf04e42702bde750067ca5d2ec0b6ee6ce18c8f93,6b1f925544c41614dc4d7bf90ea6dedd57cc73d488047a262697a0f181031395
active_bar,INTRADAY_STATE_TRANSITION,cn.pair.caf8c386106c6c9aefcdb340098cff36,cn.comp.6725a06735f376ff886c,cn.comp.6725a06735f376ff886c.control,PAIR_EVALUATED,,-1.19096492,-1.36247304,0.17150811999999993,-0.1136124,-0.10997424,-0.0036381600000000014,0.67938379,0.84045485,-0.16107105999999993,446239383,1.0,active_bar,stock-state episode,"Mul(Persistence(Positive(Sign($ret_1m)),20),Sign($pct_chg))","CSRank(Add(ZScore(Delta($pct_chg,20)),Mul(0,Sign($ret_1m))))",d1ddb451fec687d4db5f50efa9fb20253587a6c284911e4ef2dd3026a1030aa3,7b2f5d6fc6ed385df468da1f4aba42301b6beebdf2e48dca375197b43463a243,ddcb60233b41a94e6607a4c9c628a48509ee838ac99a44b7145e28f6ab0263d1
active_bar,INTRADAY_STATE_TRANSITION,cn.pair.caffd99f83857ef5c928199e2928fb70,cn.comp.605bc23fa6b286dc0de4,cn.comp.605bc23fa6b286dc0de4.control,PAIR_EVALUATED,,-0.79178035,-0.81318251,0.021402159999999948,-0.03420134,-0.03826734,0.004066,0.48235571,0.449367,0.03298870999999998,444570604,1.0,active_bar,stock-state episode,"CSResidual(ZScore(Delta($open,3)),Sign($ret_1m))","CSRank(Add(ZScore(Delta($open,3)),Mul(0,Sign($ret_1m))))",aabf0db307de64c11d0071dabaab3ab9911b4c9c407064ed32d2bbcfbfda8bff,7153a230dbc8ff4f21afe86db05adbbde58ec531b009d978bf07846dd9095120,3e36db3bbd015484cdf65965a9f88632f570d0aa12fcc89fe0a92f52e5dd5438
active_bar,INTRADAY_STATE_TRANSITION,cn.pair.cc6ee8e29e49071c492717a5f49252dc,cn.comp.323e45332cfe963b3136,cn.comp.323e45332cfe963b3136.control,PAIR_EVALUATED,,-1.37059224,-1.36908156,-0.0015106799999999865,-0.10794807,-0.10883105,0.0008829800000000054,0.84788038,0.84543333,0.002447050000000006,445688727,1.0,active_bar,stock-state episode,"CSResidual(ZScore(Delta($ret_1m,5)),Sign($intraday_ret_from_open))","CSRank(Add(ZScore(Delta($ret_1m,5)),Mul(0,Sign($intraday_ret_from_open))))",ad12f3d4d28cf6f66f104069266cc2603a4397faed65eb8ad4cddf78af461f56,a4c782b67fb6924f2d388b8cdb44af2736ed0de02c70f98c2f30aa37f562034f,70b09ca0735dd4acf1d75981179516e03a138a0ed8157d5a9ca73a6874e35a23
active_bar,INTRADAY_STATE_TRANSITION,cn.pair.ce30ab91a00e03447ccf8d2227def8da,cn.comp.1f739f53aa80aaa36095,cn.comp.1f739f53aa80aaa36095.control,PAIR_EVALUATED,,-0.52315287,-0.81343731,0.29028444,-0.00140345,-0.03843125,0.0370278,0.5158503,0.44887015,0.06698014999999996,446428124,1.0,active_bar,stock-state episode,"CSRank(Mul(Sign($intraday_ret_from_open),PathShape($open,3)))","CSRank(Add(ZScore(Delta($open,3)),Mul(0,Sign($intraday_ret_from_open))))",b84cf2af499508bcfa0a9470b40090ff022c2d511beeff85d05da71c2d3ae736,7cdc747b246bdbfa418622a4e1e809cfe068dd3f65442cde4cb7786028ae34a0,e0b7b00aa414bf2035a756f4b17a8e991bdaa9a46b057ed552f8735c76d19452
active_bar,INTRADAY_STATE_TRANSITION,cn.pair.d48e02454f1a676eb6ccf87c4390f808,cn.comp.30788d6fadb95fc748d7,cn.comp.30788d6fadb95fc748d7.control,PAIR_EVALUATED,,-1.30521244,-1.36247869,0.057266250000000074,-0.09844769,-0.10997438,0.011526689999999992,0.80473322,0.84043967,-0.035706449999999945,446340523,1.0,active_bar,stock-state episode,"CSRank(Mul(Duration(Sign($intraday_ret_from_open)),Delta($pct_chg,20)))","CSRank(Add(ZScore(Delta($pct_chg,20)),Mul(0,Sign($intraday_ret_from_open))))",f7cb47fd38c49a645e0adaa368a3d2de741d9f4d8a2ba544a155491d3a30a59d,ded779c3db43ee8b4da21dbe6d30b228755a973d0886388a88b776ea8d5414d2,caabedbf02fac2cefeda0c6a457a2f75e0fa229fd7ebdbeaa274ea79ada34f67
active_bar,INTRADAY_STATE_TRANSITION,cn.pair.d542ce3017cace49fe641a2659c2c55a,cn.comp.1ad9aaa3d37fb29e828f,cn.comp.1ad9aaa3d37fb29e828f.control,PAIR_EVALUATED,,-0.77574867,-1.35834041,0.58259174,0.00378911,-0.10839668,0.11218579,0.79515672,0.83931706,-0.04416033999999991,446417818,1.0,active_bar,stock-state episode,"CSRank(Mul(Sign($intraday_ret_from_open),PathShape($pct_chg,5)))","CSRank(Add(ZScore(Delta($pct_chg,5)),Mul(0,Sign($intraday_ret_from_open))))",6a3beff291cd31d2d8c3dd5885529954785b4bdccd9b8addf76c95839b45171b,8a7b843293872c8f9577777861c38bd918fec16e8de8ec92bb5b224e2f69f89b,269b81ad9f8dfbe395dfbb54d0b4d4d54f832ea70a9733ff5601e405fa6a38e7
active_bar,INTRADAY_STATE_TRANSITION,cn.pair.d9476b0348e0720af11c9878de1ecce1,cn.comp.792ec002c3508e118a59,cn.comp.792ec002c3508e118a59.control,PAIR_EVALUATED,,-0.67469144,-0.86046995,0.18577851,0.00999527,-0.05056177,0.06055704,0.72294198,0.24715013,0.47579185,369212333,1.0,active_bar,stock-state episode,"CSRank(Mul(Sign($ret_1m),PathShape($vwap,10)))","CSRank(Add(ZScore(Delta($vwap,10)),Mul(0,Sign($ret_1m))))",ed49436c3bf2807d400f5b25a0bdcd5baac2050e8e291acfb38bd1f5b64749f1,2f772f72323e77ac69ffedee93c928da3f17f49f06e2abdf90f7308d24928d51,9804fa547b414533004ced5c31e2402f550dbcab582c065e8a9b94f6ca0a37e7
active_bar,INTRADAY_STATE_TRANSITION,cn.pair.d97f8e4f239228e977d36959bf8bf771,cn.comp.52c956b241d5d3f3faeb,cn.comp.52c956b241d5d3f3faeb.control,PAIR_EVALUATED,,-1.11025833,-1.10931353,-0.0009447999999998569,-0.13539622,-0.14094235,0.0055461299999999825,0.47188545,0.43742137,0.03446408000000001,446412761,1.0,active_bar,stock-state episode,"CSRank(Mul(Duration(Sign($ret_1m)),Delta($intraday_ret_from_open,5)))","CSRank(Add(ZScore(Delta($intraday_ret_from_open,5)),Mul(0,Sign($ret_1m))))",44eee4c80039aba9a0490e9f2725dbb7a16e98b0516d1897c680d4d873a7e694,72414bd9b2a7388aaa598c38adafad63f009342045cd636ec1ee6c503507d977,5f3a2b8d615800d3bf9760913c2a41f0384bc4358f70fd5bae6aa89b4fd819ab
active_bar,INTRADAY_STATE_TRANSITION,cn.pair.dcc771a72323ee8616f41b665e9e054b,cn.comp.4e347006f7e51e9af77f,cn.comp.4e347006f7e51e9af77f.control,PAIR_EVALUATED,,-0.94492748,-0.98945743,0.04452994999999993,-0.10205819,-0.0633158,-0.03874238999999999,0.2973407,0.4377513,-0.1404106,420743151,1.0,active_bar,stock-state episode,"Mul(Persistence(Positive(Sign($ret_1m)),3),Sign($vwap))","CSRank(Add(ZScore(Delta($vwap,3)),Mul(0,Sign($ret_1m))))",abd81b8aaf705c1df0871deddbd420d93c4d9358a530c877d7c1c72a8f86b5b6,ab27a8a4a3532d445c52071e3eb2db9a8da8f49b161504691d50946fd1c84a60,619489ccf2edef16af4b7398e4a0a3dec91b130e829a7cd24b92c1771e3aeeda
active_bar,INTRADAY_STATE_TRANSITION,cn.pair.dfba7a5e9042732c11bbfcf92132c667,cn.comp.6238e8f7abc892f3c9d9,cn.comp.6238e8f7abc892f3c9d9.control,PAIR_EVALUATED,,-0.65079861,-1.52539089,0.8745922799999999,0.00051648,-0.19143823,0.19195471,0.67731838,0.8980764,-0.22075802,34814208,1.0,active_bar,stock-state episode,"CSRank(MultiScaleRelation(Sign($intraday_ret_from_open),$pct_chg,3,10))","CSRank(Add(ZScore(Delta($pct_chg,5)),Mul(0,Sign($intraday_ret_from_open))))",afdb8554d2e4f038a11231c01fed7ee1c755abf6ca1832c95b08c5bf55933135,33e665101aba7effbe45e4a71704396af7d9e60dce0d9b62076c28e7baa7a70f,5944e46d09db53efd576c6915b391d85b10135bc3e552b5f9f9c4aee231b36e3
active_bar,INTRADAY_STATE_TRANSITION,cn.pair.e160506914b7593b8d8d69c72c5622ff,cn.comp.4be3190b5e33f0fd4283,cn.comp.4be3190b5e33f0fd4283.control,PAIR_EVALUATED,,-0.52454619,-0.54666493,0.022118740000000026,0.01009606,0.01065635,-0.0005602899999999997,0.64367007,0.66306696,-0.01939689,446428124,1.0,active_bar,stock-state episode,"CSRank(Mul(StateAge(Sign($intraday_ret_from_open)),Delta($amount,3)))","CSRank(Add(ZScore(Delta($amount,3)),Mul(0,Sign($intraday_ret_from_open))))",97691c6a6257257c42ab3eb39de752dc7d80051149826dbab132d750e6ad5826,8f8a06a616a6b2ab91e111947895e21a66fcf533b32fc90df48434f8bc0ceb88,7e396e67e1a2d455a5c48191712c6890c15cb54356bf1366fd01dbc78fe23a6c
active_bar,INTRADAY_STATE_TRANSITION,cn.pair.e272c5b9e642e0f421cc92c122657c1e,cn.comp.294860600c3d78bfab87,cn.comp.294860600c3d78bfab87.control,PAIR_EVALUATED,,-1.06589259,-1.06128618,-0.004606410000000061,-0.11652017,-0.12251604,0.00599587,0.3928199,0.33930159,0.05351831000000001,446386996,1.0,active_bar,stock-state episode,"CSRank(Mul(Duration(Sign($ret_1m)),Delta($intraday_ret_from_open,10)))","CSRank(Add(ZScore(Delta($intraday_ret_from_open,10)),Mul(0,Sign($ret_1m))))",9b3fe29a82ad654f8d698b00f2d6ccfcf9d24246e1d62d180880725cb3630d4f,3babb44a36a1fad3f087a269f3165987808959d2643eb132924c7fc68bd76d53,d63ad64a1fde32cc8fc405b4e06f6d3cb0710b15c958047c94dd65b31795e57d
active_bar,INTRADAY_STATE_TRANSITION,cn.pair.e511fc1193e46c2571825814c8e05922,cn.comp.2ebf30ccf66571666f9a,cn.comp.2ebf30ccf66571666f9a.control,PAIR_EVALUATED,,-0.53448511,-0.54715861,0.012673500000000004,0.01031198,0.01065634,-0.00034436000000000015,0.66213748,0.66308096,-0.0009434800000001076,446423067,1.0,active_bar,stock-state episode,"CSRank(Mul(StateAge(Sign($ret_1m)),Delta($amount,3)))","CSRank(Add(ZScore(Delta($amount,3)),Mul(0,Sign($ret_1m))))",92382bc328541334f03c95cbdd1c8ce7e9bcc33d4f14967b5505dd37b8a57bfd,57506c7fe07c93de74ba9b3af9bcac005f75e6ce44bae007b223c7de0e520b01,a0d9b42a24e4b818afd85cdaf72be7c533fb5445eced680609b1f22ada91d3b7
active_bar,INTRADAY_STATE_TRANSITION,cn.pair.e60728dc29310c5aa4f663be7efb121f,cn.comp.1bef9dd7782b8ba4ef24,cn.comp.1bef9dd7782b8ba4ef24.control,PAIR_EVALUATED,,-0.78545564,-0.86891254,0.08345689999999995,-0.04228269,-0.05232737,0.01004468,0.27591121,0.26908127,0.006829940000000034,418736917,1.0,active_bar,stock-state episode,"CSResidual(ZScore(Delta($vwap,10)),Sign($intraday_ret_from_open))","CSRank(Add(ZScore(Delta($vwap,10)),Mul(0,Sign($intraday_ret_from_open))))",ea37c9a567492682dba55aa32140436dc3d2ef2b99e03a6f0659f7025ba59d06,1797e49cac3726cc2953f0b37b91e6cf2e9c5bfd2cbf33e4bed240f2ea61eeaf,568a1d1d5408063e86c74df31a3a26106f6c221e32721544f7f427b2d2b5c95d
active_bar,INTRADAY_STATE_TRANSITION,cn.pair.e61d2b6f1a1f1484e005bc6fd0a461bd,cn.comp.262f56bcbb25ec67cefc,cn.comp.262f56bcbb25ec67cefc.control,PAIR_EVALUATED,,-0.92868416,-1.3694475,0.44076333999999995,-0.08747181,-0.10890244,0.021430630000000006,0.36131072,0.84546744,-0.48415672,446402551,1.0,active_bar,stock-state episode,"Mul(Persistence(Positive(Sign($intraday_ret_from_open)),5),Sign($ret_1m))","CSRank(Add(ZScore(Delta($ret_1m,5)),Mul(0,Sign($intraday_ret_from_open))))",d1b5c798b06cf4167e59828231434fee5fd4a0026200bf752007bb695276e102,97278ec4df900c763b9e93f67d56ce1031998268b1b8a6c1550df2f8416a7cc6,4ff7b1b338959163310727be688b27a1dd5f49f1e3c841e97a647c3e9489d3a1
active_bar,INTRADAY_STATE_TRANSITION,cn.pair.e7a6843d8398b41dffd57308bedbd803,cn.comp.160d9faf0e0b3818915e,cn.comp.160d9faf0e0b3818915e.control,PAIR_EVALUATED,,-0.59537069,-1.39213251,0.79676182,-0.01575094,-0.11647953,0.10072858999999999,0.4300682,0.86823285,-0.43816464999999993,374478777,1.0,active_bar,stock-state episode,"CSRank(MultiScaleRelation(Sign($ret_1m),$pct_chg,3,10))","CSRank(Add(ZScore(Delta($pct_chg,5)),Mul(0,Sign($ret_1m))))",cf47d3861fb8cd05e6dc4bd7870b3bc63ee7e661d031d3c098d216227dc147f4,8c4c5c1fc3f059a3dcc63da3f01c7108d16ce65d90049cd42c1e2be04cb5f5f8,21a88cac49060dcff0bdd46e3529739d936024414eb46db7f24b9f2cf260dd08
active_bar,INTRADAY_STATE_TRANSITION,cn.pair.ed60dce50c2b5806275fb15511e91526,cn.comp.044382ec4c5f4a04b2ee,cn.comp.044382ec4c5f4a04b2ee.control,PAIR_EVALUATED,,-1.30031769,-1.36049422,0.06017653000000012,-0.09401533,-0.10525533,0.01124,0.80226835,0.84004639,-0.03777804000000007,446412857,1.0,active_bar,stock-state episode,"CSRank(Mul(Duration(Sign($intraday_ret_from_open)),Delta($ret_1m,3)))","CSRank(Add(ZScore(Delta($ret_1m,3)),Mul(0,Sign($intraday_ret_from_open))))",d7681cfc858adfcc3db8acf164fc2681b19fb07596de67772780a71b3dee35be,2b9aa5621d271018eeaa8395c1368be4c76b214b6f4226134e7f870d1140e2af,88b1c9a97902c26404069172810c23717398e100316064fd1a10faa0b7896e46
active_bar,INTRADAY_STATE_TRANSITION,cn.pair.efb8c1f81c0eb781b4800b5950c76dfc,cn.comp.2a1c9540e579627415f4,cn.comp.2a1c9540e579627415f4.control,PAIR_EVALUATED,,-0.85383516,-0.87899749,0.02516233000000001,-0.07174525,-0.05292534,-0.018819909999999995,0.19755968,0.26932359,-0.07176391000000001,420525179,1.0,active_bar,stock-state episode,"Mul(Persistence(Positive(Sign($ret_1m)),10),Sign($vwap))","CSRank(Add(ZScore(Delta($vwap,10)),Mul(0,Sign($ret_1m))))",62c68beb8fca23beed80a209e7fb490b0d1c91a1e1d1109f7cb379416752407a,a64e6250a4e0c30aebd9c7c25da172edf78398595f3287c99c06b1c76eece5c4,1d0158a533c9f393751a63dd2f39630f0e5dc141889eac424092315b7a10058a
active_bar,INTRADAY_STATE_TRANSITION,cn.pair.f573f9612e3d8c06ed6510a071548c04,cn.comp.0d87580ee5058ee65982,cn.comp.0d87580ee5058ee65982.control,PAIR_EVALUATED,,-0.8464372,-0.81348119,-0.032956010000000036,-0.04120314,-0.03843107,-0.0027720700000000015,0.46852899,0.44888031,0.019648679999999974,446423067,1.0,active_bar,stock-state episode,"CSRank(Mul(Duration(Sign($ret_1m)),Delta($open,3)))","CSRank(Add(ZScore(Delta($open,3)),Mul(0,Sign($ret_1m))))",04f9406d625d62f815dd091cbeeb7d68760d8df036892722423d043f09c7bbc2,9302ebbc932946214a42a5447995e918e88d87cf2e6fe446fd846fda325bfecc,5e92f944ba992464ee59c0261a8d1cfb59fab26c87aeb8b2dd320504dcb1e711
active_bar,INTRADAY_STATE_TRANSITION,cn.pair.f594f1dc828107d1c22222000592cf0e,cn.comp.375823a4b153ae004b78,cn.comp.375823a4b153ae004b78.control,PAIR_EVALUATED,,-0.8416566,-0.52741434,-0.31424226,-0.06797158,0.00864934,-0.07662092000000001,0.18871083,0.62018251,-0.43147168,446341483,1.0,active_bar,stock-state episode,"Mul(Persistence(Positive(Sign($ret_1m)),10),Sign($amount))","CSRank(Add(ZScore(Delta($amount,10)),Mul(0,Sign($ret_1m))))",6abbfe332b8fc3607a6f7f68f0db5b8dc81f65fdb11fe89fd977a1f8537669e8,b46f115e87c9439cd7f2cfcd31e8e511d00a66c9ff13d8cc5eb6b08bc8bb00ad,95796f7fdd32a89bf70ce6cb1ebaab26cd347a87b7a5a74fc184f0429b503c4f
active_bar,INTRADAY_STATE_TRANSITION,cn.pair.f71d199ed225b9d9166d5eb248abcaea,cn.comp.4378d74d2deac175af8d,cn.comp.4378d74d2deac175af8d.control,PAIR_EVALUATED,,-0.46739661,-0.75564898,0.28825237000000004,-0.00424293,-0.04169542,0.03745249,0.22427227,0.17896226,0.045310009999999984,331622998,1.0,active_bar,stock-state episode,"CSRank(Mul(Sign($intraday_ret_from_open),PathShape($vwap,20)))","CSRank(Add(ZScore(Delta($vwap,20)),Mul(0,Sign($intraday_ret_from_open))))",ae84c7abee49b9c2ffdec80a68cf517022f090c5437f8dd2464093ae18e23119,bccd445012846cc74e4203f97b31a76f337b38b23928d333d078c9eca2e620b6,a0bb5acb8e6c334bd9983f2abb37436098ad003f2951ff0fb33e47ff70315563
active_bar,INTRADAY_STATE_TRANSITION,cn.pair.f737fd9c3c54a49d08948ab2f7548c0f,cn.comp.7ae898626b891c5ff278,cn.comp.7ae898626b891c5ff278.control,PAIR_EVALUATED,,-0.20130187,-0.52338333,0.32208146000000004,-0.01196152,0.00657411,-0.01853563,0.02858875,0.59710072,-0.56851197,446340523,1.0,active_bar,stock-state episode,"Mul(Persistence(Positive(Sign($intraday_ret_from_open)),20),Sign($amount))","CSRank(Add(ZScore(Delta($amount,20)),Mul(0,Sign($intraday_ret_from_open))))",05e9340961bae62250f8b6c83a14438270e1a20965bb1b94abcff20a20d7454d,4975361c5f4fd7cb24a2ac90ee7bc2c1a249b2f0104a4adcc0e0b3f511d5eb4b,247816de8cfb0e8c36c7daa0a7ef3c25a7ae361f5b5ff5f73c89253f4b5f69bd
active_bar,INTRADAY_STATE_TRANSITION,cn.pair.fc0976580845efd3e7129698a5cea03e,cn.comp.37c6cc7a103599ed0440,cn.comp.37c6cc7a103599ed0440.control,PAIR_EVALUATED,,-0.01859185,-0.74504115,0.7264493000000001,-0.00129551,-0.03753573,0.036240220000000004,0.00273143,0.2814212,-0.27868977,446392053,1.0,active_bar,stock-state episode,"CSRank(Mul(Transition(Sign($intraday_ret_from_open),-1,1),Delta($open,10)))","CSRank(Add(ZScore(Delta($open,10)),Mul(0,Sign($intraday_ret_from_open))))",c8d9310941523c097a5b834fb974355fa657a234c0cab63d00167195e4dbc80b,ed49a63c91e3069dca5ffb9437dc20529e6782b7af25569a9aef955d7fb70309,13b07fd15a451b6ee41bb693bac4c584735428cf6d5d43b5f6a0d8b9302068b8
active_bar,MARKET_REGIME_CONDITION,cn.pair.04e5a9fc84138caa8cb3f3c3b115949f,cn.comp.0f6da5c12fce2b83560d,cn.comp.0f6da5c12fce2b83560d.control,PAIR_EVALUATED,,-0.58636879,-0.2030318,-0.38333699,-0.03898093,-0.01297419,-0.026006739999999997,0.07529915,0.00902631,0.06627284,334014846,1.0,active_bar,market-time block,"CSRank(Add(ZScore($vwap),Mul(PathShape($vwap,20),Sign($ctx_sent_gt5_num))))","CSRank(Add(ZScore($vwap),Mul(0,$ctx_sent_gt5_num)))",1d2a1f9bcfae29472edcecc9f4886ae10810ba5f2e8f2a545fef4a8128c658c0,4c0f19626bb387e66d0f1dd65181a2e900ea676ecf10410223f14e911aa3c049,20776b5d3840688651c07cffa30d49e69eb6c927a710f479642ec91d6ccc2394
active_bar,MARKET_REGIME_CONDITION,cn.pair.06689723fda2dd5566a9e4a8f399d89c,cn.comp.13e4f4f755cef24b2dc2,cn.comp.13e4f4f755cef24b2dc2.control,PAIR_EVALUATED,,0.01876068,-0.32581177,0.34457245,0.00269248,-0.04482197,0.04751445,0.45045878,0.36843847,0.08202030999999999,6595332,1.0,active_bar,market-time block,"CSRank(Mul(MultiScaleRelation($intraday_ret_from_open,$ctx_sent_down_num,5,20),Sign($ctx_sent_down_num)))","CSRank(Add(ZScore($intraday_ret_from_open),Mul(0,$ctx_sent_down_num)))",020848a8e74c3319261a71ecc84946fd8185bf6cff73a147aca0de1ff7e22738,e5303a098e27bd235873fbf696cc3943c873232b6969be3fca9e512fab5fe5b3,b9e33420a894fdb027dfce172df5c196819039edac59b97b718df70045b33b13
active_bar,MARKET_REGIME_CONDITION,cn.pair.090fcb45504f4548b299daa7045094e9,cn.comp.11d843658626219364f1,cn.comp.11d843658626219364f1.control,PAIR_EVALUATED,,-0.3226466,-0.15296723,-0.16967937,-0.03183637,-0.01276454,-0.019071830000000005,0.06360196,0.00111897,0.06248299,445230390,1.0,active_bar,market-time block,"CSRank(Mul(PathShape($open,3),Sign($ctx_sent_tiandi_num)))","CSRank(Add(ZScore($open),Mul(0,$ctx_sent_tiandi_num)))",683a12ac7020f1b4475a3117e55a7ce19d02e79ac050e8aa94a0612f75be087b,33161c2acf47b7b10e698556f846543ba794555f37776f9ce6aa54da64388262,a9de7e8b9dd47c34467db3e7187afac8540233911246f2dc6bbe0731e309c9cf
active_bar,MARKET_REGIME_CONDITION,cn.pair.10313081f951835931aaa70e8abd1fc9,cn.comp.10dd473e7a53e3ead69b,cn.comp.10dd473e7a53e3ead69b.control,PAIR_EVALUATED,,-0.03824528,0.14891163,-0.18715690999999998,0.00249733,-0.01045386,0.012951190000000001,0.47070578,0.22506632,0.24563946000000003,6428136,1.0,active_bar,market-time block,"CSRank(Mul(MultiScaleRelation($amount,$ctx_sent_max_lb_num,5,20),Sign($ctx_sent_max_lb_num)))","CSRank(Add(ZScore($amount),Mul(0,$ctx_sent_max_lb_num)))",e17279d755e8f6a7c0566e73ed540912db920d43fc3815881b3ae3dbcb0f8969,17672b608789a20aca6673205b1aa1963363b612833b4a947b158b538ffe3003,b260dfe10f8cb44ffe72e7e5cbfa3b8d57fa939bc39e10a5c9d019d5f1c7a184
active_bar,MARKET_REGIME_CONDITION,cn.pair.137f821a740748744e1d1ebe50ffece6,cn.comp.00418574e46c81c35711,cn.comp.00418574e46c81c35711.control,PAIR_EVALUATED,,-0.77990423,-0.59631121,-0.18359302,-0.05576946,-0.03905479,-0.01671467,0.09668047,0.05492039,0.041760080000000005,444509480,1.0,active_bar,market-time block,"CSRank(Add(ZScore($intraday_ret_from_open),Mul(PathShape($intraday_ret_from_open,20),Sign($ctx_sent_lb_3_num))))","CSRank(Add(ZScore($intraday_ret_from_open),Mul(0,$ctx_sent_lb_3_num)))",4760957605961b1a8a591022ef7f8098fb3f1b6f496bb67e600437b901c91bf2,313a31d6719e179b46775ac063f7648a98a744048f8e6113376d408322c3f7de,ecd768acc62e0cde9cc4253e82bc88fc2363a478feff7bb92b545d556b400f81
active_bar,MARKET_REGIME_CONDITION,cn.pair.140a52d95a374bb1c06ef1dd2a734942,cn.comp.0bd3dc27ee66561351d0,cn.comp.0bd3dc27ee66561351d0.control,PAIR_EVALUATED,,-0.02639977,-0.21071048,0.18431071000000002,0.00470747,-0.01296758,0.017675049999999998,0.02090799,0.02821473,-0.007306739999999999,430679787,1.0,active_bar,market-time block,"CSRank(Mul(Sign($vwap),Persistence(Positive($ctx_sent_lb_2_num),3)))","CSRank(Add(ZScore($vwap),Mul(0,$ctx_sent_lb_2_num)))",0cee6d01b74be20c09d77327fcc77814eecbbc138b791fad44cecbe42c82c33c,6905490c9631ee995d6863ac8cf94f2c33e3d29e26465d010c8cf857740aff6d,a22ed2b3c386ea0eda69201ef19a04065d814f507bc3e3d752172d911da7a3b4
active_bar,MARKET_REGIME_CONDITION,cn.pair.162f501b6f7e5723c7bcec3afd0b625a,cn.comp.0029c56578e9986fad26,cn.comp.0029c56578e9986fad26.control,PAIR_EVALUATED,,-0.54874292,-0.51849373,-0.030249190000000037,-0.01271896,-0.01309848,0.0003795199999999995,0.37112282,0.32280168,0.04832114000000004,443388248,1.0,active_bar,market-time block,"CSRank(Sub(ZScore($amount),Mul(Sign($amount),Sign($ctx_sent_downlimit_num))))","CSRank(Add(ZScore($amount),Mul(0,$ctx_sent_downlimit_num)))",d618de62f095dc0122c99431eec0601cb969a59f2017494f5d051b936072bc10,b17e4d3b4b176a18a4c1cb2d87a1228ef1a21e03e7f5815d5d93437e2d420fe7,86ce8c17f730b71a3bed536465dc05e9b188f4a1bdb42ae82350b8ac82c90499
active_bar,MARKET_REGIME_CONDITION,cn.pair.1685389b1df7611e456858d33d804aaf,cn.comp.03a7f444724017cafc5f,cn.comp.03a7f444724017cafc5f.control,PAIR_EVALUATED,,-0.48009557,-0.19039148,-0.28970409,-0.03036228,-0.01289589,-0.01746639,0.07571591,0.01230799,0.06340791999999999,372646193,1.0,active_bar,market-time block,"CSRank(Add(ZScore($vwap),Mul(PathShape($vwap,10),Sign($ctx_sent_damian_num))))","CSRank(Add(ZScore($vwap),Mul(0,$ctx_sent_damian_num)))",ac4e3d0b77586d5fedfdaf5a0996921b3ab0fef65c3b5cae0c51c5c9c54f5161,cbac2453391714035fefc894f826571fb014403a717fb5eec6721b77434fd126,622f3fa2034fabe435c79c0a76f008d154d1f800244a988a2acf7568f95dbd96
active_bar,MARKET_REGIME_CONDITION,cn.pair.16d50af5077774f0beabb7afc6abde54,cn.comp.14c9f7ed7631f084d567,cn.comp.14c9f7ed7631f084d567.control,PAIR_EVALUATED,,-0.19463504,0.04818859,-0.24282363,-0.00197358,-0.00946376,0.00749018,0.62663004,0.03072519,0.59590485,3445709,1.0,active_bar,market-time block,"CSRank(Mul(MultiScaleRelation($open,$ctx_sent_gt5_num,3,10),Sign($ctx_sent_gt5_num)))","CSRank(Add(ZScore($open),Mul(0,$ctx_sent_gt5_num)))",060a62e9276898bf134606901b064e26b23daecf2d4dc7111cd9ebe7f8e5087b,84ab8e1ad87138b9e60addd4905b806eae596207b20ac5661f3636ae348997dd,2469a93c07c7d547cbe5537f5c39a4cda9dbacee578465b274f96affdf604833
active_bar,MARKET_REGIME_CONDITION,cn.pair.16ea93eaa1630635c2485742616ef341,cn.comp.0d27895101cf723d8d21,cn.comp.0d27895101cf723d8d21.control,PAIR_EVALUATED,,-0.28612396,-0.51791262,0.23178866000000004,0.00768769,-0.01309646,0.02078415,0.32612545,0.32280646,0.003318989999999966,443385968,1.0,active_bar,market-time block,"CSRank(Mul(PathShape($amount,20),Sign($ctx_sent_damian_num)))","CSRank(Add(ZScore($amount),Mul(0,$ctx_sent_damian_num)))",b4db3475d97c55677177cff74012bf5f76124917d26a5f108def65eba467240e,274b000f9393b9ca7ddc1c68a80be5b61f0cbb8933f195edd418cc81d0107460,447b2c5c7669fc51e5d3e591df87889a85db28a00b3e91e52479f0d393cbaa7c
active_bar,MARKET_REGIME_CONDITION,cn.pair.17b49757e00d21eb080bbede069b6d6c,cn.comp.19bf926699f71e821aeb,cn.comp.19bf926699f71e821aeb.control,PAIR_EVALUATION_BLOCKED,control_behavior_identity_equals_primary|control_signal_empty_or_constant|empty_pair_support|primary_signal_empty_or_constant,-2.3,-2.3,,,,,,,,0,0.0,active_bar,market-time block,"CSRank(Mul(MultiScaleRelation($vwap,$ctx_sent_uplimit_num,5,20),Sign($ctx_sent_uplimit_num)))","CSRank(Add(ZScore($vwap),Mul(0,$ctx_sent_uplimit_num)))",f96da8adbc07f14a8d315d1abff06e2d258b356d13f36abe5cd2a0ef8b593b5e,d8ea5a95e2cc863cb018fb586a18ee7d5f1c0598071becd680bd35ce33547c2b,a83cfe335604ca40ac988ff5c95dd79f4ffafb3942e339e0edee41358fecc58f
active_bar,MARKET_REGIME_CONDITION,cn.pair.1cc911fa5ee9b5df6b1224ad3c8abb75,cn.comp.0d078cf6684d1bcb29da,cn.comp.0d078cf6684d1bcb29da.control,PAIR_EVALUATED,,-0.27548797,-0.51769381,0.24220584,0.00930199,-0.01309745,0.02239944,0.33459212,0.32280348,0.011788640000000017,443387168,1.0,active_bar,market-time block,"CSRank(Mul(PathShape($amount,10),Sign($ctx_sent_damian_num)))","CSRank(Add(ZScore($amount),Mul(0,$ctx_sent_damian_num)))",aab847a39873e4a270ce96243ae71d9e90c7766ec4a1704aea14bd0aa460317d,668c9e02bc19fb02da7444f947cb20c563f93df1f1b795b94e29bc120accb458,82eae260e8fa9c84fb8fdb71e38a6c9e5165d9e7f80bbe33e5618a9fb1b349fc
active_bar,MARKET_REGIME_CONDITION,cn.pair.1dd329da8f2b44d2c02588dee4aca669,cn.comp.1958410c1046a1dee201,cn.comp.1958410c1046a1dee201.control,PAIR_EVALUATED,,-0.12222149,-0.1529401,0.030718609999999993,-0.01263432,-0.01276464,0.00013032000000000148,0.00133244,0.00111903,0.00021341000000000003,445230630,1.0,active_bar,market-time block,"CSRank(Mul(ZScore($open),Sign($ctx_sent_lb_3_num)))","CSRank(Add(ZScore($open),Mul(0,$ctx_sent_lb_3_num)))",802db58a694dc2c7547bbe1268ab2a40f54fbd40bbeed88a06f1d51f991cf291,df27258c84fed84b1f355b45814fee54a4834f7c79f1c34c69ebf9f7dd0d9f23,6732ce36090c8894f2db2975eef1f4a8b881169693763d7a5d21af8f0b0fb89d
active_bar,MARKET_REGIME_CONDITION,cn.pair.1e3f9905482f821113a3777b5840f90b,cn.comp.072afa48eee8773e62eb,cn.comp.072afa48eee8773e62eb.control,PAIR_EVALUATED,,-0.43539713,-0.24050161,-0.19489552000000002,-0.10091073,-0.01292913,-0.08798160000000001,0.03289473,0.04155913,-0.008664400000000003,419601536,1.0,active_bar,market-time block,"CSRank(Mul(ZScore(Delta($vwap,3)),Transition($ctx_sent_mian_num,0,1)))","CSRank(Add(ZScore($vwap),Mul(0,$ctx_sent_mian_num)))",f51d9507558dc7b089ab2d61093bcfd2c499dc1e98383abcfc68a7a6a4a0f4ad,a4eacba619d6143f66bcef414cce2e53a624f781990a7980473760355cf9dbf9,3a4223f5e6998cff294ca9164fdd49f44cef44b4e346d2d0720f18ab6bf9a5e0
active_bar,MARKET_REGIME_CONDITION,cn.pair.2525bb99f8cbff5bc39a148a5892ce11,cn.comp.07768f20e73bf3aa5dcf,cn.comp.07768f20e73bf3aa5dcf.control,PAIR_EVALUATED,,-0.15093182,-0.15375962,0.002827800000000019,-0.01275007,-0.01276464,1.4570000000000208e-05,0.00112156,0.00111903,2.529999999999937e-06,445230630,1.0,active_bar,market-time block,"CSRank(Mul(ZScore($open),StateAge(Sign($ctx_sent_tiandi_num))))","CSRank(Add(ZScore($open),Mul(0,$ctx_sent_tiandi_num)))",45bb5d5d39485d1418389bf99455a2824aaf5d69fc82d9eccd3338a85276138a,d9239176c0d2fcf2f7519551c0cd64549b091760704a7a6978f670f6a82a0e88,ea32aeda6973ac1f060b766ff6cfbd117401d8e13ee7298563bcc96c9388dd6a
active_bar,MARKET_REGIME_CONDITION,cn.pair.29e74d2316c0b2d80aaf00b00bdd926f,cn.comp.0f2b4a32d125d09e4f99,cn.comp.0f2b4a32d125d09e4f99.control,PAIR_EVALUATED,,-0.05946837,0.05461421,-0.11408258,-4.85e-05,-0.01061605,0.01056755,0.48101474,0.0133671,0.46764764,7075788,1.0,active_bar,market-time block,"CSRank(Mul(MultiScaleRelation($open,$ctx_sent_uplimit_num,5,20),Sign($ctx_sent_uplimit_num)))","CSRank(Add(ZScore($open),Mul(0,$ctx_sent_uplimit_num)))",3884e3a6a339dc2c6ef3cbc0992ef210e03660825d16543560d417f20859ae90,0d2ef44586fa217c4cf7e4bc0ba9e3c0518952608c089da2bbc40b39b45ae33c,11602c1d4b7a8a809ca01332a041901e734d6b2c4181561a5d2f07aab8f488f2
active_bar,MARKET_REGIME_CONDITION,cn.pair.2acb3a19fbf9b22f76f64f64a2b6c0ca,cn.comp.129bf787e6b123669695,cn.comp.129bf787e6b123669695.control,PAIR_EVALUATED,,-0.55096254,-0.20242029,-0.34854225,-0.03665088,-0.01297419,-0.023676689999999997,0.06864458,0.00902631,0.05961827,334014846,1.0,active_bar,market-time block,"CSRank(Add(ZScore($vwap),Mul(PathShape($vwap,20),Sign($ctx_sent_mian_num))))","CSRank(Add(ZScore($vwap),Mul(0,$ctx_sent_mian_num)))",4a54bea3bd6d6c4a94db3da21b5285667fda35febe13fcb0df93ff2423c8dcd5,5ee86e60f182cd26f1825fb3e45c5291e5a5ad722c9e72c43973a0611ac44566,8470da44e199dc2df621ed872aca3495f6e10dd3e18efa11de90a556ff48d6f8
active_bar,MARKET_REGIME_CONDITION,cn.pair.2d6173e8e5c6e33ccdcd24259e2541c7,cn.comp.1cc46c6c1537434a8c16,cn.comp.1cc46c6c1537434a8c16.control,PAIR_EVALUATED,,-1.44602323,-1.37535924,-0.0706639899999999,-0.15353524,-0.15745439,0.00391915000000001,0.854947,0.8061944,0.048752600000000035,441534810,1.0,active_bar,market-time block,"CSRank(Add(ZScore($pct_chg),Mul(PathShape($pct_chg,10),Sign($ctx_sent_uplimit_num))))","CSRank(Add(ZScore($pct_chg),Mul(0,$ctx_sent_uplimit_num)))",64a43f2f0c9fdce8ba447c1cd1b4704672ae0b8d5974ba45653d6794de4d9ac7,ad45b5342282ee9d1dc8417f56f10d5f51578a6613c5aea575883eb810eede8c,83986bead93e72fa7d46ae7125c9cbe82b3f3f41c6f70566ffb0b129c362aa19
active_bar,MARKET_REGIME_CONDITION,cn.pair.2dd9e8817cfe220e9fcbbf3e90b031c4,cn.comp.172fe4867d13c4b1f347,cn.comp.172fe4867d13c4b1f347.control,PAIR_EVALUATED,,0.06442249,-0.15269135,0.21711384,0.01252484,-0.01273134,0.025256180000000003,1.247e-05,0.00111843,-0.0011059599999999998,445132723,1.0,active_bar,market-time block,"CSRank(Mul(Sign($open),Persistence(Positive($ctx_sent_lb_2_num),20)))","CSRank(Add(ZScore($open),Mul(0,$ctx_sent_lb_2_num)))",54e436cc9d81187b5c78a515d00b4124dcda599c76c20a4ef4ee475f52e63cc3,417601d9bba66e470a8c8c39d9e547641297a78755de7cbe0da871fe1c1defd7,2c84f0de2a333c265d6d00f2f536876cb6f9aaaecbcf3aa4ff9b358f2ba4ed99
active_bar,MARKET_REGIME_CONDITION,cn.pair.2f9e449cc1aa3780bc37d104902006a6,cn.comp.0b742e48fb2ed42ec7a4,cn.comp.0b742e48fb2ed42ec7a4.control,PAIR_EVALUATED,,-0.05552328,-0.51920137,0.46367809,-0.00146838,-0.01309799,0.01162961,0.01782361,0.32280424,-0.30498063000000003,443377942,1.0,active_bar,market-time block,"CSRank(Mul(Sign($amount),Persistence(Positive($ctx_sent_lb_3_num),3)))","CSRank(Add(ZScore($amount),Mul(0,$ctx_sent_lb_3_num)))",702f0504db05e3b1eb6a4352ce79a83941fcfaa778db836b36514df33e849cb0,aa26738f60792d1b1fe9e8b4c17c2f2da90eea4464c7bc136945aef35de1ca3b,b0dc8992bb64d0529178283e2c38ce8b79aaef5c58eb94df4be06b49b36f4e16
active_bar,MARKET_REGIME_CONDITION,cn.pair.2fb4b56d6fe039215473de9d9ab863a8,cn.comp.0b37a77bc71e7a4c7a2d,cn.comp.0b37a77bc71e7a4c7a2d.control,PAIR_EVALUATED,,-0.99224688,-0.59739991,-0.39484697,-0.1032957,-0.03905333,-0.06424237000000001,0.27559538,0.05491997,0.22067541000000002,444511280,1.0,active_bar,market-time block,"CSRank(Add(ZScore($intraday_ret_from_open),Mul(PathShape($intraday_ret_from_open,5),Sign($ctx_sent_up_num))))","CSRank(Add(ZScore($intraday_ret_from_open),Mul(0,$ctx_sent_up_num)))",a6f9e038e2dc31bddfc879aaca9c1e09490ea3d99f356cafbeafa05c336858ba,e738e119427173a1ddc8d6cd9fe751e07122beb73a838690170a647c49c93e3f,1e3a81636a0b30c70549a1f0f83b13ef93c6693c58812e99843b0c47fa34d044
active_bar,MARKET_REGIME_CONDITION,cn.pair.314524e4b68a49b889ee36731ea96749,cn.comp.033c0d04ce4451304159,cn.comp.033c0d04ce4451304159.control,PAIR_EVALUATED,,-0.08935307,-0.96022488,0.8708718099999999,-0.00168722,-0.11276843,0.11108121,0.52259952,0.80065529,-0.27805577000000004,7261016,1.0,active_bar,market-time block,"CSRank(Mul(MultiScaleRelation($ret_1m,$ctx_sent_down_num,5,20),Sign($ctx_sent_down_num)))","CSRank(Add(ZScore($ret_1m),Mul(0,$ctx_sent_down_num)))",25384335dc9abd289adaf493d95a7d3f236b7d26e7afe57233cd4895b54b7429,d535b9a38d3687ac0844ea13871a101bc6e577857063720e1aabecdeaaa916b5,7f43665767345117979d48a3d9c3a1b6812be895120893cbaf25f17a14f4e6cb
active_bar,MARKET_REGIME_CONDITION,cn.pair.3372b8a605e96fc8677dce777192265f,cn.comp.025d3d726130c738bbfd,cn.comp.025d3d726130c738bbfd.control,PAIR_EVALUATED,,-1.05318064,-0.59600627,-0.45717436999999994,-0.119669,-0.03905323,-0.08061577,0.40627308,0.05491999,0.35135309000000003,444511520,1.0,active_bar,market-time block,"CSRank(Add(ZScore($intraday_ret_from_open),Mul(PathShape($intraday_ret_from_open,3),Sign($ctx_sent_zb_num))))","CSRank(Add(ZScore($intraday_ret_from_open),Mul(0,$ctx_sent_zb_num)))",d32a7df5a53710243d3412187a104a178edb8d75d1372f9eea6b4408af2a2a06,e10c7b2e2a1c11cf5cf41fb28b742f5ed2a4dc3a5809d6a9691b178cd50efa5a,828c18fc00bb8e79cc16dadac0073daa964d34fa0fe651d89f726337ff5d577a
active_bar,MARKET_REGIME_CONDITION,cn.pair.33b73a2d5463bb8a7474db842162222e,cn.comp.0c7950981d2de7af8a57,cn.comp.0c7950981d2de7af8a57.control,PAIR_EVALUATED,,-1.40312599,-1.38266257,-0.02046342000000001,-0.13776703,-0.15760721,0.019840179999999985,0.8458234,0.81014205,0.035681350000000056,443367669,1.0,active_bar,market-time block,"CSRank(Add(ZScore($ret_1m),Mul(PathShape($ret_1m,3),Sign($ctx_sent_uplimit_num))))","CSRank(Add(ZScore($ret_1m),Mul(0,$ctx_sent_uplimit_num)))",da9c910373cca5ef2344e3bec3e34a80907d2a33210a9d1d669b9d025b7596c9,602da6b96a05c5649635a1dd975dfe0e96367a0f49f212e4f0438d54edcf9777,44d53ca3b250a7b61e54fdd7cb637460a0ac57978ef28ca439e0dd4d3551cd96
active_bar,MARKET_REGIME_CONDITION,cn.pair.33f5e45edfc0796b01dc15119c39003a,cn.comp.056bca82e341fb108291,cn.comp.056bca82e341fb108291.control,PAIR_EVALUATED,,-1.16372642,-1.37558418,0.21185776,-0.04666865,-0.15745473,0.11078607999999998,0.76417481,0.8061944,-0.042019589999999996,441535770,1.0,active_bar,market-time block,"CSRank(Sub(ZScore($pct_chg),Mul(Sign($pct_chg),Sign($ctx_sent_uplimit_num))))","CSRank(Add(ZScore($pct_chg),Mul(0,$ctx_sent_uplimit_num)))",d3f2f240009f13165141cea5123049fd732b4e49767ea57b8faa34dc0257a188,b35a7484c614e2e505b14a7d856b975853b69cd3adfa0377d6a6aca5cca8ac60,2cd878a9c8bf7f3585d50ffcd830ddeddb680644570d6d0cdfa43e43a6d8aab5
active_bar,MARKET_REGIME_CONDITION,cn.pair.362d467b427db5682af523e65fbb57b2,cn.comp.037761e39ce4c63a4fcc,cn.comp.037761e39ce4c63a4fcc.control,PAIR_EVALUATED,,-0.12374472,-0.21141579,0.08767106999999999,-0.01173906,-0.01297019,0.0012311299999999987,0.02325012,0.02821426,-0.004964140000000002,430690080,1.0,active_bar,market-time block,"CSRank(Mul(ZScore($vwap),Sign($ctx_sent_ditian_num)))","CSRank(Add(ZScore($vwap),Mul(0,$ctx_sent_ditian_num)))",d63d64cec2c085dde6b0e5c87109121fa70adc7f8c060f5b2193c88a8187f2d2,e1fc2640dac2a459d63026f5beb56959e9aa6c58683a4aae42c8ca52ce95d0e2,1fd61efb00e97dc4171ddb7f765c774e482dc536ea4b6f2f635cd8b43d9913b7
active_bar,MARKET_REGIME_CONDITION,cn.pair.36d4d2da9160db09c2c3b4077e2deb1c,cn.comp.05e283553abf3bd3586f,cn.comp.05e283553abf3bd3586f.control,PAIR_EVALUATED,,-0.71858739,-0.15251405,-0.56607334,-0.03648889,-0.01276263,-0.023726260000000002,0.261444,0.00111867,0.26032533,445228350,1.0,active_bar,market-time block,"CSRank(Mul(PathShape($open,20),Sign($ctx_sent_uplimit_num)))","CSRank(Add(ZScore($open),Mul(0,$ctx_sent_uplimit_num)))",f577ce59336a630258af7a704672f10f284a706e0864dbafa1cc8877260e52ad,1b97068c0fe95305725add843622ae9376e3c7726079dc4ba095d27dce1d5298,3083c5eac65d6cb80c60719556e3296b47ac53f5355639f16320d59fa95c30aa
active_bar,MARKET_REGIME_CONDITION,cn.pair.3d136cb5caa422e46054457798eadc1d,cn.comp.07affb3f0da97bb62322,cn.comp.07affb3f0da97bb62322.control,PAIR_EVALUATED,,-0.73038255,-0.15255143,-0.5778311199999999,-0.03731801,-0.01276429,-0.02455372,0.30360395,0.00111895,0.302485,445230150,1.0,active_bar,market-time block,"CSRank(Add(ZScore($open),Mul(PathShape($open,5),Sign($ctx_sent_gt5_num))))","CSRank(Add(ZScore($open),Mul(0,$ctx_sent_gt5_num)))",ebedaab84c5df04ed3c4200af411298a13b4afebed0754d71b21c4bb6d97fd1d,8b822eff3929357cb76362f43d0979304c7734a35e0d5447c004e6ab1b0f0811,f4e2a213149128607f208ff1e0e7a0d9bde2ba5b03e7554ad4cc4e4ed70d26cf
active_bar,MARKET_REGIME_CONDITION,cn.pair.3decb58d61e4df0939c73bd4e0f09fb9,cn.comp.1470e9e7cd2e4eff89d5,cn.comp.1470e9e7cd2e4eff89d5.control,PAIR_EVALUATION_BLOCKED,control_behavior_identity_equals_primary|control_signal_empty_or_constant|empty_pair_support|primary_signal_empty_or_constant,-2.3,-2.3,,,,,,,,0,0.0,active_bar,market-time block,"CSRank(Mul(ZScore(Delta($vwap,20)),Transition($ctx_zls_df_num,0,1)))","CSRank(Add(ZScore($vwap),Mul(0,$ctx_zls_df_num)))",4078136eb129fc04f0e6fc86991dc7cdb850174e93b9df802cacc68a70d65b4e,bf66bb7c17867b30ad590ab18b21dbd9e7984566e2fabfac3a1d5a1c98f082fe,4ef2e6b7988c8821bf992f4d8c39bba2159a9680bb76b2f99379583234658cc9
active_bar,MARKET_REGIME_CONDITION,cn.pair.3ff658dac3ffda0e8fde710a3a670884,cn.comp.02000a7835895433326b,cn.comp.02000a7835895433326b.control,PAIR_EVALUATED,,-1.34656146,-1.37522329,0.02866183000000011,-0.10645957,-0.15745439,0.050994819999999996,0.82513176,0.8061944,0.018937360000000014,441534810,1.0,active_bar,market-time block,"CSRank(Mul(PathShape($pct_chg,10),Sign($ctx_sent_gt5_num)))","CSRank(Add(ZScore($pct_chg),Mul(0,$ctx_sent_gt5_num)))",676c63238bc195db1c58f0be2b40d7c9c286d19cf8f7652ef81dc17117d34adb,29a403c34e5cd579ef20f122a7a100bd2f655ae33c6017bba444e613f34557df,15f55252f0267383ae842fd95f32ccafa4439cb255ad69fc41ec31e44cdd1f06
active_bar,MARKET_REGIME_CONDITION,cn.pair.40797cef16e5b60ebab217d2c2ff8e67,cn.comp.02c76f6594dd8e6f17ca,cn.comp.02c76f6594dd8e6f17ca.control,PAIR_EVALUATED,,-1.37524524,-1.37473133,-0.0005139100000000063,-0.15720948,-0.15745473,0.00024524999999997465,0.80637018,0.8061944,0.00017578000000006977,441535770,1.0,active_bar,market-time block,"CSRank(Mul(ZScore($pct_chg),StateAge(Sign($ctx_sent_uplimit_num))))","CSRank(Add(ZScore($pct_chg),Mul(0,$ctx_sent_uplimit_num)))",583a12e64608a6e2510abb0016935e7cdcad67ba987e7e7a65fce8433982b035,8b347f180eb30518bf48a61956d0e4b59789c8c5db3f7f2e9ea957e1682075b5,baea66f7774a63756e45d0d3eac2e0fa60fbc43555bef04da2b36d333e19e3d5
active_bar,MARKET_REGIME_CONDITION,cn.pair.423c20587395af260b5fc5130a90d31f,cn.comp.10480f1aede51efcdc7b,cn.comp.10480f1aede51efcdc7b.control,PAIR_EVALUATED,,-1.36596137,-1.37546731,0.009505940000000157,-0.15762396,-0.15745473,-0.0001692300000000202,0.79736702,0.8061944,-0.00882737999999994,441535770,1.0,active_bar,market-time block,"CSRank(Mul(ZScore($pct_chg),Sign($ctx_sent_lt5_num)))","CSRank(Add(ZScore($pct_chg),Mul(0,$ctx_sent_lt5_num)))",7f0c37b3683de23d106544d5df2ad09b9076e201f728017314847874b4298857,b0a92ea6f95c78c0b4454ecab772bd2b666911cb925d6d3894071c01e7387472,2fa6cf8ccaba94f8c3c37ec82485af91d737607c991db8cf498daed23d990dee
active_bar,MARKET_REGIME_CONDITION,cn.pair.433d4a30a0739040eb3a90597b2c81e0,cn.comp.173e07ec0caf701df3eb,cn.comp.173e07ec0caf701df3eb.control,PAIR_EVALUATED,,-0.52345988,-0.51850697,-0.004952909999999977,-0.01205263,-0.01309838,0.0010457499999999998,0.36448876,0.322802,0.041686760000000045,443388008,1.0,active_bar,market-time block,"CSRank(Add(ZScore($amount),Mul(PathShape($amount,3),Sign($ctx_sent_tiandi_num))))","CSRank(Add(ZScore($amount),Mul(0,$ctx_sent_tiandi_num)))",07ad512fda1400b351044e6a5ef70cf72e8634bed79f8b9f7a4b2c818ecb1fc9,500781634f76e9c0f9e4c4bd2d2c85e2b50c95bd019da066fbd5befb1c2f5007,058df6462f0a55496a583f19da0289ca1ce00e4975fc64edc2a308819ad6d81f
active_bar,MARKET_REGIME_CONDITION,cn.pair.46c5f7b7729276b15ed9d79aff58da97,cn.comp.10c977548ceb01c32253,cn.comp.10c977548ceb01c32253.control,PAIR_EVALUATED,,-0.18955088,-0.99086381,0.80131293,0.00074811,-0.13135539,0.13210349999999998,0.65297045,0.81306063,-0.16009017999999997,3504085,1.0,active_bar,market-time block,"CSRank(Mul(MultiScaleRelation($ret_1m,$ctx_sent_lt5_num,3,10),Sign($ctx_sent_lt5_num)))","CSRank(Add(ZScore($ret_1m),Mul(0,$ctx_sent_lt5_num)))",c5e3be0856cbc26c102341c878354094bbadbf0441a190e0bdd1bf0bd512a9e9,c0b02c417776f40429eacf644ba5c710b357e5a4e107d8e7de458a7b7bf097df,241a901d6a5c5652c62626b3a4de507be54fa28734ef8518ecc8f3d89f9604ab
active_bar,MARKET_REGIME_CONDITION,cn.pair.47ce8cba54d2a2ff67338ed0cb8588ba,cn.comp.02746d37a8a84412f769,cn.comp.02746d37a8a84412f769.control,PAIR_EVALUATED,,-0.51616984,-0.51905184,0.002882000000000051,0.00934262,-0.01309745,0.02244007,0.63742379,0.32280348,0.31462031000000007,443387168,1.0,active_bar,market-time block,"CSRank(Mul(PathShape($amount,10),Sign($ctx_sent_lb_h_num)))","CSRank(Add(ZScore($amount),Mul(0,$ctx_sent_lb_h_num)))",c271bbe92e7122f7d74b7c1d7aea77aacd78b5f00082b1d9eb7c3d153df1c476,015ec41595775097818174485dbbb8f0e4b050fe9b25930f9d4d0c9e83ae1afa,538b5f385f67040bd9f0249341df5f26c28f2fbf64811059877afc4a6cc51bc5
active_bar,MARKET_REGIME_CONDITION,cn.pair.494cc7437127d19a042653d74889b126,cn.comp.08e00479c27f28214f82,cn.comp.08e00479c27f28214f82.control,PAIR_EVALUATED,,0.0200725,-0.21116159,0.23123409,0.01209982,-0.01293679,0.02503661,0.02091149,0.02821809,-0.0073066,430592649,1.0,active_bar,market-time block,"CSRank(Mul(Sign($vwap),Persistence(Positive($ctx_sent_gt5_num),20)))","CSRank(Add(ZScore($vwap),Mul(0,$ctx_sent_gt5_num)))",8163e02fbe4e5184d38480f9a67fa48426290fd3b2c898f444f23a680ee7b44e,4ba90f895365cfdc4c2a27e535807c6f94e353b256d254542660332c6367a132,ee4a8aa34bde3259b69f7fef03001f0d1f28a7f6295b84476a925bbb040c514d
active_bar,MARKET_REGIME_CONDITION,cn.pair.497841182a3d3a05af14440da524ade5,cn.comp.1979e344649998a75e1c,cn.comp.1979e344649998a75e1c.control,PAIR_EVALUATED,,-0.96250364,-0.18266651,-0.77983713,-0.06582302,-0.0129318,-0.052891219999999996,0.46668837,0.02075112,0.44593725,412679004,1.0,active_bar,market-time block,"CSRank(Mul(PathShape($vwap,3),Sign($ctx_sent_mian_num)))","CSRank(Add(ZScore($vwap),Mul(0,$ctx_sent_mian_num)))",01e054b2d77976a14f7ca07692cf1badd96a5824d169a09681308d406df69e7d,788a7dd6b41f1faf118dda4d8ac1fbf6ffd3ca97025ec4ec8fe8ef92ed094813,7e3317bb4274155d66ed977bf2962b08653ea7afa5869e5bad39b32a44edbd43
active_bar,MARKET_REGIME_CONDITION,cn.pair.4af81beb59b35a88144120bf022fa20f,cn.comp.00cd9c936a7d3928f764,cn.comp.00cd9c936a7d3928f764.control,PAIR_EVALUATED,,-0.12796094,-0.59557637,0.46761542999999994,-0.01693862,-0.03905077,0.022112149999999997,0.004521,0.05490816,-0.05038716,444465383,1.0,active_bar,market-time block,"CSRank(Mul(Sign($intraday_ret_from_open),Persistence(Positive($ctx_sent_tiandi_num),10)))","CSRank(Add(ZScore($intraday_ret_from_open),Mul(0,$ctx_sent_tiandi_num)))",70e15d0a0c6389e94cafe58efe589dcefa7a57cd03a949ffd1f72544468ee0d5,6b26919a9d2070aade5b733ff0c2e7a7b6c367d1c1b05a60eff7ecd6bd9afd27,72979e88117104d84eb29ecc3733e0442d1001c84fc4c87a8ed9d5997983d5a8
active_bar,MARKET_REGIME_CONDITION,cn.pair.4b363784dab69bc1489163fb7e70371e,cn.comp.027a0f4c5b487f2e9faf,cn.comp.027a0f4c5b487f2e9faf.control,PAIR_EVALUATED,,-0.50887482,-0.51785984,0.00898502000000001,0.00897098,-0.01309745,0.02206843,0.62860129,0.32280348,0.30579781,443387168,1.0,active_bar,market-time block,"CSRank(Mul(PathShape($amount,10),Sign($ctx_sent_downlimit_num)))","CSRank(Add(ZScore($amount),Mul(0,$ctx_sent_downlimit_num)))",1c8aa32cfbb8abad98d1903a598c31978abe2e4ed52060a0db663a2e2f85ad50,fa60b232f2c35cd8433650c8cef70f5dac55ad3bfd10f5c3913e2cfa05800c72,dea36431ed8d92cabbe04170c697b2401894488b4500f5ab130cdd53a6f5783d
active_bar,MARKET_REGIME_CONDITION,cn.pair.5018f3f4d4ca27ffd57d804157230e83,cn.comp.0dac35842d7ba4ef89ec,cn.comp.0dac35842d7ba4ef89ec.control,PAIR_EVALUATED,,-0.75774286,-0.15347413,-0.60426873,-0.03466178,-0.01276454,-0.021897240000000005,0.47079197,0.00111897,0.469673,445230390,1.0,active_bar,market-time block,"CSRank(Mul(PathShape($open,3),Sign($ctx_sent_lb_h_num)))","CSRank(Add(ZScore($open),Mul(0,$ctx_sent_lb_h_num)))",97ac1cd48829bf55f3652911de26fbf83984d8927735b00916a5d9b9a9dbad97,26521a7977a3e410f104c77436f0a555bc87ccca6b33ebf77369cd3934b569f8,2e5d08bd5f5167dede5aad9ff584c1aecfd2c00ef7c6de5419395e293b85cef0
active_bar,MARKET_REGIME_CONDITION,cn.pair.505af352488850e1df3add28b1891c7e,cn.comp.161811971b46f5cc6a95,cn.comp.161811971b46f5cc6a95.control,PAIR_EVALUATED,,-0.4379932,-0.59544082,0.15744761999999995,-0.02870978,-0.03905344,0.010343660000000001,0.03402282,0.05490051,-0.020877689999999997,444413853,1.0,active_bar,market-time block,"CSRank(Mul(Sign($intraday_ret_from_open),Persistence(Positive($ctx_sent_down_num),20)))","CSRank(Add(ZScore($intraday_ret_from_open),Mul(0,$ctx_sent_down_num)))",c66a6a609c10bbebcb2dac46101dc4d7a706a7a2f96fbe6b6ccb073b195b6ffd,aeac19c903cea206ab237e29107064eb958f1673048cf9186ed4879d716f3c80,a0edab8c7f90df39287572214ceac3e1cd63da046d7bb9834837ca183d7bdba0
active_bar,MARKET_REGIME_CONDITION,cn.pair.53bd774949ce8f986e12c299c3ffd5ef,cn.comp.05e948f23dfb18dd5cf6,cn.comp.05e948f23dfb18dd5cf6.control,PAIR_EVALUATED,,-0.69249404,-0.15199029,-0.5405037500000001,-0.03697598,-0.01276263,-0.024213349999999998,0.23980472,0.00111867,0.23868605,445228350,1.0,active_bar,market-time block,"CSRank(Mul(PathShape($open,20),Sign($ctx_sent_lb_h_num)))","CSRank(Add(ZScore($open),Mul(0,$ctx_sent_lb_h_num)))",6267259682696e446d59dc3c21dbb46cb784025e24e24d62f30f4f2c33682ab8,23f752d9057d1923eef24c72d6a5de3c0db1b6d6c0753517f2d6e569d1622f4c,48d852360f9c786959e0db341a0942142dd0932ff38015e2b2b1dd19653d4434
active_bar,MARKET_REGIME_CONDITION,cn.pair.563875ea7af2bc21ddb65a1f22afbcc9,cn.comp.039ee495dd1d3fcdde37,cn.comp.039ee495dd1d3fcdde37.control,PAIR_EVALUATED,,-0.51734192,-0.51890167,0.0015597499999999709,-0.01318332,-0.01309848,-8.484000000000096e-05,0.32299603,0.32280168,0.0001943500000000098,443388248,1.0,active_bar,market-time block,"CSRank(Mul(ZScore($amount),StateAge(Sign($ctx_sent_lb_2_num))))","CSRank(Add(ZScore($amount),Mul(0,$ctx_sent_lb_2_num)))",5b8bd0bbafbf854b36bc6ce63f172fd350d6886d48db5d33920297b02cc5acba,7b9adf94d165676bdc73985ba8abe98aedb0e45daf61da547bd4aac28dcaeeaa,b41d5cd1cea935f7c486345eb6df9f2c043e8c7d4b23cd293ba8181e220417d8
active_bar,MARKET_REGIME_CONDITION,cn.pair.582538d4ff7f331d5913a84233afb36d,cn.comp.0fa4e678e560ba40c1d7,cn.comp.0fa4e678e560ba40c1d7.control,PAIR_EVALUATED,,-1.25123819,-1.37514442,0.12390623,-0.10846951,-0.15745488,0.048985369999999986,0.75770472,0.8061946,-0.048489879999999985,441533610,1.0,active_bar,market-time block,"CSRank(Mul(PathShape($pct_chg,20),Sign($ctx_sent_downlimit_num)))","CSRank(Add(ZScore($pct_chg),Mul(0,$ctx_sent_downlimit_num)))",dd4d0c87cd10c50a80fb081bafe431087771cba7e712ffb2b1dc7cb490cdc66c,73651e997b0e5f308e1fe987345beeed6a0bf972ec919b955e22c9c90bc09a5f,f9f0954eab0be3b4d71e91cdeae7fca8b6943bad3aaaaad62da46382d45029e8
active_bar,MARKET_REGIME_CONDITION,cn.pair.59a0bdfacb5a0c962a5cdabbe3a88133,cn.comp.1a33e49b7ffb785aeea4,cn.comp.1a33e49b7ffb785aeea4.control,PAIR_EVALUATED,,-0.52273375,-0.51916791,-0.0035658400000000423,0.00927689,-0.01309838,0.02237527,0.65685776,0.322802,0.33405576,443388008,1.0,active_bar,market-time block,"CSRank(Mul(PathShape($amount,3),Sign($ctx_sent_lb_h_num)))","CSRank(Add(ZScore($amount),Mul(0,$ctx_sent_lb_h_num)))",ed4bd6bcf596780b2eb309c39c316aef5fc7a853c11726375f8a71fa59bcd646,59fbe5cd05d7258ce85b20bdafa984ebe4ffc870b4e45626858dee928cfb3a89,48a7f6936595a7005c8dbe977c614345945340246f2f1180d40f95587bf7a40d
active_bar,MARKET_REGIME_CONDITION,cn.pair.5c403fa7e6896200f5a4851f705ce5f3,cn.comp.07f9998e966014bb41be,cn.comp.07f9998e966014bb41be.control,PAIR_EVALUATED,,-0.61751059,-0.18191334,-0.43559724999999994,-0.06407885,-0.0129318,-0.051147050000000006,0.13519758,0.02075112,0.11444646000000001,412679004,1.0,active_bar,market-time block,"CSRank(Mul(PathShape($vwap,3),Sign($ctx_sent_ditian_num)))","CSRank(Add(ZScore($vwap),Mul(0,$ctx_sent_ditian_num)))",df597dc365aefc4510c2dd95047e842b87c44ba75d07878183a3693704995994,de877e83cc73ee71b9596d43e3cea761b2c5abbdb12d32bc8c5ad1ba0c3eef6b,a2510e52c70a8e311cace770412a9b765ce931d44a645b617f549f7b474185fa
active_bar,MARKET_REGIME_CONDITION,cn.pair.5d4a7739b995e811dad3778530500e27,cn.comp.01bbff0bdb76a134574d,cn.comp.01bbff0bdb76a134574d.control,PAIR_EVALUATED,,-0.53702691,-1.37541813,0.8383912199999999,-0.0847859,-0.15745484,0.07266894000000002,0.09221606,0.80619444,-0.7139783799999999,441535650,1.0,active_bar,market-time block,"CSRank(Mul(PathShape($pct_chg,3),Sign($ctx_sent_tiandi_num)))","CSRank(Add(ZScore($pct_chg),Mul(0,$ctx_sent_tiandi_num)))",d0988bc1231944ffa0b81803a4bf23a4a0a9cf9a2f311db5605e826c9d714b8d,4457ca858b0346a4d0110fd4bd08b484cd8751b3901ccce34370a0ce0ed5d225,2d94dae1c0dd34f6a1c891f74e2f370024ae6a31326082b72704d48c15181e35
active_bar,MARKET_REGIME_CONDITION,cn.pair.5f04160911408420a7c01405a209fcbd,cn.comp.0080328b2e5d2ac1af8c,cn.comp.0080328b2e5d2ac1af8c.control,PAIR_EVALUATED,,0.00951391,0.18470744,-0.17519353,0.00097176,-0.01059351,0.01156527,0.5528557,0.26039204,0.29246365999999996,2777209,1.0,active_bar,market-time block,"CSRank(Mul(MultiScaleRelation($amount,$ctx_sent_lb_h_num,3,10),Sign($ctx_sent_lb_h_num)))","CSRank(Add(ZScore($amount),Mul(0,$ctx_sent_lb_h_num)))",f8bb2bf200cd9676e675ed1d196a5f40e04d00c485e430930f3001fa8feec023,6b89c4d3d6b1e2f235a5b7b42b822be6e8a6e2e9c82856420e49702c827da772,1244b8d223745ee71751666c651fc979380caf46f84fa3b2ad83520d1a99aa71
active_bar,MARKET_REGIME_CONDITION,cn.pair.5f0790f28083d2c015b3dfc3992147c6,cn.comp.0a661f6784f662a8baa0,cn.comp.0a661f6784f662a8baa0.control,PAIR_EVALUATED,,-0.59869216,-0.51697876,-0.08171340000000005,0.00907306,-0.01309838,0.02217144,0.71474108,0.322802,0.39193908000000005,443388008,1.0,active_bar,market-time block,"CSRank(Mul(PathShape($amount,3),Sign($ctx_sent_lt5_num)))","CSRank(Add(ZScore($amount),Mul(0,$ctx_sent_lt5_num)))",bf8b0726241eb87cfb81b2b53fffa00cb233b07b9353ec5663fb3e5d92934e60,8b84f134e5eb631c1ff0c9bb50a97579bcf1a27ab2704d3cb02240232a329431,0e92cd517aa847b1da021e4d3c86f926bb0183393b3ae0d05d517667b0868375
active_bar,MARKET_REGIME_CONDITION,cn.pair.65007bc45223d8459cc28e89f9c1672d,cn.comp.1a91973acacf6ab42a7c,cn.comp.1a91973acacf6ab42a7c.control,PAIR_EVALUATED,,-0.42316961,-0.59636219,0.17319258000000004,-0.02888137,-0.03905077,0.010169399999999999,0.0307138,0.05490816,-0.024194359999999998,444465383,1.0,active_bar,market-time block,"CSRank(Mul(Sign($intraday_ret_from_open),Persistence(Positive($ctx_sent_lb_3_num),10)))","CSRank(Add(ZScore($intraday_ret_from_open),Mul(0,$ctx_sent_lb_3_num)))",d6f907abcc4228538c650b066aec59090d0fd572db5c86b763baa56011c533dc,2ae5ca6470b9f996ca50d34b784ccc46a8fab10311300ef764b6146fcb696be8,19321da8b9690df7975199bf6d458232a68340381a2806beddd2b8dad9a1c590
active_bar,MARKET_REGIME_CONDITION,cn.pair.67832af60cfda5290e5122351866dd0c,cn.comp.01f0ee5b8960ac219bb3,cn.comp.01f0ee5b8960ac219bb3.control,PAIR_EVALUATED,,-0.10547068,-0.97054187,0.86507119,-0.00068186,-0.11364347,0.11296160999999999,0.52366332,0.80125345,-0.27759013,6352117,1.0,active_bar,market-time block,"CSRank(Mul(MultiScaleRelation($ret_1m,$ctx_sent_max_lb_num,5,20),Sign($ctx_sent_max_lb_num)))","CSRank(Add(ZScore($ret_1m),Mul(0,$ctx_sent_max_lb_num)))",5bd10d43635c8d46f32d65e5d2655615d4f684370e1c21411af808be072493c4,f366215db6d8fcbe9251fd9db9690fe44c97c7c9d03dad559c5fdd23e3530d5c,f82e6e7dd95ed50e58a51d84aebf58de3e761f5865c4fd0bf089c3f689e1882d
active_bar,MARKET_REGIME_CONDITION,cn.pair.69ab9ccfbbecfd2242879ffaf3327cc2,cn.comp.02ccab6d728f7fe80092,cn.comp.02ccab6d728f7fe80092.control,PAIR_EVALUATED,,-1.05170561,-0.59521093,-0.45649467999999993,-0.11499405,-0.03905403,-0.07594002,0.35571644,0.05492002,0.30079642,444510680,1.0,active_bar,market-time block,"CSRank(Mul(PathShape($intraday_ret_from_open,10),Sign($ctx_sent_gt5_num)))","CSRank(Add(ZScore($intraday_ret_from_open),Mul(0,$ctx_sent_gt5_num)))",0630304d5427a6c82e80334c63e54f8b65003ab09432dfa0eb9fefc1a1ea16c8,668dca088dbab76ec9f9b41091508b63b049a840d4019f40ae490b6703b77761,5b2b1cda9b91205637828996155d96ce4486e0955c285e4f93ffe01b14ba021f
active_bar,MARKET_REGIME_CONDITION,cn.pair.6ab8cf594646ba538b70b318c3e00188,cn.comp.0c33102a9a6de651c604,cn.comp.0c33102a9a6de651c604.control,PAIR_EVALUATED,,-0.83337747,-0.18384575,-0.6495317199999999,-0.05396348,-0.01290478,-0.041058700000000004,0.25201966,0.01685963,0.23516002999999996,398932409,1.0,active_bar,market-time block,"CSRank(Add(ZScore($vwap),Mul(PathShape($vwap,5),Sign($ctx_sent_downlimit_num))))","CSRank(Add(ZScore($vwap),Mul(0,$ctx_sent_downlimit_num)))",002513577157a29088c6329fccd47f6a9f483a833598ce3efabd830e6896259a,21f642cf64b727269de1a04a5146ed3ab753f79993b29ed95c72bd228297ff5d,5f71eb816edb9917d4852c874fae870bbce711e46c453f6ebcece2f32db11dc0
active_bar,MARKET_REGIME_CONDITION,cn.pair.6bab0012ff165baabf628929a1ad7a91,cn.comp.0bf6049d661ea41e96c1,cn.comp.0bf6049d661ea41e96c1.control,PAIR_EVALUATED,,-1.21343192,-1.38242138,0.16898945999999992,-0.13589055,-0.15761048,0.02171993,0.67599572,0.81014341,-0.13414769000000004,443331766,1.0,active_bar,market-time block,"CSRank(Mul(Sign($ret_1m),Persistence(Positive($ctx_sent_uplimit_num),10)))","CSRank(Add(ZScore($ret_1m),Mul(0,$ctx_sent_uplimit_num)))",a3470bb398a0267bdcbe06ddf897b23d2954284b830ad6285fc53512dfece0a3,878deccdf6239f8f571e686f4c51ab25a92168396290cfdda6961c757b714a00,9028458d3e6bd7cc8acaee2e63a9f7334c066df324e16fea04cd5c061c37d99d
active_bar,MARKET_REGIME_CONDITION,cn.pair.6bf17a3e5b50a58f4270ffb781c6c37d,cn.comp.043c3b0f14d04e16b03a,cn.comp.043c3b0f14d04e16b03a.control,PAIR_EVALUATED,,-1.01628418,-0.59729299,-0.41899118999999996,-0.11040703,-0.03905323,-0.0713538,0.36670425,0.05491999,0.31178426000000004,444511520,1.0,active_bar,market-time block,"CSRank(Add(ZScore($intraday_ret_from_open),Mul(PathShape($intraday_ret_from_open,3),Sign($ctx_sent_lb_3_num))))","CSRank(Add(ZScore($intraday_ret_from_open),Mul(0,$ctx_sent_lb_3_num)))",55b1ac032396ad9127eb4a9f7e8abf6e55d6b7e866775d1a84f8c574656952bc,71aea4d065283049e2ae5b369a307e3411e88d84d51b7ad362a10c7ef742b1e5,511e9810a67edc74365aaad951e238dd997f9961ae399b5b139379bdeeda1c95
active_bar,MARKET_REGIME_CONDITION,cn.pair.6faa5054c9128591e69e45c513307577,cn.comp.15571dc41853a54b7aa2,cn.comp.15571dc41853a54b7aa2.control,PAIR_EVALUATED,,-1.38059679,-1.37466639,-0.005930400000000002,-0.15296437,-0.15745484,0.004490470000000024,0.81386375,0.80619444,0.00766931000000004,441535650,1.0,active_bar,market-time block,"CSRank(Add(ZScore($pct_chg),Mul(PathShape($pct_chg,3),Sign($ctx_sent_ditian_num))))","CSRank(Add(ZScore($pct_chg),Mul(0,$ctx_sent_ditian_num)))",e152f4ae9903b34b221a10feb576eba51fc21572d96cc50ce314108f2ec18aa1,b75a1441f4a4e656d8a47948c6250809529cc293bc680928e29fb4dab18370d1,09343b915e3677a1b5ac89683da78343f7a2e249ed984cc43348836ed1868ce7
active_bar,MARKET_REGIME_CONDITION,cn.pair.6fb06b39e707ec5e63bab63658d3f65b,cn.comp.14840ef1b3b99d372712,cn.comp.14840ef1b3b99d372712.control,PAIR_EVALUATED,,-0.27907811,-0.5971447,0.31806659,-0.02522382,-0.03905385,0.01383003,0.01679133,0.05491361,-0.03812228,444491148,1.0,active_bar,market-time block,"CSRank(Mul(Sign($intraday_ret_from_open),Persistence(Positive($ctx_sent_damian_num),5)))","CSRank(Add(ZScore($intraday_ret_from_open),Mul(0,$ctx_sent_damian_num)))",7ddd44094adc83c66d253ddfa0a3bcc7d09c04d04707a4078609f20c78a648f5,5ff902c4fa24e2c9188b53b0b6663801f747ca0bca6e4bfece356a18bd241f91,b1c9f5362a326c47ed6b4d81820f4d4976e7d25c96c0be715bb55a2f4574c5a5
active_bar,MARKET_REGIME_CONDITION,cn.pair.6fca672e156bffd25374f0679f034e2d,cn.comp.069dab610814c13671ff,cn.comp.069dab610814c13671ff.control,PAIR_EVALUATED,,-0.20965278,-0.21394722,0.004294439999999983,-0.01287573,-0.01297019,9.445999999999934e-05,0.0284226,0.02821426,0.00020833999999999783,430690080,1.0,active_bar,market-time block,"CSRank(Mul(ZScore($vwap),StateAge(Sign($ctx_sent_down_num))))","CSRank(Add(ZScore($vwap),Mul(0,$ctx_sent_down_num)))",a265538e0447cbc9648565cf5648984537fed7f39bd9d76f06419da4df310a50,74df498dd827ad970909b154404067ec6d035a8a616f4be340ec148288d5ca0f,1d4c81310192a0d38c604ecb1855d3fbea6058e5673b4e5b96b24a97eb056e86
active_bar,MARKET_REGIME_CONDITION,cn.pair.7191c2fe5ce18c8351bc78705957f6ca,cn.comp.0aebc7423f5a2d15ba96,cn.comp.0aebc7423f5a2d15ba96.control,PAIR_EVALUATED,,0.00497608,-0.32912369,0.33409977,0.00123632,-0.04430093,0.04553725,0.46255463,0.36949512,0.09305951000000001,6341994,1.0,active_bar,market-time block,"CSRank(Mul(MultiScaleRelation($intraday_ret_from_open,$ctx_sent_zb_num,5,20),Sign($ctx_sent_zb_num)))","CSRank(Add(ZScore($intraday_ret_from_open),Mul(0,$ctx_sent_zb_num)))",00e14897720d64953ca538d728ea21942c006cb89e05e8a03c07ccad6e94160a,4494f8dfae8b004f7ee2e109a3ce9dea731446ec1fded170552a5b39e041e3a7,2f7dd2cc4ede8c001e1280296078588740a25412776cb72d1396337a6074a717
active_bar,MARKET_REGIME_CONDITION,cn.pair.74330323893970990054b7f4ca33d330,cn.comp.174f9aa8d1a2c78ad0fe,cn.comp.174f9aa8d1a2c78ad0fe.control,PAIR_EVALUATED,,-1.25151856,-1.3821887,0.13067013999999988,-0.05700563,-0.15760662,0.10060099,0.77345368,0.81014368,-0.03669,443378023,1.0,active_bar,market-time block,"CSRank(Sub(ZScore($ret_1m),Mul(Sign($ret_1m),Sign($ctx_sent_mian_num))))","CSRank(Add(ZScore($ret_1m),Mul(0,$ctx_sent_mian_num)))",d6bbcf5eb865f65f9cd38d00654a1ae91331a3fa50d03dfd0d8b1b4608d62a56,f992cc14c0fb1d5fbef39389da87240bbcd7c445bb451e078f9eb649fe09b05a,cad299cc8bb9b880194990b31ff5c1c86d63a11afae9c00aa9b981bfb422b0bc
active_bar,MARKET_REGIME_CONDITION,cn.pair.74e5d35fe8810c78bfa4deec1870d240,cn.comp.068b18ecca84d2fe761f,cn.comp.068b18ecca84d2fe761f.control,PAIR_EVALUATED,,-0.79166353,-0.15199919,-0.6396643399999999,-0.0345724,-0.01276454,-0.021807860000000005,0.51237561,0.00111897,0.5112566399999999,445230390,1.0,active_bar,market-time block,"CSRank(Mul(PathShape($open,3),Sign($ctx_sent_max_lb_num)))","CSRank(Add(ZScore($open),Mul(0,$ctx_sent_max_lb_num)))",c5f525800276d3be05315d61086c1058775937316c82cbd63d337e8957d7324a,4faaf59f617f9d335a83dd0903363d15e425b4fe02449a0635756ad5504879bf,ffbbae8c3e88c12369f5582a43e13746008aa462d603521c7ca51618a3d254a9
active_bar,MARKET_REGIME_CONDITION,cn.pair.7545b73da89c62a194ad2c084a45ef49,cn.comp.0068b9c3900a88994557,cn.comp.0068b9c3900a88994557.control,PAIR_EVALUATED,,-0.59823125,-0.59609682,-0.0021344300000000205,-0.03911561,-0.03905313,-6.248000000000364e-05,0.05478676,0.05491979,-0.0001330300000000062,444511722,1.0,active_bar,market-time block,"CSRank(Mul(ZScore($intraday_ret_from_open),Sign($ctx_sent_down_num)))","CSRank(Add(ZScore($intraday_ret_from_open),Mul(0,$ctx_sent_down_num)))",5b087ed6f3e40b8823a80d740c6397b3589db8928a143d674b7d83b37d90a436,91e136aa268bd64b571eca236e6add33bc55749cfce9f96778cecf778899e690,611227d33f92ad9a5b38522c43369e23c1fee00572b0e560b11d89eb422cbbaf
active_bar,MARKET_REGIME_CONDITION,cn.pair.75f6da0a704d21f646a0962d106f8d33,cn.comp.16093d57af6f279792c6,cn.comp.16093d57af6f279792c6.control,PAIR_EVALUATED,,-1.22133586,-1.37552379,0.15418792999999997,-0.13596746,-0.15745756,0.021490099999999984,0.68040885,0.80619545,-0.12578660000000008,441520311,1.0,active_bar,market-time block,"CSRank(Mul(Sign($pct_chg),Persistence(Positive($ctx_sent_down_num),5)))","CSRank(Add(ZScore($pct_chg),Mul(0,$ctx_sent_down_num)))",805558b8f54ef5b5138bb01493a2198ad93ae0db946c6bda1bbc9c750dcc7db8,23fdfd0c8e1bc94b4f2f597134acfa904c7f3f3427ac481e39ce4f332f713a18,41a3412d15d4230d6a3c38de2c9702fddcfeff0daeac14271297c76841efe79c
active_bar,MARKET_REGIME_CONDITION,cn.pair.76efa3a6e3be74363cdaf1964343a359,cn.comp.0ebfc9c8925887eabc96,cn.comp.0ebfc9c8925887eabc96.control,PAIR_EVALUATED,,-0.22547691,-0.9904751,0.76499819,-0.00257452,-0.13110894,0.12853442,0.65584578,0.81297157,-0.15712578999999993,3513802,1.0,active_bar,market-time block,"CSRank(Mul(MultiScaleRelation($ret_1m,$ctx_sent_gt5_num,3,10),Sign($ctx_sent_gt5_num)))","CSRank(Add(ZScore($ret_1m),Mul(0,$ctx_sent_gt5_num)))",fae7c8b5cf4b90d02e3bfade80f95f0a1bc0b968805984cd55d1fc8508338778,c9007955cb1b0ba53524e680cf9350f4f95d553d686d78799b3a91df6a847411,309c0201c8962d8c900ff4726fc5c14718db53bcc1e79431cea6d872b8dce972
active_bar,MARKET_REGIME_CONDITION,cn.pair.773fb3cc050e2c3d66691409bfb13b44,cn.comp.02c2322571aee682d424,cn.comp.02c2322571aee682d424.control,PAIR_EVALUATED,,-0.9634421,-0.18351496,-0.77992714,-0.0651304,-0.0129318,-0.052198600000000005,0.46834825,0.02075112,0.44759713,412679004,1.0,active_bar,market-time block,"CSRank(Mul(PathShape($vwap,3),Sign($ctx_sent_downlimit_num)))","CSRank(Add(ZScore($vwap),Mul(0,$ctx_sent_downlimit_num)))",76b87ebe473a4cf29e3617d2e522bf963b09c9cbc1b9983079a63c9fe675fe98,e517e7e2da939fdf8db0a5a95a809cb710c4d27220705df52c90c3c973d5b1b5,5f70eed2cbaaca0c62b8c84cdf388293e16b5eb0080c3fb52a014f59ef933d32
active_bar,MARKET_REGIME_CONDITION,cn.pair.779c2accb231dcea964b7eb4dc43de93,cn.comp.1af6c3b67c6fa43fa503,cn.comp.1af6c3b67c6fa43fa503.control,PAIR_EVALUATED,,-0.03642634,-0.51720394,0.4807776,-0.0015739,-0.01309674,0.011522840000000001,0.00939903,0.32280729,-0.31340826000000005,443367636,1.0,active_bar,market-time block,"CSRank(Mul(Sign($amount),Persistence(Positive($ctx_sent_damian_num),5)))","CSRank(Add(ZScore($amount),Mul(0,$ctx_sent_damian_num)))",b8f9df1166557624b6137c022a49d190626878553abed5c8306f37ebef16a0f5,97c5e573259c3e991d50a2489cb33884fd00b036fe424b684dbfb5d3af82e1d9,4378a0496c16a116cfd1b3fa7fcef399026ec518789a415b40a364a196733dd7
active_bar,MARKET_REGIME_CONDITION,cn.pair.7b260f1f4385371d6b32d968e21d7d46,cn.comp.174d4c1d27d452f9d3da,cn.comp.174d4c1d27d452f9d3da.control,PAIR_EVALUATED,,-1.24180223,-1.37536658,0.1335643499999999,-0.08583629,-0.15745484,0.07161855000000002,0.75036938,0.80619444,-0.05582505999999998,441535650,1.0,active_bar,market-time block,"CSRank(Mul(PathShape($pct_chg,3),Sign($ctx_sent_up_num)))","CSRank(Add(ZScore($pct_chg),Mul(0,$ctx_sent_up_num)))",cfa83d435e161c1ef35c3ad7d3d3aab99ae067908e7d19c18570e19f3b163ec9,e84d1ae0fabaaa42ab65b29b81dbe9bf6ce14ddf3ffe452e2f561cb856eb6bbc,64314a28590c4c07c5371a3c47b46abebca3697f80a623f0412a75fbe9c9169f
active_bar,MARKET_REGIME_CONDITION,cn.pair.7ba042e8ef4d3a4549f1610d77bfb608,cn.comp.158452fe146e333ddd57,cn.comp.158452fe146e333ddd57.control,PAIR_EVALUATED,,-0.54672988,-1.38192968,0.8351998,-0.13197682,-0.15760808,0.025631260000000017,0.08387351,0.81014441,-0.7262709,443367837,1.0,active_bar,market-time block,"CSRank(Mul(Sign($ret_1m),Persistence(Positive($ctx_sent_tiandi_num),3)))","CSRank(Add(ZScore($ret_1m),Mul(0,$ctx_sent_tiandi_num)))",9544383e7e269dc4c870f36af76a9de269722126f92ecfabe4cbbb98102956ad,2d75976b0c80bc8f5e69fcb2cdd13d48ca50a26cff2d0c7d20ed5386be40b018,64b231b0b62c9a39d1fd7a49ec360a466e6ba43383d6e761c2291ba5e62bf19d
active_bar,MARKET_REGIME_CONDITION,cn.pair.7dc65e9332b8de8133ad8bed4d16a3b6,cn.comp.0dfd26269ba25dcc9070,cn.comp.0dfd26269ba25dcc9070.control,PAIR_EVALUATED,,-0.14253551,-0.66387085,0.52133534,0.01417562,-0.07058272,0.08475834,0.79585474,0.76947234,0.026382400000000028,1546051,1.0,active_bar,market-time block,"CSRank(Mul(MultiScaleRelation($pct_chg,$ctx_sent_max_lb_num,3,10),Sign($ctx_sent_max_lb_num)))","CSRank(Add(ZScore($pct_chg),Mul(0,$ctx_sent_max_lb_num)))",86981744daa0684f6e1cc01aa3f4f4ff053ca839dac6f4320121576fc3f512b2,9637fe08b7d010f9f2b2f2e8e53dea434d7493fc2d97cc572fac5d2596fd4f2a,929d0ff37599b7de84abbf46560dc78892c6c28551211597eb08e7f7c4d7f049
active_bar,MARKET_REGIME_CONDITION,cn.pair.834886e4682f5448d91a0e3d548695ef,cn.comp.0c911ae36e7d7f3178ab,cn.comp.0c911ae36e7d7f3178ab.control,PAIR_EVALUATED,,-1.16554368,-1.38262961,0.21708592999999987,-0.04562703,-0.15760662,0.11197959,0.76931482,0.81014368,-0.04082886000000008,443378023,1.0,active_bar,market-time block,"CSRank(Sub(ZScore($ret_1m),Mul(Sign($ret_1m),Sign($ctx_sent_down_num))))","CSRank(Add(ZScore($ret_1m),Mul(0,$ctx_sent_down_num)))",3d4fc9d35fe475d9b1d1bb002891642975ba2cb05b626959f1c44e4731cad0fd,c15af395f35e3d4e6a43543d703f28ffab1c89feef02b2e31749519df41f9598,afc4a5c51066a04c697622417088bac844b2ba25a883d8026c703d47c497bc1a
active_bar,MARKET_REGIME_CONDITION,cn.pair.84ebd039197d8f08b5c5ed4ee991311c,cn.comp.1e13ecfd01a0603c6dc6,cn.comp.1e13ecfd01a0603c6dc6.control,PAIR_EVALUATED,,-0.03668734,-0.51745654,0.48076919999999995,-0.00153429,-0.01308781,0.01155352,0.00944697,0.32282448,-0.31337751,443290341,1.0,active_bar,market-time block,"CSRank(Mul(Sign($amount),Persistence(Positive($ctx_sent_damian_num),20)))","CSRank(Add(ZScore($amount),Mul(0,$ctx_sent_damian_num)))",44b1b0fe298041057c75637a28706728b2e22acefd5a657a626799d7352af7d7,70780d89b97cfdc95b8e2c3952140bfd081e18558d71b7d32aee88bea1b87c23,c79164043fb77aabffe514fd68322a928259b63d8a2fbf309c6b51aef25d2224
active_bar,MARKET_REGIME_CONDITION,cn.pair.8b5cf9b23459a895db52b5e7be445097,cn.comp.032a9cb845dc1c0c9101,cn.comp.032a9cb845dc1c0c9101.control,PAIR_EVALUATED,,-0.40813104,-0.5963916,0.18826056000000002,-0.01289727,-0.03905313,0.026155859999999996,0.13542868,0.05491979,0.08050889,444511722,1.0,active_bar,market-time block,"CSRank(Sub(ZScore($intraday_ret_from_open),Mul(Sign($intraday_ret_from_open),Sign($ctx_sent_downlimit_num))))","CSRank(Add(ZScore($intraday_ret_from_open),Mul(0,$ctx_sent_downlimit_num)))",f63167cf9f90157f10bacbc87071cb78cff4f4e04e40136f2295fcc987f97b91,3fd0a88fd0f174ed78fb2f1b31952e89640ac2c2690e11ccbec6bb6abd174463,0dd88969140fbd93536a844b745842022a858043faa0d2ee8cc48d86fdba79aa
active_bar,MARKET_REGIME_CONDITION,cn.pair.8ccc6a16d3c3967a43f5402fcc53d5ea,cn.comp.0f8ffe9d34a84d475963,cn.comp.0f8ffe9d34a84d475963.control,PAIR_EVALUATED,,-0.05954918,-0.5168222,0.45727302000000003,-0.00127774,-0.01308781,0.01181007,0.02071256,0.32282448,-0.30211192000000003,443290341,1.0,active_bar,market-time block,"CSRank(Mul(Sign($amount),Persistence(Positive($ctx_sent_gt5_num),20)))","CSRank(Add(ZScore($amount),Mul(0,$ctx_sent_gt5_num)))",c9e58b3ea9dff441e9dbf3330cc166ea078aaca918fb22dc3bf9e17bb1ddffa7,4d38102fade9b9962c39bd54e2360a58618590d7e9d7caf0f06bb44830342681,2c61c8295065f0c1adb1f4cbdeec1dfa4819532ed43c3477c190d6fd727f6808
active_bar,MARKET_REGIME_CONDITION,cn.pair.8fee6f0f0dce8f0577465cd5a63b5f03,cn.comp.0c022e0cd85f1613ecc4,cn.comp.0c022e0cd85f1613ecc4.control,PAIR_EVALUATED,,-0.00669797,-0.21182408,0.20512611,0.00754105,-0.012958,0.02049905,0.0209095,0.02821631,-0.00730681,430643873,1.0,active_bar,market-time block,"CSRank(Mul(Sign($vwap),Persistence(Positive($ctx_sent_lb_2_num),10)))","CSRank(Add(ZScore($vwap),Mul(0,$ctx_sent_lb_2_num)))",2411046434b4b6b70bcdda1ff206f2569efc21bc25bec164dd62be153d99fedd,4eef4357cf2a1903c5be4c3afbe1e24165c291d9328176f940a7531a487288c2,8fe7ffd1756d74081d300e3c4558b9b660bd9667f5814cac7c7f2151cc0df606
active_bar,MARKET_REGIME_CONDITION,cn.pair.90125dd2f47ce39e15f1da810f3e9343,cn.comp.13855d9c627907c0af01,cn.comp.13855d9c627907c0af01.control,PAIR_EVALUATED,,-0.51662645,-0.51853442,0.001907970000000092,-0.0131763,-0.01309848,-7.782000000000101e-05,0.32006065,0.32280168,-0.0027410299999999777,443388248,1.0,active_bar,market-time block,"CSRank(Mul(ZScore($amount),Sign($ctx_sent_uplimit_num)))","CSRank(Add(ZScore($amount),Mul(0,$ctx_sent_uplimit_num)))",5a480cb81f9b551b353d101f181c0117ff64491c84be5a2aa6dac2e41b6e980c,c1715fcc8d93768254a743a06b89c23e31a2b33f53950f056ced3f463dd9339e,b64f43a11879b42b52212c5f38066999f725e4c8f34bf39d24498689f8f450d6
active_bar,MARKET_REGIME_CONDITION,cn.pair.93575e874ead7fc2310257f2bee94859,cn.comp.10ecabc76c9da372d94f,cn.comp.10ecabc76c9da372d94f.control,PAIR_EVALUATED,,-0.7432048,-0.19026129,-0.55294351,-0.04966174,-0.01289589,-0.03676585,0.14628247,0.01230799,0.13397448,372646193,1.0,active_bar,market-time block,"CSRank(Add(ZScore($vwap),Mul(PathShape($vwap,10),Sign($ctx_sent_up_num))))","CSRank(Add(ZScore($vwap),Mul(0,$ctx_sent_up_num)))",613dd3158d4824432bcd2588dc4aa948a17dce96d513e68e100532f881835f78,912f7a31e4afda43ca66372acf928f5e0fe3ef24def9318d90706791a0739c6e,98aaacb8f4282d2122d2d20e966bda313384060fa4b6809f0b577f0edd28c458
active_bar,MARKET_REGIME_CONDITION,cn.pair.94129728c4759a8333974ed7bdf24fdf,cn.comp.13a1e4d2346da582bd27,cn.comp.13a1e4d2346da582bd27.control,PAIR_EVALUATED,,-0.05817353,-0.21069753,0.152524,-0.00087667,-0.01296751,0.01209084,0.02090842,0.02821527,-0.00730685,430669516,1.0,active_bar,market-time block,"CSRank(Mul(Sign($vwap),Persistence(Positive($ctx_sent_lt5_num),5)))","CSRank(Add(ZScore($vwap),Mul(0,$ctx_sent_lt5_num)))",cffb3d471b41782b29dd177f51942d1b4f35a45b88005a9c68a805f83ec8003d,08dae2343c40f1cf53974b7fca851550ed798fae2cc58e4f33502358da33c629,53413907c12f99d7b9acaca33a248a4afe49518d98abdc70c3f543ca2547a2a4
active_bar,MARKET_REGIME_CONDITION,cn.pair.96f6ae68ed3589326d25fc7d5752fe1b,cn.comp.0319f91ea5510e6ee1b4,cn.comp.0319f91ea5510e6ee1b4.control,PAIR_EVALUATION_BLOCKED,primary_signal_empty_or_constant,-0.3106398,-0.15181605,,,-0.01276359,,1.247e-05,0.00111881,-0.00110634,445229430,1.0,active_bar,market-time block,"CSRank(Mul(ZScore(Delta($open,10)),Transition($ctx_sent_lb_2_num,0,1)))","CSRank(Add(ZScore($open),Mul(0,$ctx_sent_lb_2_num)))",26187ae59b7ccbca148ba7f8308ecb9008f5dfda2a7f03facded3d59613bfbbf,9ad4e01c799bf83a53828e62cabd2dc25c74f7e0b99e8d4e4d86dd1daa38bb18,70dc1042158a4216ebba0d3bf7c4c205339dbe5848d24db88f6812d7d13a1d9b
active_bar,MARKET_REGIME_CONDITION,cn.pair.98264df8d357c5caa4c52dd639143c42,cn.comp.169aab90ee27be7c7446,cn.comp.169aab90ee27be7c7446.control,PAIR_EVALUATED,,-0.52462162,-0.51773309,-0.006888530000000004,-0.01291453,-0.01309848,0.0001839499999999987,0.3340684,0.32280168,0.011266720000000008,443388248,1.0,active_bar,market-time block,"CSRank(Sub(ZScore($amount),Mul(Sign($amount),Sign($ctx_sent_ditian_num))))","CSRank(Add(ZScore($amount),Mul(0,$ctx_sent_ditian_num)))",55f4b5f0a44a463149664b0b23b9dd1e7a98fd175222700c83c670c649b3309b,6284cc6c4ac63f24ea1e07d54d710f23f308e7d751839155b55a697e568e55ca,a0cd36f5704fb8f9bb661ecb8785abe97e42f58f04a73627098c8947d509a501
active_bar,MARKET_REGIME_CONDITION,cn.pair.99799c89e712f81967eace6059351c04,cn.comp.14c13ba23ac4e9ef97bd,cn.comp.14c13ba23ac4e9ef97bd.control,PAIR_EVALUATED,,-1.23094923,-1.38263754,0.15168830999999994,-0.09996524,-0.15760419,0.05763895000000001,0.74043166,0.81014186,-0.06971019999999994,443357315,1.0,active_bar,market-time block,"CSRank(Mul(PathShape($ret_1m,5),Sign($ctx_sent_lb_h_num)))","CSRank(Add(ZScore($ret_1m),Mul(0,$ctx_sent_lb_h_num)))",aa50193287f94cd778a8546d0c6d1e4f5f49d5c031a237c6127bc1dc6f8abd61,b75d9bfc96cd6249f707eea375213dd68f7cd1322f7ef26838cc0f7303218603,d7577bbb0e19878c17c1ed03afe08b7d19d73e79a7353f35861999fca963c2a8
active_bar,MARKET_REGIME_CONDITION,cn.pair.9ecc6942a0342be09bd17fa53fbe85fe,cn.comp.0d702b380496d27782a5,cn.comp.0d702b380496d27782a5.control,PAIR_EVALUATED,,-0.15006934,-0.0009449,-0.14912444,-0.00553134,-0.01246083,0.006929490000000001,0.48339756,0.01531974,0.46807782,6313600,1.0,active_bar,market-time block,"CSRank(Mul(MultiScaleRelation($open,$ctx_sent_max_lb_num,5,20),Sign($ctx_sent_max_lb_num)))","CSRank(Add(ZScore($open),Mul(0,$ctx_sent_max_lb_num)))",637f79aefbcf1a996ea1da8f417077f0ff0008c0171207e7ab56339be855e7de,2913a64e62d0b4485fa6fff9379654d10e3fba65efa0da071704890cb0ce8cae,3820418eda027d52427e9b335d81ef89d83caf19920ba77882cefc8f82487cb9
active_bar,MARKET_REGIME_CONDITION,cn.pair.9f07e359aa61788784e0d56b799788ac,cn.comp.10420b20746f68ba351e,cn.comp.10420b20746f68ba351e.control,PAIR_EVALUATED,,-1.36573746,-1.38221042,0.01647295999999998,-0.106589,-0.15760656,0.05101756,0.83865168,0.81014837,0.02850331000000006,443331430,1.0,active_bar,market-time block,"CSRank(Mul(PathShape($ret_1m,10),Sign($ctx_sent_down_num)))","CSRank(Add(ZScore($ret_1m),Mul(0,$ctx_sent_down_num)))",05479491d838004cf10b741fb056fab67b462246324e0dfa183817a5eb7d11b5,db2f709dd2c9ccfe1a75ad778856f52f565aa45d295267e5e7a307c3fa717824,d7b8dd80ceae1f3a4a12ebf63392ad4fb0740190dd07034acd328a2a3250c265
active_bar,MARKET_REGIME_CONDITION,cn.pair.a1832f8d30c9a1b504e28def42bef923,cn.comp.0f3dbd55118f068a1161,cn.comp.0f3dbd55118f068a1161.control,PAIR_EVALUATED,,-1.3823886,-1.38201193,-0.0003766700000000789,-0.15743512,-0.15760662,0.0001714999999999911,0.81036995,0.81014368,0.00022626999999997288,443378023,1.0,active_bar,market-time block,"CSRank(Mul(ZScore($ret_1m),StateAge(Sign($ctx_sent_lt5_num))))","CSRank(Add(ZScore($ret_1m),Mul(0,$ctx_sent_lt5_num)))",37bd7aa83a26cf6aca3c025108653ca6d051328799f1b4ca12288f86c3e120d2,31cdbe5a4349d149f1f59e0d3ccd4f860a2703a451b33914beb217dfb7fc4a5e,f4c94a4bf65d1b5a46ac1e6f3d56caf5d1cb6aeb1524b64eea030e0b27683c1c
active_bar,MARKET_REGIME_CONDITION,cn.pair.a40a9450094c4ca4d694213f0cad4524,cn.comp.06ecb88d5733a8dd7962,cn.comp.06ecb88d5733a8dd7962.control,PAIR_EVALUATED,,-0.3833755,-0.59664849,0.21327299,-0.00959259,-0.03905313,0.02946054,0.1449477,0.05491979,0.09002791000000002,444511722,1.0,active_bar,market-time block,"CSRank(Sub(ZScore($intraday_ret_from_open),Mul(Sign($intraday_ret_from_open),Sign($ctx_sent_down_num))))","CSRank(Add(ZScore($intraday_ret_from_open),Mul(0,$ctx_sent_down_num)))",cc448de47a0c5d00f6aa27f2596adcbc2351754563644551e17b5a72ffef9778,b061e775ca34d9074b6b7233aefac419a9b505e739786743d935ebb1871aabe9,6b5f9b3816237564a85f21ed333123b3d4a6f2d168a07206f65b2a98df2c4423
active_bar,MARKET_REGIME_CONDITION,cn.pair.a698000df8191f01897b19e4187942eb,cn.comp.04d8eb26e6d1e31f9180,cn.comp.04d8eb26e6d1e31f9180.control,PAIR_EVALUATED,,-0.19925257,-0.65835517,0.4591026,0.0055162,-0.07056961,0.07608581,0.79702062,0.76766214,0.029358479999999965,1752343,1.0,active_bar,market-time block,"CSRank(Mul(MultiScaleRelation($pct_chg,$ctx_sent_lt5_num,3,10),Sign($ctx_sent_lt5_num)))","CSRank(Add(ZScore($pct_chg),Mul(0,$ctx_sent_lt5_num)))",712ad73aabb9db683081302032484b9a76aa5376e419bebf7d3c5daf340f7675,d5222dc4a7de3180b716485608147071244667bb7127ea5eb5c3f6d6855183e3,26396888c54dea24e1e003c648dce10267bae1ecfe588fef073436730889774a
active_bar,MARKET_REGIME_CONDITION,cn.pair.a6a6297bcbe436f423d32fbfeeddf008,cn.comp.1b66cc07c2ee00acee09,cn.comp.1b66cc07c2ee00acee09.control,PAIR_EVALUATED,,-0.78390598,-0.15233592,-0.63157006,-0.03915294,-0.01276371,-0.02638923,0.3474198,0.0011188,0.346301,445229550,1.0,active_bar,market-time block,"CSRank(Mul(PathShape($open,10),Sign($ctx_sent_uplimit_num)))","CSRank(Add(ZScore($open),Mul(0,$ctx_sent_uplimit_num)))",437b63a157c8db6063cdc485b379363f2121739098ebbdcbed322445c68181c7,d160ae4a5211b669d6235832aca37916167b269e2e8986a85fe1f482ba0f7f80,2be8e0040a2b967bfd986b940cff5482374be0600f525ee22f76d5fe3549f380
active_bar,MARKET_REGIME_CONDITION,cn.pair.a7ddbf2c7daaa6b41f9ac69e2756356b,cn.comp.0c1a4c2226b77fb820a0,cn.comp.0c1a4c2226b77fb820a0.control,PAIR_EVALUATED,,-0.8761145,-0.59656104,-0.27955346000000003,-0.0775729,-0.03905323,-0.03851967,0.2238485,0.05491999,0.16892851,444511520,1.0,active_bar,market-time block,"CSRank(Add(ZScore($intraday_ret_from_open),Mul(PathShape($intraday_ret_from_open,3),Sign($ctx_sent_damian_num))))","CSRank(Add(ZScore($intraday_ret_from_open),Mul(0,$ctx_sent_damian_num)))",1c02513e7ce369b9114c3a8f034c48827acf101b10e3ee16768a8b42c30b88ba,e3685c19f13b0affcaca437a2ef7d7f958c725ca92ff6d22f3fd156be3be36b0,5faf9492950569581380c7223e2810c0ac85879b09eb09585799b4d884d8a247
active_bar,MARKET_REGIME_CONDITION,cn.pair.a9516f6dc45f0fcee4d699b8302d8b76,cn.comp.0b1b47afdfa7c420b02d,cn.comp.0b1b47afdfa7c420b02d.control,PAIR_EVALUATION_BLOCKED,primary_signal_empty_or_constant,-0.38383689,-0.24430769,,,-0.01299236,,0.0334003,0.04240021,-0.00899991,419454186,1.0,active_bar,market-time block,"CSRank(Mul(ZScore(Delta($vwap,10)),Transition($ctx_sent_lt5_num,0,1)))","CSRank(Add(ZScore($vwap),Mul(0,$ctx_sent_lt5_num)))",973ae56259a3f7a328cf3f84f573d9e32972f40fbce182514a23ad132e89baf3,721a81441b8d245178674b88fd60af5aaee624d5cf86e1626a9adb2711de06ec,c514ed0f411763dc5372758378d48a0bb8bf6c7ae69921219e80d0df5b157693
active_bar,MARKET_REGIME_CONDITION,cn.pair.a95fbbc614469d09394364d50d9b9b32,cn.comp.1269ce7d8dc947ed5d89,cn.comp.1269ce7d8dc947ed5d89.control,PAIR_EVALUATED,,-0.5127407,-0.518231,0.005490299999999948,-0.00778886,-0.01309646,0.005307600000000001,0.39149064,0.32280646,0.06868417999999998,443385968,1.0,active_bar,market-time block,"CSRank(Add(ZScore($amount),Mul(PathShape($amount,20),Sign($ctx_sent_lt5_num))))","CSRank(Add(ZScore($amount),Mul(0,$ctx_sent_lt5_num)))",623017149356711e3eb448180f6e73b7f7aff2a6f371a5904b2c39370eb1d73f,e97f18e41c8a1bb4658aaff2655448d38e21edf935b446cce547a7f788c9bfc6,d7f3049b00563545b422e93bc6668f05a22af309051fd2487ea7a47868681368
active_bar,MARKET_REGIME_CONDITION,cn.pair.ab283c42a633635fbc696e1457d7b383,cn.comp.0bcf14552eca3a52e39f,cn.comp.0bcf14552eca3a52e39f.control,PAIR_EVALUATED,,-1.09239355,-0.59649835,-0.4958952,-0.13052482,-0.03905333,-0.09147149000000002,0.4478342,0.05491997,0.39291423000000003,444511280,1.0,active_bar,market-time block,"CSRank(Mul(PathShape($intraday_ret_from_open,5),Sign($ctx_sent_zb_num)))","CSRank(Add(ZScore($intraday_ret_from_open),Mul(0,$ctx_sent_zb_num)))",f536258bb98c45773b07c1cfca8ef18a8c22ce766d73c44a05d8ef7dee2fcb58,427fbe5269e12f53c2995e7593d64104eb276c47b34f5745943612a34885e332,bcfa830e23fa18d13a4ccf368cb5c3e62f27c41b85341dbe43fcc289fd9f9696
active_bar,MARKET_REGIME_CONDITION,cn.pair.ad043e419977a5580c43702bcbffb6ce,cn.comp.14ca3a258f469a7da310,cn.comp.14ca3a258f469a7da310.control,PAIR_EVALUATED,,-0.80832095,-0.20302716,-0.60529379,-0.04963781,-0.01297419,-0.036663619999999994,0.20487794,0.00902631,0.19585163,334014846,1.0,active_bar,market-time block,"CSRank(Mul(PathShape($vwap,20),Sign($ctx_sent_lb_h_num)))","CSRank(Add(ZScore($vwap),Mul(0,$ctx_sent_lb_h_num)))",cb59581fbd31291d002fabb4978b437c2d0347f7d5e56ec61eaf23fd933e011b,78cbb3b7cdf169df17085e4cd5b07dbef1579b2b0d8bc69684de7958868b3f68,cee875b286029a7086082b44afcf615702fee623a3ffeb56080d573be318d6f7
active_bar,MARKET_REGIME_CONDITION,cn.pair.ae18f014dc8a025fb379fa2ba50af266,cn.comp.085cb3f54a159fe70387,cn.comp.085cb3f54a159fe70387.control,PAIR_EVALUATED,,-1.43637551,-1.38165484,-0.05472067000000003,-0.14904426,-0.15760419,0.008559929999999993,0.84916892,0.81014186,0.03902706,443357315,1.0,active_bar,market-time block,"CSRank(Add(ZScore($ret_1m),Mul(PathShape($ret_1m,5),Sign($ctx_sent_lb_2_num))))","CSRank(Add(ZScore($ret_1m),Mul(0,$ctx_sent_lb_2_num)))",d7a26a87e2f96d94d80a8da7f1ea797362d7cabc0e746475aecf76df2e898df2,646302ae9387c6a6a1a5b17d5582488cb78e93b994e709ceea226f70da86ec94,7bd90c9778f4bbd6eacfcaf51d7e02a51a7b0e62dee8937139e7118e1806765e
active_bar,MARKET_REGIME_CONDITION,cn.pair.b1f36b390e553d1683979ce955f102a5,cn.comp.0efef914af17d7e5d890,cn.comp.0efef914af17d7e5d890.control,PAIR_EVALUATED,,-0.6519332,-0.59643112,-0.05550208000000001,-0.13404567,-0.03905323,-0.09499244000000001,0.12552597,0.05491999,0.07060597999999998,444511520,1.0,active_bar,market-time block,"CSRank(Mul(PathShape($intraday_ret_from_open,3),Sign($ctx_sent_ditian_num)))","CSRank(Add(ZScore($intraday_ret_from_open),Mul(0,$ctx_sent_ditian_num)))",5e6a060d6fdd95d2d513d8fdfd1ee275ca3994ff6e335b6bedeb8964d0f491c8,016fabc43c288ed29971cbc8a34928d79cee17f5ac9b9c6739bba5e83e36c4d2,c23aca34d025458e2a5f79580e09bf352710a35d8ea07e0165dd80cdf19eb733
active_bar,MARKET_REGIME_CONDITION,cn.pair.b2d5254b00aea108c864d221ec66ed18,cn.comp.053630f50d79843791a9,cn.comp.053630f50d79843791a9.control,PAIR_EVALUATED,,-0.48497115,-0.15364515,-0.331326,-0.03054858,-0.01276263,-0.01778595,0.07677284,0.00111867,0.07565416999999999,445228350,1.0,active_bar,market-time block,"CSRank(Add(ZScore($open),Mul(PathShape($open,20),Sign($ctx_sent_max_lb_num))))","CSRank(Add(ZScore($open),Mul(0,$ctx_sent_max_lb_num)))",1944ab83e10bc11a05e8a781ad70bfd0d8b0a5fd3bf1eed68ec0268d4387a278,f2cd60aefa31e89d44208e9ca876ae883a5b380d7106c465c7ebaafb50cf246d,dc6429e8eddf62e8c9916cf90bab020daf0308333928ce058e3eed7e294052ff
active_bar,MARKET_REGIME_CONDITION,cn.pair.b6c69c6eb61f2d076e5c3f7f9674a2f3,cn.comp.13df0853a7905642db79,cn.comp.13df0853a7905642db79.control,PAIR_EVALUATED,,-0.56831767,-1.38193262,0.81361495,-0.1549134,-0.15760662,0.002693219999999996,0.10035935,0.81014368,-0.7097843300000001,443378023,1.0,active_bar,market-time block,"CSRank(Mul(ZScore($ret_1m),Sign($ctx_sent_tiandi_num)))","CSRank(Add(ZScore($ret_1m),Mul(0,$ctx_sent_tiandi_num)))",e397a23df0a6e44cb0b49147e6a42afaeeffdacd4fae4dd96238f71403e83120,e69324d1ff149c246f145b47969c5af7b76d791553c8cc02e9c8f57f414ee852,fe21ff4c81502eecca97baad828ef70301f8ead551040bfebb064f02f5147a49
active_bar,MARKET_REGIME_CONDITION,cn.pair.bb08cb7df528c32e197d7d0240a910a1,cn.comp.0288bbfc984603273bfe,cn.comp.0288bbfc984603273bfe.control,PAIR_EVALUATED,,-1.43940648,-1.3822136,-0.05719287999999989,-0.15471939,-0.15760814,0.0028887499999999955,0.848405,0.81015101,0.03825398999999996,443279660,1.0,active_bar,market-time block,"CSRank(Add(ZScore($ret_1m),Mul(PathShape($ret_1m,20),Sign($ctx_sent_lb_3_num))))","CSRank(Add(ZScore($ret_1m),Mul(0,$ctx_sent_lb_3_num)))",1f01f32ff1350b768f413a62a2fba7300dee4083064bb4f2cd885b0fd821f9a5,87cd6c23b355e482b24070b2c2c1358af1d9dbeb6cc725887ab9c420efbaa6a7,d04e0b6ae8b152557b16a043e905d0ea584341a1f022c5e44a05cb7a2e2facbd
active_bar,MARKET_REGIME_CONDITION,cn.pair.bb12b3a1ce1858a08cf897765dd1cea6,cn.comp.00b9abd9ed7540bea94d,cn.comp.00b9abd9ed7540bea94d.control,PAIR_EVALUATED,,-0.5077788,-0.51925036,0.011471560000000047,0.01020995,-0.01309812,0.02330807,0.64005532,0.32280251,0.31725281,443387768,1.0,active_bar,market-time block,"CSRank(Mul(PathShape($amount,5),Sign($ctx_sent_downlimit_num)))","CSRank(Add(ZScore($amount),Mul(0,$ctx_sent_downlimit_num)))",405c96da547d493128a2d500f1b4fc01f1505f033247b801e3ed7c1267ec4126,a4ea47ffc962fa187bb1b0f84fe88976e2db40482a74a71cf51d6aa9d73ab029,4a6cde565eca5805bb1e0a3e46dc1eef153fb118614e31438b6acfe8aa6644ba
active_bar,MARKET_REGIME_CONDITION,cn.pair.bb314f87367851b471807b6f59e1f15f,cn.comp.194183be0b913c1e18e7,cn.comp.194183be0b913c1e18e7.control,PAIR_EVALUATED,,-0.21462243,-0.21125333,-0.0033691000000000138,-0.01316586,-0.01297019,-0.00019567000000000022,0.02812714,0.02821426,-8.712000000000303e-05,430690080,1.0,active_bar,market-time block,"CSRank(Mul(ZScore($vwap),Sign($ctx_sent_gt5_num)))","CSRank(Add(ZScore($vwap),Mul(0,$ctx_sent_gt5_num)))",cca1382f5e60b598de65b27119d4ffcc6e3dcea6dba9182250ec708a74c76356,28c0e80475d5b364ee2b7f8b2165b632c90818bb8ed09d69828de3b1902343c3,966ac262a234aa3222d3080eb874fa122bb0b53aad5d01babffc64e1bd3b8c20
active_bar,MARKET_REGIME_CONDITION,cn.pair.bbfc49f1a3235ba8da11489bf5c3b312,cn.comp.0ac64ff34358a1b07062,cn.comp.0ac64ff34358a1b07062.control,PAIR_EVALUATED,,-0.51676527,-0.51823483,0.0014695599999999809,-0.00422825,-0.01309745,0.0088692,0.46109973,0.32280348,0.13829625,443387168,1.0,active_bar,market-time block,"CSRank(Add(ZScore($amount),Mul(PathShape($amount,10),Sign($ctx_sent_zb_num))))","CSRank(Add(ZScore($amount),Mul(0,$ctx_sent_zb_num)))",f120ea2da8c6e134d000e83dd57fbc6071d6d4aece160faffd044bded2dd15bd,06be62ac34b4c735c0cb81841a0a2d0c771cca335df320e4b79f9b827f7f6ba2,d0a021b4b223db23fe2f7130c30b2c149f50f6e739b885d17ee40f4d26b7c300
active_bar,MARKET_REGIME_CONDITION,cn.pair.c03ea774f7db803cc30cc0e2259d982b,cn.comp.098e8078b01e1bda5edc,cn.comp.098e8078b01e1bda5edc.control,PAIR_EVALUATED,,-0.49321993,-0.51847162,0.02525169000000005,0.01054619,-0.01309812,0.02364431,0.62954301,0.32280251,0.3067405,443387768,1.0,active_bar,market-time block,"CSRank(Mul(PathShape($amount,5),Sign($ctx_sent_lb_3_num)))","CSRank(Add(ZScore($amount),Mul(0,$ctx_sent_lb_3_num)))",b298e1124f2db8c48c8537ce15a1dbb8e0eade50ef1da8e4c86a1f535e4eb7ea,d54c60e769384ab9a3e8e81f06bf2c07babe70cde33941436275310ea848e8e0,cbdbe42cb7e10e356d50bf59eef99988b34ecb267e5dc3e82c2a7c629be37fe0
active_bar,MARKET_REGIME_CONDITION,cn.pair.c10f07276e89a7200f3a705ad77dd8bc,cn.comp.01bb20d89a9cde1b89a0,cn.comp.01bb20d89a9cde1b89a0.control,PAIR_EVALUATED,,-1.11722398,-1.3754839,0.2582599200000002,-0.13620614,-0.15745933,0.021253190000000005,0.61229858,0.80619397,-0.19389539,441494546,1.0,active_bar,market-time block,"CSRank(Mul(Sign($pct_chg),Persistence(Positive($ctx_sent_downlimit_num),10)))","CSRank(Add(ZScore($pct_chg),Mul(0,$ctx_sent_downlimit_num)))",d1faba20dcdca3cbcbbbd9e1f51076dff83b0cdd0b08b0542b65ec99e2c5ef08,f388c6392338ae32e75439d1e0d837e40ab7725fc5b1b88dd26d40797c456a66,f4fdf2fce4e49070219381d3891e8ab356abbd098af011fb62699e1fd412797f
active_bar,MARKET_REGIME_CONDITION,cn.pair.c17a47a0404c54d4bce8754677fbdb88,cn.comp.03985230bd284cd49aad,cn.comp.03985230bd284cd49aad.control,PAIR_EVALUATED,,-1.1013065,-1.37595227,0.27464577,-0.13528532,-0.15745693,0.022171610000000008,0.600731,0.80619496,-0.20546396,441530617,1.0,active_bar,market-time block,"CSRank(Mul(Sign($pct_chg),Persistence(Positive($ctx_sent_lb_3_num),3)))","CSRank(Add(ZScore($pct_chg),Mul(0,$ctx_sent_lb_3_num)))",f24e4ba0fa096d221c06100442291181e6729dbd5ac50bef7db26bde6af7ce62,e5d85ec0ead63fec024249b0a26cbfe317f1e792bce007c475302d1b03d93abe,534c33bd59a3868298c9e9cf659ed4a9277a4fad9ed25838e94914b25b144729
active_bar,MARKET_REGIME_CONDITION,cn.pair.c1d56b100f22d4face6bc24d606faa9a,cn.comp.0209ef705e8578fef029,cn.comp.0209ef705e8578fef029.control,PAIR_EVALUATED,,-0.15595862,-0.15279161,-0.003167009999999998,-0.01296061,-0.01276464,-0.00019596999999999844,0.00112027,0.00111903,1.2400000000000085e-06,445230630,1.0,active_bar,market-time block,"CSRank(Mul(ZScore($open),Sign($ctx_sent_zb_num)))","CSRank(Add(ZScore($open),Mul(0,$ctx_sent_zb_num)))",7f2e4d109ddb4ab897752b59c581ee74c593154c1077ac668afe90f70560ae6c,74bc21cf5990428185848b3011a44b72661dff9c72307ab62e6f5357ec19f3a9,2c76f94df98d20295c8d417e9879966af132a958b153ff688d6b132032989eae
active_bar,MARKET_REGIME_CONDITION,cn.pair.c227a866bd3b84dab31394bde186224d,cn.comp.0a2c697a39714ce568ea,cn.comp.0a2c697a39714ce568ea.control,PAIR_EVALUATED,,-1.39450781,-1.37541656,-0.019091250000000004,-0.15353251,-0.15745456,0.0039220499999999825,0.82635697,0.80619443,0.02016253999999995,441535410,1.0,active_bar,market-time block,"CSRank(Add(ZScore($pct_chg),Mul(PathShape($pct_chg,5),Sign($ctx_sent_damian_num))))","CSRank(Add(ZScore($pct_chg),Mul(0,$ctx_sent_damian_num)))",e8bdd3c9683c05b0ccc3e49e0b343d3376fb200f498a031b221d2640d8049cf3,67d8590f925355caee1a18f524599c871024feace8140e33dc0aa4bae55b3160,e0c64b02b9677722b71fb47dfab2ea01d6ac573dbf385fbbec00b992b4eb5bb0
active_bar,MARKET_REGIME_CONDITION,cn.pair.c37005d05960c5a5ec9794d429e47319,cn.comp.0bc546b44d542f0d3368,cn.comp.0bc546b44d542f0d3368.control,PAIR_EVALUATED,,-0.82389698,-1.38270612,0.5588091399999999,-0.13487871,-0.15760808,0.02272937,0.3237828,0.81014441,-0.48636161000000006,443367837,1.0,active_bar,market-time block,"CSRank(Mul(Sign($ret_1m),Persistence(Positive($ctx_sent_damian_num),3)))","CSRank(Add(ZScore($ret_1m),Mul(0,$ctx_sent_damian_num)))",da6097de53d865a1e3fde93ddad254866b5d11a6cf36b283b14bd2e5879acddf,a0ceafd7788b6b4a6969767fbc159c393e2e98711f83964bb9e024189e005b1f,a2b36efcffe8f8df1fa49d5550c88625479443f0cc771ef141cb90a019606e61
active_bar,MARKET_REGIME_CONDITION,cn.pair.c589b4be9b3ae7561ec68aa7ba5afe74,cn.comp.153ae8e3137553cfc3c7,cn.comp.153ae8e3137553cfc3c7.control,PAIR_EVALUATED,,-1.21302555,-1.37511867,0.16209311999999998,-0.13584323,-0.15746706,0.021623829999999983,0.67619769,0.80619403,-0.12999634000000004,441443016,1.0,active_bar,market-time block,"CSRank(Mul(Sign($pct_chg),Persistence(Positive($ctx_sent_zb_num),20)))","CSRank(Add(ZScore($pct_chg),Mul(0,$ctx_sent_zb_num)))",e79978c5243952eb3ba01928d2597e594bd98fb6abaa1a8f3d11baff63555503,a0553d860286d4d48a5f711c51d14abdc4d12df8c056cb05b1198b91070b49d2,de86309deee4c29bcd86bf460a07e53dd43ab8170c0fa5f7c2e0eba904541d16
active_bar,MARKET_REGIME_CONDITION,cn.pair.c6d25a137f2b2e04884e94abce2f6c19,cn.comp.1dec6d018435cd190c22,cn.comp.1dec6d018435cd190c22.control,PAIR_EVALUATED,,-0.54337188,-0.18354976,-0.35982212,-0.06211307,-0.0129318,-0.04918127,0.07761744,0.02075112,0.05686632,412679004,1.0,active_bar,market-time block,"CSRank(Mul(PathShape($vwap,3),Sign($ctx_sent_tiandi_num)))","CSRank(Add(ZScore($vwap),Mul(0,$ctx_sent_tiandi_num)))",cca982a830f51ef4df2d4bfceca0d980122b30200803a555e18d978fe1ae6ff2,54b518d33530ffa9023931f4c50eb1db3461d04b3d9f5a6df0a81e14369b23e8,f26dd6240a133163a60b639e65db10a0b45fec66994e011f58f74f7067244e87
active_bar,MARKET_REGIME_CONDITION,cn.pair.c850abbf95cf9acdc9cd854ae80539ea,cn.comp.001a00795f6ced054a7a,cn.comp.001a00795f6ced054a7a.control,PAIR_EVALUATED,,0.19813454,-0.81485538,1.01298992,-0.00618009,-0.10884552,0.10266543,0.30310633,0.79655332,-0.49344699000000003,2766372,1.0,active_bar,market-time block,"CSRank(Mul(MultiScaleRelation($ret_1m,$ctx_sent_ditian_num,5,20),Sign($ctx_sent_ditian_num)))","CSRank(Add(ZScore($ret_1m),Mul(0,$ctx_sent_ditian_num)))",055bd7f79f26975fd9ba0bef5918566b14cc282209805de9263adaabcefedf49,e71cd5d46a50b098bf1614e6ff780db977dadb5cd98ea61a7aafeaadf4acfb14,e30fff83a375f374bafc97d08028c2f14e8e764c7b528f7a16a3eec7b4e4a2e6
active_bar,MARKET_REGIME_CONDITION,cn.pair.ca83ded8393cd0b40e531cce62481483,cn.comp.0dea27650b2654e99abd,cn.comp.0dea27650b2654e99abd.control,PAIR_EVALUATED,,-1.44552249,-1.38267868,-0.06284381000000017,-0.15426012,-0.15760814,0.003348020000000007,0.85395829,0.81015101,0.043807280000000004,443279660,1.0,active_bar,market-time block,"CSRank(Add(ZScore($ret_1m),Mul(PathShape($ret_1m,20),Sign($ctx_sent_lt5_num))))","CSRank(Add(ZScore($ret_1m),Mul(0,$ctx_sent_lt5_num)))",4eeb8445f4dbdfcaf16767d2f0ea60809a34ecf1483d803a3229c6d0d439d108,b2da5327803cc17f9b9bee0a26ab276ae3414029321ed352b80712e0d8c55bce,6163f240183a570869bd804b2e50e7b813c3de493eae2f3d7871e7e12e0f5bf3
active_bar,MARKET_REGIME_CONDITION,cn.pair.cc3b1099d678f468145d6e43ebb83451,cn.comp.1e1b0d1bfc797028fa74,cn.comp.1e1b0d1bfc797028fa74.control,PAIR_EVALUATED,,-0.54962757,-0.20347073,-0.34615683999999997,-0.03627802,-0.01297419,-0.02330383,0.0677016,0.00902631,0.058675290000000005,334014846,1.0,active_bar,market-time block,"CSRank(Add(ZScore($vwap),Mul(PathShape($vwap,20),Sign($ctx_sent_lb_3_num))))","CSRank(Add(ZScore($vwap),Mul(0,$ctx_sent_lb_3_num)))",c50f61bc2c3213dec077586c00c0f13ebe9bcf4e0fbbbfedd1b73c4f4d696a0c,dec58def4967d9fcbe3cb90b7aa97c896d865ab5d4d9d997012067b5f084aa69,be91b2ab8e7e0e4742d537c1b56d38f5d25aeee73c22fd83d5f9af6e6360f417
active_bar,MARKET_REGIME_CONDITION,cn.pair.d3a931c36d64230c173058c133692397,cn.comp.0364db739d08a04782f0,cn.comp.0364db739d08a04782f0.control,PAIR_EVALUATED,,-0.51572467,-0.5182668,0.0025421300000000313,-0.00485139,-0.01309745,0.00824606,0.44958546,0.32280348,0.12678198000000002,443387168,1.0,active_bar,market-time block,"CSRank(Add(ZScore($amount),Mul(PathShape($amount,10),Sign($ctx_sent_lb_h_num))))","CSRank(Add(ZScore($amount),Mul(0,$ctx_sent_lb_h_num)))",f5d14b9e01fa9aca3b18d47b66c3dfbeee5bc706a77268336ff5e9c3e35f32fd,574f0204d70cc7d078a0c5719575a90141dc11bd797a745acf328aa589291b35,06f73dfc88cf3746fdf87b31866640a1c4d709422aae700f9f387328434e0fab
active_bar,MARKET_REGIME_CONDITION,cn.pair.d4b2263bd0dcce23b5b3cdda26caa69c,cn.comp.0bd6f7f265ceeae1405e,cn.comp.0bd6f7f265ceeae1405e.control,PAIR_EVALUATED,,-1.44584975,-1.37529793,-0.07055182000000015,-0.1534963,-0.15745439,0.0039580899999999974,0.85518401,0.8061944,0.04898961000000002,441534810,1.0,active_bar,market-time block,"CSRank(Add(ZScore($pct_chg),Mul(PathShape($pct_chg,10),Sign($ctx_sent_down_num))))","CSRank(Add(ZScore($pct_chg),Mul(0,$ctx_sent_down_num)))",fd932ee985d1f198083fa7c3750d298f75d6f042b1bd5f4f47ba916cd42c7c48,05576f6ac8e9cf7753638fba3ff772d84f9b7b87306504e55d20ea4c4ec3dede,e160cfc2b4b3d93e4290d48aa7c6c6f02c5999ade23afc4b2a0aa3bfcc90886b
active_bar,MARKET_REGIME_CONDITION,cn.pair.d4f147949e7baedc4ac43c14fec9bb19,cn.comp.0da702115a4bc00784a5,cn.comp.0da702115a4bc00784a5.control,PAIR_EVALUATED,,-1.37321954,-1.38241167,0.009192129999999965,-0.15766269,-0.15760662,-5.6069999999991404e-05,0.80336732,0.81014368,-0.006776360000000037,443378023,1.0,active_bar,market-time block,"CSRank(Mul(ZScore($ret_1m),Sign($ctx_sent_zb_num)))","CSRank(Add(ZScore($ret_1m),Mul(0,$ctx_sent_zb_num)))",cc15308ba5ebf780a59a33d979d5ff4787f49f36ba1abddee9dadd160eb6c3b9,fc3102051f88d47ac37b5a18514512d9b7049d0c48228f44e7a3dda724b094ff,f5aa8c367baf8bdeb27e252264888a0970a7df550707a9630d57191b0132bacc
active_bar,MARKET_REGIME_CONDITION,cn.pair.d5152feb6e5f73362c911f3c02aa511c,cn.comp.0b7a99717dd16d230a03,cn.comp.0b7a99717dd16d230a03.control,PAIR_EVALUATED,,-0.51969564,-0.51772129,-0.0019743500000000136,-0.00999957,-0.01309812,0.0030985500000000003,0.38238997,0.32280251,0.059587460000000037,443387768,1.0,active_bar,market-time block,"CSRank(Add(ZScore($amount),Mul(PathShape($amount,5),Sign($ctx_sent_ditian_num))))","CSRank(Add(ZScore($amount),Mul(0,$ctx_sent_ditian_num)))",4d022128e5261daa49d9073a76a0b3d74292cae05dccee49f2c33fc58d1cd79c,02dea0f99ede36d75cd1be88694dcb22135f4706b1559e6519823cafdfda24cf,8b6eeb5d9a665b715b3a6f558c2249b323c1562d3e5791c057cf81747a816175
active_bar,MARKET_REGIME_CONDITION,cn.pair.d552e48122309fa171baea0cf05880cc,cn.comp.1c290a53af14506203d8,cn.comp.1c290a53af14506203d8.control,PAIR_EVALUATED,,-1.24340104,-1.37586216,0.1324611200000001,-0.05726804,-0.15745473,0.10018669,0.76805716,0.8061944,-0.03813723999999996,441535770,1.0,active_bar,market-time block,"CSRank(Sub(ZScore($pct_chg),Mul(Sign($pct_chg),Sign($ctx_sent_mian_num))))","CSRank(Add(ZScore($pct_chg),Mul(0,$ctx_sent_mian_num)))",c9036c9d0f83cd59de7e1b3a8cd540f7a59fe482ec1d8fda9aaf94fbb8603ede,e621741335a154cdd79150fde92730cb4975888920bbdd605e4ead4be77dc200,4387bbcd60643e3b35f4f5751b1c92cfbd059563a7e388ae6e87f98a6738df6c
active_bar,MARKET_REGIME_CONDITION,cn.pair.d687ffbf899ff5739697cbe62f04f23a,cn.comp.002d06859592e8615afb,cn.comp.002d06859592e8615afb.control,PAIR_EVALUATED,,-1.37930052,-1.38243609,0.0031355699999999764,-0.10837661,-0.15760814,0.04923153000000001,0.85009458,0.81015101,0.03994357000000004,443279660,1.0,active_bar,market-time block,"CSRank(Mul(PathShape($ret_1m,20),Sign($ctx_sent_down_num)))","CSRank(Add(ZScore($ret_1m),Mul(0,$ctx_sent_down_num)))",80c1f457b935e5a75467e34da05449b6eed6c8f267ade71398c2b800f9b715a3,b6d991b7689ac1f169e72403f1d2996e95e6b3efefaad818927bf4922ec8f5bb,b451cc43ed4c27885180139d6bdfd7952647d70a8a5c14fb25812460d71bde3c
active_bar,MARKET_REGIME_CONDITION,cn.pair.db47262a73d8bcbaf26b43544774a6b7,cn.comp.11cd5398e2f42a2421ea,cn.comp.11cd5398e2f42a2421ea.control,PAIR_EVALUATED,,-0.96498075,-0.59543441,-0.3695463400000001,-0.09745655,-0.03905333,-0.058403220000000006,0.25551693,0.05491997,0.20059696,444511280,1.0,active_bar,market-time block,"CSRank(Add(ZScore($intraday_ret_from_open),Mul(PathShape($intraday_ret_from_open,5),Sign($ctx_sent_lb_h_num))))","CSRank(Add(ZScore($intraday_ret_from_open),Mul(0,$ctx_sent_lb_h_num)))",78e06d1e8e4eb43101acffc68d653f2f46c09218f7be3d85867b158b4d0ad0f2,039d2eeea6fadfdf31c51e0f4f1ffdaa54775d5a187758626c353edede290cf2,15c4c87605c4e29784763b54ded882ac2ac65e1a102dfeeae1726be6542c6c0f
active_bar,MARKET_REGIME_CONDITION,cn.pair.dc503df133e7daf31ab53dfa8fd3df15,cn.comp.03e6ff04069906a0f5e0,cn.comp.03e6ff04069906a0f5e0.control,PAIR_EVALUATION_BLOCKED,control_behavior_identity_equals_primary|control_signal_empty_or_constant|empty_pair_support|primary_signal_empty_or_constant,-2.3,-2.3,,,,,,,,0,0.0,active_bar,market-time block,"CSRank(Mul(MultiScaleRelation($vwap,$ctx_sent_zb_num,5,20),Sign($ctx_sent_zb_num)))","CSRank(Add(ZScore($vwap),Mul(0,$ctx_sent_zb_num)))",b3cdf7c0eb06e83910241fa79f50c1061181a2f683004d315817e2a9441991ba,a81a58a5eb2fcf09d1b0308e549bb05c44513509c8f194f8e967f3f2b31a7d30,ee35882a10b8b5c315563d0187bfd1a4d720bd5502bfa897a1ae06ebaa648150
active_bar,MARKET_REGIME_CONDITION,cn.pair.dced75fe195ce5a12e4c6c54716b8086,cn.comp.0f1745622d8c8e49a42f,cn.comp.0f1745622d8c8e49a42f.control,PAIR_EVALUATED,,-1.44524067,-1.37528799,-0.0699526800000001,-0.15409592,-0.15745488,0.003358959999999994,0.8537968,0.8061946,0.04760220000000004,441533610,1.0,active_bar,market-time block,"CSRank(Add(ZScore($pct_chg),Mul(PathShape($pct_chg,20),Sign($ctx_sent_gt5_num))))","CSRank(Add(ZScore($pct_chg),Mul(0,$ctx_sent_gt5_num)))",ca0eefdefcfc1ab57defb2327088fac5343b821bdeb061b1f31890b09aae881a,94273499c9a4c733d8ed9afbbf3336fc8d2e4c44f4598b6895833bf3dbaa047d,6df9e558acf480ab2e05804fc9c1be977390b717924d97d3523e1934029b919c
active_bar,MARKET_REGIME_CONDITION,cn.pair.e03067016cc505d02b47ec23041b5097,cn.comp.0225f8e4b03deb296f2e,cn.comp.0225f8e4b03deb296f2e.control,PAIR_EVALUATED,,-0.40040462,-0.5966129,0.19620828,-0.01262857,-0.03905313,0.02642456,0.13481519,0.05491979,0.0798954,444511722,1.0,active_bar,market-time block,"CSRank(Sub(ZScore($intraday_ret_from_open),Mul(Sign($intraday_ret_from_open),Sign($ctx_sent_lb_3_num))))","CSRank(Add(ZScore($intraday_ret_from_open),Mul(0,$ctx_sent_lb_3_num)))",e815f2d9703746941689fa313542f960cb9de03776bbbae844b50b1a9c637d7e,52f137c0ed2eaf1a75d0d4768e99111caca7783d3def7899eb28140b3e4a62af,c75848c29c92c4596d8fc1adbd9cf8719e0567fb8370b707f4b365a0655d97fa
active_bar,MARKET_REGIME_CONDITION,cn.pair.e094e07103eb92c30b58af025b6da6e2,cn.comp.14e6caf4692faac576fe,cn.comp.14e6caf4692faac576fe.control,PAIR_EVALUATED,,-1.41544774,-1.37493539,-0.040512349999999975,-0.14892987,-0.15745456,0.008524690000000001,0.84814416,0.80619443,0.04194973000000002,441535410,1.0,active_bar,market-time block,"CSRank(Add(ZScore($pct_chg),Mul(PathShape($pct_chg,5),Sign($ctx_sent_gt5_num))))","CSRank(Add(ZScore($pct_chg),Mul(0,$ctx_sent_gt5_num)))",b7e73ca1d9f8f62cf5c076597207c887fb0325f3e0bbd2c675fd8e90a34d3dc4,c7e5c6fe2ef1c89cbc6bb5f962f5760fa7f081acc46b3bc421178d9f1c2106ba,6ebe81e36d668cf083c9f4b385f724a36af2d0b8f2e2215f0d3cf8adce9c058a
active_bar,MARKET_REGIME_CONDITION,cn.pair.e28e2d64d6e5b2eaee982a2c3d9d6603,cn.comp.117cd2e21b50418de528,cn.comp.117cd2e21b50418de528.control,PAIR_EVALUATED,,-0.24766739,-0.34226426,0.09459687,-0.00517243,-0.04429727,0.03912484,0.75823672,0.49101285,0.26722387,2911420,1.0,active_bar,market-time block,"CSRank(Mul(MultiScaleRelation($intraday_ret_from_open,$ctx_sent_gt5_num,3,10),Sign($ctx_sent_gt5_num)))","CSRank(Add(ZScore($intraday_ret_from_open),Mul(0,$ctx_sent_gt5_num)))",c661ce30ee6d6055320422b5bd9503f3465d141ce62fa4617cb9443b1627eb74,50391848f44c8c8badb012c1ac2b8c09c82a1d61e229cbb262379551dfda68d1,8eeebd2639d2759f52cb8adf468169d6815c545583db510d72c290d4a02c8450
active_bar,MARKET_REGIME_CONDITION,cn.pair.e57d64e8eea02687fc9e7f234439d2d8,cn.comp.0577bb359394c43fa8a6,cn.comp.0577bb359394c43fa8a6.control,PAIR_EVALUATED,,-0.14756365,0.01170084,-0.15926448999999998,-0.00416528,-0.00941578,0.0052505,0.43701646,0.01363318,0.42338328,6417439,1.0,active_bar,market-time block,"CSRank(Mul(MultiScaleRelation($open,$ctx_sent_downlimit_num,5,20),Sign($ctx_sent_downlimit_num)))","CSRank(Add(ZScore($open),Mul(0,$ctx_sent_downlimit_num)))",f5e2a9c42cbb4b8f9affa690fcdf90896682e3ff7f3aa644e1ee713160581ff5,b47d48975ff2efcc55bb915cf99d0fab9c3e7f788f554d52af190d80db8cd8c6,7a1ae1d37d485963146d614e5fa4dfc8ef8cb1466461b84bbba893336c16ac94
active_bar,MARKET_REGIME_CONDITION,cn.pair.e6bacc69259a697e1388b13a960aa10e,cn.comp.15e4abb84d0e1bcd4f40,cn.comp.15e4abb84d0e1bcd4f40.control,PAIR_EVALUATED,,-0.55720922,-0.20196254,-0.3552466799999999,-0.03697558,-0.01297419,-0.02400139,0.06967582,0.00902631,0.060649510000000004,334014846,1.0,active_bar,market-time block,"CSRank(Add(ZScore($vwap),Mul(PathShape($vwap,20),Sign($ctx_sent_lb_h_num))))","CSRank(Add(ZScore($vwap),Mul(0,$ctx_sent_lb_h_num)))",709a4aee66cca29337a7731b1fff823c2eaec291d3b9c09bf8faf19fd9366b1d,33275916514610cf291c5f1fd6b4901f1d26a4055d8d58897e41ef5c9ed1ff6c,2c4f4947308e9e8cbe55d8f15a495a7a47d04f2b90e5fda6a720a747fbf9ddfa
active_bar,MARKET_REGIME_CONDITION,cn.pair.e89ea8548f44d857b8435784098e1352,cn.comp.0d1060ff2ec6ba286bae,cn.comp.0d1060ff2ec6ba286bae.control,PAIR_EVALUATED,,-0.51216407,-0.5178013,0.005637230000000049,-0.00810358,-0.01309646,0.00499288,0.38598191,0.32280646,0.06317544999999997,443385968,1.0,active_bar,market-time block,"CSRank(Add(ZScore($amount),Mul(PathShape($amount,20),Sign($ctx_sent_lb_h_num))))","CSRank(Add(ZScore($amount),Mul(0,$ctx_sent_lb_h_num)))",521fdff77addc6ed10758eb5f1560f82abb0f4eeb30c21c84a07f6f051cd1813,a659283c71c6cdf2fd7332eb84984ee890e406a9ad8a9e63ee80c1ac3eb497c7,2e0eb9825cccb5172ae8571893095ab673305d602287497d0d68ec56a33d1026
active_bar,MARKET_REGIME_CONDITION,cn.pair.e8fb9fa90d1042b95b72a66bc71456c4,cn.comp.100fa74c13ae2ce9a5ce,cn.comp.100fa74c13ae2ce9a5ce.control,PAIR_EVALUATED,,-0.53719429,-0.51817722,-0.01901706999999997,3.048e-05,-0.01309812,0.013128599999999999,0.56701325,0.32280251,0.24421074000000004,443387768,1.0,active_bar,market-time block,"CSRank(Add(ZScore($amount),Mul(PathShape($amount,5),Sign($ctx_sent_up_num))))","CSRank(Add(ZScore($amount),Mul(0,$ctx_sent_up_num)))",87ac9c0049ea64a0060f562a34a1b160f20df14763b463c7621c9fff6e52d9b8,f1695391b3f5a9a2505ca27757d913ecbdeff3f46ef6ffd5ea3724ab8eaefb6b,5ecae16e8222b5535ec5ed2ef5675fe3f4d457d7d5071a69c38713784201e0a0
active_bar,MARKET_REGIME_CONDITION,cn.pair.ea9cca5885d5c0ee3e2f3f89ef52c9af,cn.comp.13fe49a83f01fbe43b81,cn.comp.13fe49a83f01fbe43b81.control,PAIR_EVALUATED,,-1.39223419,-1.37595066,-0.016283529999999935,-0.1397141,-0.15745484,0.017740740000000005,0.83638877,0.80619444,0.030194330000000047,441535650,1.0,active_bar,market-time block,"CSRank(Add(ZScore($pct_chg),Mul(PathShape($pct_chg,3),Sign($ctx_sent_downlimit_num))))","CSRank(Add(ZScore($pct_chg),Mul(0,$ctx_sent_downlimit_num)))",5f50ef7bf0c29e6fec0fdf97d0cd7b0ff40e192b74229acc7bbf4e9ff5c2c84f,4617337afcd2f500bef61b0ef1581b1b5bf91cb185100ebf67de6ba6144d338d,8f517e742620ad819ac5dfe4d2d21d5ad2bddc784a4dc56f61924ecf9a775f2f
active_bar,MARKET_REGIME_CONDITION,cn.pair.ec6f9c171c55f8ea829a097e4f359f5a,cn.comp.122593fd1509f5c0b68d,cn.comp.122593fd1509f5c0b68d.control,PAIR_EVALUATED,,-1.32587895,-1.38223521,0.05635626000000005,-0.100043,-0.15760419,0.05756119,0.80758344,0.81014186,-0.00255841999999995,443357315,1.0,active_bar,market-time block,"CSRank(Mul(PathShape($ret_1m,5),Sign($ctx_sent_max_lb_num)))","CSRank(Add(ZScore($ret_1m),Mul(0,$ctx_sent_max_lb_num)))",5ed5096ff4ed9033b1f6004f42bb62c2e7c93d3e697e2bd5ccef90e2015771d8,4d11964a47f2fea21d732f46ba1043612e1fc7a472844094472ea6dc671255b9,9059c4649673709429cee74ded72203477e992d86f8d74ba146053dad10edc23
active_bar,MARKET_REGIME_CONDITION,cn.pair.ede7e094fe46ae3c9802e2428338e710,cn.comp.0428430c268990301632,cn.comp.0428430c268990301632.control,PAIR_EVALUATED,,-0.98786737,-0.59618082,-0.3916865500000001,-0.09416812,-0.03905479,-0.055113329999999995,0.26790797,0.05492039,0.21298758,444509480,1.0,active_bar,market-time block,"CSRank(Mul(PathShape($intraday_ret_from_open,20),Sign($ctx_sent_up_num)))","CSRank(Add(ZScore($intraday_ret_from_open),Mul(0,$ctx_sent_up_num)))",30d5adc23905518a4af05318d25f851a66554fed0890d9927f46189fd611bf0d,27194dfa2c095f1f5b63de39a4c23d05b4dca17071e66354c5876f2691ca46f6,10faf8ce5db3e573ec19e554ca578553a2559118ccc3855e0dc3acaa4238163f
active_bar,MARKET_REGIME_CONDITION,cn.pair.ee88257f72bc43a8409bca1f9c785287,cn.comp.085aa41bbe7d9c4b6a6f,cn.comp.085aa41bbe7d9c4b6a6f.control,PAIR_EVALUATED,,-1.35484483,-1.38140916,0.026564330000000025,-0.10653685,-0.15760656,0.051069710000000004,0.83150014,0.81014837,0.021351770000000103,443331430,1.0,active_bar,market-time block,"CSRank(Mul(PathShape($ret_1m,10),Sign($ctx_sent_lb_2_num)))","CSRank(Add(ZScore($ret_1m),Mul(0,$ctx_sent_lb_2_num)))",9a3f6e6d6c56a8fbf852ff411f35198fb41fdc342259b6664f381e244d7b8de5,2ccabc5c046039b31b91234f7eeb54582333bd9f8b5b514bd033cf31a29912fc,80b914e753ded1738af78ff9eddb7d59b389d5e0ff121f2ee7aa0b722b0696d5
active_bar,MARKET_REGIME_CONDITION,cn.pair.eeb3c40e3c396ac608d591f2c1d4ad96,cn.comp.1633c5bae69e52a6598f,cn.comp.1633c5bae69e52a6598f.control,PAIR_EVALUATION_BLOCKED,control_behavior_identity_equals_primary|control_signal_empty_or_constant|empty_pair_support|primary_signal_empty_or_constant,-2.3,-2.3,,,,,,,,0,0.0,active_bar,market-time block,"CSRank(Mul(MultiScaleRelation($vwap,$ctx_sent_down_num,3,10),Sign($ctx_sent_down_num)))","CSRank(Add(ZScore($vwap),Mul(0,$ctx_sent_down_num)))",9ab866ddc1d26aeb229d797e330bbeb969fafb45c265b2440796a2221085cf17,bd60c09c94ba98a71cca81d981241eae4ab5d23c0f44becb200a030ead978bc7,adaa62107d24cd53e34f016f5bf1e3d3a14c39400ae8c4227a7d6b42717c4d0e
active_bar,MARKET_REGIME_CONDITION,cn.pair.f0183b6351bed5814b6939ed98b4e868,cn.comp.18d0f0a62e64a9b2c866,cn.comp.18d0f0a62e64a9b2c866.control,PAIR_EVALUATION_BLOCKED,control_behavior_identity_equals_primary|control_signal_empty_or_constant|empty_pair_support|primary_signal_empty_or_constant,-2.3,-2.3,,,,,,,,0,0.0,active_bar,market-time block,"CSRank(Mul(MultiScaleRelation($vwap,$ctx_sent_damian_num,5,20),Sign($ctx_sent_damian_num)))","CSRank(Add(ZScore($vwap),Mul(0,$ctx_sent_damian_num)))",31c61922ec555f318be22398c7957ff5beebed9a96a32eb9b44987452b88865e,a657bc2980491b3abf51a818e5b8782abf9cd6782102abda4549dab759dba25f,648761d2cbe6d2f3628672ea31600d59f7d454c1e46cd814582c4297546f15bc
active_bar,MARKET_REGIME_CONDITION,cn.pair.f064423c282ad82ff3421685456d1fbb,cn.comp.11086e0be3910586bc54,cn.comp.11086e0be3910586bc54.control,PAIR_EVALUATED,,-1.10763625,-0.5969241,-0.5107121500000001,-0.13843491,-0.03905323,-0.09938168,0.52758187,0.05491999,0.47266188,444511520,1.0,active_bar,market-time block,"CSRank(Mul(PathShape($intraday_ret_from_open,3),Sign($ctx_sent_up_num)))","CSRank(Add(ZScore($intraday_ret_from_open),Mul(0,$ctx_sent_up_num)))",2e6b5da2e86ba0c86708c1e70ef4ebc327f5f71726e5a1c58df9ba3e8ca265fa,ba55401f5f6b1404c74d07bf19aad98a0fc28fec52bfa1cf21651d5759ce6e8c,0f5629fb781fda9a25baa9c195e2624acc22ed320bd39fab0211aefef9b3d941
active_bar,MARKET_REGIME_CONDITION,cn.pair.f2a91791cdb11315bb210a6e268d87f5,cn.comp.1c0f1c32aeda4928e136,cn.comp.1c0f1c32aeda4928e136.control,PAIR_EVALUATION_BLOCKED,control_behavior_identity_equals_primary|control_signal_empty_or_constant|empty_pair_support|primary_signal_empty_or_constant,-2.3,-2.3,,,,,,,,0,0.0,active_bar,market-time block,"CSRank(Mul(MultiScaleRelation($vwap,$ctx_sent_downlimit_num,5,20),Sign($ctx_sent_downlimit_num)))","CSRank(Add(ZScore($vwap),Mul(0,$ctx_sent_downlimit_num)))",b031d3e9627aacbd513850e03059b8243f0a0d581600d41591dc5d8740b26223,cd9cfc1776e723df22e351abdb00d1f17a0895230524b9249223618dc2fb097c,6fbd717de48bb0c7ec2d96da3a19b8eb583829c24f1c39f316b8826ca209fa45
active_bar,MARKET_REGIME_CONDITION,cn.pair.f445255b2c350707cd40eb262718a249,cn.comp.07fa2ffc9ad2799940d8,cn.comp.07fa2ffc9ad2799940d8.control,PAIR_EVALUATED,,-0.56791079,-0.18267903,-0.38523176000000003,-0.03494821,-0.01290478,-0.022043430000000003,0.14108824,0.01685963,0.12422861,398932409,1.0,active_bar,market-time block,"CSRank(Add(ZScore($vwap),Mul(PathShape($vwap,5),Sign($ctx_sent_damian_num))))","CSRank(Add(ZScore($vwap),Mul(0,$ctx_sent_damian_num)))",8db026a9999752e064207722af71b0ad3f8c062b7b860039b8229d72946bf92a,6778aee585c89b6279e2ccdf359b73d414c1edb5d8382430cb8269ce9dd4decd,6872b68243fb79b0039c6039fe68e1d86e3d5b82fd8e8479e7308685ea095803
active_bar,MARKET_REGIME_CONDITION,cn.pair.f6a5e79d595ce9059ab03203d1caff8e,cn.comp.1cffc994ce089ea37543,cn.comp.1cffc994ce089ea37543.control,PAIR_EVALUATED,,-0.59004192,-0.51856693,-0.07147499000000002,0.00729448,-0.01309646,0.02039094,0.67779035,0.32280646,0.35498388999999997,443385968,1.0,active_bar,market-time block,"CSRank(Mul(PathShape($amount,20),Sign($ctx_sent_zb_num)))","CSRank(Add(ZScore($amount),Mul(0,$ctx_sent_zb_num)))",4ff391d7435d11e1c375c2f64e6b5cbb00e5d8338df87c5221dc9bbb0136b86e,ea4aee9f9e8c063cfc6b5c0123441a3a9247e12844c250c1963162f6ee3b2f6f,6e3ed9edc247e95aac844b37d1fbc0ae232e65fbdda975c0dc680a479bcc4a3b
active_bar,MARKET_REGIME_CONDITION,cn.pair.f83a36e7957fd02fe5cd15a75faf4d30,cn.comp.10db8e0974be1203d766,cn.comp.10db8e0974be1203d766.control,PAIR_EVALUATED,,-0.59110748,-0.51877512,-0.07233235999999998,0.01034748,-0.01309812,0.023445599999999997,0.70868024,0.32280251,0.38587773,443387768,1.0,active_bar,market-time block,"CSRank(Mul(PathShape($amount,5),Sign($ctx_sent_zb_num)))","CSRank(Add(ZScore($amount),Mul(0,$ctx_sent_zb_num)))",4998d213507567a178dd3b092b46ff14c9985fda334794b88e785c2a80cd88de,5ffa49eef9407928f5569062debb54ed52032b533ffda7011170d5a5b0afd317,f3f6ba675e1c3624499580dce3b11f69804704c1dc6d94597510ea9f4802b808
active_bar,MARKET_REGIME_CONDITION,cn.pair.f913ceae5fde08448b68fbcbee267b95,cn.comp.05f69f557777389dd0bb,cn.comp.05f69f557777389dd0bb.control,PAIR_EVALUATED,,-1.02358799,-0.59692541,-0.42666258,-0.11209222,-0.03905323,-0.07303899,0.37198307,0.05491999,0.31706308000000005,444511520,1.0,active_bar,market-time block,"CSRank(Add(ZScore($intraday_ret_from_open),Mul(PathShape($intraday_ret_from_open,3),Sign($ctx_sent_mian_num))))","CSRank(Add(ZScore($intraday_ret_from_open),Mul(0,$ctx_sent_mian_num)))",fd25c0faa62e8b897a53241ce6a40d44d58b8befdddb8c9e50c1f526e9ede54d,e8da7c38be51c72550bdff58cb0174194e80dd98013a79fd23f0b4f853dec156,d8c864da04c3307a29fcedfa9a0144e494d204a96517c4d67b7bb836f5a2e3c6
active_bar,MARKET_REGIME_CONDITION,cn.pair.f9a0e37ab2ae221dfd0c7574b5ca8454,cn.comp.099317a6870a23009315,cn.comp.099317a6870a23009315.control,PAIR_EVALUATED,,-0.29489314,-0.15088746,-0.14400568,-0.01792539,-0.01276371,-0.00516168,0.03812823,0.0011188,0.037009429999999996,445229550,1.0,active_bar,market-time block,"CSRank(Add(ZScore($open),Mul(PathShape($open,10),Sign($ctx_sent_ditian_num))))","CSRank(Add(ZScore($open),Mul(0,$ctx_sent_ditian_num)))",9575ebeb538b20b8c3083fbba2a92787e87be26a1545e3bd881718bc3320e532,77cd11d14d3adde7a5e1d512bd1c6e27471c4f988cbab40022d67f93833e909f,75e60ebe406cdd6a586a5ff4eaa6ee986616c8665624dbe2a97afb68ce0669ba
active_bar,MARKET_REGIME_CONDITION,cn.pair.f9bed0e898dd74a6c2f0299f8769809a,cn.comp.0c61d63650a63fee677f,cn.comp.0c61d63650a63fee677f.control,PAIR_EVALUATED,,-0.59071336,-0.51822573,-0.07248762999999991,0.00907555,-0.01309745,0.022173,0.69397484,0.32280348,0.37117136,443387168,1.0,active_bar,market-time block,"CSRank(Mul(PathShape($amount,10),Sign($ctx_sent_lt5_num)))","CSRank(Add(ZScore($amount),Mul(0,$ctx_sent_lt5_num)))",80d305178b8f34e02d04372f0a9d43aee6f8296c5bad94adc1b082b4a4b9e75b,b601ab1918534d55a3a7daf5be1bb10d0687423451633c0a80f943d00727362c,80c25649900d170a0281101f25f2cba071250bbc62f6a9c7b2e0a750ec9e861e
active_bar,MARKET_REGIME_CONDITION,cn.pair.fb98da0e7d3379c136f658e23be8aa7a,cn.comp.17cf07993152d6ed3756,cn.comp.17cf07993152d6ed3756.control,PAIR_EVALUATED,,-1.44054932,-1.3824708,-0.0580785199999998,-0.15458544,-0.15760814,0.003022700000000017,0.84938534,0.81015101,0.039234329999999984,443279660,1.0,active_bar,market-time block,"CSRank(Add(ZScore($ret_1m),Mul(PathShape($ret_1m,20),Sign($ctx_sent_lb_h_num))))","CSRank(Add(ZScore($ret_1m),Mul(0,$ctx_sent_lb_h_num)))",fa0a861975dc6123669a16bd07c9a7d0aec16ecf3812a5a947e57d8d70f3b083,90399b07d440be7590f45193417a2431265c8fb93f89f8b75bf20373df6f2990,3888b63c07b38cfb79fcc74649b39ca9b76cc5d0bbe28c7677b20dc74384bb9a
active_bar,MARKET_REGIME_CONDITION,cn.pair.fdba6ac304477b3ee3f1441b098b4b40,cn.comp.1d487cc303f151b5d7c8,cn.comp.1d487cc303f151b5d7c8.control,PAIR_EVALUATED,,-1.24793412,-1.3822251,0.13429098000000006,-0.05698046,-0.15760662,0.10062616,0.77360219,0.81014368,-0.036541490000000065,443378023,1.0,active_bar,market-time block,"CSRank(Sub(ZScore($ret_1m),Mul(Sign($ret_1m),Sign($ctx_sent_downlimit_num))))","CSRank(Add(ZScore($ret_1m),Mul(0,$ctx_sent_downlimit_num)))",d7ce60398f7a357b33f20a65f43086a2dc2ef32adcd736c02a6f5426e3e67286,68e5b263d0476f1542d209c63cdeadf8a4c8ca75e230d2e689df3f94b3ce5d98,04e00c2c3efc1007865df47e4da706f56659919c91b0bd3b08f23beb6d55d902
active_bar,MARKET_REGIME_CONDITION,cn.pair.fdfa8a656c47287984859bfb4f435508,cn.comp.192bcaed539cdcaea98c,cn.comp.192bcaed539cdcaea98c.control,PAIR_EVALUATED,,-1.00352168,-0.5962593,-0.4072623799999999,-0.11557542,-0.03905403,-0.07652139,0.32091104,0.05492002,0.26599101999999997,444510680,1.0,active_bar,market-time block,"CSRank(Mul(PathShape($intraday_ret_from_open,10),Sign($ctx_sent_mian_num)))","CSRank(Add(ZScore($intraday_ret_from_open),Mul(0,$ctx_sent_mian_num)))",13f96d3d6ff90f647d1b969915a5b23ca676fb1885f53255df0437a3a63e3ed0,c5349e842908c0ec80c80b5a3e33ad2e09945aa402dc26f96a66bac63d0a057d,d45402ddad071eac395396addd8cd8b2a1c43ae98928125ada88810f10ba87e6
active_bar,MARKET_REGIME_CONDITION,cn.pair.fe2071cdd41287bc6384d6b5b0691505,cn.comp.009a31a776fa57051486,cn.comp.009a31a776fa57051486.control,PAIR_EVALUATED,,-0.94107513,-0.18275026,-0.75832487,-0.06123305,-0.0129318,-0.04830125,0.42071045,0.02075112,0.39995933,412679004,1.0,active_bar,market-time block,"CSRank(Add(ZScore($vwap),Mul(PathShape($vwap,3),Sign($ctx_sent_uplimit_num))))","CSRank(Add(ZScore($vwap),Mul(0,$ctx_sent_uplimit_num)))",3b2f59f8aa0c1bf61e9831d1b66ffdc5e06cf408813f5e16ae33e7584f439476,d50f7f67a01ce8662027d1a4ac5a8022868a1703aa0c2a045c2960d6facd5432,c1ccf7a9e81ac513c8dabbfcaab04a1a13aa1b3bd91f81a2e0b840679acef966
active_bar,MARKET_REGIME_CONDITION,cn.pair.fe81f1830fff7c38686209645fbd4763,cn.comp.10cf5c0012a9b531284d,cn.comp.10cf5c0012a9b531284d.control,PAIR_EVALUATED,,-0.40739947,-0.5954659,0.18806643,-0.02793707,-0.03905077,0.011113699999999997,0.03081032,0.05490816,-0.02409784,444465383,1.0,active_bar,market-time block,"CSRank(Mul(Sign($intraday_ret_from_open),Persistence(Positive($ctx_sent_mian_num),10)))","CSRank(Add(ZScore($intraday_ret_from_open),Mul(0,$ctx_sent_mian_num)))",a47d251d6e338b9e73ffc3dc7242b8bc02eaba2a3db93261e1f3bb41c11a8934,536bcbf6c38a27843e5b3432e037fa3136bb124cddcfcd333892d1bd21b1b58f,77a4a36896bf5673a7711b0f0c23d6e3fea18161a4779bab4147663494507dc6
active_bar,MARKET_REGIME_CONDITION,cn.pair.ff0cdc42d792ad0d5fe101c8f055e7fb,cn.comp.1b0216a1e18fb3d9d216,cn.comp.1b0216a1e18fb3d9d216.control,PAIR_EVALUATED,,-0.38570692,-0.59580573,0.21009881000000002,-0.00992468,-0.03905313,0.02912845,0.14419413,0.05491979,0.08927434000000001,444511722,1.0,active_bar,market-time block,"CSRank(Sub(ZScore($intraday_ret_from_open),Mul(Sign($intraday_ret_from_open),Sign($ctx_sent_max_lb_num))))","CSRank(Add(ZScore($intraday_ret_from_open),Mul(0,$ctx_sent_max_lb_num)))",5b51aacceba39470ec16849b0d5b450f4f4f649cf3c6b18f3c18c4b7c4c26399,7ed242d4e46bce261f9dd16aa3a24062f9eecf49c8a3ec04203a522e0168ffe3,33b6a4ae973c891efd17e11c9c363b27d650f58efd1cf4ad486667d025e0d2d3
active_bar,MINUTE_STATIC,cn.pair.0128ceabcae3bd58ba3fecd7aff35d7c,cn.comp.75d11cf25aadedd87c57,cn.comp.75d11cf25aadedd87c57.control,PAIR_EVALUATED,,-0.36891587,-0.21447348,-0.15444238999999998,-0.01125736,-0.01310602,0.0018486600000000002,0.14193986,0.02823296,0.1137069,431871373,1.0,active_bar,stock-minute cross-section,"CSRank(Mul(ZScore($vwap),Abs(ZScore($amount))))","CSRank(Add(ZScore($vwap),Mul(0,ZScore($amount))))",71515294467ad28a09ee85b7f46c76bf8e71a81e1ad4f351bd68cbd48c8882c2,c77ace12d89139f6f253ec4dc1b36688fd81aa526330e4c576abac2cb7d39963,da4e10f8bbc33a04c62f0d2e7fff9c82d421db4d751ee5f349360bc4f7e7c18f
active_bar,MINUTE_STATIC,cn.pair.064cfeaaabbd7b97591d8e47f95a49a3,cn.comp.54b962edfc340de90710,cn.comp.54b962edfc340de90710.control,PAIR_EVALUATED,,-1.37572471,-1.38204643,0.006321719999999864,-0.15600532,-0.15747322,0.0014678999999999942,0.80614792,0.81008238,-0.003934459999999973,442738657,1.0,active_bar,stock-minute cross-section,"CSRank(Mul(Sign($ret_1m),Abs(ZScore($pct_chg))))","CSRank(Add(ZScore($ret_1m),Mul(0,ZScore($pct_chg))))",914c208154010aefb97f5e7cb0811ac2db8ca7291ae19e31552fd83ad14667a6,25adf0a6a4aab008b9ea0dca9619265b773fdd69feb5222fb1371eefaf7d6bc1,8937749c179d0a21646e622eb882e993b5546354d1bed8ba4c2d74946615a4d8
active_bar,MINUTE_STATIC,cn.pair.0684aeb5744c622894b78ceb3ea279eb,cn.comp.3e7e9d1ae27fa0990cd1,cn.comp.3e7e9d1ae27fa0990cd1.control,PAIR_EVALUATED,,-0.08256296,-0.21302583,0.13046287,0.00095582,-0.01302012,0.01397594,0.02861312,0.02831397,0.00029914999999999803,431871373,1.0,active_bar,stock-minute cross-section,"CSRank(Mul(ZScore($open),ZScore($vwap)))","CSRank(Add(ZScore($open),Mul(0,ZScore($vwap))))",d5ea5fadddec2af3a6c3c56965352304926eb3778fe94a8235a324ada7adacd1,37271eea39d8c4354437eb4d5c8f1cefbed777c8d7a9a695e258ad4cdbc0a7ac,be6219761208779dc20881e8c0a4ecc6aa91f9354d7a069358a03cc9aea2c9a9
active_bar,MINUTE_STATIC,cn.pair.07b2923aab5234b8c4761acb92e7afc2,cn.comp.31a4339501e2aa465b8b,cn.comp.31a4339501e2aa465b8b.control,PAIR_EVALUATED,,-0.49265579,-0.52241203,0.029756240000000045,-0.00754884,-0.01326302,0.00571418,0.3217145,0.32306605,-0.0013515499999999792,443877260,1.0,active_bar,stock-minute cross-section,"CSRank(Mul(ZScore($amount),Abs(ZScore($intraday_ret_from_open))))","CSRank(Add(ZScore($amount),Mul(0,ZScore($intraday_ret_from_open))))",5790cd378c8c1e2352a39cddf0113f9f5805b2dbb54a8f9b117524b156599905,54c7459c2dfc93d7420045ec0830cb1f69338415e683245505fc7ab880021fed,563d7e4ac8b142e4ddc1c45a6f9ef550c304ec9c98880d455d559c5f4c82d9d3
active_bar,MINUTE_STATIC,cn.pair.08f0778ddcc68c24fb7b5e5788dd554d,cn.comp.35ac50d0c575295992d0,cn.comp.35ac50d0c575295992d0.control,PAIR_EVALUATED,,-0.2412539,-0.21418697,-0.02706692999999999,0.13375915,-0.01310281,0.14686195999999999,0.63694146,0.02824462,0.6086968399999999,431861172,1.0,active_bar,stock-minute cross-section,"CSRank(Sub(ZScore($vwap),ZScore($ret_1m)))","CSRank(Add(ZScore($vwap),Mul(0,ZScore($ret_1m))))",3443a9d5858f3c39f1fca186777002267e65ed14345ed11d9e5b53f391580f54,6f9c3ee06fb3e68b4d880145b2c969ed08df2c270326c78c531c5dda387aa4fe,f195aa95ab88798c350ad93066293732e374c44130cd7f4b1ae9492d5a8066d6
active_bar,MINUTE_STATIC,cn.pair.09d9f1f61085d430d349fac30c9b28f0,cn.comp.7bb0a1155549f0736fd4,cn.comp.7bb0a1155549f0736fd4.control,PAIR_EVALUATED,,-0.27765131,-0.52302458,0.24537326999999998,-0.01394859,-0.01326302,-0.0006855699999999999,0.07711735,0.32306605,-0.2459487,443877260,1.0,active_bar,stock-minute cross-section,"CSRank(Mul(Sign($amount),Abs(ZScore($intraday_ret_from_open))))","CSRank(Add(ZScore($amount),Mul(0,ZScore($intraday_ret_from_open))))",86fd6ad6cdebcbdb456c8c3dbb0ecbc30bcf9198d0952fbec94027b32d36e560,76f51cc2b704d42ce6915915423892ffde111a4df0751721b2af805e9d3180b5,d54a989fb2d0c3af841dd6230089eebed8c47b1f0e00ea52c75875f277650832
active_bar,MINUTE_STATIC,cn.pair.0a397c3c410f70504ce01c92f636c998,cn.comp.9a5d8638cd15e3a32f75,cn.comp.9a5d8638cd15e3a32f75.control,PAIR_EVALUATED,,-1.42970942,-1.37600196,-0.05370746000000004,-0.13703432,-0.15746365,0.020429330000000023,0.84756976,0.80627946,0.0412903,442738657,1.0,active_bar,stock-minute cross-section,"CSRank(Sub(ZScore($pct_chg),ZScore($amount)))","CSRank(Add(ZScore($pct_chg),Mul(0,ZScore($amount))))",00e46bb72e6993ccf67f33bef206dea3596e5590241e804776bef0f3b7b995ed,05a59e3caedb6d69cc9a8ec57f66b6051cc54681d98ba427a2e644616ae803b6,4e5f6929dcb85a24ace74cbbbf67addca4c835d7c62244d4a83d54a79f9c2360
active_bar,MINUTE_STATIC,cn.pair.0a580865d7f2653b8d7e9aadbd3ffa22,cn.comp.0de8d609df998e6afe77,cn.comp.0de8d609df998e6afe77.control,PAIR_EVALUATED,,-0.45226197,-0.15312677,-0.29913520000000005,0.00725556,-0.01292613,0.02018169,0.43232293,0.00113424,0.43118869,444580910,1.0,active_bar,stock-minute cross-section,"CSRank(Sub(Abs(ZScore($open)),Abs(ZScore($ret_1m))))","CSRank(Add(ZScore($open),Mul(0,ZScore($ret_1m))))",6f61caab63b859694e679050fa48b0a84b75073d5c3cac64a30f203003849802,06248346ed112cdcc3d87ff0ea53f04e6079e18d36988a1b35107a446400cba6,5cd7f279fa80362a15dc77f2b43cae5196c915fc132308c155811798c4f21997
active_bar,MINUTE_STATIC,cn.pair.0a967bfbaec5d840652aad62a22bf7f7,cn.comp.978f895807e5b96cf031,cn.comp.978f895807e5b96cf031.control,PAIR_EVALUATED,,-0.52043135,-0.05934876,-0.46108258999999996,-0.0132255,-0.00127396,-0.01195154,0.32289834,0.02089455,0.30200379,444596168,1.0,active_bar,stock-minute cross-section,CSRank(ZScore($amount)),CSRank(Sign($amount)),e857ae6cfc0c9b37d1256ca677165ba82873781d146708991cd11765b232d767,e2e6b79546c604c6f540a3a110e9e67a043f154514d5d4cf71ac751a1b148b90,0d32fc4ae67e202cf284948d0e959eb8a188ef8aa6ce6629c7974cc5fd65a7ec
active_bar,MINUTE_STATIC,cn.pair.0ba2feaa8c2b541e9f90567963c73338,cn.comp.6559ccf12a75c157cb63,cn.comp.6559ccf12a75c157cb63.control,PAIR_EVALUATED,,-0.63831774,-1.38197329,0.7436555499999999,-0.00951111,-0.15747322,0.14796211,0.6269504,0.81008238,-0.18313197999999997,442738657,1.0,active_bar,stock-minute cross-section,"CSRank(Mul(ZScore($ret_1m),ZScore($pct_chg)))","CSRank(Add(ZScore($ret_1m),Mul(0,ZScore($pct_chg))))",24f4537b514d503db63d62985d645410e216823cd75f031bb6fbd4c6a950810b,ba26cbc655db55aaa8d90265ff18e5dd493d3ae9b6df30b05e8e4e40edf6452a,7eafd982a19981d2d4fdcc066db0a017ab4ca5f8609b389744ff4ab7ed02056d
active_bar,MINUTE_STATIC,cn.pair.0d1a804a5f026011ca0f70a5fc70485c,cn.comp.1d36bf1ba2ea1e4200e9,cn.comp.1d36bf1ba2ea1e4200e9.control,PAIR_EVALUATED,,-0.46837308,-0.52015618,0.05178309999999997,0.03606906,-0.01322555,0.04929461,0.74605512,0.32291418,0.42314093999999997,444580910,1.0,active_bar,stock-minute cross-section,"CSRank(SafeDiv(ZScore($amount),ZScore($ret_1m),0.05))","CSRank(Add(ZScore($amount),Mul(0,ZScore($ret_1m))))",e887c968cac92b907741f4ad96f34e4c82e4f209d454bda22b0edcb311531a13,6daf8893275ea124068cc3329417fa5ec536b16c48b2a0729f2fc6cf06d4d0dc,c77fa4ce66a49c32dceaefb91a7754f128bee116a5a933718fad7523fac87e95
active_bar,MINUTE_STATIC,cn.pair.0e17b4fa2b4b522e6c1dacb87f2f9f98,cn.comp.353d4421d8739b6821fe,cn.comp.353d4421d8739b6821fe.control,PAIR_EVALUATED,,-0.08266672,-0.21566782,0.1330011,0.000939,-0.01310602,0.01404502,0.02837542,0.02823296,0.00014245999999999703,431871373,1.0,active_bar,stock-minute cross-section,"CSRank(Mul(Sign($vwap),Abs(ZScore($open))))","CSRank(Add(ZScore($vwap),Mul(0,ZScore($open))))",89f87cfd619b2bcbb277eabec15254bdfff0f57e65ea6542fb3e5ba693d84936,a90e47d953848d943d0ecf1ce1bbb4b8f1508584b33c166c863eff61d1e5246e,be7c00f590acda24e2aee83f1c4b78e2adbdc4a9ffa98004f0b583ef0f5f980d
active_bar,MINUTE_STATIC,cn.pair.1210b742f49f4e2d70cfa9134ac33751,cn.comp.4e9d0cb37b9f274e39bb,cn.comp.4e9d0cb37b9f274e39bb.control,PAIR_EVALUATED,,-0.77434857,-1.38200269,0.60765412,-0.00182459,-0.15747322,0.15564863,0.77254286,0.81008238,-0.03753951999999994,442738657,1.0,active_bar,stock-minute cross-section,"CSResidual(ZScore($ret_1m),ZScore($pct_chg))","CSRank(Add(ZScore($ret_1m),Mul(0,ZScore($pct_chg))))",cef8486bc0f8f5c5f2b9f0fdacacd70cc536ad7e00bd381e421c70be3148477c,1ea518360f380a302e161990dad0c8f62c0426d9d22c4cafe03bbbe60ce222f8,042b87e78908bcb742fdbfc404147a5355576e0d2a0f71c5e739cf8fc421eca7
active_bar,MINUTE_STATIC,cn.pair.19412ce06399ff2355ff55380c752209,cn.comp.0eeeae85859546bb9f25,cn.comp.0eeeae85859546bb9f25.control,PAIR_EVALUATED,,-1.40110785,-1.3823825,-0.018725349999999974,-0.14554786,-0.15761514,0.012067279999999986,0.80096695,0.81023202,-0.009265070000000097,444580910,1.0,active_bar,stock-minute cross-section,"CSRank(Mul(ZScore($ret_1m),Abs(ZScore($open))))","CSRank(Add(ZScore($ret_1m),Mul(0,ZScore($open))))",fafcafa3655257c1131e4c648ba3dad8bc04d253a9533120570ea865dac59aec,f8efc65d7027e9cc0d2f5dd87948211b7d1aec55bad0a85a3d79f7b7744680ea,3abb42118e369894a6c92f161e758dd4164b2593c60e82f3f15e85fedd275531
active_bar,MINUTE_STATIC,cn.pair.1be698ca6cd983d59b393a4d1d8ea976,cn.comp.3468a45c83353ae1de37,cn.comp.3468a45c83353ae1de37.control,PAIR_EVALUATED,,-0.39705564,-0.59646737,0.19941173000000006,-0.024494,-0.03890669,0.014412690000000002,0.05601067,0.05514714,0.0008635300000000012,443867086,1.0,active_bar,stock-minute cross-section,"CSResidual(ZScore($intraday_ret_from_open),ZScore($ret_1m))","CSRank(Add(ZScore($intraday_ret_from_open),Mul(0,ZScore($ret_1m))))",498bf8992e93df05bd64d0ff008c334a34a44f796de9a6f7134caa5559153ca6,9feef7e33fcd1fc8af16a4681e9350df2486de225560b02517af921a4a4c6167,5756070ae287f2559c50302b4a31c300ee56082b1d38b29c707e61a4231df28a
active_bar,MINUTE_STATIC,cn.pair.1ee50e0ef2aca8cd989941f422d19074,cn.comp.25c3e2a8955afe83ad98,cn.comp.25c3e2a8955afe83ad98.control,PAIR_EVALUATED,,-0.20821197,-0.15723707,-0.05097489999999999,-0.01325002,-0.01295006,-0.00029996000000000016,0.02297118,0.00111759,0.02185359,442738657,1.0,active_bar,stock-minute cross-section,"CSResidual(ZScore($open),ZScore($pct_chg))","CSRank(Add(ZScore($open),Mul(0,ZScore($pct_chg))))",ed0f6ea3a06378da1a669d098d022730c168354846168cb795ff74edeea06c29,4576c8f0a7fa79a97be12aca96712774039861f65234d17fe7a1486ce6a37b4a,49f5f7da7cd6f391f2b2b20062352a80b1bada6bda2a84f5dad0d4acd96f63ae
active_bar,MINUTE_STATIC,cn.pair.1f66c26b2588de7202ca7ccc9eedbd17,cn.comp.05bd71ca242f9fae2318,cn.comp.05bd71ca242f9fae2318.control,PAIR_EVALUATED,,-0.75136192,-0.59973583,-0.15162609000000005,-0.03886925,-0.03899796,0.00012870999999999716,0.34288548,0.05519077,0.28769471,442738657,1.0,active_bar,stock-minute cross-section,"CSRank(Mul(ZScore($intraday_ret_from_open),Abs(ZScore($pct_chg))))","CSRank(Add(ZScore($intraday_ret_from_open),Mul(0,ZScore($pct_chg))))",6dc3e6110ef9e860270ff67378d60e053a4af2396223e48fee24931a8160371e,fcfe5e43e31c5ff77e1edf89aea986f56a0966649fd57ce55de6b2ae84a0e00f,2717b4a646d23d8315939975823f28e411941961df4c4e8079a5dca117a64086
active_bar,MINUTE_STATIC,cn.pair.217bdb0b0383505ac962c080f477da35,cn.comp.7345fd2834b9a2347a0c,cn.comp.7345fd2834b9a2347a0c.control,PAIR_EVALUATED,,-0.32640857,-0.52214171,0.19573313999999997,0.01058754,-0.01326302,0.02385056,0.29278003,0.32306605,-0.03028601999999997,443877260,1.0,active_bar,stock-minute cross-section,"CSRank(SafeDiv(ZScore($amount),ZScore($intraday_ret_from_open),0.05))","CSRank(Add(ZScore($amount),Mul(0,ZScore($intraday_ret_from_open))))",68cbfcabe45052d04c23eddb42384f3e01c2a909ae6f502a9ecf0d9e18d3b4f2,fd117a676d89871f1f47051cf57030003577cbb17ffe5811ec9bd17f7fea1576,fce6b3c595d164e960999ef54de0f29c2b5ec010312f3b41cbe3b7776979125e
active_bar,MINUTE_STATIC,cn.pair.22ff478e3843595db49322382c2be524,cn.comp.8c21ea1dd6fd1007f6e7,cn.comp.8c21ea1dd6fd1007f6e7.control,PAIR_EVALUATED,,-0.3620844,-0.52735988,0.16527548000000003,0.13703432,-0.0133251,0.15035942,0.70190637,0.32332385,0.37858252,442738657,1.0,active_bar,stock-minute cross-section,"CSRank(Sub(ZScore($amount),ZScore($pct_chg)))","CSRank(Add(ZScore($amount),Mul(0,ZScore($pct_chg))))",86abd3c23cff1feb4e2ec6b235d5315264dcddde04bd8769be9a5ee50bc80a11,64068ad6e44540c91ea719500495d27075d1aead879979e934e9f0553629d83d,73e48d2960d4f2331d7dca4d89825376d710947b02e5fb0e639af59cdf228f7d
active_bar,MINUTE_STATIC,cn.pair.24b9ec1f1f05cdd69783f9387a77a290,cn.comp.720ba9ce69fa7bcb5809,cn.comp.720ba9ce69fa7bcb5809.control,PAIR_EVALUATED,,-0.18586477,-0.21391965,0.028054879999999977,0.06186242,-0.01302012,0.07488254,0.73645267,0.02831397,0.7081387,431871373,1.0,active_bar,stock-minute cross-section,"CSResidual(ZScore($open),ZScore($vwap))","CSRank(Add(ZScore($open),Mul(0,ZScore($vwap))))",2ec165f2ea2420eae7720ac3d0af16628c5656641509081786eb0b27548f3d96,48e739f04c5c09f2544e85b8676fa895dd740b8d347b3c5604620a03e4d8c2d9,2223e3ec6f6bb018d1e9a62eada855a5fcedf03a94aa91d8810e89e33aae40dc
active_bar,MINUTE_STATIC,cn.pair.254faaea7811d37a40de010e866f3078,cn.comp.07f7122a2ad6dbae2910,cn.comp.07f7122a2ad6dbae2910.control,PAIR_EVALUATED,,-1.38163059,-1.38138266,-0.0002479300000000073,-0.15747295,-0.15747322,2.699999999966618e-07,0.81008253,0.81008238,1.4999999997655777e-07,442738657,1.0,active_bar,stock-minute cross-section,"CSRank(Mul(ZScore($ret_1m),Abs(ZScore($pct_chg))))","CSRank(Add(ZScore($ret_1m),Mul(0,ZScore($pct_chg))))",6b3958ddf528eee83a4712140bab6d7b475d84a2ed27ababc1a4fb3e7b53b3b2,9b19a77f79953951f9b3d8c1abfd388822f9621f3aab79798bf0d0ed8a344416,dd6516962df2b2d786f0c1f14e4d97924bf6df54cff80b3db1bfd0643f97bce0
active_bar,MINUTE_STATIC,cn.pair.266dfc8a979b6d3d0ba11ee9ac1789b8,cn.comp.65e2882133a1dd2d3ef1,cn.comp.65e2882133a1dd2d3ef1.control,PAIR_EVALUATED,,0.13183218,-0.61142638,0.74325856,0.02116587,-0.03877679,0.059942659999999995,0.07884914,0.07092999,0.00791915,431154033,1.0,active_bar,stock-minute cross-section,"CSRank(Mul(ZScore($intraday_ret_from_open),ZScore($vwap)))","CSRank(Add(ZScore($intraday_ret_from_open),Mul(0,ZScore($vwap))))",f819034ae1bf23566a9617dd4530b91eed8d100fd473be53a7d2feb151b8f6f1,77117e6e00ff7742a5e277cad17533b730186515b7a0cf225fbd9a147dc75068,1086184669355df18f6942c6c4a9babecaa0da676e398d37ba0574b973c5d89d
active_bar,MINUTE_STATIC,cn.pair.276647a6dbc87c0e5d8038df5f633efe,cn.comp.3e2aaec5bb0cc313a0a5,cn.comp.3e2aaec5bb0cc313a0a5.control,PAIR_EVALUATED,,-0.63961718,-0.21627552,-0.42334166,-0.00968181,-0.01312708,0.0034452699999999985,0.6281804,0.02832772,0.5998526799999999,430022609,1.0,active_bar,stock-minute cross-section,"CSRank(Mul(Sign($vwap),Abs(ZScore($pct_chg))))","CSRank(Add(ZScore($vwap),Mul(0,ZScore($pct_chg))))",35078ca4a3954c868c760ff967475ca11d9f50669cea65b3d410ab91c24489e4,5fa313066d8865c0ab0babf40c56fcdbba64939ce1146ca59c3e9ae8c0bfe664,dc60dc92ed578ee0be4cd3cdf9656ee240dbc46f08d91c902cc1d11ba38d180c
active_bar,MINUTE_STATIC,cn.pair.2852818871007d920f60f9f8edc47de9,cn.comp.0e9608118fe2c70fa3bf,cn.comp.0e9608118fe2c70fa3bf.control,PAIR_EVALUATED,,-0.59768742,-0.59494942,-0.002738000000000018,-0.03093814,-0.03890385,0.007965709999999997,0.13193567,0.05514566,0.07679001,443877260,1.0,active_bar,stock-minute cross-section,"CSRank(Sub(ZScore($intraday_ret_from_open),ZScore($amount)))","CSRank(Add(ZScore($intraday_ret_from_open),Mul(0,ZScore($amount))))",f1458fdca2318838ede46c16ec77648e25996db1e064fe6effe92756af591bf4,aa2ec1989289c98828c546b820c38a526694e50827ffa58aeed1293f7f949a74,8f1ca355f9f2f03980f6d356e56cb7bf758ecd487454fe0af345b201f2b6953c
active_bar,MINUTE_STATIC,cn.pair.2942b486a021c091c93cbcc688f4d52b,cn.comp.0238e96a276e79a4c41d,cn.comp.0238e96a276e79a4c41d.control,PAIR_EVALUATED,,-0.40259499,-0.2162989,-0.18629609,0.00470378,-0.01310602,0.0178098,0.40113837,0.02823296,0.37290541,431871373,1.0,active_bar,stock-minute cross-section,"CSRank(Sub(Abs(ZScore($vwap)),Abs(ZScore($open))))","CSRank(Add(ZScore($vwap),Mul(0,ZScore($open))))",5965864f1c86d12194ccfd0f06f3fb4b572fdc6852bed3da0c20d5fb2e5f52db,2c4893423fb7e333f3f2959061f4a53a89885922c9d32bc65ae7e6b669ed36d0,d9c6453448e258d6a0cc2d6d347518df7fdd8dadcfab4b955e249c09efa760a6
active_bar,MINUTE_STATIC,cn.pair.2c7df8df466d4c75cf70debcdc1fcd7b,cn.comp.2bd7e86fd7e4cad221fe,cn.comp.2bd7e86fd7e4cad221fe.control,PAIR_EVALUATED,,-0.43541675,-0.52045441,0.08503766000000001,0.00142274,-0.0132255,0.01464824,0.35501664,0.32289834,0.03211829999999999,444596168,1.0,active_bar,stock-minute cross-section,"CSRank(Sub(ZScore($amount),ZScore($open)))","CSRank(Add(ZScore($amount),Mul(0,ZScore($open))))",7d6b3549ab031739b0878cfac05135899b85371697edad150ce23058cb83628b,428d8d9b1fba1351d80807faea65cea006c041535bc46f338b75dfd2722f4b4e,4b3c45c30c92247024ada2aae0ab6418aeacef739ee1f50f393856ca59c01d9b
active_bar,MINUTE_STATIC,cn.pair.2d297326ac9069cdf5ebed6719309ed2,cn.comp.42cbfae62dffde55e935,cn.comp.42cbfae62dffde55e935.control,PAIR_EVALUATED,,-0.59557822,-0.41687482,-0.17870340000000007,-0.03888088,-0.02844188,-0.010439,0.05491709,0.03401681,0.02090028,445724675,1.0,active_bar,stock-minute cross-section,CSRank(ZScore($intraday_ret_from_open)),CSRank(Sign($intraday_ret_from_open)),f3437f04c60c78b6713f4ac0b3866ae0fb46c2e63bfd0146defa1b10da089ef7,2b725343c94351be8d7092272b0a79c00e475183a226ca72d366b89f9e9dbe88,827d4c44d2242688e43d9d598e783b9d4e4a5e4fe716eeebb388f4b40a4f58a4
active_bar,MINUTE_STATIC,cn.pair.2f0b74c4a41380cca09250c718a1879d,cn.comp.85c55074d249171a9c83,cn.comp.85c55074d249171a9c83.control,PAIR_EVALUATED,,-0.42799489,-0.15463594,-0.27335895,0.00999653,-0.01292962,0.02292615,0.52566787,0.00112295,0.5245449200000001,444596168,1.0,active_bar,stock-minute cross-section,"CSRank(SafeDiv(ZScore($open),ZScore($amount),0.05))","CSRank(Add(ZScore($open),Mul(0,ZScore($amount))))",6b42b7e892ad0aa74ef28570d650c95bcdbb3ecf90cf9c4452e20ac5e4053d89,e37ee7c099e7fb52e64ee15e54d7cf6324e1d77967ea32163e1bf2ce61b7ef1a,b609b4085bcf5998caf202249b632c1952eb18f9921935d22f4da21698d95a0d
active_bar,MINUTE_STATIC,cn.pair.2ff73cd67398e64b00eb7a7da5fc7697,cn.comp.58fa1c2cdd991c740dd6,cn.comp.58fa1c2cdd991c740dd6.control,PAIR_EVALUATED,,-0.55057726,-0.60003784,0.04946058000000009,0.0246274,-0.03899796,0.06362535999999999,0.77827766,0.05519077,0.72308689,442738657,1.0,active_bar,stock-minute cross-section,"CSRank(Mul(ZScore($intraday_ret_from_open),ZScore($pct_chg)))","CSRank(Add(ZScore($intraday_ret_from_open),Mul(0,ZScore($pct_chg))))",9ab8de38dae070d228fb9d2e27ad38ad35c636e2bd84e7ca5fbed552ae815963,ee9b1493cbd9063ca4dd7ab6333cc859cb9a0a11539633a9e4051a462c852078,3c1ede57db448f587abf9dc51036eb72b3717c069b620b169864f7c018e9a1c1
active_bar,MINUTE_STATIC,cn.pair.31aaeac1f117c6e449dc063a5355afa5,cn.comp.85fd2cc371ed18b8b08d,cn.comp.85fd2cc371ed18b8b08d.control,PAIR_EVALUATED,,-0.44152568,-0.21443501,-0.22709066999999997,0.03795559,-0.01310281,0.0510584,0.72511787,0.02824462,0.69687325,431861172,1.0,active_bar,stock-minute cross-section,"CSRank(SafeDiv(ZScore($vwap),ZScore($ret_1m),0.05))","CSRank(Add(ZScore($vwap),Mul(0,ZScore($ret_1m))))",66901acbffa25f9e67feb5bf352bf4c1251a6ed10fd77dff1353306558f73ceb,d2005231693121d6dba63b4fda50b0e6014039417f90b51289f03533db29c054,8e8b4c96bff5480add3ce62d78bb94d8023d935ccbfa53a2e9815fb049dad073
active_bar,MINUTE_STATIC,cn.pair.328f299aff7b596ad0e737d80d058bfe,cn.comp.404735a3e4ced00df74f,cn.comp.404735a3e4ced00df74f.control,PAIR_EVALUATED,,-0.39512619,-0.15606136,-0.23906482999999998,-0.00861764,-0.01295006,0.00433242,0.19772124,0.00111759,0.19660365,442738657,1.0,active_bar,stock-minute cross-section,"CSRank(Mul(ZScore($open),Abs(ZScore($pct_chg))))","CSRank(Add(ZScore($open),Mul(0,ZScore($pct_chg))))",f2a688940bb1444d848cc8ec050a21027ee7e374d49b95c89af4ef8064453a5e,816ff750876fb11e887d56857d64becd0f7b6cd30406382b197d6f6f7281dc42,bb6431b61fd256f106a8929d3b6fa6446e4869fdb5a3908b66eaf910d510d75e
active_bar,MINUTE_STATIC,cn.pair.34140af121bb2b49a8ad9be12ea47f45,cn.comp.712629b80630e93ec4ac,cn.comp.712629b80630e93ec4ac.control,PAIR_EVALUATED,,0.04412412,-1.38242392,1.42654804,0.09483674,-0.15761514,0.25245187999999996,0.81271915,0.81023202,0.002487129999999893,444580910,1.0,active_bar,stock-minute cross-section,"CSRank(SafeDiv(ZScore($ret_1m),ZScore($amount),0.05))","CSRank(Add(ZScore($ret_1m),Mul(0,ZScore($amount))))",64505e485d75a676c2ef19d40ac0bee8342ce9dbf03638eb09c2323e8e9fcfdf,94a2e003fab7be9f2dcba31a3eb0acd0f6aa7cff242160383dce00cfb8bf6be6,bc7db1546bc4bf35d07a9d8d4aeef332f8a30595d8c051f53391fba2095e02a9
active_bar,MINUTE_STATIC,cn.pair.34c55b8812a11bd1aad6e4e9354cf2e8,cn.comp.1fff00eeb515007790c8,cn.comp.1fff00eeb515007790c8.control,PAIR_EVALUATED,,0.13710979,-0.59562852,0.73273831,0.02078181,-0.03888088,0.059662690000000004,0.06145309,0.05491709,0.006536,445724675,1.0,active_bar,stock-minute cross-section,"CSRank(Mul(ZScore($intraday_ret_from_open),ZScore($open)))","CSRank(Add(ZScore($intraday_ret_from_open),Mul(0,ZScore($open))))",7b145987e3fd056c4b89ba5025168dfd6c96d156841619cf1fb95edffe126768,c558b1f747a99b20ef14035510c06e254a8fb502c71adcf6dfe8975806fddcb6,f11c29cbfb637418285546316d2d9fe9f0854c366484afb256a9303bf86ea27c
active_bar,MINUTE_STATIC,cn.pair.36b77afb4af232a759fc332b2a49bb86,cn.comp.4631c63ea0dac6b65da1,cn.comp.4631c63ea0dac6b65da1.control,PAIR_EVALUATED,,-0.32433943,-0.15424775,-0.17009168,0.01160788,-0.01292962,0.024537499999999997,0.27803249,0.00112295,0.27690954,444596168,1.0,active_bar,stock-minute cross-section,"CSRank(Mul(ZScore($open),ZScore($amount)))","CSRank(Add(ZScore($open),Mul(0,ZScore($amount))))",a4c23852db4bf0745234c45b4e162830b33f0574ffc299ecf7a5058f6b36867d,10d0bd2a7aef3dcdfdfb8c530881a92a5b04eddf64206b85914b2cd71b8c8256,ccb576d34848bdb02b402e9bcd1ecca5cb4702c20a6ab0f29f878520188b2cec
active_bar,MINUTE_STATIC,cn.pair.37ad9a2e078f85dba00123c39ed287c6,cn.comp.8b6bdbe8acd3b62c007e,cn.comp.8b6bdbe8acd3b62c007e.control,PAIR_EVALUATED,,-1.14713534,-1.38269907,0.23556372999999997,-0.09713916,-0.15760898,0.06046982000000001,0.61280727,0.81020313,-0.19739585999999998,443867086,1.0,active_bar,stock-minute cross-section,"CSRank(Sub(ZScore($ret_1m),ZScore($intraday_ret_from_open)))","CSRank(Add(ZScore($ret_1m),Mul(0,ZScore($intraday_ret_from_open))))",fa3ba3e6d40a6dd5bdc5397eba9adb19eb3530fbaecd8f2ebbe9c3fee6c8b148,bd495b4a59a22191db772d6035177c51ae8c312668998a094e70ce5aae3aa5d2,5f1447eb6012379f3c8cf86e828ca300b0607a0535b180065fcc7f9f2dcf519c
active_bar,MINUTE_STATIC,cn.pair.37b3d236a15f25986504bb0844c12a79,cn.comp.10f70e777a90d5d501e4,cn.comp.10f70e777a90d5d501e4.control,PAIR_EVALUATED,,-0.50604047,-1.37563797,0.8695975000000001,0.02169461,-0.15746365,0.17915826,0.72625263,0.80627946,-0.08002683,442738657,1.0,active_bar,stock-minute cross-section,"CSRank(SafeDiv(ZScore($pct_chg),ZScore($intraday_ret_from_open),0.05))","CSRank(Add(ZScore($pct_chg),Mul(0,ZScore($intraday_ret_from_open))))",1bc7796cf57dcaa697bd6094c2bcd5c2d35de9c27f2a094c7823592c4f1248bd,c1f160573940ad1ea1f292540790b50cc30ae2c078b90b960ff2f6bb0449e052,75ac76245e878e6da4d5b4c3594e9084b05ffd61400860f88c33491e3c28aebe
active_bar,MINUTE_STATIC,cn.pair.39bdfa9372d4bc59088ad2453cb174f9,cn.comp.494b54e8c9da3aeb8e0e,cn.comp.494b54e8c9da3aeb8e0e.control,PAIR_EVALUATED,,-0.60678103,-0.59535716,-0.011423870000000003,-0.03849449,-0.03890385,0.0004093599999999975,0.06506433,0.05514566,0.009918670000000004,443877260,1.0,active_bar,stock-minute cross-section,"CSResidual(ZScore($intraday_ret_from_open),ZScore($amount))","CSRank(Add(ZScore($intraday_ret_from_open),Mul(0,ZScore($amount))))",b04bb6f7a9a133c6d12a3f031433f5488d0678bf2c46f5b47167d8c05fbb89cd,5657dc95dced04e9b594020f348bf40503a6ed1a49cacc200bbc3a6db5702a04,c81bd225ce373f0ab56606433fde2d5749e9299c8272cd5b3fb6ef7d3b8fa36c
active_bar,MINUTE_STATIC,cn.pair.3b5139ea70dee4ccb61d8804991b6f53,cn.comp.187cff3b34fc4419ecb0,cn.comp.187cff3b34fc4419ecb0.control,PAIR_EVALUATED,,0.03957347,-1.38275871,1.4223321800000002,0.09138156,-0.15761514,0.2489967,0.80782574,0.81023202,-0.002406280000000094,444580910,1.0,active_bar,stock-minute cross-section,"CSRank(Mul(ZScore($ret_1m),ZScore($open)))","CSRank(Add(ZScore($ret_1m),Mul(0,ZScore($open))))",674be1e73809b880fdc50783e035297d7e34e54eb2fe00886d62a216f2e42c16,5550e44ba7d6d4a335b9ef2ba3b59f6984a0b555bd66b81da4c9a9a42da45335,ea82898b220eb7f3911db329dfb9f8d7a05ea6d76a1b3b2745a61ec2484b14df
active_bar,MINUTE_STATIC,cn.pair.3d599f336d7b0471e20bf818b69f1bed,cn.comp.58dbfcdc137648b6a857,cn.comp.58dbfcdc137648b6a857.control,PAIR_EVALUATED,,-1.32640409,-1.39415035,0.06774626000000006,-0.13777359,-0.15992788,0.022154289999999993,0.75581109,0.82207728,-0.06626619,430022609,1.0,active_bar,stock-minute cross-section,"CSRank(Mul(Sign($pct_chg),Abs(ZScore($vwap))))","CSRank(Add(ZScore($pct_chg),Mul(0,ZScore($vwap))))",3fbad822fbe4b8551af2fca6690615c6f3817e1197fba482a802a8522d644e0a,41a2a48daea7d663a3617052ff8d48d5b2d8ced33a81eb3fe9b7a428d71b1e2a,d2e13808edfb068ff4200c8bc4a44ba582387b54a2cb95c2123b09b661cb2b14
active_bar,MINUTE_STATIC,cn.pair.3e337244b60bce1f72ea52267195034d,cn.comp.0eecba1816decd75e85e,cn.comp.0eecba1816decd75e85e.control,PAIR_EVALUATED,,-0.21271804,-0.21418777,0.0014697300000000024,-0.01306617,-0.01310602,3.984999999999926e-05,0.02822354,0.02823296,-9.420000000003037e-06,431871373,1.0,active_bar,stock-minute cross-section,"CSRank(Mul(ZScore($vwap),Abs(ZScore($open))))","CSRank(Add(ZScore($vwap),Mul(0,ZScore($open))))",d3be6dd1db8bad6c981bf97065bb96219ea47f8bdc4d04b0aa9ea63d1a74424b,1144613b44a77a252649e7eb9955ee1af2ff0219d50496202b7b4d3f3cc253cf,d6067ea813370511d31e1d472d471dbcc1f6dd326c0bcd22da65dba06599410a
active_bar,MINUTE_STATIC,cn.pair.3e444397bc57ef8b83101d579e176480,cn.comp.32f0568899675b44f7d8,cn.comp.32f0568899675b44f7d8.control,PAIR_EVALUATED,,-0.26431997,-0.154094,-0.11022597,-0.00142274,-0.01292962,0.011506879999999999,0.11011809,0.00112295,0.10899514,444596168,1.0,active_bar,stock-minute cross-section,"CSRank(Sub(ZScore($open),ZScore($amount)))","CSRank(Add(ZScore($open),Mul(0,ZScore($amount))))",4618a1711ac10b45a4c725dbd5b853cc8895210cc4b60db385d1474617a69304,df99785731370f22a9edd9a60e1d3eaf3ea9efa46f57c56b257d1de247069590,380004a172c6a72ffe8a1a8a96b5a3d4749cba4791ca78bfbf6a971a5954c512
active_bar,MINUTE_STATIC,cn.pair.3faceb37679ac37be00d05c98068f816,cn.comp.6bf5d84ed9d17f3f2ad4,cn.comp.6bf5d84ed9d17f3f2ad4.control,PAIR_EVALUATED,,-1.37598177,-1.22270186,-0.15327991000000019,-0.15746365,-0.13581944,-0.021644209999999997,0.80627946,0.68207586,0.12420359999999997,442738657,1.0,active_bar,stock-minute cross-section,CSRank(ZScore($pct_chg)),CSRank(Sign($pct_chg)),482456610acf0510f129677f3ba82ec5326666d33e58ffd546d8950753eda057,cd3e3a334e1bff7c1af740637f4c914337a2dc332c35a0a53fe05f166db9a48c,727355d0c70b2c50b0f84241593ddccb4bad58feef517672ddb818ff36e17a9c
active_bar,MINUTE_STATIC,cn.pair.3ffa59d326db1a5b8898a084f6784807,cn.comp.5eeb93483c1a8febb667,cn.comp.5eeb93483c1a8febb667.control,PAIR_EVALUATED,,-0.59435571,-0.59864295,0.0042872400000000255,0.01496222,-0.03899796,0.053960179999999996,0.701264,0.05519077,0.64607323,442738657,1.0,active_bar,stock-minute cross-section,"CSRank(SafeDiv(ZScore($intraday_ret_from_open),ZScore($pct_chg),0.05))","CSRank(Add(ZScore($intraday_ret_from_open),Mul(0,ZScore($pct_chg))))",84ae7d1c7659b2ab8dbb78bd35deb3d915f1b210a239579c513cd96e62704def,d66dc3459e8b5f8e55d4b10698a7cf209a78fe19edebde5a4207a737b54ffded,2298f622e491370762bc45acd117d5c826862f798b9eae5dccfd4e36535352cc
active_bar,MINUTE_STATIC,cn.pair.405cd824001fda83aaa5cd865d9fa1a2,cn.comp.1a22682c66b2de0309d1,cn.comp.1a22682c66b2de0309d1.control,PAIR_EVALUATED,,-0.42339345,-0.52013687,0.09674341999999997,-0.00212384,-0.0132255,0.01110166,0.28200522,0.32289834,-0.040893120000000005,444596168,1.0,active_bar,stock-minute cross-section,"CSRank(Sub(Abs(ZScore($amount)),Abs(ZScore($open))))","CSRank(Add(ZScore($amount),Mul(0,ZScore($open))))",8aab90aabdef9f55e4c3853643d924267332e83338e2c09cb9838e9b91c35036,9cfb559f0082f58c2aab762aa533932a7566fcb143ca894fd0c60708ba73afdc,37b6d8b626f1534219fa0d38175693e8385db8c32a8964454d10d3f0e3ab85ca
active_bar,MINUTE_STATIC,cn.pair.42e1d0f6dd1f4d1b918573f2e54c9592,cn.comp.0307c42c08e6299924d7,cn.comp.0307c42c08e6299924d7.control,PAIR_EVALUATED,,-0.63448486,-1.37613772,0.74165286,-0.00670635,-0.15746365,0.1507573,0.64267581,0.80627946,-0.16360365,442738657,1.0,active_bar,stock-minute cross-section,"CSRank(Sub(Abs(ZScore($pct_chg)),Abs(ZScore($amount))))","CSRank(Add(ZScore($pct_chg),Mul(0,ZScore($amount))))",ea349f159d885bcf6fb187e0b94c684b3b02440742ca5263857401c4d065ffc8,9e529ffa85e75b45d7c007fd9967c51e2928b8c18c9d9467e3c962f5f783312b,a274eb7ffc98927fe35d240266fce5cc30143acc77d7bc79fc8ca84166ad55fc
active_bar,MINUTE_STATIC,cn.pair.44525f6bf82fc9f71e0d57a0e40a4277,cn.comp.1efd059dfc11763786a2,cn.comp.1efd059dfc11763786a2.control,PAIR_EVALUATED,,-0.25216355,-0.21577241,-0.036391140000000016,-0.01315232,-0.01310281,-4.951000000000087e-05,0.04842809,0.02824462,0.02018347,431861172,1.0,active_bar,stock-minute cross-section,"CSResidual(ZScore($vwap),ZScore($ret_1m))","CSRank(Add(ZScore($vwap),Mul(0,ZScore($ret_1m))))",06acf6bc39a693b5a83b801a599ff840316556a2395a566d8071c36fd365c140,09caf59cf6db3b2ad6b3f229836275771c71d02dac88b13ba0f56fe92089be67,746c0f0bf49bfdececa318400fae35fe6a25688da5e805ee6f11c1e21e9ff37b
active_bar,MINUTE_STATIC,cn.pair.452c08a090946f2c3d8ce1d327e39601,cn.comp.085429c60db3250d17ec,cn.comp.085429c60db3250d17ec.control,PAIR_EVALUATED,,-1.41378964,-1.41969643,0.005906789999999829,-0.13375915,-0.16007027,0.026311119999999993,0.81486428,0.82587089,-0.011006610000000028,431861172,1.0,active_bar,stock-minute cross-section,"CSRank(Sub(ZScore($ret_1m),ZScore($vwap)))","CSRank(Add(ZScore($ret_1m),Mul(0,ZScore($vwap))))",9ccb902d97e7f078bda4dd70c7165d546fc571bd5cd8e0e009d61fc93eeb1c64,1e8c7c3611deacceed10e99d6325342a0237a178d8dc2e169374341713889bb4,a5f67cc357e7f937fa6bf21495acb21ada601f302477f420b08eec6c3e4448c4
active_bar,MINUTE_STATIC,cn.pair.457b954a259e0aa5ac76cfc6ab0cd280,cn.comp.6a539e777e954ee7950a,cn.comp.6a539e777e954ee7950a.control,PAIR_EVALUATED,,0.1418739,-0.15434168,0.29621558000000003,0.02853506,-0.01289423,0.04142929,0.04194956,0.00111594,0.040833619999999994,445724675,1.0,active_bar,stock-minute cross-section,"CSRank(Sub(ZScore($open),ZScore($intraday_ret_from_open)))","CSRank(Add(ZScore($open),Mul(0,ZScore($intraday_ret_from_open))))",257af7d592aad55de5ea9f7d1a4b57a4f7b598e6024cd90ca20b783517563057,70a4ad39fd800f71e72838a641ab6a38952459d1b9f42918174621777f698da7,d92d1ee4b319556cb8f5d54f9091ee1d78da235c526d7589abdc477e2f96313d
active_bar,MINUTE_STATIC,cn.pair.49ff43371b75daf40c1088f1f96498f8,cn.comp.3a1a7712650cdd9e031e,cn.comp.3a1a7712650cdd9e031e.control,PAIR_EVALUATED,,-0.51928248,-0.21383266,-0.30544982,-0.00770242,-0.01310602,0.0054036,0.33981001,0.02823296,0.31157705,431871373,1.0,active_bar,stock-minute cross-section,"CSRank(Sub(ZScore($vwap),ZScore($open)))","CSRank(Add(ZScore($vwap),Mul(0,ZScore($open))))",903e51df53f9a25570d654f89a7bfb1fb5edcfe575b1db10b8e033a08e57c506,50ebbf3d164c83a6e4d7f5504472a41d7126b8ba559e0b6a587cf0a6df4890a0,412968bce9ccd1092c993c6739bd8dc3cdbf5b580c83848831e2841d2bddab65
active_bar,MINUTE_STATIC,cn.pair.4bf6f70b7045f2baf21d4a24d79e8a49,cn.comp.69da2fba3d2e3901a6f9,cn.comp.69da2fba3d2e3901a6f9.control,PAIR_EVALUATED,,-0.60232761,-0.5951515,-0.007176109999999958,-0.0393502,-0.03888088,-0.00046932000000000224,0.05708588,0.05491709,0.002168789999999997,445724675,1.0,active_bar,stock-minute cross-section,"CSResidual(ZScore($intraday_ret_from_open),ZScore($open))","CSRank(Add(ZScore($intraday_ret_from_open),Mul(0,ZScore($open))))",1bce8572b5c7517a0dc66974a468b70d19d694e16ccd050069278eb49e7bd60a,41b59556f71caa4bacf12a864ecd3ea99157fb2bf695528137bed4529c3cb19c,dcee3c471bbcaf73daef9bb1f60f53dd58b74ea53b61236d6b6a43f9d1e37783
active_bar,MINUTE_STATIC,cn.pair.4dd65a7a870c7e77026cec410568a191,cn.comp.0a3a15b8a670c360bdc4,cn.comp.0a3a15b8a670c360bdc4.control,PAIR_EVALUATED,,-1.43194848,-1.38265304,-0.04929543999999986,-0.14607279,-0.15761514,0.011542349999999979,0.83874917,0.81023202,0.02851714999999999,444580910,1.0,active_bar,stock-minute cross-section,"CSRank(Mul(ZScore($ret_1m),Abs(ZScore($amount))))","CSRank(Add(ZScore($ret_1m),Mul(0,ZScore($amount))))",2227685fec700ca5f05420217facb2fa47711e1d34676da4826f67e7ea08d582,f41bad5449f7e73934fdaa4257d7e80fb7307db8519ac5f87feae62f6c620706,b866e2e6cad04b02f4d3477e1b658c5b75c7da7b176d3a2094d512c8aeff1b1b
active_bar,MINUTE_STATIC,cn.pair.4e921854d773831c5c4b64161e28cc5b,cn.comp.98b728d524dc85d280b8,cn.comp.98b728d524dc85d280b8.control,PAIR_EVALUATED,,-1.39927282,-1.38244477,-0.016828049999999983,-0.13059569,-0.15761514,0.02701945,0.80163528,0.81023202,-0.008596740000000103,444580910,1.0,active_bar,stock-minute cross-section,"CSRank(Sub(ZScore($ret_1m),ZScore($open)))","CSRank(Add(ZScore($ret_1m),Mul(0,ZScore($open))))",9704d5a00da5a2fcb188f600ad16cb4ad40972549a1f3d007124a199903db4d5,ed5a454c3cc274afdcb18ec467f0950a557c8e51d3812d287a83cc2ac2f5fdf6,21e27bf3e55acdf91c5bd221cb23795de4cfc4894dc03c83f584e511743943d8
active_bar,MINUTE_STATIC,cn.pair.50a7c0c58180ec661cfc5d1755226c55,cn.comp.54433718c15213357c8c,cn.comp.54433718c15213357c8c.control,PAIR_EVALUATED,,-1.4542789,-1.41960697,-0.03467193000000002,-0.15865733,-0.16007027,0.0014129399999999737,0.85881561,0.82587089,0.03294471999999993,431861172,1.0,active_bar,stock-minute cross-section,"CSResidual(ZScore($ret_1m),ZScore($vwap))","CSRank(Add(ZScore($ret_1m),Mul(0,ZScore($vwap))))",44f87bb9fd77469de8e8a446ace705d54150849541239b416ce8652035dee034,8fe87c0eb61c69e034ea24a57c1e3188e8eaab41cf281fcb8ccf3416e457c61b,dfb942da5cd73c32dc34afd32412f79f66ccdb2fbff152d3dc1ab3b2ce10ce51
active_bar,MINUTE_STATIC,cn.pair.5309172bae5011398e3a0823ade39485,cn.comp.8d956a2e1d285042773e,cn.comp.8d956a2e1d285042773e.control,PAIR_EVALUATED,,-0.51604446,-0.61113646,0.09509199999999995,-0.02674134,-0.03877679,0.01203545,0.07346457,0.07092999,0.0025345800000000085,431154033,1.0,active_bar,stock-minute cross-section,"CSRank(Mul(Sign($intraday_ret_from_open),Abs(ZScore($vwap))))","CSRank(Add(ZScore($intraday_ret_from_open),Mul(0,ZScore($vwap))))",2e773bef58f46bff57be2a2b66f8278a7dbbc881fc159a52a860ed07ac9667e2,4932f6dff761c033b495b15de9695e7af20f9dc6f602b34412ab4af30f907370,f04cf61182a53e1ff7cd9910ad3490c93b3b5bfdbcffa676a84ae5f92980931c
active_bar,MINUTE_STATIC,cn.pair.550a143ed5c66f1e5523dbbcd6cd5bb3,cn.comp.714faa733600d3921523,cn.comp.714faa733600d3921523.control,PAIR_EVALUATED,,-1.40908755,-1.41979189,0.010704339999999979,-0.14853769,-0.16007027,0.011532579999999987,0.80651481,0.82587089,-0.019356079999999998,431861172,1.0,active_bar,stock-minute cross-section,"CSRank(Mul(ZScore($ret_1m),Abs(ZScore($vwap))))","CSRank(Add(ZScore($ret_1m),Mul(0,ZScore($vwap))))",b94e7eb8795354ad206fa7465a7ff9066d01aba55716a362679cb2d87c0c8434,5c56dda532adab14df5f7850ecdf1f786d29f207b7b6336dfcbee23d393cbce2,6a6400bba4468668731987216207e9e0329bf4e8c8fb6040b2536e829b68725e
active_bar,MINUTE_STATIC,cn.pair.5631f8c23520f4fe92baabcc76b17b21,cn.comp.6d658628a97083c00a68,cn.comp.6d658628a97083c00a68.control,PAIR_EVALUATED,,-0.63036491,-1.39389332,0.7635284100000002,-0.00745928,-0.15992788,0.15246859999999998,0.63464003,0.82207728,-0.18743725,430022609,1.0,active_bar,stock-minute cross-section,"CSRank(Sub(Abs(ZScore($pct_chg)),Abs(ZScore($vwap))))","CSRank(Add(ZScore($pct_chg),Mul(0,ZScore($vwap))))",466a6bf3bb7b89d9a3085d867709f1447361f52273061dc3699db7bd4e2b4466,e4772e80345f83de6704fcac69a3fee8b0ee58f91191474e99c85b948e640dab,e83bc5a782eb9cc7f0a99aab659529de5f218bce90f52d377ca41deec387b2af
active_bar,MINUTE_STATIC,cn.pair.584caa27bf6bcb3b8cdb6234545e3d09,cn.comp.554f365668f6f1436723,cn.comp.554f365668f6f1436723.control,PAIR_EVALUATED,,-1.41362942,-1.39451434,-0.01911507999999995,-0.13370818,-0.15992788,0.026219699999999985,0.81493567,0.82207728,-0.0071416100000000204,430022609,1.0,active_bar,stock-minute cross-section,"CSRank(Sub(ZScore($pct_chg),ZScore($vwap)))","CSRank(Add(ZScore($pct_chg),Mul(0,ZScore($vwap))))",b3b481474462a2f97cf3621783e11e99e52bb4bca5738e8d034e4e131fb84e38,14791b673def38339afd1aafbc06e98981efb24e0eb26e94f1034f0df1328c7a,95f8e71aeeb0658407a673b8370cdb32802eca65a0adf1545654b7ec57cc919e
active_bar,MINUTE_STATIC,cn.pair.5ba39d58816dba18d6bda65cc0d6933a,cn.comp.4729ab5b05d461049599,cn.comp.4729ab5b05d461049599.control,PAIR_EVALUATED,,-0.45520329,-0.15493905,-0.30026423999999996,0.00717545,-0.01295006,0.02012551,0.4322978,0.00111759,0.43118021,442738657,1.0,active_bar,stock-minute cross-section,"CSRank(Sub(Abs(ZScore($open)),Abs(ZScore($pct_chg))))","CSRank(Add(ZScore($open),Mul(0,ZScore($pct_chg))))",bbf126a0abbc2272f946d2785d3fbd9d5bd0c94110e21a9e94391a1193cf767b,678a51291451676a2f752d284f966fa5a874f96a3ef9bda6c330170502c1d76e,1a564897c77d5ea227f48694ba6a37ca0e8b6a035125118cde695a55543c8517
active_bar,MINUTE_STATIC,cn.pair.61cfbdf6604ebc11439d26fafc769061,cn.comp.96e1640d16a25af7fe66,cn.comp.96e1640d16a25af7fe66.control,PAIR_EVALUATED,,-0.61741367,-0.61072239,-0.006691280000000077,-0.03916043,-0.03877679,-0.00038364000000000453,0.07179798,0.07092999,0.000867989999999999,431154033,1.0,active_bar,stock-minute cross-section,"CSResidual(ZScore($intraday_ret_from_open),ZScore($vwap))","CSRank(Add(ZScore($intraday_ret_from_open),Mul(0,ZScore($vwap))))",5e1f2179b42574eedc5baba6e3690e716cd047a8d2a9021fa9dde130ac9412c5,54b116b3df61bd4cb110adb118c9bfd5fa0988704f96c43e30ee3fb9816fd617,59fd4bef0685db43aa401be42ae806e15a79923e1d1615a272eaa3eaf8c4891a
active_bar,MINUTE_STATIC,cn.pair.62b3e625ac62929defddefa822e52e29,cn.comp.13837b7775e876d622e5,cn.comp.13837b7775e876d622e5.control,PAIR_EVALUATED,,-0.55511724,-0.59446805,0.03935081000000007,-0.02853506,-0.03888088,0.010345819999999999,0.06009462,0.05491709,0.00517753,445724675,1.0,active_bar,stock-minute cross-section,"CSRank(Sub(ZScore($intraday_ret_from_open),ZScore($open)))","CSRank(Add(ZScore($intraday_ret_from_open),Mul(0,ZScore($open))))",ec4f116bc27289a94aff9a10b6b6c855de17b9902e442ce4d56fc7830f0cf574,4f91845b79d0bbb08602a4c52f6e4d31b0d25fbc0e38545a72635d92a8089068,dc3232da3f083e2d6f700df3b18157be2e183da1e398c636573f4e3c50ec099b
active_bar,MINUTE_STATIC,cn.pair.63be7ed15f4e7ff67b2d661392e450db,cn.comp.997b1a07153224c4baa9,cn.comp.997b1a07153224c4baa9.control,PAIR_EVALUATED,,-0.41913453,-0.15373611,-0.26539842,0.00212384,-0.01292962,0.01505346,0.32678647,0.00112295,0.32566352,444596168,1.0,active_bar,stock-minute cross-section,"CSRank(Sub(Abs(ZScore($open)),Abs(ZScore($amount))))","CSRank(Add(ZScore($open),Mul(0,ZScore($amount))))",39745414f746c4328c95303f30747fe06eede5101ed5bde37fd1927bb73cf5ab,f415f1a7bf6461d475a881957bf8f11164bb1138c400673397169a8bd6e887f1,326563a153bfb788976b5f9399eb4d4e7f2258b09e170a63a8a10b58f71053b2
active_bar,MINUTE_STATIC,cn.pair.66289e480cd3d4f7ff7201cc6f4da8b9,cn.comp.a467fce80a00bda7f042,cn.comp.a467fce80a00bda7f042.control,PAIR_EVALUATED,,-0.42739082,-0.21548326,-0.21190756,0.00236613,-0.01310602,0.01547215,0.34343587,0.02823296,0.31520291,431871373,1.0,active_bar,stock-minute cross-section,"CSRank(Sub(Abs(ZScore($vwap)),Abs(ZScore($amount))))","CSRank(Add(ZScore($vwap),Mul(0,ZScore($amount))))",2bf4145ee0c6d16d0ee2ff5743f509aff5e1f1df1f7bfb61b543d6a15415849f,a7f7f9150a9fc7de4df2638e40cdafb8a44a48d1ed2dfc22071c0da27d621cc4,8be735bcfda40ab9ddf31d1b6d4a35eb55895d4739fbbefe048634d15e35c1b8
active_bar,MINUTE_STATIC,cn.pair.6951e5dbff38dcc97bf6b0ecd835c3ec,cn.comp.8ce6bb554b8d5ad630ff,cn.comp.8ce6bb554b8d5ad630ff.control,PAIR_EVALUATED,,-0.62756213,-1.41909962,0.7915374899999998,-0.0075355,-0.16007027,0.15253477,0.6343269,0.82587089,-0.19154399,431861172,1.0,active_bar,stock-minute cross-section,"CSRank(Sub(Abs(ZScore($ret_1m)),Abs(ZScore($vwap))))","CSRank(Add(ZScore($ret_1m),Mul(0,ZScore($vwap))))",e35f506bb2043a457e12292f1f42bfbdfd58e5c869196520840101cfe1018b07,cb25e68c6ca125d15bce065e112f62e32bbaeaa0b791e58ae63edd6f15f67c12,dbb15f67dcd9d48facadf3500df96c6029dd7d2ab300ad7e39df3ee0afcf4104
active_bar,MINUTE_STATIC,cn.pair.6a13c91de6aa88cfdc69f5e33d7adcb9,cn.comp.669899183c15781ca31a,cn.comp.669899183c15781ca31a.control,PAIR_EVALUATED,,-1.34326189,-1.38242605,0.039164160000000114,-0.13551382,-0.15760898,0.022095160000000003,0.77424839,0.81020313,-0.035954739999999985,443867086,1.0,active_bar,stock-minute cross-section,"CSRank(Mul(ZScore($ret_1m),Abs(ZScore($intraday_ret_from_open))))","CSRank(Add(ZScore($ret_1m),Mul(0,ZScore($intraday_ret_from_open))))",19b635eefe02676ef1726194cf7de932eb9bdb55f4c2ddc8d1286e6af336574a,24e91236f21f554c5c4de731a341424af3fc8bc840b37a6fc0d6aac215679bf6,f7e3ff1ca39b67e1f3b70e92d2fd4ec7c36fe14702ded6c0dda2f79ddae25b4c
active_bar,MINUTE_STATIC,cn.pair.6b78fbf5ace315cb31a02e9c39564638,cn.comp.2239591c57e56976ac07,cn.comp.2239591c57e56976ac07.control,PAIR_EVALUATED,,-0.5241213,-0.21665483,-0.30746647000000005,-8.7e-07,-0.01310602,0.01310515,0.49999724,0.02823296,0.47176428000000004,431871373,1.0,active_bar,stock-minute cross-section,"CSRank(Mul(Sign($vwap),Abs(ZScore($amount))))","CSRank(Add(ZScore($vwap),Mul(0,ZScore($amount))))",18de1116516c39beba4d2e4ebdea3333952ccfab63409417f52c98040969106c,56e3868e2f47bacc93690f492be7bcde53b06e14f188036954854cf0577a23af,6a334b55593ac0f71e7aa935d5dc7299426fc535254602069429fc1c43d2f988
active_bar,MINUTE_STATIC,cn.pair.6d3a95cbf2a49d3117ca17d66c08a51e,cn.comp.2036ee4544854486e454,cn.comp.2036ee4544854486e454.control,PAIR_EVALUATED,,-0.08513691,-0.52764867,0.44251176000000003,0.00096617,-0.01359794,0.01456411,0.02952432,0.32493753,-0.29541321,431871373,1.0,active_bar,stock-minute cross-section,"CSRank(Mul(Sign($amount),Abs(ZScore($vwap))))","CSRank(Add(ZScore($amount),Mul(0,ZScore($vwap))))",be28544775f8803a34f05a05060fb909c86fdf221d9a3264d00a7faadcb4a35d,946bb3ee3d8a30bc25868166ab418acba0e6e8f452918e10aefc43cb44339d45,89844b1408c0d642ea69a44e71834d4ef99ab97bb1393801def2d9fd569ee933
active_bar,MINUTE_STATIC,cn.pair.6d3fdacce5a50b091d4efd77f9ca227c,cn.comp.182f76bd535101a666f4,cn.comp.182f76bd535101a666f4.control,PAIR_EVALUATED,,-0.05425337,-0.1565954,0.10234203,0.13053431,-0.01295006,0.14348436999999997,0.62302133,0.00111759,0.62190374,442738657,1.0,active_bar,stock-minute cross-section,"CSRank(Sub(ZScore($open),ZScore($pct_chg)))","CSRank(Add(ZScore($open),Mul(0,ZScore($pct_chg))))",546702d1b72685b80272f1f81a844b227d251cb8fd6d46b92d055da284a0d58a,cfdd8aef18c7c02ca0c6a72a8cfaf67bee4938e8baa9064c1d853ba785063de0,13339c25a9f111aa7f785bbc9ac8c33613a6c0df074e0147355114b656f5b907
active_bar,MINUTE_STATIC,cn.pair.6dacfeda03f8bd1fe02d59232cb022c6,cn.comp.17f25e181aa73917e93b,cn.comp.17f25e181aa73917e93b.control,PAIR_EVALUATED,,-0.43500555,-0.21603601,-0.21896954000000002,0.01006378,-0.01310602,0.023169799999999997,0.53885673,0.02823296,0.51062377,431871373,1.0,active_bar,stock-minute cross-section,"CSRank(SafeDiv(ZScore($vwap),ZScore($amount),0.05))","CSRank(Add(ZScore($vwap),Mul(0,ZScore($amount))))",aa6d594719624b50f8a864aafe0b3878db3b793a76e600cf4877679e35ed643e,ece6a4005cefc495c28539ccf00f8cf7bf0a7e2e9a5ebb0432210006af57cc15,89986bc0e774528701caef4abce2b99235a37c86738b8dd17efd5de15befb29c
active_bar,MINUTE_STATIC,cn.pair.6f9c35a10ab1405bbc14a20315e14739,cn.comp.30ec96400e19e7177a71,cn.comp.30ec96400e19e7177a71.control,PAIR_EVALUATED,,0.03202814,-0.15645664,0.18848478000000002,0.09150977,-0.01295006,0.10445983,0.80780682,0.00111759,0.80668923,442738657,1.0,active_bar,stock-minute cross-section,"CSRank(Mul(ZScore($open),ZScore($pct_chg)))","CSRank(Add(ZScore($open),Mul(0,ZScore($pct_chg))))",2cfcb86885de4f6f8050cb8b206f93ec04198fefd3d256276f707ee7647d2d2d,5bbae93ffcf5c7b3b1cc37136bbe696d801ff5d7701f7bf11ebad29a7e9a9010,6142afb7bc5fd129aa778baa44f0f02d02030b8c0afaa83f16382b7873f0b52f
active_bar,MINUTE_STATIC,cn.pair.707562d81f5ad86d29bc30a68e2089c5,cn.comp.332d9a34d032dc19d599,cn.comp.332d9a34d032dc19d599.control,PAIR_EVALUATED,,-0.22698269,-0.21265795,-0.014324739999999975,0.01266825,-0.01309836,0.025766610000000002,0.13680865,0.02827003,0.10853862,431154033,1.0,active_bar,stock-minute cross-section,"CSRank(Sub(Abs(ZScore($vwap)),Abs(ZScore($intraday_ret_from_open))))","CSRank(Add(ZScore($vwap),Mul(0,ZScore($intraday_ret_from_open))))",711e1679ab188747635a8f39bcdf53a5d9a700b23f3c336437b0ea9ab6035d21,263adc0de0a47a99b3e96f87c85ff1a7a4cdcd8f4145ce08967ffe1b61bba0e5,20bd2c57c4cad9c6cca6ef2e1f6ba4c988b6579fa30e4a7887f708491457fcbb
active_bar,MINUTE_STATIC,cn.pair.709010ed78d4d2def4addd5499353d4b,cn.comp.a12fb36db8474d633ee5,cn.comp.a12fb36db8474d633ee5.control,PAIR_EVALUATED,,-1.14692759,-1.37562647,0.22869888000000005,-0.09656087,-0.15746365,0.06090278000000002,0.61335408,0.80627946,-0.19292537999999992,442738657,1.0,active_bar,stock-minute cross-section,"CSRank(Sub(ZScore($pct_chg),ZScore($intraday_ret_from_open)))","CSRank(Add(ZScore($pct_chg),Mul(0,ZScore($intraday_ret_from_open))))",909b892862a0b990390dc40e2daef49ec5855b73b5127315fb0bc8e708966764,95fd113d9cf7202973f86309a3702ccd3b95a62db28add08a21a81c893ad972e,bc677b28a7ae5e8c0e4e4a7d92812d2d5a9425d6bd0921db13f7876c45a5bc2e
active_bar,MINUTE_STATIC,cn.pair.71f8976c26c25fb801a05729cc7531cc,cn.comp.4850ee611650b2b9d49d,cn.comp.4850ee611650b2b9d49d.control,PAIR_EVALUATED,,-1.39915173,-1.37545175,-0.023699979999999954,-0.13053431,-0.15746365,0.026929340000000024,0.8016175,0.80627946,-0.004661959999999965,442738657,1.0,active_bar,stock-minute cross-section,"CSRank(Sub(ZScore($pct_chg),ZScore($open)))","CSRank(Add(ZScore($pct_chg),Mul(0,ZScore($open))))",4e83baa2653bab9a1af7c7a1704b99e2c206b17b4aee152336d3a6103c64f21e,41f0fbce056aaf32296b7107608243a7fd2a91e90c0f571ecf08a0c0087e3555,9a566cf372f58b5f4485430ba97fa5e69c5e07e5ba75757ebf49e2ceba613526
active_bar,MINUTE_STATIC,cn.pair.726011979d9cd807ceb72bc3f291f725,cn.comp.2a59f34a2cbe4f24080b,cn.comp.2a59f34a2cbe4f24080b.control,PAIR_EVALUATED,,-1.38280736,-1.37550458,-0.007302779999999842,-0.14541762,-0.15746365,0.012046030000000013,0.80088257,0.80627946,-0.0053968899999999875,442738657,1.0,active_bar,stock-minute cross-section,"CSRank(Mul(ZScore($pct_chg),Abs(ZScore($open))))","CSRank(Add(ZScore($pct_chg),Mul(0,ZScore($open))))",806abdb78a52e8d79ae1f9f60bbdaedad2ff1a57497994542b4424630d2635d1,bc51716b8873f14789dc9ed8263348324cb5d5be12d02ae9ce0027e21e0eb86f,3265e87051edbc8f8f899bfd730f02c944a588801ee7920fb2a4800f11414658
active_bar,MINUTE_STATIC,cn.pair.7524bf68deb0cbae5db7d7a5c1a36523,cn.comp.922a98f87dc015215a77,cn.comp.922a98f87dc015215a77.control,PAIR_EVALUATED,,-1.44748731,-1.38268749,-0.06479982000000017,-0.15582397,-0.15761514,0.0017911699999999808,0.85409661,0.81023202,0.04386458999999998,444580910,1.0,active_bar,stock-minute cross-section,"CSResidual(ZScore($ret_1m),ZScore($open))","CSRank(Add(ZScore($ret_1m),Mul(0,ZScore($open))))",c428b98ffe1f8493d87f41a7dcbd3c69707c27fe56429876fa049c283a4365c5,624d7ab3ab985432304b47ea21f0a22be6380df25a19eb4bc4cc934ae5053745,44b006a00ce35547c9bd00c99ace8bcca6537d875c8c4084208035c9c2cda0cc
active_bar,MINUTE_STATIC,cn.pair.75b7d789b4a851783d472307b4a8a482,cn.comp.0b7c3fd98de5b66f2fbd,cn.comp.0b7c3fd98de5b66f2fbd.control,PAIR_EVALUATED,,-0.61713715,-0.61085483,-0.006282320000000063,-0.03778575,-0.03877679,0.0009910399999999986,0.07439361,0.07092999,0.0034636200000000006,431154033,1.0,active_bar,stock-minute cross-section,"CSRank(Mul(ZScore($intraday_ret_from_open),Abs(ZScore($vwap))))","CSRank(Add(ZScore($intraday_ret_from_open),Mul(0,ZScore($vwap))))",2aff3fb4e669a31b923a82f402f99b79733d5d3e30791a1fbd93b2ae6067255d,2382a1d6d664c49a3d9ba35bb8cac68cad78d300f4688f3d08c632f2d88c07c2,1051a3a1af4c3d5f7fca799fb9650c98f273a55cb718cbf5903aff5214b44e7f
active_bar,MINUTE_STATIC,cn.pair.774999aead4906f47ef0eab0745e6144,cn.comp.8cf9ec6a71566fa59289,cn.comp.8cf9ec6a71566fa59289.control,PAIR_EVALUATED,,-0.63976467,-1.38209498,0.7423303099999999,-6.823e-05,-0.15747322,0.15740499,0.66671169,0.81008238,-0.14337069000000002,442738657,1.0,active_bar,stock-minute cross-section,"CSRank(Sub(Abs(ZScore($ret_1m)),Abs(ZScore($pct_chg))))","CSRank(Add(ZScore($ret_1m),Mul(0,ZScore($pct_chg))))",1d7b5ec4b28a9c9c395388804877eb52afdef33ba4b37bc9c29523420563150c,ec4e05dae3760b67b438d6540cecf9a3a98faba96c8a8a8c8c99b2c699089f2e,32186d13ff615d073868dcf5896020fb64bb25646e23f32ce74050d371795770
active_bar,MINUTE_STATIC,cn.pair.7c428c582d2a39fdfd392b8433a399c4,cn.comp.9d6444083448b47e2ed9,cn.comp.9d6444083448b47e2ed9.control,PAIR_EVALUATED,,0.02408435,-1.37578792,1.3998722700000001,0.09456083,-0.15746365,0.25202448,0.81263331,0.80627946,0.006353850000000105,442738657,1.0,active_bar,stock-minute cross-section,"CSRank(SafeDiv(ZScore($pct_chg),ZScore($amount),0.05))","CSRank(Add(ZScore($pct_chg),Mul(0,ZScore($amount))))",76da5ec1bf340d9ff3c42e74e74496ed5c1b4b40b93649fc3a362dfe6f9299bd,7e2ef8425a84a601b40c0e637363a0bababb7871997f3ea436fa01ee10802b0b,b374f1f2de5d7a5854289095f3f2f84fe82df0069145bf8c3dc46085b19abc8a
active_bar,MINUTE_STATIC,cn.pair.807826d59a47154357d46d28743172bd,cn.comp.242af3158e4095f75444,cn.comp.242af3158e4095f75444.control,PAIR_EVALUATED,,-0.44286457,-0.21621321,-0.22665136000000002,0.03797273,-0.01312708,0.05109981,0.72497112,0.02832772,0.6966433999999999,430022609,1.0,active_bar,stock-minute cross-section,"CSRank(SafeDiv(ZScore($vwap),ZScore($pct_chg),0.05))","CSRank(Add(ZScore($vwap),Mul(0,ZScore($pct_chg))))",53644b825c820b394d1214b2094f94432168e51f1d0535238df35d9572598739,52f35cc20ffa364d9b28294d06f2eff8d43c5acedd9ee514afbbc5195e779db8,9b21663f122a7db4e174b8fbcbc311a69b4327add1f031db3d7d0d20573d5161
active_bar,MINUTE_STATIC,cn.pair.8288f4de33ef15f83ca3b8bfb9ac69b2,cn.comp.2b52030593dd1e8a0557,cn.comp.2b52030593dd1e8a0557.control,PAIR_EVALUATED,,-0.55542209,-0.52057509,-0.03484699999999996,0.00679596,-0.01322555,0.02002151,0.6177401,0.32291418,0.29482592,444580910,1.0,active_bar,stock-minute cross-section,"CSRank(Sub(Abs(ZScore($amount)),Abs(ZScore($ret_1m))))","CSRank(Add(ZScore($amount),Mul(0,ZScore($ret_1m))))",1e470c55129339c7ad8fc19c23a5e22ace89c46097bd2fa3628c4432b33fd0ab,a9c30a2abe350fed9f62c8e4bed04563b0630b7c4cf23a1cc5c8d94b7cb73498,bd70b3b5b9793f530e44653adead5658a72b1dfd5f2f9ecd62d9cca800ecdd4c
active_bar,MINUTE_STATIC,cn.pair.838d07c0b9b515b27eaf2c942776c7ac,cn.comp.9b7a33a4a3a7a5ce6b31,cn.comp.9b7a33a4a3a7a5ce6b31.control,PAIR_EVALUATED,,-0.24064983,-0.59655722,0.35590739,-0.01209186,-0.03888088,0.02678902,0.06076177,0.05491709,0.005844679999999998,445724675,1.0,active_bar,stock-minute cross-section,"CSRank(Sub(Abs(ZScore($intraday_ret_from_open)),Abs(ZScore($open))))","CSRank(Add(ZScore($intraday_ret_from_open),Mul(0,ZScore($open))))",fa83751f6d60c0430724f1c10ed6f8d78b63154f16e522a8c18a53e91d37750e,9352cef56bec17a2d187274bab30837f4525420dda0f1dbae1e67f04b5f0c6e8,679cc0fd64a81269b0253b70f170d5fd58855f67bc53e75f2507751826d7d8b7
active_bar,MINUTE_STATIC,cn.pair.845dd7fc434aa7120b083ea7fb3f40e3,cn.comp.591b47f6fefe4d49893e,cn.comp.591b47f6fefe4d49893e.control,PAIR_EVALUATED,,-0.73375162,-1.37586885,0.64211723,0.00017508,-0.15746365,0.15763873,0.75287065,0.80627946,-0.05340880999999997,442738657,1.0,active_bar,stock-minute cross-section,"CSResidual(ZScore($pct_chg),ZScore($ret_1m))","CSRank(Add(ZScore($pct_chg),Mul(0,ZScore($ret_1m))))",3962acc62ab86d620eccf6f878a25d2a33d85d73c62ab535dc8a972aa48166a6,f470e5a4a7442053828a88f848a94653110d4897920f11c2f1e5ae031d09c5f7,2041ffa3a0d2a90dc284f9c46df3d21b273c95e34a3e5342c76277abb42254ba
active_bar,MINUTE_STATIC,cn.pair.87385813d1c230bc968a56b0ccebf444,cn.comp.a78e39b3e4265be26734,cn.comp.a78e39b3e4265be26734.control,PAIR_EVALUATED,,-0.50051729,-0.5953855,0.09486821000000001,-0.02683039,-0.03888088,0.01205049,0.05162796,0.05491709,-0.0032891300000000012,445724675,1.0,active_bar,stock-minute cross-section,"CSRank(Mul(Sign($intraday_ret_from_open),Abs(ZScore($open))))","CSRank(Add(ZScore($intraday_ret_from_open),Mul(0,ZScore($open))))",566f2112e71e946f942faed123a9577d78096ede84ec97d2b0c46e42367ffb08,102e7cbba351814f28115c1462a25394e3326782ca5b8452688a67030142367c,2fd10b26553acf845af3baa391fffdcd29557e565b09838800efb61df4a7dbbe
active_bar,MINUTE_STATIC,cn.pair.87e2c7affdfca3c37a1c2882763de1dd,cn.comp.9afeab53f02bb21b4967,cn.comp.9afeab53f02bb21b4967.control,PAIR_EVALUATION_BLOCKED,control_signal_empty_or_constant,-0.2138326,-0.35389645,,-0.01310602,,,0.02823296,0.02089478,0.00733818,431871373,1.0,active_bar,stock-minute cross-section,CSRank(ZScore($vwap)),CSRank(Sign($vwap)),0dd602123254af943d86d00b0843cf314cc0f6ef3d7deb3e5bdcf97c0e0feb4c,3e134795517a862e4ceb02c310297a2d19814afa5e7c1b940c6e707da0f15cb4,464ad14a7cb008530d7744c6cf8b6a3121ca9ddeeac6440c5236f5f13b607754
active_bar,MINUTE_STATIC,cn.pair.8c61b9e4b9661596c868385b63d6b18b,cn.comp.1e560c9e2dde0f0645f0,cn.comp.1e560c9e2dde0f0645f0.control,PAIR_EVALUATED,,-0.09128179,-0.51933052,0.42804873,0.00044716,-0.0132255,0.01367266,0.03160404,0.32289834,-0.2912943,444596168,1.0,active_bar,stock-minute cross-section,"CSRank(Mul(Sign($amount),Abs(ZScore($open))))","CSRank(Add(ZScore($amount),Mul(0,ZScore($open))))",99b165d9a44cf22fb6dc7a04822075d2f8775d5320f3c9e40b15e415824d6241,4a6bad76d60df2ddd09396f887908da9dd4e4d076b6533c43150d57cabeee1f6,45f724f3c0228384914320c45ba564af8d365c44e0add681e73aadd5420d57b1
active_bar,MINUTE_STATIC,cn.pair.8e3fab81193d46ab679cc0df0afd030b,cn.comp.02360327788befbda230,cn.comp.02360327788befbda230.control,PAIR_EVALUATED,,0.0540104,-1.39478449,1.4487948899999998,0.09414967,-0.15992788,0.25407755,0.81416904,0.82207728,-0.00790824000000001,430022609,1.0,active_bar,stock-minute cross-section,"CSRank(Mul(ZScore($pct_chg),ZScore($vwap)))","CSRank(Add(ZScore($pct_chg),Mul(0,ZScore($vwap))))",335ff5b6b58d62b409186ca7e68882368e73f225b264b85b6f6dc2f9d0034e4d,90e9a4467d259ceaed0d6ce3561224797eaa4fa5fd0f1937e33149fc4835da1d,99e129b74a040eeef2e61bae0daa8f890f342b087074defdf4288c5d615c9d26
active_bar,MINUTE_STATIC,cn.pair.8ee242dac38d1e93f76fd59643d8d696,cn.comp.6f05a66c467eb69d56ea,cn.comp.6f05a66c467eb69d56ea.control,PAIR_EVALUATED,,-0.44550331,-0.52623912,0.08073580999999996,-0.00236613,-0.01359794,0.011231809999999998,0.31049835,0.32493753,-0.014439179999999996,431871373,1.0,active_bar,stock-minute cross-section,"CSRank(Sub(Abs(ZScore($amount)),Abs(ZScore($vwap))))","CSRank(Add(ZScore($amount),Mul(0,ZScore($vwap))))",9055b34dfb0c2de28ed893f4ab8fd6d1fbbc9bef6a76bce7d4577c902bdf8f48,127052fc1c069fa060f82bd43a21dfa316a442ebb6265d551b150e73ad06c0d6,6b086f2ec1fecff8e3be3343105e2cc6d80ef0aef3c9d77ba8d52c945cf69623
active_bar,MINUTE_STATIC,cn.pair.9097f6809341e46cf1eb83a8358fd77e,cn.comp.7ca801e274d8234c8d86,cn.comp.7ca801e274d8234c8d86.control,PAIR_EVALUATED,,-0.251081,-0.15553628,-0.09554472,-0.01412989,-0.01289423,-0.0012356600000000013,0.06173701,0.00111594,0.06062107,445724675,1.0,active_bar,stock-minute cross-section,"CSRank(Mul(Sign($open),Abs(ZScore($intraday_ret_from_open))))","CSRank(Add(ZScore($open),Mul(0,ZScore($intraday_ret_from_open))))",836035f23381b298cdcce6a69df6fa976c50141b2972b464d1e0aa69125772cb,88cb7ce8d8030de6047c7451ad44494b9517e87bdf801077fc27e7d7a85cf064,40be136c80c52d0db76a947e4742cdc9c50c380a718c6efe73fa36bbb1b26944
active_bar,MINUTE_STATIC,cn.pair.914dbf4112f2f48e76e3c92ec5c16c18,cn.comp.38819ed43f9ce06cf97b,cn.comp.38819ed43f9ce06cf97b.control,PAIR_EVALUATED,,-0.20418884,-0.52616557,0.32197672999999993,0.02515731,-0.0133251,0.038482409999999995,0.35213303,0.32332385,0.02880917999999999,442738657,1.0,active_bar,stock-minute cross-section,"CSResidual(ZScore($amount),ZScore($pct_chg))","CSRank(Add(ZScore($amount),Mul(0,ZScore($pct_chg))))",00a8a3f0ddd156b3b74b1dfe7316c8237caef90b360ae11e44c01d543506c93c,92b79479b2c9a0304d5a096578ac845cff3abca9c744c49346fdd8c699aa5889,6b91bd194248e4ef74d27e7d75c6da2a7b452a95ccf9d34625bdbb59c9d34414
active_bar,MINUTE_STATIC,cn.pair.92fa11e583c93c8e80583d38452ddd3d,cn.comp.8e066a5c387a56b0267b,cn.comp.8e066a5c387a56b0267b.control,PAIR_EVALUATED,,-0.41418715,-0.59873343,0.18454628,-0.02480585,-0.03899796,0.014192109999999997,0.05661692,0.05519077,0.001426150000000001,442738657,1.0,active_bar,stock-minute cross-section,"CSResidual(ZScore($intraday_ret_from_open),ZScore($pct_chg))","CSRank(Add(ZScore($intraday_ret_from_open),Mul(0,ZScore($pct_chg))))",21315cf5894ce77bb1e8c60af87b1bd6975465af9617367aa776e8cfed1df2b3,e37d48c611d526b81e6ce1f0f800d390a686bebb9720635e182f92bf9d51f92d,53f37f4cd974d08391782a5703223ccb3c888f6ee2a7ca87948ac1ea29eb9b2b
active_bar,MINUTE_STATIC,cn.pair.935a31a9ea151cdaac68f9ff6149177b,cn.comp.898b9b050701d077af31,cn.comp.898b9b050701d077af31.control,PAIR_EVALUATED,,-0.50126293,-0.51968823,0.018425299999999978,-0.0088865,-0.01322555,0.0043390500000000005,0.33796704,0.32291418,0.015052860000000001,444580910,1.0,active_bar,stock-minute cross-section,"CSRank(Mul(ZScore($amount),Abs(ZScore($ret_1m))))","CSRank(Add(ZScore($amount),Mul(0,ZScore($ret_1m))))",cfbba7300b420c691d909fbdc0d687055a119b50d0e2c5e51acc7bc32132a221,7122b634b1f415fcbef4978c1f5d2f317bb12ebed6faf489502f63bf12b31d00,cf6828d73d3c115ddb549479f632e27d633052f378b7f6feeb34d228b53e5cbc
active_bar,MINUTE_STATIC,cn.pair.937d2febe1a0cd16a2e54afcc14784d3,cn.comp.625b51deaa6880a3f256,cn.comp.625b51deaa6880a3f256.control,PAIR_EVALUATED,,-0.49089172,-0.526011,0.03511928000000003,-0.00672984,-0.01359794,0.006868099999999999,0.34313482,0.32493753,0.018197290000000033,431871373,1.0,active_bar,stock-minute cross-section,"CSResidual(ZScore($amount),ZScore($vwap))","CSRank(Add(ZScore($amount),Mul(0,ZScore($vwap))))",4b9f008058bac77464c31440a1499f5ea7cc305dda282fceb1ce3b753e8b7273,6fc94f09d02ba48d6bccc34711f0816420c49896a12e459d1d74085726101df0,a7f8066d7f6217ec03ca6e282bf1686f6d04a4c0f704eda910b0ecbb7f2bc65f
active_bar,MINUTE_STATIC,cn.pair.941fa555877f5730afe90967068167b5,cn.comp.2cee035bf9d11d4d2b52,cn.comp.2cee035bf9d11d4d2b52.control,PAIR_EVALUATED,,-0.63553596,-0.15505274,-0.48048322,-0.00958361,-0.01292613,0.00334252,0.62676077,0.00113424,0.62562653,444580910,1.0,active_bar,stock-minute cross-section,"CSRank(Mul(Sign($open),Abs(ZScore($ret_1m))))","CSRank(Add(ZScore($open),Mul(0,ZScore($ret_1m))))",36a93c9446217d234cd7abd588393dc34849bd3f8d6115ddfb0b53d6baa59b24,710220c9971d5c25d24c14c13e39466be4c4bf60f5a623a254a97e9684f98caf,c7f7b6861a18248c0c7b2d7ffa5bbb15e37a8156c659d36514092048317654b6
active_bar,MINUTE_STATIC,cn.pair.943f0459f0871bcee5fb2231fe06b9ac,cn.comp.49aa80bbd6a2654746bf,cn.comp.49aa80bbd6a2654746bf.control,PAIR_EVALUATED,,-0.63781457,-1.37566646,0.73785189,6.823e-05,-0.15746365,0.15753188,0.66602791,0.80627946,-0.14025155,442738657,1.0,active_bar,stock-minute cross-section,"CSRank(Sub(Abs(ZScore($pct_chg)),Abs(ZScore($ret_1m))))","CSRank(Add(ZScore($pct_chg),Mul(0,ZScore($ret_1m))))",f158bb7e84d2da8bcaafe07fcf8c1d98fcd7e360369c636b9b3968847b1f5cf7,9777c244d2224b67b2cd7ffec1e39c614af2e6d59b1017115002546050964e59,3c275044460704fe2dc8790e344bbd32e38da4d54098ddf52a7f33fec41ae310
active_bar,MINUTE_STATIC,cn.pair.97c65a453d27a0a53408f27fc7ec31bc,cn.comp.66f1075017f473fe3a88,cn.comp.66f1075017f473fe3a88.control,PAIR_EVALUATED,,-1.44698294,-1.37589883,-0.07108411000000014,-0.15567706,-0.15746365,0.0017865900000000046,0.85407485,0.80627946,0.047795390000000104,442738657,1.0,active_bar,stock-minute cross-section,"CSResidual(ZScore($pct_chg),ZScore($open))","CSRank(Add(ZScore($pct_chg),Mul(0,ZScore($open))))",70fef1a5238c8363b274ebf3236e4442b276141943c3e0290e796ebf4bc5a649,817e6fda73a54b9e8a1304a299335112dcc94b22ca67ef378a7d9790ec4c810d,fd2029bf5586a8fc8ff151d491899017412ebe8c5a4076086ef644aa8b36a42f
active_bar,MINUTE_STATIC,cn.pair.98f79a6661c9bfcc12e9bd507a373ce7,cn.comp.b2e32f72662fe200f10b,cn.comp.b2e32f72662fe200f10b.control,PAIR_EVALUATED,,0.10407673,-0.52385025,0.62792698,0.03093814,-0.01326302,0.04420116,0.17591244,0.32306605,-0.14715361,443877260,1.0,active_bar,stock-minute cross-section,"CSRank(Sub(ZScore($amount),ZScore($intraday_ret_from_open)))","CSRank(Add(ZScore($amount),Mul(0,ZScore($intraday_ret_from_open))))",e0541cf1d5396547ee904e07dc39f922cdabf24f955d9a2b5fa0ae545b8f98cd,b5d21184f5dfd89fc8b46ce6b719f743775666008245c846449ce9995bc03db7,36f26befeb726f90168e03454561127ca5fd597481368e9dd12e0f634041602d
active_bar,MINUTE_STATIC,cn.pair.9e01cd199e902842d9133fbaf4d3861a,cn.comp.982cb801c1333bf43bfe,cn.comp.982cb801c1333bf43bfe.control,PAIR_EVALUATED,,-0.67475981,-0.59584648,-0.07891333,-0.02546478,-0.03890385,0.013439069999999997,0.3583019,0.05514566,0.30315624,443877260,1.0,active_bar,stock-minute cross-section,"CSRank(Mul(Sign($intraday_ret_from_open),Abs(ZScore($amount))))","CSRank(Add(ZScore($intraday_ret_from_open),Mul(0,ZScore($amount))))",aa01b2fcaaf2c759a7b0243152a8d953870be970ebba7f4cbcefac5f13d8627b,ce87357c3fd7e4836b6436a63e519d5f7c077744c7e81595fe4b41ee13281051,d5f5b825b7c47f2bbbc85a3ff8ae1ce0eaa6726213aa9a1fb111f3c4396f64b5
active_bar,MINUTE_STATIC,cn.pair.9f00a9c4f0ec8d0632aa5807b010db2a,cn.comp.05914570c6045ba2ca3a,cn.comp.05914570c6045ba2ca3a.control,PAIR_EVALUATED,,0.06293802,-0.6107569,0.6736949200000001,0.01854514,-0.03877679,0.05732193,0.07101703,0.07092999,8.703999999999656e-05,431154033,1.0,active_bar,stock-minute cross-section,"CSRank(SafeDiv(ZScore($intraday_ret_from_open),ZScore($vwap),0.05))","CSRank(Add(ZScore($intraday_ret_from_open),Mul(0,ZScore($vwap))))",1ee1b025bc90d04e26a267f95eb55fc4eec97b0c2e4911390b425e4ba531bd97,4262d8ca54b3179d9e20a7b78ff5d1bd912c5845e1609c4cc85635c2467db314,0334944bc5708694ae15c3598abc3c56b0d54f338bd94ea03ef5c7422970ea29
active_bar,MINUTE_STATIC,cn.pair.a23f9b8b02b70e9184b6337f3f5f87e3,cn.comp.7e800b83122561190d78,cn.comp.7e800b83122561190d78.control,PAIR_EVALUATED,,0.21946294,-0.5991157,0.81857864,0.09656087,-0.03899796,0.13555883,0.54598998,0.05519077,0.49079921,442738657,1.0,active_bar,stock-minute cross-section,"CSRank(Sub(ZScore($intraday_ret_from_open),ZScore($pct_chg)))","CSRank(Add(ZScore($intraday_ret_from_open),Mul(0,ZScore($pct_chg))))",59c7b5caa619fac6d6c023edc9a714e181ea0bde106da2b2a479461c22b21f7b,764d49bfe7ccd28971cd159c999eee755072bfc1c67153d701950b53e9b155e6,c210bede413d89e43114e783cabbf19ff52b496f3ef3d89e225d31131983e5b2
active_bar,MINUTE_STATIC,cn.pair.a42022a12fe1d97420c244c5ca7d85de,cn.comp.920614db4c8423582175,cn.comp.920614db4c8423582175.control,PAIR_EVALUATED,,-1.4475554,-1.37553351,-0.07202189000000003,-0.15292332,-0.15746365,0.004540330000000009,0.85485473,0.80627946,0.04857527000000006,442738657,1.0,active_bar,stock-minute cross-section,"CSResidual(ZScore($pct_chg),ZScore($amount))","CSRank(Add(ZScore($pct_chg),Mul(0,ZScore($amount))))",98208d5831d5bc5794b505ada9e592c7bde127082b1708d40cfdeb575ac1db9f,3b8f484905035b8435cb8eeea25393187b8a3a94e9ab969efb86e32bab522795,55ad4845246fdbaa9221e4033c92c1b26d7807988a61ccb24d95433966521a45
active_bar,MINUTE_STATIC,cn.pair.a6202f629ed948a8403543d5b0259287,cn.comp.35792432445b7ac89549,cn.comp.35792432445b7ac89549.control,PAIR_EVALUATED,,-0.36631472,-0.52365957,0.15734484999999998,0.01010422,-0.01326302,0.02336724,0.31288572,0.32306605,-0.010180330000000015,443877260,1.0,active_bar,stock-minute cross-section,"CSRank(Sub(Abs(ZScore($amount)),Abs(ZScore($intraday_ret_from_open))))","CSRank(Add(ZScore($amount),Mul(0,ZScore($intraday_ret_from_open))))",7b68c150ccb8641226012134badc3714a8bb68f17d7f8520ff66315bcbdb6b83,ff74a42633070f863590129a31ee9ec80b5ca7294708130ba23acc7a3e1bcd97,094dca6a6917f0f5b8d64cafb38fe0d5bc23a11367520b1a95bb284d321f5396
active_bar,MINUTE_STATIC,cn.pair.a62be85e4d770b4fe889b62dca9288f5,cn.comp.20ebb873f5bfe664e65c,cn.comp.20ebb873f5bfe664e65c.control,PAIR_EVALUATED,,-0.10611569,-1.38238306,1.27626737,0.08966967,-0.15761514,0.24728481,0.82890289,0.81023202,0.018670869999999895,444580910,1.0,active_bar,stock-minute cross-section,"CSRank(Mul(ZScore($ret_1m),ZScore($amount)))","CSRank(Add(ZScore($ret_1m),Mul(0,ZScore($amount))))",dd6ef80b01fb58349d75831c1877c2d1ce26813e3de58c37c81c534a2c27a472,d0960f3da9556e800b05ae9b9c153d348fca59eab17607656ae681d8216b5385,95d31c9073db2e682df01cbb7630c115e952cb244facd7e606ceebe01b21a2cd
active_bar,MINUTE_STATIC,cn.pair.af30daca85a2261fbce499c363f4c374,cn.comp.41cc17ecb78d4b9a8ba0,cn.comp.41cc17ecb78d4b9a8ba0.control,PAIR_EVALUATED,,-0.62281427,-1.38264907,0.7598348,-0.00725556,-0.15761514,0.15035958,0.63176451,0.81023202,-0.17846751000000005,444580910,1.0,active_bar,stock-minute cross-section,"CSRank(Sub(Abs(ZScore($ret_1m)),Abs(ZScore($open))))","CSRank(Add(ZScore($ret_1m),Mul(0,ZScore($open))))",e612aaff8435133d8fbcfa3b891a8d3f259dd9540636440be417f99d0cbe8057,01494dbb4e0e0a3402be14dbcfb3c1e00d3954d6dec6a0b121d360da36b82fc5,983962ab09cb0e510bac9a815a4dcdd86c5cb27b44b7f3b3d74fd8465b54255c
active_bar,MINUTE_STATIC,cn.pair.b22aad8ab31f5d8f476e40bbc632398b,cn.comp.839a7c625a2782192223,cn.comp.839a7c625a2782192223.control,PAIR_EVALUATED,,-0.20452465,-0.21188692,0.007362270000000004,0.00770242,-0.01302012,0.020722539999999998,0.26463195,0.02831397,0.23631798,431871373,1.0,active_bar,stock-minute cross-section,"CSRank(Sub(ZScore($open),ZScore($vwap)))","CSRank(Add(ZScore($open),Mul(0,ZScore($vwap))))",d390b678a31d0fee3f4f87656cac11942c2f3535b0cadf090865dcc99df70e5c,7be6f5fbb365d4f1282c0a272934291b3f22e91e5fbf33295245aedbd04dc183,03e0a654f9bc7adddc7d0d3afee5a00964364091bbd273fe17e4744fdd0f57b4
active_bar,MINUTE_STATIC,cn.pair.b2441c881b5f2f08fbbe242ed35a78af,cn.comp.698f2559da52dcbf4610,cn.comp.698f2559da52dcbf4610.control,PAIR_EVALUATED,,0.03500527,-1.37620639,1.41121166,0.08880553,-0.15746365,0.24626918,0.80767022,0.80627946,0.0013907600000000464,442738657,1.0,active_bar,stock-minute cross-section,"CSRank(SafeDiv(ZScore($pct_chg),ZScore($open),0.05))","CSRank(Add(ZScore($pct_chg),Mul(0,ZScore($open))))",320d49916be41caa5cbf555fad7ec175968a57a3c21424d84546a11b39c7d164,4d23268c66bd168b47db596fe0b67b4c39e9c962fa71b714e644025bdcaeab50,9260a804bd2dca2aaacc20357ef842b710ce72238941c229a8b972070a55201a
active_bar,MINUTE_STATIC,cn.pair.b292885d95e6619612833840503e7091,cn.comp.b13fbde40f841b3faa66,cn.comp.b13fbde40f841b3faa66.control,PAIR_EVALUATED,,-0.12282778,-0.5270121,0.40418432,0.08934028,-0.0133251,0.10266538,0.82866626,0.32332385,0.5053424099999999,442738657,1.0,active_bar,stock-minute cross-section,"CSRank(Mul(ZScore($amount),ZScore($pct_chg)))","CSRank(Add(ZScore($amount),Mul(0,ZScore($pct_chg))))",9c78c5ba5e2f3e239c99ff4d9ecdc72df3a8b56367fc4190718982fb7facb34f,403d38721cdc073be246cb0ba530b9b6f8dad09a1d6397c177b3ac196080310e,d49a7bd69f0cd6811be7617eb80f38799a0080da199d582966457735b53d887f
active_bar,MINUTE_STATIC,cn.pair.b9d9f2fa3ce5435b3730154a5ce1e65c,cn.comp.7f98107222f2cc7180ab,cn.comp.7f98107222f2cc7180ab.control,PAIR_EVALUATED,,-0.06564625,-0.21658277,0.15093652000000002,0.13370818,-0.01312708,0.14683526000000002,0.63738358,0.02832772,0.60905586,430022609,1.0,active_bar,stock-minute cross-section,"CSRank(Sub(ZScore($vwap),ZScore($pct_chg)))","CSRank(Add(ZScore($vwap),Mul(0,ZScore($pct_chg))))",374b98a281c906568658a03a8bcd0a11e660e79af8570fd27b1a586c892b9f47,793df49d4ca144934b815da51d2a6c6a83e518bc381da93acf278edb435e74ea,f98986f37e1ea00706de4d263ec274db8b0d532cf8155e41511d8e12f6eb7767
active_bar,MINUTE_STATIC,cn.pair.bd30a3a89d13310693ec6d28a883a3c0,cn.comp.415716fecc4a734539bc,cn.comp.415716fecc4a734539bc.control,PAIR_EVALUATED,,-1.4531087,-1.39472608,-0.05838261999999994,-0.15852246,-0.15992788,0.0014054199999999906,0.85881625,0.82207728,0.036738969999999926,430022609,1.0,active_bar,stock-minute cross-section,"CSResidual(ZScore($pct_chg),ZScore($vwap))","CSRank(Add(ZScore($pct_chg),Mul(0,ZScore($vwap))))",27d5d737aaaff797769412656f05388c9c5e18cb429021637fd6763f68d7fad4,6a3fc049815d5105a36fe0dfb20b5a7321a51653306eb3688cd77ffe82bbc09c,74e8d98386c06c209742c75eb62013d83f986c041785430123463935d4fbad17
active_bar,MINUTE_STATIC,cn.pair.bd5ba5b31267ad653df55b3265e797f5,cn.comp.a5f93f8edc107a1b1c83,cn.comp.a5f93f8edc107a1b1c83.control,PAIR_EVALUATED,,0.13238538,-0.21355607,0.34594145,0.02858857,-0.01309836,0.04168693,0.06206901,0.02827003,0.03379898,431154033,1.0,active_bar,stock-minute cross-section,"CSRank(Sub(ZScore($vwap),ZScore($intraday_ret_from_open)))","CSRank(Add(ZScore($vwap),Mul(0,ZScore($intraday_ret_from_open))))",ead9f463602835223312d09d7ae64eff50cfe47afc98324d9f494fa8782293b4,fd86966db77b14fd0e23c545ae71935b0a14d1616846a1392629fbc5b31197e6,e522dff6d5a7218bba71436b90c747d624a7edbf090506ede245ea7cec392cff
active_bar,MINUTE_STATIC,cn.pair.c13aa208d9b7c03a69b431ac6eae4836,cn.comp.748551e60cc3e0cecdff,cn.comp.748551e60cc3e0cecdff.control,PAIR_EVALUATED,,-0.23254119,-0.15427088,-0.07827031000000001,0.13059569,-0.01292613,0.14352182,0.6226544,0.00113424,0.6215201600000001,444580910,1.0,active_bar,stock-minute cross-section,"CSRank(Sub(ZScore($open),ZScore($ret_1m)))","CSRank(Add(ZScore($open),Mul(0,ZScore($ret_1m))))",155335d4d802f29e09fc7f71df30ff3654a7b99138c35906284e49fa47b8911c,af4cb285fe020209e7e659008f03a27a1074fad5bf030b0daa59c8eb736f3f81,ba924513b20777f46778f8e5f53a8a8e6cc11aa100a19da1c537b447c532b7ff
active_bar,MINUTE_STATIC,cn.pair.c1bc0d10d812d57b84b2196aaebd2895,cn.comp.51b214dddb4d418b7499,cn.comp.51b214dddb4d418b7499.control,PAIR_EVALUATED,,-0.50454518,-1.38220416,0.8776589799999999,0.02162615,-0.15760898,0.17923513000000002,0.72548781,0.81020313,-0.08471532000000004,443867086,1.0,active_bar,stock-minute cross-section,"CSRank(SafeDiv(ZScore($ret_1m),ZScore($intraday_ret_from_open),0.05))","CSRank(Add(ZScore($ret_1m),Mul(0,ZScore($intraday_ret_from_open))))",b6a711ca3852ea092973cf4f60cca8982ecb999c28652d86c5c6339dbdef5822,b667a731422b56afd16b75a8f0c841e0176fee599267a2a9b2f29bd140949640,bde0120a9b2acdb9d54bcb0e669bad0557f7b1e264c47b1fef42ed054b775081
active_bar,MINUTE_STATIC,cn.pair.c4d3ccb7de3dbcb99a93b6e1bd63694d,cn.comp.3a46e8a81012f7c00a49,cn.comp.3a46e8a81012f7c00a49.control,PAIR_EVALUATED,,-0.20522025,-0.15408805,-0.05113219999999999,-0.01323372,-0.01292613,-0.00030758999999999995,0.02299226,0.00113424,0.02185802,444580910,1.0,active_bar,stock-minute cross-section,"CSResidual(ZScore($open),ZScore($ret_1m))","CSRank(Add(ZScore($open),Mul(0,ZScore($ret_1m))))",ba7edf5cb6e06979720a546c5bc6005e52cd67a13720da7ba70ca0e15933386f,19f0320a72fa4d313706d5cb79604250c3a9763857eacaaffcdedd2c9ba5cc0f,fa9c5ee067b7e109ec263cdca15bb85b98f24fb549b17915d98d0a1b162a1663
active_bar,MINUTE_STATIC,cn.pair.c636f30ecdc85847a338748f8a0bfeb2,cn.comp.807eb0fc0fb2132a7220,cn.comp.807eb0fc0fb2132a7220.control,PAIR_EVALUATED,,-0.70824328,-0.60016272,-0.10808055999999999,-0.0276457,-0.03899796,0.01135226,0.43991888,0.05519077,0.38472811,442738657,1.0,active_bar,stock-minute cross-section,"CSRank(Mul(Sign($intraday_ret_from_open),Abs(ZScore($pct_chg))))","CSRank(Add(ZScore($intraday_ret_from_open),Mul(0,ZScore($pct_chg))))",302552700f3c6ba7cc5a2171715b76697e6d094bd4c962795794d77c9d1cd687,9e74a312900b4014e1f6186b2b9e5e18dbbda9bffd402ef37e3eee60c2be12d4,de9530d02611c8a5570d50413cdcb14ce1a4af0645f5a62ccfa8c1603bca77ce
active_bar,MINUTE_STATIC,cn.pair.c67c6680abca7ec5af86ea1160fac613,cn.comp.815de466128b39996560,cn.comp.815de466128b39996560.control,PAIR_EVALUATED,,-1.34265393,-1.37563216,0.03297823000000011,-0.13531195,-0.15746365,0.022151700000000024,0.77400487,0.80627946,-0.03227458999999999,442738657,1.0,active_bar,stock-minute cross-section,"CSRank(Mul(ZScore($pct_chg),Abs(ZScore($intraday_ret_from_open))))","CSRank(Add(ZScore($pct_chg),Mul(0,ZScore($intraday_ret_from_open))))",a5919b75c65f9211f88e06c437754774fe86df2bc4fd1ff563d87f30ea23df9e,857f1a18a59e29306b29f71e0299cf2b67d06bf21610c611223d0ea10645659c,317408b607c0cddbef227bde48e90eef8e58da55cf38359a095eea027c4e778a
active_bar,MINUTE_STATIC,cn.pair.cb5e5065ad7c450db82ef9caf16c508f,cn.comp.12dd9a5ac3a3f9d9b7af,cn.comp.12dd9a5ac3a3f9d9b7af.control,PAIR_EVALUATED,,-0.30189559,-0.59647201,0.29457642000000006,0.01829182,-0.03890385,0.05719567,0.38155816,0.05514566,0.3264125,443877260,1.0,active_bar,stock-minute cross-section,"CSRank(SafeDiv(ZScore($intraday_ret_from_open),ZScore($amount),0.05))","CSRank(Add(ZScore($intraday_ret_from_open),Mul(0,ZScore($amount))))",ca88a943eaba58a97738c95a5a3ed1940f441ef71ebd2517ed3ab08edb9d1904,0647c3c8704d01eb6468b3c78d177a878b579329edaaa4d3c56fe93810190993,1db7d3a8763ed46a864ccf52bfdf9a680139d5a497c369ca420f7eb239fe7626
active_bar,MINUTE_STATIC,cn.pair.d2e560818166017e2f5bfc67e31c5966,cn.comp.232f59ee8ce83e7088cf,cn.comp.232f59ee8ce83e7088cf.control,PAIR_EVALUATED,,-0.40571696,-0.21487843,-0.19083853,-0.00861847,-0.01310281,0.00448434,0.21277457,0.02824462,0.18452995,431861172,1.0,active_bar,stock-minute cross-section,"CSRank(Mul(ZScore($vwap),Abs(ZScore($ret_1m))))","CSRank(Add(ZScore($vwap),Mul(0,ZScore($ret_1m))))",1f0946f6bdf1247b07a9d7d98f11daa4e87c7a3ffde21667e255b13da437b47e,548545d3efeb236f68b8c3b21dca1c88c7b14ab5bc0076bdc782163977cad19d,322a6aed245426a6b1027ad490e36ca2f00d7f6f485e62431215c92c3f27b0fd
active_bar,MINUTE_STATIC,cn.pair.d4be137330708099bb90a280a432a8b0,cn.comp.3ce3f8d8ab5ad1683584,cn.comp.3ce3f8d8ab5ad1683584.control,PAIR_EVALUATED,,-0.39082733,-0.15346174,-0.23736558999999996,-0.00855287,-0.01292613,0.004373259999999999,0.1976244,0.00113424,0.19649016,444580910,1.0,active_bar,stock-minute cross-section,"CSRank(Mul(ZScore($open),Abs(ZScore($ret_1m))))","CSRank(Add(ZScore($open),Mul(0,ZScore($ret_1m))))",8dcaeaab01e92c526a41bdd01269e3e87d1a9f2ee69bf825172f16a58b8f6303,164d94830fb850003e68638e5de033a4cc4daabc028521dd81c7dbe61335c7fd,8ba692a167233849751b257d0b19dea97c136d8eade4fabaf7a65b4d458731f3
active_bar,MINUTE_STATIC,cn.pair.d618055dabb2c623d76969a07a4649ae,cn.comp.14bc5f9ed197e40fa466,cn.comp.14bc5f9ed197e40fa466.control,PAIR_EVALUATED,,-0.1780969,-0.15466659,-0.02343031000000001,-0.00715629,-0.01289423,0.0057379399999999995,0.03147531,0.00111594,0.03035937,445724675,1.0,active_bar,stock-minute cross-section,"CSRank(Mul(ZScore($open),Abs(ZScore($intraday_ret_from_open))))","CSRank(Add(ZScore($open),Mul(0,ZScore($intraday_ret_from_open))))",91ef1414ff3117301b8e4b438043a6ff5798b169d1801c69fdb8509245187277,0363fb11683251941e6098f8ba61f0e5272548213051f89b8203df66adce30cb,d9825c59b74f3e8733097b63971821e9f61044910657c4a5e7cfc4bf2147338b
active_bar,MINUTE_STATIC,cn.pair.d6d29a7e48b8a16e693fe7ca2b133d8d,cn.comp.70a5fd38437cb1600ce3,cn.comp.70a5fd38437cb1600ce3.control,PAIR_EVALUATED,,-1.25746231,-1.37572266,0.11826035000000013,-0.12320331,-0.15746365,0.034260340000000014,0.71742714,0.80627946,-0.08885231999999998,442738657,1.0,active_bar,stock-minute cross-section,"CSRank(Mul(Sign($pct_chg),Abs(ZScore($intraday_ret_from_open))))","CSRank(Add(ZScore($pct_chg),Mul(0,ZScore($intraday_ret_from_open))))",03c4aed5a46e490c308629a40f82ab605b3f4eadccbe409edab96e5007327cda,19316fa544b6850a172fe62ea3daed076182b1f1ef9696f5a3e566529cb1cfe0,a200fb67cb79b725d463fe130d21b1281523dc7743c576791f240ae1d2919887
active_bar,MINUTE_STATIC,cn.pair.d73cd8255a8601f42d35b9000cc14d0e,cn.comp.9015591cda37d8ec71b3,cn.comp.9015591cda37d8ec71b3.control,PAIR_EVALUATED,,-1.44730261,-1.38266411,-0.06463850000000004,-0.15309264,-0.15761514,0.004522499999999985,0.85472815,0.81023202,0.04449612999999997,444580910,1.0,active_bar,stock-minute cross-section,"CSResidual(ZScore($ret_1m),ZScore($amount))","CSRank(Add(ZScore($ret_1m),Mul(0,ZScore($amount))))",0d7b4f25000d4c2fd54fbda15e593ddff1188cdaa5963c3b5c5da6cc1118bb5d,81c4b5140153868db642448c54352815a175486420bacc963d4425b5dbfcb6be,bc5a9cb1b0d29914490ddf5f31dfd4277c2460c47b3a577d374fe219c4b65065
active_bar,MINUTE_STATIC,cn.pair.d76df71c72e1d1954028292959fc2cec,cn.comp.ab011ddcfb1905561cd1,cn.comp.ab011ddcfb1905561cd1.control,PAIR_EVALUATED,,-0.24231746,-0.5236421,0.28132464,0.01524628,-0.01326302,0.0285093,0.26922422,0.32306605,-0.05384182999999998,443877260,1.0,active_bar,stock-minute cross-section,"CSRank(Mul(ZScore($amount),ZScore($intraday_ret_from_open)))","CSRank(Add(ZScore($amount),Mul(0,ZScore($intraday_ret_from_open))))",cb05992cadf0f067d29bbac4ff580946b8db541cedf43f1922a7d9f5d53b9b13,4bbc48f88aab6792e0517f4a6a188761feae6b7c51deee255de3e343ca0eb127,4dc208d5ce46543ca9d109bd551cbe3b952753c7c7562c5d5444e03287b8a4d7
active_bar,MINUTE_STATIC,cn.pair.d976dd19e0fbe292ca9cb49702a89f4c,cn.comp.5bdeb8071285756c615b,cn.comp.5bdeb8071285756c615b.control,PAIR_EVALUATED,,-0.48884049,-0.21313466,-0.27570583000000004,-0.00470378,-0.01302012,0.008316339999999998,0.39832589,0.02831397,0.37001192,431871373,1.0,active_bar,stock-minute cross-section,"CSRank(Sub(Abs(ZScore($open)),Abs(ZScore($vwap))))","CSRank(Add(ZScore($open),Mul(0,ZScore($vwap))))",ab3d7cc5febf73a0098b52048e54e9fb961d3a4977bb57dde3978f07e5ac5e5e,52046490e0f13f74d9070f349788d480230e96ec4b64c0f15459becfb486e421,206154380fdcec655445420e6b3e0e3f83f1a731dab8b853364273d0fe5b3f59
active_bar,MINUTE_STATIC,cn.pair.dac37d0cbba522a4d98575e201c2713e,cn.comp.b1ef303ac283354548dc,cn.comp.b1ef303ac283354548dc.control,PAIR_EVALUATED,,-0.2864263,-0.21360132,-0.07282498000000001,-0.0146829,-0.01309836,-0.0015845400000000006,0.0757328,0.02827003,0.04746277,431154033,1.0,active_bar,stock-minute cross-section,"CSRank(Mul(Sign($vwap),Abs(ZScore($intraday_ret_from_open))))","CSRank(Add(ZScore($vwap),Mul(0,ZScore($intraday_ret_from_open))))",2c1ef50b4cc423f9c57e398e2f1986c0f8e05cb3a799b1bcd7ae93816f66f956,aa801ffd8a1b6521ac9dd2820bc813bc1e60c9cd147ea90ab8ef9ff42a301c1a,dc26f39607457efa852c4b22b41db4e732a0d3db46907617f9287d2153e1b7aa
active_bar,MINUTE_STATIC,cn.pair.dc418fe2a5bd89ffe580c445f5bff3dd,cn.comp.0a16b06841e339e7f480,cn.comp.0a16b06841e339e7f480.control,PAIR_EVALUATED,,-0.3407344,-0.52695312,0.18621872000000006,0.01169514,-0.01359794,0.02529308,0.30732194,0.32493753,-0.01761558999999996,431871373,1.0,active_bar,stock-minute cross-section,"CSRank(Mul(ZScore($amount),ZScore($vwap)))","CSRank(Add(ZScore($amount),Mul(0,ZScore($vwap))))",9d84812b54a339d0fb84b8e1289b8ef32b873d6bd031eb49a0d154e001d53a5e,58cae48306c49a4894da3e453bd018711cc174b706c376007978804afe3e913a,272854fa39dcdbbcad956194161b99e44e09a95874739cd20a37643dfc39a494
active_bar,MINUTE_STATIC,cn.pair.dcd47042425f6aafa71f30e02b45c81e,cn.comp.6afc3b6f4ac8c658a370,cn.comp.6afc3b6f4ac8c658a370.control,PAIR_EVALUATED,,-0.30236753,-0.21406861,-0.08829892,-0.00122857,-0.01310602,0.01187745,0.14892984,0.02823296,0.12069688,431871373,1.0,active_bar,stock-minute cross-section,"CSRank(Sub(ZScore($vwap),ZScore($amount)))","CSRank(Add(ZScore($vwap),Mul(0,ZScore($amount))))",dcbe8721bbab7d6381798feb4b39044940192ab515b605bc956c217801fe989e,0921f333223f2e83ef1c54e3aad12215f137eb9e55a836fa3869da4e4a68dcd8,ebe4d6e4b27804beee791865232c0f641ec148b8dfe55efc3a09a47f72969318
active_bar,MINUTE_STATIC,cn.pair.dd280867358201efdec152c98367a44d,cn.comp.0009fcebef5b8bb67e70,cn.comp.0009fcebef5b8bb67e70.control,PAIR_EVALUATED,,-0.53864841,-1.38261731,0.8439689000000001,0.00448806,-0.15760898,0.16209704,0.62480194,0.81020313,-0.18540119,443867086,1.0,active_bar,stock-minute cross-section,"CSRank(Sub(Abs(ZScore($ret_1m)),Abs(ZScore($intraday_ret_from_open))))","CSRank(Add(ZScore($ret_1m),Mul(0,ZScore($intraday_ret_from_open))))",db0a99caf9b374d9cbef1f29bab22af08b67f5dee73e18c7851dce42ed74afd9,2b47d29dfc4a3b8d7c20cba468bdfdbabc6ae98cecf4c502dea5ddf8f64fe9ff,5a57700cd22b7da350cbbc53142b62a2be2458946d5b15fbf737dcaa8b242bdd
active_bar,MINUTE_STATIC,cn.pair.de16f17c148331b42f50d9686afdf944,cn.comp.74cd190c292a45ecb1d6,cn.comp.74cd190c292a45ecb1d6.control,PAIR_EVALUATED,,-1.31986344,-1.37576281,0.05589936999999989,-0.12957823,-0.15746365,0.027885420000000022,0.77435216,0.80627946,-0.03192729999999999,442738657,1.0,active_bar,stock-minute cross-section,"CSRank(Mul(Sign($pct_chg),Abs(ZScore($amount))))","CSRank(Add(ZScore($pct_chg),Mul(0,ZScore($amount))))",f4a5ba3122da92c71ebef3831df248fbfd348dbffa782f6ad309b59e03f7992a,8ad244a669e19ed822066ce063ae1bcc9ec6e922346fa5ded057d655f9c46223,f803eac7dc3090b702c7e7492e3c6e984205b44dae0ca64fb7ead53ca96b15c2
active_bar,MINUTE_STATIC,cn.pair.df4bf918a5ff7ba975af85b37bbcf7c8,cn.comp.9cd0800f3328d95c7e8d,cn.comp.9cd0800f3328d95c7e8d.control,PAIR_EVALUATED,,-0.300274,-0.52692542,0.22665142,0.00899157,-0.01359794,0.02258951,0.23899477,0.32493753,-0.08594275999999998,431871373,1.0,active_bar,stock-minute cross-section,"CSRank(SafeDiv(ZScore($amount),ZScore($vwap),0.05))","CSRank(Add(ZScore($amount),Mul(0,ZScore($vwap))))",8e3d4dd623886fc57c4d0bdfeb229caee0948f43b8cb1f80dc51d6d634a3e6f6,fb85ad76e9ee35dbe91fea3ecb4b050e5f1e77f4dafc33a94c258a63eb16a108,a60e8f67bf6bc1bea5d91853b95cea08730c3aafecdb0d83e2ec1cdebd670fd8
active_bar,MINUTE_STATIC,cn.pair.dffc170f680c135c47608187f8cafa8c,cn.comp.2d8cf12e41441bee21d3,cn.comp.2d8cf12e41441bee21d3.control,PAIR_EVALUATED,,-0.76596978,-1.38214135,0.6161715699999999,-0.00101148,-0.15747322,0.15646174,0.77256562,0.81008238,-0.03751676000000004,442738657,1.0,active_bar,stock-minute cross-section,"CSRank(Sub(ZScore($ret_1m),ZScore($pct_chg)))","CSRank(Add(ZScore($ret_1m),Mul(0,ZScore($pct_chg))))",e8a014d1e9e453ca373422d9dd7087197827c0f75a38b41a761421c6626aecda,79f1c88a62a505efc1de2a05c582c9ab405a5bee4499af4c5fc004f55c72590b,f637cc1205bdd540535f54fdd47a55c93d4526482004c9392b674f3feff70298
active_bar,MINUTE_STATIC,cn.pair.e107217bba99060c8483575349903330,cn.comp.2979819fd2f5b0137bfc,cn.comp.2979819fd2f5b0137bfc.control,PAIR_EVALUATED,,-0.63730819,-0.52767684,-0.10963135000000002,-0.00951836,-0.0133251,0.0038067399999999994,0.6259738,0.32332385,0.30264995,442738657,1.0,active_bar,stock-minute cross-section,"CSRank(Mul(Sign($amount),Abs(ZScore($pct_chg))))","CSRank(Add(ZScore($amount),Mul(0,ZScore($pct_chg))))",6c10c7465c615f01283fb383f9c6e0b03fe2ab970919950e8cccdd71b87ddcc3,d7e1c7fbdca6dfde187cccdb0a11cd005b99d3fb9227c7dde526560df2884fb8,bc124df2de477045b30f7b7750c5b86d078d02f4a0e2cd663f646c28967fef2b
active_bar,MINUTE_STATIC,cn.pair.e416aea4f4b68d7e71f1138e34939560,cn.comp.002e44699ee87c577c57,cn.comp.002e44699ee87c577c57.control,PAIR_EVALUATED,,-0.51039969,-0.51973195,0.009332260000000092,-0.01115418,-0.0132255,0.0020713199999999998,0.32601979,0.32289834,0.00312144999999997,444596168,1.0,active_bar,stock-minute cross-section,"CSRank(Mul(ZScore($amount),Abs(ZScore($open))))","CSRank(Add(ZScore($amount),Mul(0,ZScore($open))))",50dfb562a088cfa903010e92bfc8d9be562cff7a3cca3167ad9d526b9e003132,ccf1d506d7d3e4c61e155cf72e14f44712513553e38099386ae81c7db6d1e107,9ab58f088b4127ceb26aa2ba2bf5cad1ebfe39dd30ad22a7c4de8af37f2dd4b1
active_bar,MINUTE_STATIC,cn.pair.e826b3f940ba1aa5c184f01d218fa4eb,cn.comp.3f0e10a2e3be05a80b25,cn.comp.3f0e10a2e3be05a80b25.control,PAIR_EVALUATED,,-0.21377681,-0.2121534,-0.0016234100000000196,-0.01210052,-0.01309836,0.0009978399999999998,0.03235497,0.02827003,0.004084939999999995,431154033,1.0,active_bar,stock-minute cross-section,"CSResidual(ZScore($vwap),ZScore($intraday_ret_from_open))","CSRank(Add(ZScore($vwap),Mul(0,ZScore($intraday_ret_from_open))))",b7a21724c8beef1d66baa820f501ccfc623dfc24135a272f4390e25cf65b18ba,cd29bd59fc1cc65df0f6c95fc939501041ac66f94f42364b8f9241a451262ba3,e9c9f98c3d7ae40529ee780a08e8998e623cd507079496b37b586e1fc6738d0b
active_bar,MINUTE_STATIC,cn.pair.ea085633e8ff9d82a54e884284b6e520,cn.comp.4a27fca85d43d071c8eb,cn.comp.4a27fca85d43d071c8eb.control,PAIR_EVALUATED,,-0.15798786,-0.15416904,-0.0038188200000000005,-0.01201228,-0.01289423,0.0008819499999999994,0.00564853,0.00111594,0.0045325899999999995,445724675,1.0,active_bar,stock-minute cross-section,"CSResidual(ZScore($open),ZScore($intraday_ret_from_open))","CSRank(Add(ZScore($open),Mul(0,ZScore($intraday_ret_from_open))))",e3b79a81465197d5573df33943d92fb51711f5a2d96f5b8e6a3c15fb1a325ca1,11ba322b49370eb7202f6c7485d5a3a4bd03b531ac63b0086dd91bbcb56e5f38,91d2c9532aacd9d5a285f959da93cc54b50dd4cbfe05f3fb6cb4c6fbbc7d66d3
active_bar,MINUTE_STATIC,cn.pair.ebc01b10f652c85203f1d460639be427,cn.comp.258ea79864a805d81d5e,cn.comp.258ea79864a805d81d5e.control,PAIR_EVALUATED,,-0.72582374,-1.3756811,0.6498573599999999,0.00101148,-0.15746365,0.15847513000000002,0.75289096,0.80627946,-0.05338849999999995,442738657,1.0,active_bar,stock-minute cross-section,"CSRank(Sub(ZScore($pct_chg),ZScore($ret_1m)))","CSRank(Add(ZScore($pct_chg),Mul(0,ZScore($ret_1m))))",28e77a14578f376c599eff7d4e9dd460a67eb94d079654cdce72bcf56005097c,35ebe49eb0f456f61104cf48f7a31fd3fc1993cefbdc0eaae2d86e621c81c48f,2b82c40c2cad4701af74ec3c1933d96fbad64da8ba8b40fd3366a48c0cc1a4af
active_bar,MINUTE_STATIC,cn.pair.ec56e2db65cc8aa12e63b64d3bd9a7b0,cn.comp.502cc02745cd220542ff,cn.comp.502cc02745cd220542ff.control,PAIR_EVALUATED,,0.07479617,-0.59408962,0.66888579,0.01827401,-0.03888088,0.05715489,0.05214229,0.05491709,-0.002774800000000001,445724675,1.0,active_bar,stock-minute cross-section,"CSRank(SafeDiv(ZScore($intraday_ret_from_open),ZScore($open),0.05))","CSRank(Add(ZScore($intraday_ret_from_open),Mul(0,ZScore($open))))",dfa3fbb6b0051869a969773e7b20a6b559109621bce64646fea9f12a7709ff95,049930e78016fa844f062dbc5a72d9de999e986d41f42a53b22f2739d01c79d6,5a217bfb38593ce3e9246db8d9041af9e61027ce72faf47c16b1fa86c7435ba1
active_bar,MINUTE_STATIC,cn.pair.ee5d0c7e14bc218cc6fbc23ce7242ca1,cn.comp.1801f979b07406774210,cn.comp.1801f979b07406774210.control,PAIR_EVALUATED,,-0.20843359,-0.15509708,-0.053336510000000004,0.01209186,-0.01289423,0.02498609,0.11241162,0.00111594,0.11129568000000001,445724675,1.0,active_bar,stock-minute cross-section,"CSRank(Sub(Abs(ZScore($open)),Abs(ZScore($intraday_ret_from_open))))","CSRank(Add(ZScore($open),Mul(0,ZScore($intraday_ret_from_open))))",f7e1cd95a6aa100abeb1c4252ef40b12f556318fa249d57e7b622975130ff280,e6541611c45ead458ef2e325bfc86cf9086e7d023125b1782e33d2efd538ceca,729e64b42ce12510fecd19ae9be946b4d6b13fa2b68b7bfc8d4fce8b84a82788
active_bar,MINUTE_STATIC,cn.pair.efbe5bbf6836a1c9efe429840db1ebd7,cn.comp.a2b133db5138599bc4b2,cn.comp.a2b133db5138599bc4b2.control,PAIR_EVALUATED,,-0.5498785,-0.59584188,0.04596338,0.02453468,-0.03890669,0.06344137,0.77809999,0.05514714,0.72295285,443867086,1.0,active_bar,stock-minute cross-section,"CSRank(Mul(ZScore($intraday_ret_from_open),ZScore($ret_1m)))","CSRank(Add(ZScore($intraday_ret_from_open),Mul(0,ZScore($ret_1m))))",3dce251a0852d65b526792efc7d69b3e42a58397388ca6566062e58df95d973d,c468f17f65580a9277116a8a09b93435f0f9a1de1c32c90224fb29108ceb6504,f7d6f937c82b503c461ac313ca699b616e549eac52655fad7c2078f16d0071fe
active_bar,MINUTE_STATIC,cn.pair.efd1c0bb4ae3031d5d38a34b24f4795c,cn.comp.4b87b1295c960bf31462,cn.comp.4b87b1295c960bf31462.control,PAIR_EVALUATED,,-0.62486072,-1.37564686,0.75078614,-0.00132711,-0.15746365,0.15613654000000002,0.64374161,0.80627946,-0.16253784999999998,442738657,1.0,active_bar,stock-minute cross-section,"CSRank(SafeDiv(ZScore($pct_chg),ZScore($ret_1m),0.05))","CSRank(Add(ZScore($pct_chg),Mul(0,ZScore($ret_1m))))",2f3a4e31547a78fc52cb769ca5edf69a782000d528665ad597c6177129922c70,b7f97b2554c6b856298970d85ef3ca7ff8179ac6186a9b23fe38a674fd2d1595,a71b7e0e895f1811ca7df65799148f0cca9b6ed5788b58a949fa21d4d865b40f
active_bar,MINUTE_STATIC,cn.pair.f092e6bd0f13d7f693f39da4d54f1797,cn.comp.179fefb816fa1256ba77,cn.comp.179fefb816fa1256ba77.control,PAIR_EVALUATED,,-1.44095659,-1.38273159,-0.05822500000000019,-0.1499235,-0.15760898,0.007685480000000022,0.85233824,0.81020313,0.04213511000000003,443867086,1.0,active_bar,stock-minute cross-section,"CSResidual(ZScore($ret_1m),ZScore($intraday_ret_from_open))","CSRank(Add(ZScore($ret_1m),Mul(0,ZScore($intraday_ret_from_open))))",0750b6c6700e5b4cd9134c9ad0a238f94637af51496f35e477b405cb9f668a70,b0584d208b1e7db58fbf1230851a338a929aedf3a5e99c3e4d16e1a0b3a1575b,9828bf51f3e4536b6d7706451cd26ad1191bda751cd4dd19ea4e1dd44550c012
active_bar,MINUTE_STATIC,cn.pair.f341d4f5875d8914b8e612e147839fe2,cn.comp.6bbb38b9f341f06b615c,cn.comp.6bbb38b9f341f06b615c.control,PAIR_EVALUATED,,-0.39449351,-0.52328128,0.12878776999999997,0.00318706,-0.01326302,0.01645008,0.32421227,0.32306605,0.001146220000000031,443877260,1.0,active_bar,stock-minute cross-section,"CSResidual(ZScore($amount),ZScore($intraday_ret_from_open))","CSRank(Add(ZScore($amount),Mul(0,ZScore($intraday_ret_from_open))))",e42eb5cbf302b30219bc7a5b6008e6bae2a884966acb49a1172d591c682bf826,5ae6af5f83cf886015799489363e3f7ce4d0468d67823da1083d3078f235982b,80cfa582a6918a9dcbe6e98adb33463a6f0119320b94a020d01995896bd72729
active_bar,MINUTE_STATIC,cn.pair.f8586f033395011dced797a9020380ba,cn.comp.15cc79fc1ed62882ae71,cn.comp.15cc79fc1ed62882ae71.control,PAIR_EVALUATED,,-0.4447402,-0.21762142,-0.22711877999999996,0.00745928,-0.01312708,0.020586359999999998,0.45663801,0.02832772,0.42831029,430022609,1.0,active_bar,stock-minute cross-section,"CSRank(Sub(Abs(ZScore($vwap)),Abs(ZScore($pct_chg))))","CSRank(Add(ZScore($vwap),Mul(0,ZScore($pct_chg))))",d4e92b93be585048060df46d0010557d519b1766880b52ab1a749c2ed05d3fb1,40777e627ddf2fc2b50d1406df0c52a835420e64c71ecb6b11b92b37ba423bfc,73540486b8bf3ffe34c21cbc45ec09051289291b259e883bd4f2fe77afd1049f
active_bar,MINUTE_STATIC,cn.pair.f9c0230910e9af92c0efaa97f53de5cb,cn.comp.328eb92c0c62c6c4b2da,cn.comp.328eb92c0c62c6c4b2da.control,PAIR_EVALUATED,,-0.49194642,-0.52632833,0.034381910000000016,0.0358502,-0.0133251,0.0491753,0.74592291,0.32332385,0.42259905999999997,442738657,1.0,active_bar,stock-minute cross-section,"CSRank(SafeDiv(ZScore($amount),ZScore($pct_chg),0.05))","CSRank(Add(ZScore($amount),Mul(0,ZScore($pct_chg))))",bf4245e80123d6b1e91be09ee7a78a2125c6d613d9c6d39f25b5a3cb122ea1e3,7c7891a47b9c91611c43b8d726796e8017e48873969126353dd9290f813ace64,8663fc1deb3971d30a2bb3e3b14d1ca9c8e846229e7d0df7c27e8f7befda2cc8
active_bar,MINUTE_STATIC,cn.pair.f9c48da73f03f8a2c061509b1730f631,cn.comp.3b0d4df052242f63d25e,cn.comp.3b0d4df052242f63d25e.control,PAIR_EVALUATED,,-0.60410895,-0.59551734,-0.008591609999999972,-0.03792427,-0.03888088,0.0009566099999999966,0.05676737,0.05491709,0.0018502799999999958,445724675,1.0,active_bar,stock-minute cross-section,"CSRank(Mul(ZScore($intraday_ret_from_open),Abs(ZScore($open))))","CSRank(Add(ZScore($intraday_ret_from_open),Mul(0,ZScore($open))))",ecc237bef42c1bfc2214aa95929ab20a601e2129d7bf944a23bc75779ad0eed2,ce22542fdc91be0901ad7a537b7fccb9584b0e9c95cbcc050f7354ad2076ca51,69641ca41b32bf7beb26ece2f75e4267a191973b7d3aa1aee993f796902af10c
active_bar,MINUTE_STATIC,cn.pair.fbbf2eeb5725c8b54a7dbcd6f164db14,cn.comp.38b58bb2701e9c1b81c5,cn.comp.38b58bb2701e9c1b81c5.control,PAIR_EVALUATED,,-0.20729098,-0.15241568,-0.054875300000000016,-0.00831302,-0.01292962,0.0046165999999999985,0.04044231,0.00112295,0.039319360000000005,444596168,1.0,active_bar,stock-minute cross-section,"CSResidual(ZScore($open),ZScore($amount))","CSRank(Add(ZScore($open),Mul(0,ZScore($amount))))",54b1e3bbd04ee4befecbbc749f2776e46214a4e17362358584513be098bcc0f9,c95a868412b2adf05ede534a3f6c4be25e653b8d05ab7e2bce96491267e83b37,9d356f57e0c3bd8185e6e911ab12ec52b9853b908328aa8d854941c9dd934755
active_bar,MINUTE_STATIC,cn.pair.fc3ee4acabf5fb1d5a74858fb1013ba8,cn.comp.6ee848174ff3837ceee5,cn.comp.6ee848174ff3837ceee5.control,PAIR_EVALUATED,,-0.46085172,-0.21503795,-0.24581377000000001,0.0075355,-0.01310281,0.02063831,0.45655417,0.02824462,0.42830955,431861172,1.0,active_bar,stock-minute cross-section,"CSRank(Sub(Abs(ZScore($vwap)),Abs(ZScore($ret_1m))))","CSRank(Add(ZScore($vwap),Mul(0,ZScore($ret_1m))))",d7dda3e4b32d7d5f26aec5a6230dda9ba63fc29a27a08201e2478641b56cd8d1,30a40313dba6c9d019dbaf10ce7e3a4ce8c8325034919cecba59403f776abc05,70697eff5b01bdf70a9cf034cdf633d9ed43369fe7b3f720beace6b2b2e86eda
active_bar,MINUTE_STATIC,cn.pair.fc8b4326aeff0e937c6a95e93c5d7a8b,cn.comp.94e95b6abe406c148278,cn.comp.94e95b6abe406c148278.control,PAIR_EVALUATED,,-0.19280921,-0.52166142,0.32885221000000003,0.02536779,-0.01322555,0.038593340000000004,0.35196183,0.32291418,0.02904764999999998,444580910,1.0,active_bar,stock-minute cross-section,"CSResidual(ZScore($amount),ZScore($ret_1m))","CSRank(Add(ZScore($amount),Mul(0,ZScore($ret_1m))))",2102bd4038ea9eafcf77d9fbbccec49de333f8e497eb46183fe7e7bcfa95b40d,adcf97c6fd4f8744a5ba70fc7064a11967365705d27b84912ce0df925990627f,add94efbb855036aae7022cb52c7edf38eb8fba51a88d90533e09c4f461ffc9a
active_bar,MINUTE_STATIC,cn.pair.ffd417a22b637eb9e10eea1232239502,cn.comp.aab54d68688ccba27695,cn.comp.aab54d68688ccba27695.control,PAIR_EVALUATED,,-0.50458372,-0.15362975,-0.35095396999999995,9.98e-06,-0.01292962,0.012939599999999999,0.46686313,0.00112295,0.46574018,444596168,1.0,active_bar,stock-minute cross-section,"CSRank(Mul(Sign($open),Abs(ZScore($amount))))","CSRank(Add(ZScore($open),Mul(0,ZScore($amount))))",8dce4a3fa279b0de9dd343e17b4034d8b1e5b01cf431054ddc165d5bcb8d188f,2a134c8c3faabef8b9bc600bc6d4ef9aa5d6f1b27369045fe3969355aa5a9748,9be6f14f286c9326ac6b4f71d532cf64f6efa1d163f34312e7b74a955b7efae1
stock_session,SLOW_CROSS_SECTIONAL_LEVEL,cn.pair.01e1d645dc4619a6ae1055f672523046,cn.comp.05797b560dc921d4c591,cn.comp.05797b560dc921d4c591.control,PAIR_EVALUATED,,-0.31204266,-0.324201,0.01215833999999999,-0.053446,-0.05577718,0.002331180000000002,0.01082309,0.01085157,-2.847999999999913e-05,1792166,1.0,stock_session,stock-session cross-section,"CSResidual(ZScore($chip_cost_p15),ZScore($fund_working_capital_receivables_assets))","CSRank(Add(ZScore($chip_cost_p15),Mul(0,ZScore($fund_working_capital_receivables_assets))))",21f6f9d2c98d8978aacf4d2a1e93190a14bc430510950df629cb22aa4330b7e9,e35205b6c49a3a7a778ccfcb6c6b36b3355e2eaba013b8289fb8796268d67a2c,5d54945bcfed321978e7971e277879c19ade002433a7fbddb43c5fbd95b01c89
stock_session,SLOW_CROSS_SECTIONAL_LEVEL,cn.pair.01ed535d0bb69d089256fce1afa29e97,cn.comp.00083bb4d8c8ba4e8a18,cn.comp.00083bb4d8c8ba4e8a18.control,PAIR_EVALUATED,,0.10293646,-0.31796077,0.42089723,-0.00378731,-0.05561228,0.05182497,0.01066263,0.01081436,-0.00015173000000000096,1845584,1.0,stock_session,stock-session cross-section,"CSRank(Mul(ZScore($chip_cost_p50),ZScore($chip_cost_weighted_mean)))","CSRank(Add(ZScore($chip_cost_p50),Mul(0,ZScore($chip_cost_weighted_mean))))",16e639877056395721432413e95a1e565981259c6cc2409cca4ec101569e409d,afaf0e2a38dea8259ef432f151f0eda64dfcf993473b6257d41676cfc4eaadad,7d84c1519c5b7e675020e28364fc43b67a539312e5dfb1df7a5fd08dae107ae3
stock_session,SLOW_CROSS_SECTIONAL_LEVEL,cn.pair.070fb81b6c6250b3fd781379902c7020,cn.comp.08cb1a1bd9b4ce8e2bcf,cn.comp.08cb1a1bd9b4ce8e2bcf.control,PAIR_EVALUATED,,0.24251171,0.26961211,-0.027100400000000024,0.00227796,0.00473927,-0.0024613100000000004,0.0071704,0.00620442,0.00096598,1640070,1.0,stock_session,stock-session cross-section,"CSRank(Mul(ZScore($fund_leverage_liabilities_assets),ZScore($fund_holder_count_log)))","CSRank(Add(ZScore($fund_leverage_liabilities_assets),Mul(0,ZScore($fund_holder_count_log))))",e809f8e7afb8dd6d665a342f7ca67e09423414fe10c93f669a9e493c5672bf6b,19a94ae8fda02f4941ed08b891ea82113f6fa81957db3fe488993d39d7886cf4,0f05575988c1f1b715407640128aa49cc50110e9b5c42e506a0d6167ee8164b4
stock_session,SLOW_CROSS_SECTIONAL_LEVEL,cn.pair.09988420501069a7fed60ab27e575178,cn.comp.055071911194ac522a53,cn.comp.055071911194ac522a53.control,PAIR_EVALUATED,,0.17302655,0.26196655,-0.08894000000000002,-0.00776757,-0.00204243,-0.00572514,0.02010317,0.01004885,0.01005432,1633490,1.0,stock_session,stock-session cross-section,"CSResidual(ZScore($fund_holder_count_log),ZScore($ctx_hfq_turnover_ratio))","CSRank(Add(ZScore($fund_holder_count_log),Mul(0,ZScore($ctx_hfq_turnover_ratio))))",ff8ce1c6b817d8324f1965d64b970321933627fdf72d322892d500338d2908e8,67d7b5fabe998de16745b2e0543590f547405e0fd7ae5e4f8dff89f7fe1eea1b,aa0c3f3ad6a4c7f305644808256e83b2723afaf2a7bb9d7668ebd1b6b5a56009
stock_session,SLOW_CROSS_SECTIONAL_LEVEL,cn.pair.0d281df66fd49d13951107a781f54ee2,cn.comp.051533aaa2eff0535c3d,cn.comp.051533aaa2eff0535c3d.control,PAIR_EVALUATED,,0.17136539,0.05107657,0.12028882,-0.00069416,-0.01480445,0.014110290000000001,0.00556843,0.00462825,0.0009401799999999997,1792621,1.0,stock_session,stock-session cross-section,"CSRank(Mul(ZScore($fund_profit_gross_margin),ZScore($fund_liquidity_current_ratio)))","CSRank(Add(ZScore($fund_profit_gross_margin),Mul(0,ZScore($fund_liquidity_current_ratio))))",2e6fa31e464c242a3a7f710e2cf3bcb310e40cca40044771e4b2df73b3498c9b,30c809382585cbc0fb606c64af2a2b3b3d7fa966c16e383d5b762ea15af86c42,2379cb49340c53ae52e085c5dcdd3f5dd898f58e619ee3579306ff457d0beb63
stock_session,SLOW_CROSS_SECTIONAL_LEVEL,cn.pair.11409a3ece614a036cb38826d5f17419,cn.comp.04653fa2010513910f59,cn.comp.04653fa2010513910f59.control,PAIR_EVALUATED,,0.33391645,0.21446036,0.11945608999999999,0.00830685,-0.00080814,0.00911499,0.31156912,0.0077037,0.30386542,1820573,1.0,stock_session,stock-session cross-section,"CSRank(SafeDiv(ZScore($fund_efficiency_fixed_asset_intensity),ZScore($ctx_hfq_turnover_ratio),0.05))","CSRank(Add(ZScore($fund_efficiency_fixed_asset_intensity),Mul(0,ZScore($ctx_hfq_turnover_ratio))))",fb17771f75c660b8031323559cf4687fa5f9d72588b0e4676c723e7a28eb9eab,90c3cf68db3c547b06cb5c87196d59dd1a1165392eafb348882335d7d7531608,5a8258605cfb5de77ac6a02aa38d2bf109cb37ca57a664e68c3c714423e478f1
stock_session,SLOW_CROSS_SECTIONAL_LEVEL,cn.pair.12ce04aac54bce5282a868eb86f505e9,cn.comp.028ff969c85770fef89e,cn.comp.028ff969c85770fef89e.control,PAIR_EVALUATED,,0.46329181,-0.31967448,0.7829662900000001,0.03535563,-0.05561228,0.09096791,0.108248,0.01081436,0.09743364,1845584,1.0,stock_session,stock-session cross-section,"CSResidual(ZScore($chip_cost_p50),ZScore($chip_cost_p15))","CSRank(Add(ZScore($chip_cost_p50),Mul(0,ZScore($chip_cost_p15))))",f6319f6b8b779acdad1d2148cd2af4f332a7921764ab0ac634a73741544c05af,b4e492878c820e69b9ad6c83c661316752df93d8621c8e71226e4cfdee964bab,35b0953d8ed543262fa446db80e599e5cfce28e4921ebc734d7bca897786debc
stock_session,SLOW_CROSS_SECTIONAL_LEVEL,cn.pair.1303656c0aa299f8e8323901500a7f98,cn.comp.02e878f3c8e80493f297,cn.comp.02e878f3c8e80493f297.control,PAIR_EVALUATED,,0.05396588,0.06365624,-0.009690360000000002,-0.01497748,-0.01381925,-0.0011582299999999997,0.02171647,0.02021836,0.0014981100000000004,1834295,1.0,stock_session,stock-session cross-section,"CSResidual(ZScore($ctx_hfq_pe_ttm),ZScore($chip_cost_p85))","CSRank(Add(ZScore($ctx_hfq_pe_ttm),Mul(0,ZScore($chip_cost_p85))))",d7c6fb5db0d1bf9cc98c49e444e00f2d3ab72a5beaf9b7e83bba2a749ddfef70,a7cd544e960f07361907a69ca6059a61c7b01714c195ce9c3979d3adb131f37a,20bae41e98f45342f693de5d3639f6e66066fa4d22483df3fd1be481dc4f3d15
stock_session,SLOW_CROSS_SECTIONAL_LEVEL,cn.pair.1472340b5301620e2f8c8628c5e2119f,cn.comp.053b9227575b6270f326,cn.comp.053b9227575b6270f326.control,PAIR_EVALUATED,,0.26111438,0.2586386,0.002475779999999983,0.00500653,0.00493099,7.554000000000068e-05,0.01367857,0.00785764,0.0058209299999999985,1174236,1.0,stock_session,stock-session cross-section,"CSResidual(ZScore($fund_working_capital_receivables_assets),ZScore($ctx_rzrq_rzjme))","CSRank(Add(ZScore($fund_working_capital_receivables_assets),Mul(0,ZScore($ctx_rzrq_rzjme))))",44150eab06aa437905c09db2bb1873d6c6f2ab492612db61851fa45ef01637f9,ac9bd7f3e52de036d27855e6ceb5babdba6af67fb63ab8e06eb450aa4bcebbc1,2022fe7bc04cd6fc6cc77ea2a428454d3f012b7a75186269cd60fc4801dc0b55
stock_session,SLOW_CROSS_SECTIONAL_LEVEL,cn.pair.16865608c6bea39ed70335dc9a7f5de3,cn.comp.08614025872cd06ed124,cn.comp.08614025872cd06ed124.control,PAIR_EVALUATED,,0.13950125,0.2735831,-0.13408185000000003,-0.00347439,0.00718976,-0.01066415,0.02068491,0.00772332,0.012961590000000002,1781253,1.0,stock_session,stock-session cross-section,"CSRank(SafeDiv(ZScore($fund_working_capital_receivables_assets),ZScore($ctx_hfq_float_market_cap_yuan),0.05))","CSRank(Add(ZScore($fund_working_capital_receivables_assets),Mul(0,ZScore($ctx_hfq_float_market_cap_yuan))))",258173c9a9687cf79e57ccd5b305aa8a4920a16df6dae1a1172ffaa6820def1a,9307d59f45eea0e4d0ef05d57f715f81033ec4988647a91a93a7aa48a8bde0e9,8c7b3c88bd95bc651fe564b37efbf3c917057d5cedaef8165b1347c3b0cc0319
stock_session,SLOW_CROSS_SECTIONAL_LEVEL,cn.pair.174ffe2fa092cfe831e39e093c600b7e,cn.comp.037a9d5fb1d15e04d743,cn.comp.037a9d5fb1d15e04d743.control,PAIR_EVALUATED,,0.22744922,0.06203631,0.16541291000000002,0.004758,-0.014604,0.019362,0.0413342,0.00821198,0.03312222,1783881,1.0,stock_session,stock-session cross-section,"CSRank(SafeDiv(ZScore($fund_profit_gross_margin),ZScore($ctx_hfq_pb),0.05))","CSRank(Add(ZScore($fund_profit_gross_margin),Mul(0,ZScore($ctx_hfq_pb))))",09c5c767b93a2b8a93284debda5c92a5209acc147d6a0d5bdd7f5174fcdc6b8d,455187924a6cc49d142eb959fa0f7a7e444667ab1a8e824b96a1e54142bc1487,45690a089e3ed2b097c3d1d33b861e68e500a733beb4ef8dff76484902ff41e3
stock_session,SLOW_CROSS_SECTIONAL_LEVEL,cn.pair.1f3922edbf797191a54886531371a498,cn.comp.015aaa8dbf1bc8144bba,cn.comp.015aaa8dbf1bc8144bba.control,PAIR_EVALUATED,,-0.34477598,-0.32745432,-0.01732165999999996,-0.05750107,-0.05658211,-0.0009189600000000034,0.01134958,0.01067275,0.0006768299999999998,1832065,1.0,stock_session,stock-session cross-section,"CSResidual(ZScore($chip_cost_p15),ZScore($fund_leverage_liabilities_assets))","CSRank(Add(ZScore($chip_cost_p15),Mul(0,ZScore($fund_leverage_liabilities_assets))))",ef95d51f60b0e92a3e5d8799d46699c34b975c6d602d4f67d2254b62c8416a59,4443188b45189a648ffee6de8f71e9a36bfa415ecf07c49df5d25800c77521b0,a94f5fe67acb494930e07aee7dd252e25b56c275ef8270844e3402d0a920b832
stock_session,SLOW_CROSS_SECTIONAL_LEVEL,cn.pair.217fa302c9eb894fc8f1f8e777c9e714,cn.comp.04d57f4eaeb343a6a324,cn.comp.04d57f4eaeb343a6a324.control,PAIR_EVALUATED,,0.26831421,0.27122621,-0.0029120000000000257,0.00225589,0.00221998,3.591000000000011e-05,0.00348727,0.00331692,0.0001703500000000001,1830062,1.0,stock_session,stock-session cross-section,"CSResidual(ZScore($fund_holder_top10_shares_log),ZScore($fund_cashflow_cfo_profit))","CSRank(Add(ZScore($fund_holder_top10_shares_log),Mul(0,ZScore($fund_cashflow_cfo_profit))))",aa30a95359c365c20eb0d8dbb3c2c0903dda35117882497f3ad93a77ce13d91b,24a503f82dd0bb63d7d49c0d25ffe86103265e4292321a20535e3407e25757ec,0b95a8a53c73a1ad72d262323d308b48b6b47207e190df95fb77ac6b2d6ce6de
stock_session,SLOW_CROSS_SECTIONAL_LEVEL,cn.pair.22860b9e00379260c53bd9143d3eaa2f,cn.comp.078d9db4d01c81e4dc07,cn.comp.078d9db4d01c81e4dc07.control,PAIR_EVALUATION_BLOCKED,control_signal_empty_or_constant,-0.3216386,-0.08124324,,-0.0558603,,,0.01001503,0.00299711,0.0070179199999999995,1845584,1.0,stock_session,stock-session cross-section,CSRank(Winsorize($chip_cost_p05)),CSRank(Sign($chip_cost_p05)),38439267753929257f5d67c1a9b97917aba01a749a849a90c228fa145c2b0948,4a39d4fd0f065bf0d115723a45d313390d75d09f1b17e6667e0a86f1c51f0d18,988101eabb6744603b10a3751db33a93bb6e8b65cfd176bd30d8d9a10821dd79
stock_session,SLOW_CROSS_SECTIONAL_LEVEL,cn.pair.22a5933bed205d90bf0fa852b7257253,cn.comp.0042a11522490365975e,cn.comp.0042a11522490365975e.control,PAIR_EVALUATED,,0.17982508,0.27118302,-0.09135794,-0.00045453,0.00221998,-0.0026745099999999997,0.01943458,0.00331692,0.01611766,1830062,1.0,stock_session,stock-session cross-section,"CSRank(SafeDiv(ZScore($fund_holder_top10_shares_log),ZScore($fund_cashflow_cfo_profit),0.05))","CSRank(Add(ZScore($fund_holder_top10_shares_log),Mul(0,ZScore($fund_cashflow_cfo_profit))))",c968f322574d2c644b117f47fc5ce10aa4b217def7d4d57dc5d06ae38d2eec92,07212a1e024a749fdb6229234f98c7bd6bdbe064defe65246d85855733c101e6,29e33fcd6ead174ceeabf30b859d8a4891d0cd53adf51099320ae771db26e499
stock_session,SLOW_CROSS_SECTIONAL_LEVEL,cn.pair.23ba473f858340047f736d1048f9288c,cn.comp.0d3cb386bcd87b521560,cn.comp.0d3cb386bcd87b521560.control,PAIR_EVALUATED,,-0.22885486,-0.2997882,0.07093334000000001,-0.04357092,-0.05427987,0.010708950000000002,0.01191338,0.01154389,0.0003694900000000001,1834295,1.0,stock_session,stock-session cross-section,"CSRank(Sub(ZScore($chip_cost_weighted_mean),ZScore($ctx_hfq_market_cap_yuan)))","CSRank(Add(ZScore($chip_cost_weighted_mean),Mul(0,ZScore($ctx_hfq_market_cap_yuan))))",64ce7944b38e3d188b5484dd274245bf5d86a8173d3f3ddd7b23c50ec324b01c,ff9fad3e3d6231aa707de0bf321def384f0fc9063d8d5715f3e05cca6cf2ae79,5e06961384cc29740e503536b1df80eb0e95d1562975281d70f4603861c41555
stock_session,SLOW_CROSS_SECTIONAL_LEVEL,cn.pair.24978975e96123105a46b90cf581fa4a,cn.comp.0312fa7130869d8f293f,cn.comp.0312fa7130869d8f293f.control,PAIR_EVALUATED,,-0.35653347,-0.3591056,0.002572130000000006,-0.06800581,-0.06747695,-0.000528860000000006,0.19877908,0.19877512,3.959999999997299e-06,1783881,1.0,stock_session,stock-session cross-section,"CSResidual(ZScore($ctx_hfq_turnover_ratio),ZScore($fund_profit_gross_margin))","CSRank(Add(ZScore($ctx_hfq_turnover_ratio),Mul(0,ZScore($fund_profit_gross_margin))))",74b467fd0ccefec017662ad68b67ec54e7e59c18a945505122ce35a49cd7d8cc,ea83451ecc734d70885941a1b386fa717f1e4e5d181002e9a464016025ccc848,d0f632c3bcb3a390eae483aadcb59739f3f594529b00ee744db2788bd37b2b42
stock_session,SLOW_CROSS_SECTIONAL_LEVEL,cn.pair.24cf6360b43dc76ded7fbb82d65be5e5,cn.comp.066e55af49128b12e990,cn.comp.066e55af49128b12e990.control,PAIR_EVALUATED,,0.26035548,0.26108492,-0.0007294400000000256,-0.00208038,-0.00204243,-3.7950000000000136e-05,0.01010364,0.01004885,5.479000000000074e-05,1633490,1.0,stock_session,stock-session cross-section,"CSResidual(ZScore($fund_holder_count_log),ZScore($ctx_hfq_ps_ttm))","CSRank(Add(ZScore($fund_holder_count_log),Mul(0,ZScore($ctx_hfq_ps_ttm))))",90442389317f676825cace5a7715c85c30f1355e357ba513301a2f5de0773570,8f6019ffc876f3207d79a3a2a8281d8f2bb7fb835db00bc79e95695c33f08d6e,c641250caadf9494b52f8f1091ac33d35f63da4f5d8cb18dc6a7a6f33e3a1d25
stock_session,SLOW_CROSS_SECTIONAL_LEVEL,cn.pair.2ad487365d6b06df5e74e16e97c549c5,cn.comp.025bc4bc4277a88bc8b7,cn.comp.025bc4bc4277a88bc8b7.control,PAIR_EVALUATED,,0.04011774,-0.0248913,0.06500904,-0.01532268,-0.0158414,0.0005187199999999986,0.00519459,0.00596249,-0.0007679000000000002,1794905,1.0,stock_session,stock-session cross-section,"CSRank(Mul(ZScore($fund_profit_operating_margin),ZScore($fund_profit_gross_margin)))","CSRank(Add(ZScore($fund_profit_operating_margin),Mul(0,ZScore($fund_profit_gross_margin))))",99a79caee62a00d53c260dfc74ff5ef6c752f883b7e7f6b384b6e3b42eecb38d,c3e5e109bcc3257e6d086690e2eb92d3f8ab2a97de00039f40e0f0873c5fb80b,96f9c8dab6dcce6d6c4984710f1ed38c467a87145e90f6de1611ffdf9bba35e0
stock_session,SLOW_CROSS_SECTIONAL_LEVEL,cn.pair.2be3f28a533f8edbd56e68471e955017,cn.comp.009d12670dd363540c5e,cn.comp.009d12670dd363540c5e.control,PAIR_EVALUATED,,0.09361449,0.06555656,0.028057929999999995,-0.01292577,-0.01313841,0.00021264000000000005,0.02051282,0.02018811,0.00032471000000000236,1840950,1.0,stock_session,stock-session cross-section,"CSResidual(ZScore($ctx_hfq_pe_ttm),ZScore($ctx_hfq_pb))","CSRank(Add(ZScore($ctx_hfq_pe_ttm),Mul(0,ZScore($ctx_hfq_pb))))",293c7c85dfdf30ca7dcb79cc70752fcb2751961f563d8dfc100c2a0291ff82db,70a63d7bd44abbdfcd28a3cbdb5dd6a88381a94191ddd31aa84857efe43fa2a7,b6749488156def7e866f00bc86cf64f64b361d0ed620424294fa56056cfd047f
stock_session,SLOW_CROSS_SECTIONAL_LEVEL,cn.pair.2f57d0ce8b66f4c6a619365ac81c94e8,cn.comp.07e608b2ba7e9cc7dc05,cn.comp.07e608b2ba7e9cc7dc05.control,PAIR_EVALUATED,,0.21834307,0.10040292,0.11794015,0.00344871,-0.01324189,0.0166906,0.01512866,0.01650237,-0.0013737099999999985,1211176,1.0,stock_session,stock-session cross-section,"CSRank(Mul(ZScore($ctx_rzrq_rzye),ZScore($fund_holder_top10_shares_log)))","CSRank(Add(ZScore($ctx_rzrq_rzye),Mul(0,ZScore($fund_holder_top10_shares_log))))",2b3101c5f800fdce54913ea63229eedcfd18bc3dc8f97fe9d23cbccd768c5732,b65c2cd1b692ec6e355385c47de8b5f22fa695e38eab1cd57d4c3bfb6a2ff9e9,7a282257557a2f544eb83a81c04a4765682335146440c36ebb481ad90f3d08f0
stock_session,SLOW_CROSS_SECTIONAL_LEVEL,cn.pair.2f60885531f9d977181b66e5beeb88f2,cn.comp.099410aa7f667e65c623,cn.comp.099410aa7f667e65c623.control,PAIR_EVALUATED,,0.2614922,0.06310128,0.19839092000000003,0.00546128,-0.014604,0.02006528,0.0234415,0.00821198,0.01522952,1783881,1.0,stock_session,stock-session cross-section,"CSRank(SafeDiv(ZScore($fund_profit_gross_margin),ZScore($ctx_hfq_ps_ttm),0.05))","CSRank(Add(ZScore($fund_profit_gross_margin),Mul(0,ZScore($ctx_hfq_ps_ttm))))",73aaff22c73e3f2d443839f2daea51942d35f62e09f8596e4034b591a527420e,7e37fc495d1bb72bd2ec32a81da92b07ec872a00bee122c4a1a7fa8dc503f9a9,2a4771b1c68f1e2dba6cbf14b64bd3d54006c4960c9b578d945055a41bedac5d
stock_session,SLOW_CROSS_SECTIONAL_LEVEL,cn.pair.2fed2b6982f57004724a2c1ffd138b61,cn.comp.022384b1f723d8bd6009,cn.comp.022384b1f723d8bd6009.control,PAIR_EVALUATED,,0.067665,0.06556841,0.0020965900000000093,-0.0131792,-0.01313841,-4.079000000000062e-05,0.02035353,0.02018811,0.00016542000000000293,1840950,1.0,stock_session,stock-session cross-section,"CSResidual(ZScore($ctx_hfq_pe_ttm),ZScore($ctx_hfq_ps_ttm))","CSRank(Add(ZScore($ctx_hfq_pe_ttm),Mul(0,ZScore($ctx_hfq_ps_ttm))))",ba208ac59b6238e5d3a88e56fad4844540d0b42a4b396dfd1c7a967be2758217,b26e5301c710c12ff786969006dd83c694c5ec7374c181b82c46505683f8a1aa,a0d086a6125580b74b261f924c6856add5fbe7d1ed90032adfd638381510fae6
stock_session,SLOW_CROSS_SECTIONAL_LEVEL,cn.pair.301424d5574322e4e8cc739305075b43,cn.comp.02637ffc8f7de2d751e2,cn.comp.02637ffc8f7de2d751e2.control,PAIR_EVALUATED,,0.24996053,-0.31499785,0.56495838,0.01170202,-0.05581392,0.06751594,0.04710981,0.01409164,0.03301817,1834295,1.0,stock_session,stock-session cross-section,"CSRank(SafeDiv(ZScore($chip_cost_p15),ZScore($ctx_hfq_pb),0.05))","CSRank(Add(ZScore($chip_cost_p15),Mul(0,ZScore($ctx_hfq_pb))))",37a24e26302fa83b3ad6673a53f1a704a0349fdc7cd3089871d23966eb1d2e0e,767ae7dc112322d456c203ea0360c2d2717259c7c80f4ace5b96d8c17069d334,c367016d57dee1b46f63c3331d54568aaea39f441c6b3ccc13b49c1c8224b649
stock_session,SLOW_CROSS_SECTIONAL_LEVEL,cn.pair.3271681b7e73de2ee2274358259a8965,cn.comp.05d9a4bb1cd1e90a0371,cn.comp.05d9a4bb1cd1e90a0371.control,PAIR_EVALUATED,,0.04660096,0.05456126,-0.007960300000000003,-0.01500278,-0.01477005,-0.00023273000000000044,0.00493765,0.00464767,0.00028998000000000045,1794905,1.0,stock_session,stock-session cross-section,"CSRank(SafeDiv(ZScore($fund_profit_gross_margin),ZScore($fund_profit_operating_margin),0.05))","CSRank(Add(ZScore($fund_profit_gross_margin),Mul(0,ZScore($fund_profit_operating_margin))))",077a1ec01e442aad239bceb465a7076ab7182199f2cc2ab5e87aaee272f03ac9,aec10290526c8b3109d6d9f5f71afd339265a82326783e199e61d333c1c6548d,042e7c9274343c94614039524064f85ea3ee43beef3d22e11e3157dc4b250a9e
stock_session,SLOW_CROSS_SECTIONAL_LEVEL,cn.pair.36f9880b8025f8af98354ca11701ea56,cn.comp.01978417ce9e9f022ad3,cn.comp.01978417ce9e9f022ad3.control,PAIR_EVALUATED,,0.19438151,0.18837639,0.006005120000000003,-0.00362512,-0.00397709,0.00035197000000000006,0.00667192,0.0063968,0.00027511999999999936,1602297,1.0,stock_session,stock-session cross-section,"CSResidual(ZScore($fund_holder_count_log),ZScore($fund_working_capital_receivables_assets))","CSRank(Add(ZScore($fund_holder_count_log),Mul(0,ZScore($fund_working_capital_receivables_assets))))",78d9afb87d855771485c2773151d49cac4628fa8c885f79758235ba89c612bd4,d176082a2d2b22b9f8d1b54a2610e601c1d2cf44cd9e28608487099a9b06f400,aca3988904e85acb7ad590a1cb70fb753de0564817ca0a71a3aa8e96cc0d5f62
stock_session,SLOW_CROSS_SECTIONAL_LEVEL,cn.pair.3716040e82cfb95696327eee679f8fde,cn.comp.06b3097bf492cd577d5c,cn.comp.06b3097bf492cd577d5c.control,PAIR_EVALUATED,,0.15254193,0.15887977,-0.006337840000000011,-0.00601264,-0.00556661,-0.00044603000000000004,0.01880174,0.01870481,9.693000000000201e-05,1829397,1.0,stock_session,stock-session cross-section,"CSResidual(ZScore($fund_efficiency_revenue_assets),ZScore($fund_holder_top10_share_ratio))","CSRank(Add(ZScore($fund_efficiency_revenue_assets),Mul(0,ZScore($fund_holder_top10_share_ratio))))",691b3676fb166044b034adebda4bb0a15c0da5425a2566a613ede5691424667c,67b1ab8ca230da815bf80886a5d74c827f97f4506a0b44dda213be1c7bdd0ba7,9cf5619ffa31771df23b736b40149d1fac1f435dcb96cdfb1ceaea65ca75d469
stock_session,SLOW_CROSS_SECTIONAL_LEVEL,cn.pair.39bea76c80cbf67700838f8b7ae2b29b,cn.comp.082cfad32187c39b676f,cn.comp.082cfad32187c39b676f.control,PAIR_EVALUATED,,-0.29864283,-0.31417838,0.015535549999999954,-0.05311134,-0.05581392,0.002702580000000003,0.01438861,0.01409164,0.00029696999999999883,1834295,1.0,stock_session,stock-session cross-section,"CSResidual(ZScore($chip_cost_p15),ZScore($ctx_hfq_market_cap_yuan))","CSRank(Add(ZScore($chip_cost_p15),Mul(0,ZScore($ctx_hfq_market_cap_yuan))))",bfc9c5613e720f96b7421a7192227a2991862300bb423a6c235b3433ba040aa8,5c9a0698eefd08041947194ddb1e31b3aa0119fef47f25640c4831ccf5db5d8e,ade5f6ce47a47e23d86aabd9b08174d3eed7d914b84085b42db2c7658a97535d
stock_session,SLOW_CROSS_SECTIONAL_LEVEL,cn.pair.3a1bb58836184374b2b4d294dcbe8ab2,cn.comp.01f175fd846c36f86ad8,cn.comp.01f175fd846c36f86ad8.control,PAIR_EVALUATED,,0.34095184,-0.32077704,0.6617288800000001,0.01539003,-0.0560301,0.07142013,0.00958244,0.00965606,-7.361999999999994e-05,1832065,1.0,stock_session,stock-session cross-section,"CSRank(Mul(ZScore($chip_cost_p05),ZScore($fund_leverage_liabilities_assets)))","CSRank(Add(ZScore($chip_cost_p05),Mul(0,ZScore($fund_leverage_liabilities_assets))))",dfffd34ba783d5570436a0e1e7917d9a9c531ba59acf016e6776296353da33be,bf421a070b073f2ffbdbcd37dad9f4236f071854a5b191986418bf459c38d7d6,c855aef815b5bb3ceac441e3ae4ea38feee2aa6f0ee505ed01959c22b63f72e1
stock_session,SLOW_CROSS_SECTIONAL_LEVEL,cn.pair.3af28788e5f9f982f32ff9af94f39d94,cn.comp.049d11738d9b398c7891,cn.comp.049d11738d9b398c7891.control,PAIR_EVALUATED,,0.19949273,0.00252509,0.19696764,-0.00250006,-0.01559873,0.01309867,0.01083855,0.00781875,0.0030198000000000013,1605555,1.0,stock_session,stock-session cross-section,"CSRank(SafeDiv(ZScore($fund_profit_operating_margin),ZScore($fund_holder_average_shares_log),0.05))","CSRank(Add(ZScore($fund_profit_operating_margin),Mul(0,ZScore($fund_holder_average_shares_log))))",8d6a643d3b5bfe44e5218424681a6c3e1f076174d0341891411af007c1b7df6d,3b95d9fa9d5e7dd6fcd31f466afae6d1cef9be039cbc1ac1fe30885298ff2ec0,907c3593b50cbd626cf3df144ed2eddbe261896a6588beb5256963089b02226e
stock_session,SLOW_CROSS_SECTIONAL_LEVEL,cn.pair.3bdeb1631c039ac15953d4226a64a8e4,cn.comp.08eed649dbadcc91c21f,cn.comp.08eed649dbadcc91c21f.control,PAIR_EVALUATED,,0.24393134,0.2719833,-0.028051959999999987,-0.00282349,0.00718976,-0.01001325,0.02004154,0.00772332,0.012318220000000001,1781253,1.0,stock_session,stock-session cross-section,"CSRank(Mul(ZScore($fund_working_capital_receivables_assets),ZScore($ctx_hfq_pe_ttm)))","CSRank(Add(ZScore($fund_working_capital_receivables_assets),Mul(0,ZScore($ctx_hfq_pe_ttm))))",e9cd2f4b14c7e48310fb3e8c042180c3ca752a18f4265b9a240e1926af852fc4,a184169617978a3ba1c35bc1603457b26bc3d1f1bb00156a5c9b18f086bf7641,05580dbcd01321c22147e85a2a3deab9c819812b7aae08500cc5e1178c46311f
stock_session,SLOW_CROSS_SECTIONAL_LEVEL,cn.pair.3d1a54118227eb667335ee1fa70de266,cn.comp.0c8dcd9c8fbbe062028a,cn.comp.0c8dcd9c8fbbe062028a.control,PAIR_EVALUATED,,0.1259508,0.17275621,-0.04680540999999999,-0.00728132,-0.00495177,-0.0023295499999999997,0.01058212,0.00678955,0.0037925700000000003,1828616,1.0,stock_session,stock-session cross-section,CSRank($fund_accruals_profit_minus_cfo_assets),CSRank(Sign($fund_accruals_profit_minus_cfo_assets)),005eb4bbe9950f3dcd625b534356709afdb5808af0e07273c7c5455431461f95,e51f0c1da43cec81be79d4836aeb917ffc69ee80a63a2c054f3cf1b48e0cf5c5,d8289330d49d9034a56759d3fb6258906b59d2381c7ebfa6369481e2a9e4c42b
stock_session,SLOW_CROSS_SECTIONAL_LEVEL,cn.pair.3df6abbc4072fe95ce404888d1a9d109,cn.comp.019791b06d11f5a40c33,cn.comp.019791b06d11f5a40c33.control,PAIR_EVALUATED,,0.25079887,-0.074072,0.32487087000000003,0.00127581,-0.03761671,0.03889252,0.01270912,0.0147986,-0.0020894799999999995,1824549,1.0,stock_session,stock-session cross-section,"CSRank(Mul(ZScore($ctx_hfq_float_market_cap_yuan),ZScore($fund_holder_top10_shares_log)))","CSRank(Add(ZScore($ctx_hfq_float_market_cap_yuan),Mul(0,ZScore($fund_holder_top10_shares_log))))",44437294e8c89c5502122ae00242587f1d960be1d0472b83413cb1a892dbeb4c,5d1d4770eb6682d2d9c0b130e3efd7c5cf6bec601bcecc0c4b111ea8bf8ab087,c3bcf3f8aa458e9ac7b58cc7e7b2f437c1ec0d83d1e106401f180f46b41dc88c
stock_session,SLOW_CROSS_SECTIONAL_LEVEL,cn.pair.3ebf8dc705965245190e68e50bc6d6e4,cn.comp.06b822147cbd6d45433a,cn.comp.06b822147cbd6d45433a.control,PAIR_EVALUATED,,0.16982538,0.16644593,0.003379450000000006,-0.0047867,-0.00291113,-0.0018755699999999996,0.00474286,0.00446818,0.00027467999999999937,1795102,1.0,stock_session,stock-session cross-section,"CSResidual(ZScore($fund_liquidity_current_ratio),ZScore($fund_holder_top10_shares_log))","CSRank(Add(ZScore($fund_liquidity_current_ratio),Mul(0,ZScore($fund_holder_top10_shares_log))))",2d064e61b4238a017dd89f45b61fbd06af5601db0ec9e35e68df6c1b7971881c,ff5edbcc0ff7e4ef81456dda99f9eaf9c344df8d7f6f4f03641abd3cd0079cb9,30f258e8d0b575eb06de4028c017c84e556ad97216ab07a8c4d849ce5dc3e2d8
stock_session,SLOW_CROSS_SECTIONAL_LEVEL,cn.pair.3f55fdb8c3c687d1cf1c7bc37c699ce0,cn.comp.08e1a5dfab4821c8a521,cn.comp.08e1a5dfab4821c8a521.control,PAIR_EVALUATED,,0.17283541,0.14593814,0.02689727,-0.00530886,-0.00603024,0.0007213799999999998,0.01935445,0.01999665,-0.0006422000000000025,1637800,1.0,stock_session,stock-session cross-section,"CSRank(SafeDiv(ZScore($fund_efficiency_revenue_assets),ZScore($fund_holder_average_shares_log),0.05))","CSRank(Add(ZScore($fund_efficiency_revenue_assets),Mul(0,ZScore($fund_holder_average_shares_log))))",5431d4a0fe7e38c9ba8837650aa69926abe7be83cedef979f9227691b195783b,2df8cb73ce09afb214088864b2b3c9809c532ac033e877963af7a6ae2f68fc6f,e0752656646981c6cec5d93a1432f4fc467cd598b7be84aff378ee0f82f6d0de
stock_session,SLOW_CROSS_SECTIONAL_LEVEL,cn.pair.3fb48be1472073c6947cc0a538394945,cn.comp.0099d408b145beb88840,cn.comp.0099d408b145beb88840.control,PAIR_EVALUATED,,0.25446629,0.24285498,0.011611309999999986,0.00375624,0.00210166,0.0016545800000000001,0.01158516,0.00780567,0.003779490000000001,1765583,1.0,stock_session,stock-session cross-section,"CSResidual(ZScore($fund_working_capital_inventory_assets),ZScore($ctx_hfq_turnover_ratio))","CSRank(Add(ZScore($fund_working_capital_inventory_assets),Mul(0,ZScore($ctx_hfq_turnover_ratio))))",2e2d569a483996610638a4681a4149119fd3ba81e737f2883d66a95af73fc08d,50d2c259d8705a74946ad527acea8411b24398a31c76dc36ce045c86b13d3b2d,46c6c0181dba1d28b180ea44d077878fa9dc814eeea2bd8cfb22905663152e65
stock_session,SLOW_CROSS_SECTIONAL_LEVEL,cn.pair.412a93af4c6a87d8d745cfdca08e555e,cn.comp.04e15cd2957746079764,cn.comp.04e15cd2957746079764.control,PAIR_EVALUATED,,0.41896553,-0.29713979,0.71610532,0.02879428,-0.05082355,0.07961783,0.03233555,0.01289361,0.019441939999999998,1213776,1.0,stock_session,stock-session cross-section,"CSRank(SafeDiv(ZScore($chip_cost_p85),ZScore($ctx_rzrq_rzye),0.05))","CSRank(Add(ZScore($chip_cost_p85),Mul(0,ZScore($ctx_rzrq_rzye))))",c34f1dfffcaca6e5317c9c7f2bd1ac5e8f86b585af4cd60bd7655e8693f9f002,d79480efe2a8643f480e9a7492ae63355d47e475f9a821468429a37306a2e2f9,acb2e1694e12c2c095fdf5b3b28e4472a8b6d04db9764ce0b80c56c666bff2cc
stock_session,SLOW_CROSS_SECTIONAL_LEVEL,cn.pair.412f048f6025b6c57ec7737e37fa9ecd,cn.comp.05c5e4496a377242f251,cn.comp.05c5e4496a377242f251.control,PAIR_EVALUATED,,0.2617185,0.26232639,-0.0006078899999999998,0.00206662,0.00207224,-5.620000000000017e-06,0.00331262,0.00331262,0.0,1831571,1.0,stock_session,stock-session cross-section,"CSResidual(ZScore($fund_holder_top10_shares_log),ZScore($fund_profit_parent_margin))","CSRank(Add(ZScore($fund_holder_top10_shares_log),Mul(0,ZScore($fund_profit_parent_margin))))",377f3267214f43125179f442ddb98256e0d83d8801d5a9fa40b5ee4f41125606,41de452e540f9e8b6296a38e272a416e7e843ae792dfb8f7e7ae2a27cac8a4e3,76548bd36427c90c582fd59ac1009d8b233fe1c9db16153a38c55893f335c45a
stock_session,SLOW_CROSS_SECTIONAL_LEVEL,cn.pair.4139b1cec2f53704980be155757c120f,cn.comp.1be151fdd137e437e2cb,cn.comp.1be151fdd137e437e2cb.control,PAIR_EVALUATION_BLOCKED,control_behavior_identity_equals_primary,-0.30160322,-0.30049712,,-0.05427987,-0.05427987,0.0,0.01154389,0.01154389,0.0,1834295,1.0,stock_session,stock-session cross-section,"CSRank(Mul(ZScore($chip_cost_weighted_mean),Sign($ctx_hfq_float_market_cap_yuan)))","CSRank(Add(ZScore($chip_cost_weighted_mean),Mul(0,Sign($ctx_hfq_float_market_cap_yuan))))",92496b0131e59b9a163ddf16bd75ed78c75fe28c7d61738a11249eb13d2e0c7c,478ff5bfad647c8e753a2b31c864972be1ab9065ac0eb55f003838a21a419eba,14448dc953dbfd6431ae7565a96e04469101c53946210977b3d32f795a43dfc0
stock_session,SLOW_CROSS_SECTIONAL_LEVEL,cn.pair.43dc2304fd40d20bc3b1f4352a14204c,cn.comp.0959d47c4b65562a1f41,cn.comp.0959d47c4b65562a1f41.control,PAIR_EVALUATED,,0.3773359,-0.11864968,0.49598558,0.02505132,-0.03613734,0.06118865999999999,0.0310664,0.02128253,0.00978387,1834295,1.0,stock_session,stock-session cross-section,"CSRank(SafeDiv(ZScore($ctx_hfq_ps_ttm),ZScore($chip_cost_p15),0.05))","CSRank(Add(ZScore($ctx_hfq_ps_ttm),Mul(0,ZScore($chip_cost_p15))))",cb94e520a174272031cb725c98ea3fa9645a412a5b30ba91bcb4ca9e13888809,408197f24a7854a180128083fa9c2d4e217cde76b8caaa6bf3279d26dd02d0a2,5e44df1e7652b6416a23bb487e8d7e8bc46e6fc5f6a39bc9f49baab63748ab1c
stock_session,SLOW_CROSS_SECTIONAL_LEVEL,cn.pair.447cec01b4216f4c4cbf25caec2f2118,cn.comp.0087653d0fca82c61acf,cn.comp.0087653d0fca82c61acf.control,PAIR_EVALUATED,,0.13811338,0.22743522,-0.08932183999999999,-0.00429085,0.00172745,-0.0060183,0.00510354,0.00299726,0.0021062800000000003,1795433,1.0,stock_session,stock-session cross-section,CSRank(Winsorize($fund_liquidity_cash_current_liab)),CSRank(Sign($fund_liquidity_cash_current_liab)),417fbdf13805da71db71cfb18201366d1b579c1cb5888a9c8f48cf52bb458099,f8573924c2ce62b5384ced6f04160ca3e9a44aa2626f913a244bee7c8c0b86b9,e59d11a830807e79e69e431e055e0662ebece35de65ff9a6967e88a18302e954
stock_session,SLOW_CROSS_SECTIONAL_LEVEL,cn.pair.4b2bd28e12e678c04e40f54e62b3a921,cn.comp.042099287a7f0f62b285,cn.comp.042099287a7f0f62b285.control,PAIR_EVALUATED,,0.15207354,0.31386711,-0.16179357,-0.0017992,0.01033693,-0.012136129999999998,0.64538717,0.0072371,0.63815007,1211176,1.0,stock_session,stock-session cross-section,"CSRank(SafeDiv(ZScore($fund_holder_top10_shares_log),ZScore($ctx_rzrq_rzjme),0.05))","CSRank(Add(ZScore($fund_holder_top10_shares_log),Mul(0,ZScore($ctx_rzrq_rzjme))))",1e1438c0c95a05586c3cf701a52b149860271c72a35cc7c08caee39bb15c7a8d,5cd87b4efc59a60a221d06c4a9111bc6247169b784dc23eec26fd9734a2a6f9a,38b3680834b05f3f9c24b4aae0870ce3b2c2e02a9f8617efd05e40ea1b62b4e5
stock_session,SLOW_CROSS_SECTIONAL_LEVEL,cn.pair.4baf07800e3b955e6b02c42433649511,cn.comp.06bca87ea635d3688343,cn.comp.06bca87ea635d3688343.control,PAIR_EVALUATED,,0.11635428,-0.22485449,0.34120877,-0.01185435,-0.05486595,0.0430116,0.04109869,0.02594827,0.015150420000000001,1819127,1.0,stock_session,stock-session cross-section,"CSRank(SafeDiv(ZScore($ctx_hfq_pb),ZScore($fund_cashflow_cfo_profit),0.05))","CSRank(Add(ZScore($ctx_hfq_pb),Mul(0,ZScore($fund_cashflow_cfo_profit))))",e89cdc2f1b79de3f8a1f5b04cfb91df3cbee14f3d6096d6be994bd5189a0705c,4c1c77a4faaa98fc9df21fac73a8c149c0b460e57822dba66d674a0a71fc1d9e,d7397a011cd36c0f107c8b128bd9fd383c629948a5cabd01f87f9ec9b5f2dba2
stock_session,SLOW_CROSS_SECTIONAL_LEVEL,cn.pair.4c75eca23d34ae5f00d108d2c2cd9d1f,cn.comp.081b75d0bbc2df51aa90,cn.comp.081b75d0bbc2df51aa90.control,PAIR_EVALUATED,,0.23572644,0.13882652,0.09689992,0.00884582,-0.00429941,0.01314523,0.00566952,0.00510222,0.0005672999999999997,1795340,1.0,stock_session,stock-session cross-section,"CSResidual(ZScore($fund_liquidity_cash_current_liab),ZScore($chip_cost_p05))","CSRank(Add(ZScore($fund_liquidity_cash_current_liab),Mul(0,ZScore($chip_cost_p05))))",2a5887a19d42c8eed222186e56b9276968ddbbc2693c85b262982ad1ea8e19bc,2634e2abdea99bc59a98c8e97f33b74c7b6273c4e2f2c869d19820ae64976d31,d3b81d5d23753a271c0b5ccf2a0e78392bbc572073c87ca97b5a945d4a825e46
stock_session,SLOW_CROSS_SECTIONAL_LEVEL,cn.pair.4dca3dc4812e6c82e57a273b801e688e,cn.comp.08ebf0c9b5abc2496b14,cn.comp.08ebf0c9b5abc2496b14.control,PAIR_EVALUATED,,0.40457283,-0.32834423,0.73291706,0.0234457,-0.05662747,0.08007317,0.00856621,0.01072251,-0.0021563,1835775,1.0,stock_session,stock-session cross-section,"CSRank(SafeDiv(ZScore($chip_cost_p15),ZScore($fund_holder_top10_shares_log),0.05))","CSRank(Add(ZScore($chip_cost_p15),Mul(0,ZScore($fund_holder_top10_shares_log))))",5b0007fb0d5b503c47a816a4823cdbe9fc7eb4bfa28679ce06e5729a7d3a1127,4bd67df7e82558c6e42f49f02d3a5582fbf48baa343ee090ddc0c83871772c66,4ff91b1a0d72a85e366629ef77197053e72206ecb7da2a4c1a8b78711b415e9b
stock_session,SLOW_CROSS_SECTIONAL_LEVEL,cn.pair.4dd3545832ea26f1a162c8815f72f355,cn.comp.03b0e2ec14135e05c8fa,cn.comp.03b0e2ec14135e05c8fa.control,PAIR_EVALUATED,,0.17557362,0.25312801,-0.07755439,-0.00119448,0.00314449,-0.004338969999999999,0.00484502,0.00483816,6.860000000000026e-06,1813064,1.0,stock_session,stock-session cross-section,"CSRank(Mul(ZScore($fund_working_capital_payables_assets),ZScore($fund_holder_top10_shares_log)))","CSRank(Add(ZScore($fund_working_capital_payables_assets),Mul(0,ZScore($fund_holder_top10_shares_log))))",61ac5121dfe96e4414b21437124d3719a79f3c8cd7604294af78e37997be858b,52eef9ff08c2e28166848f020acc4070134db3e62010333ff8a57f86f29c0693,05e85103d7d0407ea82c55b60b950bd9a5b03b7b3e3d2b7afada6bc89a0b2e9d
stock_session,SLOW_CROSS_SECTIONAL_LEVEL,cn.pair.52f57bef9fc4d8d104a3fb765e1fdb8d,cn.comp.0609b4bffee581c0b7c7,cn.comp.0609b4bffee581c0b7c7.control,PAIR_EVALUATED,,0.27631058,-0.04781902,0.32412959999999996,0.01180271,-0.0171711,0.028973810000000003,0.47828386,0.5975444,-0.11926053999999997,1784309,1.0,stock_session,stock-session cross-section,"CSRank(SafeDiv(ZScore($ctx_hfq_volume_ratio),ZScore($fund_liquidity_cash_current_liab),0.05))","CSRank(Add(ZScore($ctx_hfq_volume_ratio),Mul(0,ZScore($fund_liquidity_cash_current_liab))))",9626bee7d37c7c475181cd165f57f02df0ec01ae4c80134e785d42c084762ce5,1367148fda3df3f01b1c390bd6e743d5c0a747cfa3e482c05ddf604c3630bbbf,d3b82908fcbf2420a70d809b4edd5f7704d895a10d7b2d353c8bd2e54c2e7101
stock_session,SLOW_CROSS_SECTIONAL_LEVEL,cn.pair.56ca6cb52e13632f8b8bf24cb79e8a6e,cn.comp.0626d74991d81ff30568,cn.comp.0626d74991d81ff30568.control,PAIR_EVALUATED,,0.0608765,0.04785454,0.013021959999999999,-0.01504168,-0.01579796,0.0007562799999999998,0.01549871,0.01533411,0.00016460000000000086,1822348,1.0,stock_session,stock-session cross-section,"CSRank(SafeDiv(ZScore($fund_capex_construct_assets),ZScore($fund_profit_parent_margin),0.05))","CSRank(Add(ZScore($fund_capex_construct_assets),Mul(0,ZScore($fund_profit_parent_margin))))",8683d44e1dbb992d1e6776997d46771d0caae3a9b01d95c093da29b509144846,3ef777e3ce20d1c4ab1324cb5cae77efeaaef57dcdea06c48fef23fb78303b19,ae26d63863b12b729c3c52bd70abfd83782fa0e1ae872d88c84b98bf9d4eca1c
stock_session,SLOW_CROSS_SECTIONAL_LEVEL,cn.pair.5816f8eded822d6628566ca800799bc5,cn.comp.06b0c8d20c72581b7791,cn.comp.06b0c8d20c72581b7791.control,PAIR_EVALUATED,,0.09841636,0.10009459,-0.0016782300000000028,-0.01365144,-0.01354706,-0.00010438000000000114,0.0166512,0.01662233,2.8870000000000284e-05,1206189,1.0,stock_session,stock-session cross-section,"CSResidual(ZScore($ctx_rzrq_rzye),ZScore($fund_cashflow_cfo_revenue))","CSRank(Add(ZScore($ctx_rzrq_rzye),Mul(0,ZScore($fund_cashflow_cfo_revenue))))",5ca16d7ed2711c1db8a5c89880d4680ae6ca405413a1838bd41c4d4fcf29b57c,d9a492114a5a39c695c0475c436a71dc30c0c8b8d23b42a01af3c8887faee0b4,648b67a6756b7d10a7f0ec44bf36311d9f93b4ccda0f1bc0edf68fb7e774f922
stock_session,SLOW_CROSS_SECTIONAL_LEVEL,cn.pair.58f1bf5d36c0665566ac765f5c06f5f8,cn.comp.08b344fa765f38338872,cn.comp.08b344fa765f38338872.control,PAIR_EVALUATED,,0.11659228,0.08158524,0.03500704,-0.00867022,-0.01224346,0.00357324,0.00434494,0.00394224,0.0004027000000000006,1835775,1.0,stock_session,stock-session cross-section,"CSResidual(ZScore($fund_holder_top10_share_ratio),ZScore($chip_cost_p95))","CSRank(Add(ZScore($fund_holder_top10_share_ratio),Mul(0,ZScore($chip_cost_p95))))",5727aa6d944c2bed599cbcb55896d83773947162397542d522edf50242b86f06,c9afd0c51fcb3c09b5de877fe5f922d7ae5e51724781b639536aa7a35cd18cbf,461c9c2752248ff6eb19880b53cf8f5fdd9a7832c7132d17d38337f54cf74a49
stock_session,SLOW_CROSS_SECTIONAL_LEVEL,cn.pair.5a575ced596d50258ea36aee94e00cc0,cn.comp.00be0c504ad7d63e779d,cn.comp.00be0c504ad7d63e779d.control,PAIR_EVALUATED,,0.38053084,-0.22658255,0.60711339,0.02168788,-0.05487153,0.07655941,0.03272705,0.025784,0.006943049999999999,1834295,1.0,stock_session,stock-session cross-section,"CSRank(SafeDiv(ZScore($ctx_hfq_pb),ZScore($chip_cost_p85),0.05))","CSRank(Add(ZScore($ctx_hfq_pb),Mul(0,ZScore($chip_cost_p85))))",8d1c43f51de1e7dbf116670bc9a8bd3fcde2a48ef60f5b87055c23cb1f229f06,9856f289eca852cf2c03e30d5fc9ca8c8ba7efcd8f03b9fc90aafc6ab66ca415,9627eff5e69eeb933e24094d100a44c055652321549fc5db1f323533f0efe5f9
stock_session,SLOW_CROSS_SECTIONAL_LEVEL,cn.pair.5a9c8fb8d22d55e9936f580e20b47206,cn.comp.05840789479be7d23163,cn.comp.05840789479be7d23163.control,PAIR_EVALUATED,,0.12130263,-0.28599825,0.40730088,-0.00252525,-0.05171755,0.0491923,0.01006593,0.00831475,0.0017511800000000015,1845584,1.0,stock_session,stock-session cross-section,"CSRank(Mul(ZScore($chip_cost_p95),ZScore($chip_cost_p85)))","CSRank(Add(ZScore($chip_cost_p95),Mul(0,ZScore($chip_cost_p85))))",8a14f441636dbad213faf07a0a2fca4991072804728f48f6cdd5e284aa5fb049,5a01038d91ba274cfc4e6de3847dbc4bd554f1ec3ca4f6dce634a0adf1fbfc3c,1d2d60bd0a8c92b2b2e33a27cbf3924734536a91fb6af9dd934e6330597a0ee4
stock_session,SLOW_CROSS_SECTIONAL_LEVEL,cn.pair.5b254b77467c04bbc7a6983e0e9b822a,cn.comp.0003ae2971425c7505c9,cn.comp.0003ae2971425c7505c9.control,PAIR_EVALUATED,,-0.06980927,-0.11030584,0.040496569999999996,-0.03289684,-0.03598237,0.003085530000000003,0.0232575,0.0211273,0.0021301999999999988,1820644,1.0,stock_session,stock-session cross-section,"CSRank(Mul(ZScore($ctx_hfq_ps_ttm),ZScore($fund_profit_parent_margin)))","CSRank(Add(ZScore($ctx_hfq_ps_ttm),Mul(0,ZScore($fund_profit_parent_margin))))",3537a3bda899dc556898f8c4c5272f13150460586cb92373c97d07decfe6f228,b2537325ee1fdee2686bcbe092d7a83ff029c031efa96378c3d21c4fe518379d,6a7ef345964ae595565d470ddc66a71c45a60bdc79b52fd52d302e13dac121cc
stock_session,SLOW_CROSS_SECTIONAL_LEVEL,cn.pair.5bc3bc38834854ba3c4d57ce7ab36c31,cn.comp.0769555f683c09ec1077,cn.comp.0769555f683c09ec1077.control,PAIR_EVALUATED,,0.29249034,0.26191722,0.03057312000000001,0.00863114,0.00852405,0.00010709000000000066,0.045801,0.04620892,-0.0004079199999999991,1208274,1.0,stock_session,stock-session cross-section,"CSResidual(ZScore($ctx_rzrq_rzyezb),ZScore($fund_efficiency_fixed_asset_intensity))","CSRank(Add(ZScore($ctx_rzrq_rzyezb),Mul(0,ZScore($fund_efficiency_fixed_asset_intensity))))",999deb8b87e8bb5422961befccce96f3ff80ccf57d9a07ff166c7cf208610662,5930ff8ae0a05b9b492cf75482182fac9576c9310f75954bb32b217c454d0b47,391dc9fe8aa471640fd124ec0668f5ebe307fc4d6b2adcd553e00a9c5e4124ef
stock_session,SLOW_CROSS_SECTIONAL_LEVEL,cn.pair.5bea6c21ad03d8d8e0a8a4e9b56a3e86,cn.comp.079a0753495a75db815b,cn.comp.079a0753495a75db815b.control,PAIR_EVALUATED,,0.38873539,0.25990159,0.1288338,0.01969358,0.00206124,0.01763234,0.01427628,0.00330992,0.010966360000000001,1835775,1.0,stock_session,stock-session cross-section,"CSRank(SafeDiv(ZScore($fund_holder_top10_shares_log),ZScore($chip_cost_p85),0.05))","CSRank(Add(ZScore($fund_holder_top10_shares_log),Mul(0,ZScore($chip_cost_p85))))",009281eef7908b4a9475a719de1dccead76f11551054b29661200c0c47aa4013,5ab7242d1b80a4aff8c16db5a124d59133722ab530ee37e4a84c3e7917e5cdf7,d0a5619e527ff5de3d37bfd604739794d6ba6af7836a78ebd34ad440216b6463
stock_session,SLOW_CROSS_SECTIONAL_LEVEL,cn.pair.5c4e71d30f2e4983cb7e3d4e740c9bd6,cn.comp.00d4763d3ebf9a6c72c2,cn.comp.00d4763d3ebf9a6c72c2.control,PAIR_EVALUATED,,0.26569189,0.26244272,0.003249169999999968,0.00298756,0.00322492,-0.00023735999999999983,0.01373968,0.00783647,0.005903210000000001,1802246,1.0,stock_session,stock-session cross-section,"CSRank(Mul(ZScore($fund_working_capital_payables_assets),ZScore($ctx_hfq_float_market_cap_yuan)))","CSRank(Add(ZScore($fund_working_capital_payables_assets),Mul(0,ZScore($ctx_hfq_float_market_cap_yuan))))",8af26cb55d204e24018430512681ea736e0c6b47672257bbd86aa2f771c35fe6,f48bbbf37708bb42ba1f091d15094ae414a2e8b3b2b74a4592c8a95d6ae4bf7d,700519da4867251fc6d57581ec408d5d1d81d74ea5a9b99d25ad739472bfc893
stock_session,SLOW_CROSS_SECTIONAL_LEVEL,cn.pair.5cd33cb7caefdf1bbfeb3adc16ebd4d5,cn.comp.017433b6a4f604d83278,cn.comp.017433b6a4f604d83278.control,PAIR_EVALUATED,,0.26428748,0.13596712,0.12832036000000002,0.00386643,-0.00692214,0.01078857,0.0257786,0.01288132,0.012897279999999999,1817328,1.0,stock_session,stock-session cross-section,"CSRank(SafeDiv(ZScore($fund_accruals_profit_minus_cfo_assets),ZScore($ctx_hfq_market_cap_yuan),0.05))","CSRank(Add(ZScore($fund_accruals_profit_minus_cfo_assets),Mul(0,ZScore($ctx_hfq_market_cap_yuan))))",e6c348dfbc50f7ffb3bcdce727379dbd1bdf1792a2f489237a32bc3a07c80096,c8f1380782ef425462cc70fb9440142330ef2e1043875b35805d8e7e2eda13d9,4a9783763968ec4b2f476b0473c9d067948fcb4d0bff2eaad90be93b27490d51
stock_session,SLOW_CROSS_SECTIONAL_LEVEL,cn.pair.5db563b790d451502f2cb2481bf25caa,cn.comp.0811f2b4e7c33caa1952,cn.comp.0811f2b4e7c33caa1952.control,PAIR_EVALUATED,,0.30731739,0.31954296,-0.012225569999999963,0.01252916,0.0111164,0.001412759999999999,0.01988362,0.00673944,0.013144180000000002,1643858,1.0,stock_session,stock-session cross-section,"CSRank(SafeDiv(ZScore($fund_holder_average_shares_log),ZScore($chip_cost_p15),0.05))","CSRank(Add(ZScore($fund_holder_average_shares_log),Mul(0,ZScore($chip_cost_p15))))",9263cf4d2f4eb98ef3c768467104af67dea4ec16cbf9cba3d1a5dea9f0289085,5092aea02187298de1408421adfb17ec3ac8e0fe93a7ca3e31ee2b30037a6420,18c160ca3df3fe812effe045db825893616099f2fe7db11ffe7b7df278d7fe91
stock_session,SLOW_CROSS_SECTIONAL_LEVEL,cn.pair.5fc59eaa02406259df2f6488038048d7,cn.comp.0130f48c63fb819fdee3,cn.comp.0130f48c63fb819fdee3.control,PAIR_EVALUATED,,0.29453577,0.16628762,0.12824814999999998,0.01133703,-0.00289879,0.01423582,0.00939601,0.00446084,0.00493517,1795371,1.0,stock_session,stock-session cross-section,"CSRank(Mul(ZScore($fund_liquidity_current_ratio),ZScore($chip_cost_p15)))","CSRank(Add(ZScore($fund_liquidity_current_ratio),Mul(0,ZScore($chip_cost_p15))))",9566bb0fc48ecafc3dc886eb22562ff45328299d924eed9d213dc7985ec460dd,5af4343b118df6935c37b27307f9c2a5d0edb9e5455bbbe598b58f066a949229,52dab9aff2efaae7843355b2e23bc93b272cfd32d45cf09249b7c09eaaf25bc1
stock_session,SLOW_CROSS_SECTIONAL_LEVEL,cn.pair.60578cbba9283dcce3bfc2f5e9da9323,cn.comp.0265bf774d1570ce8700,cn.comp.0265bf774d1570ce8700.control,PAIR_EVALUATED,,0.17876278,0.18499768,-0.006234899999999988,-0.00275554,-0.00210075,-0.0006547899999999997,0.00652907,0.0063263,0.0002027699999999997,1639765,1.0,stock_session,stock-session cross-section,"CSResidual(ZScore($fund_efficiency_fixed_asset_intensity),ZScore($fund_holder_count_log))","CSRank(Add(ZScore($fund_efficiency_fixed_asset_intensity),Mul(0,ZScore($fund_holder_count_log))))",74c94037a31868a3616e2526e1ee9f639c7cf855d0b36540816112893d69be3b,9b51b4c7b7ede50415158e1ee2cd7571250e8a42554de6a34f7cd0b1b79857d0,53059faae7c5fc7a93eed2060a3be766b4814d83173ac13ca51f6ef9ce21f3b9
stock_session,SLOW_CROSS_SECTIONAL_LEVEL,cn.pair.62072006962fbd486033304f349d80ad,cn.comp.0519e7e5b60990a3a8f2,cn.comp.0519e7e5b60990a3a8f2.control,PAIR_EVALUATED,,0.28648346,0.28936245,-0.00287898999999997,0.00974055,0.00471604,0.00502451,0.03849093,0.00772705,0.03076388,1820863,1.0,stock_session,stock-session cross-section,"CSRank(SafeDiv(ZScore($fund_leverage_liabilities_assets),ZScore($ctx_hfq_pb),0.05))","CSRank(Add(ZScore($fund_leverage_liabilities_assets),Mul(0,ZScore($ctx_hfq_pb))))",5ac72f30562b109efb27f9a3211335f0ef99f59723f8a07cf2d004f98efec903,fb5bf9784f5386245018895da8b05a9dadea93a51943076358513c5e4ff4ed8a,e5c6ef1d12609f34f435607f033fa6fc30782b4634fc6e628f4c7638d953c831
stock_session,SLOW_CROSS_SECTIONAL_LEVEL,cn.pair.63f12a1279e41ce70c2894600a0dc31d,cn.comp.065f01bb58769c5c478f,cn.comp.065f01bb58769c5c478f.control,PAIR_EVALUATED,,0.54123963,-0.30621775,0.84745738,0.02814734,-0.05501173,0.08315907,0.02690707,0.01393929,0.012967780000000002,1834295,1.0,stock_session,stock-session cross-section,"CSRank(SafeDiv(ZScore($chip_cost_p50),ZScore($ctx_hfq_pe_ttm),0.05))","CSRank(Add(ZScore($chip_cost_p50),Mul(0,ZScore($ctx_hfq_pe_ttm))))",c0a0fa51a8566dc31913c23fe2e91ec2c53b525b2ab4a85421743d512f66c254,060cf01980e7e75b90582e9e2925ae46b0e3367acb54d762a99da9a0a13a5168,c0f013076132df368aec980c91f894940e52b72bdd63aa3386754f07ac4dbf84
stock_session,SLOW_CROSS_SECTIONAL_LEVEL,cn.pair.64f2ac492d23fa4689c35023efb8bcad,cn.comp.003e983e5d958336fe5a,cn.comp.003e983e5d958336fe5a.control,PAIR_EVALUATED,,0.15522962,-0.01570301,0.17093263,-0.00525995,-0.01488772,0.00962777,0.00598293,0.00605591,-7.298000000000027e-05,1811256,1.0,stock_session,stock-session cross-section,"CSResidual(ZScore($fund_profit_parent_margin),ZScore($fund_working_capital_payables_assets))","CSRank(Add(ZScore($fund_profit_parent_margin),Mul(0,ZScore($fund_working_capital_payables_assets))))",fcb6cacb042081fa4570134a61f8b1f46fbe3aadf8649e5a2650f2f4982b92ee,b874a76dc534f1d423b71c38e684fc066d2b988f512a341bcf68add9b86478b8,6309351bf511e58ba20a8a13ac532a629ead8dfd4aa772884fa794e97338d6b0
stock_session,SLOW_CROSS_SECTIONAL_LEVEL,cn.pair.65731c98cc8eb013ab0f371c7f1cc131,cn.comp.00cc269feb7d8a82a0ca,cn.comp.00cc269feb7d8a82a0ca.control,PAIR_EVALUATED,,0.28577543,0.28447576,0.001299669999999975,0.00516049,0.00528692,-0.00012642999999999942,0.00483202,0.00427096,0.0005610600000000004,1831809,1.0,stock_session,stock-session cross-section,"CSRank(Mul(ZScore($fund_leverage_liabilities_assets),ZScore($fund_holder_top10_share_ratio)))","CSRank(Add(ZScore($fund_leverage_liabilities_assets),Mul(0,ZScore($fund_holder_top10_share_ratio))))",ffebe285a75d88b11e2e579e9e8e32f397332e6055aa189a72eb1a9d090efbb2,94685f355fb66a05101e1e4df7e73e1c85bd0be8b5fbec837f2e73efb549cd42,4a107efaf6a9d31268788c034d8354f1f8649510ad280b9a9d9dfa10936248b3
stock_session,SLOW_CROSS_SECTIONAL_LEVEL,cn.pair.667fa197146cdbbeb56825a9e5be5f24,cn.comp.0124560bcefc3a097544,cn.comp.0124560bcefc3a097544.control,PAIR_EVALUATED,,0.2085988,0.21848116,-0.009882360000000007,0.00050248,-0.00011668,0.00061916,0.0140016,0.00885204,0.005149559999999999,1828934,1.0,stock_session,stock-session cross-section,"CSResidual(ZScore($fund_cashflow_cfo_revenue),ZScore($chip_cost_p15))","CSRank(Add(ZScore($fund_cashflow_cfo_revenue),Mul(0,ZScore($chip_cost_p15))))",27439327b3016a77205c4b1432e2fb9b714f3b97f134e3422a3bed7300076182,5e190bab0420739e4d71d1a0a3afd8be15626c6c9a49adec264cc6d8badf4b8a,9b5198e7e155ebe0c10326f00900e9297e15a5a28edefbb8c67420cbc21107b0
stock_session,SLOW_CROSS_SECTIONAL_LEVEL,cn.pair.69bf1c88dc8d152c95c2c6cf05672041,cn.comp.012fcc0cccd1be90e17b,cn.comp.012fcc0cccd1be90e17b.control,PAIR_EVALUATED,,0.26773843,-0.36050325,0.62824168,0.01195221,-0.06725634,0.07920855,0.14684262,0.19875173,-0.05190910999999998,1765583,1.0,stock_session,stock-session cross-section,"CSRank(SafeDiv(ZScore($ctx_hfq_turnover_ratio),ZScore($fund_working_capital_inventory_assets),0.05))","CSRank(Add(ZScore($ctx_hfq_turnover_ratio),Mul(0,ZScore($fund_working_capital_inventory_assets))))",4c425f979412453d14f31763868f88ef5175821c19fd8783f5018e82685d9dc2,25db6aa4132d836221558dc7ef894d2233932c823e5c5b5cc3fc31b4be7f1bc7,63a8ab9ac64a353b80742296bc3bfa213d3e2322213112b1c050e46884424c63
stock_session,SLOW_CROSS_SECTIONAL_LEVEL,cn.pair.69e28cf74b7ded48597d366ac1579a3f,cn.comp.0894ece54a912e8edb8c,cn.comp.0894ece54a912e8edb8c.control,PAIR_EVALUATED,,0.01757915,-0.05130412,0.06888327,-0.02022185,-0.03589271,0.01567086,0.01848627,0.01662614,0.001860129999999998,1633490,1.0,stock_session,stock-session cross-section,"CSResidual(ZScore($ctx_hfq_float_market_cap_yuan),ZScore($fund_holder_average_shares_log))","CSRank(Add(ZScore($ctx_hfq_float_market_cap_yuan),Mul(0,ZScore($fund_holder_average_shares_log))))",53c7a5e6353ff87f48abfc064c717a9655b37956e013abce069b5e6f7006281d,159e128dd1e11d6891c0713c0089799e4ca358c2f817874b4328e1f8a425a22b,dff5285d29d4d75332aed302cd74e7b0ad6b72b39a3e1f9867fb68c724e98a6f
stock_session,SLOW_CROSS_SECTIONAL_LEVEL,cn.pair.6a34e110db342ab02bd9919c02f7f7cd,cn.comp.051f8d8bbaa72a24c7c0,cn.comp.051f8d8bbaa72a24c7c0.control,PAIR_EVALUATED,,0.25073708,0.05297043,0.19776665,0.00521577,-0.01480445,0.02002022,0.0080462,0.00462825,0.0034179499999999995,1792621,1.0,stock_session,stock-session cross-section,"CSRank(SafeDiv(ZScore($fund_profit_gross_margin),ZScore($fund_liquidity_cash_current_liab),0.05))","CSRank(Add(ZScore($fund_profit_gross_margin),Mul(0,ZScore($fund_liquidity_cash_current_liab))))",fbfd4b4b343feec65a743065deebe0b09ad9dd4cbd190de5f98bd16121bf137a,73df7780a3d832190639f2e5393f7cabea5780571be035379cb2078cd6e7a622,b3c01174de1f2b60413d4effffbe90ba9ff5545f6f44ba3e981da71e41821baf
stock_session,SLOW_CROSS_SECTIONAL_LEVEL,cn.pair.6bc8c385372cb2b1f090bc236c930b5d,cn.comp.06b2e4fa9e058ad7418b,cn.comp.06b2e4fa9e058ad7418b.control,PAIR_EVALUATED,,0.42031654,-0.3098525,0.73016904,0.02922416,-0.05216736,0.08139152,0.03150628,0.01139641,0.02010987,1213776,1.0,stock_session,stock-session cross-section,"CSRank(SafeDiv(ZScore($chip_cost_weighted_mean),ZScore($ctx_rzrq_rzye),0.05))","CSRank(Add(ZScore($chip_cost_weighted_mean),Mul(0,ZScore($ctx_rzrq_rzye))))",e2ff72fd82f3b1966fe6d9f4f0c081651deee3febb7f0d0a67b4f97c8c3d3881,3dbc45282ec3828b8030a032e7a9486d1a70aa0bc36d0592bc6a0fc704e661b6,47d57288356ce52c3ef4575ed230a7c3ca4220b5d4ffdaba31fa133437024f24
stock_session,SLOW_CROSS_SECTIONAL_LEVEL,cn.pair.6cd6b9e926bd02f17d15654d45fedc35,cn.comp.01c2105a16f9b06b9342,cn.comp.01c2105a16f9b06b9342.control,PAIR_EVALUATED,,0.10972645,0.33116242,-0.22143597,-0.00975838,0.00558438,-0.01534276,0.01919137,0.01100166,0.00818971,1830315,1.0,stock_session,stock-session cross-section,"CSRank(Mul(ZScore($fund_cashflow_cfo_profit),ZScore($chip_cost_weighted_mean)))","CSRank(Add(ZScore($fund_cashflow_cfo_profit),Mul(0,ZScore($chip_cost_weighted_mean))))",79101f93f9d5c2cf372cb3c55a0c123bc3b50d1f84bb264fc575cf2f92fbc89d,536244c9a75089051a96a3547abb1facf130be250580bcaee513cc21c5cc5484,c72883168b5c151a619ff4fc8cd3904861f0e817f0ff8372dc548cef0883ee27
stock_session,SLOW_CROSS_SECTIONAL_LEVEL,cn.pair.6deeb788888e9d075ee096a02d5a2a20,cn.comp.0179e29d84de79ff2b2d,cn.comp.0179e29d84de79ff2b2d.control,PAIR_EVALUATED,,0.23075944,-0.12488818,0.35564762,0.00069014,-0.04175386,0.042443999999999996,0.01402182,0.01465952,-0.0006376999999999997,1781253,1.0,stock_session,stock-session cross-section,"CSRank(Mul(ZScore($ctx_hfq_float_market_cap_yuan),ZScore($fund_working_capital_receivables_assets)))","CSRank(Add(ZScore($ctx_hfq_float_market_cap_yuan),Mul(0,ZScore($fund_working_capital_receivables_assets))))",20a52212671c9e508063430503b73e285e7c11abd1c672ca424f2d64cbb91f92,d7aea4b6803dbda2e39c0b46468b21f652afe21b64c88b8c10458ccf7d56c7d4,c9f1068b32b9aca3276354fdf7e2cb8f84b681480edf415e152b515907460f99
stock_session,SLOW_CROSS_SECTIONAL_LEVEL,cn.pair.70baffe57d10e116a11c172d81d79c77,cn.comp.0106edad78c2ff931ace,cn.comp.0106edad78c2ff931ace.control,PAIR_EVALUATED,,0.15119044,0.33784926,-0.18665881999999998,-0.0087657,0.00537728,-0.01414298,0.02633,0.01326973,0.013060269999999999,1819127,1.0,stock_session,stock-session cross-section,"CSRank(Mul(ZScore($fund_cashflow_cfo_profit),ZScore($ctx_hfq_ps_ttm)))","CSRank(Add(ZScore($fund_cashflow_cfo_profit),Mul(0,ZScore($ctx_hfq_ps_ttm))))",54f3ff25154cf13b6200dd24d5dfdefb25fa2918176bea67fd862e04dac51968,174d956716f90a751145fa50f945d1000d56eb353fdb59ac7991ad700cf15eb5,3b46a30c21df86123733bc18ad3516041fcbb85d919d1460c832f39f0256276b
stock_session,SLOW_CROSS_SECTIONAL_LEVEL,cn.pair.70c7c13a9f53eace5a50e9f6952de66b,cn.comp.03711d2734e2e0ff27d1,cn.comp.03711d2734e2e0ff27d1.control,PAIR_EVALUATED,,0.34857604,-0.11753231,0.46610834999999995,0.0222678,-0.03613734,0.058405139999999994,0.02823649,0.02128253,0.006953959999999999,1834295,1.0,stock_session,stock-session cross-section,"CSRank(SafeDiv(ZScore($ctx_hfq_ps_ttm),ZScore($chip_cost_p85),0.05))","CSRank(Add(ZScore($ctx_hfq_ps_ttm),Mul(0,ZScore($chip_cost_p85))))",f56d1e8f3d122d3d9daaafa5e61e9e0ff53e74d454ff1f30216d55eaa76f45ee,7480488756270fd21c64c77ceae3ef19c51b997ca14dddde08ab3a55ab632e8a,06583f24b35768db971abd09253d9afa7e1f3186ed8da67687ccfbe6c5323b04
stock_session,SLOW_CROSS_SECTIONAL_LEVEL,cn.pair.725c05c5006875ecf2dd71a6e76c4027,cn.comp.08b7a6680556373cfe35,cn.comp.08b7a6680556373cfe35.control,PAIR_EVALUATED,,0.58994611,-0.17443453,0.76438064,0.04297813,-0.0504565,0.09343463,0.01818528,0.01552494,0.0026603400000000024,1834295,1.0,stock_session,stock-session cross-section,"CSRank(Mul(ZScore($ctx_hfq_market_cap_yuan),ZScore($chip_cost_p15)))","CSRank(Add(ZScore($ctx_hfq_market_cap_yuan),Mul(0,ZScore($chip_cost_p15))))",53122936c47802ccfbd5262e44efe29c5c7ca77aa376027959dbdb57e04090dc,81870db2fe695893961346eae54f9a9e2f7826878a3bedbeaa2ca509a60cc2b3,a9b38d340303c4f33012017e5fe0390df2407bc445de9471601d90f50c509147
stock_session,SLOW_CROSS_SECTIONAL_LEVEL,cn.pair.7285723e6e8618ee8527ae8073683839,cn.comp.01eb5c007cb32172a37b,cn.comp.01eb5c007cb32172a37b.control,PAIR_EVALUATED,,0.12319826,0.26994588,-0.14674762000000002,-0.0045165,0.00807912,-0.01259562,0.00781098,0.00701927,0.0007917100000000002,1587576,1.0,stock_session,stock-session cross-section,"CSRank(Mul(ZScore($fund_holder_average_shares_log),ZScore($fund_working_capital_inventory_assets)))","CSRank(Add(ZScore($fund_holder_average_shares_log),Mul(0,ZScore($fund_working_capital_inventory_assets))))",6c67d2191510e3a1d5cd44d429c47bb4d37f2fd269a6083ff529e2ebbd42522e,031e7bb0e26e189b4622b81a318de9a2e7a1c4e503936be60d09c2dcb3394aeb,ef0a7f2c31bb461fe6449450d1cf18f199178b80e6ae03352f135c899a57d259
stock_session,SLOW_CROSS_SECTIONAL_LEVEL,cn.pair.73de73c29e4a76917f789eda8ade12e7,cn.comp.04e2f6d339118f8a81fd,cn.comp.04e2f6d339118f8a81fd.control,PAIR_EVALUATED,,0.19011583,0.18010909,0.010006740000000014,0.00805608,-0.00238349,0.01043957,0.68690589,0.00747405,0.67943184,1784338,1.0,stock_session,stock-session cross-section,"CSRank(SafeDiv(ZScore($fund_liquidity_current_ratio),ZScore($ctx_hfq_volume_ratio),0.05))","CSRank(Add(ZScore($fund_liquidity_current_ratio),Mul(0,ZScore($ctx_hfq_volume_ratio))))",ff3f8cc54c27617d303e36597aefdcc24bcafcec6d1efc7027492713e8c74b68,6f683451ada78241a7dd0ce24278296cc292f4c84eb57c361d31d9991ee0a99c,0c34f33f6da9e055414d412f2ba91b7724132b43fcea2a3ce6fa51badbfa8082
stock_session,SLOW_CROSS_SECTIONAL_LEVEL,cn.pair.7745c65b56cb94d8fca14929a520ef23,cn.comp.0562ece8ad9112b9f8be,cn.comp.0562ece8ad9112b9f8be.control,PAIR_EVALUATED,,0.22911955,0.16066997,0.06844958000000001,-0.00237848,-0.00556661,0.0031881299999999995,0.01631744,0.01870481,-0.0023873699999999998,1829397,1.0,stock_session,stock-session cross-section,"CSRank(SafeDiv(ZScore($fund_efficiency_revenue_assets),ZScore($fund_holder_top10_shares_log),0.05))","CSRank(Add(ZScore($fund_efficiency_revenue_assets),Mul(0,ZScore($fund_holder_top10_shares_log))))",29a910b670ddea9b48460caa537f3641afda2a596953735a7a01ad21a81dbd42,b7008ee88a5094f21260679c53fe7650cd2fea1febab4fb1ab61075b1aa943c4,a4d6107d630b998b4c57d64336e27d3e44a596757a9280ed49e6993f65b947c1
stock_session,SLOW_CROSS_SECTIONAL_LEVEL,cn.pair.780d84cab469b1f54ec0a067f4c8dee8,cn.comp.0444aa777dd179cba432,cn.comp.0444aa777dd179cba432.control,PAIR_EVALUATED,,0.05710174,0.04893014,0.008171600000000001,-0.01479164,-0.01570864,0.0009169999999999994,0.01531828,0.01533011,-1.1829999999999133e-05,1824015,1.0,stock_session,stock-session cross-section,"CSResidual(ZScore($fund_capex_construct_assets),ZScore($fund_leverage_liabilities_assets))","CSRank(Add(ZScore($fund_capex_construct_assets),Mul(0,ZScore($fund_leverage_liabilities_assets))))",9e5ea4e379866ae51af75383fccb8fcd77ccc94443a7745e7e7ec33e22147db1,f38ca8eb47478e124a690992dfae5de075afa650cdf03d90ab9e2d558361cafb,49019958560b6a33a4e86941651e970525c5d5036a923dcd44f9ef0cd40de429
stock_session,SLOW_CROSS_SECTIONAL_LEVEL,cn.pair.7bcb4eb7bc25eabf17b08da9031046bf,cn.comp.0939902944025d40b065,cn.comp.0939902944025d40b065.control,PAIR_EVALUATED,,0.00805251,0.25604233,-0.24798981999999997,-0.00195616,0.00833867,-0.01029483,0.66172711,0.04613202,0.6155950899999999,1215974,1.0,stock_session,stock-session cross-section,"CSRank(Mul(ZScore($ctx_rzrq_rzyezb),ZScore($ctx_rzrq_rzjme)))","CSRank(Add(ZScore($ctx_rzrq_rzyezb),Mul(0,ZScore($ctx_rzrq_rzjme))))",8005fbeac3869e63dae7dc21a5bd0958141922e786e84a6fad1bb7c9cbcaec03,c20ed30c86b9ccfa4b21973783d3218eea6f38652cd85145197042eacd079647,1e644f00f5eb876805e00d17000ae86ffbf311913260699b195b218453f4fb01
stock_session,SLOW_CROSS_SECTIONAL_LEVEL,cn.pair.7c093869d9e4274cc7bf9222b2bd3ea2,cn.comp.0635b9c0ed44ff93c44f,cn.comp.0635b9c0ed44ff93c44f.control,PAIR_EVALUATED,,-0.05207723,-0.04003797,-0.012039260000000003,-0.01760529,-0.01673175,-0.000873539999999999,0.60089216,0.59847191,0.0024202500000000127,1834185,1.0,stock_session,stock-session cross-section,"CSResidual(ZScore($ctx_hfq_volume_ratio),ZScore($chip_cost_p85))","CSRank(Add(ZScore($ctx_hfq_volume_ratio),Mul(0,ZScore($chip_cost_p85))))",3228a0ea0aaa93476606121ed5320e454eeadd7e8ec9ddf17d2db6611b126aeb,bf7c1f7e0982e3218116814297525b38f1ca9cf5f83c199d4299e3d54ddbd9c6,01a60dafdca020a297c5db3826c8a35574783d99db5b4d9a5d2551bf9e2bcf35
stock_session,SLOW_CROSS_SECTIONAL_LEVEL,cn.pair.7fa8ee234ee7ce73a975c6f774e2c670,cn.comp.014a14a4c406bffc7a8f,cn.comp.014a14a4c406bffc7a8f.control,PAIR_EVALUATED,,0.08765578,0.09001149,-0.002355709999999997,-0.01258881,-0.01259434,5.530000000000118e-06,0.0068325,0.00680002,3.247999999999966e-05,1824549,1.0,stock_session,stock-session cross-section,"CSResidual(ZScore($fund_holder_top10_share_ratio),ZScore($ctx_hfq_pe_ttm))","CSRank(Add(ZScore($fund_holder_top10_share_ratio),Mul(0,ZScore($ctx_hfq_pe_ttm))))",3fcf2dafffda6f532f5f07cbded6115d6312b5862936f97df6076946f041502c,71c76ee58aba6b4577262c112a6de20c9567c92eddade9b9652af8a7f24d94de,c526e81927060c2b77c762d23efe991844415c3acf7b7d205769f613876ff290
stock_session,SLOW_CROSS_SECTIONAL_LEVEL,cn.pair.818c46dbc2b74e63f433a348a1992641,cn.comp.01bef19d73a4461cd8fb,cn.comp.01bef19d73a4461cd8fb.control,PAIR_EVALUATED,,0.02548495,0.22435084,-0.19886589,-0.02662576,-0.00045171,-0.026174049999999997,0.01718688,0.01138828,0.005798600000000001,1817754,1.0,stock_session,stock-session cross-section,"CSRank(Mul(ZScore($fund_cashflow_cfo_revenue),ZScore($ctx_hfq_float_market_cap_yuan)))","CSRank(Add(ZScore($fund_cashflow_cfo_revenue),Mul(0,ZScore($ctx_hfq_float_market_cap_yuan))))",6985b283e4f894cba49fc7c951bca4a303ff52f82945e9f794444a16f5a53879,3656de4bcadca874221e3540ee7ed0ca4b57fab4b93bb9be197010cf1c2e83a9,d68902f71290b64aae1887fc032db004a7e9f224ca14253e0dcc702de7ef2182
stock_session,SLOW_CROSS_SECTIONAL_LEVEL,cn.pair.827fb831c8fd37986e38049c400e563a,cn.comp.08c065cc44abf765c91a,cn.comp.08c065cc44abf765c91a.control,PAIR_EVALUATED,,0.20415302,0.05573313,0.14841989,0.00130838,-0.0183206,0.01962898,0.0173833,0.01750815,-0.00012484999999999927,1164383,1.0,stock_session,stock-session cross-section,"CSRank(Mul(ZScore($ctx_rzrq_rzye),ZScore($fund_working_capital_inventory_assets)))","CSRank(Add(ZScore($ctx_rzrq_rzye),Mul(0,ZScore($fund_working_capital_inventory_assets))))",ae01c28f0f4a10650435b619149301fe1120e94ecca2334edc05f6afa5486a9d,ad5bcebb39b6a2c01582d7fea2ed9561ae3ec3024f8b00767ce446b05c20cc2f,25dbffac5ec5020917ecda912c86bb4eb1a8dc5f057605b1291fe4a7bdc47eb7
stock_session,SLOW_CROSS_SECTIONAL_LEVEL,cn.pair.835622628477f6a37fd0849a78a7fd76,cn.comp.0940422771de85720826,cn.comp.0940422771de85720826.control,PAIR_EVALUATION_BLOCKED,control_signal_empty_or_constant,-0.31254639,-0.08250171,,-0.05487098,,,0.00820031,0.00299711,0.005203200000000001,1845584,1.0,stock_session,stock-session cross-section,CSRank(Winsorize($chip_cost_weighted_mean)),CSRank(Sign($chip_cost_weighted_mean)),c8177e6ebd520f7815429d06acb750e9690e71d23ee8ef4cd6a6c1d7edab9672,29015bcd650fb6d0993625d2c17bba8656fd59e7d9728b5b82fbe9fb6559820f,c1cdec6d7787cd7814041474faba1075b2f157d51cd9dfc78694e739b40ce7bd
stock_session,SLOW_CROSS_SECTIONAL_LEVEL,cn.pair.837650cfde3ded2024fa0d797d1116fd,cn.comp.06634c83f7a1fd053b3c,cn.comp.06634c83f7a1fd053b3c.control,PAIR_EVALUATED,,0.20006002,0.17783644,0.022223579999999993,-0.00077205,-0.00289166,0.00211961,0.01454744,0.01870477,-0.004157329999999999,1811256,1.0,stock_session,stock-session cross-section,"CSRank(Mul(ZScore($fund_efficiency_revenue_assets),ZScore($fund_working_capital_payables_assets)))","CSRank(Add(ZScore($fund_efficiency_revenue_assets),Mul(0,ZScore($fund_working_capital_payables_assets))))",4f57259a6aef845950f237358747104bfabf0e55308aa4fb16b268fe1aa14069,7457fabb2353030995e4694691680c1d6d14bdf7848ed738a0809b21d45d0bb9,bac3509194be99d1b2346508580037e0098c744a3fe217a192d79faa2e9efa74
stock_session,SLOW_CROSS_SECTIONAL_LEVEL,cn.pair.858b44e498f736301c8f61066e2e8c10,cn.comp.07f17318c341dab61f5b,cn.comp.07f17318c341dab61f5b.control,PAIR_EVALUATED,,0.17192247,0.17351182,-0.0015893500000000171,-0.00572659,-0.00553304,-0.0001935499999999998,0.03374446,0.02086548,0.012878979999999998,1818398,1.0,stock_session,stock-session cross-section,"CSResidual(ZScore($fund_efficiency_revenue_assets),ZScore($ctx_hfq_volume_ratio))","CSRank(Add(ZScore($fund_efficiency_revenue_assets),Mul(0,ZScore($ctx_hfq_volume_ratio))))",8b1176eae555ce7b834f77974f9f66070195d47f610064d7a261700e0ec29a82,7d60ca33baf5d68bce32e852f3110fffeb92f319e69b4a132d9d32d631830c59,2fb6e24e2f6cebfd883503b4cf9180626ae0a219352c176d7e35ec78a1141fb7
stock_session,SLOW_CROSS_SECTIONAL_LEVEL,cn.pair.871fbd82b72c9007a3ab65df10213149,cn.comp.07d984cf093d6d9e0f12,cn.comp.07d984cf093d6d9e0f12.control,PAIR_EVALUATED,,0.24902529,0.23093883,0.01808646,0.00523179,0.00185053,0.00338126,0.00725488,0.00460099,0.00265389,1776402,1.0,stock_session,stock-session cross-section,"CSRank(Mul(ZScore($fund_working_capital_inventory_assets),ZScore($chip_cost_weighted_mean)))","CSRank(Add(ZScore($fund_working_capital_inventory_assets),Mul(0,ZScore($chip_cost_weighted_mean))))",96455d73871b0cbf87e7ff3d35b1e04d844e677c43b2a01566a67927f8119410,d562591bf84ee0146843556679e6150d286acbeceba7159db5a9140de3a653f9,33f314283d26d159ad6d21d2dd62ba01e0e658908be0a09335b7b4e569625cb5
stock_session,SLOW_CROSS_SECTIONAL_LEVEL,cn.pair.880bbb984cde97cf287bc2907dcdd625,cn.comp.6209da2a37742e3fa8a1,cn.comp.6209da2a37742e3fa8a1.control,PAIR_EVALUATION_BLOCKED,control_signal_empty_or_constant,-0.32167538,-0.07761429,,-0.05619643,,,0.01075356,0.00299714,0.00775642,1845251,1.0,stock_session,stock-session cross-section,"MaskedZScore($chip_cost_p15,20,0.8)",CSRank(Sign($chip_cost_p15)),5f2f5d5f4de99d6f7278873a615bea0c5855d15c4223438d9b3209735571c5f5,170462982b4ede8ef9caa03ed1f71691cd6d2b2578f0ef9e8d06337ed7f3e110,c8a9c0c8fb6cb5cb45a356698df6ed2d9770a3775ecbed77100d650d26a7b207
stock_session,SLOW_CROSS_SECTIONAL_LEVEL,cn.pair.886a4809fc41b4b25d26ad37919fc255,cn.comp.02f705ab3cfc071ca96c,cn.comp.02f705ab3cfc071ca96c.control,PAIR_EVALUATED,,0.24254703,0.01832543,0.2242216,0.00895149,-0.01648768,0.02543917,0.65709761,0.02066815,0.63642946,1215140,1.0,stock_session,stock-session cross-section,"CSRank(SafeDiv(ZScore($ctx_hfq_pe_ttm),ZScore($ctx_rzrq_rzjme),0.05))","CSRank(Add(ZScore($ctx_hfq_pe_ttm),Mul(0,ZScore($ctx_rzrq_rzjme))))",bec7463b00be964135f0d443d836277ececadcb0d6805a23cd17d327440993e3,10a17e7be2c6401a1fb4f88a4eab0dde67f51af6c35b83157e064ac7a128c46d,baab591094cbe9286612d04d27d301eecf65c6af5b1e98c3516ae95d342d228b
stock_session,SLOW_CROSS_SECTIONAL_LEVEL,cn.pair.88cff2c35e84fd329dc3418aa58af6fe,cn.comp.00ff75211e1eee79d3ba,cn.comp.00ff75211e1eee79d3ba.control,PAIR_EVALUATED,,0.1100246,-0.17654048,0.28656508,0.01030501,-0.01662421,0.02692922,0.65505116,0.68407106,-0.029019899999999987,1175087,1.0,stock_session,stock-session cross-section,"CSRank(SafeDiv(ZScore($ctx_rzrq_rzjme),ZScore($fund_liquidity_cash_current_liab),0.05))","CSRank(Add(ZScore($ctx_rzrq_rzjme),Mul(0,ZScore($fund_liquidity_cash_current_liab))))",a19d28b96cc7aa1575caa5950b0bf3b980f188d4aa23bd55cf0b41b8e67cdd98,556631a12db5e3f1f27510ac20d6b1e7194ba64b8ec59bb7db8b59ca435cda61,8e5b3c4d19a3fdfdbf14239aa7a42170f4fcc28910b9a58d4d5573f8ffb7dd6c
stock_session,SLOW_CROSS_SECTIONAL_LEVEL,cn.pair.893386b27bf25cbbbd3dd1410454b72e,cn.comp.041fa00fa44b876e089e,cn.comp.041fa00fa44b876e089e.control,PAIR_EVALUATED,,0.28208341,0.07995602,0.20212738999999996,0.00289692,-0.01231658,0.015213500000000001,0.00443558,0.00396479,0.0004707899999999996,1835886,1.0,stock_session,stock-session cross-section,"CSRank(Mul(ZScore($fund_holder_top10_share_ratio),ZScore($fund_holder_top10_shares_log)))","CSRank(Add(ZScore($fund_holder_top10_share_ratio),Mul(0,ZScore($fund_holder_top10_shares_log))))",986e828b87257242837c4ce6755e604253fd4e212e869f422604ab87706f39d4,6a35ef236feb5a7c1d71f37a5662d0a3eb746b076e4290844fb2c703f1711df1,f6876fea7ab0b98ede2957d4af9c77062e21293b121ff48fad1044fcfabb14f2
stock_session,SLOW_CROSS_SECTIONAL_LEVEL,cn.pair.8c179b52933f2b0010d4722f0396ee31,cn.comp.02004d4ba519b61304b9,cn.comp.02004d4ba519b61304b9.control,PAIR_EVALUATED,,0.19196442,-0.32111877,0.51308319,-0.00341362,-0.05606975,0.05265613,0.00925601,0.00963443,-0.0003784199999999991,1835775,1.0,stock_session,stock-session cross-section,"CSRank(Mul(ZScore($chip_cost_p05),ZScore($fund_holder_top10_share_ratio)))","CSRank(Add(ZScore($chip_cost_p05),Mul(0,ZScore($fund_holder_top10_share_ratio))))",e48738d401b452b54075a379898504b55a7d1a6bcb21d46898da43d80debea21,a9a347200cb4ef4d6669cda31060ee88fe8fb9a7115ccb50a8dfa848b4bbe25f,135c91d8b870d27862269af274b8b580cc61426691ab96ddf09eff2cd9d162ae
stock_session,SLOW_CROSS_SECTIONAL_LEVEL,cn.pair.8d13c0766ee0a023669445a794b3e4db,cn.comp.061abd0870a34ce27d08,cn.comp.061abd0870a34ce27d08.control,PAIR_EVALUATED,,0.20418661,0.20409166,9.494999999998255e-05,-0.00093065,-0.00089187,-3.877999999999998e-05,0.00451242,0.00451242,0.0,1827148,1.0,stock_session,stock-session cross-section,"CSResidual(ZScore($fund_efficiency_fixed_asset_intensity),ZScore($fund_cashflow_cfo_revenue))","CSRank(Add(ZScore($fund_efficiency_fixed_asset_intensity),Mul(0,ZScore($fund_cashflow_cfo_revenue))))",0a29bc19e0fb20b9d6d249631a3a2560f9f9d47070982f98fb9cfc8124d958e4,c82ad0a798f995704d86bb5701189c74d14ab9d8ef306e45261ac8ff2ec20e0f,e6cdca4ed56e577a93e2680e2970c775fe8261d7624e01b41ee182ec02df95ba
stock_session,SLOW_CROSS_SECTIONAL_LEVEL,cn.pair.8e4f4c9ce977e47b406cdf55c034a289,cn.comp.054cfde0d5a2913b5a17,cn.comp.054cfde0d5a2913b5a17.control,PAIR_EVALUATED,,0.24345318,0.13897323,0.10447994999999999,0.00153414,-0.004231,0.00576514,0.01917759,0.00510831,0.014069280000000002,1791793,1.0,stock_session,stock-session cross-section,"CSRank(SafeDiv(ZScore($fund_liquidity_cash_current_liab),ZScore($fund_accruals_profit_minus_cfo_assets),0.05))","CSRank(Add(ZScore($fund_liquidity_cash_current_liab),Mul(0,ZScore($fund_accruals_profit_minus_cfo_assets))))",3523a6c77d4e8d3ce1d9b32ca9ddb43e1d34472ab3825dce8aed3380ec0e968e,ede4cd687decd3f76b497727528a5022471d9e9e9d6b0250b805f7b8f228a70b,9d29bee852f48aceb1e808eaa85dacdf63913ababf94fe4c09b5082f84b504dc
stock_session,SLOW_CROSS_SECTIONAL_LEVEL,cn.pair.8fa98a43296f56a996fe9cad64bab68c,cn.comp.072e9a758223c14f5420,cn.comp.072e9a758223c14f5420.control,PAIR_EVALUATED,,0.2516822,0.17229968,0.07938252000000001,0.00699476,-0.00553304,0.0125278,0.48529311,0.02086548,0.46442763000000004,1818398,1.0,stock_session,stock-session cross-section,"CSRank(Mul(ZScore($fund_efficiency_revenue_assets),ZScore($ctx_hfq_volume_ratio)))","CSRank(Add(ZScore($fund_efficiency_revenue_assets),Mul(0,ZScore($ctx_hfq_volume_ratio))))",1250773e7ee35006fd94c3300b7862a02db83b7d730be2527e54be000cb7e17e,d27c0911a1a8fdabc2e23bff8c6200d22e0f6d74e079d816cb56eeb558dbb248,133fc7091c777db90776b17927c6349043fa43f0dcfed35b1367f8361ff14376
stock_session,SLOW_CROSS_SECTIONAL_LEVEL,cn.pair.94563838bc486bf85f92d77e613c2886,cn.comp.060f0a32a4d598105eac,cn.comp.060f0a32a4d598105eac.control,PAIR_EVALUATED,,0.56771348,-0.36125207,0.92896555,0.0621239,-0.06878882,0.13091272,0.14338276,0.19789565,-0.05451289000000001,1840950,1.0,stock_session,stock-session cross-section,"CSRank(SafeDiv(ZScore($ctx_hfq_turnover_ratio),ZScore($ctx_hfq_float_market_cap_yuan),0.05))","CSRank(Add(ZScore($ctx_hfq_turnover_ratio),Mul(0,ZScore($ctx_hfq_float_market_cap_yuan))))",ae208d9e8576ffd3cf1cf3781d2537b52b8603e0be54b72468aa3b9658546fbe,df10ec96d996ddc9962d77b217f0f3e738686749c0348dc89e545efa14bfa003,7baece3634c71ede733f62995616e45415ff74fdb6b23e84193e6fc01122b18b
stock_session,SLOW_CROSS_SECTIONAL_LEVEL,cn.pair.963514d4b5c686a881be0cc1ec7d4a36,cn.comp.00efd41a047afec31e87,cn.comp.00efd41a047afec31e87.control,PAIR_EVALUATED,,0.24650906,-0.04706025,0.29356930999999997,0.00879557,-0.01719618,0.02599175,0.48600298,0.59747234,-0.11146936000000007,1783793,1.0,stock_session,stock-session cross-section,"CSRank(Mul(ZScore($ctx_hfq_volume_ratio),ZScore($fund_profit_gross_margin)))","CSRank(Add(ZScore($ctx_hfq_volume_ratio),Mul(0,ZScore($fund_profit_gross_margin))))",7b5cbf3e5c00322ddab0822e8375ea9c7f8a974435724117c90a358ace9cd043,183645d5ea18e3123f2f30139be75583e91eac0bdfe07428882f0f17596e52c3,93267dbb2b2f7548626c48a801d2cc6600dfc1ab2480797aaac109dcf0648f32
stock_session,SLOW_CROSS_SECTIONAL_LEVEL,cn.pair.98022de7c0f34e43046857425ca9feb5,cn.comp.03d5528ab6a733107996,cn.comp.03d5528ab6a733107996.control,PAIR_EVALUATED,,0.21502403,0.21273591,0.0022881200000000046,-0.00089682,-0.00080814,-8.867999999999994e-05,0.00770923,0.0077037,5.530000000000118e-06,1820573,1.0,stock_session,stock-session cross-section,"CSResidual(ZScore($fund_efficiency_fixed_asset_intensity),ZScore($ctx_hfq_float_market_cap_yuan))","CSRank(Add(ZScore($fund_efficiency_fixed_asset_intensity),Mul(0,ZScore($ctx_hfq_float_market_cap_yuan))))",1253546b3301a0df871cfbc990d6d2647d5e27795fe1f00b075c5d9094a78491,5cfde4a00ab1e314a9235cdf699b31f5363339dda9b1e45874862b4538abf97f,6c37a34379e19406b3306b04e9594ef5e2b677682fcee3d749c3146f7fc00478
stock_session,SLOW_CROSS_SECTIONAL_LEVEL,cn.pair.9d9f3d577d4a09c55365ec6465c0fc36,cn.comp.08d8d50d1e5d17ff4e29,cn.comp.08d8d50d1e5d17ff4e29.control,PAIR_EVALUATED,,0.22002156,0.24551363,-0.025492070000000006,-0.00017659,0.00178057,-0.00195716,0.00466587,0.00434779,0.0003180800000000001,1795466,1.0,stock_session,stock-session cross-section,"CSResidual(ZScore($fund_leverage_liabilities_assets),ZScore($fund_liquidity_current_ratio))","CSRank(Add(ZScore($fund_leverage_liabilities_assets),Mul(0,ZScore($fund_liquidity_current_ratio))))",ea23a057bfda8bc9c137b21dc10b3d082826a045643057dbacdf57c1e0da1b3c,c83ef138c2c6abcba285b2d56e0cd01c48b9a202d0b98b4463e56c9fa3f734d4,658f19e081acf97d10b92c26702f77ab4b442917ad157013953496b4a021f23b
stock_session,SLOW_CROSS_SECTIONAL_LEVEL,cn.pair.a10e173853702561277f631531e607e0,cn.comp.03dfa5e6c1497e44b931,cn.comp.03dfa5e6c1497e44b931.control,PAIR_EVALUATED,,0.32162983,0.25348658,0.06814324999999999,0.01168872,0.00317136,0.00851736,0.00835387,0.00486153,0.003492339999999999,1813335,1.0,stock_session,stock-session cross-section,"CSRank(Mul(ZScore($fund_working_capital_payables_assets),ZScore($chip_cost_p95)))","CSRank(Add(ZScore($fund_working_capital_payables_assets),Mul(0,ZScore($chip_cost_p95))))",112e6c9b6fa111def141973f0cbb90386045703560b4aaf5b6e4a05e66d90534,40ca418c7b47b85b9f32f2c393849d44e21e3f812adcb5120d1776b2a68e764b,00a379a064b71617d3dd041e52cf3728d6511c2fa7fde59c4bd8b7ffe10b46b3
stock_session,SLOW_CROSS_SECTIONAL_LEVEL,cn.pair.a1c39cb3c879cc09cfe726a8def2e99a,cn.comp.0815231fbdab30c005ac,cn.comp.0815231fbdab30c005ac.control,PAIR_EVALUATED,,0.33395508,0.06111875,0.27283633,0.01154127,-0.014604,0.026145269999999998,0.01538964,0.00821198,0.007177659999999999,1783881,1.0,stock_session,stock-session cross-section,"CSRank(Mul(ZScore($fund_profit_gross_margin),ZScore($ctx_hfq_float_market_cap_yuan)))","CSRank(Add(ZScore($fund_profit_gross_margin),Mul(0,ZScore($ctx_hfq_float_market_cap_yuan))))",2e7e7282f919a39ad6b5e513438ca5573e5e2c9ab4e3b25a4ad392b02c26c0be,a4c1b0773b66ee9b7d1b0a15a34298d1ef7b50e45d4e51932e4062872a194897,423b7517e1f97f46223e962249923baa8b33463ab3840cc193c3e9d3ac6cb134
stock_session,SLOW_CROSS_SECTIONAL_LEVEL,cn.pair.a23eb4bcdc85cb8d1e7b28fdfb3d2db8,cn.comp.05ca1c4b5e6894963f34,cn.comp.05ca1c4b5e6894963f34.control,PAIR_EVALUATED,,0.04635702,0.04998618,-0.0036291599999999993,-0.01641645,-0.01571978,-0.0006966699999999999,0.01530698,0.01533702,-3.0040000000000275e-05,1823290,1.0,stock_session,stock-session cross-section,"CSResidual(ZScore($fund_capex_construct_assets),ZScore($fund_accruals_profit_minus_cfo_assets))","CSRank(Add(ZScore($fund_capex_construct_assets),Mul(0,ZScore($fund_accruals_profit_minus_cfo_assets))))",5b55c118b1d7065a0b44503123ff1b1692f4933c258a345f9335f1f976fce55c,8715384abdaeb15529fd70179ab17cbbeb80b3093c2c871bac3a91bc60b15bbc,9d6dcc65d8d9d0e8526d6444862e7165e1181b91c7600225cf6a10134556a3be
stock_session,SLOW_CROSS_SECTIONAL_LEVEL,cn.pair.a25ef0c9f5f9c8e3b30d3ccd0b3cd999,cn.comp.00129b2278d408526267,cn.comp.00129b2278d408526267.control,PAIR_EVALUATED,,0.3569797,-0.3113357,0.6683154,0.01489269,-0.05493266,0.06982535000000001,0.00742087,0.00824869,-0.0008278199999999991,1831775,1.0,stock_session,stock-session cross-section,"CSRank(Mul(ZScore($chip_cost_weighted_mean),ZScore($fund_efficiency_fixed_asset_intensity)))","CSRank(Add(ZScore($chip_cost_weighted_mean),Mul(0,ZScore($fund_efficiency_fixed_asset_intensity))))",62d2bb8bf6196beec8f6a4162d6f5bd577e8978ad7b2fb8202923b78b672d1a3,1efdfa0b581c363cedb4672eae7457742fac52865da05ddc59eb4b15c7fbc990,a891eed9c9cc85c7703b3f5ef00dfc723ac1ff384face44466f5534bffa46ebc
stock_session,SLOW_CROSS_SECTIONAL_LEVEL,cn.pair.a67dec0688755ab87b43f99639c01c1b,cn.comp.050cc25f3dbe3c9f18f7,cn.comp.050cc25f3dbe3c9f18f7.control,PAIR_EVALUATED,,0.21035207,0.24552602,-0.03517395000000001,0.00225207,0.00181035,0.00044172000000000005,0.00510125,0.00435699,0.0007442600000000001,1792259,1.0,stock_session,stock-session cross-section,"CSRank(Mul(ZScore($fund_leverage_liabilities_assets),ZScore($fund_working_capital_receivables_assets)))","CSRank(Add(ZScore($fund_leverage_liabilities_assets),Mul(0,ZScore($fund_working_capital_receivables_assets))))",5f9d051a3ce89c314679a4bd5e5614b454ff2834e4da4ff7bb57d4f0a637000d,7e043814bff04dcb056c78d401fe2b23dbf303fb68352c26b9924a70dfaf72cf,5ef41df174d1475a6b19a69c14884981e4e355a86d34519a090dfd349bd98c4d
stock_session,SLOW_CROSS_SECTIONAL_LEVEL,cn.pair.a7114ee896b0b70eb9f71f9a4ff72d95,cn.comp.0707fb48ae265e7ed56d,cn.comp.0707fb48ae265e7ed56d.control,PAIR_EVALUATED,,0.20323598,0.12766161,0.07557437,-0.00170527,-0.01128239,0.00957712,0.01660964,0.01816983,-0.001560190000000003,1081732,1.0,stock_session,stock-session cross-section,"CSRank(Mul(ZScore($ctx_rzrq_rzye),ZScore($fund_holder_count_log)))","CSRank(Add(ZScore($ctx_rzrq_rzye),Mul(0,ZScore($fund_holder_count_log))))",f3d813e69cdc4835584c136b5a889d4898c598bcc1067cb327e731117e5fd45b,2e625b4071127efcb3c3a1d8dec60da86014cfaf439d5b66280171a1007710f1,4efe75df9204d41b0c7d10dfca05d222775e3560ac65301b2c2b6fae2a9f152a
stock_session,SLOW_CROSS_SECTIONAL_LEVEL,cn.pair.aa20caac28d1c117aa06cba2b65f29f0,cn.comp.01fbc7d27e8060b05662,cn.comp.01fbc7d27e8060b05662.control,PAIR_EVALUATED,,0.31584492,-0.27817471,0.59401963,0.00998637,-0.0510208,0.06100717,0.01288867,0.01073914,0.00214953,1643858,1.0,stock_session,stock-session cross-section,"CSRank(SafeDiv(ZScore($chip_cost_p95),ZScore($fund_holder_average_shares_log),0.05))","CSRank(Add(ZScore($chip_cost_p95),Mul(0,ZScore($fund_holder_average_shares_log))))",4958edb53d24ae9751bf01ed70bbad3cd9cf83137756cd2b002f4f7b9c5e0f35,669461c1abdb9657376882cf3539e4db09870e708301e1a0d98b3640f35ba414,651039cd151760193d677f55566e46ac4cd6b8caef362b6b01e075ade4be4dfb
stock_session,SLOW_CROSS_SECTIONAL_LEVEL,cn.pair.abc86bb4210c46434fcdea03d0ef66e6,cn.comp.02a6b5c1f6b4cbad2ff3,cn.comp.02a6b5c1f6b4cbad2ff3.control,PAIR_EVALUATED,,-0.06837937,-0.01964834,-0.048731029999999995,-0.03798103,-0.01598911,-0.021991919999999998,0.33151577,0.00902341,0.32249236,1784880,1.0,stock_session,stock-session cross-section,"CSRank(SafeDiv(ZScore($fund_profit_operating_margin),ZScore($ctx_hfq_turnover_ratio),0.05))","CSRank(Add(ZScore($fund_profit_operating_margin),Mul(0,ZScore($ctx_hfq_turnover_ratio))))",4b847a633d32324b595e4ef93223088cf25e22e2d4c15c494362c6540b4e602d,05b18f0e04c479e9f30d6a77162c215b093ea5193325aafd4bb715efc2f2e8b7,bc05dceb4019954a0d622b11025c7e496bc84c6ac8d3df560bda132618b2a395
stock_session,SLOW_CROSS_SECTIONAL_LEVEL,cn.pair.ac95bcab17268f87db08ceb9e8d799fb,cn.comp.08b2d52591108cba0ea3,cn.comp.08b2d52591108cba0ea3.control,PAIR_EVALUATED,,0.32189167,-0.31483336,0.63672503,0.01222437,-0.05521088,0.06743525,0.00954675,0.00983695,-0.0002902000000000009,1813335,1.0,stock_session,stock-session cross-section,"CSRank(Mul(ZScore($chip_cost_p05),ZScore($fund_working_capital_payables_assets)))","CSRank(Add(ZScore($chip_cost_p05),Mul(0,ZScore($fund_working_capital_payables_assets))))",ea40e24b5dd732718d91f3e414b421122714800dd5f817f256aee1f1162aef61,6e0256588512b4681ffd57db0a91cce52c6b22b9c79901516f575ccefe4f939c,fa8f10b752f38f90ad726f36a450a5d78c187376e43b429fa276af4c0d50d4bf
stock_session,SLOW_CROSS_SECTIONAL_LEVEL,cn.pair.aca1aae6743314d6ef81ec8e515d2c04,cn.comp.02f69e6852f848c078d4,cn.comp.02f69e6852f848c078d4.control,PAIR_EVALUATED,,0.12719085,-0.31998906,0.44717991,-0.00561887,-0.05579629,0.05017742,0.01168706,0.01072918,0.0009578800000000012,1835775,1.0,stock_session,stock-session cross-section,"CSRank(SafeDiv(ZScore($chip_cost_p50),ZScore($fund_holder_top10_share_ratio),0.05))","CSRank(Add(ZScore($chip_cost_p50),Mul(0,ZScore($fund_holder_top10_share_ratio))))",2bdfd380f92059df1ee0b93ff878bb3bcfe998bd234742cea9eb9e04f7658962,55b5ebf600e44148e3cae3f994fae0839bfad087ad1225ac4d44e43c7b031bd7,5168869a6bd24571e07dd15ac4a313900848a73cf33c0848e37a3408a262d0bc
stock_session,SLOW_CROSS_SECTIONAL_LEVEL,cn.pair.ada4b42a276c1e9250e29a308acdd5db,cn.comp.03ee9b1eb5b72b602785,cn.comp.03ee9b1eb5b72b602785.control,PAIR_EVALUATED,,0.61175824,-0.16502138,0.77677962,0.04569293,-0.04943544,0.09512836999999999,0.03416119,0.01560293,0.01855826,1840950,1.0,stock_session,stock-session cross-section,"CSRank(SafeDiv(ZScore($ctx_hfq_market_cap_yuan),ZScore($ctx_hfq_ps_ttm),0.05))","CSRank(Add(ZScore($ctx_hfq_market_cap_yuan),Mul(0,ZScore($ctx_hfq_ps_ttm))))",a2cab734c2e9a2abd410103ab4e53db91c9c22b630ce5893e3ac6eb2941b8abf,4511e69185062f3132a7bc3f2b69ca49f218d341127f63b0dc23f35ab16716bb,a6ace4241c4a8ae770542ca4da1b2e11134797142e8fcd1d5bb06787727f04a6
stock_session,SLOW_CROSS_SECTIONAL_LEVEL,cn.pair.b02d95cb6a95a57f4500fdf9cbbaccfd,cn.comp.01d89595b3928341d6ce,cn.comp.01d89595b3928341d6ce.control,PAIR_EVALUATED,,0.27185576,0.08402116,0.18783460000000002,0.0028666,-0.00809727,0.01096387,0.0366644,0.01292055,0.02374385,1206112,1.0,stock_session,stock-session cross-section,"CSRank(Mul(ZScore($fund_accruals_profit_minus_cfo_assets),ZScore($ctx_rzrq_rzyezb)))","CSRank(Add(ZScore($fund_accruals_profit_minus_cfo_assets),Mul(0,ZScore($ctx_rzrq_rzyezb))))",26ab5755d5de2b127cdb14176f14cc579969c8af9ff7996732a1687cce45d0c0,72cd59bc2129cdcb239e8b8de9782d1e5b63477991bd067b7b48f136299db150,242c388a5751d2804e12a649aee989c5bfa90afcfb82259283ffece06a29fd11
stock_session,SLOW_CROSS_SECTIONAL_LEVEL,cn.pair.b04f4facd73233ac16f6cf40601bd2ad,cn.comp.0001802c2870774d97c6,cn.comp.0001802c2870774d97c6.control,PAIR_EVALUATED,,0.14681555,0.2409734,-0.09415785000000002,-0.00335603,0.00210166,-0.005457689999999999,0.01948158,0.00780567,0.011675909999999998,1765583,1.0,stock_session,stock-session cross-section,"CSRank(SafeDiv(ZScore($fund_working_capital_inventory_assets),ZScore($ctx_hfq_market_cap_yuan),0.05))","CSRank(Add(ZScore($fund_working_capital_inventory_assets),Mul(0,ZScore($ctx_hfq_market_cap_yuan))))",e067470f8af98ba8aaad8230515d250333350d4ec1f3109363e3563030d76ff3,060ec92a4a9831b34933ce4038e63f4f5b7052a270071b80ef6917b2336c85b9,a59eca52600de08a7ca7961341fba9b5852625c455123f93aadd09e920ff9496
stock_session,SLOW_CROSS_SECTIONAL_LEVEL,cn.pair.b16e29073fdf04a7d3d27b4db940bc94,cn.comp.00fef93a7a353891cf69,cn.comp.00fef93a7a353891cf69.control,PAIR_EVALUATED,,0.40281446,0.26264578,0.14016868,0.02053531,0.00206124,0.018474070000000002,0.01613248,0.00330992,0.01282256,1835775,1.0,stock_session,stock-session cross-section,"CSRank(SafeDiv(ZScore($fund_holder_top10_shares_log),ZScore($chip_cost_p50),0.05))","CSRank(Add(ZScore($fund_holder_top10_shares_log),Mul(0,ZScore($chip_cost_p50))))",fefe83d50c484009d07301c2f52d3b6c8d6e74a8c3b08ca732cb573babd1a618,dcd78dccbd9e749cca3a606fa3a20f60ff056ec491dbb9369501479c58ef4a86,4326943bdc3f9e44b2c4a4e2cd2232a9351a37f81c9df0cbb1305e8ba3185056
stock_session,SLOW_CROSS_SECTIONAL_LEVEL,cn.pair.b1d230d6b4d9b37638c83b9f4216e9ea,cn.comp.013c1e4bfc787c19c5b2,cn.comp.013c1e4bfc787c19c5b2.control,PAIR_EVALUATED,,0.18462016,0.16759871,0.017021449999999994,0.00375805,-0.00289879,0.006656840000000001,0.01998337,0.00446084,0.01552253,1795371,1.0,stock_session,stock-session cross-section,"CSRank(SafeDiv(ZScore($fund_liquidity_current_ratio),ZScore($chip_cost_p05),0.05))","CSRank(Add(ZScore($fund_liquidity_current_ratio),Mul(0,ZScore($chip_cost_p05))))",f56f79bfc344fcd7989959a6ec477a54bdcfadec3aaf4c8f5c3581990e046135,c2e104f2f5abc43fd187d97fc76fd2f3ed54354f46b5bf34e52eef983af7d87d,e3ffecaa3ee8f6558fe059cd57e0b2c0add948c8175c3fad6c6ab2edc7f678c0
stock_session,SLOW_CROSS_SECTIONAL_LEVEL,cn.pair.b69c1c17f1a32f5d3870257eead7c153,cn.comp.01a312f706a6f5fdc2a2,cn.comp.01a312f706a6f5fdc2a2.control,PAIR_EVALUATED,,0.04175152,-0.03082595,0.07257747,-0.01544945,-0.01604191,0.0005924599999999995,0.00513461,0.0060957,-0.0009610899999999995,1794905,1.0,stock_session,stock-session cross-section,"CSRank(Mul(ZScore($fund_profit_parent_margin),ZScore($fund_profit_gross_margin)))","CSRank(Add(ZScore($fund_profit_parent_margin),Mul(0,ZScore($fund_profit_gross_margin))))",c801ff43fc307965b96868a54416a067839f5144666d33794513aa0c0adb2b07,7120ae1ccd7712ecefb59bae14f31d57dbf2125e88cb634335a00f9631959ac2,30d453167110c444ae63e791c47a78134076f3b5b29928289e94f74f38f1be31
stock_session,SLOW_CROSS_SECTIONAL_LEVEL,cn.pair.b6d625a995487d60c5fd038829ce4548,cn.comp.09071c9a1e177f4b0ce1,cn.comp.09071c9a1e177f4b0ce1.control,PAIR_EVALUATED,,-0.31800865,0.01902285,-0.3370315,-0.05523926,-0.01221369,-0.04302557,0.01050834,0.00594984,0.0045585,1831846,1.0,stock_session,stock-session cross-section,"CSRank(Mul(ZScore($fund_profit_parent_margin),ZScore($chip_cost_p05)))","CSRank(Add(ZScore($fund_profit_parent_margin),Mul(0,ZScore($chip_cost_p05))))",660fae8b3ce8500afe678aa8b906590ce17b8957e26ff808ca2d932b652d2b12,b6d1857ddc0667d75dbebeff327335197ffe5f7103658ca67e45bfea89942749,a29bf6fb85035a1257cc1cb49cf5fa172bab3425e23224274afbcbb931a8edb4
stock_session,SLOW_CROSS_SECTIONAL_LEVEL,cn.pair.b8e0a3b8168ed5dc118c72085771fc8c,cn.comp.017aca6f8db60e027435,cn.comp.017aca6f8db60e027435.control,PAIR_EVALUATED,,0.11752661,0.09978803,0.017738580000000004,-0.01012222,-0.01311858,0.00299636,0.01656182,0.01656575,-3.929999999999212e-06,1215140,1.0,stock_session,stock-session cross-section,"CSResidual(ZScore($ctx_rzrq_rzye),ZScore($ctx_hfq_pb))","CSRank(Add(ZScore($ctx_rzrq_rzye),Mul(0,ZScore($ctx_hfq_pb))))",4d20018dd56214ef6cdba17e1c5263f62d02ef14090d898693fd68378447afe9,24c62b6332ea8eec7bc974b1a20e27d3b1a28c75b21299da8421fa8702676845,559a5fdd3d71f2ff2a8b85b70de60c5dde466525dab369d1ff5ad77c84704e0b
stock_session,SLOW_CROSS_SECTIONAL_LEVEL,cn.pair.bb45a469cbd0753d634ecbe14f0dc494,cn.comp.01151d42a912e83432c1,cn.comp.01151d42a912e83432c1.control,PAIR_EVALUATED,,0.26829546,0.27361515,-0.005319689999999988,0.00671601,0.00718976,-0.0004737500000000002,0.00787748,0.00772332,0.00015415999999999954,1781253,1.0,stock_session,stock-session cross-section,"CSResidual(ZScore($fund_working_capital_receivables_assets),ZScore($ctx_hfq_market_cap_yuan))","CSRank(Add(ZScore($fund_working_capital_receivables_assets),Mul(0,ZScore($ctx_hfq_market_cap_yuan))))",76c2f9bc8394e96f9948e562f6ab2551d0b33ef7dec4ddbdf14774b1ced8c67c,3e7b419a2f1c30453ece24f2fa329abde71976e81778b67cfc8fb7e8ef4df9c3,1653f87d53443653ab23d8fa2679af658f320b18dd32e86559e6a8b0423ddd90
stock_session,SLOW_CROSS_SECTIONAL_LEVEL,cn.pair.bd0f060f93e3817a264862d7c347b069,cn.comp.0333f7551924f668ea54,cn.comp.0333f7551924f668ea54.control,PAIR_EVALUATED,,0.16153391,0.16594067,-0.0044067600000000096,-0.00346447,-0.00272525,-0.0007392200000000001,0.00469774,0.00447238,0.00022535999999999997,1776495,1.0,stock_session,stock-session cross-section,"CSResidual(ZScore($fund_liquidity_current_ratio),ZScore($fund_working_capital_inventory_assets))","CSRank(Add(ZScore($fund_liquidity_current_ratio),Mul(0,ZScore($fund_working_capital_inventory_assets))))",58026e756de29a787fb17099ec49471a0e5fd878cf046b7519c2b9c8fc0494d9,727c4fd272542fa66af7a08f451fde7e47f3ef880f04ecbdf3b6801582f28a3b,919cd1fb6f834d8753dcbbd30a2243328e0afa9925b5b75b2dfe3cd07b398c96
stock_session,SLOW_CROSS_SECTIONAL_LEVEL,cn.pair.bf8fb465f9af3a43275957eb021d00b0,cn.comp.025fc90812ae9b190b51,cn.comp.025fc90812ae9b190b51.control,PAIR_EVALUATED,,-0.07244095,0.05687294,-0.12931389,-0.04002037,-0.01235976,-0.027660610000000002,0.01533405,0.00911218,0.006221870000000001,1820644,1.0,stock_session,stock-session cross-section,"CSRank(Mul(ZScore($fund_profit_parent_margin),ZScore($ctx_hfq_market_cap_yuan)))","CSRank(Add(ZScore($fund_profit_parent_margin),Mul(0,ZScore($ctx_hfq_market_cap_yuan))))",c832e32b71c76b0938a3044155295a9e4793e8bfc63da327a3c8492f55dfdd18,f7f06491fe5f2886aebb8515b28e21365237afee713c5d7be337e69211bc3ca6,5621052ed36f38901711df6d41fc677e70fd17b67a3135acbe98e221de86d194
stock_session,SLOW_CROSS_SECTIONAL_LEVEL,cn.pair.bf99ea6911f635efd05c600581fc2e32,cn.comp.051c8111cbaeca20cdeb,cn.comp.051c8111cbaeca20cdeb.control,PAIR_EVALUATED,,0.60850636,-0.30830868,0.91681504,0.04306221,-0.05501173,0.09807394,0.01842996,0.01393929,0.004490669999999999,1834295,1.0,stock_session,stock-session cross-section,"CSRank(Mul(ZScore($chip_cost_p50),ZScore($ctx_hfq_float_market_cap_yuan)))","CSRank(Add(ZScore($chip_cost_p50),Mul(0,ZScore($ctx_hfq_float_market_cap_yuan))))",2a2ca0c5f5101670d52b1f94619dcc02efc985f1eec759048bb4ebd54b7b2670,39bca71252b72a0cac007494e53f7bacb03fd66183ccb23b66e4d481ba454694,94781b15bc6600d75d82efc1df109e293ddf3c245aa655c6de772abe27f1e187
stock_session,SLOW_CROSS_SECTIONAL_LEVEL,cn.pair.c0800d5ceeacccbc3cb806d94aa31afb,cn.comp.076ba513c89c63536122,cn.comp.076ba513c89c63536122.control,PAIR_EVALUATED,,-0.30295717,-0.29995456,-0.0030026100000000167,-0.05373767,-0.05364005,-9.761999999999965e-05,0.00930711,0.00935719,-5.007999999999922e-05,1831846,1.0,stock_session,stock-session cross-section,"CSResidual(ZScore($chip_cost_p85),ZScore($fund_profit_parent_margin))","CSRank(Add(ZScore($chip_cost_p85),Mul(0,ZScore($fund_profit_parent_margin))))",46d27ebbf7ccfb6fbf4b95ac8a951aeb47b27dbb482a620a3722a91e49dfe979,be8009b13482b078e438e74fa6d9bd918350add15abac4bbdeb2735a3a3737d1,5c63bdfacef941ab434e3524d22ff820cb470fa9bddf261c320f4da0ad678a05
stock_session,SLOW_CROSS_SECTIONAL_LEVEL,cn.pair.c8a0dc6367cd4f4163593f6cb90b39f5,cn.comp.0392190eb4ef3c4b8155,cn.comp.0392190eb4ef3c4b8155.control,PAIR_EVALUATED,,0.33849529,0.05287016,0.28562513,0.01260142,-0.01568524,0.028286659999999998,0.01502202,0.01532463,-0.00030261000000000003,1823926,1.0,stock_session,stock-session cross-section,"CSRank(Mul(ZScore($fund_capex_construct_assets),ZScore($chip_cost_p85)))","CSRank(Add(ZScore($fund_capex_construct_assets),Mul(0,ZScore($chip_cost_p85))))",098a877d2a46188ee147e7b808db20d99980adee7a7d4f7f40e199e823706c3a,5d6ed0eed62fb6b7daeceb4ebf559d211b3783aea9bf5023595e99f526f48a55,94d6d24a410c0da8c88b415fde473ed83e6803de3453ff50124ccc282bbb493f
stock_session,SLOW_CROSS_SECTIONAL_LEVEL,cn.pair.ca22fc7145192cbd0acffb07480b549a,cn.comp.07709c12d3cd6456155e,cn.comp.07709c12d3cd6456155e.control,PAIR_EVALUATED,,-0.28268003,-0.32111442,0.038434389999999985,-0.05150582,-0.05579629,0.004290469999999998,0.01134113,0.01072918,0.00061195,1835775,1.0,stock_session,stock-session cross-section,"CSResidual(ZScore($chip_cost_p50),ZScore($fund_holder_top10_share_ratio))","CSRank(Add(ZScore($chip_cost_p50),Mul(0,ZScore($fund_holder_top10_share_ratio))))",2c807b015434002edb736c088e97bc50ec4458ffb5115b01da013f36d9b6ee46,1c1f31d7d99dd844f4f34a9c4f891f3a74b642544b36f7ae953e58e021951f8b,0d38b5514f5da3007c19597829bb625796dfe639747e7b8d7cc276b7d42d9896
stock_session,SLOW_CROSS_SECTIONAL_LEVEL,cn.pair.caa3c510186b4ae869a2f4807adec208,cn.comp.05355b9b215479ed92df,cn.comp.05355b9b215479ed92df.control,PAIR_EVALUATED,,0.34475424,-0.31252258,0.65727682,0.01710299,-0.05434111,0.0714441,0.00823072,0.00829817,-6.745000000000015e-05,1795340,1.0,stock_session,stock-session cross-section,"CSRank(Mul(ZScore($chip_cost_weighted_mean),ZScore($fund_liquidity_cash_current_liab)))","CSRank(Add(ZScore($chip_cost_weighted_mean),Mul(0,ZScore($fund_liquidity_cash_current_liab))))",e21ab7d12c546f572baa4585845d9c72964feb1d049354a165557787eff968e7,294d34a9e188b0e9ea8762054c40e2fcdfd27c3b238502fcffa2b15d0769388b,ddda3fa4af1073f480e335ea09a9171f390dc43779c27a51ac42a1d208b0548d
stock_session,SLOW_CROSS_SECTIONAL_LEVEL,cn.pair.cc175ce659d63de8d6b951d1c256a7d6,cn.comp.03df7d9d649375a56591,cn.comp.03df7d9d649375a56591.control,PAIR_EVALUATED,,0.26049358,0.09026864,0.17022494,0.00140446,-0.01419369,0.01559815,0.03029643,0.02032626,0.00997017,1817328,1.0,stock_session,stock-session cross-section,"CSRank(SafeDiv(ZScore($ctx_hfq_pe_ttm),ZScore($fund_accruals_profit_minus_cfo_assets),0.05))","CSRank(Add(ZScore($ctx_hfq_pe_ttm),Mul(0,ZScore($fund_accruals_profit_minus_cfo_assets))))",c24f7f2e4171a36eb249ac0a3dd9bc48d1b2e6e5e596ac60972db35e1f4d894f,63d365249fa49f96a4db3ea27a43f89219531a056aef10e3d66f73834b1097c4,acfcdb52746acdf86d5ddcf4903f9dfc944ab851ed231d6007961a14c773fd2e
stock_session,SLOW_CROSS_SECTIONAL_LEVEL,cn.pair.cece83369e7cf75309da5170f95f4cdf,cn.comp.071edbae96733a65fb88,cn.comp.071edbae96733a65fb88.control,PAIR_EVALUATED,,0.20005369,0.05510974,0.14494395000000002,0.0015499,-0.01475068,0.016300580000000002,0.02116242,0.00463031,0.016532110000000003,1794816,1.0,stock_session,stock-session cross-section,"CSRank(SafeDiv(ZScore($fund_profit_gross_margin),ZScore($chip_cost_p15),0.05))","CSRank(Add(ZScore($fund_profit_gross_margin),Mul(0,ZScore($chip_cost_p15))))",4dedf875d5d9faba285967beb5695b87935dbb12c9edeae0c6071433fbb350b2,4a5d2a5f38591c35a33e6c2030e39b5d9574671bf789ac23659bbbbeb7e0e6e5,ee49dd2d36438ad192a286e0dfb200116cc0f2dd73da9d3e067da07e932800a4
stock_session,SLOW_CROSS_SECTIONAL_LEVEL,cn.pair.d929a8a55a5d453b57e57ff988c23d54,cn.comp.07b50c25b15ce1ec8936,cn.comp.07b50c25b15ce1ec8936.control,PAIR_EVALUATED,,0.23776642,0.18420216,0.05356426,0.00224593,-0.0015818,0.00382773,0.00657601,0.00893556,-0.00235955,1771932,1.0,stock_session,stock-session cross-section,"CSRank(Mul(ZScore($fund_cashflow_cfo_revenue),ZScore($fund_working_capital_inventory_assets)))","CSRank(Add(ZScore($fund_cashflow_cfo_revenue),Mul(0,ZScore($fund_working_capital_inventory_assets))))",27d58211bc2a0d045ba9d6a0854c7645cd2b61ccdd5cf93666f61551455b893b,e47ae57ed9dd001029a2e6358ba4e7f45a4e3e81090e29e7d7eff9e7c11dc8e0,763d77090f32ec93202f88c17e4b8850df2851f48c5683c22cb9c691882038e3
stock_session,SLOW_CROSS_SECTIONAL_LEVEL,cn.pair.da2e5c5acbf71b757382bfdb56d7e9b5,cn.comp.00eee51c495e41fe4587,cn.comp.00eee51c495e41fe4587.control,PAIR_EVALUATED,,0.27108677,0.06204696,0.20903981,0.00534445,-0.01352887,0.01887332,0.00642582,0.00397085,0.00245497,1795102,1.0,stock_session,stock-session cross-section,"CSRank(SafeDiv(ZScore($fund_holder_top10_share_ratio),ZScore($fund_liquidity_current_ratio),0.05))","CSRank(Add(ZScore($fund_holder_top10_share_ratio),Mul(0,ZScore($fund_liquidity_current_ratio))))",87c22177f829bab7f3554e5fa609e79319fc5e0f789a6b6c6ffa786df89480c5,c5002723d3e46021aab426b7465c3f8f0c1ce305541757b8cdc702506badc715,8cd1ecee39eeff95c8faea534d68bb64b2ae4b1299ca504336ce3da8d5616e51
stock_session,SLOW_CROSS_SECTIONAL_LEVEL,cn.pair.da373957a1406530d44c783ca0e63cdb,cn.comp.098542819902cc5bed8b,cn.comp.098542819902cc5bed8b.control,PAIR_EVALUATED,,-0.05792745,-0.03776703,-0.02016042,-0.01836107,-0.01665739,-0.001703679999999999,0.60075937,0.59855514,0.0022042300000000292,1824439,1.0,stock_session,stock-session cross-section,"CSResidual(ZScore($ctx_hfq_volume_ratio),ZScore($fund_holder_top10_share_ratio))","CSRank(Add(ZScore($ctx_hfq_volume_ratio),Mul(0,ZScore($fund_holder_top10_share_ratio))))",6e4d0597791420087b7dadbc361b93a7a94ef32b71fea9d746f02aa079f96cfa,383d2c35d9bbe1c297c3419d19531b861920153327bf686e1f08ef5e8dbf917d,228ac39094bacc016a7b24cbcc8fe56e464b4b1e68ce1df75f8833f3666f3029
stock_session,SLOW_CROSS_SECTIONAL_LEVEL,cn.pair.da4bd757a972e0cf754dde1d0ee8b512,cn.comp.02c901bea2259f2ee08e,cn.comp.02c901bea2259f2ee08e.control,PAIR_EVALUATED,,0.08541213,-0.32167809,0.40709022000000006,-0.01130162,-0.05607713,0.044775510000000004,0.0255789,0.00966164,0.015917260000000003,1830315,1.0,stock_session,stock-session cross-section,"CSRank(SafeDiv(ZScore($chip_cost_p05),ZScore($fund_cashflow_cfo_profit),0.05))","CSRank(Add(ZScore($chip_cost_p05),Mul(0,ZScore($fund_cashflow_cfo_profit))))",82e1299259e41f77df524a28722544c02610de4d0ffe40880760421aad164232,0a3f3f0b664c2a665b9d22a6b228489e56098be87e0e21f8ab19721702a1b6b4,4738118a18df236b88492e1e4f1f830752bbb53286c3b86a4227577c2e1597bd
stock_session,SLOW_CROSS_SECTIONAL_LEVEL,cn.pair.db89b2d5c8cad192503ddd13118e39cf,cn.comp.08668bc53c0169f407fb,cn.comp.08668bc53c0169f407fb.control,PAIR_EVALUATED,,0.25272549,0.20359439,0.04913110000000001,0.00530419,-0.00081821,0.0061224,0.01819301,0.00450221,0.0136908,1831775,1.0,stock_session,stock-session cross-section,"CSRank(SafeDiv(ZScore($fund_efficiency_fixed_asset_intensity),ZScore($chip_cost_p50),0.05))","CSRank(Add(ZScore($fund_efficiency_fixed_asset_intensity),Mul(0,ZScore($chip_cost_p50))))",7b684daef3130c96586e4e6cc4aba05bc1f84ee5e95b23aae0c0c67d7f0aa0fe,b6de53170cb6e5c27ee37afc54ba7e85403355a55cd82ad48cb21e211884a23c,87e493a93770265c406f7e5d5e3e080d161e6a0f7bd7c46b0e4ebf901152014f
stock_session,SLOW_CROSS_SECTIONAL_LEVEL,cn.pair.de48526e89faa733da1f4efcbfdb40d9,cn.comp.05447e994ba1fcea0b6d,cn.comp.05447e994ba1fcea0b6d.control,PAIR_EVALUATED,,0.48967252,-0.31161972,0.80129224,0.03226232,-0.05216736,0.08442968000000001,0.01890426,0.01139641,0.00750785,1213776,1.0,stock_session,stock-session cross-section,"CSRank(Mul(ZScore($chip_cost_weighted_mean),ZScore($ctx_rzrq_rzye)))","CSRank(Add(ZScore($chip_cost_weighted_mean),Mul(0,ZScore($ctx_rzrq_rzye))))",b45266c19401e0a0ab7f8c278c052850c2ba027ac2059954ad40052d7e399580,40e7aa82fb65c68118c1e9aade7ec823ad76dc987d15fc564fc42b3dae37bd14,c6a3e3982f23c0e9fc38e19681f2e9af23f5a021f35337c06a37570624251503
stock_session,SLOW_CROSS_SECTIONAL_LEVEL,cn.pair.ded642beabdc288ae2b9e08fc5d30768,cn.comp.022c90ac5f265841a3b9,cn.comp.022c90ac5f265841a3b9.control,PAIR_EVALUATED,,0.30701332,0.32761798,-0.020604659999999997,0.00454948,0.00555097,-0.0010014899999999998,0.01218783,0.01102512,0.0011627100000000008,1829023,1.0,stock_session,stock-session cross-section,"CSRank(SafeDiv(ZScore($fund_cashflow_cfo_profit),ZScore($fund_cashflow_cfo_revenue),0.05))","CSRank(Add(ZScore($fund_cashflow_cfo_profit),Mul(0,ZScore($fund_cashflow_cfo_revenue))))",2b56a3365e6a448f8a11cd644b07c777c7224cffae79a3c72d92dbbe03900960,dfc448a1a8d2f2f40a3ee36b573e381cf01f409da7fab1863c8bc2e2d5a63efa,2b44402a7761044d2d717330f8f563263d157d30dec2035a87287e9552aca7ef
stock_session,SLOW_CROSS_SECTIONAL_LEVEL,cn.pair.deda36efbfdf5729f9a1c0713847012f,cn.comp.04f7d812440e0a33b845,cn.comp.04f7d812440e0a33b845.control,PAIR_EVALUATED,,0.19819209,0.26991141,-0.07171932000000003,-0.0001066,0.00473927,-0.00484587,0.00729436,0.00620442,0.0010899399999999993,1640070,1.0,stock_session,stock-session cross-section,"CSRank(Mul(ZScore($fund_leverage_liabilities_assets),ZScore($fund_holder_average_shares_log)))","CSRank(Add(ZScore($fund_leverage_liabilities_assets),Mul(0,ZScore($fund_holder_average_shares_log))))",755fc77fa3a7c43b7d6d17b4f54a0e69af438f0e5382fc126687e44184f384ea,b565026c8b5e94332a84dfbce6cd14de71961ec2fa7e5ff4d3860c7a5d8f5231,f015738b5e89880f04aad6a4d347f8a2ad8d5e40b6d2d6fa0d5e0c8f5edfeb4e
stock_session,SLOW_CROSS_SECTIONAL_LEVEL,cn.pair.e6e6f3ce2419e31863125b85efadad14,cn.comp.03f70fa549d9d057a502,cn.comp.03f70fa549d9d057a502.control,PAIR_EVALUATED,,-0.18630692,-0.23978348,0.053476560000000006,-0.04851112,-0.05603991,0.0075287900000000005,0.01586706,0.01569888,0.0001681800000000004,1765583,1.0,stock_session,stock-session cross-section,"CSResidual(ZScore($ctx_hfq_market_cap_yuan),ZScore($fund_working_capital_inventory_assets))","CSRank(Add(ZScore($ctx_hfq_market_cap_yuan),Mul(0,ZScore($fund_working_capital_inventory_assets))))",74132aeffd26a94e4466264715438a5872bf6edc1fe86d13a4414e5101b9cd46,127f4f917fbaf4b40ae2335dd14e1b003e865fccdb691d41b085efa910a2b246,53993c96bb13d1d85ed4c7b68aae4014443ddd04452d5b19b7607d9ca10915b8
stock_session,SLOW_CROSS_SECTIONAL_LEVEL,cn.pair.e9121b1917d2da47ea81a2818ba1a8fe,cn.comp.047609e45d4f2ad98059,cn.comp.047609e45d4f2ad98059.control,PAIR_EVALUATED,,-0.2226966,-0.28211683,0.05942022999999999,-0.0419154,-0.04916473,0.007249329999999998,0.01555932,0.01191056,0.003648759999999999,1213776,1.0,stock_session,stock-session cross-section,"CSResidual(ZScore($chip_cost_p95),ZScore($ctx_rzrq_rzyezb))","CSRank(Add(ZScore($chip_cost_p95),Mul(0,ZScore($ctx_rzrq_rzyezb))))",83bc235a5c241f20263ef3009b391fbcfa6bc67a7b0df643fa1289c35a174515,1b1a44fecd23417c14df756cf0da5ca3741ff19f364bd42e78704730f3900822,f0a066358e87781f04518d9008d0278de3e0d0262a49229debf554eff47efd74
stock_session,SLOW_CROSS_SECTIONAL_LEVEL,cn.pair.ebc5a2d506e2def01bcd86d89af6d3aa,cn.comp.03ac5b22f27aaafa6cf9,cn.comp.03ac5b22f27aaafa6cf9.control,PAIR_EVALUATED,,-0.35228676,-0.35692541,0.004638650000000022,-0.06479809,-0.06883649,0.0040383999999999975,0.19778165,0.19751383,0.00026782000000000195,1834295,1.0,stock_session,stock-session cross-section,"CSResidual(ZScore($ctx_hfq_turnover_ratio),ZScore($chip_cost_p50))","CSRank(Add(ZScore($ctx_hfq_turnover_ratio),Mul(0,ZScore($chip_cost_p50))))",152aa197f207f6c32c188e48fd2947522f32b745c583b79d813aac613cdfd60a,e2783b98cd83fcb73df264229f41132a4531d3ccafe33becbade183e1d6d0eb7,77b3d0b717819bf1a553af016850944166c94a88d3dcce3faf4f1a2f5dfeace1
stock_session,SLOW_CROSS_SECTIONAL_LEVEL,cn.pair.ebdca74b1e735ad483de598a1bccbf7d,cn.comp.000ac479f3fb2cf3fc64,cn.comp.000ac479f3fb2cf3fc64.control,PAIR_EVALUATED,,0.3275225,0.09581364,0.23170886,0.01246058,-0.00552488,0.01798546,0.01771172,0.00756568,0.01014604,1175118,1.0,stock_session,stock-session cross-section,"CSRank(Mul(ZScore($fund_liquidity_current_ratio),ZScore($ctx_rzrq_rzye)))","CSRank(Add(ZScore($fund_liquidity_current_ratio),Mul(0,ZScore($ctx_rzrq_rzye))))",2d4dc682f00517bb73dae52cbf80bf55cb71256db28962a2796da4ed1452f8f6,a2aa71fcbec8fa18890bb18cf6056ec8ea6e1b4c75dd68ca13e87ba06aa70034,b4648277ca13b58f734f775c2d9616fdadc46a48084cf2218ab1000190cd86c4
stock_session,SLOW_CROSS_SECTIONAL_LEVEL,cn.pair.ee7ae3c19c78b819b2e92e9abe67681e,cn.comp.09ac8e3134d1f8a2b7ca,cn.comp.09ac8e3134d1f8a2b7ca.control,PAIR_EVALUATED,,0.09338972,0.057665,0.035724719999999995,-0.00442292,-0.01235976,0.007936839999999999,0.01350755,0.00911218,0.004395370000000001,1820644,1.0,stock_session,stock-session cross-section,"CSResidual(ZScore($fund_profit_parent_margin),ZScore($ctx_hfq_float_market_cap_yuan))","CSRank(Add(ZScore($fund_profit_parent_margin),Mul(0,ZScore($ctx_hfq_float_market_cap_yuan))))",4db8e01f6561fce90d453cf279c654afbb3a5a3294428941683f3b1f349c8d0b,f05a627990f3837797f02d91dae6e0c47e584b46e8ad5fb102d711c62bb64b20,e50bcff0d2688bb216245c8d1b4730fa9aaa6038920fb1a3fe527b0164bb38da
stock_session,SLOW_CROSS_SECTIONAL_LEVEL,cn.pair.ee7f4d823178c693ed9ca3c6c4c3c7f0,cn.comp.065fb56c6fb9efc158c8,cn.comp.065fb56c6fb9efc158c8.control,PAIR_EVALUATED,,0.21165293,0.14371832,0.06793460999999998,0.00195343,-0.00318852,0.005141949999999999,0.01013056,0.00737596,0.0027546000000000003,1604988,1.0,stock_session,stock-session cross-section,"CSRank(SafeDiv(ZScore($fund_liquidity_cash_current_liab),ZScore($fund_holder_count_log),0.05))","CSRank(Add(ZScore($fund_liquidity_cash_current_liab),Mul(0,ZScore($fund_holder_count_log))))",2b6cb0863a819262d3ab28aa92509f3fe6ee27acd5edb3494380461964f88631,df11d244b0079be4b8c708f32e688856df46882352e459cac13b15fbd853c30c,868b16ec654348c9afaf4e2a11c5ecdd48ce73f50a74766b93f9fee8197df9c7
stock_session,SLOW_CROSS_SECTIONAL_LEVEL,cn.pair.f4c4957bd3c099862f7bd574b9865bbb,cn.comp.01617bf5daa0f6ae00a2,cn.comp.01617bf5daa0f6ae00a2.control,PAIR_EVALUATED,,-0.16992277,0.06890471,-0.23882747999999998,-0.01690176,-0.01335256,-0.003549199999999999,0.68400069,0.52163248,0.16236821,1215974,1.0,stock_session,stock-session cross-section,CSRank($ctx_rzrq_rzjme),CSRank(Sign($ctx_rzrq_rzjme)),f30645854021f85894659b6f7c451e9b9f6118fcd265c896b8f5aa4adc0269da,0889c00ec2e351f4180b581f4d66706b1896cac4f36829675f511afee5558e91,b61d496edb27f582ca69fce0a949e22b9f3369fd3186ca856f139a591902458a
stock_session,SLOW_CROSS_SECTIONAL_LEVEL,cn.pair.f58b47a2b45587b4e3f3bf444a035677,cn.comp.01af9ba9740abadecb83,cn.comp.01af9ba9740abadecb83.control,PAIR_EVALUATED,,0.15488044,0.14784772,0.00703272000000002,-0.00625402,-0.00603024,-0.0002237799999999998,0.01749945,0.01999665,-0.0024972000000000015,1637800,1.0,stock_session,stock-session cross-section,"CSRank(Mul(ZScore($fund_efficiency_revenue_assets),ZScore($fund_holder_count_log)))","CSRank(Add(ZScore($fund_efficiency_revenue_assets),Mul(0,ZScore($fund_holder_count_log))))",3843d6520f97ce973e90a8b2842199833952ca4dfd68b32538ca17a2a61eaea2,b93f602e6a3cf1bbca54a99b8244867b6b8096debd5472c8685a2cef79b820cf,24a86c97b4b63413f69ca9640bdf9c4dfdaadc5f3b35e954c7c82f6dbc18c050
stock_session,SLOW_CROSS_SECTIONAL_LEVEL,cn.pair.f8a564d275e91aebfdc67b45ba5a0f6b,cn.comp.03c5179428ec734a0084,cn.comp.03c5179428ec734a0084.control,PAIR_EVALUATED,,0.12116723,-0.02498255,0.14614978,-0.00560867,-0.01583724,0.01022857,0.01096433,0.00595606,0.0050082699999999996,1791187,1.0,stock_session,stock-session cross-section,"CSRank(Mul(ZScore($fund_profit_operating_margin),ZScore($fund_accruals_profit_minus_cfo_assets)))","CSRank(Add(ZScore($fund_profit_operating_margin),Mul(0,ZScore($fund_accruals_profit_minus_cfo_assets))))",9975b1a2914a2c3af511ca524d55778931842d635ab73fb8714de58853feae59,4f684f7ce1a2370e4516373fa345e6e968256ea266a8321a9123b912b192b9df,238db8ee019003d387fd092ccbd3c5392e9d8bef7c79860d7af6c970085c8898
stock_session,SLOW_CROSS_SECTIONAL_LEVEL,cn.pair.fdf89ae20db1c802e77abeef8f438738,cn.comp.02871276786b10667d0c,cn.comp.02871276786b10667d0c.control,PAIR_EVALUATED,,0.06028408,0.0344658,0.02581828,0.0038815,-0.01523962,0.019121120000000002,0.65501939,0.01794463,0.63707476,1204716,1.0,stock_session,stock-session cross-section,"CSRank(Mul(ZScore($fund_capex_construct_assets),ZScore($ctx_rzrq_rzjme)))","CSRank(Add(ZScore($fund_capex_construct_assets),Mul(0,ZScore($ctx_rzrq_rzjme))))",44d8116639c36007bbf3ca103546d2f43e7f515860280ad6b926cd3c90d66360,1d76a68630271d03a96733b8844ab8226088407b1f21f8c10b93bbea669468b7,d55fd9f82d6ac8e315c5ec3aa26d37b4191a33369159f000e55e6ab539a0d0f3
stock_session,SLOW_CROSS_SECTIONAL_LEVEL,cn.pair.ff8630bc429e5bc72dcec5ce9a12bd90,cn.comp.06ffcddb8e84b0a3afb8,cn.comp.06ffcddb8e84b0a3afb8.control,PAIR_EVALUATED,,0.05953618,0.06190301,-0.0023668300000000003,-0.01373769,-0.01367104,-6.66499999999997e-05,0.00406663,0.00396188,0.00010474999999999981,1776131,1.0,stock_session,stock-session cross-section,"CSResidual(ZScore($fund_holder_top10_share_ratio),ZScore($fund_working_capital_inventory_assets))","CSRank(Add(ZScore($fund_holder_top10_share_ratio),Mul(0,ZScore($fund_working_capital_inventory_assets))))",2589352745e8a00aaebcd9d737188e7afb004fb45c65d73861718b442461b061,0384ab15d24ab1589ed29e8cd2fd01adf05b6a868b7de000477ebee03d58dcdf,dbcc0b40cd0d0da602fc6c4b02eec10bf20112bf7ddb2b0769913eb75d3725a2
stock_session,SLOW_CROSS_SECTIONAL_LEVEL,cn.pair.ffb7282f08e372534244f6620435ea81,cn.comp.05105849f5caaad062c1,cn.comp.05105849f5caaad062c1.control,PAIR_EVALUATED,,0.05471992,0.05213996,0.002579959999999999,-0.01473096,-0.01478435,5.339000000000038e-05,0.00506976,0.00462644,0.0004433200000000005,1792423,1.0,stock_session,stock-session cross-section,"CSResidual(ZScore($fund_profit_gross_margin),ZScore($fund_working_capital_payables_assets))","CSRank(Add(ZScore($fund_profit_gross_margin),Mul(0,ZScore($fund_working_capital_payables_assets))))",612ace05d580cba190efbe2c08721eb361c9133ac2b00585389ad1fa6ee0782f,e4bcf772b9fb295f4eea6d6494d634c9cbdcda1622ea55bc1770c34c385fba04,31751f94917ccb08f0836f7f548a1ed296065d58ef61f73d4f8be2952706a8df
stock_session,SLOW_TEMPORAL_CHANGE,cn.pair.04be4985418ce7c42130fdbb262e22f6,cn.comp.008f717f8bf1ec2f3d9c,cn.comp.008f717f8bf1ec2f3d9c.control,PAIR_EVALUATED,,0.36844532,0.32356347,0.04488185,0.00060014,-0.00154806,0.0021482,0.02620146,0.02709792,-0.0008964600000000017,1685084,1.0,stock_session,stock-disclosure or stock-session change episode,"CSRank(Mul(ZScore(Delta($fund_pr_parent_netprofit_slope,10)),ZScore(Delta($fund_ca_netcash_operate_acceleration,10))))","CSRank(Add(Delta($fund_pr_parent_netprofit_slope,10),Mul(0,Delta($fund_ca_netcash_operate_acceleration,10))))",8e4e17501bacdb355b24b3ec24af6d496fb77d954ca79d8722ef9460609f4341,b7c1cc8e8cff3697ce83b8671b5b912bb6eb4a9c12869046949cf9666b179d99,e823c0eba36b9ffdba06941bd33a785727ac85a83381709d502cc515305c3855
stock_session,SLOW_TEMPORAL_CHANGE,cn.pair.06b46642361e312aed168d087eac320e,cn.comp.01257a3ba3678be1602a,cn.comp.01257a3ba3678be1602a.control,PAIR_EVALUATED,,0.25926903,0.24449539,0.014773640000000005,-0.00064686,-0.0003762,-0.00027066,0.02216378,0.00755965,0.01460413,1753143,1.0,stock_session,stock-disclosure or stock-session change episode,"CSRank(Acceleration($fund_ba_total_current_liab_acceleration,5))","CSRank(Add(ZScore($fund_ba_total_current_liab_acceleration),Mul(0,Acceleration($fund_ba_total_current_liab_acceleration,5))))",d514b3248360c01102c183bc767f18bcdb007831a6be64d6425b490c8d56b07b,93d6dd0a11a6a1a9df79ccda70e8497939f33855cd37380ed1f94904736071f3,c349c0dd51ef4f133a66d1cd86f1aed0dee99fd5190493fe6fed24bdb280bae6
stock_session,SLOW_TEMPORAL_CHANGE,cn.pair.074aeb8e8218b3e4f63ff303839ea5cf,cn.comp.0059934d53e0db2f4471,cn.comp.0059934d53e0db2f4471.control,PAIR_EVALUATED,,0.17083132,0.09520836,0.07562296,-0.00112919,-0.01383337,0.012704179999999999,0.0331347,0.01658935,0.016545350000000004,1200121,1.0,stock_session,stock-disclosure or stock-session change episode,"CSRank(Mul(ZScore($ctx_rzrq_rzye),ZScore($fund_pr_deduct_parent_netprofit_slope)))","CSRank(Add(ZScore($ctx_rzrq_rzye),Mul(0,ZScore($fund_pr_deduct_parent_netprofit_slope))))",71947d1d670429fae1424216b8afc39a663d7a1845aefba670c0979a13a5c31b,cca1c89dd5ce39437126daa9004755783071c2a68f5325af27aa680929dd5027,153efe9ec004c11a43f4149cbe5409a825064ada01d68daa6c6919d71788d7f5
stock_session,SLOW_TEMPORAL_CHANGE,cn.pair.087f0df3eadaf7f66128fb6b1009ccd5,cn.comp.017136c30e8fa7110004,cn.comp.017136c30e8fa7110004.control,PAIR_EVALUATED,,0.40829937,0.39156715,0.01673222000000002,0.00120646,-0.00118251,0.00238897,0.02481297,0.02311636,0.0016966100000000012,1535015,1.0,stock_session,stock-disclosure or stock-session change episode,"CSRank(Mul(ZScore(Delta($fund_ba_inventory_slope,10)),ZScore(Delta($fund_ba_accounts_rece_acceleration,10))))","CSRank(Add(Delta($fund_ba_inventory_slope,10),Mul(0,Delta($fund_ba_accounts_rece_acceleration,10))))",38a1f0a46a04b981d9e4023c4eb0f76290bdeda2201017bbc4775a012c127a57,91fb03b6b5c9e1b25af8545b3f8f60b9fe4ac5443ae184bd0c704aaa03876ef8,ab1410c6a88a084f16b2558d7019323dc8735f4b3158d6d198c0d516be763414
stock_session,SLOW_TEMPORAL_CHANGE,cn.pair.0e6f1ac0f6dcd6ef86cb34204c8af79c,cn.comp.016137ce5ef02c7a2277,cn.comp.016137ce5ef02c7a2277.control,PAIR_EVALUATED,,0.31244863,0.22149822,0.09095041000000001,0.00488191,-0.00085732,0.00573923,0.02772595,0.00966356,0.018062389999999998,1779572,1.0,stock_session,stock-disclosure or stock-session change episode,"CSRank(Mul(ZScore($fund_ba_total_current_liab_persistence),ZScore($fund_pr_operate_income_acceleration)))","CSRank(Add(ZScore($fund_ba_total_current_liab_persistence),Mul(0,ZScore($fund_pr_operate_income_acceleration))))",a2cce8643fb4cd698f4dbaf1f7acf84ac8328c93cdeb7aa53fe78b22cff8eeef,84675abd06f1985518ba02f3df5b2d5a939a92380ebd40fcc2121d84ea482d1e,9a99c7392cd3f8804f41b5628c30c430544815fdbcfa3836c734d9350a3820e2
stock_session,SLOW_TEMPORAL_CHANGE,cn.pair.0f4b96a98adafd5777d5298d9cd64111,cn.comp.003d7b03333647dc860b,cn.comp.003d7b03333647dc860b.control,PAIR_EVALUATED,,0.54459142,0.53859209,0.00599933000000008,0.00169764,-5.872e-05,0.00175636,0.03569706,0.03124336,0.004453700000000001,1317943,1.0,stock_session,stock-disclosure or stock-session change episode,"CSRank(Mul(ZScore(Delta($fund_ba_total_current_assets_source_yoy,5)),ZScore(Delta($fund_ba_accounts_payable_delta,5))))","CSRank(Add(Delta($fund_ba_total_current_assets_source_yoy,5),Mul(0,Delta($fund_ba_accounts_payable_delta,5))))",db8ae41ec8be27a8418553d52d60c38f15fd043db10e478fd66f01eb0a3f6ac1,b6a8c9f8c1884f3683fd86f6bfd5c1ba6358a2532920ef00570d51ddc4d84161,ca0322197a7def4b5601f45177d7a423b68b18c85181c06540f33206db4a4885
stock_session,SLOW_TEMPORAL_CHANGE,cn.pair.11d60d45ec9475470db3172c35bf00a7,cn.comp.019f7515332a42480b92,cn.comp.019f7515332a42480b92.control,PAIR_EVALUATED,,0.50696678,0.4864463,0.020520479999999952,0.00178905,-0.00051873,0.0023077799999999997,0.03979943,0.02607975,0.013719679999999998,1392612,1.0,stock_session,stock-disclosure or stock-session change episode,"CSRank(Mul(ZScore(Delta($fund_ba_total_current_assets_delta,5)),ZScore(Delta($fund_ca_netcash_invest_delta,5))))","CSRank(Add(Delta($fund_ba_total_current_assets_delta,5),Mul(0,Delta($fund_ca_netcash_invest_delta,5))))",7f00da42742a13956f7c9f2627b22b6aa2026d30ad03d5a5397f21a04f8bdb5e,c5c5cc6bf1d95038d01f0dbf6c90419945005becf1a0906c5bc97cf5c1c8e31a,aff015ab83a13d98ecc2aa34a774af81e17c40cb0a1b0ece197fa9aeb714e5ad
stock_session,SLOW_TEMPORAL_CHANGE,cn.pair.12c6f4b6a779ed08f211385a15c773b7,cn.comp.01439ac0e312f37f5454,cn.comp.01439ac0e312f37f5454.control,PAIR_EVALUATED,,0.03834148,0.1500083,-0.11166682000000001,-0.0204961,-0.00371437,-0.01678173,0.01097071,0.0107658,0.00020490999999999912,1776328,1.0,stock_session,stock-disclosure or stock-session change episode,"CSRank(Mul(ZScore($fund_pr_parent_netprofit_yoy),ZScore($fund_pr_operate_profit_yoy)))","CSRank(Add(ZScore($fund_pr_parent_netprofit_yoy),Mul(0,ZScore($fund_pr_operate_profit_yoy))))",82be3cefa8f46d6581e0594e4d55eb474f9324f50f58b6ab6b97ed6711b7b426,6e9046549e9f82e1a85aa830c33782652ebe3548ea5da10e3a8e99ef68cd84ab,63ac2602f343b82241182e12f4d8ce85198784045b255623dd21618b66eeed74
stock_session,SLOW_TEMPORAL_CHANGE,cn.pair.1406786bc522a128806a6e9b3419fab5,cn.comp.016b0af5ab0e89e70b34,cn.comp.016b0af5ab0e89e70b34.control,PAIR_EVALUATED,,0.15511253,0.21641531,-0.06130278,-0.00389595,0.00034243,-0.00423838,0.01324548,0.01067919,0.0025662900000000006,1765026,1.0,stock_session,stock-disclosure or stock-session change episode,"CSRank(Mul(ZScore($fund_pr_deduct_parent_netprofit_yoy),ZScore($fund_ca_construct_long_asset_yoy)))","CSRank(Add(ZScore($fund_pr_deduct_parent_netprofit_yoy),Mul(0,ZScore($fund_ca_construct_long_asset_yoy))))",21a8f1a1740f8b93277891bf291cd1c273be02615f1737f2d80940ceb70fbab8,29639f2602df7936f46c878a059a9c27fa602b19a2af28549a527b76e30c9eb9,86a0fade865f8789fd9b5bd3132677d54160919d2bbd66ad53871cb7d6e57eb0
stock_session,SLOW_TEMPORAL_CHANGE,cn.pair.14a6a432c139811f68801bc3572f5abb,cn.comp.01a0922fceae2c70215d,cn.comp.01a0922fceae2c70215d.control,PAIR_EVALUATED,,0.38914735,0.40194589,-0.01279853999999997,-0.00089234,0.00107649,-0.00196883,0.03135076,0.02961113,0.001739629999999999,1355193,1.0,stock_session,stock-disclosure or stock-session change episode,"CSRank(Mul(ZScore(Delta($fund_ca_netcash_finance_yoy,3)),ZScore(Delta($fund_pr_parent_netprofit_acceleration,3))))","CSRank(Add(Delta($fund_ca_netcash_finance_yoy,3),Mul(0,Delta($fund_pr_parent_netprofit_acceleration,3))))",12b4db2b4f56005c4713cb8cbe82f577ef47edcbc1ce7bab087477eb96449c1f,e014fab4565074f50fa8b372a6fb5083aeeef308a0eb1ad1b17c9238ea8c2e13,58f29fe380cc15e26daa6dfbc783b88c0da705dc794e18d4322e9ff41f87acb4
stock_session,SLOW_TEMPORAL_CHANGE,cn.pair.16a3643eadb7bc93f92107faa63094a5,cn.comp.0143f2dfd193f8c9f385,cn.comp.0143f2dfd193f8c9f385.control,PAIR_EVALUATED,,0.41994605,0.39385604,0.026090009999999997,0.00142077,-0.0018852,0.00330597,0.03611853,0.02891803,0.007200500000000002,1524907,1.0,stock_session,stock-disclosure or stock-session change episode,"CSRank(Mul(ZScore(Delta($fund_pr_operate_profit_source_yoy,5)),ZScore(Delta($fund_pr_deduct_parent_netprofit_yoy,5))))","CSRank(Add(Delta($fund_pr_operate_profit_source_yoy,5),Mul(0,Delta($fund_pr_deduct_parent_netprofit_yoy,5))))",35b0bec694e67bd31f2b533eed42f114a84c5d68844fcd13ec340393d9a8bfc1,0bd8acee36cc594b40b45bd1ce758b1483d0df714cf6e5a86baa206c006ba016,b997029f5c2a9fd49d571e64851bab3b94c203d001b955c0d1c69eefa156cead
stock_session,SLOW_TEMPORAL_CHANGE,cn.pair.1b8430ed5b2e99d4425275872e706f3e,cn.comp.00a2cdf19cfc0d8320b8,cn.comp.00a2cdf19cfc0d8320b8.control,PAIR_EVALUATED,,0.2523595,0.23878925,0.013570250000000006,-0.00561341,-0.00493931,-0.0006741000000000004,0.00638955,0.00877448,-0.0023849299999999995,1690725,1.0,stock_session,stock-disclosure or stock-session change episode,"CSRank(Persistence(Positive($fund_ba_inventory_source_yoy),10))","Add(ZScore($fund_ba_inventory_source_yoy),Mul(0,Persistence(Positive($fund_ba_inventory_source_yoy),10)))",724ff2ba8f2114002b5914d933632ea60cdd67b6888f843aad2d6f878a68f453,dd8a007d4ed067a35132df713021bcf089dd7516c311e845fcbf2f075984a81e,f7eec879981a65d2f56a4244f4f9b9b1b0d11031cfe427f258efe238c621028c
stock_session,SLOW_TEMPORAL_CHANGE,cn.pair.1be753f231ecc39a75bee56222b32f24,cn.comp.015b80d11b1e1823ad68,cn.comp.015b80d11b1e1823ad68.control,PAIR_EVALUATED,,0.25007839,-0.25638231,0.5064607,0.01165788,-0.04936577,0.061023650000000006,0.01213728,0.00833541,0.0038018700000000006,1797144,1.0,stock_session,stock-disclosure or stock-session change episode,"CSRank(Mul(ZScore($chip_cost_p95),ZScore($fund_pr_operate_income_yoy)))","CSRank(Add(ZScore($chip_cost_p95),Mul(0,ZScore($fund_pr_operate_income_yoy))))",7f5ddfb500536850a8d590217ce1e7260bcf4a41372e1be61d3a6bf24fcb4c1a,f595b0d8d54db41979db5cc94f434896c901d46a56d17356a1e43b0c7d291145,f1a95636dbe35bced22b4cdb4b77b8528dc1aff33bf4a03b141387becc68a691
stock_session,SLOW_TEMPORAL_CHANGE,cn.pair.1e4a3bfc85cfe19caa81f9e78fd49231,cn.comp.003a8d20fb214c55f5c2,cn.comp.003a8d20fb214c55f5c2.control,PAIR_EVALUATED,,0.52681265,0.51789043,0.00892221999999998,-0.00042376,-0.00064964,0.00022588000000000003,0.03552232,0.03290572,0.0026166000000000036,1250226,1.0,stock_session,stock-disclosure or stock-session change episode,"CSRank(Mul(ZScore(Delta($fund_pr_deduct_parent_netprofit_yoy,3)),ZScore(Delta($fund_ba_total_liabilities_yoy,3))))","CSRank(Add(Delta($fund_pr_deduct_parent_netprofit_yoy,3),Mul(0,Delta($fund_ba_total_liabilities_yoy,3))))",8143ac84a504c2884347684ba06bad467b7b8d41fa26b37d1738efae83821cb3,a659337430b2d39efcc12d492a1add94c87b91edcb3322a23ecb24ccfb391188,ec3c7e92ce65967a638298f5377186155f8d414140b1b21b9b269a406625807c
stock_session,SLOW_TEMPORAL_CHANGE,cn.pair.21bf2b1a8e795f945b303e2fe400ec9f,cn.comp.017fe008a548d7042949,cn.comp.017fe008a548d7042949.control,PAIR_EVALUATED,,0.39843042,0.38304614,0.015384280000000028,-0.00082537,-0.00119206,0.00036669000000000003,0.03489898,0.02277646,0.012122520000000005,1613078,1.0,stock_session,stock-disclosure or stock-session change episode,"CSRank(Mul(ZScore(Delta($fund_ba_fixed_asset_delta,10)),ZScore(Delta($fund_ca_construct_long_asset_persistence,10))))","CSRank(Add(Delta($fund_ba_fixed_asset_delta,10),Mul(0,Delta($fund_ca_construct_long_asset_persistence,10))))",de2a474db67f985201e9a53826101af1b5b377c594d59d64070a53f9aeadc291,bb8c4772f6186afd57445a90b8226ec2797d808e6e08f690d54d2c0e30ccf442,2bcd00832e119a92e254dc389cd411a93db12e9f4d5b6b7cac073ce3c109f1e0
stock_session,SLOW_TEMPORAL_CHANGE,cn.pair.222dfcb4fe4f109a4e2e8d06fb0778fc,cn.comp.004f6e96fea250003f8a,cn.comp.004f6e96fea250003f8a.control,PAIR_EVALUATED,,0.36132924,0.35853682,0.0027924200000000177,0.00040362,-0.00045935,0.00086297,0.03274191,0.02391035,0.008831559999999999,1270823,1.0,stock_session,stock-disclosure or stock-session change episode,"CSRank(Mul(ZScore(Delta($fund_ca_construct_long_asset_yoy,2)),ZScore(Delta($fund_ca_construct_long_asset_source_yoy,2))))","CSRank(Add(Delta($fund_ca_construct_long_asset_yoy,2),Mul(0,Delta($fund_ca_construct_long_asset_source_yoy,2))))",853ad18b3f88668ae74585114d58f2a80ab39d70be1d5dc19bd64b8902c94370,f3e5c1f42500aede97b5ae321119454abd26ad31815eea985e64769a2f9ea2f9,d8dc3785478be008f1120ac4c6be713114bd6cd53fb0415c41bb82b8c5831712
stock_session,SLOW_TEMPORAL_CHANGE,cn.pair.23c90e6879817863b609fbf50ed472c4,cn.comp.002659caaa1561e18316,cn.comp.002659caaa1561e18316.control,PAIR_EVALUATED,,0.27114573,0.20593278,0.06521294999999996,-0.00072972,0.00299623,-0.00372595,0.02636262,0.01985436,0.006508259999999998,1799132,1.0,stock_session,stock-disclosure or stock-session change episode,"CSRank(Mul(ZScore($fund_ca_netcash_invest_acceleration),ZScore($fund_ba_monetaryfunds_persistence)))","CSRank(Add(ZScore($fund_ca_netcash_invest_acceleration),Mul(0,ZScore($fund_ba_monetaryfunds_persistence))))",39fe9faa94e40f0e33687027dea111f6a7d817830a0d31492468a9baa7c0b518,e28abe62582b92fae938a691e9c6c0ff41d94ab03dd080b761c3dc4ca3842604,29a27b152ee2acd537671d614c55461c1233c376f7bdc8d6b75ca39109dc0114
stock_session,SLOW_TEMPORAL_CHANGE,cn.pair.2635c3c0ec1c84c1f9d94b2776ad0724,cn.comp.0099acda686fabc95660,cn.comp.0099acda686fabc95660.control,PAIR_EVALUATED,,0.07078253,0.43447475,-0.36369222,-0.02322566,0.00015274,-0.023378399999999997,0.17879094,0.02575886,0.15303208000000001,1606335,1.0,stock_session,stock-disclosure or stock-session change episode,"CSRank(Mul(ZScore(Delta($fund_ba_total_equity_source_yoy,10)),ZScore(Delta($chip_cost_weighted_mean,10))))","CSRank(Add(Delta($fund_ba_total_equity_source_yoy,10),Mul(0,Delta($chip_cost_weighted_mean,10))))",299bd548be3f2b7cfb5753a6d1cad17ae32ff8ba48d90885a3db7d28e86334d9,feb47a91f0f935a67ae2b503e122d2486f99bfc6ae59660399756074aea1dc24,16bfa0784f566b82a23fef5a145a3d4d4cf497a4ef7e0b5e6a41192f6a63101c
stock_session,SLOW_TEMPORAL_CHANGE,cn.pair.267a919f26feb4701de9feafd888f4dc,cn.comp.00ac7f712d157cd24460,cn.comp.00ac7f712d157cd24460.control,PAIR_EVALUATED,,0.43545296,0.43864823,-0.0031952699999999723,-0.00110356,-0.00070775,-0.0003958099999999999,0.03549979,0.03451365,0.0009861400000000034,1236681,1.0,stock_session,stock-disclosure or stock-session change episode,"CSRank(Mul(ZScore(Delta($fund_ba_inventory_yoy,5)),ZScore(Delta($fund_ba_total_current_liab_persistence,5))))","CSRank(Add(Delta($fund_ba_inventory_yoy,5),Mul(0,Delta($fund_ba_total_current_liab_persistence,5))))",4c4bfce3b4f7a06ac8d2d3be2c5102d97afaf7af865a87567f102eccf3e24f4c,07968b43b000fc7ba73c42d37db57c7fe6e3758515aa65c45c6741b5d02d96fd,280f2ff17428c41bb6dcd7642aff05ef2a8c4a2ffd764114dac917b8d1c843f7
stock_session,SLOW_TEMPORAL_CHANGE,cn.pair.27f0b1edf5ca645e97aa069332689624,cn.comp.0126dccb8a9be8eba243,cn.comp.0126dccb8a9be8eba243.control,PAIR_EVALUATED,,0.41612956,0.39801479,0.018114770000000002,-0.00021233,-0.0026686,0.00245627,0.03533586,0.02951076,0.005825099999999996,1557516,1.0,stock_session,stock-disclosure or stock-session change episode,"CSRank(Mul(ZScore(Delta($fund_pr_operate_cost_source_yoy,10)),ZScore(Delta($fund_ba_total_assets_delta,10))))","CSRank(Add(Delta($fund_pr_operate_cost_source_yoy,10),Mul(0,Delta($fund_ba_total_assets_delta,10))))",9988d52524156c3b7cffbdc22175fe18a266972a1b4ed0f3348462b642b752c3,3e817f6e66d4e357e9d381d2c6fcfede0fbc623c3ad97eadcdaffaf566fe8806,a46c913421dc78607b685fe0470f8ddb978a41762813f20b2df956c3886dc0a2
stock_session,SLOW_TEMPORAL_CHANGE,cn.pair.28012bfc6d387fa6817efb40a865908a,cn.comp.0107bf072d31efec4358,cn.comp.0107bf072d31efec4358.control,PAIR_EVALUATED,,0.33734181,0.33953913,-0.0021973200000000026,-0.00052752,-0.00074307,0.00021555,0.03483797,0.02489615,0.009941820000000004,1200592,1.0,stock_session,stock-disclosure or stock-session change episode,"CSRank(Mul(ZScore(Delta($fund_ca_construct_long_asset_source_yoy,2)),ZScore(Delta($fund_pr_operate_profit_acceleration,2))))","CSRank(Add(Delta($fund_ca_construct_long_asset_source_yoy,2),Mul(0,Delta($fund_pr_operate_profit_acceleration,2))))",282f6562673531aad82d282718a3360223ae89ada6c7e37591176e27c15a8960,4e12f73e42ab83a64200899e031d946ac2e5fe2ceae0ab0b3df7766401394946,9e9d28865dddc9535475b193d593b2aed402f930705592d8a81ccc617462710d
stock_session,SLOW_TEMPORAL_CHANGE,cn.pair.2950bd29a0e830b4fbb05716612c9dce,cn.comp.01a776e8ae8933cb466d,cn.comp.01a776e8ae8933cb466d.control,PAIR_EVALUATED,,0.32117468,0.26747516,0.05369952,-0.00152634,-0.00704352,0.00551718,0.02879096,0.01066229,0.01812867,1736913,1.0,stock_session,stock-disclosure or stock-session change episode,"CSRank(Delta($fund_ca_construct_long_asset_source_yoy,10))","CSRank(Add(ZScore($fund_ca_construct_long_asset_source_yoy),Mul(0,Delta($fund_ca_construct_long_asset_source_yoy,10))))",81a65127cdd01db2a3029eb46bc0126d23755c0c24cec03dcf6ad4bffc4f24a2,4da133a7dfeec2a69419a17ae25503e10fe76a65f064d89cf0d54654525c82d0,54c39519e117de785d53c904f4273e094f18c25cfacaec68cd98c42d3f475ca7
stock_session,SLOW_TEMPORAL_CHANGE,cn.pair.2a3583d4ad45a74d18a5a03abf429164,cn.comp.010e286f5529fc1467ee,cn.comp.010e286f5529fc1467ee.control,PAIR_EVALUATED,,0.40593856,0.42315798,-0.017219419999999985,-0.00278957,7.153e-05,-0.0028611,0.0312194,0.02662225,0.004597150000000001,1605340,1.0,stock_session,stock-disclosure or stock-session change episode,"CSRank(Mul(ZScore(Delta($fund_ba_total_equity_yoy,10)),ZScore(Delta($fund_ba_total_assets_source_yoy,10))))","CSRank(Add(Delta($fund_ba_total_equity_yoy,10),Mul(0,Delta($fund_ba_total_assets_source_yoy,10))))",8c2b43b6fc16e12621a95c5713bce2cc5dea8acf8496380069fd2e4ffbb3f8ec,43773c9cf2075f5f6df04fe08243c2e62ffd118961681ad11b2fb3643a05baeb,2dddb0326460667484a69e53b21cc094a8debbbeeb64896379832006c1b25be6
stock_session,SLOW_TEMPORAL_CHANGE,cn.pair.2d1a9d11d3b936d7cf201f5eaba9d4d8,cn.comp.014331c38321485e5cef,cn.comp.014331c38321485e5cef.control,PAIR_EVALUATED,,0.27936402,-0.19382435,0.47318837,0.00794925,-0.05100435,0.058953599999999995,0.0218766,0.02628793,-0.0044113300000000015,1767064,1.0,stock_session,stock-disclosure or stock-session change episode,"CSRank(Mul(ZScore($ctx_hfq_pb),ZScore($fund_ba_total_current_assets_acceleration)))","CSRank(Add(ZScore($ctx_hfq_pb),Mul(0,ZScore($fund_ba_total_current_assets_acceleration))))",a55156b3c4216b4a608ccab87ab86b84bff1e31c3ec229093f8378e26b5f23ad,958319593a21b3e83d3e2e878da1f2cc3b8992f3f614887195b24d21e5e8b5f6,d5eae2e48e7872a037bf32b6dc65f58e5ca58117133c6f5a5928d5290a668aa9
stock_session,SLOW_TEMPORAL_CHANGE,cn.pair.2fa1c3cdb93bbcebe52a4c42f42e1cc4,cn.comp.01079ec1e507404f2f07,cn.comp.01079ec1e507404f2f07.control,PAIR_EVALUATED,,0.17213497,-0.04131792,0.21345289,0.00016127,-0.01745465,0.01761592,0.4505826,0.59876643,-0.14818382999999996,1766787,1.0,stock_session,stock-disclosure or stock-session change episode,"CSRank(Mul(ZScore($ctx_hfq_volume_ratio),ZScore($fund_ba_monetaryfunds_yoy)))","CSRank(Add(ZScore($ctx_hfq_volume_ratio),Mul(0,ZScore($fund_ba_monetaryfunds_yoy))))",6ce1559bcec2cfdcdb6f305d84d7d85c5b1a0edba22f7cbb251eea6d035c4d2a,d4310885881658eeff80cdfcbb3a3501d708ba43947e9ba009081436cf677dc8,83c69106f591bc1221f4b05162b6dd233793c47c4e0d123f58c53140de367293
stock_session,SLOW_TEMPORAL_CHANGE,cn.pair.31468985e57e2f65da89bf5594c4a347,cn.comp.018fc0dc3041d6dddd7a,cn.comp.018fc0dc3041d6dddd7a.control,PAIR_EVALUATED,,0.36160315,0.33672462,0.02487853000000001,0.00191505,-0.00182443,0.00373948,0.03599254,0.02655071,0.009441830000000002,1577840,1.0,stock_session,stock-disclosure or stock-session change episode,"CSRank(Mul(ZScore(Delta($fund_pr_parent_netprofit_delta,5)),ZScore(Delta($fund_ca_netcash_invest_delta,5))))","CSRank(Add(Delta($fund_pr_parent_netprofit_delta,5),Mul(0,Delta($fund_ca_netcash_invest_delta,5))))",ecf9dfccead98d97a27b500076a9b81578c69da35fb4652e01c74a8fd3e32d4c,97e20de868c71d9ad2e98cb569331dfe72a719f99e0f7f2f5e230bd18b3b3b37,7d063389fd8d4b1790e8ea6c5b0fa8ff52cc2c747ca2f61af014cf06ba76d00a
stock_session,SLOW_TEMPORAL_CHANGE,cn.pair.3180c219a913dafbc2a1e6eb32a122d8,cn.comp.00871ef8d96cecb06699,cn.comp.00871ef8d96cecb06699.control,PAIR_EVALUATED,,0.59950917,-0.2894159,0.88892507,0.04187265,-0.05296525,0.0948379,0.01809364,0.01267248,0.005421160000000001,1834295,1.0,stock_session,stock-disclosure or stock-session change episode,"CSRank(Mul(ZScore($chip_cost_p85),ZScore($ctx_hfq_float_market_cap_yuan)))","CSRank(Add(ZScore($chip_cost_p85),Mul(0,ZScore($ctx_hfq_float_market_cap_yuan))))",b5b22ab77bdd32d4fbb1e588ab8120f368f6e8a56b9f6b8d4de5764acae7d868,fd8f40e7d93881bef9d0d042a0910fe43ac3381540b1e01998a552ee85570cb7,62c68f31165f905c4ecab490c64ea01bd2ee60de8132d39f99a5723a10ccaad1
stock_session,SLOW_TEMPORAL_CHANGE,cn.pair.3417533aebce052a67298f7568d4d219,cn.comp.00bdb95007478c01524f,cn.comp.00bdb95007478c01524f.control,PAIR_EVALUATED,,0.22925303,0.10728068,0.12197235,-0.00073927,-0.02318132,0.022442049999999998,0.24235169,0.09713351,0.14521818,1649090,1.0,stock_session,stock-disclosure or stock-session change episode,"CSRank(Mul(ZScore(Delta($chip_cost_p95,5)),ZScore(Delta($fund_ca_netcash_invest_acceleration,5))))","CSRank(Add(Delta($chip_cost_p95,5),Mul(0,Delta($fund_ca_netcash_invest_acceleration,5))))",53f59184c606a76197d9f6522503b6fd0719310b197c3633fb2daebc52d4a9a9,83ddb9a6738c99e2cae5ffcdc2dd49e3b6d1f77ae1190b1d2f018391a4d200ec,7fcf9e5080fe4a9ed1c21c7544cb9444b105fd1d9fa17f283d330111474157ab
stock_session,SLOW_TEMPORAL_CHANGE,cn.pair.34f737332a612b842bd84fef0c048eeb,cn.comp.00a02d297cda03fc20fc,cn.comp.00a02d297cda03fc20fc.control,PAIR_EVALUATED,,0.19060597,0.33205174,-0.14144576999999997,-0.00147978,0.010951,-0.01243078,0.03614684,0.0453381,-0.00919126,1150259,1.0,stock_session,stock-disclosure or stock-session change episode,"CSRank(Mul(ZScore($ctx_rzrq_rzyezb),ZScore($fund_ca_netcash_finance_yoy)))","CSRank(Add(ZScore($ctx_rzrq_rzyezb),Mul(0,ZScore($fund_ca_netcash_finance_yoy))))",7c65d77828bd04e963a8a2cef2c94964ea02a68c3676205ac23ccf8cf72f2d13,46103e4defc14643e0fd9f846bb476ead6dd503e2b42a0d77c0a947e30562a82,6a8e4c857d9f3730e415a4a6991384278d4cc75be86d38edc35167154307e031
stock_session,SLOW_TEMPORAL_CHANGE,cn.pair.363494f2b2f116249f6d1d0b3912823e,cn.comp.00097d73e116ed9a62dc,cn.comp.00097d73e116ed9a62dc.control,PAIR_EVALUATED,,0.52943511,0.55562666,-0.026191550000000063,-0.00211973,0.00025932,-0.0023790499999999997,0.03766779,0.0317902,0.005877590000000002,1374148,1.0,stock_session,stock-disclosure or stock-session change episode,"CSRank(Mul(ZScore(Delta($fund_ba_accounts_payable_yoy,5)),ZScore(Delta($fund_ba_total_liabilities_slope,5))))","CSRank(Add(Delta($fund_ba_accounts_payable_yoy,5),Mul(0,Delta($fund_ba_total_liabilities_slope,5))))",dd978c451e77fe7c93677baf83d1581b652dbb25ba0e9232380d5ba6be85a87d,bf6c0078355e0a69ac74102df8b29004d7a3b7281ac8eb26901f87f2187847bc,290ccb4eba29103c0010d2e49586110c0f5b62c1c2b45866351a0e4ed826a7e3
stock_session,SLOW_TEMPORAL_CHANGE,cn.pair.373c2558dcf96648e6fcd6ca57c7d1a3,cn.comp.001813da8841fe8644bd,cn.comp.001813da8841fe8644bd.control,PAIR_EVALUATED,,0.26430485,0.18867301,0.07563183999999998,0.00376733,-0.00254247,0.0063098,0.0236627,0.01162239,0.012040309999999999,1741045,1.0,stock_session,stock-disclosure or stock-session change episode,"CSRank(Mul(ZScore($fund_ca_netcash_finance_yoy),ZScore($fund_ca_netcash_invest_acceleration)))","CSRank(Add(ZScore($fund_ca_netcash_finance_yoy),Mul(0,ZScore($fund_ca_netcash_invest_acceleration))))",6071afbbb5a40b9abe99c7568bbe16930105e0cb12933b4910f511d29f62d85a,5a0c8bfb92dcb0e07d10352fd9ba724fc33bc84057933c61a760c8e29c6909bc,ce0a3e1799162f490557d28a0cdba626fcae867614ed551004cd818576baf6a2
stock_session,SLOW_TEMPORAL_CHANGE,cn.pair.3b28f489082227976bd2be11626c2fe8,cn.comp.002a93d8627e2832375b,cn.comp.002a93d8627e2832375b.control,PAIR_EVALUATED,,0.25006695,0.23728782,0.01277913,0.00047947,-0.00042076,0.00090023,0.01712648,0.01437287,0.00275361,1751692,1.0,stock_session,stock-disclosure or stock-session change episode,"CSRank(Acceleration($fund_ca_netcash_finance_persistence,2))","CSRank(Add(ZScore($fund_ca_netcash_finance_persistence),Mul(0,Acceleration($fund_ca_netcash_finance_persistence,2))))",d66a83bbc04b8302f7c5be4902bb57cba7f5dd594754b25a73635835668a0c31,84b7cdffa54d9f97f8b98e8cd378143fe7643624cd0731a78e88f3429730ec12,881de91940e022a95ef98038f223c1c161cc95324d421dfa6f2c7479407a5d9f
stock_session,SLOW_TEMPORAL_CHANGE,cn.pair.3c2f2b9d8796239036089f6cbe9e1a67,cn.comp.0101491ba56862ba2f37,cn.comp.0101491ba56862ba2f37.control,PAIR_EVALUATED,,0.33886141,0.39130462,-0.05244321000000002,0.00569812,-2.679e-05,0.00572491,0.18846184,0.01695633,0.17150551,1554172,1.0,stock_session,stock-disclosure or stock-session change episode,"CSRank(Mul(ZScore(Delta($fund_ba_inventory_acceleration,10)),ZScore(Delta($chip_cost_p95,10))))","CSRank(Add(Delta($fund_ba_inventory_acceleration,10),Mul(0,Delta($chip_cost_p95,10))))",34d02feaa3c0c0eaf02c5f33d67a53c4f97cb7997a77c1d59cdac077f004f1fb,0759393693dc152849110b281ca1ae716441c37ecde0436501012c8a22622749,e18e399a9da2bd46c692e3cae4a82aceaa11ded5e8f473b10fef7be12402fb22
stock_session,SLOW_TEMPORAL_CHANGE,cn.pair.3e201d7bd96c40e93afd6d36c9f5da77,cn.comp.010328ce2646bef68988,cn.comp.010328ce2646bef68988.control,PAIR_EVALUATED,,0.32366762,0.34289616,-0.019228540000000016,-0.00171777,6.773e-05,-0.0017855,0.03357248,0.03009047,0.0034820100000000007,1581465,1.0,stock_session,stock-disclosure or stock-session change episode,"CSRank(Mul(ZScore(Delta($fund_ca_netcash_finance_delta,10)),ZScore(Delta($fund_pr_operate_cost_yoy,10))))","CSRank(Add(Delta($fund_ca_netcash_finance_delta,10),Mul(0,Delta($fund_pr_operate_cost_yoy,10))))",204e5640354d22bb2f4731685bdd85768b1303e43c948a0f54438e28416687c2,5c304b28e25ad9e5f73a461d9a61d7d946f1539d604704b03856d6646460ce89,35912f0bc223a4aca656fbf290e241f9c5500d4f089a1dafa25c9b99fcf0b074
stock_session,SLOW_TEMPORAL_CHANGE,cn.pair.3fa0a1f7c9787e5d8aa4c562a88a6111,cn.comp.01014dc2537739bc6b1d,cn.comp.01014dc2537739bc6b1d.control,PAIR_EVALUATED,,0.07850095,0.03495941,0.04354154,-0.01157278,-0.02224596,0.010673179999999999,0.01976651,0.01720834,0.002558170000000002,1126545,1.0,stock_session,stock-disclosure or stock-session change episode,"CSRank(Mul(ZScore($ctx_rzrq_rzye),ZScore($fund_ba_inventory_yoy)))","CSRank(Add(ZScore($ctx_rzrq_rzye),Mul(0,ZScore($fund_ba_inventory_yoy))))",5cf1904f0f0978969ff910c8d70c6bb57e64c71cf2dd8086e1a57d97f4bdbd68,98c01061f88e51a91370b2523b331e0721342f65c82be740e58e93e42181ed4b,4ca0f5e500478eb1272748952a76a6b75780125b77bee298f69a9af5d5f7930f
stock_session,SLOW_TEMPORAL_CHANGE,cn.pair.47a709da310aea7bd42aad9e8fb6062c,cn.comp.0137336b6088b6381a1f,cn.comp.0137336b6088b6381a1f.control,PAIR_EVALUATED,,0.42190584,0.41726283,0.004643010000000003,-0.00082876,-0.00028861,-0.00054015,0.04131149,0.03186183,0.009449659999999999,1515113,1.0,stock_session,stock-disclosure or stock-session change episode,"CSRank(Mul(ZScore(Delta($fund_ca_netcash_operate_source_yoy,10)),ZScore(Delta($fund_ba_inventory_source_yoy,10))))","CSRank(Add(Delta($fund_ca_netcash_operate_source_yoy,10),Mul(0,Delta($fund_ba_inventory_source_yoy,10))))",b608a66802a76aa770c6e125d8d989bab7a95463eda536dc0397dea3723c6e50,ff8c115e2d45c50f880a54ae0afc763baa232747ba6d9a370e988ff69ed39dec,a7098c7e124346e9de47f0d68d8abfea34e9fdebfc8f5ebaccf613995b94d218
stock_session,SLOW_TEMPORAL_CHANGE,cn.pair.48a4857dda1cdd4204901cdcab583c11,cn.comp.006996179f0d0bbbc708,cn.comp.006996179f0d0bbbc708.control,PAIR_EVALUATED,,0.25226908,0.1825843,0.06968477999999997,0.00117569,0.00063345,0.00054224,0.02139218,0.02067904,0.000713140000000001,1817413,1.0,stock_session,stock-disclosure or stock-session change episode,"CSRank(Slope($fund_ca_netcash_invest_delta,3))","CSRank(Add(ZScore($fund_ca_netcash_invest_delta),Mul(0,Slope($fund_ca_netcash_invest_delta,3))))",4864bcb27018e6577d1fd93b4793e5c0bd63d95bcd5d46ae4e188936830bba07,9bd63ae2c530c44608010250577a497e40368dee90fd811d5d265f31f85e8735,1e4bf621b4ac1544f8426bacb19538af0b8aa9a6d8cbd192f49ac5a96507c83d
stock_session,SLOW_TEMPORAL_CHANGE,cn.pair.4b5db3bb5dbfc75ffacf3f0e71d82b33,cn.comp.00d9a9fe87f40479a250,cn.comp.00d9a9fe87f40479a250.control,PAIR_EVALUATED,,0.4235139,0.42088598,0.002627920000000006,0.00074367,-0.00063486,0.00137853,0.03089581,0.02829843,0.00259738,1533663,1.0,stock_session,stock-disclosure or stock-session change episode,"CSRank(Mul(ZScore(Delta($fund_ba_fixed_asset_source_yoy,10)),ZScore(Delta($fund_ba_accounts_rece_yoy,10))))","CSRank(Add(Delta($fund_ba_fixed_asset_source_yoy,10),Mul(0,Delta($fund_ba_accounts_rece_yoy,10))))",3b85c55f149e8929baa12d842da1329a38efb6a5dc51377cf8d11bc2d9425f5a,c47eb23c4e57c201c64b263a8d4470714fe95445a2ac49a979ab4ab77f35a546,156a481f62416c7a77212994728f0316a12de22de0f30142aeaba00571bd5795
stock_session,SLOW_TEMPORAL_CHANGE,cn.pair.4e5fcdd5710009f9ae85fae0c6562863,cn.comp.01a4c3e90ba801edfcc9,cn.comp.01a4c3e90ba801edfcc9.control,PAIR_EVALUATED,,0.37142948,0.33641228,0.03501719999999997,0.00103413,-0.00140134,0.0024354700000000003,0.02871859,0.0293985,-0.0006799100000000023,1675797,1.0,stock_session,stock-disclosure or stock-session change episode,"CSRank(Mul(ZScore(Delta($fund_ca_construct_long_asset_yoy,10)),ZScore(Delta($fund_pr_operate_profit_slope,10))))","CSRank(Add(Delta($fund_ca_construct_long_asset_yoy,10),Mul(0,Delta($fund_pr_operate_profit_slope,10))))",52cab878a0cc393a66c0e67cc41c04b6645bdc391dade0467ed11126dcea457b,d6aba9dd61cb6fc4f961c6e12015b9daa7052d0a3b6e295ff61b7ed60e0defd6,de5a1b5555015e865b469297226e847775a601a47cf1d884e44221ce62d6450c
stock_session,SLOW_TEMPORAL_CHANGE,cn.pair.5102c38f0a0fb94f453b299876eb89b1,cn.comp.10207e881ac523167f3c,cn.comp.10207e881ac523167f3c.control,PAIR_EVALUATION_BLOCKED,control_signal_empty_or_constant,0.23530376,-0.08166825,,0.00057068,,,0.00831859,0.00299246,0.00532613,1810684,1.0,stock_session,stock-disclosure or stock-session change episode,CSRank($fund_ba_monetaryfunds_persistence),CSRank(Sign($fund_ba_monetaryfunds_persistence)),4afc4349f0ce1b113f80dc7cfb01825f3dcd3cc2e8c708a34ffca1f01bfbede4,065208a368f0f820c6e12fd6760db9d63f4924c2a77fa8b8087f059b9b7912e4,a61f10c9ef821aa9a8eff4eb7ae815317a81eb76a7112f620609ca731fb4abb4
stock_session,SLOW_TEMPORAL_CHANGE,cn.pair.55bab166e0e10d74fe1d921cca5a83ae,cn.comp.010110961b0ecce7382c,cn.comp.010110961b0ecce7382c.control,PAIR_EVALUATED,,0.38823257,0.37515721,0.01307535999999998,-0.00018348,-0.00150616,0.0013226800000000001,0.03698865,0.02200088,0.014987769999999997,1256461,1.0,stock_session,stock-disclosure or stock-session change episode,"CSRank(Mul(ZScore(Delta($fund_pr_operate_profit_source_yoy,2)),ZScore(Delta($fund_pr_parent_netprofit_source_yoy,2))))","CSRank(Add(Delta($fund_pr_operate_profit_source_yoy,2),Mul(0,Delta($fund_pr_parent_netprofit_source_yoy,2))))",6f16f80b7c164018292e309ebe78a68e4e0cdcb8c677e3b3a4698adb03c4679c,2b3cd478d172006a291a2848dd5c6ea528c511ef2f00b51852a26ba14bc93d03,e7c867b6e5008d4b26704d80682523d0ad8e17b68f3c2d79d144847e45ccb617
stock_session,SLOW_TEMPORAL_CHANGE,cn.pair.55e4ed6225b474d879f39ed61c6dc4a5,cn.comp.001cc43d18412f715364,cn.comp.001cc43d18412f715364.control,PAIR_EVALUATED,,0.48183832,0.49768127,-0.015842950000000022,-0.0006548,0.00121458,-0.00186938,0.04400576,0.02719371,0.01681205,1435537,1.0,stock_session,stock-disclosure or stock-session change episode,"CSRank(Mul(ZScore(Delta($fund_ca_netcash_operate_acceleration,5)),ZScore(Delta($fund_ba_monetaryfunds_delta,5))))","CSRank(Add(Delta($fund_ca_netcash_operate_acceleration,5),Mul(0,Delta($fund_ba_monetaryfunds_delta,5))))",d2fda22b8f1fbd88008a35a86942b53caab26534968260aa156334e1cfd13809,45cfa2b345a2e106145d080c67b1f4fa12c1dcb669dc58b8e7dde5a2920d63a1,b37559b5c4330694eaf884f1469bae633f9fdef3cf2cacd8e6896780f1ea0a0d
stock_session,SLOW_TEMPORAL_CHANGE,cn.pair.5620a07e14ba29694e56ed668c946d6d,cn.comp.01345d2575c377ceb97e,cn.comp.01345d2575c377ceb97e.control,PAIR_EVALUATED,,0.18738288,0.35516456,-0.16778168000000002,-0.00107697,0.00101718,-0.00209415,0.218267,0.02845358,0.18981341999999998,1655685,1.0,stock_session,stock-disclosure or stock-session change episode,"CSRank(Mul(ZScore(Delta($fund_ca_netcash_finance_yoy,10)),ZScore(Delta($chip_cost_p50,10))))","CSRank(Add(Delta($fund_ca_netcash_finance_yoy,10),Mul(0,Delta($chip_cost_p50,10))))",8dab4fba41e9f5099bee909648bbc3d40838d0875290b23fb3d22eb02cff9cad,20dce160744d156d1b75b92e5a75539dbac734ced7a580395c32f2adf144ea5a,c3deb8af2ea5f1ca27fe75ca0e62d2a37b64e52414126e6769135b09e98a590c
stock_session,SLOW_TEMPORAL_CHANGE,cn.pair.5656a3ca93417d1a17f87bef43ad9ad0,cn.comp.0089c284b5556c3b194e,cn.comp.0089c284b5556c3b194e.control,PAIR_EVALUATED,,0.40297779,0.41479953,-0.011821740000000025,0.00653744,-0.00095355,0.00749099,0.38498646,0.03085167,0.35413479,1449939,1.0,stock_session,stock-disclosure or stock-session change episode,"CSRank(Mul(ZScore(Delta($fund_pr_operate_income_yoy,3)),ZScore(Delta($chip_cost_p85,3))))","CSRank(Add(Delta($fund_pr_operate_income_yoy,3),Mul(0,Delta($chip_cost_p85,3))))",c999bc4def33538c1444bb0c059d2c925169d8061feba4468849d31403bd8bc3,0522df5a1b4cf1c8b2824e00f6d20fdff8c08059ca1a05594c6f597eb3f20f14,f0954006305618df852fcbd404da39e1e77658f5298a3749d288e9f100d32e1a
stock_session,SLOW_TEMPORAL_CHANGE,cn.pair.59290e92d22798d743aa0072e2686788,cn.comp.00222eaa8a8372c6f771,cn.comp.00222eaa8a8372c6f771.control,PAIR_EVALUATED,,0.20269537,0.28263627,-0.07994090000000001,0.00218165,0.00449894,-0.00231729,0.01102044,0.00908039,0.0019400499999999987,1775080,1.0,stock_session,stock-disclosure or stock-session change episode,"CSRank(Mul(ZScore($fund_ba_accounts_payable_delta),ZScore($fund_ba_fixed_asset_yoy)))","CSRank(Add(ZScore($fund_ba_accounts_payable_delta),Mul(0,ZScore($fund_ba_fixed_asset_yoy))))",0cf3b7682410e3ecf43662bd3fbc89958166c0ee41b1d5c2952fd10e1eb19522,d2e08dfbb493c680787881d4c8b2c60b157cfc05ef73e4b5fe6d78bc7de670db,4ff1b3ee86ba32da56f3c390d0e48be917d87e90c54d761c9ce6ace955600567
stock_session,SLOW_TEMPORAL_CHANGE,cn.pair.59c8d43d6f8fae1abb7581e2befe01d6,cn.comp.0075596fec19e21b35c2,cn.comp.0075596fec19e21b35c2.control,PAIR_EVALUATED,,0.2470535,0.34989285,-0.10283934999999997,0.00142405,0.01197782,-0.01055377,0.01956072,0.01601947,0.0035412499999999993,1787738,1.0,stock_session,stock-disclosure or stock-session change episode,"CSRank(Mul(ZScore($fund_pr_operate_profit_delta),ZScore($fund_ba_total_current_liab_persistence)))","CSRank(Add(ZScore($fund_pr_operate_profit_delta),Mul(0,ZScore($fund_ba_total_current_liab_persistence))))",88ed0fb2c33a98760c0cd41841d64b4ee93c62753d3809eeb64c7199ac309637,5ea22c99207a39ff54424da5cf322b9321095e4d1e96892791a0bd2ae7ea0717,5c256a5c9a274287b1cbdbccc42fc42dc7811d4eebc543d3c020aabdcd4d96e7
stock_session,SLOW_TEMPORAL_CHANGE,cn.pair.5a3c583383b577b361ba8fd53a918a1b,cn.comp.0145e81fd593f4624e24,cn.comp.0145e81fd593f4624e24.control,PAIR_EVALUATED,,0.26352024,0.23863377,0.02488647000000002,0.00026019,-0.00057186,0.00083205,0.02080378,0.00808551,0.01271827,1806330,1.0,stock_session,stock-disclosure or stock-session change episode,"CSRank(Delta($fund_ba_total_liabilities_slope,5))","CSRank(Add(ZScore($fund_ba_total_liabilities_slope),Mul(0,Delta($fund_ba_total_liabilities_slope,5))))",95786a770da6013db2092c835ffe1214cbddc930b239beb2a1d2c35a06015deb,049a1f9f7fa3b731bb3add3a4fbe6d59e567da9518d79a4fdcfc9e8edcb1b626,36c2ecbcf7a4a57d7cfdeed2111809d3cbde343cafdbe632e2f7fe00b401f489
stock_session,SLOW_TEMPORAL_CHANGE,cn.pair.5ae8c6ff40687d7227387d85c5c6d098,cn.comp.0018ee3cdd10015b6518,cn.comp.0018ee3cdd10015b6518.control,PAIR_EVALUATED,,0.39008163,0.4054064,-0.015324769999999988,-0.00068222,0.00128746,-0.00196968,0.03414626,0.02847002,0.005676239999999999,1503425,1.0,stock_session,stock-disclosure or stock-session change episode,"CSRank(Mul(ZScore(Delta($fund_ca_netcash_finance_yoy,5)),ZScore(Delta($fund_ca_construct_long_asset_slope,5))))","CSRank(Add(Delta($fund_ca_netcash_finance_yoy,5),Mul(0,Delta($fund_ca_construct_long_asset_slope,5))))",1d40cab244ce8eb0ec5e0a8e42fcbd56ff5629b6fa1e7423eb5098d6cc70365f,bbbda7e052e3c0d8496d3519b5a1e148e34b1d5fff517b5acda076c44e8071f3,52bbd97f44931cdde41e7e109cf18f1b859f64265bc8d2e73b92bde2ca636cd4
stock_session,SLOW_TEMPORAL_CHANGE,cn.pair.5bc82c66cdfab70f4b1fbcb08ecbaad8,cn.comp.002889be62e7d6cad26f,cn.comp.002889be62e7d6cad26f.control,PAIR_EVALUATED,,0.16777244,0.18325628,-0.015483839999999999,-0.00131988,-0.00154837,0.00022849000000000003,0.01349607,0.010779,0.0027170700000000002,1752316,1.0,stock_session,stock-disclosure or stock-session change episode,"CSRank(Mul(ZScore($fund_pr_deduct_parent_netprofit_yoy),ZScore($fund_ba_accounts_payable_source_yoy)))","CSRank(Add(ZScore($fund_pr_deduct_parent_netprofit_yoy),Mul(0,ZScore($fund_ba_accounts_payable_source_yoy))))",8815e3ee3e2dda5ed84dbadc8393de94cb42d0b4ca8b43c8b371506d3f545297,bb776cb05868ae1aba8d56ee0034459405dc61f11e5d84758ad116076fe543ba,b6362e0ffdb45cd41046cd92c24489f182df145f1d8510ce21c118891980abf8
stock_session,SLOW_TEMPORAL_CHANGE,cn.pair.5dfb91066761527c9330e61346cba7ee,cn.comp.008172137086ad4a7419,cn.comp.008172137086ad4a7419.control,PAIR_EVALUATED,,-0.09815486,0.28738886,-0.38554372000000003,-0.03052632,0.00376363,-0.03428995,0.02122795,0.01975879,0.0014691600000000006,1756511,1.0,stock_session,stock-disclosure or stock-session change episode,"CSRank(Mul(ZScore($fund_pr_operate_income_slope),ZScore($fund_ba_total_equity_source_yoy)))","CSRank(Add(ZScore($fund_pr_operate_income_slope),Mul(0,ZScore($fund_ba_total_equity_source_yoy))))",51dab33850c95115a977bd68dd36e5933ff128ddfd2e862922d583cf124704e4,bbe05a47474d8492467a3eea96221600b99b1af449ccb2d63f2a9714c065d9aa,07b08f69b66416f9eccb86ece70bee74f416e9d09209b131867a22fc2c7d603d
stock_session,SLOW_TEMPORAL_CHANGE,cn.pair.5e43fd125f6817a5d90c0e33cee80a52,cn.comp.012213d41c88e9aa9b09,cn.comp.012213d41c88e9aa9b09.control,PAIR_EVALUATED,,0.25415865,0.26488841,-0.010729760000000033,0.00480106,0.00483996,-3.88999999999997e-05,0.02823464,0.01170524,0.0165294,1799917,1.0,stock_session,stock-disclosure or stock-session change episode,"CSRank(Mul(ZScore($fund_ca_netcash_operate_source_yoy),ZScore($fund_ca_construct_long_asset_acceleration)))","CSRank(Add(ZScore($fund_ca_netcash_operate_source_yoy),Mul(0,ZScore($fund_ca_construct_long_asset_acceleration))))",b9a37ed6652f029bf11a21473bdd75b6577d85b7d5865d6c46deff7ce22a313a,b2eeacddd4a7b039cfbb4ec681db92a6cd610942f03faa96f4be1c764c031dd6,f71dec9caeda3af0d05dea3a5fef0e54317b642944679d84ec9084318c96b015
stock_session,SLOW_TEMPORAL_CHANGE,cn.pair.62c3edb2e93e245ac89626a17833bba1,cn.comp.004eb2c84e8c08c86e0b,cn.comp.004eb2c84e8c08c86e0b.control,PAIR_EVALUATED,,0.4774091,0.49388575,-0.016476650000000037,-0.00178892,0.00063339,-0.00242231,0.02697834,0.02424794,0.002730400000000001,1560808,1.0,stock_session,stock-disclosure or stock-session change episode,"CSRank(Mul(ZScore(Delta($fund_ba_accounts_rece_delta,10)),ZScore(Delta($fund_ba_accounts_rece_persistence,10))))","CSRank(Add(Delta($fund_ba_accounts_rece_delta,10),Mul(0,Delta($fund_ba_accounts_rece_persistence,10))))",a508ad1634710ac0883c74f31a72c69a7d7d85aed04de6f950c9c3e895bdeaaf,14387c9061572d6d6a0eb81c886d3a4438b03b45136708bccb294202906dc638,0b2261d3ab84d97b1f4502a476c77673b746215418c1d0b70b42f57e6caac057
stock_session,SLOW_TEMPORAL_CHANGE,cn.pair.66d70edf745eac0b887e8147ec038e4f,cn.comp.016aae1e7ccc080fabaa,cn.comp.016aae1e7ccc080fabaa.control,PAIR_EVALUATED,,0.39118191,0.39347299,-0.002291080000000001,-5.902e-05,-0.00048822,0.00042919999999999997,0.03748879,0.02805245,0.009436340000000001,1512678,1.0,stock_session,stock-disclosure or stock-session change episode,"CSRank(Mul(ZScore(Delta($fund_ca_netcash_invest_source_yoy,5)),ZScore(Delta($fund_ca_netcash_finance_yoy,5))))","CSRank(Add(Delta($fund_ca_netcash_invest_source_yoy,5),Mul(0,Delta($fund_ca_netcash_finance_yoy,5))))",d10c25ed9ff057a851c5cb6227ce9745080a34ebc2f389ceccbbf25dc838b11a,190a95aeff2cb4588695a0cbfd952f252543a43aabf9c1df1e5bb49c82509555,7e7941355920c0c7ab34d154a9d64856f10646f0f7371a70015cb0371860d07b
stock_session,SLOW_TEMPORAL_CHANGE,cn.pair.692452695005c84f756b5f27498af4a8,cn.comp.002ec326e3b51cd6a0e7,cn.comp.002ec326e3b51cd6a0e7.control,PAIR_EVALUATED,,0.25305437,0.25976304,-0.006708670000000028,-0.00010048,0.00094835,-0.00104883,0.01835378,0.02803868,-0.0096849,1407201,1.0,stock_session,stock-disclosure or stock-session change episode,"CSRank(Mul(ZScore(Delta($fund_ca_netcash_invest_acceleration,2)),ZScore(Delta($fund_ca_netcash_finance_delta,2))))","CSRank(Add(Delta($fund_ca_netcash_invest_acceleration,2),Mul(0,Delta($fund_ca_netcash_finance_delta,2))))",f57eb0bb58d8a8f423a3b423119bcc238e9c68a2fd84bee7efd11acdb93f8a43,ef3055b369cd6ecfd5b69beb927633fdf090fc9e8c956702f7c13ddd365ae0e7,12b99e74ca871095e66ef203d186b99df24ad65bad463b4e50ed33c091af463c
stock_session,SLOW_TEMPORAL_CHANGE,cn.pair.6989d73604ae3b13ecda1fbd26c0d0f7,cn.comp.01463222449b07198d8d,cn.comp.01463222449b07198d8d.control,PAIR_EVALUATED,,0.10945419,-0.03901771,0.1484719,-0.00640631,-0.0170258,0.01061949,0.48283163,0.59868294,-0.11585130999999999,1802339,1.0,stock_session,stock-disclosure or stock-session change episode,"CSRank(Mul(ZScore($ctx_hfq_volume_ratio),ZScore($fund_ba_fixed_asset_acceleration)))","CSRank(Add(ZScore($ctx_hfq_volume_ratio),Mul(0,ZScore($fund_ba_fixed_asset_acceleration))))",1a9b9cc4dbca9e5e5b495e9526ef3a6c3befd828c26d9f03cc726d5edae84140,6d970f1717da701202e849a16fc11a22065666055a211b566b20422107d04ab0,cb9ea0ac3ebc59a5725f068bbf3a0b15d6f06f3b8512657f0dcdf593b8f97787
stock_session,SLOW_TEMPORAL_CHANGE,cn.pair.6af02bdc1558f0e20dcc96ca604ef9b2,cn.comp.00d56495f7e102713842,cn.comp.00d56495f7e102713842.control,PAIR_EVALUATED,,0.32308313,0.3038743,0.01920883000000001,-0.00379335,-0.00835935,0.004566,0.6249402,0.60679489,0.01814530999999997,1364279,1.0,stock_session,stock-disclosure or stock-session change episode,"CSRank(Mul(ZScore(Delta($ctx_hfq_volume_ratio,5)),ZScore(Delta($fund_ba_inventory_slope,5))))","CSRank(Add(Delta($ctx_hfq_volume_ratio,5),Mul(0,Delta($fund_ba_inventory_slope,5))))",1900befcb8f30428a36d181108110befc9f74a5032e99c425e2caf571e8156dd,724a7a25a5758da55d0000788d16852f71f9558afc4376534291042e2a270da8,b2adeb73e1a61bf08393b5286cd5397cf5b496414f5ba0f89236a6e67fbe57a1
stock_session,SLOW_TEMPORAL_CHANGE,cn.pair.6b3dfd46da57cb9464aa201793c5f441,cn.comp.004a3f74a897e64b6c6b,cn.comp.004a3f74a897e64b6c6b.control,PAIR_EVALUATED,,0.40232815,0.40256582,-0.00023767000000002314,0.00127175,0.00065968,0.00061207,0.02429953,0.01649093,0.007808599999999999,1554550,1.0,stock_session,stock-disclosure or stock-session change episode,"CSRank(Mul(ZScore(Delta($fund_ba_accounts_rece_acceleration,10)),ZScore(Delta($fund_ba_accounts_payable_delta,10))))","CSRank(Add(Delta($fund_ba_accounts_rece_acceleration,10),Mul(0,Delta($fund_ba_accounts_payable_delta,10))))",975fd278ae9fd5d168eb0264bb2536f2720845f764eb4a986a350b45d2e9e70d,17ab98af5c863387abeb40676a2d9be64cf5ec059b031f19fa39da8eeefed90d,603722d245acb1d32b71987cc30f3a5800dce52c8160aed291f958313a70a7e8
stock_session,SLOW_TEMPORAL_CHANGE,cn.pair.6bdf75d737c62a12d1188f3f8e1d1bcf,cn.comp.0042ab1d359d05eb5f54,cn.comp.0042ab1d359d05eb5f54.control,PAIR_EVALUATED,,0.34333868,0.37828835,-0.03494966999999999,-0.0023756,-0.00088722,-0.0014883799999999999,0.26357339,0.02489225,0.23868114,1321383,1.0,stock_session,stock-disclosure or stock-session change episode,"CSRank(Mul(ZScore(Delta($fund_pr_operate_income_yoy,2)),ZScore(Delta($chip_cost_p85,2))))","CSRank(Add(Delta($fund_pr_operate_income_yoy,2),Mul(0,Delta($chip_cost_p85,2))))",716d97aaa433dd239cb36b10f306f42790ed1f9b8a31b836afd2f757a3b62b39,5fd0b05977729eedcd7d92d0d956656594c5f9d9b4099a689b924cf499fafbc5,33d2ea641a9c17de72180d136af7c877ff3225d7d068e61210c9be8e8e3a8d71
stock_session,SLOW_TEMPORAL_CHANGE,cn.pair.6d3d9491090ad5648a66db44557c3395,cn.comp.007ba59096789e5d9f67,cn.comp.007ba59096789e5d9f67.control,PAIR_EVALUATED,,0.23379724,0.2464852,-0.012687959999999998,0.00149059,0.00122654,0.00026405000000000005,0.00782536,0.00628454,0.00154082,1793508,1.0,stock_session,stock-disclosure or stock-session change episode,CSRank($fund_ba_accounts_payable_acceleration),CSRank(Sign($fund_ba_accounts_payable_acceleration)),de333f0087d414d4675c7e051fbaac8f98921f95783c58359a2dd78d486d74fb,355c05c368af7825215eb27d87c752bc30dad3570a790073c37345f3711dbf52,d14b24ec4cf4dc2c37950f8321981421727bb0082803aecbc850c77dcbe39a57
stock_session,SLOW_TEMPORAL_CHANGE,cn.pair.6d3f8d326619fb192136a76502e279f7,cn.comp.004e8a542cd896b25a40,cn.comp.004e8a542cd896b25a40.control,PAIR_EVALUATED,,0.39677964,0.40116795,-0.004388310000000006,-0.00168705,-0.0013598,-0.00032725000000000007,0.02978751,0.02796242,0.001825089999999998,1551933,1.0,stock_session,stock-disclosure or stock-session change episode,"CSRank(Mul(ZScore(Delta($fund_ba_total_current_assets_yoy,10)),ZScore(Delta($fund_ba_accounts_payable_yoy,10))))","CSRank(Add(Delta($fund_ba_total_current_assets_yoy,10),Mul(0,Delta($fund_ba_accounts_payable_yoy,10))))",858e8f08e47b91f8895e25a4c22b44e273eb15e7c5fcf6163ddc649eec0be5ab,3317db5539eeef1c09c10acd31cd11a5bec2d8f51ccc742b4ae300ee015a0b88,a68c7999fe1239bbfb8d0037d01a72536c1bd549dc5bd5858e0c7b4db554946b
stock_session,SLOW_TEMPORAL_CHANGE,cn.pair.6e778afbe2f648d0069d7f295adf3927,cn.comp.00c69e18646cd353df28,cn.comp.00c69e18646cd353df28.control,PAIR_EVALUATED,,0.27031741,0.18284448,0.08747292999999998,0.00177575,-0.002677,0.00445275,0.01874564,0.01141674,0.007328900000000001,1802360,1.0,stock_session,stock-disclosure or stock-session change episode,"CSRank(Mul(ZScore($fund_ba_fixed_asset_acceleration),ZScore($ctx_hfq_float_market_cap_yuan)))","CSRank(Add(ZScore($fund_ba_fixed_asset_acceleration),Mul(0,ZScore($ctx_hfq_float_market_cap_yuan))))",dd9c15ad71140a22527446ee872e10d1d9a3edaaf00a4d283fa3165c9c37eb25,7099bf68712802c8e6cdb060bbed0425e26b86bc5fd7800490d0e9c377a006fe,bb265ce7e4a1b34239c202dca2599caaceeb7bb426eb43117e4ece60006b1a63
stock_session,SLOW_TEMPORAL_CHANGE,cn.pair.6f7936c61ea60b31cbdc8c24220b8baf,cn.comp.00d3c14d27df711e607a,cn.comp.00d3c14d27df711e607a.control,PAIR_EVALUATED,,0.54224375,0.53849378,0.0037499699999999914,0.0011653,-0.00012229,0.00128759,0.03759444,0.03269681,0.00489763,1299973,1.0,stock_session,stock-disclosure or stock-session change episode,"CSRank(Mul(ZScore(Delta($fund_ba_inventory_source_yoy,5)),ZScore(Delta($fund_ba_fixed_asset_delta,5))))","CSRank(Add(Delta($fund_ba_inventory_source_yoy,5),Mul(0,Delta($fund_ba_fixed_asset_delta,5))))",a6c38f66f61c37218cc65c03535b2bb98649bf38bf48af1c6d4a534ca7aef2f9,3384effaf38fd1dd775819a45bb0b8b573a7fbdc7d393474476762aa9753c7f0,2056d9562a604f15fecd617383c94dde6acb4c5f8d418631f2de345cd9ee54c8
stock_session,SLOW_TEMPORAL_CHANGE,cn.pair.70b3908542641dd864905660ba214857,cn.comp.00341dc9bde642c2aeac,cn.comp.00341dc9bde642c2aeac.control,PAIR_EVALUATED,,0.24653472,0.40061169,-0.15407697,-0.0115124,-0.00136269,-0.010149710000000001,0.22791369,0.02796196,0.19995173,1553647,1.0,stock_session,stock-disclosure or stock-session change episode,"CSRank(Mul(ZScore(Delta($fund_ba_total_current_assets_yoy,10)),ZScore(Delta($chip_cost_p05,10))))","CSRank(Add(Delta($fund_ba_total_current_assets_yoy,10),Mul(0,Delta($chip_cost_p05,10))))",f1a2b5eb39001a848a1b85fe3f334d529ea170a0f2941d03bfadb2cb5a156d14,eb3ae55c09773213f2074b0c0336f7d505d2494744f14ad49b3173f3ac38b5bb,1780b4559d0d724f2736931dfe0427a035c59296ead53942a1cbe429bc43fbb3
stock_session,SLOW_TEMPORAL_CHANGE,cn.pair.742f4b27be6af60ac3d754998f394e05,cn.comp.0095441149822c3ee0a6,cn.comp.0095441149822c3ee0a6.control,PAIR_EVALUATED,,0.17841277,0.14910884,0.029303930000000006,0.00063022,-0.0060942,0.00672442,0.0160782,0.00720468,0.008873520000000001,1730300,1.0,stock_session,stock-disclosure or stock-session change episode,"CSRank(Mul(ZScore($fund_ba_inventory_yoy),ZScore($fund_ca_netcash_operate_source_yoy)))","CSRank(Add(ZScore($fund_ba_inventory_yoy),Mul(0,ZScore($fund_ca_netcash_operate_source_yoy))))",efd58019837e3ba9a1fd7f5c86c9b563ff52aa69f58d8e0d1bc90e7afa9f0a09,9166e59a21fe82d9a715136ee8ebfa4cdb3f77026b83be7dbf9763cacea5aff6,f8ab172def72ec7703b6b83e29a81f0d0946282f87196e4a90e0eae722239dfa
stock_session,SLOW_TEMPORAL_CHANGE,cn.pair.74b118dd125b0ab2416f7988d7a2eb95,cn.comp.0095a8bea9d0ec0ba2a9,cn.comp.0095a8bea9d0ec0ba2a9.control,PAIR_EVALUATED,,0.3023169,0.20885838,0.09345851999999999,0.01002679,-0.00257185,0.012598640000000001,0.02256671,0.01016871,0.012398000000000001,1725028,1.0,stock_session,stock-disclosure or stock-session change episode,"CSRank(Mul(ZScore($fund_pr_parent_netprofit_source_yoy),ZScore($fund_ca_netcash_finance_delta)))","CSRank(Add(ZScore($fund_pr_parent_netprofit_source_yoy),Mul(0,ZScore($fund_ca_netcash_finance_delta))))",1b4df508a71d45e5481af3ec8e92b9185d2ed8cc1aff9e7c4bd78fb17301fd73,af4f510cab7948824e449acafd6a1577b2bf8f226e156d6db54a7cb60f8da60f,aeffbfe070fda65f6c76dc4c2b6b0859b78b795df38363c01e7555b5012497b4
stock_session,SLOW_TEMPORAL_CHANGE,cn.pair.78c13f2afed87b7113b4d2ae94502733,cn.comp.015a5d4603d9403430b3,cn.comp.015a5d4603d9403430b3.control,PAIR_EVALUATED,,0.2538092,0.31952258,-0.06571337999999999,-0.00044289,0.00599431,-0.0064372,0.02379664,0.01110157,0.012695070000000001,1797626,1.0,stock_session,stock-disclosure or stock-session change episode,"CSRank(Acceleration($fund_ca_netcash_operate_yoy,3))","CSRank(Add(ZScore($fund_ca_netcash_operate_yoy),Mul(0,Acceleration($fund_ca_netcash_operate_yoy,3))))",bcc8067bac277fd06a79675f7fe9bf1271f309909930b561a25e1b87046f7ff3,97014f4d0ae134a71860fc4a80cd538116b2d4dbbed8e11d919a949e3d8d4851,4ebfb3262117cae09a045e051f80b6c6dcabb27968e452bc3a98e51788039354
stock_session,SLOW_TEMPORAL_CHANGE,cn.pair.78e0ac1c36fa10169179b343418478d6,cn.comp.004c50ab8f12a7e6841b,cn.comp.004c50ab8f12a7e6841b.control,PAIR_EVALUATED,,0.30603727,0.31462735,-0.00859008,-0.0045359,-0.00250398,-0.00203192,0.01946018,0.02142835,-0.0019681699999999983,1541332,1.0,stock_session,stock-disclosure or stock-session change episode,"CSRank(Mul(ZScore(Delta($fund_pr_deduct_parent_netprofit_delta,3)),ZScore(Delta($fund_pr_operate_income_acceleration,3))))","CSRank(Add(Delta($fund_pr_deduct_parent_netprofit_delta,3),Mul(0,Delta($fund_pr_operate_income_acceleration,3))))",3bb28ae04894afe6d3577041d4d5bd21960fd2587c9724de397c50350e98e4eb,3f94779eb5c421a875b3ea03fe8e1ae7e180e035cebecd6bbf2c0d3e622d4893,c19446a353f28b1516d197e29e709003745e19fa93789ae4b7980ca53c31609c
stock_session,SLOW_TEMPORAL_CHANGE,cn.pair.78e741152ebcb65cb4733a58306c86ef,cn.comp.016f081774af2629c6a4,cn.comp.016f081774af2629c6a4.control,PAIR_EVALUATED,,0.26533159,0.26914811,-0.00381651999999999,0.01406595,-4.95e-06,0.0140709,0.14075636,0.01061959,0.13013676999999998,1664907,1.0,stock_session,stock-disclosure or stock-session change episode,"CSRank(Mul(ZScore(Delta($fund_ba_total_current_assets_persistence,10)),ZScore(Delta($chip_cost_p85,10))))","CSRank(Add(Delta($fund_ba_total_current_assets_persistence,10),Mul(0,Delta($chip_cost_p85,10))))",c5e7fbca96b33eb68755845a0dd9a191a41915bfa885f6b02fe4c6dca0325ed2,0ce7f31c7fc1aa96a3ada7e1d9a1cfbdc6d1d5d3ac90ca8f89cb1cfd44735ec1,4d2a738f9ee8e756f87f19a91f677b06a62f54686576fc50f3e00e1f85c1c818
stock_session,SLOW_TEMPORAL_CHANGE,cn.pair.7936391c9a223d62b93545ac170ecb1e,cn.comp.0088b4103b47e12fe96f,cn.comp.0088b4103b47e12fe96f.control,PAIR_EVALUATED,,0.25262836,0.36455785,-0.11192949000000002,-0.00053188,0.00963568,-0.01016756,0.02492599,0.01525104,0.009674949999999998,1806850,1.0,stock_session,stock-disclosure or stock-session change episode,"CSRank(Acceleration($fund_pr_deduct_parent_netprofit_slope,3))","CSRank(Add(ZScore($fund_pr_deduct_parent_netprofit_slope),Mul(0,Acceleration($fund_pr_deduct_parent_netprofit_slope,3))))",b41f3edc75c141afdd1ec94e409328416604e4d78dfb53b7f33cba407f558215,2aa2270a22162392ff5f0b64384b5069747d6e6842a819cd26bc41e698f2cba7,8d1251389def7f0b8c232b967800d53c88ce7d5cb0cc3373e7890406fa861f8f
stock_session,SLOW_TEMPORAL_CHANGE,cn.pair.7aca26adc3448fc590a6c1a11c9a9ee0,cn.comp.003aab86abdb37e82146,cn.comp.003aab86abdb37e82146.control,PAIR_EVALUATED,,0.37653808,0.38979239,-0.013254309999999991,-0.00086721,-0.00122052,0.0003533099999999999,0.0340105,0.02400947,0.010001029999999998,1587718,1.0,stock_session,stock-disclosure or stock-session change episode,"CSRank(Mul(ZScore(Delta($fund_ba_total_current_assets_delta,10)),ZScore(Delta($fund_pr_operate_profit_slope,10))))","CSRank(Add(Delta($fund_ba_total_current_assets_delta,10),Mul(0,Delta($fund_pr_operate_profit_slope,10))))",11f931071e23249a2f5f52b77a1827db55060fe4d1ada58dbe62936ea520a94c,28f386a1a861b471665e0552111ab0d675c2daa3683fe78759cf060119354028,12abe027d0de4bd71c9786be1adc550b1c21cdcede125036f1ea484d159cfc99
stock_session,SLOW_TEMPORAL_CHANGE,cn.pair.7ae565cf00482bba3d80475897e064bf,cn.comp.01206af501a8b9552a0f,cn.comp.01206af501a8b9552a0f.control,PAIR_EVALUATED,,0.49690658,0.50377181,-0.0068652300000000555,-0.00015368,0.00064429,-0.0007979700000000001,0.02583688,0.02419028,0.001646599999999998,1445642,1.0,stock_session,stock-disclosure or stock-session change episode,"CSRank(Mul(ZScore(Delta($fund_ba_monetaryfunds_slope,5)),ZScore(Delta($fund_ba_accounts_payable_slope,5))))","CSRank(Add(Delta($fund_ba_monetaryfunds_slope,5),Mul(0,Delta($fund_ba_accounts_payable_slope,5))))",892e98205b7662a4ae3e2b7a7c6971017c5110f8e7fae010afad183c43d6d4ca,159dff0690468f6f05140d563543c6b6adb8afde92f8c71930a471a97ceb9ea0,7a823203fa735975d19fcd9d4b5f3fe04b8db84326c93a181878187f470f5f2f
stock_session,SLOW_TEMPORAL_CHANGE,cn.pair.7dff7fe6bb147dada8cbedbd5b196ea0,cn.comp.01568d96a45285f4dae9,cn.comp.01568d96a45285f4dae9.control,PAIR_EVALUATED,,0.44188268,0.43981005,0.0020726300000000197,0.00132568,-0.00051534,0.00184102,0.03390634,0.02750736,0.0063989799999999986,1594047,1.0,stock_session,stock-disclosure or stock-session change episode,"CSRank(Mul(ZScore(Delta($fund_ba_total_liabilities_source_yoy,10)),ZScore(Delta($fund_ca_construct_long_asset_yoy,10))))","CSRank(Add(Delta($fund_ba_total_liabilities_source_yoy,10),Mul(0,Delta($fund_ca_construct_long_asset_yoy,10))))",03a0c12a27afb11c469e4ab0e95b968959bb7a5d331739d87a00bea46409ffca,fbe3c93cc9c5cea792d6ab0ba618d096ab3cff3de28f3b85da75663ddcbae026,3c2f84a15ac810300fdc13eda9ce0b97e012faa9f0b6fae3035bc5585304c91b
stock_session,SLOW_TEMPORAL_CHANGE,cn.pair.7f5433e6edcc4289f8448da8cb4607d9,cn.comp.01501c8edc6560c01875,cn.comp.01501c8edc6560c01875.control,PAIR_EVALUATED,,0.19532768,0.17560147,0.019726209999999994,0.00203541,-0.00457142,0.006606829999999999,0.01387837,0.00858944,0.005288929999999999,1737355,1.0,stock_session,stock-disclosure or stock-session change episode,"CSRank(Mul(ZScore($fund_ba_inventory_delta),ZScore($fund_pr_operate_cost_source_yoy)))","CSRank(Add(ZScore($fund_ba_inventory_delta),Mul(0,ZScore($fund_pr_operate_cost_source_yoy))))",fe95d9ad8238f593f6d7d1890136d5008bab6c7f8e2665a76275aba0c4017588,10c4e9940e9965273faabf021b650a8739d5a02c6491acb5c5dd1cc086903600,9fac927ab7f4dc349073892ce606b337d5f884079a2c6c3cac9b107a45a17ff9
stock_session,SLOW_TEMPORAL_CHANGE,cn.pair.8143b5bdf1ccd34d0f36ed27ca81450f,cn.comp.017196bf58dbb07221af,cn.comp.017196bf58dbb07221af.control,PAIR_EVALUATED,,0.36773451,0.35724743,0.010487080000000037,0.00051327,-0.00153279,0.00204606,0.04030557,0.02207265,0.01823292,1248343,1.0,stock_session,stock-disclosure or stock-session change episode,"CSRank(Mul(ZScore(Delta($fund_pr_operate_profit_source_yoy,2)),ZScore(Delta($fund_pr_operate_cost_acceleration,2))))","CSRank(Add(Delta($fund_pr_operate_profit_source_yoy,2),Mul(0,Delta($fund_pr_operate_cost_acceleration,2))))",986d32108daff7d0a1139d96abd271abb54ec774ba4bc8f0051a66d3dc329486,90e2a83105f770d9426c7586294b6c49f9aa61b825793a63be923d1bf2629d59,e675e227f85f73d92db66f8ee1e0f8f8d675c3ad7a054669d700312fd7999c0d
stock_session,SLOW_TEMPORAL_CHANGE,cn.pair.8246625940d15173e8d91c9ac36aeb63,cn.comp.017bf79dcfbbafaf2039,cn.comp.017bf79dcfbbafaf2039.control,PAIR_EVALUATED,,0.39842343,0.40655775,-0.008134319999999973,-0.00188282,-0.00017326,-0.00170956,0.02946491,0.02786255,0.0016023600000000006,1585730,1.0,stock_session,stock-disclosure or stock-session change episode,"CSRank(Mul(ZScore(Delta($fund_ba_monetaryfunds_yoy,10)),ZScore(Delta($fund_ba_total_assets_persistence,10))))","CSRank(Add(Delta($fund_ba_monetaryfunds_yoy,10),Mul(0,Delta($fund_ba_total_assets_persistence,10))))",bafc54f9c3792f171fcc829987c37ab496734919f75a85c80fee646196cec4ef,3731bc70c1790b741fe1f8b5980ce82e4c0ca991cefc92549e8908e90e8c8a63,b2cd4b246c3a0ea711b76d693d8f218f0e32725d27668c4f57afe5a6d0adb6a7
stock_session,SLOW_TEMPORAL_CHANGE,cn.pair.838bcd5935ecbe7f8100250818c86ecf,cn.comp.0043c0505d9992666b13,cn.comp.0043c0505d9992666b13.control,PAIR_EVALUATED,,0.27856189,-0.37068924,0.6492511299999999,0.01044445,-0.06076634,0.07121079,0.30581025,0.22778654,0.07802371,1694157,1.0,stock_session,stock-disclosure or stock-session change episode,"CSRank(Mul(ZScore(Delta($ctx_hfq_market_cap_yuan,10)),ZScore(Delta($fund_pr_operate_income_yoy,10))))","CSRank(Add(Delta($ctx_hfq_market_cap_yuan,10),Mul(0,Delta($fund_pr_operate_income_yoy,10))))",a44db3f42da993618c7ff46ddc70a8eb10f8728086060394293104c3767274c4,f7bcb674e9684966630ca4ff8677619194cae040b19968647b429f5b5748b7e7,808ba10129216cc8d881ed2198adbf151d1febb274accca876ab2ded7aec4df1
stock_session,SLOW_TEMPORAL_CHANGE,cn.pair.84239d8d2a1983b7de58b49158340c3b,cn.comp.01388b00539777cbb94a,cn.comp.01388b00539777cbb94a.control,PAIR_EVALUATED,,0.309917,0.38473611,-0.07481911000000002,-0.00889465,-0.00034973,-0.008544920000000001,0.02654099,0.02386809,0.002672899999999999,1599062,1.0,stock_session,stock-disclosure or stock-session change episode,"CSRank(Mul(ZScore(Delta($fund_ba_total_current_assets_slope,10)),ZScore(Delta($fund_ba_total_current_assets_delta,10))))","CSRank(Add(Delta($fund_ba_total_current_assets_slope,10),Mul(0,Delta($fund_ba_total_current_assets_delta,10))))",9bd668a718e8a7c0354e514a791669a9dca5e46dc84d67dfd2ea98138c16ddd5,cb00d45df3ad6694c7357d322f372fcee0dbb3ef2a841231a05eba640832aace,fda3df52f5d5ca8e04974b93d9f7eb9cc1c4d2fc63d4bcd34494ffbefb6b50e4
stock_session,SLOW_TEMPORAL_CHANGE,cn.pair.84c569a194d0977f8c105f021d53a338,cn.comp.01095d403dc8b4ab1010,cn.comp.01095d403dc8b4ab1010.control,PAIR_EVALUATED,,0.26711825,0.21200423,0.055114020000000014,0.00703709,-0.00024601,0.0072831,0.00890256,0.0080117,0.0008908600000000003,1808420,1.0,stock_session,stock-disclosure or stock-session change episode,"CSRank(Mul(ZScore($fund_ba_total_liabilities_slope),ZScore($fund_ba_total_assets_yoy)))","CSRank(Add(ZScore($fund_ba_total_liabilities_slope),Mul(0,ZScore($fund_ba_total_assets_yoy))))",3d79ed3c5a912f88f4807473411e56ee5787228792436f3b405faf67b25eb181,9d0eb786aafb45ba35b6940a040f03f2ddc1f5c28b249735fa500a175b0005c2,c9bacbbacb89edc6c443e89262e0598f4c62eaad69ad5913f8f2ebfe73e16501
stock_session,SLOW_TEMPORAL_CHANGE,cn.pair.8943caac9cd2b2720151a16737e69303,cn.comp.006e650707804d9eeed7,cn.comp.006e650707804d9eeed7.control,PAIR_EVALUATED,,0.49093931,0.49831525,-0.00737593999999997,-0.00202497,-0.00039834,-0.00162663,0.04001248,0.03003904,0.009973440000000004,1318315,1.0,stock_session,stock-disclosure or stock-session change episode,"CSRank(Mul(ZScore(Delta($fund_ba_accounts_rece_source_yoy,5)),ZScore(Delta($fund_ba_inventory_yoy,5))))","CSRank(Add(Delta($fund_ba_accounts_rece_source_yoy,5),Mul(0,Delta($fund_ba_inventory_yoy,5))))",fb4a8b8e157690c1dd19440f19854c995a76a1d05961dfaf50a43ef67ea54004,d92b485e3f101fd854eb9677621ac32227804bc548d06f64fb5ca30a446e48cc,fae44b265c4ea5ceebf77d95f1e84700d5df80f4564efa3ce6c29b94d82d8eea
stock_session,SLOW_TEMPORAL_CHANGE,cn.pair.89c18de136089f2870bcd22ec4cb13da,cn.comp.00df590b3395f4b6c6b9,cn.comp.00df590b3395f4b6c6b9.control,PAIR_EVALUATED,,0.18887359,0.20631199,-0.017438399999999993,-0.00376833,-6.505e-05,-0.0037032799999999998,0.01322796,0.01065897,0.00256899,1790225,1.0,stock_session,stock-disclosure or stock-session change episode,"CSRank(Mul(ZScore($fund_pr_deduct_parent_netprofit_yoy),ZScore($fund_ba_fixed_asset_delta)))","CSRank(Add(ZScore($fund_pr_deduct_parent_netprofit_yoy),Mul(0,ZScore($fund_ba_fixed_asset_delta))))",42ed974c31319223bd7869d731aea6870be89e12e85cec0d61f25d7a79492d95,d681e5f1de04f845dd34c29e7ee081d12ba8567591a68504bc395e47f8b978c0,7f43a5af9ed828134b0eb6e467a89a3ce22dd88f46f4de261bcdac48e778876b
stock_session,SLOW_TEMPORAL_CHANGE,cn.pair.8b0751cc7ca8e06c3096a8af4672f351,cn.comp.0131e2fc4b165b519f80,cn.comp.0131e2fc4b165b519f80.control,PAIR_EVALUATED,,0.28506715,0.20444742,0.08061973,0.00625197,-0.00142385,0.00767582,0.02603358,0.00877467,0.017258910000000002,1789653,1.0,stock_session,stock-disclosure or stock-session change episode,"CSRank(Mul(ZScore($fund_ba_total_current_liab_delta),ZScore($fund_ca_netcash_operate_acceleration)))","CSRank(Add(ZScore($fund_ba_total_current_liab_delta),Mul(0,ZScore($fund_ca_netcash_operate_acceleration))))",4aeb7a9aa27c1c6ae29a0be104f5341ee9d01325a72e5240d23b1cb75f246db0,111a38ddbef7b52c59b2de24a53c7e67e77c21b5c48c73f467a7f2a62328e266,77c02a98b90450d2e1829adf970f1d789fc1faabec948f8d74fda5da9c21f2df
stock_session,SLOW_TEMPORAL_CHANGE,cn.pair.8b18d9b61b00347f3919eaab64c58233,cn.comp.01850e1e57bf3d60f86d,cn.comp.01850e1e57bf3d60f86d.control,PAIR_EVALUATED,,0.15781948,0.22917818,-0.0713587,-0.0028798,0.00198295,-0.00486275,0.02726451,0.0165398,0.010724709999999998,1770706,1.0,stock_session,stock-disclosure or stock-session change episode,"CSRank(Mul(ZScore($fund_ca_netcash_finance_delta),ZScore($fund_ca_construct_long_asset_acceleration)))","CSRank(Add(ZScore($fund_ca_netcash_finance_delta),Mul(0,ZScore($fund_ca_construct_long_asset_acceleration))))",fdeb5f900a4ba3f005979436528c326c1e2252c404998cb21dd6934e642ed7c5,46e4dea85391c8559ceec8502fb05ffaabf92f78fb5339fad52c8e3e0c216631,79b293dfdc8e4098ec4206fc4d38ae56a2c2f9078d2dd05547da6e8a1ca25188
stock_session,SLOW_TEMPORAL_CHANGE,cn.pair.8bfdcc66d3aaedd02a80205ab16ec8c0,cn.comp.018e2df378b03bfe2bd9,cn.comp.018e2df378b03bfe2bd9.control,PAIR_EVALUATED,,0.31204421,0.06866828,0.24337593,0.00902831,-0.01044431,0.01947262,0.01554966,0.01028903,0.0052606300000000005,1798579,1.0,stock_session,stock-disclosure or stock-session change episode,"CSRank(Mul(ZScore($fund_ba_total_assets_source_yoy),ZScore($ctx_hfq_float_market_cap_yuan)))","CSRank(Add(ZScore($fund_ba_total_assets_source_yoy),Mul(0,ZScore($ctx_hfq_float_market_cap_yuan))))",e39ba3cd9120cd30955f5e5bf612536937adeebb799d1d7c2e7e4305529615ac,f21476fc52c6df62be2c9bcc04195c9604936c7595e3d0d72b228aad25c9bbd2,02fa6553e17edfe45daabd9e5ff137de77f442a1f25dabf5749420cf4e0b7b41
stock_session,SLOW_TEMPORAL_CHANGE,cn.pair.8f3d75519fa3623a40960880a9fc33a5,cn.comp.00593ee717a5ce997305,cn.comp.00593ee717a5ce997305.control,PAIR_EVALUATED,,0.15738509,0.17655395,-0.019168859999999982,-0.00954204,-0.00457892,-0.00496312,0.02718243,0.02556153,0.0016209000000000015,1755094,1.0,stock_session,stock-disclosure or stock-session change episode,"CSRank(Mul(ZScore($fund_pr_operate_cost_acceleration),ZScore($fund_ba_total_equity_source_yoy)))","CSRank(Add(ZScore($fund_pr_operate_cost_acceleration),Mul(0,ZScore($fund_ba_total_equity_source_yoy))))",b603449e952494bbb39e6332e8afeda994f1ae5e5b68f6e3d722f3b26a4959ee,662f38f5a8d2e2d593badfdd22fbc82e371f6506e520c6f2935fd3c8b68f379e,3958fcff6286d123d09d21c4b6db9626bc988626c47b35b3aebd468e9d81fbc2
stock_session,SLOW_TEMPORAL_CHANGE,cn.pair.9591b968451f5c78a5b61bcb00bd0479,cn.comp.00cf7e6f63b4cf950dca,cn.comp.00cf7e6f63b4cf950dca.control,PAIR_EVALUATED,,0.24473663,0.16970038,0.07503625,0.00610835,-0.00255652,0.00866487,0.01251254,0.008397,0.004115540000000001,1797117,1.0,stock_session,stock-disclosure or stock-session change episode,"CSRank(Mul(ZScore($fund_ba_fixed_asset_acceleration),ZScore($fund_ba_monetaryfunds_slope)))","CSRank(Add(ZScore($fund_ba_fixed_asset_acceleration),Mul(0,ZScore($fund_ba_monetaryfunds_slope))))",46a2bfdffd7eb1318a5197a8ee0b80ce509d778a03834e0395ac53388d8f52a0,d8a59b349d0c4dc63020fedb015ab748473c92cbbaebdd9f539e02603576ef3a,170532815d50db9c31b80c0d8425ecf7238f69e4f249bf4c8a7a95c7b43cec85
stock_session,SLOW_TEMPORAL_CHANGE,cn.pair.9746c0c950ee8fae1a21b052ffc9ff5b,cn.comp.0126fe964a0ccd824a56,cn.comp.0126fe964a0ccd824a56.control,PAIR_EVALUATED,,0.14166948,0.29183389,-0.15016441,-0.00714808,0.00543252,-0.0125806,0.02720581,0.01601712,0.011188690000000001,1734605,1.0,stock_session,stock-disclosure or stock-session change episode,"CSRank(Mul(ZScore($fund_ca_netcash_finance_acceleration),ZScore($fund_ca_construct_long_asset_acceleration)))","CSRank(Add(ZScore($fund_ca_netcash_finance_acceleration),Mul(0,ZScore($fund_ca_construct_long_asset_acceleration))))",973d1358d47680515249827c390f2d77c6ba686aa7edf095338511b301a2896f,a243beb1c7c680b489649ac5f095b83aeaaace79d1b3e65df59184fe93e3e168,f57d7dc2edc8c660e5332edde46ae137d5c85e3ca9671ecf2a1c5234a3f9e3e1
stock_session,SLOW_TEMPORAL_CHANGE,cn.pair.980d702a05a0b5f6604ddc4e666ca4c8,cn.comp.00eedd31406cea39dfa8,cn.comp.00eedd31406cea39dfa8.control,PAIR_EVALUATED,,0.18759591,0.20808565,-0.020489740000000006,-0.00243833,0.00048252,-0.00292085,0.01006951,0.00678418,0.0032853300000000004,1752516,1.0,stock_session,stock-disclosure or stock-session change episode,"CSRank(Mul(ZScore($fund_ba_total_current_liab_yoy),ZScore($fund_ba_accounts_payable_acceleration)))","CSRank(Add(ZScore($fund_ba_total_current_liab_yoy),Mul(0,ZScore($fund_ba_accounts_payable_acceleration))))",404824202237cac23aa8f21384ead6444ff7e0ab30bc73f319e5a553a8b06a13,b944a0a86abc1907d0a0842c47948d927c3b84498a4508fc60944757fd972741,ee1e2c4b634b2fd666a8bc7d6b53c0c5329610a818fa5d61845439b56d33df83
stock_session,SLOW_TEMPORAL_CHANGE,cn.pair.989ad4ce3b1c0536264716fffd18b9f1,cn.comp.020f61e4dab37fd3787c,cn.comp.020f61e4dab37fd3787c.control,PAIR_EVALUATED,,0.23257322,0.14480235,0.08777087,-0.00051584,-0.00590478,0.00538894,0.01028094,0.00997839,0.0003025500000000004,1755020,1.0,stock_session,stock-disclosure or stock-session change episode,"CSRank(Slope($fund_pr_operate_cost_yoy,2))","CSRank(Add(ZScore($fund_pr_operate_cost_yoy),Mul(0,Slope($fund_pr_operate_cost_yoy,2))))",797d298fb681cab7d269aba6c4910190b1da73b285a764193cee8ceef44c9a12,197e7fd3a7e3beddaba3df5ed864806c3c49c31ac127a2d3bee1e62aac507d8b,1317ccb02bd6949b02695e2ed9bd92e8ae746579ae4337ab56d29c6c6ea74cf4
stock_session,SLOW_TEMPORAL_CHANGE,cn.pair.9affac30d0994bfbe0a53a53211f8253,cn.comp.015edb9edd983346d01f,cn.comp.015edb9edd983346d01f.control,PAIR_EVALUATED,,0.36483615,0.35611061,0.008725540000000032,-0.00035134,-0.00124188,0.0008905399999999999,0.02929016,0.02397487,0.00531529,1237439,1.0,stock_session,stock-disclosure or stock-session change episode,"CSRank(Mul(ZScore(Delta($fund_pr_parent_netprofit_yoy,2)),ZScore(Delta($fund_ca_netcash_operate_source_yoy,2))))","CSRank(Add(Delta($fund_pr_parent_netprofit_yoy,2),Mul(0,Delta($fund_ca_netcash_operate_source_yoy,2))))",001a123de35ba2a5e6faff341a9c27fa668a91713de2e83846acccf42c8531e9,5753292cc0da6891698458a943c23e1d32a9f5d2ba629b0b6ea29151095af122,8cd1a2d07a5225906c75b3fa4cae1be8caa7933c35a88f5881bd1388aa7fdcc8
stock_session,SLOW_TEMPORAL_CHANGE,cn.pair.a04e726f01e14be0069cef3f71c3b764,cn.comp.0033049b5e971112ad0c,cn.comp.0033049b5e971112ad0c.control,PAIR_EVALUATED,,0.21981523,0.26697372,-0.047158490000000025,-0.0020439,0.00388752,-0.00593142,0.01211129,0.0113216,0.0007896900000000009,1793416,1.0,stock_session,stock-disclosure or stock-session change episode,"CSRank(Mul(ZScore($fund_ca_netcash_invest_source_yoy),ZScore($fund_ba_total_liabilities_slope)))","CSRank(Add(ZScore($fund_ca_netcash_invest_source_yoy),Mul(0,ZScore($fund_ba_total_liabilities_slope))))",916d7a1c347a4343292745b32fe4a68a4309e61922e70a0456feba9393e38900,70170103f553a3df860c9ac6ca8c8d31f00fa17f0aa245b929c9f2692c21a6de,c269402580c2cdb6551050e8122c1386242519e10b126251610256c98f1330e9
stock_session,SLOW_TEMPORAL_CHANGE,cn.pair.a0cfbb2018573e4392e52330a66c80f7,cn.comp.009761b3eab6f9aff65b,cn.comp.009761b3eab6f9aff65b.control,PAIR_EVALUATED,,0.1825592,0.16185473,0.020704470000000003,-0.00590265,-0.00761374,0.0017110900000000002,0.02690663,0.02586132,0.0010453100000000007,1791647,1.0,stock_session,stock-disclosure or stock-session change episode,"CSRank(Mul(ZScore($fund_pr_operate_income_acceleration),ZScore($fund_ca_netcash_invest_source_yoy)))","CSRank(Add(ZScore($fund_pr_operate_income_acceleration),Mul(0,ZScore($fund_ca_netcash_invest_source_yoy))))",3d85618d588084e6138194f82ec99b2cc56dbc969ecbd17b3067ec6c934f7692,eeb65171d76e2eafa2a9287c1cba6305a1a0e17d00db19995282a92ed258aeca,398fb8d3f793738778826221c5d22618ed4486f382cb32a8cc967661d3f84ea9
stock_session,SLOW_TEMPORAL_CHANGE,cn.pair.a3d1270a477a61981bf7ac1dd722a8cf,cn.comp.01166a0b9f9980fcfa0a,cn.comp.01166a0b9f9980fcfa0a.control,PAIR_EVALUATED,,0.34870323,0.27924541,0.06945781999999995,0.01374958,0.00450795,0.00924163,0.0208554,0.01216012,0.00869528,1798950,1.0,stock_session,stock-disclosure or stock-session change episode,"CSRank(Mul(ZScore($fund_ba_accounts_payable_slope),ZScore($ctx_hfq_market_cap_yuan)))","CSRank(Add(ZScore($fund_ba_accounts_payable_slope),Mul(0,ZScore($ctx_hfq_market_cap_yuan))))",29893b13a45d3676a182161e809668896e02b0450a1ca7a564dba24aaa9e95de,557daca77058a112cfbb127067a329a494b189ddadbc79cc59efa26cd20a1929,f59d9125c70a6915787cb5f7ae96065dcf0a08aaffb935ad5295ef7556ec3249
stock_session,SLOW_TEMPORAL_CHANGE,cn.pair.a94e7fafb06b1453d2c72e0eb27bf921,cn.comp.00ea327d393f5e343ebb,cn.comp.00ea327d393f5e343ebb.control,PAIR_EVALUATED,,0.35088097,0.35939962,-0.008518649999999961,0.00011351,0.00149641,-0.0013829,0.0384438,0.02067614,0.01776766,1657502,1.0,stock_session,stock-disclosure or stock-session change episode,"CSRank(Mul(ZScore(Delta($fund_ca_construct_long_asset_persistence,10)),ZScore(Delta($fund_ca_construct_long_asset_source_yoy,10))))","CSRank(Add(Delta($fund_ca_construct_long_asset_persistence,10),Mul(0,Delta($fund_ca_construct_long_asset_source_yoy,10))))",7b2fcc9d69513db0ab6d961ecf4e5b55babc871696eeeff0599f062ba2af594d,f788d04b5fe303f96339996838aede27c498f87323fba391b7833d8bada31e96,94574977db001573e30ad13a1f3fceaf8f0c4fc4945813941fdb20bbaae218a0
stock_session,SLOW_TEMPORAL_CHANGE,cn.pair.a9c3a1ba13888aa48d23904cba572d6b,cn.comp.0105cc4ab00fd0fd5a27,cn.comp.0105cc4ab00fd0fd5a27.control,PAIR_EVALUATED,,0.50058419,0.49217952,0.008404670000000003,0.0009139,-0.00075816,0.00167206,0.03782898,0.03164347,0.006185509999999998,1326790,1.0,stock_session,stock-disclosure or stock-session change episode,"CSRank(Mul(ZScore(Delta($fund_ca_netcash_finance_acceleration,5)),ZScore(Delta($fund_ba_total_current_liab_slope,5))))","CSRank(Add(Delta($fund_ca_netcash_finance_acceleration,5),Mul(0,Delta($fund_ba_total_current_liab_slope,5))))",1821019c605ddf1806c495da41371acf4b85b31fcf8c00fcdc31b1bb37d68dbf,1f37c79af6a555481facaf3520e492a4fc1ffeca43fcfc5ac388d12039cb380f,a34ed72ae55fb4e1edcc1ee4bb2617868c380aa901cdcf130365987403fbb60f
stock_session,SLOW_TEMPORAL_CHANGE,cn.pair.a9c6d65d9c395d20a30f19c192c082a2,cn.comp.0101ba7d83a8d545d15f,cn.comp.0101ba7d83a8d545d15f.control,PAIR_EVALUATED,,0.3093123,0.25341662,0.05589568,0.00636293,0.00358623,0.0027767,0.0215588,0.0197136,0.0018451999999999982,1765583,1.0,stock_session,stock-disclosure or stock-session change episode,"CSRank(Mul(ZScore($fund_pr_operate_cost_slope),ZScore($fund_pr_operate_profit_source_yoy)))","CSRank(Add(ZScore($fund_pr_operate_cost_slope),Mul(0,ZScore($fund_pr_operate_profit_source_yoy))))",26ecf7bd5f3d0da643f4c78238c5bb623f349d74ef94f03861d61ab9cae7c2b2,1291bc3abdd7e91956b9c40796bccbe2cd4434e3bec97cba6e36af20025a1448,bdd19d450860df950c88144a49190e2f9087d524a440f6d097dadc98672123c8
stock_session,SLOW_TEMPORAL_CHANGE,cn.pair.aa9196b8da406219bed4903e1930be6f,cn.comp.014a4db895df93cea6d6,cn.comp.014a4db895df93cea6d6.control,PAIR_EVALUATED,,0.37765242,0.37102002,0.006632399999999983,-0.00220112,-0.00242446,0.00022333999999999982,0.03303364,0.02770741,0.005326230000000005,1486731,1.0,stock_session,stock-disclosure or stock-session change episode,"CSRank(Mul(ZScore(Delta($fund_pr_parent_netprofit_slope,5)),ZScore(Delta($fund_pr_operate_cost_yoy,5))))","CSRank(Add(Delta($fund_pr_parent_netprofit_slope,5),Mul(0,Delta($fund_pr_operate_cost_yoy,5))))",dd07e7e95a1cb87bd74a0be5059bd0c03c509e4863072d6f79f11133b37315b8,a6c8cfecaed0e185c8dc516ba2da281860209ccc2d55840aec0ddd22ffd680aa,d2d5b95fd70137a84f20c17ecd6a94209e7bab93f05001a927c50eb072c25bf7
stock_session,SLOW_TEMPORAL_CHANGE,cn.pair.abf061eaa735c0579ea3d8481a436e17,cn.comp.01222874adf9d5f11537,cn.comp.01222874adf9d5f11537.control,PAIR_EVALUATED,,0.29938457,0.48332157,-0.18393699999999996,-0.00385495,-0.0007026,-0.0031523500000000004,0.62581482,0.03652555,0.58928927,1369752,1.0,stock_session,stock-disclosure or stock-session change episode,"CSRank(Mul(ZScore(Delta($fund_ba_total_current_assets_yoy,5)),ZScore(Delta($ctx_hfq_volume_ratio,5))))","CSRank(Add(Delta($fund_ba_total_current_assets_yoy,5),Mul(0,Delta($ctx_hfq_volume_ratio,5))))",5059d6df400419e5c7f76fdd2c6194738607959c596e4169ba37b0b5d5fa0b65,cd4040b62b9f57a4a39fc076842f6c538ab546d0d62a73bb0213e55c4687a8d5,5a4130164993caa8240c74cf81f88263810e8f8a712d86843b9c1d884a01aef2
stock_session,SLOW_TEMPORAL_CHANGE,cn.pair.ae596c8732737a29181c0d2f46caed22,cn.comp.00d408631e8a53340e71,cn.comp.00d408631e8a53340e71.control,PAIR_EVALUATED,,0.15745388,0.07094259,0.08651128999999999,-0.00348436,-0.00776769,0.00428333,0.01277578,0.01071277,0.0020630100000000005,1745036,1.0,stock_session,stock-disclosure or stock-session change episode,"CSRank(Mul(ZScore($fund_ca_construct_long_asset_yoy),ZScore($fund_ba_total_current_liab_acceleration)))","CSRank(Add(ZScore($fund_ca_construct_long_asset_yoy),Mul(0,ZScore($fund_ba_total_current_liab_acceleration))))",bb2dc37ccd669684ee7b8666f08484e9d9d96592b1557b3bbb45d19498ffa989,4eb83f27ead09118f6aff30d8fc2795aa9e20e98aa7dfa58e51b76623a2f926e,793facd66cb5958d8e6c41813085cedb8f0ca23cc92e1b7859eae885ea40eb80
stock_session,SLOW_TEMPORAL_CHANGE,cn.pair.af94d8ebff700211ad05e221a6fb4139,cn.comp.006b53db7ff65552756e,cn.comp.006b53db7ff65552756e.control,PAIR_EVALUATED,,0.43256265,0.43925938,-0.006696729999999984,0.00197328,0.00142064,0.0005526400000000001,0.04992827,0.03035907,0.0195692,1468300,1.0,stock_session,stock-disclosure or stock-session change episode,"CSRank(Mul(ZScore(Delta($fund_ba_inventory_source_yoy,10)),ZScore(Delta($fund_ca_construct_long_asset_persistence,10))))","CSRank(Add(Delta($fund_ba_inventory_source_yoy,10),Mul(0,Delta($fund_ca_construct_long_asset_persistence,10))))",49d7ac8c9e47d1862a5290881bcc172eb46739d387e9fee85186fec218bfac42,6bc2d6ff77462ee44d82dccca17907297fefd79d006e5b9ac3997692f0c81113,0a9a02b91fc75129fe3155671e78e976b83a929b88a564b87072fb1da22098eb
stock_session,SLOW_TEMPORAL_CHANGE,cn.pair.b115f6a0f88b79ec5981ba45e6f10984,cn.comp.019b247e0d5ea6387df0,cn.comp.019b247e0d5ea6387df0.control,PAIR_EVALUATED,,0.17839578,0.24492732,-0.06653154,-0.00415556,0.00043913,-0.00459469,0.01785155,0.01038027,0.00747128,1743249,1.0,stock_session,stock-disclosure or stock-session change episode,"CSRank(Mul(ZScore($fund_ba_inventory_acceleration),ZScore($ctx_hfq_market_cap_yuan)))","CSRank(Add(ZScore($fund_ba_inventory_acceleration),Mul(0,ZScore($ctx_hfq_market_cap_yuan))))",cdc933c90161aee9b520a73c594cb3bdbd1efb40e9fb1d9d4a2add78db47ce28,a7ec5d14a403c193e0438e553436ca335606177f69e4f37195c0d21f7d7d6f08,05fc6074b1889276bccf2ae9caea8aea74c662ae263dcb3889661b9fd89b908e
stock_session,SLOW_TEMPORAL_CHANGE,cn.pair.b3d5e0e4a8dd7efe77fa7ad34508cdac,cn.comp.0179fa364c0d5c108e23,cn.comp.0179fa364c0d5c108e23.control,PAIR_EVALUATED,,0.11792586,0.37194248,-0.25401662,-0.01741356,-0.00143719,-0.01597637,0.30661339,0.02929369,0.2773197,1541501,1.0,stock_session,stock-disclosure or stock-session change episode,"CSRank(Mul(ZScore(Delta($fund_pr_parent_netprofit_yoy,5)),ZScore(Delta($chip_cost_p15,5))))","CSRank(Add(Delta($fund_pr_parent_netprofit_yoy,5),Mul(0,Delta($chip_cost_p15,5))))",28f75c47bf66d13e2aa8a91e88cc6f3d736ce4f435265753cb5323eb8e69346e,75d457150176253b0bd73ce909996732167805e5d7e4d472145890f14381db83,1b6e6d131b2281cd50d08e02bb88348af2ad64db0ce9655126ba9e61f8c97258
stock_session,SLOW_TEMPORAL_CHANGE,cn.pair.b41f75687fbe3edee81fc3bb627cc2e0,cn.comp.013991e3ab788b9d4b9e,cn.comp.013991e3ab788b9d4b9e.control,PAIR_EVALUATED,,0.27195335,0.2021853,0.06976804999999997,0.00247388,-0.00310277,0.00557665,0.00991929,0.01008703,-0.00016773999999999956,1761754,1.0,stock_session,stock-disclosure or stock-session change episode,"CSRank(Mul(ZScore($fund_pr_parent_netprofit_source_yoy),ZScore($fund_ba_total_liabilities_yoy)))","CSRank(Add(ZScore($fund_pr_parent_netprofit_source_yoy),Mul(0,ZScore($fund_ba_total_liabilities_yoy))))",dc646518d71f7c4b1763fc20caa70116e523e7952fc8d73521b02cc5011239a3,9de027ac20530dba59787ac84f98e5b6eb1483d1a8292e875f25fcacac9ff6c6,7f5d16580474c7e88c1b300c268e0403698d3cec1167cb1ccf347dcfb5b723f4
stock_session,SLOW_TEMPORAL_CHANGE,cn.pair.b6641f487aec6276cbf33a72e0a18b2b,cn.comp.00784f9f385656308bf3,cn.comp.00784f9f385656308bf3.control,PAIR_EVALUATION_BLOCKED,primary_signal_empty_or_constant,0.00244073,0.30982891,,,-0.0004162,,0.0030779,0.00992107,-0.006843170000000001,1744610,1.0,stock_session,stock-disclosure or stock-session change episode,"CSRank(Persistence(Positive($fund_ba_total_current_liab_persistence),10))","Add(ZScore($fund_ba_total_current_liab_persistence),Mul(0,Persistence(Positive($fund_ba_total_current_liab_persistence),10)))",a740b188f1417fac37963d357a163f03e3d561a3b3e481cc8aab5f12f215c5ec,9689bd7a0dfcd859b109dffa457fbf67cfeacaf0662352e0b4d77e383c1c62c4,a91ab7d0cfcd1883053f13cb5b446eefbe92f161df90e39f12a12255c9259aa6
stock_session,SLOW_TEMPORAL_CHANGE,cn.pair.b8ca69f00b90306c3ecbd83c9f4af58d,cn.comp.01645de63979a9a8d211,cn.comp.01645de63979a9a8d211.control,PAIR_EVALUATED,,0.21749151,0.14905142,0.06844009000000001,0.00275829,-0.00144063,0.00419892,0.01124483,0.00857956,0.002665270000000001,1735045,1.0,stock_session,stock-disclosure or stock-session change episode,"CSRank(Mul(ZScore($fund_ba_total_assets_delta),ZScore($fund_ba_inventory_source_yoy)))","CSRank(Add(ZScore($fund_ba_total_assets_delta),Mul(0,ZScore($fund_ba_inventory_source_yoy))))",c462e0b7500c8c2395942020f7a9f3e587cf47e8c04a6bd185527c8a47aa311b,367cd35cf741b8c8b783e132f7ba54ed77e7b0dcf68bafde81ff3fa2213f15a4,e17e7244719c47e0fc74d633edbd82662fa8a937c99a57b1a86e7a33c3be76ba
stock_session,SLOW_TEMPORAL_CHANGE,cn.pair.bc962c237dc768299bd3e4eafaf9473a,cn.comp.0181a8801d6617701801,cn.comp.0181a8801d6617701801.control,PAIR_EVALUATED,,0.41845488,0.4361343,-0.01767942,-0.00155451,-0.00028887,-0.0012656400000000002,0.03346323,0.02791373,0.005549499999999995,1587868,1.0,stock_session,stock-disclosure or stock-session change episode,"CSRank(Mul(ZScore(Delta($fund_ba_accounts_payable_source_yoy,10)),ZScore(Delta($fund_ba_total_liabilities_yoy,10))))","CSRank(Add(Delta($fund_ba_accounts_payable_source_yoy,10),Mul(0,Delta($fund_ba_total_liabilities_yoy,10))))",4ab52b17a6d8ce7c737a55c296f52435bf5dedc7a9a0886009a2f69e9b40d35f,a316dbdf81fd2a458a56210ef0ed111dc02c3a9afece6029936c85a3f51f3f9e,6c8893cffd3fbae6d7e7e18a78428723d1a214d5d335c92cb83af2d1ac2ff878
stock_session,SLOW_TEMPORAL_CHANGE,cn.pair.bca18da74ff98ea7869048dc36b38a87,cn.comp.00ac3552a0fc759eec4b,cn.comp.00ac3552a0fc759eec4b.control,PAIR_EVALUATED,,0.40810776,0.40728218,0.0008255799999999924,0.00061851,-8.219e-05,0.0007007,0.03446325,0.02474508,0.009718170000000002,1533808,1.0,stock_session,stock-disclosure or stock-session change episode,"CSRank(Mul(ZScore(Delta($fund_ba_accounts_payable_delta,10)),ZScore(Delta($fund_ba_accounts_rece_source_yoy,10))))","CSRank(Add(Delta($fund_ba_accounts_payable_delta,10),Mul(0,Delta($fund_ba_accounts_rece_source_yoy,10))))",2a3baabfc8c465f9e60fd462ffd98ffdc375748d0d9e9adacf89477160352440,8974c30f376ae83c11bbc001366307857321bea8f2e107fe6d33e978aedd6f08,bf53cd77ed8c136c66e03a22e1ebfb6b65a8a9b58552f109743da185f7396e0c
stock_session,SLOW_TEMPORAL_CHANGE,cn.pair.c1547e156349f9ea9ea4ef619847d93d,cn.comp.0037a2add6d54f928974,cn.comp.0037a2add6d54f928974.control,PAIR_EVALUATED,,0.36724998,0.40899408,-0.041744100000000006,-0.00296187,0.00050503,-0.0034669,0.03673277,0.02299684,0.013735929999999997,1647716,1.0,stock_session,stock-disclosure or stock-session change episode,"CSRank(Mul(ZScore(Delta($fund_ba_total_liabilities_delta,10)),ZScore(Delta($fund_pr_deduct_parent_netprofit_slope,10))))","CSRank(Add(Delta($fund_ba_total_liabilities_delta,10),Mul(0,Delta($fund_pr_deduct_parent_netprofit_slope,10))))",65f5d63367db507d907af67a312e4e4e27d28896db98e45ffa0e4f78f14c9bd3,1ba93ec3009b30e875b02da07ab4c7a0ec8ea5a14336921de4ffb560edd08d35,fcb29cda4fcb03ff856fd643cb47b72c4072e19df961f29badc9b655d886dfc5
stock_session,SLOW_TEMPORAL_CHANGE,cn.pair.c56486bd1088943ef8d3053629f1c9ab,cn.comp.00e9f6a5a5d3c93e20f5,cn.comp.00e9f6a5a5d3c93e20f5.control,PAIR_EVALUATED,,0.32235,0.31508791,0.007262089999999999,0.00075243,-0.00039296,0.00114539,0.03584103,0.03077838,0.005062650000000002,1277224,1.0,stock_session,stock-disclosure or stock-session change episode,"CSRank(Mul(ZScore(Delta($fund_ca_netcash_invest_source_yoy,3)),ZScore(Delta($fund_ba_total_equity_persistence,3))))","CSRank(Add(Delta($fund_ca_netcash_invest_source_yoy,3),Mul(0,Delta($fund_ba_total_equity_persistence,3))))",bc4d1a078e7bee52814dd20f0bf8d10ba6144ec83f2cee97931143e10695d1cb,1afad3af12bf45de515a73f2cce0e9f55fe6aaea5c2473a7abb01190e8097ac8,261bcb4627f22d3595030a9b53c1f67e6c1c2accdf30ce5196ee8e660b2dd331
stock_session,SLOW_TEMPORAL_CHANGE,cn.pair.c5fb607731f605e7d0bbc20028d3fddf,cn.comp.00ecd4f482280fb408ff,cn.comp.00ecd4f482280fb408ff.control,PAIR_EVALUATED,,0.54256179,0.53498358,0.00757821000000003,0.00026147,-0.00194156,0.00220303,0.0412406,0.03378778,0.007452819999999999,1319903,1.0,stock_session,stock-disclosure or stock-session change episode,"CSRank(Mul(ZScore(Delta($fund_pr_operate_cost_source_yoy,5)),ZScore(Delta($fund_ba_inventory_slope,5))))","CSRank(Add(Delta($fund_pr_operate_cost_source_yoy,5),Mul(0,Delta($fund_ba_inventory_slope,5))))",2795806992896ee620d3caaadc87feda1089570a27755bf5c4b17fd03aed71a6,e5d5ebc2a8ff2f43be36e175a2abf2599aab28ae0398a513306d47cbc26b781c,692353dd3ee6bd6e8622d625ac80a94f219b8c73dfcd77c1676f2e82f0f52467
stock_session,SLOW_TEMPORAL_CHANGE,cn.pair.c68f9cc6e6b7dc6414ed636778674ff9,cn.comp.00150bd3c35c50c3b7ef,cn.comp.00150bd3c35c50c3b7ef.control,PAIR_EVALUATED,,-0.15074039,0.36628555,-0.51702594,-0.04015048,0.00167538,-0.04182586,0.18108827,0.02586821,0.15522006,1698005,1.0,stock_session,stock-disclosure or stock-session change episode,"CSRank(Mul(ZScore(Delta($fund_pr_deduct_parent_netprofit_acceleration,10)),ZScore(Delta($chip_cost_weighted_mean,10))))","CSRank(Add(Delta($fund_pr_deduct_parent_netprofit_acceleration,10),Mul(0,Delta($chip_cost_weighted_mean,10))))",24b2c7117e57339af220d2a536766175e836850c88f354dd6c9aa748286fe567,d99dc678f19208dac6f2f764e9b13fb252be51bf992a6ec51524824c5b258add,f0bd6b61184cf0e59f188aeb3382b002dc6ca3205471e2e48265a3d0f46cbda9
stock_session,SLOW_TEMPORAL_CHANGE,cn.pair.c8520e5a272f62abd260f6f8beb4d5d1,cn.comp.0194a6e0f10155c9ca67,cn.comp.0194a6e0f10155c9ca67.control,PAIR_EVALUATED,,0.37619023,0.4286128,-0.05242257,-0.00269363,0.00279063,-0.0054842599999999995,0.0355059,0.02712458,0.008381320000000001,1586041,1.0,stock_session,stock-disclosure or stock-session change episode,"CSRank(Mul(ZScore(Delta($fund_pr_operate_profit_acceleration,10)),ZScore(Delta($fund_ba_total_current_assets_slope,10))))","CSRank(Add(Delta($fund_pr_operate_profit_acceleration,10),Mul(0,Delta($fund_ba_total_current_assets_slope,10))))",146991bd91bbf8ecc1e8d205a9b872e0b9cc69b7a8c531a1255d7844c95398cd,bd0b534c07bd461901c73f75a6bfeabf28018fc8521c440c7bcc385ddb87a537,98d4bb3e0f9db9c63cb80dff4d0e2ae47aad8bf48e2cccf198c127755f0e146b
stock_session,SLOW_TEMPORAL_CHANGE,cn.pair.cd7a56bbd7974bd3a799b300227b4d0d,cn.comp.03a971fddf957d7af6b3,cn.comp.03a971fddf957d7af6b3.control,PAIR_EVALUATED,,0.24025359,-0.13556437,0.37581796,0.00297648,-0.05030567,0.05328215,0.45415589,0.03255973,0.42159616,1777539,1.0,stock_session,stock-disclosure or stock-session change episode,"CSRank(Sub(ZScore(Delta($ctx_hfq_pb,2)),ZScore(Delta($ctx_hfq_pb,10))))","CSRank(Add(ZScore($ctx_hfq_pb),Mul(0,Delta($ctx_hfq_pb,10))))",dca9338c87898ab97f22e4df1f8c8d61d837505ad95e77af34cfa12110c24e18,65d45780a98f23de40e341bb8424013aa65ef4baa49e2ce7d0a615e45d10ac71,fdb778ac26574a527a68a7d3dc2c3c0155bae0cb311704311b66673868fbd587
stock_session,SLOW_TEMPORAL_CHANGE,cn.pair.d37f62471394c96a39785720dc86d8d3,cn.comp.0153ce07644e565eac20,cn.comp.0153ce07644e565eac20.control,PAIR_EVALUATED,,0.39883827,0.39404793,0.004790340000000004,7.253e-05,-0.00033795,0.00041048,0.02388477,0.0169398,0.006944969999999998,1540898,1.0,stock_session,stock-disclosure or stock-session change episode,"CSRank(Mul(ZScore(Delta($fund_ba_fixed_asset_acceleration,10)),ZScore(Delta($fund_ba_inventory_delta,10))))","CSRank(Add(Delta($fund_ba_fixed_asset_acceleration,10),Mul(0,Delta($fund_ba_inventory_delta,10))))",b999fffc8ad02a8650708ac525d4d31bd08549c0f481ceaab97c2c8b937250d7,be7a618f83dfc017449f68efc989ed3c1ca8ec992a1afd211eb235d839324c53,fb4ab278cbcaffa4f8fce5183eaf4aad02567163d3b3f739e6b5c5ea0ee59a3c
stock_session,SLOW_TEMPORAL_CHANGE,cn.pair.d6c9e27853c8ccb0c051f3efdca02b75,cn.comp.012d4fbdda53ae0c5ac9,cn.comp.012d4fbdda53ae0c5ac9.control,PAIR_EVALUATED,,0.50502234,0.47945676,0.025565580000000032,0.00107495,-0.00167285,0.0027478,0.04141986,0.03316041,0.008259450000000002,1321630,1.0,stock_session,stock-disclosure or stock-session change episode,"CSRank(Mul(ZScore(Delta($fund_pr_parent_netprofit_yoy,5)),ZScore(Delta($fund_ba_inventory_source_yoy,5))))","CSRank(Add(Delta($fund_pr_parent_netprofit_yoy,5),Mul(0,Delta($fund_ba_inventory_source_yoy,5))))",e61f744c879ed3adcfdd18dbb154007d007afaeb5321bab046193529db6ad85c,a9315dafd6e0e9305f74d3898919cdd3efb3d8fa5ecc856335437446cb29d47b,7e87367d2f3aaf393e835ac4cd7877dd6f44ec7de2d9dfab1a393a3403e46f95
stock_session,SLOW_TEMPORAL_CHANGE,cn.pair.d8fb1de6d48332bf89a7d727e511b2b1,cn.comp.014b2c6cbec9f409a7d6,cn.comp.014b2c6cbec9f409a7d6.control,PAIR_EVALUATED,,0.51772946,0.5424573,-0.024727840000000056,-0.00197838,-0.00030406,-0.00167432,0.03832128,0.03050059,0.007820689999999998,1379861,1.0,stock_session,stock-disclosure or stock-session change episode,"CSRank(Mul(ZScore(Delta($fund_ba_total_liabilities_source_yoy,5)),ZScore(Delta($fund_ba_total_liabilities_delta,5))))","CSRank(Add(Delta($fund_ba_total_liabilities_source_yoy,5),Mul(0,Delta($fund_ba_total_liabilities_delta,5))))",9086e6cb0c01863f3b081af685fa931157467bbf03fd334822dfc9946294d0b8,d79cfa7d2a5491361a40d0cf479495679b82e86e9f374086b8236a926f7287b8,cc8ebf61739bca07d0ee00bf54f5b52d7f814f0e33f550a812be9dc16762d62b
stock_session,SLOW_TEMPORAL_CHANGE,cn.pair.db2bb9eb62405a97a25ecd890b766def,cn.comp.0003f69e616bee91175a,cn.comp.0003f69e616bee91175a.control,PAIR_EVALUATED,,0.2021511,0.1467896,0.05536150000000001,0.00277433,-0.00685966,0.00963399,0.01835022,0.01011066,0.00823956,1831164,1.0,stock_session,stock-disclosure or stock-session change episode,"CSRank(Mul(ZScore($fund_ba_total_assets_persistence),ZScore($fund_pr_parent_netprofit_persistence)))","CSRank(Add(ZScore($fund_ba_total_assets_persistence),Mul(0,ZScore($fund_pr_parent_netprofit_persistence))))",fa09ed92d2ce3cd977d61593494a341918a1db0b7a3f3361eea55d71cea2e4f4,d4f1c4c8c6059d9d8d1d4fec2522c1a0cebece6381eccc2f90b21687f48cf574,d55f284b24d9b0cd08fb86697c6af5c6211b5a61f94b80e6a212c4a2abf5ff1a
stock_session,SLOW_TEMPORAL_CHANGE,cn.pair.db78fe182fd15c19d52e35c6a8f08897,cn.comp.00a030d159664445b4e5,cn.comp.00a030d159664445b4e5.control,PAIR_EVALUATED,,0.25288229,0.18543578,0.06744651000000002,0.00030283,-0.00694716,0.0072499899999999996,0.0349061,0.01040226,0.024503840000000002,1778022,1.0,stock_session,stock-disclosure or stock-session change episode,"CSRank(Acceleration($fund_ca_construct_long_asset_source_yoy,2))","CSRank(Add(ZScore($fund_ca_construct_long_asset_source_yoy),Mul(0,Acceleration($fund_ca_construct_long_asset_source_yoy,2))))",dc36db698690c74064092834e3367ce2612582fbc45852d54245b6ee6d127112,dd54740bcfae00ea96b7d893a9f826181eb61579d06b8e1e7fb3cc36fc3a85c8,5644854711a89fc1e01f97313e23f4ad70fbeca609577f0fb99835fe25a207be
stock_session,SLOW_TEMPORAL_CHANGE,cn.pair.dbd1e39962b78f0e8a2c387973e5a724,cn.comp.0168284dbdda1cb50a23,cn.comp.0168284dbdda1cb50a23.control,PAIR_EVALUATED,,0.42083326,0.4101838,0.01064946,-0.00161119,-0.00270183,0.0010906400000000001,0.03508486,0.03005573,0.005029130000000003,1525834,1.0,stock_session,stock-disclosure or stock-session change episode,"CSRank(Mul(ZScore(Delta($fund_pr_operate_cost_source_yoy,10)),ZScore(Delta($fund_ba_total_liabilities_yoy,10))))","CSRank(Add(Delta($fund_pr_operate_cost_source_yoy,10),Mul(0,Delta($fund_ba_total_liabilities_yoy,10))))",1bedb757056344fda6c3a6da25572e3a58980d979222e9a8a4674be54763b815,2cd359b860726b74a304d87c2cc116147d509fdb37c6db37aef513f491bd61c8,4d85ccd339e14d5889c33b5cedb9fa7e819c001c2815941f310e61bd5593e10f
stock_session,SLOW_TEMPORAL_CHANGE,cn.pair.dc2db5d06070bae0c4574d35d71211fb,cn.comp.003846dad028eeb295ff,cn.comp.003846dad028eeb295ff.control,PAIR_EVALUATED,,0.48684769,0.50199376,-0.015146069999999956,-0.00082056,0.00151575,-0.00233631,0.04155813,0.02986456,0.01169357,1303787,1.0,stock_session,stock-disclosure or stock-session change episode,"CSRank(Mul(ZScore(Delta($fund_pr_parent_netprofit_acceleration,5)),ZScore(Delta($fund_ba_inventory_source_yoy,5))))","CSRank(Add(Delta($fund_pr_parent_netprofit_acceleration,5),Mul(0,Delta($fund_ba_inventory_source_yoy,5))))",03da41f404c65f5d9b714c87849f983288b7d83c7b48ecb6fb9870cb98d51437,64a4faea729cc7915d5d76b5cfb96d1bf74db97ef8ac4f94e8551ec55e97e128,0bd97fa9f0e20aed945477af1f3456fa28950b25f9dfffe73a431a770681883e
stock_session,SLOW_TEMPORAL_CHANGE,cn.pair.dcd46307275cba00ed2b819f3ef857ef,cn.comp.00296ca5e8baba93030a,cn.comp.00296ca5e8baba93030a.control,PAIR_EVALUATED,,0.43247406,0.45179415,-0.019320090000000012,-0.00173084,0.0028602,-0.004591039999999999,0.03548643,0.01748147,0.01800496,1606723,1.0,stock_session,stock-disclosure or stock-session change episode,"CSRank(Mul(ZScore(Delta($fund_pr_parent_netprofit_persistence,10)),ZScore(Delta($fund_ba_total_liabilities_source_yoy,10))))","CSRank(Add(Delta($fund_pr_parent_netprofit_persistence,10),Mul(0,Delta($fund_ba_total_liabilities_source_yoy,10))))",31b31ef2dba06cc6ea0f1d3600d8f49f67d7c0db3c012a262ce491df23ce062a,39ab3f74a39765d4ac0c5e339ac68b50a5b6be953e4bddb4465ccc44f5ee3ab8,772b8b0ba1ad694496f98c1993cc1bf65d536aa99d1b1f3b27e2f40c1574950e
stock_session,SLOW_TEMPORAL_CHANGE,cn.pair.de3f6c303d4049b642b91073d7beb41d,cn.comp.000a1deb7df1e0062b5c,cn.comp.000a1deb7df1e0062b5c.control,PAIR_EVALUATED,,0.29657522,0.50748375,-0.21090853000000004,-0.01117026,0.00047371,-0.01164397,0.29090918,0.0240383,0.26687088,1403339,1.0,stock_session,stock-disclosure or stock-session change episode,"CSRank(Mul(ZScore(Delta($fund_ba_accounts_rece_delta,5)),ZScore(Delta($chip_cost_p50,5))))","CSRank(Add(Delta($fund_ba_accounts_rece_delta,5),Mul(0,Delta($chip_cost_p50,5))))",2fe552568cc888f399ab590af1250b2f176724eacbdca5bdb6d2ef79450e439f,b1a254e40548049edc8d951ac83322769e744a4febd86af0fb84e3b92fdfcceb,00532a8d3077851c98d38a93945bb500d9a3db625ce643a93d9f58baa13138f3
stock_session,SLOW_TEMPORAL_CHANGE,cn.pair.e0184250d059dccb0280f04b0dacc80e,cn.comp.00d1beb8dd89b9e64d1d,cn.comp.00d1beb8dd89b9e64d1d.control,PAIR_EVALUATED,,0.43263628,0.42872522,0.003911059999999966,0.00171477,0.00092554,0.00078923,0.03275546,0.03004767,0.0027077900000000016,1303623,1.0,stock_session,stock-disclosure or stock-session change episode,"CSRank(Mul(ZScore(Delta($fund_ca_netcash_finance_yoy,3)),ZScore(Delta($fund_pr_operate_income_source_yoy,3))))","CSRank(Add(Delta($fund_ca_netcash_finance_yoy,3),Mul(0,Delta($fund_pr_operate_income_source_yoy,3))))",13479b4205a06dbe62181183f41a25aee09d79c141792775ef3b025ac5c205a9,456d8cbe23e5fff49211f0a3f6e709f9421818caf2a30777fc3f333edeb8ae7d,d0b1aff67a4b7c8cd9c4d1305dee4fe5f4464b78ce9bd318dc6ee283bf584bd0
stock_session,SLOW_TEMPORAL_CHANGE,cn.pair.e501eeefc46a066ffe37c1ab2b9c491b,cn.comp.010631eff8301dde4d6e,cn.comp.010631eff8301dde4d6e.control,PAIR_EVALUATED,,0.16959577,0.36971282,-0.20011705,-0.00899175,0.00148049,-0.01047224,0.22876785,0.02706695,0.2017009,1653567,1.0,stock_session,stock-disclosure or stock-session change episode,"CSRank(Mul(ZScore(Delta($fund_ca_netcash_finance_source_yoy,10)),ZScore(Delta($chip_cost_p50,10))))","CSRank(Add(Delta($fund_ca_netcash_finance_source_yoy,10),Mul(0,Delta($chip_cost_p50,10))))",1028514823384acd7f8788959519e399415303c01b82504a6527cabdfcd0cf55,7c9a0069581652f5f491246cc49382e0ee2305dcb53576e7129e56d40afef8cd,1382e6101a58142e9c8858d96286cad99de07807e88e44121e9ddfa16fcb07f3
stock_session,SLOW_TEMPORAL_CHANGE,cn.pair.e65ad794571b4afc073c25a859bb67c3,cn.comp.01652b07cdfa9efd5cd0,cn.comp.01652b07cdfa9efd5cd0.control,PAIR_EVALUATED,,0.35104768,0.34231474,0.008732939999999967,-0.00163728,-0.00120765,-0.00042963000000000007,0.02376485,0.02669259,-0.002927739999999998,1623019,1.0,stock_session,stock-disclosure or stock-session change episode,"CSRank(Mul(ZScore(Delta($fund_ca_netcash_operate_slope,5)),ZScore(Delta($fund_pr_operate_profit_slope,5))))","CSRank(Add(Delta($fund_ca_netcash_operate_slope,5),Mul(0,Delta($fund_pr_operate_profit_slope,5))))",dc024fbd6e8a330cabb6d356c422aa3ab03c85b80f0c370daec5249b1ca08cd6,9902e26a2d1c66d54bb1b6fd16ac5c1b0a5e80b9958fa617c5c60e8bef3496eb,10c3c4d12084b24d5a0efedbf28bdb86ab353cb8d7bfaa891f111d681648688a
stock_session,SLOW_TEMPORAL_CHANGE,cn.pair.e688282d5bcd266de01e8bc7eb50a2aa,cn.comp.00d87c61c1a4cf67af22,cn.comp.00d87c61c1a4cf67af22.control,PAIR_EVALUATED,,0.294194,0.19892221,0.09527179000000002,0.00333624,-0.00215301,0.005489249999999999,0.01634721,0.01013204,0.006215170000000001,1802430,1.0,stock_session,stock-disclosure or stock-session change episode,"CSRank(Mul(ZScore($fund_pr_operate_profit_source_yoy),ZScore($fund_ba_total_assets_persistence)))","CSRank(Add(ZScore($fund_pr_operate_profit_source_yoy),Mul(0,ZScore($fund_ba_total_assets_persistence))))",645090d47e09920d88d2796ed676dacd059abb0fa1ebaeede4a8036360bcaf85,ebc1f117a51e90baf67a45a00ca6f50727f19ba22e4c255f2e01fdf31768e237,cdf6fc104c444614e310396a083d530fecb7e0965cf258bee6f8c9c86e77b990
stock_session,SLOW_TEMPORAL_CHANGE,cn.pair.e7207a69d4cd282512a099069fb7fb0e,cn.comp.00247515497bd71ffd32,cn.comp.00247515497bd71ffd32.control,PAIR_EVALUATED,,0.3764583,0.28220528,0.09425302000000002,0.02157186,0.00450795,0.01706391,0.02375768,0.01216012,0.01159756,1798950,1.0,stock_session,stock-disclosure or stock-session change episode,"CSRank(Mul(ZScore($fund_ba_accounts_payable_slope),ZScore($ctx_hfq_pb)))","CSRank(Add(ZScore($fund_ba_accounts_payable_slope),Mul(0,ZScore($ctx_hfq_pb))))",d7d31bdc92fac56aa8e2456d5bb7d36e4cd0bda655c0efda282fbf0fb4a3c285,c0999f22de8211acd7d52c49d34757bcb75bcc36f21634993b5a925b45214129,0dcf33a6923764b9c44990a5c25f14e32f61d0519815100b305cb8bd54982c7e
stock_session,SLOW_TEMPORAL_CHANGE,cn.pair.e7fcdabb3fa9ae71b0f78353434f7454,cn.comp.016110fbbf584c18f90e,cn.comp.016110fbbf584c18f90e.control,PAIR_EVALUATED,,0.54830225,0.53349282,0.014809430000000012,0.00058934,-0.00023136,0.0008207,0.04191367,0.02530549,0.01660818,1344245,1.0,stock_session,stock-disclosure or stock-session change episode,"CSRank(Mul(ZScore(Delta($fund_ba_total_assets_delta,5)),ZScore(Delta($fund_pr_parent_netprofit_source_yoy,5))))","CSRank(Add(Delta($fund_ba_total_assets_delta,5),Mul(0,Delta($fund_pr_parent_netprofit_source_yoy,5))))",3cdc995bae8d5f49359352f977cfe06a35a7968fbf44ae5acca34256225dc437,e2f76e05587ef46be8b0d8994e5f90f324913d40f7dd11390e6844de4e60867c,c38876cd12691c97b569c712d09c3bcbb2fa1fdb17b0e1a029f0c58c1a7f3f08
stock_session,SLOW_TEMPORAL_CHANGE,cn.pair.e9574a989bb7b1da685022d62ea5c878,cn.comp.015c8ecb22f6291de423,cn.comp.015c8ecb22f6291de423.control,PAIR_EVALUATED,,0.26544747,0.15160727,0.11384020000000003,-0.00038113,-0.00712971,0.00674858,0.02353358,0.01083336,0.012700219999999998,1767808,1.0,stock_session,stock-disclosure or stock-session change episode,"CSRank(Slope($fund_ca_construct_long_asset_yoy,5))","CSRank(Add(ZScore($fund_ca_construct_long_asset_yoy),Mul(0,Slope($fund_ca_construct_long_asset_yoy,5))))",e28dcdcadf85357ca9a83139be69cf432a665d7b009f67ae93e7d57881af24a6,dc6d39b023e0b8cfe228504cf5b3ce3ae42a5666b4fcaf8a2dc9c213f36af3c3,72c41f42924ca5914281504dd66890813395a1e548aa490eacc9a9ef244b590d
stock_session,SLOW_TEMPORAL_CHANGE,cn.pair.eb09e4e521b283996e4d7e2c1053561b,cn.comp.00a997dd0506f3fbc462,cn.comp.00a997dd0506f3fbc462.control,PAIR_EVALUATED,,0.09987783,0.33542816,-0.23555032999999997,0.00030417,0.00134204,-0.0010378700000000002,0.64885704,0.02604437,0.62281267,1077449,1.0,stock_session,stock-disclosure or stock-session change episode,"CSRank(Mul(ZScore(Delta($fund_ca_netcash_finance_persistence,10)),ZScore(Delta($ctx_rzrq_rzjme,10))))","CSRank(Add(Delta($fund_ca_netcash_finance_persistence,10),Mul(0,Delta($ctx_rzrq_rzjme,10))))",18688acca6a194a3af720aef157482b29a33a9f1cb24cdd49fe71098dc3e841a,66c6fef9c92a66e7b4aedfba63358078c6f9e8f4b9cc291a36946f415f4b9b50,1e46c6dbd50092fd065f0919eeca3f1bdd55e3c3e13440fa6d61e97cc6ed6b1d
stock_session,SLOW_TEMPORAL_CHANGE,cn.pair.edeeec05e06e0baad9a0d72e8891e74d,cn.comp.008bd017b8997944759b,cn.comp.008bd017b8997944759b.control,PAIR_EVALUATED,,0.376796,-0.29453547,0.67133147,0.01754767,-0.05229231,0.06983998,0.01291025,0.00932224,0.003588009999999999,1788809,1.0,stock_session,stock-disclosure or stock-session change episode,"CSRank(Mul(ZScore($chip_cost_p85),ZScore($fund_ba_total_current_assets_persistence)))","CSRank(Add(ZScore($chip_cost_p85),Mul(0,ZScore($fund_ba_total_current_assets_persistence))))",c7137415e78de8343eb6a6472dd638b6244b72d3cd83de00f0db5b98fe23a65e,7ec54b37e918a5e9d54735600210a83e536928aea0c5363e3817f80c89a3aa21,c8d092029ca91208357312ceae96869af953828aa3385783ac018112e388b7e9
stock_session,SLOW_TEMPORAL_CHANGE,cn.pair.efec2da71b322a1b1e38fa03f91921d2,cn.comp.014221fed3a3b3cc16aa,cn.comp.014221fed3a3b3cc16aa.control,PAIR_EVALUATED,,0.11086976,-0.21240602,0.32327578,-0.0169451,-0.05084494,0.03389984,0.43843385,0.32895468,0.10947917000000001,1500989,1.0,stock_session,stock-disclosure or stock-session change episode,"CSRank(Mul(ZScore(Delta($ctx_hfq_ps_ttm,5)),ZScore(Delta($fund_ca_netcash_finance_source_yoy,5))))","CSRank(Add(Delta($ctx_hfq_ps_ttm,5),Mul(0,Delta($fund_ca_netcash_finance_source_yoy,5))))",83a4907c85f8e641fc7955860cfa6bc0b62396fafff86e09c7487979affb8dbb,4024af6acc969d416dce2f09272a54c57f4aa4b55a84737c9dfe4598df13ddb3,0307529e4d7a514871eb54bdde4a591cdad7bc8aaef4aedbeb4e2f2fe1be9abd
stock_session,SLOW_TEMPORAL_CHANGE,cn.pair.f10b997a59f222480eb7838087642a27,cn.comp.0195dbffdf9e735cba26,cn.comp.0195dbffdf9e735cba26.control,PAIR_EVALUATED,,0.188985,0.23579674,-0.04681174000000002,-0.0023422,0.00106819,-0.00341039,0.00870211,0.0090522,-0.0003500899999999991,1753759,1.0,stock_session,stock-disclosure or stock-session change episode,"CSRank(Mul(ZScore($fund_ba_accounts_rece_persistence),ZScore($fund_ba_inventory_persistence)))","CSRank(Add(ZScore($fund_ba_accounts_rece_persistence),Mul(0,ZScore($fund_ba_inventory_persistence))))",65a1e4e97ce6a52b420d6e1ef3615791b89fa8e0375a7e88e226c2733a5d06de,6edc2a98026ac46f73b09d74c3c44cbe68f87397bc81e39b2208eab698c5ef70,e8ea5ccdcbd2382008c25343aa94cf8ab65cfd301bc11a3183834eaa6109c41e
stock_session,SLOW_TEMPORAL_CHANGE,cn.pair.f33d4efbbfd14842156938b89fde865a,cn.comp.01072d99489b9780c8d0,cn.comp.01072d99489b9780c8d0.control,PAIR_EVALUATED,,0.5276532,0.52900904,-0.001355839999999997,0.00123728,0.00102861,0.0002086700000000002,0.03906749,0.03243906,0.006628430000000005,1180234,1.0,stock_session,stock-disclosure or stock-session change episode,"CSRank(Mul(ZScore(Delta($fund_ba_total_current_liab_yoy,3)),ZScore(Delta($fund_ca_netcash_operate_source_yoy,3))))","CSRank(Add(Delta($fund_ba_total_current_liab_yoy,3),Mul(0,Delta($fund_ca_netcash_operate_source_yoy,3))))",71882b6a41f016f7f6ddc7bcb5864be260b2b5c9edeeb9e9db284179ebef4022,bbb555801feb351fc65fa99c8b611cd0b9c7923613e53db4e92e0310f5bae2e6,ddafd76313c3127f72c11c72e7ba3cb377f272dd9ec4a74f60a00a9b974bef4e
stock_session,SLOW_TEMPORAL_CHANGE,cn.pair.f5d9255ff48f3047b93bec4c2b042bf1,cn.comp.00656a1444dea7398096,cn.comp.00656a1444dea7398096.control,PAIR_EVALUATION_BLOCKED,primary_signal_empty_or_constant,-0.06965715,0.23225091,,,-0.00040106,,0.0030097,0.00969281,-0.006683109999999999,1784450,1.0,stock_session,stock-disclosure or stock-session change episode,"CSRank(Persistence(Positive($fund_ba_total_current_liab_persistence),2))","Add(ZScore($fund_ba_total_current_liab_persistence),Mul(0,Persistence(Positive($fund_ba_total_current_liab_persistence),2)))",4eba453d88239d259490c4a2b63557db17ec979b2b040e44db82374e6d61a3e9,ac051db6a7f254a1f719405df331f65d519641253c1037b309efba87d7f90e2e,f78b02b9ff00e6837845d3997752efd74ec48f42733f675a0a7bf0f6f1532095
stock_session,SLOW_TEMPORAL_CHANGE,cn.pair.f6b913fc30d93ea0945fceaa700e9994,cn.comp.01912292ad357eb3bb77,cn.comp.01912292ad357eb3bb77.control,PAIR_EVALUATED,,0.28776031,0.13299486,0.15476545000000003,0.0021736,-0.01053813,0.01271173,0.02552834,0.02198868,0.00353966,1791122,1.0,stock_session,stock-disclosure or stock-session change episode,"CSRank(Mul(ZScore($fund_ca_netcash_operate_acceleration),ZScore($fund_ba_total_equity_yoy)))","CSRank(Add(ZScore($fund_ca_netcash_operate_acceleration),Mul(0,ZScore($fund_ba_total_equity_yoy))))",89aec60cc09bc751b771e5217656ea9eb5dd29a5bf76b7e592d1e46735fe9742,98d1878a0bcd0b7dfaa2469611c95fbbb999e6d47749ceefeb439ad136f01716,9b98df6c727fa09f2e120e467360f8abefd483b824ff1a2c539516cbdc88bd7f
stock_session,SLOW_TEMPORAL_CHANGE,cn.pair.f6b973ba38c9a6699c0bb32e25af51cf,cn.comp.002a20a6e33d152a01c3,cn.comp.002a20a6e33d152a01c3.control,PAIR_EVALUATED,,0.25148259,0.10538186,0.14610073,-0.00513811,-0.01988844,0.014750329999999999,0.47735078,0.39223379,0.08511698999999995,1442005,1.0,stock_session,stock-disclosure or stock-session change episode,"CSRank(Mul(ZScore(Delta($ctx_hfq_pe_ttm,3)),ZScore(Delta($fund_ca_netcash_invest_yoy,3))))","CSRank(Add(Delta($ctx_hfq_pe_ttm,3),Mul(0,Delta($fund_ca_netcash_invest_yoy,3))))",6296d4af5d61fdb65fe45203e46c2df85f1296bf594b9a2cd6db6cb662678f33,33390d2c1bee92da6c0a6256cf5ffd48a3be7a1cbc7be7458d47fb85f7a7ee4d,8babb863908096112bd3cf6d46c7415483c12ecde1fe7acde8ec461658e80ec1
stock_session,SLOW_TEMPORAL_CHANGE,cn.pair.f6bf19f657426230fee9aa082c724786,cn.comp.00ed13dd20a8778ab155,cn.comp.00ed13dd20a8778ab155.control,PAIR_EVALUATED,,0.18794759,0.28344474,-0.09549714999999998,-0.00101256,0.00410015,-0.00511271,0.01908258,0.01974702,-0.0006644400000000023,1785773,1.0,stock_session,stock-disclosure or stock-session change episode,"CSRank(Mul(ZScore($fund_pr_operate_income_slope),ZScore($fund_ba_total_current_liab_persistence)))","CSRank(Add(ZScore($fund_pr_operate_income_slope),Mul(0,ZScore($fund_ba_total_current_liab_persistence))))",d0131ebeef95c62ea2033484c8d8f0d1cffb49bdfc9f6da2508bc431d0654906,9811cce0a326b90dda07e87e6d4dc9dc7905476264992064c181701edc94f8fe,48efac65ae2e930c5ad1d028a538612f57ed286dd3d5f8cb5fef45c05a30a51c
stock_session,SLOW_TEMPORAL_CHANGE,cn.pair.f8c81d2c2aa18d9bd0703981cfe07959,cn.comp.012f21f0b6eaad9e7b6f,cn.comp.012f21f0b6eaad9e7b6f.control,PAIR_EVALUATED,,0.32752439,0.18655748,0.14096691,0.00220732,-0.00279646,0.00500378,0.02175079,0.01958399,0.0021668,1785489,1.0,stock_session,stock-disclosure or stock-session change episode,"CSRank(Mul(ZScore($fund_pr_operate_profit_acceleration),ZScore($fund_ba_total_current_assets_persistence)))","CSRank(Add(ZScore($fund_pr_operate_profit_acceleration),Mul(0,ZScore($fund_ba_total_current_assets_persistence))))",5b390e18f90b24c8807bffe77c076f8b2ac804932be473522dcce39c462cbf26,1e94c0cd324d8880ffa6a775f258a44ca42f916e9d873939297fc2cc721026f2,db832f2f7d3a0698867da0fa986017540b1520a4a17c4662e7cd34b3ddaa1e5d
stock_session,SLOW_TEMPORAL_CHANGE,cn.pair.f92bbd2e573c696e90400506642bc3de,cn.comp.0153680b1d5a154523fc,cn.comp.0153680b1d5a154523fc.control,PAIR_EVALUATED,,0.40374784,0.41317184,-0.009423999999999988,-0.00109556,-2.01e-06,-0.00109355,0.03196489,0.02756711,0.004397780000000004,1588414,1.0,stock_session,stock-disclosure or stock-session change episode,"CSRank(Mul(ZScore(Delta($fund_ba_fixed_asset_yoy,10)),ZScore(Delta($fund_ba_accounts_payable_slope,10))))","CSRank(Add(Delta($fund_ba_fixed_asset_yoy,10),Mul(0,Delta($fund_ba_accounts_payable_slope,10))))",48475f23c99a07265efe26d7328fd521568566b5a759d05f7162a342588e284a,4c4c62f5ca6a237af791f7cd97da4b1805b03b7c173160c1517785a82558ea84,b6bfb8f1c6a7ad6d15bb130052eece4c3297f8fed28047f47f0ec6c15836e911
stock_session,SLOW_TEMPORAL_CHANGE,cn.pair.fa0cf7dacb0ebe5012a81934d3c6cf3c,cn.comp.014f0cf686468443707b,cn.comp.014f0cf686468443707b.control,PAIR_EVALUATED,,0.19122187,0.29901345,-0.10779158000000003,0.00051097,0.005248,-0.00473703,0.48334805,0.01772674,0.46562130999999995,1732444,1.0,stock_session,stock-disclosure or stock-session change episode,"CSRank(Mul(ZScore($fund_ca_netcash_finance_acceleration),ZScore($ctx_hfq_volume_ratio)))","CSRank(Add(ZScore($fund_ca_netcash_finance_acceleration),Mul(0,ZScore($ctx_hfq_volume_ratio))))",5f556b9e091256635385dcc28275184f121e8d06b03a3f7cc1588612960dd8ef,d4a8d005974626f0b8b10a9be2bbd122e0c8b27f8304b32c0be83bf17b1f0799,f6beb70d8fa4fc9597349450c62acf00fa3905ce4de0a15d06f81ff2e5b5e71e
stock_session,SLOW_TEMPORAL_CHANGE,cn.pair.fa362bf75de8e81495da94bba4883f53,cn.comp.0086cc57348b54e353f9,cn.comp.0086cc57348b54e353f9.control,PAIR_EVALUATED,,0.05478743,0.1684268,-0.11363936999999999,-0.01181455,-0.00233842,-0.00947613,0.01928324,0.01089606,0.00838718,1754937,1.0,stock_session,stock-disclosure or stock-session change episode,"CSRank(Mul(ZScore($fund_pr_deduct_parent_netprofit_yoy),ZScore($fund_pr_operate_cost_slope)))","CSRank(Add(ZScore($fund_pr_deduct_parent_netprofit_yoy),Mul(0,ZScore($fund_pr_operate_cost_slope))))",544be4f0f1512a7850eb69bd0693bd9189939dde18d569571cc72af80ccdbf19,e23108a1392078be25fcc14774618ac729f98975f39d6cdcc6eccbec0d8a5fe4,84ed54a13cbb0bc642300ea5d40345e58dee6270e727858288855a99e3f823ee
stock_session,SLOW_TEMPORAL_CHANGE,cn.pair.fc539faeb3b0b9f3aa2c2c9e92e88de3,cn.comp.004d624b58216ab9a6d6,cn.comp.004d624b58216ab9a6d6.control,PAIR_EVALUATED,,0.39146156,0.37275064,0.018710919999999964,0.00011985,-0.00150646,0.00162631,0.024575,0.02267031,0.0019046900000000005,1579259,1.0,stock_session,stock-disclosure or stock-session change episode,"CSRank(Mul(ZScore(Delta($fund_ba_fixed_asset_delta,10)),ZScore(Delta($fund_ba_inventory_delta,10))))","CSRank(Add(Delta($fund_ba_fixed_asset_delta,10),Mul(0,Delta($fund_ba_inventory_delta,10))))",71bc12eb381ea42f787cb24d06bf1ecb93f9aa5d851df6b0c3e7a3e164c0608a,4a2cd377939f94958a790adf6c033486d098e893b3d0a7fb0fdb57b836cf1384,22554fadf0eb1a8fa5f53371f3d475fb55728b70769813b12b74020f46532389
stock_session,SLOW_TEMPORAL_CHANGE,cn.pair.fc8a0cade70b9e461d2572f1aced8971,cn.comp.00547b143e057f75cdd8,cn.comp.00547b143e057f75cdd8.control,PAIR_EVALUATED,,0.51164967,0.52397183,-0.012322160000000082,0.00169405,0.00271664,-0.0010225900000000003,0.03692975,0.03096963,0.005960119999999996,1334724,1.0,stock_session,stock-disclosure or stock-session change episode,"CSRank(Mul(ZScore(Delta($fund_ba_monetaryfunds_source_yoy,5)),ZScore(Delta($fund_pr_operate_cost_slope,5))))","CSRank(Add(Delta($fund_ba_monetaryfunds_source_yoy,5),Mul(0,Delta($fund_pr_operate_cost_slope,5))))",a8b277dbb4c9c52705ea9c290c2eb0392cf6c5645e65b2ef86b5feebd781d549,f722988f4aafd72814cbaca7a175c450ad958aeefaffc858eedd59b587ddb4e8,c2c3c69fee3fe2e811ea8896916c75f7ff1fc99a6541dd59f9fd8fa75b4d979f
stock_session,SLOW_TEMPORAL_CHANGE,cn.pair.fd316f2bc7096ed5ee7814b13b1a2297,cn.comp.01a34fac5cd1a0d50968,cn.comp.01a34fac5cd1a0d50968.control,PAIR_EVALUATED,,0.49859786,0.49327245,0.00532541000000003,0.00108688,0.0001955,0.0008913799999999999,0.03561609,0.03067462,0.004941470000000003,1321012,1.0,stock_session,stock-disclosure or stock-session change episode,"CSRank(Mul(ZScore(Delta($fund_ba_total_current_liab_source_yoy,5)),ZScore(Delta($fund_ca_construct_long_asset_yoy,5))))","CSRank(Add(Delta($fund_ba_total_current_liab_source_yoy,5),Mul(0,Delta($fund_ca_construct_long_asset_yoy,5))))",2150680ecff85950e7196f580d6d1d9aa6746dd3b6eb15e172c00cd955fd62df,4199a699f0afdd233e54e0ef8b262e6c1d5984a658d9cf82dfb60c11805727b7,b79b29c3b76842cadecc1d6197d9221e6cfc760e00e4306b10f4827909aafd78
stock_session,SLOW_TEMPORAL_CHANGE,cn.pair.fd92713bb9c2e6fec4594308ad494662,cn.comp.00bc6f9643612532e207,cn.comp.00bc6f9643612532e207.control,PAIR_EVALUATED,,0.25623695,0.25427842,0.001958530000000014,0.00042324,-0.00038977,0.0008130100000000001,0.00872613,0.00975039,-0.001024259999999999,1774490,1.0,stock_session,stock-disclosure or stock-session change episode,"CSRank(Delta($fund_ba_total_current_liab_persistence,3))","CSRank(Add(ZScore($fund_ba_total_current_liab_persistence),Mul(0,Delta($fund_ba_total_current_liab_persistence,3))))",443e305c18c4ffbcfc2bf62b234de59a9d6cdccb7886efca60c20860acfda796,38bc5b84bbc9d967a497f81d91a8f8f7f4e39b13661d02ee09b9f02a37b10dc4,a159d9be592113c4f482e04cd37ec25f229609dcae3e0d133f817c324943258c
stock_session,SLOW_TEMPORAL_CHANGE,cn.pair.fe81b4c7c244f45da202007e9ad6fc18,cn.comp.0018931a84908e93f5fc,cn.comp.0018931a84908e93f5fc.control,PAIR_EVALUATED,,0.42319943,0.40559662,0.01760280999999997,0.00148668,0.00035967,0.00112701,0.03762511,0.02375948,0.013865630000000004,1518343,1.0,stock_session,stock-disclosure or stock-session change episode,"CSRank(Mul(ZScore(Delta($fund_ba_total_current_liab_delta,10)),ZScore(Delta($fund_ba_inventory_source_yoy,10))))","CSRank(Add(Delta($fund_ba_total_current_liab_delta,10),Mul(0,Delta($fund_ba_inventory_source_yoy,10))))",300ed6b37d3f1e2abac9d278f9bde3ece89e795f5ab4c1e8edfae34c32384216,a8572c1278bd69153d8906884c2d1868769840113aa921ae4c7d1b338d07b294,9dd072249f3d9f0adeb930368b871a102951970aee65a6098e2d956a597746e7
stock_session,SLOW_TEMPORAL_CHANGE,cn.pair.fffb10c926b927d81dcf73b407a5fda6,cn.comp.012d879a3bce26d4df79,cn.comp.012d879a3bce26d4df79.control,PAIR_EVALUATED,,0.18956113,0.18345216,0.006108969999999991,-0.00020012,-0.00237898,0.0021788600000000003,0.01468125,0.01164889,0.0030323599999999996,1725022,1.0,stock_session,stock-disclosure or stock-session change episode,"CSRank(Mul(ZScore($fund_ca_netcash_finance_yoy),ZScore($fund_ba_monetaryfunds_slope)))","CSRank(Add(ZScore($fund_ca_netcash_finance_yoy),Mul(0,ZScore($fund_ba_monetaryfunds_slope))))",c8010d580fa6f60f763150d5ccd0f81df691909dfa448bd8fc2a7de2c2fa9cea,a8d64f89353d22482d76c92af0423a2d3cfed76724ac760fe9dc88b8c59e564b,b28620e71fa128a0cdf5fe362e145ef4c91cfaea990bda2444ff5660799f5ffd
