source_field,source_table,semantic_role,observable_time,current_121_presence,current_121_field,current_generator_exposure,recommended_route,blocker
ACCEPT_DEPOSIT,balance_sheet_report_em,FUNDAMENTAL_LEVEL|FUNDAMENTAL_CHANGE|DISCLOSURE_EVENT,NEXT_SESSION_AFTER_MAX_NOTICE_UPDATE,ABSENT,,False,fundamental.statement,NO_FORMAL_SEARCH_IN_THIS_TASK; SOURCE_UNIT_GLOSSARY_NOT_ASSERTED
ACCEPT_DEPOSIT_INTERBANK,balance_sheet_report_em,FUNDAMENTAL_LEVEL|FUNDAMENTAL_CHANGE|DISCLOSURE_EVENT,NEXT_SESSION_AFTER_MAX_NOTICE_UPDATE,ABSENT,,False,fundamental.statement,NO_FORMAL_SEARCH_IN_THIS_TASK; SOURCE_UNIT_GLOSSARY_NOT_ASSERTED
ACCEPT_DEPOSIT_INTERBANK_YOY,balance_sheet_report_em,FUNDAMENTAL_CHANGE|DISCLOSURE_EVENT,NEXT_SESSION_AFTER_MAX_NOTICE_UPDATE,ABSENT,,False,fundamental.change.source_reported_yoy,NO_FORMAL_SEARCH_IN_THIS_TASK; SOURCE_UNIT_GLOSSARY_NOT_ASSERTED
ACCEPT_DEPOSIT_YOY,balance_sheet_report_em,FUNDAMENTAL_CHANGE|DISCLOSURE_EVENT,NEXT_SESSION_AFTER_MAX_NOTICE_UPDATE,ABSENT,,False,fundamental.change.source_reported_yoy,NO_FORMAL_SEARCH_IN_THIS_TASK; SOURCE_UNIT_GLOSSARY_NOT_ASSERTED
ACCOUNTS_PAYABLE,balance_sheet_report_em,FUNDAMENTAL_LEVEL|FUNDAMENTAL_CHANGE|DISCLOSURE_EVENT,NEXT_SESSION_AFTER_MAX_NOTICE_UPDATE,ABSENT,,False,fundamental.statement,NO_FORMAL_SEARCH_IN_THIS_TASK; SOURCE_UNIT_GLOSSARY_NOT_ASSERTED
ACCOUNTS_PAYABLE_YOY,balance_sheet_report_em,FUNDAMENTAL_CHANGE|DISCLOSURE_EVENT,NEXT_SESSION_AFTER_MAX_NOTICE_UPDATE,ABSENT,,False,fundamental.change.source_reported_yoy,NO_FORMAL_SEARCH_IN_THIS_TASK; SOURCE_UNIT_GLOSSARY_NOT_ASSERTED
ACCOUNTS_RECE,balance_sheet_report_em,FUNDAMENTAL_LEVEL|FUNDAMENTAL_CHANGE|DISCLOSURE_EVENT,NEXT_SESSION_AFTER_MAX_NOTICE_UPDATE,ABSENT,,False,fundamental.statement,NO_FORMAL_SEARCH_IN_THIS_TASK; SOURCE_UNIT_GLOSSARY_NOT_ASSERTED
ACCOUNTS_RECE_YOY,balance_sheet_report_em,FUNDAMENTAL_CHANGE|DISCLOSURE_EVENT,NEXT_SESSION_AFTER_MAX_NOTICE_UPDATE,ABSENT,,False,fundamental.change.source_reported_yoy,NO_FORMAL_SEARCH_IN_THIS_TASK; SOURCE_UNIT_GLOSSARY_NOT_ASSERTED
ACCRUED_EXPENSE,balance_sheet_report_em,FUNDAMENTAL_LEVEL|FUNDAMENTAL_CHANGE|DISCLOSURE_EVENT,NEXT_SESSION_AFTER_MAX_NOTICE_UPDATE,ABSENT,,False,fundamental.statement,NO_FORMAL_SEARCH_IN_THIS_TASK; SOURCE_UNIT_GLOSSARY_NOT_ASSERTED
ACCRUED_EXPENSE_YOY,balance_sheet_report_em,FUNDAMENTAL_CHANGE|DISCLOSURE_EVENT,NEXT_SESSION_AFTER_MAX_NOTICE_UPDATE,ABSENT,,False,fundamental.change.source_reported_yoy,NO_FORMAL_SEARCH_IN_THIS_TASK; SOURCE_UNIT_GLOSSARY_NOT_ASSERTED
ADVANCE_PREMIUM,balance_sheet_report_em,FUNDAMENTAL_LEVEL|FUNDAMENTAL_CHANGE|DISCLOSURE_EVENT,NEXT_SESSION_AFTER_MAX_NOTICE_UPDATE,ABSENT,,False,fundamental.statement,NO_FORMAL_SEARCH_IN_THIS_TASK; SOURCE_UNIT_GLOSSARY_NOT_ASSERTED
ADVANCE_PREMIUM_YOY,balance_sheet_report_em,FUNDAMENTAL_CHANGE|DISCLOSURE_EVENT,NEXT_SESSION_AFTER_MAX_NOTICE_UPDATE,ABSENT,,False,fundamental.change.source_reported_yoy,NO_FORMAL_SEARCH_IN_THIS_TASK; SOURCE_UNIT_GLOSSARY_NOT_ASSERTED
ADVANCE_RECE,balance_sheet_report_em,FUNDAMENTAL_LEVEL|FUNDAMENTAL_CHANGE|DISCLOSURE_EVENT,NEXT_SESSION_AFTER_MAX_NOTICE_UPDATE,ABSENT,,False,fundamental.statement,NO_FORMAL_SEARCH_IN_THIS_TASK; SOURCE_UNIT_GLOSSARY_NOT_ASSERTED
ADVANCE_RECEIVABLES,balance_sheet_report_em,FUNDAMENTAL_LEVEL|FUNDAMENTAL_CHANGE|DISCLOSURE_EVENT,NEXT_SESSION_AFTER_MAX_NOTICE_UPDATE,ABSENT,,False,fundamental.statement,NO_FORMAL_SEARCH_IN_THIS_TASK; SOURCE_UNIT_GLOSSARY_NOT_ASSERTED
ADVANCE_RECEIVABLES_YOY,balance_sheet_report_em,FUNDAMENTAL_CHANGE|DISCLOSURE_EVENT,NEXT_SESSION_AFTER_MAX_NOTICE_UPDATE,ABSENT,,False,fundamental.change.source_reported_yoy,NO_FORMAL_SEARCH_IN_THIS_TASK; SOURCE_UNIT_GLOSSARY_NOT_ASSERTED
ADVANCE_RECE_YOY,balance_sheet_report_em,FUNDAMENTAL_CHANGE|DISCLOSURE_EVENT,NEXT_SESSION_AFTER_MAX_NOTICE_UPDATE,ABSENT,,False,fundamental.change.source_reported_yoy,NO_FORMAL_SEARCH_IN_THIS_TASK; SOURCE_UNIT_GLOSSARY_NOT_ASSERTED
ADVICE_ASSIGN_DIVIDEND,balance_sheet_report_em,FUNDAMENTAL_LEVEL|FUNDAMENTAL_CHANGE|DISCLOSURE_EVENT,NEXT_SESSION_AFTER_MAX_NOTICE_UPDATE,ABSENT,,False,fundamental.statement,NO_FORMAL_SEARCH_IN_THIS_TASK; SOURCE_UNIT_GLOSSARY_NOT_ASSERTED
ADVICE_ASSIGN_DIVIDEND_YOY,balance_sheet_report_em,FUNDAMENTAL_CHANGE|DISCLOSURE_EVENT,NEXT_SESSION_AFTER_MAX_NOTICE_UPDATE,ABSENT,,False,fundamental.change.source_reported_yoy,NO_FORMAL_SEARCH_IN_THIS_TASK; SOURCE_UNIT_GLOSSARY_NOT_ASSERTED
AGENT_BUSINESS_ASSET,balance_sheet_report_em,FUNDAMENTAL_LEVEL|FUNDAMENTAL_CHANGE|DISCLOSURE_EVENT,NEXT_SESSION_AFTER_MAX_NOTICE_UPDATE,ABSENT,,False,fundamental.statement,NO_FORMAL_SEARCH_IN_THIS_TASK; SOURCE_UNIT_GLOSSARY_NOT_ASSERTED
AGENT_BUSINESS_ASSET_YOY,balance_sheet_report_em,FUNDAMENTAL_CHANGE|DISCLOSURE_EVENT,NEXT_SESSION_AFTER_MAX_NOTICE_UPDATE,ABSENT,,False,fundamental.change.source_reported_yoy,NO_FORMAL_SEARCH_IN_THIS_TASK; SOURCE_UNIT_GLOSSARY_NOT_ASSERTED
AGENT_BUSINESS_LIAB,balance_sheet_report_em,FUNDAMENTAL_LEVEL|FUNDAMENTAL_CHANGE|DISCLOSURE_EVENT,NEXT_SESSION_AFTER_MAX_NOTICE_UPDATE,ABSENT,,False,fundamental.statement,NO_FORMAL_SEARCH_IN_THIS_TASK; SOURCE_UNIT_GLOSSARY_NOT_ASSERTED
AGENT_BUSINESS_LIAB_YOY,balance_sheet_report_em,FUNDAMENTAL_CHANGE|DISCLOSURE_EVENT,NEXT_SESSION_AFTER_MAX_NOTICE_UPDATE,ABSENT,,False,fundamental.change.source_reported_yoy,NO_FORMAL_SEARCH_IN_THIS_TASK; SOURCE_UNIT_GLOSSARY_NOT_ASSERTED
AGENT_TRADE_SECURITY,balance_sheet_report_em,FUNDAMENTAL_LEVEL|FUNDAMENTAL_CHANGE|DISCLOSURE_EVENT,NEXT_SESSION_AFTER_MAX_NOTICE_UPDATE,ABSENT,,False,fundamental.statement,NO_FORMAL_SEARCH_IN_THIS_TASK; SOURCE_UNIT_GLOSSARY_NOT_ASSERTED
AGENT_TRADE_SECURITY_YOY,balance_sheet_report_em,FUNDAMENTAL_CHANGE|DISCLOSURE_EVENT,NEXT_SESSION_AFTER_MAX_NOTICE_UPDATE,ABSENT,,False,fundamental.change.source_reported_yoy,NO_FORMAL_SEARCH_IN_THIS_TASK; SOURCE_UNIT_GLOSSARY_NOT_ASSERTED
AGENT_UNDERWRITE_SECURITY,balance_sheet_report_em,FUNDAMENTAL_LEVEL|FUNDAMENTAL_CHANGE|DISCLOSURE_EVENT,NEXT_SESSION_AFTER_MAX_NOTICE_UPDATE,ABSENT,,False,fundamental.statement,NO_FORMAL_SEARCH_IN_THIS_TASK; SOURCE_UNIT_GLOSSARY_NOT_ASSERTED
AGENT_UNDERWRITE_SECURITY_YOY,balance_sheet_report_em,FUNDAMENTAL_CHANGE|DISCLOSURE_EVENT,NEXT_SESSION_AFTER_MAX_NOTICE_UPDATE,ABSENT,,False,fundamental.change.source_reported_yoy,NO_FORMAL_SEARCH_IN_THIS_TASK; SOURCE_UNIT_GLOSSARY_NOT_ASSERTED
AMORTIZE_COST_FINASSET,balance_sheet_report_em,FUNDAMENTAL_LEVEL|FUNDAMENTAL_CHANGE|DISCLOSURE_EVENT,NEXT_SESSION_AFTER_MAX_NOTICE_UPDATE,ABSENT,,False,fundamental.statement,NO_FORMAL_SEARCH_IN_THIS_TASK; SOURCE_UNIT_GLOSSARY_NOT_ASSERTED
AMORTIZE_COST_FINASSET_YOY,balance_sheet_report_em,FUNDAMENTAL_CHANGE|DISCLOSURE_EVENT,NEXT_SESSION_AFTER_MAX_NOTICE_UPDATE,ABSENT,,False,fundamental.change.source_reported_yoy,NO_FORMAL_SEARCH_IN_THIS_TASK; SOURCE_UNIT_GLOSSARY_NOT_ASSERTED
AMORTIZE_COST_FINLIAB,balance_sheet_report_em,FUNDAMENTAL_LEVEL|FUNDAMENTAL_CHANGE|DISCLOSURE_EVENT,NEXT_SESSION_AFTER_MAX_NOTICE_UPDATE,ABSENT,,False,fundamental.statement,NO_FORMAL_SEARCH_IN_THIS_TASK; SOURCE_UNIT_GLOSSARY_NOT_ASSERTED
AMORTIZE_COST_FINLIAB_YOY,balance_sheet_report_em,FUNDAMENTAL_CHANGE|DISCLOSURE_EVENT,NEXT_SESSION_AFTER_MAX_NOTICE_UPDATE,ABSENT,,False,fundamental.change.source_reported_yoy,NO_FORMAL_SEARCH_IN_THIS_TASK; SOURCE_UNIT_GLOSSARY_NOT_ASSERTED
AMORTIZE_COST_NCFINASSET,balance_sheet_report_em,FUNDAMENTAL_LEVEL|FUNDAMENTAL_CHANGE|DISCLOSURE_EVENT,NEXT_SESSION_AFTER_MAX_NOTICE_UPDATE,ABSENT,,False,fundamental.statement,NO_FORMAL_SEARCH_IN_THIS_TASK; SOURCE_UNIT_GLOSSARY_NOT_ASSERTED
AMORTIZE_COST_NCFINASSET_YOY,balance_sheet_report_em,FUNDAMENTAL_CHANGE|DISCLOSURE_EVENT,NEXT_SESSION_AFTER_MAX_NOTICE_UPDATE,ABSENT,,False,fundamental.change.source_reported_yoy,NO_FORMAL_SEARCH_IN_THIS_TASK; SOURCE_UNIT_GLOSSARY_NOT_ASSERTED
AMORTIZE_COST_NCFINLIAB,balance_sheet_report_em,FUNDAMENTAL_LEVEL|FUNDAMENTAL_CHANGE|DISCLOSURE_EVENT,NEXT_SESSION_AFTER_MAX_NOTICE_UPDATE,ABSENT,,False,fundamental.statement,NO_FORMAL_SEARCH_IN_THIS_TASK; SOURCE_UNIT_GLOSSARY_NOT_ASSERTED
AMORTIZE_COST_NCFINLIAB_YOY,balance_sheet_report_em,FUNDAMENTAL_CHANGE|DISCLOSURE_EVENT,NEXT_SESSION_AFTER_MAX_NOTICE_UPDATE,ABSENT,,False,fundamental.change.source_reported_yoy,NO_FORMAL_SEARCH_IN_THIS_TASK; SOURCE_UNIT_GLOSSARY_NOT_ASSERTED
APPOINT_FVTPL_FINASSET,balance_sheet_report_em,FUNDAMENTAL_LEVEL|FUNDAMENTAL_CHANGE|DISCLOSURE_EVENT,NEXT_SESSION_AFTER_MAX_NOTICE_UPDATE,ABSENT,,False,fundamental.statement,NO_FORMAL_SEARCH_IN_THIS_TASK; SOURCE_UNIT_GLOSSARY_NOT_ASSERTED
APPOINT_FVTPL_FINASSET_YOY,balance_sheet_report_em,FUNDAMENTAL_CHANGE|DISCLOSURE_EVENT,NEXT_SESSION_AFTER_MAX_NOTICE_UPDATE,ABSENT,,False,fundamental.change.source_reported_yoy,NO_FORMAL_SEARCH_IN_THIS_TASK; SOURCE_UNIT_GLOSSARY_NOT_ASSERTED
APPOINT_FVTPL_FINLIAB,balance_sheet_report_em,FUNDAMENTAL_LEVEL|FUNDAMENTAL_CHANGE|DISCLOSURE_EVENT,NEXT_SESSION_AFTER_MAX_NOTICE_UPDATE,ABSENT,,False,fundamental.statement,NO_FORMAL_SEARCH_IN_THIS_TASK; SOURCE_UNIT_GLOSSARY_NOT_ASSERTED
APPOINT_FVTPL_FINLIAB_YOY,balance_sheet_report_em,FUNDAMENTAL_CHANGE|DISCLOSURE_EVENT,NEXT_SESSION_AFTER_MAX_NOTICE_UPDATE,ABSENT,,False,fundamental.change.source_reported_yoy,NO_FORMAL_SEARCH_IN_THIS_TASK; SOURCE_UNIT_GLOSSARY_NOT_ASSERTED
ASSET_BALANCE,balance_sheet_report_em,FUNDAMENTAL_LEVEL|FUNDAMENTAL_CHANGE|DISCLOSURE_EVENT,NEXT_SESSION_AFTER_MAX_NOTICE_UPDATE,ABSENT,,False,fundamental.statement,NO_FORMAL_SEARCH_IN_THIS_TASK; SOURCE_UNIT_GLOSSARY_NOT_ASSERTED
ASSET_BALANCE_YOY,balance_sheet_report_em,FUNDAMENTAL_CHANGE|DISCLOSURE_EVENT,NEXT_SESSION_AFTER_MAX_NOTICE_UPDATE,ABSENT,,False,fundamental.change.source_reported_yoy,NO_FORMAL_SEARCH_IN_THIS_TASK; SOURCE_UNIT_GLOSSARY_NOT_ASSERTED
ASSET_OTHER,balance_sheet_report_em,FUNDAMENTAL_LEVEL|FUNDAMENTAL_CHANGE|DISCLOSURE_EVENT,NEXT_SESSION_AFTER_MAX_NOTICE_UPDATE,ABSENT,,False,fundamental.statement,NO_FORMAL_SEARCH_IN_THIS_TASK; SOURCE_UNIT_GLOSSARY_NOT_ASSERTED
ASSET_OTHER_YOY,balance_sheet_report_em,FUNDAMENTAL_CHANGE|DISCLOSURE_EVENT,NEXT_SESSION_AFTER_MAX_NOTICE_UPDATE,ABSENT,,False,fundamental.change.source_reported_yoy,NO_FORMAL_SEARCH_IN_THIS_TASK; SOURCE_UNIT_GLOSSARY_NOT_ASSERTED
ASSIGN_CASH_DIVIDEND,balance_sheet_report_em,FUNDAMENTAL_LEVEL|FUNDAMENTAL_CHANGE|DISCLOSURE_EVENT,NEXT_SESSION_AFTER_MAX_NOTICE_UPDATE,ABSENT,,False,fundamental.statement,NO_FORMAL_SEARCH_IN_THIS_TASK; SOURCE_UNIT_GLOSSARY_NOT_ASSERTED
ASSIGN_CASH_DIVIDEND_YOY,balance_sheet_report_em,FUNDAMENTAL_CHANGE|DISCLOSURE_EVENT,NEXT_SESSION_AFTER_MAX_NOTICE_UPDATE,ABSENT,,False,fundamental.change.source_reported_yoy,NO_FORMAL_SEARCH_IN_THIS_TASK; SOURCE_UNIT_GLOSSARY_NOT_ASSERTED
AVAILABLE_SALE_FINASSET,balance_sheet_report_em,FUNDAMENTAL_LEVEL|FUNDAMENTAL_CHANGE|DISCLOSURE_EVENT,NEXT_SESSION_AFTER_MAX_NOTICE_UPDATE,ABSENT,,False,fundamental.statement,NO_FORMAL_SEARCH_IN_THIS_TASK; SOURCE_UNIT_GLOSSARY_NOT_ASSERTED
AVAILABLE_SALE_FINASSET_YOY,balance_sheet_report_em,FUNDAMENTAL_CHANGE|DISCLOSURE_EVENT,NEXT_SESSION_AFTER_MAX_NOTICE_UPDATE,ABSENT,,False,fundamental.change.source_reported_yoy,NO_FORMAL_SEARCH_IN_THIS_TASK; SOURCE_UNIT_GLOSSARY_NOT_ASSERTED
BOND_PAYABLE,balance_sheet_report_em,FUNDAMENTAL_LEVEL|FUNDAMENTAL_CHANGE|DISCLOSURE_EVENT,NEXT_SESSION_AFTER_MAX_NOTICE_UPDATE,ABSENT,,False,fundamental.statement,NO_FORMAL_SEARCH_IN_THIS_TASK; SOURCE_UNIT_GLOSSARY_NOT_ASSERTED
BOND_PAYABLE_YOY,balance_sheet_report_em,FUNDAMENTAL_CHANGE|DISCLOSURE_EVENT,NEXT_SESSION_AFTER_MAX_NOTICE_UPDATE,ABSENT,,False,fundamental.change.source_reported_yoy,NO_FORMAL_SEARCH_IN_THIS_TASK; SOURCE_UNIT_GLOSSARY_NOT_ASSERTED
BORROW_FUND,balance_sheet_report_em,FUNDAMENTAL_LEVEL|FUNDAMENTAL_CHANGE|DISCLOSURE_EVENT,NEXT_SESSION_AFTER_MAX_NOTICE_UPDATE,ABSENT,,False,fundamental.statement,NO_FORMAL_SEARCH_IN_THIS_TASK; SOURCE_UNIT_GLOSSARY_NOT_ASSERTED
BORROW_FUND_YOY,balance_sheet_report_em,FUNDAMENTAL_CHANGE|DISCLOSURE_EVENT,NEXT_SESSION_AFTER_MAX_NOTICE_UPDATE,ABSENT,,False,fundamental.change.source_reported_yoy,NO_FORMAL_SEARCH_IN_THIS_TASK; SOURCE_UNIT_GLOSSARY_NOT_ASSERTED
BUY_RESALE_FINASSET,balance_sheet_report_em,FUNDAMENTAL_LEVEL|FUNDAMENTAL_CHANGE|DISCLOSURE_EVENT,NEXT_SESSION_AFTER_MAX_NOTICE_UPDATE,ABSENT,,False,fundamental.statement,NO_FORMAL_SEARCH_IN_THIS_TASK; SOURCE_UNIT_GLOSSARY_NOT_ASSERTED
BUY_RESALE_FINASSET_YOY,balance_sheet_report_em,FUNDAMENTAL_CHANGE|DISCLOSURE_EVENT,NEXT_SESSION_AFTER_MAX_NOTICE_UPDATE,ABSENT,,False,fundamental.change.source_reported_yoy,NO_FORMAL_SEARCH_IN_THIS_TASK; SOURCE_UNIT_GLOSSARY_NOT_ASSERTED
CAPITAL_RESERVE,balance_sheet_report_em,FUNDAMENTAL_LEVEL|FUNDAMENTAL_CHANGE|DISCLOSURE_EVENT,NEXT_SESSION_AFTER_MAX_NOTICE_UPDATE,ABSENT,,False,fundamental.statement,NO_FORMAL_SEARCH_IN_THIS_TASK; SOURCE_UNIT_GLOSSARY_NOT_ASSERTED
CAPITAL_RESERVE_YOY,balance_sheet_report_em,FUNDAMENTAL_CHANGE|DISCLOSURE_EVENT,NEXT_SESSION_AFTER_MAX_NOTICE_UPDATE,ABSENT,,False,fundamental.change.source_reported_yoy,NO_FORMAL_SEARCH_IN_THIS_TASK; SOURCE_UNIT_GLOSSARY_NOT_ASSERTED
CASH_DEPOSIT_PBC,balance_sheet_report_em,FUNDAMENTAL_LEVEL|FUNDAMENTAL_CHANGE|DISCLOSURE_EVENT,NEXT_SESSION_AFTER_MAX_NOTICE_UPDATE,ABSENT,,False,fundamental.statement,NO_FORMAL_SEARCH_IN_THIS_TASK; SOURCE_UNIT_GLOSSARY_NOT_ASSERTED
CASH_DEPOSIT_PBC_YOY,balance_sheet_report_em,FUNDAMENTAL_CHANGE|DISCLOSURE_EVENT,NEXT_SESSION_AFTER_MAX_NOTICE_UPDATE,ABSENT,,False,fundamental.change.source_reported_yoy,NO_FORMAL_SEARCH_IN_THIS_TASK; SOURCE_UNIT_GLOSSARY_NOT_ASSERTED
CD_NOTE_PAYABLE,balance_sheet_report_em,FUNDAMENTAL_LEVEL|FUNDAMENTAL_CHANGE|DISCLOSURE_EVENT,NEXT_SESSION_AFTER_MAX_NOTICE_UPDATE,ABSENT,,False,fundamental.statement,NO_FORMAL_SEARCH_IN_THIS_TASK; SOURCE_UNIT_GLOSSARY_NOT_ASSERTED
CD_NOTE_PAYABLE_YOY,balance_sheet_report_em,FUNDAMENTAL_CHANGE|DISCLOSURE_EVENT,NEXT_SESSION_AFTER_MAX_NOTICE_UPDATE,ABSENT,,False,fundamental.change.source_reported_yoy,NO_FORMAL_SEARCH_IN_THIS_TASK; SOURCE_UNIT_GLOSSARY_NOT_ASSERTED
CIP,balance_sheet_report_em,FUNDAMENTAL_LEVEL|FUNDAMENTAL_CHANGE|DISCLOSURE_EVENT,NEXT_SESSION_AFTER_MAX_NOTICE_UPDATE,ABSENT,,False,fundamental.statement,NO_FORMAL_SEARCH_IN_THIS_TASK; SOURCE_UNIT_GLOSSARY_NOT_ASSERTED
CIP_YOY,balance_sheet_report_em,FUNDAMENTAL_CHANGE|DISCLOSURE_EVENT,NEXT_SESSION_AFTER_MAX_NOTICE_UPDATE,ABSENT,,False,fundamental.change.source_reported_yoy,NO_FORMAL_SEARCH_IN_THIS_TASK; SOURCE_UNIT_GLOSSARY_NOT_ASSERTED
COMPENSATE_PAYABLE,balance_sheet_report_em,FUNDAMENTAL_LEVEL|FUNDAMENTAL_CHANGE|DISCLOSURE_EVENT,NEXT_SESSION_AFTER_MAX_NOTICE_UPDATE,ABSENT,,False,fundamental.statement,NO_FORMAL_SEARCH_IN_THIS_TASK; SOURCE_UNIT_GLOSSARY_NOT_ASSERTED
COMPENSATE_PAYABLE_YOY,balance_sheet_report_em,FUNDAMENTAL_CHANGE|DISCLOSURE_EVENT,NEXT_SESSION_AFTER_MAX_NOTICE_UPDATE,ABSENT,,False,fundamental.change.source_reported_yoy,NO_FORMAL_SEARCH_IN_THIS_TASK; SOURCE_UNIT_GLOSSARY_NOT_ASSERTED
CONSUMPTIVE_BIOLOGICAL_ASSET,balance_sheet_report_em,FUNDAMENTAL_LEVEL|FUNDAMENTAL_CHANGE|DISCLOSURE_EVENT,NEXT_SESSION_AFTER_MAX_NOTICE_UPDATE,ABSENT,,False,fundamental.statement,NO_FORMAL_SEARCH_IN_THIS_TASK; SOURCE_UNIT_GLOSSARY_NOT_ASSERTED
CONSUMPTIVE_BIOLOGICAL_ASSET_YOY,balance_sheet_report_em,FUNDAMENTAL_CHANGE|DISCLOSURE_EVENT,NEXT_SESSION_AFTER_MAX_NOTICE_UPDATE,ABSENT,,False,fundamental.change.source_reported_yoy,NO_FORMAL_SEARCH_IN_THIS_TASK; SOURCE_UNIT_GLOSSARY_NOT_ASSERTED
CONTRACT_ASSET,balance_sheet_report_em,FUNDAMENTAL_LEVEL|FUNDAMENTAL_CHANGE|DISCLOSURE_EVENT,NEXT_SESSION_AFTER_MAX_NOTICE_UPDATE,ABSENT,,False,fundamental.statement,NO_FORMAL_SEARCH_IN_THIS_TASK; SOURCE_UNIT_GLOSSARY_NOT_ASSERTED
CONTRACT_ASSET_YOY,balance_sheet_report_em,FUNDAMENTAL_CHANGE|DISCLOSURE_EVENT,NEXT_SESSION_AFTER_MAX_NOTICE_UPDATE,ABSENT,,False,fundamental.change.source_reported_yoy,NO_FORMAL_SEARCH_IN_THIS_TASK; SOURCE_UNIT_GLOSSARY_NOT_ASSERTED
CONTRACT_LIAB,balance_sheet_report_em,FUNDAMENTAL_LEVEL|FUNDAMENTAL_CHANGE|DISCLOSURE_EVENT,NEXT_SESSION_AFTER_MAX_NOTICE_UPDATE,ABSENT,,False,fundamental.statement,NO_FORMAL_SEARCH_IN_THIS_TASK; SOURCE_UNIT_GLOSSARY_NOT_ASSERTED
CONTRACT_LIAB_YOY,balance_sheet_report_em,FUNDAMENTAL_CHANGE|DISCLOSURE_EVENT,NEXT_SESSION_AFTER_MAX_NOTICE_UPDATE,ABSENT,,False,fundamental.change.source_reported_yoy,NO_FORMAL_SEARCH_IN_THIS_TASK; SOURCE_UNIT_GLOSSARY_NOT_ASSERTED
CONVERT_DIFF,balance_sheet_report_em,FUNDAMENTAL_LEVEL|FUNDAMENTAL_CHANGE|DISCLOSURE_EVENT,NEXT_SESSION_AFTER_MAX_NOTICE_UPDATE,ABSENT,,False,fundamental.statement,NO_FORMAL_SEARCH_IN_THIS_TASK; SOURCE_UNIT_GLOSSARY_NOT_ASSERTED
CONVERT_DIFF_YOY,balance_sheet_report_em,FUNDAMENTAL_CHANGE|DISCLOSURE_EVENT,NEXT_SESSION_AFTER_MAX_NOTICE_UPDATE,ABSENT,,False,fundamental.change.source_reported_yoy,NO_FORMAL_SEARCH_IN_THIS_TASK; SOURCE_UNIT_GLOSSARY_NOT_ASSERTED
CREDITOR_INVEST,balance_sheet_report_em,FUNDAMENTAL_LEVEL|FUNDAMENTAL_CHANGE|DISCLOSURE_EVENT,NEXT_SESSION_AFTER_MAX_NOTICE_UPDATE,ABSENT,,False,fundamental.statement,NO_FORMAL_SEARCH_IN_THIS_TASK; SOURCE_UNIT_GLOSSARY_NOT_ASSERTED
CREDITOR_INVEST_YOY,balance_sheet_report_em,FUNDAMENTAL_CHANGE|DISCLOSURE_EVENT,NEXT_SESSION_AFTER_MAX_NOTICE_UPDATE,ABSENT,,False,fundamental.change.source_reported_yoy,NO_FORMAL_SEARCH_IN_THIS_TASK; SOURCE_UNIT_GLOSSARY_NOT_ASSERTED
CREDITOR_PLAN_INVEST,balance_sheet_report_em,FUNDAMENTAL_LEVEL|FUNDAMENTAL_CHANGE|DISCLOSURE_EVENT,NEXT_SESSION_AFTER_MAX_NOTICE_UPDATE,ABSENT,,False,fundamental.statement,NO_FORMAL_SEARCH_IN_THIS_TASK; SOURCE_UNIT_GLOSSARY_NOT_ASSERTED
CREDITOR_PLAN_INVEST_YOY,balance_sheet_report_em,FUNDAMENTAL_CHANGE|DISCLOSURE_EVENT,NEXT_SESSION_AFTER_MAX_NOTICE_UPDATE,ABSENT,,False,fundamental.change.source_reported_yoy,NO_FORMAL_SEARCH_IN_THIS_TASK; SOURCE_UNIT_GLOSSARY_NOT_ASSERTED
CREDIT_AGENT_SECURITY,balance_sheet_report_em,FUNDAMENTAL_LEVEL|FUNDAMENTAL_CHANGE|DISCLOSURE_EVENT,NEXT_SESSION_AFTER_MAX_NOTICE_UPDATE,ABSENT,,False,fundamental.statement,NO_FORMAL_SEARCH_IN_THIS_TASK; SOURCE_UNIT_GLOSSARY_NOT_ASSERTED
CREDIT_AGENT_SECURITY_YOY,balance_sheet_report_em,FUNDAMENTAL_CHANGE|DISCLOSURE_EVENT,NEXT_SESSION_AFTER_MAX_NOTICE_UPDATE,ABSENT,,False,fundamental.change.source_reported_yoy,NO_FORMAL_SEARCH_IN_THIS_TASK; SOURCE_UNIT_GLOSSARY_NOT_ASSERTED
CREDIT_EXCESS_RESERVE,balance_sheet_report_em,FUNDAMENTAL_LEVEL|FUNDAMENTAL_CHANGE|DISCLOSURE_EVENT,NEXT_SESSION_AFTER_MAX_NOTICE_UPDATE,ABSENT,,False,fundamental.statement,NO_FORMAL_SEARCH_IN_THIS_TASK; SOURCE_UNIT_GLOSSARY_NOT_ASSERTED
CREDIT_EXCESS_RESERVE_YOY,balance_sheet_report_em,FUNDAMENTAL_CHANGE|DISCLOSURE_EVENT,NEXT_SESSION_AFTER_MAX_NOTICE_UPDATE,ABSENT,,False,fundamental.change.source_reported_yoy,NO_FORMAL_SEARCH_IN_THIS_TASK; SOURCE_UNIT_GLOSSARY_NOT_ASSERTED
CURRENCY,balance_sheet_report_em,METADATA_BLOCKED,NEXT_SESSION_AFTER_MAX_NOTICE_UPDATE,ABSENT,,False,BLOCKED,METADATA_NOT_SEARCHABLE
CURRENT_ASSET_BALANCE,balance_sheet_report_em,FUNDAMENTAL_LEVEL|FUNDAMENTAL_CHANGE|DISCLOSURE_EVENT,NEXT_SESSION_AFTER_MAX_NOTICE_UPDATE,ABSENT,,False,fundamental.statement,NO_FORMAL_SEARCH_IN_THIS_TASK; SOURCE_UNIT_GLOSSARY_NOT_ASSERTED
CURRENT_ASSET_BALANCE_YOY,balance_sheet_report_em,FUNDAMENTAL_CHANGE|DISCLOSURE_EVENT,NEXT_SESSION_AFTER_MAX_NOTICE_UPDATE,ABSENT,,False,fundamental.change.source_reported_yoy,NO_FORMAL_SEARCH_IN_THIS_TASK; SOURCE_UNIT_GLOSSARY_NOT_ASSERTED
CURRENT_ASSET_OTHER,balance_sheet_report_em,FUNDAMENTAL_LEVEL|FUNDAMENTAL_CHANGE|DISCLOSURE_EVENT,NEXT_SESSION_AFTER_MAX_NOTICE_UPDATE,ABSENT,,False,fundamental.statement,NO_FORMAL_SEARCH_IN_THIS_TASK; SOURCE_UNIT_GLOSSARY_NOT_ASSERTED
CURRENT_ASSET_OTHER_YOY,balance_sheet_report_em,FUNDAMENTAL_CHANGE|DISCLOSURE_EVENT,NEXT_SESSION_AFTER_MAX_NOTICE_UPDATE,ABSENT,,False,fundamental.change.source_reported_yoy,NO_FORMAL_SEARCH_IN_THIS_TASK; SOURCE_UNIT_GLOSSARY_NOT_ASSERTED
CURRENT_LIAB_BALANCE,balance_sheet_report_em,FUNDAMENTAL_LEVEL|FUNDAMENTAL_CHANGE|DISCLOSURE_EVENT,NEXT_SESSION_AFTER_MAX_NOTICE_UPDATE,ABSENT,,False,fundamental.statement,NO_FORMAL_SEARCH_IN_THIS_TASK; SOURCE_UNIT_GLOSSARY_NOT_ASSERTED
CURRENT_LIAB_BALANCE_YOY,balance_sheet_report_em,FUNDAMENTAL_CHANGE|DISCLOSURE_EVENT,NEXT_SESSION_AFTER_MAX_NOTICE_UPDATE,ABSENT,,False,fundamental.change.source_reported_yoy,NO_FORMAL_SEARCH_IN_THIS_TASK; SOURCE_UNIT_GLOSSARY_NOT_ASSERTED
CURRENT_LIAB_OTHER,balance_sheet_report_em,FUNDAMENTAL_LEVEL|FUNDAMENTAL_CHANGE|DISCLOSURE_EVENT,NEXT_SESSION_AFTER_MAX_NOTICE_UPDATE,ABSENT,,False,fundamental.statement,NO_FORMAL_SEARCH_IN_THIS_TASK; SOURCE_UNIT_GLOSSARY_NOT_ASSERTED
CURRENT_LIAB_OTHER_YOY,balance_sheet_report_em,FUNDAMENTAL_CHANGE|DISCLOSURE_EVENT,NEXT_SESSION_AFTER_MAX_NOTICE_UPDATE,ABSENT,,False,fundamental.change.source_reported_yoy,NO_FORMAL_SEARCH_IN_THIS_TASK; SOURCE_UNIT_GLOSSARY_NOT_ASSERTED
CUSTOMER_CREDIT_DEPOSIT,balance_sheet_report_em,FUNDAMENTAL_LEVEL|FUNDAMENTAL_CHANGE|DISCLOSURE_EVENT,NEXT_SESSION_AFTER_MAX_NOTICE_UPDATE,ABSENT,,False,fundamental.statement,NO_FORMAL_SEARCH_IN_THIS_TASK; SOURCE_UNIT_GLOSSARY_NOT_ASSERTED
CUSTOMER_CREDIT_DEPOSIT_YOY,balance_sheet_report_em,FUNDAMENTAL_CHANGE|DISCLOSURE_EVENT,NEXT_SESSION_AFTER_MAX_NOTICE_UPDATE,ABSENT,,False,fundamental.change.source_reported_yoy,NO_FORMAL_SEARCH_IN_THIS_TASK; SOURCE_UNIT_GLOSSARY_NOT_ASSERTED
CUSTOMER_DEPOSIT,balance_sheet_report_em,FUNDAMENTAL_LEVEL|FUNDAMENTAL_CHANGE|DISCLOSURE_EVENT,NEXT_SESSION_AFTER_MAX_NOTICE_UPDATE,ABSENT,,False,fundamental.statement,NO_FORMAL_SEARCH_IN_THIS_TASK; SOURCE_UNIT_GLOSSARY_NOT_ASSERTED
CUSTOMER_DEPOSIT_YOY,balance_sheet_report_em,FUNDAMENTAL_CHANGE|DISCLOSURE_EVENT,NEXT_SESSION_AFTER_MAX_NOTICE_UPDATE,ABSENT,,False,fundamental.change.source_reported_yoy,NO_FORMAL_SEARCH_IN_THIS_TASK; SOURCE_UNIT_GLOSSARY_NOT_ASSERTED
CUSTOMER_EXCESS_RESERVE,balance_sheet_report_em,FUNDAMENTAL_LEVEL|FUNDAMENTAL_CHANGE|DISCLOSURE_EVENT,NEXT_SESSION_AFTER_MAX_NOTICE_UPDATE,ABSENT,,False,fundamental.statement,NO_FORMAL_SEARCH_IN_THIS_TASK; SOURCE_UNIT_GLOSSARY_NOT_ASSERTED
CUSTOMER_EXCESS_RESERVE_YOY,balance_sheet_report_em,FUNDAMENTAL_CHANGE|DISCLOSURE_EVENT,NEXT_SESSION_AFTER_MAX_NOTICE_UPDATE,ABSENT,,False,fundamental.change.source_reported_yoy,NO_FORMAL_SEARCH_IN_THIS_TASK; SOURCE_UNIT_GLOSSARY_NOT_ASSERTED
DEFER_INCOME,balance_sheet_report_em,FUNDAMENTAL_LEVEL|FUNDAMENTAL_CHANGE|DISCLOSURE_EVENT,NEXT_SESSION_AFTER_MAX_NOTICE_UPDATE,ABSENT,,False,fundamental.statement,NO_FORMAL_SEARCH_IN_THIS_TASK; SOURCE_UNIT_GLOSSARY_NOT_ASSERTED
DEFER_INCOME_1YEAR,balance_sheet_report_em,FUNDAMENTAL_LEVEL|FUNDAMENTAL_CHANGE|DISCLOSURE_EVENT,NEXT_SESSION_AFTER_MAX_NOTICE_UPDATE,ABSENT,,False,fundamental.statement,NO_FORMAL_SEARCH_IN_THIS_TASK; SOURCE_UNIT_GLOSSARY_NOT_ASSERTED
DEFER_INCOME_1YEAR_YOY,balance_sheet_report_em,FUNDAMENTAL_CHANGE|DISCLOSURE_EVENT,NEXT_SESSION_AFTER_MAX_NOTICE_UPDATE,ABSENT,,False,fundamental.change.source_reported_yoy,NO_FORMAL_SEARCH_IN_THIS_TASK; SOURCE_UNIT_GLOSSARY_NOT_ASSERTED
DEFER_INCOME_YOY,balance_sheet_report_em,FUNDAMENTAL_CHANGE|DISCLOSURE_EVENT,NEXT_SESSION_AFTER_MAX_NOTICE_UPDATE,ABSENT,,False,fundamental.change.source_reported_yoy,NO_FORMAL_SEARCH_IN_THIS_TASK; SOURCE_UNIT_GLOSSARY_NOT_ASSERTED
DEFER_TAX_ASSET,balance_sheet_report_em,FUNDAMENTAL_LEVEL|FUNDAMENTAL_CHANGE|DISCLOSURE_EVENT,NEXT_SESSION_AFTER_MAX_NOTICE_UPDATE,ABSENT,,False,fundamental.statement,NO_FORMAL_SEARCH_IN_THIS_TASK; SOURCE_UNIT_GLOSSARY_NOT_ASSERTED
DEFER_TAX_ASSET_YOY,balance_sheet_report_em,FUNDAMENTAL_CHANGE|DISCLOSURE_EVENT,NEXT_SESSION_AFTER_MAX_NOTICE_UPDATE,ABSENT,,False,fundamental.change.source_reported_yoy,NO_FORMAL_SEARCH_IN_THIS_TASK; SOURCE_UNIT_GLOSSARY_NOT_ASSERTED
DEFER_TAX_LIAB,balance_sheet_report_em,FUNDAMENTAL_LEVEL|FUNDAMENTAL_CHANGE|DISCLOSURE_EVENT,NEXT_SESSION_AFTER_MAX_NOTICE_UPDATE,ABSENT,,False,fundamental.statement,NO_FORMAL_SEARCH_IN_THIS_TASK; SOURCE_UNIT_GLOSSARY_NOT_ASSERTED
DEFER_TAX_LIAB_YOY,balance_sheet_report_em,FUNDAMENTAL_CHANGE|DISCLOSURE_EVENT,NEXT_SESSION_AFTER_MAX_NOTICE_UPDATE,ABSENT,,False,fundamental.change.source_reported_yoy,NO_FORMAL_SEARCH_IN_THIS_TASK; SOURCE_UNIT_GLOSSARY_NOT_ASSERTED
DEPOSIT_CERTIFICATE,balance_sheet_report_em,FUNDAMENTAL_LEVEL|FUNDAMENTAL_CHANGE|DISCLOSURE_EVENT,NEXT_SESSION_AFTER_MAX_NOTICE_UPDATE,ABSENT,,False,fundamental.statement,NO_FORMAL_SEARCH_IN_THIS_TASK; SOURCE_UNIT_GLOSSARY_NOT_ASSERTED
DEPOSIT_CERTIFICATE_YOY,balance_sheet_report_em,FUNDAMENTAL_CHANGE|DISCLOSURE_EVENT,NEXT_SESSION_AFTER_MAX_NOTICE_UPDATE,ABSENT,,False,fundamental.change.source_reported_yoy,NO_FORMAL_SEARCH_IN_THIS_TASK; SOURCE_UNIT_GLOSSARY_NOT_ASSERTED
DEPOSIT_INTERBANK,balance_sheet_report_em,FUNDAMENTAL_LEVEL|FUNDAMENTAL_CHANGE|DISCLOSURE_EVENT,NEXT_SESSION_AFTER_MAX_NOTICE_UPDATE,ABSENT,,False,fundamental.statement,NO_FORMAL_SEARCH_IN_THIS_TASK; SOURCE_UNIT_GLOSSARY_NOT_ASSERTED
DEPOSIT_INTERBANK_YOY,balance_sheet_report_em,FUNDAMENTAL_CHANGE|DISCLOSURE_EVENT,NEXT_SESSION_AFTER_MAX_NOTICE_UPDATE,ABSENT,,False,fundamental.change.source_reported_yoy,NO_FORMAL_SEARCH_IN_THIS_TASK; SOURCE_UNIT_GLOSSARY_NOT_ASSERTED
DERIVE_FINASSET,balance_sheet_report_em,FUNDAMENTAL_LEVEL|FUNDAMENTAL_CHANGE|DISCLOSURE_EVENT,NEXT_SESSION_AFTER_MAX_NOTICE_UPDATE,ABSENT,,False,fundamental.statement,NO_FORMAL_SEARCH_IN_THIS_TASK; SOURCE_UNIT_GLOSSARY_NOT_ASSERTED
DERIVE_FINASSET_YOY,balance_sheet_report_em,FUNDAMENTAL_CHANGE|DISCLOSURE_EVENT,NEXT_SESSION_AFTER_MAX_NOTICE_UPDATE,ABSENT,,False,fundamental.change.source_reported_yoy,NO_FORMAL_SEARCH_IN_THIS_TASK; SOURCE_UNIT_GLOSSARY_NOT_ASSERTED
DERIVE_FINLIAB,balance_sheet_report_em,FUNDAMENTAL_LEVEL|FUNDAMENTAL_CHANGE|DISCLOSURE_EVENT,NEXT_SESSION_AFTER_MAX_NOTICE_UPDATE,ABSENT,,False,fundamental.statement,NO_FORMAL_SEARCH_IN_THIS_TASK; SOURCE_UNIT_GLOSSARY_NOT_ASSERTED
DERIVE_FINLIAB_YOY,balance_sheet_report_em,FUNDAMENTAL_CHANGE|DISCLOSURE_EVENT,NEXT_SESSION_AFTER_MAX_NOTICE_UPDATE,ABSENT,,False,fundamental.change.source_reported_yoy,NO_FORMAL_SEARCH_IN_THIS_TASK; SOURCE_UNIT_GLOSSARY_NOT_ASSERTED
DEVELOP_EXPENSE,balance_sheet_report_em,FUNDAMENTAL_LEVEL|FUNDAMENTAL_CHANGE|DISCLOSURE_EVENT,NEXT_SESSION_AFTER_MAX_NOTICE_UPDATE,ABSENT,,False,fundamental.statement,NO_FORMAL_SEARCH_IN_THIS_TASK; SOURCE_UNIT_GLOSSARY_NOT_ASSERTED
DEVELOP_EXPENSE_YOY,balance_sheet_report_em,FUNDAMENTAL_CHANGE|DISCLOSURE_EVENT,NEXT_SESSION_AFTER_MAX_NOTICE_UPDATE,ABSENT,,False,fundamental.change.source_reported_yoy,NO_FORMAL_SEARCH_IN_THIS_TASK; SOURCE_UNIT_GLOSSARY_NOT_ASSERTED
DIVIDEND_PAYABLE,balance_sheet_report_em,FUNDAMENTAL_LEVEL|FUNDAMENTAL_CHANGE|DISCLOSURE_EVENT,NEXT_SESSION_AFTER_MAX_NOTICE_UPDATE,ABSENT,,False,fundamental.statement,NO_FORMAL_SEARCH_IN_THIS_TASK; SOURCE_UNIT_GLOSSARY_NOT_ASSERTED
DIVIDEND_PAYABLE_YOY,balance_sheet_report_em,FUNDAMENTAL_CHANGE|DISCLOSURE_EVENT,NEXT_SESSION_AFTER_MAX_NOTICE_UPDATE,ABSENT,,False,fundamental.change.source_reported_yoy,NO_FORMAL_SEARCH_IN_THIS_TASK; SOURCE_UNIT_GLOSSARY_NOT_ASSERTED
DIVIDEND_RECE,balance_sheet_report_em,FUNDAMENTAL_LEVEL|FUNDAMENTAL_CHANGE|DISCLOSURE_EVENT,NEXT_SESSION_AFTER_MAX_NOTICE_UPDATE,ABSENT,,False,fundamental.statement,NO_FORMAL_SEARCH_IN_THIS_TASK; SOURCE_UNIT_GLOSSARY_NOT_ASSERTED
DIVIDEND_RECE_YOY,balance_sheet_report_em,FUNDAMENTAL_CHANGE|DISCLOSURE_EVENT,NEXT_SESSION_AFTER_MAX_NOTICE_UPDATE,ABSENT,,False,fundamental.change.source_reported_yoy,NO_FORMAL_SEARCH_IN_THIS_TASK; SOURCE_UNIT_GLOSSARY_NOT_ASSERTED
DIV_HOLDSALE_ASSET,balance_sheet_report_em,FUNDAMENTAL_LEVEL|FUNDAMENTAL_CHANGE|DISCLOSURE_EVENT,NEXT_SESSION_AFTER_MAX_NOTICE_UPDATE,ABSENT,,False,fundamental.statement,NO_FORMAL_SEARCH_IN_THIS_TASK; SOURCE_UNIT_GLOSSARY_NOT_ASSERTED
DIV_HOLDSALE_ASSET_YOY,balance_sheet_report_em,FUNDAMENTAL_CHANGE|DISCLOSURE_EVENT,NEXT_SESSION_AFTER_MAX_NOTICE_UPDATE,ABSENT,,False,fundamental.change.source_reported_yoy,NO_FORMAL_SEARCH_IN_THIS_TASK; SOURCE_UNIT_GLOSSARY_NOT_ASSERTED
DIV_HOLDSALE_LIAB,balance_sheet_report_em,FUNDAMENTAL_LEVEL|FUNDAMENTAL_CHANGE|DISCLOSURE_EVENT,NEXT_SESSION_AFTER_MAX_NOTICE_UPDATE,ABSENT,,False,fundamental.statement,NO_FORMAL_SEARCH_IN_THIS_TASK; SOURCE_UNIT_GLOSSARY_NOT_ASSERTED
DIV_HOLDSALE_LIAB_YOY,balance_sheet_report_em,FUNDAMENTAL_CHANGE|DISCLOSURE_EVENT,NEXT_SESSION_AFTER_MAX_NOTICE_UPDATE,ABSENT,,False,fundamental.change.source_reported_yoy,NO_FORMAL_SEARCH_IN_THIS_TASK; SOURCE_UNIT_GLOSSARY_NOT_ASSERTED
EQUITY_BALANCE,balance_sheet_report_em,FUNDAMENTAL_LEVEL|FUNDAMENTAL_CHANGE|DISCLOSURE_EVENT,NEXT_SESSION_AFTER_MAX_NOTICE_UPDATE,ABSENT,,False,fundamental.statement,NO_FORMAL_SEARCH_IN_THIS_TASK; SOURCE_UNIT_GLOSSARY_NOT_ASSERTED
EQUITY_BALANCE_YOY,balance_sheet_report_em,FUNDAMENTAL_CHANGE|DISCLOSURE_EVENT,NEXT_SESSION_AFTER_MAX_NOTICE_UPDATE,ABSENT,,False,fundamental.change.source_reported_yoy,NO_FORMAL_SEARCH_IN_THIS_TASK; SOURCE_UNIT_GLOSSARY_NOT_ASSERTED
EQUITY_OTHER,balance_sheet_report_em,FUNDAMENTAL_LEVEL|FUNDAMENTAL_CHANGE|DISCLOSURE_EVENT,NEXT_SESSION_AFTER_MAX_NOTICE_UPDATE,ABSENT,,False,fundamental.statement,NO_FORMAL_SEARCH_IN_THIS_TASK; SOURCE_UNIT_GLOSSARY_NOT_ASSERTED
EQUITY_OTHER_YOY,balance_sheet_report_em,FUNDAMENTAL_CHANGE|DISCLOSURE_EVENT,NEXT_SESSION_AFTER_MAX_NOTICE_UPDATE,ABSENT,,False,fundamental.change.source_reported_yoy,NO_FORMAL_SEARCH_IN_THIS_TASK; SOURCE_UNIT_GLOSSARY_NOT_ASSERTED
EXPORT_REFUND_RECE,balance_sheet_report_em,FUNDAMENTAL_LEVEL|FUNDAMENTAL_CHANGE|DISCLOSURE_EVENT,NEXT_SESSION_AFTER_MAX_NOTICE_UPDATE,ABSENT,,False,fundamental.statement,NO_FORMAL_SEARCH_IN_THIS_TASK; SOURCE_UNIT_GLOSSARY_NOT_ASSERTED
EXPORT_REFUND_RECE_YOY,balance_sheet_report_em,FUNDAMENTAL_CHANGE|DISCLOSURE_EVENT,NEXT_SESSION_AFTER_MAX_NOTICE_UPDATE,ABSENT,,False,fundamental.change.source_reported_yoy,NO_FORMAL_SEARCH_IN_THIS_TASK; SOURCE_UNIT_GLOSSARY_NOT_ASSERTED
FEE_COMMISSION_PAYABLE,balance_sheet_report_em,FUNDAMENTAL_LEVEL|FUNDAMENTAL_CHANGE|DISCLOSURE_EVENT,NEXT_SESSION_AFTER_MAX_NOTICE_UPDATE,ABSENT,,False,fundamental.statement,NO_FORMAL_SEARCH_IN_THIS_TASK; SOURCE_UNIT_GLOSSARY_NOT_ASSERTED
FEE_COMMISSION_PAYABLE_YOY,balance_sheet_report_em,FUNDAMENTAL_CHANGE|DISCLOSURE_EVENT,NEXT_SESSION_AFTER_MAX_NOTICE_UPDATE,ABSENT,,False,fundamental.change.source_reported_yoy,NO_FORMAL_SEARCH_IN_THIS_TASK; SOURCE_UNIT_GLOSSARY_NOT_ASSERTED
FINANCE_RECE,balance_sheet_report_em,FUNDAMENTAL_LEVEL|FUNDAMENTAL_CHANGE|DISCLOSURE_EVENT,NEXT_SESSION_AFTER_MAX_NOTICE_UPDATE,ABSENT,,False,fundamental.statement,NO_FORMAL_SEARCH_IN_THIS_TASK; SOURCE_UNIT_GLOSSARY_NOT_ASSERTED
FINANCE_RECE_YOY,balance_sheet_report_em,FUNDAMENTAL_CHANGE|DISCLOSURE_EVENT,NEXT_SESSION_AFTER_MAX_NOTICE_UPDATE,ABSENT,,False,fundamental.change.source_reported_yoy,NO_FORMAL_SEARCH_IN_THIS_TASK; SOURCE_UNIT_GLOSSARY_NOT_ASSERTED
FIN_FUND,balance_sheet_report_em,FUNDAMENTAL_LEVEL|FUNDAMENTAL_CHANGE|DISCLOSURE_EVENT,NEXT_SESSION_AFTER_MAX_NOTICE_UPDATE,ABSENT,,False,fundamental.statement,NO_FORMAL_SEARCH_IN_THIS_TASK; SOURCE_UNIT_GLOSSARY_NOT_ASSERTED
FIN_FUND_YOY,balance_sheet_report_em,FUNDAMENTAL_CHANGE|DISCLOSURE_EVENT,NEXT_SESSION_AFTER_MAX_NOTICE_UPDATE,ABSENT,,False,fundamental.change.source_reported_yoy,NO_FORMAL_SEARCH_IN_THIS_TASK; SOURCE_UNIT_GLOSSARY_NOT_ASSERTED
FIN_SECURITY,balance_sheet_report_em,FUNDAMENTAL_LEVEL|FUNDAMENTAL_CHANGE|DISCLOSURE_EVENT,NEXT_SESSION_AFTER_MAX_NOTICE_UPDATE,ABSENT,,False,fundamental.statement,NO_FORMAL_SEARCH_IN_THIS_TASK; SOURCE_UNIT_GLOSSARY_NOT_ASSERTED
FIN_SECURITY_YOY,balance_sheet_report_em,FUNDAMENTAL_CHANGE|DISCLOSURE_EVENT,NEXT_SESSION_AFTER_MAX_NOTICE_UPDATE,ABSENT,,False,fundamental.change.source_reported_yoy,NO_FORMAL_SEARCH_IN_THIS_TASK; SOURCE_UNIT_GLOSSARY_NOT_ASSERTED
FIXED_ASSET,balance_sheet_report_em,FUNDAMENTAL_LEVEL|FUNDAMENTAL_CHANGE|DISCLOSURE_EVENT,NEXT_SESSION_AFTER_MAX_NOTICE_UPDATE,ABSENT,,False,fundamental.statement,NO_FORMAL_SEARCH_IN_THIS_TASK; SOURCE_UNIT_GLOSSARY_NOT_ASSERTED
FIXED_ASSET_DISPOSAL,balance_sheet_report_em,FUNDAMENTAL_LEVEL|FUNDAMENTAL_CHANGE|DISCLOSURE_EVENT,NEXT_SESSION_AFTER_MAX_NOTICE_UPDATE,ABSENT,,False,fundamental.statement,NO_FORMAL_SEARCH_IN_THIS_TASK; SOURCE_UNIT_GLOSSARY_NOT_ASSERTED
FIXED_ASSET_DISPOSAL_YOY,balance_sheet_report_em,FUNDAMENTAL_CHANGE|DISCLOSURE_EVENT,NEXT_SESSION_AFTER_MAX_NOTICE_UPDATE,ABSENT,,False,fundamental.change.source_reported_yoy,NO_FORMAL_SEARCH_IN_THIS_TASK; SOURCE_UNIT_GLOSSARY_NOT_ASSERTED
FIXED_ASSET_YOY,balance_sheet_report_em,FUNDAMENTAL_CHANGE|DISCLOSURE_EVENT,NEXT_SESSION_AFTER_MAX_NOTICE_UPDATE,ABSENT,,False,fundamental.change.source_reported_yoy,NO_FORMAL_SEARCH_IN_THIS_TASK; SOURCE_UNIT_GLOSSARY_NOT_ASSERTED
FVTOCI_FINASSET,balance_sheet_report_em,FUNDAMENTAL_LEVEL|FUNDAMENTAL_CHANGE|DISCLOSURE_EVENT,NEXT_SESSION_AFTER_MAX_NOTICE_UPDATE,ABSENT,,False,fundamental.statement,NO_FORMAL_SEARCH_IN_THIS_TASK; SOURCE_UNIT_GLOSSARY_NOT_ASSERTED
FVTOCI_FINASSET_YOY,balance_sheet_report_em,FUNDAMENTAL_CHANGE|DISCLOSURE_EVENT,NEXT_SESSION_AFTER_MAX_NOTICE_UPDATE,ABSENT,,False,fundamental.change.source_reported_yoy,NO_FORMAL_SEARCH_IN_THIS_TASK; SOURCE_UNIT_GLOSSARY_NOT_ASSERTED
FVTOCI_NCFINASSET,balance_sheet_report_em,FUNDAMENTAL_LEVEL|FUNDAMENTAL_CHANGE|DISCLOSURE_EVENT,NEXT_SESSION_AFTER_MAX_NOTICE_UPDATE,ABSENT,,False,fundamental.statement,NO_FORMAL_SEARCH_IN_THIS_TASK; SOURCE_UNIT_GLOSSARY_NOT_ASSERTED
FVTOCI_NCFINASSET_YOY,balance_sheet_report_em,FUNDAMENTAL_CHANGE|DISCLOSURE_EVENT,NEXT_SESSION_AFTER_MAX_NOTICE_UPDATE,ABSENT,,False,fundamental.change.source_reported_yoy,NO_FORMAL_SEARCH_IN_THIS_TASK; SOURCE_UNIT_GLOSSARY_NOT_ASSERTED
FVTPL_FINASSET,balance_sheet_report_em,FUNDAMENTAL_LEVEL|FUNDAMENTAL_CHANGE|DISCLOSURE_EVENT,NEXT_SESSION_AFTER_MAX_NOTICE_UPDATE,ABSENT,,False,fundamental.statement,NO_FORMAL_SEARCH_IN_THIS_TASK; SOURCE_UNIT_GLOSSARY_NOT_ASSERTED
FVTPL_FINASSET_YOY,balance_sheet_report_em,FUNDAMENTAL_CHANGE|DISCLOSURE_EVENT,NEXT_SESSION_AFTER_MAX_NOTICE_UPDATE,ABSENT,,False,fundamental.change.source_reported_yoy,NO_FORMAL_SEARCH_IN_THIS_TASK; SOURCE_UNIT_GLOSSARY_NOT_ASSERTED
FVTPL_FINLIAB,balance_sheet_report_em,FUNDAMENTAL_LEVEL|FUNDAMENTAL_CHANGE|DISCLOSURE_EVENT,NEXT_SESSION_AFTER_MAX_NOTICE_UPDATE,ABSENT,,False,fundamental.statement,NO_FORMAL_SEARCH_IN_THIS_TASK; SOURCE_UNIT_GLOSSARY_NOT_ASSERTED
FVTPL_FINLIAB_YOY,balance_sheet_report_em,FUNDAMENTAL_CHANGE|DISCLOSURE_EVENT,NEXT_SESSION_AFTER_MAX_NOTICE_UPDATE,ABSENT,,False,fundamental.change.source_reported_yoy,NO_FORMAL_SEARCH_IN_THIS_TASK; SOURCE_UNIT_GLOSSARY_NOT_ASSERTED
GENERAL_RISK_RESERVE,balance_sheet_report_em,FUNDAMENTAL_LEVEL|FUNDAMENTAL_CHANGE|DISCLOSURE_EVENT,NEXT_SESSION_AFTER_MAX_NOTICE_UPDATE,ABSENT,,False,fundamental.statement,NO_FORMAL_SEARCH_IN_THIS_TASK; SOURCE_UNIT_GLOSSARY_NOT_ASSERTED
GENERAL_RISK_RESERVE_YOY,balance_sheet_report_em,FUNDAMENTAL_CHANGE|DISCLOSURE_EVENT,NEXT_SESSION_AFTER_MAX_NOTICE_UPDATE,ABSENT,,False,fundamental.change.source_reported_yoy,NO_FORMAL_SEARCH_IN_THIS_TASK; SOURCE_UNIT_GLOSSARY_NOT_ASSERTED
GOODWILL,balance_sheet_report_em,FUNDAMENTAL_LEVEL|FUNDAMENTAL_CHANGE|DISCLOSURE_EVENT,NEXT_SESSION_AFTER_MAX_NOTICE_UPDATE,ABSENT,,False,fundamental.statement,NO_FORMAL_SEARCH_IN_THIS_TASK; SOURCE_UNIT_GLOSSARY_NOT_ASSERTED
GOODWILL_YOY,balance_sheet_report_em,FUNDAMENTAL_CHANGE|DISCLOSURE_EVENT,NEXT_SESSION_AFTER_MAX_NOTICE_UPDATE,ABSENT,,False,fundamental.change.source_reported_yoy,NO_FORMAL_SEARCH_IN_THIS_TASK; SOURCE_UNIT_GLOSSARY_NOT_ASSERTED
HD_RESERVE,balance_sheet_report_em,FUNDAMENTAL_LEVEL|FUNDAMENTAL_CHANGE|DISCLOSURE_EVENT,NEXT_SESSION_AFTER_MAX_NOTICE_UPDATE,ABSENT,,False,fundamental.statement,NO_FORMAL_SEARCH_IN_THIS_TASK; SOURCE_UNIT_GLOSSARY_NOT_ASSERTED
HD_RESERVE_YOY,balance_sheet_report_em,FUNDAMENTAL_CHANGE|DISCLOSURE_EVENT,NEXT_SESSION_AFTER_MAX_NOTICE_UPDATE,ABSENT,,False,fundamental.change.source_reported_yoy,NO_FORMAL_SEARCH_IN_THIS_TASK; SOURCE_UNIT_GLOSSARY_NOT_ASSERTED
HEDGE_RESERVE,balance_sheet_report_em,FUNDAMENTAL_LEVEL|FUNDAMENTAL_CHANGE|DISCLOSURE_EVENT,NEXT_SESSION_AFTER_MAX_NOTICE_UPDATE,ABSENT,,False,fundamental.statement,NO_FORMAL_SEARCH_IN_THIS_TASK; SOURCE_UNIT_GLOSSARY_NOT_ASSERTED
HEDGE_RESERVE_YOY,balance_sheet_report_em,FUNDAMENTAL_CHANGE|DISCLOSURE_EVENT,NEXT_SESSION_AFTER_MAX_NOTICE_UPDATE,ABSENT,,False,fundamental.change.source_reported_yoy,NO_FORMAL_SEARCH_IN_THIS_TASK; SOURCE_UNIT_GLOSSARY_NOT_ASSERTED
HOLDSALE_ASSET,balance_sheet_report_em,FUNDAMENTAL_LEVEL|FUNDAMENTAL_CHANGE|DISCLOSURE_EVENT,NEXT_SESSION_AFTER_MAX_NOTICE_UPDATE,ABSENT,,False,fundamental.statement,NO_FORMAL_SEARCH_IN_THIS_TASK; SOURCE_UNIT_GLOSSARY_NOT_ASSERTED
HOLDSALE_ASSET_YOY,balance_sheet_report_em,FUNDAMENTAL_CHANGE|DISCLOSURE_EVENT,NEXT_SESSION_AFTER_MAX_NOTICE_UPDATE,ABSENT,,False,fundamental.change.source_reported_yoy,NO_FORMAL_SEARCH_IN_THIS_TASK; SOURCE_UNIT_GLOSSARY_NOT_ASSERTED
HOLDSALE_LIAB,balance_sheet_report_em,FUNDAMENTAL_LEVEL|FUNDAMENTAL_CHANGE|DISCLOSURE_EVENT,NEXT_SESSION_AFTER_MAX_NOTICE_UPDATE,ABSENT,,False,fundamental.statement,NO_FORMAL_SEARCH_IN_THIS_TASK; SOURCE_UNIT_GLOSSARY_NOT_ASSERTED
HOLDSALE_LIAB_YOY,balance_sheet_report_em,FUNDAMENTAL_CHANGE|DISCLOSURE_EVENT,NEXT_SESSION_AFTER_MAX_NOTICE_UPDATE,ABSENT,,False,fundamental.change.source_reported_yoy,NO_FORMAL_SEARCH_IN_THIS_TASK; SOURCE_UNIT_GLOSSARY_NOT_ASSERTED
HOLD_MATURITY_INVEST,balance_sheet_report_em,FUNDAMENTAL_LEVEL|FUNDAMENTAL_CHANGE|DISCLOSURE_EVENT,NEXT_SESSION_AFTER_MAX_NOTICE_UPDATE,ABSENT,,False,fundamental.statement,NO_FORMAL_SEARCH_IN_THIS_TASK; SOURCE_UNIT_GLOSSARY_NOT_ASSERTED
HOLD_MATURITY_INVEST_YOY,balance_sheet_report_em,FUNDAMENTAL_CHANGE|DISCLOSURE_EVENT,NEXT_SESSION_AFTER_MAX_NOTICE_UPDATE,ABSENT,,False,fundamental.change.source_reported_yoy,NO_FORMAL_SEARCH_IN_THIS_TASK; SOURCE_UNIT_GLOSSARY_NOT_ASSERTED
IND_ACC_ASSET,balance_sheet_report_em,FUNDAMENTAL_LEVEL|FUNDAMENTAL_CHANGE|DISCLOSURE_EVENT,NEXT_SESSION_AFTER_MAX_NOTICE_UPDATE,ABSENT,,False,fundamental.statement,NO_FORMAL_SEARCH_IN_THIS_TASK; SOURCE_UNIT_GLOSSARY_NOT_ASSERTED
IND_ACC_ASSET_YOY,balance_sheet_report_em,FUNDAMENTAL_CHANGE|DISCLOSURE_EVENT,NEXT_SESSION_AFTER_MAX_NOTICE_UPDATE,ABSENT,,False,fundamental.change.source_reported_yoy,NO_FORMAL_SEARCH_IN_THIS_TASK; SOURCE_UNIT_GLOSSARY_NOT_ASSERTED
IND_ACC_LIAB,balance_sheet_report_em,FUNDAMENTAL_LEVEL|FUNDAMENTAL_CHANGE|DISCLOSURE_EVENT,NEXT_SESSION_AFTER_MAX_NOTICE_UPDATE,ABSENT,,False,fundamental.statement,NO_FORMAL_SEARCH_IN_THIS_TASK; SOURCE_UNIT_GLOSSARY_NOT_ASSERTED
IND_ACC_LIAB_YOY,balance_sheet_report_em,FUNDAMENTAL_CHANGE|DISCLOSURE_EVENT,NEXT_SESSION_AFTER_MAX_NOTICE_UPDATE,ABSENT,,False,fundamental.change.source_reported_yoy,NO_FORMAL_SEARCH_IN_THIS_TASK; SOURCE_UNIT_GLOSSARY_NOT_ASSERTED
INSURANCE_CONTRACT_RESERVE,balance_sheet_report_em,FUNDAMENTAL_LEVEL|FUNDAMENTAL_CHANGE|DISCLOSURE_EVENT,NEXT_SESSION_AFTER_MAX_NOTICE_UPDATE,ABSENT,,False,fundamental.statement,NO_FORMAL_SEARCH_IN_THIS_TASK; SOURCE_UNIT_GLOSSARY_NOT_ASSERTED
INSURANCE_CONTRACT_RESERVE_YOY,balance_sheet_report_em,FUNDAMENTAL_CHANGE|DISCLOSURE_EVENT,NEXT_SESSION_AFTER_MAX_NOTICE_UPDATE,ABSENT,,False,fundamental.change.source_reported_yoy,NO_FORMAL_SEARCH_IN_THIS_TASK; SOURCE_UNIT_GLOSSARY_NOT_ASSERTED
INSURED_DEPOSIT_INVEST,balance_sheet_report_em,FUNDAMENTAL_LEVEL|FUNDAMENTAL_CHANGE|DISCLOSURE_EVENT,NEXT_SESSION_AFTER_MAX_NOTICE_UPDATE,ABSENT,,False,fundamental.statement,NO_FORMAL_SEARCH_IN_THIS_TASK; SOURCE_UNIT_GLOSSARY_NOT_ASSERTED
INSURED_DEPOSIT_INVEST_YOY,balance_sheet_report_em,FUNDAMENTAL_CHANGE|DISCLOSURE_EVENT,NEXT_SESSION_AFTER_MAX_NOTICE_UPDATE,ABSENT,,False,fundamental.change.source_reported_yoy,NO_FORMAL_SEARCH_IN_THIS_TASK; SOURCE_UNIT_GLOSSARY_NOT_ASSERTED
INSURED_PLEDGE_LOAN,balance_sheet_report_em,FUNDAMENTAL_LEVEL|FUNDAMENTAL_CHANGE|DISCLOSURE_EVENT,NEXT_SESSION_AFTER_MAX_NOTICE_UPDATE,ABSENT,,False,fundamental.statement,NO_FORMAL_SEARCH_IN_THIS_TASK; SOURCE_UNIT_GLOSSARY_NOT_ASSERTED
INSURED_PLEDGE_LOAN_YOY,balance_sheet_report_em,FUNDAMENTAL_CHANGE|DISCLOSURE_EVENT,NEXT_SESSION_AFTER_MAX_NOTICE_UPDATE,ABSENT,,False,fundamental.change.source_reported_yoy,NO_FORMAL_SEARCH_IN_THIS_TASK; SOURCE_UNIT_GLOSSARY_NOT_ASSERTED
INTANGIBLE_ASSET,balance_sheet_report_em,FUNDAMENTAL_LEVEL|FUNDAMENTAL_CHANGE|DISCLOSURE_EVENT,NEXT_SESSION_AFTER_MAX_NOTICE_UPDATE,ABSENT,,False,fundamental.statement,NO_FORMAL_SEARCH_IN_THIS_TASK; SOURCE_UNIT_GLOSSARY_NOT_ASSERTED
INTANGIBLE_ASSET_YOY,balance_sheet_report_em,FUNDAMENTAL_CHANGE|DISCLOSURE_EVENT,NEXT_SESSION_AFTER_MAX_NOTICE_UPDATE,ABSENT,,False,fundamental.change.source_reported_yoy,NO_FORMAL_SEARCH_IN_THIS_TASK; SOURCE_UNIT_GLOSSARY_NOT_ASSERTED
INTEREST_PAYABLE,balance_sheet_report_em,FUNDAMENTAL_LEVEL|FUNDAMENTAL_CHANGE|DISCLOSURE_EVENT,NEXT_SESSION_AFTER_MAX_NOTICE_UPDATE,ABSENT,,False,fundamental.statement,NO_FORMAL_SEARCH_IN_THIS_TASK; SOURCE_UNIT_GLOSSARY_NOT_ASSERTED
INTEREST_PAYABLE_YOY,balance_sheet_report_em,FUNDAMENTAL_CHANGE|DISCLOSURE_EVENT,NEXT_SESSION_AFTER_MAX_NOTICE_UPDATE,ABSENT,,False,fundamental.change.source_reported_yoy,NO_FORMAL_SEARCH_IN_THIS_TASK; SOURCE_UNIT_GLOSSARY_NOT_ASSERTED
INTEREST_RECE,balance_sheet_report_em,FUNDAMENTAL_LEVEL|FUNDAMENTAL_CHANGE|DISCLOSURE_EVENT,NEXT_SESSION_AFTER_MAX_NOTICE_UPDATE,ABSENT,,False,fundamental.statement,NO_FORMAL_SEARCH_IN_THIS_TASK; SOURCE_UNIT_GLOSSARY_NOT_ASSERTED
INTEREST_RECE_YOY,balance_sheet_report_em,FUNDAMENTAL_CHANGE|DISCLOSURE_EVENT,NEXT_SESSION_AFTER_MAX_NOTICE_UPDATE,ABSENT,,False,fundamental.change.source_reported_yoy,NO_FORMAL_SEARCH_IN_THIS_TASK; SOURCE_UNIT_GLOSSARY_NOT_ASSERTED
INTERNAL_PAYABLE,balance_sheet_report_em,FUNDAMENTAL_LEVEL|FUNDAMENTAL_CHANGE|DISCLOSURE_EVENT,NEXT_SESSION_AFTER_MAX_NOTICE_UPDATE,ABSENT,,False,fundamental.statement,NO_FORMAL_SEARCH_IN_THIS_TASK; SOURCE_UNIT_GLOSSARY_NOT_ASSERTED
INTERNAL_PAYABLE_YOY,balance_sheet_report_em,FUNDAMENTAL_CHANGE|DISCLOSURE_EVENT,NEXT_SESSION_AFTER_MAX_NOTICE_UPDATE,ABSENT,,False,fundamental.change.source_reported_yoy,NO_FORMAL_SEARCH_IN_THIS_TASK; SOURCE_UNIT_GLOSSARY_NOT_ASSERTED
INTERNAL_RECE,balance_sheet_report_em,FUNDAMENTAL_LEVEL|FUNDAMENTAL_CHANGE|DISCLOSURE_EVENT,NEXT_SESSION_AFTER_MAX_NOTICE_UPDATE,ABSENT,,False,fundamental.statement,NO_FORMAL_SEARCH_IN_THIS_TASK; SOURCE_UNIT_GLOSSARY_NOT_ASSERTED
INTERNAL_RECE_YOY,balance_sheet_report_em,FUNDAMENTAL_CHANGE|DISCLOSURE_EVENT,NEXT_SESSION_AFTER_MAX_NOTICE_UPDATE,ABSENT,,False,fundamental.change.source_reported_yoy,NO_FORMAL_SEARCH_IN_THIS_TASK; SOURCE_UNIT_GLOSSARY_NOT_ASSERTED
INVENTORY,balance_sheet_report_em,FUNDAMENTAL_LEVEL|FUNDAMENTAL_CHANGE|DISCLOSURE_EVENT,NEXT_SESSION_AFTER_MAX_NOTICE_UPDATE,ABSENT,,False,fundamental.statement,NO_FORMAL_SEARCH_IN_THIS_TASK; SOURCE_UNIT_GLOSSARY_NOT_ASSERTED
INVENTORY_YOY,balance_sheet_report_em,FUNDAMENTAL_CHANGE|DISCLOSURE_EVENT,NEXT_SESSION_AFTER_MAX_NOTICE_UPDATE,ABSENT,,False,fundamental.change.source_reported_yoy,NO_FORMAL_SEARCH_IN_THIS_TASK; SOURCE_UNIT_GLOSSARY_NOT_ASSERTED
INVEST_JOINT,balance_sheet_report_em,FUNDAMENTAL_LEVEL|FUNDAMENTAL_CHANGE|DISCLOSURE_EVENT,NEXT_SESSION_AFTER_MAX_NOTICE_UPDATE,ABSENT,,False,fundamental.statement,NO_FORMAL_SEARCH_IN_THIS_TASK; SOURCE_UNIT_GLOSSARY_NOT_ASSERTED
INVEST_JOINT_YOY,balance_sheet_report_em,FUNDAMENTAL_CHANGE|DISCLOSURE_EVENT,NEXT_SESSION_AFTER_MAX_NOTICE_UPDATE,ABSENT,,False,fundamental.change.source_reported_yoy,NO_FORMAL_SEARCH_IN_THIS_TASK; SOURCE_UNIT_GLOSSARY_NOT_ASSERTED
INVEST_REALESTATE,balance_sheet_report_em,FUNDAMENTAL_LEVEL|FUNDAMENTAL_CHANGE|DISCLOSURE_EVENT,NEXT_SESSION_AFTER_MAX_NOTICE_UPDATE,ABSENT,,False,fundamental.statement,NO_FORMAL_SEARCH_IN_THIS_TASK; SOURCE_UNIT_GLOSSARY_NOT_ASSERTED
INVEST_REALESTATE_YOY,balance_sheet_report_em,FUNDAMENTAL_CHANGE|DISCLOSURE_EVENT,NEXT_SESSION_AFTER_MAX_NOTICE_UPDATE,ABSENT,,False,fundamental.change.source_reported_yoy,NO_FORMAL_SEARCH_IN_THIS_TASK; SOURCE_UNIT_GLOSSARY_NOT_ASSERTED
INVEST_RECE,balance_sheet_report_em,FUNDAMENTAL_LEVEL|FUNDAMENTAL_CHANGE|DISCLOSURE_EVENT,NEXT_SESSION_AFTER_MAX_NOTICE_UPDATE,ABSENT,,False,fundamental.statement,NO_FORMAL_SEARCH_IN_THIS_TASK; SOURCE_UNIT_GLOSSARY_NOT_ASSERTED
INVEST_RECE_YOY,balance_sheet_report_em,FUNDAMENTAL_CHANGE|DISCLOSURE_EVENT,NEXT_SESSION_AFTER_MAX_NOTICE_UPDATE,ABSENT,,False,fundamental.change.source_reported_yoy,NO_FORMAL_SEARCH_IN_THIS_TASK; SOURCE_UNIT_GLOSSARY_NOT_ASSERTED
INVEST_REVALUE_RESERVE,balance_sheet_report_em,FUNDAMENTAL_LEVEL|FUNDAMENTAL_CHANGE|DISCLOSURE_EVENT,NEXT_SESSION_AFTER_MAX_NOTICE_UPDATE,ABSENT,,False,fundamental.statement,NO_FORMAL_SEARCH_IN_THIS_TASK; SOURCE_UNIT_GLOSSARY_NOT_ASSERTED
INVEST_REVALUE_RESERVE_YOY,balance_sheet_report_em,FUNDAMENTAL_CHANGE|DISCLOSURE_EVENT,NEXT_SESSION_AFTER_MAX_NOTICE_UPDATE,ABSENT,,False,fundamental.change.source_reported_yoy,NO_FORMAL_SEARCH_IN_THIS_TASK; SOURCE_UNIT_GLOSSARY_NOT_ASSERTED
INVEST_SUBSIDIARY,balance_sheet_report_em,FUNDAMENTAL_LEVEL|FUNDAMENTAL_CHANGE|DISCLOSURE_EVENT,NEXT_SESSION_AFTER_MAX_NOTICE_UPDATE,ABSENT,,False,fundamental.statement,NO_FORMAL_SEARCH_IN_THIS_TASK; SOURCE_UNIT_GLOSSARY_NOT_ASSERTED
INVEST_SUBSIDIARY_YOY,balance_sheet_report_em,FUNDAMENTAL_CHANGE|DISCLOSURE_EVENT,NEXT_SESSION_AFTER_MAX_NOTICE_UPDATE,ABSENT,,False,fundamental.change.source_reported_yoy,NO_FORMAL_SEARCH_IN_THIS_TASK; SOURCE_UNIT_GLOSSARY_NOT_ASSERTED
IOFI_DEPOSIT,balance_sheet_report_em,FUNDAMENTAL_LEVEL|FUNDAMENTAL_CHANGE|DISCLOSURE_EVENT,NEXT_SESSION_AFTER_MAX_NOTICE_UPDATE,ABSENT,,False,fundamental.statement,NO_FORMAL_SEARCH_IN_THIS_TASK; SOURCE_UNIT_GLOSSARY_NOT_ASSERTED
IOFI_DEPOSIT_YOY,balance_sheet_report_em,FUNDAMENTAL_CHANGE|DISCLOSURE_EVENT,NEXT_SESSION_AFTER_MAX_NOTICE_UPDATE,ABSENT,,False,fundamental.change.source_reported_yoy,NO_FORMAL_SEARCH_IN_THIS_TASK; SOURCE_UNIT_GLOSSARY_NOT_ASSERTED
LD_RESERVE,balance_sheet_report_em,FUNDAMENTAL_LEVEL|FUNDAMENTAL_CHANGE|DISCLOSURE_EVENT,NEXT_SESSION_AFTER_MAX_NOTICE_UPDATE,ABSENT,,False,fundamental.statement,NO_FORMAL_SEARCH_IN_THIS_TASK; SOURCE_UNIT_GLOSSARY_NOT_ASSERTED
LD_RESERVE_YOY,balance_sheet_report_em,FUNDAMENTAL_CHANGE|DISCLOSURE_EVENT,NEXT_SESSION_AFTER_MAX_NOTICE_UPDATE,ABSENT,,False,fundamental.change.source_reported_yoy,NO_FORMAL_SEARCH_IN_THIS_TASK; SOURCE_UNIT_GLOSSARY_NOT_ASSERTED
LEASE_LIAB,balance_sheet_report_em,FUNDAMENTAL_LEVEL|FUNDAMENTAL_CHANGE|DISCLOSURE_EVENT,NEXT_SESSION_AFTER_MAX_NOTICE_UPDATE,ABSENT,,False,fundamental.statement,NO_FORMAL_SEARCH_IN_THIS_TASK; SOURCE_UNIT_GLOSSARY_NOT_ASSERTED
LEASE_LIAB_YOY,balance_sheet_report_em,FUNDAMENTAL_CHANGE|DISCLOSURE_EVENT,NEXT_SESSION_AFTER_MAX_NOTICE_UPDATE,ABSENT,,False,fundamental.change.source_reported_yoy,NO_FORMAL_SEARCH_IN_THIS_TASK; SOURCE_UNIT_GLOSSARY_NOT_ASSERTED
LEND_FUND,balance_sheet_report_em,FUNDAMENTAL_LEVEL|FUNDAMENTAL_CHANGE|DISCLOSURE_EVENT,NEXT_SESSION_AFTER_MAX_NOTICE_UPDATE,ABSENT,,False,fundamental.statement,NO_FORMAL_SEARCH_IN_THIS_TASK; SOURCE_UNIT_GLOSSARY_NOT_ASSERTED
LEND_FUND_YOY,balance_sheet_report_em,FUNDAMENTAL_CHANGE|DISCLOSURE_EVENT,NEXT_SESSION_AFTER_MAX_NOTICE_UPDATE,ABSENT,,False,fundamental.change.source_reported_yoy,NO_FORMAL_SEARCH_IN_THIS_TASK; SOURCE_UNIT_GLOSSARY_NOT_ASSERTED
LIAB_BALANCE,balance_sheet_report_em,FUNDAMENTAL_LEVEL|FUNDAMENTAL_CHANGE|DISCLOSURE_EVENT,NEXT_SESSION_AFTER_MAX_NOTICE_UPDATE,ABSENT,,False,fundamental.statement,NO_FORMAL_SEARCH_IN_THIS_TASK; SOURCE_UNIT_GLOSSARY_NOT_ASSERTED
LIAB_BALANCE_YOY,balance_sheet_report_em,FUNDAMENTAL_CHANGE|DISCLOSURE_EVENT,NEXT_SESSION_AFTER_MAX_NOTICE_UPDATE,ABSENT,,False,fundamental.change.source_reported_yoy,NO_FORMAL_SEARCH_IN_THIS_TASK; SOURCE_UNIT_GLOSSARY_NOT_ASSERTED
LIAB_EQUITY_BALANCE,balance_sheet_report_em,FUNDAMENTAL_LEVEL|FUNDAMENTAL_CHANGE|DISCLOSURE_EVENT,NEXT_SESSION_AFTER_MAX_NOTICE_UPDATE,ABSENT,,False,fundamental.statement,NO_FORMAL_SEARCH_IN_THIS_TASK; SOURCE_UNIT_GLOSSARY_NOT_ASSERTED
LIAB_EQUITY_BALANCE_YOY,balance_sheet_report_em,FUNDAMENTAL_CHANGE|DISCLOSURE_EVENT,NEXT_SESSION_AFTER_MAX_NOTICE_UPDATE,ABSENT,,False,fundamental.change.source_reported_yoy,NO_FORMAL_SEARCH_IN_THIS_TASK; SOURCE_UNIT_GLOSSARY_NOT_ASSERTED
LIAB_EQUITY_OTHER,balance_sheet_report_em,FUNDAMENTAL_LEVEL|FUNDAMENTAL_CHANGE|DISCLOSURE_EVENT,NEXT_SESSION_AFTER_MAX_NOTICE_UPDATE,ABSENT,,False,fundamental.statement,NO_FORMAL_SEARCH_IN_THIS_TASK; SOURCE_UNIT_GLOSSARY_NOT_ASSERTED
LIAB_EQUITY_OTHER_YOY,balance_sheet_report_em,FUNDAMENTAL_CHANGE|DISCLOSURE_EVENT,NEXT_SESSION_AFTER_MAX_NOTICE_UPDATE,ABSENT,,False,fundamental.change.source_reported_yoy,NO_FORMAL_SEARCH_IN_THIS_TASK; SOURCE_UNIT_GLOSSARY_NOT_ASSERTED
LIAB_OTHER,balance_sheet_report_em,FUNDAMENTAL_LEVEL|FUNDAMENTAL_CHANGE|DISCLOSURE_EVENT,NEXT_SESSION_AFTER_MAX_NOTICE_UPDATE,ABSENT,,False,fundamental.statement,NO_FORMAL_SEARCH_IN_THIS_TASK; SOURCE_UNIT_GLOSSARY_NOT_ASSERTED
LIAB_OTHER_YOY,balance_sheet_report_em,FUNDAMENTAL_CHANGE|DISCLOSURE_EVENT,NEXT_SESSION_AFTER_MAX_NOTICE_UPDATE,ABSENT,,False,fundamental.change.source_reported_yoy,NO_FORMAL_SEARCH_IN_THIS_TASK; SOURCE_UNIT_GLOSSARY_NOT_ASSERTED
LISTING_STATE,balance_sheet_report_em,METADATA_BLOCKED,NEXT_SESSION_AFTER_MAX_NOTICE_UPDATE,ABSENT,,False,BLOCKED,METADATA_NOT_SEARCHABLE
LOAN_ADVANCE,balance_sheet_report_em,FUNDAMENTAL_LEVEL|FUNDAMENTAL_CHANGE|DISCLOSURE_EVENT,NEXT_SESSION_AFTER_MAX_NOTICE_UPDATE,ABSENT,,False,fundamental.statement,NO_FORMAL_SEARCH_IN_THIS_TASK; SOURCE_UNIT_GLOSSARY_NOT_ASSERTED
LOAN_ADVANCE_YOY,balance_sheet_report_em,FUNDAMENTAL_CHANGE|DISCLOSURE_EVENT,NEXT_SESSION_AFTER_MAX_NOTICE_UPDATE,ABSENT,,False,fundamental.change.source_reported_yoy,NO_FORMAL_SEARCH_IN_THIS_TASK; SOURCE_UNIT_GLOSSARY_NOT_ASSERTED
LOAN_PBC,balance_sheet_report_em,FUNDAMENTAL_LEVEL|FUNDAMENTAL_CHANGE|DISCLOSURE_EVENT,NEXT_SESSION_AFTER_MAX_NOTICE_UPDATE,ABSENT,,False,fundamental.statement,NO_FORMAL_SEARCH_IN_THIS_TASK; SOURCE_UNIT_GLOSSARY_NOT_ASSERTED
LOAN_PBC_YOY,balance_sheet_report_em,FUNDAMENTAL_CHANGE|DISCLOSURE_EVENT,NEXT_SESSION_AFTER_MAX_NOTICE_UPDATE,ABSENT,,False,fundamental.change.source_reported_yoy,NO_FORMAL_SEARCH_IN_THIS_TASK; SOURCE_UNIT_GLOSSARY_NOT_ASSERTED
LONG_EQUITY_INVEST,balance_sheet_report_em,FUNDAMENTAL_LEVEL|FUNDAMENTAL_CHANGE|DISCLOSURE_EVENT,NEXT_SESSION_AFTER_MAX_NOTICE_UPDATE,ABSENT,,False,fundamental.statement,NO_FORMAL_SEARCH_IN_THIS_TASK; SOURCE_UNIT_GLOSSARY_NOT_ASSERTED
LONG_EQUITY_INVEST_YOY,balance_sheet_report_em,FUNDAMENTAL_CHANGE|DISCLOSURE_EVENT,NEXT_SESSION_AFTER_MAX_NOTICE_UPDATE,ABSENT,,False,fundamental.change.source_reported_yoy,NO_FORMAL_SEARCH_IN_THIS_TASK; SOURCE_UNIT_GLOSSARY_NOT_ASSERTED
LONG_LOAN,balance_sheet_report_em,FUNDAMENTAL_LEVEL|FUNDAMENTAL_CHANGE|DISCLOSURE_EVENT,NEXT_SESSION_AFTER_MAX_NOTICE_UPDATE,ABSENT,,False,fundamental.statement,NO_FORMAL_SEARCH_IN_THIS_TASK; SOURCE_UNIT_GLOSSARY_NOT_ASSERTED
LONG_LOAN_YOY,balance_sheet_report_em,FUNDAMENTAL_CHANGE|DISCLOSURE_EVENT,NEXT_SESSION_AFTER_MAX_NOTICE_UPDATE,ABSENT,,False,fundamental.change.source_reported_yoy,NO_FORMAL_SEARCH_IN_THIS_TASK; SOURCE_UNIT_GLOSSARY_NOT_ASSERTED
LONG_PAYABLE,balance_sheet_report_em,FUNDAMENTAL_LEVEL|FUNDAMENTAL_CHANGE|DISCLOSURE_EVENT,NEXT_SESSION_AFTER_MAX_NOTICE_UPDATE,ABSENT,,False,fundamental.statement,NO_FORMAL_SEARCH_IN_THIS_TASK; SOURCE_UNIT_GLOSSARY_NOT_ASSERTED
LONG_PAYABLE_YOY,balance_sheet_report_em,FUNDAMENTAL_CHANGE|DISCLOSURE_EVENT,NEXT_SESSION_AFTER_MAX_NOTICE_UPDATE,ABSENT,,False,fundamental.change.source_reported_yoy,NO_FORMAL_SEARCH_IN_THIS_TASK; SOURCE_UNIT_GLOSSARY_NOT_ASSERTED
LONG_PREPAID_EXPENSE,balance_sheet_report_em,FUNDAMENTAL_LEVEL|FUNDAMENTAL_CHANGE|DISCLOSURE_EVENT,NEXT_SESSION_AFTER_MAX_NOTICE_UPDATE,ABSENT,,False,fundamental.statement,NO_FORMAL_SEARCH_IN_THIS_TASK; SOURCE_UNIT_GLOSSARY_NOT_ASSERTED
LONG_PREPAID_EXPENSE_YOY,balance_sheet_report_em,FUNDAMENTAL_CHANGE|DISCLOSURE_EVENT,NEXT_SESSION_AFTER_MAX_NOTICE_UPDATE,ABSENT,,False,fundamental.change.source_reported_yoy,NO_FORMAL_SEARCH_IN_THIS_TASK; SOURCE_UNIT_GLOSSARY_NOT_ASSERTED
LONG_RECE,balance_sheet_report_em,FUNDAMENTAL_LEVEL|FUNDAMENTAL_CHANGE|DISCLOSURE_EVENT,NEXT_SESSION_AFTER_MAX_NOTICE_UPDATE,ABSENT,,False,fundamental.statement,NO_FORMAL_SEARCH_IN_THIS_TASK; SOURCE_UNIT_GLOSSARY_NOT_ASSERTED
LONG_RECE_YOY,balance_sheet_report_em,FUNDAMENTAL_CHANGE|DISCLOSURE_EVENT,NEXT_SESSION_AFTER_MAX_NOTICE_UPDATE,ABSENT,,False,fundamental.change.source_reported_yoy,NO_FORMAL_SEARCH_IN_THIS_TASK; SOURCE_UNIT_GLOSSARY_NOT_ASSERTED
LONG_STAFFSALARY_PAYABLE,balance_sheet_report_em,FUNDAMENTAL_LEVEL|FUNDAMENTAL_CHANGE|DISCLOSURE_EVENT,NEXT_SESSION_AFTER_MAX_NOTICE_UPDATE,ABSENT,,False,fundamental.statement,NO_FORMAL_SEARCH_IN_THIS_TASK; SOURCE_UNIT_GLOSSARY_NOT_ASSERTED
LONG_STAFFSALARY_PAYABLE_YOY,balance_sheet_report_em,FUNDAMENTAL_CHANGE|DISCLOSURE_EVENT,NEXT_SESSION_AFTER_MAX_NOTICE_UPDATE,ABSENT,,False,fundamental.change.source_reported_yoy,NO_FORMAL_SEARCH_IN_THIS_TASK; SOURCE_UNIT_GLOSSARY_NOT_ASSERTED
MINORITY_EQUITY,balance_sheet_report_em,FUNDAMENTAL_LEVEL|FUNDAMENTAL_CHANGE|DISCLOSURE_EVENT,NEXT_SESSION_AFTER_MAX_NOTICE_UPDATE,ABSENT,,False,fundamental.statement,NO_FORMAL_SEARCH_IN_THIS_TASK; SOURCE_UNIT_GLOSSARY_NOT_ASSERTED
MINORITY_EQUITY_YOY,balance_sheet_report_em,FUNDAMENTAL_CHANGE|DISCLOSURE_EVENT,NEXT_SESSION_AFTER_MAX_NOTICE_UPDATE,ABSENT,,False,fundamental.change.source_reported_yoy,NO_FORMAL_SEARCH_IN_THIS_TASK; SOURCE_UNIT_GLOSSARY_NOT_ASSERTED
MONETARYFUNDS,balance_sheet_report_em,FUNDAMENTAL_LEVEL|FUNDAMENTAL_CHANGE|DISCLOSURE_EVENT,NEXT_SESSION_AFTER_MAX_NOTICE_UPDATE,ABSENT,,False,fundamental.statement,NO_FORMAL_SEARCH_IN_THIS_TASK; SOURCE_UNIT_GLOSSARY_NOT_ASSERTED
MONETARYFUNDS_YOY,balance_sheet_report_em,FUNDAMENTAL_CHANGE|DISCLOSURE_EVENT,NEXT_SESSION_AFTER_MAX_NOTICE_UPDATE,ABSENT,,False,fundamental.change.source_reported_yoy,NO_FORMAL_SEARCH_IN_THIS_TASK; SOURCE_UNIT_GLOSSARY_NOT_ASSERTED
MORTGAGE_ASSET_IMPAIRMENT,balance_sheet_report_em,FUNDAMENTAL_LEVEL|FUNDAMENTAL_CHANGE|DISCLOSURE_EVENT,NEXT_SESSION_AFTER_MAX_NOTICE_UPDATE,ABSENT,,False,fundamental.statement,NO_FORMAL_SEARCH_IN_THIS_TASK; SOURCE_UNIT_GLOSSARY_NOT_ASSERTED
MORTGAGE_ASSET_IMPAIRMENT_YOY,balance_sheet_report_em,FUNDAMENTAL_CHANGE|DISCLOSURE_EVENT,NEXT_SESSION_AFTER_MAX_NOTICE_UPDATE,ABSENT,,False,fundamental.change.source_reported_yoy,NO_FORMAL_SEARCH_IN_THIS_TASK; SOURCE_UNIT_GLOSSARY_NOT_ASSERTED
NET_PENDMORTGAGE_ASSET,balance_sheet_report_em,FUNDAMENTAL_LEVEL|FUNDAMENTAL_CHANGE|DISCLOSURE_EVENT,NEXT_SESSION_AFTER_MAX_NOTICE_UPDATE,ABSENT,,False,fundamental.statement,NO_FORMAL_SEARCH_IN_THIS_TASK; SOURCE_UNIT_GLOSSARY_NOT_ASSERTED
NET_PENDMORTGAGE_ASSET_YOY,balance_sheet_report_em,FUNDAMENTAL_CHANGE|DISCLOSURE_EVENT,NEXT_SESSION_AFTER_MAX_NOTICE_UPDATE,ABSENT,,False,fundamental.change.source_reported_yoy,NO_FORMAL_SEARCH_IN_THIS_TASK; SOURCE_UNIT_GLOSSARY_NOT_ASSERTED
NONCURRENT_ASSET_1YEAR,balance_sheet_report_em,FUNDAMENTAL_LEVEL|FUNDAMENTAL_CHANGE|DISCLOSURE_EVENT,NEXT_SESSION_AFTER_MAX_NOTICE_UPDATE,ABSENT,,False,fundamental.statement,NO_FORMAL_SEARCH_IN_THIS_TASK; SOURCE_UNIT_GLOSSARY_NOT_ASSERTED
NONCURRENT_ASSET_1YEAR_YOY,balance_sheet_report_em,FUNDAMENTAL_CHANGE|DISCLOSURE_EVENT,NEXT_SESSION_AFTER_MAX_NOTICE_UPDATE,ABSENT,,False,fundamental.change.source_reported_yoy,NO_FORMAL_SEARCH_IN_THIS_TASK; SOURCE_UNIT_GLOSSARY_NOT_ASSERTED
NONCURRENT_ASSET_BALANCE,balance_sheet_report_em,FUNDAMENTAL_LEVEL|FUNDAMENTAL_CHANGE|DISCLOSURE_EVENT,NEXT_SESSION_AFTER_MAX_NOTICE_UPDATE,ABSENT,,False,fundamental.statement,NO_FORMAL_SEARCH_IN_THIS_TASK; SOURCE_UNIT_GLOSSARY_NOT_ASSERTED
NONCURRENT_ASSET_BALANCE_YOY,balance_sheet_report_em,FUNDAMENTAL_CHANGE|DISCLOSURE_EVENT,NEXT_SESSION_AFTER_MAX_NOTICE_UPDATE,ABSENT,,False,fundamental.change.source_reported_yoy,NO_FORMAL_SEARCH_IN_THIS_TASK; SOURCE_UNIT_GLOSSARY_NOT_ASSERTED
NONCURRENT_ASSET_OTHER,balance_sheet_report_em,FUNDAMENTAL_LEVEL|FUNDAMENTAL_CHANGE|DISCLOSURE_EVENT,NEXT_SESSION_AFTER_MAX_NOTICE_UPDATE,ABSENT,,False,fundamental.statement,NO_FORMAL_SEARCH_IN_THIS_TASK; SOURCE_UNIT_GLOSSARY_NOT_ASSERTED
NONCURRENT_ASSET_OTHER_YOY,balance_sheet_report_em,FUNDAMENTAL_CHANGE|DISCLOSURE_EVENT,NEXT_SESSION_AFTER_MAX_NOTICE_UPDATE,ABSENT,,False,fundamental.change.source_reported_yoy,NO_FORMAL_SEARCH_IN_THIS_TASK; SOURCE_UNIT_GLOSSARY_NOT_ASSERTED
NONCURRENT_LIAB_1YEAR,balance_sheet_report_em,FUNDAMENTAL_LEVEL|FUNDAMENTAL_CHANGE|DISCLOSURE_EVENT,NEXT_SESSION_AFTER_MAX_NOTICE_UPDATE,ABSENT,,False,fundamental.statement,NO_FORMAL_SEARCH_IN_THIS_TASK; SOURCE_UNIT_GLOSSARY_NOT_ASSERTED
NONCURRENT_LIAB_1YEAR_YOY,balance_sheet_report_em,FUNDAMENTAL_CHANGE|DISCLOSURE_EVENT,NEXT_SESSION_AFTER_MAX_NOTICE_UPDATE,ABSENT,,False,fundamental.change.source_reported_yoy,NO_FORMAL_SEARCH_IN_THIS_TASK; SOURCE_UNIT_GLOSSARY_NOT_ASSERTED
NONCURRENT_LIAB_BALANCE,balance_sheet_report_em,FUNDAMENTAL_LEVEL|FUNDAMENTAL_CHANGE|DISCLOSURE_EVENT,NEXT_SESSION_AFTER_MAX_NOTICE_UPDATE,ABSENT,,False,fundamental.statement,NO_FORMAL_SEARCH_IN_THIS_TASK; SOURCE_UNIT_GLOSSARY_NOT_ASSERTED
NONCURRENT_LIAB_BALANCE_YOY,balance_sheet_report_em,FUNDAMENTAL_CHANGE|DISCLOSURE_EVENT,NEXT_SESSION_AFTER_MAX_NOTICE_UPDATE,ABSENT,,False,fundamental.change.source_reported_yoy,NO_FORMAL_SEARCH_IN_THIS_TASK; SOURCE_UNIT_GLOSSARY_NOT_ASSERTED
NONCURRENT_LIAB_OTHER,balance_sheet_report_em,FUNDAMENTAL_LEVEL|FUNDAMENTAL_CHANGE|DISCLOSURE_EVENT,NEXT_SESSION_AFTER_MAX_NOTICE_UPDATE,ABSENT,,False,fundamental.statement,NO_FORMAL_SEARCH_IN_THIS_TASK; SOURCE_UNIT_GLOSSARY_NOT_ASSERTED
NONCURRENT_LIAB_OTHER_YOY,balance_sheet_report_em,FUNDAMENTAL_CHANGE|DISCLOSURE_EVENT,NEXT_SESSION_AFTER_MAX_NOTICE_UPDATE,ABSENT,,False,fundamental.change.source_reported_yoy,NO_FORMAL_SEARCH_IN_THIS_TASK; SOURCE_UNIT_GLOSSARY_NOT_ASSERTED
NOTE_ACCOUNTS_PAYABLE,balance_sheet_report_em,FUNDAMENTAL_LEVEL|FUNDAMENTAL_CHANGE|DISCLOSURE_EVENT,NEXT_SESSION_AFTER_MAX_NOTICE_UPDATE,ABSENT,,False,fundamental.statement,NO_FORMAL_SEARCH_IN_THIS_TASK; SOURCE_UNIT_GLOSSARY_NOT_ASSERTED
NOTE_ACCOUNTS_PAYABLE_YOY,balance_sheet_report_em,FUNDAMENTAL_CHANGE|DISCLOSURE_EVENT,NEXT_SESSION_AFTER_MAX_NOTICE_UPDATE,ABSENT,,False,fundamental.change.source_reported_yoy,NO_FORMAL_SEARCH_IN_THIS_TASK; SOURCE_UNIT_GLOSSARY_NOT_ASSERTED
NOTE_ACCOUNTS_RECE,balance_sheet_report_em,FUNDAMENTAL_LEVEL|FUNDAMENTAL_CHANGE|DISCLOSURE_EVENT,NEXT_SESSION_AFTER_MAX_NOTICE_UPDATE,ABSENT,,False,fundamental.statement,NO_FORMAL_SEARCH_IN_THIS_TASK; SOURCE_UNIT_GLOSSARY_NOT_ASSERTED
NOTE_ACCOUNTS_RECE_YOY,balance_sheet_report_em,FUNDAMENTAL_CHANGE|DISCLOSURE_EVENT,NEXT_SESSION_AFTER_MAX_NOTICE_UPDATE,ABSENT,,False,fundamental.change.source_reported_yoy,NO_FORMAL_SEARCH_IN_THIS_TASK; SOURCE_UNIT_GLOSSARY_NOT_ASSERTED
NOTE_PAYABLE,balance_sheet_report_em,FUNDAMENTAL_LEVEL|FUNDAMENTAL_CHANGE|DISCLOSURE_EVENT,NEXT_SESSION_AFTER_MAX_NOTICE_UPDATE,ABSENT,,False,fundamental.statement,NO_FORMAL_SEARCH_IN_THIS_TASK; SOURCE_UNIT_GLOSSARY_NOT_ASSERTED
NOTE_PAYABLE_YOY,balance_sheet_report_em,FUNDAMENTAL_CHANGE|DISCLOSURE_EVENT,NEXT_SESSION_AFTER_MAX_NOTICE_UPDATE,ABSENT,,False,fundamental.change.source_reported_yoy,NO_FORMAL_SEARCH_IN_THIS_TASK; SOURCE_UNIT_GLOSSARY_NOT_ASSERTED
NOTE_RECE,balance_sheet_report_em,FUNDAMENTAL_LEVEL|FUNDAMENTAL_CHANGE|DISCLOSURE_EVENT,NEXT_SESSION_AFTER_MAX_NOTICE_UPDATE,ABSENT,,False,fundamental.statement,NO_FORMAL_SEARCH_IN_THIS_TASK; SOURCE_UNIT_GLOSSARY_NOT_ASSERTED
NOTE_RECE_YOY,balance_sheet_report_em,FUNDAMENTAL_CHANGE|DISCLOSURE_EVENT,NEXT_SESSION_AFTER_MAX_NOTICE_UPDATE,ABSENT,,False,fundamental.change.source_reported_yoy,NO_FORMAL_SEARCH_IN_THIS_TASK; SOURCE_UNIT_GLOSSARY_NOT_ASSERTED
NOTICE_DATE,balance_sheet_report_em,METADATA_BLOCKED,NEXT_SESSION_AFTER_MAX_NOTICE_UPDATE,ABSENT,,False,BLOCKED,METADATA_NOT_SEARCHABLE
OIL_GAS_ASSET,balance_sheet_report_em,FUNDAMENTAL_LEVEL|FUNDAMENTAL_CHANGE|DISCLOSURE_EVENT,NEXT_SESSION_AFTER_MAX_NOTICE_UPDATE,ABSENT,,False,fundamental.statement,NO_FORMAL_SEARCH_IN_THIS_TASK; SOURCE_UNIT_GLOSSARY_NOT_ASSERTED
OIL_GAS_ASSET_YOY,balance_sheet_report_em,FUNDAMENTAL_CHANGE|DISCLOSURE_EVENT,NEXT_SESSION_AFTER_MAX_NOTICE_UPDATE,ABSENT,,False,fundamental.change.source_reported_yoy,NO_FORMAL_SEARCH_IN_THIS_TASK; SOURCE_UNIT_GLOSSARY_NOT_ASSERTED
OPINION_TYPE,balance_sheet_report_em,METADATA_BLOCKED,NEXT_SESSION_AFTER_MAX_NOTICE_UPDATE,ABSENT,,False,BLOCKED,METADATA_NOT_SEARCHABLE
ORG_CODE,balance_sheet_report_em,METADATA_BLOCKED,NEXT_SESSION_AFTER_MAX_NOTICE_UPDATE,ABSENT,,False,BLOCKED,METADATA_NOT_SEARCHABLE
ORG_TYPE,balance_sheet_report_em,METADATA_BLOCKED,NEXT_SESSION_AFTER_MAX_NOTICE_UPDATE,ABSENT,,False,BLOCKED,METADATA_NOT_SEARCHABLE
OSOOPINION_TYPE,balance_sheet_report_em,FUNDAMENTAL_LEVEL|FUNDAMENTAL_CHANGE|DISCLOSURE_EVENT,NEXT_SESSION_AFTER_MAX_NOTICE_UPDATE,ABSENT,,False,fundamental.statement,NO_FORMAL_SEARCH_IN_THIS_TASK; SOURCE_UNIT_GLOSSARY_NOT_ASSERTED
OSOPINION_TYPE,balance_sheet_report_em,METADATA_BLOCKED,NEXT_SESSION_AFTER_MAX_NOTICE_UPDATE,ABSENT,,False,BLOCKED,METADATA_NOT_SEARCHABLE
OTHER_ASSET,balance_sheet_report_em,FUNDAMENTAL_LEVEL|FUNDAMENTAL_CHANGE|DISCLOSURE_EVENT,NEXT_SESSION_AFTER_MAX_NOTICE_UPDATE,ABSENT,,False,fundamental.statement,NO_FORMAL_SEARCH_IN_THIS_TASK; SOURCE_UNIT_GLOSSARY_NOT_ASSERTED
OTHER_ASSET_YOY,balance_sheet_report_em,FUNDAMENTAL_CHANGE|DISCLOSURE_EVENT,NEXT_SESSION_AFTER_MAX_NOTICE_UPDATE,ABSENT,,False,fundamental.change.source_reported_yoy,NO_FORMAL_SEARCH_IN_THIS_TASK; SOURCE_UNIT_GLOSSARY_NOT_ASSERTED
OTHER_COMPRE_INCOME,balance_sheet_report_em,FUNDAMENTAL_LEVEL|FUNDAMENTAL_CHANGE|DISCLOSURE_EVENT,NEXT_SESSION_AFTER_MAX_NOTICE_UPDATE,ABSENT,,False,fundamental.statement,NO_FORMAL_SEARCH_IN_THIS_TASK; SOURCE_UNIT_GLOSSARY_NOT_ASSERTED
OTHER_COMPRE_INCOME_YOY,balance_sheet_report_em,FUNDAMENTAL_CHANGE|DISCLOSURE_EVENT,NEXT_SESSION_AFTER_MAX_NOTICE_UPDATE,ABSENT,,False,fundamental.change.source_reported_yoy,NO_FORMAL_SEARCH_IN_THIS_TASK; SOURCE_UNIT_GLOSSARY_NOT_ASSERTED
OTHER_CREDITOR_INVEST,balance_sheet_report_em,FUNDAMENTAL_LEVEL|FUNDAMENTAL_CHANGE|DISCLOSURE_EVENT,NEXT_SESSION_AFTER_MAX_NOTICE_UPDATE,ABSENT,,False,fundamental.statement,NO_FORMAL_SEARCH_IN_THIS_TASK; SOURCE_UNIT_GLOSSARY_NOT_ASSERTED
OTHER_CREDITOR_INVEST_YOY,balance_sheet_report_em,FUNDAMENTAL_CHANGE|DISCLOSURE_EVENT,NEXT_SESSION_AFTER_MAX_NOTICE_UPDATE,ABSENT,,False,fundamental.change.source_reported_yoy,NO_FORMAL_SEARCH_IN_THIS_TASK; SOURCE_UNIT_GLOSSARY_NOT_ASSERTED
OTHER_CURRENT_ASSET,balance_sheet_report_em,FUNDAMENTAL_LEVEL|FUNDAMENTAL_CHANGE|DISCLOSURE_EVENT,NEXT_SESSION_AFTER_MAX_NOTICE_UPDATE,ABSENT,,False,fundamental.statement,NO_FORMAL_SEARCH_IN_THIS_TASK; SOURCE_UNIT_GLOSSARY_NOT_ASSERTED
OTHER_CURRENT_ASSET_YOY,balance_sheet_report_em,FUNDAMENTAL_CHANGE|DISCLOSURE_EVENT,NEXT_SESSION_AFTER_MAX_NOTICE_UPDATE,ABSENT,,False,fundamental.change.source_reported_yoy,NO_FORMAL_SEARCH_IN_THIS_TASK; SOURCE_UNIT_GLOSSARY_NOT_ASSERTED
OTHER_CURRENT_LIAB,balance_sheet_report_em,FUNDAMENTAL_LEVEL|FUNDAMENTAL_CHANGE|DISCLOSURE_EVENT,NEXT_SESSION_AFTER_MAX_NOTICE_UPDATE,ABSENT,,False,fundamental.statement,NO_FORMAL_SEARCH_IN_THIS_TASK; SOURCE_UNIT_GLOSSARY_NOT_ASSERTED
OTHER_CURRENT_LIAB_YOY,balance_sheet_report_em,FUNDAMENTAL_CHANGE|DISCLOSURE_EVENT,NEXT_SESSION_AFTER_MAX_NOTICE_UPDATE,ABSENT,,False,fundamental.change.source_reported_yoy,NO_FORMAL_SEARCH_IN_THIS_TASK; SOURCE_UNIT_GLOSSARY_NOT_ASSERTED
OTHER_EQUITY_INVEST,balance_sheet_report_em,FUNDAMENTAL_LEVEL|FUNDAMENTAL_CHANGE|DISCLOSURE_EVENT,NEXT_SESSION_AFTER_MAX_NOTICE_UPDATE,ABSENT,,False,fundamental.statement,NO_FORMAL_SEARCH_IN_THIS_TASK; SOURCE_UNIT_GLOSSARY_NOT_ASSERTED
OTHER_EQUITY_INVEST_YOY,balance_sheet_report_em,FUNDAMENTAL_CHANGE|DISCLOSURE_EVENT,NEXT_SESSION_AFTER_MAX_NOTICE_UPDATE,ABSENT,,False,fundamental.change.source_reported_yoy,NO_FORMAL_SEARCH_IN_THIS_TASK; SOURCE_UNIT_GLOSSARY_NOT_ASSERTED
OTHER_EQUITY_OTHER,balance_sheet_report_em,FUNDAMENTAL_LEVEL|FUNDAMENTAL_CHANGE|DISCLOSURE_EVENT,NEXT_SESSION_AFTER_MAX_NOTICE_UPDATE,ABSENT,,False,fundamental.statement,NO_FORMAL_SEARCH_IN_THIS_TASK; SOURCE_UNIT_GLOSSARY_NOT_ASSERTED
OTHER_EQUITY_OTHER_YOY,balance_sheet_report_em,FUNDAMENTAL_CHANGE|DISCLOSURE_EVENT,NEXT_SESSION_AFTER_MAX_NOTICE_UPDATE,ABSENT,,False,fundamental.change.source_reported_yoy,NO_FORMAL_SEARCH_IN_THIS_TASK; SOURCE_UNIT_GLOSSARY_NOT_ASSERTED
OTHER_EQUITY_TOOL,balance_sheet_report_em,FUNDAMENTAL_LEVEL|FUNDAMENTAL_CHANGE|DISCLOSURE_EVENT,NEXT_SESSION_AFTER_MAX_NOTICE_UPDATE,ABSENT,,False,fundamental.statement,NO_FORMAL_SEARCH_IN_THIS_TASK; SOURCE_UNIT_GLOSSARY_NOT_ASSERTED
OTHER_EQUITY_TOOL_YOY,balance_sheet_report_em,FUNDAMENTAL_CHANGE|DISCLOSURE_EVENT,NEXT_SESSION_AFTER_MAX_NOTICE_UPDATE,ABSENT,,False,fundamental.change.source_reported_yoy,NO_FORMAL_SEARCH_IN_THIS_TASK; SOURCE_UNIT_GLOSSARY_NOT_ASSERTED
OTHER_LIAB,balance_sheet_report_em,FUNDAMENTAL_LEVEL|FUNDAMENTAL_CHANGE|DISCLOSURE_EVENT,NEXT_SESSION_AFTER_MAX_NOTICE_UPDATE,ABSENT,,False,fundamental.statement,NO_FORMAL_SEARCH_IN_THIS_TASK; SOURCE_UNIT_GLOSSARY_NOT_ASSERTED
OTHER_LIAB_YOY,balance_sheet_report_em,FUNDAMENTAL_CHANGE|DISCLOSURE_EVENT,NEXT_SESSION_AFTER_MAX_NOTICE_UPDATE,ABSENT,,False,fundamental.change.source_reported_yoy,NO_FORMAL_SEARCH_IN_THIS_TASK; SOURCE_UNIT_GLOSSARY_NOT_ASSERTED
OTHER_NONCURRENT_ASSET,balance_sheet_report_em,FUNDAMENTAL_LEVEL|FUNDAMENTAL_CHANGE|DISCLOSURE_EVENT,NEXT_SESSION_AFTER_MAX_NOTICE_UPDATE,ABSENT,,False,fundamental.statement,NO_FORMAL_SEARCH_IN_THIS_TASK; SOURCE_UNIT_GLOSSARY_NOT_ASSERTED
OTHER_NONCURRENT_ASSET_YOY,balance_sheet_report_em,FUNDAMENTAL_CHANGE|DISCLOSURE_EVENT,NEXT_SESSION_AFTER_MAX_NOTICE_UPDATE,ABSENT,,False,fundamental.change.source_reported_yoy,NO_FORMAL_SEARCH_IN_THIS_TASK; SOURCE_UNIT_GLOSSARY_NOT_ASSERTED
OTHER_NONCURRENT_FINASSET,balance_sheet_report_em,FUNDAMENTAL_LEVEL|FUNDAMENTAL_CHANGE|DISCLOSURE_EVENT,NEXT_SESSION_AFTER_MAX_NOTICE_UPDATE,ABSENT,,False,fundamental.statement,NO_FORMAL_SEARCH_IN_THIS_TASK; SOURCE_UNIT_GLOSSARY_NOT_ASSERTED
OTHER_NONCURRENT_FINASSET_YOY,balance_sheet_report_em,FUNDAMENTAL_CHANGE|DISCLOSURE_EVENT,NEXT_SESSION_AFTER_MAX_NOTICE_UPDATE,ABSENT,,False,fundamental.change.source_reported_yoy,NO_FORMAL_SEARCH_IN_THIS_TASK; SOURCE_UNIT_GLOSSARY_NOT_ASSERTED
OTHER_NONCURRENT_LIAB,balance_sheet_report_em,FUNDAMENTAL_LEVEL|FUNDAMENTAL_CHANGE|DISCLOSURE_EVENT,NEXT_SESSION_AFTER_MAX_NOTICE_UPDATE,ABSENT,,False,fundamental.statement,NO_FORMAL_SEARCH_IN_THIS_TASK; SOURCE_UNIT_GLOSSARY_NOT_ASSERTED
OTHER_NONCURRENT_LIAB_YOY,balance_sheet_report_em,FUNDAMENTAL_CHANGE|DISCLOSURE_EVENT,NEXT_SESSION_AFTER_MAX_NOTICE_UPDATE,ABSENT,,False,fundamental.change.source_reported_yoy,NO_FORMAL_SEARCH_IN_THIS_TASK; SOURCE_UNIT_GLOSSARY_NOT_ASSERTED
OTHER_PAYABLE,balance_sheet_report_em,FUNDAMENTAL_LEVEL|FUNDAMENTAL_CHANGE|DISCLOSURE_EVENT,NEXT_SESSION_AFTER_MAX_NOTICE_UPDATE,ABSENT,,False,fundamental.statement,NO_FORMAL_SEARCH_IN_THIS_TASK; SOURCE_UNIT_GLOSSARY_NOT_ASSERTED
OTHER_PAYABLE_YOY,balance_sheet_report_em,FUNDAMENTAL_CHANGE|DISCLOSURE_EVENT,NEXT_SESSION_AFTER_MAX_NOTICE_UPDATE,ABSENT,,False,fundamental.change.source_reported_yoy,NO_FORMAL_SEARCH_IN_THIS_TASK; SOURCE_UNIT_GLOSSARY_NOT_ASSERTED
OTHER_RECE,balance_sheet_report_em,FUNDAMENTAL_LEVEL|FUNDAMENTAL_CHANGE|DISCLOSURE_EVENT,NEXT_SESSION_AFTER_MAX_NOTICE_UPDATE,ABSENT,,False,fundamental.statement,NO_FORMAL_SEARCH_IN_THIS_TASK; SOURCE_UNIT_GLOSSARY_NOT_ASSERTED
OTHER_RECE_YOY,balance_sheet_report_em,FUNDAMENTAL_CHANGE|DISCLOSURE_EVENT,NEXT_SESSION_AFTER_MAX_NOTICE_UPDATE,ABSENT,,False,fundamental.change.source_reported_yoy,NO_FORMAL_SEARCH_IN_THIS_TASK; SOURCE_UNIT_GLOSSARY_NOT_ASSERTED
OUTWARD_REMIT,balance_sheet_report_em,FUNDAMENTAL_LEVEL|FUNDAMENTAL_CHANGE|DISCLOSURE_EVENT,NEXT_SESSION_AFTER_MAX_NOTICE_UPDATE,ABSENT,,False,fundamental.statement,NO_FORMAL_SEARCH_IN_THIS_TASK; SOURCE_UNIT_GLOSSARY_NOT_ASSERTED
OUTWARD_REMIT_YOY,balance_sheet_report_em,FUNDAMENTAL_CHANGE|DISCLOSURE_EVENT,NEXT_SESSION_AFTER_MAX_NOTICE_UPDATE,ABSENT,,False,fundamental.change.source_reported_yoy,NO_FORMAL_SEARCH_IN_THIS_TASK; SOURCE_UNIT_GLOSSARY_NOT_ASSERTED
PARENT_EQUITY_BALANCE,balance_sheet_report_em,FUNDAMENTAL_LEVEL|FUNDAMENTAL_CHANGE|DISCLOSURE_EVENT,NEXT_SESSION_AFTER_MAX_NOTICE_UPDATE,ABSENT,,False,fundamental.statement,NO_FORMAL_SEARCH_IN_THIS_TASK; SOURCE_UNIT_GLOSSARY_NOT_ASSERTED
PARENT_EQUITY_BALANCE_YOY,balance_sheet_report_em,FUNDAMENTAL_CHANGE|DISCLOSURE_EVENT,NEXT_SESSION_AFTER_MAX_NOTICE_UPDATE,ABSENT,,False,fundamental.change.source_reported_yoy,NO_FORMAL_SEARCH_IN_THIS_TASK; SOURCE_UNIT_GLOSSARY_NOT_ASSERTED
PARENT_EQUITY_OTHER,balance_sheet_report_em,FUNDAMENTAL_LEVEL|FUNDAMENTAL_CHANGE|DISCLOSURE_EVENT,NEXT_SESSION_AFTER_MAX_NOTICE_UPDATE,ABSENT,,False,fundamental.statement,NO_FORMAL_SEARCH_IN_THIS_TASK; SOURCE_UNIT_GLOSSARY_NOT_ASSERTED
PARENT_EQUITY_OTHER_YOY,balance_sheet_report_em,FUNDAMENTAL_CHANGE|DISCLOSURE_EVENT,NEXT_SESSION_AFTER_MAX_NOTICE_UPDATE,ABSENT,,False,fundamental.change.source_reported_yoy,NO_FORMAL_SEARCH_IN_THIS_TASK; SOURCE_UNIT_GLOSSARY_NOT_ASSERTED
PEND_MORTGAGE_ASSET,balance_sheet_report_em,FUNDAMENTAL_LEVEL|FUNDAMENTAL_CHANGE|DISCLOSURE_EVENT,NEXT_SESSION_AFTER_MAX_NOTICE_UPDATE,ABSENT,,False,fundamental.statement,NO_FORMAL_SEARCH_IN_THIS_TASK; SOURCE_UNIT_GLOSSARY_NOT_ASSERTED
PEND_MORTGAGE_ASSET_YOY,balance_sheet_report_em,FUNDAMENTAL_CHANGE|DISCLOSURE_EVENT,NEXT_SESSION_AFTER_MAX_NOTICE_UPDATE,ABSENT,,False,fundamental.change.source_reported_yoy,NO_FORMAL_SEARCH_IN_THIS_TASK; SOURCE_UNIT_GLOSSARY_NOT_ASSERTED
PERPETUAL_BOND,balance_sheet_report_em,FUNDAMENTAL_LEVEL|FUNDAMENTAL_CHANGE|DISCLOSURE_EVENT,NEXT_SESSION_AFTER_MAX_NOTICE_UPDATE,ABSENT,,False,fundamental.statement,NO_FORMAL_SEARCH_IN_THIS_TASK; SOURCE_UNIT_GLOSSARY_NOT_ASSERTED
PERPETUAL_BOND_PAYBALE,balance_sheet_report_em,FUNDAMENTAL_LEVEL|FUNDAMENTAL_CHANGE|DISCLOSURE_EVENT,NEXT_SESSION_AFTER_MAX_NOTICE_UPDATE,ABSENT,,False,fundamental.statement,NO_FORMAL_SEARCH_IN_THIS_TASK; SOURCE_UNIT_GLOSSARY_NOT_ASSERTED
PERPETUAL_BOND_PAYBALE_YOY,balance_sheet_report_em,FUNDAMENTAL_CHANGE|DISCLOSURE_EVENT,NEXT_SESSION_AFTER_MAX_NOTICE_UPDATE,ABSENT,,False,fundamental.change.source_reported_yoy,NO_FORMAL_SEARCH_IN_THIS_TASK; SOURCE_UNIT_GLOSSARY_NOT_ASSERTED
PERPETUAL_BOND_YOY,balance_sheet_report_em,FUNDAMENTAL_CHANGE|DISCLOSURE_EVENT,NEXT_SESSION_AFTER_MAX_NOTICE_UPDATE,ABSENT,,False,fundamental.change.source_reported_yoy,NO_FORMAL_SEARCH_IN_THIS_TASK; SOURCE_UNIT_GLOSSARY_NOT_ASSERTED
PLEDGE_LOAN,balance_sheet_report_em,FUNDAMENTAL_LEVEL|FUNDAMENTAL_CHANGE|DISCLOSURE_EVENT,NEXT_SESSION_AFTER_MAX_NOTICE_UPDATE,ABSENT,,False,fundamental.statement,NO_FORMAL_SEARCH_IN_THIS_TASK; SOURCE_UNIT_GLOSSARY_NOT_ASSERTED
PLEDGE_LOAN_YOY,balance_sheet_report_em,FUNDAMENTAL_CHANGE|DISCLOSURE_EVENT,NEXT_SESSION_AFTER_MAX_NOTICE_UPDATE,ABSENT,,False,fundamental.change.source_reported_yoy,NO_FORMAL_SEARCH_IN_THIS_TASK; SOURCE_UNIT_GLOSSARY_NOT_ASSERTED
POLICY_BONUS_PAYABLE,balance_sheet_report_em,FUNDAMENTAL_LEVEL|FUNDAMENTAL_CHANGE|DISCLOSURE_EVENT,NEXT_SESSION_AFTER_MAX_NOTICE_UPDATE,ABSENT,,False,fundamental.statement,NO_FORMAL_SEARCH_IN_THIS_TASK; SOURCE_UNIT_GLOSSARY_NOT_ASSERTED
POLICY_BONUS_PAYABLE_YOY,balance_sheet_report_em,FUNDAMENTAL_CHANGE|DISCLOSURE_EVENT,NEXT_SESSION_AFTER_MAX_NOTICE_UPDATE,ABSENT,,False,fundamental.change.source_reported_yoy,NO_FORMAL_SEARCH_IN_THIS_TASK; SOURCE_UNIT_GLOSSARY_NOT_ASSERTED
PRECIOUS_METAL,balance_sheet_report_em,FUNDAMENTAL_LEVEL|FUNDAMENTAL_CHANGE|DISCLOSURE_EVENT,NEXT_SESSION_AFTER_MAX_NOTICE_UPDATE,ABSENT,,False,fundamental.statement,NO_FORMAL_SEARCH_IN_THIS_TASK; SOURCE_UNIT_GLOSSARY_NOT_ASSERTED
PRECIOUS_METAL_YOY,balance_sheet_report_em,FUNDAMENTAL_CHANGE|DISCLOSURE_EVENT,NEXT_SESSION_AFTER_MAX_NOTICE_UPDATE,ABSENT,,False,fundamental.change.source_reported_yoy,NO_FORMAL_SEARCH_IN_THIS_TASK; SOURCE_UNIT_GLOSSARY_NOT_ASSERTED
PREDICT_CURRENT_LIAB,balance_sheet_report_em,FUNDAMENTAL_LEVEL|FUNDAMENTAL_CHANGE|DISCLOSURE_EVENT,NEXT_SESSION_AFTER_MAX_NOTICE_UPDATE,ABSENT,,False,fundamental.statement,NO_FORMAL_SEARCH_IN_THIS_TASK; SOURCE_UNIT_GLOSSARY_NOT_ASSERTED
PREDICT_CURRENT_LIAB_YOY,balance_sheet_report_em,FUNDAMENTAL_CHANGE|DISCLOSURE_EVENT,NEXT_SESSION_AFTER_MAX_NOTICE_UPDATE,ABSENT,,False,fundamental.change.source_reported_yoy,NO_FORMAL_SEARCH_IN_THIS_TASK; SOURCE_UNIT_GLOSSARY_NOT_ASSERTED
PREDICT_LIAB,balance_sheet_report_em,FUNDAMENTAL_LEVEL|FUNDAMENTAL_CHANGE|DISCLOSURE_EVENT,NEXT_SESSION_AFTER_MAX_NOTICE_UPDATE,ABSENT,,False,fundamental.statement,NO_FORMAL_SEARCH_IN_THIS_TASK; SOURCE_UNIT_GLOSSARY_NOT_ASSERTED
PREDICT_LIAB_YOY,balance_sheet_report_em,FUNDAMENTAL_CHANGE|DISCLOSURE_EVENT,NEXT_SESSION_AFTER_MAX_NOTICE_UPDATE,ABSENT,,False,fundamental.change.source_reported_yoy,NO_FORMAL_SEARCH_IN_THIS_TASK; SOURCE_UNIT_GLOSSARY_NOT_ASSERTED
PREFERRED_SHARES,balance_sheet_report_em,FUNDAMENTAL_LEVEL|FUNDAMENTAL_CHANGE|DISCLOSURE_EVENT,NEXT_SESSION_AFTER_MAX_NOTICE_UPDATE,ABSENT,,False,fundamental.statement,NO_FORMAL_SEARCH_IN_THIS_TASK; SOURCE_UNIT_GLOSSARY_NOT_ASSERTED
PREFERRED_SHARES_PAYBALE,balance_sheet_report_em,FUNDAMENTAL_LEVEL|FUNDAMENTAL_CHANGE|DISCLOSURE_EVENT,NEXT_SESSION_AFTER_MAX_NOTICE_UPDATE,ABSENT,,False,fundamental.statement,NO_FORMAL_SEARCH_IN_THIS_TASK; SOURCE_UNIT_GLOSSARY_NOT_ASSERTED
PREFERRED_SHARES_PAYBALE_YOY,balance_sheet_report_em,FUNDAMENTAL_CHANGE|DISCLOSURE_EVENT,NEXT_SESSION_AFTER_MAX_NOTICE_UPDATE,ABSENT,,False,fundamental.change.source_reported_yoy,NO_FORMAL_SEARCH_IN_THIS_TASK; SOURCE_UNIT_GLOSSARY_NOT_ASSERTED
PREFERRED_SHARES_YOY,balance_sheet_report_em,FUNDAMENTAL_CHANGE|DISCLOSURE_EVENT,NEXT_SESSION_AFTER_MAX_NOTICE_UPDATE,ABSENT,,False,fundamental.change.source_reported_yoy,NO_FORMAL_SEARCH_IN_THIS_TASK; SOURCE_UNIT_GLOSSARY_NOT_ASSERTED
PREMIUM_RECE,balance_sheet_report_em,FUNDAMENTAL_LEVEL|FUNDAMENTAL_CHANGE|DISCLOSURE_EVENT,NEXT_SESSION_AFTER_MAX_NOTICE_UPDATE,ABSENT,,False,fundamental.statement,NO_FORMAL_SEARCH_IN_THIS_TASK; SOURCE_UNIT_GLOSSARY_NOT_ASSERTED
PREMIUM_RECE_YOY,balance_sheet_report_em,FUNDAMENTAL_CHANGE|DISCLOSURE_EVENT,NEXT_SESSION_AFTER_MAX_NOTICE_UPDATE,ABSENT,,False,fundamental.change.source_reported_yoy,NO_FORMAL_SEARCH_IN_THIS_TASK; SOURCE_UNIT_GLOSSARY_NOT_ASSERTED
PREPAYMENT,balance_sheet_report_em,FUNDAMENTAL_LEVEL|FUNDAMENTAL_CHANGE|DISCLOSURE_EVENT,NEXT_SESSION_AFTER_MAX_NOTICE_UPDATE,ABSENT,,False,fundamental.statement,NO_FORMAL_SEARCH_IN_THIS_TASK; SOURCE_UNIT_GLOSSARY_NOT_ASSERTED
PREPAYMENT_YOY,balance_sheet_report_em,FUNDAMENTAL_CHANGE|DISCLOSURE_EVENT,NEXT_SESSION_AFTER_MAX_NOTICE_UPDATE,ABSENT,,False,fundamental.change.source_reported_yoy,NO_FORMAL_SEARCH_IN_THIS_TASK; SOURCE_UNIT_GLOSSARY_NOT_ASSERTED
PRODUCTIVE_BIOLOGY_ASSET,balance_sheet_report_em,FUNDAMENTAL_LEVEL|FUNDAMENTAL_CHANGE|DISCLOSURE_EVENT,NEXT_SESSION_AFTER_MAX_NOTICE_UPDATE,ABSENT,,False,fundamental.statement,NO_FORMAL_SEARCH_IN_THIS_TASK; SOURCE_UNIT_GLOSSARY_NOT_ASSERTED
PRODUCTIVE_BIOLOGY_ASSET_YOY,balance_sheet_report_em,FUNDAMENTAL_CHANGE|DISCLOSURE_EVENT,NEXT_SESSION_AFTER_MAX_NOTICE_UPDATE,ABSENT,,False,fundamental.change.source_reported_yoy,NO_FORMAL_SEARCH_IN_THIS_TASK; SOURCE_UNIT_GLOSSARY_NOT_ASSERTED
PROJECT_MATERIAL,balance_sheet_report_em,FUNDAMENTAL_LEVEL|FUNDAMENTAL_CHANGE|DISCLOSURE_EVENT,NEXT_SESSION_AFTER_MAX_NOTICE_UPDATE,ABSENT,,False,fundamental.statement,NO_FORMAL_SEARCH_IN_THIS_TASK; SOURCE_UNIT_GLOSSARY_NOT_ASSERTED
PROJECT_MATERIAL_YOY,balance_sheet_report_em,FUNDAMENTAL_CHANGE|DISCLOSURE_EVENT,NEXT_SESSION_AFTER_MAX_NOTICE_UPDATE,ABSENT,,False,fundamental.change.source_reported_yoy,NO_FORMAL_SEARCH_IN_THIS_TASK; SOURCE_UNIT_GLOSSARY_NOT_ASSERTED
RC_RESERVE_RECE,balance_sheet_report_em,FUNDAMENTAL_LEVEL|FUNDAMENTAL_CHANGE|DISCLOSURE_EVENT,NEXT_SESSION_AFTER_MAX_NOTICE_UPDATE,ABSENT,,False,fundamental.statement,NO_FORMAL_SEARCH_IN_THIS_TASK; SOURCE_UNIT_GLOSSARY_NOT_ASSERTED
RC_RESERVE_RECE_YOY,balance_sheet_report_em,FUNDAMENTAL_CHANGE|DISCLOSURE_EVENT,NEXT_SESSION_AFTER_MAX_NOTICE_UPDATE,ABSENT,,False,fundamental.change.source_reported_yoy,NO_FORMAL_SEARCH_IN_THIS_TASK; SOURCE_UNIT_GLOSSARY_NOT_ASSERTED
RECEIVABLES,balance_sheet_report_em,FUNDAMENTAL_LEVEL|FUNDAMENTAL_CHANGE|DISCLOSURE_EVENT,NEXT_SESSION_AFTER_MAX_NOTICE_UPDATE,ABSENT,,False,fundamental.statement,NO_FORMAL_SEARCH_IN_THIS_TASK; SOURCE_UNIT_GLOSSARY_NOT_ASSERTED
RECEIVABLES_YOY,balance_sheet_report_em,FUNDAMENTAL_CHANGE|DISCLOSURE_EVENT,NEXT_SESSION_AFTER_MAX_NOTICE_UPDATE,ABSENT,,False,fundamental.change.source_reported_yoy,NO_FORMAL_SEARCH_IN_THIS_TASK; SOURCE_UNIT_GLOSSARY_NOT_ASSERTED
REFUND_CAPITAL_DEPOSIT,balance_sheet_report_em,FUNDAMENTAL_LEVEL|FUNDAMENTAL_CHANGE|DISCLOSURE_EVENT,NEXT_SESSION_AFTER_MAX_NOTICE_UPDATE,ABSENT,,False,fundamental.statement,NO_FORMAL_SEARCH_IN_THIS_TASK; SOURCE_UNIT_GLOSSARY_NOT_ASSERTED
REFUND_CAPITAL_DEPOSIT_YOY,balance_sheet_report_em,FUNDAMENTAL_CHANGE|DISCLOSURE_EVENT,NEXT_SESSION_AFTER_MAX_NOTICE_UPDATE,ABSENT,,False,fundamental.change.source_reported_yoy,NO_FORMAL_SEARCH_IN_THIS_TASK; SOURCE_UNIT_GLOSSARY_NOT_ASSERTED
REFUND_DEPOSIT_PAY,balance_sheet_report_em,FUNDAMENTAL_LEVEL|FUNDAMENTAL_CHANGE|DISCLOSURE_EVENT,NEXT_SESSION_AFTER_MAX_NOTICE_UPDATE,ABSENT,,False,fundamental.statement,NO_FORMAL_SEARCH_IN_THIS_TASK; SOURCE_UNIT_GLOSSARY_NOT_ASSERTED
REFUND_DEPOSIT_PAY_YOY,balance_sheet_report_em,FUNDAMENTAL_CHANGE|DISCLOSURE_EVENT,NEXT_SESSION_AFTER_MAX_NOTICE_UPDATE,ABSENT,,False,fundamental.change.source_reported_yoy,NO_FORMAL_SEARCH_IN_THIS_TASK; SOURCE_UNIT_GLOSSARY_NOT_ASSERTED
REFUND_DEPOSIT_RECE,balance_sheet_report_em,FUNDAMENTAL_LEVEL|FUNDAMENTAL_CHANGE|DISCLOSURE_EVENT,NEXT_SESSION_AFTER_MAX_NOTICE_UPDATE,ABSENT,,False,fundamental.statement,NO_FORMAL_SEARCH_IN_THIS_TASK; SOURCE_UNIT_GLOSSARY_NOT_ASSERTED
REFUND_DEPOSIT_RECE_YOY,balance_sheet_report_em,FUNDAMENTAL_CHANGE|DISCLOSURE_EVENT,NEXT_SESSION_AFTER_MAX_NOTICE_UPDATE,ABSENT,,False,fundamental.change.source_reported_yoy,NO_FORMAL_SEARCH_IN_THIS_TASK; SOURCE_UNIT_GLOSSARY_NOT_ASSERTED
REINSURE_PAYABLE,balance_sheet_report_em,FUNDAMENTAL_LEVEL|FUNDAMENTAL_CHANGE|DISCLOSURE_EVENT,NEXT_SESSION_AFTER_MAX_NOTICE_UPDATE,ABSENT,,False,fundamental.statement,NO_FORMAL_SEARCH_IN_THIS_TASK; SOURCE_UNIT_GLOSSARY_NOT_ASSERTED
REINSURE_PAYABLE_YOY,balance_sheet_report_em,FUNDAMENTAL_CHANGE|DISCLOSURE_EVENT,NEXT_SESSION_AFTER_MAX_NOTICE_UPDATE,ABSENT,,False,fundamental.change.source_reported_yoy,NO_FORMAL_SEARCH_IN_THIS_TASK; SOURCE_UNIT_GLOSSARY_NOT_ASSERTED
REINSURE_RECE,balance_sheet_report_em,FUNDAMENTAL_LEVEL|FUNDAMENTAL_CHANGE|DISCLOSURE_EVENT,NEXT_SESSION_AFTER_MAX_NOTICE_UPDATE,ABSENT,,False,fundamental.statement,NO_FORMAL_SEARCH_IN_THIS_TASK; SOURCE_UNIT_GLOSSARY_NOT_ASSERTED
REINSURE_RECE_YOY,balance_sheet_report_em,FUNDAMENTAL_CHANGE|DISCLOSURE_EVENT,NEXT_SESSION_AFTER_MAX_NOTICE_UPDATE,ABSENT,,False,fundamental.change.source_reported_yoy,NO_FORMAL_SEARCH_IN_THIS_TASK; SOURCE_UNIT_GLOSSARY_NOT_ASSERTED
REPORT_DATE,balance_sheet_report_em,METADATA_BLOCKED,NEXT_SESSION_AFTER_MAX_NOTICE_UPDATE,ABSENT,,False,BLOCKED,METADATA_NOT_SEARCHABLE
REPORT_DATE_NAME,balance_sheet_report_em,METADATA_BLOCKED,NEXT_SESSION_AFTER_MAX_NOTICE_UPDATE,ABSENT,,False,BLOCKED,METADATA_NOT_SEARCHABLE
REPORT_TYPE,balance_sheet_report_em,METADATA_BLOCKED,NEXT_SESSION_AFTER_MAX_NOTICE_UPDATE,ABSENT,,False,BLOCKED,METADATA_NOT_SEARCHABLE
RHD_RESERVE_RECE,balance_sheet_report_em,FUNDAMENTAL_LEVEL|FUNDAMENTAL_CHANGE|DISCLOSURE_EVENT,NEXT_SESSION_AFTER_MAX_NOTICE_UPDATE,ABSENT,,False,fundamental.statement,NO_FORMAL_SEARCH_IN_THIS_TASK; SOURCE_UNIT_GLOSSARY_NOT_ASSERTED
RHD_RESERVE_RECE_YOY,balance_sheet_report_em,FUNDAMENTAL_CHANGE|DISCLOSURE_EVENT,NEXT_SESSION_AFTER_MAX_NOTICE_UPDATE,ABSENT,,False,fundamental.change.source_reported_yoy,NO_FORMAL_SEARCH_IN_THIS_TASK; SOURCE_UNIT_GLOSSARY_NOT_ASSERTED
RLD_RESERVE_RECE,balance_sheet_report_em,FUNDAMENTAL_LEVEL|FUNDAMENTAL_CHANGE|DISCLOSURE_EVENT,NEXT_SESSION_AFTER_MAX_NOTICE_UPDATE,ABSENT,,False,fundamental.statement,NO_FORMAL_SEARCH_IN_THIS_TASK; SOURCE_UNIT_GLOSSARY_NOT_ASSERTED
RLD_RESERVE_RECE_YOY,balance_sheet_report_em,FUNDAMENTAL_CHANGE|DISCLOSURE_EVENT,NEXT_SESSION_AFTER_MAX_NOTICE_UPDATE,ABSENT,,False,fundamental.change.source_reported_yoy,NO_FORMAL_SEARCH_IN_THIS_TASK; SOURCE_UNIT_GLOSSARY_NOT_ASSERTED
RUC_RESERVE_RECE,balance_sheet_report_em,FUNDAMENTAL_LEVEL|FUNDAMENTAL_CHANGE|DISCLOSURE_EVENT,NEXT_SESSION_AFTER_MAX_NOTICE_UPDATE,ABSENT,,False,fundamental.statement,NO_FORMAL_SEARCH_IN_THIS_TASK; SOURCE_UNIT_GLOSSARY_NOT_ASSERTED
RUC_RESERVE_RECE_YOY,balance_sheet_report_em,FUNDAMENTAL_CHANGE|DISCLOSURE_EVENT,NEXT_SESSION_AFTER_MAX_NOTICE_UPDATE,ABSENT,,False,fundamental.change.source_reported_yoy,NO_FORMAL_SEARCH_IN_THIS_TASK; SOURCE_UNIT_GLOSSARY_NOT_ASSERTED
RUD_RESERVE_RECE,balance_sheet_report_em,FUNDAMENTAL_LEVEL|FUNDAMENTAL_CHANGE|DISCLOSURE_EVENT,NEXT_SESSION_AFTER_MAX_NOTICE_UPDATE,ABSENT,,False,fundamental.statement,NO_FORMAL_SEARCH_IN_THIS_TASK; SOURCE_UNIT_GLOSSARY_NOT_ASSERTED
RUD_RESERVE_RECE_YOY,balance_sheet_report_em,FUNDAMENTAL_CHANGE|DISCLOSURE_EVENT,NEXT_SESSION_AFTER_MAX_NOTICE_UPDATE,ABSENT,,False,fundamental.change.source_reported_yoy,NO_FORMAL_SEARCH_IN_THIS_TASK; SOURCE_UNIT_GLOSSARY_NOT_ASSERTED
SECUCODE,balance_sheet_report_em,METADATA_BLOCKED,NEXT_SESSION_AFTER_MAX_NOTICE_UPDATE,ABSENT,,False,BLOCKED,METADATA_NOT_SEARCHABLE
SECURITY_CODE,balance_sheet_report_em,METADATA_BLOCKED,NEXT_SESSION_AFTER_MAX_NOTICE_UPDATE,ABSENT,,False,BLOCKED,METADATA_NOT_SEARCHABLE
SECURITY_NAME_ABBR,balance_sheet_report_em,METADATA_BLOCKED,NEXT_SESSION_AFTER_MAX_NOTICE_UPDATE,ABSENT,,False,BLOCKED,METADATA_NOT_SEARCHABLE
SECURITY_TYPE_CODE,balance_sheet_report_em,METADATA_BLOCKED,NEXT_SESSION_AFTER_MAX_NOTICE_UPDATE,ABSENT,,False,BLOCKED,METADATA_NOT_SEARCHABLE
SELL_REPO_FINASSET,balance_sheet_report_em,FUNDAMENTAL_LEVEL|FUNDAMENTAL_CHANGE|DISCLOSURE_EVENT,NEXT_SESSION_AFTER_MAX_NOTICE_UPDATE,ABSENT,,False,fundamental.statement,NO_FORMAL_SEARCH_IN_THIS_TASK; SOURCE_UNIT_GLOSSARY_NOT_ASSERTED
SELL_REPO_FINASSET_YOY,balance_sheet_report_em,FUNDAMENTAL_CHANGE|DISCLOSURE_EVENT,NEXT_SESSION_AFTER_MAX_NOTICE_UPDATE,ABSENT,,False,fundamental.change.source_reported_yoy,NO_FORMAL_SEARCH_IN_THIS_TASK; SOURCE_UNIT_GLOSSARY_NOT_ASSERTED
SETTLE_EXCESS_RESERVE,balance_sheet_report_em,FUNDAMENTAL_LEVEL|FUNDAMENTAL_CHANGE|DISCLOSURE_EVENT,NEXT_SESSION_AFTER_MAX_NOTICE_UPDATE,ABSENT,,False,fundamental.statement,NO_FORMAL_SEARCH_IN_THIS_TASK; SOURCE_UNIT_GLOSSARY_NOT_ASSERTED
SETTLE_EXCESS_RESERVE_YOY,balance_sheet_report_em,FUNDAMENTAL_CHANGE|DISCLOSURE_EVENT,NEXT_SESSION_AFTER_MAX_NOTICE_UPDATE,ABSENT,,False,fundamental.change.source_reported_yoy,NO_FORMAL_SEARCH_IN_THIS_TASK; SOURCE_UNIT_GLOSSARY_NOT_ASSERTED
SHARE_CAPITAL,balance_sheet_report_em,FUNDAMENTAL_LEVEL|FUNDAMENTAL_CHANGE|DISCLOSURE_EVENT,NEXT_SESSION_AFTER_MAX_NOTICE_UPDATE,ABSENT,,False,fundamental.statement,NO_FORMAL_SEARCH_IN_THIS_TASK; SOURCE_UNIT_GLOSSARY_NOT_ASSERTED
SHARE_CAPITAL_YOY,balance_sheet_report_em,FUNDAMENTAL_CHANGE|DISCLOSURE_EVENT,NEXT_SESSION_AFTER_MAX_NOTICE_UPDATE,ABSENT,,False,fundamental.change.source_reported_yoy,NO_FORMAL_SEARCH_IN_THIS_TASK; SOURCE_UNIT_GLOSSARY_NOT_ASSERTED
SHORT_BOND_PAYABLE,balance_sheet_report_em,FUNDAMENTAL_LEVEL|FUNDAMENTAL_CHANGE|DISCLOSURE_EVENT,NEXT_SESSION_AFTER_MAX_NOTICE_UPDATE,ABSENT,,False,fundamental.statement,NO_FORMAL_SEARCH_IN_THIS_TASK; SOURCE_UNIT_GLOSSARY_NOT_ASSERTED
SHORT_BOND_PAYABLE_YOY,balance_sheet_report_em,FUNDAMENTAL_CHANGE|DISCLOSURE_EVENT,NEXT_SESSION_AFTER_MAX_NOTICE_UPDATE,ABSENT,,False,fundamental.change.source_reported_yoy,NO_FORMAL_SEARCH_IN_THIS_TASK; SOURCE_UNIT_GLOSSARY_NOT_ASSERTED
SHORT_FIN_PAYABLE,balance_sheet_report_em,FUNDAMENTAL_LEVEL|FUNDAMENTAL_CHANGE|DISCLOSURE_EVENT,NEXT_SESSION_AFTER_MAX_NOTICE_UPDATE,ABSENT,,False,fundamental.statement,NO_FORMAL_SEARCH_IN_THIS_TASK; SOURCE_UNIT_GLOSSARY_NOT_ASSERTED
SHORT_FIN_PAYABLE_YOY,balance_sheet_report_em,FUNDAMENTAL_CHANGE|DISCLOSURE_EVENT,NEXT_SESSION_AFTER_MAX_NOTICE_UPDATE,ABSENT,,False,fundamental.change.source_reported_yoy,NO_FORMAL_SEARCH_IN_THIS_TASK; SOURCE_UNIT_GLOSSARY_NOT_ASSERTED
SHORT_LOAN,balance_sheet_report_em,FUNDAMENTAL_LEVEL|FUNDAMENTAL_CHANGE|DISCLOSURE_EVENT,NEXT_SESSION_AFTER_MAX_NOTICE_UPDATE,ABSENT,,False,fundamental.statement,NO_FORMAL_SEARCH_IN_THIS_TASK; SOURCE_UNIT_GLOSSARY_NOT_ASSERTED
SHORT_LOAN_YOY,balance_sheet_report_em,FUNDAMENTAL_CHANGE|DISCLOSURE_EVENT,NEXT_SESSION_AFTER_MAX_NOTICE_UPDATE,ABSENT,,False,fundamental.change.source_reported_yoy,NO_FORMAL_SEARCH_IN_THIS_TASK; SOURCE_UNIT_GLOSSARY_NOT_ASSERTED
SPECIAL_PAYABLE,balance_sheet_report_em,FUNDAMENTAL_LEVEL|FUNDAMENTAL_CHANGE|DISCLOSURE_EVENT,NEXT_SESSION_AFTER_MAX_NOTICE_UPDATE,ABSENT,,False,fundamental.statement,NO_FORMAL_SEARCH_IN_THIS_TASK; SOURCE_UNIT_GLOSSARY_NOT_ASSERTED
SPECIAL_PAYABLE_YOY,balance_sheet_report_em,FUNDAMENTAL_CHANGE|DISCLOSURE_EVENT,NEXT_SESSION_AFTER_MAX_NOTICE_UPDATE,ABSENT,,False,fundamental.change.source_reported_yoy,NO_FORMAL_SEARCH_IN_THIS_TASK; SOURCE_UNIT_GLOSSARY_NOT_ASSERTED
SPECIAL_RESERVE,balance_sheet_report_em,FUNDAMENTAL_LEVEL|FUNDAMENTAL_CHANGE|DISCLOSURE_EVENT,NEXT_SESSION_AFTER_MAX_NOTICE_UPDATE,ABSENT,,False,fundamental.statement,NO_FORMAL_SEARCH_IN_THIS_TASK; SOURCE_UNIT_GLOSSARY_NOT_ASSERTED
SPECIAL_RESERVE_YOY,balance_sheet_report_em,FUNDAMENTAL_CHANGE|DISCLOSURE_EVENT,NEXT_SESSION_AFTER_MAX_NOTICE_UPDATE,ABSENT,,False,fundamental.change.source_reported_yoy,NO_FORMAL_SEARCH_IN_THIS_TASK; SOURCE_UNIT_GLOSSARY_NOT_ASSERTED
STAFF_SALARY_PAYABLE,balance_sheet_report_em,FUNDAMENTAL_LEVEL|FUNDAMENTAL_CHANGE|DISCLOSURE_EVENT,NEXT_SESSION_AFTER_MAX_NOTICE_UPDATE,ABSENT,,False,fundamental.statement,NO_FORMAL_SEARCH_IN_THIS_TASK; SOURCE_UNIT_GLOSSARY_NOT_ASSERTED
STAFF_SALARY_PAYABLE_YOY,balance_sheet_report_em,FUNDAMENTAL_CHANGE|DISCLOSURE_EVENT,NEXT_SESSION_AFTER_MAX_NOTICE_UPDATE,ABSENT,,False,fundamental.change.source_reported_yoy,NO_FORMAL_SEARCH_IN_THIS_TASK; SOURCE_UNIT_GLOSSARY_NOT_ASSERTED
SUBBOND_PAYABLE,balance_sheet_report_em,FUNDAMENTAL_LEVEL|FUNDAMENTAL_CHANGE|DISCLOSURE_EVENT,NEXT_SESSION_AFTER_MAX_NOTICE_UPDATE,ABSENT,,False,fundamental.statement,NO_FORMAL_SEARCH_IN_THIS_TASK; SOURCE_UNIT_GLOSSARY_NOT_ASSERTED
SUBBOND_PAYABLE_YOY,balance_sheet_report_em,FUNDAMENTAL_CHANGE|DISCLOSURE_EVENT,NEXT_SESSION_AFTER_MAX_NOTICE_UPDATE,ABSENT,,False,fundamental.change.source_reported_yoy,NO_FORMAL_SEARCH_IN_THIS_TASK; SOURCE_UNIT_GLOSSARY_NOT_ASSERTED
SUBROGATION_RECE,balance_sheet_report_em,FUNDAMENTAL_LEVEL|FUNDAMENTAL_CHANGE|DISCLOSURE_EVENT,NEXT_SESSION_AFTER_MAX_NOTICE_UPDATE,ABSENT,,False,fundamental.statement,NO_FORMAL_SEARCH_IN_THIS_TASK; SOURCE_UNIT_GLOSSARY_NOT_ASSERTED
SUBROGATION_RECE_YOY,balance_sheet_report_em,FUNDAMENTAL_CHANGE|DISCLOSURE_EVENT,NEXT_SESSION_AFTER_MAX_NOTICE_UPDATE,ABSENT,,False,fundamental.change.source_reported_yoy,NO_FORMAL_SEARCH_IN_THIS_TASK; SOURCE_UNIT_GLOSSARY_NOT_ASSERTED
SUBSIDY_RECE,balance_sheet_report_em,FUNDAMENTAL_LEVEL|FUNDAMENTAL_CHANGE|DISCLOSURE_EVENT,NEXT_SESSION_AFTER_MAX_NOTICE_UPDATE,ABSENT,,False,fundamental.statement,NO_FORMAL_SEARCH_IN_THIS_TASK; SOURCE_UNIT_GLOSSARY_NOT_ASSERTED
SUBSIDY_RECE_YOY,balance_sheet_report_em,FUNDAMENTAL_CHANGE|DISCLOSURE_EVENT,NEXT_SESSION_AFTER_MAX_NOTICE_UPDATE,ABSENT,,False,fundamental.change.source_reported_yoy,NO_FORMAL_SEARCH_IN_THIS_TASK; SOURCE_UNIT_GLOSSARY_NOT_ASSERTED
SURPLUS_RESERVE,balance_sheet_report_em,FUNDAMENTAL_LEVEL|FUNDAMENTAL_CHANGE|DISCLOSURE_EVENT,NEXT_SESSION_AFTER_MAX_NOTICE_UPDATE,ABSENT,,False,fundamental.statement,NO_FORMAL_SEARCH_IN_THIS_TASK; SOURCE_UNIT_GLOSSARY_NOT_ASSERTED
SURPLUS_RESERVE_YOY,balance_sheet_report_em,FUNDAMENTAL_CHANGE|DISCLOSURE_EVENT,NEXT_SESSION_AFTER_MAX_NOTICE_UPDATE,ABSENT,,False,fundamental.change.source_reported_yoy,NO_FORMAL_SEARCH_IN_THIS_TASK; SOURCE_UNIT_GLOSSARY_NOT_ASSERTED
TAX_PAYABLE,balance_sheet_report_em,FUNDAMENTAL_LEVEL|FUNDAMENTAL_CHANGE|DISCLOSURE_EVENT,NEXT_SESSION_AFTER_MAX_NOTICE_UPDATE,ABSENT,,False,fundamental.statement,NO_FORMAL_SEARCH_IN_THIS_TASK; SOURCE_UNIT_GLOSSARY_NOT_ASSERTED
TAX_PAYABLE_YOY,balance_sheet_report_em,FUNDAMENTAL_CHANGE|DISCLOSURE_EVENT,NEXT_SESSION_AFTER_MAX_NOTICE_UPDATE,ABSENT,,False,fundamental.change.source_reported_yoy,NO_FORMAL_SEARCH_IN_THIS_TASK; SOURCE_UNIT_GLOSSARY_NOT_ASSERTED
TIME_DEPOSIT,balance_sheet_report_em,FUNDAMENTAL_LEVEL|FUNDAMENTAL_CHANGE|DISCLOSURE_EVENT,NEXT_SESSION_AFTER_MAX_NOTICE_UPDATE,ABSENT,,False,fundamental.statement,NO_FORMAL_SEARCH_IN_THIS_TASK; SOURCE_UNIT_GLOSSARY_NOT_ASSERTED
TIME_DEPOSIT_YOY,balance_sheet_report_em,FUNDAMENTAL_CHANGE|DISCLOSURE_EVENT,NEXT_SESSION_AFTER_MAX_NOTICE_UPDATE,ABSENT,,False,fundamental.change.source_reported_yoy,NO_FORMAL_SEARCH_IN_THIS_TASK; SOURCE_UNIT_GLOSSARY_NOT_ASSERTED
TOTAL_ASSETS,balance_sheet_report_em,FUNDAMENTAL_LEVEL|FUNDAMENTAL_CHANGE|DISCLOSURE_EVENT,NEXT_SESSION_AFTER_MAX_NOTICE_UPDATE,ABSENT,,False,fundamental.statement,NO_FORMAL_SEARCH_IN_THIS_TASK; SOURCE_UNIT_GLOSSARY_NOT_ASSERTED
TOTAL_ASSETS_YOY,balance_sheet_report_em,FUNDAMENTAL_CHANGE|DISCLOSURE_EVENT,NEXT_SESSION_AFTER_MAX_NOTICE_UPDATE,ABSENT,,False,fundamental.change.source_reported_yoy,NO_FORMAL_SEARCH_IN_THIS_TASK; SOURCE_UNIT_GLOSSARY_NOT_ASSERTED
TOTAL_CURRENT_ASSETS,balance_sheet_report_em,FUNDAMENTAL_LEVEL|FUNDAMENTAL_CHANGE|DISCLOSURE_EVENT,NEXT_SESSION_AFTER_MAX_NOTICE_UPDATE,ABSENT,,False,fundamental.statement,NO_FORMAL_SEARCH_IN_THIS_TASK; SOURCE_UNIT_GLOSSARY_NOT_ASSERTED
TOTAL_CURRENT_ASSETS_YOY,balance_sheet_report_em,FUNDAMENTAL_CHANGE|DISCLOSURE_EVENT,NEXT_SESSION_AFTER_MAX_NOTICE_UPDATE,ABSENT,,False,fundamental.change.source_reported_yoy,NO_FORMAL_SEARCH_IN_THIS_TASK; SOURCE_UNIT_GLOSSARY_NOT_ASSERTED
TOTAL_CURRENT_LIAB,balance_sheet_report_em,FUNDAMENTAL_LEVEL|FUNDAMENTAL_CHANGE|DISCLOSURE_EVENT,NEXT_SESSION_AFTER_MAX_NOTICE_UPDATE,ABSENT,,False,fundamental.statement,NO_FORMAL_SEARCH_IN_THIS_TASK; SOURCE_UNIT_GLOSSARY_NOT_ASSERTED
TOTAL_CURRENT_LIAB_YOY,balance_sheet_report_em,FUNDAMENTAL_CHANGE|DISCLOSURE_EVENT,NEXT_SESSION_AFTER_MAX_NOTICE_UPDATE,ABSENT,,False,fundamental.change.source_reported_yoy,NO_FORMAL_SEARCH_IN_THIS_TASK; SOURCE_UNIT_GLOSSARY_NOT_ASSERTED
TOTAL_EQUITY,balance_sheet_report_em,FUNDAMENTAL_LEVEL|FUNDAMENTAL_CHANGE|DISCLOSURE_EVENT,NEXT_SESSION_AFTER_MAX_NOTICE_UPDATE,ABSENT,,False,fundamental.statement,NO_FORMAL_SEARCH_IN_THIS_TASK; SOURCE_UNIT_GLOSSARY_NOT_ASSERTED
TOTAL_EQUITY_YOY,balance_sheet_report_em,FUNDAMENTAL_CHANGE|DISCLOSURE_EVENT,NEXT_SESSION_AFTER_MAX_NOTICE_UPDATE,ABSENT,,False,fundamental.change.source_reported_yoy,NO_FORMAL_SEARCH_IN_THIS_TASK; SOURCE_UNIT_GLOSSARY_NOT_ASSERTED
TOTAL_LIABILITIES,balance_sheet_report_em,FUNDAMENTAL_LEVEL|FUNDAMENTAL_CHANGE|DISCLOSURE_EVENT,NEXT_SESSION_AFTER_MAX_NOTICE_UPDATE,ABSENT,,False,fundamental.statement,NO_FORMAL_SEARCH_IN_THIS_TASK; SOURCE_UNIT_GLOSSARY_NOT_ASSERTED
TOTAL_LIABILITIES_YOY,balance_sheet_report_em,FUNDAMENTAL_CHANGE|DISCLOSURE_EVENT,NEXT_SESSION_AFTER_MAX_NOTICE_UPDATE,ABSENT,,False,fundamental.change.source_reported_yoy,NO_FORMAL_SEARCH_IN_THIS_TASK; SOURCE_UNIT_GLOSSARY_NOT_ASSERTED
TOTAL_LIAB_EQUITY,balance_sheet_report_em,FUNDAMENTAL_LEVEL|FUNDAMENTAL_CHANGE|DISCLOSURE_EVENT,NEXT_SESSION_AFTER_MAX_NOTICE_UPDATE,ABSENT,,False,fundamental.statement,NO_FORMAL_SEARCH_IN_THIS_TASK; SOURCE_UNIT_GLOSSARY_NOT_ASSERTED
TOTAL_LIAB_EQUITY_YOY,balance_sheet_report_em,FUNDAMENTAL_CHANGE|DISCLOSURE_EVENT,NEXT_SESSION_AFTER_MAX_NOTICE_UPDATE,ABSENT,,False,fundamental.change.source_reported_yoy,NO_FORMAL_SEARCH_IN_THIS_TASK; SOURCE_UNIT_GLOSSARY_NOT_ASSERTED
TOTAL_NONCURRENT_ASSETS,balance_sheet_report_em,FUNDAMENTAL_LEVEL|FUNDAMENTAL_CHANGE|DISCLOSURE_EVENT,NEXT_SESSION_AFTER_MAX_NOTICE_UPDATE,ABSENT,,False,fundamental.statement,NO_FORMAL_SEARCH_IN_THIS_TASK; SOURCE_UNIT_GLOSSARY_NOT_ASSERTED
TOTAL_NONCURRENT_ASSETS_YOY,balance_sheet_report_em,FUNDAMENTAL_CHANGE|DISCLOSURE_EVENT,NEXT_SESSION_AFTER_MAX_NOTICE_UPDATE,ABSENT,,False,fundamental.change.source_reported_yoy,NO_FORMAL_SEARCH_IN_THIS_TASK; SOURCE_UNIT_GLOSSARY_NOT_ASSERTED
TOTAL_NONCURRENT_LIAB,balance_sheet_report_em,FUNDAMENTAL_LEVEL|FUNDAMENTAL_CHANGE|DISCLOSURE_EVENT,NEXT_SESSION_AFTER_MAX_NOTICE_UPDATE,ABSENT,,False,fundamental.statement,NO_FORMAL_SEARCH_IN_THIS_TASK; SOURCE_UNIT_GLOSSARY_NOT_ASSERTED
TOTAL_NONCURRENT_LIAB_YOY,balance_sheet_report_em,FUNDAMENTAL_CHANGE|DISCLOSURE_EVENT,NEXT_SESSION_AFTER_MAX_NOTICE_UPDATE,ABSENT,,False,fundamental.change.source_reported_yoy,NO_FORMAL_SEARCH_IN_THIS_TASK; SOURCE_UNIT_GLOSSARY_NOT_ASSERTED
TOTAL_OTHER_PAYABLE,balance_sheet_report_em,FUNDAMENTAL_LEVEL|FUNDAMENTAL_CHANGE|DISCLOSURE_EVENT,NEXT_SESSION_AFTER_MAX_NOTICE_UPDATE,ABSENT,,False,fundamental.statement,NO_FORMAL_SEARCH_IN_THIS_TASK; SOURCE_UNIT_GLOSSARY_NOT_ASSERTED
TOTAL_OTHER_PAYABLE_YOY,balance_sheet_report_em,FUNDAMENTAL_CHANGE|DISCLOSURE_EVENT,NEXT_SESSION_AFTER_MAX_NOTICE_UPDATE,ABSENT,,False,fundamental.change.source_reported_yoy,NO_FORMAL_SEARCH_IN_THIS_TASK; SOURCE_UNIT_GLOSSARY_NOT_ASSERTED
TOTAL_OTHER_RECE,balance_sheet_report_em,FUNDAMENTAL_LEVEL|FUNDAMENTAL_CHANGE|DISCLOSURE_EVENT,NEXT_SESSION_AFTER_MAX_NOTICE_UPDATE,ABSENT,,False,fundamental.statement,NO_FORMAL_SEARCH_IN_THIS_TASK; SOURCE_UNIT_GLOSSARY_NOT_ASSERTED
TOTAL_OTHER_RECE_YOY,balance_sheet_report_em,FUNDAMENTAL_CHANGE|DISCLOSURE_EVENT,NEXT_SESSION_AFTER_MAX_NOTICE_UPDATE,ABSENT,,False,fundamental.change.source_reported_yoy,NO_FORMAL_SEARCH_IN_THIS_TASK; SOURCE_UNIT_GLOSSARY_NOT_ASSERTED
TOTAL_PARENT_EQUITY,balance_sheet_report_em,FUNDAMENTAL_LEVEL|FUNDAMENTAL_CHANGE|DISCLOSURE_EVENT,NEXT_SESSION_AFTER_MAX_NOTICE_UPDATE,ABSENT,,False,fundamental.statement,NO_FORMAL_SEARCH_IN_THIS_TASK; SOURCE_UNIT_GLOSSARY_NOT_ASSERTED
TOTAL_PARENT_EQUITY_YOY,balance_sheet_report_em,FUNDAMENTAL_CHANGE|DISCLOSURE_EVENT,NEXT_SESSION_AFTER_MAX_NOTICE_UPDATE,ABSENT,,False,fundamental.change.source_reported_yoy,NO_FORMAL_SEARCH_IN_THIS_TASK; SOURCE_UNIT_GLOSSARY_NOT_ASSERTED
TRADE_FINASSET,balance_sheet_report_em,FUNDAMENTAL_LEVEL|FUNDAMENTAL_CHANGE|DISCLOSURE_EVENT,NEXT_SESSION_AFTER_MAX_NOTICE_UPDATE,ABSENT,,False,fundamental.statement,NO_FORMAL_SEARCH_IN_THIS_TASK; SOURCE_UNIT_GLOSSARY_NOT_ASSERTED
TRADE_FINASSET_NOTFVTPL,balance_sheet_report_em,FUNDAMENTAL_LEVEL|FUNDAMENTAL_CHANGE|DISCLOSURE_EVENT,NEXT_SESSION_AFTER_MAX_NOTICE_UPDATE,ABSENT,,False,fundamental.statement,NO_FORMAL_SEARCH_IN_THIS_TASK; SOURCE_UNIT_GLOSSARY_NOT_ASSERTED
TRADE_FINASSET_NOTFVTPL_YOY,balance_sheet_report_em,FUNDAMENTAL_CHANGE|DISCLOSURE_EVENT,NEXT_SESSION_AFTER_MAX_NOTICE_UPDATE,ABSENT,,False,fundamental.change.source_reported_yoy,NO_FORMAL_SEARCH_IN_THIS_TASK; SOURCE_UNIT_GLOSSARY_NOT_ASSERTED
TRADE_FINASSET_YOY,balance_sheet_report_em,FUNDAMENTAL_CHANGE|DISCLOSURE_EVENT,NEXT_SESSION_AFTER_MAX_NOTICE_UPDATE,ABSENT,,False,fundamental.change.source_reported_yoy,NO_FORMAL_SEARCH_IN_THIS_TASK; SOURCE_UNIT_GLOSSARY_NOT_ASSERTED
TRADE_FINLIAB,balance_sheet_report_em,FUNDAMENTAL_LEVEL|FUNDAMENTAL_CHANGE|DISCLOSURE_EVENT,NEXT_SESSION_AFTER_MAX_NOTICE_UPDATE,ABSENT,,False,fundamental.statement,NO_FORMAL_SEARCH_IN_THIS_TASK; SOURCE_UNIT_GLOSSARY_NOT_ASSERTED
TRADE_FINLIAB_NOTFVTPL,balance_sheet_report_em,FUNDAMENTAL_LEVEL|FUNDAMENTAL_CHANGE|DISCLOSURE_EVENT,NEXT_SESSION_AFTER_MAX_NOTICE_UPDATE,ABSENT,,False,fundamental.statement,NO_FORMAL_SEARCH_IN_THIS_TASK; SOURCE_UNIT_GLOSSARY_NOT_ASSERTED
TRADE_FINLIAB_NOTFVTPL_YOY,balance_sheet_report_em,FUNDAMENTAL_CHANGE|DISCLOSURE_EVENT,NEXT_SESSION_AFTER_MAX_NOTICE_UPDATE,ABSENT,,False,fundamental.change.source_reported_yoy,NO_FORMAL_SEARCH_IN_THIS_TASK; SOURCE_UNIT_GLOSSARY_NOT_ASSERTED
TRADE_FINLIAB_YOY,balance_sheet_report_em,FUNDAMENTAL_CHANGE|DISCLOSURE_EVENT,NEXT_SESSION_AFTER_MAX_NOTICE_UPDATE,ABSENT,,False,fundamental.change.source_reported_yoy,NO_FORMAL_SEARCH_IN_THIS_TASK; SOURCE_UNIT_GLOSSARY_NOT_ASSERTED
TRADE_RISK_RESERVE,balance_sheet_report_em,FUNDAMENTAL_LEVEL|FUNDAMENTAL_CHANGE|DISCLOSURE_EVENT,NEXT_SESSION_AFTER_MAX_NOTICE_UPDATE,ABSENT,,False,fundamental.statement,NO_FORMAL_SEARCH_IN_THIS_TASK; SOURCE_UNIT_GLOSSARY_NOT_ASSERTED
TRADE_RISK_RESERVE_YOY,balance_sheet_report_em,FUNDAMENTAL_CHANGE|DISCLOSURE_EVENT,NEXT_SESSION_AFTER_MAX_NOTICE_UPDATE,ABSENT,,False,fundamental.change.source_reported_yoy,NO_FORMAL_SEARCH_IN_THIS_TASK; SOURCE_UNIT_GLOSSARY_NOT_ASSERTED
TRADE_SEAT_FEE,balance_sheet_report_em,FUNDAMENTAL_LEVEL|FUNDAMENTAL_CHANGE|DISCLOSURE_EVENT,NEXT_SESSION_AFTER_MAX_NOTICE_UPDATE,ABSENT,,False,fundamental.statement,NO_FORMAL_SEARCH_IN_THIS_TASK; SOURCE_UNIT_GLOSSARY_NOT_ASSERTED
TRADE_SEAT_FEE_YOY,balance_sheet_report_em,FUNDAMENTAL_CHANGE|DISCLOSURE_EVENT,NEXT_SESSION_AFTER_MAX_NOTICE_UPDATE,ABSENT,,False,fundamental.change.source_reported_yoy,NO_FORMAL_SEARCH_IN_THIS_TASK; SOURCE_UNIT_GLOSSARY_NOT_ASSERTED
TREASURY_SHARES,balance_sheet_report_em,FUNDAMENTAL_LEVEL|FUNDAMENTAL_CHANGE|DISCLOSURE_EVENT,NEXT_SESSION_AFTER_MAX_NOTICE_UPDATE,ABSENT,,False,fundamental.statement,NO_FORMAL_SEARCH_IN_THIS_TASK; SOURCE_UNIT_GLOSSARY_NOT_ASSERTED
TREASURY_SHARES_YOY,balance_sheet_report_em,FUNDAMENTAL_CHANGE|DISCLOSURE_EVENT,NEXT_SESSION_AFTER_MAX_NOTICE_UPDATE,ABSENT,,False,fundamental.change.source_reported_yoy,NO_FORMAL_SEARCH_IN_THIS_TASK; SOURCE_UNIT_GLOSSARY_NOT_ASSERTED
UC_RESERVE,balance_sheet_report_em,FUNDAMENTAL_LEVEL|FUNDAMENTAL_CHANGE|DISCLOSURE_EVENT,NEXT_SESSION_AFTER_MAX_NOTICE_UPDATE,ABSENT,,False,fundamental.statement,NO_FORMAL_SEARCH_IN_THIS_TASK; SOURCE_UNIT_GLOSSARY_NOT_ASSERTED
UC_RESERVE_YOY,balance_sheet_report_em,FUNDAMENTAL_CHANGE|DISCLOSURE_EVENT,NEXT_SESSION_AFTER_MAX_NOTICE_UPDATE,ABSENT,,False,fundamental.change.source_reported_yoy,NO_FORMAL_SEARCH_IN_THIS_TASK; SOURCE_UNIT_GLOSSARY_NOT_ASSERTED
UD_RESERVE,balance_sheet_report_em,FUNDAMENTAL_LEVEL|FUNDAMENTAL_CHANGE|DISCLOSURE_EVENT,NEXT_SESSION_AFTER_MAX_NOTICE_UPDATE,ABSENT,,False,fundamental.statement,NO_FORMAL_SEARCH_IN_THIS_TASK; SOURCE_UNIT_GLOSSARY_NOT_ASSERTED
UD_RESERVE_YOY,balance_sheet_report_em,FUNDAMENTAL_CHANGE|DISCLOSURE_EVENT,NEXT_SESSION_AFTER_MAX_NOTICE_UPDATE,ABSENT,,False,fundamental.change.source_reported_yoy,NO_FORMAL_SEARCH_IN_THIS_TASK; SOURCE_UNIT_GLOSSARY_NOT_ASSERTED
UNASSIGN_RPOFIT,balance_sheet_report_em,FUNDAMENTAL_LEVEL|FUNDAMENTAL_CHANGE|DISCLOSURE_EVENT,NEXT_SESSION_AFTER_MAX_NOTICE_UPDATE,ABSENT,,False,fundamental.statement,NO_FORMAL_SEARCH_IN_THIS_TASK; SOURCE_UNIT_GLOSSARY_NOT_ASSERTED
UNASSIGN_RPOFIT_YOY,balance_sheet_report_em,FUNDAMENTAL_CHANGE|DISCLOSURE_EVENT,NEXT_SESSION_AFTER_MAX_NOTICE_UPDATE,ABSENT,,False,fundamental.change.source_reported_yoy,NO_FORMAL_SEARCH_IN_THIS_TASK; SOURCE_UNIT_GLOSSARY_NOT_ASSERTED
UNCONFIRM_INVEST_LOSS,balance_sheet_report_em,FUNDAMENTAL_LEVEL|FUNDAMENTAL_CHANGE|DISCLOSURE_EVENT,NEXT_SESSION_AFTER_MAX_NOTICE_UPDATE,ABSENT,,False,fundamental.statement,NO_FORMAL_SEARCH_IN_THIS_TASK; SOURCE_UNIT_GLOSSARY_NOT_ASSERTED
UNCONFIRM_INVEST_LOSS_YOY,balance_sheet_report_em,FUNDAMENTAL_CHANGE|DISCLOSURE_EVENT,NEXT_SESSION_AFTER_MAX_NOTICE_UPDATE,ABSENT,,False,fundamental.change.source_reported_yoy,NO_FORMAL_SEARCH_IN_THIS_TASK; SOURCE_UNIT_GLOSSARY_NOT_ASSERTED
UPDATE_DATE,balance_sheet_report_em,METADATA_BLOCKED,NEXT_SESSION_AFTER_MAX_NOTICE_UPDATE,ABSENT,,False,BLOCKED,METADATA_NOT_SEARCHABLE
USERIGHT_ASSET,balance_sheet_report_em,FUNDAMENTAL_LEVEL|FUNDAMENTAL_CHANGE|DISCLOSURE_EVENT,NEXT_SESSION_AFTER_MAX_NOTICE_UPDATE,ABSENT,,False,fundamental.statement,NO_FORMAL_SEARCH_IN_THIS_TASK; SOURCE_UNIT_GLOSSARY_NOT_ASSERTED
USERIGHT_ASSET_YOY,balance_sheet_report_em,FUNDAMENTAL_CHANGE|DISCLOSURE_EVENT,NEXT_SESSION_AFTER_MAX_NOTICE_UPDATE,ABSENT,,False,fundamental.change.source_reported_yoy,NO_FORMAL_SEARCH_IN_THIS_TASK; SOURCE_UNIT_GLOSSARY_NOT_ASSERTED
ingest_time_utc,balance_sheet_report_em,METADATA_BLOCKED,NEXT_SESSION_AFTER_MAX_NOTICE_UPDATE,ABSENT,,False,BLOCKED,METADATA_NOT_SEARCHABLE
source_code6,balance_sheet_report_em,METADATA_BLOCKED,NEXT_SESSION_AFTER_MAX_NOTICE_UPDATE,ABSENT,,False,BLOCKED,METADATA_NOT_SEARCHABLE
source_dataset,balance_sheet_report_em,METADATA_BLOCKED,NEXT_SESSION_AFTER_MAX_NOTICE_UPDATE,ABSENT,,False,BLOCKED,METADATA_NOT_SEARCHABLE
source_em,balance_sheet_report_em,METADATA_BLOCKED,NEXT_SESSION_AFTER_MAX_NOTICE_UPDATE,ABSENT,,False,BLOCKED,METADATA_NOT_SEARCHABLE
source_family,balance_sheet_report_em,METADATA_BLOCKED,NEXT_SESSION_AFTER_MAX_NOTICE_UPDATE,ABSENT,,False,BLOCKED,METADATA_NOT_SEARCHABLE
source_file,balance_sheet_report_em,METADATA_BLOCKED,NEXT_SESSION_AFTER_MAX_NOTICE_UPDATE,ABSENT,,False,BLOCKED,METADATA_NOT_SEARCHABLE
ABLE_OCI,profit_sheet_report_em,FUNDAMENTAL_LEVEL|FUNDAMENTAL_CHANGE|DISCLOSURE_EVENT,NEXT_SESSION_AFTER_MAX_NOTICE_UPDATE,ABSENT,,False,fundamental.statement,NO_FORMAL_SEARCH_IN_THIS_TASK; SOURCE_UNIT_GLOSSARY_NOT_ASSERTED
ABLE_OCI_BALANCE,profit_sheet_report_em,FUNDAMENTAL_LEVEL|FUNDAMENTAL_CHANGE|DISCLOSURE_EVENT,NEXT_SESSION_AFTER_MAX_NOTICE_UPDATE,ABSENT,,False,fundamental.statement,NO_FORMAL_SEARCH_IN_THIS_TASK; SOURCE_UNIT_GLOSSARY_NOT_ASSERTED
ABLE_OCI_BALANCE_YOY,profit_sheet_report_em,FUNDAMENTAL_CHANGE|DISCLOSURE_EVENT,NEXT_SESSION_AFTER_MAX_NOTICE_UPDATE,ABSENT,,False,fundamental.change.source_reported_yoy,NO_FORMAL_SEARCH_IN_THIS_TASK; SOURCE_UNIT_GLOSSARY_NOT_ASSERTED
ABLE_OCI_OTHER,profit_sheet_report_em,FUNDAMENTAL_LEVEL|FUNDAMENTAL_CHANGE|DISCLOSURE_EVENT,NEXT_SESSION_AFTER_MAX_NOTICE_UPDATE,ABSENT,,False,fundamental.statement,NO_FORMAL_SEARCH_IN_THIS_TASK; SOURCE_UNIT_GLOSSARY_NOT_ASSERTED
ABLE_OCI_OTHER_YOY,profit_sheet_report_em,FUNDAMENTAL_CHANGE|DISCLOSURE_EVENT,NEXT_SESSION_AFTER_MAX_NOTICE_UPDATE,ABSENT,,False,fundamental.change.source_reported_yoy,NO_FORMAL_SEARCH_IN_THIS_TASK; SOURCE_UNIT_GLOSSARY_NOT_ASSERTED
ABLE_OCI_YOY,profit_sheet_report_em,FUNDAMENTAL_CHANGE|DISCLOSURE_EVENT,NEXT_SESSION_AFTER_MAX_NOTICE_UPDATE,ABSENT,,False,fundamental.change.source_reported_yoy,NO_FORMAL_SEARCH_IN_THIS_TASK; SOURCE_UNIT_GLOSSARY_NOT_ASSERTED
ACF_END_INCOME,profit_sheet_report_em,FUNDAMENTAL_LEVEL|FUNDAMENTAL_CHANGE|DISCLOSURE_EVENT,NEXT_SESSION_AFTER_MAX_NOTICE_UPDATE,ABSENT,,False,fundamental.statement,NO_FORMAL_SEARCH_IN_THIS_TASK; SOURCE_UNIT_GLOSSARY_NOT_ASSERTED
ACF_END_INCOME_YOY,profit_sheet_report_em,FUNDAMENTAL_CHANGE|DISCLOSURE_EVENT,NEXT_SESSION_AFTER_MAX_NOTICE_UPDATE,ABSENT,,False,fundamental.change.source_reported_yoy,NO_FORMAL_SEARCH_IN_THIS_TASK; SOURCE_UNIT_GLOSSARY_NOT_ASSERTED
AFA_FAIRVALUE_CHANGE,profit_sheet_report_em,FUNDAMENTAL_LEVEL|FUNDAMENTAL_CHANGE|DISCLOSURE_EVENT,NEXT_SESSION_AFTER_MAX_NOTICE_UPDATE,ABSENT,,False,fundamental.statement,NO_FORMAL_SEARCH_IN_THIS_TASK; SOURCE_UNIT_GLOSSARY_NOT_ASSERTED
AFA_FAIRVALUE_CHANGE_YOY,profit_sheet_report_em,FUNDAMENTAL_CHANGE|DISCLOSURE_EVENT,NEXT_SESSION_AFTER_MAX_NOTICE_UPDATE,ABSENT,,False,fundamental.change.source_reported_yoy,NO_FORMAL_SEARCH_IN_THIS_TASK; SOURCE_UNIT_GLOSSARY_NOT_ASSERTED
AGENT_SECURITY_NI,profit_sheet_report_em,FUNDAMENTAL_LEVEL|FUNDAMENTAL_CHANGE|DISCLOSURE_EVENT,NEXT_SESSION_AFTER_MAX_NOTICE_UPDATE,ABSENT,,False,fundamental.statement,NO_FORMAL_SEARCH_IN_THIS_TASK; SOURCE_UNIT_GLOSSARY_NOT_ASSERTED
AGENT_SECURITY_NI_YOY,profit_sheet_report_em,FUNDAMENTAL_CHANGE|DISCLOSURE_EVENT,NEXT_SESSION_AFTER_MAX_NOTICE_UPDATE,ABSENT,,False,fundamental.change.source_reported_yoy,NO_FORMAL_SEARCH_IN_THIS_TASK; SOURCE_UNIT_GLOSSARY_NOT_ASSERTED
AMORTIZE_COMPENSATE_EXPENSE,profit_sheet_report_em,FUNDAMENTAL_LEVEL|FUNDAMENTAL_CHANGE|DISCLOSURE_EVENT,NEXT_SESSION_AFTER_MAX_NOTICE_UPDATE,ABSENT,,False,fundamental.statement,NO_FORMAL_SEARCH_IN_THIS_TASK; SOURCE_UNIT_GLOSSARY_NOT_ASSERTED
AMORTIZE_COMPENSATE_EXPENSE_YOY,profit_sheet_report_em,FUNDAMENTAL_CHANGE|DISCLOSURE_EVENT,NEXT_SESSION_AFTER_MAX_NOTICE_UPDATE,ABSENT,,False,fundamental.change.source_reported_yoy,NO_FORMAL_SEARCH_IN_THIS_TASK; SOURCE_UNIT_GLOSSARY_NOT_ASSERTED
AMORTIZE_INSURANCE_RESERVE,profit_sheet_report_em,FUNDAMENTAL_LEVEL|FUNDAMENTAL_CHANGE|DISCLOSURE_EVENT,NEXT_SESSION_AFTER_MAX_NOTICE_UPDATE,ABSENT,,False,fundamental.statement,NO_FORMAL_SEARCH_IN_THIS_TASK; SOURCE_UNIT_GLOSSARY_NOT_ASSERTED
AMORTIZE_INSURANCE_RESERVE_YOY,profit_sheet_report_em,FUNDAMENTAL_CHANGE|DISCLOSURE_EVENT,NEXT_SESSION_AFTER_MAX_NOTICE_UPDATE,ABSENT,,False,fundamental.change.source_reported_yoy,NO_FORMAL_SEARCH_IN_THIS_TASK; SOURCE_UNIT_GLOSSARY_NOT_ASSERTED
AMORTIZE_REINSURE_EXPENSE,profit_sheet_report_em,FUNDAMENTAL_LEVEL|FUNDAMENTAL_CHANGE|DISCLOSURE_EVENT,NEXT_SESSION_AFTER_MAX_NOTICE_UPDATE,ABSENT,,False,fundamental.statement,NO_FORMAL_SEARCH_IN_THIS_TASK; SOURCE_UNIT_GLOSSARY_NOT_ASSERTED
AMORTIZE_REINSURE_EXPENSE_YOY,profit_sheet_report_em,FUNDAMENTAL_CHANGE|DISCLOSURE_EVENT,NEXT_SESSION_AFTER_MAX_NOTICE_UPDATE,ABSENT,,False,fundamental.change.source_reported_yoy,NO_FORMAL_SEARCH_IN_THIS_TASK; SOURCE_UNIT_GLOSSARY_NOT_ASSERTED
ASSETMANAGE_FEE_NI,profit_sheet_report_em,FUNDAMENTAL_LEVEL|FUNDAMENTAL_CHANGE|DISCLOSURE_EVENT,NEXT_SESSION_AFTER_MAX_NOTICE_UPDATE,ABSENT,,False,fundamental.statement,NO_FORMAL_SEARCH_IN_THIS_TASK; SOURCE_UNIT_GLOSSARY_NOT_ASSERTED
ASSETMANAGE_FEE_NI_YOY,profit_sheet_report_em,FUNDAMENTAL_CHANGE|DISCLOSURE_EVENT,NEXT_SESSION_AFTER_MAX_NOTICE_UPDATE,ABSENT,,False,fundamental.change.source_reported_yoy,NO_FORMAL_SEARCH_IN_THIS_TASK; SOURCE_UNIT_GLOSSARY_NOT_ASSERTED
ASSET_DISPOSAL_INCOME,profit_sheet_report_em,FUNDAMENTAL_LEVEL|FUNDAMENTAL_CHANGE|DISCLOSURE_EVENT,NEXT_SESSION_AFTER_MAX_NOTICE_UPDATE,ABSENT,,False,fundamental.statement,NO_FORMAL_SEARCH_IN_THIS_TASK; SOURCE_UNIT_GLOSSARY_NOT_ASSERTED
ASSET_DISPOSAL_INCOME_YOY,profit_sheet_report_em,FUNDAMENTAL_CHANGE|DISCLOSURE_EVENT,NEXT_SESSION_AFTER_MAX_NOTICE_UPDATE,ABSENT,,False,fundamental.change.source_reported_yoy,NO_FORMAL_SEARCH_IN_THIS_TASK; SOURCE_UNIT_GLOSSARY_NOT_ASSERTED
ASSET_IMPAIRMENT_INCOME,profit_sheet_report_em,FUNDAMENTAL_LEVEL|FUNDAMENTAL_CHANGE|DISCLOSURE_EVENT,NEXT_SESSION_AFTER_MAX_NOTICE_UPDATE,ABSENT,,False,fundamental.statement,NO_FORMAL_SEARCH_IN_THIS_TASK; SOURCE_UNIT_GLOSSARY_NOT_ASSERTED
ASSET_IMPAIRMENT_INCOME_YOY,profit_sheet_report_em,FUNDAMENTAL_CHANGE|DISCLOSURE_EVENT,NEXT_SESSION_AFTER_MAX_NOTICE_UPDATE,ABSENT,,False,fundamental.change.source_reported_yoy,NO_FORMAL_SEARCH_IN_THIS_TASK; SOURCE_UNIT_GLOSSARY_NOT_ASSERTED
ASSET_IMPAIRMENT_LOSS,profit_sheet_report_em,FUNDAMENTAL_LEVEL|FUNDAMENTAL_CHANGE|DISCLOSURE_EVENT,NEXT_SESSION_AFTER_MAX_NOTICE_UPDATE,ABSENT,,False,fundamental.statement,NO_FORMAL_SEARCH_IN_THIS_TASK; SOURCE_UNIT_GLOSSARY_NOT_ASSERTED
ASSET_IMPAIRMENT_LOSS_YOY,profit_sheet_report_em,FUNDAMENTAL_CHANGE|DISCLOSURE_EVENT,NEXT_SESSION_AFTER_MAX_NOTICE_UPDATE,ABSENT,,False,fundamental.change.source_reported_yoy,NO_FORMAL_SEARCH_IN_THIS_TASK; SOURCE_UNIT_GLOSSARY_NOT_ASSERTED
ASSET_MANAGE_NI,profit_sheet_report_em,FUNDAMENTAL_LEVEL|FUNDAMENTAL_CHANGE|DISCLOSURE_EVENT,NEXT_SESSION_AFTER_MAX_NOTICE_UPDATE,ABSENT,,False,fundamental.statement,NO_FORMAL_SEARCH_IN_THIS_TASK; SOURCE_UNIT_GLOSSARY_NOT_ASSERTED
ASSET_MANAGE_NI_YOY,profit_sheet_report_em,FUNDAMENTAL_CHANGE|DISCLOSURE_EVENT,NEXT_SESSION_AFTER_MAX_NOTICE_UPDATE,ABSENT,,False,fundamental.change.source_reported_yoy,NO_FORMAL_SEARCH_IN_THIS_TASK; SOURCE_UNIT_GLOSSARY_NOT_ASSERTED
BANK_INTEREST_EXPENSE,profit_sheet_report_em,FUNDAMENTAL_LEVEL|FUNDAMENTAL_CHANGE|DISCLOSURE_EVENT,NEXT_SESSION_AFTER_MAX_NOTICE_UPDATE,ABSENT,,False,fundamental.statement,NO_FORMAL_SEARCH_IN_THIS_TASK; SOURCE_UNIT_GLOSSARY_NOT_ASSERTED
BANK_INTEREST_EXPENSE_YOY,profit_sheet_report_em,FUNDAMENTAL_CHANGE|DISCLOSURE_EVENT,NEXT_SESSION_AFTER_MAX_NOTICE_UPDATE,ABSENT,,False,fundamental.change.source_reported_yoy,NO_FORMAL_SEARCH_IN_THIS_TASK; SOURCE_UNIT_GLOSSARY_NOT_ASSERTED
BANK_INTEREST_INCOME,profit_sheet_report_em,FUNDAMENTAL_LEVEL|FUNDAMENTAL_CHANGE|DISCLOSURE_EVENT,NEXT_SESSION_AFTER_MAX_NOTICE_UPDATE,ABSENT,,False,fundamental.statement,NO_FORMAL_SEARCH_IN_THIS_TASK; SOURCE_UNIT_GLOSSARY_NOT_ASSERTED
BANK_INTEREST_INCOME_YOY,profit_sheet_report_em,FUNDAMENTAL_CHANGE|DISCLOSURE_EVENT,NEXT_SESSION_AFTER_MAX_NOTICE_UPDATE,ABSENT,,False,fundamental.change.source_reported_yoy,NO_FORMAL_SEARCH_IN_THIS_TASK; SOURCE_UNIT_GLOSSARY_NOT_ASSERTED
BANK_INTEREST_NI,profit_sheet_report_em,FUNDAMENTAL_LEVEL|FUNDAMENTAL_CHANGE|DISCLOSURE_EVENT,NEXT_SESSION_AFTER_MAX_NOTICE_UPDATE,ABSENT,,False,fundamental.statement,NO_FORMAL_SEARCH_IN_THIS_TASK; SOURCE_UNIT_GLOSSARY_NOT_ASSERTED
BANK_INTEREST_NI_YOY,profit_sheet_report_em,FUNDAMENTAL_CHANGE|DISCLOSURE_EVENT,NEXT_SESSION_AFTER_MAX_NOTICE_UPDATE,ABSENT,,False,fundamental.change.source_reported_yoy,NO_FORMAL_SEARCH_IN_THIS_TASK; SOURCE_UNIT_GLOSSARY_NOT_ASSERTED
BASIC_EPS,profit_sheet_report_em,FUNDAMENTAL_LEVEL|FUNDAMENTAL_CHANGE|DISCLOSURE_EVENT,NEXT_SESSION_AFTER_MAX_NOTICE_UPDATE,ABSENT,,False,fundamental.statement,NO_FORMAL_SEARCH_IN_THIS_TASK; SOURCE_UNIT_GLOSSARY_NOT_ASSERTED
BASIC_EPS_YOY,profit_sheet_report_em,FUNDAMENTAL_CHANGE|DISCLOSURE_EVENT,NEXT_SESSION_AFTER_MAX_NOTICE_UPDATE,ABSENT,,False,fundamental.change.source_reported_yoy,NO_FORMAL_SEARCH_IN_THIS_TASK; SOURCE_UNIT_GLOSSARY_NOT_ASSERTED
BROKER_FEE_NI,profit_sheet_report_em,FUNDAMENTAL_LEVEL|FUNDAMENTAL_CHANGE|DISCLOSURE_EVENT,NEXT_SESSION_AFTER_MAX_NOTICE_UPDATE,ABSENT,,False,fundamental.statement,NO_FORMAL_SEARCH_IN_THIS_TASK; SOURCE_UNIT_GLOSSARY_NOT_ASSERTED
BROKER_FEE_NI_YOY,profit_sheet_report_em,FUNDAMENTAL_CHANGE|DISCLOSURE_EVENT,NEXT_SESSION_AFTER_MAX_NOTICE_UPDATE,ABSENT,,False,fundamental.change.source_reported_yoy,NO_FORMAL_SEARCH_IN_THIS_TASK; SOURCE_UNIT_GLOSSARY_NOT_ASSERTED
BROKER_NI,profit_sheet_report_em,FUNDAMENTAL_LEVEL|FUNDAMENTAL_CHANGE|DISCLOSURE_EVENT,NEXT_SESSION_AFTER_MAX_NOTICE_UPDATE,ABSENT,,False,fundamental.statement,NO_FORMAL_SEARCH_IN_THIS_TASK; SOURCE_UNIT_GLOSSARY_NOT_ASSERTED
BROKER_NI_YOY,profit_sheet_report_em,FUNDAMENTAL_CHANGE|DISCLOSURE_EVENT,NEXT_SESSION_AFTER_MAX_NOTICE_UPDATE,ABSENT,,False,fundamental.change.source_reported_yoy,NO_FORMAL_SEARCH_IN_THIS_TASK; SOURCE_UNIT_GLOSSARY_NOT_ASSERTED
BUSINESS_MANAGE_EXPENSE,profit_sheet_report_em,FUNDAMENTAL_LEVEL|FUNDAMENTAL_CHANGE|DISCLOSURE_EVENT,NEXT_SESSION_AFTER_MAX_NOTICE_UPDATE,ABSENT,,False,fundamental.statement,NO_FORMAL_SEARCH_IN_THIS_TASK; SOURCE_UNIT_GLOSSARY_NOT_ASSERTED
BUSINESS_MANAGE_EXPENSE_YOY,profit_sheet_report_em,FUNDAMENTAL_CHANGE|DISCLOSURE_EVENT,NEXT_SESSION_AFTER_MAX_NOTICE_UPDATE,ABSENT,,False,fundamental.change.source_reported_yoy,NO_FORMAL_SEARCH_IN_THIS_TASK; SOURCE_UNIT_GLOSSARY_NOT_ASSERTED
CASHFLOW_HEDGE_VALID,profit_sheet_report_em,FUNDAMENTAL_LEVEL|FUNDAMENTAL_CHANGE|DISCLOSURE_EVENT,NEXT_SESSION_AFTER_MAX_NOTICE_UPDATE,ABSENT,,False,fundamental.statement,NO_FORMAL_SEARCH_IN_THIS_TASK; SOURCE_UNIT_GLOSSARY_NOT_ASSERTED
CASHFLOW_HEDGE_VALID_YOY,profit_sheet_report_em,FUNDAMENTAL_CHANGE|DISCLOSURE_EVENT,NEXT_SESSION_AFTER_MAX_NOTICE_UPDATE,ABSENT,,False,fundamental.change.source_reported_yoy,NO_FORMAL_SEARCH_IN_THIS_TASK; SOURCE_UNIT_GLOSSARY_NOT_ASSERTED
COMMISSION_NI_OTHER,profit_sheet_report_em,FUNDAMENTAL_LEVEL|FUNDAMENTAL_CHANGE|DISCLOSURE_EVENT,NEXT_SESSION_AFTER_MAX_NOTICE_UPDATE,ABSENT,,False,fundamental.statement,NO_FORMAL_SEARCH_IN_THIS_TASK; SOURCE_UNIT_GLOSSARY_NOT_ASSERTED
COMMISSION_NI_OTHER_YOY,profit_sheet_report_em,FUNDAMENTAL_CHANGE|DISCLOSURE_EVENT,NEXT_SESSION_AFTER_MAX_NOTICE_UPDATE,ABSENT,,False,fundamental.change.source_reported_yoy,NO_FORMAL_SEARCH_IN_THIS_TASK; SOURCE_UNIT_GLOSSARY_NOT_ASSERTED
COMPENSATE_EXPENSE,profit_sheet_report_em,FUNDAMENTAL_LEVEL|FUNDAMENTAL_CHANGE|DISCLOSURE_EVENT,NEXT_SESSION_AFTER_MAX_NOTICE_UPDATE,ABSENT,,False,fundamental.statement,NO_FORMAL_SEARCH_IN_THIS_TASK; SOURCE_UNIT_GLOSSARY_NOT_ASSERTED
COMPENSATE_EXPENSE_YOY,profit_sheet_report_em,FUNDAMENTAL_CHANGE|DISCLOSURE_EVENT,NEXT_SESSION_AFTER_MAX_NOTICE_UPDATE,ABSENT,,False,fundamental.change.source_reported_yoy,NO_FORMAL_SEARCH_IN_THIS_TASK; SOURCE_UNIT_GLOSSARY_NOT_ASSERTED
CONTINUED_NETPROFIT,profit_sheet_report_em,FUNDAMENTAL_LEVEL|FUNDAMENTAL_CHANGE|DISCLOSURE_EVENT,NEXT_SESSION_AFTER_MAX_NOTICE_UPDATE,ABSENT,,False,fundamental.statement,NO_FORMAL_SEARCH_IN_THIS_TASK; SOURCE_UNIT_GLOSSARY_NOT_ASSERTED
CONTINUED_NETPROFIT_YOY,profit_sheet_report_em,FUNDAMENTAL_CHANGE|DISCLOSURE_EVENT,NEXT_SESSION_AFTER_MAX_NOTICE_UPDATE,ABSENT,,False,fundamental.change.source_reported_yoy,NO_FORMAL_SEARCH_IN_THIS_TASK; SOURCE_UNIT_GLOSSARY_NOT_ASSERTED
CONVERT_DIFF,profit_sheet_report_em,FUNDAMENTAL_LEVEL|FUNDAMENTAL_CHANGE|DISCLOSURE_EVENT,NEXT_SESSION_AFTER_MAX_NOTICE_UPDATE,ABSENT,,False,fundamental.statement,NO_FORMAL_SEARCH_IN_THIS_TASK; SOURCE_UNIT_GLOSSARY_NOT_ASSERTED
CONVERT_DIFF_YOY,profit_sheet_report_em,FUNDAMENTAL_CHANGE|DISCLOSURE_EVENT,NEXT_SESSION_AFTER_MAX_NOTICE_UPDATE,ABSENT,,False,fundamental.change.source_reported_yoy,NO_FORMAL_SEARCH_IN_THIS_TASK; SOURCE_UNIT_GLOSSARY_NOT_ASSERTED
CREDITOR_FAIRVALUE_CHANGE,profit_sheet_report_em,FUNDAMENTAL_LEVEL|FUNDAMENTAL_CHANGE|DISCLOSURE_EVENT,NEXT_SESSION_AFTER_MAX_NOTICE_UPDATE,ABSENT,,False,fundamental.statement,NO_FORMAL_SEARCH_IN_THIS_TASK; SOURCE_UNIT_GLOSSARY_NOT_ASSERTED
CREDITOR_FAIRVALUE_CHANGE_YOY,profit_sheet_report_em,FUNDAMENTAL_CHANGE|DISCLOSURE_EVENT,NEXT_SESSION_AFTER_MAX_NOTICE_UPDATE,ABSENT,,False,fundamental.change.source_reported_yoy,NO_FORMAL_SEARCH_IN_THIS_TASK; SOURCE_UNIT_GLOSSARY_NOT_ASSERTED
CREDITOR_IMPAIRMENT_RESERVE,profit_sheet_report_em,FUNDAMENTAL_LEVEL|FUNDAMENTAL_CHANGE|DISCLOSURE_EVENT,NEXT_SESSION_AFTER_MAX_NOTICE_UPDATE,ABSENT,,False,fundamental.statement,NO_FORMAL_SEARCH_IN_THIS_TASK; SOURCE_UNIT_GLOSSARY_NOT_ASSERTED
CREDITOR_IMPAIRMENT_RESERVE_YOY,profit_sheet_report_em,FUNDAMENTAL_CHANGE|DISCLOSURE_EVENT,NEXT_SESSION_AFTER_MAX_NOTICE_UPDATE,ABSENT,,False,fundamental.change.source_reported_yoy,NO_FORMAL_SEARCH_IN_THIS_TASK; SOURCE_UNIT_GLOSSARY_NOT_ASSERTED
CREDITRISK_FAIRVALUE_CHANGE,profit_sheet_report_em,FUNDAMENTAL_LEVEL|FUNDAMENTAL_CHANGE|DISCLOSURE_EVENT,NEXT_SESSION_AFTER_MAX_NOTICE_UPDATE,ABSENT,,False,fundamental.statement,NO_FORMAL_SEARCH_IN_THIS_TASK; SOURCE_UNIT_GLOSSARY_NOT_ASSERTED
CREDITRISK_FAIRVALUE_CHANGE_YOY,profit_sheet_report_em,FUNDAMENTAL_CHANGE|DISCLOSURE_EVENT,NEXT_SESSION_AFTER_MAX_NOTICE_UPDATE,ABSENT,,False,fundamental.change.source_reported_yoy,NO_FORMAL_SEARCH_IN_THIS_TASK; SOURCE_UNIT_GLOSSARY_NOT_ASSERTED
CREDIT_IMPAIRMENT_INCOME,profit_sheet_report_em,FUNDAMENTAL_LEVEL|FUNDAMENTAL_CHANGE|DISCLOSURE_EVENT,NEXT_SESSION_AFTER_MAX_NOTICE_UPDATE,ABSENT,,False,fundamental.statement,NO_FORMAL_SEARCH_IN_THIS_TASK; SOURCE_UNIT_GLOSSARY_NOT_ASSERTED
CREDIT_IMPAIRMENT_INCOME_YOY,profit_sheet_report_em,FUNDAMENTAL_CHANGE|DISCLOSURE_EVENT,NEXT_SESSION_AFTER_MAX_NOTICE_UPDATE,ABSENT,,False,fundamental.change.source_reported_yoy,NO_FORMAL_SEARCH_IN_THIS_TASK; SOURCE_UNIT_GLOSSARY_NOT_ASSERTED
CREDIT_IMPAIRMENT_LOSS,profit_sheet_report_em,FUNDAMENTAL_LEVEL|FUNDAMENTAL_CHANGE|DISCLOSURE_EVENT,NEXT_SESSION_AFTER_MAX_NOTICE_UPDATE,ABSENT,,False,fundamental.statement,NO_FORMAL_SEARCH_IN_THIS_TASK; SOURCE_UNIT_GLOSSARY_NOT_ASSERTED
CREDIT_IMPAIRMENT_LOSS_YOY,profit_sheet_report_em,FUNDAMENTAL_CHANGE|DISCLOSURE_EVENT,NEXT_SESSION_AFTER_MAX_NOTICE_UPDATE,ABSENT,,False,fundamental.change.source_reported_yoy,NO_FORMAL_SEARCH_IN_THIS_TASK; SOURCE_UNIT_GLOSSARY_NOT_ASSERTED
CURRENCY,profit_sheet_report_em,METADATA_BLOCKED,NEXT_SESSION_AFTER_MAX_NOTICE_UPDATE,ABSENT,,False,BLOCKED,METADATA_NOT_SEARCHABLE
DEDUCT_PARENT_NETPROFIT,profit_sheet_report_em,FUNDAMENTAL_LEVEL|FUNDAMENTAL_CHANGE|DISCLOSURE_EVENT,NEXT_SESSION_AFTER_MAX_NOTICE_UPDATE,ABSENT,,False,fundamental.statement,NO_FORMAL_SEARCH_IN_THIS_TASK; SOURCE_UNIT_GLOSSARY_NOT_ASSERTED
DEDUCT_PARENT_NETPROFIT_YOY,profit_sheet_report_em,FUNDAMENTAL_CHANGE|DISCLOSURE_EVENT,NEXT_SESSION_AFTER_MAX_NOTICE_UPDATE,ABSENT,,False,fundamental.change.source_reported_yoy,NO_FORMAL_SEARCH_IN_THIS_TASK; SOURCE_UNIT_GLOSSARY_NOT_ASSERTED
DILUTED_EPS,profit_sheet_report_em,FUNDAMENTAL_LEVEL|FUNDAMENTAL_CHANGE|DISCLOSURE_EVENT,NEXT_SESSION_AFTER_MAX_NOTICE_UPDATE,ABSENT,,False,fundamental.statement,NO_FORMAL_SEARCH_IN_THIS_TASK; SOURCE_UNIT_GLOSSARY_NOT_ASSERTED
DILUTED_EPS_YOY,profit_sheet_report_em,FUNDAMENTAL_CHANGE|DISCLOSURE_EVENT,NEXT_SESSION_AFTER_MAX_NOTICE_UPDATE,ABSENT,,False,fundamental.change.source_reported_yoy,NO_FORMAL_SEARCH_IN_THIS_TASK; SOURCE_UNIT_GLOSSARY_NOT_ASSERTED
DISCONTINUED_NETPROFIT,profit_sheet_report_em,FUNDAMENTAL_LEVEL|FUNDAMENTAL_CHANGE|DISCLOSURE_EVENT,NEXT_SESSION_AFTER_MAX_NOTICE_UPDATE,ABSENT,,False,fundamental.statement,NO_FORMAL_SEARCH_IN_THIS_TASK; SOURCE_UNIT_GLOSSARY_NOT_ASSERTED
DISCONTINUED_NETPROFIT_YOY,profit_sheet_report_em,FUNDAMENTAL_CHANGE|DISCLOSURE_EVENT,NEXT_SESSION_AFTER_MAX_NOTICE_UPDATE,ABSENT,,False,fundamental.change.source_reported_yoy,NO_FORMAL_SEARCH_IN_THIS_TASK; SOURCE_UNIT_GLOSSARY_NOT_ASSERTED
EARNED_PREMIUM,profit_sheet_report_em,FUNDAMENTAL_LEVEL|FUNDAMENTAL_CHANGE|DISCLOSURE_EVENT,NEXT_SESSION_AFTER_MAX_NOTICE_UPDATE,ABSENT,,False,fundamental.statement,NO_FORMAL_SEARCH_IN_THIS_TASK; SOURCE_UNIT_GLOSSARY_NOT_ASSERTED
EARNED_PREMIUM_BALANCE,profit_sheet_report_em,FUNDAMENTAL_LEVEL|FUNDAMENTAL_CHANGE|DISCLOSURE_EVENT,NEXT_SESSION_AFTER_MAX_NOTICE_UPDATE,ABSENT,,False,fundamental.statement,NO_FORMAL_SEARCH_IN_THIS_TASK; SOURCE_UNIT_GLOSSARY_NOT_ASSERTED
EARNED_PREMIUM_BALANCE_YOY,profit_sheet_report_em,FUNDAMENTAL_CHANGE|DISCLOSURE_EVENT,NEXT_SESSION_AFTER_MAX_NOTICE_UPDATE,ABSENT,,False,fundamental.change.source_reported_yoy,NO_FORMAL_SEARCH_IN_THIS_TASK; SOURCE_UNIT_GLOSSARY_NOT_ASSERTED
EARNED_PREMIUM_YOY,profit_sheet_report_em,FUNDAMENTAL_CHANGE|DISCLOSURE_EVENT,NEXT_SESSION_AFTER_MAX_NOTICE_UPDATE,ABSENT,,False,fundamental.change.source_reported_yoy,NO_FORMAL_SEARCH_IN_THIS_TASK; SOURCE_UNIT_GLOSSARY_NOT_ASSERTED
EFFECT_NETPROFIT_BALANCE,profit_sheet_report_em,FUNDAMENTAL_LEVEL|FUNDAMENTAL_CHANGE|DISCLOSURE_EVENT,NEXT_SESSION_AFTER_MAX_NOTICE_UPDATE,ABSENT,,False,fundamental.statement,NO_FORMAL_SEARCH_IN_THIS_TASK; SOURCE_UNIT_GLOSSARY_NOT_ASSERTED
EFFECT_NETPROFIT_BALANCE_YOY,profit_sheet_report_em,FUNDAMENTAL_CHANGE|DISCLOSURE_EVENT,NEXT_SESSION_AFTER_MAX_NOTICE_UPDATE,ABSENT,,False,fundamental.change.source_reported_yoy,NO_FORMAL_SEARCH_IN_THIS_TASK; SOURCE_UNIT_GLOSSARY_NOT_ASSERTED
EFFECT_NETPROFIT_OTHER,profit_sheet_report_em,FUNDAMENTAL_LEVEL|FUNDAMENTAL_CHANGE|DISCLOSURE_EVENT,NEXT_SESSION_AFTER_MAX_NOTICE_UPDATE,ABSENT,,False,fundamental.statement,NO_FORMAL_SEARCH_IN_THIS_TASK; SOURCE_UNIT_GLOSSARY_NOT_ASSERTED
EFFECT_NETPROFIT_OTHER_YOY,profit_sheet_report_em,FUNDAMENTAL_CHANGE|DISCLOSURE_EVENT,NEXT_SESSION_AFTER_MAX_NOTICE_UPDATE,ABSENT,,False,fundamental.change.source_reported_yoy,NO_FORMAL_SEARCH_IN_THIS_TASK; SOURCE_UNIT_GLOSSARY_NOT_ASSERTED
EFFECT_TCI_BALANCE,profit_sheet_report_em,FUNDAMENTAL_LEVEL|FUNDAMENTAL_CHANGE|DISCLOSURE_EVENT,NEXT_SESSION_AFTER_MAX_NOTICE_UPDATE,ABSENT,,False,fundamental.statement,NO_FORMAL_SEARCH_IN_THIS_TASK; SOURCE_UNIT_GLOSSARY_NOT_ASSERTED
EFFECT_TCI_BALANCE_YOY,profit_sheet_report_em,FUNDAMENTAL_CHANGE|DISCLOSURE_EVENT,NEXT_SESSION_AFTER_MAX_NOTICE_UPDATE,ABSENT,,False,fundamental.change.source_reported_yoy,NO_FORMAL_SEARCH_IN_THIS_TASK; SOURCE_UNIT_GLOSSARY_NOT_ASSERTED
EFFECT_TP_OTHER,profit_sheet_report_em,FUNDAMENTAL_LEVEL|FUNDAMENTAL_CHANGE|DISCLOSURE_EVENT,NEXT_SESSION_AFTER_MAX_NOTICE_UPDATE,ABSENT,,False,fundamental.statement,NO_FORMAL_SEARCH_IN_THIS_TASK; SOURCE_UNIT_GLOSSARY_NOT_ASSERTED
EFFECT_TP_OTHER_YOY,profit_sheet_report_em,FUNDAMENTAL_CHANGE|DISCLOSURE_EVENT,NEXT_SESSION_AFTER_MAX_NOTICE_UPDATE,ABSENT,,False,fundamental.change.source_reported_yoy,NO_FORMAL_SEARCH_IN_THIS_TASK; SOURCE_UNIT_GLOSSARY_NOT_ASSERTED
EXCHANGE_INCOME,profit_sheet_report_em,FUNDAMENTAL_LEVEL|FUNDAMENTAL_CHANGE|DISCLOSURE_EVENT,NEXT_SESSION_AFTER_MAX_NOTICE_UPDATE,ABSENT,,False,fundamental.statement,NO_FORMAL_SEARCH_IN_THIS_TASK; SOURCE_UNIT_GLOSSARY_NOT_ASSERTED
EXCHANGE_INCOME_YOY,profit_sheet_report_em,FUNDAMENTAL_CHANGE|DISCLOSURE_EVENT,NEXT_SESSION_AFTER_MAX_NOTICE_UPDATE,ABSENT,,False,fundamental.change.source_reported_yoy,NO_FORMAL_SEARCH_IN_THIS_TASK; SOURCE_UNIT_GLOSSARY_NOT_ASSERTED
EXTRACT_INSURANCE_RESERVE,profit_sheet_report_em,FUNDAMENTAL_LEVEL|FUNDAMENTAL_CHANGE|DISCLOSURE_EVENT,NEXT_SESSION_AFTER_MAX_NOTICE_UPDATE,ABSENT,,False,fundamental.statement,NO_FORMAL_SEARCH_IN_THIS_TASK; SOURCE_UNIT_GLOSSARY_NOT_ASSERTED
EXTRACT_INSURANCE_RESERVE_YOY,profit_sheet_report_em,FUNDAMENTAL_CHANGE|DISCLOSURE_EVENT,NEXT_SESSION_AFTER_MAX_NOTICE_UPDATE,ABSENT,,False,fundamental.change.source_reported_yoy,NO_FORMAL_SEARCH_IN_THIS_TASK; SOURCE_UNIT_GLOSSARY_NOT_ASSERTED
EXTRACT_UNEXPIRE_RESERVE,profit_sheet_report_em,FUNDAMENTAL_LEVEL|FUNDAMENTAL_CHANGE|DISCLOSURE_EVENT,NEXT_SESSION_AFTER_MAX_NOTICE_UPDATE,ABSENT,,False,fundamental.statement,NO_FORMAL_SEARCH_IN_THIS_TASK; SOURCE_UNIT_GLOSSARY_NOT_ASSERTED
EXTRACT_UNEXPIRE_RESERVE_YOY,profit_sheet_report_em,FUNDAMENTAL_CHANGE|DISCLOSURE_EVENT,NEXT_SESSION_AFTER_MAX_NOTICE_UPDATE,ABSENT,,False,fundamental.change.source_reported_yoy,NO_FORMAL_SEARCH_IN_THIS_TASK; SOURCE_UNIT_GLOSSARY_NOT_ASSERTED
FAIRVALUE_CHANGE,profit_sheet_report_em,FUNDAMENTAL_LEVEL|FUNDAMENTAL_CHANGE|DISCLOSURE_EVENT,NEXT_SESSION_AFTER_MAX_NOTICE_UPDATE,ABSENT,,False,fundamental.statement,NO_FORMAL_SEARCH_IN_THIS_TASK; SOURCE_UNIT_GLOSSARY_NOT_ASSERTED
FAIRVALUE_CHANGE_INCOME,profit_sheet_report_em,FUNDAMENTAL_LEVEL|FUNDAMENTAL_CHANGE|DISCLOSURE_EVENT,NEXT_SESSION_AFTER_MAX_NOTICE_UPDATE,ABSENT,,False,fundamental.statement,NO_FORMAL_SEARCH_IN_THIS_TASK; SOURCE_UNIT_GLOSSARY_NOT_ASSERTED
FAIRVALUE_CHANGE_INCOME_YOY,profit_sheet_report_em,FUNDAMENTAL_CHANGE|DISCLOSURE_EVENT,NEXT_SESSION_AFTER_MAX_NOTICE_UPDATE,ABSENT,,False,fundamental.change.source_reported_yoy,NO_FORMAL_SEARCH_IN_THIS_TASK; SOURCE_UNIT_GLOSSARY_NOT_ASSERTED
FAIRVALUE_CHANGE_YOY,profit_sheet_report_em,FUNDAMENTAL_CHANGE|DISCLOSURE_EVENT,NEXT_SESSION_AFTER_MAX_NOTICE_UPDATE,ABSENT,,False,fundamental.change.source_reported_yoy,NO_FORMAL_SEARCH_IN_THIS_TASK; SOURCE_UNIT_GLOSSARY_NOT_ASSERTED
FEE_COMMISSION_EXPENSE,profit_sheet_report_em,FUNDAMENTAL_LEVEL|FUNDAMENTAL_CHANGE|DISCLOSURE_EVENT,NEXT_SESSION_AFTER_MAX_NOTICE_UPDATE,ABSENT,,False,fundamental.statement,NO_FORMAL_SEARCH_IN_THIS_TASK; SOURCE_UNIT_GLOSSARY_NOT_ASSERTED
FEE_COMMISSION_EXPENSE_YOY,profit_sheet_report_em,FUNDAMENTAL_CHANGE|DISCLOSURE_EVENT,NEXT_SESSION_AFTER_MAX_NOTICE_UPDATE,ABSENT,,False,fundamental.change.source_reported_yoy,NO_FORMAL_SEARCH_IN_THIS_TASK; SOURCE_UNIT_GLOSSARY_NOT_ASSERTED
FEE_COMMISSION_INCOME,profit_sheet_report_em,FUNDAMENTAL_LEVEL|FUNDAMENTAL_CHANGE|DISCLOSURE_EVENT,NEXT_SESSION_AFTER_MAX_NOTICE_UPDATE,ABSENT,,False,fundamental.statement,NO_FORMAL_SEARCH_IN_THIS_TASK; SOURCE_UNIT_GLOSSARY_NOT_ASSERTED
FEE_COMMISSION_INCOME_YOY,profit_sheet_report_em,FUNDAMENTAL_CHANGE|DISCLOSURE_EVENT,NEXT_SESSION_AFTER_MAX_NOTICE_UPDATE,ABSENT,,False,fundamental.change.source_reported_yoy,NO_FORMAL_SEARCH_IN_THIS_TASK; SOURCE_UNIT_GLOSSARY_NOT_ASSERTED
FEE_COMMISSION_NI,profit_sheet_report_em,FUNDAMENTAL_LEVEL|FUNDAMENTAL_CHANGE|DISCLOSURE_EVENT,NEXT_SESSION_AFTER_MAX_NOTICE_UPDATE,ABSENT,,False,fundamental.statement,NO_FORMAL_SEARCH_IN_THIS_TASK; SOURCE_UNIT_GLOSSARY_NOT_ASSERTED
FEE_COMMISSION_NI_YOY,profit_sheet_report_em,FUNDAMENTAL_CHANGE|DISCLOSURE_EVENT,NEXT_SESSION_AFTER_MAX_NOTICE_UPDATE,ABSENT,,False,fundamental.change.source_reported_yoy,NO_FORMAL_SEARCH_IN_THIS_TASK; SOURCE_UNIT_GLOSSARY_NOT_ASSERTED
FE_INTEREST_EXPENSE,profit_sheet_report_em,FUNDAMENTAL_LEVEL|FUNDAMENTAL_CHANGE|DISCLOSURE_EVENT,NEXT_SESSION_AFTER_MAX_NOTICE_UPDATE,ABSENT,,False,fundamental.statement,NO_FORMAL_SEARCH_IN_THIS_TASK; SOURCE_UNIT_GLOSSARY_NOT_ASSERTED
FE_INTEREST_EXPENSE_YOY,profit_sheet_report_em,FUNDAMENTAL_CHANGE|DISCLOSURE_EVENT,NEXT_SESSION_AFTER_MAX_NOTICE_UPDATE,ABSENT,,False,fundamental.change.source_reported_yoy,NO_FORMAL_SEARCH_IN_THIS_TASK; SOURCE_UNIT_GLOSSARY_NOT_ASSERTED
FE_INTEREST_INCOME,profit_sheet_report_em,FUNDAMENTAL_LEVEL|FUNDAMENTAL_CHANGE|DISCLOSURE_EVENT,NEXT_SESSION_AFTER_MAX_NOTICE_UPDATE,ABSENT,,False,fundamental.statement,NO_FORMAL_SEARCH_IN_THIS_TASK; SOURCE_UNIT_GLOSSARY_NOT_ASSERTED
FE_INTEREST_INCOME_YOY,profit_sheet_report_em,FUNDAMENTAL_CHANGE|DISCLOSURE_EVENT,NEXT_SESSION_AFTER_MAX_NOTICE_UPDATE,ABSENT,,False,fundamental.change.source_reported_yoy,NO_FORMAL_SEARCH_IN_THIS_TASK; SOURCE_UNIT_GLOSSARY_NOT_ASSERTED
FINANCE_ADVISER_NI,profit_sheet_report_em,FUNDAMENTAL_LEVEL|FUNDAMENTAL_CHANGE|DISCLOSURE_EVENT,NEXT_SESSION_AFTER_MAX_NOTICE_UPDATE,ABSENT,,False,fundamental.statement,NO_FORMAL_SEARCH_IN_THIS_TASK; SOURCE_UNIT_GLOSSARY_NOT_ASSERTED
FINANCE_ADVISER_NI_YOY,profit_sheet_report_em,FUNDAMENTAL_CHANGE|DISCLOSURE_EVENT,NEXT_SESSION_AFTER_MAX_NOTICE_UPDATE,ABSENT,,False,fundamental.change.source_reported_yoy,NO_FORMAL_SEARCH_IN_THIS_TASK; SOURCE_UNIT_GLOSSARY_NOT_ASSERTED
FINANCE_EXPENSE,profit_sheet_report_em,FUNDAMENTAL_LEVEL|FUNDAMENTAL_CHANGE|DISCLOSURE_EVENT,NEXT_SESSION_AFTER_MAX_NOTICE_UPDATE,ABSENT,,False,fundamental.statement,NO_FORMAL_SEARCH_IN_THIS_TASK; SOURCE_UNIT_GLOSSARY_NOT_ASSERTED
FINANCE_EXPENSE_YOY,profit_sheet_report_em,FUNDAMENTAL_CHANGE|DISCLOSURE_EVENT,NEXT_SESSION_AFTER_MAX_NOTICE_UPDATE,ABSENT,,False,fundamental.change.source_reported_yoy,NO_FORMAL_SEARCH_IN_THIS_TASK; SOURCE_UNIT_GLOSSARY_NOT_ASSERTED
FINANCE_OCI_AMT,profit_sheet_report_em,FUNDAMENTAL_LEVEL|FUNDAMENTAL_CHANGE|DISCLOSURE_EVENT,NEXT_SESSION_AFTER_MAX_NOTICE_UPDATE,ABSENT,,False,fundamental.statement,NO_FORMAL_SEARCH_IN_THIS_TASK; SOURCE_UNIT_GLOSSARY_NOT_ASSERTED
FINANCE_OCI_AMT_YOY,profit_sheet_report_em,FUNDAMENTAL_CHANGE|DISCLOSURE_EVENT,NEXT_SESSION_AFTER_MAX_NOTICE_UPDATE,ABSENT,,False,fundamental.change.source_reported_yoy,NO_FORMAL_SEARCH_IN_THIS_TASK; SOURCE_UNIT_GLOSSARY_NOT_ASSERTED
FUND_MANAGE_NI,profit_sheet_report_em,FUNDAMENTAL_LEVEL|FUNDAMENTAL_CHANGE|DISCLOSURE_EVENT,NEXT_SESSION_AFTER_MAX_NOTICE_UPDATE,ABSENT,,False,fundamental.statement,NO_FORMAL_SEARCH_IN_THIS_TASK; SOURCE_UNIT_GLOSSARY_NOT_ASSERTED
FUND_MANAGE_NI_YOY,profit_sheet_report_em,FUNDAMENTAL_CHANGE|DISCLOSURE_EVENT,NEXT_SESSION_AFTER_MAX_NOTICE_UPDATE,ABSENT,,False,fundamental.change.source_reported_yoy,NO_FORMAL_SEARCH_IN_THIS_TASK; SOURCE_UNIT_GLOSSARY_NOT_ASSERTED
FUND_SALE_NI,profit_sheet_report_em,FUNDAMENTAL_LEVEL|FUNDAMENTAL_CHANGE|DISCLOSURE_EVENT,NEXT_SESSION_AFTER_MAX_NOTICE_UPDATE,ABSENT,,False,fundamental.statement,NO_FORMAL_SEARCH_IN_THIS_TASK; SOURCE_UNIT_GLOSSARY_NOT_ASSERTED
FUND_SALE_NI_YOY,profit_sheet_report_em,FUNDAMENTAL_CHANGE|DISCLOSURE_EVENT,NEXT_SESSION_AFTER_MAX_NOTICE_UPDATE,ABSENT,,False,fundamental.change.source_reported_yoy,NO_FORMAL_SEARCH_IN_THIS_TASK; SOURCE_UNIT_GLOSSARY_NOT_ASSERTED
HMI_AFA,profit_sheet_report_em,FUNDAMENTAL_LEVEL|FUNDAMENTAL_CHANGE|DISCLOSURE_EVENT,NEXT_SESSION_AFTER_MAX_NOTICE_UPDATE,ABSENT,,False,fundamental.statement,NO_FORMAL_SEARCH_IN_THIS_TASK; SOURCE_UNIT_GLOSSARY_NOT_ASSERTED
HMI_AFA_YOY,profit_sheet_report_em,FUNDAMENTAL_CHANGE|DISCLOSURE_EVENT,NEXT_SESSION_AFTER_MAX_NOTICE_UPDATE,ABSENT,,False,fundamental.change.source_reported_yoy,NO_FORMAL_SEARCH_IN_THIS_TASK; SOURCE_UNIT_GLOSSARY_NOT_ASSERTED
INCOME_TAX,profit_sheet_report_em,FUNDAMENTAL_LEVEL|FUNDAMENTAL_CHANGE|DISCLOSURE_EVENT,NEXT_SESSION_AFTER_MAX_NOTICE_UPDATE,ABSENT,,False,fundamental.statement,NO_FORMAL_SEARCH_IN_THIS_TASK; SOURCE_UNIT_GLOSSARY_NOT_ASSERTED
INCOME_TAX_YOY,profit_sheet_report_em,FUNDAMENTAL_CHANGE|DISCLOSURE_EVENT,NEXT_SESSION_AFTER_MAX_NOTICE_UPDATE,ABSENT,,False,fundamental.change.source_reported_yoy,NO_FORMAL_SEARCH_IN_THIS_TASK; SOURCE_UNIT_GLOSSARY_NOT_ASSERTED
INSURANCE_INCOME,profit_sheet_report_em,FUNDAMENTAL_LEVEL|FUNDAMENTAL_CHANGE|DISCLOSURE_EVENT,NEXT_SESSION_AFTER_MAX_NOTICE_UPDATE,ABSENT,,False,fundamental.statement,NO_FORMAL_SEARCH_IN_THIS_TASK; SOURCE_UNIT_GLOSSARY_NOT_ASSERTED
INSURANCE_INCOME_YOY,profit_sheet_report_em,FUNDAMENTAL_CHANGE|DISCLOSURE_EVENT,NEXT_SESSION_AFTER_MAX_NOTICE_UPDATE,ABSENT,,False,fundamental.change.source_reported_yoy,NO_FORMAL_SEARCH_IN_THIS_TASK; SOURCE_UNIT_GLOSSARY_NOT_ASSERTED
INTEREST_EXPENSE,profit_sheet_report_em,FUNDAMENTAL_LEVEL|FUNDAMENTAL_CHANGE|DISCLOSURE_EVENT,NEXT_SESSION_AFTER_MAX_NOTICE_UPDATE,ABSENT,,False,fundamental.statement,NO_FORMAL_SEARCH_IN_THIS_TASK; SOURCE_UNIT_GLOSSARY_NOT_ASSERTED
INTEREST_EXPENSE_YOY,profit_sheet_report_em,FUNDAMENTAL_CHANGE|DISCLOSURE_EVENT,NEXT_SESSION_AFTER_MAX_NOTICE_UPDATE,ABSENT,,False,fundamental.change.source_reported_yoy,NO_FORMAL_SEARCH_IN_THIS_TASK; SOURCE_UNIT_GLOSSARY_NOT_ASSERTED
INTEREST_INCOME,profit_sheet_report_em,FUNDAMENTAL_LEVEL|FUNDAMENTAL_CHANGE|DISCLOSURE_EVENT,NEXT_SESSION_AFTER_MAX_NOTICE_UPDATE,ABSENT,,False,fundamental.statement,NO_FORMAL_SEARCH_IN_THIS_TASK; SOURCE_UNIT_GLOSSARY_NOT_ASSERTED
INTEREST_INCOME_YOY,profit_sheet_report_em,FUNDAMENTAL_CHANGE|DISCLOSURE_EVENT,NEXT_SESSION_AFTER_MAX_NOTICE_UPDATE,ABSENT,,False,fundamental.change.source_reported_yoy,NO_FORMAL_SEARCH_IN_THIS_TASK; SOURCE_UNIT_GLOSSARY_NOT_ASSERTED
INTEREST_NI,profit_sheet_report_em,FUNDAMENTAL_LEVEL|FUNDAMENTAL_CHANGE|DISCLOSURE_EVENT,NEXT_SESSION_AFTER_MAX_NOTICE_UPDATE,ABSENT,,False,fundamental.statement,NO_FORMAL_SEARCH_IN_THIS_TASK; SOURCE_UNIT_GLOSSARY_NOT_ASSERTED
INTEREST_NI_YOY,profit_sheet_report_em,FUNDAMENTAL_CHANGE|DISCLOSURE_EVENT,NEXT_SESSION_AFTER_MAX_NOTICE_UPDATE,ABSENT,,False,fundamental.change.source_reported_yoy,NO_FORMAL_SEARCH_IN_THIS_TASK; SOURCE_UNIT_GLOSSARY_NOT_ASSERTED
INVESTBANK_FEE_NI,profit_sheet_report_em,FUNDAMENTAL_LEVEL|FUNDAMENTAL_CHANGE|DISCLOSURE_EVENT,NEXT_SESSION_AFTER_MAX_NOTICE_UPDATE,ABSENT,,False,fundamental.statement,NO_FORMAL_SEARCH_IN_THIS_TASK; SOURCE_UNIT_GLOSSARY_NOT_ASSERTED
INVESTBANK_FEE_NI_YOY,profit_sheet_report_em,FUNDAMENTAL_CHANGE|DISCLOSURE_EVENT,NEXT_SESSION_AFTER_MAX_NOTICE_UPDATE,ABSENT,,False,fundamental.change.source_reported_yoy,NO_FORMAL_SEARCH_IN_THIS_TASK; SOURCE_UNIT_GLOSSARY_NOT_ASSERTED
INVEST_INCOME,profit_sheet_report_em,FUNDAMENTAL_LEVEL|FUNDAMENTAL_CHANGE|DISCLOSURE_EVENT,NEXT_SESSION_AFTER_MAX_NOTICE_UPDATE,ABSENT,,False,fundamental.statement,NO_FORMAL_SEARCH_IN_THIS_TASK; SOURCE_UNIT_GLOSSARY_NOT_ASSERTED
INVEST_INCOME_YOY,profit_sheet_report_em,FUNDAMENTAL_CHANGE|DISCLOSURE_EVENT,NEXT_SESSION_AFTER_MAX_NOTICE_UPDATE,ABSENT,,False,fundamental.change.source_reported_yoy,NO_FORMAL_SEARCH_IN_THIS_TASK; SOURCE_UNIT_GLOSSARY_NOT_ASSERTED
INVEST_JOINT_INCOME,profit_sheet_report_em,FUNDAMENTAL_LEVEL|FUNDAMENTAL_CHANGE|DISCLOSURE_EVENT,NEXT_SESSION_AFTER_MAX_NOTICE_UPDATE,ABSENT,,False,fundamental.statement,NO_FORMAL_SEARCH_IN_THIS_TASK; SOURCE_UNIT_GLOSSARY_NOT_ASSERTED
INVEST_JOINT_INCOME_YOY,profit_sheet_report_em,FUNDAMENTAL_CHANGE|DISCLOSURE_EVENT,NEXT_SESSION_AFTER_MAX_NOTICE_UPDATE,ABSENT,,False,fundamental.change.source_reported_yoy,NO_FORMAL_SEARCH_IN_THIS_TASK; SOURCE_UNIT_GLOSSARY_NOT_ASSERTED
MANAGE_EXPENSE,profit_sheet_report_em,FUNDAMENTAL_LEVEL|FUNDAMENTAL_CHANGE|DISCLOSURE_EVENT,NEXT_SESSION_AFTER_MAX_NOTICE_UPDATE,ABSENT,,False,fundamental.statement,NO_FORMAL_SEARCH_IN_THIS_TASK; SOURCE_UNIT_GLOSSARY_NOT_ASSERTED
MANAGE_EXPENSE_YOY,profit_sheet_report_em,FUNDAMENTAL_CHANGE|DISCLOSURE_EVENT,NEXT_SESSION_AFTER_MAX_NOTICE_UPDATE,ABSENT,,False,fundamental.change.source_reported_yoy,NO_FORMAL_SEARCH_IN_THIS_TASK; SOURCE_UNIT_GLOSSARY_NOT_ASSERTED
ME_RESEARCH_EXPENSE,profit_sheet_report_em,FUNDAMENTAL_LEVEL|FUNDAMENTAL_CHANGE|DISCLOSURE_EVENT,NEXT_SESSION_AFTER_MAX_NOTICE_UPDATE,ABSENT,,False,fundamental.statement,NO_FORMAL_SEARCH_IN_THIS_TASK; SOURCE_UNIT_GLOSSARY_NOT_ASSERTED
ME_RESEARCH_EXPENSE_YOY,profit_sheet_report_em,FUNDAMENTAL_CHANGE|DISCLOSURE_EVENT,NEXT_SESSION_AFTER_MAX_NOTICE_UPDATE,ABSENT,,False,fundamental.change.source_reported_yoy,NO_FORMAL_SEARCH_IN_THIS_TASK; SOURCE_UNIT_GLOSSARY_NOT_ASSERTED
MINORITY_INTEREST,profit_sheet_report_em,FUNDAMENTAL_LEVEL|FUNDAMENTAL_CHANGE|DISCLOSURE_EVENT,NEXT_SESSION_AFTER_MAX_NOTICE_UPDATE,ABSENT,,False,fundamental.statement,NO_FORMAL_SEARCH_IN_THIS_TASK; SOURCE_UNIT_GLOSSARY_NOT_ASSERTED
MINORITY_INTEREST_YOY,profit_sheet_report_em,FUNDAMENTAL_CHANGE|DISCLOSURE_EVENT,NEXT_SESSION_AFTER_MAX_NOTICE_UPDATE,ABSENT,,False,fundamental.change.source_reported_yoy,NO_FORMAL_SEARCH_IN_THIS_TASK; SOURCE_UNIT_GLOSSARY_NOT_ASSERTED
MINORITY_OCI,profit_sheet_report_em,FUNDAMENTAL_LEVEL|FUNDAMENTAL_CHANGE|DISCLOSURE_EVENT,NEXT_SESSION_AFTER_MAX_NOTICE_UPDATE,ABSENT,,False,fundamental.statement,NO_FORMAL_SEARCH_IN_THIS_TASK; SOURCE_UNIT_GLOSSARY_NOT_ASSERTED
MINORITY_OCI_YOY,profit_sheet_report_em,FUNDAMENTAL_CHANGE|DISCLOSURE_EVENT,NEXT_SESSION_AFTER_MAX_NOTICE_UPDATE,ABSENT,,False,fundamental.change.source_reported_yoy,NO_FORMAL_SEARCH_IN_THIS_TASK; SOURCE_UNIT_GLOSSARY_NOT_ASSERTED
MINORITY_TCI,profit_sheet_report_em,FUNDAMENTAL_LEVEL|FUNDAMENTAL_CHANGE|DISCLOSURE_EVENT,NEXT_SESSION_AFTER_MAX_NOTICE_UPDATE,ABSENT,,False,fundamental.statement,NO_FORMAL_SEARCH_IN_THIS_TASK; SOURCE_UNIT_GLOSSARY_NOT_ASSERTED
MINORITY_TCI_YOY,profit_sheet_report_em,FUNDAMENTAL_CHANGE|DISCLOSURE_EVENT,NEXT_SESSION_AFTER_MAX_NOTICE_UPDATE,ABSENT,,False,fundamental.change.source_reported_yoy,NO_FORMAL_SEARCH_IN_THIS_TASK; SOURCE_UNIT_GLOSSARY_NOT_ASSERTED
NETPROFIT,profit_sheet_report_em,FUNDAMENTAL_LEVEL|FUNDAMENTAL_CHANGE|DISCLOSURE_EVENT,NEXT_SESSION_AFTER_MAX_NOTICE_UPDATE,ABSENT,,False,fundamental.statement,NO_FORMAL_SEARCH_IN_THIS_TASK; SOURCE_UNIT_GLOSSARY_NOT_ASSERTED
NETPROFIT_BALANCE,profit_sheet_report_em,FUNDAMENTAL_LEVEL|FUNDAMENTAL_CHANGE|DISCLOSURE_EVENT,NEXT_SESSION_AFTER_MAX_NOTICE_UPDATE,ABSENT,,False,fundamental.statement,NO_FORMAL_SEARCH_IN_THIS_TASK; SOURCE_UNIT_GLOSSARY_NOT_ASSERTED
NETPROFIT_BALANCE_YOY,profit_sheet_report_em,FUNDAMENTAL_CHANGE|DISCLOSURE_EVENT,NEXT_SESSION_AFTER_MAX_NOTICE_UPDATE,ABSENT,,False,fundamental.change.source_reported_yoy,NO_FORMAL_SEARCH_IN_THIS_TASK; SOURCE_UNIT_GLOSSARY_NOT_ASSERTED
NETPROFIT_OTHER,profit_sheet_report_em,FUNDAMENTAL_LEVEL|FUNDAMENTAL_CHANGE|DISCLOSURE_EVENT,NEXT_SESSION_AFTER_MAX_NOTICE_UPDATE,ABSENT,,False,fundamental.statement,NO_FORMAL_SEARCH_IN_THIS_TASK; SOURCE_UNIT_GLOSSARY_NOT_ASSERTED
NETPROFIT_OTHER_YOY,profit_sheet_report_em,FUNDAMENTAL_CHANGE|DISCLOSURE_EVENT,NEXT_SESSION_AFTER_MAX_NOTICE_UPDATE,ABSENT,,False,fundamental.change.source_reported_yoy,NO_FORMAL_SEARCH_IN_THIS_TASK; SOURCE_UNIT_GLOSSARY_NOT_ASSERTED
NETPROFIT_YOY,profit_sheet_report_em,FUNDAMENTAL_CHANGE|DISCLOSURE_EVENT,NEXT_SESSION_AFTER_MAX_NOTICE_UPDATE,ABSENT,,False,fundamental.change.source_reported_yoy,NO_FORMAL_SEARCH_IN_THIS_TASK; SOURCE_UNIT_GLOSSARY_NOT_ASSERTED
NET_COMPENSATE_EXPENSE,profit_sheet_report_em,FUNDAMENTAL_LEVEL|FUNDAMENTAL_CHANGE|DISCLOSURE_EVENT,NEXT_SESSION_AFTER_MAX_NOTICE_UPDATE,ABSENT,,False,fundamental.statement,NO_FORMAL_SEARCH_IN_THIS_TASK; SOURCE_UNIT_GLOSSARY_NOT_ASSERTED
NET_COMPENSATE_EXPENSE_YOY,profit_sheet_report_em,FUNDAMENTAL_CHANGE|DISCLOSURE_EVENT,NEXT_SESSION_AFTER_MAX_NOTICE_UPDATE,ABSENT,,False,fundamental.change.source_reported_yoy,NO_FORMAL_SEARCH_IN_THIS_TASK; SOURCE_UNIT_GLOSSARY_NOT_ASSERTED
NET_CONTRACT_RESERVE,profit_sheet_report_em,FUNDAMENTAL_LEVEL|FUNDAMENTAL_CHANGE|DISCLOSURE_EVENT,NEXT_SESSION_AFTER_MAX_NOTICE_UPDATE,ABSENT,,False,fundamental.statement,NO_FORMAL_SEARCH_IN_THIS_TASK; SOURCE_UNIT_GLOSSARY_NOT_ASSERTED
NET_CONTRACT_RESERVE_YOY,profit_sheet_report_em,FUNDAMENTAL_CHANGE|DISCLOSURE_EVENT,NEXT_SESSION_AFTER_MAX_NOTICE_UPDATE,ABSENT,,False,fundamental.change.source_reported_yoy,NO_FORMAL_SEARCH_IN_THIS_TASK; SOURCE_UNIT_GLOSSARY_NOT_ASSERTED
NET_EXPOSURE_INCOME,profit_sheet_report_em,FUNDAMENTAL_LEVEL|FUNDAMENTAL_CHANGE|DISCLOSURE_EVENT,NEXT_SESSION_AFTER_MAX_NOTICE_UPDATE,ABSENT,,False,fundamental.statement,NO_FORMAL_SEARCH_IN_THIS_TASK; SOURCE_UNIT_GLOSSARY_NOT_ASSERTED
NET_EXPOSURE_INCOME_YOY,profit_sheet_report_em,FUNDAMENTAL_CHANGE|DISCLOSURE_EVENT,NEXT_SESSION_AFTER_MAX_NOTICE_UPDATE,ABSENT,,False,fundamental.change.source_reported_yoy,NO_FORMAL_SEARCH_IN_THIS_TASK; SOURCE_UNIT_GLOSSARY_NOT_ASSERTED
NONBUSINESS_EXPENSE,profit_sheet_report_em,FUNDAMENTAL_LEVEL|FUNDAMENTAL_CHANGE|DISCLOSURE_EVENT,NEXT_SESSION_AFTER_MAX_NOTICE_UPDATE,ABSENT,,False,fundamental.statement,NO_FORMAL_SEARCH_IN_THIS_TASK; SOURCE_UNIT_GLOSSARY_NOT_ASSERTED
NONBUSINESS_EXPENSE_YOY,profit_sheet_report_em,FUNDAMENTAL_CHANGE|DISCLOSURE_EVENT,NEXT_SESSION_AFTER_MAX_NOTICE_UPDATE,ABSENT,,False,fundamental.change.source_reported_yoy,NO_FORMAL_SEARCH_IN_THIS_TASK; SOURCE_UNIT_GLOSSARY_NOT_ASSERTED
NONBUSINESS_INCOME,profit_sheet_report_em,FUNDAMENTAL_LEVEL|FUNDAMENTAL_CHANGE|DISCLOSURE_EVENT,NEXT_SESSION_AFTER_MAX_NOTICE_UPDATE,ABSENT,,False,fundamental.statement,NO_FORMAL_SEARCH_IN_THIS_TASK; SOURCE_UNIT_GLOSSARY_NOT_ASSERTED
NONBUSINESS_INCOME_YOY,profit_sheet_report_em,FUNDAMENTAL_CHANGE|DISCLOSURE_EVENT,NEXT_SESSION_AFTER_MAX_NOTICE_UPDATE,ABSENT,,False,fundamental.change.source_reported_yoy,NO_FORMAL_SEARCH_IN_THIS_TASK; SOURCE_UNIT_GLOSSARY_NOT_ASSERTED
NONCURRENT_DISPOSAL_INCOME,profit_sheet_report_em,FUNDAMENTAL_LEVEL|FUNDAMENTAL_CHANGE|DISCLOSURE_EVENT,NEXT_SESSION_AFTER_MAX_NOTICE_UPDATE,ABSENT,,False,fundamental.statement,NO_FORMAL_SEARCH_IN_THIS_TASK; SOURCE_UNIT_GLOSSARY_NOT_ASSERTED
NONCURRENT_DISPOSAL_INCOME_YOY,profit_sheet_report_em,FUNDAMENTAL_CHANGE|DISCLOSURE_EVENT,NEXT_SESSION_AFTER_MAX_NOTICE_UPDATE,ABSENT,,False,fundamental.change.source_reported_yoy,NO_FORMAL_SEARCH_IN_THIS_TASK; SOURCE_UNIT_GLOSSARY_NOT_ASSERTED
NONCURRENT_DISPOSAL_LOSS,profit_sheet_report_em,FUNDAMENTAL_LEVEL|FUNDAMENTAL_CHANGE|DISCLOSURE_EVENT,NEXT_SESSION_AFTER_MAX_NOTICE_UPDATE,ABSENT,,False,fundamental.statement,NO_FORMAL_SEARCH_IN_THIS_TASK; SOURCE_UNIT_GLOSSARY_NOT_ASSERTED
NONCURRENT_DISPOSAL_LOSS_YOY,profit_sheet_report_em,FUNDAMENTAL_CHANGE|DISCLOSURE_EVENT,NEXT_SESSION_AFTER_MAX_NOTICE_UPDATE,ABSENT,,False,fundamental.change.source_reported_yoy,NO_FORMAL_SEARCH_IN_THIS_TASK; SOURCE_UNIT_GLOSSARY_NOT_ASSERTED
NOTICE_DATE,profit_sheet_report_em,METADATA_BLOCKED,NEXT_SESSION_AFTER_MAX_NOTICE_UPDATE,ABSENT,,False,BLOCKED,METADATA_NOT_SEARCHABLE
OCI_BALANCE,profit_sheet_report_em,FUNDAMENTAL_LEVEL|FUNDAMENTAL_CHANGE|DISCLOSURE_EVENT,NEXT_SESSION_AFTER_MAX_NOTICE_UPDATE,ABSENT,,False,fundamental.statement,NO_FORMAL_SEARCH_IN_THIS_TASK; SOURCE_UNIT_GLOSSARY_NOT_ASSERTED
OCI_BALANCE_YOY,profit_sheet_report_em,FUNDAMENTAL_CHANGE|DISCLOSURE_EVENT,NEXT_SESSION_AFTER_MAX_NOTICE_UPDATE,ABSENT,,False,fundamental.change.source_reported_yoy,NO_FORMAL_SEARCH_IN_THIS_TASK; SOURCE_UNIT_GLOSSARY_NOT_ASSERTED
OCI_OTHER,profit_sheet_report_em,FUNDAMENTAL_LEVEL|FUNDAMENTAL_CHANGE|DISCLOSURE_EVENT,NEXT_SESSION_AFTER_MAX_NOTICE_UPDATE,ABSENT,,False,fundamental.statement,NO_FORMAL_SEARCH_IN_THIS_TASK; SOURCE_UNIT_GLOSSARY_NOT_ASSERTED
OCI_OTHER_YOY,profit_sheet_report_em,FUNDAMENTAL_CHANGE|DISCLOSURE_EVENT,NEXT_SESSION_AFTER_MAX_NOTICE_UPDATE,ABSENT,,False,fundamental.change.source_reported_yoy,NO_FORMAL_SEARCH_IN_THIS_TASK; SOURCE_UNIT_GLOSSARY_NOT_ASSERTED
OPERATE_COST,profit_sheet_report_em,FUNDAMENTAL_LEVEL|FUNDAMENTAL_CHANGE|DISCLOSURE_EVENT,NEXT_SESSION_AFTER_MAX_NOTICE_UPDATE,ABSENT,,False,fundamental.statement,NO_FORMAL_SEARCH_IN_THIS_TASK; SOURCE_UNIT_GLOSSARY_NOT_ASSERTED
OPERATE_COST_YOY,profit_sheet_report_em,FUNDAMENTAL_CHANGE|DISCLOSURE_EVENT,NEXT_SESSION_AFTER_MAX_NOTICE_UPDATE,ABSENT,,False,fundamental.change.source_reported_yoy,NO_FORMAL_SEARCH_IN_THIS_TASK; SOURCE_UNIT_GLOSSARY_NOT_ASSERTED
OPERATE_EXPENSE,profit_sheet_report_em,FUNDAMENTAL_LEVEL|FUNDAMENTAL_CHANGE|DISCLOSURE_EVENT,NEXT_SESSION_AFTER_MAX_NOTICE_UPDATE,ABSENT,,False,fundamental.statement,NO_FORMAL_SEARCH_IN_THIS_TASK; SOURCE_UNIT_GLOSSARY_NOT_ASSERTED
OPERATE_EXPENSE_BALANCE,profit_sheet_report_em,FUNDAMENTAL_LEVEL|FUNDAMENTAL_CHANGE|DISCLOSURE_EVENT,NEXT_SESSION_AFTER_MAX_NOTICE_UPDATE,ABSENT,,False,fundamental.statement,NO_FORMAL_SEARCH_IN_THIS_TASK; SOURCE_UNIT_GLOSSARY_NOT_ASSERTED
OPERATE_EXPENSE_BALANCE_YOY,profit_sheet_report_em,FUNDAMENTAL_CHANGE|DISCLOSURE_EVENT,NEXT_SESSION_AFTER_MAX_NOTICE_UPDATE,ABSENT,,False,fundamental.change.source_reported_yoy,NO_FORMAL_SEARCH_IN_THIS_TASK; SOURCE_UNIT_GLOSSARY_NOT_ASSERTED
OPERATE_EXPENSE_OTHER,profit_sheet_report_em,FUNDAMENTAL_LEVEL|FUNDAMENTAL_CHANGE|DISCLOSURE_EVENT,NEXT_SESSION_AFTER_MAX_NOTICE_UPDATE,ABSENT,,False,fundamental.statement,NO_FORMAL_SEARCH_IN_THIS_TASK; SOURCE_UNIT_GLOSSARY_NOT_ASSERTED
OPERATE_EXPENSE_OTHER_YOY,profit_sheet_report_em,FUNDAMENTAL_CHANGE|DISCLOSURE_EVENT,NEXT_SESSION_AFTER_MAX_NOTICE_UPDATE,ABSENT,,False,fundamental.change.source_reported_yoy,NO_FORMAL_SEARCH_IN_THIS_TASK; SOURCE_UNIT_GLOSSARY_NOT_ASSERTED
OPERATE_EXPENSE_YOY,profit_sheet_report_em,FUNDAMENTAL_CHANGE|DISCLOSURE_EVENT,NEXT_SESSION_AFTER_MAX_NOTICE_UPDATE,ABSENT,,False,fundamental.change.source_reported_yoy,NO_FORMAL_SEARCH_IN_THIS_TASK; SOURCE_UNIT_GLOSSARY_NOT_ASSERTED
OPERATE_INCOME,profit_sheet_report_em,FUNDAMENTAL_LEVEL|FUNDAMENTAL_CHANGE|DISCLOSURE_EVENT,NEXT_SESSION_AFTER_MAX_NOTICE_UPDATE,ABSENT,,False,fundamental.statement,NO_FORMAL_SEARCH_IN_THIS_TASK; SOURCE_UNIT_GLOSSARY_NOT_ASSERTED
OPERATE_INCOME_BALANCE,profit_sheet_report_em,FUNDAMENTAL_LEVEL|FUNDAMENTAL_CHANGE|DISCLOSURE_EVENT,NEXT_SESSION_AFTER_MAX_NOTICE_UPDATE,ABSENT,,False,fundamental.statement,NO_FORMAL_SEARCH_IN_THIS_TASK; SOURCE_UNIT_GLOSSARY_NOT_ASSERTED
OPERATE_INCOME_BALANCE_YOY,profit_sheet_report_em,FUNDAMENTAL_CHANGE|DISCLOSURE_EVENT,NEXT_SESSION_AFTER_MAX_NOTICE_UPDATE,ABSENT,,False,fundamental.change.source_reported_yoy,NO_FORMAL_SEARCH_IN_THIS_TASK; SOURCE_UNIT_GLOSSARY_NOT_ASSERTED
OPERATE_INCOME_OTHER,profit_sheet_report_em,FUNDAMENTAL_LEVEL|FUNDAMENTAL_CHANGE|DISCLOSURE_EVENT,NEXT_SESSION_AFTER_MAX_NOTICE_UPDATE,ABSENT,,False,fundamental.statement,NO_FORMAL_SEARCH_IN_THIS_TASK; SOURCE_UNIT_GLOSSARY_NOT_ASSERTED
OPERATE_INCOME_OTHER_YOY,profit_sheet_report_em,FUNDAMENTAL_CHANGE|DISCLOSURE_EVENT,NEXT_SESSION_AFTER_MAX_NOTICE_UPDATE,ABSENT,,False,fundamental.change.source_reported_yoy,NO_FORMAL_SEARCH_IN_THIS_TASK; SOURCE_UNIT_GLOSSARY_NOT_ASSERTED
OPERATE_INCOME_YOY,profit_sheet_report_em,FUNDAMENTAL_CHANGE|DISCLOSURE_EVENT,NEXT_SESSION_AFTER_MAX_NOTICE_UPDATE,ABSENT,,False,fundamental.change.source_reported_yoy,NO_FORMAL_SEARCH_IN_THIS_TASK; SOURCE_UNIT_GLOSSARY_NOT_ASSERTED
OPERATE_PROFIT,profit_sheet_report_em,FUNDAMENTAL_LEVEL|FUNDAMENTAL_CHANGE|DISCLOSURE_EVENT,NEXT_SESSION_AFTER_MAX_NOTICE_UPDATE,ABSENT,,False,fundamental.statement,NO_FORMAL_SEARCH_IN_THIS_TASK; SOURCE_UNIT_GLOSSARY_NOT_ASSERTED
OPERATE_PROFIT_BALANCE,profit_sheet_report_em,FUNDAMENTAL_LEVEL|FUNDAMENTAL_CHANGE|DISCLOSURE_EVENT,NEXT_SESSION_AFTER_MAX_NOTICE_UPDATE,ABSENT,,False,fundamental.statement,NO_FORMAL_SEARCH_IN_THIS_TASK; SOURCE_UNIT_GLOSSARY_NOT_ASSERTED
OPERATE_PROFIT_BALANCE_YOY,profit_sheet_report_em,FUNDAMENTAL_CHANGE|DISCLOSURE_EVENT,NEXT_SESSION_AFTER_MAX_NOTICE_UPDATE,ABSENT,,False,fundamental.change.source_reported_yoy,NO_FORMAL_SEARCH_IN_THIS_TASK; SOURCE_UNIT_GLOSSARY_NOT_ASSERTED
OPERATE_PROFIT_OTHER,profit_sheet_report_em,FUNDAMENTAL_LEVEL|FUNDAMENTAL_CHANGE|DISCLOSURE_EVENT,NEXT_SESSION_AFTER_MAX_NOTICE_UPDATE,ABSENT,,False,fundamental.statement,NO_FORMAL_SEARCH_IN_THIS_TASK; SOURCE_UNIT_GLOSSARY_NOT_ASSERTED
OPERATE_PROFIT_OTHER_YOY,profit_sheet_report_em,FUNDAMENTAL_CHANGE|DISCLOSURE_EVENT,NEXT_SESSION_AFTER_MAX_NOTICE_UPDATE,ABSENT,,False,fundamental.change.source_reported_yoy,NO_FORMAL_SEARCH_IN_THIS_TASK; SOURCE_UNIT_GLOSSARY_NOT_ASSERTED
OPERATE_PROFIT_YOY,profit_sheet_report_em,FUNDAMENTAL_CHANGE|DISCLOSURE_EVENT,NEXT_SESSION_AFTER_MAX_NOTICE_UPDATE,ABSENT,,False,fundamental.change.source_reported_yoy,NO_FORMAL_SEARCH_IN_THIS_TASK; SOURCE_UNIT_GLOSSARY_NOT_ASSERTED
OPERATE_TAX_ADD,profit_sheet_report_em,FUNDAMENTAL_LEVEL|FUNDAMENTAL_CHANGE|DISCLOSURE_EVENT,NEXT_SESSION_AFTER_MAX_NOTICE_UPDATE,ABSENT,,False,fundamental.statement,NO_FORMAL_SEARCH_IN_THIS_TASK; SOURCE_UNIT_GLOSSARY_NOT_ASSERTED
OPERATE_TAX_ADD_YOY,profit_sheet_report_em,FUNDAMENTAL_CHANGE|DISCLOSURE_EVENT,NEXT_SESSION_AFTER_MAX_NOTICE_UPDATE,ABSENT,,False,fundamental.change.source_reported_yoy,NO_FORMAL_SEARCH_IN_THIS_TASK; SOURCE_UNIT_GLOSSARY_NOT_ASSERTED
OPINION_TYPE,profit_sheet_report_em,METADATA_BLOCKED,NEXT_SESSION_AFTER_MAX_NOTICE_UPDATE,ABSENT,,False,BLOCKED,METADATA_NOT_SEARCHABLE
ORG_CODE,profit_sheet_report_em,METADATA_BLOCKED,NEXT_SESSION_AFTER_MAX_NOTICE_UPDATE,ABSENT,,False,BLOCKED,METADATA_NOT_SEARCHABLE
ORG_TYPE,profit_sheet_report_em,METADATA_BLOCKED,NEXT_SESSION_AFTER_MAX_NOTICE_UPDATE,ABSENT,,False,BLOCKED,METADATA_NOT_SEARCHABLE
OSOPINION_TYPE,profit_sheet_report_em,METADATA_BLOCKED,NEXT_SESSION_AFTER_MAX_NOTICE_UPDATE,ABSENT,,False,BLOCKED,METADATA_NOT_SEARCHABLE
OTHERRIGHT_FAIRVALUE_CHANGE,profit_sheet_report_em,FUNDAMENTAL_LEVEL|FUNDAMENTAL_CHANGE|DISCLOSURE_EVENT,NEXT_SESSION_AFTER_MAX_NOTICE_UPDATE,ABSENT,,False,fundamental.statement,NO_FORMAL_SEARCH_IN_THIS_TASK; SOURCE_UNIT_GLOSSARY_NOT_ASSERTED
OTHERRIGHT_FAIRVALUE_CHANGE_YOY,profit_sheet_report_em,FUNDAMENTAL_CHANGE|DISCLOSURE_EVENT,NEXT_SESSION_AFTER_MAX_NOTICE_UPDATE,ABSENT,,False,fundamental.change.source_reported_yoy,NO_FORMAL_SEARCH_IN_THIS_TASK; SOURCE_UNIT_GLOSSARY_NOT_ASSERTED
OTHER_BUSINESS_COST,profit_sheet_report_em,FUNDAMENTAL_LEVEL|FUNDAMENTAL_CHANGE|DISCLOSURE_EVENT,NEXT_SESSION_AFTER_MAX_NOTICE_UPDATE,ABSENT,,False,fundamental.statement,NO_FORMAL_SEARCH_IN_THIS_TASK; SOURCE_UNIT_GLOSSARY_NOT_ASSERTED
OTHER_BUSINESS_COST_YOY,profit_sheet_report_em,FUNDAMENTAL_CHANGE|DISCLOSURE_EVENT,NEXT_SESSION_AFTER_MAX_NOTICE_UPDATE,ABSENT,,False,fundamental.change.source_reported_yoy,NO_FORMAL_SEARCH_IN_THIS_TASK; SOURCE_UNIT_GLOSSARY_NOT_ASSERTED
OTHER_BUSINESS_INCOME,profit_sheet_report_em,FUNDAMENTAL_LEVEL|FUNDAMENTAL_CHANGE|DISCLOSURE_EVENT,NEXT_SESSION_AFTER_MAX_NOTICE_UPDATE,ABSENT,,False,fundamental.statement,NO_FORMAL_SEARCH_IN_THIS_TASK; SOURCE_UNIT_GLOSSARY_NOT_ASSERTED
OTHER_BUSINESS_INCOME_YOY,profit_sheet_report_em,FUNDAMENTAL_CHANGE|DISCLOSURE_EVENT,NEXT_SESSION_AFTER_MAX_NOTICE_UPDATE,ABSENT,,False,fundamental.change.source_reported_yoy,NO_FORMAL_SEARCH_IN_THIS_TASK; SOURCE_UNIT_GLOSSARY_NOT_ASSERTED
OTHER_COMPRE_INCOME,profit_sheet_report_em,FUNDAMENTAL_LEVEL|FUNDAMENTAL_CHANGE|DISCLOSURE_EVENT,NEXT_SESSION_AFTER_MAX_NOTICE_UPDATE,ABSENT,,False,fundamental.statement,NO_FORMAL_SEARCH_IN_THIS_TASK; SOURCE_UNIT_GLOSSARY_NOT_ASSERTED
OTHER_COMPRE_INCOME_YOY,profit_sheet_report_em,FUNDAMENTAL_CHANGE|DISCLOSURE_EVENT,NEXT_SESSION_AFTER_MAX_NOTICE_UPDATE,ABSENT,,False,fundamental.change.source_reported_yoy,NO_FORMAL_SEARCH_IN_THIS_TASK; SOURCE_UNIT_GLOSSARY_NOT_ASSERTED
OTHER_INCOME,profit_sheet_report_em,FUNDAMENTAL_LEVEL|FUNDAMENTAL_CHANGE|DISCLOSURE_EVENT,NEXT_SESSION_AFTER_MAX_NOTICE_UPDATE,ABSENT,,False,fundamental.statement,NO_FORMAL_SEARCH_IN_THIS_TASK; SOURCE_UNIT_GLOSSARY_NOT_ASSERTED
OTHER_INCOME_YOY,profit_sheet_report_em,FUNDAMENTAL_CHANGE|DISCLOSURE_EVENT,NEXT_SESSION_AFTER_MAX_NOTICE_UPDATE,ABSENT,,False,fundamental.change.source_reported_yoy,NO_FORMAL_SEARCH_IN_THIS_TASK; SOURCE_UNIT_GLOSSARY_NOT_ASSERTED
PARENT_NETPROFIT,profit_sheet_report_em,FUNDAMENTAL_LEVEL|FUNDAMENTAL_CHANGE|DISCLOSURE_EVENT,NEXT_SESSION_AFTER_MAX_NOTICE_UPDATE,ABSENT,,False,fundamental.statement,NO_FORMAL_SEARCH_IN_THIS_TASK; SOURCE_UNIT_GLOSSARY_NOT_ASSERTED
PARENT_NETPROFIT_YOY,profit_sheet_report_em,FUNDAMENTAL_CHANGE|DISCLOSURE_EVENT,NEXT_SESSION_AFTER_MAX_NOTICE_UPDATE,ABSENT,,False,fundamental.change.source_reported_yoy,NO_FORMAL_SEARCH_IN_THIS_TASK; SOURCE_UNIT_GLOSSARY_NOT_ASSERTED
PARENT_OCI,profit_sheet_report_em,FUNDAMENTAL_LEVEL|FUNDAMENTAL_CHANGE|DISCLOSURE_EVENT,NEXT_SESSION_AFTER_MAX_NOTICE_UPDATE,ABSENT,,False,fundamental.statement,NO_FORMAL_SEARCH_IN_THIS_TASK; SOURCE_UNIT_GLOSSARY_NOT_ASSERTED
PARENT_OCI_BALANCE,profit_sheet_report_em,FUNDAMENTAL_LEVEL|FUNDAMENTAL_CHANGE|DISCLOSURE_EVENT,NEXT_SESSION_AFTER_MAX_NOTICE_UPDATE,ABSENT,,False,fundamental.statement,NO_FORMAL_SEARCH_IN_THIS_TASK; SOURCE_UNIT_GLOSSARY_NOT_ASSERTED
PARENT_OCI_BALANCE_YOY,profit_sheet_report_em,FUNDAMENTAL_CHANGE|DISCLOSURE_EVENT,NEXT_SESSION_AFTER_MAX_NOTICE_UPDATE,ABSENT,,False,fundamental.change.source_reported_yoy,NO_FORMAL_SEARCH_IN_THIS_TASK; SOURCE_UNIT_GLOSSARY_NOT_ASSERTED
PARENT_OCI_OTHER,profit_sheet_report_em,FUNDAMENTAL_LEVEL|FUNDAMENTAL_CHANGE|DISCLOSURE_EVENT,NEXT_SESSION_AFTER_MAX_NOTICE_UPDATE,ABSENT,,False,fundamental.statement,NO_FORMAL_SEARCH_IN_THIS_TASK; SOURCE_UNIT_GLOSSARY_NOT_ASSERTED
PARENT_OCI_OTHER_YOY,profit_sheet_report_em,FUNDAMENTAL_CHANGE|DISCLOSURE_EVENT,NEXT_SESSION_AFTER_MAX_NOTICE_UPDATE,ABSENT,,False,fundamental.change.source_reported_yoy,NO_FORMAL_SEARCH_IN_THIS_TASK; SOURCE_UNIT_GLOSSARY_NOT_ASSERTED
PARENT_OCI_YOY,profit_sheet_report_em,FUNDAMENTAL_CHANGE|DISCLOSURE_EVENT,NEXT_SESSION_AFTER_MAX_NOTICE_UPDATE,ABSENT,,False,fundamental.change.source_reported_yoy,NO_FORMAL_SEARCH_IN_THIS_TASK; SOURCE_UNIT_GLOSSARY_NOT_ASSERTED
PARENT_TCI,profit_sheet_report_em,FUNDAMENTAL_LEVEL|FUNDAMENTAL_CHANGE|DISCLOSURE_EVENT,NEXT_SESSION_AFTER_MAX_NOTICE_UPDATE,ABSENT,,False,fundamental.statement,NO_FORMAL_SEARCH_IN_THIS_TASK; SOURCE_UNIT_GLOSSARY_NOT_ASSERTED
PARENT_TCI_YOY,profit_sheet_report_em,FUNDAMENTAL_CHANGE|DISCLOSURE_EVENT,NEXT_SESSION_AFTER_MAX_NOTICE_UPDATE,ABSENT,,False,fundamental.change.source_reported_yoy,NO_FORMAL_SEARCH_IN_THIS_TASK; SOURCE_UNIT_GLOSSARY_NOT_ASSERTED
POLICY_BONUS_EXPENSE,profit_sheet_report_em,FUNDAMENTAL_LEVEL|FUNDAMENTAL_CHANGE|DISCLOSURE_EVENT,NEXT_SESSION_AFTER_MAX_NOTICE_UPDATE,ABSENT,,False,fundamental.statement,NO_FORMAL_SEARCH_IN_THIS_TASK; SOURCE_UNIT_GLOSSARY_NOT_ASSERTED
POLICY_BONUS_EXPENSE_YOY,profit_sheet_report_em,FUNDAMENTAL_CHANGE|DISCLOSURE_EVENT,NEXT_SESSION_AFTER_MAX_NOTICE_UPDATE,ABSENT,,False,fundamental.change.source_reported_yoy,NO_FORMAL_SEARCH_IN_THIS_TASK; SOURCE_UNIT_GLOSSARY_NOT_ASSERTED
PRECOMBINE_PROFIT,profit_sheet_report_em,FUNDAMENTAL_LEVEL|FUNDAMENTAL_CHANGE|DISCLOSURE_EVENT,NEXT_SESSION_AFTER_MAX_NOTICE_UPDATE,ABSENT,,False,fundamental.statement,NO_FORMAL_SEARCH_IN_THIS_TASK; SOURCE_UNIT_GLOSSARY_NOT_ASSERTED
PRECOMBINE_PROFIT_YOY,profit_sheet_report_em,FUNDAMENTAL_CHANGE|DISCLOSURE_EVENT,NEXT_SESSION_AFTER_MAX_NOTICE_UPDATE,ABSENT,,False,fundamental.change.source_reported_yoy,NO_FORMAL_SEARCH_IN_THIS_TASK; SOURCE_UNIT_GLOSSARY_NOT_ASSERTED
PRECOMBINE_TCI,profit_sheet_report_em,FUNDAMENTAL_LEVEL|FUNDAMENTAL_CHANGE|DISCLOSURE_EVENT,NEXT_SESSION_AFTER_MAX_NOTICE_UPDATE,ABSENT,,False,fundamental.statement,NO_FORMAL_SEARCH_IN_THIS_TASK; SOURCE_UNIT_GLOSSARY_NOT_ASSERTED
PRECOMBINE_TCI_YOY,profit_sheet_report_em,FUNDAMENTAL_CHANGE|DISCLOSURE_EVENT,NEXT_SESSION_AFTER_MAX_NOTICE_UPDATE,ABSENT,,False,fundamental.change.source_reported_yoy,NO_FORMAL_SEARCH_IN_THIS_TASK; SOURCE_UNIT_GLOSSARY_NOT_ASSERTED
RECOMMEND_NI,profit_sheet_report_em,FUNDAMENTAL_LEVEL|FUNDAMENTAL_CHANGE|DISCLOSURE_EVENT,NEXT_SESSION_AFTER_MAX_NOTICE_UPDATE,ABSENT,,False,fundamental.statement,NO_FORMAL_SEARCH_IN_THIS_TASK; SOURCE_UNIT_GLOSSARY_NOT_ASSERTED
RECOMMEND_NI_YOY,profit_sheet_report_em,FUNDAMENTAL_CHANGE|DISCLOSURE_EVENT,NEXT_SESSION_AFTER_MAX_NOTICE_UPDATE,ABSENT,,False,fundamental.change.source_reported_yoy,NO_FORMAL_SEARCH_IN_THIS_TASK; SOURCE_UNIT_GLOSSARY_NOT_ASSERTED
REINSURE_EXPENSE,profit_sheet_report_em,FUNDAMENTAL_LEVEL|FUNDAMENTAL_CHANGE|DISCLOSURE_EVENT,NEXT_SESSION_AFTER_MAX_NOTICE_UPDATE,ABSENT,,False,fundamental.statement,NO_FORMAL_SEARCH_IN_THIS_TASK; SOURCE_UNIT_GLOSSARY_NOT_ASSERTED
REINSURE_EXPENSE_YOY,profit_sheet_report_em,FUNDAMENTAL_CHANGE|DISCLOSURE_EVENT,NEXT_SESSION_AFTER_MAX_NOTICE_UPDATE,ABSENT,,False,fundamental.change.source_reported_yoy,NO_FORMAL_SEARCH_IN_THIS_TASK; SOURCE_UNIT_GLOSSARY_NOT_ASSERTED
REINSURE_INCOME,profit_sheet_report_em,FUNDAMENTAL_LEVEL|FUNDAMENTAL_CHANGE|DISCLOSURE_EVENT,NEXT_SESSION_AFTER_MAX_NOTICE_UPDATE,ABSENT,,False,fundamental.statement,NO_FORMAL_SEARCH_IN_THIS_TASK; SOURCE_UNIT_GLOSSARY_NOT_ASSERTED
REINSURE_INCOME_YOY,profit_sheet_report_em,FUNDAMENTAL_CHANGE|DISCLOSURE_EVENT,NEXT_SESSION_AFTER_MAX_NOTICE_UPDATE,ABSENT,,False,fundamental.change.source_reported_yoy,NO_FORMAL_SEARCH_IN_THIS_TASK; SOURCE_UNIT_GLOSSARY_NOT_ASSERTED
REINSURE_PREMIUM,profit_sheet_report_em,FUNDAMENTAL_LEVEL|FUNDAMENTAL_CHANGE|DISCLOSURE_EVENT,NEXT_SESSION_AFTER_MAX_NOTICE_UPDATE,ABSENT,,False,fundamental.statement,NO_FORMAL_SEARCH_IN_THIS_TASK; SOURCE_UNIT_GLOSSARY_NOT_ASSERTED
REINSURE_PREMIUM_YOY,profit_sheet_report_em,FUNDAMENTAL_CHANGE|DISCLOSURE_EVENT,NEXT_SESSION_AFTER_MAX_NOTICE_UPDATE,ABSENT,,False,fundamental.change.source_reported_yoy,NO_FORMAL_SEARCH_IN_THIS_TASK; SOURCE_UNIT_GLOSSARY_NOT_ASSERTED
REPORT_DATE,profit_sheet_report_em,METADATA_BLOCKED,NEXT_SESSION_AFTER_MAX_NOTICE_UPDATE,ABSENT,,False,BLOCKED,METADATA_NOT_SEARCHABLE
REPORT_DATE_NAME,profit_sheet_report_em,METADATA_BLOCKED,NEXT_SESSION_AFTER_MAX_NOTICE_UPDATE,ABSENT,,False,BLOCKED,METADATA_NOT_SEARCHABLE
REPORT_TYPE,profit_sheet_report_em,METADATA_BLOCKED,NEXT_SESSION_AFTER_MAX_NOTICE_UPDATE,ABSENT,,False,BLOCKED,METADATA_NOT_SEARCHABLE
RESEARCH_EXPENSE,profit_sheet_report_em,FUNDAMENTAL_LEVEL|FUNDAMENTAL_CHANGE|DISCLOSURE_EVENT,NEXT_SESSION_AFTER_MAX_NOTICE_UPDATE,ABSENT,,False,fundamental.statement,NO_FORMAL_SEARCH_IN_THIS_TASK; SOURCE_UNIT_GLOSSARY_NOT_ASSERTED
RESEARCH_EXPENSE_YOY,profit_sheet_report_em,FUNDAMENTAL_CHANGE|DISCLOSURE_EVENT,NEXT_SESSION_AFTER_MAX_NOTICE_UPDATE,ABSENT,,False,fundamental.change.source_reported_yoy,NO_FORMAL_SEARCH_IN_THIS_TASK; SOURCE_UNIT_GLOSSARY_NOT_ASSERTED
RIGHTLAW_ABLE_OCI,profit_sheet_report_em,FUNDAMENTAL_LEVEL|FUNDAMENTAL_CHANGE|DISCLOSURE_EVENT,NEXT_SESSION_AFTER_MAX_NOTICE_UPDATE,ABSENT,,False,fundamental.statement,NO_FORMAL_SEARCH_IN_THIS_TASK; SOURCE_UNIT_GLOSSARY_NOT_ASSERTED
RIGHTLAW_ABLE_OCI_YOY,profit_sheet_report_em,FUNDAMENTAL_CHANGE|DISCLOSURE_EVENT,NEXT_SESSION_AFTER_MAX_NOTICE_UPDATE,ABSENT,,False,fundamental.change.source_reported_yoy,NO_FORMAL_SEARCH_IN_THIS_TASK; SOURCE_UNIT_GLOSSARY_NOT_ASSERTED
RIGHTLAW_UNABLE_OCI,profit_sheet_report_em,FUNDAMENTAL_LEVEL|FUNDAMENTAL_CHANGE|DISCLOSURE_EVENT,NEXT_SESSION_AFTER_MAX_NOTICE_UPDATE,ABSENT,,False,fundamental.statement,NO_FORMAL_SEARCH_IN_THIS_TASK; SOURCE_UNIT_GLOSSARY_NOT_ASSERTED
RIGHTLAW_UNABLE_OCI_YOY,profit_sheet_report_em,FUNDAMENTAL_CHANGE|DISCLOSURE_EVENT,NEXT_SESSION_AFTER_MAX_NOTICE_UPDATE,ABSENT,,False,fundamental.change.source_reported_yoy,NO_FORMAL_SEARCH_IN_THIS_TASK; SOURCE_UNIT_GLOSSARY_NOT_ASSERTED
SALE_EXPENSE,profit_sheet_report_em,FUNDAMENTAL_LEVEL|FUNDAMENTAL_CHANGE|DISCLOSURE_EVENT,NEXT_SESSION_AFTER_MAX_NOTICE_UPDATE,ABSENT,,False,fundamental.statement,NO_FORMAL_SEARCH_IN_THIS_TASK; SOURCE_UNIT_GLOSSARY_NOT_ASSERTED
SALE_EXPENSE_YOY,profit_sheet_report_em,FUNDAMENTAL_CHANGE|DISCLOSURE_EVENT,NEXT_SESSION_AFTER_MAX_NOTICE_UPDATE,ABSENT,,False,fundamental.change.source_reported_yoy,NO_FORMAL_SEARCH_IN_THIS_TASK; SOURCE_UNIT_GLOSSARY_NOT_ASSERTED
SECUCODE,profit_sheet_report_em,METADATA_BLOCKED,NEXT_SESSION_AFTER_MAX_NOTICE_UPDATE,ABSENT,,False,BLOCKED,METADATA_NOT_SEARCHABLE
SECURITY_CODE,profit_sheet_report_em,METADATA_BLOCKED,NEXT_SESSION_AFTER_MAX_NOTICE_UPDATE,ABSENT,,False,BLOCKED,METADATA_NOT_SEARCHABLE
SECURITY_NAME_ABBR,profit_sheet_report_em,METADATA_BLOCKED,NEXT_SESSION_AFTER_MAX_NOTICE_UPDATE,ABSENT,,False,BLOCKED,METADATA_NOT_SEARCHABLE
SECURITY_TYPE_CODE,profit_sheet_report_em,METADATA_BLOCKED,NEXT_SESSION_AFTER_MAX_NOTICE_UPDATE,ABSENT,,False,BLOCKED,METADATA_NOT_SEARCHABLE
SECURITY_UNDERWRITE_NI,profit_sheet_report_em,FUNDAMENTAL_LEVEL|FUNDAMENTAL_CHANGE|DISCLOSURE_EVENT,NEXT_SESSION_AFTER_MAX_NOTICE_UPDATE,ABSENT,,False,fundamental.statement,NO_FORMAL_SEARCH_IN_THIS_TASK; SOURCE_UNIT_GLOSSARY_NOT_ASSERTED
SECURITY_UNDERWRITE_NI_YOY,profit_sheet_report_em,FUNDAMENTAL_CHANGE|DISCLOSURE_EVENT,NEXT_SESSION_AFTER_MAX_NOTICE_UPDATE,ABSENT,,False,fundamental.change.source_reported_yoy,NO_FORMAL_SEARCH_IN_THIS_TASK; SOURCE_UNIT_GLOSSARY_NOT_ASSERTED
SETUP_PROFIT_CHANGE,profit_sheet_report_em,FUNDAMENTAL_LEVEL|FUNDAMENTAL_CHANGE|DISCLOSURE_EVENT,NEXT_SESSION_AFTER_MAX_NOTICE_UPDATE,ABSENT,,False,fundamental.statement,NO_FORMAL_SEARCH_IN_THIS_TASK; SOURCE_UNIT_GLOSSARY_NOT_ASSERTED
SETUP_PROFIT_CHANGE_YOY,profit_sheet_report_em,FUNDAMENTAL_CHANGE|DISCLOSURE_EVENT,NEXT_SESSION_AFTER_MAX_NOTICE_UPDATE,ABSENT,,False,fundamental.change.source_reported_yoy,NO_FORMAL_SEARCH_IN_THIS_TASK; SOURCE_UNIT_GLOSSARY_NOT_ASSERTED
SURRENDER_VALUE,profit_sheet_report_em,FUNDAMENTAL_LEVEL|FUNDAMENTAL_CHANGE|DISCLOSURE_EVENT,NEXT_SESSION_AFTER_MAX_NOTICE_UPDATE,ABSENT,,False,fundamental.statement,NO_FORMAL_SEARCH_IN_THIS_TASK; SOURCE_UNIT_GLOSSARY_NOT_ASSERTED
SURRENDER_VALUE_YOY,profit_sheet_report_em,FUNDAMENTAL_CHANGE|DISCLOSURE_EVENT,NEXT_SESSION_AFTER_MAX_NOTICE_UPDATE,ABSENT,,False,fundamental.change.source_reported_yoy,NO_FORMAL_SEARCH_IN_THIS_TASK; SOURCE_UNIT_GLOSSARY_NOT_ASSERTED
TCI_BALANCE,profit_sheet_report_em,FUNDAMENTAL_LEVEL|FUNDAMENTAL_CHANGE|DISCLOSURE_EVENT,NEXT_SESSION_AFTER_MAX_NOTICE_UPDATE,ABSENT,,False,fundamental.statement,NO_FORMAL_SEARCH_IN_THIS_TASK; SOURCE_UNIT_GLOSSARY_NOT_ASSERTED
TCI_BALANCE_YOY,profit_sheet_report_em,FUNDAMENTAL_CHANGE|DISCLOSURE_EVENT,NEXT_SESSION_AFTER_MAX_NOTICE_UPDATE,ABSENT,,False,fundamental.change.source_reported_yoy,NO_FORMAL_SEARCH_IN_THIS_TASK; SOURCE_UNIT_GLOSSARY_NOT_ASSERTED
TCI_OTHER,profit_sheet_report_em,FUNDAMENTAL_LEVEL|FUNDAMENTAL_CHANGE|DISCLOSURE_EVENT,NEXT_SESSION_AFTER_MAX_NOTICE_UPDATE,ABSENT,,False,fundamental.statement,NO_FORMAL_SEARCH_IN_THIS_TASK; SOURCE_UNIT_GLOSSARY_NOT_ASSERTED
TCI_OTHER_YOY,profit_sheet_report_em,FUNDAMENTAL_CHANGE|DISCLOSURE_EVENT,NEXT_SESSION_AFTER_MAX_NOTICE_UPDATE,ABSENT,,False,fundamental.change.source_reported_yoy,NO_FORMAL_SEARCH_IN_THIS_TASK; SOURCE_UNIT_GLOSSARY_NOT_ASSERTED
TOC_OTHER,profit_sheet_report_em,FUNDAMENTAL_LEVEL|FUNDAMENTAL_CHANGE|DISCLOSURE_EVENT,NEXT_SESSION_AFTER_MAX_NOTICE_UPDATE,ABSENT,,False,fundamental.statement,NO_FORMAL_SEARCH_IN_THIS_TASK; SOURCE_UNIT_GLOSSARY_NOT_ASSERTED
TOC_OTHER_YOY,profit_sheet_report_em,FUNDAMENTAL_CHANGE|DISCLOSURE_EVENT,NEXT_SESSION_AFTER_MAX_NOTICE_UPDATE,ABSENT,,False,fundamental.change.source_reported_yoy,NO_FORMAL_SEARCH_IN_THIS_TASK; SOURCE_UNIT_GLOSSARY_NOT_ASSERTED
TOI_OTHER,profit_sheet_report_em,FUNDAMENTAL_LEVEL|FUNDAMENTAL_CHANGE|DISCLOSURE_EVENT,NEXT_SESSION_AFTER_MAX_NOTICE_UPDATE,ABSENT,,False,fundamental.statement,NO_FORMAL_SEARCH_IN_THIS_TASK; SOURCE_UNIT_GLOSSARY_NOT_ASSERTED
TOI_OTHER_YOY,profit_sheet_report_em,FUNDAMENTAL_CHANGE|DISCLOSURE_EVENT,NEXT_SESSION_AFTER_MAX_NOTICE_UPDATE,ABSENT,,False,fundamental.change.source_reported_yoy,NO_FORMAL_SEARCH_IN_THIS_TASK; SOURCE_UNIT_GLOSSARY_NOT_ASSERTED
TOTAL_COMPRE_INCOME,profit_sheet_report_em,FUNDAMENTAL_LEVEL|FUNDAMENTAL_CHANGE|DISCLOSURE_EVENT,NEXT_SESSION_AFTER_MAX_NOTICE_UPDATE,ABSENT,,False,fundamental.statement,NO_FORMAL_SEARCH_IN_THIS_TASK; SOURCE_UNIT_GLOSSARY_NOT_ASSERTED
TOTAL_COMPRE_INCOME_YOY,profit_sheet_report_em,FUNDAMENTAL_CHANGE|DISCLOSURE_EVENT,NEXT_SESSION_AFTER_MAX_NOTICE_UPDATE,ABSENT,,False,fundamental.change.source_reported_yoy,NO_FORMAL_SEARCH_IN_THIS_TASK; SOURCE_UNIT_GLOSSARY_NOT_ASSERTED
TOTAL_OPERATE_COST,profit_sheet_report_em,FUNDAMENTAL_LEVEL|FUNDAMENTAL_CHANGE|DISCLOSURE_EVENT,NEXT_SESSION_AFTER_MAX_NOTICE_UPDATE,ABSENT,,False,fundamental.statement,NO_FORMAL_SEARCH_IN_THIS_TASK; SOURCE_UNIT_GLOSSARY_NOT_ASSERTED
TOTAL_OPERATE_COST_YOY,profit_sheet_report_em,FUNDAMENTAL_CHANGE|DISCLOSURE_EVENT,NEXT_SESSION_AFTER_MAX_NOTICE_UPDATE,ABSENT,,False,fundamental.change.source_reported_yoy,NO_FORMAL_SEARCH_IN_THIS_TASK; SOURCE_UNIT_GLOSSARY_NOT_ASSERTED
TOTAL_OPERATE_INCOME,profit_sheet_report_em,FUNDAMENTAL_LEVEL|FUNDAMENTAL_CHANGE|DISCLOSURE_EVENT,NEXT_SESSION_AFTER_MAX_NOTICE_UPDATE,ABSENT,,False,fundamental.statement,NO_FORMAL_SEARCH_IN_THIS_TASK; SOURCE_UNIT_GLOSSARY_NOT_ASSERTED
TOTAL_OPERATE_INCOME_YOY,profit_sheet_report_em,FUNDAMENTAL_CHANGE|DISCLOSURE_EVENT,NEXT_SESSION_AFTER_MAX_NOTICE_UPDATE,ABSENT,,False,fundamental.change.source_reported_yoy,NO_FORMAL_SEARCH_IN_THIS_TASK; SOURCE_UNIT_GLOSSARY_NOT_ASSERTED
TOTAL_PROFIT,profit_sheet_report_em,FUNDAMENTAL_LEVEL|FUNDAMENTAL_CHANGE|DISCLOSURE_EVENT,NEXT_SESSION_AFTER_MAX_NOTICE_UPDATE,ABSENT,,False,fundamental.statement,NO_FORMAL_SEARCH_IN_THIS_TASK; SOURCE_UNIT_GLOSSARY_NOT_ASSERTED
TOTAL_PROFIT_BALANCE,profit_sheet_report_em,FUNDAMENTAL_LEVEL|FUNDAMENTAL_CHANGE|DISCLOSURE_EVENT,NEXT_SESSION_AFTER_MAX_NOTICE_UPDATE,ABSENT,,False,fundamental.statement,NO_FORMAL_SEARCH_IN_THIS_TASK; SOURCE_UNIT_GLOSSARY_NOT_ASSERTED
TOTAL_PROFIT_BALANCE_YOY,profit_sheet_report_em,FUNDAMENTAL_CHANGE|DISCLOSURE_EVENT,NEXT_SESSION_AFTER_MAX_NOTICE_UPDATE,ABSENT,,False,fundamental.change.source_reported_yoy,NO_FORMAL_SEARCH_IN_THIS_TASK; SOURCE_UNIT_GLOSSARY_NOT_ASSERTED
TOTAL_PROFIT_YOY,profit_sheet_report_em,FUNDAMENTAL_CHANGE|DISCLOSURE_EVENT,NEXT_SESSION_AFTER_MAX_NOTICE_UPDATE,ABSENT,,False,fundamental.change.source_reported_yoy,NO_FORMAL_SEARCH_IN_THIS_TASK; SOURCE_UNIT_GLOSSARY_NOT_ASSERTED
UNABLE_OCI,profit_sheet_report_em,FUNDAMENTAL_LEVEL|FUNDAMENTAL_CHANGE|DISCLOSURE_EVENT,NEXT_SESSION_AFTER_MAX_NOTICE_UPDATE,ABSENT,,False,fundamental.statement,NO_FORMAL_SEARCH_IN_THIS_TASK; SOURCE_UNIT_GLOSSARY_NOT_ASSERTED
UNABLE_OCI_BALANCE,profit_sheet_report_em,FUNDAMENTAL_LEVEL|FUNDAMENTAL_CHANGE|DISCLOSURE_EVENT,NEXT_SESSION_AFTER_MAX_NOTICE_UPDATE,ABSENT,,False,fundamental.statement,NO_FORMAL_SEARCH_IN_THIS_TASK; SOURCE_UNIT_GLOSSARY_NOT_ASSERTED
UNABLE_OCI_BALANCE_YOY,profit_sheet_report_em,FUNDAMENTAL_CHANGE|DISCLOSURE_EVENT,NEXT_SESSION_AFTER_MAX_NOTICE_UPDATE,ABSENT,,False,fundamental.change.source_reported_yoy,NO_FORMAL_SEARCH_IN_THIS_TASK; SOURCE_UNIT_GLOSSARY_NOT_ASSERTED
UNABLE_OCI_OTHER,profit_sheet_report_em,FUNDAMENTAL_LEVEL|FUNDAMENTAL_CHANGE|DISCLOSURE_EVENT,NEXT_SESSION_AFTER_MAX_NOTICE_UPDATE,ABSENT,,False,fundamental.statement,NO_FORMAL_SEARCH_IN_THIS_TASK; SOURCE_UNIT_GLOSSARY_NOT_ASSERTED
UNABLE_OCI_OTHER_YOY,profit_sheet_report_em,FUNDAMENTAL_CHANGE|DISCLOSURE_EVENT,NEXT_SESSION_AFTER_MAX_NOTICE_UPDATE,ABSENT,,False,fundamental.change.source_reported_yoy,NO_FORMAL_SEARCH_IN_THIS_TASK; SOURCE_UNIT_GLOSSARY_NOT_ASSERTED
UNABLE_OCI_YOY,profit_sheet_report_em,FUNDAMENTAL_CHANGE|DISCLOSURE_EVENT,NEXT_SESSION_AFTER_MAX_NOTICE_UPDATE,ABSENT,,False,fundamental.change.source_reported_yoy,NO_FORMAL_SEARCH_IN_THIS_TASK; SOURCE_UNIT_GLOSSARY_NOT_ASSERTED
UNCONFIRM_INVEST_LOSS,profit_sheet_report_em,FUNDAMENTAL_LEVEL|FUNDAMENTAL_CHANGE|DISCLOSURE_EVENT,NEXT_SESSION_AFTER_MAX_NOTICE_UPDATE,ABSENT,,False,fundamental.statement,NO_FORMAL_SEARCH_IN_THIS_TASK; SOURCE_UNIT_GLOSSARY_NOT_ASSERTED
UNCONFIRM_INVEST_LOSS_YOY,profit_sheet_report_em,FUNDAMENTAL_CHANGE|DISCLOSURE_EVENT,NEXT_SESSION_AFTER_MAX_NOTICE_UPDATE,ABSENT,,False,fundamental.change.source_reported_yoy,NO_FORMAL_SEARCH_IN_THIS_TASK; SOURCE_UNIT_GLOSSARY_NOT_ASSERTED
UNINSURANCE_CE,profit_sheet_report_em,FUNDAMENTAL_LEVEL|FUNDAMENTAL_CHANGE|DISCLOSURE_EVENT,NEXT_SESSION_AFTER_MAX_NOTICE_UPDATE,ABSENT,,False,fundamental.statement,NO_FORMAL_SEARCH_IN_THIS_TASK; SOURCE_UNIT_GLOSSARY_NOT_ASSERTED
UNINSURANCE_CE_YOY,profit_sheet_report_em,FUNDAMENTAL_CHANGE|DISCLOSURE_EVENT,NEXT_SESSION_AFTER_MAX_NOTICE_UPDATE,ABSENT,,False,fundamental.change.source_reported_yoy,NO_FORMAL_SEARCH_IN_THIS_TASK; SOURCE_UNIT_GLOSSARY_NOT_ASSERTED
UNINSURANCE_CI,profit_sheet_report_em,FUNDAMENTAL_LEVEL|FUNDAMENTAL_CHANGE|DISCLOSURE_EVENT,NEXT_SESSION_AFTER_MAX_NOTICE_UPDATE,ABSENT,,False,fundamental.statement,NO_FORMAL_SEARCH_IN_THIS_TASK; SOURCE_UNIT_GLOSSARY_NOT_ASSERTED
UNINSURANCE_CI_YOY,profit_sheet_report_em,FUNDAMENTAL_CHANGE|DISCLOSURE_EVENT,NEXT_SESSION_AFTER_MAX_NOTICE_UPDATE,ABSENT,,False,fundamental.change.source_reported_yoy,NO_FORMAL_SEARCH_IN_THIS_TASK; SOURCE_UNIT_GLOSSARY_NOT_ASSERTED
UNINSURANCE_CNI,profit_sheet_report_em,FUNDAMENTAL_LEVEL|FUNDAMENTAL_CHANGE|DISCLOSURE_EVENT,NEXT_SESSION_AFTER_MAX_NOTICE_UPDATE,ABSENT,,False,fundamental.statement,NO_FORMAL_SEARCH_IN_THIS_TASK; SOURCE_UNIT_GLOSSARY_NOT_ASSERTED
UNINSURANCE_CNI_YOY,profit_sheet_report_em,FUNDAMENTAL_CHANGE|DISCLOSURE_EVENT,NEXT_SESSION_AFTER_MAX_NOTICE_UPDATE,ABSENT,,False,fundamental.change.source_reported_yoy,NO_FORMAL_SEARCH_IN_THIS_TASK; SOURCE_UNIT_GLOSSARY_NOT_ASSERTED
UPDATE_DATE,profit_sheet_report_em,METADATA_BLOCKED,NEXT_SESSION_AFTER_MAX_NOTICE_UPDATE,ABSENT,,False,BLOCKED,METADATA_NOT_SEARCHABLE
ingest_time_utc,profit_sheet_report_em,METADATA_BLOCKED,NEXT_SESSION_AFTER_MAX_NOTICE_UPDATE,ABSENT,,False,BLOCKED,METADATA_NOT_SEARCHABLE
source_code6,profit_sheet_report_em,METADATA_BLOCKED,NEXT_SESSION_AFTER_MAX_NOTICE_UPDATE,ABSENT,,False,BLOCKED,METADATA_NOT_SEARCHABLE
source_dataset,profit_sheet_report_em,METADATA_BLOCKED,NEXT_SESSION_AFTER_MAX_NOTICE_UPDATE,ABSENT,,False,BLOCKED,METADATA_NOT_SEARCHABLE
source_em,profit_sheet_report_em,METADATA_BLOCKED,NEXT_SESSION_AFTER_MAX_NOTICE_UPDATE,ABSENT,,False,BLOCKED,METADATA_NOT_SEARCHABLE
source_family,profit_sheet_report_em,METADATA_BLOCKED,NEXT_SESSION_AFTER_MAX_NOTICE_UPDATE,ABSENT,,False,BLOCKED,METADATA_NOT_SEARCHABLE
source_file,profit_sheet_report_em,METADATA_BLOCKED,NEXT_SESSION_AFTER_MAX_NOTICE_UPDATE,ABSENT,,False,BLOCKED,METADATA_NOT_SEARCHABLE
ACCEPT_INVEST_CASH,cash_flow_sheet_report_em,FUNDAMENTAL_LEVEL|FUNDAMENTAL_CHANGE|DISCLOSURE_EVENT,NEXT_SESSION_AFTER_MAX_NOTICE_UPDATE,ABSENT,,False,fundamental.statement,NO_FORMAL_SEARCH_IN_THIS_TASK; SOURCE_UNIT_GLOSSARY_NOT_ASSERTED
ACCEPT_INVEST_CASH_YOY,cash_flow_sheet_report_em,FUNDAMENTAL_CHANGE|DISCLOSURE_EVENT,NEXT_SESSION_AFTER_MAX_NOTICE_UPDATE,ABSENT,,False,fundamental.change.source_reported_yoy,NO_FORMAL_SEARCH_IN_THIS_TASK; SOURCE_UNIT_GLOSSARY_NOT_ASSERTED
ACCOUNTS_RECE_ADD,cash_flow_sheet_report_em,FUNDAMENTAL_LEVEL|FUNDAMENTAL_CHANGE|DISCLOSURE_EVENT,NEXT_SESSION_AFTER_MAX_NOTICE_UPDATE,ABSENT,,False,fundamental.statement,NO_FORMAL_SEARCH_IN_THIS_TASK; SOURCE_UNIT_GLOSSARY_NOT_ASSERTED
ACCOUNTS_RECE_ADD_YOY,cash_flow_sheet_report_em,FUNDAMENTAL_CHANGE|DISCLOSURE_EVENT,NEXT_SESSION_AFTER_MAX_NOTICE_UPDATE,ABSENT,,False,fundamental.change.source_reported_yoy,NO_FORMAL_SEARCH_IN_THIS_TASK; SOURCE_UNIT_GLOSSARY_NOT_ASSERTED
ACCRUED_EXPENSE_ADD,cash_flow_sheet_report_em,FUNDAMENTAL_LEVEL|FUNDAMENTAL_CHANGE|DISCLOSURE_EVENT,NEXT_SESSION_AFTER_MAX_NOTICE_UPDATE,ABSENT,,False,fundamental.statement,NO_FORMAL_SEARCH_IN_THIS_TASK; SOURCE_UNIT_GLOSSARY_NOT_ASSERTED
ACCRUED_EXPENSE_ADD_YOY,cash_flow_sheet_report_em,FUNDAMENTAL_CHANGE|DISCLOSURE_EVENT,NEXT_SESSION_AFTER_MAX_NOTICE_UPDATE,ABSENT,,False,fundamental.change.source_reported_yoy,NO_FORMAL_SEARCH_IN_THIS_TASK; SOURCE_UNIT_GLOSSARY_NOT_ASSERTED
ADD_PLEDGE_TIMEDEPOSITS,cash_flow_sheet_report_em,FUNDAMENTAL_LEVEL|FUNDAMENTAL_CHANGE|DISCLOSURE_EVENT,NEXT_SESSION_AFTER_MAX_NOTICE_UPDATE,ABSENT,,False,fundamental.statement,NO_FORMAL_SEARCH_IN_THIS_TASK; SOURCE_UNIT_GLOSSARY_NOT_ASSERTED
ADD_PLEDGE_TIMEDEPOSITS_YOY,cash_flow_sheet_report_em,FUNDAMENTAL_CHANGE|DISCLOSURE_EVENT,NEXT_SESSION_AFTER_MAX_NOTICE_UPDATE,ABSENT,,False,fundamental.change.source_reported_yoy,NO_FORMAL_SEARCH_IN_THIS_TASK; SOURCE_UNIT_GLOSSARY_NOT_ASSERTED
AFA_REDUCE,cash_flow_sheet_report_em,FUNDAMENTAL_LEVEL|FUNDAMENTAL_CHANGE|DISCLOSURE_EVENT,NEXT_SESSION_AFTER_MAX_NOTICE_UPDATE,ABSENT,,False,fundamental.statement,NO_FORMAL_SEARCH_IN_THIS_TASK; SOURCE_UNIT_GLOSSARY_NOT_ASSERTED
AFA_REDUCE_YOY,cash_flow_sheet_report_em,FUNDAMENTAL_CHANGE|DISCLOSURE_EVENT,NEXT_SESSION_AFTER_MAX_NOTICE_UPDATE,ABSENT,,False,fundamental.change.source_reported_yoy,NO_FORMAL_SEARCH_IN_THIS_TASK; SOURCE_UNIT_GLOSSARY_NOT_ASSERTED
ASSET_IMPAIRMENT,cash_flow_sheet_report_em,FUNDAMENTAL_LEVEL|FUNDAMENTAL_CHANGE|DISCLOSURE_EVENT,NEXT_SESSION_AFTER_MAX_NOTICE_UPDATE,ABSENT,,False,fundamental.statement,NO_FORMAL_SEARCH_IN_THIS_TASK; SOURCE_UNIT_GLOSSARY_NOT_ASSERTED
ASSET_IMPAIRMENT_YOY,cash_flow_sheet_report_em,FUNDAMENTAL_CHANGE|DISCLOSURE_EVENT,NEXT_SESSION_AFTER_MAX_NOTICE_UPDATE,ABSENT,,False,fundamental.change.source_reported_yoy,NO_FORMAL_SEARCH_IN_THIS_TASK; SOURCE_UNIT_GLOSSARY_NOT_ASSERTED
ASSIGN_DIVIDEND_PORFIT,cash_flow_sheet_report_em,FUNDAMENTAL_LEVEL|FUNDAMENTAL_CHANGE|DISCLOSURE_EVENT,NEXT_SESSION_AFTER_MAX_NOTICE_UPDATE,ABSENT,,False,fundamental.statement,NO_FORMAL_SEARCH_IN_THIS_TASK; SOURCE_UNIT_GLOSSARY_NOT_ASSERTED
ASSIGN_DIVIDEND_PORFIT_YOY,cash_flow_sheet_report_em,FUNDAMENTAL_CHANGE|DISCLOSURE_EVENT,NEXT_SESSION_AFTER_MAX_NOTICE_UPDATE,ABSENT,,False,fundamental.change.source_reported_yoy,NO_FORMAL_SEARCH_IN_THIS_TASK; SOURCE_UNIT_GLOSSARY_NOT_ASSERTED
BANKSECURITY_LEND_ADD,cash_flow_sheet_report_em,FUNDAMENTAL_LEVEL|FUNDAMENTAL_CHANGE|DISCLOSURE_EVENT,NEXT_SESSION_AFTER_MAX_NOTICE_UPDATE,ABSENT,,False,fundamental.statement,NO_FORMAL_SEARCH_IN_THIS_TASK; SOURCE_UNIT_GLOSSARY_NOT_ASSERTED
BANKSECURITY_LEND_ADD_YOY,cash_flow_sheet_report_em,FUNDAMENTAL_CHANGE|DISCLOSURE_EVENT,NEXT_SESSION_AFTER_MAX_NOTICE_UPDATE,ABSENT,,False,fundamental.change.source_reported_yoy,NO_FORMAL_SEARCH_IN_THIS_TASK; SOURCE_UNIT_GLOSSARY_NOT_ASSERTED
BANKSECURITY_LEND_REDUCE,cash_flow_sheet_report_em,FUNDAMENTAL_LEVEL|FUNDAMENTAL_CHANGE|DISCLOSURE_EVENT,NEXT_SESSION_AFTER_MAX_NOTICE_UPDATE,ABSENT,,False,fundamental.statement,NO_FORMAL_SEARCH_IN_THIS_TASK; SOURCE_UNIT_GLOSSARY_NOT_ASSERTED
BANKSECURITY_LEND_REDUCE_YOY,cash_flow_sheet_report_em,FUNDAMENTAL_CHANGE|DISCLOSURE_EVENT,NEXT_SESSION_AFTER_MAX_NOTICE_UPDATE,ABSENT,,False,fundamental.change.source_reported_yoy,NO_FORMAL_SEARCH_IN_THIS_TASK; SOURCE_UNIT_GLOSSARY_NOT_ASSERTED
BANKSECURITY_REPO_ADD,cash_flow_sheet_report_em,FUNDAMENTAL_LEVEL|FUNDAMENTAL_CHANGE|DISCLOSURE_EVENT,NEXT_SESSION_AFTER_MAX_NOTICE_UPDATE,ABSENT,,False,fundamental.statement,NO_FORMAL_SEARCH_IN_THIS_TASK; SOURCE_UNIT_GLOSSARY_NOT_ASSERTED
BANKSECURITY_REPO_ADD_YOY,cash_flow_sheet_report_em,FUNDAMENTAL_CHANGE|DISCLOSURE_EVENT,NEXT_SESSION_AFTER_MAX_NOTICE_UPDATE,ABSENT,,False,fundamental.change.source_reported_yoy,NO_FORMAL_SEARCH_IN_THIS_TASK; SOURCE_UNIT_GLOSSARY_NOT_ASSERTED
BANKSECURITY_REPO_REDUCE,cash_flow_sheet_report_em,FUNDAMENTAL_LEVEL|FUNDAMENTAL_CHANGE|DISCLOSURE_EVENT,NEXT_SESSION_AFTER_MAX_NOTICE_UPDATE,ABSENT,,False,fundamental.statement,NO_FORMAL_SEARCH_IN_THIS_TASK; SOURCE_UNIT_GLOSSARY_NOT_ASSERTED
BANKSECURITY_REPO_REDUCE_YOY,cash_flow_sheet_report_em,FUNDAMENTAL_CHANGE|DISCLOSURE_EVENT,NEXT_SESSION_AFTER_MAX_NOTICE_UPDATE,ABSENT,,False,fundamental.change.source_reported_yoy,NO_FORMAL_SEARCH_IN_THIS_TASK; SOURCE_UNIT_GLOSSARY_NOT_ASSERTED
BANKSECURITY_RESALE_ADD,cash_flow_sheet_report_em,FUNDAMENTAL_LEVEL|FUNDAMENTAL_CHANGE|DISCLOSURE_EVENT,NEXT_SESSION_AFTER_MAX_NOTICE_UPDATE,ABSENT,,False,fundamental.statement,NO_FORMAL_SEARCH_IN_THIS_TASK; SOURCE_UNIT_GLOSSARY_NOT_ASSERTED
BANKSECURITY_RESALE_ADD_YOY,cash_flow_sheet_report_em,FUNDAMENTAL_CHANGE|DISCLOSURE_EVENT,NEXT_SESSION_AFTER_MAX_NOTICE_UPDATE,ABSENT,,False,fundamental.change.source_reported_yoy,NO_FORMAL_SEARCH_IN_THIS_TASK; SOURCE_UNIT_GLOSSARY_NOT_ASSERTED
BANKSECURITY_RESALE_REDUCE,cash_flow_sheet_report_em,FUNDAMENTAL_LEVEL|FUNDAMENTAL_CHANGE|DISCLOSURE_EVENT,NEXT_SESSION_AFTER_MAX_NOTICE_UPDATE,ABSENT,,False,fundamental.statement,NO_FORMAL_SEARCH_IN_THIS_TASK; SOURCE_UNIT_GLOSSARY_NOT_ASSERTED
BANKSECURITY_RESALE_REDUCE_YOY,cash_flow_sheet_report_em,FUNDAMENTAL_CHANGE|DISCLOSURE_EVENT,NEXT_SESSION_AFTER_MAX_NOTICE_UPDATE,ABSENT,,False,fundamental.change.source_reported_yoy,NO_FORMAL_SEARCH_IN_THIS_TASK; SOURCE_UNIT_GLOSSARY_NOT_ASSERTED
BEGIN_CASH,cash_flow_sheet_report_em,FUNDAMENTAL_LEVEL|FUNDAMENTAL_CHANGE|DISCLOSURE_EVENT,NEXT_SESSION_AFTER_MAX_NOTICE_UPDATE,ABSENT,,False,fundamental.statement,NO_FORMAL_SEARCH_IN_THIS_TASK; SOURCE_UNIT_GLOSSARY_NOT_ASSERTED
BEGIN_CASH_EQUIVALENTS,cash_flow_sheet_report_em,FUNDAMENTAL_LEVEL|FUNDAMENTAL_CHANGE|DISCLOSURE_EVENT,NEXT_SESSION_AFTER_MAX_NOTICE_UPDATE,ABSENT,,False,fundamental.statement,NO_FORMAL_SEARCH_IN_THIS_TASK; SOURCE_UNIT_GLOSSARY_NOT_ASSERTED
BEGIN_CASH_EQUIVALENTS_YOY,cash_flow_sheet_report_em,FUNDAMENTAL_CHANGE|DISCLOSURE_EVENT,NEXT_SESSION_AFTER_MAX_NOTICE_UPDATE,ABSENT,,False,fundamental.change.source_reported_yoy,NO_FORMAL_SEARCH_IN_THIS_TASK; SOURCE_UNIT_GLOSSARY_NOT_ASSERTED
BEGIN_CASH_YOY,cash_flow_sheet_report_em,FUNDAMENTAL_CHANGE|DISCLOSURE_EVENT,NEXT_SESSION_AFTER_MAX_NOTICE_UPDATE,ABSENT,,False,fundamental.change.source_reported_yoy,NO_FORMAL_SEARCH_IN_THIS_TASK; SOURCE_UNIT_GLOSSARY_NOT_ASSERTED
BEGIN_CCE,cash_flow_sheet_report_em,FUNDAMENTAL_LEVEL|FUNDAMENTAL_CHANGE|DISCLOSURE_EVENT,NEXT_SESSION_AFTER_MAX_NOTICE_UPDATE,ABSENT,,False,fundamental.statement,NO_FORMAL_SEARCH_IN_THIS_TASK; SOURCE_UNIT_GLOSSARY_NOT_ASSERTED
BEGIN_CCE_YOY,cash_flow_sheet_report_em,FUNDAMENTAL_CHANGE|DISCLOSURE_EVENT,NEXT_SESSION_AFTER_MAX_NOTICE_UPDATE,ABSENT,,False,fundamental.change.source_reported_yoy,NO_FORMAL_SEARCH_IN_THIS_TASK; SOURCE_UNIT_GLOSSARY_NOT_ASSERTED
BOND_INTEREST_EXPENSE,cash_flow_sheet_report_em,FUNDAMENTAL_LEVEL|FUNDAMENTAL_CHANGE|DISCLOSURE_EVENT,NEXT_SESSION_AFTER_MAX_NOTICE_UPDATE,ABSENT,,False,fundamental.statement,NO_FORMAL_SEARCH_IN_THIS_TASK; SOURCE_UNIT_GLOSSARY_NOT_ASSERTED
BOND_INTEREST_EXPENSE_YOY,cash_flow_sheet_report_em,FUNDAMENTAL_CHANGE|DISCLOSURE_EVENT,NEXT_SESSION_AFTER_MAX_NOTICE_UPDATE,ABSENT,,False,fundamental.change.source_reported_yoy,NO_FORMAL_SEARCH_IN_THIS_TASK; SOURCE_UNIT_GLOSSARY_NOT_ASSERTED
BORROW_FUND_ADD,cash_flow_sheet_report_em,FUNDAMENTAL_LEVEL|FUNDAMENTAL_CHANGE|DISCLOSURE_EVENT,NEXT_SESSION_AFTER_MAX_NOTICE_UPDATE,ABSENT,,False,fundamental.statement,NO_FORMAL_SEARCH_IN_THIS_TASK; SOURCE_UNIT_GLOSSARY_NOT_ASSERTED
BORROW_FUND_ADD_YOY,cash_flow_sheet_report_em,FUNDAMENTAL_CHANGE|DISCLOSURE_EVENT,NEXT_SESSION_AFTER_MAX_NOTICE_UPDATE,ABSENT,,False,fundamental.change.source_reported_yoy,NO_FORMAL_SEARCH_IN_THIS_TASK; SOURCE_UNIT_GLOSSARY_NOT_ASSERTED
BORROW_FUND_REDUCE,cash_flow_sheet_report_em,FUNDAMENTAL_LEVEL|FUNDAMENTAL_CHANGE|DISCLOSURE_EVENT,NEXT_SESSION_AFTER_MAX_NOTICE_UPDATE,ABSENT,,False,fundamental.statement,NO_FORMAL_SEARCH_IN_THIS_TASK; SOURCE_UNIT_GLOSSARY_NOT_ASSERTED
BORROW_FUND_REDUCE_YOY,cash_flow_sheet_report_em,FUNDAMENTAL_CHANGE|DISCLOSURE_EVENT,NEXT_SESSION_AFTER_MAX_NOTICE_UPDATE,ABSENT,,False,fundamental.change.source_reported_yoy,NO_FORMAL_SEARCH_IN_THIS_TASK; SOURCE_UNIT_GLOSSARY_NOT_ASSERTED
BORROW_REPO_ADD,cash_flow_sheet_report_em,FUNDAMENTAL_LEVEL|FUNDAMENTAL_CHANGE|DISCLOSURE_EVENT,NEXT_SESSION_AFTER_MAX_NOTICE_UPDATE,ABSENT,,False,fundamental.statement,NO_FORMAL_SEARCH_IN_THIS_TASK; SOURCE_UNIT_GLOSSARY_NOT_ASSERTED
BORROW_REPO_ADD_YOY,cash_flow_sheet_report_em,FUNDAMENTAL_CHANGE|DISCLOSURE_EVENT,NEXT_SESSION_AFTER_MAX_NOTICE_UPDATE,ABSENT,,False,fundamental.change.source_reported_yoy,NO_FORMAL_SEARCH_IN_THIS_TASK; SOURCE_UNIT_GLOSSARY_NOT_ASSERTED
BORROW_REPO_REDUCE,cash_flow_sheet_report_em,FUNDAMENTAL_LEVEL|FUNDAMENTAL_CHANGE|DISCLOSURE_EVENT,NEXT_SESSION_AFTER_MAX_NOTICE_UPDATE,ABSENT,,False,fundamental.statement,NO_FORMAL_SEARCH_IN_THIS_TASK; SOURCE_UNIT_GLOSSARY_NOT_ASSERTED
BORROW_REPO_REDUCE_YOY,cash_flow_sheet_report_em,FUNDAMENTAL_CHANGE|DISCLOSURE_EVENT,NEXT_SESSION_AFTER_MAX_NOTICE_UPDATE,ABSENT,,False,fundamental.change.source_reported_yoy,NO_FORMAL_SEARCH_IN_THIS_TASK; SOURCE_UNIT_GLOSSARY_NOT_ASSERTED
BUY_FIN_LEASE,cash_flow_sheet_report_em,FUNDAMENTAL_LEVEL|FUNDAMENTAL_CHANGE|DISCLOSURE_EVENT,NEXT_SESSION_AFTER_MAX_NOTICE_UPDATE,ABSENT,,False,fundamental.statement,NO_FORMAL_SEARCH_IN_THIS_TASK; SOURCE_UNIT_GLOSSARY_NOT_ASSERTED
BUY_FIN_LEASE_YOY,cash_flow_sheet_report_em,FUNDAMENTAL_CHANGE|DISCLOSURE_EVENT,NEXT_SESSION_AFTER_MAX_NOTICE_UPDATE,ABSENT,,False,fundamental.change.source_reported_yoy,NO_FORMAL_SEARCH_IN_THIS_TASK; SOURCE_UNIT_GLOSSARY_NOT_ASSERTED
BUY_RESALE_ADD,cash_flow_sheet_report_em,FUNDAMENTAL_LEVEL|FUNDAMENTAL_CHANGE|DISCLOSURE_EVENT,NEXT_SESSION_AFTER_MAX_NOTICE_UPDATE,ABSENT,,False,fundamental.statement,NO_FORMAL_SEARCH_IN_THIS_TASK; SOURCE_UNIT_GLOSSARY_NOT_ASSERTED
BUY_RESALE_ADD_YOY,cash_flow_sheet_report_em,FUNDAMENTAL_CHANGE|DISCLOSURE_EVENT,NEXT_SESSION_AFTER_MAX_NOTICE_UPDATE,ABSENT,,False,fundamental.change.source_reported_yoy,NO_FORMAL_SEARCH_IN_THIS_TASK; SOURCE_UNIT_GLOSSARY_NOT_ASSERTED
BUY_RESALE_REDUCE,cash_flow_sheet_report_em,FUNDAMENTAL_LEVEL|FUNDAMENTAL_CHANGE|DISCLOSURE_EVENT,NEXT_SESSION_AFTER_MAX_NOTICE_UPDATE,ABSENT,,False,fundamental.statement,NO_FORMAL_SEARCH_IN_THIS_TASK; SOURCE_UNIT_GLOSSARY_NOT_ASSERTED
BUY_RESALE_REDUCE_YOY,cash_flow_sheet_report_em,FUNDAMENTAL_CHANGE|DISCLOSURE_EVENT,NEXT_SESSION_AFTER_MAX_NOTICE_UPDATE,ABSENT,,False,fundamental.change.source_reported_yoy,NO_FORMAL_SEARCH_IN_THIS_TASK; SOURCE_UNIT_GLOSSARY_NOT_ASSERTED
BUY_SERVICES,cash_flow_sheet_report_em,FUNDAMENTAL_LEVEL|FUNDAMENTAL_CHANGE|DISCLOSURE_EVENT,NEXT_SESSION_AFTER_MAX_NOTICE_UPDATE,ABSENT,,False,fundamental.statement,NO_FORMAL_SEARCH_IN_THIS_TASK; SOURCE_UNIT_GLOSSARY_NOT_ASSERTED
BUY_SERVICES_YOY,cash_flow_sheet_report_em,FUNDAMENTAL_CHANGE|DISCLOSURE_EVENT,NEXT_SESSION_AFTER_MAX_NOTICE_UPDATE,ABSENT,,False,fundamental.change.source_reported_yoy,NO_FORMAL_SEARCH_IN_THIS_TASK; SOURCE_UNIT_GLOSSARY_NOT_ASSERTED
BUY_SUBSIDIARY_EQUITY,cash_flow_sheet_report_em,FUNDAMENTAL_LEVEL|FUNDAMENTAL_CHANGE|DISCLOSURE_EVENT,NEXT_SESSION_AFTER_MAX_NOTICE_UPDATE,ABSENT,,False,fundamental.statement,NO_FORMAL_SEARCH_IN_THIS_TASK; SOURCE_UNIT_GLOSSARY_NOT_ASSERTED
BUY_SUBSIDIARY_EQUITY_YOY,cash_flow_sheet_report_em,FUNDAMENTAL_CHANGE|DISCLOSURE_EVENT,NEXT_SESSION_AFTER_MAX_NOTICE_UPDATE,ABSENT,,False,fundamental.change.source_reported_yoy,NO_FORMAL_SEARCH_IN_THIS_TASK; SOURCE_UNIT_GLOSSARY_NOT_ASSERTED
CCE_ADD,cash_flow_sheet_report_em,FUNDAMENTAL_LEVEL|FUNDAMENTAL_CHANGE|DISCLOSURE_EVENT,NEXT_SESSION_AFTER_MAX_NOTICE_UPDATE,ABSENT,,False,fundamental.statement,NO_FORMAL_SEARCH_IN_THIS_TASK; SOURCE_UNIT_GLOSSARY_NOT_ASSERTED
CCE_ADDNOTE,cash_flow_sheet_report_em,FUNDAMENTAL_LEVEL|FUNDAMENTAL_CHANGE|DISCLOSURE_EVENT,NEXT_SESSION_AFTER_MAX_NOTICE_UPDATE,ABSENT,,False,fundamental.statement,NO_FORMAL_SEARCH_IN_THIS_TASK; SOURCE_UNIT_GLOSSARY_NOT_ASSERTED
CCE_ADDNOTE_YOY,cash_flow_sheet_report_em,FUNDAMENTAL_CHANGE|DISCLOSURE_EVENT,NEXT_SESSION_AFTER_MAX_NOTICE_UPDATE,ABSENT,,False,fundamental.change.source_reported_yoy,NO_FORMAL_SEARCH_IN_THIS_TASK; SOURCE_UNIT_GLOSSARY_NOT_ASSERTED
CCE_ADD_BALANCE,cash_flow_sheet_report_em,FUNDAMENTAL_LEVEL|FUNDAMENTAL_CHANGE|DISCLOSURE_EVENT,NEXT_SESSION_AFTER_MAX_NOTICE_UPDATE,ABSENT,,False,fundamental.statement,NO_FORMAL_SEARCH_IN_THIS_TASK; SOURCE_UNIT_GLOSSARY_NOT_ASSERTED
CCE_ADD_BALANCENOTE,cash_flow_sheet_report_em,FUNDAMENTAL_LEVEL|FUNDAMENTAL_CHANGE|DISCLOSURE_EVENT,NEXT_SESSION_AFTER_MAX_NOTICE_UPDATE,ABSENT,,False,fundamental.statement,NO_FORMAL_SEARCH_IN_THIS_TASK; SOURCE_UNIT_GLOSSARY_NOT_ASSERTED
CCE_ADD_BALANCENOTE_YOY,cash_flow_sheet_report_em,FUNDAMENTAL_CHANGE|DISCLOSURE_EVENT,NEXT_SESSION_AFTER_MAX_NOTICE_UPDATE,ABSENT,,False,fundamental.change.source_reported_yoy,NO_FORMAL_SEARCH_IN_THIS_TASK; SOURCE_UNIT_GLOSSARY_NOT_ASSERTED
CCE_ADD_BALANCE_YOY,cash_flow_sheet_report_em,FUNDAMENTAL_CHANGE|DISCLOSURE_EVENT,NEXT_SESSION_AFTER_MAX_NOTICE_UPDATE,ABSENT,,False,fundamental.change.source_reported_yoy,NO_FORMAL_SEARCH_IN_THIS_TASK; SOURCE_UNIT_GLOSSARY_NOT_ASSERTED
CCE_ADD_OTHER,cash_flow_sheet_report_em,FUNDAMENTAL_LEVEL|FUNDAMENTAL_CHANGE|DISCLOSURE_EVENT,NEXT_SESSION_AFTER_MAX_NOTICE_UPDATE,ABSENT,,False,fundamental.statement,NO_FORMAL_SEARCH_IN_THIS_TASK; SOURCE_UNIT_GLOSSARY_NOT_ASSERTED
CCE_ADD_OTHERNOTE,cash_flow_sheet_report_em,FUNDAMENTAL_LEVEL|FUNDAMENTAL_CHANGE|DISCLOSURE_EVENT,NEXT_SESSION_AFTER_MAX_NOTICE_UPDATE,ABSENT,,False,fundamental.statement,NO_FORMAL_SEARCH_IN_THIS_TASK; SOURCE_UNIT_GLOSSARY_NOT_ASSERTED
CCE_ADD_OTHERNOTE_YOY,cash_flow_sheet_report_em,FUNDAMENTAL_CHANGE|DISCLOSURE_EVENT,NEXT_SESSION_AFTER_MAX_NOTICE_UPDATE,ABSENT,,False,fundamental.change.source_reported_yoy,NO_FORMAL_SEARCH_IN_THIS_TASK; SOURCE_UNIT_GLOSSARY_NOT_ASSERTED
CCE_ADD_OTHER_YOY,cash_flow_sheet_report_em,FUNDAMENTAL_CHANGE|DISCLOSURE_EVENT,NEXT_SESSION_AFTER_MAX_NOTICE_UPDATE,ABSENT,,False,fundamental.change.source_reported_yoy,NO_FORMAL_SEARCH_IN_THIS_TASK; SOURCE_UNIT_GLOSSARY_NOT_ASSERTED
CCE_ADD_YOY,cash_flow_sheet_report_em,FUNDAMENTAL_CHANGE|DISCLOSURE_EVENT,NEXT_SESSION_AFTER_MAX_NOTICE_UPDATE,ABSENT,,False,fundamental.change.source_reported_yoy,NO_FORMAL_SEARCH_IN_THIS_TASK; SOURCE_UNIT_GLOSSARY_NOT_ASSERTED
CONSTRUCT_LONG_ASSET,cash_flow_sheet_report_em,FUNDAMENTAL_LEVEL|FUNDAMENTAL_CHANGE|DISCLOSURE_EVENT,NEXT_SESSION_AFTER_MAX_NOTICE_UPDATE,ABSENT,,False,fundamental.statement,NO_FORMAL_SEARCH_IN_THIS_TASK; SOURCE_UNIT_GLOSSARY_NOT_ASSERTED
CONSTRUCT_LONG_ASSET_YOY,cash_flow_sheet_report_em,FUNDAMENTAL_CHANGE|DISCLOSURE_EVENT,NEXT_SESSION_AFTER_MAX_NOTICE_UPDATE,ABSENT,,False,fundamental.change.source_reported_yoy,NO_FORMAL_SEARCH_IN_THIS_TASK; SOURCE_UNIT_GLOSSARY_NOT_ASSERTED
CONVERT_BOND_1YEAR,cash_flow_sheet_report_em,FUNDAMENTAL_LEVEL|FUNDAMENTAL_CHANGE|DISCLOSURE_EVENT,NEXT_SESSION_AFTER_MAX_NOTICE_UPDATE,ABSENT,,False,fundamental.statement,NO_FORMAL_SEARCH_IN_THIS_TASK; SOURCE_UNIT_GLOSSARY_NOT_ASSERTED
CONVERT_BOND_1YEAR_YOY,cash_flow_sheet_report_em,FUNDAMENTAL_CHANGE|DISCLOSURE_EVENT,NEXT_SESSION_AFTER_MAX_NOTICE_UPDATE,ABSENT,,False,fundamental.change.source_reported_yoy,NO_FORMAL_SEARCH_IN_THIS_TASK; SOURCE_UNIT_GLOSSARY_NOT_ASSERTED
CREDIT_IMPAIRMENT_INCOME,cash_flow_sheet_report_em,FUNDAMENTAL_LEVEL|FUNDAMENTAL_CHANGE|DISCLOSURE_EVENT,NEXT_SESSION_AFTER_MAX_NOTICE_UPDATE,ABSENT,,False,fundamental.statement,NO_FORMAL_SEARCH_IN_THIS_TASK; SOURCE_UNIT_GLOSSARY_NOT_ASSERTED
CREDIT_IMPAIRMENT_INCOME_YOY,cash_flow_sheet_report_em,FUNDAMENTAL_CHANGE|DISCLOSURE_EVENT,NEXT_SESSION_AFTER_MAX_NOTICE_UPDATE,ABSENT,,False,fundamental.change.source_reported_yoy,NO_FORMAL_SEARCH_IN_THIS_TASK; SOURCE_UNIT_GLOSSARY_NOT_ASSERTED
CURRENCY,cash_flow_sheet_report_em,METADATA_BLOCKED,NEXT_SESSION_AFTER_MAX_NOTICE_UPDATE,ABSENT,,False,BLOCKED,METADATA_NOT_SEARCHABLE
CUSTOMER_DEPOSIT_ADD,cash_flow_sheet_report_em,FUNDAMENTAL_LEVEL|FUNDAMENTAL_CHANGE|DISCLOSURE_EVENT,NEXT_SESSION_AFTER_MAX_NOTICE_UPDATE,ABSENT,,False,fundamental.statement,NO_FORMAL_SEARCH_IN_THIS_TASK; SOURCE_UNIT_GLOSSARY_NOT_ASSERTED
CUSTOMER_DEPOSIT_ADD_YOY,cash_flow_sheet_report_em,FUNDAMENTAL_CHANGE|DISCLOSURE_EVENT,NEXT_SESSION_AFTER_MAX_NOTICE_UPDATE,ABSENT,,False,fundamental.change.source_reported_yoy,NO_FORMAL_SEARCH_IN_THIS_TASK; SOURCE_UNIT_GLOSSARY_NOT_ASSERTED
DEBT_TRANSFER_CAPITAL,cash_flow_sheet_report_em,FUNDAMENTAL_LEVEL|FUNDAMENTAL_CHANGE|DISCLOSURE_EVENT,NEXT_SESSION_AFTER_MAX_NOTICE_UPDATE,ABSENT,,False,fundamental.statement,NO_FORMAL_SEARCH_IN_THIS_TASK; SOURCE_UNIT_GLOSSARY_NOT_ASSERTED
DEBT_TRANSFER_CAPITAL_YOY,cash_flow_sheet_report_em,FUNDAMENTAL_CHANGE|DISCLOSURE_EVENT,NEXT_SESSION_AFTER_MAX_NOTICE_UPDATE,ABSENT,,False,fundamental.change.source_reported_yoy,NO_FORMAL_SEARCH_IN_THIS_TASK; SOURCE_UNIT_GLOSSARY_NOT_ASSERTED
DEFER_INCOME_AMORTIZE,cash_flow_sheet_report_em,FUNDAMENTAL_LEVEL|FUNDAMENTAL_CHANGE|DISCLOSURE_EVENT,NEXT_SESSION_AFTER_MAX_NOTICE_UPDATE,ABSENT,,False,fundamental.statement,NO_FORMAL_SEARCH_IN_THIS_TASK; SOURCE_UNIT_GLOSSARY_NOT_ASSERTED
DEFER_INCOME_AMORTIZE_YOY,cash_flow_sheet_report_em,FUNDAMENTAL_CHANGE|DISCLOSURE_EVENT,NEXT_SESSION_AFTER_MAX_NOTICE_UPDATE,ABSENT,,False,fundamental.change.source_reported_yoy,NO_FORMAL_SEARCH_IN_THIS_TASK; SOURCE_UNIT_GLOSSARY_NOT_ASSERTED
DEFER_TAX,cash_flow_sheet_report_em,FUNDAMENTAL_LEVEL|FUNDAMENTAL_CHANGE|DISCLOSURE_EVENT,NEXT_SESSION_AFTER_MAX_NOTICE_UPDATE,ABSENT,,False,fundamental.statement,NO_FORMAL_SEARCH_IN_THIS_TASK; SOURCE_UNIT_GLOSSARY_NOT_ASSERTED
DEFER_TAX_YOY,cash_flow_sheet_report_em,FUNDAMENTAL_CHANGE|DISCLOSURE_EVENT,NEXT_SESSION_AFTER_MAX_NOTICE_UPDATE,ABSENT,,False,fundamental.change.source_reported_yoy,NO_FORMAL_SEARCH_IN_THIS_TASK; SOURCE_UNIT_GLOSSARY_NOT_ASSERTED
DEPOSIT_ADD,cash_flow_sheet_report_em,FUNDAMENTAL_LEVEL|FUNDAMENTAL_CHANGE|DISCLOSURE_EVENT,NEXT_SESSION_AFTER_MAX_NOTICE_UPDATE,ABSENT,,False,fundamental.statement,NO_FORMAL_SEARCH_IN_THIS_TASK; SOURCE_UNIT_GLOSSARY_NOT_ASSERTED
DEPOSIT_ADD_YOY,cash_flow_sheet_report_em,FUNDAMENTAL_CHANGE|DISCLOSURE_EVENT,NEXT_SESSION_AFTER_MAX_NOTICE_UPDATE,ABSENT,,False,fundamental.change.source_reported_yoy,NO_FORMAL_SEARCH_IN_THIS_TASK; SOURCE_UNIT_GLOSSARY_NOT_ASSERTED
DEPOSIT_INTERBANK_ADD,cash_flow_sheet_report_em,FUNDAMENTAL_LEVEL|FUNDAMENTAL_CHANGE|DISCLOSURE_EVENT,NEXT_SESSION_AFTER_MAX_NOTICE_UPDATE,ABSENT,,False,fundamental.statement,NO_FORMAL_SEARCH_IN_THIS_TASK; SOURCE_UNIT_GLOSSARY_NOT_ASSERTED
DEPOSIT_INTERBANK_ADD_YOY,cash_flow_sheet_report_em,FUNDAMENTAL_CHANGE|DISCLOSURE_EVENT,NEXT_SESSION_AFTER_MAX_NOTICE_UPDATE,ABSENT,,False,fundamental.change.source_reported_yoy,NO_FORMAL_SEARCH_IN_THIS_TASK; SOURCE_UNIT_GLOSSARY_NOT_ASSERTED
DEPOSIT_IOFI_ADD,cash_flow_sheet_report_em,FUNDAMENTAL_LEVEL|FUNDAMENTAL_CHANGE|DISCLOSURE_EVENT,NEXT_SESSION_AFTER_MAX_NOTICE_UPDATE,ABSENT,,False,fundamental.statement,NO_FORMAL_SEARCH_IN_THIS_TASK; SOURCE_UNIT_GLOSSARY_NOT_ASSERTED
DEPOSIT_IOFI_ADD_YOY,cash_flow_sheet_report_em,FUNDAMENTAL_CHANGE|DISCLOSURE_EVENT,NEXT_SESSION_AFTER_MAX_NOTICE_UPDATE,ABSENT,,False,fundamental.change.source_reported_yoy,NO_FORMAL_SEARCH_IN_THIS_TASK; SOURCE_UNIT_GLOSSARY_NOT_ASSERTED
DEPOSIT_IOFI_OTHER,cash_flow_sheet_report_em,FUNDAMENTAL_LEVEL|FUNDAMENTAL_CHANGE|DISCLOSURE_EVENT,NEXT_SESSION_AFTER_MAX_NOTICE_UPDATE,ABSENT,,False,fundamental.statement,NO_FORMAL_SEARCH_IN_THIS_TASK; SOURCE_UNIT_GLOSSARY_NOT_ASSERTED
DEPOSIT_IOFI_OTHER_YOY,cash_flow_sheet_report_em,FUNDAMENTAL_CHANGE|DISCLOSURE_EVENT,NEXT_SESSION_AFTER_MAX_NOTICE_UPDATE,ABSENT,,False,fundamental.change.source_reported_yoy,NO_FORMAL_SEARCH_IN_THIS_TASK; SOURCE_UNIT_GLOSSARY_NOT_ASSERTED
DEPOSIT_IOFI_REDUCE,cash_flow_sheet_report_em,FUNDAMENTAL_LEVEL|FUNDAMENTAL_CHANGE|DISCLOSURE_EVENT,NEXT_SESSION_AFTER_MAX_NOTICE_UPDATE,ABSENT,,False,fundamental.statement,NO_FORMAL_SEARCH_IN_THIS_TASK; SOURCE_UNIT_GLOSSARY_NOT_ASSERTED
DEPOSIT_IOFI_REDUCE_YOY,cash_flow_sheet_report_em,FUNDAMENTAL_CHANGE|DISCLOSURE_EVENT,NEXT_SESSION_AFTER_MAX_NOTICE_UPDATE,ABSENT,,False,fundamental.change.source_reported_yoy,NO_FORMAL_SEARCH_IN_THIS_TASK; SOURCE_UNIT_GLOSSARY_NOT_ASSERTED
DEPOSIT_PBC_ADD,cash_flow_sheet_report_em,FUNDAMENTAL_LEVEL|FUNDAMENTAL_CHANGE|DISCLOSURE_EVENT,NEXT_SESSION_AFTER_MAX_NOTICE_UPDATE,ABSENT,,False,fundamental.statement,NO_FORMAL_SEARCH_IN_THIS_TASK; SOURCE_UNIT_GLOSSARY_NOT_ASSERTED
DEPOSIT_PBC_ADD_YOY,cash_flow_sheet_report_em,FUNDAMENTAL_CHANGE|DISCLOSURE_EVENT,NEXT_SESSION_AFTER_MAX_NOTICE_UPDATE,ABSENT,,False,fundamental.change.source_reported_yoy,NO_FORMAL_SEARCH_IN_THIS_TASK; SOURCE_UNIT_GLOSSARY_NOT_ASSERTED
DEPOSIT_PBC_REDUCE,cash_flow_sheet_report_em,FUNDAMENTAL_LEVEL|FUNDAMENTAL_CHANGE|DISCLOSURE_EVENT,NEXT_SESSION_AFTER_MAX_NOTICE_UPDATE,ABSENT,,False,fundamental.statement,NO_FORMAL_SEARCH_IN_THIS_TASK; SOURCE_UNIT_GLOSSARY_NOT_ASSERTED
DEPOSIT_PBC_REDUCE_YOY,cash_flow_sheet_report_em,FUNDAMENTAL_CHANGE|DISCLOSURE_EVENT,NEXT_SESSION_AFTER_MAX_NOTICE_UPDATE,ABSENT,,False,fundamental.change.source_reported_yoy,NO_FORMAL_SEARCH_IN_THIS_TASK; SOURCE_UNIT_GLOSSARY_NOT_ASSERTED
DIRECT_INVEST_ADD,cash_flow_sheet_report_em,FUNDAMENTAL_LEVEL|FUNDAMENTAL_CHANGE|DISCLOSURE_EVENT,NEXT_SESSION_AFTER_MAX_NOTICE_UPDATE,ABSENT,,False,fundamental.statement,NO_FORMAL_SEARCH_IN_THIS_TASK; SOURCE_UNIT_GLOSSARY_NOT_ASSERTED
DIRECT_INVEST_ADD_YOY,cash_flow_sheet_report_em,FUNDAMENTAL_CHANGE|DISCLOSURE_EVENT,NEXT_SESSION_AFTER_MAX_NOTICE_UPDATE,ABSENT,,False,fundamental.change.source_reported_yoy,NO_FORMAL_SEARCH_IN_THIS_TASK; SOURCE_UNIT_GLOSSARY_NOT_ASSERTED
DIRECT_INVEST_REDUCE,cash_flow_sheet_report_em,FUNDAMENTAL_LEVEL|FUNDAMENTAL_CHANGE|DISCLOSURE_EVENT,NEXT_SESSION_AFTER_MAX_NOTICE_UPDATE,ABSENT,,False,fundamental.statement,NO_FORMAL_SEARCH_IN_THIS_TASK; SOURCE_UNIT_GLOSSARY_NOT_ASSERTED
DIRECT_INVEST_REDUCE_YOY,cash_flow_sheet_report_em,FUNDAMENTAL_CHANGE|DISCLOSURE_EVENT,NEXT_SESSION_AFTER_MAX_NOTICE_UPDATE,ABSENT,,False,fundamental.change.source_reported_yoy,NO_FORMAL_SEARCH_IN_THIS_TASK; SOURCE_UNIT_GLOSSARY_NOT_ASSERTED
DISPOSAL_AFA_ADD,cash_flow_sheet_report_em,FUNDAMENTAL_LEVEL|FUNDAMENTAL_CHANGE|DISCLOSURE_EVENT,NEXT_SESSION_AFTER_MAX_NOTICE_UPDATE,ABSENT,,False,fundamental.statement,NO_FORMAL_SEARCH_IN_THIS_TASK; SOURCE_UNIT_GLOSSARY_NOT_ASSERTED
DISPOSAL_AFA_ADD_YOY,cash_flow_sheet_report_em,FUNDAMENTAL_CHANGE|DISCLOSURE_EVENT,NEXT_SESSION_AFTER_MAX_NOTICE_UPDATE,ABSENT,,False,fundamental.change.source_reported_yoy,NO_FORMAL_SEARCH_IN_THIS_TASK; SOURCE_UNIT_GLOSSARY_NOT_ASSERTED
DISPOSAL_AFA_REDUCE,cash_flow_sheet_report_em,FUNDAMENTAL_LEVEL|FUNDAMENTAL_CHANGE|DISCLOSURE_EVENT,NEXT_SESSION_AFTER_MAX_NOTICE_UPDATE,ABSENT,,False,fundamental.statement,NO_FORMAL_SEARCH_IN_THIS_TASK; SOURCE_UNIT_GLOSSARY_NOT_ASSERTED
DISPOSAL_AFA_REDUCE_YOY,cash_flow_sheet_report_em,FUNDAMENTAL_CHANGE|DISCLOSURE_EVENT,NEXT_SESSION_AFTER_MAX_NOTICE_UPDATE,ABSENT,,False,fundamental.change.source_reported_yoy,NO_FORMAL_SEARCH_IN_THIS_TASK; SOURCE_UNIT_GLOSSARY_NOT_ASSERTED
DISPOSAL_LONGASSET_LOSS,cash_flow_sheet_report_em,FUNDAMENTAL_LEVEL|FUNDAMENTAL_CHANGE|DISCLOSURE_EVENT,NEXT_SESSION_AFTER_MAX_NOTICE_UPDATE,ABSENT,,False,fundamental.statement,NO_FORMAL_SEARCH_IN_THIS_TASK; SOURCE_UNIT_GLOSSARY_NOT_ASSERTED
DISPOSAL_LONGASSET_LOSS_YOY,cash_flow_sheet_report_em,FUNDAMENTAL_CHANGE|DISCLOSURE_EVENT,NEXT_SESSION_AFTER_MAX_NOTICE_UPDATE,ABSENT,,False,fundamental.change.source_reported_yoy,NO_FORMAL_SEARCH_IN_THIS_TASK; SOURCE_UNIT_GLOSSARY_NOT_ASSERTED
DISPOSAL_LONG_ASSET,cash_flow_sheet_report_em,FUNDAMENTAL_LEVEL|FUNDAMENTAL_CHANGE|DISCLOSURE_EVENT,NEXT_SESSION_AFTER_MAX_NOTICE_UPDATE,ABSENT,,False,fundamental.statement,NO_FORMAL_SEARCH_IN_THIS_TASK; SOURCE_UNIT_GLOSSARY_NOT_ASSERTED
DISPOSAL_LONG_ASSET_YOY,cash_flow_sheet_report_em,FUNDAMENTAL_CHANGE|DISCLOSURE_EVENT,NEXT_SESSION_AFTER_MAX_NOTICE_UPDATE,ABSENT,,False,fundamental.change.source_reported_yoy,NO_FORMAL_SEARCH_IN_THIS_TASK; SOURCE_UNIT_GLOSSARY_NOT_ASSERTED
DISPOSAL_MORTGAGE_ASSET,cash_flow_sheet_report_em,FUNDAMENTAL_LEVEL|FUNDAMENTAL_CHANGE|DISCLOSURE_EVENT,NEXT_SESSION_AFTER_MAX_NOTICE_UPDATE,ABSENT,,False,fundamental.statement,NO_FORMAL_SEARCH_IN_THIS_TASK; SOURCE_UNIT_GLOSSARY_NOT_ASSERTED
DISPOSAL_MORTGAGE_ASSET_YOY,cash_flow_sheet_report_em,FUNDAMENTAL_CHANGE|DISCLOSURE_EVENT,NEXT_SESSION_AFTER_MAX_NOTICE_UPDATE,ABSENT,,False,fundamental.change.source_reported_yoy,NO_FORMAL_SEARCH_IN_THIS_TASK; SOURCE_UNIT_GLOSSARY_NOT_ASSERTED
DISPOSAL_SUBSIDIARY_JOINT,cash_flow_sheet_report_em,FUNDAMENTAL_LEVEL|FUNDAMENTAL_CHANGE|DISCLOSURE_EVENT,NEXT_SESSION_AFTER_MAX_NOTICE_UPDATE,ABSENT,,False,fundamental.statement,NO_FORMAL_SEARCH_IN_THIS_TASK; SOURCE_UNIT_GLOSSARY_NOT_ASSERTED
DISPOSAL_SUBSIDIARY_JOINT_YOY,cash_flow_sheet_report_em,FUNDAMENTAL_CHANGE|DISCLOSURE_EVENT,NEXT_SESSION_AFTER_MAX_NOTICE_UPDATE,ABSENT,,False,fundamental.change.source_reported_yoy,NO_FORMAL_SEARCH_IN_THIS_TASK; SOURCE_UNIT_GLOSSARY_NOT_ASSERTED
DISPOSAL_SUBSIDIARY_OTHER,cash_flow_sheet_report_em,FUNDAMENTAL_LEVEL|FUNDAMENTAL_CHANGE|DISCLOSURE_EVENT,NEXT_SESSION_AFTER_MAX_NOTICE_UPDATE,ABSENT,,False,fundamental.statement,NO_FORMAL_SEARCH_IN_THIS_TASK; SOURCE_UNIT_GLOSSARY_NOT_ASSERTED
DISPOSAL_SUBSIDIARY_OTHER_YOY,cash_flow_sheet_report_em,FUNDAMENTAL_CHANGE|DISCLOSURE_EVENT,NEXT_SESSION_AFTER_MAX_NOTICE_UPDATE,ABSENT,,False,fundamental.change.source_reported_yoy,NO_FORMAL_SEARCH_IN_THIS_TASK; SOURCE_UNIT_GLOSSARY_NOT_ASSERTED
DISPOSAL_SUBSIDIARY_OUTFLOW,cash_flow_sheet_report_em,FUNDAMENTAL_LEVEL|FUNDAMENTAL_CHANGE|DISCLOSURE_EVENT,NEXT_SESSION_AFTER_MAX_NOTICE_UPDATE,ABSENT,,False,fundamental.statement,NO_FORMAL_SEARCH_IN_THIS_TASK; SOURCE_UNIT_GLOSSARY_NOT_ASSERTED
DISPOSAL_SUBSIDIARY_OUTFLOW_YOY,cash_flow_sheet_report_em,FUNDAMENTAL_CHANGE|DISCLOSURE_EVENT,NEXT_SESSION_AFTER_MAX_NOTICE_UPDATE,ABSENT,,False,fundamental.change.source_reported_yoy,NO_FORMAL_SEARCH_IN_THIS_TASK; SOURCE_UNIT_GLOSSARY_NOT_ASSERTED
DISPOSAL_TFA_ADD,cash_flow_sheet_report_em,FUNDAMENTAL_LEVEL|FUNDAMENTAL_CHANGE|DISCLOSURE_EVENT,NEXT_SESSION_AFTER_MAX_NOTICE_UPDATE,ABSENT,,False,fundamental.statement,NO_FORMAL_SEARCH_IN_THIS_TASK; SOURCE_UNIT_GLOSSARY_NOT_ASSERTED
DISPOSAL_TFA_ADD_YOY,cash_flow_sheet_report_em,FUNDAMENTAL_CHANGE|DISCLOSURE_EVENT,NEXT_SESSION_AFTER_MAX_NOTICE_UPDATE,ABSENT,,False,fundamental.change.source_reported_yoy,NO_FORMAL_SEARCH_IN_THIS_TASK; SOURCE_UNIT_GLOSSARY_NOT_ASSERTED
DISPOSAL_TFA_REDUCE,cash_flow_sheet_report_em,FUNDAMENTAL_LEVEL|FUNDAMENTAL_CHANGE|DISCLOSURE_EVENT,NEXT_SESSION_AFTER_MAX_NOTICE_UPDATE,ABSENT,,False,fundamental.statement,NO_FORMAL_SEARCH_IN_THIS_TASK; SOURCE_UNIT_GLOSSARY_NOT_ASSERTED
DISPOSAL_TFA_REDUCE_YOY,cash_flow_sheet_report_em,FUNDAMENTAL_CHANGE|DISCLOSURE_EVENT,NEXT_SESSION_AFTER_MAX_NOTICE_UPDATE,ABSENT,,False,fundamental.change.source_reported_yoy,NO_FORMAL_SEARCH_IN_THIS_TASK; SOURCE_UNIT_GLOSSARY_NOT_ASSERTED
DT_ASSET_REDUCE,cash_flow_sheet_report_em,FUNDAMENTAL_LEVEL|FUNDAMENTAL_CHANGE|DISCLOSURE_EVENT,NEXT_SESSION_AFTER_MAX_NOTICE_UPDATE,ABSENT,,False,fundamental.statement,NO_FORMAL_SEARCH_IN_THIS_TASK; SOURCE_UNIT_GLOSSARY_NOT_ASSERTED
DT_ASSET_REDUCE_YOY,cash_flow_sheet_report_em,FUNDAMENTAL_CHANGE|DISCLOSURE_EVENT,NEXT_SESSION_AFTER_MAX_NOTICE_UPDATE,ABSENT,,False,fundamental.change.source_reported_yoy,NO_FORMAL_SEARCH_IN_THIS_TASK; SOURCE_UNIT_GLOSSARY_NOT_ASSERTED
DT_LIAB_ADD,cash_flow_sheet_report_em,FUNDAMENTAL_LEVEL|FUNDAMENTAL_CHANGE|DISCLOSURE_EVENT,NEXT_SESSION_AFTER_MAX_NOTICE_UPDATE,ABSENT,,False,fundamental.statement,NO_FORMAL_SEARCH_IN_THIS_TASK; SOURCE_UNIT_GLOSSARY_NOT_ASSERTED
DT_LIAB_ADD_YOY,cash_flow_sheet_report_em,FUNDAMENTAL_CHANGE|DISCLOSURE_EVENT,NEXT_SESSION_AFTER_MAX_NOTICE_UPDATE,ABSENT,,False,fundamental.change.source_reported_yoy,NO_FORMAL_SEARCH_IN_THIS_TASK; SOURCE_UNIT_GLOSSARY_NOT_ASSERTED
END_CASH,cash_flow_sheet_report_em,FUNDAMENTAL_LEVEL|FUNDAMENTAL_CHANGE|DISCLOSURE_EVENT,NEXT_SESSION_AFTER_MAX_NOTICE_UPDATE,ABSENT,,False,fundamental.statement,NO_FORMAL_SEARCH_IN_THIS_TASK; SOURCE_UNIT_GLOSSARY_NOT_ASSERTED
END_CASH_EQUIVALENTS,cash_flow_sheet_report_em,FUNDAMENTAL_LEVEL|FUNDAMENTAL_CHANGE|DISCLOSURE_EVENT,NEXT_SESSION_AFTER_MAX_NOTICE_UPDATE,ABSENT,,False,fundamental.statement,NO_FORMAL_SEARCH_IN_THIS_TASK; SOURCE_UNIT_GLOSSARY_NOT_ASSERTED
END_CASH_EQUIVALENTS_YOY,cash_flow_sheet_report_em,FUNDAMENTAL_CHANGE|DISCLOSURE_EVENT,NEXT_SESSION_AFTER_MAX_NOTICE_UPDATE,ABSENT,,False,fundamental.change.source_reported_yoy,NO_FORMAL_SEARCH_IN_THIS_TASK; SOURCE_UNIT_GLOSSARY_NOT_ASSERTED
END_CASH_YOY,cash_flow_sheet_report_em,FUNDAMENTAL_CHANGE|DISCLOSURE_EVENT,NEXT_SESSION_AFTER_MAX_NOTICE_UPDATE,ABSENT,,False,fundamental.change.source_reported_yoy,NO_FORMAL_SEARCH_IN_THIS_TASK; SOURCE_UNIT_GLOSSARY_NOT_ASSERTED
END_CCE,cash_flow_sheet_report_em,FUNDAMENTAL_LEVEL|FUNDAMENTAL_CHANGE|DISCLOSURE_EVENT,NEXT_SESSION_AFTER_MAX_NOTICE_UPDATE,ABSENT,,False,fundamental.statement,NO_FORMAL_SEARCH_IN_THIS_TASK; SOURCE_UNIT_GLOSSARY_NOT_ASSERTED
END_CCE_BALANCE,cash_flow_sheet_report_em,FUNDAMENTAL_LEVEL|FUNDAMENTAL_CHANGE|DISCLOSURE_EVENT,NEXT_SESSION_AFTER_MAX_NOTICE_UPDATE,ABSENT,,False,fundamental.statement,NO_FORMAL_SEARCH_IN_THIS_TASK; SOURCE_UNIT_GLOSSARY_NOT_ASSERTED
END_CCE_BALANCE_YOY,cash_flow_sheet_report_em,FUNDAMENTAL_CHANGE|DISCLOSURE_EVENT,NEXT_SESSION_AFTER_MAX_NOTICE_UPDATE,ABSENT,,False,fundamental.change.source_reported_yoy,NO_FORMAL_SEARCH_IN_THIS_TASK; SOURCE_UNIT_GLOSSARY_NOT_ASSERTED
END_CCE_OTHER,cash_flow_sheet_report_em,FUNDAMENTAL_LEVEL|FUNDAMENTAL_CHANGE|DISCLOSURE_EVENT,NEXT_SESSION_AFTER_MAX_NOTICE_UPDATE,ABSENT,,False,fundamental.statement,NO_FORMAL_SEARCH_IN_THIS_TASK; SOURCE_UNIT_GLOSSARY_NOT_ASSERTED
END_CCE_OTHER_YOY,cash_flow_sheet_report_em,FUNDAMENTAL_CHANGE|DISCLOSURE_EVENT,NEXT_SESSION_AFTER_MAX_NOTICE_UPDATE,ABSENT,,False,fundamental.change.source_reported_yoy,NO_FORMAL_SEARCH_IN_THIS_TASK; SOURCE_UNIT_GLOSSARY_NOT_ASSERTED
END_CCE_YOY,cash_flow_sheet_report_em,FUNDAMENTAL_CHANGE|DISCLOSURE_EVENT,NEXT_SESSION_AFTER_MAX_NOTICE_UPDATE,ABSENT,,False,fundamental.change.source_reported_yoy,NO_FORMAL_SEARCH_IN_THIS_TASK; SOURCE_UNIT_GLOSSARY_NOT_ASSERTED
EXCHANGE_LOSS,cash_flow_sheet_report_em,FUNDAMENTAL_LEVEL|FUNDAMENTAL_CHANGE|DISCLOSURE_EVENT,NEXT_SESSION_AFTER_MAX_NOTICE_UPDATE,ABSENT,,False,fundamental.statement,NO_FORMAL_SEARCH_IN_THIS_TASK; SOURCE_UNIT_GLOSSARY_NOT_ASSERTED
EXCHANGE_LOSS_YOY,cash_flow_sheet_report_em,FUNDAMENTAL_CHANGE|DISCLOSURE_EVENT,NEXT_SESSION_AFTER_MAX_NOTICE_UPDATE,ABSENT,,False,fundamental.change.source_reported_yoy,NO_FORMAL_SEARCH_IN_THIS_TASK; SOURCE_UNIT_GLOSSARY_NOT_ASSERTED
EXTRACT_INSURANCE_RESERVE,cash_flow_sheet_report_em,FUNDAMENTAL_LEVEL|FUNDAMENTAL_CHANGE|DISCLOSURE_EVENT,NEXT_SESSION_AFTER_MAX_NOTICE_UPDATE,ABSENT,,False,fundamental.statement,NO_FORMAL_SEARCH_IN_THIS_TASK; SOURCE_UNIT_GLOSSARY_NOT_ASSERTED
EXTRACT_INSURANCE_RESERVE_YOY,cash_flow_sheet_report_em,FUNDAMENTAL_CHANGE|DISCLOSURE_EVENT,NEXT_SESSION_AFTER_MAX_NOTICE_UPDATE,ABSENT,,False,fundamental.change.source_reported_yoy,NO_FORMAL_SEARCH_IN_THIS_TASK; SOURCE_UNIT_GLOSSARY_NOT_ASSERTED
EXTRACT_UNEXPIRE_RESERVE,cash_flow_sheet_report_em,FUNDAMENTAL_LEVEL|FUNDAMENTAL_CHANGE|DISCLOSURE_EVENT,NEXT_SESSION_AFTER_MAX_NOTICE_UPDATE,ABSENT,,False,fundamental.statement,NO_FORMAL_SEARCH_IN_THIS_TASK; SOURCE_UNIT_GLOSSARY_NOT_ASSERTED
EXTRACT_UNEXPIRE_RESERVE_YOY,cash_flow_sheet_report_em,FUNDAMENTAL_CHANGE|DISCLOSURE_EVENT,NEXT_SESSION_AFTER_MAX_NOTICE_UPDATE,ABSENT,,False,fundamental.change.source_reported_yoy,NO_FORMAL_SEARCH_IN_THIS_TASK; SOURCE_UNIT_GLOSSARY_NOT_ASSERTED
FAIRVALUE_CHANGE_LOSS,cash_flow_sheet_report_em,FUNDAMENTAL_LEVEL|FUNDAMENTAL_CHANGE|DISCLOSURE_EVENT,NEXT_SESSION_AFTER_MAX_NOTICE_UPDATE,ABSENT,,False,fundamental.statement,NO_FORMAL_SEARCH_IN_THIS_TASK; SOURCE_UNIT_GLOSSARY_NOT_ASSERTED
FAIRVALUE_CHANGE_LOSS_YOY,cash_flow_sheet_report_em,FUNDAMENTAL_CHANGE|DISCLOSURE_EVENT,NEXT_SESSION_AFTER_MAX_NOTICE_UPDATE,ABSENT,,False,fundamental.change.source_reported_yoy,NO_FORMAL_SEARCH_IN_THIS_TASK; SOURCE_UNIT_GLOSSARY_NOT_ASSERTED
FA_IR_DEPR,cash_flow_sheet_report_em,FUNDAMENTAL_LEVEL|FUNDAMENTAL_CHANGE|DISCLOSURE_EVENT,NEXT_SESSION_AFTER_MAX_NOTICE_UPDATE,ABSENT,,False,fundamental.statement,NO_FORMAL_SEARCH_IN_THIS_TASK; SOURCE_UNIT_GLOSSARY_NOT_ASSERTED
FA_IR_DEPR_YOY,cash_flow_sheet_report_em,FUNDAMENTAL_CHANGE|DISCLOSURE_EVENT,NEXT_SESSION_AFTER_MAX_NOTICE_UPDATE,ABSENT,,False,fundamental.change.source_reported_yoy,NO_FORMAL_SEARCH_IN_THIS_TASK; SOURCE_UNIT_GLOSSARY_NOT_ASSERTED
FA_SCRAP_LOSS,cash_flow_sheet_report_em,FUNDAMENTAL_LEVEL|FUNDAMENTAL_CHANGE|DISCLOSURE_EVENT,NEXT_SESSION_AFTER_MAX_NOTICE_UPDATE,ABSENT,,False,fundamental.statement,NO_FORMAL_SEARCH_IN_THIS_TASK; SOURCE_UNIT_GLOSSARY_NOT_ASSERTED
FA_SCRAP_LOSS_YOY,cash_flow_sheet_report_em,FUNDAMENTAL_CHANGE|DISCLOSURE_EVENT,NEXT_SESSION_AFTER_MAX_NOTICE_UPDATE,ABSENT,,False,fundamental.change.source_reported_yoy,NO_FORMAL_SEARCH_IN_THIS_TASK; SOURCE_UNIT_GLOSSARY_NOT_ASSERTED
FBCCE_ADD,cash_flow_sheet_report_em,FUNDAMENTAL_LEVEL|FUNDAMENTAL_CHANGE|DISCLOSURE_EVENT,NEXT_SESSION_AFTER_MAX_NOTICE_UPDATE,ABSENT,,False,fundamental.statement,NO_FORMAL_SEARCH_IN_THIS_TASK; SOURCE_UNIT_GLOSSARY_NOT_ASSERTED
FBCCE_ADD_BALANCE,cash_flow_sheet_report_em,FUNDAMENTAL_LEVEL|FUNDAMENTAL_CHANGE|DISCLOSURE_EVENT,NEXT_SESSION_AFTER_MAX_NOTICE_UPDATE,ABSENT,,False,fundamental.statement,NO_FORMAL_SEARCH_IN_THIS_TASK; SOURCE_UNIT_GLOSSARY_NOT_ASSERTED
FBCCE_ADD_BALANCE_YOY,cash_flow_sheet_report_em,FUNDAMENTAL_CHANGE|DISCLOSURE_EVENT,NEXT_SESSION_AFTER_MAX_NOTICE_UPDATE,ABSENT,,False,fundamental.change.source_reported_yoy,NO_FORMAL_SEARCH_IN_THIS_TASK; SOURCE_UNIT_GLOSSARY_NOT_ASSERTED
FBCCE_ADD_OTHER,cash_flow_sheet_report_em,FUNDAMENTAL_LEVEL|FUNDAMENTAL_CHANGE|DISCLOSURE_EVENT,NEXT_SESSION_AFTER_MAX_NOTICE_UPDATE,ABSENT,,False,fundamental.statement,NO_FORMAL_SEARCH_IN_THIS_TASK; SOURCE_UNIT_GLOSSARY_NOT_ASSERTED
FBCCE_ADD_OTHER_YOY,cash_flow_sheet_report_em,FUNDAMENTAL_CHANGE|DISCLOSURE_EVENT,NEXT_SESSION_AFTER_MAX_NOTICE_UPDATE,ABSENT,,False,fundamental.change.source_reported_yoy,NO_FORMAL_SEARCH_IN_THIS_TASK; SOURCE_UNIT_GLOSSARY_NOT_ASSERTED
FBCCE_ADD_YOY,cash_flow_sheet_report_em,FUNDAMENTAL_CHANGE|DISCLOSURE_EVENT,NEXT_SESSION_AFTER_MAX_NOTICE_UPDATE,ABSENT,,False,fundamental.change.source_reported_yoy,NO_FORMAL_SEARCH_IN_THIS_TASK; SOURCE_UNIT_GLOSSARY_NOT_ASSERTED
FBNETCASH_OPERATE,cash_flow_sheet_report_em,FUNDAMENTAL_LEVEL|FUNDAMENTAL_CHANGE|DISCLOSURE_EVENT,NEXT_SESSION_AFTER_MAX_NOTICE_UPDATE,ABSENT,,False,fundamental.statement,NO_FORMAL_SEARCH_IN_THIS_TASK; SOURCE_UNIT_GLOSSARY_NOT_ASSERTED
FBNETCASH_OPERATE_YOY,cash_flow_sheet_report_em,FUNDAMENTAL_CHANGE|DISCLOSURE_EVENT,NEXT_SESSION_AFTER_MAX_NOTICE_UPDATE,ABSENT,,False,fundamental.change.source_reported_yoy,NO_FORMAL_SEARCH_IN_THIS_TASK; SOURCE_UNIT_GLOSSARY_NOT_ASSERTED
FBOPERATE_NETCASH_BALANCE,cash_flow_sheet_report_em,FUNDAMENTAL_LEVEL|FUNDAMENTAL_CHANGE|DISCLOSURE_EVENT,NEXT_SESSION_AFTER_MAX_NOTICE_UPDATE,ABSENT,,False,fundamental.statement,NO_FORMAL_SEARCH_IN_THIS_TASK; SOURCE_UNIT_GLOSSARY_NOT_ASSERTED
FBOPERATE_NETCASH_BALANCE_YOY,cash_flow_sheet_report_em,FUNDAMENTAL_CHANGE|DISCLOSURE_EVENT,NEXT_SESSION_AFTER_MAX_NOTICE_UPDATE,ABSENT,,False,fundamental.change.source_reported_yoy,NO_FORMAL_SEARCH_IN_THIS_TASK; SOURCE_UNIT_GLOSSARY_NOT_ASSERTED
FBOPERATE_NETCASH_OTHER,cash_flow_sheet_report_em,FUNDAMENTAL_LEVEL|FUNDAMENTAL_CHANGE|DISCLOSURE_EVENT,NEXT_SESSION_AFTER_MAX_NOTICE_UPDATE,ABSENT,,False,fundamental.statement,NO_FORMAL_SEARCH_IN_THIS_TASK; SOURCE_UNIT_GLOSSARY_NOT_ASSERTED
FBOPERATE_NETCASH_OTHER_YOY,cash_flow_sheet_report_em,FUNDAMENTAL_CHANGE|DISCLOSURE_EVENT,NEXT_SESSION_AFTER_MAX_NOTICE_UPDATE,ABSENT,,False,fundamental.change.source_reported_yoy,NO_FORMAL_SEARCH_IN_THIS_TASK; SOURCE_UNIT_GLOSSARY_NOT_ASSERTED
FB_CCE_ADD,cash_flow_sheet_report_em,FUNDAMENTAL_LEVEL|FUNDAMENTAL_CHANGE|DISCLOSURE_EVENT,NEXT_SESSION_AFTER_MAX_NOTICE_UPDATE,ABSENT,,False,fundamental.statement,NO_FORMAL_SEARCH_IN_THIS_TASK; SOURCE_UNIT_GLOSSARY_NOT_ASSERTED
FB_CCE_ADD_BALANCE,cash_flow_sheet_report_em,FUNDAMENTAL_LEVEL|FUNDAMENTAL_CHANGE|DISCLOSURE_EVENT,NEXT_SESSION_AFTER_MAX_NOTICE_UPDATE,ABSENT,,False,fundamental.statement,NO_FORMAL_SEARCH_IN_THIS_TASK; SOURCE_UNIT_GLOSSARY_NOT_ASSERTED
FB_CCE_ADD_BALANCE_YOY,cash_flow_sheet_report_em,FUNDAMENTAL_CHANGE|DISCLOSURE_EVENT,NEXT_SESSION_AFTER_MAX_NOTICE_UPDATE,ABSENT,,False,fundamental.change.source_reported_yoy,NO_FORMAL_SEARCH_IN_THIS_TASK; SOURCE_UNIT_GLOSSARY_NOT_ASSERTED
FB_CCE_ADD_OTHER,cash_flow_sheet_report_em,FUNDAMENTAL_LEVEL|FUNDAMENTAL_CHANGE|DISCLOSURE_EVENT,NEXT_SESSION_AFTER_MAX_NOTICE_UPDATE,ABSENT,,False,fundamental.statement,NO_FORMAL_SEARCH_IN_THIS_TASK; SOURCE_UNIT_GLOSSARY_NOT_ASSERTED
FB_CCE_ADD_OTHER_YOY,cash_flow_sheet_report_em,FUNDAMENTAL_CHANGE|DISCLOSURE_EVENT,NEXT_SESSION_AFTER_MAX_NOTICE_UPDATE,ABSENT,,False,fundamental.change.source_reported_yoy,NO_FORMAL_SEARCH_IN_THIS_TASK; SOURCE_UNIT_GLOSSARY_NOT_ASSERTED
FB_CCE_ADD_YOY,cash_flow_sheet_report_em,FUNDAMENTAL_CHANGE|DISCLOSURE_EVENT,NEXT_SESSION_AFTER_MAX_NOTICE_UPDATE,ABSENT,,False,fundamental.change.source_reported_yoy,NO_FORMAL_SEARCH_IN_THIS_TASK; SOURCE_UNIT_GLOSSARY_NOT_ASSERTED
FB_NETCASH_OPERATE,cash_flow_sheet_report_em,FUNDAMENTAL_LEVEL|FUNDAMENTAL_CHANGE|DISCLOSURE_EVENT,NEXT_SESSION_AFTER_MAX_NOTICE_UPDATE,ABSENT,,False,fundamental.statement,NO_FORMAL_SEARCH_IN_THIS_TASK; SOURCE_UNIT_GLOSSARY_NOT_ASSERTED
FB_NETCASH_OPERATE_YOY,cash_flow_sheet_report_em,FUNDAMENTAL_CHANGE|DISCLOSURE_EVENT,NEXT_SESSION_AFTER_MAX_NOTICE_UPDATE,ABSENT,,False,fundamental.change.source_reported_yoy,NO_FORMAL_SEARCH_IN_THIS_TASK; SOURCE_UNIT_GLOSSARY_NOT_ASSERTED
FB_OPERATE_NETCASH_BALANCE,cash_flow_sheet_report_em,FUNDAMENTAL_LEVEL|FUNDAMENTAL_CHANGE|DISCLOSURE_EVENT,NEXT_SESSION_AFTER_MAX_NOTICE_UPDATE,ABSENT,,False,fundamental.statement,NO_FORMAL_SEARCH_IN_THIS_TASK; SOURCE_UNIT_GLOSSARY_NOT_ASSERTED
FB_OPERATE_NETCASH_BALANCE_YOY,cash_flow_sheet_report_em,FUNDAMENTAL_CHANGE|DISCLOSURE_EVENT,NEXT_SESSION_AFTER_MAX_NOTICE_UPDATE,ABSENT,,False,fundamental.change.source_reported_yoy,NO_FORMAL_SEARCH_IN_THIS_TASK; SOURCE_UNIT_GLOSSARY_NOT_ASSERTED
FB_OPERATE_NETCASH_OTHER,cash_flow_sheet_report_em,FUNDAMENTAL_LEVEL|FUNDAMENTAL_CHANGE|DISCLOSURE_EVENT,NEXT_SESSION_AFTER_MAX_NOTICE_UPDATE,ABSENT,,False,fundamental.statement,NO_FORMAL_SEARCH_IN_THIS_TASK; SOURCE_UNIT_GLOSSARY_NOT_ASSERTED
FB_OPERATE_NETCASH_OTHER_YOY,cash_flow_sheet_report_em,FUNDAMENTAL_CHANGE|DISCLOSURE_EVENT,NEXT_SESSION_AFTER_MAX_NOTICE_UPDATE,ABSENT,,False,fundamental.change.source_reported_yoy,NO_FORMAL_SEARCH_IN_THIS_TASK; SOURCE_UNIT_GLOSSARY_NOT_ASSERTED
FINANCE_EXPENSE,cash_flow_sheet_report_em,FUNDAMENTAL_LEVEL|FUNDAMENTAL_CHANGE|DISCLOSURE_EVENT,NEXT_SESSION_AFTER_MAX_NOTICE_UPDATE,ABSENT,,False,fundamental.statement,NO_FORMAL_SEARCH_IN_THIS_TASK; SOURCE_UNIT_GLOSSARY_NOT_ASSERTED
FINANCE_EXPENSE_YOY,cash_flow_sheet_report_em,FUNDAMENTAL_CHANGE|DISCLOSURE_EVENT,NEXT_SESSION_AFTER_MAX_NOTICE_UPDATE,ABSENT,,False,fundamental.change.source_reported_yoy,NO_FORMAL_SEARCH_IN_THIS_TASK; SOURCE_UNIT_GLOSSARY_NOT_ASSERTED
FINANCE_INFLOW_BALANCE,cash_flow_sheet_report_em,FUNDAMENTAL_LEVEL|FUNDAMENTAL_CHANGE|DISCLOSURE_EVENT,NEXT_SESSION_AFTER_MAX_NOTICE_UPDATE,ABSENT,,False,fundamental.statement,NO_FORMAL_SEARCH_IN_THIS_TASK; SOURCE_UNIT_GLOSSARY_NOT_ASSERTED
FINANCE_INFLOW_BALANCE_YOY,cash_flow_sheet_report_em,FUNDAMENTAL_CHANGE|DISCLOSURE_EVENT,NEXT_SESSION_AFTER_MAX_NOTICE_UPDATE,ABSENT,,False,fundamental.change.source_reported_yoy,NO_FORMAL_SEARCH_IN_THIS_TASK; SOURCE_UNIT_GLOSSARY_NOT_ASSERTED
FINANCE_INFLOW_OTHER,cash_flow_sheet_report_em,FUNDAMENTAL_LEVEL|FUNDAMENTAL_CHANGE|DISCLOSURE_EVENT,NEXT_SESSION_AFTER_MAX_NOTICE_UPDATE,ABSENT,,False,fundamental.statement,NO_FORMAL_SEARCH_IN_THIS_TASK; SOURCE_UNIT_GLOSSARY_NOT_ASSERTED
FINANCE_INFLOW_OTHER_YOY,cash_flow_sheet_report_em,FUNDAMENTAL_CHANGE|DISCLOSURE_EVENT,NEXT_SESSION_AFTER_MAX_NOTICE_UPDATE,ABSENT,,False,fundamental.change.source_reported_yoy,NO_FORMAL_SEARCH_IN_THIS_TASK; SOURCE_UNIT_GLOSSARY_NOT_ASSERTED
FINANCE_NETCASH_BALANCE,cash_flow_sheet_report_em,FUNDAMENTAL_LEVEL|FUNDAMENTAL_CHANGE|DISCLOSURE_EVENT,NEXT_SESSION_AFTER_MAX_NOTICE_UPDATE,ABSENT,,False,fundamental.statement,NO_FORMAL_SEARCH_IN_THIS_TASK; SOURCE_UNIT_GLOSSARY_NOT_ASSERTED
FINANCE_NETCASH_BALANCE_YOY,cash_flow_sheet_report_em,FUNDAMENTAL_CHANGE|DISCLOSURE_EVENT,NEXT_SESSION_AFTER_MAX_NOTICE_UPDATE,ABSENT,,False,fundamental.change.source_reported_yoy,NO_FORMAL_SEARCH_IN_THIS_TASK; SOURCE_UNIT_GLOSSARY_NOT_ASSERTED
FINANCE_NETCASH_OTHER,cash_flow_sheet_report_em,FUNDAMENTAL_LEVEL|FUNDAMENTAL_CHANGE|DISCLOSURE_EVENT,NEXT_SESSION_AFTER_MAX_NOTICE_UPDATE,ABSENT,,False,fundamental.statement,NO_FORMAL_SEARCH_IN_THIS_TASK; SOURCE_UNIT_GLOSSARY_NOT_ASSERTED
FINANCE_NETCASH_OTHER_YOY,cash_flow_sheet_report_em,FUNDAMENTAL_CHANGE|DISCLOSURE_EVENT,NEXT_SESSION_AFTER_MAX_NOTICE_UPDATE,ABSENT,,False,fundamental.change.source_reported_yoy,NO_FORMAL_SEARCH_IN_THIS_TASK; SOURCE_UNIT_GLOSSARY_NOT_ASSERTED
FINANCE_OUTFLOW_BALANCE,cash_flow_sheet_report_em,FUNDAMENTAL_LEVEL|FUNDAMENTAL_CHANGE|DISCLOSURE_EVENT,NEXT_SESSION_AFTER_MAX_NOTICE_UPDATE,ABSENT,,False,fundamental.statement,NO_FORMAL_SEARCH_IN_THIS_TASK; SOURCE_UNIT_GLOSSARY_NOT_ASSERTED
FINANCE_OUTFLOW_BALANCE_YOY,cash_flow_sheet_report_em,FUNDAMENTAL_CHANGE|DISCLOSURE_EVENT,NEXT_SESSION_AFTER_MAX_NOTICE_UPDATE,ABSENT,,False,fundamental.change.source_reported_yoy,NO_FORMAL_SEARCH_IN_THIS_TASK; SOURCE_UNIT_GLOSSARY_NOT_ASSERTED
FINANCE_OUTFLOW_OTHER,cash_flow_sheet_report_em,FUNDAMENTAL_LEVEL|FUNDAMENTAL_CHANGE|DISCLOSURE_EVENT,NEXT_SESSION_AFTER_MAX_NOTICE_UPDATE,ABSENT,,False,fundamental.statement,NO_FORMAL_SEARCH_IN_THIS_TASK; SOURCE_UNIT_GLOSSARY_NOT_ASSERTED
FINANCE_OUTFLOW_OTHER_YOY,cash_flow_sheet_report_em,FUNDAMENTAL_CHANGE|DISCLOSURE_EVENT,NEXT_SESSION_AFTER_MAX_NOTICE_UPDATE,ABSENT,,False,fundamental.change.source_reported_yoy,NO_FORMAL_SEARCH_IN_THIS_TASK; SOURCE_UNIT_GLOSSARY_NOT_ASSERTED
FINASSET_REDUCE,cash_flow_sheet_report_em,FUNDAMENTAL_LEVEL|FUNDAMENTAL_CHANGE|DISCLOSURE_EVENT,NEXT_SESSION_AFTER_MAX_NOTICE_UPDATE,ABSENT,,False,fundamental.statement,NO_FORMAL_SEARCH_IN_THIS_TASK; SOURCE_UNIT_GLOSSARY_NOT_ASSERTED
FINASSET_REDUCE_YOY,cash_flow_sheet_report_em,FUNDAMENTAL_CHANGE|DISCLOSURE_EVENT,NEXT_SESSION_AFTER_MAX_NOTICE_UPDATE,ABSENT,,False,fundamental.change.source_reported_yoy,NO_FORMAL_SEARCH_IN_THIS_TASK; SOURCE_UNIT_GLOSSARY_NOT_ASSERTED
FINLEASE_OBTAIN_FA,cash_flow_sheet_report_em,FUNDAMENTAL_LEVEL|FUNDAMENTAL_CHANGE|DISCLOSURE_EVENT,NEXT_SESSION_AFTER_MAX_NOTICE_UPDATE,ABSENT,,False,fundamental.statement,NO_FORMAL_SEARCH_IN_THIS_TASK; SOURCE_UNIT_GLOSSARY_NOT_ASSERTED
FINLEASE_OBTAIN_FA_YOY,cash_flow_sheet_report_em,FUNDAMENTAL_CHANGE|DISCLOSURE_EVENT,NEXT_SESSION_AFTER_MAX_NOTICE_UPDATE,ABSENT,,False,fundamental.change.source_reported_yoy,NO_FORMAL_SEARCH_IN_THIS_TASK; SOURCE_UNIT_GLOSSARY_NOT_ASSERTED
FINLIAB_ADD,cash_flow_sheet_report_em,FUNDAMENTAL_LEVEL|FUNDAMENTAL_CHANGE|DISCLOSURE_EVENT,NEXT_SESSION_AFTER_MAX_NOTICE_UPDATE,ABSENT,,False,fundamental.statement,NO_FORMAL_SEARCH_IN_THIS_TASK; SOURCE_UNIT_GLOSSARY_NOT_ASSERTED
FINLIAB_ADD_YOY,cash_flow_sheet_report_em,FUNDAMENTAL_CHANGE|DISCLOSURE_EVENT,NEXT_SESSION_AFTER_MAX_NOTICE_UPDATE,ABSENT,,False,fundamental.change.source_reported_yoy,NO_FORMAL_SEARCH_IN_THIS_TASK; SOURCE_UNIT_GLOSSARY_NOT_ASSERTED
FIXED_ASSET_DEPR,cash_flow_sheet_report_em,FUNDAMENTAL_LEVEL|FUNDAMENTAL_CHANGE|DISCLOSURE_EVENT,NEXT_SESSION_AFTER_MAX_NOTICE_UPDATE,ABSENT,,False,fundamental.statement,NO_FORMAL_SEARCH_IN_THIS_TASK; SOURCE_UNIT_GLOSSARY_NOT_ASSERTED
FIXED_ASSET_DEPR_YOY,cash_flow_sheet_report_em,FUNDAMENTAL_CHANGE|DISCLOSURE_EVENT,NEXT_SESSION_AFTER_MAX_NOTICE_UPDATE,ABSENT,,False,fundamental.change.source_reported_yoy,NO_FORMAL_SEARCH_IN_THIS_TASK; SOURCE_UNIT_GLOSSARY_NOT_ASSERTED
IA_AMORTIZE,cash_flow_sheet_report_em,FUNDAMENTAL_LEVEL|FUNDAMENTAL_CHANGE|DISCLOSURE_EVENT,NEXT_SESSION_AFTER_MAX_NOTICE_UPDATE,ABSENT,,False,fundamental.statement,NO_FORMAL_SEARCH_IN_THIS_TASK; SOURCE_UNIT_GLOSSARY_NOT_ASSERTED
IA_AMORTIZE_YOY,cash_flow_sheet_report_em,FUNDAMENTAL_CHANGE|DISCLOSURE_EVENT,NEXT_SESSION_AFTER_MAX_NOTICE_UPDATE,ABSENT,,False,fundamental.change.source_reported_yoy,NO_FORMAL_SEARCH_IN_THIS_TASK; SOURCE_UNIT_GLOSSARY_NOT_ASSERTED
IA_LPE_AMORTIZE,cash_flow_sheet_report_em,FUNDAMENTAL_LEVEL|FUNDAMENTAL_CHANGE|DISCLOSURE_EVENT,NEXT_SESSION_AFTER_MAX_NOTICE_UPDATE,ABSENT,,False,fundamental.statement,NO_FORMAL_SEARCH_IN_THIS_TASK; SOURCE_UNIT_GLOSSARY_NOT_ASSERTED
IA_LPE_AMORTIZE_YOY,cash_flow_sheet_report_em,FUNDAMENTAL_CHANGE|DISCLOSURE_EVENT,NEXT_SESSION_AFTER_MAX_NOTICE_UPDATE,ABSENT,,False,fundamental.change.source_reported_yoy,NO_FORMAL_SEARCH_IN_THIS_TASK; SOURCE_UNIT_GLOSSARY_NOT_ASSERTED
INSURED_INVEST_ADD,cash_flow_sheet_report_em,FUNDAMENTAL_LEVEL|FUNDAMENTAL_CHANGE|DISCLOSURE_EVENT,NEXT_SESSION_AFTER_MAX_NOTICE_UPDATE,ABSENT,,False,fundamental.statement,NO_FORMAL_SEARCH_IN_THIS_TASK; SOURCE_UNIT_GLOSSARY_NOT_ASSERTED
INSURED_INVEST_ADD_YOY,cash_flow_sheet_report_em,FUNDAMENTAL_CHANGE|DISCLOSURE_EVENT,NEXT_SESSION_AFTER_MAX_NOTICE_UPDATE,ABSENT,,False,fundamental.change.source_reported_yoy,NO_FORMAL_SEARCH_IN_THIS_TASK; SOURCE_UNIT_GLOSSARY_NOT_ASSERTED
INSURED_INVEST_REDUCE,cash_flow_sheet_report_em,FUNDAMENTAL_LEVEL|FUNDAMENTAL_CHANGE|DISCLOSURE_EVENT,NEXT_SESSION_AFTER_MAX_NOTICE_UPDATE,ABSENT,,False,fundamental.statement,NO_FORMAL_SEARCH_IN_THIS_TASK; SOURCE_UNIT_GLOSSARY_NOT_ASSERTED
INSURED_INVEST_REDUCE_YOY,cash_flow_sheet_report_em,FUNDAMENTAL_CHANGE|DISCLOSURE_EVENT,NEXT_SESSION_AFTER_MAX_NOTICE_UPDATE,ABSENT,,False,fundamental.change.source_reported_yoy,NO_FORMAL_SEARCH_IN_THIS_TASK; SOURCE_UNIT_GLOSSARY_NOT_ASSERTED
INSURED_PLA,cash_flow_sheet_report_em,FUNDAMENTAL_LEVEL|FUNDAMENTAL_CHANGE|DISCLOSURE_EVENT,NEXT_SESSION_AFTER_MAX_NOTICE_UPDATE,ABSENT,,False,fundamental.statement,NO_FORMAL_SEARCH_IN_THIS_TASK; SOURCE_UNIT_GLOSSARY_NOT_ASSERTED
INSURED_PLA_YOY,cash_flow_sheet_report_em,FUNDAMENTAL_CHANGE|DISCLOSURE_EVENT,NEXT_SESSION_AFTER_MAX_NOTICE_UPDATE,ABSENT,,False,fundamental.change.source_reported_yoy,NO_FORMAL_SEARCH_IN_THIS_TASK; SOURCE_UNIT_GLOSSARY_NOT_ASSERTED
INTERBANK_OTHER_REDUCE,cash_flow_sheet_report_em,FUNDAMENTAL_LEVEL|FUNDAMENTAL_CHANGE|DISCLOSURE_EVENT,NEXT_SESSION_AFTER_MAX_NOTICE_UPDATE,ABSENT,,False,fundamental.statement,NO_FORMAL_SEARCH_IN_THIS_TASK; SOURCE_UNIT_GLOSSARY_NOT_ASSERTED
INTERBANK_OTHER_REDUCE_YOY,cash_flow_sheet_report_em,FUNDAMENTAL_CHANGE|DISCLOSURE_EVENT,NEXT_SESSION_AFTER_MAX_NOTICE_UPDATE,ABSENT,,False,fundamental.change.source_reported_yoy,NO_FORMAL_SEARCH_IN_THIS_TASK; SOURCE_UNIT_GLOSSARY_NOT_ASSERTED
INVENTORY_REDUCE,cash_flow_sheet_report_em,FUNDAMENTAL_LEVEL|FUNDAMENTAL_CHANGE|DISCLOSURE_EVENT,NEXT_SESSION_AFTER_MAX_NOTICE_UPDATE,ABSENT,,False,fundamental.statement,NO_FORMAL_SEARCH_IN_THIS_TASK; SOURCE_UNIT_GLOSSARY_NOT_ASSERTED
INVENTORY_REDUCE_YOY,cash_flow_sheet_report_em,FUNDAMENTAL_CHANGE|DISCLOSURE_EVENT,NEXT_SESSION_AFTER_MAX_NOTICE_UPDATE,ABSENT,,False,fundamental.change.source_reported_yoy,NO_FORMAL_SEARCH_IN_THIS_TASK; SOURCE_UNIT_GLOSSARY_NOT_ASSERTED
INVEST_INFLOW_BALANCE,cash_flow_sheet_report_em,FUNDAMENTAL_LEVEL|FUNDAMENTAL_CHANGE|DISCLOSURE_EVENT,NEXT_SESSION_AFTER_MAX_NOTICE_UPDATE,ABSENT,,False,fundamental.statement,NO_FORMAL_SEARCH_IN_THIS_TASK; SOURCE_UNIT_GLOSSARY_NOT_ASSERTED
INVEST_INFLOW_BALANCE_YOY,cash_flow_sheet_report_em,FUNDAMENTAL_CHANGE|DISCLOSURE_EVENT,NEXT_SESSION_AFTER_MAX_NOTICE_UPDATE,ABSENT,,False,fundamental.change.source_reported_yoy,NO_FORMAL_SEARCH_IN_THIS_TASK; SOURCE_UNIT_GLOSSARY_NOT_ASSERTED
INVEST_INFLOW_OTHER,cash_flow_sheet_report_em,FUNDAMENTAL_LEVEL|FUNDAMENTAL_CHANGE|DISCLOSURE_EVENT,NEXT_SESSION_AFTER_MAX_NOTICE_UPDATE,ABSENT,,False,fundamental.statement,NO_FORMAL_SEARCH_IN_THIS_TASK; SOURCE_UNIT_GLOSSARY_NOT_ASSERTED
INVEST_INFLOW_OTHER_YOY,cash_flow_sheet_report_em,FUNDAMENTAL_CHANGE|DISCLOSURE_EVENT,NEXT_SESSION_AFTER_MAX_NOTICE_UPDATE,ABSENT,,False,fundamental.change.source_reported_yoy,NO_FORMAL_SEARCH_IN_THIS_TASK; SOURCE_UNIT_GLOSSARY_NOT_ASSERTED
INVEST_LOSS,cash_flow_sheet_report_em,FUNDAMENTAL_LEVEL|FUNDAMENTAL_CHANGE|DISCLOSURE_EVENT,NEXT_SESSION_AFTER_MAX_NOTICE_UPDATE,ABSENT,,False,fundamental.statement,NO_FORMAL_SEARCH_IN_THIS_TASK; SOURCE_UNIT_GLOSSARY_NOT_ASSERTED
INVEST_LOSS_YOY,cash_flow_sheet_report_em,FUNDAMENTAL_CHANGE|DISCLOSURE_EVENT,NEXT_SESSION_AFTER_MAX_NOTICE_UPDATE,ABSENT,,False,fundamental.change.source_reported_yoy,NO_FORMAL_SEARCH_IN_THIS_TASK; SOURCE_UNIT_GLOSSARY_NOT_ASSERTED
INVEST_NETCASH_BALANCE,cash_flow_sheet_report_em,FUNDAMENTAL_LEVEL|FUNDAMENTAL_CHANGE|DISCLOSURE_EVENT,NEXT_SESSION_AFTER_MAX_NOTICE_UPDATE,ABSENT,,False,fundamental.statement,NO_FORMAL_SEARCH_IN_THIS_TASK; SOURCE_UNIT_GLOSSARY_NOT_ASSERTED
INVEST_NETCASH_BALANCE_YOY,cash_flow_sheet_report_em,FUNDAMENTAL_CHANGE|DISCLOSURE_EVENT,NEXT_SESSION_AFTER_MAX_NOTICE_UPDATE,ABSENT,,False,fundamental.change.source_reported_yoy,NO_FORMAL_SEARCH_IN_THIS_TASK; SOURCE_UNIT_GLOSSARY_NOT_ASSERTED
INVEST_NETCASH_OTHER,cash_flow_sheet_report_em,FUNDAMENTAL_LEVEL|FUNDAMENTAL_CHANGE|DISCLOSURE_EVENT,NEXT_SESSION_AFTER_MAX_NOTICE_UPDATE,ABSENT,,False,fundamental.statement,NO_FORMAL_SEARCH_IN_THIS_TASK; SOURCE_UNIT_GLOSSARY_NOT_ASSERTED
INVEST_NETCASH_OTHER_YOY,cash_flow_sheet_report_em,FUNDAMENTAL_CHANGE|DISCLOSURE_EVENT,NEXT_SESSION_AFTER_MAX_NOTICE_UPDATE,ABSENT,,False,fundamental.change.source_reported_yoy,NO_FORMAL_SEARCH_IN_THIS_TASK; SOURCE_UNIT_GLOSSARY_NOT_ASSERTED
INVEST_OUTFLOW_BALANCE,cash_flow_sheet_report_em,FUNDAMENTAL_LEVEL|FUNDAMENTAL_CHANGE|DISCLOSURE_EVENT,NEXT_SESSION_AFTER_MAX_NOTICE_UPDATE,ABSENT,,False,fundamental.statement,NO_FORMAL_SEARCH_IN_THIS_TASK; SOURCE_UNIT_GLOSSARY_NOT_ASSERTED
INVEST_OUTFLOW_BALANCE_YOY,cash_flow_sheet_report_em,FUNDAMENTAL_CHANGE|DISCLOSURE_EVENT,NEXT_SESSION_AFTER_MAX_NOTICE_UPDATE,ABSENT,,False,fundamental.change.source_reported_yoy,NO_FORMAL_SEARCH_IN_THIS_TASK; SOURCE_UNIT_GLOSSARY_NOT_ASSERTED
INVEST_OUTFLOW_OTHER,cash_flow_sheet_report_em,FUNDAMENTAL_LEVEL|FUNDAMENTAL_CHANGE|DISCLOSURE_EVENT,NEXT_SESSION_AFTER_MAX_NOTICE_UPDATE,ABSENT,,False,fundamental.statement,NO_FORMAL_SEARCH_IN_THIS_TASK; SOURCE_UNIT_GLOSSARY_NOT_ASSERTED
INVEST_OUTFLOW_OTHER_YOY,cash_flow_sheet_report_em,FUNDAMENTAL_CHANGE|DISCLOSURE_EVENT,NEXT_SESSION_AFTER_MAX_NOTICE_UPDATE,ABSENT,,False,fundamental.change.source_reported_yoy,NO_FORMAL_SEARCH_IN_THIS_TASK; SOURCE_UNIT_GLOSSARY_NOT_ASSERTED
INVEST_PAY_CASH,cash_flow_sheet_report_em,FUNDAMENTAL_LEVEL|FUNDAMENTAL_CHANGE|DISCLOSURE_EVENT,NEXT_SESSION_AFTER_MAX_NOTICE_UPDATE,ABSENT,,False,fundamental.statement,NO_FORMAL_SEARCH_IN_THIS_TASK; SOURCE_UNIT_GLOSSARY_NOT_ASSERTED
INVEST_PAY_CASH_YOY,cash_flow_sheet_report_em,FUNDAMENTAL_CHANGE|DISCLOSURE_EVENT,NEXT_SESSION_AFTER_MAX_NOTICE_UPDATE,ABSENT,,False,fundamental.change.source_reported_yoy,NO_FORMAL_SEARCH_IN_THIS_TASK; SOURCE_UNIT_GLOSSARY_NOT_ASSERTED
IOFI_ADD,cash_flow_sheet_report_em,FUNDAMENTAL_LEVEL|FUNDAMENTAL_CHANGE|DISCLOSURE_EVENT,NEXT_SESSION_AFTER_MAX_NOTICE_UPDATE,ABSENT,,False,fundamental.statement,NO_FORMAL_SEARCH_IN_THIS_TASK; SOURCE_UNIT_GLOSSARY_NOT_ASSERTED
IOFI_ADD_YOY,cash_flow_sheet_report_em,FUNDAMENTAL_CHANGE|DISCLOSURE_EVENT,NEXT_SESSION_AFTER_MAX_NOTICE_UPDATE,ABSENT,,False,fundamental.change.source_reported_yoy,NO_FORMAL_SEARCH_IN_THIS_TASK; SOURCE_UNIT_GLOSSARY_NOT_ASSERTED
IR_DEPR,cash_flow_sheet_report_em,FUNDAMENTAL_LEVEL|FUNDAMENTAL_CHANGE|DISCLOSURE_EVENT,NEXT_SESSION_AFTER_MAX_NOTICE_UPDATE,ABSENT,,False,fundamental.statement,NO_FORMAL_SEARCH_IN_THIS_TASK; SOURCE_UNIT_GLOSSARY_NOT_ASSERTED
IR_DEPR_YOY,cash_flow_sheet_report_em,FUNDAMENTAL_CHANGE|DISCLOSURE_EVENT,NEXT_SESSION_AFTER_MAX_NOTICE_UPDATE,ABSENT,,False,fundamental.change.source_reported_yoy,NO_FORMAL_SEARCH_IN_THIS_TASK; SOURCE_UNIT_GLOSSARY_NOT_ASSERTED
ISSUED_CD_REDUCE,cash_flow_sheet_report_em,FUNDAMENTAL_LEVEL|FUNDAMENTAL_CHANGE|DISCLOSURE_EVENT,NEXT_SESSION_AFTER_MAX_NOTICE_UPDATE,ABSENT,,False,fundamental.statement,NO_FORMAL_SEARCH_IN_THIS_TASK; SOURCE_UNIT_GLOSSARY_NOT_ASSERTED
ISSUED_CD_REDUCE_YOY,cash_flow_sheet_report_em,FUNDAMENTAL_CHANGE|DISCLOSURE_EVENT,NEXT_SESSION_AFTER_MAX_NOTICE_UPDATE,ABSENT,,False,fundamental.change.source_reported_yoy,NO_FORMAL_SEARCH_IN_THIS_TASK; SOURCE_UNIT_GLOSSARY_NOT_ASSERTED
ISSUE_BOND,cash_flow_sheet_report_em,FUNDAMENTAL_LEVEL|FUNDAMENTAL_CHANGE|DISCLOSURE_EVENT,NEXT_SESSION_AFTER_MAX_NOTICE_UPDATE,ABSENT,,False,fundamental.statement,NO_FORMAL_SEARCH_IN_THIS_TASK; SOURCE_UNIT_GLOSSARY_NOT_ASSERTED
ISSUE_BOND_YOY,cash_flow_sheet_report_em,FUNDAMENTAL_CHANGE|DISCLOSURE_EVENT,NEXT_SESSION_AFTER_MAX_NOTICE_UPDATE,ABSENT,,False,fundamental.change.source_reported_yoy,NO_FORMAL_SEARCH_IN_THIS_TASK; SOURCE_UNIT_GLOSSARY_NOT_ASSERTED
ISSUE_CD,cash_flow_sheet_report_em,FUNDAMENTAL_LEVEL|FUNDAMENTAL_CHANGE|DISCLOSURE_EVENT,NEXT_SESSION_AFTER_MAX_NOTICE_UPDATE,ABSENT,,False,fundamental.statement,NO_FORMAL_SEARCH_IN_THIS_TASK; SOURCE_UNIT_GLOSSARY_NOT_ASSERTED
ISSUE_CD_YOY,cash_flow_sheet_report_em,FUNDAMENTAL_CHANGE|DISCLOSURE_EVENT,NEXT_SESSION_AFTER_MAX_NOTICE_UPDATE,ABSENT,,False,fundamental.change.source_reported_yoy,NO_FORMAL_SEARCH_IN_THIS_TASK; SOURCE_UNIT_GLOSSARY_NOT_ASSERTED
ISSUE_OTHER_BOND,cash_flow_sheet_report_em,FUNDAMENTAL_LEVEL|FUNDAMENTAL_CHANGE|DISCLOSURE_EVENT,NEXT_SESSION_AFTER_MAX_NOTICE_UPDATE,ABSENT,,False,fundamental.statement,NO_FORMAL_SEARCH_IN_THIS_TASK; SOURCE_UNIT_GLOSSARY_NOT_ASSERTED
ISSUE_OTHER_BOND_YOY,cash_flow_sheet_report_em,FUNDAMENTAL_CHANGE|DISCLOSURE_EVENT,NEXT_SESSION_AFTER_MAX_NOTICE_UPDATE,ABSENT,,False,fundamental.change.source_reported_yoy,NO_FORMAL_SEARCH_IN_THIS_TASK; SOURCE_UNIT_GLOSSARY_NOT_ASSERTED
ISSUE_SHARES_EXPENSE,cash_flow_sheet_report_em,FUNDAMENTAL_LEVEL|FUNDAMENTAL_CHANGE|DISCLOSURE_EVENT,NEXT_SESSION_AFTER_MAX_NOTICE_UPDATE,ABSENT,,False,fundamental.statement,NO_FORMAL_SEARCH_IN_THIS_TASK; SOURCE_UNIT_GLOSSARY_NOT_ASSERTED
ISSUE_SHARES_EXPENSE_YOY,cash_flow_sheet_report_em,FUNDAMENTAL_CHANGE|DISCLOSURE_EVENT,NEXT_SESSION_AFTER_MAX_NOTICE_UPDATE,ABSENT,,False,fundamental.change.source_reported_yoy,NO_FORMAL_SEARCH_IN_THIS_TASK; SOURCE_UNIT_GLOSSARY_NOT_ASSERTED
ISSUE_SUBBOND,cash_flow_sheet_report_em,FUNDAMENTAL_LEVEL|FUNDAMENTAL_CHANGE|DISCLOSURE_EVENT,NEXT_SESSION_AFTER_MAX_NOTICE_UPDATE,ABSENT,,False,fundamental.statement,NO_FORMAL_SEARCH_IN_THIS_TASK; SOURCE_UNIT_GLOSSARY_NOT_ASSERTED
ISSUE_SUBBOND_YOY,cash_flow_sheet_report_em,FUNDAMENTAL_CHANGE|DISCLOSURE_EVENT,NEXT_SESSION_AFTER_MAX_NOTICE_UPDATE,ABSENT,,False,fundamental.change.source_reported_yoy,NO_FORMAL_SEARCH_IN_THIS_TASK; SOURCE_UNIT_GLOSSARY_NOT_ASSERTED
LEND_ADD,cash_flow_sheet_report_em,FUNDAMENTAL_LEVEL|FUNDAMENTAL_CHANGE|DISCLOSURE_EVENT,NEXT_SESSION_AFTER_MAX_NOTICE_UPDATE,ABSENT,,False,fundamental.statement,NO_FORMAL_SEARCH_IN_THIS_TASK; SOURCE_UNIT_GLOSSARY_NOT_ASSERTED
LEND_ADD_YOY,cash_flow_sheet_report_em,FUNDAMENTAL_CHANGE|DISCLOSURE_EVENT,NEXT_SESSION_AFTER_MAX_NOTICE_UPDATE,ABSENT,,False,fundamental.change.source_reported_yoy,NO_FORMAL_SEARCH_IN_THIS_TASK; SOURCE_UNIT_GLOSSARY_NOT_ASSERTED
LEND_FUND_ADD,cash_flow_sheet_report_em,FUNDAMENTAL_LEVEL|FUNDAMENTAL_CHANGE|DISCLOSURE_EVENT,NEXT_SESSION_AFTER_MAX_NOTICE_UPDATE,ABSENT,,False,fundamental.statement,NO_FORMAL_SEARCH_IN_THIS_TASK; SOURCE_UNIT_GLOSSARY_NOT_ASSERTED
LEND_FUND_ADD_YOY,cash_flow_sheet_report_em,FUNDAMENTAL_CHANGE|DISCLOSURE_EVENT,NEXT_SESSION_AFTER_MAX_NOTICE_UPDATE,ABSENT,,False,fundamental.change.source_reported_yoy,NO_FORMAL_SEARCH_IN_THIS_TASK; SOURCE_UNIT_GLOSSARY_NOT_ASSERTED
LEND_FUND_REDUCE,cash_flow_sheet_report_em,FUNDAMENTAL_LEVEL|FUNDAMENTAL_CHANGE|DISCLOSURE_EVENT,NEXT_SESSION_AFTER_MAX_NOTICE_UPDATE,ABSENT,,False,fundamental.statement,NO_FORMAL_SEARCH_IN_THIS_TASK; SOURCE_UNIT_GLOSSARY_NOT_ASSERTED
LEND_FUND_REDUCE_YOY,cash_flow_sheet_report_em,FUNDAMENTAL_CHANGE|DISCLOSURE_EVENT,NEXT_SESSION_AFTER_MAX_NOTICE_UPDATE,ABSENT,,False,fundamental.change.source_reported_yoy,NO_FORMAL_SEARCH_IN_THIS_TASK; SOURCE_UNIT_GLOSSARY_NOT_ASSERTED
LEND_RESALE_ADD,cash_flow_sheet_report_em,FUNDAMENTAL_LEVEL|FUNDAMENTAL_CHANGE|DISCLOSURE_EVENT,NEXT_SESSION_AFTER_MAX_NOTICE_UPDATE,ABSENT,,False,fundamental.statement,NO_FORMAL_SEARCH_IN_THIS_TASK; SOURCE_UNIT_GLOSSARY_NOT_ASSERTED
LEND_RESALE_ADD_YOY,cash_flow_sheet_report_em,FUNDAMENTAL_CHANGE|DISCLOSURE_EVENT,NEXT_SESSION_AFTER_MAX_NOTICE_UPDATE,ABSENT,,False,fundamental.change.source_reported_yoy,NO_FORMAL_SEARCH_IN_THIS_TASK; SOURCE_UNIT_GLOSSARY_NOT_ASSERTED
LEND_RESALE_REDUCE,cash_flow_sheet_report_em,FUNDAMENTAL_LEVEL|FUNDAMENTAL_CHANGE|DISCLOSURE_EVENT,NEXT_SESSION_AFTER_MAX_NOTICE_UPDATE,ABSENT,,False,fundamental.statement,NO_FORMAL_SEARCH_IN_THIS_TASK; SOURCE_UNIT_GLOSSARY_NOT_ASSERTED
LEND_RESALE_REDUCE_YOY,cash_flow_sheet_report_em,FUNDAMENTAL_CHANGE|DISCLOSURE_EVENT,NEXT_SESSION_AFTER_MAX_NOTICE_UPDATE,ABSENT,,False,fundamental.change.source_reported_yoy,NO_FORMAL_SEARCH_IN_THIS_TASK; SOURCE_UNIT_GLOSSARY_NOT_ASSERTED
LOAN_ADVANCE_ADD,cash_flow_sheet_report_em,FUNDAMENTAL_LEVEL|FUNDAMENTAL_CHANGE|DISCLOSURE_EVENT,NEXT_SESSION_AFTER_MAX_NOTICE_UPDATE,ABSENT,,False,fundamental.statement,NO_FORMAL_SEARCH_IN_THIS_TASK; SOURCE_UNIT_GLOSSARY_NOT_ASSERTED
LOAN_ADVANCE_ADD_YOY,cash_flow_sheet_report_em,FUNDAMENTAL_CHANGE|DISCLOSURE_EVENT,NEXT_SESSION_AFTER_MAX_NOTICE_UPDATE,ABSENT,,False,fundamental.change.source_reported_yoy,NO_FORMAL_SEARCH_IN_THIS_TASK; SOURCE_UNIT_GLOSSARY_NOT_ASSERTED
LOAN_ADVANCE_REDUCE,cash_flow_sheet_report_em,FUNDAMENTAL_LEVEL|FUNDAMENTAL_CHANGE|DISCLOSURE_EVENT,NEXT_SESSION_AFTER_MAX_NOTICE_UPDATE,ABSENT,,False,fundamental.statement,NO_FORMAL_SEARCH_IN_THIS_TASK; SOURCE_UNIT_GLOSSARY_NOT_ASSERTED
LOAN_ADVANCE_REDUCE_YOY,cash_flow_sheet_report_em,FUNDAMENTAL_CHANGE|DISCLOSURE_EVENT,NEXT_SESSION_AFTER_MAX_NOTICE_UPDATE,ABSENT,,False,fundamental.change.source_reported_yoy,NO_FORMAL_SEARCH_IN_THIS_TASK; SOURCE_UNIT_GLOSSARY_NOT_ASSERTED
LOAN_PBC_ADD,cash_flow_sheet_report_em,FUNDAMENTAL_LEVEL|FUNDAMENTAL_CHANGE|DISCLOSURE_EVENT,NEXT_SESSION_AFTER_MAX_NOTICE_UPDATE,ABSENT,,False,fundamental.statement,NO_FORMAL_SEARCH_IN_THIS_TASK; SOURCE_UNIT_GLOSSARY_NOT_ASSERTED
LOAN_PBC_ADD_YOY,cash_flow_sheet_report_em,FUNDAMENTAL_CHANGE|DISCLOSURE_EVENT,NEXT_SESSION_AFTER_MAX_NOTICE_UPDATE,ABSENT,,False,fundamental.change.source_reported_yoy,NO_FORMAL_SEARCH_IN_THIS_TASK; SOURCE_UNIT_GLOSSARY_NOT_ASSERTED
LOAN_PBC_REDUCE,cash_flow_sheet_report_em,FUNDAMENTAL_LEVEL|FUNDAMENTAL_CHANGE|DISCLOSURE_EVENT,NEXT_SESSION_AFTER_MAX_NOTICE_UPDATE,ABSENT,,False,fundamental.statement,NO_FORMAL_SEARCH_IN_THIS_TASK; SOURCE_UNIT_GLOSSARY_NOT_ASSERTED
LOAN_PBC_REDUCE_YOY,cash_flow_sheet_report_em,FUNDAMENTAL_CHANGE|DISCLOSURE_EVENT,NEXT_SESSION_AFTER_MAX_NOTICE_UPDATE,ABSENT,,False,fundamental.change.source_reported_yoy,NO_FORMAL_SEARCH_IN_THIS_TASK; SOURCE_UNIT_GLOSSARY_NOT_ASSERTED
LOAN_REDUCE,cash_flow_sheet_report_em,FUNDAMENTAL_LEVEL|FUNDAMENTAL_CHANGE|DISCLOSURE_EVENT,NEXT_SESSION_AFTER_MAX_NOTICE_UPDATE,ABSENT,,False,fundamental.statement,NO_FORMAL_SEARCH_IN_THIS_TASK; SOURCE_UNIT_GLOSSARY_NOT_ASSERTED
LOAN_REDUCE_YOY,cash_flow_sheet_report_em,FUNDAMENTAL_CHANGE|DISCLOSURE_EVENT,NEXT_SESSION_AFTER_MAX_NOTICE_UPDATE,ABSENT,,False,fundamental.change.source_reported_yoy,NO_FORMAL_SEARCH_IN_THIS_TASK; SOURCE_UNIT_GLOSSARY_NOT_ASSERTED
LONGASSET_AMORTIZE,cash_flow_sheet_report_em,FUNDAMENTAL_LEVEL|FUNDAMENTAL_CHANGE|DISCLOSURE_EVENT,NEXT_SESSION_AFTER_MAX_NOTICE_UPDATE,ABSENT,,False,fundamental.statement,NO_FORMAL_SEARCH_IN_THIS_TASK; SOURCE_UNIT_GLOSSARY_NOT_ASSERTED
LONGASSET_AMORTIZE_YOY,cash_flow_sheet_report_em,FUNDAMENTAL_CHANGE|DISCLOSURE_EVENT,NEXT_SESSION_AFTER_MAX_NOTICE_UPDATE,ABSENT,,False,fundamental.change.source_reported_yoy,NO_FORMAL_SEARCH_IN_THIS_TASK; SOURCE_UNIT_GLOSSARY_NOT_ASSERTED
LPE_AMORTIZE,cash_flow_sheet_report_em,FUNDAMENTAL_LEVEL|FUNDAMENTAL_CHANGE|DISCLOSURE_EVENT,NEXT_SESSION_AFTER_MAX_NOTICE_UPDATE,ABSENT,,False,fundamental.statement,NO_FORMAL_SEARCH_IN_THIS_TASK; SOURCE_UNIT_GLOSSARY_NOT_ASSERTED
LPE_AMORTIZE_YOY,cash_flow_sheet_report_em,FUNDAMENTAL_CHANGE|DISCLOSURE_EVENT,NEXT_SESSION_AFTER_MAX_NOTICE_UPDATE,ABSENT,,False,fundamental.change.source_reported_yoy,NO_FORMAL_SEARCH_IN_THIS_TASK; SOURCE_UNIT_GLOSSARY_NOT_ASSERTED
MINORITY_INTEREST,cash_flow_sheet_report_em,FUNDAMENTAL_LEVEL|FUNDAMENTAL_CHANGE|DISCLOSURE_EVENT,NEXT_SESSION_AFTER_MAX_NOTICE_UPDATE,ABSENT,,False,fundamental.statement,NO_FORMAL_SEARCH_IN_THIS_TASK; SOURCE_UNIT_GLOSSARY_NOT_ASSERTED
MINORITY_INTEREST_YOY,cash_flow_sheet_report_em,FUNDAMENTAL_CHANGE|DISCLOSURE_EVENT,NEXT_SESSION_AFTER_MAX_NOTICE_UPDATE,ABSENT,,False,fundamental.change.source_reported_yoy,NO_FORMAL_SEARCH_IN_THIS_TASK; SOURCE_UNIT_GLOSSARY_NOT_ASSERTED
NETCASH_FINANCE,cash_flow_sheet_report_em,FUNDAMENTAL_LEVEL|FUNDAMENTAL_CHANGE|DISCLOSURE_EVENT,NEXT_SESSION_AFTER_MAX_NOTICE_UPDATE,ABSENT,,False,fundamental.statement,NO_FORMAL_SEARCH_IN_THIS_TASK; SOURCE_UNIT_GLOSSARY_NOT_ASSERTED
NETCASH_FINANCE_YOY,cash_flow_sheet_report_em,FUNDAMENTAL_CHANGE|DISCLOSURE_EVENT,NEXT_SESSION_AFTER_MAX_NOTICE_UPDATE,ABSENT,,False,fundamental.change.source_reported_yoy,NO_FORMAL_SEARCH_IN_THIS_TASK; SOURCE_UNIT_GLOSSARY_NOT_ASSERTED
NETCASH_INVEST,cash_flow_sheet_report_em,FUNDAMENTAL_LEVEL|FUNDAMENTAL_CHANGE|DISCLOSURE_EVENT,NEXT_SESSION_AFTER_MAX_NOTICE_UPDATE,ABSENT,,False,fundamental.statement,NO_FORMAL_SEARCH_IN_THIS_TASK; SOURCE_UNIT_GLOSSARY_NOT_ASSERTED
NETCASH_INVEST_YOY,cash_flow_sheet_report_em,FUNDAMENTAL_CHANGE|DISCLOSURE_EVENT,NEXT_SESSION_AFTER_MAX_NOTICE_UPDATE,ABSENT,,False,fundamental.change.source_reported_yoy,NO_FORMAL_SEARCH_IN_THIS_TASK; SOURCE_UNIT_GLOSSARY_NOT_ASSERTED
NETCASH_OPERATE,cash_flow_sheet_report_em,FUNDAMENTAL_LEVEL|FUNDAMENTAL_CHANGE|DISCLOSURE_EVENT,NEXT_SESSION_AFTER_MAX_NOTICE_UPDATE,ABSENT,,False,fundamental.statement,NO_FORMAL_SEARCH_IN_THIS_TASK; SOURCE_UNIT_GLOSSARY_NOT_ASSERTED
NETCASH_OPERATENOTE,cash_flow_sheet_report_em,FUNDAMENTAL_LEVEL|FUNDAMENTAL_CHANGE|DISCLOSURE_EVENT,NEXT_SESSION_AFTER_MAX_NOTICE_UPDATE,ABSENT,,False,fundamental.statement,NO_FORMAL_SEARCH_IN_THIS_TASK; SOURCE_UNIT_GLOSSARY_NOT_ASSERTED
NETCASH_OPERATENOTE_YOY,cash_flow_sheet_report_em,FUNDAMENTAL_CHANGE|DISCLOSURE_EVENT,NEXT_SESSION_AFTER_MAX_NOTICE_UPDATE,ABSENT,,False,fundamental.change.source_reported_yoy,NO_FORMAL_SEARCH_IN_THIS_TASK; SOURCE_UNIT_GLOSSARY_NOT_ASSERTED
NETCASH_OPERATE_YOY,cash_flow_sheet_report_em,FUNDAMENTAL_CHANGE|DISCLOSURE_EVENT,NEXT_SESSION_AFTER_MAX_NOTICE_UPDATE,ABSENT,,False,fundamental.change.source_reported_yoy,NO_FORMAL_SEARCH_IN_THIS_TASK; SOURCE_UNIT_GLOSSARY_NOT_ASSERTED
NETPROFIT,cash_flow_sheet_report_em,FUNDAMENTAL_LEVEL|FUNDAMENTAL_CHANGE|DISCLOSURE_EVENT,NEXT_SESSION_AFTER_MAX_NOTICE_UPDATE,ABSENT,,False,fundamental.statement,NO_FORMAL_SEARCH_IN_THIS_TASK; SOURCE_UNIT_GLOSSARY_NOT_ASSERTED
NETPROFIT_YOY,cash_flow_sheet_report_em,FUNDAMENTAL_CHANGE|DISCLOSURE_EVENT,NEXT_SESSION_AFTER_MAX_NOTICE_UPDATE,ABSENT,,False,fundamental.change.source_reported_yoy,NO_FORMAL_SEARCH_IN_THIS_TASK; SOURCE_UNIT_GLOSSARY_NOT_ASSERTED
NET_CD,cash_flow_sheet_report_em,FUNDAMENTAL_LEVEL|FUNDAMENTAL_CHANGE|DISCLOSURE_EVENT,NEXT_SESSION_AFTER_MAX_NOTICE_UPDATE,ABSENT,,False,fundamental.statement,NO_FORMAL_SEARCH_IN_THIS_TASK; SOURCE_UNIT_GLOSSARY_NOT_ASSERTED
NET_CD_YOY,cash_flow_sheet_report_em,FUNDAMENTAL_CHANGE|DISCLOSURE_EVENT,NEXT_SESSION_AFTER_MAX_NOTICE_UPDATE,ABSENT,,False,fundamental.change.source_reported_yoy,NO_FORMAL_SEARCH_IN_THIS_TASK; SOURCE_UNIT_GLOSSARY_NOT_ASSERTED
NOTICE_DATE,cash_flow_sheet_report_em,METADATA_BLOCKED,NEXT_SESSION_AFTER_MAX_NOTICE_UPDATE,ABSENT,,False,BLOCKED,METADATA_NOT_SEARCHABLE
OBTAIN_SUBSIDIARY_OTHER,cash_flow_sheet_report_em,FUNDAMENTAL_LEVEL|FUNDAMENTAL_CHANGE|DISCLOSURE_EVENT,NEXT_SESSION_AFTER_MAX_NOTICE_UPDATE,ABSENT,,False,fundamental.statement,NO_FORMAL_SEARCH_IN_THIS_TASK; SOURCE_UNIT_GLOSSARY_NOT_ASSERTED
OBTAIN_SUBSIDIARY_OTHER_YOY,cash_flow_sheet_report_em,FUNDAMENTAL_CHANGE|DISCLOSURE_EVENT,NEXT_SESSION_AFTER_MAX_NOTICE_UPDATE,ABSENT,,False,fundamental.change.source_reported_yoy,NO_FORMAL_SEARCH_IN_THIS_TASK; SOURCE_UNIT_GLOSSARY_NOT_ASSERTED
OFI_BF_ADD,cash_flow_sheet_report_em,FUNDAMENTAL_LEVEL|FUNDAMENTAL_CHANGE|DISCLOSURE_EVENT,NEXT_SESSION_AFTER_MAX_NOTICE_UPDATE,ABSENT,,False,fundamental.statement,NO_FORMAL_SEARCH_IN_THIS_TASK; SOURCE_UNIT_GLOSSARY_NOT_ASSERTED
OFI_BF_ADD_YOY,cash_flow_sheet_report_em,FUNDAMENTAL_CHANGE|DISCLOSURE_EVENT,NEXT_SESSION_AFTER_MAX_NOTICE_UPDATE,ABSENT,,False,fundamental.change.source_reported_yoy,NO_FORMAL_SEARCH_IN_THIS_TASK; SOURCE_UNIT_GLOSSARY_NOT_ASSERTED
OILGAS_BIOLOGY_DEPR,cash_flow_sheet_report_em,FUNDAMENTAL_LEVEL|FUNDAMENTAL_CHANGE|DISCLOSURE_EVENT,NEXT_SESSION_AFTER_MAX_NOTICE_UPDATE,ABSENT,,False,fundamental.statement,NO_FORMAL_SEARCH_IN_THIS_TASK; SOURCE_UNIT_GLOSSARY_NOT_ASSERTED
OILGAS_BIOLOGY_DEPR_YOY,cash_flow_sheet_report_em,FUNDAMENTAL_CHANGE|DISCLOSURE_EVENT,NEXT_SESSION_AFTER_MAX_NOTICE_UPDATE,ABSENT,,False,fundamental.change.source_reported_yoy,NO_FORMAL_SEARCH_IN_THIS_TASK; SOURCE_UNIT_GLOSSARY_NOT_ASSERTED
OPERATE_INFLOW_BALANCE,cash_flow_sheet_report_em,FUNDAMENTAL_LEVEL|FUNDAMENTAL_CHANGE|DISCLOSURE_EVENT,NEXT_SESSION_AFTER_MAX_NOTICE_UPDATE,ABSENT,,False,fundamental.statement,NO_FORMAL_SEARCH_IN_THIS_TASK; SOURCE_UNIT_GLOSSARY_NOT_ASSERTED
OPERATE_INFLOW_BALANCE_YOY,cash_flow_sheet_report_em,FUNDAMENTAL_CHANGE|DISCLOSURE_EVENT,NEXT_SESSION_AFTER_MAX_NOTICE_UPDATE,ABSENT,,False,fundamental.change.source_reported_yoy,NO_FORMAL_SEARCH_IN_THIS_TASK; SOURCE_UNIT_GLOSSARY_NOT_ASSERTED
OPERATE_INFLOW_OTHER,cash_flow_sheet_report_em,FUNDAMENTAL_LEVEL|FUNDAMENTAL_CHANGE|DISCLOSURE_EVENT,NEXT_SESSION_AFTER_MAX_NOTICE_UPDATE,ABSENT,,False,fundamental.statement,NO_FORMAL_SEARCH_IN_THIS_TASK; SOURCE_UNIT_GLOSSARY_NOT_ASSERTED
OPERATE_INFLOW_OTHER_YOY,cash_flow_sheet_report_em,FUNDAMENTAL_CHANGE|DISCLOSURE_EVENT,NEXT_SESSION_AFTER_MAX_NOTICE_UPDATE,ABSENT,,False,fundamental.change.source_reported_yoy,NO_FORMAL_SEARCH_IN_THIS_TASK; SOURCE_UNIT_GLOSSARY_NOT_ASSERTED
OPERATE_NETCASH_BALANCE,cash_flow_sheet_report_em,FUNDAMENTAL_LEVEL|FUNDAMENTAL_CHANGE|DISCLOSURE_EVENT,NEXT_SESSION_AFTER_MAX_NOTICE_UPDATE,ABSENT,,False,fundamental.statement,NO_FORMAL_SEARCH_IN_THIS_TASK; SOURCE_UNIT_GLOSSARY_NOT_ASSERTED
OPERATE_NETCASH_BALANCENOTE,cash_flow_sheet_report_em,FUNDAMENTAL_LEVEL|FUNDAMENTAL_CHANGE|DISCLOSURE_EVENT,NEXT_SESSION_AFTER_MAX_NOTICE_UPDATE,ABSENT,,False,fundamental.statement,NO_FORMAL_SEARCH_IN_THIS_TASK; SOURCE_UNIT_GLOSSARY_NOT_ASSERTED
OPERATE_NETCASH_BALANCENOTE_YOY,cash_flow_sheet_report_em,FUNDAMENTAL_CHANGE|DISCLOSURE_EVENT,NEXT_SESSION_AFTER_MAX_NOTICE_UPDATE,ABSENT,,False,fundamental.change.source_reported_yoy,NO_FORMAL_SEARCH_IN_THIS_TASK; SOURCE_UNIT_GLOSSARY_NOT_ASSERTED
OPERATE_NETCASH_BALANCE_YOY,cash_flow_sheet_report_em,FUNDAMENTAL_CHANGE|DISCLOSURE_EVENT,NEXT_SESSION_AFTER_MAX_NOTICE_UPDATE,ABSENT,,False,fundamental.change.source_reported_yoy,NO_FORMAL_SEARCH_IN_THIS_TASK; SOURCE_UNIT_GLOSSARY_NOT_ASSERTED
OPERATE_NETCASH_OTHER,cash_flow_sheet_report_em,FUNDAMENTAL_LEVEL|FUNDAMENTAL_CHANGE|DISCLOSURE_EVENT,NEXT_SESSION_AFTER_MAX_NOTICE_UPDATE,ABSENT,,False,fundamental.statement,NO_FORMAL_SEARCH_IN_THIS_TASK; SOURCE_UNIT_GLOSSARY_NOT_ASSERTED
OPERATE_NETCASH_OTHERNOTE,cash_flow_sheet_report_em,FUNDAMENTAL_LEVEL|FUNDAMENTAL_CHANGE|DISCLOSURE_EVENT,NEXT_SESSION_AFTER_MAX_NOTICE_UPDATE,ABSENT,,False,fundamental.statement,NO_FORMAL_SEARCH_IN_THIS_TASK; SOURCE_UNIT_GLOSSARY_NOT_ASSERTED
OPERATE_NETCASH_OTHERNOTE_YOY,cash_flow_sheet_report_em,FUNDAMENTAL_CHANGE|DISCLOSURE_EVENT,NEXT_SESSION_AFTER_MAX_NOTICE_UPDATE,ABSENT,,False,fundamental.change.source_reported_yoy,NO_FORMAL_SEARCH_IN_THIS_TASK; SOURCE_UNIT_GLOSSARY_NOT_ASSERTED
OPERATE_NETCASH_OTHER_YOY,cash_flow_sheet_report_em,FUNDAMENTAL_CHANGE|DISCLOSURE_EVENT,NEXT_SESSION_AFTER_MAX_NOTICE_UPDATE,ABSENT,,False,fundamental.change.source_reported_yoy,NO_FORMAL_SEARCH_IN_THIS_TASK; SOURCE_UNIT_GLOSSARY_NOT_ASSERTED
OPERATE_OUTFLOW_BALANCE,cash_flow_sheet_report_em,FUNDAMENTAL_LEVEL|FUNDAMENTAL_CHANGE|DISCLOSURE_EVENT,NEXT_SESSION_AFTER_MAX_NOTICE_UPDATE,ABSENT,,False,fundamental.statement,NO_FORMAL_SEARCH_IN_THIS_TASK; SOURCE_UNIT_GLOSSARY_NOT_ASSERTED
OPERATE_OUTFLOW_BALANCE_YOY,cash_flow_sheet_report_em,FUNDAMENTAL_CHANGE|DISCLOSURE_EVENT,NEXT_SESSION_AFTER_MAX_NOTICE_UPDATE,ABSENT,,False,fundamental.change.source_reported_yoy,NO_FORMAL_SEARCH_IN_THIS_TASK; SOURCE_UNIT_GLOSSARY_NOT_ASSERTED
OPERATE_OUTFLOW_OTHER,cash_flow_sheet_report_em,FUNDAMENTAL_LEVEL|FUNDAMENTAL_CHANGE|DISCLOSURE_EVENT,NEXT_SESSION_AFTER_MAX_NOTICE_UPDATE,ABSENT,,False,fundamental.statement,NO_FORMAL_SEARCH_IN_THIS_TASK; SOURCE_UNIT_GLOSSARY_NOT_ASSERTED
OPERATE_OUTFLOW_OTHER_YOY,cash_flow_sheet_report_em,FUNDAMENTAL_CHANGE|DISCLOSURE_EVENT,NEXT_SESSION_AFTER_MAX_NOTICE_UPDATE,ABSENT,,False,fundamental.change.source_reported_yoy,NO_FORMAL_SEARCH_IN_THIS_TASK; SOURCE_UNIT_GLOSSARY_NOT_ASSERTED
OPERATE_PAYABLE_ADD,cash_flow_sheet_report_em,FUNDAMENTAL_LEVEL|FUNDAMENTAL_CHANGE|DISCLOSURE_EVENT,NEXT_SESSION_AFTER_MAX_NOTICE_UPDATE,ABSENT,,False,fundamental.statement,NO_FORMAL_SEARCH_IN_THIS_TASK; SOURCE_UNIT_GLOSSARY_NOT_ASSERTED
OPERATE_PAYABLE_ADD_YOY,cash_flow_sheet_report_em,FUNDAMENTAL_CHANGE|DISCLOSURE_EVENT,NEXT_SESSION_AFTER_MAX_NOTICE_UPDATE,ABSENT,,False,fundamental.change.source_reported_yoy,NO_FORMAL_SEARCH_IN_THIS_TASK; SOURCE_UNIT_GLOSSARY_NOT_ASSERTED
OPERATE_RECE_REDUCE,cash_flow_sheet_report_em,FUNDAMENTAL_LEVEL|FUNDAMENTAL_CHANGE|DISCLOSURE_EVENT,NEXT_SESSION_AFTER_MAX_NOTICE_UPDATE,ABSENT,,False,fundamental.statement,NO_FORMAL_SEARCH_IN_THIS_TASK; SOURCE_UNIT_GLOSSARY_NOT_ASSERTED
OPERATE_RECE_REDUCE_YOY,cash_flow_sheet_report_em,FUNDAMENTAL_CHANGE|DISCLOSURE_EVENT,NEXT_SESSION_AFTER_MAX_NOTICE_UPDATE,ABSENT,,False,fundamental.change.source_reported_yoy,NO_FORMAL_SEARCH_IN_THIS_TASK; SOURCE_UNIT_GLOSSARY_NOT_ASSERTED
OPINION_TYPE,cash_flow_sheet_report_em,METADATA_BLOCKED,NEXT_SESSION_AFTER_MAX_NOTICE_UPDATE,ABSENT,,False,BLOCKED,METADATA_NOT_SEARCHABLE
ORG_CODE,cash_flow_sheet_report_em,METADATA_BLOCKED,NEXT_SESSION_AFTER_MAX_NOTICE_UPDATE,ABSENT,,False,BLOCKED,METADATA_NOT_SEARCHABLE
ORG_TYPE,cash_flow_sheet_report_em,METADATA_BLOCKED,NEXT_SESSION_AFTER_MAX_NOTICE_UPDATE,ABSENT,,False,BLOCKED,METADATA_NOT_SEARCHABLE
OSOPINION_TYPE,cash_flow_sheet_report_em,METADATA_BLOCKED,NEXT_SESSION_AFTER_MAX_NOTICE_UPDATE,ABSENT,,False,BLOCKED,METADATA_NOT_SEARCHABLE
OTHER,cash_flow_sheet_report_em,FUNDAMENTAL_LEVEL|FUNDAMENTAL_CHANGE|DISCLOSURE_EVENT,NEXT_SESSION_AFTER_MAX_NOTICE_UPDATE,ABSENT,,False,fundamental.statement,NO_FORMAL_SEARCH_IN_THIS_TASK; SOURCE_UNIT_GLOSSARY_NOT_ASSERTED
OTHERFINTOOL_ADD,cash_flow_sheet_report_em,FUNDAMENTAL_LEVEL|FUNDAMENTAL_CHANGE|DISCLOSURE_EVENT,NEXT_SESSION_AFTER_MAX_NOTICE_UPDATE,ABSENT,,False,fundamental.statement,NO_FORMAL_SEARCH_IN_THIS_TASK; SOURCE_UNIT_GLOSSARY_NOT_ASSERTED
OTHERFINTOOL_ADD_YOY,cash_flow_sheet_report_em,FUNDAMENTAL_CHANGE|DISCLOSURE_EVENT,NEXT_SESSION_AFTER_MAX_NOTICE_UPDATE,ABSENT,,False,fundamental.change.source_reported_yoy,NO_FORMAL_SEARCH_IN_THIS_TASK; SOURCE_UNIT_GLOSSARY_NOT_ASSERTED
OTHERFINTOOL_REDUCE,cash_flow_sheet_report_em,FUNDAMENTAL_LEVEL|FUNDAMENTAL_CHANGE|DISCLOSURE_EVENT,NEXT_SESSION_AFTER_MAX_NOTICE_UPDATE,ABSENT,,False,fundamental.statement,NO_FORMAL_SEARCH_IN_THIS_TASK; SOURCE_UNIT_GLOSSARY_NOT_ASSERTED
OTHERFINTOOL_REDUCE_YOY,cash_flow_sheet_report_em,FUNDAMENTAL_CHANGE|DISCLOSURE_EVENT,NEXT_SESSION_AFTER_MAX_NOTICE_UPDATE,ABSENT,,False,fundamental.change.source_reported_yoy,NO_FORMAL_SEARCH_IN_THIS_TASK; SOURCE_UNIT_GLOSSARY_NOT_ASSERTED
OTHER_ASSET_IMPAIRMENT,cash_flow_sheet_report_em,FUNDAMENTAL_LEVEL|FUNDAMENTAL_CHANGE|DISCLOSURE_EVENT,NEXT_SESSION_AFTER_MAX_NOTICE_UPDATE,ABSENT,,False,fundamental.statement,NO_FORMAL_SEARCH_IN_THIS_TASK; SOURCE_UNIT_GLOSSARY_NOT_ASSERTED
OTHER_ASSET_IMPAIRMENT_YOY,cash_flow_sheet_report_em,FUNDAMENTAL_CHANGE|DISCLOSURE_EVENT,NEXT_SESSION_AFTER_MAX_NOTICE_UPDATE,ABSENT,,False,fundamental.change.source_reported_yoy,NO_FORMAL_SEARCH_IN_THIS_TASK; SOURCE_UNIT_GLOSSARY_NOT_ASSERTED
OTHER_YOY,cash_flow_sheet_report_em,FUNDAMENTAL_CHANGE|DISCLOSURE_EVENT,NEXT_SESSION_AFTER_MAX_NOTICE_UPDATE,ABSENT,,False,fundamental.change.source_reported_yoy,NO_FORMAL_SEARCH_IN_THIS_TASK; SOURCE_UNIT_GLOSSARY_NOT_ASSERTED
PAY_AGENT_TRADE,cash_flow_sheet_report_em,FUNDAMENTAL_LEVEL|FUNDAMENTAL_CHANGE|DISCLOSURE_EVENT,NEXT_SESSION_AFTER_MAX_NOTICE_UPDATE,ABSENT,,False,fundamental.statement,NO_FORMAL_SEARCH_IN_THIS_TASK; SOURCE_UNIT_GLOSSARY_NOT_ASSERTED
PAY_AGENT_TRADE_YOY,cash_flow_sheet_report_em,FUNDAMENTAL_CHANGE|DISCLOSURE_EVENT,NEXT_SESSION_AFTER_MAX_NOTICE_UPDATE,ABSENT,,False,fundamental.change.source_reported_yoy,NO_FORMAL_SEARCH_IN_THIS_TASK; SOURCE_UNIT_GLOSSARY_NOT_ASSERTED
PAY_ALL_TAX,cash_flow_sheet_report_em,FUNDAMENTAL_LEVEL|FUNDAMENTAL_CHANGE|DISCLOSURE_EVENT,NEXT_SESSION_AFTER_MAX_NOTICE_UPDATE,ABSENT,,False,fundamental.statement,NO_FORMAL_SEARCH_IN_THIS_TASK; SOURCE_UNIT_GLOSSARY_NOT_ASSERTED
PAY_ALL_TAX_YOY,cash_flow_sheet_report_em,FUNDAMENTAL_CHANGE|DISCLOSURE_EVENT,NEXT_SESSION_AFTER_MAX_NOTICE_UPDATE,ABSENT,,False,fundamental.change.source_reported_yoy,NO_FORMAL_SEARCH_IN_THIS_TASK; SOURCE_UNIT_GLOSSARY_NOT_ASSERTED
PAY_BOND_INTEREST,cash_flow_sheet_report_em,FUNDAMENTAL_LEVEL|FUNDAMENTAL_CHANGE|DISCLOSURE_EVENT,NEXT_SESSION_AFTER_MAX_NOTICE_UPDATE,ABSENT,,False,fundamental.statement,NO_FORMAL_SEARCH_IN_THIS_TASK; SOURCE_UNIT_GLOSSARY_NOT_ASSERTED
PAY_BOND_INTEREST_YOY,cash_flow_sheet_report_em,FUNDAMENTAL_CHANGE|DISCLOSURE_EVENT,NEXT_SESSION_AFTER_MAX_NOTICE_UPDATE,ABSENT,,False,fundamental.change.source_reported_yoy,NO_FORMAL_SEARCH_IN_THIS_TASK; SOURCE_UNIT_GLOSSARY_NOT_ASSERTED
PAY_BUY_RESALE,cash_flow_sheet_report_em,FUNDAMENTAL_LEVEL|FUNDAMENTAL_CHANGE|DISCLOSURE_EVENT,NEXT_SESSION_AFTER_MAX_NOTICE_UPDATE,ABSENT,,False,fundamental.statement,NO_FORMAL_SEARCH_IN_THIS_TASK; SOURCE_UNIT_GLOSSARY_NOT_ASSERTED
PAY_BUY_RESALE_YOY,cash_flow_sheet_report_em,FUNDAMENTAL_CHANGE|DISCLOSURE_EVENT,NEXT_SESSION_AFTER_MAX_NOTICE_UPDATE,ABSENT,,False,fundamental.change.source_reported_yoy,NO_FORMAL_SEARCH_IN_THIS_TASK; SOURCE_UNIT_GLOSSARY_NOT_ASSERTED
PAY_COMMISSION,cash_flow_sheet_report_em,FUNDAMENTAL_LEVEL|FUNDAMENTAL_CHANGE|DISCLOSURE_EVENT,NEXT_SESSION_AFTER_MAX_NOTICE_UPDATE,ABSENT,,False,fundamental.statement,NO_FORMAL_SEARCH_IN_THIS_TASK; SOURCE_UNIT_GLOSSARY_NOT_ASSERTED
PAY_COMMISSION_YOY,cash_flow_sheet_report_em,FUNDAMENTAL_CHANGE|DISCLOSURE_EVENT,NEXT_SESSION_AFTER_MAX_NOTICE_UPDATE,ABSENT,,False,fundamental.change.source_reported_yoy,NO_FORMAL_SEARCH_IN_THIS_TASK; SOURCE_UNIT_GLOSSARY_NOT_ASSERTED
PAY_DEBT_CASH,cash_flow_sheet_report_em,FUNDAMENTAL_LEVEL|FUNDAMENTAL_CHANGE|DISCLOSURE_EVENT,NEXT_SESSION_AFTER_MAX_NOTICE_UPDATE,ABSENT,,False,fundamental.statement,NO_FORMAL_SEARCH_IN_THIS_TASK; SOURCE_UNIT_GLOSSARY_NOT_ASSERTED
PAY_DEBT_CASH_YOY,cash_flow_sheet_report_em,FUNDAMENTAL_CHANGE|DISCLOSURE_EVENT,NEXT_SESSION_AFTER_MAX_NOTICE_UPDATE,ABSENT,,False,fundamental.change.source_reported_yoy,NO_FORMAL_SEARCH_IN_THIS_TASK; SOURCE_UNIT_GLOSSARY_NOT_ASSERTED
PAY_INTEREST,cash_flow_sheet_report_em,FUNDAMENTAL_LEVEL|FUNDAMENTAL_CHANGE|DISCLOSURE_EVENT,NEXT_SESSION_AFTER_MAX_NOTICE_UPDATE,ABSENT,,False,fundamental.statement,NO_FORMAL_SEARCH_IN_THIS_TASK; SOURCE_UNIT_GLOSSARY_NOT_ASSERTED
PAY_INTEREST_COMMISSION,cash_flow_sheet_report_em,FUNDAMENTAL_LEVEL|FUNDAMENTAL_CHANGE|DISCLOSURE_EVENT,NEXT_SESSION_AFTER_MAX_NOTICE_UPDATE,ABSENT,,False,fundamental.statement,NO_FORMAL_SEARCH_IN_THIS_TASK; SOURCE_UNIT_GLOSSARY_NOT_ASSERTED
PAY_INTEREST_COMMISSION_YOY,cash_flow_sheet_report_em,FUNDAMENTAL_CHANGE|DISCLOSURE_EVENT,NEXT_SESSION_AFTER_MAX_NOTICE_UPDATE,ABSENT,,False,fundamental.change.source_reported_yoy,NO_FORMAL_SEARCH_IN_THIS_TASK; SOURCE_UNIT_GLOSSARY_NOT_ASSERTED
PAY_INTEREST_YOY,cash_flow_sheet_report_em,FUNDAMENTAL_CHANGE|DISCLOSURE_EVENT,NEXT_SESSION_AFTER_MAX_NOTICE_UPDATE,ABSENT,,False,fundamental.change.source_reported_yoy,NO_FORMAL_SEARCH_IN_THIS_TASK; SOURCE_UNIT_GLOSSARY_NOT_ASSERTED
PAY_ORIGIC_COMPENSATE,cash_flow_sheet_report_em,FUNDAMENTAL_LEVEL|FUNDAMENTAL_CHANGE|DISCLOSURE_EVENT,NEXT_SESSION_AFTER_MAX_NOTICE_UPDATE,ABSENT,,False,fundamental.statement,NO_FORMAL_SEARCH_IN_THIS_TASK; SOURCE_UNIT_GLOSSARY_NOT_ASSERTED
PAY_ORIGIC_COMPENSATE_YOY,cash_flow_sheet_report_em,FUNDAMENTAL_CHANGE|DISCLOSURE_EVENT,NEXT_SESSION_AFTER_MAX_NOTICE_UPDATE,ABSENT,,False,fundamental.change.source_reported_yoy,NO_FORMAL_SEARCH_IN_THIS_TASK; SOURCE_UNIT_GLOSSARY_NOT_ASSERTED
PAY_OTHER_FINANCE,cash_flow_sheet_report_em,FUNDAMENTAL_LEVEL|FUNDAMENTAL_CHANGE|DISCLOSURE_EVENT,NEXT_SESSION_AFTER_MAX_NOTICE_UPDATE,ABSENT,,False,fundamental.statement,NO_FORMAL_SEARCH_IN_THIS_TASK; SOURCE_UNIT_GLOSSARY_NOT_ASSERTED
PAY_OTHER_FINANCE_YOY,cash_flow_sheet_report_em,FUNDAMENTAL_CHANGE|DISCLOSURE_EVENT,NEXT_SESSION_AFTER_MAX_NOTICE_UPDATE,ABSENT,,False,fundamental.change.source_reported_yoy,NO_FORMAL_SEARCH_IN_THIS_TASK; SOURCE_UNIT_GLOSSARY_NOT_ASSERTED
PAY_OTHER_INVEST,cash_flow_sheet_report_em,FUNDAMENTAL_LEVEL|FUNDAMENTAL_CHANGE|DISCLOSURE_EVENT,NEXT_SESSION_AFTER_MAX_NOTICE_UPDATE,ABSENT,,False,fundamental.statement,NO_FORMAL_SEARCH_IN_THIS_TASK; SOURCE_UNIT_GLOSSARY_NOT_ASSERTED
PAY_OTHER_INVEST_YOY,cash_flow_sheet_report_em,FUNDAMENTAL_CHANGE|DISCLOSURE_EVENT,NEXT_SESSION_AFTER_MAX_NOTICE_UPDATE,ABSENT,,False,fundamental.change.source_reported_yoy,NO_FORMAL_SEARCH_IN_THIS_TASK; SOURCE_UNIT_GLOSSARY_NOT_ASSERTED
PAY_OTHER_OPERATE,cash_flow_sheet_report_em,FUNDAMENTAL_LEVEL|FUNDAMENTAL_CHANGE|DISCLOSURE_EVENT,NEXT_SESSION_AFTER_MAX_NOTICE_UPDATE,ABSENT,,False,fundamental.statement,NO_FORMAL_SEARCH_IN_THIS_TASK; SOURCE_UNIT_GLOSSARY_NOT_ASSERTED
PAY_OTHER_OPERATE_YOY,cash_flow_sheet_report_em,FUNDAMENTAL_CHANGE|DISCLOSURE_EVENT,NEXT_SESSION_AFTER_MAX_NOTICE_UPDATE,ABSENT,,False,fundamental.change.source_reported_yoy,NO_FORMAL_SEARCH_IN_THIS_TASK; SOURCE_UNIT_GLOSSARY_NOT_ASSERTED
PAY_POLICY_BONUS,cash_flow_sheet_report_em,FUNDAMENTAL_LEVEL|FUNDAMENTAL_CHANGE|DISCLOSURE_EVENT,NEXT_SESSION_AFTER_MAX_NOTICE_UPDATE,ABSENT,,False,fundamental.statement,NO_FORMAL_SEARCH_IN_THIS_TASK; SOURCE_UNIT_GLOSSARY_NOT_ASSERTED
PAY_POLICY_BONUS_YOY,cash_flow_sheet_report_em,FUNDAMENTAL_CHANGE|DISCLOSURE_EVENT,NEXT_SESSION_AFTER_MAX_NOTICE_UPDATE,ABSENT,,False,fundamental.change.source_reported_yoy,NO_FORMAL_SEARCH_IN_THIS_TASK; SOURCE_UNIT_GLOSSARY_NOT_ASSERTED
PAY_REINSURE,cash_flow_sheet_report_em,FUNDAMENTAL_LEVEL|FUNDAMENTAL_CHANGE|DISCLOSURE_EVENT,NEXT_SESSION_AFTER_MAX_NOTICE_UPDATE,ABSENT,,False,fundamental.statement,NO_FORMAL_SEARCH_IN_THIS_TASK; SOURCE_UNIT_GLOSSARY_NOT_ASSERTED
PAY_REINSURE_YOY,cash_flow_sheet_report_em,FUNDAMENTAL_CHANGE|DISCLOSURE_EVENT,NEXT_SESSION_AFTER_MAX_NOTICE_UPDATE,ABSENT,,False,fundamental.change.source_reported_yoy,NO_FORMAL_SEARCH_IN_THIS_TASK; SOURCE_UNIT_GLOSSARY_NOT_ASSERTED
PAY_SELL_REPO,cash_flow_sheet_report_em,FUNDAMENTAL_LEVEL|FUNDAMENTAL_CHANGE|DISCLOSURE_EVENT,NEXT_SESSION_AFTER_MAX_NOTICE_UPDATE,ABSENT,,False,fundamental.statement,NO_FORMAL_SEARCH_IN_THIS_TASK; SOURCE_UNIT_GLOSSARY_NOT_ASSERTED
PAY_SELL_REPO_YOY,cash_flow_sheet_report_em,FUNDAMENTAL_CHANGE|DISCLOSURE_EVENT,NEXT_SESSION_AFTER_MAX_NOTICE_UPDATE,ABSENT,,False,fundamental.change.source_reported_yoy,NO_FORMAL_SEARCH_IN_THIS_TASK; SOURCE_UNIT_GLOSSARY_NOT_ASSERTED
PAY_STAFF_CASH,cash_flow_sheet_report_em,FUNDAMENTAL_LEVEL|FUNDAMENTAL_CHANGE|DISCLOSURE_EVENT,NEXT_SESSION_AFTER_MAX_NOTICE_UPDATE,ABSENT,,False,fundamental.statement,NO_FORMAL_SEARCH_IN_THIS_TASK; SOURCE_UNIT_GLOSSARY_NOT_ASSERTED
PAY_STAFF_CASH_YOY,cash_flow_sheet_report_em,FUNDAMENTAL_CHANGE|DISCLOSURE_EVENT,NEXT_SESSION_AFTER_MAX_NOTICE_UPDATE,ABSENT,,False,fundamental.change.source_reported_yoy,NO_FORMAL_SEARCH_IN_THIS_TASK; SOURCE_UNIT_GLOSSARY_NOT_ASSERTED
PAY_TRADE_FINASSET,cash_flow_sheet_report_em,FUNDAMENTAL_LEVEL|FUNDAMENTAL_CHANGE|DISCLOSURE_EVENT,NEXT_SESSION_AFTER_MAX_NOTICE_UPDATE,ABSENT,,False,fundamental.statement,NO_FORMAL_SEARCH_IN_THIS_TASK; SOURCE_UNIT_GLOSSARY_NOT_ASSERTED
PAY_TRADE_FINASSET_YOY,cash_flow_sheet_report_em,FUNDAMENTAL_CHANGE|DISCLOSURE_EVENT,NEXT_SESSION_AFTER_MAX_NOTICE_UPDATE,ABSENT,,False,fundamental.change.source_reported_yoy,NO_FORMAL_SEARCH_IN_THIS_TASK; SOURCE_UNIT_GLOSSARY_NOT_ASSERTED
PBC_INTERBANK_ADD,cash_flow_sheet_report_em,FUNDAMENTAL_LEVEL|FUNDAMENTAL_CHANGE|DISCLOSURE_EVENT,NEXT_SESSION_AFTER_MAX_NOTICE_UPDATE,ABSENT,,False,fundamental.statement,NO_FORMAL_SEARCH_IN_THIS_TASK; SOURCE_UNIT_GLOSSARY_NOT_ASSERTED
PBC_INTERBANK_ADD_YOY,cash_flow_sheet_report_em,FUNDAMENTAL_CHANGE|DISCLOSURE_EVENT,NEXT_SESSION_AFTER_MAX_NOTICE_UPDATE,ABSENT,,False,fundamental.change.source_reported_yoy,NO_FORMAL_SEARCH_IN_THIS_TASK; SOURCE_UNIT_GLOSSARY_NOT_ASSERTED
PBC_INTERBANK_REDUCE,cash_flow_sheet_report_em,FUNDAMENTAL_LEVEL|FUNDAMENTAL_CHANGE|DISCLOSURE_EVENT,NEXT_SESSION_AFTER_MAX_NOTICE_UPDATE,ABSENT,,False,fundamental.statement,NO_FORMAL_SEARCH_IN_THIS_TASK; SOURCE_UNIT_GLOSSARY_NOT_ASSERTED
PBC_INTERBANK_REDUCE_YOY,cash_flow_sheet_report_em,FUNDAMENTAL_CHANGE|DISCLOSURE_EVENT,NEXT_SESSION_AFTER_MAX_NOTICE_UPDATE,ABSENT,,False,fundamental.change.source_reported_yoy,NO_FORMAL_SEARCH_IN_THIS_TASK; SOURCE_UNIT_GLOSSARY_NOT_ASSERTED
PBC_IOFI_ADD,cash_flow_sheet_report_em,FUNDAMENTAL_LEVEL|FUNDAMENTAL_CHANGE|DISCLOSURE_EVENT,NEXT_SESSION_AFTER_MAX_NOTICE_UPDATE,ABSENT,,False,fundamental.statement,NO_FORMAL_SEARCH_IN_THIS_TASK; SOURCE_UNIT_GLOSSARY_NOT_ASSERTED
PBC_IOFI_ADD_YOY,cash_flow_sheet_report_em,FUNDAMENTAL_CHANGE|DISCLOSURE_EVENT,NEXT_SESSION_AFTER_MAX_NOTICE_UPDATE,ABSENT,,False,fundamental.change.source_reported_yoy,NO_FORMAL_SEARCH_IN_THIS_TASK; SOURCE_UNIT_GLOSSARY_NOT_ASSERTED
PBC_IOFI_REDUCE,cash_flow_sheet_report_em,FUNDAMENTAL_LEVEL|FUNDAMENTAL_CHANGE|DISCLOSURE_EVENT,NEXT_SESSION_AFTER_MAX_NOTICE_UPDATE,ABSENT,,False,fundamental.statement,NO_FORMAL_SEARCH_IN_THIS_TASK; SOURCE_UNIT_GLOSSARY_NOT_ASSERTED
PBC_IOFI_REDUCE_YOY,cash_flow_sheet_report_em,FUNDAMENTAL_CHANGE|DISCLOSURE_EVENT,NEXT_SESSION_AFTER_MAX_NOTICE_UPDATE,ABSENT,,False,fundamental.change.source_reported_yoy,NO_FORMAL_SEARCH_IN_THIS_TASK; SOURCE_UNIT_GLOSSARY_NOT_ASSERTED
PLEDGE_LOAN_ADD,cash_flow_sheet_report_em,FUNDAMENTAL_LEVEL|FUNDAMENTAL_CHANGE|DISCLOSURE_EVENT,NEXT_SESSION_AFTER_MAX_NOTICE_UPDATE,ABSENT,,False,fundamental.statement,NO_FORMAL_SEARCH_IN_THIS_TASK; SOURCE_UNIT_GLOSSARY_NOT_ASSERTED
PLEDGE_LOAN_ADD_YOY,cash_flow_sheet_report_em,FUNDAMENTAL_CHANGE|DISCLOSURE_EVENT,NEXT_SESSION_AFTER_MAX_NOTICE_UPDATE,ABSENT,,False,fundamental.change.source_reported_yoy,NO_FORMAL_SEARCH_IN_THIS_TASK; SOURCE_UNIT_GLOSSARY_NOT_ASSERTED
PREDICT_LIAB_ADD,cash_flow_sheet_report_em,FUNDAMENTAL_LEVEL|FUNDAMENTAL_CHANGE|DISCLOSURE_EVENT,NEXT_SESSION_AFTER_MAX_NOTICE_UPDATE,ABSENT,,False,fundamental.statement,NO_FORMAL_SEARCH_IN_THIS_TASK; SOURCE_UNIT_GLOSSARY_NOT_ASSERTED
PREDICT_LIAB_ADD_YOY,cash_flow_sheet_report_em,FUNDAMENTAL_CHANGE|DISCLOSURE_EVENT,NEXT_SESSION_AFTER_MAX_NOTICE_UPDATE,ABSENT,,False,fundamental.change.source_reported_yoy,NO_FORMAL_SEARCH_IN_THIS_TASK; SOURCE_UNIT_GLOSSARY_NOT_ASSERTED
PREPAID_EXPENSE_REDUCE,cash_flow_sheet_report_em,FUNDAMENTAL_LEVEL|FUNDAMENTAL_CHANGE|DISCLOSURE_EVENT,NEXT_SESSION_AFTER_MAX_NOTICE_UPDATE,ABSENT,,False,fundamental.statement,NO_FORMAL_SEARCH_IN_THIS_TASK; SOURCE_UNIT_GLOSSARY_NOT_ASSERTED
PREPAID_EXPENSE_REDUCE_YOY,cash_flow_sheet_report_em,FUNDAMENTAL_CHANGE|DISCLOSURE_EVENT,NEXT_SESSION_AFTER_MAX_NOTICE_UPDATE,ABSENT,,False,fundamental.change.source_reported_yoy,NO_FORMAL_SEARCH_IN_THIS_TASK; SOURCE_UNIT_GLOSSARY_NOT_ASSERTED
PROVISION_INVEST_IMPAIRMENT,cash_flow_sheet_report_em,FUNDAMENTAL_LEVEL|FUNDAMENTAL_CHANGE|DISCLOSURE_EVENT,NEXT_SESSION_AFTER_MAX_NOTICE_UPDATE,ABSENT,,False,fundamental.statement,NO_FORMAL_SEARCH_IN_THIS_TASK; SOURCE_UNIT_GLOSSARY_NOT_ASSERTED
PROVISION_INVEST_IMPAIRMENT_YOY,cash_flow_sheet_report_em,FUNDAMENTAL_CHANGE|DISCLOSURE_EVENT,NEXT_SESSION_AFTER_MAX_NOTICE_UPDATE,ABSENT,,False,fundamental.change.source_reported_yoy,NO_FORMAL_SEARCH_IN_THIS_TASK; SOURCE_UNIT_GLOSSARY_NOT_ASSERTED
PROVISION_LOAN_IMPAIRMENT,cash_flow_sheet_report_em,FUNDAMENTAL_LEVEL|FUNDAMENTAL_CHANGE|DISCLOSURE_EVENT,NEXT_SESSION_AFTER_MAX_NOTICE_UPDATE,ABSENT,,False,fundamental.statement,NO_FORMAL_SEARCH_IN_THIS_TASK; SOURCE_UNIT_GLOSSARY_NOT_ASSERTED
PROVISION_LOAN_IMPAIRMENT_YOY,cash_flow_sheet_report_em,FUNDAMENTAL_CHANGE|DISCLOSURE_EVENT,NEXT_SESSION_AFTER_MAX_NOTICE_UPDATE,ABSENT,,False,fundamental.change.source_reported_yoy,NO_FORMAL_SEARCH_IN_THIS_TASK; SOURCE_UNIT_GLOSSARY_NOT_ASSERTED
PROVISION_PREDICT_LIAB,cash_flow_sheet_report_em,FUNDAMENTAL_LEVEL|FUNDAMENTAL_CHANGE|DISCLOSURE_EVENT,NEXT_SESSION_AFTER_MAX_NOTICE_UPDATE,ABSENT,,False,fundamental.statement,NO_FORMAL_SEARCH_IN_THIS_TASK; SOURCE_UNIT_GLOSSARY_NOT_ASSERTED
PROVISION_PREDICT_LIAB_YOY,cash_flow_sheet_report_em,FUNDAMENTAL_CHANGE|DISCLOSURE_EVENT,NEXT_SESSION_AFTER_MAX_NOTICE_UPDATE,ABSENT,,False,fundamental.change.source_reported_yoy,NO_FORMAL_SEARCH_IN_THIS_TASK; SOURCE_UNIT_GLOSSARY_NOT_ASSERTED
PURCHASE_SUBSIDIARY_OTHER,cash_flow_sheet_report_em,FUNDAMENTAL_LEVEL|FUNDAMENTAL_CHANGE|DISCLOSURE_EVENT,NEXT_SESSION_AFTER_MAX_NOTICE_UPDATE,ABSENT,,False,fundamental.statement,NO_FORMAL_SEARCH_IN_THIS_TASK; SOURCE_UNIT_GLOSSARY_NOT_ASSERTED
PURCHASE_SUBSIDIARY_OTHER_YOY,cash_flow_sheet_report_em,FUNDAMENTAL_CHANGE|DISCLOSURE_EVENT,NEXT_SESSION_AFTER_MAX_NOTICE_UPDATE,ABSENT,,False,fundamental.change.source_reported_yoy,NO_FORMAL_SEARCH_IN_THIS_TASK; SOURCE_UNIT_GLOSSARY_NOT_ASSERTED
RATE_CHANGE_EFFECT,cash_flow_sheet_report_em,FUNDAMENTAL_LEVEL|FUNDAMENTAL_CHANGE|DISCLOSURE_EVENT,NEXT_SESSION_AFTER_MAX_NOTICE_UPDATE,ABSENT,,False,fundamental.statement,NO_FORMAL_SEARCH_IN_THIS_TASK; SOURCE_UNIT_GLOSSARY_NOT_ASSERTED
RATE_CHANGE_EFFECT_YOY,cash_flow_sheet_report_em,FUNDAMENTAL_CHANGE|DISCLOSURE_EVENT,NEXT_SESSION_AFTER_MAX_NOTICE_UPDATE,ABSENT,,False,fundamental.change.source_reported_yoy,NO_FORMAL_SEARCH_IN_THIS_TASK; SOURCE_UNIT_GLOSSARY_NOT_ASSERTED
RECEIVE_ADD_EQUITY,cash_flow_sheet_report_em,FUNDAMENTAL_LEVEL|FUNDAMENTAL_CHANGE|DISCLOSURE_EVENT,NEXT_SESSION_AFTER_MAX_NOTICE_UPDATE,ABSENT,,False,fundamental.statement,NO_FORMAL_SEARCH_IN_THIS_TASK; SOURCE_UNIT_GLOSSARY_NOT_ASSERTED
RECEIVE_ADD_EQUITY_YOY,cash_flow_sheet_report_em,FUNDAMENTAL_CHANGE|DISCLOSURE_EVENT,NEXT_SESSION_AFTER_MAX_NOTICE_UPDATE,ABSENT,,False,fundamental.change.source_reported_yoy,NO_FORMAL_SEARCH_IN_THIS_TASK; SOURCE_UNIT_GLOSSARY_NOT_ASSERTED
RECEIVE_AGENT_TRADE,cash_flow_sheet_report_em,FUNDAMENTAL_LEVEL|FUNDAMENTAL_CHANGE|DISCLOSURE_EVENT,NEXT_SESSION_AFTER_MAX_NOTICE_UPDATE,ABSENT,,False,fundamental.statement,NO_FORMAL_SEARCH_IN_THIS_TASK; SOURCE_UNIT_GLOSSARY_NOT_ASSERTED
RECEIVE_AGENT_TRADE_YOY,cash_flow_sheet_report_em,FUNDAMENTAL_CHANGE|DISCLOSURE_EVENT,NEXT_SESSION_AFTER_MAX_NOTICE_UPDATE,ABSENT,,False,fundamental.change.source_reported_yoy,NO_FORMAL_SEARCH_IN_THIS_TASK; SOURCE_UNIT_GLOSSARY_NOT_ASSERTED
RECEIVE_AGENT_UNDERWRITE,cash_flow_sheet_report_em,FUNDAMENTAL_LEVEL|FUNDAMENTAL_CHANGE|DISCLOSURE_EVENT,NEXT_SESSION_AFTER_MAX_NOTICE_UPDATE,ABSENT,,False,fundamental.statement,NO_FORMAL_SEARCH_IN_THIS_TASK; SOURCE_UNIT_GLOSSARY_NOT_ASSERTED
RECEIVE_AGENT_UNDERWRITE_YOY,cash_flow_sheet_report_em,FUNDAMENTAL_CHANGE|DISCLOSURE_EVENT,NEXT_SESSION_AFTER_MAX_NOTICE_UPDATE,ABSENT,,False,fundamental.change.source_reported_yoy,NO_FORMAL_SEARCH_IN_THIS_TASK; SOURCE_UNIT_GLOSSARY_NOT_ASSERTED
RECEIVE_BUY_RESALE,cash_flow_sheet_report_em,FUNDAMENTAL_LEVEL|FUNDAMENTAL_CHANGE|DISCLOSURE_EVENT,NEXT_SESSION_AFTER_MAX_NOTICE_UPDATE,ABSENT,,False,fundamental.statement,NO_FORMAL_SEARCH_IN_THIS_TASK; SOURCE_UNIT_GLOSSARY_NOT_ASSERTED
RECEIVE_BUY_RESALE_YOY,cash_flow_sheet_report_em,FUNDAMENTAL_CHANGE|DISCLOSURE_EVENT,NEXT_SESSION_AFTER_MAX_NOTICE_UPDATE,ABSENT,,False,fundamental.change.source_reported_yoy,NO_FORMAL_SEARCH_IN_THIS_TASK; SOURCE_UNIT_GLOSSARY_NOT_ASSERTED
RECEIVE_COMMISSION,cash_flow_sheet_report_em,FUNDAMENTAL_LEVEL|FUNDAMENTAL_CHANGE|DISCLOSURE_EVENT,NEXT_SESSION_AFTER_MAX_NOTICE_UPDATE,ABSENT,,False,fundamental.statement,NO_FORMAL_SEARCH_IN_THIS_TASK; SOURCE_UNIT_GLOSSARY_NOT_ASSERTED
RECEIVE_COMMISSION_YOY,cash_flow_sheet_report_em,FUNDAMENTAL_CHANGE|DISCLOSURE_EVENT,NEXT_SESSION_AFTER_MAX_NOTICE_UPDATE,ABSENT,,False,fundamental.change.source_reported_yoy,NO_FORMAL_SEARCH_IN_THIS_TASK; SOURCE_UNIT_GLOSSARY_NOT_ASSERTED
RECEIVE_DIVIDEND_PROFIT,cash_flow_sheet_report_em,FUNDAMENTAL_LEVEL|FUNDAMENTAL_CHANGE|DISCLOSURE_EVENT,NEXT_SESSION_AFTER_MAX_NOTICE_UPDATE,ABSENT,,False,fundamental.statement,NO_FORMAL_SEARCH_IN_THIS_TASK; SOURCE_UNIT_GLOSSARY_NOT_ASSERTED
RECEIVE_DIVIDEND_PROFIT_YOY,cash_flow_sheet_report_em,FUNDAMENTAL_CHANGE|DISCLOSURE_EVENT,NEXT_SESSION_AFTER_MAX_NOTICE_UPDATE,ABSENT,,False,fundamental.change.source_reported_yoy,NO_FORMAL_SEARCH_IN_THIS_TASK; SOURCE_UNIT_GLOSSARY_NOT_ASSERTED
RECEIVE_INTEREST,cash_flow_sheet_report_em,FUNDAMENTAL_LEVEL|FUNDAMENTAL_CHANGE|DISCLOSURE_EVENT,NEXT_SESSION_AFTER_MAX_NOTICE_UPDATE,ABSENT,,False,fundamental.statement,NO_FORMAL_SEARCH_IN_THIS_TASK; SOURCE_UNIT_GLOSSARY_NOT_ASSERTED
RECEIVE_INTEREST_COMMISSION,cash_flow_sheet_report_em,FUNDAMENTAL_LEVEL|FUNDAMENTAL_CHANGE|DISCLOSURE_EVENT,NEXT_SESSION_AFTER_MAX_NOTICE_UPDATE,ABSENT,,False,fundamental.statement,NO_FORMAL_SEARCH_IN_THIS_TASK; SOURCE_UNIT_GLOSSARY_NOT_ASSERTED
RECEIVE_INTEREST_COMMISSION_YOY,cash_flow_sheet_report_em,FUNDAMENTAL_CHANGE|DISCLOSURE_EVENT,NEXT_SESSION_AFTER_MAX_NOTICE_UPDATE,ABSENT,,False,fundamental.change.source_reported_yoy,NO_FORMAL_SEARCH_IN_THIS_TASK; SOURCE_UNIT_GLOSSARY_NOT_ASSERTED
RECEIVE_INTEREST_YOY,cash_flow_sheet_report_em,FUNDAMENTAL_CHANGE|DISCLOSURE_EVENT,NEXT_SESSION_AFTER_MAX_NOTICE_UPDATE,ABSENT,,False,fundamental.change.source_reported_yoy,NO_FORMAL_SEARCH_IN_THIS_TASK; SOURCE_UNIT_GLOSSARY_NOT_ASSERTED
RECEIVE_INVEST_INCOME,cash_flow_sheet_report_em,FUNDAMENTAL_LEVEL|FUNDAMENTAL_CHANGE|DISCLOSURE_EVENT,NEXT_SESSION_AFTER_MAX_NOTICE_UPDATE,ABSENT,,False,fundamental.statement,NO_FORMAL_SEARCH_IN_THIS_TASK; SOURCE_UNIT_GLOSSARY_NOT_ASSERTED
RECEIVE_INVEST_INCOME_YOY,cash_flow_sheet_report_em,FUNDAMENTAL_CHANGE|DISCLOSURE_EVENT,NEXT_SESSION_AFTER_MAX_NOTICE_UPDATE,ABSENT,,False,fundamental.change.source_reported_yoy,NO_FORMAL_SEARCH_IN_THIS_TASK; SOURCE_UNIT_GLOSSARY_NOT_ASSERTED
RECEIVE_LOAN_CASH,cash_flow_sheet_report_em,FUNDAMENTAL_LEVEL|FUNDAMENTAL_CHANGE|DISCLOSURE_EVENT,NEXT_SESSION_AFTER_MAX_NOTICE_UPDATE,ABSENT,,False,fundamental.statement,NO_FORMAL_SEARCH_IN_THIS_TASK; SOURCE_UNIT_GLOSSARY_NOT_ASSERTED
RECEIVE_LOAN_CASH_YOY,cash_flow_sheet_report_em,FUNDAMENTAL_CHANGE|DISCLOSURE_EVENT,NEXT_SESSION_AFTER_MAX_NOTICE_UPDATE,ABSENT,,False,fundamental.change.source_reported_yoy,NO_FORMAL_SEARCH_IN_THIS_TASK; SOURCE_UNIT_GLOSSARY_NOT_ASSERTED
RECEIVE_ORIGIC_PREMIUM,cash_flow_sheet_report_em,FUNDAMENTAL_LEVEL|FUNDAMENTAL_CHANGE|DISCLOSURE_EVENT,NEXT_SESSION_AFTER_MAX_NOTICE_UPDATE,ABSENT,,False,fundamental.statement,NO_FORMAL_SEARCH_IN_THIS_TASK; SOURCE_UNIT_GLOSSARY_NOT_ASSERTED
RECEIVE_ORIGIC_PREMIUM_YOY,cash_flow_sheet_report_em,FUNDAMENTAL_CHANGE|DISCLOSURE_EVENT,NEXT_SESSION_AFTER_MAX_NOTICE_UPDATE,ABSENT,,False,fundamental.change.source_reported_yoy,NO_FORMAL_SEARCH_IN_THIS_TASK; SOURCE_UNIT_GLOSSARY_NOT_ASSERTED
RECEIVE_OTHER_FINANCE,cash_flow_sheet_report_em,FUNDAMENTAL_LEVEL|FUNDAMENTAL_CHANGE|DISCLOSURE_EVENT,NEXT_SESSION_AFTER_MAX_NOTICE_UPDATE,ABSENT,,False,fundamental.statement,NO_FORMAL_SEARCH_IN_THIS_TASK; SOURCE_UNIT_GLOSSARY_NOT_ASSERTED
RECEIVE_OTHER_FINANCE_YOY,cash_flow_sheet_report_em,FUNDAMENTAL_CHANGE|DISCLOSURE_EVENT,NEXT_SESSION_AFTER_MAX_NOTICE_UPDATE,ABSENT,,False,fundamental.change.source_reported_yoy,NO_FORMAL_SEARCH_IN_THIS_TASK; SOURCE_UNIT_GLOSSARY_NOT_ASSERTED
RECEIVE_OTHER_INVEST,cash_flow_sheet_report_em,FUNDAMENTAL_LEVEL|FUNDAMENTAL_CHANGE|DISCLOSURE_EVENT,NEXT_SESSION_AFTER_MAX_NOTICE_UPDATE,ABSENT,,False,fundamental.statement,NO_FORMAL_SEARCH_IN_THIS_TASK; SOURCE_UNIT_GLOSSARY_NOT_ASSERTED
RECEIVE_OTHER_INVEST_YOY,cash_flow_sheet_report_em,FUNDAMENTAL_CHANGE|DISCLOSURE_EVENT,NEXT_SESSION_AFTER_MAX_NOTICE_UPDATE,ABSENT,,False,fundamental.change.source_reported_yoy,NO_FORMAL_SEARCH_IN_THIS_TASK; SOURCE_UNIT_GLOSSARY_NOT_ASSERTED
RECEIVE_OTHER_OPERATE,cash_flow_sheet_report_em,FUNDAMENTAL_LEVEL|FUNDAMENTAL_CHANGE|DISCLOSURE_EVENT,NEXT_SESSION_AFTER_MAX_NOTICE_UPDATE,ABSENT,,False,fundamental.statement,NO_FORMAL_SEARCH_IN_THIS_TASK; SOURCE_UNIT_GLOSSARY_NOT_ASSERTED
RECEIVE_OTHER_OPERATE_YOY,cash_flow_sheet_report_em,FUNDAMENTAL_CHANGE|DISCLOSURE_EVENT,NEXT_SESSION_AFTER_MAX_NOTICE_UPDATE,ABSENT,,False,fundamental.change.source_reported_yoy,NO_FORMAL_SEARCH_IN_THIS_TASK; SOURCE_UNIT_GLOSSARY_NOT_ASSERTED
RECEIVE_REINSURE_NET,cash_flow_sheet_report_em,FUNDAMENTAL_LEVEL|FUNDAMENTAL_CHANGE|DISCLOSURE_EVENT,NEXT_SESSION_AFTER_MAX_NOTICE_UPDATE,ABSENT,,False,fundamental.statement,NO_FORMAL_SEARCH_IN_THIS_TASK; SOURCE_UNIT_GLOSSARY_NOT_ASSERTED
RECEIVE_REINSURE_NET_YOY,cash_flow_sheet_report_em,FUNDAMENTAL_CHANGE|DISCLOSURE_EVENT,NEXT_SESSION_AFTER_MAX_NOTICE_UPDATE,ABSENT,,False,fundamental.change.source_reported_yoy,NO_FORMAL_SEARCH_IN_THIS_TASK; SOURCE_UNIT_GLOSSARY_NOT_ASSERTED
RECEIVE_SELL_REPO,cash_flow_sheet_report_em,FUNDAMENTAL_LEVEL|FUNDAMENTAL_CHANGE|DISCLOSURE_EVENT,NEXT_SESSION_AFTER_MAX_NOTICE_UPDATE,ABSENT,,False,fundamental.statement,NO_FORMAL_SEARCH_IN_THIS_TASK; SOURCE_UNIT_GLOSSARY_NOT_ASSERTED
RECEIVE_SELL_REPO_YOY,cash_flow_sheet_report_em,FUNDAMENTAL_CHANGE|DISCLOSURE_EVENT,NEXT_SESSION_AFTER_MAX_NOTICE_UPDATE,ABSENT,,False,fundamental.change.source_reported_yoy,NO_FORMAL_SEARCH_IN_THIS_TASK; SOURCE_UNIT_GLOSSARY_NOT_ASSERTED
RECEIVE_TAX_REFUND,cash_flow_sheet_report_em,FUNDAMENTAL_LEVEL|FUNDAMENTAL_CHANGE|DISCLOSURE_EVENT,NEXT_SESSION_AFTER_MAX_NOTICE_UPDATE,ABSENT,,False,fundamental.statement,NO_FORMAL_SEARCH_IN_THIS_TASK; SOURCE_UNIT_GLOSSARY_NOT_ASSERTED
RECEIVE_TAX_REFUND_YOY,cash_flow_sheet_report_em,FUNDAMENTAL_CHANGE|DISCLOSURE_EVENT,NEXT_SESSION_AFTER_MAX_NOTICE_UPDATE,ABSENT,,False,fundamental.change.source_reported_yoy,NO_FORMAL_SEARCH_IN_THIS_TASK; SOURCE_UNIT_GLOSSARY_NOT_ASSERTED
RECEIVE_TRADE_FINASSET,cash_flow_sheet_report_em,FUNDAMENTAL_LEVEL|FUNDAMENTAL_CHANGE|DISCLOSURE_EVENT,NEXT_SESSION_AFTER_MAX_NOTICE_UPDATE,ABSENT,,False,fundamental.statement,NO_FORMAL_SEARCH_IN_THIS_TASK; SOURCE_UNIT_GLOSSARY_NOT_ASSERTED
RECEIVE_TRADE_FINASSET_YOY,cash_flow_sheet_report_em,FUNDAMENTAL_CHANGE|DISCLOSURE_EVENT,NEXT_SESSION_AFTER_MAX_NOTICE_UPDATE,ABSENT,,False,fundamental.change.source_reported_yoy,NO_FORMAL_SEARCH_IN_THIS_TASK; SOURCE_UNIT_GLOSSARY_NOT_ASSERTED
RECEIVE_WRITEOFF,cash_flow_sheet_report_em,FUNDAMENTAL_LEVEL|FUNDAMENTAL_CHANGE|DISCLOSURE_EVENT,NEXT_SESSION_AFTER_MAX_NOTICE_UPDATE,ABSENT,,False,fundamental.statement,NO_FORMAL_SEARCH_IN_THIS_TASK; SOURCE_UNIT_GLOSSARY_NOT_ASSERTED
RECEIVE_WRITEOFF_YOY,cash_flow_sheet_report_em,FUNDAMENTAL_CHANGE|DISCLOSURE_EVENT,NEXT_SESSION_AFTER_MAX_NOTICE_UPDATE,ABSENT,,False,fundamental.change.source_reported_yoy,NO_FORMAL_SEARCH_IN_THIS_TASK; SOURCE_UNIT_GLOSSARY_NOT_ASSERTED
REDUCE_PLEDGE_TIMEDEPOSITS,cash_flow_sheet_report_em,FUNDAMENTAL_LEVEL|FUNDAMENTAL_CHANGE|DISCLOSURE_EVENT,NEXT_SESSION_AFTER_MAX_NOTICE_UPDATE,ABSENT,,False,fundamental.statement,NO_FORMAL_SEARCH_IN_THIS_TASK; SOURCE_UNIT_GLOSSARY_NOT_ASSERTED
REDUCE_PLEDGE_TIMEDEPOSITS_YOY,cash_flow_sheet_report_em,FUNDAMENTAL_CHANGE|DISCLOSURE_EVENT,NEXT_SESSION_AFTER_MAX_NOTICE_UPDATE,ABSENT,,False,fundamental.change.source_reported_yoy,NO_FORMAL_SEARCH_IN_THIS_TASK; SOURCE_UNIT_GLOSSARY_NOT_ASSERTED
REPORT_DATE,cash_flow_sheet_report_em,METADATA_BLOCKED,NEXT_SESSION_AFTER_MAX_NOTICE_UPDATE,ABSENT,,False,BLOCKED,METADATA_NOT_SEARCHABLE
REPORT_DATE_NAME,cash_flow_sheet_report_em,METADATA_BLOCKED,NEXT_SESSION_AFTER_MAX_NOTICE_UPDATE,ABSENT,,False,BLOCKED,METADATA_NOT_SEARCHABLE
REPORT_TYPE,cash_flow_sheet_report_em,METADATA_BLOCKED,NEXT_SESSION_AFTER_MAX_NOTICE_UPDATE,ABSENT,,False,BLOCKED,METADATA_NOT_SEARCHABLE
REPO_BUSINESS_ADD,cash_flow_sheet_report_em,FUNDAMENTAL_LEVEL|FUNDAMENTAL_CHANGE|DISCLOSURE_EVENT,NEXT_SESSION_AFTER_MAX_NOTICE_UPDATE,ABSENT,,False,fundamental.statement,NO_FORMAL_SEARCH_IN_THIS_TASK; SOURCE_UNIT_GLOSSARY_NOT_ASSERTED
REPO_BUSINESS_ADD_YOY,cash_flow_sheet_report_em,FUNDAMENTAL_CHANGE|DISCLOSURE_EVENT,NEXT_SESSION_AFTER_MAX_NOTICE_UPDATE,ABSENT,,False,fundamental.change.source_reported_yoy,NO_FORMAL_SEARCH_IN_THIS_TASK; SOURCE_UNIT_GLOSSARY_NOT_ASSERTED
REPO_BUSINESS_REDUCE,cash_flow_sheet_report_em,FUNDAMENTAL_LEVEL|FUNDAMENTAL_CHANGE|DISCLOSURE_EVENT,NEXT_SESSION_AFTER_MAX_NOTICE_UPDATE,ABSENT,,False,fundamental.statement,NO_FORMAL_SEARCH_IN_THIS_TASK; SOURCE_UNIT_GLOSSARY_NOT_ASSERTED
REPO_BUSINESS_REDUCE_YOY,cash_flow_sheet_report_em,FUNDAMENTAL_CHANGE|DISCLOSURE_EVENT,NEXT_SESSION_AFTER_MAX_NOTICE_UPDATE,ABSENT,,False,fundamental.change.source_reported_yoy,NO_FORMAL_SEARCH_IN_THIS_TASK; SOURCE_UNIT_GLOSSARY_NOT_ASSERTED
SALES_SERVICES,cash_flow_sheet_report_em,FUNDAMENTAL_LEVEL|FUNDAMENTAL_CHANGE|DISCLOSURE_EVENT,NEXT_SESSION_AFTER_MAX_NOTICE_UPDATE,ABSENT,,False,fundamental.statement,NO_FORMAL_SEARCH_IN_THIS_TASK; SOURCE_UNIT_GLOSSARY_NOT_ASSERTED
SALES_SERVICES_YOY,cash_flow_sheet_report_em,FUNDAMENTAL_CHANGE|DISCLOSURE_EVENT,NEXT_SESSION_AFTER_MAX_NOTICE_UPDATE,ABSENT,,False,fundamental.change.source_reported_yoy,NO_FORMAL_SEARCH_IN_THIS_TASK; SOURCE_UNIT_GLOSSARY_NOT_ASSERTED
SECUCODE,cash_flow_sheet_report_em,METADATA_BLOCKED,NEXT_SESSION_AFTER_MAX_NOTICE_UPDATE,ABSENT,,False,BLOCKED,METADATA_NOT_SEARCHABLE
SECURITY_CODE,cash_flow_sheet_report_em,METADATA_BLOCKED,NEXT_SESSION_AFTER_MAX_NOTICE_UPDATE,ABSENT,,False,BLOCKED,METADATA_NOT_SEARCHABLE
SECURITY_NAME_ABBR,cash_flow_sheet_report_em,METADATA_BLOCKED,NEXT_SESSION_AFTER_MAX_NOTICE_UPDATE,ABSENT,,False,BLOCKED,METADATA_NOT_SEARCHABLE
SECURITY_TYPE_CODE,cash_flow_sheet_report_em,METADATA_BLOCKED,NEXT_SESSION_AFTER_MAX_NOTICE_UPDATE,ABSENT,,False,BLOCKED,METADATA_NOT_SEARCHABLE
SELL_REPO_ADD,cash_flow_sheet_report_em,FUNDAMENTAL_LEVEL|FUNDAMENTAL_CHANGE|DISCLOSURE_EVENT,NEXT_SESSION_AFTER_MAX_NOTICE_UPDATE,ABSENT,,False,fundamental.statement,NO_FORMAL_SEARCH_IN_THIS_TASK; SOURCE_UNIT_GLOSSARY_NOT_ASSERTED
SELL_REPO_ADD_YOY,cash_flow_sheet_report_em,FUNDAMENTAL_CHANGE|DISCLOSURE_EVENT,NEXT_SESSION_AFTER_MAX_NOTICE_UPDATE,ABSENT,,False,fundamental.change.source_reported_yoy,NO_FORMAL_SEARCH_IN_THIS_TASK; SOURCE_UNIT_GLOSSARY_NOT_ASSERTED
SELL_REPO_REDUCE,cash_flow_sheet_report_em,FUNDAMENTAL_LEVEL|FUNDAMENTAL_CHANGE|DISCLOSURE_EVENT,NEXT_SESSION_AFTER_MAX_NOTICE_UPDATE,ABSENT,,False,fundamental.statement,NO_FORMAL_SEARCH_IN_THIS_TASK; SOURCE_UNIT_GLOSSARY_NOT_ASSERTED
SELL_REPO_REDUCE_YOY,cash_flow_sheet_report_em,FUNDAMENTAL_CHANGE|DISCLOSURE_EVENT,NEXT_SESSION_AFTER_MAX_NOTICE_UPDATE,ABSENT,,False,fundamental.change.source_reported_yoy,NO_FORMAL_SEARCH_IN_THIS_TASK; SOURCE_UNIT_GLOSSARY_NOT_ASSERTED
SUBSIDIARY_ACCEPT_INVEST,cash_flow_sheet_report_em,FUNDAMENTAL_LEVEL|FUNDAMENTAL_CHANGE|DISCLOSURE_EVENT,NEXT_SESSION_AFTER_MAX_NOTICE_UPDATE,ABSENT,,False,fundamental.statement,NO_FORMAL_SEARCH_IN_THIS_TASK; SOURCE_UNIT_GLOSSARY_NOT_ASSERTED
SUBSIDIARY_ACCEPT_INVEST_YOY,cash_flow_sheet_report_em,FUNDAMENTAL_CHANGE|DISCLOSURE_EVENT,NEXT_SESSION_AFTER_MAX_NOTICE_UPDATE,ABSENT,,False,fundamental.change.source_reported_yoy,NO_FORMAL_SEARCH_IN_THIS_TASK; SOURCE_UNIT_GLOSSARY_NOT_ASSERTED
SUBSIDIARY_PAY_DIVIDEND,cash_flow_sheet_report_em,FUNDAMENTAL_LEVEL|FUNDAMENTAL_CHANGE|DISCLOSURE_EVENT,NEXT_SESSION_AFTER_MAX_NOTICE_UPDATE,ABSENT,,False,fundamental.statement,NO_FORMAL_SEARCH_IN_THIS_TASK; SOURCE_UNIT_GLOSSARY_NOT_ASSERTED
SUBSIDIARY_PAY_DIVIDEND_YOY,cash_flow_sheet_report_em,FUNDAMENTAL_CHANGE|DISCLOSURE_EVENT,NEXT_SESSION_AFTER_MAX_NOTICE_UPDATE,ABSENT,,False,fundamental.change.source_reported_yoy,NO_FORMAL_SEARCH_IN_THIS_TASK; SOURCE_UNIT_GLOSSARY_NOT_ASSERTED
SUBSIDIARY_REDUCE_CASH,cash_flow_sheet_report_em,FUNDAMENTAL_LEVEL|FUNDAMENTAL_CHANGE|DISCLOSURE_EVENT,NEXT_SESSION_AFTER_MAX_NOTICE_UPDATE,ABSENT,,False,fundamental.statement,NO_FORMAL_SEARCH_IN_THIS_TASK; SOURCE_UNIT_GLOSSARY_NOT_ASSERTED
SUBSIDIARY_REDUCE_CASH_YOY,cash_flow_sheet_report_em,FUNDAMENTAL_CHANGE|DISCLOSURE_EVENT,NEXT_SESSION_AFTER_MAX_NOTICE_UPDATE,ABSENT,,False,fundamental.change.source_reported_yoy,NO_FORMAL_SEARCH_IN_THIS_TASK; SOURCE_UNIT_GLOSSARY_NOT_ASSERTED
TOTAL_FINANCE_INFLOW,cash_flow_sheet_report_em,FUNDAMENTAL_LEVEL|FUNDAMENTAL_CHANGE|DISCLOSURE_EVENT,NEXT_SESSION_AFTER_MAX_NOTICE_UPDATE,ABSENT,,False,fundamental.statement,NO_FORMAL_SEARCH_IN_THIS_TASK; SOURCE_UNIT_GLOSSARY_NOT_ASSERTED
TOTAL_FINANCE_INFLOW_YOY,cash_flow_sheet_report_em,FUNDAMENTAL_CHANGE|DISCLOSURE_EVENT,NEXT_SESSION_AFTER_MAX_NOTICE_UPDATE,ABSENT,,False,fundamental.change.source_reported_yoy,NO_FORMAL_SEARCH_IN_THIS_TASK; SOURCE_UNIT_GLOSSARY_NOT_ASSERTED
TOTAL_FINANCE_OUTFLOW,cash_flow_sheet_report_em,FUNDAMENTAL_LEVEL|FUNDAMENTAL_CHANGE|DISCLOSURE_EVENT,NEXT_SESSION_AFTER_MAX_NOTICE_UPDATE,ABSENT,,False,fundamental.statement,NO_FORMAL_SEARCH_IN_THIS_TASK; SOURCE_UNIT_GLOSSARY_NOT_ASSERTED
TOTAL_FINANCE_OUTFLOW_YOY,cash_flow_sheet_report_em,FUNDAMENTAL_CHANGE|DISCLOSURE_EVENT,NEXT_SESSION_AFTER_MAX_NOTICE_UPDATE,ABSENT,,False,fundamental.change.source_reported_yoy,NO_FORMAL_SEARCH_IN_THIS_TASK; SOURCE_UNIT_GLOSSARY_NOT_ASSERTED
TOTAL_INVEST_INFLOW,cash_flow_sheet_report_em,FUNDAMENTAL_LEVEL|FUNDAMENTAL_CHANGE|DISCLOSURE_EVENT,NEXT_SESSION_AFTER_MAX_NOTICE_UPDATE,ABSENT,,False,fundamental.statement,NO_FORMAL_SEARCH_IN_THIS_TASK; SOURCE_UNIT_GLOSSARY_NOT_ASSERTED
TOTAL_INVEST_INFLOW_YOY,cash_flow_sheet_report_em,FUNDAMENTAL_CHANGE|DISCLOSURE_EVENT,NEXT_SESSION_AFTER_MAX_NOTICE_UPDATE,ABSENT,,False,fundamental.change.source_reported_yoy,NO_FORMAL_SEARCH_IN_THIS_TASK; SOURCE_UNIT_GLOSSARY_NOT_ASSERTED
TOTAL_INVEST_OUTFLOW,cash_flow_sheet_report_em,FUNDAMENTAL_LEVEL|FUNDAMENTAL_CHANGE|DISCLOSURE_EVENT,NEXT_SESSION_AFTER_MAX_NOTICE_UPDATE,ABSENT,,False,fundamental.statement,NO_FORMAL_SEARCH_IN_THIS_TASK; SOURCE_UNIT_GLOSSARY_NOT_ASSERTED
TOTAL_INVEST_OUTFLOW_YOY,cash_flow_sheet_report_em,FUNDAMENTAL_CHANGE|DISCLOSURE_EVENT,NEXT_SESSION_AFTER_MAX_NOTICE_UPDATE,ABSENT,,False,fundamental.change.source_reported_yoy,NO_FORMAL_SEARCH_IN_THIS_TASK; SOURCE_UNIT_GLOSSARY_NOT_ASSERTED
TOTAL_OPERATE_INFLOW,cash_flow_sheet_report_em,FUNDAMENTAL_LEVEL|FUNDAMENTAL_CHANGE|DISCLOSURE_EVENT,NEXT_SESSION_AFTER_MAX_NOTICE_UPDATE,ABSENT,,False,fundamental.statement,NO_FORMAL_SEARCH_IN_THIS_TASK; SOURCE_UNIT_GLOSSARY_NOT_ASSERTED
TOTAL_OPERATE_INFLOW_YOY,cash_flow_sheet_report_em,FUNDAMENTAL_CHANGE|DISCLOSURE_EVENT,NEXT_SESSION_AFTER_MAX_NOTICE_UPDATE,ABSENT,,False,fundamental.change.source_reported_yoy,NO_FORMAL_SEARCH_IN_THIS_TASK; SOURCE_UNIT_GLOSSARY_NOT_ASSERTED
TOTAL_OPERATE_OUTFLOW,cash_flow_sheet_report_em,FUNDAMENTAL_LEVEL|FUNDAMENTAL_CHANGE|DISCLOSURE_EVENT,NEXT_SESSION_AFTER_MAX_NOTICE_UPDATE,ABSENT,,False,fundamental.statement,NO_FORMAL_SEARCH_IN_THIS_TASK; SOURCE_UNIT_GLOSSARY_NOT_ASSERTED
TOTAL_OPERATE_OUTFLOW_YOY,cash_flow_sheet_report_em,FUNDAMENTAL_CHANGE|DISCLOSURE_EVENT,NEXT_SESSION_AFTER_MAX_NOTICE_UPDATE,ABSENT,,False,fundamental.change.source_reported_yoy,NO_FORMAL_SEARCH_IN_THIS_TASK; SOURCE_UNIT_GLOSSARY_NOT_ASSERTED
TRADE_FINASSET_ADD,cash_flow_sheet_report_em,FUNDAMENTAL_LEVEL|FUNDAMENTAL_CHANGE|DISCLOSURE_EVENT,NEXT_SESSION_AFTER_MAX_NOTICE_UPDATE,ABSENT,,False,fundamental.statement,NO_FORMAL_SEARCH_IN_THIS_TASK; SOURCE_UNIT_GLOSSARY_NOT_ASSERTED
TRADE_FINASSET_ADD_YOY,cash_flow_sheet_report_em,FUNDAMENTAL_CHANGE|DISCLOSURE_EVENT,NEXT_SESSION_AFTER_MAX_NOTICE_UPDATE,ABSENT,,False,fundamental.change.source_reported_yoy,NO_FORMAL_SEARCH_IN_THIS_TASK; SOURCE_UNIT_GLOSSARY_NOT_ASSERTED
TRADE_FINASSET_REDUCE,cash_flow_sheet_report_em,FUNDAMENTAL_LEVEL|FUNDAMENTAL_CHANGE|DISCLOSURE_EVENT,NEXT_SESSION_AFTER_MAX_NOTICE_UPDATE,ABSENT,,False,fundamental.statement,NO_FORMAL_SEARCH_IN_THIS_TASK; SOURCE_UNIT_GLOSSARY_NOT_ASSERTED
TRADE_FINASSET_REDUCE_YOY,cash_flow_sheet_report_em,FUNDAMENTAL_CHANGE|DISCLOSURE_EVENT,NEXT_SESSION_AFTER_MAX_NOTICE_UPDATE,ABSENT,,False,fundamental.change.source_reported_yoy,NO_FORMAL_SEARCH_IN_THIS_TASK; SOURCE_UNIT_GLOSSARY_NOT_ASSERTED
TRADE_FINLIAB_ADD,cash_flow_sheet_report_em,FUNDAMENTAL_LEVEL|FUNDAMENTAL_CHANGE|DISCLOSURE_EVENT,NEXT_SESSION_AFTER_MAX_NOTICE_UPDATE,ABSENT,,False,fundamental.statement,NO_FORMAL_SEARCH_IN_THIS_TASK; SOURCE_UNIT_GLOSSARY_NOT_ASSERTED
TRADE_FINLIAB_ADD_YOY,cash_flow_sheet_report_em,FUNDAMENTAL_CHANGE|DISCLOSURE_EVENT,NEXT_SESSION_AFTER_MAX_NOTICE_UPDATE,ABSENT,,False,fundamental.change.source_reported_yoy,NO_FORMAL_SEARCH_IN_THIS_TASK; SOURCE_UNIT_GLOSSARY_NOT_ASSERTED
TRADE_FINLIAB_REDUCE,cash_flow_sheet_report_em,FUNDAMENTAL_LEVEL|FUNDAMENTAL_CHANGE|DISCLOSURE_EVENT,NEXT_SESSION_AFTER_MAX_NOTICE_UPDATE,ABSENT,,False,fundamental.statement,NO_FORMAL_SEARCH_IN_THIS_TASK; SOURCE_UNIT_GLOSSARY_NOT_ASSERTED
TRADE_FINLIAB_REDUCE_YOY,cash_flow_sheet_report_em,FUNDAMENTAL_CHANGE|DISCLOSURE_EVENT,NEXT_SESSION_AFTER_MAX_NOTICE_UPDATE,ABSENT,,False,fundamental.change.source_reported_yoy,NO_FORMAL_SEARCH_IN_THIS_TASK; SOURCE_UNIT_GLOSSARY_NOT_ASSERTED
TRADE_SETTLE_ADD,cash_flow_sheet_report_em,FUNDAMENTAL_LEVEL|FUNDAMENTAL_CHANGE|DISCLOSURE_EVENT,NEXT_SESSION_AFTER_MAX_NOTICE_UPDATE,ABSENT,,False,fundamental.statement,NO_FORMAL_SEARCH_IN_THIS_TASK; SOURCE_UNIT_GLOSSARY_NOT_ASSERTED
TRADE_SETTLE_ADD_YOY,cash_flow_sheet_report_em,FUNDAMENTAL_CHANGE|DISCLOSURE_EVENT,NEXT_SESSION_AFTER_MAX_NOTICE_UPDATE,ABSENT,,False,fundamental.change.source_reported_yoy,NO_FORMAL_SEARCH_IN_THIS_TASK; SOURCE_UNIT_GLOSSARY_NOT_ASSERTED
TRADE_SETTLE_REDUCE,cash_flow_sheet_report_em,FUNDAMENTAL_LEVEL|FUNDAMENTAL_CHANGE|DISCLOSURE_EVENT,NEXT_SESSION_AFTER_MAX_NOTICE_UPDATE,ABSENT,,False,fundamental.statement,NO_FORMAL_SEARCH_IN_THIS_TASK; SOURCE_UNIT_GLOSSARY_NOT_ASSERTED
TRADE_SETTLE_REDUCE_YOY,cash_flow_sheet_report_em,FUNDAMENTAL_CHANGE|DISCLOSURE_EVENT,NEXT_SESSION_AFTER_MAX_NOTICE_UPDATE,ABSENT,,False,fundamental.change.source_reported_yoy,NO_FORMAL_SEARCH_IN_THIS_TASK; SOURCE_UNIT_GLOSSARY_NOT_ASSERTED
TRANSFER_INVEST_IMPAIRMENT,cash_flow_sheet_report_em,FUNDAMENTAL_LEVEL|FUNDAMENTAL_CHANGE|DISCLOSURE_EVENT,NEXT_SESSION_AFTER_MAX_NOTICE_UPDATE,ABSENT,,False,fundamental.statement,NO_FORMAL_SEARCH_IN_THIS_TASK; SOURCE_UNIT_GLOSSARY_NOT_ASSERTED
TRANSFER_INVEST_IMPAIRMENT_YOY,cash_flow_sheet_report_em,FUNDAMENTAL_CHANGE|DISCLOSURE_EVENT,NEXT_SESSION_AFTER_MAX_NOTICE_UPDATE,ABSENT,,False,fundamental.change.source_reported_yoy,NO_FORMAL_SEARCH_IN_THIS_TASK; SOURCE_UNIT_GLOSSARY_NOT_ASSERTED
UNDERWRITE_SECURITY,cash_flow_sheet_report_em,FUNDAMENTAL_LEVEL|FUNDAMENTAL_CHANGE|DISCLOSURE_EVENT,NEXT_SESSION_AFTER_MAX_NOTICE_UPDATE,ABSENT,,False,fundamental.statement,NO_FORMAL_SEARCH_IN_THIS_TASK; SOURCE_UNIT_GLOSSARY_NOT_ASSERTED
UNDERWRITE_SECURITY_YOY,cash_flow_sheet_report_em,FUNDAMENTAL_CHANGE|DISCLOSURE_EVENT,NEXT_SESSION_AFTER_MAX_NOTICE_UPDATE,ABSENT,,False,fundamental.change.source_reported_yoy,NO_FORMAL_SEARCH_IN_THIS_TASK; SOURCE_UNIT_GLOSSARY_NOT_ASSERTED
UNINVOLVE_INVESTFIN_OTHER,cash_flow_sheet_report_em,FUNDAMENTAL_LEVEL|FUNDAMENTAL_CHANGE|DISCLOSURE_EVENT,NEXT_SESSION_AFTER_MAX_NOTICE_UPDATE,ABSENT,,False,fundamental.statement,NO_FORMAL_SEARCH_IN_THIS_TASK; SOURCE_UNIT_GLOSSARY_NOT_ASSERTED
UNINVOLVE_INVESTFIN_OTHER_YOY,cash_flow_sheet_report_em,FUNDAMENTAL_CHANGE|DISCLOSURE_EVENT,NEXT_SESSION_AFTER_MAX_NOTICE_UPDATE,ABSENT,,False,fundamental.change.source_reported_yoy,NO_FORMAL_SEARCH_IN_THIS_TASK; SOURCE_UNIT_GLOSSARY_NOT_ASSERTED
UPDATE_DATE,cash_flow_sheet_report_em,METADATA_BLOCKED,NEXT_SESSION_AFTER_MAX_NOTICE_UPDATE,ABSENT,,False,BLOCKED,METADATA_NOT_SEARCHABLE
USERIGHT_ASSET_AMORTIZE,cash_flow_sheet_report_em,FUNDAMENTAL_LEVEL|FUNDAMENTAL_CHANGE|DISCLOSURE_EVENT,NEXT_SESSION_AFTER_MAX_NOTICE_UPDATE,ABSENT,,False,fundamental.statement,NO_FORMAL_SEARCH_IN_THIS_TASK; SOURCE_UNIT_GLOSSARY_NOT_ASSERTED
USERIGHT_ASSET_AMORTIZE_YOY,cash_flow_sheet_report_em,FUNDAMENTAL_CHANGE|DISCLOSURE_EVENT,NEXT_SESSION_AFTER_MAX_NOTICE_UPDATE,ABSENT,,False,fundamental.change.source_reported_yoy,NO_FORMAL_SEARCH_IN_THIS_TASK; SOURCE_UNIT_GLOSSARY_NOT_ASSERTED
WITHDRAW_INVEST,cash_flow_sheet_report_em,FUNDAMENTAL_LEVEL|FUNDAMENTAL_CHANGE|DISCLOSURE_EVENT,NEXT_SESSION_AFTER_MAX_NOTICE_UPDATE,ABSENT,,False,fundamental.statement,NO_FORMAL_SEARCH_IN_THIS_TASK; SOURCE_UNIT_GLOSSARY_NOT_ASSERTED
WITHDRAW_INVEST_YOY,cash_flow_sheet_report_em,FUNDAMENTAL_CHANGE|DISCLOSURE_EVENT,NEXT_SESSION_AFTER_MAX_NOTICE_UPDATE,ABSENT,,False,fundamental.change.source_reported_yoy,NO_FORMAL_SEARCH_IN_THIS_TASK; SOURCE_UNIT_GLOSSARY_NOT_ASSERTED
WITHDRAW_WRITEOFF_LOAN,cash_flow_sheet_report_em,FUNDAMENTAL_LEVEL|FUNDAMENTAL_CHANGE|DISCLOSURE_EVENT,NEXT_SESSION_AFTER_MAX_NOTICE_UPDATE,ABSENT,,False,fundamental.statement,NO_FORMAL_SEARCH_IN_THIS_TASK; SOURCE_UNIT_GLOSSARY_NOT_ASSERTED
WITHDRAW_WRITEOFF_LOAN_YOY,cash_flow_sheet_report_em,FUNDAMENTAL_CHANGE|DISCLOSURE_EVENT,NEXT_SESSION_AFTER_MAX_NOTICE_UPDATE,ABSENT,,False,fundamental.change.source_reported_yoy,NO_FORMAL_SEARCH_IN_THIS_TASK; SOURCE_UNIT_GLOSSARY_NOT_ASSERTED
ingest_time_utc,cash_flow_sheet_report_em,METADATA_BLOCKED,NEXT_SESSION_AFTER_MAX_NOTICE_UPDATE,ABSENT,,False,BLOCKED,METADATA_NOT_SEARCHABLE
source_code6,cash_flow_sheet_report_em,METADATA_BLOCKED,NEXT_SESSION_AFTER_MAX_NOTICE_UPDATE,ABSENT,,False,BLOCKED,METADATA_NOT_SEARCHABLE
source_dataset,cash_flow_sheet_report_em,METADATA_BLOCKED,NEXT_SESSION_AFTER_MAX_NOTICE_UPDATE,ABSENT,,False,BLOCKED,METADATA_NOT_SEARCHABLE
source_em,cash_flow_sheet_report_em,METADATA_BLOCKED,NEXT_SESSION_AFTER_MAX_NOTICE_UPDATE,ABSENT,,False,BLOCKED,METADATA_NOT_SEARCHABLE
source_family,cash_flow_sheet_report_em,METADATA_BLOCKED,NEXT_SESSION_AFTER_MAX_NOTICE_UPDATE,ABSENT,,False,BLOCKED,METADATA_NOT_SEARCHABLE
source_file,cash_flow_sheet_report_em,METADATA_BLOCKED,NEXT_SESSION_AFTER_MAX_NOTICE_UPDATE,ABSENT,,False,BLOCKED,METADATA_NOT_SEARCHABLE
ingest_time_utc,zygc_em,METADATA_BLOCKED,PIT_CONTRACT_UNRESOLVED,ABSENT,,False,BLOCKED,NO_INDEPENDENT_DISCLOSURE_OR_OBSERVABLE_TIME
source_code6,zygc_em,METADATA_BLOCKED,PIT_CONTRACT_UNRESOLVED,ABSENT,,False,BLOCKED,NO_INDEPENDENT_DISCLOSURE_OR_OBSERVABLE_TIME
source_dataset,zygc_em,METADATA_BLOCKED,PIT_CONTRACT_UNRESOLVED,ABSENT,,False,BLOCKED,NO_INDEPENDENT_DISCLOSURE_OR_OBSERVABLE_TIME
source_em,zygc_em,METADATA_BLOCKED,PIT_CONTRACT_UNRESOLVED,ABSENT,,False,BLOCKED,NO_INDEPENDENT_DISCLOSURE_OR_OBSERVABLE_TIME
source_family,zygc_em,METADATA_BLOCKED,PIT_CONTRACT_UNRESOLVED,ABSENT,,False,BLOCKED,NO_INDEPENDENT_DISCLOSURE_OR_OBSERVABLE_TIME
source_file,zygc_em,METADATA_BLOCKED,PIT_CONTRACT_UNRESOLVED,ABSENT,,False,BLOCKED,NO_INDEPENDENT_DISCLOSURE_OR_OBSERVABLE_TIME
主营利润,zygc_em,FUNDAMENTAL_LEVEL|FUNDAMENTAL_CHANGE|DISCLOSURE_EVENT,PIT_CONTRACT_UNRESOLVED,ABSENT,,False,pit_unresolved,NO_INDEPENDENT_DISCLOSURE_OR_OBSERVABLE_TIME
主营成本,zygc_em,FUNDAMENTAL_LEVEL|FUNDAMENTAL_CHANGE|DISCLOSURE_EVENT,PIT_CONTRACT_UNRESOLVED,ABSENT,,False,pit_unresolved,NO_INDEPENDENT_DISCLOSURE_OR_OBSERVABLE_TIME
主营收入,zygc_em,FUNDAMENTAL_LEVEL|FUNDAMENTAL_CHANGE|DISCLOSURE_EVENT,PIT_CONTRACT_UNRESOLVED,ABSENT,,False,pit_unresolved,NO_INDEPENDENT_DISCLOSURE_OR_OBSERVABLE_TIME
主营构成,zygc_em,METADATA_BLOCKED,PIT_CONTRACT_UNRESOLVED,ABSENT,,False,BLOCKED,NO_INDEPENDENT_DISCLOSURE_OR_OBSERVABLE_TIME
分类类型,zygc_em,METADATA_BLOCKED,PIT_CONTRACT_UNRESOLVED,ABSENT,,False,BLOCKED,NO_INDEPENDENT_DISCLOSURE_OR_OBSERVABLE_TIME
利润比例,zygc_em,FUNDAMENTAL_LEVEL|FUNDAMENTAL_CHANGE|DISCLOSURE_EVENT,PIT_CONTRACT_UNRESOLVED,ABSENT,,False,pit_unresolved,NO_INDEPENDENT_DISCLOSURE_OR_OBSERVABLE_TIME
成本比例,zygc_em,FUNDAMENTAL_LEVEL|FUNDAMENTAL_CHANGE|DISCLOSURE_EVENT,PIT_CONTRACT_UNRESOLVED,ABSENT,,False,pit_unresolved,NO_INDEPENDENT_DISCLOSURE_OR_OBSERVABLE_TIME
报告日期,zygc_em,METADATA_BLOCKED,PIT_CONTRACT_UNRESOLVED,ABSENT,,False,BLOCKED,NO_INDEPENDENT_DISCLOSURE_OR_OBSERVABLE_TIME
收入比例,zygc_em,FUNDAMENTAL_LEVEL|FUNDAMENTAL_CHANGE|DISCLOSURE_EVENT,PIT_CONTRACT_UNRESOLVED,ABSENT,,False,pit_unresolved,NO_INDEPENDENT_DISCLOSURE_OR_OBSERVABLE_TIME
毛利率,zygc_em,FUNDAMENTAL_LEVEL|FUNDAMENTAL_CHANGE|DISCLOSURE_EVENT,PIT_CONTRACT_UNRESOLVED,ABSENT,,False,pit_unresolved,NO_INDEPENDENT_DISCLOSURE_OR_OBSERVABLE_TIME
股票代码,zygc_em,METADATA_BLOCKED,PIT_CONTRACT_UNRESOLVED,ABSENT,,False,BLOCKED,NO_INDEPENDENT_DISCLOSURE_OR_OBSERVABLE_TIME
ingest_time_utc,main_stock_holder_sina,METADATA_BLOCKED,NEXT_SESSION_AFTER_ANNOUNCEMENT,ABSENT,,False,BLOCKED,METADATA_NOT_SEARCHABLE
source_code6,main_stock_holder_sina,METADATA_BLOCKED,NEXT_SESSION_AFTER_ANNOUNCEMENT,ABSENT,,False,BLOCKED,METADATA_NOT_SEARCHABLE
source_dataset,main_stock_holder_sina,METADATA_BLOCKED,NEXT_SESSION_AFTER_ANNOUNCEMENT,ABSENT,,False,BLOCKED,METADATA_NOT_SEARCHABLE
source_em,main_stock_holder_sina,METADATA_BLOCKED,NEXT_SESSION_AFTER_ANNOUNCEMENT,ABSENT,,False,BLOCKED,METADATA_NOT_SEARCHABLE
source_family,main_stock_holder_sina,METADATA_BLOCKED,NEXT_SESSION_AFTER_ANNOUNCEMENT,ABSENT,,False,BLOCKED,METADATA_NOT_SEARCHABLE
source_file,main_stock_holder_sina,METADATA_BLOCKED,NEXT_SESSION_AFTER_ANNOUNCEMENT,ABSENT,,False,BLOCKED,METADATA_NOT_SEARCHABLE
公告日期,main_stock_holder_sina,METADATA_BLOCKED,NEXT_SESSION_AFTER_ANNOUNCEMENT,ABSENT,,False,BLOCKED,METADATA_NOT_SEARCHABLE
平均持股数,main_stock_holder_sina,FUNDAMENTAL_LEVEL|FUNDAMENTAL_CHANGE|DISCLOSURE_EVENT,NEXT_SESSION_AFTER_ANNOUNCEMENT,SEMANTIC_EQUIVALENT_OTHER_SOURCE,ctx_holder_avg_hold_num,False,fundamental.holder,NO_FORMAL_SEARCH_IN_THIS_TASK; SOURCE_UNIT_GLOSSARY_NOT_ASSERTED
截至日期,main_stock_holder_sina,METADATA_BLOCKED,NEXT_SESSION_AFTER_ANNOUNCEMENT,ABSENT,,False,BLOCKED,METADATA_NOT_SEARCHABLE
持股数量,main_stock_holder_sina,FUNDAMENTAL_LEVEL|FUNDAMENTAL_CHANGE|DISCLOSURE_EVENT,NEXT_SESSION_AFTER_ANNOUNCEMENT,ABSENT,,False,fundamental.holder,HOLDER_LEVEL_VALUE_REQUIRES_PREDECLARED_STOCK_EPISODE_AGGREGATION
持股比例,main_stock_holder_sina,FUNDAMENTAL_LEVEL|FUNDAMENTAL_CHANGE|DISCLOSURE_EVENT,NEXT_SESSION_AFTER_ANNOUNCEMENT,ABSENT,,False,fundamental.holder,HOLDER_LEVEL_VALUE_REQUIRES_PREDECLARED_STOCK_EPISODE_AGGREGATION
编号,main_stock_holder_sina,METADATA_BLOCKED,NEXT_SESSION_AFTER_ANNOUNCEMENT,ABSENT,,False,BLOCKED,METADATA_NOT_SEARCHABLE
股东名称,main_stock_holder_sina,METADATA_BLOCKED,NEXT_SESSION_AFTER_ANNOUNCEMENT,ABSENT,,False,BLOCKED,METADATA_NOT_SEARCHABLE
股东总数,main_stock_holder_sina,FUNDAMENTAL_LEVEL|FUNDAMENTAL_CHANGE|DISCLOSURE_EVENT,NEXT_SESSION_AFTER_ANNOUNCEMENT,SEMANTIC_EQUIVALENT_OTHER_SOURCE,ctx_holder_holder_num,False,fundamental.holder,NO_FORMAL_SEARCH_IN_THIS_TASK; SOURCE_UNIT_GLOSSARY_NOT_ASSERTED
股东说明,main_stock_holder_sina,METADATA_BLOCKED,NEXT_SESSION_AFTER_ANNOUNCEMENT,ABSENT,,False,BLOCKED,METADATA_NOT_SEARCHABLE
股本性质,main_stock_holder_sina,FUNDAMENTAL_CONDITION,NEXT_SESSION_AFTER_ANNOUNCEMENT,ABSENT,,False,fundamental.condition,NO_FORMAL_SEARCH_IN_THIS_TASK; SOURCE_UNIT_GLOSSARY_NOT_ASSERTED
