source_field_id,source_table,source_field,semantic_role,entity_scope,report_period_field,observable_time_field,revision_time_field,pit_status,fabric_field_id,materialization_status,recommended_search_routes,blocked_reason,source_family,source_dtype,observable_time_policy,fabric_typed_routes,current_121_presence,current_121_field,current_generator_exposure,development_safe_non_null,development_safe_missing
cn_source::balance_sheet_report_em::ACCEPT_DEPOSIT,balance_sheet_report_em,ACCEPT_DEPOSIT,FUNDAMENTAL_LEVEL|FUNDAMENTAL_CHANGE|DISCLOSURE_EVENT,STOCK_REPORT_PERIOD,REPORT_DATE,NOTICE_DATE,UPDATE_DATE,PIT_SAFE_CURRENT_SNAPSHOT_ONLY,balance_sheet_report_em.ACCEPT_DEPOSIT,PIT_SIDECAR_REGISTERED_LAZY_NOT_MINUTE_EXPANDED,SLOW_XS_LEVEL|SLOW_TEMPORAL_CHANGE|DISCLOSURE_EVENT,NO_FORMAL_SEARCH_IN_THIS_TASK; SOURCE_UNIT_GLOSSARY_NOT_ASSERTED,fundamental_balance_sheet,double,NEXT_SESSION_AFTER_MAX_NOTICE_UPDATE,pit_fundamental.level|pit_fundamental.change|pit_fundamental.disclosure_event,ABSENT,,False,2488,272273
cn_source::balance_sheet_report_em::ACCEPT_DEPOSIT_INTERBANK,balance_sheet_report_em,ACCEPT_DEPOSIT_INTERBANK,FUNDAMENTAL_LEVEL|FUNDAMENTAL_CHANGE|DISCLOSURE_EVENT,STOCK_REPORT_PERIOD,REPORT_DATE,NOTICE_DATE,UPDATE_DATE,PIT_SAFE_CURRENT_SNAPSHOT_ONLY,balance_sheet_report_em.ACCEPT_DEPOSIT_INTERBANK,PIT_SIDECAR_REGISTERED_LAZY_NOT_MINUTE_EXPANDED,SLOW_XS_LEVEL|SLOW_TEMPORAL_CHANGE|DISCLOSURE_EVENT,NO_FORMAL_SEARCH_IN_THIS_TASK; SOURCE_UNIT_GLOSSARY_NOT_ASSERTED,fundamental_balance_sheet,double,NEXT_SESSION_AFTER_MAX_NOTICE_UPDATE,pit_fundamental.level|pit_fundamental.change|pit_fundamental.disclosure_event,ABSENT,,False,26424,248337
cn_source::balance_sheet_report_em::ACCEPT_DEPOSIT_INTERBANK_YOY,balance_sheet_report_em,ACCEPT_DEPOSIT_INTERBANK_YOY,FUNDAMENTAL_CHANGE|DISCLOSURE_EVENT,STOCK_REPORT_PERIOD,REPORT_DATE,NOTICE_DATE,UPDATE_DATE,PIT_SAFE_CURRENT_SNAPSHOT_ONLY,balance_sheet_report_em.ACCEPT_DEPOSIT_INTERBANK_YOY,PIT_SIDECAR_REGISTERED_LAZY_NOT_MINUTE_EXPANDED,SLOW_TEMPORAL_CHANGE|DISCLOSURE_EVENT,NO_FORMAL_SEARCH_IN_THIS_TASK; SOURCE_UNIT_GLOSSARY_NOT_ASSERTED,fundamental_balance_sheet,double,NEXT_SESSION_AFTER_MAX_NOTICE_UPDATE,pit_fundamental.change|pit_fundamental.disclosure_event,ABSENT,,False,1366,273395
cn_source::balance_sheet_report_em::ACCEPT_DEPOSIT_YOY,balance_sheet_report_em,ACCEPT_DEPOSIT_YOY,FUNDAMENTAL_CHANGE|DISCLOSURE_EVENT,STOCK_REPORT_PERIOD,REPORT_DATE,NOTICE_DATE,UPDATE_DATE,PIT_SAFE_CURRENT_SNAPSHOT_ONLY,balance_sheet_report_em.ACCEPT_DEPOSIT_YOY,PIT_SIDECAR_REGISTERED_LAZY_NOT_MINUTE_EXPANDED,SLOW_TEMPORAL_CHANGE|DISCLOSURE_EVENT,NO_FORMAL_SEARCH_IN_THIS_TASK; SOURCE_UNIT_GLOSSARY_NOT_ASSERTED,fundamental_balance_sheet,double,NEXT_SESSION_AFTER_MAX_NOTICE_UPDATE,pit_fundamental.change|pit_fundamental.disclosure_event,ABSENT,,False,2191,272570
cn_source::balance_sheet_report_em::ACCOUNTS_PAYABLE,balance_sheet_report_em,ACCOUNTS_PAYABLE,FUNDAMENTAL_LEVEL|FUNDAMENTAL_CHANGE|DISCLOSURE_EVENT,STOCK_REPORT_PERIOD,REPORT_DATE,NOTICE_DATE,UPDATE_DATE,PIT_SAFE_CURRENT_SNAPSHOT_ONLY,balance_sheet_report_em.ACCOUNTS_PAYABLE,PIT_SIDECAR_REGISTERED_LAZY_NOT_MINUTE_EXPANDED,SLOW_XS_LEVEL|SLOW_TEMPORAL_CHANGE|DISCLOSURE_EVENT,NO_FORMAL_SEARCH_IN_THIS_TASK; SOURCE_UNIT_GLOSSARY_NOT_ASSERTED,fundamental_balance_sheet,double,NEXT_SESSION_AFTER_MAX_NOTICE_UPDATE,pit_fundamental.level|pit_fundamental.change|pit_fundamental.disclosure_event,ABSENT,,False,259715,15046
cn_source::balance_sheet_report_em::ACCOUNTS_PAYABLE_YOY,balance_sheet_report_em,ACCOUNTS_PAYABLE_YOY,FUNDAMENTAL_CHANGE|DISCLOSURE_EVENT,STOCK_REPORT_PERIOD,REPORT_DATE,NOTICE_DATE,UPDATE_DATE,PIT_SAFE_CURRENT_SNAPSHOT_ONLY,balance_sheet_report_em.ACCOUNTS_PAYABLE_YOY,PIT_SIDECAR_REGISTERED_LAZY_NOT_MINUTE_EXPANDED,SLOW_TEMPORAL_CHANGE|DISCLOSURE_EVENT,NO_FORMAL_SEARCH_IN_THIS_TASK; SOURCE_UNIT_GLOSSARY_NOT_ASSERTED,fundamental_balance_sheet,double,NEXT_SESSION_AFTER_MAX_NOTICE_UPDATE,pit_fundamental.change|pit_fundamental.disclosure_event,ABSENT,,False,230739,44022
cn_source::balance_sheet_report_em::ACCOUNTS_RECE,balance_sheet_report_em,ACCOUNTS_RECE,FUNDAMENTAL_LEVEL|FUNDAMENTAL_CHANGE|DISCLOSURE_EVENT,STOCK_REPORT_PERIOD,REPORT_DATE,NOTICE_DATE,UPDATE_DATE,PIT_SAFE_CURRENT_SNAPSHOT_ONLY,balance_sheet_report_em.ACCOUNTS_RECE,PIT_SIDECAR_REGISTERED_LAZY_NOT_MINUTE_EXPANDED,SLOW_XS_LEVEL|SLOW_TEMPORAL_CHANGE|DISCLOSURE_EVENT,NO_FORMAL_SEARCH_IN_THIS_TASK; SOURCE_UNIT_GLOSSARY_NOT_ASSERTED,fundamental_balance_sheet,double,NEXT_SESSION_AFTER_MAX_NOTICE_UPDATE,pit_fundamental.level|pit_fundamental.change|pit_fundamental.disclosure_event,ABSENT,,False,260434,14327
cn_source::balance_sheet_report_em::ACCOUNTS_RECE_YOY,balance_sheet_report_em,ACCOUNTS_RECE_YOY,FUNDAMENTAL_CHANGE|DISCLOSURE_EVENT,STOCK_REPORT_PERIOD,REPORT_DATE,NOTICE_DATE,UPDATE_DATE,PIT_SAFE_CURRENT_SNAPSHOT_ONLY,balance_sheet_report_em.ACCOUNTS_RECE_YOY,PIT_SIDECAR_REGISTERED_LAZY_NOT_MINUTE_EXPANDED,SLOW_TEMPORAL_CHANGE|DISCLOSURE_EVENT,NO_FORMAL_SEARCH_IN_THIS_TASK; SOURCE_UNIT_GLOSSARY_NOT_ASSERTED,fundamental_balance_sheet,double,NEXT_SESSION_AFTER_MAX_NOTICE_UPDATE,pit_fundamental.change|pit_fundamental.disclosure_event,ABSENT,,False,236062,38699
cn_source::balance_sheet_report_em::ACCRUED_EXPENSE,balance_sheet_report_em,ACCRUED_EXPENSE,FUNDAMENTAL_LEVEL|FUNDAMENTAL_CHANGE|DISCLOSURE_EVENT,STOCK_REPORT_PERIOD,REPORT_DATE,NOTICE_DATE,UPDATE_DATE,PIT_SAFE_CURRENT_SNAPSHOT_ONLY,balance_sheet_report_em.ACCRUED_EXPENSE,PIT_SIDECAR_REGISTERED_LAZY_NOT_MINUTE_EXPANDED,SLOW_XS_LEVEL|SLOW_TEMPORAL_CHANGE|DISCLOSURE_EVENT,NO_FORMAL_SEARCH_IN_THIS_TASK; SOURCE_UNIT_GLOSSARY_NOT_ASSERTED,fundamental_balance_sheet,double,NEXT_SESSION_AFTER_MAX_NOTICE_UPDATE,pit_fundamental.level|pit_fundamental.change|pit_fundamental.disclosure_event,ABSENT,,False,663,274098
cn_source::balance_sheet_report_em::ACCRUED_EXPENSE_YOY,balance_sheet_report_em,ACCRUED_EXPENSE_YOY,FUNDAMENTAL_CHANGE|DISCLOSURE_EVENT,STOCK_REPORT_PERIOD,REPORT_DATE,NOTICE_DATE,UPDATE_DATE,PIT_SAFE_CURRENT_SNAPSHOT_ONLY,balance_sheet_report_em.ACCRUED_EXPENSE_YOY,PIT_SIDECAR_REGISTERED_LAZY_NOT_MINUTE_EXPANDED,SLOW_TEMPORAL_CHANGE|DISCLOSURE_EVENT,NO_FORMAL_SEARCH_IN_THIS_TASK; SOURCE_UNIT_GLOSSARY_NOT_ASSERTED,fundamental_balance_sheet,double,NEXT_SESSION_AFTER_MAX_NOTICE_UPDATE,pit_fundamental.change|pit_fundamental.disclosure_event,ABSENT,,False,199,274562
cn_source::balance_sheet_report_em::ADVANCE_PREMIUM,balance_sheet_report_em,ADVANCE_PREMIUM,FUNDAMENTAL_LEVEL|FUNDAMENTAL_CHANGE|DISCLOSURE_EVENT,STOCK_REPORT_PERIOD,REPORT_DATE,NOTICE_DATE,UPDATE_DATE,PIT_SAFE_CURRENT_SNAPSHOT_ONLY,balance_sheet_report_em.ADVANCE_PREMIUM,PIT_SIDECAR_REGISTERED_LAZY_NOT_MINUTE_EXPANDED,SLOW_XS_LEVEL|SLOW_TEMPORAL_CHANGE|DISCLOSURE_EVENT,NO_FORMAL_SEARCH_IN_THIS_TASK; SOURCE_UNIT_GLOSSARY_NOT_ASSERTED,fundamental_balance_sheet,double,NEXT_SESSION_AFTER_MAX_NOTICE_UPDATE,pit_fundamental.level|pit_fundamental.change|pit_fundamental.disclosure_event,ABSENT,,False,320,274441
cn_source::balance_sheet_report_em::ADVANCE_PREMIUM_YOY,balance_sheet_report_em,ADVANCE_PREMIUM_YOY,FUNDAMENTAL_CHANGE|DISCLOSURE_EVENT,STOCK_REPORT_PERIOD,REPORT_DATE,NOTICE_DATE,UPDATE_DATE,PIT_SAFE_CURRENT_SNAPSHOT_ONLY,balance_sheet_report_em.ADVANCE_PREMIUM_YOY,PIT_SIDECAR_REGISTERED_LAZY_NOT_MINUTE_EXPANDED,SLOW_TEMPORAL_CHANGE|DISCLOSURE_EVENT,NO_FORMAL_SEARCH_IN_THIS_TASK; SOURCE_UNIT_GLOSSARY_NOT_ASSERTED,fundamental_balance_sheet,double,NEXT_SESSION_AFTER_MAX_NOTICE_UPDATE,pit_fundamental.change|pit_fundamental.disclosure_event,ABSENT,,False,297,274464
cn_source::balance_sheet_report_em::ADVANCE_RECE,balance_sheet_report_em,ADVANCE_RECE,FUNDAMENTAL_LEVEL|FUNDAMENTAL_CHANGE|DISCLOSURE_EVENT,STOCK_REPORT_PERIOD,REPORT_DATE,NOTICE_DATE,UPDATE_DATE,PIT_SAFE_CURRENT_SNAPSHOT_ONLY,balance_sheet_report_em.ADVANCE_RECE,PIT_SIDECAR_REGISTERED_LAZY_NOT_MINUTE_EXPANDED,SLOW_XS_LEVEL|SLOW_TEMPORAL_CHANGE|DISCLOSURE_EVENT,NO_FORMAL_SEARCH_IN_THIS_TASK; SOURCE_UNIT_GLOSSARY_NOT_ASSERTED,fundamental_balance_sheet,double,NEXT_SESSION_AFTER_MAX_NOTICE_UPDATE,pit_fundamental.level|pit_fundamental.change|pit_fundamental.disclosure_event,ABSENT,,False,50,274711
cn_source::balance_sheet_report_em::ADVANCE_RECEIVABLES,balance_sheet_report_em,ADVANCE_RECEIVABLES,FUNDAMENTAL_LEVEL|FUNDAMENTAL_CHANGE|DISCLOSURE_EVENT,STOCK_REPORT_PERIOD,REPORT_DATE,NOTICE_DATE,UPDATE_DATE,PIT_SAFE_CURRENT_SNAPSHOT_ONLY,balance_sheet_report_em.ADVANCE_RECEIVABLES,PIT_SIDECAR_REGISTERED_LAZY_NOT_MINUTE_EXPANDED,SLOW_XS_LEVEL|SLOW_TEMPORAL_CHANGE|DISCLOSURE_EVENT,NO_FORMAL_SEARCH_IN_THIS_TASK; SOURCE_UNIT_GLOSSARY_NOT_ASSERTED,fundamental_balance_sheet,double,NEXT_SESSION_AFTER_MAX_NOTICE_UPDATE,pit_fundamental.level|pit_fundamental.change|pit_fundamental.disclosure_event,ABSENT,,False,196970,77791
cn_source::balance_sheet_report_em::ADVANCE_RECEIVABLES_YOY,balance_sheet_report_em,ADVANCE_RECEIVABLES_YOY,FUNDAMENTAL_CHANGE|DISCLOSURE_EVENT,STOCK_REPORT_PERIOD,REPORT_DATE,NOTICE_DATE,UPDATE_DATE,PIT_SAFE_CURRENT_SNAPSHOT_ONLY,balance_sheet_report_em.ADVANCE_RECEIVABLES_YOY,PIT_SIDECAR_REGISTERED_LAZY_NOT_MINUTE_EXPANDED,SLOW_TEMPORAL_CHANGE|DISCLOSURE_EVENT,NO_FORMAL_SEARCH_IN_THIS_TASK; SOURCE_UNIT_GLOSSARY_NOT_ASSERTED,fundamental_balance_sheet,double,NEXT_SESSION_AFTER_MAX_NOTICE_UPDATE,pit_fundamental.change|pit_fundamental.disclosure_event,ABSENT,,False,172475,102286
cn_source::balance_sheet_report_em::ADVANCE_RECE_YOY,balance_sheet_report_em,ADVANCE_RECE_YOY,FUNDAMENTAL_CHANGE|DISCLOSURE_EVENT,STOCK_REPORT_PERIOD,REPORT_DATE,NOTICE_DATE,UPDATE_DATE,PIT_SAFE_CURRENT_SNAPSHOT_ONLY,balance_sheet_report_em.ADVANCE_RECE_YOY,PIT_SIDECAR_REGISTERED_LAZY_NOT_MINUTE_EXPANDED,SLOW_TEMPORAL_CHANGE|DISCLOSURE_EVENT,NO_FORMAL_SEARCH_IN_THIS_TASK; SOURCE_UNIT_GLOSSARY_NOT_ASSERTED,fundamental_balance_sheet,double,NEXT_SESSION_AFTER_MAX_NOTICE_UPDATE,pit_fundamental.change|pit_fundamental.disclosure_event,ABSENT,,False,31,274730
cn_source::balance_sheet_report_em::ADVICE_ASSIGN_DIVIDEND,balance_sheet_report_em,ADVICE_ASSIGN_DIVIDEND,FUNDAMENTAL_LEVEL|FUNDAMENTAL_CHANGE|DISCLOSURE_EVENT,STOCK_REPORT_PERIOD,REPORT_DATE,NOTICE_DATE,UPDATE_DATE,PIT_SAFE_CURRENT_SNAPSHOT_ONLY,balance_sheet_report_em.ADVICE_ASSIGN_DIVIDEND,PIT_SIDECAR_REGISTERED_LAZY_NOT_MINUTE_EXPANDED,SLOW_XS_LEVEL|SLOW_TEMPORAL_CHANGE|DISCLOSURE_EVENT,NO_FORMAL_SEARCH_IN_THIS_TASK; SOURCE_UNIT_GLOSSARY_NOT_ASSERTED,fundamental_balance_sheet,double,NEXT_SESSION_AFTER_MAX_NOTICE_UPDATE,pit_fundamental.level|pit_fundamental.change|pit_fundamental.disclosure_event,ABSENT,,False,86,274675
cn_source::balance_sheet_report_em::ADVICE_ASSIGN_DIVIDEND_YOY,balance_sheet_report_em,ADVICE_ASSIGN_DIVIDEND_YOY,FUNDAMENTAL_CHANGE|DISCLOSURE_EVENT,STOCK_REPORT_PERIOD,REPORT_DATE,NOTICE_DATE,UPDATE_DATE,PIT_SAFE_CURRENT_SNAPSHOT_ONLY,balance_sheet_report_em.ADVICE_ASSIGN_DIVIDEND_YOY,PIT_SIDECAR_REGISTERED_LAZY_NOT_MINUTE_EXPANDED,SLOW_TEMPORAL_CHANGE|DISCLOSURE_EVENT,NO_FORMAL_SEARCH_IN_THIS_TASK; SOURCE_UNIT_GLOSSARY_NOT_ASSERTED,fundamental_balance_sheet,double,NEXT_SESSION_AFTER_MAX_NOTICE_UPDATE,pit_fundamental.change|pit_fundamental.disclosure_event,ABSENT,,False,20,274741
cn_source::balance_sheet_report_em::AGENT_BUSINESS_ASSET,balance_sheet_report_em,AGENT_BUSINESS_ASSET,FUNDAMENTAL_LEVEL|FUNDAMENTAL_CHANGE|DISCLOSURE_EVENT,STOCK_REPORT_PERIOD,REPORT_DATE,NOTICE_DATE,UPDATE_DATE,PIT_SAFE_CURRENT_SNAPSHOT_ONLY,balance_sheet_report_em.AGENT_BUSINESS_ASSET,PIT_SIDECAR_REGISTERED_LAZY_NOT_MINUTE_EXPANDED,SLOW_XS_LEVEL|SLOW_TEMPORAL_CHANGE|DISCLOSURE_EVENT,NO_FORMAL_SEARCH_IN_THIS_TASK; SOURCE_UNIT_GLOSSARY_NOT_ASSERTED,fundamental_balance_sheet,double,NEXT_SESSION_AFTER_MAX_NOTICE_UPDATE,pit_fundamental.level|pit_fundamental.change|pit_fundamental.disclosure_event,ABSENT,,False,0,274761
cn_source::balance_sheet_report_em::AGENT_BUSINESS_ASSET_YOY,balance_sheet_report_em,AGENT_BUSINESS_ASSET_YOY,FUNDAMENTAL_CHANGE|DISCLOSURE_EVENT,STOCK_REPORT_PERIOD,REPORT_DATE,NOTICE_DATE,UPDATE_DATE,PIT_SAFE_CURRENT_SNAPSHOT_ONLY,balance_sheet_report_em.AGENT_BUSINESS_ASSET_YOY,PIT_SIDECAR_REGISTERED_LAZY_NOT_MINUTE_EXPANDED,SLOW_TEMPORAL_CHANGE|DISCLOSURE_EVENT,NO_FORMAL_SEARCH_IN_THIS_TASK; SOURCE_UNIT_GLOSSARY_NOT_ASSERTED,fundamental_balance_sheet,double,NEXT_SESSION_AFTER_MAX_NOTICE_UPDATE,pit_fundamental.change|pit_fundamental.disclosure_event,ABSENT,,False,0,274761
cn_source::balance_sheet_report_em::AGENT_BUSINESS_LIAB,balance_sheet_report_em,AGENT_BUSINESS_LIAB,FUNDAMENTAL_LEVEL|FUNDAMENTAL_CHANGE|DISCLOSURE_EVENT,STOCK_REPORT_PERIOD,REPORT_DATE,NOTICE_DATE,UPDATE_DATE,PIT_SAFE_CURRENT_SNAPSHOT_ONLY,balance_sheet_report_em.AGENT_BUSINESS_LIAB,PIT_SIDECAR_REGISTERED_LAZY_NOT_MINUTE_EXPANDED,SLOW_XS_LEVEL|SLOW_TEMPORAL_CHANGE|DISCLOSURE_EVENT,NO_FORMAL_SEARCH_IN_THIS_TASK; SOURCE_UNIT_GLOSSARY_NOT_ASSERTED,fundamental_balance_sheet,double,NEXT_SESSION_AFTER_MAX_NOTICE_UPDATE,pit_fundamental.level|pit_fundamental.change|pit_fundamental.disclosure_event,ABSENT,,False,0,274761
cn_source::balance_sheet_report_em::AGENT_BUSINESS_LIAB_YOY,balance_sheet_report_em,AGENT_BUSINESS_LIAB_YOY,FUNDAMENTAL_CHANGE|DISCLOSURE_EVENT,STOCK_REPORT_PERIOD,REPORT_DATE,NOTICE_DATE,UPDATE_DATE,PIT_SAFE_CURRENT_SNAPSHOT_ONLY,balance_sheet_report_em.AGENT_BUSINESS_LIAB_YOY,PIT_SIDECAR_REGISTERED_LAZY_NOT_MINUTE_EXPANDED,SLOW_TEMPORAL_CHANGE|DISCLOSURE_EVENT,NO_FORMAL_SEARCH_IN_THIS_TASK; SOURCE_UNIT_GLOSSARY_NOT_ASSERTED,fundamental_balance_sheet,double,NEXT_SESSION_AFTER_MAX_NOTICE_UPDATE,pit_fundamental.change|pit_fundamental.disclosure_event,ABSENT,,False,0,274761
cn_source::balance_sheet_report_em::AGENT_TRADE_SECURITY,balance_sheet_report_em,AGENT_TRADE_SECURITY,FUNDAMENTAL_LEVEL|FUNDAMENTAL_CHANGE|DISCLOSURE_EVENT,STOCK_REPORT_PERIOD,REPORT_DATE,NOTICE_DATE,UPDATE_DATE,PIT_SAFE_CURRENT_SNAPSHOT_ONLY,balance_sheet_report_em.AGENT_TRADE_SECURITY,PIT_SIDECAR_REGISTERED_LAZY_NOT_MINUTE_EXPANDED,SLOW_XS_LEVEL|SLOW_TEMPORAL_CHANGE|DISCLOSURE_EVENT,NO_FORMAL_SEARCH_IN_THIS_TASK; SOURCE_UNIT_GLOSSARY_NOT_ASSERTED,fundamental_balance_sheet,double,NEXT_SESSION_AFTER_MAX_NOTICE_UPDATE,pit_fundamental.level|pit_fundamental.change|pit_fundamental.disclosure_event,ABSENT,,False,4806,269955
cn_source::balance_sheet_report_em::AGENT_TRADE_SECURITY_YOY,balance_sheet_report_em,AGENT_TRADE_SECURITY_YOY,FUNDAMENTAL_CHANGE|DISCLOSURE_EVENT,STOCK_REPORT_PERIOD,REPORT_DATE,NOTICE_DATE,UPDATE_DATE,PIT_SAFE_CURRENT_SNAPSHOT_ONLY,balance_sheet_report_em.AGENT_TRADE_SECURITY_YOY,PIT_SIDECAR_REGISTERED_LAZY_NOT_MINUTE_EXPANDED,SLOW_TEMPORAL_CHANGE|DISCLOSURE_EVENT,NO_FORMAL_SEARCH_IN_THIS_TASK; SOURCE_UNIT_GLOSSARY_NOT_ASSERTED,fundamental_balance_sheet,double,NEXT_SESSION_AFTER_MAX_NOTICE_UPDATE,pit_fundamental.change|pit_fundamental.disclosure_event,ABSENT,,False,2603,272158
cn_source::balance_sheet_report_em::AGENT_UNDERWRITE_SECURITY,balance_sheet_report_em,AGENT_UNDERWRITE_SECURITY,FUNDAMENTAL_LEVEL|FUNDAMENTAL_CHANGE|DISCLOSURE_EVENT,STOCK_REPORT_PERIOD,REPORT_DATE,NOTICE_DATE,UPDATE_DATE,PIT_SAFE_CURRENT_SNAPSHOT_ONLY,balance_sheet_report_em.AGENT_UNDERWRITE_SECURITY,PIT_SIDECAR_REGISTERED_LAZY_NOT_MINUTE_EXPANDED,SLOW_XS_LEVEL|SLOW_TEMPORAL_CHANGE|DISCLOSURE_EVENT,NO_FORMAL_SEARCH_IN_THIS_TASK; SOURCE_UNIT_GLOSSARY_NOT_ASSERTED,fundamental_balance_sheet,double,NEXT_SESSION_AFTER_MAX_NOTICE_UPDATE,pit_fundamental.level|pit_fundamental.change|pit_fundamental.disclosure_event,ABSENT,,False,2637,272124
cn_source::balance_sheet_report_em::AGENT_UNDERWRITE_SECURITY_YOY,balance_sheet_report_em,AGENT_UNDERWRITE_SECURITY_YOY,FUNDAMENTAL_CHANGE|DISCLOSURE_EVENT,STOCK_REPORT_PERIOD,REPORT_DATE,NOTICE_DATE,UPDATE_DATE,PIT_SAFE_CURRENT_SNAPSHOT_ONLY,balance_sheet_report_em.AGENT_UNDERWRITE_SECURITY_YOY,PIT_SIDECAR_REGISTERED_LAZY_NOT_MINUTE_EXPANDED,SLOW_TEMPORAL_CHANGE|DISCLOSURE_EVENT,NO_FORMAL_SEARCH_IN_THIS_TASK; SOURCE_UNIT_GLOSSARY_NOT_ASSERTED,fundamental_balance_sheet,double,NEXT_SESSION_AFTER_MAX_NOTICE_UPDATE,pit_fundamental.change|pit_fundamental.disclosure_event,ABSENT,,False,356,274405
cn_source::balance_sheet_report_em::AMORTIZE_COST_FINASSET,balance_sheet_report_em,AMORTIZE_COST_FINASSET,FUNDAMENTAL_LEVEL|FUNDAMENTAL_CHANGE|DISCLOSURE_EVENT,STOCK_REPORT_PERIOD,REPORT_DATE,NOTICE_DATE,UPDATE_DATE,PIT_SAFE_CURRENT_SNAPSHOT_ONLY,balance_sheet_report_em.AMORTIZE_COST_FINASSET,PIT_SIDECAR_REGISTERED_LAZY_NOT_MINUTE_EXPANDED,SLOW_XS_LEVEL|SLOW_TEMPORAL_CHANGE|DISCLOSURE_EVENT,NO_FORMAL_SEARCH_IN_THIS_TASK; SOURCE_UNIT_GLOSSARY_NOT_ASSERTED,fundamental_balance_sheet,double,NEXT_SESSION_AFTER_MAX_NOTICE_UPDATE,pit_fundamental.level|pit_fundamental.change|pit_fundamental.disclosure_event,ABSENT,,False,515,274246
cn_source::balance_sheet_report_em::AMORTIZE_COST_FINASSET_YOY,balance_sheet_report_em,AMORTIZE_COST_FINASSET_YOY,FUNDAMENTAL_CHANGE|DISCLOSURE_EVENT,STOCK_REPORT_PERIOD,REPORT_DATE,NOTICE_DATE,UPDATE_DATE,PIT_SAFE_CURRENT_SNAPSHOT_ONLY,balance_sheet_report_em.AMORTIZE_COST_FINASSET_YOY,PIT_SIDECAR_REGISTERED_LAZY_NOT_MINUTE_EXPANDED,SLOW_TEMPORAL_CHANGE|DISCLOSURE_EVENT,NO_FORMAL_SEARCH_IN_THIS_TASK; SOURCE_UNIT_GLOSSARY_NOT_ASSERTED,fundamental_balance_sheet,double,NEXT_SESSION_AFTER_MAX_NOTICE_UPDATE,pit_fundamental.change|pit_fundamental.disclosure_event,ABSENT,,False,249,274512
cn_source::balance_sheet_report_em::AMORTIZE_COST_FINLIAB,balance_sheet_report_em,AMORTIZE_COST_FINLIAB,FUNDAMENTAL_LEVEL|FUNDAMENTAL_CHANGE|DISCLOSURE_EVENT,STOCK_REPORT_PERIOD,REPORT_DATE,NOTICE_DATE,UPDATE_DATE,PIT_SAFE_CURRENT_SNAPSHOT_ONLY,balance_sheet_report_em.AMORTIZE_COST_FINLIAB,PIT_SIDECAR_REGISTERED_LAZY_NOT_MINUTE_EXPANDED,SLOW_XS_LEVEL|SLOW_TEMPORAL_CHANGE|DISCLOSURE_EVENT,NO_FORMAL_SEARCH_IN_THIS_TASK; SOURCE_UNIT_GLOSSARY_NOT_ASSERTED,fundamental_balance_sheet,double,NEXT_SESSION_AFTER_MAX_NOTICE_UPDATE,pit_fundamental.level|pit_fundamental.change|pit_fundamental.disclosure_event,ABSENT,,False,222,274539
cn_source::balance_sheet_report_em::AMORTIZE_COST_FINLIAB_YOY,balance_sheet_report_em,AMORTIZE_COST_FINLIAB_YOY,FUNDAMENTAL_CHANGE|DISCLOSURE_EVENT,STOCK_REPORT_PERIOD,REPORT_DATE,NOTICE_DATE,UPDATE_DATE,PIT_SAFE_CURRENT_SNAPSHOT_ONLY,balance_sheet_report_em.AMORTIZE_COST_FINLIAB_YOY,PIT_SIDECAR_REGISTERED_LAZY_NOT_MINUTE_EXPANDED,SLOW_TEMPORAL_CHANGE|DISCLOSURE_EVENT,NO_FORMAL_SEARCH_IN_THIS_TASK; SOURCE_UNIT_GLOSSARY_NOT_ASSERTED,fundamental_balance_sheet,double,NEXT_SESSION_AFTER_MAX_NOTICE_UPDATE,pit_fundamental.change|pit_fundamental.disclosure_event,ABSENT,,False,0,274761
cn_source::balance_sheet_report_em::AMORTIZE_COST_NCFINASSET,balance_sheet_report_em,AMORTIZE_COST_NCFINASSET,FUNDAMENTAL_LEVEL|FUNDAMENTAL_CHANGE|DISCLOSURE_EVENT,STOCK_REPORT_PERIOD,REPORT_DATE,NOTICE_DATE,UPDATE_DATE,PIT_SAFE_CURRENT_SNAPSHOT_ONLY,balance_sheet_report_em.AMORTIZE_COST_NCFINASSET,PIT_SIDECAR_REGISTERED_LAZY_NOT_MINUTE_EXPANDED,SLOW_XS_LEVEL|SLOW_TEMPORAL_CHANGE|DISCLOSURE_EVENT,NO_FORMAL_SEARCH_IN_THIS_TASK; SOURCE_UNIT_GLOSSARY_NOT_ASSERTED,fundamental_balance_sheet,double,NEXT_SESSION_AFTER_MAX_NOTICE_UPDATE,pit_fundamental.level|pit_fundamental.change|pit_fundamental.disclosure_event,ABSENT,,False,4,274757
cn_source::balance_sheet_report_em::AMORTIZE_COST_NCFINASSET_YOY,balance_sheet_report_em,AMORTIZE_COST_NCFINASSET_YOY,FUNDAMENTAL_CHANGE|DISCLOSURE_EVENT,STOCK_REPORT_PERIOD,REPORT_DATE,NOTICE_DATE,UPDATE_DATE,PIT_SAFE_CURRENT_SNAPSHOT_ONLY,balance_sheet_report_em.AMORTIZE_COST_NCFINASSET_YOY,PIT_SIDECAR_REGISTERED_LAZY_NOT_MINUTE_EXPANDED,SLOW_TEMPORAL_CHANGE|DISCLOSURE_EVENT,NO_FORMAL_SEARCH_IN_THIS_TASK; SOURCE_UNIT_GLOSSARY_NOT_ASSERTED,fundamental_balance_sheet,double,NEXT_SESSION_AFTER_MAX_NOTICE_UPDATE,pit_fundamental.change|pit_fundamental.disclosure_event,ABSENT,,False,0,274761
cn_source::balance_sheet_report_em::AMORTIZE_COST_NCFINLIAB,balance_sheet_report_em,AMORTIZE_COST_NCFINLIAB,FUNDAMENTAL_LEVEL|FUNDAMENTAL_CHANGE|DISCLOSURE_EVENT,STOCK_REPORT_PERIOD,REPORT_DATE,NOTICE_DATE,UPDATE_DATE,PIT_SAFE_CURRENT_SNAPSHOT_ONLY,balance_sheet_report_em.AMORTIZE_COST_NCFINLIAB,PIT_SIDECAR_REGISTERED_LAZY_NOT_MINUTE_EXPANDED,SLOW_XS_LEVEL|SLOW_TEMPORAL_CHANGE|DISCLOSURE_EVENT,NO_FORMAL_SEARCH_IN_THIS_TASK; SOURCE_UNIT_GLOSSARY_NOT_ASSERTED,fundamental_balance_sheet,double,NEXT_SESSION_AFTER_MAX_NOTICE_UPDATE,pit_fundamental.level|pit_fundamental.change|pit_fundamental.disclosure_event,ABSENT,,False,0,274761
cn_source::balance_sheet_report_em::AMORTIZE_COST_NCFINLIAB_YOY,balance_sheet_report_em,AMORTIZE_COST_NCFINLIAB_YOY,FUNDAMENTAL_CHANGE|DISCLOSURE_EVENT,STOCK_REPORT_PERIOD,REPORT_DATE,NOTICE_DATE,UPDATE_DATE,PIT_SAFE_CURRENT_SNAPSHOT_ONLY,balance_sheet_report_em.AMORTIZE_COST_NCFINLIAB_YOY,PIT_SIDECAR_REGISTERED_LAZY_NOT_MINUTE_EXPANDED,SLOW_TEMPORAL_CHANGE|DISCLOSURE_EVENT,NO_FORMAL_SEARCH_IN_THIS_TASK; SOURCE_UNIT_GLOSSARY_NOT_ASSERTED,fundamental_balance_sheet,double,NEXT_SESSION_AFTER_MAX_NOTICE_UPDATE,pit_fundamental.change|pit_fundamental.disclosure_event,ABSENT,,False,0,274761
cn_source::balance_sheet_report_em::APPOINT_FVTPL_FINASSET,balance_sheet_report_em,APPOINT_FVTPL_FINASSET,FUNDAMENTAL_LEVEL|FUNDAMENTAL_CHANGE|DISCLOSURE_EVENT,STOCK_REPORT_PERIOD,REPORT_DATE,NOTICE_DATE,UPDATE_DATE,PIT_SAFE_CURRENT_SNAPSHOT_ONLY,balance_sheet_report_em.APPOINT_FVTPL_FINASSET,PIT_SIDECAR_REGISTERED_LAZY_NOT_MINUTE_EXPANDED,SLOW_XS_LEVEL|SLOW_TEMPORAL_CHANGE|DISCLOSURE_EVENT,NO_FORMAL_SEARCH_IN_THIS_TASK; SOURCE_UNIT_GLOSSARY_NOT_ASSERTED,fundamental_balance_sheet,double,NEXT_SESSION_AFTER_MAX_NOTICE_UPDATE,pit_fundamental.level|pit_fundamental.change|pit_fundamental.disclosure_event,ABSENT,,False,70,274691
cn_source::balance_sheet_report_em::APPOINT_FVTPL_FINASSET_YOY,balance_sheet_report_em,APPOINT_FVTPL_FINASSET_YOY,FUNDAMENTAL_CHANGE|DISCLOSURE_EVENT,STOCK_REPORT_PERIOD,REPORT_DATE,NOTICE_DATE,UPDATE_DATE,PIT_SAFE_CURRENT_SNAPSHOT_ONLY,balance_sheet_report_em.APPOINT_FVTPL_FINASSET_YOY,PIT_SIDECAR_REGISTERED_LAZY_NOT_MINUTE_EXPANDED,SLOW_TEMPORAL_CHANGE|DISCLOSURE_EVENT,NO_FORMAL_SEARCH_IN_THIS_TASK; SOURCE_UNIT_GLOSSARY_NOT_ASSERTED,fundamental_balance_sheet,double,NEXT_SESSION_AFTER_MAX_NOTICE_UPDATE,pit_fundamental.change|pit_fundamental.disclosure_event,ABSENT,,False,10,274751
cn_source::balance_sheet_report_em::APPOINT_FVTPL_FINLIAB,balance_sheet_report_em,APPOINT_FVTPL_FINLIAB,FUNDAMENTAL_LEVEL|FUNDAMENTAL_CHANGE|DISCLOSURE_EVENT,STOCK_REPORT_PERIOD,REPORT_DATE,NOTICE_DATE,UPDATE_DATE,PIT_SAFE_CURRENT_SNAPSHOT_ONLY,balance_sheet_report_em.APPOINT_FVTPL_FINLIAB,PIT_SIDECAR_REGISTERED_LAZY_NOT_MINUTE_EXPANDED,SLOW_XS_LEVEL|SLOW_TEMPORAL_CHANGE|DISCLOSURE_EVENT,NO_FORMAL_SEARCH_IN_THIS_TASK; SOURCE_UNIT_GLOSSARY_NOT_ASSERTED,fundamental_balance_sheet,double,NEXT_SESSION_AFTER_MAX_NOTICE_UPDATE,pit_fundamental.level|pit_fundamental.change|pit_fundamental.disclosure_event,ABSENT,,False,63,274698
cn_source::balance_sheet_report_em::APPOINT_FVTPL_FINLIAB_YOY,balance_sheet_report_em,APPOINT_FVTPL_FINLIAB_YOY,FUNDAMENTAL_CHANGE|DISCLOSURE_EVENT,STOCK_REPORT_PERIOD,REPORT_DATE,NOTICE_DATE,UPDATE_DATE,PIT_SAFE_CURRENT_SNAPSHOT_ONLY,balance_sheet_report_em.APPOINT_FVTPL_FINLIAB_YOY,PIT_SIDECAR_REGISTERED_LAZY_NOT_MINUTE_EXPANDED,SLOW_TEMPORAL_CHANGE|DISCLOSURE_EVENT,NO_FORMAL_SEARCH_IN_THIS_TASK; SOURCE_UNIT_GLOSSARY_NOT_ASSERTED,fundamental_balance_sheet,double,NEXT_SESSION_AFTER_MAX_NOTICE_UPDATE,pit_fundamental.change|pit_fundamental.disclosure_event,ABSENT,,False,8,274753
cn_source::balance_sheet_report_em::ASSET_BALANCE,balance_sheet_report_em,ASSET_BALANCE,FUNDAMENTAL_LEVEL|FUNDAMENTAL_CHANGE|DISCLOSURE_EVENT,STOCK_REPORT_PERIOD,REPORT_DATE,NOTICE_DATE,UPDATE_DATE,PIT_SAFE_CURRENT_SNAPSHOT_ONLY,balance_sheet_report_em.ASSET_BALANCE,PIT_SIDECAR_REGISTERED_LAZY_NOT_MINUTE_EXPANDED,SLOW_XS_LEVEL|SLOW_TEMPORAL_CHANGE|DISCLOSURE_EVENT,NO_FORMAL_SEARCH_IN_THIS_TASK; SOURCE_UNIT_GLOSSARY_NOT_ASSERTED,fundamental_balance_sheet,double,NEXT_SESSION_AFTER_MAX_NOTICE_UPDATE,pit_fundamental.level|pit_fundamental.change|pit_fundamental.disclosure_event,ABSENT,,False,229744,45017
cn_source::balance_sheet_report_em::ASSET_BALANCE_YOY,balance_sheet_report_em,ASSET_BALANCE_YOY,FUNDAMENTAL_CHANGE|DISCLOSURE_EVENT,STOCK_REPORT_PERIOD,REPORT_DATE,NOTICE_DATE,UPDATE_DATE,PIT_SAFE_CURRENT_SNAPSHOT_ONLY,balance_sheet_report_em.ASSET_BALANCE_YOY,PIT_SIDECAR_REGISTERED_LAZY_NOT_MINUTE_EXPANDED,SLOW_TEMPORAL_CHANGE|DISCLOSURE_EVENT,NO_FORMAL_SEARCH_IN_THIS_TASK; SOURCE_UNIT_GLOSSARY_NOT_ASSERTED,fundamental_balance_sheet,double,NEXT_SESSION_AFTER_MAX_NOTICE_UPDATE,pit_fundamental.change|pit_fundamental.disclosure_event,ABSENT,,False,2005,272756
cn_source::balance_sheet_report_em::ASSET_OTHER,balance_sheet_report_em,ASSET_OTHER,FUNDAMENTAL_LEVEL|FUNDAMENTAL_CHANGE|DISCLOSURE_EVENT,STOCK_REPORT_PERIOD,REPORT_DATE,NOTICE_DATE,UPDATE_DATE,PIT_SAFE_CURRENT_SNAPSHOT_ONLY,balance_sheet_report_em.ASSET_OTHER,PIT_SIDECAR_REGISTERED_LAZY_NOT_MINUTE_EXPANDED,SLOW_XS_LEVEL|SLOW_TEMPORAL_CHANGE|DISCLOSURE_EVENT,NO_FORMAL_SEARCH_IN_THIS_TASK; SOURCE_UNIT_GLOSSARY_NOT_ASSERTED,fundamental_balance_sheet,double,NEXT_SESSION_AFTER_MAX_NOTICE_UPDATE,pit_fundamental.level|pit_fundamental.change|pit_fundamental.disclosure_event,ABSENT,,False,25722,249039
cn_source::balance_sheet_report_em::ASSET_OTHER_YOY,balance_sheet_report_em,ASSET_OTHER_YOY,FUNDAMENTAL_CHANGE|DISCLOSURE_EVENT,STOCK_REPORT_PERIOD,REPORT_DATE,NOTICE_DATE,UPDATE_DATE,PIT_SAFE_CURRENT_SNAPSHOT_ONLY,balance_sheet_report_em.ASSET_OTHER_YOY,PIT_SIDECAR_REGISTERED_LAZY_NOT_MINUTE_EXPANDED,SLOW_TEMPORAL_CHANGE|DISCLOSURE_EVENT,NO_FORMAL_SEARCH_IN_THIS_TASK; SOURCE_UNIT_GLOSSARY_NOT_ASSERTED,fundamental_balance_sheet,double,NEXT_SESSION_AFTER_MAX_NOTICE_UPDATE,pit_fundamental.change|pit_fundamental.disclosure_event,ABSENT,,False,1154,273607
cn_source::balance_sheet_report_em::ASSIGN_CASH_DIVIDEND,balance_sheet_report_em,ASSIGN_CASH_DIVIDEND,FUNDAMENTAL_LEVEL|FUNDAMENTAL_CHANGE|DISCLOSURE_EVENT,STOCK_REPORT_PERIOD,REPORT_DATE,NOTICE_DATE,UPDATE_DATE,PIT_SAFE_CURRENT_SNAPSHOT_ONLY,balance_sheet_report_em.ASSIGN_CASH_DIVIDEND,PIT_SIDECAR_REGISTERED_LAZY_NOT_MINUTE_EXPANDED,SLOW_XS_LEVEL|SLOW_TEMPORAL_CHANGE|DISCLOSURE_EVENT,NO_FORMAL_SEARCH_IN_THIS_TASK; SOURCE_UNIT_GLOSSARY_NOT_ASSERTED,fundamental_balance_sheet,double,NEXT_SESSION_AFTER_MAX_NOTICE_UPDATE,pit_fundamental.level|pit_fundamental.change|pit_fundamental.disclosure_event,ABSENT,,False,1361,273400
cn_source::balance_sheet_report_em::ASSIGN_CASH_DIVIDEND_YOY,balance_sheet_report_em,ASSIGN_CASH_DIVIDEND_YOY,FUNDAMENTAL_CHANGE|DISCLOSURE_EVENT,STOCK_REPORT_PERIOD,REPORT_DATE,NOTICE_DATE,UPDATE_DATE,PIT_SAFE_CURRENT_SNAPSHOT_ONLY,balance_sheet_report_em.ASSIGN_CASH_DIVIDEND_YOY,PIT_SIDECAR_REGISTERED_LAZY_NOT_MINUTE_EXPANDED,SLOW_TEMPORAL_CHANGE|DISCLOSURE_EVENT,NO_FORMAL_SEARCH_IN_THIS_TASK; SOURCE_UNIT_GLOSSARY_NOT_ASSERTED,fundamental_balance_sheet,double,NEXT_SESSION_AFTER_MAX_NOTICE_UPDATE,pit_fundamental.change|pit_fundamental.disclosure_event,ABSENT,,False,3,274758
cn_source::balance_sheet_report_em::AVAILABLE_SALE_FINASSET,balance_sheet_report_em,AVAILABLE_SALE_FINASSET,FUNDAMENTAL_LEVEL|FUNDAMENTAL_CHANGE|DISCLOSURE_EVENT,STOCK_REPORT_PERIOD,REPORT_DATE,NOTICE_DATE,UPDATE_DATE,PIT_SAFE_CURRENT_SNAPSHOT_ONLY,balance_sheet_report_em.AVAILABLE_SALE_FINASSET,PIT_SIDECAR_REGISTERED_LAZY_NOT_MINUTE_EXPANDED,SLOW_XS_LEVEL|SLOW_TEMPORAL_CHANGE|DISCLOSURE_EVENT,NO_FORMAL_SEARCH_IN_THIS_TASK; SOURCE_UNIT_GLOSSARY_NOT_ASSERTED,fundamental_balance_sheet,double,NEXT_SESSION_AFTER_MAX_NOTICE_UPDATE,pit_fundamental.level|pit_fundamental.change|pit_fundamental.disclosure_event,ABSENT,,False,54510,220251
cn_source::balance_sheet_report_em::AVAILABLE_SALE_FINASSET_YOY,balance_sheet_report_em,AVAILABLE_SALE_FINASSET_YOY,FUNDAMENTAL_CHANGE|DISCLOSURE_EVENT,STOCK_REPORT_PERIOD,REPORT_DATE,NOTICE_DATE,UPDATE_DATE,PIT_SAFE_CURRENT_SNAPSHOT_ONLY,balance_sheet_report_em.AVAILABLE_SALE_FINASSET_YOY,PIT_SIDECAR_REGISTERED_LAZY_NOT_MINUTE_EXPANDED,SLOW_TEMPORAL_CHANGE|DISCLOSURE_EVENT,NO_FORMAL_SEARCH_IN_THIS_TASK; SOURCE_UNIT_GLOSSARY_NOT_ASSERTED,fundamental_balance_sheet,double,NEXT_SESSION_AFTER_MAX_NOTICE_UPDATE,pit_fundamental.change|pit_fundamental.disclosure_event,ABSENT,,False,40322,234439
cn_source::balance_sheet_report_em::BOND_PAYABLE,balance_sheet_report_em,BOND_PAYABLE,FUNDAMENTAL_LEVEL|FUNDAMENTAL_CHANGE|DISCLOSURE_EVENT,STOCK_REPORT_PERIOD,REPORT_DATE,NOTICE_DATE,UPDATE_DATE,PIT_SAFE_CURRENT_SNAPSHOT_ONLY,balance_sheet_report_em.BOND_PAYABLE,PIT_SIDECAR_REGISTERED_LAZY_NOT_MINUTE_EXPANDED,SLOW_XS_LEVEL|SLOW_TEMPORAL_CHANGE|DISCLOSURE_EVENT,NO_FORMAL_SEARCH_IN_THIS_TASK; SOURCE_UNIT_GLOSSARY_NOT_ASSERTED,fundamental_balance_sheet,double,NEXT_SESSION_AFTER_MAX_NOTICE_UPDATE,pit_fundamental.level|pit_fundamental.change|pit_fundamental.disclosure_event,ABSENT,,False,41275,233486
cn_source::balance_sheet_report_em::BOND_PAYABLE_YOY,balance_sheet_report_em,BOND_PAYABLE_YOY,FUNDAMENTAL_CHANGE|DISCLOSURE_EVENT,STOCK_REPORT_PERIOD,REPORT_DATE,NOTICE_DATE,UPDATE_DATE,PIT_SAFE_CURRENT_SNAPSHOT_ONLY,balance_sheet_report_em.BOND_PAYABLE_YOY,PIT_SIDECAR_REGISTERED_LAZY_NOT_MINUTE_EXPANDED,SLOW_TEMPORAL_CHANGE|DISCLOSURE_EVENT,NO_FORMAL_SEARCH_IN_THIS_TASK; SOURCE_UNIT_GLOSSARY_NOT_ASSERTED,fundamental_balance_sheet,double,NEXT_SESSION_AFTER_MAX_NOTICE_UPDATE,pit_fundamental.change|pit_fundamental.disclosure_event,ABSENT,,False,29670,245091
cn_source::balance_sheet_report_em::BORROW_FUND,balance_sheet_report_em,BORROW_FUND,FUNDAMENTAL_LEVEL|FUNDAMENTAL_CHANGE|DISCLOSURE_EVENT,STOCK_REPORT_PERIOD,REPORT_DATE,NOTICE_DATE,UPDATE_DATE,PIT_SAFE_CURRENT_SNAPSHOT_ONLY,balance_sheet_report_em.BORROW_FUND,PIT_SIDECAR_REGISTERED_LAZY_NOT_MINUTE_EXPANDED,SLOW_XS_LEVEL|SLOW_TEMPORAL_CHANGE|DISCLOSURE_EVENT,NO_FORMAL_SEARCH_IN_THIS_TASK; SOURCE_UNIT_GLOSSARY_NOT_ASSERTED,fundamental_balance_sheet,double,NEXT_SESSION_AFTER_MAX_NOTICE_UPDATE,pit_fundamental.level|pit_fundamental.change|pit_fundamental.disclosure_event,ABSENT,,False,6824,267937
cn_source::balance_sheet_report_em::BORROW_FUND_YOY,balance_sheet_report_em,BORROW_FUND_YOY,FUNDAMENTAL_CHANGE|DISCLOSURE_EVENT,STOCK_REPORT_PERIOD,REPORT_DATE,NOTICE_DATE,UPDATE_DATE,PIT_SAFE_CURRENT_SNAPSHOT_ONLY,balance_sheet_report_em.BORROW_FUND_YOY,PIT_SIDECAR_REGISTERED_LAZY_NOT_MINUTE_EXPANDED,SLOW_TEMPORAL_CHANGE|DISCLOSURE_EVENT,NO_FORMAL_SEARCH_IN_THIS_TASK; SOURCE_UNIT_GLOSSARY_NOT_ASSERTED,fundamental_balance_sheet,double,NEXT_SESSION_AFTER_MAX_NOTICE_UPDATE,pit_fundamental.change|pit_fundamental.disclosure_event,ABSENT,,False,3879,270882
cn_source::balance_sheet_report_em::BUY_RESALE_FINASSET,balance_sheet_report_em,BUY_RESALE_FINASSET,FUNDAMENTAL_LEVEL|FUNDAMENTAL_CHANGE|DISCLOSURE_EVENT,STOCK_REPORT_PERIOD,REPORT_DATE,NOTICE_DATE,UPDATE_DATE,PIT_SAFE_CURRENT_SNAPSHOT_ONLY,balance_sheet_report_em.BUY_RESALE_FINASSET,PIT_SIDECAR_REGISTERED_LAZY_NOT_MINUTE_EXPANDED,SLOW_XS_LEVEL|SLOW_TEMPORAL_CHANGE|DISCLOSURE_EVENT,NO_FORMAL_SEARCH_IN_THIS_TASK; SOURCE_UNIT_GLOSSARY_NOT_ASSERTED,fundamental_balance_sheet,double,NEXT_SESSION_AFTER_MAX_NOTICE_UPDATE,pit_fundamental.level|pit_fundamental.change|pit_fundamental.disclosure_event,ABSENT,,False,7927,266834
cn_source::balance_sheet_report_em::BUY_RESALE_FINASSET_YOY,balance_sheet_report_em,BUY_RESALE_FINASSET_YOY,FUNDAMENTAL_CHANGE|DISCLOSURE_EVENT,STOCK_REPORT_PERIOD,REPORT_DATE,NOTICE_DATE,UPDATE_DATE,PIT_SAFE_CURRENT_SNAPSHOT_ONLY,balance_sheet_report_em.BUY_RESALE_FINASSET_YOY,PIT_SIDECAR_REGISTERED_LAZY_NOT_MINUTE_EXPANDED,SLOW_TEMPORAL_CHANGE|DISCLOSURE_EVENT,NO_FORMAL_SEARCH_IN_THIS_TASK; SOURCE_UNIT_GLOSSARY_NOT_ASSERTED,fundamental_balance_sheet,double,NEXT_SESSION_AFTER_MAX_NOTICE_UPDATE,pit_fundamental.change|pit_fundamental.disclosure_event,ABSENT,,False,4843,269918
cn_source::balance_sheet_report_em::CAPITAL_RESERVE,balance_sheet_report_em,CAPITAL_RESERVE,FUNDAMENTAL_LEVEL|FUNDAMENTAL_CHANGE|DISCLOSURE_EVENT,STOCK_REPORT_PERIOD,REPORT_DATE,NOTICE_DATE,UPDATE_DATE,PIT_SAFE_CURRENT_SNAPSHOT_ONLY,balance_sheet_report_em.CAPITAL_RESERVE,PIT_SIDECAR_REGISTERED_LAZY_NOT_MINUTE_EXPANDED,SLOW_XS_LEVEL|SLOW_TEMPORAL_CHANGE|DISCLOSURE_EVENT,NO_FORMAL_SEARCH_IN_THIS_TASK; SOURCE_UNIT_GLOSSARY_NOT_ASSERTED,fundamental_balance_sheet,double,NEXT_SESSION_AFTER_MAX_NOTICE_UPDATE,pit_fundamental.level|pit_fundamental.change|pit_fundamental.disclosure_event,ABSENT,,False,269443,5318
cn_source::balance_sheet_report_em::CAPITAL_RESERVE_YOY,balance_sheet_report_em,CAPITAL_RESERVE_YOY,FUNDAMENTAL_CHANGE|DISCLOSURE_EVENT,STOCK_REPORT_PERIOD,REPORT_DATE,NOTICE_DATE,UPDATE_DATE,PIT_SAFE_CURRENT_SNAPSHOT_ONLY,balance_sheet_report_em.CAPITAL_RESERVE_YOY,PIT_SIDECAR_REGISTERED_LAZY_NOT_MINUTE_EXPANDED,SLOW_TEMPORAL_CHANGE|DISCLOSURE_EVENT,NO_FORMAL_SEARCH_IN_THIS_TASK; SOURCE_UNIT_GLOSSARY_NOT_ASSERTED,fundamental_balance_sheet,double,NEXT_SESSION_AFTER_MAX_NOTICE_UPDATE,pit_fundamental.change|pit_fundamental.disclosure_event,ABSENT,,False,246956,27805
cn_source::balance_sheet_report_em::CASH_DEPOSIT_PBC,balance_sheet_report_em,CASH_DEPOSIT_PBC,FUNDAMENTAL_LEVEL|FUNDAMENTAL_CHANGE|DISCLOSURE_EVENT,STOCK_REPORT_PERIOD,REPORT_DATE,NOTICE_DATE,UPDATE_DATE,PIT_SAFE_CURRENT_SNAPSHOT_ONLY,balance_sheet_report_em.CASH_DEPOSIT_PBC,PIT_SIDECAR_REGISTERED_LAZY_NOT_MINUTE_EXPANDED,SLOW_XS_LEVEL|SLOW_TEMPORAL_CHANGE|DISCLOSURE_EVENT,NO_FORMAL_SEARCH_IN_THIS_TASK; SOURCE_UNIT_GLOSSARY_NOT_ASSERTED,fundamental_balance_sheet,double,NEXT_SESSION_AFTER_MAX_NOTICE_UPDATE,pit_fundamental.level|pit_fundamental.change|pit_fundamental.disclosure_event,ABSENT,,False,2697,272064
cn_source::balance_sheet_report_em::CASH_DEPOSIT_PBC_YOY,balance_sheet_report_em,CASH_DEPOSIT_PBC_YOY,FUNDAMENTAL_CHANGE|DISCLOSURE_EVENT,STOCK_REPORT_PERIOD,REPORT_DATE,NOTICE_DATE,UPDATE_DATE,PIT_SAFE_CURRENT_SNAPSHOT_ONLY,balance_sheet_report_em.CASH_DEPOSIT_PBC_YOY,PIT_SIDECAR_REGISTERED_LAZY_NOT_MINUTE_EXPANDED,SLOW_TEMPORAL_CHANGE|DISCLOSURE_EVENT,NO_FORMAL_SEARCH_IN_THIS_TASK; SOURCE_UNIT_GLOSSARY_NOT_ASSERTED,fundamental_balance_sheet,double,NEXT_SESSION_AFTER_MAX_NOTICE_UPDATE,pit_fundamental.change|pit_fundamental.disclosure_event,ABSENT,,False,2478,272283
cn_source::balance_sheet_report_em::CD_NOTE_PAYABLE,balance_sheet_report_em,CD_NOTE_PAYABLE,FUNDAMENTAL_LEVEL|FUNDAMENTAL_CHANGE|DISCLOSURE_EVENT,STOCK_REPORT_PERIOD,REPORT_DATE,NOTICE_DATE,UPDATE_DATE,PIT_SAFE_CURRENT_SNAPSHOT_ONLY,balance_sheet_report_em.CD_NOTE_PAYABLE,PIT_SIDECAR_REGISTERED_LAZY_NOT_MINUTE_EXPANDED,SLOW_XS_LEVEL|SLOW_TEMPORAL_CHANGE|DISCLOSURE_EVENT,NO_FORMAL_SEARCH_IN_THIS_TASK; SOURCE_UNIT_GLOSSARY_NOT_ASSERTED,fundamental_balance_sheet,double,NEXT_SESSION_AFTER_MAX_NOTICE_UPDATE,pit_fundamental.level|pit_fundamental.change|pit_fundamental.disclosure_event,ABSENT,,False,566,274195
cn_source::balance_sheet_report_em::CD_NOTE_PAYABLE_YOY,balance_sheet_report_em,CD_NOTE_PAYABLE_YOY,FUNDAMENTAL_CHANGE|DISCLOSURE_EVENT,STOCK_REPORT_PERIOD,REPORT_DATE,NOTICE_DATE,UPDATE_DATE,PIT_SAFE_CURRENT_SNAPSHOT_ONLY,balance_sheet_report_em.CD_NOTE_PAYABLE_YOY,PIT_SIDECAR_REGISTERED_LAZY_NOT_MINUTE_EXPANDED,SLOW_TEMPORAL_CHANGE|DISCLOSURE_EVENT,NO_FORMAL_SEARCH_IN_THIS_TASK; SOURCE_UNIT_GLOSSARY_NOT_ASSERTED,fundamental_balance_sheet,double,NEXT_SESSION_AFTER_MAX_NOTICE_UPDATE,pit_fundamental.change|pit_fundamental.disclosure_event,ABSENT,,False,122,274639
cn_source::balance_sheet_report_em::CIP,balance_sheet_report_em,CIP,FUNDAMENTAL_LEVEL|FUNDAMENTAL_CHANGE|DISCLOSURE_EVENT,STOCK_REPORT_PERIOD,REPORT_DATE,NOTICE_DATE,UPDATE_DATE,PIT_SAFE_CURRENT_SNAPSHOT_ONLY,balance_sheet_report_em.CIP,PIT_SIDECAR_REGISTERED_LAZY_NOT_MINUTE_EXPANDED,SLOW_XS_LEVEL|SLOW_TEMPORAL_CHANGE|DISCLOSURE_EVENT,NO_FORMAL_SEARCH_IN_THIS_TASK; SOURCE_UNIT_GLOSSARY_NOT_ASSERTED,fundamental_balance_sheet,double,NEXT_SESSION_AFTER_MAX_NOTICE_UPDATE,pit_fundamental.level|pit_fundamental.change|pit_fundamental.disclosure_event,ABSENT,,False,229263,45498
cn_source::balance_sheet_report_em::CIP_YOY,balance_sheet_report_em,CIP_YOY,FUNDAMENTAL_CHANGE|DISCLOSURE_EVENT,STOCK_REPORT_PERIOD,REPORT_DATE,NOTICE_DATE,UPDATE_DATE,PIT_SAFE_CURRENT_SNAPSHOT_ONLY,balance_sheet_report_em.CIP_YOY,PIT_SIDECAR_REGISTERED_LAZY_NOT_MINUTE_EXPANDED,SLOW_TEMPORAL_CHANGE|DISCLOSURE_EVENT,NO_FORMAL_SEARCH_IN_THIS_TASK; SOURCE_UNIT_GLOSSARY_NOT_ASSERTED,fundamental_balance_sheet,double,NEXT_SESSION_AFTER_MAX_NOTICE_UPDATE,pit_fundamental.change|pit_fundamental.disclosure_event,ABSENT,,False,201885,72876
cn_source::balance_sheet_report_em::COMPENSATE_PAYABLE,balance_sheet_report_em,COMPENSATE_PAYABLE,FUNDAMENTAL_LEVEL|FUNDAMENTAL_CHANGE|DISCLOSURE_EVENT,STOCK_REPORT_PERIOD,REPORT_DATE,NOTICE_DATE,UPDATE_DATE,PIT_SAFE_CURRENT_SNAPSHOT_ONLY,balance_sheet_report_em.COMPENSATE_PAYABLE,PIT_SIDECAR_REGISTERED_LAZY_NOT_MINUTE_EXPANDED,SLOW_XS_LEVEL|SLOW_TEMPORAL_CHANGE|DISCLOSURE_EVENT,NO_FORMAL_SEARCH_IN_THIS_TASK; SOURCE_UNIT_GLOSSARY_NOT_ASSERTED,fundamental_balance_sheet,double,NEXT_SESSION_AFTER_MAX_NOTICE_UPDATE,pit_fundamental.level|pit_fundamental.change|pit_fundamental.disclosure_event,ABSENT,,False,278,274483
cn_source::balance_sheet_report_em::COMPENSATE_PAYABLE_YOY,balance_sheet_report_em,COMPENSATE_PAYABLE_YOY,FUNDAMENTAL_CHANGE|DISCLOSURE_EVENT,STOCK_REPORT_PERIOD,REPORT_DATE,NOTICE_DATE,UPDATE_DATE,PIT_SAFE_CURRENT_SNAPSHOT_ONLY,balance_sheet_report_em.COMPENSATE_PAYABLE_YOY,PIT_SIDECAR_REGISTERED_LAZY_NOT_MINUTE_EXPANDED,SLOW_TEMPORAL_CHANGE|DISCLOSURE_EVENT,NO_FORMAL_SEARCH_IN_THIS_TASK; SOURCE_UNIT_GLOSSARY_NOT_ASSERTED,fundamental_balance_sheet,double,NEXT_SESSION_AFTER_MAX_NOTICE_UPDATE,pit_fundamental.change|pit_fundamental.disclosure_event,ABSENT,,False,256,274505
cn_source::balance_sheet_report_em::CONSUMPTIVE_BIOLOGICAL_ASSET,balance_sheet_report_em,CONSUMPTIVE_BIOLOGICAL_ASSET,FUNDAMENTAL_LEVEL|FUNDAMENTAL_CHANGE|DISCLOSURE_EVENT,STOCK_REPORT_PERIOD,REPORT_DATE,NOTICE_DATE,UPDATE_DATE,PIT_SAFE_CURRENT_SNAPSHOT_ONLY,balance_sheet_report_em.CONSUMPTIVE_BIOLOGICAL_ASSET,PIT_SIDECAR_REGISTERED_LAZY_NOT_MINUTE_EXPANDED,SLOW_XS_LEVEL|SLOW_TEMPORAL_CHANGE|DISCLOSURE_EVENT,NO_FORMAL_SEARCH_IN_THIS_TASK; SOURCE_UNIT_GLOSSARY_NOT_ASSERTED,fundamental_balance_sheet,double,NEXT_SESSION_AFTER_MAX_NOTICE_UPDATE,pit_fundamental.level|pit_fundamental.change|pit_fundamental.disclosure_event,ABSENT,,False,26,274735
cn_source::balance_sheet_report_em::CONSUMPTIVE_BIOLOGICAL_ASSET_YOY,balance_sheet_report_em,CONSUMPTIVE_BIOLOGICAL_ASSET_YOY,FUNDAMENTAL_CHANGE|DISCLOSURE_EVENT,STOCK_REPORT_PERIOD,REPORT_DATE,NOTICE_DATE,UPDATE_DATE,PIT_SAFE_CURRENT_SNAPSHOT_ONLY,balance_sheet_report_em.CONSUMPTIVE_BIOLOGICAL_ASSET_YOY,PIT_SIDECAR_REGISTERED_LAZY_NOT_MINUTE_EXPANDED,SLOW_TEMPORAL_CHANGE|DISCLOSURE_EVENT,NO_FORMAL_SEARCH_IN_THIS_TASK; SOURCE_UNIT_GLOSSARY_NOT_ASSERTED,fundamental_balance_sheet,double,NEXT_SESSION_AFTER_MAX_NOTICE_UPDATE,pit_fundamental.change|pit_fundamental.disclosure_event,ABSENT,,False,18,274743
cn_source::balance_sheet_report_em::CONTRACT_ASSET,balance_sheet_report_em,CONTRACT_ASSET,FUNDAMENTAL_LEVEL|FUNDAMENTAL_CHANGE|DISCLOSURE_EVENT,STOCK_REPORT_PERIOD,REPORT_DATE,NOTICE_DATE,UPDATE_DATE,PIT_SAFE_CURRENT_SNAPSHOT_ONLY,balance_sheet_report_em.CONTRACT_ASSET,PIT_SIDECAR_REGISTERED_LAZY_NOT_MINUTE_EXPANDED,SLOW_XS_LEVEL|SLOW_TEMPORAL_CHANGE|DISCLOSURE_EVENT,NO_FORMAL_SEARCH_IN_THIS_TASK; SOURCE_UNIT_GLOSSARY_NOT_ASSERTED,fundamental_balance_sheet,double,NEXT_SESSION_AFTER_MAX_NOTICE_UPDATE,pit_fundamental.level|pit_fundamental.change|pit_fundamental.disclosure_event,ABSENT,,False,32074,242687
cn_source::balance_sheet_report_em::CONTRACT_ASSET_YOY,balance_sheet_report_em,CONTRACT_ASSET_YOY,FUNDAMENTAL_CHANGE|DISCLOSURE_EVENT,STOCK_REPORT_PERIOD,REPORT_DATE,NOTICE_DATE,UPDATE_DATE,PIT_SAFE_CURRENT_SNAPSHOT_ONLY,balance_sheet_report_em.CONTRACT_ASSET_YOY,PIT_SIDECAR_REGISTERED_LAZY_NOT_MINUTE_EXPANDED,SLOW_TEMPORAL_CHANGE|DISCLOSURE_EVENT,NO_FORMAL_SEARCH_IN_THIS_TASK; SOURCE_UNIT_GLOSSARY_NOT_ASSERTED,fundamental_balance_sheet,double,NEXT_SESSION_AFTER_MAX_NOTICE_UPDATE,pit_fundamental.change|pit_fundamental.disclosure_event,ABSENT,,False,23091,251670
cn_source::balance_sheet_report_em::CONTRACT_LIAB,balance_sheet_report_em,CONTRACT_LIAB,FUNDAMENTAL_LEVEL|FUNDAMENTAL_CHANGE|DISCLOSURE_EVENT,STOCK_REPORT_PERIOD,REPORT_DATE,NOTICE_DATE,UPDATE_DATE,PIT_SAFE_CURRENT_SNAPSHOT_ONLY,balance_sheet_report_em.CONTRACT_LIAB,PIT_SIDECAR_REGISTERED_LAZY_NOT_MINUTE_EXPANDED,SLOW_XS_LEVEL|SLOW_TEMPORAL_CHANGE|DISCLOSURE_EVENT,NO_FORMAL_SEARCH_IN_THIS_TASK; SOURCE_UNIT_GLOSSARY_NOT_ASSERTED,fundamental_balance_sheet,double,NEXT_SESSION_AFTER_MAX_NOTICE_UPDATE,pit_fundamental.level|pit_fundamental.change|pit_fundamental.disclosure_event,ABSENT,,False,91264,183497
cn_source::balance_sheet_report_em::CONTRACT_LIAB_YOY,balance_sheet_report_em,CONTRACT_LIAB_YOY,FUNDAMENTAL_CHANGE|DISCLOSURE_EVENT,STOCK_REPORT_PERIOD,REPORT_DATE,NOTICE_DATE,UPDATE_DATE,PIT_SAFE_CURRENT_SNAPSHOT_ONLY,balance_sheet_report_em.CONTRACT_LIAB_YOY,PIT_SIDECAR_REGISTERED_LAZY_NOT_MINUTE_EXPANDED,SLOW_TEMPORAL_CHANGE|DISCLOSURE_EVENT,NO_FORMAL_SEARCH_IN_THIS_TASK; SOURCE_UNIT_GLOSSARY_NOT_ASSERTED,fundamental_balance_sheet,double,NEXT_SESSION_AFTER_MAX_NOTICE_UPDATE,pit_fundamental.change|pit_fundamental.disclosure_event,ABSENT,,False,70877,203884
cn_source::balance_sheet_report_em::CONVERT_DIFF,balance_sheet_report_em,CONVERT_DIFF,FUNDAMENTAL_LEVEL|FUNDAMENTAL_CHANGE|DISCLOSURE_EVENT,STOCK_REPORT_PERIOD,REPORT_DATE,NOTICE_DATE,UPDATE_DATE,PIT_SAFE_CURRENT_SNAPSHOT_ONLY,balance_sheet_report_em.CONVERT_DIFF,PIT_SIDECAR_REGISTERED_LAZY_NOT_MINUTE_EXPANDED,SLOW_XS_LEVEL|SLOW_TEMPORAL_CHANGE|DISCLOSURE_EVENT,NO_FORMAL_SEARCH_IN_THIS_TASK; SOURCE_UNIT_GLOSSARY_NOT_ASSERTED,fundamental_balance_sheet,double,NEXT_SESSION_AFTER_MAX_NOTICE_UPDATE,pit_fundamental.level|pit_fundamental.change|pit_fundamental.disclosure_event,ABSENT,,False,18185,256576
cn_source::balance_sheet_report_em::CONVERT_DIFF_YOY,balance_sheet_report_em,CONVERT_DIFF_YOY,FUNDAMENTAL_CHANGE|DISCLOSURE_EVENT,STOCK_REPORT_PERIOD,REPORT_DATE,NOTICE_DATE,UPDATE_DATE,PIT_SAFE_CURRENT_SNAPSHOT_ONLY,balance_sheet_report_em.CONVERT_DIFF_YOY,PIT_SIDECAR_REGISTERED_LAZY_NOT_MINUTE_EXPANDED,SLOW_TEMPORAL_CHANGE|DISCLOSURE_EVENT,NO_FORMAL_SEARCH_IN_THIS_TASK; SOURCE_UNIT_GLOSSARY_NOT_ASSERTED,fundamental_balance_sheet,double,NEXT_SESSION_AFTER_MAX_NOTICE_UPDATE,pit_fundamental.change|pit_fundamental.disclosure_event,ABSENT,,False,13225,261536
cn_source::balance_sheet_report_em::CREDITOR_INVEST,balance_sheet_report_em,CREDITOR_INVEST,FUNDAMENTAL_LEVEL|FUNDAMENTAL_CHANGE|DISCLOSURE_EVENT,STOCK_REPORT_PERIOD,REPORT_DATE,NOTICE_DATE,UPDATE_DATE,PIT_SAFE_CURRENT_SNAPSHOT_ONLY,balance_sheet_report_em.CREDITOR_INVEST,PIT_SIDECAR_REGISTERED_LAZY_NOT_MINUTE_EXPANDED,SLOW_XS_LEVEL|SLOW_TEMPORAL_CHANGE|DISCLOSURE_EVENT,NO_FORMAL_SEARCH_IN_THIS_TASK; SOURCE_UNIT_GLOSSARY_NOT_ASSERTED,fundamental_balance_sheet,double,NEXT_SESSION_AFTER_MAX_NOTICE_UPDATE,pit_fundamental.level|pit_fundamental.change|pit_fundamental.disclosure_event,ABSENT,,False,7501,267260
cn_source::balance_sheet_report_em::CREDITOR_INVEST_YOY,balance_sheet_report_em,CREDITOR_INVEST_YOY,FUNDAMENTAL_CHANGE|DISCLOSURE_EVENT,STOCK_REPORT_PERIOD,REPORT_DATE,NOTICE_DATE,UPDATE_DATE,PIT_SAFE_CURRENT_SNAPSHOT_ONLY,balance_sheet_report_em.CREDITOR_INVEST_YOY,PIT_SIDECAR_REGISTERED_LAZY_NOT_MINUTE_EXPANDED,SLOW_TEMPORAL_CHANGE|DISCLOSURE_EVENT,NO_FORMAL_SEARCH_IN_THIS_TASK; SOURCE_UNIT_GLOSSARY_NOT_ASSERTED,fundamental_balance_sheet,double,NEXT_SESSION_AFTER_MAX_NOTICE_UPDATE,pit_fundamental.change|pit_fundamental.disclosure_event,ABSENT,,False,4319,270442
cn_source::balance_sheet_report_em::CREDITOR_PLAN_INVEST,balance_sheet_report_em,CREDITOR_PLAN_INVEST,FUNDAMENTAL_LEVEL|FUNDAMENTAL_CHANGE|DISCLOSURE_EVENT,STOCK_REPORT_PERIOD,REPORT_DATE,NOTICE_DATE,UPDATE_DATE,PIT_SAFE_CURRENT_SNAPSHOT_ONLY,balance_sheet_report_em.CREDITOR_PLAN_INVEST,PIT_SIDECAR_REGISTERED_LAZY_NOT_MINUTE_EXPANDED,SLOW_XS_LEVEL|SLOW_TEMPORAL_CHANGE|DISCLOSURE_EVENT,NO_FORMAL_SEARCH_IN_THIS_TASK; SOURCE_UNIT_GLOSSARY_NOT_ASSERTED,fundamental_balance_sheet,double,NEXT_SESSION_AFTER_MAX_NOTICE_UPDATE,pit_fundamental.level|pit_fundamental.change|pit_fundamental.disclosure_event,ABSENT,,False,7,274754
cn_source::balance_sheet_report_em::CREDITOR_PLAN_INVEST_YOY,balance_sheet_report_em,CREDITOR_PLAN_INVEST_YOY,FUNDAMENTAL_CHANGE|DISCLOSURE_EVENT,STOCK_REPORT_PERIOD,REPORT_DATE,NOTICE_DATE,UPDATE_DATE,PIT_SAFE_CURRENT_SNAPSHOT_ONLY,balance_sheet_report_em.CREDITOR_PLAN_INVEST_YOY,PIT_SIDECAR_REGISTERED_LAZY_NOT_MINUTE_EXPANDED,SLOW_TEMPORAL_CHANGE|DISCLOSURE_EVENT,NO_FORMAL_SEARCH_IN_THIS_TASK; SOURCE_UNIT_GLOSSARY_NOT_ASSERTED,fundamental_balance_sheet,double,NEXT_SESSION_AFTER_MAX_NOTICE_UPDATE,pit_fundamental.change|pit_fundamental.disclosure_event,ABSENT,,False,2,274759
cn_source::balance_sheet_report_em::CREDIT_AGENT_SECURITY,balance_sheet_report_em,CREDIT_AGENT_SECURITY,FUNDAMENTAL_LEVEL|FUNDAMENTAL_CHANGE|DISCLOSURE_EVENT,STOCK_REPORT_PERIOD,REPORT_DATE,NOTICE_DATE,UPDATE_DATE,PIT_SAFE_CURRENT_SNAPSHOT_ONLY,balance_sheet_report_em.CREDIT_AGENT_SECURITY,PIT_SIDECAR_REGISTERED_LAZY_NOT_MINUTE_EXPANDED,SLOW_XS_LEVEL|SLOW_TEMPORAL_CHANGE|DISCLOSURE_EVENT,NO_FORMAL_SEARCH_IN_THIS_TASK; SOURCE_UNIT_GLOSSARY_NOT_ASSERTED,fundamental_balance_sheet,double,NEXT_SESSION_AFTER_MAX_NOTICE_UPDATE,pit_fundamental.level|pit_fundamental.change|pit_fundamental.disclosure_event,ABSENT,,False,233,274528
cn_source::balance_sheet_report_em::CREDIT_AGENT_SECURITY_YOY,balance_sheet_report_em,CREDIT_AGENT_SECURITY_YOY,FUNDAMENTAL_CHANGE|DISCLOSURE_EVENT,STOCK_REPORT_PERIOD,REPORT_DATE,NOTICE_DATE,UPDATE_DATE,PIT_SAFE_CURRENT_SNAPSHOT_ONLY,balance_sheet_report_em.CREDIT_AGENT_SECURITY_YOY,PIT_SIDECAR_REGISTERED_LAZY_NOT_MINUTE_EXPANDED,SLOW_TEMPORAL_CHANGE|DISCLOSURE_EVENT,NO_FORMAL_SEARCH_IN_THIS_TASK; SOURCE_UNIT_GLOSSARY_NOT_ASSERTED,fundamental_balance_sheet,double,NEXT_SESSION_AFTER_MAX_NOTICE_UPDATE,pit_fundamental.change|pit_fundamental.disclosure_event,ABSENT,,False,78,274683
cn_source::balance_sheet_report_em::CREDIT_EXCESS_RESERVE,balance_sheet_report_em,CREDIT_EXCESS_RESERVE,FUNDAMENTAL_LEVEL|FUNDAMENTAL_CHANGE|DISCLOSURE_EVENT,STOCK_REPORT_PERIOD,REPORT_DATE,NOTICE_DATE,UPDATE_DATE,PIT_SAFE_CURRENT_SNAPSHOT_ONLY,balance_sheet_report_em.CREDIT_EXCESS_RESERVE,PIT_SIDECAR_REGISTERED_LAZY_NOT_MINUTE_EXPANDED,SLOW_XS_LEVEL|SLOW_TEMPORAL_CHANGE|DISCLOSURE_EVENT,NO_FORMAL_SEARCH_IN_THIS_TASK; SOURCE_UNIT_GLOSSARY_NOT_ASSERTED,fundamental_balance_sheet,double,NEXT_SESSION_AFTER_MAX_NOTICE_UPDATE,pit_fundamental.level|pit_fundamental.change|pit_fundamental.disclosure_event,ABSENT,,False,265,274496
cn_source::balance_sheet_report_em::CREDIT_EXCESS_RESERVE_YOY,balance_sheet_report_em,CREDIT_EXCESS_RESERVE_YOY,FUNDAMENTAL_CHANGE|DISCLOSURE_EVENT,STOCK_REPORT_PERIOD,REPORT_DATE,NOTICE_DATE,UPDATE_DATE,PIT_SAFE_CURRENT_SNAPSHOT_ONLY,balance_sheet_report_em.CREDIT_EXCESS_RESERVE_YOY,PIT_SIDECAR_REGISTERED_LAZY_NOT_MINUTE_EXPANDED,SLOW_TEMPORAL_CHANGE|DISCLOSURE_EVENT,NO_FORMAL_SEARCH_IN_THIS_TASK; SOURCE_UNIT_GLOSSARY_NOT_ASSERTED,fundamental_balance_sheet,double,NEXT_SESSION_AFTER_MAX_NOTICE_UPDATE,pit_fundamental.change|pit_fundamental.disclosure_event,ABSENT,,False,5,274756
cn_source::balance_sheet_report_em::CURRENCY,balance_sheet_report_em,CURRENCY,METADATA_BLOCKED,STOCK_REPORT_PERIOD,REPORT_DATE,NOTICE_DATE,UPDATE_DATE,PIT_SAFE_CURRENT_SNAPSHOT_ONLY,balance_sheet_report_em.CURRENCY,SOURCE_METADATA_SIDECAR_ONLY,BLOCKED,METADATA_NOT_SEARCHABLE,fundamental_balance_sheet,string,NEXT_SESSION_AFTER_MAX_NOTICE_UPDATE,,ABSENT,,False,274705,56
cn_source::balance_sheet_report_em::CURRENT_ASSET_BALANCE,balance_sheet_report_em,CURRENT_ASSET_BALANCE,FUNDAMENTAL_LEVEL|FUNDAMENTAL_CHANGE|DISCLOSURE_EVENT,STOCK_REPORT_PERIOD,REPORT_DATE,NOTICE_DATE,UPDATE_DATE,PIT_SAFE_CURRENT_SNAPSHOT_ONLY,balance_sheet_report_em.CURRENT_ASSET_BALANCE,PIT_SIDECAR_REGISTERED_LAZY_NOT_MINUTE_EXPANDED,SLOW_XS_LEVEL|SLOW_TEMPORAL_CHANGE|DISCLOSURE_EVENT,NO_FORMAL_SEARCH_IN_THIS_TASK; SOURCE_UNIT_GLOSSARY_NOT_ASSERTED,fundamental_balance_sheet,double,NEXT_SESSION_AFTER_MAX_NOTICE_UPDATE,pit_fundamental.level|pit_fundamental.change|pit_fundamental.disclosure_event,ABSENT,,False,224514,50247
cn_source::balance_sheet_report_em::CURRENT_ASSET_BALANCE_YOY,balance_sheet_report_em,CURRENT_ASSET_BALANCE_YOY,FUNDAMENTAL_CHANGE|DISCLOSURE_EVENT,STOCK_REPORT_PERIOD,REPORT_DATE,NOTICE_DATE,UPDATE_DATE,PIT_SAFE_CURRENT_SNAPSHOT_ONLY,balance_sheet_report_em.CURRENT_ASSET_BALANCE_YOY,PIT_SIDECAR_REGISTERED_LAZY_NOT_MINUTE_EXPANDED,SLOW_TEMPORAL_CHANGE|DISCLOSURE_EVENT,NO_FORMAL_SEARCH_IN_THIS_TASK; SOURCE_UNIT_GLOSSARY_NOT_ASSERTED,fundamental_balance_sheet,double,NEXT_SESSION_AFTER_MAX_NOTICE_UPDATE,pit_fundamental.change|pit_fundamental.disclosure_event,ABSENT,,False,14522,260239
cn_source::balance_sheet_report_em::CURRENT_ASSET_OTHER,balance_sheet_report_em,CURRENT_ASSET_OTHER,FUNDAMENTAL_LEVEL|FUNDAMENTAL_CHANGE|DISCLOSURE_EVENT,STOCK_REPORT_PERIOD,REPORT_DATE,NOTICE_DATE,UPDATE_DATE,PIT_SAFE_CURRENT_SNAPSHOT_ONLY,balance_sheet_report_em.CURRENT_ASSET_OTHER,PIT_SIDECAR_REGISTERED_LAZY_NOT_MINUTE_EXPANDED,SLOW_XS_LEVEL|SLOW_TEMPORAL_CHANGE|DISCLOSURE_EVENT,NO_FORMAL_SEARCH_IN_THIS_TASK; SOURCE_UNIT_GLOSSARY_NOT_ASSERTED,fundamental_balance_sheet,double,NEXT_SESSION_AFTER_MAX_NOTICE_UPDATE,pit_fundamental.level|pit_fundamental.change|pit_fundamental.disclosure_event,ABSENT,,False,100767,173994
cn_source::balance_sheet_report_em::CURRENT_ASSET_OTHER_YOY,balance_sheet_report_em,CURRENT_ASSET_OTHER_YOY,FUNDAMENTAL_CHANGE|DISCLOSURE_EVENT,STOCK_REPORT_PERIOD,REPORT_DATE,NOTICE_DATE,UPDATE_DATE,PIT_SAFE_CURRENT_SNAPSHOT_ONLY,balance_sheet_report_em.CURRENT_ASSET_OTHER_YOY,PIT_SIDECAR_REGISTERED_LAZY_NOT_MINUTE_EXPANDED,SLOW_TEMPORAL_CHANGE|DISCLOSURE_EVENT,NO_FORMAL_SEARCH_IN_THIS_TASK; SOURCE_UNIT_GLOSSARY_NOT_ASSERTED,fundamental_balance_sheet,double,NEXT_SESSION_AFTER_MAX_NOTICE_UPDATE,pit_fundamental.change|pit_fundamental.disclosure_event,ABSENT,,False,27873,246888
cn_source::balance_sheet_report_em::CURRENT_LIAB_BALANCE,balance_sheet_report_em,CURRENT_LIAB_BALANCE,FUNDAMENTAL_LEVEL|FUNDAMENTAL_CHANGE|DISCLOSURE_EVENT,STOCK_REPORT_PERIOD,REPORT_DATE,NOTICE_DATE,UPDATE_DATE,PIT_SAFE_CURRENT_SNAPSHOT_ONLY,balance_sheet_report_em.CURRENT_LIAB_BALANCE,PIT_SIDECAR_REGISTERED_LAZY_NOT_MINUTE_EXPANDED,SLOW_XS_LEVEL|SLOW_TEMPORAL_CHANGE|DISCLOSURE_EVENT,NO_FORMAL_SEARCH_IN_THIS_TASK; SOURCE_UNIT_GLOSSARY_NOT_ASSERTED,fundamental_balance_sheet,double,NEXT_SESSION_AFTER_MAX_NOTICE_UPDATE,pit_fundamental.level|pit_fundamental.change|pit_fundamental.disclosure_event,ABSENT,,False,224587,50174
cn_source::balance_sheet_report_em::CURRENT_LIAB_BALANCE_YOY,balance_sheet_report_em,CURRENT_LIAB_BALANCE_YOY,FUNDAMENTAL_CHANGE|DISCLOSURE_EVENT,STOCK_REPORT_PERIOD,REPORT_DATE,NOTICE_DATE,UPDATE_DATE,PIT_SAFE_CURRENT_SNAPSHOT_ONLY,balance_sheet_report_em.CURRENT_LIAB_BALANCE_YOY,PIT_SIDECAR_REGISTERED_LAZY_NOT_MINUTE_EXPANDED,SLOW_TEMPORAL_CHANGE|DISCLOSURE_EVENT,NO_FORMAL_SEARCH_IN_THIS_TASK; SOURCE_UNIT_GLOSSARY_NOT_ASSERTED,fundamental_balance_sheet,double,NEXT_SESSION_AFTER_MAX_NOTICE_UPDATE,pit_fundamental.change|pit_fundamental.disclosure_event,ABSENT,,False,3776,270985
cn_source::balance_sheet_report_em::CURRENT_LIAB_OTHER,balance_sheet_report_em,CURRENT_LIAB_OTHER,FUNDAMENTAL_LEVEL|FUNDAMENTAL_CHANGE|DISCLOSURE_EVENT,STOCK_REPORT_PERIOD,REPORT_DATE,NOTICE_DATE,UPDATE_DATE,PIT_SAFE_CURRENT_SNAPSHOT_ONLY,balance_sheet_report_em.CURRENT_LIAB_OTHER,PIT_SIDECAR_REGISTERED_LAZY_NOT_MINUTE_EXPANDED,SLOW_XS_LEVEL|SLOW_TEMPORAL_CHANGE|DISCLOSURE_EVENT,NO_FORMAL_SEARCH_IN_THIS_TASK; SOURCE_UNIT_GLOSSARY_NOT_ASSERTED,fundamental_balance_sheet,double,NEXT_SESSION_AFTER_MAX_NOTICE_UPDATE,pit_fundamental.level|pit_fundamental.change|pit_fundamental.disclosure_event,ABSENT,,False,112548,162213
cn_source::balance_sheet_report_em::CURRENT_LIAB_OTHER_YOY,balance_sheet_report_em,CURRENT_LIAB_OTHER_YOY,FUNDAMENTAL_CHANGE|DISCLOSURE_EVENT,STOCK_REPORT_PERIOD,REPORT_DATE,NOTICE_DATE,UPDATE_DATE,PIT_SAFE_CURRENT_SNAPSHOT_ONLY,balance_sheet_report_em.CURRENT_LIAB_OTHER_YOY,PIT_SIDECAR_REGISTERED_LAZY_NOT_MINUTE_EXPANDED,SLOW_TEMPORAL_CHANGE|DISCLOSURE_EVENT,NO_FORMAL_SEARCH_IN_THIS_TASK; SOURCE_UNIT_GLOSSARY_NOT_ASSERTED,fundamental_balance_sheet,double,NEXT_SESSION_AFTER_MAX_NOTICE_UPDATE,pit_fundamental.change|pit_fundamental.disclosure_event,ABSENT,,False,27278,247483
cn_source::balance_sheet_report_em::CUSTOMER_CREDIT_DEPOSIT,balance_sheet_report_em,CUSTOMER_CREDIT_DEPOSIT,FUNDAMENTAL_LEVEL|FUNDAMENTAL_CHANGE|DISCLOSURE_EVENT,STOCK_REPORT_PERIOD,REPORT_DATE,NOTICE_DATE,UPDATE_DATE,PIT_SAFE_CURRENT_SNAPSHOT_ONLY,balance_sheet_report_em.CUSTOMER_CREDIT_DEPOSIT,PIT_SIDECAR_REGISTERED_LAZY_NOT_MINUTE_EXPANDED,SLOW_XS_LEVEL|SLOW_TEMPORAL_CHANGE|DISCLOSURE_EVENT,NO_FORMAL_SEARCH_IN_THIS_TASK; SOURCE_UNIT_GLOSSARY_NOT_ASSERTED,fundamental_balance_sheet,double,NEXT_SESSION_AFTER_MAX_NOTICE_UPDATE,pit_fundamental.level|pit_fundamental.change|pit_fundamental.disclosure_event,ABSENT,,False,352,274409
cn_source::balance_sheet_report_em::CUSTOMER_CREDIT_DEPOSIT_YOY,balance_sheet_report_em,CUSTOMER_CREDIT_DEPOSIT_YOY,FUNDAMENTAL_CHANGE|DISCLOSURE_EVENT,STOCK_REPORT_PERIOD,REPORT_DATE,NOTICE_DATE,UPDATE_DATE,PIT_SAFE_CURRENT_SNAPSHOT_ONLY,balance_sheet_report_em.CUSTOMER_CREDIT_DEPOSIT_YOY,PIT_SIDECAR_REGISTERED_LAZY_NOT_MINUTE_EXPANDED,SLOW_TEMPORAL_CHANGE|DISCLOSURE_EVENT,NO_FORMAL_SEARCH_IN_THIS_TASK; SOURCE_UNIT_GLOSSARY_NOT_ASSERTED,fundamental_balance_sheet,double,NEXT_SESSION_AFTER_MAX_NOTICE_UPDATE,pit_fundamental.change|pit_fundamental.disclosure_event,ABSENT,,False,72,274689
cn_source::balance_sheet_report_em::CUSTOMER_DEPOSIT,balance_sheet_report_em,CUSTOMER_DEPOSIT,FUNDAMENTAL_LEVEL|FUNDAMENTAL_CHANGE|DISCLOSURE_EVENT,STOCK_REPORT_PERIOD,REPORT_DATE,NOTICE_DATE,UPDATE_DATE,PIT_SAFE_CURRENT_SNAPSHOT_ONLY,balance_sheet_report_em.CUSTOMER_DEPOSIT,PIT_SIDECAR_REGISTERED_LAZY_NOT_MINUTE_EXPANDED,SLOW_XS_LEVEL|SLOW_TEMPORAL_CHANGE|DISCLOSURE_EVENT,NO_FORMAL_SEARCH_IN_THIS_TASK; SOURCE_UNIT_GLOSSARY_NOT_ASSERTED,fundamental_balance_sheet,double,NEXT_SESSION_AFTER_MAX_NOTICE_UPDATE,pit_fundamental.level|pit_fundamental.change|pit_fundamental.disclosure_event,ABSENT,,False,2303,272458
cn_source::balance_sheet_report_em::CUSTOMER_DEPOSIT_YOY,balance_sheet_report_em,CUSTOMER_DEPOSIT_YOY,FUNDAMENTAL_CHANGE|DISCLOSURE_EVENT,STOCK_REPORT_PERIOD,REPORT_DATE,NOTICE_DATE,UPDATE_DATE,PIT_SAFE_CURRENT_SNAPSHOT_ONLY,balance_sheet_report_em.CUSTOMER_DEPOSIT_YOY,PIT_SIDECAR_REGISTERED_LAZY_NOT_MINUTE_EXPANDED,SLOW_TEMPORAL_CHANGE|DISCLOSURE_EVENT,NO_FORMAL_SEARCH_IN_THIS_TASK; SOURCE_UNIT_GLOSSARY_NOT_ASSERTED,fundamental_balance_sheet,double,NEXT_SESSION_AFTER_MAX_NOTICE_UPDATE,pit_fundamental.change|pit_fundamental.disclosure_event,ABSENT,,False,2116,272645
cn_source::balance_sheet_report_em::CUSTOMER_EXCESS_RESERVE,balance_sheet_report_em,CUSTOMER_EXCESS_RESERVE,FUNDAMENTAL_LEVEL|FUNDAMENTAL_CHANGE|DISCLOSURE_EVENT,STOCK_REPORT_PERIOD,REPORT_DATE,NOTICE_DATE,UPDATE_DATE,PIT_SAFE_CURRENT_SNAPSHOT_ONLY,balance_sheet_report_em.CUSTOMER_EXCESS_RESERVE,PIT_SIDECAR_REGISTERED_LAZY_NOT_MINUTE_EXPANDED,SLOW_XS_LEVEL|SLOW_TEMPORAL_CHANGE|DISCLOSURE_EVENT,NO_FORMAL_SEARCH_IN_THIS_TASK; SOURCE_UNIT_GLOSSARY_NOT_ASSERTED,fundamental_balance_sheet,double,NEXT_SESSION_AFTER_MAX_NOTICE_UPDATE,pit_fundamental.level|pit_fundamental.change|pit_fundamental.disclosure_event,ABSENT,,False,2288,272473
cn_source::balance_sheet_report_em::CUSTOMER_EXCESS_RESERVE_YOY,balance_sheet_report_em,CUSTOMER_EXCESS_RESERVE_YOY,FUNDAMENTAL_CHANGE|DISCLOSURE_EVENT,STOCK_REPORT_PERIOD,REPORT_DATE,NOTICE_DATE,UPDATE_DATE,PIT_SAFE_CURRENT_SNAPSHOT_ONLY,balance_sheet_report_em.CUSTOMER_EXCESS_RESERVE_YOY,PIT_SIDECAR_REGISTERED_LAZY_NOT_MINUTE_EXPANDED,SLOW_TEMPORAL_CHANGE|DISCLOSURE_EVENT,NO_FORMAL_SEARCH_IN_THIS_TASK; SOURCE_UNIT_GLOSSARY_NOT_ASSERTED,fundamental_balance_sheet,double,NEXT_SESSION_AFTER_MAX_NOTICE_UPDATE,pit_fundamental.change|pit_fundamental.disclosure_event,ABSENT,,False,2098,272663
cn_source::balance_sheet_report_em::DEFER_INCOME,balance_sheet_report_em,DEFER_INCOME,FUNDAMENTAL_LEVEL|FUNDAMENTAL_CHANGE|DISCLOSURE_EVENT,STOCK_REPORT_PERIOD,REPORT_DATE,NOTICE_DATE,UPDATE_DATE,PIT_SAFE_CURRENT_SNAPSHOT_ONLY,balance_sheet_report_em.DEFER_INCOME,PIT_SIDECAR_REGISTERED_LAZY_NOT_MINUTE_EXPANDED,SLOW_XS_LEVEL|SLOW_TEMPORAL_CHANGE|DISCLOSURE_EVENT,NO_FORMAL_SEARCH_IN_THIS_TASK; SOURCE_UNIT_GLOSSARY_NOT_ASSERTED,fundamental_balance_sheet,double,NEXT_SESSION_AFTER_MAX_NOTICE_UPDATE,pit_fundamental.level|pit_fundamental.change|pit_fundamental.disclosure_event,ABSENT,,False,147139,127622
cn_source::balance_sheet_report_em::DEFER_INCOME_1YEAR,balance_sheet_report_em,DEFER_INCOME_1YEAR,FUNDAMENTAL_LEVEL|FUNDAMENTAL_CHANGE|DISCLOSURE_EVENT,STOCK_REPORT_PERIOD,REPORT_DATE,NOTICE_DATE,UPDATE_DATE,PIT_SAFE_CURRENT_SNAPSHOT_ONLY,balance_sheet_report_em.DEFER_INCOME_1YEAR,PIT_SIDECAR_REGISTERED_LAZY_NOT_MINUTE_EXPANDED,SLOW_XS_LEVEL|SLOW_TEMPORAL_CHANGE|DISCLOSURE_EVENT,NO_FORMAL_SEARCH_IN_THIS_TASK; SOURCE_UNIT_GLOSSARY_NOT_ASSERTED,fundamental_balance_sheet,double,NEXT_SESSION_AFTER_MAX_NOTICE_UPDATE,pit_fundamental.level|pit_fundamental.change|pit_fundamental.disclosure_event,ABSENT,,False,455,274306
cn_source::balance_sheet_report_em::DEFER_INCOME_1YEAR_YOY,balance_sheet_report_em,DEFER_INCOME_1YEAR_YOY,FUNDAMENTAL_CHANGE|DISCLOSURE_EVENT,STOCK_REPORT_PERIOD,REPORT_DATE,NOTICE_DATE,UPDATE_DATE,PIT_SAFE_CURRENT_SNAPSHOT_ONLY,balance_sheet_report_em.DEFER_INCOME_1YEAR_YOY,PIT_SIDECAR_REGISTERED_LAZY_NOT_MINUTE_EXPANDED,SLOW_TEMPORAL_CHANGE|DISCLOSURE_EVENT,NO_FORMAL_SEARCH_IN_THIS_TASK; SOURCE_UNIT_GLOSSARY_NOT_ASSERTED,fundamental_balance_sheet,double,NEXT_SESSION_AFTER_MAX_NOTICE_UPDATE,pit_fundamental.change|pit_fundamental.disclosure_event,ABSENT,,False,181,274580
cn_source::balance_sheet_report_em::DEFER_INCOME_YOY,balance_sheet_report_em,DEFER_INCOME_YOY,FUNDAMENTAL_CHANGE|DISCLOSURE_EVENT,STOCK_REPORT_PERIOD,REPORT_DATE,NOTICE_DATE,UPDATE_DATE,PIT_SAFE_CURRENT_SNAPSHOT_ONLY,balance_sheet_report_em.DEFER_INCOME_YOY,PIT_SIDECAR_REGISTERED_LAZY_NOT_MINUTE_EXPANDED,SLOW_TEMPORAL_CHANGE|DISCLOSURE_EVENT,NO_FORMAL_SEARCH_IN_THIS_TASK; SOURCE_UNIT_GLOSSARY_NOT_ASSERTED,fundamental_balance_sheet,double,NEXT_SESSION_AFTER_MAX_NOTICE_UPDATE,pit_fundamental.change|pit_fundamental.disclosure_event,ABSENT,,False,125109,149652
cn_source::balance_sheet_report_em::DEFER_TAX_ASSET,balance_sheet_report_em,DEFER_TAX_ASSET,FUNDAMENTAL_LEVEL|FUNDAMENTAL_CHANGE|DISCLOSURE_EVENT,STOCK_REPORT_PERIOD,REPORT_DATE,NOTICE_DATE,UPDATE_DATE,PIT_SAFE_CURRENT_SNAPSHOT_ONLY,balance_sheet_report_em.DEFER_TAX_ASSET,PIT_SIDECAR_REGISTERED_LAZY_NOT_MINUTE_EXPANDED,SLOW_XS_LEVEL|SLOW_TEMPORAL_CHANGE|DISCLOSURE_EVENT,NO_FORMAL_SEARCH_IN_THIS_TASK; SOURCE_UNIT_GLOSSARY_NOT_ASSERTED,fundamental_balance_sheet,double,NEXT_SESSION_AFTER_MAX_NOTICE_UPDATE,pit_fundamental.level|pit_fundamental.change|pit_fundamental.disclosure_event,ABSENT,,False,231499,43262
cn_source::balance_sheet_report_em::DEFER_TAX_ASSET_YOY,balance_sheet_report_em,DEFER_TAX_ASSET_YOY,FUNDAMENTAL_CHANGE|DISCLOSURE_EVENT,STOCK_REPORT_PERIOD,REPORT_DATE,NOTICE_DATE,UPDATE_DATE,PIT_SAFE_CURRENT_SNAPSHOT_ONLY,balance_sheet_report_em.DEFER_TAX_ASSET_YOY,PIT_SIDECAR_REGISTERED_LAZY_NOT_MINUTE_EXPANDED,SLOW_TEMPORAL_CHANGE|DISCLOSURE_EVENT,NO_FORMAL_SEARCH_IN_THIS_TASK; SOURCE_UNIT_GLOSSARY_NOT_ASSERTED,fundamental_balance_sheet,double,NEXT_SESSION_AFTER_MAX_NOTICE_UPDATE,pit_fundamental.change|pit_fundamental.disclosure_event,ABSENT,,False,208410,66351
cn_source::balance_sheet_report_em::DEFER_TAX_LIAB,balance_sheet_report_em,DEFER_TAX_LIAB,FUNDAMENTAL_LEVEL|FUNDAMENTAL_CHANGE|DISCLOSURE_EVENT,STOCK_REPORT_PERIOD,REPORT_DATE,NOTICE_DATE,UPDATE_DATE,PIT_SAFE_CURRENT_SNAPSHOT_ONLY,balance_sheet_report_em.DEFER_TAX_LIAB,PIT_SIDECAR_REGISTERED_LAZY_NOT_MINUTE_EXPANDED,SLOW_XS_LEVEL|SLOW_TEMPORAL_CHANGE|DISCLOSURE_EVENT,NO_FORMAL_SEARCH_IN_THIS_TASK; SOURCE_UNIT_GLOSSARY_NOT_ASSERTED,fundamental_balance_sheet,double,NEXT_SESSION_AFTER_MAX_NOTICE_UPDATE,pit_fundamental.level|pit_fundamental.change|pit_fundamental.disclosure_event,ABSENT,,False,144577,130184
cn_source::balance_sheet_report_em::DEFER_TAX_LIAB_YOY,balance_sheet_report_em,DEFER_TAX_LIAB_YOY,FUNDAMENTAL_CHANGE|DISCLOSURE_EVENT,STOCK_REPORT_PERIOD,REPORT_DATE,NOTICE_DATE,UPDATE_DATE,PIT_SAFE_CURRENT_SNAPSHOT_ONLY,balance_sheet_report_em.DEFER_TAX_LIAB_YOY,PIT_SIDECAR_REGISTERED_LAZY_NOT_MINUTE_EXPANDED,SLOW_TEMPORAL_CHANGE|DISCLOSURE_EVENT,NO_FORMAL_SEARCH_IN_THIS_TASK; SOURCE_UNIT_GLOSSARY_NOT_ASSERTED,fundamental_balance_sheet,double,NEXT_SESSION_AFTER_MAX_NOTICE_UPDATE,pit_fundamental.change|pit_fundamental.disclosure_event,ABSENT,,False,117535,157226
cn_source::balance_sheet_report_em::DEPOSIT_CERTIFICATE,balance_sheet_report_em,DEPOSIT_CERTIFICATE,FUNDAMENTAL_LEVEL|FUNDAMENTAL_CHANGE|DISCLOSURE_EVENT,STOCK_REPORT_PERIOD,REPORT_DATE,NOTICE_DATE,UPDATE_DATE,PIT_SAFE_CURRENT_SNAPSHOT_ONLY,balance_sheet_report_em.DEPOSIT_CERTIFICATE,PIT_SIDECAR_REGISTERED_LAZY_NOT_MINUTE_EXPANDED,SLOW_XS_LEVEL|SLOW_TEMPORAL_CHANGE|DISCLOSURE_EVENT,NO_FORMAL_SEARCH_IN_THIS_TASK; SOURCE_UNIT_GLOSSARY_NOT_ASSERTED,fundamental_balance_sheet,double,NEXT_SESSION_AFTER_MAX_NOTICE_UPDATE,pit_fundamental.level|pit_fundamental.change|pit_fundamental.disclosure_event,ABSENT,,False,163,274598
cn_source::balance_sheet_report_em::DEPOSIT_CERTIFICATE_YOY,balance_sheet_report_em,DEPOSIT_CERTIFICATE_YOY,FUNDAMENTAL_CHANGE|DISCLOSURE_EVENT,STOCK_REPORT_PERIOD,REPORT_DATE,NOTICE_DATE,UPDATE_DATE,PIT_SAFE_CURRENT_SNAPSHOT_ONLY,balance_sheet_report_em.DEPOSIT_CERTIFICATE_YOY,PIT_SIDECAR_REGISTERED_LAZY_NOT_MINUTE_EXPANDED,SLOW_TEMPORAL_CHANGE|DISCLOSURE_EVENT,NO_FORMAL_SEARCH_IN_THIS_TASK; SOURCE_UNIT_GLOSSARY_NOT_ASSERTED,fundamental_balance_sheet,double,NEXT_SESSION_AFTER_MAX_NOTICE_UPDATE,pit_fundamental.change|pit_fundamental.disclosure_event,ABSENT,,False,113,274648
cn_source::balance_sheet_report_em::DEPOSIT_INTERBANK,balance_sheet_report_em,DEPOSIT_INTERBANK,FUNDAMENTAL_LEVEL|FUNDAMENTAL_CHANGE|DISCLOSURE_EVENT,STOCK_REPORT_PERIOD,REPORT_DATE,NOTICE_DATE,UPDATE_DATE,PIT_SAFE_CURRENT_SNAPSHOT_ONLY,balance_sheet_report_em.DEPOSIT_INTERBANK,PIT_SIDECAR_REGISTERED_LAZY_NOT_MINUTE_EXPANDED,SLOW_XS_LEVEL|SLOW_TEMPORAL_CHANGE|DISCLOSURE_EVENT,NO_FORMAL_SEARCH_IN_THIS_TASK; SOURCE_UNIT_GLOSSARY_NOT_ASSERTED,fundamental_balance_sheet,double,NEXT_SESSION_AFTER_MAX_NOTICE_UPDATE,pit_fundamental.level|pit_fundamental.change|pit_fundamental.disclosure_event,ABSENT,,False,2414,272347
cn_source::balance_sheet_report_em::DEPOSIT_INTERBANK_YOY,balance_sheet_report_em,DEPOSIT_INTERBANK_YOY,FUNDAMENTAL_CHANGE|DISCLOSURE_EVENT,STOCK_REPORT_PERIOD,REPORT_DATE,NOTICE_DATE,UPDATE_DATE,PIT_SAFE_CURRENT_SNAPSHOT_ONLY,balance_sheet_report_em.DEPOSIT_INTERBANK_YOY,PIT_SIDECAR_REGISTERED_LAZY_NOT_MINUTE_EXPANDED,SLOW_TEMPORAL_CHANGE|DISCLOSURE_EVENT,NO_FORMAL_SEARCH_IN_THIS_TASK; SOURCE_UNIT_GLOSSARY_NOT_ASSERTED,fundamental_balance_sheet,double,NEXT_SESSION_AFTER_MAX_NOTICE_UPDATE,pit_fundamental.change|pit_fundamental.disclosure_event,ABSENT,,False,2182,272579
cn_source::balance_sheet_report_em::DERIVE_FINASSET,balance_sheet_report_em,DERIVE_FINASSET,FUNDAMENTAL_LEVEL|FUNDAMENTAL_CHANGE|DISCLOSURE_EVENT,STOCK_REPORT_PERIOD,REPORT_DATE,NOTICE_DATE,UPDATE_DATE,PIT_SAFE_CURRENT_SNAPSHOT_ONLY,balance_sheet_report_em.DERIVE_FINASSET,PIT_SIDECAR_REGISTERED_LAZY_NOT_MINUTE_EXPANDED,SLOW_XS_LEVEL|SLOW_TEMPORAL_CHANGE|DISCLOSURE_EVENT,NO_FORMAL_SEARCH_IN_THIS_TASK; SOURCE_UNIT_GLOSSARY_NOT_ASSERTED,fundamental_balance_sheet,double,NEXT_SESSION_AFTER_MAX_NOTICE_UPDATE,pit_fundamental.level|pit_fundamental.change|pit_fundamental.disclosure_event,ABSENT,,False,10451,264310
cn_source::balance_sheet_report_em::DERIVE_FINASSET_YOY,balance_sheet_report_em,DERIVE_FINASSET_YOY,FUNDAMENTAL_CHANGE|DISCLOSURE_EVENT,STOCK_REPORT_PERIOD,REPORT_DATE,NOTICE_DATE,UPDATE_DATE,PIT_SAFE_CURRENT_SNAPSHOT_ONLY,balance_sheet_report_em.DERIVE_FINASSET_YOY,PIT_SIDECAR_REGISTERED_LAZY_NOT_MINUTE_EXPANDED,SLOW_TEMPORAL_CHANGE|DISCLOSURE_EVENT,NO_FORMAL_SEARCH_IN_THIS_TASK; SOURCE_UNIT_GLOSSARY_NOT_ASSERTED,fundamental_balance_sheet,double,NEXT_SESSION_AFTER_MAX_NOTICE_UPDATE,pit_fundamental.change|pit_fundamental.disclosure_event,ABSENT,,False,6275,268486
cn_source::balance_sheet_report_em::DERIVE_FINLIAB,balance_sheet_report_em,DERIVE_FINLIAB,FUNDAMENTAL_LEVEL|FUNDAMENTAL_CHANGE|DISCLOSURE_EVENT,STOCK_REPORT_PERIOD,REPORT_DATE,NOTICE_DATE,UPDATE_DATE,PIT_SAFE_CURRENT_SNAPSHOT_ONLY,balance_sheet_report_em.DERIVE_FINLIAB,PIT_SIDECAR_REGISTERED_LAZY_NOT_MINUTE_EXPANDED,SLOW_XS_LEVEL|SLOW_TEMPORAL_CHANGE|DISCLOSURE_EVENT,NO_FORMAL_SEARCH_IN_THIS_TASK; SOURCE_UNIT_GLOSSARY_NOT_ASSERTED,fundamental_balance_sheet,double,NEXT_SESSION_AFTER_MAX_NOTICE_UPDATE,pit_fundamental.level|pit_fundamental.change|pit_fundamental.disclosure_event,ABSENT,,False,10271,264490
cn_source::balance_sheet_report_em::DERIVE_FINLIAB_YOY,balance_sheet_report_em,DERIVE_FINLIAB_YOY,FUNDAMENTAL_CHANGE|DISCLOSURE_EVENT,STOCK_REPORT_PERIOD,REPORT_DATE,NOTICE_DATE,UPDATE_DATE,PIT_SAFE_CURRENT_SNAPSHOT_ONLY,balance_sheet_report_em.DERIVE_FINLIAB_YOY,PIT_SIDECAR_REGISTERED_LAZY_NOT_MINUTE_EXPANDED,SLOW_TEMPORAL_CHANGE|DISCLOSURE_EVENT,NO_FORMAL_SEARCH_IN_THIS_TASK; SOURCE_UNIT_GLOSSARY_NOT_ASSERTED,fundamental_balance_sheet,double,NEXT_SESSION_AFTER_MAX_NOTICE_UPDATE,pit_fundamental.change|pit_fundamental.disclosure_event,ABSENT,,False,6140,268621
cn_source::balance_sheet_report_em::DEVELOP_EXPENSE,balance_sheet_report_em,DEVELOP_EXPENSE,FUNDAMENTAL_LEVEL|FUNDAMENTAL_CHANGE|DISCLOSURE_EVENT,STOCK_REPORT_PERIOD,REPORT_DATE,NOTICE_DATE,UPDATE_DATE,PIT_SAFE_CURRENT_SNAPSHOT_ONLY,balance_sheet_report_em.DEVELOP_EXPENSE,PIT_SIDECAR_REGISTERED_LAZY_NOT_MINUTE_EXPANDED,SLOW_XS_LEVEL|SLOW_TEMPORAL_CHANGE|DISCLOSURE_EVENT,NO_FORMAL_SEARCH_IN_THIS_TASK; SOURCE_UNIT_GLOSSARY_NOT_ASSERTED,fundamental_balance_sheet,double,NEXT_SESSION_AFTER_MAX_NOTICE_UPDATE,pit_fundamental.level|pit_fundamental.change|pit_fundamental.disclosure_event,ABSENT,,False,44377,230384
cn_source::balance_sheet_report_em::DEVELOP_EXPENSE_YOY,balance_sheet_report_em,DEVELOP_EXPENSE_YOY,FUNDAMENTAL_CHANGE|DISCLOSURE_EVENT,STOCK_REPORT_PERIOD,REPORT_DATE,NOTICE_DATE,UPDATE_DATE,PIT_SAFE_CURRENT_SNAPSHOT_ONLY,balance_sheet_report_em.DEVELOP_EXPENSE_YOY,PIT_SIDECAR_REGISTERED_LAZY_NOT_MINUTE_EXPANDED,SLOW_TEMPORAL_CHANGE|DISCLOSURE_EVENT,NO_FORMAL_SEARCH_IN_THIS_TASK; SOURCE_UNIT_GLOSSARY_NOT_ASSERTED,fundamental_balance_sheet,double,NEXT_SESSION_AFTER_MAX_NOTICE_UPDATE,pit_fundamental.change|pit_fundamental.disclosure_event,ABSENT,,False,33406,241355
cn_source::balance_sheet_report_em::DIVIDEND_PAYABLE,balance_sheet_report_em,DIVIDEND_PAYABLE,FUNDAMENTAL_LEVEL|FUNDAMENTAL_CHANGE|DISCLOSURE_EVENT,STOCK_REPORT_PERIOD,REPORT_DATE,NOTICE_DATE,UPDATE_DATE,PIT_SAFE_CURRENT_SNAPSHOT_ONLY,balance_sheet_report_em.DIVIDEND_PAYABLE,PIT_SIDECAR_REGISTERED_LAZY_NOT_MINUTE_EXPANDED,SLOW_XS_LEVEL|SLOW_TEMPORAL_CHANGE|DISCLOSURE_EVENT,NO_FORMAL_SEARCH_IN_THIS_TASK; SOURCE_UNIT_GLOSSARY_NOT_ASSERTED,fundamental_balance_sheet,double,NEXT_SESSION_AFTER_MAX_NOTICE_UPDATE,pit_fundamental.level|pit_fundamental.change|pit_fundamental.disclosure_event,ABSENT,,False,98460,176301
cn_source::balance_sheet_report_em::DIVIDEND_PAYABLE_YOY,balance_sheet_report_em,DIVIDEND_PAYABLE_YOY,FUNDAMENTAL_CHANGE|DISCLOSURE_EVENT,STOCK_REPORT_PERIOD,REPORT_DATE,NOTICE_DATE,UPDATE_DATE,PIT_SAFE_CURRENT_SNAPSHOT_ONLY,balance_sheet_report_em.DIVIDEND_PAYABLE_YOY,PIT_SIDECAR_REGISTERED_LAZY_NOT_MINUTE_EXPANDED,SLOW_TEMPORAL_CHANGE|DISCLOSURE_EVENT,NO_FORMAL_SEARCH_IN_THIS_TASK; SOURCE_UNIT_GLOSSARY_NOT_ASSERTED,fundamental_balance_sheet,double,NEXT_SESSION_AFTER_MAX_NOTICE_UPDATE,pit_fundamental.change|pit_fundamental.disclosure_event,ABSENT,,False,74506,200255
cn_source::balance_sheet_report_em::DIVIDEND_RECE,balance_sheet_report_em,DIVIDEND_RECE,FUNDAMENTAL_LEVEL|FUNDAMENTAL_CHANGE|DISCLOSURE_EVENT,STOCK_REPORT_PERIOD,REPORT_DATE,NOTICE_DATE,UPDATE_DATE,PIT_SAFE_CURRENT_SNAPSHOT_ONLY,balance_sheet_report_em.DIVIDEND_RECE,PIT_SIDECAR_REGISTERED_LAZY_NOT_MINUTE_EXPANDED,SLOW_XS_LEVEL|SLOW_TEMPORAL_CHANGE|DISCLOSURE_EVENT,NO_FORMAL_SEARCH_IN_THIS_TASK; SOURCE_UNIT_GLOSSARY_NOT_ASSERTED,fundamental_balance_sheet,double,NEXT_SESSION_AFTER_MAX_NOTICE_UPDATE,pit_fundamental.level|pit_fundamental.change|pit_fundamental.disclosure_event,ABSENT,,False,28451,246310
cn_source::balance_sheet_report_em::DIVIDEND_RECE_YOY,balance_sheet_report_em,DIVIDEND_RECE_YOY,FUNDAMENTAL_CHANGE|DISCLOSURE_EVENT,STOCK_REPORT_PERIOD,REPORT_DATE,NOTICE_DATE,UPDATE_DATE,PIT_SAFE_CURRENT_SNAPSHOT_ONLY,balance_sheet_report_em.DIVIDEND_RECE_YOY,PIT_SIDECAR_REGISTERED_LAZY_NOT_MINUTE_EXPANDED,SLOW_TEMPORAL_CHANGE|DISCLOSURE_EVENT,NO_FORMAL_SEARCH_IN_THIS_TASK; SOURCE_UNIT_GLOSSARY_NOT_ASSERTED,fundamental_balance_sheet,double,NEXT_SESSION_AFTER_MAX_NOTICE_UPDATE,pit_fundamental.change|pit_fundamental.disclosure_event,ABSENT,,False,15323,259438
cn_source::balance_sheet_report_em::DIV_HOLDSALE_ASSET,balance_sheet_report_em,DIV_HOLDSALE_ASSET,FUNDAMENTAL_LEVEL|FUNDAMENTAL_CHANGE|DISCLOSURE_EVENT,STOCK_REPORT_PERIOD,REPORT_DATE,NOTICE_DATE,UPDATE_DATE,PIT_SAFE_CURRENT_SNAPSHOT_ONLY,balance_sheet_report_em.DIV_HOLDSALE_ASSET,PIT_SIDECAR_REGISTERED_LAZY_NOT_MINUTE_EXPANDED,SLOW_XS_LEVEL|SLOW_TEMPORAL_CHANGE|DISCLOSURE_EVENT,NO_FORMAL_SEARCH_IN_THIS_TASK; SOURCE_UNIT_GLOSSARY_NOT_ASSERTED,fundamental_balance_sheet,double,NEXT_SESSION_AFTER_MAX_NOTICE_UPDATE,pit_fundamental.level|pit_fundamental.change|pit_fundamental.disclosure_event,ABSENT,,False,1209,273552
cn_source::balance_sheet_report_em::DIV_HOLDSALE_ASSET_YOY,balance_sheet_report_em,DIV_HOLDSALE_ASSET_YOY,FUNDAMENTAL_CHANGE|DISCLOSURE_EVENT,STOCK_REPORT_PERIOD,REPORT_DATE,NOTICE_DATE,UPDATE_DATE,PIT_SAFE_CURRENT_SNAPSHOT_ONLY,balance_sheet_report_em.DIV_HOLDSALE_ASSET_YOY,PIT_SIDECAR_REGISTERED_LAZY_NOT_MINUTE_EXPANDED,SLOW_TEMPORAL_CHANGE|DISCLOSURE_EVENT,NO_FORMAL_SEARCH_IN_THIS_TASK; SOURCE_UNIT_GLOSSARY_NOT_ASSERTED,fundamental_balance_sheet,double,NEXT_SESSION_AFTER_MAX_NOTICE_UPDATE,pit_fundamental.change|pit_fundamental.disclosure_event,ABSENT,,False,215,274546
cn_source::balance_sheet_report_em::DIV_HOLDSALE_LIAB,balance_sheet_report_em,DIV_HOLDSALE_LIAB,FUNDAMENTAL_LEVEL|FUNDAMENTAL_CHANGE|DISCLOSURE_EVENT,STOCK_REPORT_PERIOD,REPORT_DATE,NOTICE_DATE,UPDATE_DATE,PIT_SAFE_CURRENT_SNAPSHOT_ONLY,balance_sheet_report_em.DIV_HOLDSALE_LIAB,PIT_SIDECAR_REGISTERED_LAZY_NOT_MINUTE_EXPANDED,SLOW_XS_LEVEL|SLOW_TEMPORAL_CHANGE|DISCLOSURE_EVENT,NO_FORMAL_SEARCH_IN_THIS_TASK; SOURCE_UNIT_GLOSSARY_NOT_ASSERTED,fundamental_balance_sheet,double,NEXT_SESSION_AFTER_MAX_NOTICE_UPDATE,pit_fundamental.level|pit_fundamental.change|pit_fundamental.disclosure_event,ABSENT,,False,372,274389
cn_source::balance_sheet_report_em::DIV_HOLDSALE_LIAB_YOY,balance_sheet_report_em,DIV_HOLDSALE_LIAB_YOY,FUNDAMENTAL_CHANGE|DISCLOSURE_EVENT,STOCK_REPORT_PERIOD,REPORT_DATE,NOTICE_DATE,UPDATE_DATE,PIT_SAFE_CURRENT_SNAPSHOT_ONLY,balance_sheet_report_em.DIV_HOLDSALE_LIAB_YOY,PIT_SIDECAR_REGISTERED_LAZY_NOT_MINUTE_EXPANDED,SLOW_TEMPORAL_CHANGE|DISCLOSURE_EVENT,NO_FORMAL_SEARCH_IN_THIS_TASK; SOURCE_UNIT_GLOSSARY_NOT_ASSERTED,fundamental_balance_sheet,double,NEXT_SESSION_AFTER_MAX_NOTICE_UPDATE,pit_fundamental.change|pit_fundamental.disclosure_event,ABSENT,,False,24,274737
cn_source::balance_sheet_report_em::EQUITY_BALANCE,balance_sheet_report_em,EQUITY_BALANCE,FUNDAMENTAL_LEVEL|FUNDAMENTAL_CHANGE|DISCLOSURE_EVENT,STOCK_REPORT_PERIOD,REPORT_DATE,NOTICE_DATE,UPDATE_DATE,PIT_SAFE_CURRENT_SNAPSHOT_ONLY,balance_sheet_report_em.EQUITY_BALANCE,PIT_SIDECAR_REGISTERED_LAZY_NOT_MINUTE_EXPANDED,SLOW_XS_LEVEL|SLOW_TEMPORAL_CHANGE|DISCLOSURE_EVENT,NO_FORMAL_SEARCH_IN_THIS_TASK; SOURCE_UNIT_GLOSSARY_NOT_ASSERTED,fundamental_balance_sheet,double,NEXT_SESSION_AFTER_MAX_NOTICE_UPDATE,pit_fundamental.level|pit_fundamental.change|pit_fundamental.disclosure_event,ABSENT,,False,194616,80145
cn_source::balance_sheet_report_em::EQUITY_BALANCE_YOY,balance_sheet_report_em,EQUITY_BALANCE_YOY,FUNDAMENTAL_CHANGE|DISCLOSURE_EVENT,STOCK_REPORT_PERIOD,REPORT_DATE,NOTICE_DATE,UPDATE_DATE,PIT_SAFE_CURRENT_SNAPSHOT_ONLY,balance_sheet_report_em.EQUITY_BALANCE_YOY,PIT_SIDECAR_REGISTERED_LAZY_NOT_MINUTE_EXPANDED,SLOW_TEMPORAL_CHANGE|DISCLOSURE_EVENT,NO_FORMAL_SEARCH_IN_THIS_TASK; SOURCE_UNIT_GLOSSARY_NOT_ASSERTED,fundamental_balance_sheet,double,NEXT_SESSION_AFTER_MAX_NOTICE_UPDATE,pit_fundamental.change|pit_fundamental.disclosure_event,ABSENT,,False,298,274463
cn_source::balance_sheet_report_em::EQUITY_OTHER,balance_sheet_report_em,EQUITY_OTHER,FUNDAMENTAL_LEVEL|FUNDAMENTAL_CHANGE|DISCLOSURE_EVENT,STOCK_REPORT_PERIOD,REPORT_DATE,NOTICE_DATE,UPDATE_DATE,PIT_SAFE_CURRENT_SNAPSHOT_ONLY,balance_sheet_report_em.EQUITY_OTHER,PIT_SIDECAR_REGISTERED_LAZY_NOT_MINUTE_EXPANDED,SLOW_XS_LEVEL|SLOW_TEMPORAL_CHANGE|DISCLOSURE_EVENT,NO_FORMAL_SEARCH_IN_THIS_TASK; SOURCE_UNIT_GLOSSARY_NOT_ASSERTED,fundamental_balance_sheet,double,NEXT_SESSION_AFTER_MAX_NOTICE_UPDATE,pit_fundamental.level|pit_fundamental.change|pit_fundamental.disclosure_event,ABSENT,,False,13689,261072
cn_source::balance_sheet_report_em::EQUITY_OTHER_YOY,balance_sheet_report_em,EQUITY_OTHER_YOY,FUNDAMENTAL_CHANGE|DISCLOSURE_EVENT,STOCK_REPORT_PERIOD,REPORT_DATE,NOTICE_DATE,UPDATE_DATE,PIT_SAFE_CURRENT_SNAPSHOT_ONLY,balance_sheet_report_em.EQUITY_OTHER_YOY,PIT_SIDECAR_REGISTERED_LAZY_NOT_MINUTE_EXPANDED,SLOW_TEMPORAL_CHANGE|DISCLOSURE_EVENT,NO_FORMAL_SEARCH_IN_THIS_TASK; SOURCE_UNIT_GLOSSARY_NOT_ASSERTED,fundamental_balance_sheet,double,NEXT_SESSION_AFTER_MAX_NOTICE_UPDATE,pit_fundamental.change|pit_fundamental.disclosure_event,ABSENT,,False,3,274758
cn_source::balance_sheet_report_em::EXPORT_REFUND_RECE,balance_sheet_report_em,EXPORT_REFUND_RECE,FUNDAMENTAL_LEVEL|FUNDAMENTAL_CHANGE|DISCLOSURE_EVENT,STOCK_REPORT_PERIOD,REPORT_DATE,NOTICE_DATE,UPDATE_DATE,PIT_SAFE_CURRENT_SNAPSHOT_ONLY,balance_sheet_report_em.EXPORT_REFUND_RECE,PIT_SIDECAR_REGISTERED_LAZY_NOT_MINUTE_EXPANDED,SLOW_XS_LEVEL|SLOW_TEMPORAL_CHANGE|DISCLOSURE_EVENT,NO_FORMAL_SEARCH_IN_THIS_TASK; SOURCE_UNIT_GLOSSARY_NOT_ASSERTED,fundamental_balance_sheet,double,NEXT_SESSION_AFTER_MAX_NOTICE_UPDATE,pit_fundamental.level|pit_fundamental.change|pit_fundamental.disclosure_event,ABSENT,,False,23,274738
cn_source::balance_sheet_report_em::EXPORT_REFUND_RECE_YOY,balance_sheet_report_em,EXPORT_REFUND_RECE_YOY,FUNDAMENTAL_CHANGE|DISCLOSURE_EVENT,STOCK_REPORT_PERIOD,REPORT_DATE,NOTICE_DATE,UPDATE_DATE,PIT_SAFE_CURRENT_SNAPSHOT_ONLY,balance_sheet_report_em.EXPORT_REFUND_RECE_YOY,PIT_SIDECAR_REGISTERED_LAZY_NOT_MINUTE_EXPANDED,SLOW_TEMPORAL_CHANGE|DISCLOSURE_EVENT,NO_FORMAL_SEARCH_IN_THIS_TASK; SOURCE_UNIT_GLOSSARY_NOT_ASSERTED,fundamental_balance_sheet,double,NEXT_SESSION_AFTER_MAX_NOTICE_UPDATE,pit_fundamental.change|pit_fundamental.disclosure_event,ABSENT,,False,1,274760
cn_source::balance_sheet_report_em::FEE_COMMISSION_PAYABLE,balance_sheet_report_em,FEE_COMMISSION_PAYABLE,FUNDAMENTAL_LEVEL|FUNDAMENTAL_CHANGE|DISCLOSURE_EVENT,STOCK_REPORT_PERIOD,REPORT_DATE,NOTICE_DATE,UPDATE_DATE,PIT_SAFE_CURRENT_SNAPSHOT_ONLY,balance_sheet_report_em.FEE_COMMISSION_PAYABLE,PIT_SIDECAR_REGISTERED_LAZY_NOT_MINUTE_EXPANDED,SLOW_XS_LEVEL|SLOW_TEMPORAL_CHANGE|DISCLOSURE_EVENT,NO_FORMAL_SEARCH_IN_THIS_TASK; SOURCE_UNIT_GLOSSARY_NOT_ASSERTED,fundamental_balance_sheet,double,NEXT_SESSION_AFTER_MAX_NOTICE_UPDATE,pit_fundamental.level|pit_fundamental.change|pit_fundamental.disclosure_event,ABSENT,,False,2583,272178
cn_source::balance_sheet_report_em::FEE_COMMISSION_PAYABLE_YOY,balance_sheet_report_em,FEE_COMMISSION_PAYABLE_YOY,FUNDAMENTAL_CHANGE|DISCLOSURE_EVENT,STOCK_REPORT_PERIOD,REPORT_DATE,NOTICE_DATE,UPDATE_DATE,PIT_SAFE_CURRENT_SNAPSHOT_ONLY,balance_sheet_report_em.FEE_COMMISSION_PAYABLE_YOY,PIT_SIDECAR_REGISTERED_LAZY_NOT_MINUTE_EXPANDED,SLOW_TEMPORAL_CHANGE|DISCLOSURE_EVENT,NO_FORMAL_SEARCH_IN_THIS_TASK; SOURCE_UNIT_GLOSSARY_NOT_ASSERTED,fundamental_balance_sheet,double,NEXT_SESSION_AFTER_MAX_NOTICE_UPDATE,pit_fundamental.change|pit_fundamental.disclosure_event,ABSENT,,False,473,274288
cn_source::balance_sheet_report_em::FINANCE_RECE,balance_sheet_report_em,FINANCE_RECE,FUNDAMENTAL_LEVEL|FUNDAMENTAL_CHANGE|DISCLOSURE_EVENT,STOCK_REPORT_PERIOD,REPORT_DATE,NOTICE_DATE,UPDATE_DATE,PIT_SAFE_CURRENT_SNAPSHOT_ONLY,balance_sheet_report_em.FINANCE_RECE,PIT_SIDECAR_REGISTERED_LAZY_NOT_MINUTE_EXPANDED,SLOW_XS_LEVEL|SLOW_TEMPORAL_CHANGE|DISCLOSURE_EVENT,NO_FORMAL_SEARCH_IN_THIS_TASK; SOURCE_UNIT_GLOSSARY_NOT_ASSERTED,fundamental_balance_sheet,double,NEXT_SESSION_AFTER_MAX_NOTICE_UPDATE,pit_fundamental.level|pit_fundamental.change|pit_fundamental.disclosure_event,ABSENT,,False,62939,211822
cn_source::balance_sheet_report_em::FINANCE_RECE_YOY,balance_sheet_report_em,FINANCE_RECE_YOY,FUNDAMENTAL_CHANGE|DISCLOSURE_EVENT,STOCK_REPORT_PERIOD,REPORT_DATE,NOTICE_DATE,UPDATE_DATE,PIT_SAFE_CURRENT_SNAPSHOT_ONLY,balance_sheet_report_em.FINANCE_RECE_YOY,PIT_SIDECAR_REGISTERED_LAZY_NOT_MINUTE_EXPANDED,SLOW_TEMPORAL_CHANGE|DISCLOSURE_EVENT,NO_FORMAL_SEARCH_IN_THIS_TASK; SOURCE_UNIT_GLOSSARY_NOT_ASSERTED,fundamental_balance_sheet,double,NEXT_SESSION_AFTER_MAX_NOTICE_UPDATE,pit_fundamental.change|pit_fundamental.disclosure_event,ABSENT,,False,46877,227884
cn_source::balance_sheet_report_em::FIN_FUND,balance_sheet_report_em,FIN_FUND,FUNDAMENTAL_LEVEL|FUNDAMENTAL_CHANGE|DISCLOSURE_EVENT,STOCK_REPORT_PERIOD,REPORT_DATE,NOTICE_DATE,UPDATE_DATE,PIT_SAFE_CURRENT_SNAPSHOT_ONLY,balance_sheet_report_em.FIN_FUND,PIT_SIDECAR_REGISTERED_LAZY_NOT_MINUTE_EXPANDED,SLOW_XS_LEVEL|SLOW_TEMPORAL_CHANGE|DISCLOSURE_EVENT,NO_FORMAL_SEARCH_IN_THIS_TASK; SOURCE_UNIT_GLOSSARY_NOT_ASSERTED,fundamental_balance_sheet,double,NEXT_SESSION_AFTER_MAX_NOTICE_UPDATE,pit_fundamental.level|pit_fundamental.change|pit_fundamental.disclosure_event,ABSENT,,False,2195,272566
cn_source::balance_sheet_report_em::FIN_FUND_YOY,balance_sheet_report_em,FIN_FUND_YOY,FUNDAMENTAL_CHANGE|DISCLOSURE_EVENT,STOCK_REPORT_PERIOD,REPORT_DATE,NOTICE_DATE,UPDATE_DATE,PIT_SAFE_CURRENT_SNAPSHOT_ONLY,balance_sheet_report_em.FIN_FUND_YOY,PIT_SIDECAR_REGISTERED_LAZY_NOT_MINUTE_EXPANDED,SLOW_TEMPORAL_CHANGE|DISCLOSURE_EVENT,NO_FORMAL_SEARCH_IN_THIS_TASK; SOURCE_UNIT_GLOSSARY_NOT_ASSERTED,fundamental_balance_sheet,double,NEXT_SESSION_AFTER_MAX_NOTICE_UPDATE,pit_fundamental.change|pit_fundamental.disclosure_event,ABSENT,,False,1836,272925
cn_source::balance_sheet_report_em::FIN_SECURITY,balance_sheet_report_em,FIN_SECURITY,FUNDAMENTAL_LEVEL|FUNDAMENTAL_CHANGE|DISCLOSURE_EVENT,STOCK_REPORT_PERIOD,REPORT_DATE,NOTICE_DATE,UPDATE_DATE,PIT_SAFE_CURRENT_SNAPSHOT_ONLY,balance_sheet_report_em.FIN_SECURITY,PIT_SIDECAR_REGISTERED_LAZY_NOT_MINUTE_EXPANDED,SLOW_XS_LEVEL|SLOW_TEMPORAL_CHANGE|DISCLOSURE_EVENT,NO_FORMAL_SEARCH_IN_THIS_TASK; SOURCE_UNIT_GLOSSARY_NOT_ASSERTED,fundamental_balance_sheet,double,NEXT_SESSION_AFTER_MAX_NOTICE_UPDATE,pit_fundamental.level|pit_fundamental.change|pit_fundamental.disclosure_event,ABSENT,,False,211,274550
cn_source::balance_sheet_report_em::FIN_SECURITY_YOY,balance_sheet_report_em,FIN_SECURITY_YOY,FUNDAMENTAL_CHANGE|DISCLOSURE_EVENT,STOCK_REPORT_PERIOD,REPORT_DATE,NOTICE_DATE,UPDATE_DATE,PIT_SAFE_CURRENT_SNAPSHOT_ONLY,balance_sheet_report_em.FIN_SECURITY_YOY,PIT_SIDECAR_REGISTERED_LAZY_NOT_MINUTE_EXPANDED,SLOW_TEMPORAL_CHANGE|DISCLOSURE_EVENT,NO_FORMAL_SEARCH_IN_THIS_TASK; SOURCE_UNIT_GLOSSARY_NOT_ASSERTED,fundamental_balance_sheet,double,NEXT_SESSION_AFTER_MAX_NOTICE_UPDATE,pit_fundamental.change|pit_fundamental.disclosure_event,ABSENT,,False,20,274741
cn_source::balance_sheet_report_em::FIXED_ASSET,balance_sheet_report_em,FIXED_ASSET,FUNDAMENTAL_LEVEL|FUNDAMENTAL_CHANGE|DISCLOSURE_EVENT,STOCK_REPORT_PERIOD,REPORT_DATE,NOTICE_DATE,UPDATE_DATE,PIT_SAFE_CURRENT_SNAPSHOT_ONLY,balance_sheet_report_em.FIXED_ASSET,PIT_SIDECAR_REGISTERED_LAZY_NOT_MINUTE_EXPANDED,SLOW_XS_LEVEL|SLOW_TEMPORAL_CHANGE|DISCLOSURE_EVENT,NO_FORMAL_SEARCH_IN_THIS_TASK; SOURCE_UNIT_GLOSSARY_NOT_ASSERTED,fundamental_balance_sheet,double,NEXT_SESSION_AFTER_MAX_NOTICE_UPDATE,pit_fundamental.level|pit_fundamental.change|pit_fundamental.disclosure_event,ABSENT,,False,263843,10918
cn_source::balance_sheet_report_em::FIXED_ASSET_DISPOSAL,balance_sheet_report_em,FIXED_ASSET_DISPOSAL,FUNDAMENTAL_LEVEL|FUNDAMENTAL_CHANGE|DISCLOSURE_EVENT,STOCK_REPORT_PERIOD,REPORT_DATE,NOTICE_DATE,UPDATE_DATE,PIT_SAFE_CURRENT_SNAPSHOT_ONLY,balance_sheet_report_em.FIXED_ASSET_DISPOSAL,PIT_SIDECAR_REGISTERED_LAZY_NOT_MINUTE_EXPANDED,SLOW_XS_LEVEL|SLOW_TEMPORAL_CHANGE|DISCLOSURE_EVENT,NO_FORMAL_SEARCH_IN_THIS_TASK; SOURCE_UNIT_GLOSSARY_NOT_ASSERTED,fundamental_balance_sheet,double,NEXT_SESSION_AFTER_MAX_NOTICE_UPDATE,pit_fundamental.level|pit_fundamental.change|pit_fundamental.disclosure_event,ABSENT,,False,20891,253870
cn_source::balance_sheet_report_em::FIXED_ASSET_DISPOSAL_YOY,balance_sheet_report_em,FIXED_ASSET_DISPOSAL_YOY,FUNDAMENTAL_CHANGE|DISCLOSURE_EVENT,STOCK_REPORT_PERIOD,REPORT_DATE,NOTICE_DATE,UPDATE_DATE,PIT_SAFE_CURRENT_SNAPSHOT_ONLY,balance_sheet_report_em.FIXED_ASSET_DISPOSAL_YOY,PIT_SIDECAR_REGISTERED_LAZY_NOT_MINUTE_EXPANDED,SLOW_TEMPORAL_CHANGE|DISCLOSURE_EVENT,NO_FORMAL_SEARCH_IN_THIS_TASK; SOURCE_UNIT_GLOSSARY_NOT_ASSERTED,fundamental_balance_sheet,double,NEXT_SESSION_AFTER_MAX_NOTICE_UPDATE,pit_fundamental.change|pit_fundamental.disclosure_event,ABSENT,,False,9212,265549
cn_source::balance_sheet_report_em::FIXED_ASSET_YOY,balance_sheet_report_em,FIXED_ASSET_YOY,FUNDAMENTAL_CHANGE|DISCLOSURE_EVENT,STOCK_REPORT_PERIOD,REPORT_DATE,NOTICE_DATE,UPDATE_DATE,PIT_SAFE_CURRENT_SNAPSHOT_ONLY,balance_sheet_report_em.FIXED_ASSET_YOY,PIT_SIDECAR_REGISTERED_LAZY_NOT_MINUTE_EXPANDED,SLOW_TEMPORAL_CHANGE|DISCLOSURE_EVENT,NO_FORMAL_SEARCH_IN_THIS_TASK; SOURCE_UNIT_GLOSSARY_NOT_ASSERTED,fundamental_balance_sheet,double,NEXT_SESSION_AFTER_MAX_NOTICE_UPDATE,pit_fundamental.change|pit_fundamental.disclosure_event,ABSENT,,False,241598,33163
cn_source::balance_sheet_report_em::FVTOCI_FINASSET,balance_sheet_report_em,FVTOCI_FINASSET,FUNDAMENTAL_LEVEL|FUNDAMENTAL_CHANGE|DISCLOSURE_EVENT,STOCK_REPORT_PERIOD,REPORT_DATE,NOTICE_DATE,UPDATE_DATE,PIT_SAFE_CURRENT_SNAPSHOT_ONLY,balance_sheet_report_em.FVTOCI_FINASSET,PIT_SIDECAR_REGISTERED_LAZY_NOT_MINUTE_EXPANDED,SLOW_XS_LEVEL|SLOW_TEMPORAL_CHANGE|DISCLOSURE_EVENT,NO_FORMAL_SEARCH_IN_THIS_TASK; SOURCE_UNIT_GLOSSARY_NOT_ASSERTED,fundamental_balance_sheet,double,NEXT_SESSION_AFTER_MAX_NOTICE_UPDATE,pit_fundamental.level|pit_fundamental.change|pit_fundamental.disclosure_event,ABSENT,,False,493,274268
cn_source::balance_sheet_report_em::FVTOCI_FINASSET_YOY,balance_sheet_report_em,FVTOCI_FINASSET_YOY,FUNDAMENTAL_CHANGE|DISCLOSURE_EVENT,STOCK_REPORT_PERIOD,REPORT_DATE,NOTICE_DATE,UPDATE_DATE,PIT_SAFE_CURRENT_SNAPSHOT_ONLY,balance_sheet_report_em.FVTOCI_FINASSET_YOY,PIT_SIDECAR_REGISTERED_LAZY_NOT_MINUTE_EXPANDED,SLOW_TEMPORAL_CHANGE|DISCLOSURE_EVENT,NO_FORMAL_SEARCH_IN_THIS_TASK; SOURCE_UNIT_GLOSSARY_NOT_ASSERTED,fundamental_balance_sheet,double,NEXT_SESSION_AFTER_MAX_NOTICE_UPDATE,pit_fundamental.change|pit_fundamental.disclosure_event,ABSENT,,False,228,274533
cn_source::balance_sheet_report_em::FVTOCI_NCFINASSET,balance_sheet_report_em,FVTOCI_NCFINASSET,FUNDAMENTAL_LEVEL|FUNDAMENTAL_CHANGE|DISCLOSURE_EVENT,STOCK_REPORT_PERIOD,REPORT_DATE,NOTICE_DATE,UPDATE_DATE,PIT_SAFE_CURRENT_SNAPSHOT_ONLY,balance_sheet_report_em.FVTOCI_NCFINASSET,PIT_SIDECAR_REGISTERED_LAZY_NOT_MINUTE_EXPANDED,SLOW_XS_LEVEL|SLOW_TEMPORAL_CHANGE|DISCLOSURE_EVENT,NO_FORMAL_SEARCH_IN_THIS_TASK; SOURCE_UNIT_GLOSSARY_NOT_ASSERTED,fundamental_balance_sheet,double,NEXT_SESSION_AFTER_MAX_NOTICE_UPDATE,pit_fundamental.level|pit_fundamental.change|pit_fundamental.disclosure_event,ABSENT,,False,39,274722
cn_source::balance_sheet_report_em::FVTOCI_NCFINASSET_YOY,balance_sheet_report_em,FVTOCI_NCFINASSET_YOY,FUNDAMENTAL_CHANGE|DISCLOSURE_EVENT,STOCK_REPORT_PERIOD,REPORT_DATE,NOTICE_DATE,UPDATE_DATE,PIT_SAFE_CURRENT_SNAPSHOT_ONLY,balance_sheet_report_em.FVTOCI_NCFINASSET_YOY,PIT_SIDECAR_REGISTERED_LAZY_NOT_MINUTE_EXPANDED,SLOW_TEMPORAL_CHANGE|DISCLOSURE_EVENT,NO_FORMAL_SEARCH_IN_THIS_TASK; SOURCE_UNIT_GLOSSARY_NOT_ASSERTED,fundamental_balance_sheet,double,NEXT_SESSION_AFTER_MAX_NOTICE_UPDATE,pit_fundamental.change|pit_fundamental.disclosure_event,ABSENT,,False,0,274761
cn_source::balance_sheet_report_em::FVTPL_FINASSET,balance_sheet_report_em,FVTPL_FINASSET,FUNDAMENTAL_LEVEL|FUNDAMENTAL_CHANGE|DISCLOSURE_EVENT,STOCK_REPORT_PERIOD,REPORT_DATE,NOTICE_DATE,UPDATE_DATE,PIT_SAFE_CURRENT_SNAPSHOT_ONLY,balance_sheet_report_em.FVTPL_FINASSET,PIT_SIDECAR_REGISTERED_LAZY_NOT_MINUTE_EXPANDED,SLOW_XS_LEVEL|SLOW_TEMPORAL_CHANGE|DISCLOSURE_EVENT,NO_FORMAL_SEARCH_IN_THIS_TASK; SOURCE_UNIT_GLOSSARY_NOT_ASSERTED,fundamental_balance_sheet,double,NEXT_SESSION_AFTER_MAX_NOTICE_UPDATE,pit_fundamental.level|pit_fundamental.change|pit_fundamental.disclosure_event,ABSENT,,False,14543,260218
cn_source::balance_sheet_report_em::FVTPL_FINASSET_YOY,balance_sheet_report_em,FVTPL_FINASSET_YOY,FUNDAMENTAL_CHANGE|DISCLOSURE_EVENT,STOCK_REPORT_PERIOD,REPORT_DATE,NOTICE_DATE,UPDATE_DATE,PIT_SAFE_CURRENT_SNAPSHOT_ONLY,balance_sheet_report_em.FVTPL_FINASSET_YOY,PIT_SIDECAR_REGISTERED_LAZY_NOT_MINUTE_EXPANDED,SLOW_TEMPORAL_CHANGE|DISCLOSURE_EVENT,NO_FORMAL_SEARCH_IN_THIS_TASK; SOURCE_UNIT_GLOSSARY_NOT_ASSERTED,fundamental_balance_sheet,double,NEXT_SESSION_AFTER_MAX_NOTICE_UPDATE,pit_fundamental.change|pit_fundamental.disclosure_event,ABSENT,,False,7888,266873
cn_source::balance_sheet_report_em::FVTPL_FINLIAB,balance_sheet_report_em,FVTPL_FINLIAB,FUNDAMENTAL_LEVEL|FUNDAMENTAL_CHANGE|DISCLOSURE_EVENT,STOCK_REPORT_PERIOD,REPORT_DATE,NOTICE_DATE,UPDATE_DATE,PIT_SAFE_CURRENT_SNAPSHOT_ONLY,balance_sheet_report_em.FVTPL_FINLIAB,PIT_SIDECAR_REGISTERED_LAZY_NOT_MINUTE_EXPANDED,SLOW_XS_LEVEL|SLOW_TEMPORAL_CHANGE|DISCLOSURE_EVENT,NO_FORMAL_SEARCH_IN_THIS_TASK; SOURCE_UNIT_GLOSSARY_NOT_ASSERTED,fundamental_balance_sheet,double,NEXT_SESSION_AFTER_MAX_NOTICE_UPDATE,pit_fundamental.level|pit_fundamental.change|pit_fundamental.disclosure_event,ABSENT,,False,8203,266558
cn_source::balance_sheet_report_em::FVTPL_FINLIAB_YOY,balance_sheet_report_em,FVTPL_FINLIAB_YOY,FUNDAMENTAL_CHANGE|DISCLOSURE_EVENT,STOCK_REPORT_PERIOD,REPORT_DATE,NOTICE_DATE,UPDATE_DATE,PIT_SAFE_CURRENT_SNAPSHOT_ONLY,balance_sheet_report_em.FVTPL_FINLIAB_YOY,PIT_SIDECAR_REGISTERED_LAZY_NOT_MINUTE_EXPANDED,SLOW_TEMPORAL_CHANGE|DISCLOSURE_EVENT,NO_FORMAL_SEARCH_IN_THIS_TASK; SOURCE_UNIT_GLOSSARY_NOT_ASSERTED,fundamental_balance_sheet,double,NEXT_SESSION_AFTER_MAX_NOTICE_UPDATE,pit_fundamental.change|pit_fundamental.disclosure_event,ABSENT,,False,4111,270650
cn_source::balance_sheet_report_em::GENERAL_RISK_RESERVE,balance_sheet_report_em,GENERAL_RISK_RESERVE,FUNDAMENTAL_LEVEL|FUNDAMENTAL_CHANGE|DISCLOSURE_EVENT,STOCK_REPORT_PERIOD,REPORT_DATE,NOTICE_DATE,UPDATE_DATE,PIT_SAFE_CURRENT_SNAPSHOT_ONLY,balance_sheet_report_em.GENERAL_RISK_RESERVE,PIT_SIDECAR_REGISTERED_LAZY_NOT_MINUTE_EXPANDED,SLOW_XS_LEVEL|SLOW_TEMPORAL_CHANGE|DISCLOSURE_EVENT,NO_FORMAL_SEARCH_IN_THIS_TASK; SOURCE_UNIT_GLOSSARY_NOT_ASSERTED,fundamental_balance_sheet,double,NEXT_SESSION_AFTER_MAX_NOTICE_UPDATE,pit_fundamental.level|pit_fundamental.change|pit_fundamental.disclosure_event,ABSENT,,False,11220,263541
cn_source::balance_sheet_report_em::GENERAL_RISK_RESERVE_YOY,balance_sheet_report_em,GENERAL_RISK_RESERVE_YOY,FUNDAMENTAL_CHANGE|DISCLOSURE_EVENT,STOCK_REPORT_PERIOD,REPORT_DATE,NOTICE_DATE,UPDATE_DATE,PIT_SAFE_CURRENT_SNAPSHOT_ONLY,balance_sheet_report_em.GENERAL_RISK_RESERVE_YOY,PIT_SIDECAR_REGISTERED_LAZY_NOT_MINUTE_EXPANDED,SLOW_TEMPORAL_CHANGE|DISCLOSURE_EVENT,NO_FORMAL_SEARCH_IN_THIS_TASK; SOURCE_UNIT_GLOSSARY_NOT_ASSERTED,fundamental_balance_sheet,double,NEXT_SESSION_AFTER_MAX_NOTICE_UPDATE,pit_fundamental.change|pit_fundamental.disclosure_event,ABSENT,,False,7628,267133
cn_source::balance_sheet_report_em::GOODWILL,balance_sheet_report_em,GOODWILL,FUNDAMENTAL_LEVEL|FUNDAMENTAL_CHANGE|DISCLOSURE_EVENT,STOCK_REPORT_PERIOD,REPORT_DATE,NOTICE_DATE,UPDATE_DATE,PIT_SAFE_CURRENT_SNAPSHOT_ONLY,balance_sheet_report_em.GOODWILL,PIT_SIDECAR_REGISTERED_LAZY_NOT_MINUTE_EXPANDED,SLOW_XS_LEVEL|SLOW_TEMPORAL_CHANGE|DISCLOSURE_EVENT,NO_FORMAL_SEARCH_IN_THIS_TASK; SOURCE_UNIT_GLOSSARY_NOT_ASSERTED,fundamental_balance_sheet,double,NEXT_SESSION_AFTER_MAX_NOTICE_UPDATE,pit_fundamental.level|pit_fundamental.change|pit_fundamental.disclosure_event,ABSENT,,False,107722,167039
cn_source::balance_sheet_report_em::GOODWILL_YOY,balance_sheet_report_em,GOODWILL_YOY,FUNDAMENTAL_CHANGE|DISCLOSURE_EVENT,STOCK_REPORT_PERIOD,REPORT_DATE,NOTICE_DATE,UPDATE_DATE,PIT_SAFE_CURRENT_SNAPSHOT_ONLY,balance_sheet_report_em.GOODWILL_YOY,PIT_SIDECAR_REGISTERED_LAZY_NOT_MINUTE_EXPANDED,SLOW_TEMPORAL_CHANGE|DISCLOSURE_EVENT,NO_FORMAL_SEARCH_IN_THIS_TASK; SOURCE_UNIT_GLOSSARY_NOT_ASSERTED,fundamental_balance_sheet,double,NEXT_SESSION_AFTER_MAX_NOTICE_UPDATE,pit_fundamental.change|pit_fundamental.disclosure_event,ABSENT,,False,91252,183509
cn_source::balance_sheet_report_em::HD_RESERVE,balance_sheet_report_em,HD_RESERVE,FUNDAMENTAL_LEVEL|FUNDAMENTAL_CHANGE|DISCLOSURE_EVENT,STOCK_REPORT_PERIOD,REPORT_DATE,NOTICE_DATE,UPDATE_DATE,PIT_SAFE_CURRENT_SNAPSHOT_ONLY,balance_sheet_report_em.HD_RESERVE,PIT_SIDECAR_REGISTERED_LAZY_NOT_MINUTE_EXPANDED,SLOW_XS_LEVEL|SLOW_TEMPORAL_CHANGE|DISCLOSURE_EVENT,NO_FORMAL_SEARCH_IN_THIS_TASK; SOURCE_UNIT_GLOSSARY_NOT_ASSERTED,fundamental_balance_sheet,double,NEXT_SESSION_AFTER_MAX_NOTICE_UPDATE,pit_fundamental.level|pit_fundamental.change|pit_fundamental.disclosure_event,ABSENT,,False,224,274537
cn_source::balance_sheet_report_em::HD_RESERVE_YOY,balance_sheet_report_em,HD_RESERVE_YOY,FUNDAMENTAL_CHANGE|DISCLOSURE_EVENT,STOCK_REPORT_PERIOD,REPORT_DATE,NOTICE_DATE,UPDATE_DATE,PIT_SAFE_CURRENT_SNAPSHOT_ONLY,balance_sheet_report_em.HD_RESERVE_YOY,PIT_SIDECAR_REGISTERED_LAZY_NOT_MINUTE_EXPANDED,SLOW_TEMPORAL_CHANGE|DISCLOSURE_EVENT,NO_FORMAL_SEARCH_IN_THIS_TASK; SOURCE_UNIT_GLOSSARY_NOT_ASSERTED,fundamental_balance_sheet,double,NEXT_SESSION_AFTER_MAX_NOTICE_UPDATE,pit_fundamental.change|pit_fundamental.disclosure_event,ABSENT,,False,201,274560
cn_source::balance_sheet_report_em::HEDGE_RESERVE,balance_sheet_report_em,HEDGE_RESERVE,FUNDAMENTAL_LEVEL|FUNDAMENTAL_CHANGE|DISCLOSURE_EVENT,STOCK_REPORT_PERIOD,REPORT_DATE,NOTICE_DATE,UPDATE_DATE,PIT_SAFE_CURRENT_SNAPSHOT_ONLY,balance_sheet_report_em.HEDGE_RESERVE,PIT_SIDECAR_REGISTERED_LAZY_NOT_MINUTE_EXPANDED,SLOW_XS_LEVEL|SLOW_TEMPORAL_CHANGE|DISCLOSURE_EVENT,NO_FORMAL_SEARCH_IN_THIS_TASK; SOURCE_UNIT_GLOSSARY_NOT_ASSERTED,fundamental_balance_sheet,double,NEXT_SESSION_AFTER_MAX_NOTICE_UPDATE,pit_fundamental.level|pit_fundamental.change|pit_fundamental.disclosure_event,ABSENT,,False,67,274694
cn_source::balance_sheet_report_em::HEDGE_RESERVE_YOY,balance_sheet_report_em,HEDGE_RESERVE_YOY,FUNDAMENTAL_CHANGE|DISCLOSURE_EVENT,STOCK_REPORT_PERIOD,REPORT_DATE,NOTICE_DATE,UPDATE_DATE,PIT_SAFE_CURRENT_SNAPSHOT_ONLY,balance_sheet_report_em.HEDGE_RESERVE_YOY,PIT_SIDECAR_REGISTERED_LAZY_NOT_MINUTE_EXPANDED,SLOW_TEMPORAL_CHANGE|DISCLOSURE_EVENT,NO_FORMAL_SEARCH_IN_THIS_TASK; SOURCE_UNIT_GLOSSARY_NOT_ASSERTED,fundamental_balance_sheet,double,NEXT_SESSION_AFTER_MAX_NOTICE_UPDATE,pit_fundamental.change|pit_fundamental.disclosure_event,ABSENT,,False,13,274748
cn_source::balance_sheet_report_em::HOLDSALE_ASSET,balance_sheet_report_em,HOLDSALE_ASSET,FUNDAMENTAL_LEVEL|FUNDAMENTAL_CHANGE|DISCLOSURE_EVENT,STOCK_REPORT_PERIOD,REPORT_DATE,NOTICE_DATE,UPDATE_DATE,PIT_SAFE_CURRENT_SNAPSHOT_ONLY,balance_sheet_report_em.HOLDSALE_ASSET,PIT_SIDECAR_REGISTERED_LAZY_NOT_MINUTE_EXPANDED,SLOW_XS_LEVEL|SLOW_TEMPORAL_CHANGE|DISCLOSURE_EVENT,NO_FORMAL_SEARCH_IN_THIS_TASK; SOURCE_UNIT_GLOSSARY_NOT_ASSERTED,fundamental_balance_sheet,double,NEXT_SESSION_AFTER_MAX_NOTICE_UPDATE,pit_fundamental.level|pit_fundamental.change|pit_fundamental.disclosure_event,ABSENT,,False,5805,268956
cn_source::balance_sheet_report_em::HOLDSALE_ASSET_YOY,balance_sheet_report_em,HOLDSALE_ASSET_YOY,FUNDAMENTAL_CHANGE|DISCLOSURE_EVENT,STOCK_REPORT_PERIOD,REPORT_DATE,NOTICE_DATE,UPDATE_DATE,PIT_SAFE_CURRENT_SNAPSHOT_ONLY,balance_sheet_report_em.HOLDSALE_ASSET_YOY,PIT_SIDECAR_REGISTERED_LAZY_NOT_MINUTE_EXPANDED,SLOW_TEMPORAL_CHANGE|DISCLOSURE_EVENT,NO_FORMAL_SEARCH_IN_THIS_TASK; SOURCE_UNIT_GLOSSARY_NOT_ASSERTED,fundamental_balance_sheet,double,NEXT_SESSION_AFTER_MAX_NOTICE_UPDATE,pit_fundamental.change|pit_fundamental.disclosure_event,ABSENT,,False,1613,273148
cn_source::balance_sheet_report_em::HOLDSALE_LIAB,balance_sheet_report_em,HOLDSALE_LIAB,FUNDAMENTAL_LEVEL|FUNDAMENTAL_CHANGE|DISCLOSURE_EVENT,STOCK_REPORT_PERIOD,REPORT_DATE,NOTICE_DATE,UPDATE_DATE,PIT_SAFE_CURRENT_SNAPSHOT_ONLY,balance_sheet_report_em.HOLDSALE_LIAB,PIT_SIDECAR_REGISTERED_LAZY_NOT_MINUTE_EXPANDED,SLOW_XS_LEVEL|SLOW_TEMPORAL_CHANGE|DISCLOSURE_EVENT,NO_FORMAL_SEARCH_IN_THIS_TASK; SOURCE_UNIT_GLOSSARY_NOT_ASSERTED,fundamental_balance_sheet,double,NEXT_SESSION_AFTER_MAX_NOTICE_UPDATE,pit_fundamental.level|pit_fundamental.change|pit_fundamental.disclosure_event,ABSENT,,False,1738,273023
cn_source::balance_sheet_report_em::HOLDSALE_LIAB_YOY,balance_sheet_report_em,HOLDSALE_LIAB_YOY,FUNDAMENTAL_CHANGE|DISCLOSURE_EVENT,STOCK_REPORT_PERIOD,REPORT_DATE,NOTICE_DATE,UPDATE_DATE,PIT_SAFE_CURRENT_SNAPSHOT_ONLY,balance_sheet_report_em.HOLDSALE_LIAB_YOY,PIT_SIDECAR_REGISTERED_LAZY_NOT_MINUTE_EXPANDED,SLOW_TEMPORAL_CHANGE|DISCLOSURE_EVENT,NO_FORMAL_SEARCH_IN_THIS_TASK; SOURCE_UNIT_GLOSSARY_NOT_ASSERTED,fundamental_balance_sheet,double,NEXT_SESSION_AFTER_MAX_NOTICE_UPDATE,pit_fundamental.change|pit_fundamental.disclosure_event,ABSENT,,False,166,274595
cn_source::balance_sheet_report_em::HOLD_MATURITY_INVEST,balance_sheet_report_em,HOLD_MATURITY_INVEST,FUNDAMENTAL_LEVEL|FUNDAMENTAL_CHANGE|DISCLOSURE_EVENT,STOCK_REPORT_PERIOD,REPORT_DATE,NOTICE_DATE,UPDATE_DATE,PIT_SAFE_CURRENT_SNAPSHOT_ONLY,balance_sheet_report_em.HOLD_MATURITY_INVEST,PIT_SIDECAR_REGISTERED_LAZY_NOT_MINUTE_EXPANDED,SLOW_XS_LEVEL|SLOW_TEMPORAL_CHANGE|DISCLOSURE_EVENT,NO_FORMAL_SEARCH_IN_THIS_TASK; SOURCE_UNIT_GLOSSARY_NOT_ASSERTED,fundamental_balance_sheet,double,NEXT_SESSION_AFTER_MAX_NOTICE_UPDATE,pit_fundamental.level|pit_fundamental.change|pit_fundamental.disclosure_event,ABSENT,,False,8644,266117
cn_source::balance_sheet_report_em::HOLD_MATURITY_INVEST_YOY,balance_sheet_report_em,HOLD_MATURITY_INVEST_YOY,FUNDAMENTAL_CHANGE|DISCLOSURE_EVENT,STOCK_REPORT_PERIOD,REPORT_DATE,NOTICE_DATE,UPDATE_DATE,PIT_SAFE_CURRENT_SNAPSHOT_ONLY,balance_sheet_report_em.HOLD_MATURITY_INVEST_YOY,PIT_SIDECAR_REGISTERED_LAZY_NOT_MINUTE_EXPANDED,SLOW_TEMPORAL_CHANGE|DISCLOSURE_EVENT,NO_FORMAL_SEARCH_IN_THIS_TASK; SOURCE_UNIT_GLOSSARY_NOT_ASSERTED,fundamental_balance_sheet,double,NEXT_SESSION_AFTER_MAX_NOTICE_UPDATE,pit_fundamental.change|pit_fundamental.disclosure_event,ABSENT,,False,4040,270721
cn_source::balance_sheet_report_em::IND_ACC_ASSET,balance_sheet_report_em,IND_ACC_ASSET,FUNDAMENTAL_LEVEL|FUNDAMENTAL_CHANGE|DISCLOSURE_EVENT,STOCK_REPORT_PERIOD,REPORT_DATE,NOTICE_DATE,UPDATE_DATE,PIT_SAFE_CURRENT_SNAPSHOT_ONLY,balance_sheet_report_em.IND_ACC_ASSET,PIT_SIDECAR_REGISTERED_LAZY_NOT_MINUTE_EXPANDED,SLOW_XS_LEVEL|SLOW_TEMPORAL_CHANGE|DISCLOSURE_EVENT,NO_FORMAL_SEARCH_IN_THIS_TASK; SOURCE_UNIT_GLOSSARY_NOT_ASSERTED,fundamental_balance_sheet,double,NEXT_SESSION_AFTER_MAX_NOTICE_UPDATE,pit_fundamental.level|pit_fundamental.change|pit_fundamental.disclosure_event,ABSENT,,False,159,274602
cn_source::balance_sheet_report_em::IND_ACC_ASSET_YOY,balance_sheet_report_em,IND_ACC_ASSET_YOY,FUNDAMENTAL_CHANGE|DISCLOSURE_EVENT,STOCK_REPORT_PERIOD,REPORT_DATE,NOTICE_DATE,UPDATE_DATE,PIT_SAFE_CURRENT_SNAPSHOT_ONLY,balance_sheet_report_em.IND_ACC_ASSET_YOY,PIT_SIDECAR_REGISTERED_LAZY_NOT_MINUTE_EXPANDED,SLOW_TEMPORAL_CHANGE|DISCLOSURE_EVENT,NO_FORMAL_SEARCH_IN_THIS_TASK; SOURCE_UNIT_GLOSSARY_NOT_ASSERTED,fundamental_balance_sheet,double,NEXT_SESSION_AFTER_MAX_NOTICE_UPDATE,pit_fundamental.change|pit_fundamental.disclosure_event,ABSENT,,False,142,274619
cn_source::balance_sheet_report_em::IND_ACC_LIAB,balance_sheet_report_em,IND_ACC_LIAB,FUNDAMENTAL_LEVEL|FUNDAMENTAL_CHANGE|DISCLOSURE_EVENT,STOCK_REPORT_PERIOD,REPORT_DATE,NOTICE_DATE,UPDATE_DATE,PIT_SAFE_CURRENT_SNAPSHOT_ONLY,balance_sheet_report_em.IND_ACC_LIAB,PIT_SIDECAR_REGISTERED_LAZY_NOT_MINUTE_EXPANDED,SLOW_XS_LEVEL|SLOW_TEMPORAL_CHANGE|DISCLOSURE_EVENT,NO_FORMAL_SEARCH_IN_THIS_TASK; SOURCE_UNIT_GLOSSARY_NOT_ASSERTED,fundamental_balance_sheet,double,NEXT_SESSION_AFTER_MAX_NOTICE_UPDATE,pit_fundamental.level|pit_fundamental.change|pit_fundamental.disclosure_event,ABSENT,,False,175,274586
cn_source::balance_sheet_report_em::IND_ACC_LIAB_YOY,balance_sheet_report_em,IND_ACC_LIAB_YOY,FUNDAMENTAL_CHANGE|DISCLOSURE_EVENT,STOCK_REPORT_PERIOD,REPORT_DATE,NOTICE_DATE,UPDATE_DATE,PIT_SAFE_CURRENT_SNAPSHOT_ONLY,balance_sheet_report_em.IND_ACC_LIAB_YOY,PIT_SIDECAR_REGISTERED_LAZY_NOT_MINUTE_EXPANDED,SLOW_TEMPORAL_CHANGE|DISCLOSURE_EVENT,NO_FORMAL_SEARCH_IN_THIS_TASK; SOURCE_UNIT_GLOSSARY_NOT_ASSERTED,fundamental_balance_sheet,double,NEXT_SESSION_AFTER_MAX_NOTICE_UPDATE,pit_fundamental.change|pit_fundamental.disclosure_event,ABSENT,,False,156,274605
cn_source::balance_sheet_report_em::INSURANCE_CONTRACT_RESERVE,balance_sheet_report_em,INSURANCE_CONTRACT_RESERVE,FUNDAMENTAL_LEVEL|FUNDAMENTAL_CHANGE|DISCLOSURE_EVENT,STOCK_REPORT_PERIOD,REPORT_DATE,NOTICE_DATE,UPDATE_DATE,PIT_SAFE_CURRENT_SNAPSHOT_ONLY,balance_sheet_report_em.INSURANCE_CONTRACT_RESERVE,PIT_SIDECAR_REGISTERED_LAZY_NOT_MINUTE_EXPANDED,SLOW_XS_LEVEL|SLOW_TEMPORAL_CHANGE|DISCLOSURE_EVENT,NO_FORMAL_SEARCH_IN_THIS_TASK; SOURCE_UNIT_GLOSSARY_NOT_ASSERTED,fundamental_balance_sheet,double,NEXT_SESSION_AFTER_MAX_NOTICE_UPDATE,pit_fundamental.level|pit_fundamental.change|pit_fundamental.disclosure_event,ABSENT,,False,2239,272522
cn_source::balance_sheet_report_em::INSURANCE_CONTRACT_RESERVE_YOY,balance_sheet_report_em,INSURANCE_CONTRACT_RESERVE_YOY,FUNDAMENTAL_CHANGE|DISCLOSURE_EVENT,STOCK_REPORT_PERIOD,REPORT_DATE,NOTICE_DATE,UPDATE_DATE,PIT_SAFE_CURRENT_SNAPSHOT_ONLY,balance_sheet_report_em.INSURANCE_CONTRACT_RESERVE_YOY,PIT_SIDECAR_REGISTERED_LAZY_NOT_MINUTE_EXPANDED,SLOW_TEMPORAL_CHANGE|DISCLOSURE_EVENT,NO_FORMAL_SEARCH_IN_THIS_TASK; SOURCE_UNIT_GLOSSARY_NOT_ASSERTED,fundamental_balance_sheet,double,NEXT_SESSION_AFTER_MAX_NOTICE_UPDATE,pit_fundamental.change|pit_fundamental.disclosure_event,ABSENT,,False,431,274330
cn_source::balance_sheet_report_em::INSURED_DEPOSIT_INVEST,balance_sheet_report_em,INSURED_DEPOSIT_INVEST,FUNDAMENTAL_LEVEL|FUNDAMENTAL_CHANGE|DISCLOSURE_EVENT,STOCK_REPORT_PERIOD,REPORT_DATE,NOTICE_DATE,UPDATE_DATE,PIT_SAFE_CURRENT_SNAPSHOT_ONLY,balance_sheet_report_em.INSURED_DEPOSIT_INVEST,PIT_SIDECAR_REGISTERED_LAZY_NOT_MINUTE_EXPANDED,SLOW_XS_LEVEL|SLOW_TEMPORAL_CHANGE|DISCLOSURE_EVENT,NO_FORMAL_SEARCH_IN_THIS_TASK; SOURCE_UNIT_GLOSSARY_NOT_ASSERTED,fundamental_balance_sheet,double,NEXT_SESSION_AFTER_MAX_NOTICE_UPDATE,pit_fundamental.level|pit_fundamental.change|pit_fundamental.disclosure_event,ABSENT,,False,276,274485
cn_source::balance_sheet_report_em::INSURED_DEPOSIT_INVEST_YOY,balance_sheet_report_em,INSURED_DEPOSIT_INVEST_YOY,FUNDAMENTAL_CHANGE|DISCLOSURE_EVENT,STOCK_REPORT_PERIOD,REPORT_DATE,NOTICE_DATE,UPDATE_DATE,PIT_SAFE_CURRENT_SNAPSHOT_ONLY,balance_sheet_report_em.INSURED_DEPOSIT_INVEST_YOY,PIT_SIDECAR_REGISTERED_LAZY_NOT_MINUTE_EXPANDED,SLOW_TEMPORAL_CHANGE|DISCLOSURE_EVENT,NO_FORMAL_SEARCH_IN_THIS_TASK; SOURCE_UNIT_GLOSSARY_NOT_ASSERTED,fundamental_balance_sheet,double,NEXT_SESSION_AFTER_MAX_NOTICE_UPDATE,pit_fundamental.change|pit_fundamental.disclosure_event,ABSENT,,False,253,274508
cn_source::balance_sheet_report_em::INSURED_PLEDGE_LOAN,balance_sheet_report_em,INSURED_PLEDGE_LOAN,FUNDAMENTAL_LEVEL|FUNDAMENTAL_CHANGE|DISCLOSURE_EVENT,STOCK_REPORT_PERIOD,REPORT_DATE,NOTICE_DATE,UPDATE_DATE,PIT_SAFE_CURRENT_SNAPSHOT_ONLY,balance_sheet_report_em.INSURED_PLEDGE_LOAN,PIT_SIDECAR_REGISTERED_LAZY_NOT_MINUTE_EXPANDED,SLOW_XS_LEVEL|SLOW_TEMPORAL_CHANGE|DISCLOSURE_EVENT,NO_FORMAL_SEARCH_IN_THIS_TASK; SOURCE_UNIT_GLOSSARY_NOT_ASSERTED,fundamental_balance_sheet,double,NEXT_SESSION_AFTER_MAX_NOTICE_UPDATE,pit_fundamental.level|pit_fundamental.change|pit_fundamental.disclosure_event,ABSENT,,False,240,274521
cn_source::balance_sheet_report_em::INSURED_PLEDGE_LOAN_YOY,balance_sheet_report_em,INSURED_PLEDGE_LOAN_YOY,FUNDAMENTAL_CHANGE|DISCLOSURE_EVENT,STOCK_REPORT_PERIOD,REPORT_DATE,NOTICE_DATE,UPDATE_DATE,PIT_SAFE_CURRENT_SNAPSHOT_ONLY,balance_sheet_report_em.INSURED_PLEDGE_LOAN_YOY,PIT_SIDECAR_REGISTERED_LAZY_NOT_MINUTE_EXPANDED,SLOW_TEMPORAL_CHANGE|DISCLOSURE_EVENT,NO_FORMAL_SEARCH_IN_THIS_TASK; SOURCE_UNIT_GLOSSARY_NOT_ASSERTED,fundamental_balance_sheet,double,NEXT_SESSION_AFTER_MAX_NOTICE_UPDATE,pit_fundamental.change|pit_fundamental.disclosure_event,ABSENT,,False,217,274544
cn_source::balance_sheet_report_em::INTANGIBLE_ASSET,balance_sheet_report_em,INTANGIBLE_ASSET,FUNDAMENTAL_LEVEL|FUNDAMENTAL_CHANGE|DISCLOSURE_EVENT,STOCK_REPORT_PERIOD,REPORT_DATE,NOTICE_DATE,UPDATE_DATE,PIT_SAFE_CURRENT_SNAPSHOT_ONLY,balance_sheet_report_em.INTANGIBLE_ASSET,PIT_SIDECAR_REGISTERED_LAZY_NOT_MINUTE_EXPANDED,SLOW_XS_LEVEL|SLOW_TEMPORAL_CHANGE|DISCLOSURE_EVENT,NO_FORMAL_SEARCH_IN_THIS_TASK; SOURCE_UNIT_GLOSSARY_NOT_ASSERTED,fundamental_balance_sheet,double,NEXT_SESSION_AFTER_MAX_NOTICE_UPDATE,pit_fundamental.level|pit_fundamental.change|pit_fundamental.disclosure_event,ABSENT,,False,262737,12024
cn_source::balance_sheet_report_em::INTANGIBLE_ASSET_YOY,balance_sheet_report_em,INTANGIBLE_ASSET_YOY,FUNDAMENTAL_CHANGE|DISCLOSURE_EVENT,STOCK_REPORT_PERIOD,REPORT_DATE,NOTICE_DATE,UPDATE_DATE,PIT_SAFE_CURRENT_SNAPSHOT_ONLY,balance_sheet_report_em.INTANGIBLE_ASSET_YOY,PIT_SIDECAR_REGISTERED_LAZY_NOT_MINUTE_EXPANDED,SLOW_TEMPORAL_CHANGE|DISCLOSURE_EVENT,NO_FORMAL_SEARCH_IN_THIS_TASK; SOURCE_UNIT_GLOSSARY_NOT_ASSERTED,fundamental_balance_sheet,double,NEXT_SESSION_AFTER_MAX_NOTICE_UPDATE,pit_fundamental.change|pit_fundamental.disclosure_event,ABSENT,,False,239525,35236
cn_source::balance_sheet_report_em::INTEREST_PAYABLE,balance_sheet_report_em,INTEREST_PAYABLE,FUNDAMENTAL_LEVEL|FUNDAMENTAL_CHANGE|DISCLOSURE_EVENT,STOCK_REPORT_PERIOD,REPORT_DATE,NOTICE_DATE,UPDATE_DATE,PIT_SAFE_CURRENT_SNAPSHOT_ONLY,balance_sheet_report_em.INTEREST_PAYABLE,PIT_SIDECAR_REGISTERED_LAZY_NOT_MINUTE_EXPANDED,SLOW_XS_LEVEL|SLOW_TEMPORAL_CHANGE|DISCLOSURE_EVENT,NO_FORMAL_SEARCH_IN_THIS_TASK; SOURCE_UNIT_GLOSSARY_NOT_ASSERTED,fundamental_balance_sheet,double,NEXT_SESSION_AFTER_MAX_NOTICE_UPDATE,pit_fundamental.level|pit_fundamental.change|pit_fundamental.disclosure_event,ABSENT,,False,89703,185058
cn_source::balance_sheet_report_em::INTEREST_PAYABLE_YOY,balance_sheet_report_em,INTEREST_PAYABLE_YOY,FUNDAMENTAL_CHANGE|DISCLOSURE_EVENT,STOCK_REPORT_PERIOD,REPORT_DATE,NOTICE_DATE,UPDATE_DATE,PIT_SAFE_CURRENT_SNAPSHOT_ONLY,balance_sheet_report_em.INTEREST_PAYABLE_YOY,PIT_SIDECAR_REGISTERED_LAZY_NOT_MINUTE_EXPANDED,SLOW_TEMPORAL_CHANGE|DISCLOSURE_EVENT,NO_FORMAL_SEARCH_IN_THIS_TASK; SOURCE_UNIT_GLOSSARY_NOT_ASSERTED,fundamental_balance_sheet,double,NEXT_SESSION_AFTER_MAX_NOTICE_UPDATE,pit_fundamental.change|pit_fundamental.disclosure_event,ABSENT,,False,67515,207246
cn_source::balance_sheet_report_em::INTEREST_RECE,balance_sheet_report_em,INTEREST_RECE,FUNDAMENTAL_LEVEL|FUNDAMENTAL_CHANGE|DISCLOSURE_EVENT,STOCK_REPORT_PERIOD,REPORT_DATE,NOTICE_DATE,UPDATE_DATE,PIT_SAFE_CURRENT_SNAPSHOT_ONLY,balance_sheet_report_em.INTEREST_RECE,PIT_SIDECAR_REGISTERED_LAZY_NOT_MINUTE_EXPANDED,SLOW_XS_LEVEL|SLOW_TEMPORAL_CHANGE|DISCLOSURE_EVENT,NO_FORMAL_SEARCH_IN_THIS_TASK; SOURCE_UNIT_GLOSSARY_NOT_ASSERTED,fundamental_balance_sheet,double,NEXT_SESSION_AFTER_MAX_NOTICE_UPDATE,pit_fundamental.level|pit_fundamental.change|pit_fundamental.disclosure_event,ABSENT,,False,47917,226844
cn_source::balance_sheet_report_em::INTEREST_RECE_YOY,balance_sheet_report_em,INTEREST_RECE_YOY,FUNDAMENTAL_CHANGE|DISCLOSURE_EVENT,STOCK_REPORT_PERIOD,REPORT_DATE,NOTICE_DATE,UPDATE_DATE,PIT_SAFE_CURRENT_SNAPSHOT_ONLY,balance_sheet_report_em.INTEREST_RECE_YOY,PIT_SIDECAR_REGISTERED_LAZY_NOT_MINUTE_EXPANDED,SLOW_TEMPORAL_CHANGE|DISCLOSURE_EVENT,NO_FORMAL_SEARCH_IN_THIS_TASK; SOURCE_UNIT_GLOSSARY_NOT_ASSERTED,fundamental_balance_sheet,double,NEXT_SESSION_AFTER_MAX_NOTICE_UPDATE,pit_fundamental.change|pit_fundamental.disclosure_event,ABSENT,,False,31251,243510
cn_source::balance_sheet_report_em::INTERNAL_PAYABLE,balance_sheet_report_em,INTERNAL_PAYABLE,FUNDAMENTAL_LEVEL|FUNDAMENTAL_CHANGE|DISCLOSURE_EVENT,STOCK_REPORT_PERIOD,REPORT_DATE,NOTICE_DATE,UPDATE_DATE,PIT_SAFE_CURRENT_SNAPSHOT_ONLY,balance_sheet_report_em.INTERNAL_PAYABLE,PIT_SIDECAR_REGISTERED_LAZY_NOT_MINUTE_EXPANDED,SLOW_XS_LEVEL|SLOW_TEMPORAL_CHANGE|DISCLOSURE_EVENT,NO_FORMAL_SEARCH_IN_THIS_TASK; SOURCE_UNIT_GLOSSARY_NOT_ASSERTED,fundamental_balance_sheet,double,NEXT_SESSION_AFTER_MAX_NOTICE_UPDATE,pit_fundamental.level|pit_fundamental.change|pit_fundamental.disclosure_event,ABSENT,,False,13,274748
cn_source::balance_sheet_report_em::INTERNAL_PAYABLE_YOY,balance_sheet_report_em,INTERNAL_PAYABLE_YOY,FUNDAMENTAL_CHANGE|DISCLOSURE_EVENT,STOCK_REPORT_PERIOD,REPORT_DATE,NOTICE_DATE,UPDATE_DATE,PIT_SAFE_CURRENT_SNAPSHOT_ONLY,balance_sheet_report_em.INTERNAL_PAYABLE_YOY,PIT_SIDECAR_REGISTERED_LAZY_NOT_MINUTE_EXPANDED,SLOW_TEMPORAL_CHANGE|DISCLOSURE_EVENT,NO_FORMAL_SEARCH_IN_THIS_TASK; SOURCE_UNIT_GLOSSARY_NOT_ASSERTED,fundamental_balance_sheet,double,NEXT_SESSION_AFTER_MAX_NOTICE_UPDATE,pit_fundamental.change|pit_fundamental.disclosure_event,ABSENT,,False,1,274760
cn_source::balance_sheet_report_em::INTERNAL_RECE,balance_sheet_report_em,INTERNAL_RECE,FUNDAMENTAL_LEVEL|FUNDAMENTAL_CHANGE|DISCLOSURE_EVENT,STOCK_REPORT_PERIOD,REPORT_DATE,NOTICE_DATE,UPDATE_DATE,PIT_SAFE_CURRENT_SNAPSHOT_ONLY,balance_sheet_report_em.INTERNAL_RECE,PIT_SIDECAR_REGISTERED_LAZY_NOT_MINUTE_EXPANDED,SLOW_XS_LEVEL|SLOW_TEMPORAL_CHANGE|DISCLOSURE_EVENT,NO_FORMAL_SEARCH_IN_THIS_TASK; SOURCE_UNIT_GLOSSARY_NOT_ASSERTED,fundamental_balance_sheet,double,NEXT_SESSION_AFTER_MAX_NOTICE_UPDATE,pit_fundamental.level|pit_fundamental.change|pit_fundamental.disclosure_event,ABSENT,,False,15,274746
cn_source::balance_sheet_report_em::INTERNAL_RECE_YOY,balance_sheet_report_em,INTERNAL_RECE_YOY,FUNDAMENTAL_CHANGE|DISCLOSURE_EVENT,STOCK_REPORT_PERIOD,REPORT_DATE,NOTICE_DATE,UPDATE_DATE,PIT_SAFE_CURRENT_SNAPSHOT_ONLY,balance_sheet_report_em.INTERNAL_RECE_YOY,PIT_SIDECAR_REGISTERED_LAZY_NOT_MINUTE_EXPANDED,SLOW_TEMPORAL_CHANGE|DISCLOSURE_EVENT,NO_FORMAL_SEARCH_IN_THIS_TASK; SOURCE_UNIT_GLOSSARY_NOT_ASSERTED,fundamental_balance_sheet,double,NEXT_SESSION_AFTER_MAX_NOTICE_UPDATE,pit_fundamental.change|pit_fundamental.disclosure_event,ABSENT,,False,2,274759
cn_source::balance_sheet_report_em::INVENTORY,balance_sheet_report_em,INVENTORY,FUNDAMENTAL_LEVEL|FUNDAMENTAL_CHANGE|DISCLOSURE_EVENT,STOCK_REPORT_PERIOD,REPORT_DATE,NOTICE_DATE,UPDATE_DATE,PIT_SAFE_CURRENT_SNAPSHOT_ONLY,balance_sheet_report_em.INVENTORY,PIT_SIDECAR_REGISTERED_LAZY_NOT_MINUTE_EXPANDED,SLOW_XS_LEVEL|SLOW_TEMPORAL_CHANGE|DISCLOSURE_EVENT,NO_FORMAL_SEARCH_IN_THIS_TASK; SOURCE_UNIT_GLOSSARY_NOT_ASSERTED,fundamental_balance_sheet,double,NEXT_SESSION_AFTER_MAX_NOTICE_UPDATE,pit_fundamental.level|pit_fundamental.change|pit_fundamental.disclosure_event,ABSENT,,False,262386,12375
cn_source::balance_sheet_report_em::INVENTORY_YOY,balance_sheet_report_em,INVENTORY_YOY,FUNDAMENTAL_CHANGE|DISCLOSURE_EVENT,STOCK_REPORT_PERIOD,REPORT_DATE,NOTICE_DATE,UPDATE_DATE,PIT_SAFE_CURRENT_SNAPSHOT_ONLY,balance_sheet_report_em.INVENTORY_YOY,PIT_SIDECAR_REGISTERED_LAZY_NOT_MINUTE_EXPANDED,SLOW_TEMPORAL_CHANGE|DISCLOSURE_EVENT,NO_FORMAL_SEARCH_IN_THIS_TASK; SOURCE_UNIT_GLOSSARY_NOT_ASSERTED,fundamental_balance_sheet,double,NEXT_SESSION_AFTER_MAX_NOTICE_UPDATE,pit_fundamental.change|pit_fundamental.disclosure_event,ABSENT,,False,240104,34657
cn_source::balance_sheet_report_em::INVEST_JOINT,balance_sheet_report_em,INVEST_JOINT,FUNDAMENTAL_LEVEL|FUNDAMENTAL_CHANGE|DISCLOSURE_EVENT,STOCK_REPORT_PERIOD,REPORT_DATE,NOTICE_DATE,UPDATE_DATE,PIT_SAFE_CURRENT_SNAPSHOT_ONLY,balance_sheet_report_em.INVEST_JOINT,PIT_SIDECAR_REGISTERED_LAZY_NOT_MINUTE_EXPANDED,SLOW_XS_LEVEL|SLOW_TEMPORAL_CHANGE|DISCLOSURE_EVENT,NO_FORMAL_SEARCH_IN_THIS_TASK; SOURCE_UNIT_GLOSSARY_NOT_ASSERTED,fundamental_balance_sheet,double,NEXT_SESSION_AFTER_MAX_NOTICE_UPDATE,pit_fundamental.level|pit_fundamental.change|pit_fundamental.disclosure_event,ABSENT,,False,96,274665
cn_source::balance_sheet_report_em::INVEST_JOINT_YOY,balance_sheet_report_em,INVEST_JOINT_YOY,FUNDAMENTAL_CHANGE|DISCLOSURE_EVENT,STOCK_REPORT_PERIOD,REPORT_DATE,NOTICE_DATE,UPDATE_DATE,PIT_SAFE_CURRENT_SNAPSHOT_ONLY,balance_sheet_report_em.INVEST_JOINT_YOY,PIT_SIDECAR_REGISTERED_LAZY_NOT_MINUTE_EXPANDED,SLOW_TEMPORAL_CHANGE|DISCLOSURE_EVENT,NO_FORMAL_SEARCH_IN_THIS_TASK; SOURCE_UNIT_GLOSSARY_NOT_ASSERTED,fundamental_balance_sheet,double,NEXT_SESSION_AFTER_MAX_NOTICE_UPDATE,pit_fundamental.change|pit_fundamental.disclosure_event,ABSENT,,False,39,274722
cn_source::balance_sheet_report_em::INVEST_REALESTATE,balance_sheet_report_em,INVEST_REALESTATE,FUNDAMENTAL_LEVEL|FUNDAMENTAL_CHANGE|DISCLOSURE_EVENT,STOCK_REPORT_PERIOD,REPORT_DATE,NOTICE_DATE,UPDATE_DATE,PIT_SAFE_CURRENT_SNAPSHOT_ONLY,balance_sheet_report_em.INVEST_REALESTATE,PIT_SIDECAR_REGISTERED_LAZY_NOT_MINUTE_EXPANDED,SLOW_XS_LEVEL|SLOW_TEMPORAL_CHANGE|DISCLOSURE_EVENT,NO_FORMAL_SEARCH_IN_THIS_TASK; SOURCE_UNIT_GLOSSARY_NOT_ASSERTED,fundamental_balance_sheet,double,NEXT_SESSION_AFTER_MAX_NOTICE_UPDATE,pit_fundamental.level|pit_fundamental.change|pit_fundamental.disclosure_event,ABSENT,,False,104613,170148
cn_source::balance_sheet_report_em::INVEST_REALESTATE_YOY,balance_sheet_report_em,INVEST_REALESTATE_YOY,FUNDAMENTAL_CHANGE|DISCLOSURE_EVENT,STOCK_REPORT_PERIOD,REPORT_DATE,NOTICE_DATE,UPDATE_DATE,PIT_SAFE_CURRENT_SNAPSHOT_ONLY,balance_sheet_report_em.INVEST_REALESTATE_YOY,PIT_SIDECAR_REGISTERED_LAZY_NOT_MINUTE_EXPANDED,SLOW_TEMPORAL_CHANGE|DISCLOSURE_EVENT,NO_FORMAL_SEARCH_IN_THIS_TASK; SOURCE_UNIT_GLOSSARY_NOT_ASSERTED,fundamental_balance_sheet,double,NEXT_SESSION_AFTER_MAX_NOTICE_UPDATE,pit_fundamental.change|pit_fundamental.disclosure_event,ABSENT,,False,89011,185750
cn_source::balance_sheet_report_em::INVEST_RECE,balance_sheet_report_em,INVEST_RECE,FUNDAMENTAL_LEVEL|FUNDAMENTAL_CHANGE|DISCLOSURE_EVENT,STOCK_REPORT_PERIOD,REPORT_DATE,NOTICE_DATE,UPDATE_DATE,PIT_SAFE_CURRENT_SNAPSHOT_ONLY,balance_sheet_report_em.INVEST_RECE,PIT_SIDECAR_REGISTERED_LAZY_NOT_MINUTE_EXPANDED,SLOW_XS_LEVEL|SLOW_TEMPORAL_CHANGE|DISCLOSURE_EVENT,NO_FORMAL_SEARCH_IN_THIS_TASK; SOURCE_UNIT_GLOSSARY_NOT_ASSERTED,fundamental_balance_sheet,double,NEXT_SESSION_AFTER_MAX_NOTICE_UPDATE,pit_fundamental.level|pit_fundamental.change|pit_fundamental.disclosure_event,ABSENT,,False,1194,273567
cn_source::balance_sheet_report_em::INVEST_RECE_YOY,balance_sheet_report_em,INVEST_RECE_YOY,FUNDAMENTAL_CHANGE|DISCLOSURE_EVENT,STOCK_REPORT_PERIOD,REPORT_DATE,NOTICE_DATE,UPDATE_DATE,PIT_SAFE_CURRENT_SNAPSHOT_ONLY,balance_sheet_report_em.INVEST_RECE_YOY,PIT_SIDECAR_REGISTERED_LAZY_NOT_MINUTE_EXPANDED,SLOW_TEMPORAL_CHANGE|DISCLOSURE_EVENT,NO_FORMAL_SEARCH_IN_THIS_TASK; SOURCE_UNIT_GLOSSARY_NOT_ASSERTED,fundamental_balance_sheet,double,NEXT_SESSION_AFTER_MAX_NOTICE_UPDATE,pit_fundamental.change|pit_fundamental.disclosure_event,ABSENT,,False,974,273787
cn_source::balance_sheet_report_em::INVEST_REVALUE_RESERVE,balance_sheet_report_em,INVEST_REVALUE_RESERVE,FUNDAMENTAL_LEVEL|FUNDAMENTAL_CHANGE|DISCLOSURE_EVENT,STOCK_REPORT_PERIOD,REPORT_DATE,NOTICE_DATE,UPDATE_DATE,PIT_SAFE_CURRENT_SNAPSHOT_ONLY,balance_sheet_report_em.INVEST_REVALUE_RESERVE,PIT_SIDECAR_REGISTERED_LAZY_NOT_MINUTE_EXPANDED,SLOW_XS_LEVEL|SLOW_TEMPORAL_CHANGE|DISCLOSURE_EVENT,NO_FORMAL_SEARCH_IN_THIS_TASK; SOURCE_UNIT_GLOSSARY_NOT_ASSERTED,fundamental_balance_sheet,double,NEXT_SESSION_AFTER_MAX_NOTICE_UPDATE,pit_fundamental.level|pit_fundamental.change|pit_fundamental.disclosure_event,ABSENT,,False,72,274689
cn_source::balance_sheet_report_em::INVEST_REVALUE_RESERVE_YOY,balance_sheet_report_em,INVEST_REVALUE_RESERVE_YOY,FUNDAMENTAL_CHANGE|DISCLOSURE_EVENT,STOCK_REPORT_PERIOD,REPORT_DATE,NOTICE_DATE,UPDATE_DATE,PIT_SAFE_CURRENT_SNAPSHOT_ONLY,balance_sheet_report_em.INVEST_REVALUE_RESERVE_YOY,PIT_SIDECAR_REGISTERED_LAZY_NOT_MINUTE_EXPANDED,SLOW_TEMPORAL_CHANGE|DISCLOSURE_EVENT,NO_FORMAL_SEARCH_IN_THIS_TASK; SOURCE_UNIT_GLOSSARY_NOT_ASSERTED,fundamental_balance_sheet,double,NEXT_SESSION_AFTER_MAX_NOTICE_UPDATE,pit_fundamental.change|pit_fundamental.disclosure_event,ABSENT,,False,17,274744
cn_source::balance_sheet_report_em::INVEST_SUBSIDIARY,balance_sheet_report_em,INVEST_SUBSIDIARY,FUNDAMENTAL_LEVEL|FUNDAMENTAL_CHANGE|DISCLOSURE_EVENT,STOCK_REPORT_PERIOD,REPORT_DATE,NOTICE_DATE,UPDATE_DATE,PIT_SAFE_CURRENT_SNAPSHOT_ONLY,balance_sheet_report_em.INVEST_SUBSIDIARY,PIT_SIDECAR_REGISTERED_LAZY_NOT_MINUTE_EXPANDED,SLOW_XS_LEVEL|SLOW_TEMPORAL_CHANGE|DISCLOSURE_EVENT,NO_FORMAL_SEARCH_IN_THIS_TASK; SOURCE_UNIT_GLOSSARY_NOT_ASSERTED,fundamental_balance_sheet,double,NEXT_SESSION_AFTER_MAX_NOTICE_UPDATE,pit_fundamental.level|pit_fundamental.change|pit_fundamental.disclosure_event,ABSENT,,False,29,274732
cn_source::balance_sheet_report_em::INVEST_SUBSIDIARY_YOY,balance_sheet_report_em,INVEST_SUBSIDIARY_YOY,FUNDAMENTAL_CHANGE|DISCLOSURE_EVENT,STOCK_REPORT_PERIOD,REPORT_DATE,NOTICE_DATE,UPDATE_DATE,PIT_SAFE_CURRENT_SNAPSHOT_ONLY,balance_sheet_report_em.INVEST_SUBSIDIARY_YOY,PIT_SIDECAR_REGISTERED_LAZY_NOT_MINUTE_EXPANDED,SLOW_TEMPORAL_CHANGE|DISCLOSURE_EVENT,NO_FORMAL_SEARCH_IN_THIS_TASK; SOURCE_UNIT_GLOSSARY_NOT_ASSERTED,fundamental_balance_sheet,double,NEXT_SESSION_AFTER_MAX_NOTICE_UPDATE,pit_fundamental.change|pit_fundamental.disclosure_event,ABSENT,,False,0,274761
cn_source::balance_sheet_report_em::IOFI_DEPOSIT,balance_sheet_report_em,IOFI_DEPOSIT,FUNDAMENTAL_LEVEL|FUNDAMENTAL_CHANGE|DISCLOSURE_EVENT,STOCK_REPORT_PERIOD,REPORT_DATE,NOTICE_DATE,UPDATE_DATE,PIT_SAFE_CURRENT_SNAPSHOT_ONLY,balance_sheet_report_em.IOFI_DEPOSIT,PIT_SIDECAR_REGISTERED_LAZY_NOT_MINUTE_EXPANDED,SLOW_XS_LEVEL|SLOW_TEMPORAL_CHANGE|DISCLOSURE_EVENT,NO_FORMAL_SEARCH_IN_THIS_TASK; SOURCE_UNIT_GLOSSARY_NOT_ASSERTED,fundamental_balance_sheet,double,NEXT_SESSION_AFTER_MAX_NOTICE_UPDATE,pit_fundamental.level|pit_fundamental.change|pit_fundamental.disclosure_event,ABSENT,,False,2448,272313
cn_source::balance_sheet_report_em::IOFI_DEPOSIT_YOY,balance_sheet_report_em,IOFI_DEPOSIT_YOY,FUNDAMENTAL_CHANGE|DISCLOSURE_EVENT,STOCK_REPORT_PERIOD,REPORT_DATE,NOTICE_DATE,UPDATE_DATE,PIT_SAFE_CURRENT_SNAPSHOT_ONLY,balance_sheet_report_em.IOFI_DEPOSIT_YOY,PIT_SIDECAR_REGISTERED_LAZY_NOT_MINUTE_EXPANDED,SLOW_TEMPORAL_CHANGE|DISCLOSURE_EVENT,NO_FORMAL_SEARCH_IN_THIS_TASK; SOURCE_UNIT_GLOSSARY_NOT_ASSERTED,fundamental_balance_sheet,double,NEXT_SESSION_AFTER_MAX_NOTICE_UPDATE,pit_fundamental.change|pit_fundamental.disclosure_event,ABSENT,,False,2221,272540
cn_source::balance_sheet_report_em::LD_RESERVE,balance_sheet_report_em,LD_RESERVE,FUNDAMENTAL_LEVEL|FUNDAMENTAL_CHANGE|DISCLOSURE_EVENT,STOCK_REPORT_PERIOD,REPORT_DATE,NOTICE_DATE,UPDATE_DATE,PIT_SAFE_CURRENT_SNAPSHOT_ONLY,balance_sheet_report_em.LD_RESERVE,PIT_SIDECAR_REGISTERED_LAZY_NOT_MINUTE_EXPANDED,SLOW_XS_LEVEL|SLOW_TEMPORAL_CHANGE|DISCLOSURE_EVENT,NO_FORMAL_SEARCH_IN_THIS_TASK; SOURCE_UNIT_GLOSSARY_NOT_ASSERTED,fundamental_balance_sheet,double,NEXT_SESSION_AFTER_MAX_NOTICE_UPDATE,pit_fundamental.level|pit_fundamental.change|pit_fundamental.disclosure_event,ABSENT,,False,224,274537
cn_source::balance_sheet_report_em::LD_RESERVE_YOY,balance_sheet_report_em,LD_RESERVE_YOY,FUNDAMENTAL_CHANGE|DISCLOSURE_EVENT,STOCK_REPORT_PERIOD,REPORT_DATE,NOTICE_DATE,UPDATE_DATE,PIT_SAFE_CURRENT_SNAPSHOT_ONLY,balance_sheet_report_em.LD_RESERVE_YOY,PIT_SIDECAR_REGISTERED_LAZY_NOT_MINUTE_EXPANDED,SLOW_TEMPORAL_CHANGE|DISCLOSURE_EVENT,NO_FORMAL_SEARCH_IN_THIS_TASK; SOURCE_UNIT_GLOSSARY_NOT_ASSERTED,fundamental_balance_sheet,double,NEXT_SESSION_AFTER_MAX_NOTICE_UPDATE,pit_fundamental.change|pit_fundamental.disclosure_event,ABSENT,,False,201,274560
cn_source::balance_sheet_report_em::LEASE_LIAB,balance_sheet_report_em,LEASE_LIAB,FUNDAMENTAL_LEVEL|FUNDAMENTAL_CHANGE|DISCLOSURE_EVENT,STOCK_REPORT_PERIOD,REPORT_DATE,NOTICE_DATE,UPDATE_DATE,PIT_SAFE_CURRENT_SNAPSHOT_ONLY,balance_sheet_report_em.LEASE_LIAB,PIT_SIDECAR_REGISTERED_LAZY_NOT_MINUTE_EXPANDED,SLOW_XS_LEVEL|SLOW_TEMPORAL_CHANGE|DISCLOSURE_EVENT,NO_FORMAL_SEARCH_IN_THIS_TASK; SOURCE_UNIT_GLOSSARY_NOT_ASSERTED,fundamental_balance_sheet,double,NEXT_SESSION_AFTER_MAX_NOTICE_UPDATE,pit_fundamental.level|pit_fundamental.change|pit_fundamental.disclosure_event,ABSENT,,False,64789,209972
cn_source::balance_sheet_report_em::LEASE_LIAB_YOY,balance_sheet_report_em,LEASE_LIAB_YOY,FUNDAMENTAL_CHANGE|DISCLOSURE_EVENT,STOCK_REPORT_PERIOD,REPORT_DATE,NOTICE_DATE,UPDATE_DATE,PIT_SAFE_CURRENT_SNAPSHOT_ONLY,balance_sheet_report_em.LEASE_LIAB_YOY,PIT_SIDECAR_REGISTERED_LAZY_NOT_MINUTE_EXPANDED,SLOW_TEMPORAL_CHANGE|DISCLOSURE_EVENT,NO_FORMAL_SEARCH_IN_THIS_TASK; SOURCE_UNIT_GLOSSARY_NOT_ASSERTED,fundamental_balance_sheet,double,NEXT_SESSION_AFTER_MAX_NOTICE_UPDATE,pit_fundamental.change|pit_fundamental.disclosure_event,ABSENT,,False,44975,229786
cn_source::balance_sheet_report_em::LEND_FUND,balance_sheet_report_em,LEND_FUND,FUNDAMENTAL_LEVEL|FUNDAMENTAL_CHANGE|DISCLOSURE_EVENT,STOCK_REPORT_PERIOD,REPORT_DATE,NOTICE_DATE,UPDATE_DATE,PIT_SAFE_CURRENT_SNAPSHOT_ONLY,balance_sheet_report_em.LEND_FUND,PIT_SIDECAR_REGISTERED_LAZY_NOT_MINUTE_EXPANDED,SLOW_XS_LEVEL|SLOW_TEMPORAL_CHANGE|DISCLOSURE_EVENT,NO_FORMAL_SEARCH_IN_THIS_TASK; SOURCE_UNIT_GLOSSARY_NOT_ASSERTED,fundamental_balance_sheet,double,NEXT_SESSION_AFTER_MAX_NOTICE_UPDATE,pit_fundamental.level|pit_fundamental.change|pit_fundamental.disclosure_event,ABSENT,,False,4919,269842
cn_source::balance_sheet_report_em::LEND_FUND_YOY,balance_sheet_report_em,LEND_FUND_YOY,FUNDAMENTAL_CHANGE|DISCLOSURE_EVENT,STOCK_REPORT_PERIOD,REPORT_DATE,NOTICE_DATE,UPDATE_DATE,PIT_SAFE_CURRENT_SNAPSHOT_ONLY,balance_sheet_report_em.LEND_FUND_YOY,PIT_SIDECAR_REGISTERED_LAZY_NOT_MINUTE_EXPANDED,SLOW_TEMPORAL_CHANGE|DISCLOSURE_EVENT,NO_FORMAL_SEARCH_IN_THIS_TASK; SOURCE_UNIT_GLOSSARY_NOT_ASSERTED,fundamental_balance_sheet,double,NEXT_SESSION_AFTER_MAX_NOTICE_UPDATE,pit_fundamental.change|pit_fundamental.disclosure_event,ABSENT,,False,2284,272477
cn_source::balance_sheet_report_em::LIAB_BALANCE,balance_sheet_report_em,LIAB_BALANCE,FUNDAMENTAL_LEVEL|FUNDAMENTAL_CHANGE|DISCLOSURE_EVENT,STOCK_REPORT_PERIOD,REPORT_DATE,NOTICE_DATE,UPDATE_DATE,PIT_SAFE_CURRENT_SNAPSHOT_ONLY,balance_sheet_report_em.LIAB_BALANCE,PIT_SIDECAR_REGISTERED_LAZY_NOT_MINUTE_EXPANDED,SLOW_XS_LEVEL|SLOW_TEMPORAL_CHANGE|DISCLOSURE_EVENT,NO_FORMAL_SEARCH_IN_THIS_TASK; SOURCE_UNIT_GLOSSARY_NOT_ASSERTED,fundamental_balance_sheet,double,NEXT_SESSION_AFTER_MAX_NOTICE_UPDATE,pit_fundamental.level|pit_fundamental.change|pit_fundamental.disclosure_event,ABSENT,,False,229480,45281
cn_source::balance_sheet_report_em::LIAB_BALANCE_YOY,balance_sheet_report_em,LIAB_BALANCE_YOY,FUNDAMENTAL_CHANGE|DISCLOSURE_EVENT,STOCK_REPORT_PERIOD,REPORT_DATE,NOTICE_DATE,UPDATE_DATE,PIT_SAFE_CURRENT_SNAPSHOT_ONLY,balance_sheet_report_em.LIAB_BALANCE_YOY,PIT_SIDECAR_REGISTERED_LAZY_NOT_MINUTE_EXPANDED,SLOW_TEMPORAL_CHANGE|DISCLOSURE_EVENT,NO_FORMAL_SEARCH_IN_THIS_TASK; SOURCE_UNIT_GLOSSARY_NOT_ASSERTED,fundamental_balance_sheet,double,NEXT_SESSION_AFTER_MAX_NOTICE_UPDATE,pit_fundamental.change|pit_fundamental.disclosure_event,ABSENT,,False,699,274062
cn_source::balance_sheet_report_em::LIAB_EQUITY_BALANCE,balance_sheet_report_em,LIAB_EQUITY_BALANCE,FUNDAMENTAL_LEVEL|FUNDAMENTAL_CHANGE|DISCLOSURE_EVENT,STOCK_REPORT_PERIOD,REPORT_DATE,NOTICE_DATE,UPDATE_DATE,PIT_SAFE_CURRENT_SNAPSHOT_ONLY,balance_sheet_report_em.LIAB_EQUITY_BALANCE,PIT_SIDECAR_REGISTERED_LAZY_NOT_MINUTE_EXPANDED,SLOW_XS_LEVEL|SLOW_TEMPORAL_CHANGE|DISCLOSURE_EVENT,NO_FORMAL_SEARCH_IN_THIS_TASK; SOURCE_UNIT_GLOSSARY_NOT_ASSERTED,fundamental_balance_sheet,double,NEXT_SESSION_AFTER_MAX_NOTICE_UPDATE,pit_fundamental.level|pit_fundamental.change|pit_fundamental.disclosure_event,ABSENT,,False,36084,238677
cn_source::balance_sheet_report_em::LIAB_EQUITY_BALANCE_YOY,balance_sheet_report_em,LIAB_EQUITY_BALANCE_YOY,FUNDAMENTAL_CHANGE|DISCLOSURE_EVENT,STOCK_REPORT_PERIOD,REPORT_DATE,NOTICE_DATE,UPDATE_DATE,PIT_SAFE_CURRENT_SNAPSHOT_ONLY,balance_sheet_report_em.LIAB_EQUITY_BALANCE_YOY,PIT_SIDECAR_REGISTERED_LAZY_NOT_MINUTE_EXPANDED,SLOW_TEMPORAL_CHANGE|DISCLOSURE_EVENT,NO_FORMAL_SEARCH_IN_THIS_TASK; SOURCE_UNIT_GLOSSARY_NOT_ASSERTED,fundamental_balance_sheet,double,NEXT_SESSION_AFTER_MAX_NOTICE_UPDATE,pit_fundamental.change|pit_fundamental.disclosure_event,ABSENT,,False,990,273771
cn_source::balance_sheet_report_em::LIAB_EQUITY_OTHER,balance_sheet_report_em,LIAB_EQUITY_OTHER,FUNDAMENTAL_LEVEL|FUNDAMENTAL_CHANGE|DISCLOSURE_EVENT,STOCK_REPORT_PERIOD,REPORT_DATE,NOTICE_DATE,UPDATE_DATE,PIT_SAFE_CURRENT_SNAPSHOT_ONLY,balance_sheet_report_em.LIAB_EQUITY_OTHER,PIT_SIDECAR_REGISTERED_LAZY_NOT_MINUTE_EXPANDED,SLOW_XS_LEVEL|SLOW_TEMPORAL_CHANGE|DISCLOSURE_EVENT,NO_FORMAL_SEARCH_IN_THIS_TASK; SOURCE_UNIT_GLOSSARY_NOT_ASSERTED,fundamental_balance_sheet,double,NEXT_SESSION_AFTER_MAX_NOTICE_UPDATE,pit_fundamental.level|pit_fundamental.change|pit_fundamental.disclosure_event,ABSENT,,False,153,274608
cn_source::balance_sheet_report_em::LIAB_EQUITY_OTHER_YOY,balance_sheet_report_em,LIAB_EQUITY_OTHER_YOY,FUNDAMENTAL_CHANGE|DISCLOSURE_EVENT,STOCK_REPORT_PERIOD,REPORT_DATE,NOTICE_DATE,UPDATE_DATE,PIT_SAFE_CURRENT_SNAPSHOT_ONLY,balance_sheet_report_em.LIAB_EQUITY_OTHER_YOY,PIT_SIDECAR_REGISTERED_LAZY_NOT_MINUTE_EXPANDED,SLOW_TEMPORAL_CHANGE|DISCLOSURE_EVENT,NO_FORMAL_SEARCH_IN_THIS_TASK; SOURCE_UNIT_GLOSSARY_NOT_ASSERTED,fundamental_balance_sheet,double,NEXT_SESSION_AFTER_MAX_NOTICE_UPDATE,pit_fundamental.change|pit_fundamental.disclosure_event,ABSENT,,False,3,274758
cn_source::balance_sheet_report_em::LIAB_OTHER,balance_sheet_report_em,LIAB_OTHER,FUNDAMENTAL_LEVEL|FUNDAMENTAL_CHANGE|DISCLOSURE_EVENT,STOCK_REPORT_PERIOD,REPORT_DATE,NOTICE_DATE,UPDATE_DATE,PIT_SAFE_CURRENT_SNAPSHOT_ONLY,balance_sheet_report_em.LIAB_OTHER,PIT_SIDECAR_REGISTERED_LAZY_NOT_MINUTE_EXPANDED,SLOW_XS_LEVEL|SLOW_TEMPORAL_CHANGE|DISCLOSURE_EVENT,NO_FORMAL_SEARCH_IN_THIS_TASK; SOURCE_UNIT_GLOSSARY_NOT_ASSERTED,fundamental_balance_sheet,double,NEXT_SESSION_AFTER_MAX_NOTICE_UPDATE,pit_fundamental.level|pit_fundamental.change|pit_fundamental.disclosure_event,ABSENT,,False,26313,248448
cn_source::balance_sheet_report_em::LIAB_OTHER_YOY,balance_sheet_report_em,LIAB_OTHER_YOY,FUNDAMENTAL_CHANGE|DISCLOSURE_EVENT,STOCK_REPORT_PERIOD,REPORT_DATE,NOTICE_DATE,UPDATE_DATE,PIT_SAFE_CURRENT_SNAPSHOT_ONLY,balance_sheet_report_em.LIAB_OTHER_YOY,PIT_SIDECAR_REGISTERED_LAZY_NOT_MINUTE_EXPANDED,SLOW_TEMPORAL_CHANGE|DISCLOSURE_EVENT,NO_FORMAL_SEARCH_IN_THIS_TASK; SOURCE_UNIT_GLOSSARY_NOT_ASSERTED,fundamental_balance_sheet,double,NEXT_SESSION_AFTER_MAX_NOTICE_UPDATE,pit_fundamental.change|pit_fundamental.disclosure_event,ABSENT,,False,1633,273128
cn_source::balance_sheet_report_em::LISTING_STATE,balance_sheet_report_em,LISTING_STATE,METADATA_BLOCKED,STOCK_REPORT_PERIOD,REPORT_DATE,NOTICE_DATE,UPDATE_DATE,PIT_SAFE_CURRENT_SNAPSHOT_ONLY,balance_sheet_report_em.LISTING_STATE,SOURCE_METADATA_SIDECAR_ONLY,BLOCKED,METADATA_NOT_SEARCHABLE,fundamental_balance_sheet,string,NEXT_SESSION_AFTER_MAX_NOTICE_UPDATE,,ABSENT,,False,274761,0
cn_source::balance_sheet_report_em::LOAN_ADVANCE,balance_sheet_report_em,LOAN_ADVANCE,FUNDAMENTAL_LEVEL|FUNDAMENTAL_CHANGE|DISCLOSURE_EVENT,STOCK_REPORT_PERIOD,REPORT_DATE,NOTICE_DATE,UPDATE_DATE,PIT_SAFE_CURRENT_SNAPSHOT_ONLY,balance_sheet_report_em.LOAN_ADVANCE,PIT_SIDECAR_REGISTERED_LAZY_NOT_MINUTE_EXPANDED,SLOW_XS_LEVEL|SLOW_TEMPORAL_CHANGE|DISCLOSURE_EVENT,NO_FORMAL_SEARCH_IN_THIS_TASK; SOURCE_UNIT_GLOSSARY_NOT_ASSERTED,fundamental_balance_sheet,double,NEXT_SESSION_AFTER_MAX_NOTICE_UPDATE,pit_fundamental.level|pit_fundamental.change|pit_fundamental.disclosure_event,ABSENT,,False,9264,265497
cn_source::balance_sheet_report_em::LOAN_ADVANCE_YOY,balance_sheet_report_em,LOAN_ADVANCE_YOY,FUNDAMENTAL_CHANGE|DISCLOSURE_EVENT,STOCK_REPORT_PERIOD,REPORT_DATE,NOTICE_DATE,UPDATE_DATE,PIT_SAFE_CURRENT_SNAPSHOT_ONLY,balance_sheet_report_em.LOAN_ADVANCE_YOY,PIT_SIDECAR_REGISTERED_LAZY_NOT_MINUTE_EXPANDED,SLOW_TEMPORAL_CHANGE|DISCLOSURE_EVENT,NO_FORMAL_SEARCH_IN_THIS_TASK; SOURCE_UNIT_GLOSSARY_NOT_ASSERTED,fundamental_balance_sheet,double,NEXT_SESSION_AFTER_MAX_NOTICE_UPDATE,pit_fundamental.change|pit_fundamental.disclosure_event,ABSENT,,False,5271,269490
cn_source::balance_sheet_report_em::LOAN_PBC,balance_sheet_report_em,LOAN_PBC,FUNDAMENTAL_LEVEL|FUNDAMENTAL_CHANGE|DISCLOSURE_EVENT,STOCK_REPORT_PERIOD,REPORT_DATE,NOTICE_DATE,UPDATE_DATE,PIT_SAFE_CURRENT_SNAPSHOT_ONLY,balance_sheet_report_em.LOAN_PBC,PIT_SIDECAR_REGISTERED_LAZY_NOT_MINUTE_EXPANDED,SLOW_XS_LEVEL|SLOW_TEMPORAL_CHANGE|DISCLOSURE_EVENT,NO_FORMAL_SEARCH_IN_THIS_TASK; SOURCE_UNIT_GLOSSARY_NOT_ASSERTED,fundamental_balance_sheet,double,NEXT_SESSION_AFTER_MAX_NOTICE_UPDATE,pit_fundamental.level|pit_fundamental.change|pit_fundamental.disclosure_event,ABSENT,,False,4184,270577
cn_source::balance_sheet_report_em::LOAN_PBC_YOY,balance_sheet_report_em,LOAN_PBC_YOY,FUNDAMENTAL_CHANGE|DISCLOSURE_EVENT,STOCK_REPORT_PERIOD,REPORT_DATE,NOTICE_DATE,UPDATE_DATE,PIT_SAFE_CURRENT_SNAPSHOT_ONLY,balance_sheet_report_em.LOAN_PBC_YOY,PIT_SIDECAR_REGISTERED_LAZY_NOT_MINUTE_EXPANDED,SLOW_TEMPORAL_CHANGE|DISCLOSURE_EVENT,NO_FORMAL_SEARCH_IN_THIS_TASK; SOURCE_UNIT_GLOSSARY_NOT_ASSERTED,fundamental_balance_sheet,double,NEXT_SESSION_AFTER_MAX_NOTICE_UPDATE,pit_fundamental.change|pit_fundamental.disclosure_event,ABSENT,,False,1781,272980
cn_source::balance_sheet_report_em::LONG_EQUITY_INVEST,balance_sheet_report_em,LONG_EQUITY_INVEST,FUNDAMENTAL_LEVEL|FUNDAMENTAL_CHANGE|DISCLOSURE_EVENT,STOCK_REPORT_PERIOD,REPORT_DATE,NOTICE_DATE,UPDATE_DATE,PIT_SAFE_CURRENT_SNAPSHOT_ONLY,balance_sheet_report_em.LONG_EQUITY_INVEST,PIT_SIDECAR_REGISTERED_LAZY_NOT_MINUTE_EXPANDED,SLOW_XS_LEVEL|SLOW_TEMPORAL_CHANGE|DISCLOSURE_EVENT,NO_FORMAL_SEARCH_IN_THIS_TASK; SOURCE_UNIT_GLOSSARY_NOT_ASSERTED,fundamental_balance_sheet,double,NEXT_SESSION_AFTER_MAX_NOTICE_UPDATE,pit_fundamental.level|pit_fundamental.change|pit_fundamental.disclosure_event,ABSENT,,False,184459,90302
cn_source::balance_sheet_report_em::LONG_EQUITY_INVEST_YOY,balance_sheet_report_em,LONG_EQUITY_INVEST_YOY,FUNDAMENTAL_CHANGE|DISCLOSURE_EVENT,STOCK_REPORT_PERIOD,REPORT_DATE,NOTICE_DATE,UPDATE_DATE,PIT_SAFE_CURRENT_SNAPSHOT_ONLY,balance_sheet_report_em.LONG_EQUITY_INVEST_YOY,PIT_SIDECAR_REGISTERED_LAZY_NOT_MINUTE_EXPANDED,SLOW_TEMPORAL_CHANGE|DISCLOSURE_EVENT,NO_FORMAL_SEARCH_IN_THIS_TASK; SOURCE_UNIT_GLOSSARY_NOT_ASSERTED,fundamental_balance_sheet,double,NEXT_SESSION_AFTER_MAX_NOTICE_UPDATE,pit_fundamental.change|pit_fundamental.disclosure_event,ABSENT,,False,161180,113581
cn_source::balance_sheet_report_em::LONG_LOAN,balance_sheet_report_em,LONG_LOAN,FUNDAMENTAL_LEVEL|FUNDAMENTAL_CHANGE|DISCLOSURE_EVENT,STOCK_REPORT_PERIOD,REPORT_DATE,NOTICE_DATE,UPDATE_DATE,PIT_SAFE_CURRENT_SNAPSHOT_ONLY,balance_sheet_report_em.LONG_LOAN,PIT_SIDECAR_REGISTERED_LAZY_NOT_MINUTE_EXPANDED,SLOW_XS_LEVEL|SLOW_TEMPORAL_CHANGE|DISCLOSURE_EVENT,NO_FORMAL_SEARCH_IN_THIS_TASK; SOURCE_UNIT_GLOSSARY_NOT_ASSERTED,fundamental_balance_sheet,double,NEXT_SESSION_AFTER_MAX_NOTICE_UPDATE,pit_fundamental.level|pit_fundamental.change|pit_fundamental.disclosure_event,ABSENT,,False,148915,125846
cn_source::balance_sheet_report_em::LONG_LOAN_YOY,balance_sheet_report_em,LONG_LOAN_YOY,FUNDAMENTAL_CHANGE|DISCLOSURE_EVENT,STOCK_REPORT_PERIOD,REPORT_DATE,NOTICE_DATE,UPDATE_DATE,PIT_SAFE_CURRENT_SNAPSHOT_ONLY,balance_sheet_report_em.LONG_LOAN_YOY,PIT_SIDECAR_REGISTERED_LAZY_NOT_MINUTE_EXPANDED,SLOW_TEMPORAL_CHANGE|DISCLOSURE_EVENT,NO_FORMAL_SEARCH_IN_THIS_TASK; SOURCE_UNIT_GLOSSARY_NOT_ASSERTED,fundamental_balance_sheet,double,NEXT_SESSION_AFTER_MAX_NOTICE_UPDATE,pit_fundamental.change|pit_fundamental.disclosure_event,ABSENT,,False,118949,155812
cn_source::balance_sheet_report_em::LONG_PAYABLE,balance_sheet_report_em,LONG_PAYABLE,FUNDAMENTAL_LEVEL|FUNDAMENTAL_CHANGE|DISCLOSURE_EVENT,STOCK_REPORT_PERIOD,REPORT_DATE,NOTICE_DATE,UPDATE_DATE,PIT_SAFE_CURRENT_SNAPSHOT_ONLY,balance_sheet_report_em.LONG_PAYABLE,PIT_SIDECAR_REGISTERED_LAZY_NOT_MINUTE_EXPANDED,SLOW_XS_LEVEL|SLOW_TEMPORAL_CHANGE|DISCLOSURE_EVENT,NO_FORMAL_SEARCH_IN_THIS_TASK; SOURCE_UNIT_GLOSSARY_NOT_ASSERTED,fundamental_balance_sheet,double,NEXT_SESSION_AFTER_MAX_NOTICE_UPDATE,pit_fundamental.level|pit_fundamental.change|pit_fundamental.disclosure_event,ABSENT,,False,82653,192108
cn_source::balance_sheet_report_em::LONG_PAYABLE_YOY,balance_sheet_report_em,LONG_PAYABLE_YOY,FUNDAMENTAL_CHANGE|DISCLOSURE_EVENT,STOCK_REPORT_PERIOD,REPORT_DATE,NOTICE_DATE,UPDATE_DATE,PIT_SAFE_CURRENT_SNAPSHOT_ONLY,balance_sheet_report_em.LONG_PAYABLE_YOY,PIT_SIDECAR_REGISTERED_LAZY_NOT_MINUTE_EXPANDED,SLOW_TEMPORAL_CHANGE|DISCLOSURE_EVENT,NO_FORMAL_SEARCH_IN_THIS_TASK; SOURCE_UNIT_GLOSSARY_NOT_ASSERTED,fundamental_balance_sheet,double,NEXT_SESSION_AFTER_MAX_NOTICE_UPDATE,pit_fundamental.change|pit_fundamental.disclosure_event,ABSENT,,False,62219,212542
cn_source::balance_sheet_report_em::LONG_PREPAID_EXPENSE,balance_sheet_report_em,LONG_PREPAID_EXPENSE,FUNDAMENTAL_LEVEL|FUNDAMENTAL_CHANGE|DISCLOSURE_EVENT,STOCK_REPORT_PERIOD,REPORT_DATE,NOTICE_DATE,UPDATE_DATE,PIT_SAFE_CURRENT_SNAPSHOT_ONLY,balance_sheet_report_em.LONG_PREPAID_EXPENSE,PIT_SIDECAR_REGISTERED_LAZY_NOT_MINUTE_EXPANDED,SLOW_XS_LEVEL|SLOW_TEMPORAL_CHANGE|DISCLOSURE_EVENT,NO_FORMAL_SEARCH_IN_THIS_TASK; SOURCE_UNIT_GLOSSARY_NOT_ASSERTED,fundamental_balance_sheet,double,NEXT_SESSION_AFTER_MAX_NOTICE_UPDATE,pit_fundamental.level|pit_fundamental.change|pit_fundamental.disclosure_event,ABSENT,,False,209806,64955
cn_source::balance_sheet_report_em::LONG_PREPAID_EXPENSE_YOY,balance_sheet_report_em,LONG_PREPAID_EXPENSE_YOY,FUNDAMENTAL_CHANGE|DISCLOSURE_EVENT,STOCK_REPORT_PERIOD,REPORT_DATE,NOTICE_DATE,UPDATE_DATE,PIT_SAFE_CURRENT_SNAPSHOT_ONLY,balance_sheet_report_em.LONG_PREPAID_EXPENSE_YOY,PIT_SIDECAR_REGISTERED_LAZY_NOT_MINUTE_EXPANDED,SLOW_TEMPORAL_CHANGE|DISCLOSURE_EVENT,NO_FORMAL_SEARCH_IN_THIS_TASK; SOURCE_UNIT_GLOSSARY_NOT_ASSERTED,fundamental_balance_sheet,double,NEXT_SESSION_AFTER_MAX_NOTICE_UPDATE,pit_fundamental.change|pit_fundamental.disclosure_event,ABSENT,,False,182405,92356
cn_source::balance_sheet_report_em::LONG_RECE,balance_sheet_report_em,LONG_RECE,FUNDAMENTAL_LEVEL|FUNDAMENTAL_CHANGE|DISCLOSURE_EVENT,STOCK_REPORT_PERIOD,REPORT_DATE,NOTICE_DATE,UPDATE_DATE,PIT_SAFE_CURRENT_SNAPSHOT_ONLY,balance_sheet_report_em.LONG_RECE,PIT_SIDECAR_REGISTERED_LAZY_NOT_MINUTE_EXPANDED,SLOW_XS_LEVEL|SLOW_TEMPORAL_CHANGE|DISCLOSURE_EVENT,NO_FORMAL_SEARCH_IN_THIS_TASK; SOURCE_UNIT_GLOSSARY_NOT_ASSERTED,fundamental_balance_sheet,double,NEXT_SESSION_AFTER_MAX_NOTICE_UPDATE,pit_fundamental.level|pit_fundamental.change|pit_fundamental.disclosure_event,ABSENT,,False,41540,233221
cn_source::balance_sheet_report_em::LONG_RECE_YOY,balance_sheet_report_em,LONG_RECE_YOY,FUNDAMENTAL_CHANGE|DISCLOSURE_EVENT,STOCK_REPORT_PERIOD,REPORT_DATE,NOTICE_DATE,UPDATE_DATE,PIT_SAFE_CURRENT_SNAPSHOT_ONLY,balance_sheet_report_em.LONG_RECE_YOY,PIT_SIDECAR_REGISTERED_LAZY_NOT_MINUTE_EXPANDED,SLOW_TEMPORAL_CHANGE|DISCLOSURE_EVENT,NO_FORMAL_SEARCH_IN_THIS_TASK; SOURCE_UNIT_GLOSSARY_NOT_ASSERTED,fundamental_balance_sheet,double,NEXT_SESSION_AFTER_MAX_NOTICE_UPDATE,pit_fundamental.change|pit_fundamental.disclosure_event,ABSENT,,False,29349,245412
cn_source::balance_sheet_report_em::LONG_STAFFSALARY_PAYABLE,balance_sheet_report_em,LONG_STAFFSALARY_PAYABLE,FUNDAMENTAL_LEVEL|FUNDAMENTAL_CHANGE|DISCLOSURE_EVENT,STOCK_REPORT_PERIOD,REPORT_DATE,NOTICE_DATE,UPDATE_DATE,PIT_SAFE_CURRENT_SNAPSHOT_ONLY,balance_sheet_report_em.LONG_STAFFSALARY_PAYABLE,PIT_SIDECAR_REGISTERED_LAZY_NOT_MINUTE_EXPANDED,SLOW_XS_LEVEL|SLOW_TEMPORAL_CHANGE|DISCLOSURE_EVENT,NO_FORMAL_SEARCH_IN_THIS_TASK; SOURCE_UNIT_GLOSSARY_NOT_ASSERTED,fundamental_balance_sheet,double,NEXT_SESSION_AFTER_MAX_NOTICE_UPDATE,pit_fundamental.level|pit_fundamental.change|pit_fundamental.disclosure_event,ABSENT,,False,28669,246092
cn_source::balance_sheet_report_em::LONG_STAFFSALARY_PAYABLE_YOY,balance_sheet_report_em,LONG_STAFFSALARY_PAYABLE_YOY,FUNDAMENTAL_CHANGE|DISCLOSURE_EVENT,STOCK_REPORT_PERIOD,REPORT_DATE,NOTICE_DATE,UPDATE_DATE,PIT_SAFE_CURRENT_SNAPSHOT_ONLY,balance_sheet_report_em.LONG_STAFFSALARY_PAYABLE_YOY,PIT_SIDECAR_REGISTERED_LAZY_NOT_MINUTE_EXPANDED,SLOW_TEMPORAL_CHANGE|DISCLOSURE_EVENT,NO_FORMAL_SEARCH_IN_THIS_TASK; SOURCE_UNIT_GLOSSARY_NOT_ASSERTED,fundamental_balance_sheet,double,NEXT_SESSION_AFTER_MAX_NOTICE_UPDATE,pit_fundamental.change|pit_fundamental.disclosure_event,ABSENT,,False,16589,258172
cn_source::balance_sheet_report_em::MINORITY_EQUITY,balance_sheet_report_em,MINORITY_EQUITY,FUNDAMENTAL_LEVEL|FUNDAMENTAL_CHANGE|DISCLOSURE_EVENT,STOCK_REPORT_PERIOD,REPORT_DATE,NOTICE_DATE,UPDATE_DATE,PIT_SAFE_CURRENT_SNAPSHOT_ONLY,balance_sheet_report_em.MINORITY_EQUITY,PIT_SIDECAR_REGISTERED_LAZY_NOT_MINUTE_EXPANDED,SLOW_XS_LEVEL|SLOW_TEMPORAL_CHANGE|DISCLOSURE_EVENT,NO_FORMAL_SEARCH_IN_THIS_TASK; SOURCE_UNIT_GLOSSARY_NOT_ASSERTED,fundamental_balance_sheet,double,NEXT_SESSION_AFTER_MAX_NOTICE_UPDATE,pit_fundamental.level|pit_fundamental.change|pit_fundamental.disclosure_event,ABSENT,,False,208665,66096
cn_source::balance_sheet_report_em::MINORITY_EQUITY_YOY,balance_sheet_report_em,MINORITY_EQUITY_YOY,FUNDAMENTAL_CHANGE|DISCLOSURE_EVENT,STOCK_REPORT_PERIOD,REPORT_DATE,NOTICE_DATE,UPDATE_DATE,PIT_SAFE_CURRENT_SNAPSHOT_ONLY,balance_sheet_report_em.MINORITY_EQUITY_YOY,PIT_SIDECAR_REGISTERED_LAZY_NOT_MINUTE_EXPANDED,SLOW_TEMPORAL_CHANGE|DISCLOSURE_EVENT,NO_FORMAL_SEARCH_IN_THIS_TASK; SOURCE_UNIT_GLOSSARY_NOT_ASSERTED,fundamental_balance_sheet,double,NEXT_SESSION_AFTER_MAX_NOTICE_UPDATE,pit_fundamental.change|pit_fundamental.disclosure_event,ABSENT,,False,185685,89076
cn_source::balance_sheet_report_em::MONETARYFUNDS,balance_sheet_report_em,MONETARYFUNDS,FUNDAMENTAL_LEVEL|FUNDAMENTAL_CHANGE|DISCLOSURE_EVENT,STOCK_REPORT_PERIOD,REPORT_DATE,NOTICE_DATE,UPDATE_DATE,PIT_SAFE_CURRENT_SNAPSHOT_ONLY,balance_sheet_report_em.MONETARYFUNDS,PIT_SIDECAR_REGISTERED_LAZY_NOT_MINUTE_EXPANDED,SLOW_XS_LEVEL|SLOW_TEMPORAL_CHANGE|DISCLOSURE_EVENT,NO_FORMAL_SEARCH_IN_THIS_TASK; SOURCE_UNIT_GLOSSARY_NOT_ASSERTED,fundamental_balance_sheet,double,NEXT_SESSION_AFTER_MAX_NOTICE_UPDATE,pit_fundamental.level|pit_fundamental.change|pit_fundamental.disclosure_event,ABSENT,,False,268743,6018
cn_source::balance_sheet_report_em::MONETARYFUNDS_YOY,balance_sheet_report_em,MONETARYFUNDS_YOY,FUNDAMENTAL_CHANGE|DISCLOSURE_EVENT,STOCK_REPORT_PERIOD,REPORT_DATE,NOTICE_DATE,UPDATE_DATE,PIT_SAFE_CURRENT_SNAPSHOT_ONLY,balance_sheet_report_em.MONETARYFUNDS_YOY,PIT_SIDECAR_REGISTERED_LAZY_NOT_MINUTE_EXPANDED,SLOW_TEMPORAL_CHANGE|DISCLOSURE_EVENT,NO_FORMAL_SEARCH_IN_THIS_TASK; SOURCE_UNIT_GLOSSARY_NOT_ASSERTED,fundamental_balance_sheet,double,NEXT_SESSION_AFTER_MAX_NOTICE_UPDATE,pit_fundamental.change|pit_fundamental.disclosure_event,ABSENT,,False,246753,28008
cn_source::balance_sheet_report_em::MORTGAGE_ASSET_IMPAIRMENT,balance_sheet_report_em,MORTGAGE_ASSET_IMPAIRMENT,FUNDAMENTAL_LEVEL|FUNDAMENTAL_CHANGE|DISCLOSURE_EVENT,STOCK_REPORT_PERIOD,REPORT_DATE,NOTICE_DATE,UPDATE_DATE,PIT_SAFE_CURRENT_SNAPSHOT_ONLY,balance_sheet_report_em.MORTGAGE_ASSET_IMPAIRMENT,PIT_SIDECAR_REGISTERED_LAZY_NOT_MINUTE_EXPANDED,SLOW_XS_LEVEL|SLOW_TEMPORAL_CHANGE|DISCLOSURE_EVENT,NO_FORMAL_SEARCH_IN_THIS_TASK; SOURCE_UNIT_GLOSSARY_NOT_ASSERTED,fundamental_balance_sheet,double,NEXT_SESSION_AFTER_MAX_NOTICE_UPDATE,pit_fundamental.level|pit_fundamental.change|pit_fundamental.disclosure_event,ABSENT,,False,69,274692
cn_source::balance_sheet_report_em::MORTGAGE_ASSET_IMPAIRMENT_YOY,balance_sheet_report_em,MORTGAGE_ASSET_IMPAIRMENT_YOY,FUNDAMENTAL_CHANGE|DISCLOSURE_EVENT,STOCK_REPORT_PERIOD,REPORT_DATE,NOTICE_DATE,UPDATE_DATE,PIT_SAFE_CURRENT_SNAPSHOT_ONLY,balance_sheet_report_em.MORTGAGE_ASSET_IMPAIRMENT_YOY,PIT_SIDECAR_REGISTERED_LAZY_NOT_MINUTE_EXPANDED,SLOW_TEMPORAL_CHANGE|DISCLOSURE_EVENT,NO_FORMAL_SEARCH_IN_THIS_TASK; SOURCE_UNIT_GLOSSARY_NOT_ASSERTED,fundamental_balance_sheet,double,NEXT_SESSION_AFTER_MAX_NOTICE_UPDATE,pit_fundamental.change|pit_fundamental.disclosure_event,ABSENT,,False,6,274755
cn_source::balance_sheet_report_em::NET_PENDMORTGAGE_ASSET,balance_sheet_report_em,NET_PENDMORTGAGE_ASSET,FUNDAMENTAL_LEVEL|FUNDAMENTAL_CHANGE|DISCLOSURE_EVENT,STOCK_REPORT_PERIOD,REPORT_DATE,NOTICE_DATE,UPDATE_DATE,PIT_SAFE_CURRENT_SNAPSHOT_ONLY,balance_sheet_report_em.NET_PENDMORTGAGE_ASSET,PIT_SIDECAR_REGISTERED_LAZY_NOT_MINUTE_EXPANDED,SLOW_XS_LEVEL|SLOW_TEMPORAL_CHANGE|DISCLOSURE_EVENT,NO_FORMAL_SEARCH_IN_THIS_TASK; SOURCE_UNIT_GLOSSARY_NOT_ASSERTED,fundamental_balance_sheet,double,NEXT_SESSION_AFTER_MAX_NOTICE_UPDATE,pit_fundamental.level|pit_fundamental.change|pit_fundamental.disclosure_event,ABSENT,,False,106,274655
cn_source::balance_sheet_report_em::NET_PENDMORTGAGE_ASSET_YOY,balance_sheet_report_em,NET_PENDMORTGAGE_ASSET_YOY,FUNDAMENTAL_CHANGE|DISCLOSURE_EVENT,STOCK_REPORT_PERIOD,REPORT_DATE,NOTICE_DATE,UPDATE_DATE,PIT_SAFE_CURRENT_SNAPSHOT_ONLY,balance_sheet_report_em.NET_PENDMORTGAGE_ASSET_YOY,PIT_SIDECAR_REGISTERED_LAZY_NOT_MINUTE_EXPANDED,SLOW_TEMPORAL_CHANGE|DISCLOSURE_EVENT,NO_FORMAL_SEARCH_IN_THIS_TASK; SOURCE_UNIT_GLOSSARY_NOT_ASSERTED,fundamental_balance_sheet,double,NEXT_SESSION_AFTER_MAX_NOTICE_UPDATE,pit_fundamental.change|pit_fundamental.disclosure_event,ABSENT,,False,31,274730
cn_source::balance_sheet_report_em::NONCURRENT_ASSET_1YEAR,balance_sheet_report_em,NONCURRENT_ASSET_1YEAR,FUNDAMENTAL_LEVEL|FUNDAMENTAL_CHANGE|DISCLOSURE_EVENT,STOCK_REPORT_PERIOD,REPORT_DATE,NOTICE_DATE,UPDATE_DATE,PIT_SAFE_CURRENT_SNAPSHOT_ONLY,balance_sheet_report_em.NONCURRENT_ASSET_1YEAR,PIT_SIDECAR_REGISTERED_LAZY_NOT_MINUTE_EXPANDED,SLOW_XS_LEVEL|SLOW_TEMPORAL_CHANGE|DISCLOSURE_EVENT,NO_FORMAL_SEARCH_IN_THIS_TASK; SOURCE_UNIT_GLOSSARY_NOT_ASSERTED,fundamental_balance_sheet,double,NEXT_SESSION_AFTER_MAX_NOTICE_UPDATE,pit_fundamental.level|pit_fundamental.change|pit_fundamental.disclosure_event,ABSENT,,False,37033,237728
cn_source::balance_sheet_report_em::NONCURRENT_ASSET_1YEAR_YOY,balance_sheet_report_em,NONCURRENT_ASSET_1YEAR_YOY,FUNDAMENTAL_CHANGE|DISCLOSURE_EVENT,STOCK_REPORT_PERIOD,REPORT_DATE,NOTICE_DATE,UPDATE_DATE,PIT_SAFE_CURRENT_SNAPSHOT_ONLY,balance_sheet_report_em.NONCURRENT_ASSET_1YEAR_YOY,PIT_SIDECAR_REGISTERED_LAZY_NOT_MINUTE_EXPANDED,SLOW_TEMPORAL_CHANGE|DISCLOSURE_EVENT,NO_FORMAL_SEARCH_IN_THIS_TASK; SOURCE_UNIT_GLOSSARY_NOT_ASSERTED,fundamental_balance_sheet,double,NEXT_SESSION_AFTER_MAX_NOTICE_UPDATE,pit_fundamental.change|pit_fundamental.disclosure_event,ABSENT,,False,21473,253288
cn_source::balance_sheet_report_em::NONCURRENT_ASSET_BALANCE,balance_sheet_report_em,NONCURRENT_ASSET_BALANCE,FUNDAMENTAL_LEVEL|FUNDAMENTAL_CHANGE|DISCLOSURE_EVENT,STOCK_REPORT_PERIOD,REPORT_DATE,NOTICE_DATE,UPDATE_DATE,PIT_SAFE_CURRENT_SNAPSHOT_ONLY,balance_sheet_report_em.NONCURRENT_ASSET_BALANCE,PIT_SIDECAR_REGISTERED_LAZY_NOT_MINUTE_EXPANDED,SLOW_XS_LEVEL|SLOW_TEMPORAL_CHANGE|DISCLOSURE_EVENT,NO_FORMAL_SEARCH_IN_THIS_TASK; SOURCE_UNIT_GLOSSARY_NOT_ASSERTED,fundamental_balance_sheet,double,NEXT_SESSION_AFTER_MAX_NOTICE_UPDATE,pit_fundamental.level|pit_fundamental.change|pit_fundamental.disclosure_event,ABSENT,,False,224532,50229
cn_source::balance_sheet_report_em::NONCURRENT_ASSET_BALANCE_YOY,balance_sheet_report_em,NONCURRENT_ASSET_BALANCE_YOY,FUNDAMENTAL_CHANGE|DISCLOSURE_EVENT,STOCK_REPORT_PERIOD,REPORT_DATE,NOTICE_DATE,UPDATE_DATE,PIT_SAFE_CURRENT_SNAPSHOT_ONLY,balance_sheet_report_em.NONCURRENT_ASSET_BALANCE_YOY,PIT_SIDECAR_REGISTERED_LAZY_NOT_MINUTE_EXPANDED,SLOW_TEMPORAL_CHANGE|DISCLOSURE_EVENT,NO_FORMAL_SEARCH_IN_THIS_TASK; SOURCE_UNIT_GLOSSARY_NOT_ASSERTED,fundamental_balance_sheet,double,NEXT_SESSION_AFTER_MAX_NOTICE_UPDATE,pit_fundamental.change|pit_fundamental.disclosure_event,ABSENT,,False,15131,259630
cn_source::balance_sheet_report_em::NONCURRENT_ASSET_OTHER,balance_sheet_report_em,NONCURRENT_ASSET_OTHER,FUNDAMENTAL_LEVEL|FUNDAMENTAL_CHANGE|DISCLOSURE_EVENT,STOCK_REPORT_PERIOD,REPORT_DATE,NOTICE_DATE,UPDATE_DATE,PIT_SAFE_CURRENT_SNAPSHOT_ONLY,balance_sheet_report_em.NONCURRENT_ASSET_OTHER,PIT_SIDECAR_REGISTERED_LAZY_NOT_MINUTE_EXPANDED,SLOW_XS_LEVEL|SLOW_TEMPORAL_CHANGE|DISCLOSURE_EVENT,NO_FORMAL_SEARCH_IN_THIS_TASK; SOURCE_UNIT_GLOSSARY_NOT_ASSERTED,fundamental_balance_sheet,double,NEXT_SESSION_AFTER_MAX_NOTICE_UPDATE,pit_fundamental.level|pit_fundamental.change|pit_fundamental.disclosure_event,ABSENT,,False,38346,236415
cn_source::balance_sheet_report_em::NONCURRENT_ASSET_OTHER_YOY,balance_sheet_report_em,NONCURRENT_ASSET_OTHER_YOY,FUNDAMENTAL_CHANGE|DISCLOSURE_EVENT,STOCK_REPORT_PERIOD,REPORT_DATE,NOTICE_DATE,UPDATE_DATE,PIT_SAFE_CURRENT_SNAPSHOT_ONLY,balance_sheet_report_em.NONCURRENT_ASSET_OTHER_YOY,PIT_SIDECAR_REGISTERED_LAZY_NOT_MINUTE_EXPANDED,SLOW_TEMPORAL_CHANGE|DISCLOSURE_EVENT,NO_FORMAL_SEARCH_IN_THIS_TASK; SOURCE_UNIT_GLOSSARY_NOT_ASSERTED,fundamental_balance_sheet,double,NEXT_SESSION_AFTER_MAX_NOTICE_UPDATE,pit_fundamental.change|pit_fundamental.disclosure_event,ABSENT,,False,578,274183
cn_source::balance_sheet_report_em::NONCURRENT_LIAB_1YEAR,balance_sheet_report_em,NONCURRENT_LIAB_1YEAR,FUNDAMENTAL_LEVEL|FUNDAMENTAL_CHANGE|DISCLOSURE_EVENT,STOCK_REPORT_PERIOD,REPORT_DATE,NOTICE_DATE,UPDATE_DATE,PIT_SAFE_CURRENT_SNAPSHOT_ONLY,balance_sheet_report_em.NONCURRENT_LIAB_1YEAR,PIT_SIDECAR_REGISTERED_LAZY_NOT_MINUTE_EXPANDED,SLOW_XS_LEVEL|SLOW_TEMPORAL_CHANGE|DISCLOSURE_EVENT,NO_FORMAL_SEARCH_IN_THIS_TASK; SOURCE_UNIT_GLOSSARY_NOT_ASSERTED,fundamental_balance_sheet,double,NEXT_SESSION_AFTER_MAX_NOTICE_UPDATE,pit_fundamental.level|pit_fundamental.change|pit_fundamental.disclosure_event,ABSENT,,False,154797,119964
cn_source::balance_sheet_report_em::NONCURRENT_LIAB_1YEAR_YOY,balance_sheet_report_em,NONCURRENT_LIAB_1YEAR_YOY,FUNDAMENTAL_CHANGE|DISCLOSURE_EVENT,STOCK_REPORT_PERIOD,REPORT_DATE,NOTICE_DATE,UPDATE_DATE,PIT_SAFE_CURRENT_SNAPSHOT_ONLY,balance_sheet_report_em.NONCURRENT_LIAB_1YEAR_YOY,PIT_SIDECAR_REGISTERED_LAZY_NOT_MINUTE_EXPANDED,SLOW_TEMPORAL_CHANGE|DISCLOSURE_EVENT,NO_FORMAL_SEARCH_IN_THIS_TASK; SOURCE_UNIT_GLOSSARY_NOT_ASSERTED,fundamental_balance_sheet,double,NEXT_SESSION_AFTER_MAX_NOTICE_UPDATE,pit_fundamental.change|pit_fundamental.disclosure_event,ABSENT,,False,118947,155814
cn_source::balance_sheet_report_em::NONCURRENT_LIAB_BALANCE,balance_sheet_report_em,NONCURRENT_LIAB_BALANCE,FUNDAMENTAL_LEVEL|FUNDAMENTAL_CHANGE|DISCLOSURE_EVENT,STOCK_REPORT_PERIOD,REPORT_DATE,NOTICE_DATE,UPDATE_DATE,PIT_SAFE_CURRENT_SNAPSHOT_ONLY,balance_sheet_report_em.NONCURRENT_LIAB_BALANCE,PIT_SIDECAR_REGISTERED_LAZY_NOT_MINUTE_EXPANDED,SLOW_XS_LEVEL|SLOW_TEMPORAL_CHANGE|DISCLOSURE_EVENT,NO_FORMAL_SEARCH_IN_THIS_TASK; SOURCE_UNIT_GLOSSARY_NOT_ASSERTED,fundamental_balance_sheet,double,NEXT_SESSION_AFTER_MAX_NOTICE_UPDATE,pit_fundamental.level|pit_fundamental.change|pit_fundamental.disclosure_event,ABSENT,,False,214281,60480
cn_source::balance_sheet_report_em::NONCURRENT_LIAB_BALANCE_YOY,balance_sheet_report_em,NONCURRENT_LIAB_BALANCE_YOY,FUNDAMENTAL_CHANGE|DISCLOSURE_EVENT,STOCK_REPORT_PERIOD,REPORT_DATE,NOTICE_DATE,UPDATE_DATE,PIT_SAFE_CURRENT_SNAPSHOT_ONLY,balance_sheet_report_em.NONCURRENT_LIAB_BALANCE_YOY,PIT_SIDECAR_REGISTERED_LAZY_NOT_MINUTE_EXPANDED,SLOW_TEMPORAL_CHANGE|DISCLOSURE_EVENT,NO_FORMAL_SEARCH_IN_THIS_TASK; SOURCE_UNIT_GLOSSARY_NOT_ASSERTED,fundamental_balance_sheet,double,NEXT_SESSION_AFTER_MAX_NOTICE_UPDATE,pit_fundamental.change|pit_fundamental.disclosure_event,ABSENT,,False,3897,270864
cn_source::balance_sheet_report_em::NONCURRENT_LIAB_OTHER,balance_sheet_report_em,NONCURRENT_LIAB_OTHER,FUNDAMENTAL_LEVEL|FUNDAMENTAL_CHANGE|DISCLOSURE_EVENT,STOCK_REPORT_PERIOD,REPORT_DATE,NOTICE_DATE,UPDATE_DATE,PIT_SAFE_CURRENT_SNAPSHOT_ONLY,balance_sheet_report_em.NONCURRENT_LIAB_OTHER,PIT_SIDECAR_REGISTERED_LAZY_NOT_MINUTE_EXPANDED,SLOW_XS_LEVEL|SLOW_TEMPORAL_CHANGE|DISCLOSURE_EVENT,NO_FORMAL_SEARCH_IN_THIS_TASK; SOURCE_UNIT_GLOSSARY_NOT_ASSERTED,fundamental_balance_sheet,double,NEXT_SESSION_AFTER_MAX_NOTICE_UPDATE,pit_fundamental.level|pit_fundamental.change|pit_fundamental.disclosure_event,ABSENT,,False,37800,236961
cn_source::balance_sheet_report_em::NONCURRENT_LIAB_OTHER_YOY,balance_sheet_report_em,NONCURRENT_LIAB_OTHER_YOY,FUNDAMENTAL_CHANGE|DISCLOSURE_EVENT,STOCK_REPORT_PERIOD,REPORT_DATE,NOTICE_DATE,UPDATE_DATE,PIT_SAFE_CURRENT_SNAPSHOT_ONLY,balance_sheet_report_em.NONCURRENT_LIAB_OTHER_YOY,PIT_SIDECAR_REGISTERED_LAZY_NOT_MINUTE_EXPANDED,SLOW_TEMPORAL_CHANGE|DISCLOSURE_EVENT,NO_FORMAL_SEARCH_IN_THIS_TASK; SOURCE_UNIT_GLOSSARY_NOT_ASSERTED,fundamental_balance_sheet,double,NEXT_SESSION_AFTER_MAX_NOTICE_UPDATE,pit_fundamental.change|pit_fundamental.disclosure_event,ABSENT,,False,571,274190
cn_source::balance_sheet_report_em::NOTE_ACCOUNTS_PAYABLE,balance_sheet_report_em,NOTE_ACCOUNTS_PAYABLE,FUNDAMENTAL_LEVEL|FUNDAMENTAL_CHANGE|DISCLOSURE_EVENT,STOCK_REPORT_PERIOD,REPORT_DATE,NOTICE_DATE,UPDATE_DATE,PIT_SAFE_CURRENT_SNAPSHOT_ONLY,balance_sheet_report_em.NOTE_ACCOUNTS_PAYABLE,PIT_SIDECAR_REGISTERED_LAZY_NOT_MINUTE_EXPANDED,SLOW_XS_LEVEL|SLOW_TEMPORAL_CHANGE|DISCLOSURE_EVENT,NO_FORMAL_SEARCH_IN_THIS_TASK; SOURCE_UNIT_GLOSSARY_NOT_ASSERTED,fundamental_balance_sheet,double,NEXT_SESSION_AFTER_MAX_NOTICE_UPDATE,pit_fundamental.level|pit_fundamental.change|pit_fundamental.disclosure_event,ABSENT,,False,264774,9987
cn_source::balance_sheet_report_em::NOTE_ACCOUNTS_PAYABLE_YOY,balance_sheet_report_em,NOTE_ACCOUNTS_PAYABLE_YOY,FUNDAMENTAL_CHANGE|DISCLOSURE_EVENT,STOCK_REPORT_PERIOD,REPORT_DATE,NOTICE_DATE,UPDATE_DATE,PIT_SAFE_CURRENT_SNAPSHOT_ONLY,balance_sheet_report_em.NOTE_ACCOUNTS_PAYABLE_YOY,PIT_SIDECAR_REGISTERED_LAZY_NOT_MINUTE_EXPANDED,SLOW_TEMPORAL_CHANGE|DISCLOSURE_EVENT,NO_FORMAL_SEARCH_IN_THIS_TASK; SOURCE_UNIT_GLOSSARY_NOT_ASSERTED,fundamental_balance_sheet,double,NEXT_SESSION_AFTER_MAX_NOTICE_UPDATE,pit_fundamental.change|pit_fundamental.disclosure_event,ABSENT,,False,242599,32162
cn_source::balance_sheet_report_em::NOTE_ACCOUNTS_RECE,balance_sheet_report_em,NOTE_ACCOUNTS_RECE,FUNDAMENTAL_LEVEL|FUNDAMENTAL_CHANGE|DISCLOSURE_EVENT,STOCK_REPORT_PERIOD,REPORT_DATE,NOTICE_DATE,UPDATE_DATE,PIT_SAFE_CURRENT_SNAPSHOT_ONLY,balance_sheet_report_em.NOTE_ACCOUNTS_RECE,PIT_SIDECAR_REGISTERED_LAZY_NOT_MINUTE_EXPANDED,SLOW_XS_LEVEL|SLOW_TEMPORAL_CHANGE|DISCLOSURE_EVENT,NO_FORMAL_SEARCH_IN_THIS_TASK; SOURCE_UNIT_GLOSSARY_NOT_ASSERTED,fundamental_balance_sheet,double,NEXT_SESSION_AFTER_MAX_NOTICE_UPDATE,pit_fundamental.level|pit_fundamental.change|pit_fundamental.disclosure_event,ABSENT,,False,262311,12450
cn_source::balance_sheet_report_em::NOTE_ACCOUNTS_RECE_YOY,balance_sheet_report_em,NOTE_ACCOUNTS_RECE_YOY,FUNDAMENTAL_CHANGE|DISCLOSURE_EVENT,STOCK_REPORT_PERIOD,REPORT_DATE,NOTICE_DATE,UPDATE_DATE,PIT_SAFE_CURRENT_SNAPSHOT_ONLY,balance_sheet_report_em.NOTE_ACCOUNTS_RECE_YOY,PIT_SIDECAR_REGISTERED_LAZY_NOT_MINUTE_EXPANDED,SLOW_TEMPORAL_CHANGE|DISCLOSURE_EVENT,NO_FORMAL_SEARCH_IN_THIS_TASK; SOURCE_UNIT_GLOSSARY_NOT_ASSERTED,fundamental_balance_sheet,double,NEXT_SESSION_AFTER_MAX_NOTICE_UPDATE,pit_fundamental.change|pit_fundamental.disclosure_event,ABSENT,,False,239042,35719
cn_source::balance_sheet_report_em::NOTE_PAYABLE,balance_sheet_report_em,NOTE_PAYABLE,FUNDAMENTAL_LEVEL|FUNDAMENTAL_CHANGE|DISCLOSURE_EVENT,STOCK_REPORT_PERIOD,REPORT_DATE,NOTICE_DATE,UPDATE_DATE,PIT_SAFE_CURRENT_SNAPSHOT_ONLY,balance_sheet_report_em.NOTE_PAYABLE,PIT_SIDECAR_REGISTERED_LAZY_NOT_MINUTE_EXPANDED,SLOW_XS_LEVEL|SLOW_TEMPORAL_CHANGE|DISCLOSURE_EVENT,NO_FORMAL_SEARCH_IN_THIS_TASK; SOURCE_UNIT_GLOSSARY_NOT_ASSERTED,fundamental_balance_sheet,double,NEXT_SESSION_AFTER_MAX_NOTICE_UPDATE,pit_fundamental.level|pit_fundamental.change|pit_fundamental.disclosure_event,ABSENT,,False,167452,107309
cn_source::balance_sheet_report_em::NOTE_PAYABLE_YOY,balance_sheet_report_em,NOTE_PAYABLE_YOY,FUNDAMENTAL_CHANGE|DISCLOSURE_EVENT,STOCK_REPORT_PERIOD,REPORT_DATE,NOTICE_DATE,UPDATE_DATE,PIT_SAFE_CURRENT_SNAPSHOT_ONLY,balance_sheet_report_em.NOTE_PAYABLE_YOY,PIT_SIDECAR_REGISTERED_LAZY_NOT_MINUTE_EXPANDED,SLOW_TEMPORAL_CHANGE|DISCLOSURE_EVENT,NO_FORMAL_SEARCH_IN_THIS_TASK; SOURCE_UNIT_GLOSSARY_NOT_ASSERTED,fundamental_balance_sheet,double,NEXT_SESSION_AFTER_MAX_NOTICE_UPDATE,pit_fundamental.change|pit_fundamental.disclosure_event,ABSENT,,False,134770,139991
cn_source::balance_sheet_report_em::NOTE_RECE,balance_sheet_report_em,NOTE_RECE,FUNDAMENTAL_LEVEL|FUNDAMENTAL_CHANGE|DISCLOSURE_EVENT,STOCK_REPORT_PERIOD,REPORT_DATE,NOTICE_DATE,UPDATE_DATE,PIT_SAFE_CURRENT_SNAPSHOT_ONLY,balance_sheet_report_em.NOTE_RECE,PIT_SIDECAR_REGISTERED_LAZY_NOT_MINUTE_EXPANDED,SLOW_XS_LEVEL|SLOW_TEMPORAL_CHANGE|DISCLOSURE_EVENT,NO_FORMAL_SEARCH_IN_THIS_TASK; SOURCE_UNIT_GLOSSARY_NOT_ASSERTED,fundamental_balance_sheet,double,NEXT_SESSION_AFTER_MAX_NOTICE_UPDATE,pit_fundamental.level|pit_fundamental.change|pit_fundamental.disclosure_event,ABSENT,,False,194225,80536
cn_source::balance_sheet_report_em::NOTE_RECE_YOY,balance_sheet_report_em,NOTE_RECE_YOY,FUNDAMENTAL_CHANGE|DISCLOSURE_EVENT,STOCK_REPORT_PERIOD,REPORT_DATE,NOTICE_DATE,UPDATE_DATE,PIT_SAFE_CURRENT_SNAPSHOT_ONLY,balance_sheet_report_em.NOTE_RECE_YOY,PIT_SIDECAR_REGISTERED_LAZY_NOT_MINUTE_EXPANDED,SLOW_TEMPORAL_CHANGE|DISCLOSURE_EVENT,NO_FORMAL_SEARCH_IN_THIS_TASK; SOURCE_UNIT_GLOSSARY_NOT_ASSERTED,fundamental_balance_sheet,double,NEXT_SESSION_AFTER_MAX_NOTICE_UPDATE,pit_fundamental.change|pit_fundamental.disclosure_event,ABSENT,,False,163657,111104
cn_source::balance_sheet_report_em::NOTICE_DATE,balance_sheet_report_em,NOTICE_DATE,METADATA_BLOCKED,STOCK_REPORT_PERIOD,REPORT_DATE,NOTICE_DATE,UPDATE_DATE,PIT_SAFE_CURRENT_SNAPSHOT_ONLY,balance_sheet_report_em.NOTICE_DATE,SOURCE_METADATA_SIDECAR_ONLY,BLOCKED,METADATA_NOT_SEARCHABLE,fundamental_balance_sheet,string,NEXT_SESSION_AFTER_MAX_NOTICE_UPDATE,,ABSENT,,False,274761,0
cn_source::balance_sheet_report_em::OIL_GAS_ASSET,balance_sheet_report_em,OIL_GAS_ASSET,FUNDAMENTAL_LEVEL|FUNDAMENTAL_CHANGE|DISCLOSURE_EVENT,STOCK_REPORT_PERIOD,REPORT_DATE,NOTICE_DATE,UPDATE_DATE,PIT_SAFE_CURRENT_SNAPSHOT_ONLY,balance_sheet_report_em.OIL_GAS_ASSET,PIT_SIDECAR_REGISTERED_LAZY_NOT_MINUTE_EXPANDED,SLOW_XS_LEVEL|SLOW_TEMPORAL_CHANGE|DISCLOSURE_EVENT,NO_FORMAL_SEARCH_IN_THIS_TASK; SOURCE_UNIT_GLOSSARY_NOT_ASSERTED,fundamental_balance_sheet,double,NEXT_SESSION_AFTER_MAX_NOTICE_UPDATE,pit_fundamental.level|pit_fundamental.change|pit_fundamental.disclosure_event,ABSENT,,False,5039,269722
cn_source::balance_sheet_report_em::OIL_GAS_ASSET_YOY,balance_sheet_report_em,OIL_GAS_ASSET_YOY,FUNDAMENTAL_CHANGE|DISCLOSURE_EVENT,STOCK_REPORT_PERIOD,REPORT_DATE,NOTICE_DATE,UPDATE_DATE,PIT_SAFE_CURRENT_SNAPSHOT_ONLY,balance_sheet_report_em.OIL_GAS_ASSET_YOY,PIT_SIDECAR_REGISTERED_LAZY_NOT_MINUTE_EXPANDED,SLOW_TEMPORAL_CHANGE|DISCLOSURE_EVENT,NO_FORMAL_SEARCH_IN_THIS_TASK; SOURCE_UNIT_GLOSSARY_NOT_ASSERTED,fundamental_balance_sheet,double,NEXT_SESSION_AFTER_MAX_NOTICE_UPDATE,pit_fundamental.change|pit_fundamental.disclosure_event,ABSENT,,False,628,274133
cn_source::balance_sheet_report_em::OPINION_TYPE,balance_sheet_report_em,OPINION_TYPE,METADATA_BLOCKED,STOCK_REPORT_PERIOD,REPORT_DATE,NOTICE_DATE,UPDATE_DATE,PIT_SAFE_CURRENT_SNAPSHOT_ONLY,balance_sheet_report_em.OPINION_TYPE,SOURCE_METADATA_SIDECAR_ONLY,BLOCKED,METADATA_NOT_SEARCHABLE,fundamental_balance_sheet,string,NEXT_SESSION_AFTER_MAX_NOTICE_UPDATE,,ABSENT,,False,84088,190673
cn_source::balance_sheet_report_em::ORG_CODE,balance_sheet_report_em,ORG_CODE,METADATA_BLOCKED,STOCK_REPORT_PERIOD,REPORT_DATE,NOTICE_DATE,UPDATE_DATE,PIT_SAFE_CURRENT_SNAPSHOT_ONLY,balance_sheet_report_em.ORG_CODE,SOURCE_METADATA_SIDECAR_ONLY,BLOCKED,METADATA_NOT_SEARCHABLE,fundamental_balance_sheet,string,NEXT_SESSION_AFTER_MAX_NOTICE_UPDATE,,ABSENT,,False,274761,0
cn_source::balance_sheet_report_em::ORG_TYPE,balance_sheet_report_em,ORG_TYPE,METADATA_BLOCKED,STOCK_REPORT_PERIOD,REPORT_DATE,NOTICE_DATE,UPDATE_DATE,PIT_SAFE_CURRENT_SNAPSHOT_ONLY,balance_sheet_report_em.ORG_TYPE,SOURCE_METADATA_SIDECAR_ONLY,BLOCKED,METADATA_NOT_SEARCHABLE,fundamental_balance_sheet,string,NEXT_SESSION_AFTER_MAX_NOTICE_UPDATE,,ABSENT,,False,274761,0
cn_source::balance_sheet_report_em::OSOOPINION_TYPE,balance_sheet_report_em,OSOOPINION_TYPE,FUNDAMENTAL_LEVEL|FUNDAMENTAL_CHANGE|DISCLOSURE_EVENT,STOCK_REPORT_PERIOD,REPORT_DATE,NOTICE_DATE,UPDATE_DATE,PIT_SAFE_CURRENT_SNAPSHOT_ONLY,balance_sheet_report_em.OSOOPINION_TYPE,PIT_SIDECAR_REGISTERED_LAZY_NOT_MINUTE_EXPANDED,SLOW_XS_LEVEL|SLOW_TEMPORAL_CHANGE|DISCLOSURE_EVENT,NO_FORMAL_SEARCH_IN_THIS_TASK; SOURCE_UNIT_GLOSSARY_NOT_ASSERTED,fundamental_balance_sheet,double,NEXT_SESSION_AFTER_MAX_NOTICE_UPDATE,pit_fundamental.level|pit_fundamental.change|pit_fundamental.disclosure_event,ABSENT,,False,0,274761
cn_source::balance_sheet_report_em::OSOPINION_TYPE,balance_sheet_report_em,OSOPINION_TYPE,METADATA_BLOCKED,STOCK_REPORT_PERIOD,REPORT_DATE,NOTICE_DATE,UPDATE_DATE,PIT_SAFE_CURRENT_SNAPSHOT_ONLY,balance_sheet_report_em.OSOPINION_TYPE,SOURCE_METADATA_SIDECAR_ONLY,BLOCKED,METADATA_NOT_SEARCHABLE,fundamental_balance_sheet,string,NEXT_SESSION_AFTER_MAX_NOTICE_UPDATE,,ABSENT,,False,34,274727
cn_source::balance_sheet_report_em::OTHER_ASSET,balance_sheet_report_em,OTHER_ASSET,FUNDAMENTAL_LEVEL|FUNDAMENTAL_CHANGE|DISCLOSURE_EVENT,STOCK_REPORT_PERIOD,REPORT_DATE,NOTICE_DATE,UPDATE_DATE,PIT_SAFE_CURRENT_SNAPSHOT_ONLY,balance_sheet_report_em.OTHER_ASSET,PIT_SIDECAR_REGISTERED_LAZY_NOT_MINUTE_EXPANDED,SLOW_XS_LEVEL|SLOW_TEMPORAL_CHANGE|DISCLOSURE_EVENT,NO_FORMAL_SEARCH_IN_THIS_TASK; SOURCE_UNIT_GLOSSARY_NOT_ASSERTED,fundamental_balance_sheet,double,NEXT_SESSION_AFTER_MAX_NOTICE_UPDATE,pit_fundamental.level|pit_fundamental.change|pit_fundamental.disclosure_event,ABSENT,,False,5262,269499
cn_source::balance_sheet_report_em::OTHER_ASSET_YOY,balance_sheet_report_em,OTHER_ASSET_YOY,FUNDAMENTAL_CHANGE|DISCLOSURE_EVENT,STOCK_REPORT_PERIOD,REPORT_DATE,NOTICE_DATE,UPDATE_DATE,PIT_SAFE_CURRENT_SNAPSHOT_ONLY,balance_sheet_report_em.OTHER_ASSET_YOY,PIT_SIDECAR_REGISTERED_LAZY_NOT_MINUTE_EXPANDED,SLOW_TEMPORAL_CHANGE|DISCLOSURE_EVENT,NO_FORMAL_SEARCH_IN_THIS_TASK; SOURCE_UNIT_GLOSSARY_NOT_ASSERTED,fundamental_balance_sheet,double,NEXT_SESSION_AFTER_MAX_NOTICE_UPDATE,pit_fundamental.change|pit_fundamental.disclosure_event,ABSENT,,False,4679,270082
cn_source::balance_sheet_report_em::OTHER_COMPRE_INCOME,balance_sheet_report_em,OTHER_COMPRE_INCOME,FUNDAMENTAL_LEVEL|FUNDAMENTAL_CHANGE|DISCLOSURE_EVENT,STOCK_REPORT_PERIOD,REPORT_DATE,NOTICE_DATE,UPDATE_DATE,PIT_SAFE_CURRENT_SNAPSHOT_ONLY,balance_sheet_report_em.OTHER_COMPRE_INCOME,PIT_SIDECAR_REGISTERED_LAZY_NOT_MINUTE_EXPANDED,SLOW_XS_LEVEL|SLOW_TEMPORAL_CHANGE|DISCLOSURE_EVENT,NO_FORMAL_SEARCH_IN_THIS_TASK; SOURCE_UNIT_GLOSSARY_NOT_ASSERTED,fundamental_balance_sheet,double,NEXT_SESSION_AFTER_MAX_NOTICE_UPDATE,pit_fundamental.level|pit_fundamental.change|pit_fundamental.disclosure_event,ABSENT,,False,112990,161771
cn_source::balance_sheet_report_em::OTHER_COMPRE_INCOME_YOY,balance_sheet_report_em,OTHER_COMPRE_INCOME_YOY,FUNDAMENTAL_CHANGE|DISCLOSURE_EVENT,STOCK_REPORT_PERIOD,REPORT_DATE,NOTICE_DATE,UPDATE_DATE,PIT_SAFE_CURRENT_SNAPSHOT_ONLY,balance_sheet_report_em.OTHER_COMPRE_INCOME_YOY,PIT_SIDECAR_REGISTERED_LAZY_NOT_MINUTE_EXPANDED,SLOW_TEMPORAL_CHANGE|DISCLOSURE_EVENT,NO_FORMAL_SEARCH_IN_THIS_TASK; SOURCE_UNIT_GLOSSARY_NOT_ASSERTED,fundamental_balance_sheet,double,NEXT_SESSION_AFTER_MAX_NOTICE_UPDATE,pit_fundamental.change|pit_fundamental.disclosure_event,ABSENT,,False,91122,183639
cn_source::balance_sheet_report_em::OTHER_CREDITOR_INVEST,balance_sheet_report_em,OTHER_CREDITOR_INVEST,FUNDAMENTAL_LEVEL|FUNDAMENTAL_CHANGE|DISCLOSURE_EVENT,STOCK_REPORT_PERIOD,REPORT_DATE,NOTICE_DATE,UPDATE_DATE,PIT_SAFE_CURRENT_SNAPSHOT_ONLY,balance_sheet_report_em.OTHER_CREDITOR_INVEST,PIT_SIDECAR_REGISTERED_LAZY_NOT_MINUTE_EXPANDED,SLOW_XS_LEVEL|SLOW_TEMPORAL_CHANGE|DISCLOSURE_EVENT,NO_FORMAL_SEARCH_IN_THIS_TASK; SOURCE_UNIT_GLOSSARY_NOT_ASSERTED,fundamental_balance_sheet,double,NEXT_SESSION_AFTER_MAX_NOTICE_UPDATE,pit_fundamental.level|pit_fundamental.change|pit_fundamental.disclosure_event,ABSENT,,False,4326,270435
cn_source::balance_sheet_report_em::OTHER_CREDITOR_INVEST_YOY,balance_sheet_report_em,OTHER_CREDITOR_INVEST_YOY,FUNDAMENTAL_CHANGE|DISCLOSURE_EVENT,STOCK_REPORT_PERIOD,REPORT_DATE,NOTICE_DATE,UPDATE_DATE,PIT_SAFE_CURRENT_SNAPSHOT_ONLY,balance_sheet_report_em.OTHER_CREDITOR_INVEST_YOY,PIT_SIDECAR_REGISTERED_LAZY_NOT_MINUTE_EXPANDED,SLOW_TEMPORAL_CHANGE|DISCLOSURE_EVENT,NO_FORMAL_SEARCH_IN_THIS_TASK; SOURCE_UNIT_GLOSSARY_NOT_ASSERTED,fundamental_balance_sheet,double,NEXT_SESSION_AFTER_MAX_NOTICE_UPDATE,pit_fundamental.change|pit_fundamental.disclosure_event,ABSENT,,False,2382,272379
cn_source::balance_sheet_report_em::OTHER_CURRENT_ASSET,balance_sheet_report_em,OTHER_CURRENT_ASSET,FUNDAMENTAL_LEVEL|FUNDAMENTAL_CHANGE|DISCLOSURE_EVENT,STOCK_REPORT_PERIOD,REPORT_DATE,NOTICE_DATE,UPDATE_DATE,PIT_SAFE_CURRENT_SNAPSHOT_ONLY,balance_sheet_report_em.OTHER_CURRENT_ASSET,PIT_SIDECAR_REGISTERED_LAZY_NOT_MINUTE_EXPANDED,SLOW_XS_LEVEL|SLOW_TEMPORAL_CHANGE|DISCLOSURE_EVENT,NO_FORMAL_SEARCH_IN_THIS_TASK; SOURCE_UNIT_GLOSSARY_NOT_ASSERTED,fundamental_balance_sheet,double,NEXT_SESSION_AFTER_MAX_NOTICE_UPDATE,pit_fundamental.level|pit_fundamental.change|pit_fundamental.disclosure_event,ABSENT,,False,189873,84888
cn_source::balance_sheet_report_em::OTHER_CURRENT_ASSET_YOY,balance_sheet_report_em,OTHER_CURRENT_ASSET_YOY,FUNDAMENTAL_CHANGE|DISCLOSURE_EVENT,STOCK_REPORT_PERIOD,REPORT_DATE,NOTICE_DATE,UPDATE_DATE,PIT_SAFE_CURRENT_SNAPSHOT_ONLY,balance_sheet_report_em.OTHER_CURRENT_ASSET_YOY,PIT_SIDECAR_REGISTERED_LAZY_NOT_MINUTE_EXPANDED,SLOW_TEMPORAL_CHANGE|DISCLOSURE_EVENT,NO_FORMAL_SEARCH_IN_THIS_TASK; SOURCE_UNIT_GLOSSARY_NOT_ASSERTED,fundamental_balance_sheet,double,NEXT_SESSION_AFTER_MAX_NOTICE_UPDATE,pit_fundamental.change|pit_fundamental.disclosure_event,ABSENT,,False,160982,113779
cn_source::balance_sheet_report_em::OTHER_CURRENT_LIAB,balance_sheet_report_em,OTHER_CURRENT_LIAB,FUNDAMENTAL_LEVEL|FUNDAMENTAL_CHANGE|DISCLOSURE_EVENT,STOCK_REPORT_PERIOD,REPORT_DATE,NOTICE_DATE,UPDATE_DATE,PIT_SAFE_CURRENT_SNAPSHOT_ONLY,balance_sheet_report_em.OTHER_CURRENT_LIAB,PIT_SIDECAR_REGISTERED_LAZY_NOT_MINUTE_EXPANDED,SLOW_XS_LEVEL|SLOW_TEMPORAL_CHANGE|DISCLOSURE_EVENT,NO_FORMAL_SEARCH_IN_THIS_TASK; SOURCE_UNIT_GLOSSARY_NOT_ASSERTED,fundamental_balance_sheet,double,NEXT_SESSION_AFTER_MAX_NOTICE_UPDATE,pit_fundamental.level|pit_fundamental.change|pit_fundamental.disclosure_event,ABSENT,,False,125759,149002
cn_source::balance_sheet_report_em::OTHER_CURRENT_LIAB_YOY,balance_sheet_report_em,OTHER_CURRENT_LIAB_YOY,FUNDAMENTAL_CHANGE|DISCLOSURE_EVENT,STOCK_REPORT_PERIOD,REPORT_DATE,NOTICE_DATE,UPDATE_DATE,PIT_SAFE_CURRENT_SNAPSHOT_ONLY,balance_sheet_report_em.OTHER_CURRENT_LIAB_YOY,PIT_SIDECAR_REGISTERED_LAZY_NOT_MINUTE_EXPANDED,SLOW_TEMPORAL_CHANGE|DISCLOSURE_EVENT,NO_FORMAL_SEARCH_IN_THIS_TASK; SOURCE_UNIT_GLOSSARY_NOT_ASSERTED,fundamental_balance_sheet,double,NEXT_SESSION_AFTER_MAX_NOTICE_UPDATE,pit_fundamental.change|pit_fundamental.disclosure_event,ABSENT,,False,94180,180581
cn_source::balance_sheet_report_em::OTHER_EQUITY_INVEST,balance_sheet_report_em,OTHER_EQUITY_INVEST,FUNDAMENTAL_LEVEL|FUNDAMENTAL_CHANGE|DISCLOSURE_EVENT,STOCK_REPORT_PERIOD,REPORT_DATE,NOTICE_DATE,UPDATE_DATE,PIT_SAFE_CURRENT_SNAPSHOT_ONLY,balance_sheet_report_em.OTHER_EQUITY_INVEST,PIT_SIDECAR_REGISTERED_LAZY_NOT_MINUTE_EXPANDED,SLOW_XS_LEVEL|SLOW_TEMPORAL_CHANGE|DISCLOSURE_EVENT,NO_FORMAL_SEARCH_IN_THIS_TASK; SOURCE_UNIT_GLOSSARY_NOT_ASSERTED,fundamental_balance_sheet,double,NEXT_SESSION_AFTER_MAX_NOTICE_UPDATE,pit_fundamental.level|pit_fundamental.change|pit_fundamental.disclosure_event,ABSENT,,False,52554,222207
cn_source::balance_sheet_report_em::OTHER_EQUITY_INVEST_YOY,balance_sheet_report_em,OTHER_EQUITY_INVEST_YOY,FUNDAMENTAL_CHANGE|DISCLOSURE_EVENT,STOCK_REPORT_PERIOD,REPORT_DATE,NOTICE_DATE,UPDATE_DATE,PIT_SAFE_CURRENT_SNAPSHOT_ONLY,balance_sheet_report_em.OTHER_EQUITY_INVEST_YOY,PIT_SIDECAR_REGISTERED_LAZY_NOT_MINUTE_EXPANDED,SLOW_TEMPORAL_CHANGE|DISCLOSURE_EVENT,NO_FORMAL_SEARCH_IN_THIS_TASK; SOURCE_UNIT_GLOSSARY_NOT_ASSERTED,fundamental_balance_sheet,double,NEXT_SESSION_AFTER_MAX_NOTICE_UPDATE,pit_fundamental.change|pit_fundamental.disclosure_event,ABSENT,,False,40356,234405
cn_source::balance_sheet_report_em::OTHER_EQUITY_OTHER,balance_sheet_report_em,OTHER_EQUITY_OTHER,FUNDAMENTAL_LEVEL|FUNDAMENTAL_CHANGE|DISCLOSURE_EVENT,STOCK_REPORT_PERIOD,REPORT_DATE,NOTICE_DATE,UPDATE_DATE,PIT_SAFE_CURRENT_SNAPSHOT_ONLY,balance_sheet_report_em.OTHER_EQUITY_OTHER,PIT_SIDECAR_REGISTERED_LAZY_NOT_MINUTE_EXPANDED,SLOW_XS_LEVEL|SLOW_TEMPORAL_CHANGE|DISCLOSURE_EVENT,NO_FORMAL_SEARCH_IN_THIS_TASK; SOURCE_UNIT_GLOSSARY_NOT_ASSERTED,fundamental_balance_sheet,double,NEXT_SESSION_AFTER_MAX_NOTICE_UPDATE,pit_fundamental.level|pit_fundamental.change|pit_fundamental.disclosure_event,ABSENT,,False,8864,265897
cn_source::balance_sheet_report_em::OTHER_EQUITY_OTHER_YOY,balance_sheet_report_em,OTHER_EQUITY_OTHER_YOY,FUNDAMENTAL_CHANGE|DISCLOSURE_EVENT,STOCK_REPORT_PERIOD,REPORT_DATE,NOTICE_DATE,UPDATE_DATE,PIT_SAFE_CURRENT_SNAPSHOT_ONLY,balance_sheet_report_em.OTHER_EQUITY_OTHER_YOY,PIT_SIDECAR_REGISTERED_LAZY_NOT_MINUTE_EXPANDED,SLOW_TEMPORAL_CHANGE|DISCLOSURE_EVENT,NO_FORMAL_SEARCH_IN_THIS_TASK; SOURCE_UNIT_GLOSSARY_NOT_ASSERTED,fundamental_balance_sheet,double,NEXT_SESSION_AFTER_MAX_NOTICE_UPDATE,pit_fundamental.change|pit_fundamental.disclosure_event,ABSENT,,False,59,274702
cn_source::balance_sheet_report_em::OTHER_EQUITY_TOOL,balance_sheet_report_em,OTHER_EQUITY_TOOL,FUNDAMENTAL_LEVEL|FUNDAMENTAL_CHANGE|DISCLOSURE_EVENT,STOCK_REPORT_PERIOD,REPORT_DATE,NOTICE_DATE,UPDATE_DATE,PIT_SAFE_CURRENT_SNAPSHOT_ONLY,balance_sheet_report_em.OTHER_EQUITY_TOOL,PIT_SIDECAR_REGISTERED_LAZY_NOT_MINUTE_EXPANDED,SLOW_XS_LEVEL|SLOW_TEMPORAL_CHANGE|DISCLOSURE_EVENT,NO_FORMAL_SEARCH_IN_THIS_TASK; SOURCE_UNIT_GLOSSARY_NOT_ASSERTED,fundamental_balance_sheet,double,NEXT_SESSION_AFTER_MAX_NOTICE_UPDATE,pit_fundamental.level|pit_fundamental.change|pit_fundamental.disclosure_event,ABSENT,,False,23503,251258
cn_source::balance_sheet_report_em::OTHER_EQUITY_TOOL_YOY,balance_sheet_report_em,OTHER_EQUITY_TOOL_YOY,FUNDAMENTAL_CHANGE|DISCLOSURE_EVENT,STOCK_REPORT_PERIOD,REPORT_DATE,NOTICE_DATE,UPDATE_DATE,PIT_SAFE_CURRENT_SNAPSHOT_ONLY,balance_sheet_report_em.OTHER_EQUITY_TOOL_YOY,PIT_SIDECAR_REGISTERED_LAZY_NOT_MINUTE_EXPANDED,SLOW_TEMPORAL_CHANGE|DISCLOSURE_EVENT,NO_FORMAL_SEARCH_IN_THIS_TASK; SOURCE_UNIT_GLOSSARY_NOT_ASSERTED,fundamental_balance_sheet,double,NEXT_SESSION_AFTER_MAX_NOTICE_UPDATE,pit_fundamental.change|pit_fundamental.disclosure_event,ABSENT,,False,9641,265120
cn_source::balance_sheet_report_em::OTHER_LIAB,balance_sheet_report_em,OTHER_LIAB,FUNDAMENTAL_LEVEL|FUNDAMENTAL_CHANGE|DISCLOSURE_EVENT,STOCK_REPORT_PERIOD,REPORT_DATE,NOTICE_DATE,UPDATE_DATE,PIT_SAFE_CURRENT_SNAPSHOT_ONLY,balance_sheet_report_em.OTHER_LIAB,PIT_SIDECAR_REGISTERED_LAZY_NOT_MINUTE_EXPANDED,SLOW_XS_LEVEL|SLOW_TEMPORAL_CHANGE|DISCLOSURE_EVENT,NO_FORMAL_SEARCH_IN_THIS_TASK; SOURCE_UNIT_GLOSSARY_NOT_ASSERTED,fundamental_balance_sheet,double,NEXT_SESSION_AFTER_MAX_NOTICE_UPDATE,pit_fundamental.level|pit_fundamental.change|pit_fundamental.disclosure_event,ABSENT,,False,5305,269456
cn_source::balance_sheet_report_em::OTHER_LIAB_YOY,balance_sheet_report_em,OTHER_LIAB_YOY,FUNDAMENTAL_CHANGE|DISCLOSURE_EVENT,STOCK_REPORT_PERIOD,REPORT_DATE,NOTICE_DATE,UPDATE_DATE,PIT_SAFE_CURRENT_SNAPSHOT_ONLY,balance_sheet_report_em.OTHER_LIAB_YOY,PIT_SIDECAR_REGISTERED_LAZY_NOT_MINUTE_EXPANDED,SLOW_TEMPORAL_CHANGE|DISCLOSURE_EVENT,NO_FORMAL_SEARCH_IN_THIS_TASK; SOURCE_UNIT_GLOSSARY_NOT_ASSERTED,fundamental_balance_sheet,double,NEXT_SESSION_AFTER_MAX_NOTICE_UPDATE,pit_fundamental.change|pit_fundamental.disclosure_event,ABSENT,,False,4648,270113
cn_source::balance_sheet_report_em::OTHER_NONCURRENT_ASSET,balance_sheet_report_em,OTHER_NONCURRENT_ASSET,FUNDAMENTAL_LEVEL|FUNDAMENTAL_CHANGE|DISCLOSURE_EVENT,STOCK_REPORT_PERIOD,REPORT_DATE,NOTICE_DATE,UPDATE_DATE,PIT_SAFE_CURRENT_SNAPSHOT_ONLY,balance_sheet_report_em.OTHER_NONCURRENT_ASSET,PIT_SIDECAR_REGISTERED_LAZY_NOT_MINUTE_EXPANDED,SLOW_XS_LEVEL|SLOW_TEMPORAL_CHANGE|DISCLOSURE_EVENT,NO_FORMAL_SEARCH_IN_THIS_TASK; SOURCE_UNIT_GLOSSARY_NOT_ASSERTED,fundamental_balance_sheet,double,NEXT_SESSION_AFTER_MAX_NOTICE_UPDATE,pit_fundamental.level|pit_fundamental.change|pit_fundamental.disclosure_event,ABSENT,,False,149382,125379
cn_source::balance_sheet_report_em::OTHER_NONCURRENT_ASSET_YOY,balance_sheet_report_em,OTHER_NONCURRENT_ASSET_YOY,FUNDAMENTAL_CHANGE|DISCLOSURE_EVENT,STOCK_REPORT_PERIOD,REPORT_DATE,NOTICE_DATE,UPDATE_DATE,PIT_SAFE_CURRENT_SNAPSHOT_ONLY,balance_sheet_report_em.OTHER_NONCURRENT_ASSET_YOY,PIT_SIDECAR_REGISTERED_LAZY_NOT_MINUTE_EXPANDED,SLOW_TEMPORAL_CHANGE|DISCLOSURE_EVENT,NO_FORMAL_SEARCH_IN_THIS_TASK; SOURCE_UNIT_GLOSSARY_NOT_ASSERTED,fundamental_balance_sheet,double,NEXT_SESSION_AFTER_MAX_NOTICE_UPDATE,pit_fundamental.change|pit_fundamental.disclosure_event,ABSENT,,False,120201,154560
cn_source::balance_sheet_report_em::OTHER_NONCURRENT_FINASSET,balance_sheet_report_em,OTHER_NONCURRENT_FINASSET,FUNDAMENTAL_LEVEL|FUNDAMENTAL_CHANGE|DISCLOSURE_EVENT,STOCK_REPORT_PERIOD,REPORT_DATE,NOTICE_DATE,UPDATE_DATE,PIT_SAFE_CURRENT_SNAPSHOT_ONLY,balance_sheet_report_em.OTHER_NONCURRENT_FINASSET,PIT_SIDECAR_REGISTERED_LAZY_NOT_MINUTE_EXPANDED,SLOW_XS_LEVEL|SLOW_TEMPORAL_CHANGE|DISCLOSURE_EVENT,NO_FORMAL_SEARCH_IN_THIS_TASK; SOURCE_UNIT_GLOSSARY_NOT_ASSERTED,fundamental_balance_sheet,double,NEXT_SESSION_AFTER_MAX_NOTICE_UPDATE,pit_fundamental.level|pit_fundamental.change|pit_fundamental.disclosure_event,ABSENT,,False,34293,240468
cn_source::balance_sheet_report_em::OTHER_NONCURRENT_FINASSET_YOY,balance_sheet_report_em,OTHER_NONCURRENT_FINASSET_YOY,FUNDAMENTAL_CHANGE|DISCLOSURE_EVENT,STOCK_REPORT_PERIOD,REPORT_DATE,NOTICE_DATE,UPDATE_DATE,PIT_SAFE_CURRENT_SNAPSHOT_ONLY,balance_sheet_report_em.OTHER_NONCURRENT_FINASSET_YOY,PIT_SIDECAR_REGISTERED_LAZY_NOT_MINUTE_EXPANDED,SLOW_TEMPORAL_CHANGE|DISCLOSURE_EVENT,NO_FORMAL_SEARCH_IN_THIS_TASK; SOURCE_UNIT_GLOSSARY_NOT_ASSERTED,fundamental_balance_sheet,double,NEXT_SESSION_AFTER_MAX_NOTICE_UPDATE,pit_fundamental.change|pit_fundamental.disclosure_event,ABSENT,,False,24833,249928
cn_source::balance_sheet_report_em::OTHER_NONCURRENT_LIAB,balance_sheet_report_em,OTHER_NONCURRENT_LIAB,FUNDAMENTAL_LEVEL|FUNDAMENTAL_CHANGE|DISCLOSURE_EVENT,STOCK_REPORT_PERIOD,REPORT_DATE,NOTICE_DATE,UPDATE_DATE,PIT_SAFE_CURRENT_SNAPSHOT_ONLY,balance_sheet_report_em.OTHER_NONCURRENT_LIAB,PIT_SIDECAR_REGISTERED_LAZY_NOT_MINUTE_EXPANDED,SLOW_XS_LEVEL|SLOW_TEMPORAL_CHANGE|DISCLOSURE_EVENT,NO_FORMAL_SEARCH_IN_THIS_TASK; SOURCE_UNIT_GLOSSARY_NOT_ASSERTED,fundamental_balance_sheet,double,NEXT_SESSION_AFTER_MAX_NOTICE_UPDATE,pit_fundamental.level|pit_fundamental.change|pit_fundamental.disclosure_event,ABSENT,,False,65288,209473
cn_source::balance_sheet_report_em::OTHER_NONCURRENT_LIAB_YOY,balance_sheet_report_em,OTHER_NONCURRENT_LIAB_YOY,FUNDAMENTAL_CHANGE|DISCLOSURE_EVENT,STOCK_REPORT_PERIOD,REPORT_DATE,NOTICE_DATE,UPDATE_DATE,PIT_SAFE_CURRENT_SNAPSHOT_ONLY,balance_sheet_report_em.OTHER_NONCURRENT_LIAB_YOY,PIT_SIDECAR_REGISTERED_LAZY_NOT_MINUTE_EXPANDED,SLOW_TEMPORAL_CHANGE|DISCLOSURE_EVENT,NO_FORMAL_SEARCH_IN_THIS_TASK; SOURCE_UNIT_GLOSSARY_NOT_ASSERTED,fundamental_balance_sheet,double,NEXT_SESSION_AFTER_MAX_NOTICE_UPDATE,pit_fundamental.change|pit_fundamental.disclosure_event,ABSENT,,False,45873,228888
cn_source::balance_sheet_report_em::OTHER_PAYABLE,balance_sheet_report_em,OTHER_PAYABLE,FUNDAMENTAL_LEVEL|FUNDAMENTAL_CHANGE|DISCLOSURE_EVENT,STOCK_REPORT_PERIOD,REPORT_DATE,NOTICE_DATE,UPDATE_DATE,PIT_SAFE_CURRENT_SNAPSHOT_ONLY,balance_sheet_report_em.OTHER_PAYABLE,PIT_SIDECAR_REGISTERED_LAZY_NOT_MINUTE_EXPANDED,SLOW_XS_LEVEL|SLOW_TEMPORAL_CHANGE|DISCLOSURE_EVENT,NO_FORMAL_SEARCH_IN_THIS_TASK; SOURCE_UNIT_GLOSSARY_NOT_ASSERTED,fundamental_balance_sheet,double,NEXT_SESSION_AFTER_MAX_NOTICE_UPDATE,pit_fundamental.level|pit_fundamental.change|pit_fundamental.disclosure_event,ABSENT,,False,149538,125223
cn_source::balance_sheet_report_em::OTHER_PAYABLE_YOY,balance_sheet_report_em,OTHER_PAYABLE_YOY,FUNDAMENTAL_CHANGE|DISCLOSURE_EVENT,STOCK_REPORT_PERIOD,REPORT_DATE,NOTICE_DATE,UPDATE_DATE,PIT_SAFE_CURRENT_SNAPSHOT_ONLY,balance_sheet_report_em.OTHER_PAYABLE_YOY,PIT_SIDECAR_REGISTERED_LAZY_NOT_MINUTE_EXPANDED,SLOW_TEMPORAL_CHANGE|DISCLOSURE_EVENT,NO_FORMAL_SEARCH_IN_THIS_TASK; SOURCE_UNIT_GLOSSARY_NOT_ASSERTED,fundamental_balance_sheet,double,NEXT_SESSION_AFTER_MAX_NOTICE_UPDATE,pit_fundamental.change|pit_fundamental.disclosure_event,ABSENT,,False,133790,140971
cn_source::balance_sheet_report_em::OTHER_RECE,balance_sheet_report_em,OTHER_RECE,FUNDAMENTAL_LEVEL|FUNDAMENTAL_CHANGE|DISCLOSURE_EVENT,STOCK_REPORT_PERIOD,REPORT_DATE,NOTICE_DATE,UPDATE_DATE,PIT_SAFE_CURRENT_SNAPSHOT_ONLY,balance_sheet_report_em.OTHER_RECE,PIT_SIDECAR_REGISTERED_LAZY_NOT_MINUTE_EXPANDED,SLOW_XS_LEVEL|SLOW_TEMPORAL_CHANGE|DISCLOSURE_EVENT,NO_FORMAL_SEARCH_IN_THIS_TASK; SOURCE_UNIT_GLOSSARY_NOT_ASSERTED,fundamental_balance_sheet,double,NEXT_SESSION_AFTER_MAX_NOTICE_UPDATE,pit_fundamental.level|pit_fundamental.change|pit_fundamental.disclosure_event,ABSENT,,False,142219,132542
cn_source::balance_sheet_report_em::OTHER_RECE_YOY,balance_sheet_report_em,OTHER_RECE_YOY,FUNDAMENTAL_CHANGE|DISCLOSURE_EVENT,STOCK_REPORT_PERIOD,REPORT_DATE,NOTICE_DATE,UPDATE_DATE,PIT_SAFE_CURRENT_SNAPSHOT_ONLY,balance_sheet_report_em.OTHER_RECE_YOY,PIT_SIDECAR_REGISTERED_LAZY_NOT_MINUTE_EXPANDED,SLOW_TEMPORAL_CHANGE|DISCLOSURE_EVENT,NO_FORMAL_SEARCH_IN_THIS_TASK; SOURCE_UNIT_GLOSSARY_NOT_ASSERTED,fundamental_balance_sheet,double,NEXT_SESSION_AFTER_MAX_NOTICE_UPDATE,pit_fundamental.change|pit_fundamental.disclosure_event,ABSENT,,False,126359,148402
cn_source::balance_sheet_report_em::OUTWARD_REMIT,balance_sheet_report_em,OUTWARD_REMIT,FUNDAMENTAL_LEVEL|FUNDAMENTAL_CHANGE|DISCLOSURE_EVENT,STOCK_REPORT_PERIOD,REPORT_DATE,NOTICE_DATE,UPDATE_DATE,PIT_SAFE_CURRENT_SNAPSHOT_ONLY,balance_sheet_report_em.OUTWARD_REMIT,PIT_SIDECAR_REGISTERED_LAZY_NOT_MINUTE_EXPANDED,SLOW_XS_LEVEL|SLOW_TEMPORAL_CHANGE|DISCLOSURE_EVENT,NO_FORMAL_SEARCH_IN_THIS_TASK; SOURCE_UNIT_GLOSSARY_NOT_ASSERTED,fundamental_balance_sheet,double,NEXT_SESSION_AFTER_MAX_NOTICE_UPDATE,pit_fundamental.level|pit_fundamental.change|pit_fundamental.disclosure_event,ABSENT,,False,102,274659
cn_source::balance_sheet_report_em::OUTWARD_REMIT_YOY,balance_sheet_report_em,OUTWARD_REMIT_YOY,FUNDAMENTAL_CHANGE|DISCLOSURE_EVENT,STOCK_REPORT_PERIOD,REPORT_DATE,NOTICE_DATE,UPDATE_DATE,PIT_SAFE_CURRENT_SNAPSHOT_ONLY,balance_sheet_report_em.OUTWARD_REMIT_YOY,PIT_SIDECAR_REGISTERED_LAZY_NOT_MINUTE_EXPANDED,SLOW_TEMPORAL_CHANGE|DISCLOSURE_EVENT,NO_FORMAL_SEARCH_IN_THIS_TASK; SOURCE_UNIT_GLOSSARY_NOT_ASSERTED,fundamental_balance_sheet,double,NEXT_SESSION_AFTER_MAX_NOTICE_UPDATE,pit_fundamental.change|pit_fundamental.disclosure_event,ABSENT,,False,29,274732
cn_source::balance_sheet_report_em::PARENT_EQUITY_BALANCE,balance_sheet_report_em,PARENT_EQUITY_BALANCE,FUNDAMENTAL_LEVEL|FUNDAMENTAL_CHANGE|DISCLOSURE_EVENT,STOCK_REPORT_PERIOD,REPORT_DATE,NOTICE_DATE,UPDATE_DATE,PIT_SAFE_CURRENT_SNAPSHOT_ONLY,balance_sheet_report_em.PARENT_EQUITY_BALANCE,PIT_SIDECAR_REGISTERED_LAZY_NOT_MINUTE_EXPANDED,SLOW_XS_LEVEL|SLOW_TEMPORAL_CHANGE|DISCLOSURE_EVENT,NO_FORMAL_SEARCH_IN_THIS_TASK; SOURCE_UNIT_GLOSSARY_NOT_ASSERTED,fundamental_balance_sheet,double,NEXT_SESSION_AFTER_MAX_NOTICE_UPDATE,pit_fundamental.level|pit_fundamental.change|pit_fundamental.disclosure_event,ABSENT,,False,229843,44918
cn_source::balance_sheet_report_em::PARENT_EQUITY_BALANCE_YOY,balance_sheet_report_em,PARENT_EQUITY_BALANCE_YOY,FUNDAMENTAL_CHANGE|DISCLOSURE_EVENT,STOCK_REPORT_PERIOD,REPORT_DATE,NOTICE_DATE,UPDATE_DATE,PIT_SAFE_CURRENT_SNAPSHOT_ONLY,balance_sheet_report_em.PARENT_EQUITY_BALANCE_YOY,PIT_SIDECAR_REGISTERED_LAZY_NOT_MINUTE_EXPANDED,SLOW_TEMPORAL_CHANGE|DISCLOSURE_EVENT,NO_FORMAL_SEARCH_IN_THIS_TASK; SOURCE_UNIT_GLOSSARY_NOT_ASSERTED,fundamental_balance_sheet,double,NEXT_SESSION_AFTER_MAX_NOTICE_UPDATE,pit_fundamental.change|pit_fundamental.disclosure_event,ABSENT,,False,2794,271967
cn_source::balance_sheet_report_em::PARENT_EQUITY_OTHER,balance_sheet_report_em,PARENT_EQUITY_OTHER,FUNDAMENTAL_LEVEL|FUNDAMENTAL_CHANGE|DISCLOSURE_EVENT,STOCK_REPORT_PERIOD,REPORT_DATE,NOTICE_DATE,UPDATE_DATE,PIT_SAFE_CURRENT_SNAPSHOT_ONLY,balance_sheet_report_em.PARENT_EQUITY_OTHER,PIT_SIDECAR_REGISTERED_LAZY_NOT_MINUTE_EXPANDED,SLOW_XS_LEVEL|SLOW_TEMPORAL_CHANGE|DISCLOSURE_EVENT,NO_FORMAL_SEARCH_IN_THIS_TASK; SOURCE_UNIT_GLOSSARY_NOT_ASSERTED,fundamental_balance_sheet,double,NEXT_SESSION_AFTER_MAX_NOTICE_UPDATE,pit_fundamental.level|pit_fundamental.change|pit_fundamental.disclosure_event,ABSENT,,False,38273,236488
cn_source::balance_sheet_report_em::PARENT_EQUITY_OTHER_YOY,balance_sheet_report_em,PARENT_EQUITY_OTHER_YOY,FUNDAMENTAL_CHANGE|DISCLOSURE_EVENT,STOCK_REPORT_PERIOD,REPORT_DATE,NOTICE_DATE,UPDATE_DATE,PIT_SAFE_CURRENT_SNAPSHOT_ONLY,balance_sheet_report_em.PARENT_EQUITY_OTHER_YOY,PIT_SIDECAR_REGISTERED_LAZY_NOT_MINUTE_EXPANDED,SLOW_TEMPORAL_CHANGE|DISCLOSURE_EVENT,NO_FORMAL_SEARCH_IN_THIS_TASK; SOURCE_UNIT_GLOSSARY_NOT_ASSERTED,fundamental_balance_sheet,double,NEXT_SESSION_AFTER_MAX_NOTICE_UPDATE,pit_fundamental.change|pit_fundamental.disclosure_event,ABSENT,,False,213,274548
cn_source::balance_sheet_report_em::PEND_MORTGAGE_ASSET,balance_sheet_report_em,PEND_MORTGAGE_ASSET,FUNDAMENTAL_LEVEL|FUNDAMENTAL_CHANGE|DISCLOSURE_EVENT,STOCK_REPORT_PERIOD,REPORT_DATE,NOTICE_DATE,UPDATE_DATE,PIT_SAFE_CURRENT_SNAPSHOT_ONLY,balance_sheet_report_em.PEND_MORTGAGE_ASSET,PIT_SIDECAR_REGISTERED_LAZY_NOT_MINUTE_EXPANDED,SLOW_XS_LEVEL|SLOW_TEMPORAL_CHANGE|DISCLOSURE_EVENT,NO_FORMAL_SEARCH_IN_THIS_TASK; SOURCE_UNIT_GLOSSARY_NOT_ASSERTED,fundamental_balance_sheet,double,NEXT_SESSION_AFTER_MAX_NOTICE_UPDATE,pit_fundamental.level|pit_fundamental.change|pit_fundamental.disclosure_event,ABSENT,,False,106,274655
cn_source::balance_sheet_report_em::PEND_MORTGAGE_ASSET_YOY,balance_sheet_report_em,PEND_MORTGAGE_ASSET_YOY,FUNDAMENTAL_CHANGE|DISCLOSURE_EVENT,STOCK_REPORT_PERIOD,REPORT_DATE,NOTICE_DATE,UPDATE_DATE,PIT_SAFE_CURRENT_SNAPSHOT_ONLY,balance_sheet_report_em.PEND_MORTGAGE_ASSET_YOY,PIT_SIDECAR_REGISTERED_LAZY_NOT_MINUTE_EXPANDED,SLOW_TEMPORAL_CHANGE|DISCLOSURE_EVENT,NO_FORMAL_SEARCH_IN_THIS_TASK; SOURCE_UNIT_GLOSSARY_NOT_ASSERTED,fundamental_balance_sheet,double,NEXT_SESSION_AFTER_MAX_NOTICE_UPDATE,pit_fundamental.change|pit_fundamental.disclosure_event,ABSENT,,False,31,274730
cn_source::balance_sheet_report_em::PERPETUAL_BOND,balance_sheet_report_em,PERPETUAL_BOND,FUNDAMENTAL_LEVEL|FUNDAMENTAL_CHANGE|DISCLOSURE_EVENT,STOCK_REPORT_PERIOD,REPORT_DATE,NOTICE_DATE,UPDATE_DATE,PIT_SAFE_CURRENT_SNAPSHOT_ONLY,balance_sheet_report_em.PERPETUAL_BOND,PIT_SIDECAR_REGISTERED_LAZY_NOT_MINUTE_EXPANDED,SLOW_XS_LEVEL|SLOW_TEMPORAL_CHANGE|DISCLOSURE_EVENT,NO_FORMAL_SEARCH_IN_THIS_TASK; SOURCE_UNIT_GLOSSARY_NOT_ASSERTED,fundamental_balance_sheet,double,NEXT_SESSION_AFTER_MAX_NOTICE_UPDATE,pit_fundamental.level|pit_fundamental.change|pit_fundamental.disclosure_event,ABSENT,,False,13051,261710
cn_source::balance_sheet_report_em::PERPETUAL_BOND_PAYBALE,balance_sheet_report_em,PERPETUAL_BOND_PAYBALE,FUNDAMENTAL_LEVEL|FUNDAMENTAL_CHANGE|DISCLOSURE_EVENT,STOCK_REPORT_PERIOD,REPORT_DATE,NOTICE_DATE,UPDATE_DATE,PIT_SAFE_CURRENT_SNAPSHOT_ONLY,balance_sheet_report_em.PERPETUAL_BOND_PAYBALE,PIT_SIDECAR_REGISTERED_LAZY_NOT_MINUTE_EXPANDED,SLOW_XS_LEVEL|SLOW_TEMPORAL_CHANGE|DISCLOSURE_EVENT,NO_FORMAL_SEARCH_IN_THIS_TASK; SOURCE_UNIT_GLOSSARY_NOT_ASSERTED,fundamental_balance_sheet,double,NEXT_SESSION_AFTER_MAX_NOTICE_UPDATE,pit_fundamental.level|pit_fundamental.change|pit_fundamental.disclosure_event,ABSENT,,False,9633,265128
cn_source::balance_sheet_report_em::PERPETUAL_BOND_PAYBALE_YOY,balance_sheet_report_em,PERPETUAL_BOND_PAYBALE_YOY,FUNDAMENTAL_CHANGE|DISCLOSURE_EVENT,STOCK_REPORT_PERIOD,REPORT_DATE,NOTICE_DATE,UPDATE_DATE,PIT_SAFE_CURRENT_SNAPSHOT_ONLY,balance_sheet_report_em.PERPETUAL_BOND_PAYBALE_YOY,PIT_SIDECAR_REGISTERED_LAZY_NOT_MINUTE_EXPANDED,SLOW_TEMPORAL_CHANGE|DISCLOSURE_EVENT,NO_FORMAL_SEARCH_IN_THIS_TASK; SOURCE_UNIT_GLOSSARY_NOT_ASSERTED,fundamental_balance_sheet,double,NEXT_SESSION_AFTER_MAX_NOTICE_UPDATE,pit_fundamental.change|pit_fundamental.disclosure_event,ABSENT,,False,37,274724
cn_source::balance_sheet_report_em::PERPETUAL_BOND_YOY,balance_sheet_report_em,PERPETUAL_BOND_YOY,FUNDAMENTAL_CHANGE|DISCLOSURE_EVENT,STOCK_REPORT_PERIOD,REPORT_DATE,NOTICE_DATE,UPDATE_DATE,PIT_SAFE_CURRENT_SNAPSHOT_ONLY,balance_sheet_report_em.PERPETUAL_BOND_YOY,PIT_SIDECAR_REGISTERED_LAZY_NOT_MINUTE_EXPANDED,SLOW_TEMPORAL_CHANGE|DISCLOSURE_EVENT,NO_FORMAL_SEARCH_IN_THIS_TASK; SOURCE_UNIT_GLOSSARY_NOT_ASSERTED,fundamental_balance_sheet,double,NEXT_SESSION_AFTER_MAX_NOTICE_UPDATE,pit_fundamental.change|pit_fundamental.disclosure_event,ABSENT,,False,2640,272121
cn_source::balance_sheet_report_em::PLEDGE_LOAN,balance_sheet_report_em,PLEDGE_LOAN,FUNDAMENTAL_LEVEL|FUNDAMENTAL_CHANGE|DISCLOSURE_EVENT,STOCK_REPORT_PERIOD,REPORT_DATE,NOTICE_DATE,UPDATE_DATE,PIT_SAFE_CURRENT_SNAPSHOT_ONLY,balance_sheet_report_em.PLEDGE_LOAN,PIT_SIDECAR_REGISTERED_LAZY_NOT_MINUTE_EXPANDED,SLOW_XS_LEVEL|SLOW_TEMPORAL_CHANGE|DISCLOSURE_EVENT,NO_FORMAL_SEARCH_IN_THIS_TASK; SOURCE_UNIT_GLOSSARY_NOT_ASSERTED,fundamental_balance_sheet,double,NEXT_SESSION_AFTER_MAX_NOTICE_UPDATE,pit_fundamental.level|pit_fundamental.change|pit_fundamental.disclosure_event,ABSENT,,False,179,274582
cn_source::balance_sheet_report_em::PLEDGE_LOAN_YOY,balance_sheet_report_em,PLEDGE_LOAN_YOY,FUNDAMENTAL_CHANGE|DISCLOSURE_EVENT,STOCK_REPORT_PERIOD,REPORT_DATE,NOTICE_DATE,UPDATE_DATE,PIT_SAFE_CURRENT_SNAPSHOT_ONLY,balance_sheet_report_em.PLEDGE_LOAN_YOY,PIT_SIDECAR_REGISTERED_LAZY_NOT_MINUTE_EXPANDED,SLOW_TEMPORAL_CHANGE|DISCLOSURE_EVENT,NO_FORMAL_SEARCH_IN_THIS_TASK; SOURCE_UNIT_GLOSSARY_NOT_ASSERTED,fundamental_balance_sheet,double,NEXT_SESSION_AFTER_MAX_NOTICE_UPDATE,pit_fundamental.change|pit_fundamental.disclosure_event,ABSENT,,False,9,274752
cn_source::balance_sheet_report_em::POLICY_BONUS_PAYABLE,balance_sheet_report_em,POLICY_BONUS_PAYABLE,FUNDAMENTAL_LEVEL|FUNDAMENTAL_CHANGE|DISCLOSURE_EVENT,STOCK_REPORT_PERIOD,REPORT_DATE,NOTICE_DATE,UPDATE_DATE,PIT_SAFE_CURRENT_SNAPSHOT_ONLY,balance_sheet_report_em.POLICY_BONUS_PAYABLE,PIT_SIDECAR_REGISTERED_LAZY_NOT_MINUTE_EXPANDED,SLOW_XS_LEVEL|SLOW_TEMPORAL_CHANGE|DISCLOSURE_EVENT,NO_FORMAL_SEARCH_IN_THIS_TASK; SOURCE_UNIT_GLOSSARY_NOT_ASSERTED,fundamental_balance_sheet,double,NEXT_SESSION_AFTER_MAX_NOTICE_UPDATE,pit_fundamental.level|pit_fundamental.change|pit_fundamental.disclosure_event,ABSENT,,False,252,274509
cn_source::balance_sheet_report_em::POLICY_BONUS_PAYABLE_YOY,balance_sheet_report_em,POLICY_BONUS_PAYABLE_YOY,FUNDAMENTAL_CHANGE|DISCLOSURE_EVENT,STOCK_REPORT_PERIOD,REPORT_DATE,NOTICE_DATE,UPDATE_DATE,PIT_SAFE_CURRENT_SNAPSHOT_ONLY,balance_sheet_report_em.POLICY_BONUS_PAYABLE_YOY,PIT_SIDECAR_REGISTERED_LAZY_NOT_MINUTE_EXPANDED,SLOW_TEMPORAL_CHANGE|DISCLOSURE_EVENT,NO_FORMAL_SEARCH_IN_THIS_TASK; SOURCE_UNIT_GLOSSARY_NOT_ASSERTED,fundamental_balance_sheet,double,NEXT_SESSION_AFTER_MAX_NOTICE_UPDATE,pit_fundamental.change|pit_fundamental.disclosure_event,ABSENT,,False,224,274537
cn_source::balance_sheet_report_em::PRECIOUS_METAL,balance_sheet_report_em,PRECIOUS_METAL,FUNDAMENTAL_LEVEL|FUNDAMENTAL_CHANGE|DISCLOSURE_EVENT,STOCK_REPORT_PERIOD,REPORT_DATE,NOTICE_DATE,UPDATE_DATE,PIT_SAFE_CURRENT_SNAPSHOT_ONLY,balance_sheet_report_em.PRECIOUS_METAL,PIT_SIDECAR_REGISTERED_LAZY_NOT_MINUTE_EXPANDED,SLOW_XS_LEVEL|SLOW_TEMPORAL_CHANGE|DISCLOSURE_EVENT,NO_FORMAL_SEARCH_IN_THIS_TASK; SOURCE_UNIT_GLOSSARY_NOT_ASSERTED,fundamental_balance_sheet,double,NEXT_SESSION_AFTER_MAX_NOTICE_UPDATE,pit_fundamental.level|pit_fundamental.change|pit_fundamental.disclosure_event,ABSENT,,False,1043,273718
cn_source::balance_sheet_report_em::PRECIOUS_METAL_YOY,balance_sheet_report_em,PRECIOUS_METAL_YOY,FUNDAMENTAL_CHANGE|DISCLOSURE_EVENT,STOCK_REPORT_PERIOD,REPORT_DATE,NOTICE_DATE,UPDATE_DATE,PIT_SAFE_CURRENT_SNAPSHOT_ONLY,balance_sheet_report_em.PRECIOUS_METAL_YOY,PIT_SIDECAR_REGISTERED_LAZY_NOT_MINUTE_EXPANDED,SLOW_TEMPORAL_CHANGE|DISCLOSURE_EVENT,NO_FORMAL_SEARCH_IN_THIS_TASK; SOURCE_UNIT_GLOSSARY_NOT_ASSERTED,fundamental_balance_sheet,double,NEXT_SESSION_AFTER_MAX_NOTICE_UPDATE,pit_fundamental.change|pit_fundamental.disclosure_event,ABSENT,,False,836,273925
cn_source::balance_sheet_report_em::PREDICT_CURRENT_LIAB,balance_sheet_report_em,PREDICT_CURRENT_LIAB,FUNDAMENTAL_LEVEL|FUNDAMENTAL_CHANGE|DISCLOSURE_EVENT,STOCK_REPORT_PERIOD,REPORT_DATE,NOTICE_DATE,UPDATE_DATE,PIT_SAFE_CURRENT_SNAPSHOT_ONLY,balance_sheet_report_em.PREDICT_CURRENT_LIAB,PIT_SIDECAR_REGISTERED_LAZY_NOT_MINUTE_EXPANDED,SLOW_XS_LEVEL|SLOW_TEMPORAL_CHANGE|DISCLOSURE_EVENT,NO_FORMAL_SEARCH_IN_THIS_TASK; SOURCE_UNIT_GLOSSARY_NOT_ASSERTED,fundamental_balance_sheet,double,NEXT_SESSION_AFTER_MAX_NOTICE_UPDATE,pit_fundamental.level|pit_fundamental.change|pit_fundamental.disclosure_event,ABSENT,,False,512,274249
cn_source::balance_sheet_report_em::PREDICT_CURRENT_LIAB_YOY,balance_sheet_report_em,PREDICT_CURRENT_LIAB_YOY,FUNDAMENTAL_CHANGE|DISCLOSURE_EVENT,STOCK_REPORT_PERIOD,REPORT_DATE,NOTICE_DATE,UPDATE_DATE,PIT_SAFE_CURRENT_SNAPSHOT_ONLY,balance_sheet_report_em.PREDICT_CURRENT_LIAB_YOY,PIT_SIDECAR_REGISTERED_LAZY_NOT_MINUTE_EXPANDED,SLOW_TEMPORAL_CHANGE|DISCLOSURE_EVENT,NO_FORMAL_SEARCH_IN_THIS_TASK; SOURCE_UNIT_GLOSSARY_NOT_ASSERTED,fundamental_balance_sheet,double,NEXT_SESSION_AFTER_MAX_NOTICE_UPDATE,pit_fundamental.change|pit_fundamental.disclosure_event,ABSENT,,False,316,274445
cn_source::balance_sheet_report_em::PREDICT_LIAB,balance_sheet_report_em,PREDICT_LIAB,FUNDAMENTAL_LEVEL|FUNDAMENTAL_CHANGE|DISCLOSURE_EVENT,STOCK_REPORT_PERIOD,REPORT_DATE,NOTICE_DATE,UPDATE_DATE,PIT_SAFE_CURRENT_SNAPSHOT_ONLY,balance_sheet_report_em.PREDICT_LIAB,PIT_SIDECAR_REGISTERED_LAZY_NOT_MINUTE_EXPANDED,SLOW_XS_LEVEL|SLOW_TEMPORAL_CHANGE|DISCLOSURE_EVENT,NO_FORMAL_SEARCH_IN_THIS_TASK; SOURCE_UNIT_GLOSSARY_NOT_ASSERTED,fundamental_balance_sheet,double,NEXT_SESSION_AFTER_MAX_NOTICE_UPDATE,pit_fundamental.level|pit_fundamental.change|pit_fundamental.disclosure_event,ABSENT,,False,71173,203588
cn_source::balance_sheet_report_em::PREDICT_LIAB_YOY,balance_sheet_report_em,PREDICT_LIAB_YOY,FUNDAMENTAL_CHANGE|DISCLOSURE_EVENT,STOCK_REPORT_PERIOD,REPORT_DATE,NOTICE_DATE,UPDATE_DATE,PIT_SAFE_CURRENT_SNAPSHOT_ONLY,balance_sheet_report_em.PREDICT_LIAB_YOY,PIT_SIDECAR_REGISTERED_LAZY_NOT_MINUTE_EXPANDED,SLOW_TEMPORAL_CHANGE|DISCLOSURE_EVENT,NO_FORMAL_SEARCH_IN_THIS_TASK; SOURCE_UNIT_GLOSSARY_NOT_ASSERTED,fundamental_balance_sheet,double,NEXT_SESSION_AFTER_MAX_NOTICE_UPDATE,pit_fundamental.change|pit_fundamental.disclosure_event,ABSENT,,False,52756,222005
cn_source::balance_sheet_report_em::PREFERRED_SHARES,balance_sheet_report_em,PREFERRED_SHARES,FUNDAMENTAL_LEVEL|FUNDAMENTAL_CHANGE|DISCLOSURE_EVENT,STOCK_REPORT_PERIOD,REPORT_DATE,NOTICE_DATE,UPDATE_DATE,PIT_SAFE_CURRENT_SNAPSHOT_ONLY,balance_sheet_report_em.PREFERRED_SHARES,PIT_SIDECAR_REGISTERED_LAZY_NOT_MINUTE_EXPANDED,SLOW_XS_LEVEL|SLOW_TEMPORAL_CHANGE|DISCLOSURE_EVENT,NO_FORMAL_SEARCH_IN_THIS_TASK; SOURCE_UNIT_GLOSSARY_NOT_ASSERTED,fundamental_balance_sheet,double,NEXT_SESSION_AFTER_MAX_NOTICE_UPDATE,pit_fundamental.level|pit_fundamental.change|pit_fundamental.disclosure_event,ABSENT,,False,10617,264144
cn_source::balance_sheet_report_em::PREFERRED_SHARES_PAYBALE,balance_sheet_report_em,PREFERRED_SHARES_PAYBALE,FUNDAMENTAL_LEVEL|FUNDAMENTAL_CHANGE|DISCLOSURE_EVENT,STOCK_REPORT_PERIOD,REPORT_DATE,NOTICE_DATE,UPDATE_DATE,PIT_SAFE_CURRENT_SNAPSHOT_ONLY,balance_sheet_report_em.PREFERRED_SHARES_PAYBALE,PIT_SIDECAR_REGISTERED_LAZY_NOT_MINUTE_EXPANDED,SLOW_XS_LEVEL|SLOW_TEMPORAL_CHANGE|DISCLOSURE_EVENT,NO_FORMAL_SEARCH_IN_THIS_TASK; SOURCE_UNIT_GLOSSARY_NOT_ASSERTED,fundamental_balance_sheet,double,NEXT_SESSION_AFTER_MAX_NOTICE_UPDATE,pit_fundamental.level|pit_fundamental.change|pit_fundamental.disclosure_event,ABSENT,,False,9654,265107
cn_source::balance_sheet_report_em::PREFERRED_SHARES_PAYBALE_YOY,balance_sheet_report_em,PREFERRED_SHARES_PAYBALE_YOY,FUNDAMENTAL_CHANGE|DISCLOSURE_EVENT,STOCK_REPORT_PERIOD,REPORT_DATE,NOTICE_DATE,UPDATE_DATE,PIT_SAFE_CURRENT_SNAPSHOT_ONLY,balance_sheet_report_em.PREFERRED_SHARES_PAYBALE_YOY,PIT_SIDECAR_REGISTERED_LAZY_NOT_MINUTE_EXPANDED,SLOW_TEMPORAL_CHANGE|DISCLOSURE_EVENT,NO_FORMAL_SEARCH_IN_THIS_TASK; SOURCE_UNIT_GLOSSARY_NOT_ASSERTED,fundamental_balance_sheet,double,NEXT_SESSION_AFTER_MAX_NOTICE_UPDATE,pit_fundamental.change|pit_fundamental.disclosure_event,ABSENT,,False,45,274716
cn_source::balance_sheet_report_em::PREFERRED_SHARES_YOY,balance_sheet_report_em,PREFERRED_SHARES_YOY,FUNDAMENTAL_CHANGE|DISCLOSURE_EVENT,STOCK_REPORT_PERIOD,REPORT_DATE,NOTICE_DATE,UPDATE_DATE,PIT_SAFE_CURRENT_SNAPSHOT_ONLY,balance_sheet_report_em.PREFERRED_SHARES_YOY,PIT_SIDECAR_REGISTERED_LAZY_NOT_MINUTE_EXPANDED,SLOW_TEMPORAL_CHANGE|DISCLOSURE_EVENT,NO_FORMAL_SEARCH_IN_THIS_TASK; SOURCE_UNIT_GLOSSARY_NOT_ASSERTED,fundamental_balance_sheet,double,NEXT_SESSION_AFTER_MAX_NOTICE_UPDATE,pit_fundamental.change|pit_fundamental.disclosure_event,ABSENT,,False,722,274039
cn_source::balance_sheet_report_em::PREMIUM_RECE,balance_sheet_report_em,PREMIUM_RECE,FUNDAMENTAL_LEVEL|FUNDAMENTAL_CHANGE|DISCLOSURE_EVENT,STOCK_REPORT_PERIOD,REPORT_DATE,NOTICE_DATE,UPDATE_DATE,PIT_SAFE_CURRENT_SNAPSHOT_ONLY,balance_sheet_report_em.PREMIUM_RECE,PIT_SIDECAR_REGISTERED_LAZY_NOT_MINUTE_EXPANDED,SLOW_XS_LEVEL|SLOW_TEMPORAL_CHANGE|DISCLOSURE_EVENT,NO_FORMAL_SEARCH_IN_THIS_TASK; SOURCE_UNIT_GLOSSARY_NOT_ASSERTED,fundamental_balance_sheet,double,NEXT_SESSION_AFTER_MAX_NOTICE_UPDATE,pit_fundamental.level|pit_fundamental.change|pit_fundamental.disclosure_event,ABSENT,,False,3808,270953
cn_source::balance_sheet_report_em::PREMIUM_RECE_YOY,balance_sheet_report_em,PREMIUM_RECE_YOY,FUNDAMENTAL_CHANGE|DISCLOSURE_EVENT,STOCK_REPORT_PERIOD,REPORT_DATE,NOTICE_DATE,UPDATE_DATE,PIT_SAFE_CURRENT_SNAPSHOT_ONLY,balance_sheet_report_em.PREMIUM_RECE_YOY,PIT_SIDECAR_REGISTERED_LAZY_NOT_MINUTE_EXPANDED,SLOW_TEMPORAL_CHANGE|DISCLOSURE_EVENT,NO_FORMAL_SEARCH_IN_THIS_TASK; SOURCE_UNIT_GLOSSARY_NOT_ASSERTED,fundamental_balance_sheet,double,NEXT_SESSION_AFTER_MAX_NOTICE_UPDATE,pit_fundamental.change|pit_fundamental.disclosure_event,ABSENT,,False,373,274388
cn_source::balance_sheet_report_em::PREPAYMENT,balance_sheet_report_em,PREPAYMENT,FUNDAMENTAL_LEVEL|FUNDAMENTAL_CHANGE|DISCLOSURE_EVENT,STOCK_REPORT_PERIOD,REPORT_DATE,NOTICE_DATE,UPDATE_DATE,PIT_SAFE_CURRENT_SNAPSHOT_ONLY,balance_sheet_report_em.PREPAYMENT,PIT_SIDECAR_REGISTERED_LAZY_NOT_MINUTE_EXPANDED,SLOW_XS_LEVEL|SLOW_TEMPORAL_CHANGE|DISCLOSURE_EVENT,NO_FORMAL_SEARCH_IN_THIS_TASK; SOURCE_UNIT_GLOSSARY_NOT_ASSERTED,fundamental_balance_sheet,double,NEXT_SESSION_AFTER_MAX_NOTICE_UPDATE,pit_fundamental.level|pit_fundamental.change|pit_fundamental.disclosure_event,ABSENT,,False,263691,11070
cn_source::balance_sheet_report_em::PREPAYMENT_YOY,balance_sheet_report_em,PREPAYMENT_YOY,FUNDAMENTAL_CHANGE|DISCLOSURE_EVENT,STOCK_REPORT_PERIOD,REPORT_DATE,NOTICE_DATE,UPDATE_DATE,PIT_SAFE_CURRENT_SNAPSHOT_ONLY,balance_sheet_report_em.PREPAYMENT_YOY,PIT_SIDECAR_REGISTERED_LAZY_NOT_MINUTE_EXPANDED,SLOW_TEMPORAL_CHANGE|DISCLOSURE_EVENT,NO_FORMAL_SEARCH_IN_THIS_TASK; SOURCE_UNIT_GLOSSARY_NOT_ASSERTED,fundamental_balance_sheet,double,NEXT_SESSION_AFTER_MAX_NOTICE_UPDATE,pit_fundamental.change|pit_fundamental.disclosure_event,ABSENT,,False,241226,33535
cn_source::balance_sheet_report_em::PRODUCTIVE_BIOLOGY_ASSET,balance_sheet_report_em,PRODUCTIVE_BIOLOGY_ASSET,FUNDAMENTAL_LEVEL|FUNDAMENTAL_CHANGE|DISCLOSURE_EVENT,STOCK_REPORT_PERIOD,REPORT_DATE,NOTICE_DATE,UPDATE_DATE,PIT_SAFE_CURRENT_SNAPSHOT_ONLY,balance_sheet_report_em.PRODUCTIVE_BIOLOGY_ASSET,PIT_SIDECAR_REGISTERED_LAZY_NOT_MINUTE_EXPANDED,SLOW_XS_LEVEL|SLOW_TEMPORAL_CHANGE|DISCLOSURE_EVENT,NO_FORMAL_SEARCH_IN_THIS_TASK; SOURCE_UNIT_GLOSSARY_NOT_ASSERTED,fundamental_balance_sheet,double,NEXT_SESSION_AFTER_MAX_NOTICE_UPDATE,pit_fundamental.level|pit_fundamental.change|pit_fundamental.disclosure_event,ABSENT,,False,11427,263334
cn_source::balance_sheet_report_em::PRODUCTIVE_BIOLOGY_ASSET_YOY,balance_sheet_report_em,PRODUCTIVE_BIOLOGY_ASSET_YOY,FUNDAMENTAL_CHANGE|DISCLOSURE_EVENT,STOCK_REPORT_PERIOD,REPORT_DATE,NOTICE_DATE,UPDATE_DATE,PIT_SAFE_CURRENT_SNAPSHOT_ONLY,balance_sheet_report_em.PRODUCTIVE_BIOLOGY_ASSET_YOY,PIT_SIDECAR_REGISTERED_LAZY_NOT_MINUTE_EXPANDED,SLOW_TEMPORAL_CHANGE|DISCLOSURE_EVENT,NO_FORMAL_SEARCH_IN_THIS_TASK; SOURCE_UNIT_GLOSSARY_NOT_ASSERTED,fundamental_balance_sheet,double,NEXT_SESSION_AFTER_MAX_NOTICE_UPDATE,pit_fundamental.change|pit_fundamental.disclosure_event,ABSENT,,False,6353,268408
cn_source::balance_sheet_report_em::PROJECT_MATERIAL,balance_sheet_report_em,PROJECT_MATERIAL,FUNDAMENTAL_LEVEL|FUNDAMENTAL_CHANGE|DISCLOSURE_EVENT,STOCK_REPORT_PERIOD,REPORT_DATE,NOTICE_DATE,UPDATE_DATE,PIT_SAFE_CURRENT_SNAPSHOT_ONLY,balance_sheet_report_em.PROJECT_MATERIAL,PIT_SIDECAR_REGISTERED_LAZY_NOT_MINUTE_EXPANDED,SLOW_XS_LEVEL|SLOW_TEMPORAL_CHANGE|DISCLOSURE_EVENT,NO_FORMAL_SEARCH_IN_THIS_TASK; SOURCE_UNIT_GLOSSARY_NOT_ASSERTED,fundamental_balance_sheet,double,NEXT_SESSION_AFTER_MAX_NOTICE_UPDATE,pit_fundamental.level|pit_fundamental.change|pit_fundamental.disclosure_event,ABSENT,,False,32998,241763
cn_source::balance_sheet_report_em::PROJECT_MATERIAL_YOY,balance_sheet_report_em,PROJECT_MATERIAL_YOY,FUNDAMENTAL_CHANGE|DISCLOSURE_EVENT,STOCK_REPORT_PERIOD,REPORT_DATE,NOTICE_DATE,UPDATE_DATE,PIT_SAFE_CURRENT_SNAPSHOT_ONLY,balance_sheet_report_em.PROJECT_MATERIAL_YOY,PIT_SIDECAR_REGISTERED_LAZY_NOT_MINUTE_EXPANDED,SLOW_TEMPORAL_CHANGE|DISCLOSURE_EVENT,NO_FORMAL_SEARCH_IN_THIS_TASK; SOURCE_UNIT_GLOSSARY_NOT_ASSERTED,fundamental_balance_sheet,double,NEXT_SESSION_AFTER_MAX_NOTICE_UPDATE,pit_fundamental.change|pit_fundamental.disclosure_event,ABSENT,,False,24158,250603
cn_source::balance_sheet_report_em::RC_RESERVE_RECE,balance_sheet_report_em,RC_RESERVE_RECE,FUNDAMENTAL_LEVEL|FUNDAMENTAL_CHANGE|DISCLOSURE_EVENT,STOCK_REPORT_PERIOD,REPORT_DATE,NOTICE_DATE,UPDATE_DATE,PIT_SAFE_CURRENT_SNAPSHOT_ONLY,balance_sheet_report_em.RC_RESERVE_RECE,PIT_SIDECAR_REGISTERED_LAZY_NOT_MINUTE_EXPANDED,SLOW_XS_LEVEL|SLOW_TEMPORAL_CHANGE|DISCLOSURE_EVENT,NO_FORMAL_SEARCH_IN_THIS_TASK; SOURCE_UNIT_GLOSSARY_NOT_ASSERTED,fundamental_balance_sheet,double,NEXT_SESSION_AFTER_MAX_NOTICE_UPDATE,pit_fundamental.level|pit_fundamental.change|pit_fundamental.disclosure_event,ABSENT,,False,3654,271107
cn_source::balance_sheet_report_em::RC_RESERVE_RECE_YOY,balance_sheet_report_em,RC_RESERVE_RECE_YOY,FUNDAMENTAL_CHANGE|DISCLOSURE_EVENT,STOCK_REPORT_PERIOD,REPORT_DATE,NOTICE_DATE,UPDATE_DATE,PIT_SAFE_CURRENT_SNAPSHOT_ONLY,balance_sheet_report_em.RC_RESERVE_RECE_YOY,PIT_SIDECAR_REGISTERED_LAZY_NOT_MINUTE_EXPANDED,SLOW_TEMPORAL_CHANGE|DISCLOSURE_EVENT,NO_FORMAL_SEARCH_IN_THIS_TASK; SOURCE_UNIT_GLOSSARY_NOT_ASSERTED,fundamental_balance_sheet,double,NEXT_SESSION_AFTER_MAX_NOTICE_UPDATE,pit_fundamental.change|pit_fundamental.disclosure_event,ABSENT,,False,318,274443
cn_source::balance_sheet_report_em::RECEIVABLES,balance_sheet_report_em,RECEIVABLES,FUNDAMENTAL_LEVEL|FUNDAMENTAL_CHANGE|DISCLOSURE_EVENT,STOCK_REPORT_PERIOD,REPORT_DATE,NOTICE_DATE,UPDATE_DATE,PIT_SAFE_CURRENT_SNAPSHOT_ONLY,balance_sheet_report_em.RECEIVABLES,PIT_SIDECAR_REGISTERED_LAZY_NOT_MINUTE_EXPANDED,SLOW_XS_LEVEL|SLOW_TEMPORAL_CHANGE|DISCLOSURE_EVENT,NO_FORMAL_SEARCH_IN_THIS_TASK; SOURCE_UNIT_GLOSSARY_NOT_ASSERTED,fundamental_balance_sheet,double,NEXT_SESSION_AFTER_MAX_NOTICE_UPDATE,pit_fundamental.level|pit_fundamental.change|pit_fundamental.disclosure_event,ABSENT,,False,1826,272935
cn_source::balance_sheet_report_em::RECEIVABLES_YOY,balance_sheet_report_em,RECEIVABLES_YOY,FUNDAMENTAL_CHANGE|DISCLOSURE_EVENT,STOCK_REPORT_PERIOD,REPORT_DATE,NOTICE_DATE,UPDATE_DATE,PIT_SAFE_CURRENT_SNAPSHOT_ONLY,balance_sheet_report_em.RECEIVABLES_YOY,PIT_SIDECAR_REGISTERED_LAZY_NOT_MINUTE_EXPANDED,SLOW_TEMPORAL_CHANGE|DISCLOSURE_EVENT,NO_FORMAL_SEARCH_IN_THIS_TASK; SOURCE_UNIT_GLOSSARY_NOT_ASSERTED,fundamental_balance_sheet,double,NEXT_SESSION_AFTER_MAX_NOTICE_UPDATE,pit_fundamental.change|pit_fundamental.disclosure_event,ABSENT,,False,1574,273187
cn_source::balance_sheet_report_em::REFUND_CAPITAL_DEPOSIT,balance_sheet_report_em,REFUND_CAPITAL_DEPOSIT,FUNDAMENTAL_LEVEL|FUNDAMENTAL_CHANGE|DISCLOSURE_EVENT,STOCK_REPORT_PERIOD,REPORT_DATE,NOTICE_DATE,UPDATE_DATE,PIT_SAFE_CURRENT_SNAPSHOT_ONLY,balance_sheet_report_em.REFUND_CAPITAL_DEPOSIT,PIT_SIDECAR_REGISTERED_LAZY_NOT_MINUTE_EXPANDED,SLOW_XS_LEVEL|SLOW_TEMPORAL_CHANGE|DISCLOSURE_EVENT,NO_FORMAL_SEARCH_IN_THIS_TASK; SOURCE_UNIT_GLOSSARY_NOT_ASSERTED,fundamental_balance_sheet,double,NEXT_SESSION_AFTER_MAX_NOTICE_UPDATE,pit_fundamental.level|pit_fundamental.change|pit_fundamental.disclosure_event,ABSENT,,False,321,274440
cn_source::balance_sheet_report_em::REFUND_CAPITAL_DEPOSIT_YOY,balance_sheet_report_em,REFUND_CAPITAL_DEPOSIT_YOY,FUNDAMENTAL_CHANGE|DISCLOSURE_EVENT,STOCK_REPORT_PERIOD,REPORT_DATE,NOTICE_DATE,UPDATE_DATE,PIT_SAFE_CURRENT_SNAPSHOT_ONLY,balance_sheet_report_em.REFUND_CAPITAL_DEPOSIT_YOY,PIT_SIDECAR_REGISTERED_LAZY_NOT_MINUTE_EXPANDED,SLOW_TEMPORAL_CHANGE|DISCLOSURE_EVENT,NO_FORMAL_SEARCH_IN_THIS_TASK; SOURCE_UNIT_GLOSSARY_NOT_ASSERTED,fundamental_balance_sheet,double,NEXT_SESSION_AFTER_MAX_NOTICE_UPDATE,pit_fundamental.change|pit_fundamental.disclosure_event,ABSENT,,False,298,274463
cn_source::balance_sheet_report_em::REFUND_DEPOSIT_PAY,balance_sheet_report_em,REFUND_DEPOSIT_PAY,FUNDAMENTAL_LEVEL|FUNDAMENTAL_CHANGE|DISCLOSURE_EVENT,STOCK_REPORT_PERIOD,REPORT_DATE,NOTICE_DATE,UPDATE_DATE,PIT_SAFE_CURRENT_SNAPSHOT_ONLY,balance_sheet_report_em.REFUND_DEPOSIT_PAY,PIT_SIDECAR_REGISTERED_LAZY_NOT_MINUTE_EXPANDED,SLOW_XS_LEVEL|SLOW_TEMPORAL_CHANGE|DISCLOSURE_EVENT,NO_FORMAL_SEARCH_IN_THIS_TASK; SOURCE_UNIT_GLOSSARY_NOT_ASSERTED,fundamental_balance_sheet,double,NEXT_SESSION_AFTER_MAX_NOTICE_UPDATE,pit_fundamental.level|pit_fundamental.change|pit_fundamental.disclosure_event,ABSENT,,False,2422,272339
cn_source::balance_sheet_report_em::REFUND_DEPOSIT_PAY_YOY,balance_sheet_report_em,REFUND_DEPOSIT_PAY_YOY,FUNDAMENTAL_CHANGE|DISCLOSURE_EVENT,STOCK_REPORT_PERIOD,REPORT_DATE,NOTICE_DATE,UPDATE_DATE,PIT_SAFE_CURRENT_SNAPSHOT_ONLY,balance_sheet_report_em.REFUND_DEPOSIT_PAY_YOY,PIT_SIDECAR_REGISTERED_LAZY_NOT_MINUTE_EXPANDED,SLOW_TEMPORAL_CHANGE|DISCLOSURE_EVENT,NO_FORMAL_SEARCH_IN_THIS_TASK; SOURCE_UNIT_GLOSSARY_NOT_ASSERTED,fundamental_balance_sheet,double,NEXT_SESSION_AFTER_MAX_NOTICE_UPDATE,pit_fundamental.change|pit_fundamental.disclosure_event,ABSENT,,False,2228,272533
cn_source::balance_sheet_report_em::REFUND_DEPOSIT_RECE,balance_sheet_report_em,REFUND_DEPOSIT_RECE,FUNDAMENTAL_LEVEL|FUNDAMENTAL_CHANGE|DISCLOSURE_EVENT,STOCK_REPORT_PERIOD,REPORT_DATE,NOTICE_DATE,UPDATE_DATE,PIT_SAFE_CURRENT_SNAPSHOT_ONLY,balance_sheet_report_em.REFUND_DEPOSIT_RECE,PIT_SIDECAR_REGISTERED_LAZY_NOT_MINUTE_EXPANDED,SLOW_XS_LEVEL|SLOW_TEMPORAL_CHANGE|DISCLOSURE_EVENT,NO_FORMAL_SEARCH_IN_THIS_TASK; SOURCE_UNIT_GLOSSARY_NOT_ASSERTED,fundamental_balance_sheet,double,NEXT_SESSION_AFTER_MAX_NOTICE_UPDATE,pit_fundamental.level|pit_fundamental.change|pit_fundamental.disclosure_event,ABSENT,,False,21,274740
cn_source::balance_sheet_report_em::REFUND_DEPOSIT_RECE_YOY,balance_sheet_report_em,REFUND_DEPOSIT_RECE_YOY,FUNDAMENTAL_CHANGE|DISCLOSURE_EVENT,STOCK_REPORT_PERIOD,REPORT_DATE,NOTICE_DATE,UPDATE_DATE,PIT_SAFE_CURRENT_SNAPSHOT_ONLY,balance_sheet_report_em.REFUND_DEPOSIT_RECE_YOY,PIT_SIDECAR_REGISTERED_LAZY_NOT_MINUTE_EXPANDED,SLOW_TEMPORAL_CHANGE|DISCLOSURE_EVENT,NO_FORMAL_SEARCH_IN_THIS_TASK; SOURCE_UNIT_GLOSSARY_NOT_ASSERTED,fundamental_balance_sheet,double,NEXT_SESSION_AFTER_MAX_NOTICE_UPDATE,pit_fundamental.change|pit_fundamental.disclosure_event,ABSENT,,False,14,274747
cn_source::balance_sheet_report_em::REINSURE_PAYABLE,balance_sheet_report_em,REINSURE_PAYABLE,FUNDAMENTAL_LEVEL|FUNDAMENTAL_CHANGE|DISCLOSURE_EVENT,STOCK_REPORT_PERIOD,REPORT_DATE,NOTICE_DATE,UPDATE_DATE,PIT_SAFE_CURRENT_SNAPSHOT_ONLY,balance_sheet_report_em.REINSURE_PAYABLE,PIT_SIDECAR_REGISTERED_LAZY_NOT_MINUTE_EXPANDED,SLOW_XS_LEVEL|SLOW_TEMPORAL_CHANGE|DISCLOSURE_EVENT,NO_FORMAL_SEARCH_IN_THIS_TASK; SOURCE_UNIT_GLOSSARY_NOT_ASSERTED,fundamental_balance_sheet,double,NEXT_SESSION_AFTER_MAX_NOTICE_UPDATE,pit_fundamental.level|pit_fundamental.change|pit_fundamental.disclosure_event,ABSENT,,False,3677,271084
cn_source::balance_sheet_report_em::REINSURE_PAYABLE_YOY,balance_sheet_report_em,REINSURE_PAYABLE_YOY,FUNDAMENTAL_CHANGE|DISCLOSURE_EVENT,STOCK_REPORT_PERIOD,REPORT_DATE,NOTICE_DATE,UPDATE_DATE,PIT_SAFE_CURRENT_SNAPSHOT_ONLY,balance_sheet_report_em.REINSURE_PAYABLE_YOY,PIT_SIDECAR_REGISTERED_LAZY_NOT_MINUTE_EXPANDED,SLOW_TEMPORAL_CHANGE|DISCLOSURE_EVENT,NO_FORMAL_SEARCH_IN_THIS_TASK; SOURCE_UNIT_GLOSSARY_NOT_ASSERTED,fundamental_balance_sheet,double,NEXT_SESSION_AFTER_MAX_NOTICE_UPDATE,pit_fundamental.change|pit_fundamental.disclosure_event,ABSENT,,False,353,274408
cn_source::balance_sheet_report_em::REINSURE_RECE,balance_sheet_report_em,REINSURE_RECE,FUNDAMENTAL_LEVEL|FUNDAMENTAL_CHANGE|DISCLOSURE_EVENT,STOCK_REPORT_PERIOD,REPORT_DATE,NOTICE_DATE,UPDATE_DATE,PIT_SAFE_CURRENT_SNAPSHOT_ONLY,balance_sheet_report_em.REINSURE_RECE,PIT_SIDECAR_REGISTERED_LAZY_NOT_MINUTE_EXPANDED,SLOW_XS_LEVEL|SLOW_TEMPORAL_CHANGE|DISCLOSURE_EVENT,NO_FORMAL_SEARCH_IN_THIS_TASK; SOURCE_UNIT_GLOSSARY_NOT_ASSERTED,fundamental_balance_sheet,double,NEXT_SESSION_AFTER_MAX_NOTICE_UPDATE,pit_fundamental.level|pit_fundamental.change|pit_fundamental.disclosure_event,ABSENT,,False,3725,271036
cn_source::balance_sheet_report_em::REINSURE_RECE_YOY,balance_sheet_report_em,REINSURE_RECE_YOY,FUNDAMENTAL_CHANGE|DISCLOSURE_EVENT,STOCK_REPORT_PERIOD,REPORT_DATE,NOTICE_DATE,UPDATE_DATE,PIT_SAFE_CURRENT_SNAPSHOT_ONLY,balance_sheet_report_em.REINSURE_RECE_YOY,PIT_SIDECAR_REGISTERED_LAZY_NOT_MINUTE_EXPANDED,SLOW_TEMPORAL_CHANGE|DISCLOSURE_EVENT,NO_FORMAL_SEARCH_IN_THIS_TASK; SOURCE_UNIT_GLOSSARY_NOT_ASSERTED,fundamental_balance_sheet,double,NEXT_SESSION_AFTER_MAX_NOTICE_UPDATE,pit_fundamental.change|pit_fundamental.disclosure_event,ABSENT,,False,346,274415
cn_source::balance_sheet_report_em::REPORT_DATE,balance_sheet_report_em,REPORT_DATE,METADATA_BLOCKED,STOCK_REPORT_PERIOD,REPORT_DATE,NOTICE_DATE,UPDATE_DATE,PIT_SAFE_CURRENT_SNAPSHOT_ONLY,balance_sheet_report_em.REPORT_DATE,SOURCE_METADATA_SIDECAR_ONLY,BLOCKED,METADATA_NOT_SEARCHABLE,fundamental_balance_sheet,string,NEXT_SESSION_AFTER_MAX_NOTICE_UPDATE,,ABSENT,,False,274761,0
cn_source::balance_sheet_report_em::REPORT_DATE_NAME,balance_sheet_report_em,REPORT_DATE_NAME,METADATA_BLOCKED,STOCK_REPORT_PERIOD,REPORT_DATE,NOTICE_DATE,UPDATE_DATE,PIT_SAFE_CURRENT_SNAPSHOT_ONLY,balance_sheet_report_em.REPORT_DATE_NAME,SOURCE_METADATA_SIDECAR_ONLY,BLOCKED,METADATA_NOT_SEARCHABLE,fundamental_balance_sheet,string,NEXT_SESSION_AFTER_MAX_NOTICE_UPDATE,,ABSENT,,False,274761,0
cn_source::balance_sheet_report_em::REPORT_TYPE,balance_sheet_report_em,REPORT_TYPE,METADATA_BLOCKED,STOCK_REPORT_PERIOD,REPORT_DATE,NOTICE_DATE,UPDATE_DATE,PIT_SAFE_CURRENT_SNAPSHOT_ONLY,balance_sheet_report_em.REPORT_TYPE,SOURCE_METADATA_SIDECAR_ONLY,BLOCKED,METADATA_NOT_SEARCHABLE,fundamental_balance_sheet,string,NEXT_SESSION_AFTER_MAX_NOTICE_UPDATE,,ABSENT,,False,274761,0
cn_source::balance_sheet_report_em::RHD_RESERVE_RECE,balance_sheet_report_em,RHD_RESERVE_RECE,FUNDAMENTAL_LEVEL|FUNDAMENTAL_CHANGE|DISCLOSURE_EVENT,STOCK_REPORT_PERIOD,REPORT_DATE,NOTICE_DATE,UPDATE_DATE,PIT_SAFE_CURRENT_SNAPSHOT_ONLY,balance_sheet_report_em.RHD_RESERVE_RECE,PIT_SIDECAR_REGISTERED_LAZY_NOT_MINUTE_EXPANDED,SLOW_XS_LEVEL|SLOW_TEMPORAL_CHANGE|DISCLOSURE_EVENT,NO_FORMAL_SEARCH_IN_THIS_TASK; SOURCE_UNIT_GLOSSARY_NOT_ASSERTED,fundamental_balance_sheet,double,NEXT_SESSION_AFTER_MAX_NOTICE_UPDATE,pit_fundamental.level|pit_fundamental.change|pit_fundamental.disclosure_event,ABSENT,,False,216,274545
cn_source::balance_sheet_report_em::RHD_RESERVE_RECE_YOY,balance_sheet_report_em,RHD_RESERVE_RECE_YOY,FUNDAMENTAL_CHANGE|DISCLOSURE_EVENT,STOCK_REPORT_PERIOD,REPORT_DATE,NOTICE_DATE,UPDATE_DATE,PIT_SAFE_CURRENT_SNAPSHOT_ONLY,balance_sheet_report_em.RHD_RESERVE_RECE_YOY,PIT_SIDECAR_REGISTERED_LAZY_NOT_MINUTE_EXPANDED,SLOW_TEMPORAL_CHANGE|DISCLOSURE_EVENT,NO_FORMAL_SEARCH_IN_THIS_TASK; SOURCE_UNIT_GLOSSARY_NOT_ASSERTED,fundamental_balance_sheet,double,NEXT_SESSION_AFTER_MAX_NOTICE_UPDATE,pit_fundamental.change|pit_fundamental.disclosure_event,ABSENT,,False,194,274567
cn_source::balance_sheet_report_em::RLD_RESERVE_RECE,balance_sheet_report_em,RLD_RESERVE_RECE,FUNDAMENTAL_LEVEL|FUNDAMENTAL_CHANGE|DISCLOSURE_EVENT,STOCK_REPORT_PERIOD,REPORT_DATE,NOTICE_DATE,UPDATE_DATE,PIT_SAFE_CURRENT_SNAPSHOT_ONLY,balance_sheet_report_em.RLD_RESERVE_RECE,PIT_SIDECAR_REGISTERED_LAZY_NOT_MINUTE_EXPANDED,SLOW_XS_LEVEL|SLOW_TEMPORAL_CHANGE|DISCLOSURE_EVENT,NO_FORMAL_SEARCH_IN_THIS_TASK; SOURCE_UNIT_GLOSSARY_NOT_ASSERTED,fundamental_balance_sheet,double,NEXT_SESSION_AFTER_MAX_NOTICE_UPDATE,pit_fundamental.level|pit_fundamental.change|pit_fundamental.disclosure_event,ABSENT,,False,204,274557
cn_source::balance_sheet_report_em::RLD_RESERVE_RECE_YOY,balance_sheet_report_em,RLD_RESERVE_RECE_YOY,FUNDAMENTAL_CHANGE|DISCLOSURE_EVENT,STOCK_REPORT_PERIOD,REPORT_DATE,NOTICE_DATE,UPDATE_DATE,PIT_SAFE_CURRENT_SNAPSHOT_ONLY,balance_sheet_report_em.RLD_RESERVE_RECE_YOY,PIT_SIDECAR_REGISTERED_LAZY_NOT_MINUTE_EXPANDED,SLOW_TEMPORAL_CHANGE|DISCLOSURE_EVENT,NO_FORMAL_SEARCH_IN_THIS_TASK; SOURCE_UNIT_GLOSSARY_NOT_ASSERTED,fundamental_balance_sheet,double,NEXT_SESSION_AFTER_MAX_NOTICE_UPDATE,pit_fundamental.change|pit_fundamental.disclosure_event,ABSENT,,False,182,274579
cn_source::balance_sheet_report_em::RUC_RESERVE_RECE,balance_sheet_report_em,RUC_RESERVE_RECE,FUNDAMENTAL_LEVEL|FUNDAMENTAL_CHANGE|DISCLOSURE_EVENT,STOCK_REPORT_PERIOD,REPORT_DATE,NOTICE_DATE,UPDATE_DATE,PIT_SAFE_CURRENT_SNAPSHOT_ONLY,balance_sheet_report_em.RUC_RESERVE_RECE,PIT_SIDECAR_REGISTERED_LAZY_NOT_MINUTE_EXPANDED,SLOW_XS_LEVEL|SLOW_TEMPORAL_CHANGE|DISCLOSURE_EVENT,NO_FORMAL_SEARCH_IN_THIS_TASK; SOURCE_UNIT_GLOSSARY_NOT_ASSERTED,fundamental_balance_sheet,double,NEXT_SESSION_AFTER_MAX_NOTICE_UPDATE,pit_fundamental.level|pit_fundamental.change|pit_fundamental.disclosure_event,ABSENT,,False,217,274544
cn_source::balance_sheet_report_em::RUC_RESERVE_RECE_YOY,balance_sheet_report_em,RUC_RESERVE_RECE_YOY,FUNDAMENTAL_CHANGE|DISCLOSURE_EVENT,STOCK_REPORT_PERIOD,REPORT_DATE,NOTICE_DATE,UPDATE_DATE,PIT_SAFE_CURRENT_SNAPSHOT_ONLY,balance_sheet_report_em.RUC_RESERVE_RECE_YOY,PIT_SIDECAR_REGISTERED_LAZY_NOT_MINUTE_EXPANDED,SLOW_TEMPORAL_CHANGE|DISCLOSURE_EVENT,NO_FORMAL_SEARCH_IN_THIS_TASK; SOURCE_UNIT_GLOSSARY_NOT_ASSERTED,fundamental_balance_sheet,double,NEXT_SESSION_AFTER_MAX_NOTICE_UPDATE,pit_fundamental.change|pit_fundamental.disclosure_event,ABSENT,,False,195,274566
cn_source::balance_sheet_report_em::RUD_RESERVE_RECE,balance_sheet_report_em,RUD_RESERVE_RECE,FUNDAMENTAL_LEVEL|FUNDAMENTAL_CHANGE|DISCLOSURE_EVENT,STOCK_REPORT_PERIOD,REPORT_DATE,NOTICE_DATE,UPDATE_DATE,PIT_SAFE_CURRENT_SNAPSHOT_ONLY,balance_sheet_report_em.RUD_RESERVE_RECE,PIT_SIDECAR_REGISTERED_LAZY_NOT_MINUTE_EXPANDED,SLOW_XS_LEVEL|SLOW_TEMPORAL_CHANGE|DISCLOSURE_EVENT,NO_FORMAL_SEARCH_IN_THIS_TASK; SOURCE_UNIT_GLOSSARY_NOT_ASSERTED,fundamental_balance_sheet,double,NEXT_SESSION_AFTER_MAX_NOTICE_UPDATE,pit_fundamental.level|pit_fundamental.change|pit_fundamental.disclosure_event,ABSENT,,False,218,274543
cn_source::balance_sheet_report_em::RUD_RESERVE_RECE_YOY,balance_sheet_report_em,RUD_RESERVE_RECE_YOY,FUNDAMENTAL_CHANGE|DISCLOSURE_EVENT,STOCK_REPORT_PERIOD,REPORT_DATE,NOTICE_DATE,UPDATE_DATE,PIT_SAFE_CURRENT_SNAPSHOT_ONLY,balance_sheet_report_em.RUD_RESERVE_RECE_YOY,PIT_SIDECAR_REGISTERED_LAZY_NOT_MINUTE_EXPANDED,SLOW_TEMPORAL_CHANGE|DISCLOSURE_EVENT,NO_FORMAL_SEARCH_IN_THIS_TASK; SOURCE_UNIT_GLOSSARY_NOT_ASSERTED,fundamental_balance_sheet,double,NEXT_SESSION_AFTER_MAX_NOTICE_UPDATE,pit_fundamental.change|pit_fundamental.disclosure_event,ABSENT,,False,196,274565
cn_source::balance_sheet_report_em::SECUCODE,balance_sheet_report_em,SECUCODE,METADATA_BLOCKED,STOCK_REPORT_PERIOD,REPORT_DATE,NOTICE_DATE,UPDATE_DATE,PIT_SAFE_CURRENT_SNAPSHOT_ONLY,balance_sheet_report_em.SECUCODE,SOURCE_METADATA_SIDECAR_ONLY,BLOCKED,METADATA_NOT_SEARCHABLE,fundamental_balance_sheet,string,NEXT_SESSION_AFTER_MAX_NOTICE_UPDATE,,ABSENT,,False,274761,0
cn_source::balance_sheet_report_em::SECURITY_CODE,balance_sheet_report_em,SECURITY_CODE,METADATA_BLOCKED,STOCK_REPORT_PERIOD,REPORT_DATE,NOTICE_DATE,UPDATE_DATE,PIT_SAFE_CURRENT_SNAPSHOT_ONLY,balance_sheet_report_em.SECURITY_CODE,SOURCE_METADATA_SIDECAR_ONLY,BLOCKED,METADATA_NOT_SEARCHABLE,fundamental_balance_sheet,string,NEXT_SESSION_AFTER_MAX_NOTICE_UPDATE,,ABSENT,,False,274761,0
cn_source::balance_sheet_report_em::SECURITY_NAME_ABBR,balance_sheet_report_em,SECURITY_NAME_ABBR,METADATA_BLOCKED,STOCK_REPORT_PERIOD,REPORT_DATE,NOTICE_DATE,UPDATE_DATE,PIT_SAFE_CURRENT_SNAPSHOT_ONLY,balance_sheet_report_em.SECURITY_NAME_ABBR,SOURCE_METADATA_SIDECAR_ONLY,BLOCKED,METADATA_NOT_SEARCHABLE,fundamental_balance_sheet,string,NEXT_SESSION_AFTER_MAX_NOTICE_UPDATE,,ABSENT,,False,274761,0
cn_source::balance_sheet_report_em::SECURITY_TYPE_CODE,balance_sheet_report_em,SECURITY_TYPE_CODE,METADATA_BLOCKED,STOCK_REPORT_PERIOD,REPORT_DATE,NOTICE_DATE,UPDATE_DATE,PIT_SAFE_CURRENT_SNAPSHOT_ONLY,balance_sheet_report_em.SECURITY_TYPE_CODE,SOURCE_METADATA_SIDECAR_ONLY,BLOCKED,METADATA_NOT_SEARCHABLE,fundamental_balance_sheet,string,NEXT_SESSION_AFTER_MAX_NOTICE_UPDATE,,ABSENT,,False,274761,0
cn_source::balance_sheet_report_em::SELL_REPO_FINASSET,balance_sheet_report_em,SELL_REPO_FINASSET,FUNDAMENTAL_LEVEL|FUNDAMENTAL_CHANGE|DISCLOSURE_EVENT,STOCK_REPORT_PERIOD,REPORT_DATE,NOTICE_DATE,UPDATE_DATE,PIT_SAFE_CURRENT_SNAPSHOT_ONLY,balance_sheet_report_em.SELL_REPO_FINASSET,PIT_SIDECAR_REGISTERED_LAZY_NOT_MINUTE_EXPANDED,SLOW_XS_LEVEL|SLOW_TEMPORAL_CHANGE|DISCLOSURE_EVENT,NO_FORMAL_SEARCH_IN_THIS_TASK; SOURCE_UNIT_GLOSSARY_NOT_ASSERTED,fundamental_balance_sheet,double,NEXT_SESSION_AFTER_MAX_NOTICE_UPDATE,pit_fundamental.level|pit_fundamental.change|pit_fundamental.disclosure_event,ABSENT,,False,9237,265524
cn_source::balance_sheet_report_em::SELL_REPO_FINASSET_YOY,balance_sheet_report_em,SELL_REPO_FINASSET_YOY,FUNDAMENTAL_CHANGE|DISCLOSURE_EVENT,STOCK_REPORT_PERIOD,REPORT_DATE,NOTICE_DATE,UPDATE_DATE,PIT_SAFE_CURRENT_SNAPSHOT_ONLY,balance_sheet_report_em.SELL_REPO_FINASSET_YOY,PIT_SIDECAR_REGISTERED_LAZY_NOT_MINUTE_EXPANDED,SLOW_TEMPORAL_CHANGE|DISCLOSURE_EVENT,NO_FORMAL_SEARCH_IN_THIS_TASK; SOURCE_UNIT_GLOSSARY_NOT_ASSERTED,fundamental_balance_sheet,double,NEXT_SESSION_AFTER_MAX_NOTICE_UPDATE,pit_fundamental.change|pit_fundamental.disclosure_event,ABSENT,,False,5041,269720
cn_source::balance_sheet_report_em::SETTLE_EXCESS_RESERVE,balance_sheet_report_em,SETTLE_EXCESS_RESERVE,FUNDAMENTAL_LEVEL|FUNDAMENTAL_CHANGE|DISCLOSURE_EVENT,STOCK_REPORT_PERIOD,REPORT_DATE,NOTICE_DATE,UPDATE_DATE,PIT_SAFE_CURRENT_SNAPSHOT_ONLY,balance_sheet_report_em.SETTLE_EXCESS_RESERVE,PIT_SIDECAR_REGISTERED_LAZY_NOT_MINUTE_EXPANDED,SLOW_XS_LEVEL|SLOW_TEMPORAL_CHANGE|DISCLOSURE_EVENT,NO_FORMAL_SEARCH_IN_THIS_TASK; SOURCE_UNIT_GLOSSARY_NOT_ASSERTED,fundamental_balance_sheet,double,NEXT_SESSION_AFTER_MAX_NOTICE_UPDATE,pit_fundamental.level|pit_fundamental.change|pit_fundamental.disclosure_event,ABSENT,,False,6429,268332
cn_source::balance_sheet_report_em::SETTLE_EXCESS_RESERVE_YOY,balance_sheet_report_em,SETTLE_EXCESS_RESERVE_YOY,FUNDAMENTAL_CHANGE|DISCLOSURE_EVENT,STOCK_REPORT_PERIOD,REPORT_DATE,NOTICE_DATE,UPDATE_DATE,PIT_SAFE_CURRENT_SNAPSHOT_ONLY,balance_sheet_report_em.SETTLE_EXCESS_RESERVE_YOY,PIT_SIDECAR_REGISTERED_LAZY_NOT_MINUTE_EXPANDED,SLOW_TEMPORAL_CHANGE|DISCLOSURE_EVENT,NO_FORMAL_SEARCH_IN_THIS_TASK; SOURCE_UNIT_GLOSSARY_NOT_ASSERTED,fundamental_balance_sheet,double,NEXT_SESSION_AFTER_MAX_NOTICE_UPDATE,pit_fundamental.change|pit_fundamental.disclosure_event,ABSENT,,False,2725,272036
cn_source::balance_sheet_report_em::SHARE_CAPITAL,balance_sheet_report_em,SHARE_CAPITAL,FUNDAMENTAL_LEVEL|FUNDAMENTAL_CHANGE|DISCLOSURE_EVENT,STOCK_REPORT_PERIOD,REPORT_DATE,NOTICE_DATE,UPDATE_DATE,PIT_SAFE_CURRENT_SNAPSHOT_ONLY,balance_sheet_report_em.SHARE_CAPITAL,PIT_SIDECAR_REGISTERED_LAZY_NOT_MINUTE_EXPANDED,SLOW_XS_LEVEL|SLOW_TEMPORAL_CHANGE|DISCLOSURE_EVENT,NO_FORMAL_SEARCH_IN_THIS_TASK; SOURCE_UNIT_GLOSSARY_NOT_ASSERTED,fundamental_balance_sheet,int64,NEXT_SESSION_AFTER_MAX_NOTICE_UPDATE,pit_fundamental.level|pit_fundamental.change|pit_fundamental.disclosure_event,ABSENT,,False,272980,1781
cn_source::balance_sheet_report_em::SHARE_CAPITAL_YOY,balance_sheet_report_em,SHARE_CAPITAL_YOY,FUNDAMENTAL_CHANGE|DISCLOSURE_EVENT,STOCK_REPORT_PERIOD,REPORT_DATE,NOTICE_DATE,UPDATE_DATE,PIT_SAFE_CURRENT_SNAPSHOT_ONLY,balance_sheet_report_em.SHARE_CAPITAL_YOY,PIT_SIDECAR_REGISTERED_LAZY_NOT_MINUTE_EXPANDED,SLOW_TEMPORAL_CHANGE|DISCLOSURE_EVENT,NO_FORMAL_SEARCH_IN_THIS_TASK; SOURCE_UNIT_GLOSSARY_NOT_ASSERTED,fundamental_balance_sheet,double,NEXT_SESSION_AFTER_MAX_NOTICE_UPDATE,pit_fundamental.change|pit_fundamental.disclosure_event,ABSENT,,False,251020,23741
cn_source::balance_sheet_report_em::SHORT_BOND_PAYABLE,balance_sheet_report_em,SHORT_BOND_PAYABLE,FUNDAMENTAL_LEVEL|FUNDAMENTAL_CHANGE|DISCLOSURE_EVENT,STOCK_REPORT_PERIOD,REPORT_DATE,NOTICE_DATE,UPDATE_DATE,PIT_SAFE_CURRENT_SNAPSHOT_ONLY,balance_sheet_report_em.SHORT_BOND_PAYABLE,PIT_SIDECAR_REGISTERED_LAZY_NOT_MINUTE_EXPANDED,SLOW_XS_LEVEL|SLOW_TEMPORAL_CHANGE|DISCLOSURE_EVENT,NO_FORMAL_SEARCH_IN_THIS_TASK; SOURCE_UNIT_GLOSSARY_NOT_ASSERTED,fundamental_balance_sheet,double,NEXT_SESSION_AFTER_MAX_NOTICE_UPDATE,pit_fundamental.level|pit_fundamental.change|pit_fundamental.disclosure_event,ABSENT,,False,1865,272896
cn_source::balance_sheet_report_em::SHORT_BOND_PAYABLE_YOY,balance_sheet_report_em,SHORT_BOND_PAYABLE_YOY,FUNDAMENTAL_CHANGE|DISCLOSURE_EVENT,STOCK_REPORT_PERIOD,REPORT_DATE,NOTICE_DATE,UPDATE_DATE,PIT_SAFE_CURRENT_SNAPSHOT_ONLY,balance_sheet_report_em.SHORT_BOND_PAYABLE_YOY,PIT_SIDECAR_REGISTERED_LAZY_NOT_MINUTE_EXPANDED,SLOW_TEMPORAL_CHANGE|DISCLOSURE_EVENT,NO_FORMAL_SEARCH_IN_THIS_TASK; SOURCE_UNIT_GLOSSARY_NOT_ASSERTED,fundamental_balance_sheet,double,NEXT_SESSION_AFTER_MAX_NOTICE_UPDATE,pit_fundamental.change|pit_fundamental.disclosure_event,ABSENT,,False,230,274531
cn_source::balance_sheet_report_em::SHORT_FIN_PAYABLE,balance_sheet_report_em,SHORT_FIN_PAYABLE,FUNDAMENTAL_LEVEL|FUNDAMENTAL_CHANGE|DISCLOSURE_EVENT,STOCK_REPORT_PERIOD,REPORT_DATE,NOTICE_DATE,UPDATE_DATE,PIT_SAFE_CURRENT_SNAPSHOT_ONLY,balance_sheet_report_em.SHORT_FIN_PAYABLE,PIT_SIDECAR_REGISTERED_LAZY_NOT_MINUTE_EXPANDED,SLOW_XS_LEVEL|SLOW_TEMPORAL_CHANGE|DISCLOSURE_EVENT,NO_FORMAL_SEARCH_IN_THIS_TASK; SOURCE_UNIT_GLOSSARY_NOT_ASSERTED,fundamental_balance_sheet,double,NEXT_SESSION_AFTER_MAX_NOTICE_UPDATE,pit_fundamental.level|pit_fundamental.change|pit_fundamental.disclosure_event,ABSENT,,False,1839,272922
cn_source::balance_sheet_report_em::SHORT_FIN_PAYABLE_YOY,balance_sheet_report_em,SHORT_FIN_PAYABLE_YOY,FUNDAMENTAL_CHANGE|DISCLOSURE_EVENT,STOCK_REPORT_PERIOD,REPORT_DATE,NOTICE_DATE,UPDATE_DATE,PIT_SAFE_CURRENT_SNAPSHOT_ONLY,balance_sheet_report_em.SHORT_FIN_PAYABLE_YOY,PIT_SIDECAR_REGISTERED_LAZY_NOT_MINUTE_EXPANDED,SLOW_TEMPORAL_CHANGE|DISCLOSURE_EVENT,NO_FORMAL_SEARCH_IN_THIS_TASK; SOURCE_UNIT_GLOSSARY_NOT_ASSERTED,fundamental_balance_sheet,double,NEXT_SESSION_AFTER_MAX_NOTICE_UPDATE,pit_fundamental.change|pit_fundamental.disclosure_event,ABSENT,,False,1541,273220
cn_source::balance_sheet_report_em::SHORT_LOAN,balance_sheet_report_em,SHORT_LOAN,FUNDAMENTAL_LEVEL|FUNDAMENTAL_CHANGE|DISCLOSURE_EVENT,STOCK_REPORT_PERIOD,REPORT_DATE,NOTICE_DATE,UPDATE_DATE,PIT_SAFE_CURRENT_SNAPSHOT_ONLY,balance_sheet_report_em.SHORT_LOAN,PIT_SIDECAR_REGISTERED_LAZY_NOT_MINUTE_EXPANDED,SLOW_XS_LEVEL|SLOW_TEMPORAL_CHANGE|DISCLOSURE_EVENT,NO_FORMAL_SEARCH_IN_THIS_TASK; SOURCE_UNIT_GLOSSARY_NOT_ASSERTED,fundamental_balance_sheet,double,NEXT_SESSION_AFTER_MAX_NOTICE_UPDATE,pit_fundamental.level|pit_fundamental.change|pit_fundamental.disclosure_event,ABSENT,,False,213512,61249
cn_source::balance_sheet_report_em::SHORT_LOAN_YOY,balance_sheet_report_em,SHORT_LOAN_YOY,FUNDAMENTAL_CHANGE|DISCLOSURE_EVENT,STOCK_REPORT_PERIOD,REPORT_DATE,NOTICE_DATE,UPDATE_DATE,PIT_SAFE_CURRENT_SNAPSHOT_ONLY,balance_sheet_report_em.SHORT_LOAN_YOY,PIT_SIDECAR_REGISTERED_LAZY_NOT_MINUTE_EXPANDED,SLOW_TEMPORAL_CHANGE|DISCLOSURE_EVENT,NO_FORMAL_SEARCH_IN_THIS_TASK; SOURCE_UNIT_GLOSSARY_NOT_ASSERTED,fundamental_balance_sheet,double,NEXT_SESSION_AFTER_MAX_NOTICE_UPDATE,pit_fundamental.change|pit_fundamental.disclosure_event,ABSENT,,False,182645,92116
cn_source::balance_sheet_report_em::SPECIAL_PAYABLE,balance_sheet_report_em,SPECIAL_PAYABLE,FUNDAMENTAL_LEVEL|FUNDAMENTAL_CHANGE|DISCLOSURE_EVENT,STOCK_REPORT_PERIOD,REPORT_DATE,NOTICE_DATE,UPDATE_DATE,PIT_SAFE_CURRENT_SNAPSHOT_ONLY,balance_sheet_report_em.SPECIAL_PAYABLE,PIT_SIDECAR_REGISTERED_LAZY_NOT_MINUTE_EXPANDED,SLOW_XS_LEVEL|SLOW_TEMPORAL_CHANGE|DISCLOSURE_EVENT,NO_FORMAL_SEARCH_IN_THIS_TASK; SOURCE_UNIT_GLOSSARY_NOT_ASSERTED,fundamental_balance_sheet,double,NEXT_SESSION_AFTER_MAX_NOTICE_UPDATE,pit_fundamental.level|pit_fundamental.change|pit_fundamental.disclosure_event,ABSENT,,False,34017,240744
cn_source::balance_sheet_report_em::SPECIAL_PAYABLE_YOY,balance_sheet_report_em,SPECIAL_PAYABLE_YOY,FUNDAMENTAL_CHANGE|DISCLOSURE_EVENT,STOCK_REPORT_PERIOD,REPORT_DATE,NOTICE_DATE,UPDATE_DATE,PIT_SAFE_CURRENT_SNAPSHOT_ONLY,balance_sheet_report_em.SPECIAL_PAYABLE_YOY,PIT_SIDECAR_REGISTERED_LAZY_NOT_MINUTE_EXPANDED,SLOW_TEMPORAL_CHANGE|DISCLOSURE_EVENT,NO_FORMAL_SEARCH_IN_THIS_TASK; SOURCE_UNIT_GLOSSARY_NOT_ASSERTED,fundamental_balance_sheet,double,NEXT_SESSION_AFTER_MAX_NOTICE_UPDATE,pit_fundamental.change|pit_fundamental.disclosure_event,ABSENT,,False,23769,250992
cn_source::balance_sheet_report_em::SPECIAL_RESERVE,balance_sheet_report_em,SPECIAL_RESERVE,FUNDAMENTAL_LEVEL|FUNDAMENTAL_CHANGE|DISCLOSURE_EVENT,STOCK_REPORT_PERIOD,REPORT_DATE,NOTICE_DATE,UPDATE_DATE,PIT_SAFE_CURRENT_SNAPSHOT_ONLY,balance_sheet_report_em.SPECIAL_RESERVE,PIT_SIDECAR_REGISTERED_LAZY_NOT_MINUTE_EXPANDED,SLOW_XS_LEVEL|SLOW_TEMPORAL_CHANGE|DISCLOSURE_EVENT,NO_FORMAL_SEARCH_IN_THIS_TASK; SOURCE_UNIT_GLOSSARY_NOT_ASSERTED,fundamental_balance_sheet,double,NEXT_SESSION_AFTER_MAX_NOTICE_UPDATE,pit_fundamental.level|pit_fundamental.change|pit_fundamental.disclosure_event,ABSENT,,False,53041,221720
cn_source::balance_sheet_report_em::SPECIAL_RESERVE_YOY,balance_sheet_report_em,SPECIAL_RESERVE_YOY,FUNDAMENTAL_CHANGE|DISCLOSURE_EVENT,STOCK_REPORT_PERIOD,REPORT_DATE,NOTICE_DATE,UPDATE_DATE,PIT_SAFE_CURRENT_SNAPSHOT_ONLY,balance_sheet_report_em.SPECIAL_RESERVE_YOY,PIT_SIDECAR_REGISTERED_LAZY_NOT_MINUTE_EXPANDED,SLOW_TEMPORAL_CHANGE|DISCLOSURE_EVENT,NO_FORMAL_SEARCH_IN_THIS_TASK; SOURCE_UNIT_GLOSSARY_NOT_ASSERTED,fundamental_balance_sheet,double,NEXT_SESSION_AFTER_MAX_NOTICE_UPDATE,pit_fundamental.change|pit_fundamental.disclosure_event,ABSENT,,False,42101,232660
cn_source::balance_sheet_report_em::STAFF_SALARY_PAYABLE,balance_sheet_report_em,STAFF_SALARY_PAYABLE,FUNDAMENTAL_LEVEL|FUNDAMENTAL_CHANGE|DISCLOSURE_EVENT,STOCK_REPORT_PERIOD,REPORT_DATE,NOTICE_DATE,UPDATE_DATE,PIT_SAFE_CURRENT_SNAPSHOT_ONLY,balance_sheet_report_em.STAFF_SALARY_PAYABLE,PIT_SIDECAR_REGISTERED_LAZY_NOT_MINUTE_EXPANDED,SLOW_XS_LEVEL|SLOW_TEMPORAL_CHANGE|DISCLOSURE_EVENT,NO_FORMAL_SEARCH_IN_THIS_TASK; SOURCE_UNIT_GLOSSARY_NOT_ASSERTED,fundamental_balance_sheet,double,NEXT_SESSION_AFTER_MAX_NOTICE_UPDATE,pit_fundamental.level|pit_fundamental.change|pit_fundamental.disclosure_event,ABSENT,,False,269233,5528
cn_source::balance_sheet_report_em::STAFF_SALARY_PAYABLE_YOY,balance_sheet_report_em,STAFF_SALARY_PAYABLE_YOY,FUNDAMENTAL_CHANGE|DISCLOSURE_EVENT,STOCK_REPORT_PERIOD,REPORT_DATE,NOTICE_DATE,UPDATE_DATE,PIT_SAFE_CURRENT_SNAPSHOT_ONLY,balance_sheet_report_em.STAFF_SALARY_PAYABLE_YOY,PIT_SIDECAR_REGISTERED_LAZY_NOT_MINUTE_EXPANDED,SLOW_TEMPORAL_CHANGE|DISCLOSURE_EVENT,NO_FORMAL_SEARCH_IN_THIS_TASK; SOURCE_UNIT_GLOSSARY_NOT_ASSERTED,fundamental_balance_sheet,double,NEXT_SESSION_AFTER_MAX_NOTICE_UPDATE,pit_fundamental.change|pit_fundamental.disclosure_event,ABSENT,,False,246374,28387
cn_source::balance_sheet_report_em::SUBBOND_PAYABLE,balance_sheet_report_em,SUBBOND_PAYABLE,FUNDAMENTAL_LEVEL|FUNDAMENTAL_CHANGE|DISCLOSURE_EVENT,STOCK_REPORT_PERIOD,REPORT_DATE,NOTICE_DATE,UPDATE_DATE,PIT_SAFE_CURRENT_SNAPSHOT_ONLY,balance_sheet_report_em.SUBBOND_PAYABLE,PIT_SIDECAR_REGISTERED_LAZY_NOT_MINUTE_EXPANDED,SLOW_XS_LEVEL|SLOW_TEMPORAL_CHANGE|DISCLOSURE_EVENT,NO_FORMAL_SEARCH_IN_THIS_TASK; SOURCE_UNIT_GLOSSARY_NOT_ASSERTED,fundamental_balance_sheet,double,NEXT_SESSION_AFTER_MAX_NOTICE_UPDATE,pit_fundamental.level|pit_fundamental.change|pit_fundamental.disclosure_event,ABSENT,,False,113,274648
cn_source::balance_sheet_report_em::SUBBOND_PAYABLE_YOY,balance_sheet_report_em,SUBBOND_PAYABLE_YOY,FUNDAMENTAL_CHANGE|DISCLOSURE_EVENT,STOCK_REPORT_PERIOD,REPORT_DATE,NOTICE_DATE,UPDATE_DATE,PIT_SAFE_CURRENT_SNAPSHOT_ONLY,balance_sheet_report_em.SUBBOND_PAYABLE_YOY,PIT_SIDECAR_REGISTERED_LAZY_NOT_MINUTE_EXPANDED,SLOW_TEMPORAL_CHANGE|DISCLOSURE_EVENT,NO_FORMAL_SEARCH_IN_THIS_TASK; SOURCE_UNIT_GLOSSARY_NOT_ASSERTED,fundamental_balance_sheet,double,NEXT_SESSION_AFTER_MAX_NOTICE_UPDATE,pit_fundamental.change|pit_fundamental.disclosure_event,ABSENT,,False,51,274710
cn_source::balance_sheet_report_em::SUBROGATION_RECE,balance_sheet_report_em,SUBROGATION_RECE,FUNDAMENTAL_LEVEL|FUNDAMENTAL_CHANGE|DISCLOSURE_EVENT,STOCK_REPORT_PERIOD,REPORT_DATE,NOTICE_DATE,UPDATE_DATE,PIT_SAFE_CURRENT_SNAPSHOT_ONLY,balance_sheet_report_em.SUBROGATION_RECE,PIT_SIDECAR_REGISTERED_LAZY_NOT_MINUTE_EXPANDED,SLOW_XS_LEVEL|SLOW_TEMPORAL_CHANGE|DISCLOSURE_EVENT,NO_FORMAL_SEARCH_IN_THIS_TASK; SOURCE_UNIT_GLOSSARY_NOT_ASSERTED,fundamental_balance_sheet,double,NEXT_SESSION_AFTER_MAX_NOTICE_UPDATE,pit_fundamental.level|pit_fundamental.change|pit_fundamental.disclosure_event,ABSENT,,False,2,274759
cn_source::balance_sheet_report_em::SUBROGATION_RECE_YOY,balance_sheet_report_em,SUBROGATION_RECE_YOY,FUNDAMENTAL_CHANGE|DISCLOSURE_EVENT,STOCK_REPORT_PERIOD,REPORT_DATE,NOTICE_DATE,UPDATE_DATE,PIT_SAFE_CURRENT_SNAPSHOT_ONLY,balance_sheet_report_em.SUBROGATION_RECE_YOY,PIT_SIDECAR_REGISTERED_LAZY_NOT_MINUTE_EXPANDED,SLOW_TEMPORAL_CHANGE|DISCLOSURE_EVENT,NO_FORMAL_SEARCH_IN_THIS_TASK; SOURCE_UNIT_GLOSSARY_NOT_ASSERTED,fundamental_balance_sheet,double,NEXT_SESSION_AFTER_MAX_NOTICE_UPDATE,pit_fundamental.change|pit_fundamental.disclosure_event,ABSENT,,False,0,274761
cn_source::balance_sheet_report_em::SUBSIDY_RECE,balance_sheet_report_em,SUBSIDY_RECE,FUNDAMENTAL_LEVEL|FUNDAMENTAL_CHANGE|DISCLOSURE_EVENT,STOCK_REPORT_PERIOD,REPORT_DATE,NOTICE_DATE,UPDATE_DATE,PIT_SAFE_CURRENT_SNAPSHOT_ONLY,balance_sheet_report_em.SUBSIDY_RECE,PIT_SIDECAR_REGISTERED_LAZY_NOT_MINUTE_EXPANDED,SLOW_XS_LEVEL|SLOW_TEMPORAL_CHANGE|DISCLOSURE_EVENT,NO_FORMAL_SEARCH_IN_THIS_TASK; SOURCE_UNIT_GLOSSARY_NOT_ASSERTED,fundamental_balance_sheet,double,NEXT_SESSION_AFTER_MAX_NOTICE_UPDATE,pit_fundamental.level|pit_fundamental.change|pit_fundamental.disclosure_event,ABSENT,,False,1514,273247
cn_source::balance_sheet_report_em::SUBSIDY_RECE_YOY,balance_sheet_report_em,SUBSIDY_RECE_YOY,FUNDAMENTAL_CHANGE|DISCLOSURE_EVENT,STOCK_REPORT_PERIOD,REPORT_DATE,NOTICE_DATE,UPDATE_DATE,PIT_SAFE_CURRENT_SNAPSHOT_ONLY,balance_sheet_report_em.SUBSIDY_RECE_YOY,PIT_SIDECAR_REGISTERED_LAZY_NOT_MINUTE_EXPANDED,SLOW_TEMPORAL_CHANGE|DISCLOSURE_EVENT,NO_FORMAL_SEARCH_IN_THIS_TASK; SOURCE_UNIT_GLOSSARY_NOT_ASSERTED,fundamental_balance_sheet,double,NEXT_SESSION_AFTER_MAX_NOTICE_UPDATE,pit_fundamental.change|pit_fundamental.disclosure_event,ABSENT,,False,40,274721
cn_source::balance_sheet_report_em::SURPLUS_RESERVE,balance_sheet_report_em,SURPLUS_RESERVE,FUNDAMENTAL_LEVEL|FUNDAMENTAL_CHANGE|DISCLOSURE_EVENT,STOCK_REPORT_PERIOD,REPORT_DATE,NOTICE_DATE,UPDATE_DATE,PIT_SAFE_CURRENT_SNAPSHOT_ONLY,balance_sheet_report_em.SURPLUS_RESERVE,PIT_SIDECAR_REGISTERED_LAZY_NOT_MINUTE_EXPANDED,SLOW_XS_LEVEL|SLOW_TEMPORAL_CHANGE|DISCLOSURE_EVENT,NO_FORMAL_SEARCH_IN_THIS_TASK; SOURCE_UNIT_GLOSSARY_NOT_ASSERTED,fundamental_balance_sheet,double,NEXT_SESSION_AFTER_MAX_NOTICE_UPDATE,pit_fundamental.level|pit_fundamental.change|pit_fundamental.disclosure_event,ABSENT,,False,267907,6854
cn_source::balance_sheet_report_em::SURPLUS_RESERVE_YOY,balance_sheet_report_em,SURPLUS_RESERVE_YOY,FUNDAMENTAL_CHANGE|DISCLOSURE_EVENT,STOCK_REPORT_PERIOD,REPORT_DATE,NOTICE_DATE,UPDATE_DATE,PIT_SAFE_CURRENT_SNAPSHOT_ONLY,balance_sheet_report_em.SURPLUS_RESERVE_YOY,PIT_SIDECAR_REGISTERED_LAZY_NOT_MINUTE_EXPANDED,SLOW_TEMPORAL_CHANGE|DISCLOSURE_EVENT,NO_FORMAL_SEARCH_IN_THIS_TASK; SOURCE_UNIT_GLOSSARY_NOT_ASSERTED,fundamental_balance_sheet,double,NEXT_SESSION_AFTER_MAX_NOTICE_UPDATE,pit_fundamental.change|pit_fundamental.disclosure_event,ABSENT,,False,245530,29231
cn_source::balance_sheet_report_em::TAX_PAYABLE,balance_sheet_report_em,TAX_PAYABLE,FUNDAMENTAL_LEVEL|FUNDAMENTAL_CHANGE|DISCLOSURE_EVENT,STOCK_REPORT_PERIOD,REPORT_DATE,NOTICE_DATE,UPDATE_DATE,PIT_SAFE_CURRENT_SNAPSHOT_ONLY,balance_sheet_report_em.TAX_PAYABLE,PIT_SIDECAR_REGISTERED_LAZY_NOT_MINUTE_EXPANDED,SLOW_XS_LEVEL|SLOW_TEMPORAL_CHANGE|DISCLOSURE_EVENT,NO_FORMAL_SEARCH_IN_THIS_TASK; SOURCE_UNIT_GLOSSARY_NOT_ASSERTED,fundamental_balance_sheet,double,NEXT_SESSION_AFTER_MAX_NOTICE_UPDATE,pit_fundamental.level|pit_fundamental.change|pit_fundamental.disclosure_event,ABSENT,,False,271132,3629
cn_source::balance_sheet_report_em::TAX_PAYABLE_YOY,balance_sheet_report_em,TAX_PAYABLE_YOY,FUNDAMENTAL_CHANGE|DISCLOSURE_EVENT,STOCK_REPORT_PERIOD,REPORT_DATE,NOTICE_DATE,UPDATE_DATE,PIT_SAFE_CURRENT_SNAPSHOT_ONLY,balance_sheet_report_em.TAX_PAYABLE_YOY,PIT_SIDECAR_REGISTERED_LAZY_NOT_MINUTE_EXPANDED,SLOW_TEMPORAL_CHANGE|DISCLOSURE_EVENT,NO_FORMAL_SEARCH_IN_THIS_TASK; SOURCE_UNIT_GLOSSARY_NOT_ASSERTED,fundamental_balance_sheet,double,NEXT_SESSION_AFTER_MAX_NOTICE_UPDATE,pit_fundamental.change|pit_fundamental.disclosure_event,ABSENT,,False,248841,25920
cn_source::balance_sheet_report_em::TIME_DEPOSIT,balance_sheet_report_em,TIME_DEPOSIT,FUNDAMENTAL_LEVEL|FUNDAMENTAL_CHANGE|DISCLOSURE_EVENT,STOCK_REPORT_PERIOD,REPORT_DATE,NOTICE_DATE,UPDATE_DATE,PIT_SAFE_CURRENT_SNAPSHOT_ONLY,balance_sheet_report_em.TIME_DEPOSIT,PIT_SIDECAR_REGISTERED_LAZY_NOT_MINUTE_EXPANDED,SLOW_XS_LEVEL|SLOW_TEMPORAL_CHANGE|DISCLOSURE_EVENT,NO_FORMAL_SEARCH_IN_THIS_TASK; SOURCE_UNIT_GLOSSARY_NOT_ASSERTED,fundamental_balance_sheet,double,NEXT_SESSION_AFTER_MAX_NOTICE_UPDATE,pit_fundamental.level|pit_fundamental.change|pit_fundamental.disclosure_event,ABSENT,,False,321,274440
cn_source::balance_sheet_report_em::TIME_DEPOSIT_YOY,balance_sheet_report_em,TIME_DEPOSIT_YOY,FUNDAMENTAL_CHANGE|DISCLOSURE_EVENT,STOCK_REPORT_PERIOD,REPORT_DATE,NOTICE_DATE,UPDATE_DATE,PIT_SAFE_CURRENT_SNAPSHOT_ONLY,balance_sheet_report_em.TIME_DEPOSIT_YOY,PIT_SIDECAR_REGISTERED_LAZY_NOT_MINUTE_EXPANDED,SLOW_TEMPORAL_CHANGE|DISCLOSURE_EVENT,NO_FORMAL_SEARCH_IN_THIS_TASK; SOURCE_UNIT_GLOSSARY_NOT_ASSERTED,fundamental_balance_sheet,double,NEXT_SESSION_AFTER_MAX_NOTICE_UPDATE,pit_fundamental.change|pit_fundamental.disclosure_event,ABSENT,,False,298,274463
cn_source::balance_sheet_report_em::TOTAL_ASSETS,balance_sheet_report_em,TOTAL_ASSETS,FUNDAMENTAL_LEVEL|FUNDAMENTAL_CHANGE|DISCLOSURE_EVENT,STOCK_REPORT_PERIOD,REPORT_DATE,NOTICE_DATE,UPDATE_DATE,PIT_SAFE_CURRENT_SNAPSHOT_ONLY,balance_sheet_report_em.TOTAL_ASSETS,PIT_SIDECAR_REGISTERED_LAZY_NOT_MINUTE_EXPANDED,SLOW_XS_LEVEL|SLOW_TEMPORAL_CHANGE|DISCLOSURE_EVENT,NO_FORMAL_SEARCH_IN_THIS_TASK; SOURCE_UNIT_GLOSSARY_NOT_ASSERTED,fundamental_balance_sheet,double,NEXT_SESSION_AFTER_MAX_NOTICE_UPDATE,pit_fundamental.level|pit_fundamental.change|pit_fundamental.disclosure_event,ABSENT,,False,274753,8
cn_source::balance_sheet_report_em::TOTAL_ASSETS_YOY,balance_sheet_report_em,TOTAL_ASSETS_YOY,FUNDAMENTAL_CHANGE|DISCLOSURE_EVENT,STOCK_REPORT_PERIOD,REPORT_DATE,NOTICE_DATE,UPDATE_DATE,PIT_SAFE_CURRENT_SNAPSHOT_ONLY,balance_sheet_report_em.TOTAL_ASSETS_YOY,PIT_SIDECAR_REGISTERED_LAZY_NOT_MINUTE_EXPANDED,SLOW_TEMPORAL_CHANGE|DISCLOSURE_EVENT,NO_FORMAL_SEARCH_IN_THIS_TASK; SOURCE_UNIT_GLOSSARY_NOT_ASSERTED,fundamental_balance_sheet,double,NEXT_SESSION_AFTER_MAX_NOTICE_UPDATE,pit_fundamental.change|pit_fundamental.disclosure_event,ABSENT,,False,252668,22093
cn_source::balance_sheet_report_em::TOTAL_CURRENT_ASSETS,balance_sheet_report_em,TOTAL_CURRENT_ASSETS,FUNDAMENTAL_LEVEL|FUNDAMENTAL_CHANGE|DISCLOSURE_EVENT,STOCK_REPORT_PERIOD,REPORT_DATE,NOTICE_DATE,UPDATE_DATE,PIT_SAFE_CURRENT_SNAPSHOT_ONLY,balance_sheet_report_em.TOTAL_CURRENT_ASSETS,PIT_SIDECAR_REGISTERED_LAZY_NOT_MINUTE_EXPANDED,SLOW_XS_LEVEL|SLOW_TEMPORAL_CHANGE|DISCLOSURE_EVENT,NO_FORMAL_SEARCH_IN_THIS_TASK; SOURCE_UNIT_GLOSSARY_NOT_ASSERTED,fundamental_balance_sheet,double,NEXT_SESSION_AFTER_MAX_NOTICE_UPDATE,pit_fundamental.level|pit_fundamental.change|pit_fundamental.disclosure_event,ABSENT,,False,267893,6868
cn_source::balance_sheet_report_em::TOTAL_CURRENT_ASSETS_YOY,balance_sheet_report_em,TOTAL_CURRENT_ASSETS_YOY,FUNDAMENTAL_CHANGE|DISCLOSURE_EVENT,STOCK_REPORT_PERIOD,REPORT_DATE,NOTICE_DATE,UPDATE_DATE,PIT_SAFE_CURRENT_SNAPSHOT_ONLY,balance_sheet_report_em.TOTAL_CURRENT_ASSETS_YOY,PIT_SIDECAR_REGISTERED_LAZY_NOT_MINUTE_EXPANDED,SLOW_TEMPORAL_CHANGE|DISCLOSURE_EVENT,NO_FORMAL_SEARCH_IN_THIS_TASK; SOURCE_UNIT_GLOSSARY_NOT_ASSERTED,fundamental_balance_sheet,double,NEXT_SESSION_AFTER_MAX_NOTICE_UPDATE,pit_fundamental.change|pit_fundamental.disclosure_event,ABSENT,,False,246191,28570
cn_source::balance_sheet_report_em::TOTAL_CURRENT_LIAB,balance_sheet_report_em,TOTAL_CURRENT_LIAB,FUNDAMENTAL_LEVEL|FUNDAMENTAL_CHANGE|DISCLOSURE_EVENT,STOCK_REPORT_PERIOD,REPORT_DATE,NOTICE_DATE,UPDATE_DATE,PIT_SAFE_CURRENT_SNAPSHOT_ONLY,balance_sheet_report_em.TOTAL_CURRENT_LIAB,PIT_SIDECAR_REGISTERED_LAZY_NOT_MINUTE_EXPANDED,SLOW_XS_LEVEL|SLOW_TEMPORAL_CHANGE|DISCLOSURE_EVENT,NO_FORMAL_SEARCH_IN_THIS_TASK; SOURCE_UNIT_GLOSSARY_NOT_ASSERTED,fundamental_balance_sheet,double,NEXT_SESSION_AFTER_MAX_NOTICE_UPDATE,pit_fundamental.level|pit_fundamental.change|pit_fundamental.disclosure_event,ABSENT,,False,267881,6880
cn_source::balance_sheet_report_em::TOTAL_CURRENT_LIAB_YOY,balance_sheet_report_em,TOTAL_CURRENT_LIAB_YOY,FUNDAMENTAL_CHANGE|DISCLOSURE_EVENT,STOCK_REPORT_PERIOD,REPORT_DATE,NOTICE_DATE,UPDATE_DATE,PIT_SAFE_CURRENT_SNAPSHOT_ONLY,balance_sheet_report_em.TOTAL_CURRENT_LIAB_YOY,PIT_SIDECAR_REGISTERED_LAZY_NOT_MINUTE_EXPANDED,SLOW_TEMPORAL_CHANGE|DISCLOSURE_EVENT,NO_FORMAL_SEARCH_IN_THIS_TASK; SOURCE_UNIT_GLOSSARY_NOT_ASSERTED,fundamental_balance_sheet,double,NEXT_SESSION_AFTER_MAX_NOTICE_UPDATE,pit_fundamental.change|pit_fundamental.disclosure_event,ABSENT,,False,246180,28581
cn_source::balance_sheet_report_em::TOTAL_EQUITY,balance_sheet_report_em,TOTAL_EQUITY,FUNDAMENTAL_LEVEL|FUNDAMENTAL_CHANGE|DISCLOSURE_EVENT,STOCK_REPORT_PERIOD,REPORT_DATE,NOTICE_DATE,UPDATE_DATE,PIT_SAFE_CURRENT_SNAPSHOT_ONLY,balance_sheet_report_em.TOTAL_EQUITY,PIT_SIDECAR_REGISTERED_LAZY_NOT_MINUTE_EXPANDED,SLOW_XS_LEVEL|SLOW_TEMPORAL_CHANGE|DISCLOSURE_EVENT,NO_FORMAL_SEARCH_IN_THIS_TASK; SOURCE_UNIT_GLOSSARY_NOT_ASSERTED,fundamental_balance_sheet,double,NEXT_SESSION_AFTER_MAX_NOTICE_UPDATE,pit_fundamental.level|pit_fundamental.change|pit_fundamental.disclosure_event,ABSENT,,False,273482,1279
cn_source::balance_sheet_report_em::TOTAL_EQUITY_YOY,balance_sheet_report_em,TOTAL_EQUITY_YOY,FUNDAMENTAL_CHANGE|DISCLOSURE_EVENT,STOCK_REPORT_PERIOD,REPORT_DATE,NOTICE_DATE,UPDATE_DATE,PIT_SAFE_CURRENT_SNAPSHOT_ONLY,balance_sheet_report_em.TOTAL_EQUITY_YOY,PIT_SIDECAR_REGISTERED_LAZY_NOT_MINUTE_EXPANDED,SLOW_TEMPORAL_CHANGE|DISCLOSURE_EVENT,NO_FORMAL_SEARCH_IN_THIS_TASK; SOURCE_UNIT_GLOSSARY_NOT_ASSERTED,fundamental_balance_sheet,double,NEXT_SESSION_AFTER_MAX_NOTICE_UPDATE,pit_fundamental.change|pit_fundamental.disclosure_event,ABSENT,,False,251498,23263
cn_source::balance_sheet_report_em::TOTAL_LIABILITIES,balance_sheet_report_em,TOTAL_LIABILITIES,FUNDAMENTAL_LEVEL|FUNDAMENTAL_CHANGE|DISCLOSURE_EVENT,STOCK_REPORT_PERIOD,REPORT_DATE,NOTICE_DATE,UPDATE_DATE,PIT_SAFE_CURRENT_SNAPSHOT_ONLY,balance_sheet_report_em.TOTAL_LIABILITIES,PIT_SIDECAR_REGISTERED_LAZY_NOT_MINUTE_EXPANDED,SLOW_XS_LEVEL|SLOW_TEMPORAL_CHANGE|DISCLOSURE_EVENT,NO_FORMAL_SEARCH_IN_THIS_TASK; SOURCE_UNIT_GLOSSARY_NOT_ASSERTED,fundamental_balance_sheet,double,NEXT_SESSION_AFTER_MAX_NOTICE_UPDATE,pit_fundamental.level|pit_fundamental.change|pit_fundamental.disclosure_event,ABSENT,,False,274258,503
cn_source::balance_sheet_report_em::TOTAL_LIABILITIES_YOY,balance_sheet_report_em,TOTAL_LIABILITIES_YOY,FUNDAMENTAL_CHANGE|DISCLOSURE_EVENT,STOCK_REPORT_PERIOD,REPORT_DATE,NOTICE_DATE,UPDATE_DATE,PIT_SAFE_CURRENT_SNAPSHOT_ONLY,balance_sheet_report_em.TOTAL_LIABILITIES_YOY,PIT_SIDECAR_REGISTERED_LAZY_NOT_MINUTE_EXPANDED,SLOW_TEMPORAL_CHANGE|DISCLOSURE_EVENT,NO_FORMAL_SEARCH_IN_THIS_TASK; SOURCE_UNIT_GLOSSARY_NOT_ASSERTED,fundamental_balance_sheet,double,NEXT_SESSION_AFTER_MAX_NOTICE_UPDATE,pit_fundamental.change|pit_fundamental.disclosure_event,ABSENT,,False,252032,22729
cn_source::balance_sheet_report_em::TOTAL_LIAB_EQUITY,balance_sheet_report_em,TOTAL_LIAB_EQUITY,FUNDAMENTAL_LEVEL|FUNDAMENTAL_CHANGE|DISCLOSURE_EVENT,STOCK_REPORT_PERIOD,REPORT_DATE,NOTICE_DATE,UPDATE_DATE,PIT_SAFE_CURRENT_SNAPSHOT_ONLY,balance_sheet_report_em.TOTAL_LIAB_EQUITY,PIT_SIDECAR_REGISTERED_LAZY_NOT_MINUTE_EXPANDED,SLOW_XS_LEVEL|SLOW_TEMPORAL_CHANGE|DISCLOSURE_EVENT,NO_FORMAL_SEARCH_IN_THIS_TASK; SOURCE_UNIT_GLOSSARY_NOT_ASSERTED,fundamental_balance_sheet,double,NEXT_SESSION_AFTER_MAX_NOTICE_UPDATE,pit_fundamental.level|pit_fundamental.change|pit_fundamental.disclosure_event,ABSENT,,False,273498,1263
cn_source::balance_sheet_report_em::TOTAL_LIAB_EQUITY_YOY,balance_sheet_report_em,TOTAL_LIAB_EQUITY_YOY,FUNDAMENTAL_CHANGE|DISCLOSURE_EVENT,STOCK_REPORT_PERIOD,REPORT_DATE,NOTICE_DATE,UPDATE_DATE,PIT_SAFE_CURRENT_SNAPSHOT_ONLY,balance_sheet_report_em.TOTAL_LIAB_EQUITY_YOY,PIT_SIDECAR_REGISTERED_LAZY_NOT_MINUTE_EXPANDED,SLOW_TEMPORAL_CHANGE|DISCLOSURE_EVENT,NO_FORMAL_SEARCH_IN_THIS_TASK; SOURCE_UNIT_GLOSSARY_NOT_ASSERTED,fundamental_balance_sheet,double,NEXT_SESSION_AFTER_MAX_NOTICE_UPDATE,pit_fundamental.change|pit_fundamental.disclosure_event,ABSENT,,False,251536,23225
cn_source::balance_sheet_report_em::TOTAL_NONCURRENT_ASSETS,balance_sheet_report_em,TOTAL_NONCURRENT_ASSETS,FUNDAMENTAL_LEVEL|FUNDAMENTAL_CHANGE|DISCLOSURE_EVENT,STOCK_REPORT_PERIOD,REPORT_DATE,NOTICE_DATE,UPDATE_DATE,PIT_SAFE_CURRENT_SNAPSHOT_ONLY,balance_sheet_report_em.TOTAL_NONCURRENT_ASSETS,PIT_SIDECAR_REGISTERED_LAZY_NOT_MINUTE_EXPANDED,SLOW_XS_LEVEL|SLOW_TEMPORAL_CHANGE|DISCLOSURE_EVENT,NO_FORMAL_SEARCH_IN_THIS_TASK; SOURCE_UNIT_GLOSSARY_NOT_ASSERTED,fundamental_balance_sheet,double,NEXT_SESSION_AFTER_MAX_NOTICE_UPDATE,pit_fundamental.level|pit_fundamental.change|pit_fundamental.disclosure_event,ABSENT,,False,267810,6951
cn_source::balance_sheet_report_em::TOTAL_NONCURRENT_ASSETS_YOY,balance_sheet_report_em,TOTAL_NONCURRENT_ASSETS_YOY,FUNDAMENTAL_CHANGE|DISCLOSURE_EVENT,STOCK_REPORT_PERIOD,REPORT_DATE,NOTICE_DATE,UPDATE_DATE,PIT_SAFE_CURRENT_SNAPSHOT_ONLY,balance_sheet_report_em.TOTAL_NONCURRENT_ASSETS_YOY,PIT_SIDECAR_REGISTERED_LAZY_NOT_MINUTE_EXPANDED,SLOW_TEMPORAL_CHANGE|DISCLOSURE_EVENT,NO_FORMAL_SEARCH_IN_THIS_TASK; SOURCE_UNIT_GLOSSARY_NOT_ASSERTED,fundamental_balance_sheet,double,NEXT_SESSION_AFTER_MAX_NOTICE_UPDATE,pit_fundamental.change|pit_fundamental.disclosure_event,ABSENT,,False,246049,28712
cn_source::balance_sheet_report_em::TOTAL_NONCURRENT_LIAB,balance_sheet_report_em,TOTAL_NONCURRENT_LIAB,FUNDAMENTAL_LEVEL|FUNDAMENTAL_CHANGE|DISCLOSURE_EVENT,STOCK_REPORT_PERIOD,REPORT_DATE,NOTICE_DATE,UPDATE_DATE,PIT_SAFE_CURRENT_SNAPSHOT_ONLY,balance_sheet_report_em.TOTAL_NONCURRENT_LIAB,PIT_SIDECAR_REGISTERED_LAZY_NOT_MINUTE_EXPANDED,SLOW_XS_LEVEL|SLOW_TEMPORAL_CHANGE|DISCLOSURE_EVENT,NO_FORMAL_SEARCH_IN_THIS_TASK; SOURCE_UNIT_GLOSSARY_NOT_ASSERTED,fundamental_balance_sheet,double,NEXT_SESSION_AFTER_MAX_NOTICE_UPDATE,pit_fundamental.level|pit_fundamental.change|pit_fundamental.disclosure_event,ABSENT,,False,252766,21995
cn_source::balance_sheet_report_em::TOTAL_NONCURRENT_LIAB_YOY,balance_sheet_report_em,TOTAL_NONCURRENT_LIAB_YOY,FUNDAMENTAL_CHANGE|DISCLOSURE_EVENT,STOCK_REPORT_PERIOD,REPORT_DATE,NOTICE_DATE,UPDATE_DATE,PIT_SAFE_CURRENT_SNAPSHOT_ONLY,balance_sheet_report_em.TOTAL_NONCURRENT_LIAB_YOY,PIT_SIDECAR_REGISTERED_LAZY_NOT_MINUTE_EXPANDED,SLOW_TEMPORAL_CHANGE|DISCLOSURE_EVENT,NO_FORMAL_SEARCH_IN_THIS_TASK; SOURCE_UNIT_GLOSSARY_NOT_ASSERTED,fundamental_balance_sheet,double,NEXT_SESSION_AFTER_MAX_NOTICE_UPDATE,pit_fundamental.change|pit_fundamental.disclosure_event,ABSENT,,False,226420,48341
cn_source::balance_sheet_report_em::TOTAL_OTHER_PAYABLE,balance_sheet_report_em,TOTAL_OTHER_PAYABLE,FUNDAMENTAL_LEVEL|FUNDAMENTAL_CHANGE|DISCLOSURE_EVENT,STOCK_REPORT_PERIOD,REPORT_DATE,NOTICE_DATE,UPDATE_DATE,PIT_SAFE_CURRENT_SNAPSHOT_ONLY,balance_sheet_report_em.TOTAL_OTHER_PAYABLE,PIT_SIDECAR_REGISTERED_LAZY_NOT_MINUTE_EXPANDED,SLOW_XS_LEVEL|SLOW_TEMPORAL_CHANGE|DISCLOSURE_EVENT,NO_FORMAL_SEARCH_IN_THIS_TASK; SOURCE_UNIT_GLOSSARY_NOT_ASSERTED,fundamental_balance_sheet,double,NEXT_SESSION_AFTER_MAX_NOTICE_UPDATE,pit_fundamental.level|pit_fundamental.change|pit_fundamental.disclosure_event,ABSENT,,False,265142,9619
cn_source::balance_sheet_report_em::TOTAL_OTHER_PAYABLE_YOY,balance_sheet_report_em,TOTAL_OTHER_PAYABLE_YOY,FUNDAMENTAL_CHANGE|DISCLOSURE_EVENT,STOCK_REPORT_PERIOD,REPORT_DATE,NOTICE_DATE,UPDATE_DATE,PIT_SAFE_CURRENT_SNAPSHOT_ONLY,balance_sheet_report_em.TOTAL_OTHER_PAYABLE_YOY,PIT_SIDECAR_REGISTERED_LAZY_NOT_MINUTE_EXPANDED,SLOW_TEMPORAL_CHANGE|DISCLOSURE_EVENT,NO_FORMAL_SEARCH_IN_THIS_TASK; SOURCE_UNIT_GLOSSARY_NOT_ASSERTED,fundamental_balance_sheet,double,NEXT_SESSION_AFTER_MAX_NOTICE_UPDATE,pit_fundamental.change|pit_fundamental.disclosure_event,ABSENT,,False,243022,31739
cn_source::balance_sheet_report_em::TOTAL_OTHER_RECE,balance_sheet_report_em,TOTAL_OTHER_RECE,FUNDAMENTAL_LEVEL|FUNDAMENTAL_CHANGE|DISCLOSURE_EVENT,STOCK_REPORT_PERIOD,REPORT_DATE,NOTICE_DATE,UPDATE_DATE,PIT_SAFE_CURRENT_SNAPSHOT_ONLY,balance_sheet_report_em.TOTAL_OTHER_RECE,PIT_SIDECAR_REGISTERED_LAZY_NOT_MINUTE_EXPANDED,SLOW_XS_LEVEL|SLOW_TEMPORAL_CHANGE|DISCLOSURE_EVENT,NO_FORMAL_SEARCH_IN_THIS_TASK; SOURCE_UNIT_GLOSSARY_NOT_ASSERTED,fundamental_balance_sheet,double,NEXT_SESSION_AFTER_MAX_NOTICE_UPDATE,pit_fundamental.level|pit_fundamental.change|pit_fundamental.disclosure_event,ABSENT,,False,258538,16223
cn_source::balance_sheet_report_em::TOTAL_OTHER_RECE_YOY,balance_sheet_report_em,TOTAL_OTHER_RECE_YOY,FUNDAMENTAL_CHANGE|DISCLOSURE_EVENT,STOCK_REPORT_PERIOD,REPORT_DATE,NOTICE_DATE,UPDATE_DATE,PIT_SAFE_CURRENT_SNAPSHOT_ONLY,balance_sheet_report_em.TOTAL_OTHER_RECE_YOY,PIT_SIDECAR_REGISTERED_LAZY_NOT_MINUTE_EXPANDED,SLOW_TEMPORAL_CHANGE|DISCLOSURE_EVENT,NO_FORMAL_SEARCH_IN_THIS_TASK; SOURCE_UNIT_GLOSSARY_NOT_ASSERTED,fundamental_balance_sheet,double,NEXT_SESSION_AFTER_MAX_NOTICE_UPDATE,pit_fundamental.change|pit_fundamental.disclosure_event,ABSENT,,False,236281,38480
cn_source::balance_sheet_report_em::TOTAL_PARENT_EQUITY,balance_sheet_report_em,TOTAL_PARENT_EQUITY,FUNDAMENTAL_LEVEL|FUNDAMENTAL_CHANGE|DISCLOSURE_EVENT,STOCK_REPORT_PERIOD,REPORT_DATE,NOTICE_DATE,UPDATE_DATE,PIT_SAFE_CURRENT_SNAPSHOT_ONLY,balance_sheet_report_em.TOTAL_PARENT_EQUITY,PIT_SIDECAR_REGISTERED_LAZY_NOT_MINUTE_EXPANDED,SLOW_XS_LEVEL|SLOW_TEMPORAL_CHANGE|DISCLOSURE_EVENT,NO_FORMAL_SEARCH_IN_THIS_TASK; SOURCE_UNIT_GLOSSARY_NOT_ASSERTED,fundamental_balance_sheet,double,NEXT_SESSION_AFTER_MAX_NOTICE_UPDATE,pit_fundamental.level|pit_fundamental.change|pit_fundamental.disclosure_event,ABSENT,,False,274713,48
cn_source::balance_sheet_report_em::TOTAL_PARENT_EQUITY_YOY,balance_sheet_report_em,TOTAL_PARENT_EQUITY_YOY,FUNDAMENTAL_CHANGE|DISCLOSURE_EVENT,STOCK_REPORT_PERIOD,REPORT_DATE,NOTICE_DATE,UPDATE_DATE,PIT_SAFE_CURRENT_SNAPSHOT_ONLY,balance_sheet_report_em.TOTAL_PARENT_EQUITY_YOY,PIT_SIDECAR_REGISTERED_LAZY_NOT_MINUTE_EXPANDED,SLOW_TEMPORAL_CHANGE|DISCLOSURE_EVENT,NO_FORMAL_SEARCH_IN_THIS_TASK; SOURCE_UNIT_GLOSSARY_NOT_ASSERTED,fundamental_balance_sheet,double,NEXT_SESSION_AFTER_MAX_NOTICE_UPDATE,pit_fundamental.change|pit_fundamental.disclosure_event,ABSENT,,False,252616,22145
cn_source::balance_sheet_report_em::TRADE_FINASSET,balance_sheet_report_em,TRADE_FINASSET,FUNDAMENTAL_LEVEL|FUNDAMENTAL_CHANGE|DISCLOSURE_EVENT,STOCK_REPORT_PERIOD,REPORT_DATE,NOTICE_DATE,UPDATE_DATE,PIT_SAFE_CURRENT_SNAPSHOT_ONLY,balance_sheet_report_em.TRADE_FINASSET,PIT_SIDECAR_REGISTERED_LAZY_NOT_MINUTE_EXPANDED,SLOW_XS_LEVEL|SLOW_TEMPORAL_CHANGE|DISCLOSURE_EVENT,NO_FORMAL_SEARCH_IN_THIS_TASK; SOURCE_UNIT_GLOSSARY_NOT_ASSERTED,fundamental_balance_sheet,double,NEXT_SESSION_AFTER_MAX_NOTICE_UPDATE,pit_fundamental.level|pit_fundamental.change|pit_fundamental.disclosure_event,ABSENT,,False,31491,243270
cn_source::balance_sheet_report_em::TRADE_FINASSET_NOTFVTPL,balance_sheet_report_em,TRADE_FINASSET_NOTFVTPL,FUNDAMENTAL_LEVEL|FUNDAMENTAL_CHANGE|DISCLOSURE_EVENT,STOCK_REPORT_PERIOD,REPORT_DATE,NOTICE_DATE,UPDATE_DATE,PIT_SAFE_CURRENT_SNAPSHOT_ONLY,balance_sheet_report_em.TRADE_FINASSET_NOTFVTPL,PIT_SIDECAR_REGISTERED_LAZY_NOT_MINUTE_EXPANDED,SLOW_XS_LEVEL|SLOW_TEMPORAL_CHANGE|DISCLOSURE_EVENT,NO_FORMAL_SEARCH_IN_THIS_TASK; SOURCE_UNIT_GLOSSARY_NOT_ASSERTED,fundamental_balance_sheet,double,NEXT_SESSION_AFTER_MAX_NOTICE_UPDATE,pit_fundamental.level|pit_fundamental.change|pit_fundamental.disclosure_event,ABSENT,,False,64320,210441
cn_source::balance_sheet_report_em::TRADE_FINASSET_NOTFVTPL_YOY,balance_sheet_report_em,TRADE_FINASSET_NOTFVTPL_YOY,FUNDAMENTAL_CHANGE|DISCLOSURE_EVENT,STOCK_REPORT_PERIOD,REPORT_DATE,NOTICE_DATE,UPDATE_DATE,PIT_SAFE_CURRENT_SNAPSHOT_ONLY,balance_sheet_report_em.TRADE_FINASSET_NOTFVTPL_YOY,PIT_SIDECAR_REGISTERED_LAZY_NOT_MINUTE_EXPANDED,SLOW_TEMPORAL_CHANGE|DISCLOSURE_EVENT,NO_FORMAL_SEARCH_IN_THIS_TASK; SOURCE_UNIT_GLOSSARY_NOT_ASSERTED,fundamental_balance_sheet,double,NEXT_SESSION_AFTER_MAX_NOTICE_UPDATE,pit_fundamental.change|pit_fundamental.disclosure_event,ABSENT,,False,44137,230624
cn_source::balance_sheet_report_em::TRADE_FINASSET_YOY,balance_sheet_report_em,TRADE_FINASSET_YOY,FUNDAMENTAL_CHANGE|DISCLOSURE_EVENT,STOCK_REPORT_PERIOD,REPORT_DATE,NOTICE_DATE,UPDATE_DATE,PIT_SAFE_CURRENT_SNAPSHOT_ONLY,balance_sheet_report_em.TRADE_FINASSET_YOY,PIT_SIDECAR_REGISTERED_LAZY_NOT_MINUTE_EXPANDED,SLOW_TEMPORAL_CHANGE|DISCLOSURE_EVENT,NO_FORMAL_SEARCH_IN_THIS_TASK; SOURCE_UNIT_GLOSSARY_NOT_ASSERTED,fundamental_balance_sheet,double,NEXT_SESSION_AFTER_MAX_NOTICE_UPDATE,pit_fundamental.change|pit_fundamental.disclosure_event,ABSENT,,False,19075,255686
cn_source::balance_sheet_report_em::TRADE_FINLIAB,balance_sheet_report_em,TRADE_FINLIAB,FUNDAMENTAL_LEVEL|FUNDAMENTAL_CHANGE|DISCLOSURE_EVENT,STOCK_REPORT_PERIOD,REPORT_DATE,NOTICE_DATE,UPDATE_DATE,PIT_SAFE_CURRENT_SNAPSHOT_ONLY,balance_sheet_report_em.TRADE_FINLIAB,PIT_SIDECAR_REGISTERED_LAZY_NOT_MINUTE_EXPANDED,SLOW_XS_LEVEL|SLOW_TEMPORAL_CHANGE|DISCLOSURE_EVENT,NO_FORMAL_SEARCH_IN_THIS_TASK; SOURCE_UNIT_GLOSSARY_NOT_ASSERTED,fundamental_balance_sheet,double,NEXT_SESSION_AFTER_MAX_NOTICE_UPDATE,pit_fundamental.level|pit_fundamental.change|pit_fundamental.disclosure_event,ABSENT,,False,6714,268047
cn_source::balance_sheet_report_em::TRADE_FINLIAB_NOTFVTPL,balance_sheet_report_em,TRADE_FINLIAB_NOTFVTPL,FUNDAMENTAL_LEVEL|FUNDAMENTAL_CHANGE|DISCLOSURE_EVENT,STOCK_REPORT_PERIOD,REPORT_DATE,NOTICE_DATE,UPDATE_DATE,PIT_SAFE_CURRENT_SNAPSHOT_ONLY,balance_sheet_report_em.TRADE_FINLIAB_NOTFVTPL,PIT_SIDECAR_REGISTERED_LAZY_NOT_MINUTE_EXPANDED,SLOW_XS_LEVEL|SLOW_TEMPORAL_CHANGE|DISCLOSURE_EVENT,NO_FORMAL_SEARCH_IN_THIS_TASK; SOURCE_UNIT_GLOSSARY_NOT_ASSERTED,fundamental_balance_sheet,double,NEXT_SESSION_AFTER_MAX_NOTICE_UPDATE,pit_fundamental.level|pit_fundamental.change|pit_fundamental.disclosure_event,ABSENT,,False,11354,263407
cn_source::balance_sheet_report_em::TRADE_FINLIAB_NOTFVTPL_YOY,balance_sheet_report_em,TRADE_FINLIAB_NOTFVTPL_YOY,FUNDAMENTAL_CHANGE|DISCLOSURE_EVENT,STOCK_REPORT_PERIOD,REPORT_DATE,NOTICE_DATE,UPDATE_DATE,PIT_SAFE_CURRENT_SNAPSHOT_ONLY,balance_sheet_report_em.TRADE_FINLIAB_NOTFVTPL_YOY,PIT_SIDECAR_REGISTERED_LAZY_NOT_MINUTE_EXPANDED,SLOW_TEMPORAL_CHANGE|DISCLOSURE_EVENT,NO_FORMAL_SEARCH_IN_THIS_TASK; SOURCE_UNIT_GLOSSARY_NOT_ASSERTED,fundamental_balance_sheet,double,NEXT_SESSION_AFTER_MAX_NOTICE_UPDATE,pit_fundamental.change|pit_fundamental.disclosure_event,ABSENT,,False,5606,269155
cn_source::balance_sheet_report_em::TRADE_FINLIAB_YOY,balance_sheet_report_em,TRADE_FINLIAB_YOY,FUNDAMENTAL_CHANGE|DISCLOSURE_EVENT,STOCK_REPORT_PERIOD,REPORT_DATE,NOTICE_DATE,UPDATE_DATE,PIT_SAFE_CURRENT_SNAPSHOT_ONLY,balance_sheet_report_em.TRADE_FINLIAB_YOY,PIT_SIDECAR_REGISTERED_LAZY_NOT_MINUTE_EXPANDED,SLOW_TEMPORAL_CHANGE|DISCLOSURE_EVENT,NO_FORMAL_SEARCH_IN_THIS_TASK; SOURCE_UNIT_GLOSSARY_NOT_ASSERTED,fundamental_balance_sheet,double,NEXT_SESSION_AFTER_MAX_NOTICE_UPDATE,pit_fundamental.change|pit_fundamental.disclosure_event,ABSENT,,False,1513,273248
cn_source::balance_sheet_report_em::TRADE_RISK_RESERVE,balance_sheet_report_em,TRADE_RISK_RESERVE,FUNDAMENTAL_LEVEL|FUNDAMENTAL_CHANGE|DISCLOSURE_EVENT,STOCK_REPORT_PERIOD,REPORT_DATE,NOTICE_DATE,UPDATE_DATE,PIT_SAFE_CURRENT_SNAPSHOT_ONLY,balance_sheet_report_em.TRADE_RISK_RESERVE,PIT_SIDECAR_REGISTERED_LAZY_NOT_MINUTE_EXPANDED,SLOW_XS_LEVEL|SLOW_TEMPORAL_CHANGE|DISCLOSURE_EVENT,NO_FORMAL_SEARCH_IN_THIS_TASK; SOURCE_UNIT_GLOSSARY_NOT_ASSERTED,fundamental_balance_sheet,double,NEXT_SESSION_AFTER_MAX_NOTICE_UPDATE,pit_fundamental.level|pit_fundamental.change|pit_fundamental.disclosure_event,ABSENT,,False,551,274210
cn_source::balance_sheet_report_em::TRADE_RISK_RESERVE_YOY,balance_sheet_report_em,TRADE_RISK_RESERVE_YOY,FUNDAMENTAL_CHANGE|DISCLOSURE_EVENT,STOCK_REPORT_PERIOD,REPORT_DATE,NOTICE_DATE,UPDATE_DATE,PIT_SAFE_CURRENT_SNAPSHOT_ONLY,balance_sheet_report_em.TRADE_RISK_RESERVE_YOY,PIT_SIDECAR_REGISTERED_LAZY_NOT_MINUTE_EXPANDED,SLOW_TEMPORAL_CHANGE|DISCLOSURE_EVENT,NO_FORMAL_SEARCH_IN_THIS_TASK; SOURCE_UNIT_GLOSSARY_NOT_ASSERTED,fundamental_balance_sheet,double,NEXT_SESSION_AFTER_MAX_NOTICE_UPDATE,pit_fundamental.change|pit_fundamental.disclosure_event,ABSENT,,False,376,274385
cn_source::balance_sheet_report_em::TRADE_SEAT_FEE,balance_sheet_report_em,TRADE_SEAT_FEE,FUNDAMENTAL_LEVEL|FUNDAMENTAL_CHANGE|DISCLOSURE_EVENT,STOCK_REPORT_PERIOD,REPORT_DATE,NOTICE_DATE,UPDATE_DATE,PIT_SAFE_CURRENT_SNAPSHOT_ONLY,balance_sheet_report_em.TRADE_SEAT_FEE,PIT_SIDECAR_REGISTERED_LAZY_NOT_MINUTE_EXPANDED,SLOW_XS_LEVEL|SLOW_TEMPORAL_CHANGE|DISCLOSURE_EVENT,NO_FORMAL_SEARCH_IN_THIS_TASK; SOURCE_UNIT_GLOSSARY_NOT_ASSERTED,fundamental_balance_sheet,double,NEXT_SESSION_AFTER_MAX_NOTICE_UPDATE,pit_fundamental.level|pit_fundamental.change|pit_fundamental.disclosure_event,ABSENT,,False,602,274159
cn_source::balance_sheet_report_em::TRADE_SEAT_FEE_YOY,balance_sheet_report_em,TRADE_SEAT_FEE_YOY,FUNDAMENTAL_CHANGE|DISCLOSURE_EVENT,STOCK_REPORT_PERIOD,REPORT_DATE,NOTICE_DATE,UPDATE_DATE,PIT_SAFE_CURRENT_SNAPSHOT_ONLY,balance_sheet_report_em.TRADE_SEAT_FEE_YOY,PIT_SIDECAR_REGISTERED_LAZY_NOT_MINUTE_EXPANDED,SLOW_TEMPORAL_CHANGE|DISCLOSURE_EVENT,NO_FORMAL_SEARCH_IN_THIS_TASK; SOURCE_UNIT_GLOSSARY_NOT_ASSERTED,fundamental_balance_sheet,double,NEXT_SESSION_AFTER_MAX_NOTICE_UPDATE,pit_fundamental.change|pit_fundamental.disclosure_event,ABSENT,,False,477,274284
cn_source::balance_sheet_report_em::TREASURY_SHARES,balance_sheet_report_em,TREASURY_SHARES,FUNDAMENTAL_LEVEL|FUNDAMENTAL_CHANGE|DISCLOSURE_EVENT,STOCK_REPORT_PERIOD,REPORT_DATE,NOTICE_DATE,UPDATE_DATE,PIT_SAFE_CURRENT_SNAPSHOT_ONLY,balance_sheet_report_em.TREASURY_SHARES,PIT_SIDECAR_REGISTERED_LAZY_NOT_MINUTE_EXPANDED,SLOW_XS_LEVEL|SLOW_TEMPORAL_CHANGE|DISCLOSURE_EVENT,NO_FORMAL_SEARCH_IN_THIS_TASK; SOURCE_UNIT_GLOSSARY_NOT_ASSERTED,fundamental_balance_sheet,double,NEXT_SESSION_AFTER_MAX_NOTICE_UPDATE,pit_fundamental.level|pit_fundamental.change|pit_fundamental.disclosure_event,ABSENT,,False,45558,229203
cn_source::balance_sheet_report_em::TREASURY_SHARES_YOY,balance_sheet_report_em,TREASURY_SHARES_YOY,FUNDAMENTAL_CHANGE|DISCLOSURE_EVENT,STOCK_REPORT_PERIOD,REPORT_DATE,NOTICE_DATE,UPDATE_DATE,PIT_SAFE_CURRENT_SNAPSHOT_ONLY,balance_sheet_report_em.TREASURY_SHARES_YOY,PIT_SIDECAR_REGISTERED_LAZY_NOT_MINUTE_EXPANDED,SLOW_TEMPORAL_CHANGE|DISCLOSURE_EVENT,NO_FORMAL_SEARCH_IN_THIS_TASK; SOURCE_UNIT_GLOSSARY_NOT_ASSERTED,fundamental_balance_sheet,double,NEXT_SESSION_AFTER_MAX_NOTICE_UPDATE,pit_fundamental.change|pit_fundamental.disclosure_event,ABSENT,,False,28810,245951
cn_source::balance_sheet_report_em::UC_RESERVE,balance_sheet_report_em,UC_RESERVE,FUNDAMENTAL_LEVEL|FUNDAMENTAL_CHANGE|DISCLOSURE_EVENT,STOCK_REPORT_PERIOD,REPORT_DATE,NOTICE_DATE,UPDATE_DATE,PIT_SAFE_CURRENT_SNAPSHOT_ONLY,balance_sheet_report_em.UC_RESERVE,PIT_SIDECAR_REGISTERED_LAZY_NOT_MINUTE_EXPANDED,SLOW_XS_LEVEL|SLOW_TEMPORAL_CHANGE|DISCLOSURE_EVENT,NO_FORMAL_SEARCH_IN_THIS_TASK; SOURCE_UNIT_GLOSSARY_NOT_ASSERTED,fundamental_balance_sheet,double,NEXT_SESSION_AFTER_MAX_NOTICE_UPDATE,pit_fundamental.level|pit_fundamental.change|pit_fundamental.disclosure_event,ABSENT,,False,224,274537
cn_source::balance_sheet_report_em::UC_RESERVE_YOY,balance_sheet_report_em,UC_RESERVE_YOY,FUNDAMENTAL_CHANGE|DISCLOSURE_EVENT,STOCK_REPORT_PERIOD,REPORT_DATE,NOTICE_DATE,UPDATE_DATE,PIT_SAFE_CURRENT_SNAPSHOT_ONLY,balance_sheet_report_em.UC_RESERVE_YOY,PIT_SIDECAR_REGISTERED_LAZY_NOT_MINUTE_EXPANDED,SLOW_TEMPORAL_CHANGE|DISCLOSURE_EVENT,NO_FORMAL_SEARCH_IN_THIS_TASK; SOURCE_UNIT_GLOSSARY_NOT_ASSERTED,fundamental_balance_sheet,double,NEXT_SESSION_AFTER_MAX_NOTICE_UPDATE,pit_fundamental.change|pit_fundamental.disclosure_event,ABSENT,,False,201,274560
cn_source::balance_sheet_report_em::UD_RESERVE,balance_sheet_report_em,UD_RESERVE,FUNDAMENTAL_LEVEL|FUNDAMENTAL_CHANGE|DISCLOSURE_EVENT,STOCK_REPORT_PERIOD,REPORT_DATE,NOTICE_DATE,UPDATE_DATE,PIT_SAFE_CURRENT_SNAPSHOT_ONLY,balance_sheet_report_em.UD_RESERVE,PIT_SIDECAR_REGISTERED_LAZY_NOT_MINUTE_EXPANDED,SLOW_XS_LEVEL|SLOW_TEMPORAL_CHANGE|DISCLOSURE_EVENT,NO_FORMAL_SEARCH_IN_THIS_TASK; SOURCE_UNIT_GLOSSARY_NOT_ASSERTED,fundamental_balance_sheet,double,NEXT_SESSION_AFTER_MAX_NOTICE_UPDATE,pit_fundamental.level|pit_fundamental.change|pit_fundamental.disclosure_event,ABSENT,,False,224,274537
cn_source::balance_sheet_report_em::UD_RESERVE_YOY,balance_sheet_report_em,UD_RESERVE_YOY,FUNDAMENTAL_CHANGE|DISCLOSURE_EVENT,STOCK_REPORT_PERIOD,REPORT_DATE,NOTICE_DATE,UPDATE_DATE,PIT_SAFE_CURRENT_SNAPSHOT_ONLY,balance_sheet_report_em.UD_RESERVE_YOY,PIT_SIDECAR_REGISTERED_LAZY_NOT_MINUTE_EXPANDED,SLOW_TEMPORAL_CHANGE|DISCLOSURE_EVENT,NO_FORMAL_SEARCH_IN_THIS_TASK; SOURCE_UNIT_GLOSSARY_NOT_ASSERTED,fundamental_balance_sheet,double,NEXT_SESSION_AFTER_MAX_NOTICE_UPDATE,pit_fundamental.change|pit_fundamental.disclosure_event,ABSENT,,False,201,274560
cn_source::balance_sheet_report_em::UNASSIGN_RPOFIT,balance_sheet_report_em,UNASSIGN_RPOFIT,FUNDAMENTAL_LEVEL|FUNDAMENTAL_CHANGE|DISCLOSURE_EVENT,STOCK_REPORT_PERIOD,REPORT_DATE,NOTICE_DATE,UPDATE_DATE,PIT_SAFE_CURRENT_SNAPSHOT_ONLY,balance_sheet_report_em.UNASSIGN_RPOFIT,PIT_SIDECAR_REGISTERED_LAZY_NOT_MINUTE_EXPANDED,SLOW_XS_LEVEL|SLOW_TEMPORAL_CHANGE|DISCLOSURE_EVENT,NO_FORMAL_SEARCH_IN_THIS_TASK; SOURCE_UNIT_GLOSSARY_NOT_ASSERTED,fundamental_balance_sheet,double,NEXT_SESSION_AFTER_MAX_NOTICE_UPDATE,pit_fundamental.level|pit_fundamental.change|pit_fundamental.disclosure_event,ABSENT,,False,271528,3233
cn_source::balance_sheet_report_em::UNASSIGN_RPOFIT_YOY,balance_sheet_report_em,UNASSIGN_RPOFIT_YOY,FUNDAMENTAL_CHANGE|DISCLOSURE_EVENT,STOCK_REPORT_PERIOD,REPORT_DATE,NOTICE_DATE,UPDATE_DATE,PIT_SAFE_CURRENT_SNAPSHOT_ONLY,balance_sheet_report_em.UNASSIGN_RPOFIT_YOY,PIT_SIDECAR_REGISTERED_LAZY_NOT_MINUTE_EXPANDED,SLOW_TEMPORAL_CHANGE|DISCLOSURE_EVENT,NO_FORMAL_SEARCH_IN_THIS_TASK; SOURCE_UNIT_GLOSSARY_NOT_ASSERTED,fundamental_balance_sheet,double,NEXT_SESSION_AFTER_MAX_NOTICE_UPDATE,pit_fundamental.change|pit_fundamental.disclosure_event,ABSENT,,False,249242,25519
cn_source::balance_sheet_report_em::UNCONFIRM_INVEST_LOSS,balance_sheet_report_em,UNCONFIRM_INVEST_LOSS,FUNDAMENTAL_LEVEL|FUNDAMENTAL_CHANGE|DISCLOSURE_EVENT,STOCK_REPORT_PERIOD,REPORT_DATE,NOTICE_DATE,UPDATE_DATE,PIT_SAFE_CURRENT_SNAPSHOT_ONLY,balance_sheet_report_em.UNCONFIRM_INVEST_LOSS,PIT_SIDECAR_REGISTERED_LAZY_NOT_MINUTE_EXPANDED,SLOW_XS_LEVEL|SLOW_TEMPORAL_CHANGE|DISCLOSURE_EVENT,NO_FORMAL_SEARCH_IN_THIS_TASK; SOURCE_UNIT_GLOSSARY_NOT_ASSERTED,fundamental_balance_sheet,double,NEXT_SESSION_AFTER_MAX_NOTICE_UPDATE,pit_fundamental.level|pit_fundamental.change|pit_fundamental.disclosure_event,ABSENT,,False,4469,270292
cn_source::balance_sheet_report_em::UNCONFIRM_INVEST_LOSS_YOY,balance_sheet_report_em,UNCONFIRM_INVEST_LOSS_YOY,FUNDAMENTAL_CHANGE|DISCLOSURE_EVENT,STOCK_REPORT_PERIOD,REPORT_DATE,NOTICE_DATE,UPDATE_DATE,PIT_SAFE_CURRENT_SNAPSHOT_ONLY,balance_sheet_report_em.UNCONFIRM_INVEST_LOSS_YOY,PIT_SIDECAR_REGISTERED_LAZY_NOT_MINUTE_EXPANDED,SLOW_TEMPORAL_CHANGE|DISCLOSURE_EVENT,NO_FORMAL_SEARCH_IN_THIS_TASK; SOURCE_UNIT_GLOSSARY_NOT_ASSERTED,fundamental_balance_sheet,double,NEXT_SESSION_AFTER_MAX_NOTICE_UPDATE,pit_fundamental.change|pit_fundamental.disclosure_event,ABSENT,,False,1804,272957
cn_source::balance_sheet_report_em::UPDATE_DATE,balance_sheet_report_em,UPDATE_DATE,METADATA_BLOCKED,STOCK_REPORT_PERIOD,REPORT_DATE,NOTICE_DATE,UPDATE_DATE,PIT_SAFE_CURRENT_SNAPSHOT_ONLY,balance_sheet_report_em.UPDATE_DATE,SOURCE_METADATA_SIDECAR_ONLY,BLOCKED,METADATA_NOT_SEARCHABLE,fundamental_balance_sheet,string,NEXT_SESSION_AFTER_MAX_NOTICE_UPDATE,,ABSENT,,False,274761,0
cn_source::balance_sheet_report_em::USERIGHT_ASSET,balance_sheet_report_em,USERIGHT_ASSET,FUNDAMENTAL_LEVEL|FUNDAMENTAL_CHANGE|DISCLOSURE_EVENT,STOCK_REPORT_PERIOD,REPORT_DATE,NOTICE_DATE,UPDATE_DATE,PIT_SAFE_CURRENT_SNAPSHOT_ONLY,balance_sheet_report_em.USERIGHT_ASSET,PIT_SIDECAR_REGISTERED_LAZY_NOT_MINUTE_EXPANDED,SLOW_XS_LEVEL|SLOW_TEMPORAL_CHANGE|DISCLOSURE_EVENT,NO_FORMAL_SEARCH_IN_THIS_TASK; SOURCE_UNIT_GLOSSARY_NOT_ASSERTED,fundamental_balance_sheet,double,NEXT_SESSION_AFTER_MAX_NOTICE_UPDATE,pit_fundamental.level|pit_fundamental.change|pit_fundamental.disclosure_event,ABSENT,,False,68114,206647
cn_source::balance_sheet_report_em::USERIGHT_ASSET_YOY,balance_sheet_report_em,USERIGHT_ASSET_YOY,FUNDAMENTAL_CHANGE|DISCLOSURE_EVENT,STOCK_REPORT_PERIOD,REPORT_DATE,NOTICE_DATE,UPDATE_DATE,PIT_SAFE_CURRENT_SNAPSHOT_ONLY,balance_sheet_report_em.USERIGHT_ASSET_YOY,PIT_SIDECAR_REGISTERED_LAZY_NOT_MINUTE_EXPANDED,SLOW_TEMPORAL_CHANGE|DISCLOSURE_EVENT,NO_FORMAL_SEARCH_IN_THIS_TASK; SOURCE_UNIT_GLOSSARY_NOT_ASSERTED,fundamental_balance_sheet,double,NEXT_SESSION_AFTER_MAX_NOTICE_UPDATE,pit_fundamental.change|pit_fundamental.disclosure_event,ABSENT,,False,48563,226198
cn_source::balance_sheet_report_em::ingest_time_utc,balance_sheet_report_em,ingest_time_utc,METADATA_BLOCKED,STOCK_REPORT_PERIOD,REPORT_DATE,NOTICE_DATE,UPDATE_DATE,PIT_SAFE_CURRENT_SNAPSHOT_ONLY,balance_sheet_report_em.ingest_time_utc,SOURCE_METADATA_SIDECAR_ONLY,BLOCKED,METADATA_NOT_SEARCHABLE,fundamental_balance_sheet,string,NEXT_SESSION_AFTER_MAX_NOTICE_UPDATE,,ABSENT,,False,274761,0
cn_source::balance_sheet_report_em::source_code6,balance_sheet_report_em,source_code6,METADATA_BLOCKED,STOCK_REPORT_PERIOD,REPORT_DATE,NOTICE_DATE,UPDATE_DATE,PIT_SAFE_CURRENT_SNAPSHOT_ONLY,balance_sheet_report_em.source_code6,SOURCE_METADATA_SIDECAR_ONLY,BLOCKED,METADATA_NOT_SEARCHABLE,fundamental_balance_sheet,string,NEXT_SESSION_AFTER_MAX_NOTICE_UPDATE,,ABSENT,,False,274761,0
cn_source::balance_sheet_report_em::source_dataset,balance_sheet_report_em,source_dataset,METADATA_BLOCKED,STOCK_REPORT_PERIOD,REPORT_DATE,NOTICE_DATE,UPDATE_DATE,PIT_SAFE_CURRENT_SNAPSHOT_ONLY,balance_sheet_report_em.source_dataset,SOURCE_METADATA_SIDECAR_ONLY,BLOCKED,METADATA_NOT_SEARCHABLE,fundamental_balance_sheet,string,NEXT_SESSION_AFTER_MAX_NOTICE_UPDATE,,ABSENT,,False,274761,0
cn_source::balance_sheet_report_em::source_em,balance_sheet_report_em,source_em,METADATA_BLOCKED,STOCK_REPORT_PERIOD,REPORT_DATE,NOTICE_DATE,UPDATE_DATE,PIT_SAFE_CURRENT_SNAPSHOT_ONLY,balance_sheet_report_em.source_em,SOURCE_METADATA_SIDECAR_ONLY,BLOCKED,METADATA_NOT_SEARCHABLE,fundamental_balance_sheet,string,NEXT_SESSION_AFTER_MAX_NOTICE_UPDATE,,ABSENT,,False,274761,0
cn_source::balance_sheet_report_em::source_family,balance_sheet_report_em,source_family,METADATA_BLOCKED,STOCK_REPORT_PERIOD,REPORT_DATE,NOTICE_DATE,UPDATE_DATE,PIT_SAFE_CURRENT_SNAPSHOT_ONLY,balance_sheet_report_em.source_family,SOURCE_METADATA_SIDECAR_ONLY,BLOCKED,METADATA_NOT_SEARCHABLE,fundamental_balance_sheet,string,NEXT_SESSION_AFTER_MAX_NOTICE_UPDATE,,ABSENT,,False,274761,0
cn_source::balance_sheet_report_em::source_file,balance_sheet_report_em,source_file,METADATA_BLOCKED,STOCK_REPORT_PERIOD,REPORT_DATE,NOTICE_DATE,UPDATE_DATE,PIT_SAFE_CURRENT_SNAPSHOT_ONLY,balance_sheet_report_em.source_file,SOURCE_METADATA_SIDECAR_ONLY,BLOCKED,METADATA_NOT_SEARCHABLE,fundamental_balance_sheet,string,NEXT_SESSION_AFTER_MAX_NOTICE_UPDATE,,ABSENT,,False,274761,0
cn_source::cash_flow_sheet_report_em::ACCEPT_INVEST_CASH,cash_flow_sheet_report_em,ACCEPT_INVEST_CASH,FUNDAMENTAL_LEVEL|FUNDAMENTAL_CHANGE|DISCLOSURE_EVENT,STOCK_REPORT_PERIOD,REPORT_DATE,NOTICE_DATE,UPDATE_DATE,PIT_SAFE_CURRENT_SNAPSHOT_ONLY,cash_flow_sheet_report_em.ACCEPT_INVEST_CASH,PIT_SIDECAR_REGISTERED_LAZY_NOT_MINUTE_EXPANDED,SLOW_XS_LEVEL|SLOW_TEMPORAL_CHANGE|DISCLOSURE_EVENT,NO_FORMAL_SEARCH_IN_THIS_TASK; SOURCE_UNIT_GLOSSARY_NOT_ASSERTED,fundamental_cashflow_sheet,double,NEXT_SESSION_AFTER_MAX_NOTICE_UPDATE,pit_fundamental.level|pit_fundamental.change|pit_fundamental.disclosure_event,ABSENT,,False,97813,161424
cn_source::cash_flow_sheet_report_em::ACCEPT_INVEST_CASH_YOY,cash_flow_sheet_report_em,ACCEPT_INVEST_CASH_YOY,FUNDAMENTAL_CHANGE|DISCLOSURE_EVENT,STOCK_REPORT_PERIOD,REPORT_DATE,NOTICE_DATE,UPDATE_DATE,PIT_SAFE_CURRENT_SNAPSHOT_ONLY,cash_flow_sheet_report_em.ACCEPT_INVEST_CASH_YOY,PIT_SIDECAR_REGISTERED_LAZY_NOT_MINUTE_EXPANDED,SLOW_TEMPORAL_CHANGE|DISCLOSURE_EVENT,NO_FORMAL_SEARCH_IN_THIS_TASK; SOURCE_UNIT_GLOSSARY_NOT_ASSERTED,fundamental_cashflow_sheet,double,NEXT_SESSION_AFTER_MAX_NOTICE_UPDATE,pit_fundamental.change|pit_fundamental.disclosure_event,ABSENT,,False,49917,209320
cn_source::cash_flow_sheet_report_em::ACCOUNTS_RECE_ADD,cash_flow_sheet_report_em,ACCOUNTS_RECE_ADD,FUNDAMENTAL_LEVEL|FUNDAMENTAL_CHANGE|DISCLOSURE_EVENT,STOCK_REPORT_PERIOD,REPORT_DATE,NOTICE_DATE,UPDATE_DATE,PIT_SAFE_CURRENT_SNAPSHOT_ONLY,cash_flow_sheet_report_em.ACCOUNTS_RECE_ADD,PIT_SIDECAR_REGISTERED_LAZY_NOT_MINUTE_EXPANDED,SLOW_XS_LEVEL|SLOW_TEMPORAL_CHANGE|DISCLOSURE_EVENT,NO_FORMAL_SEARCH_IN_THIS_TASK; SOURCE_UNIT_GLOSSARY_NOT_ASSERTED,fundamental_cashflow_sheet,double,NEXT_SESSION_AFTER_MAX_NOTICE_UPDATE,pit_fundamental.level|pit_fundamental.change|pit_fundamental.disclosure_event,ABSENT,,False,184,259053
cn_source::cash_flow_sheet_report_em::ACCOUNTS_RECE_ADD_YOY,cash_flow_sheet_report_em,ACCOUNTS_RECE_ADD_YOY,FUNDAMENTAL_CHANGE|DISCLOSURE_EVENT,STOCK_REPORT_PERIOD,REPORT_DATE,NOTICE_DATE,UPDATE_DATE,PIT_SAFE_CURRENT_SNAPSHOT_ONLY,cash_flow_sheet_report_em.ACCOUNTS_RECE_ADD_YOY,PIT_SIDECAR_REGISTERED_LAZY_NOT_MINUTE_EXPANDED,SLOW_TEMPORAL_CHANGE|DISCLOSURE_EVENT,NO_FORMAL_SEARCH_IN_THIS_TASK; SOURCE_UNIT_GLOSSARY_NOT_ASSERTED,fundamental_cashflow_sheet,double,NEXT_SESSION_AFTER_MAX_NOTICE_UPDATE,pit_fundamental.change|pit_fundamental.disclosure_event,ABSENT,,False,22,259215
cn_source::cash_flow_sheet_report_em::ACCRUED_EXPENSE_ADD,cash_flow_sheet_report_em,ACCRUED_EXPENSE_ADD,FUNDAMENTAL_LEVEL|FUNDAMENTAL_CHANGE|DISCLOSURE_EVENT,STOCK_REPORT_PERIOD,REPORT_DATE,NOTICE_DATE,UPDATE_DATE,PIT_SAFE_CURRENT_SNAPSHOT_ONLY,cash_flow_sheet_report_em.ACCRUED_EXPENSE_ADD,PIT_SIDECAR_REGISTERED_LAZY_NOT_MINUTE_EXPANDED,SLOW_XS_LEVEL|SLOW_TEMPORAL_CHANGE|DISCLOSURE_EVENT,NO_FORMAL_SEARCH_IN_THIS_TASK; SOURCE_UNIT_GLOSSARY_NOT_ASSERTED,fundamental_cashflow_sheet,double,NEXT_SESSION_AFTER_MAX_NOTICE_UPDATE,pit_fundamental.level|pit_fundamental.change|pit_fundamental.disclosure_event,ABSENT,,False,17079,242158
cn_source::cash_flow_sheet_report_em::ACCRUED_EXPENSE_ADD_YOY,cash_flow_sheet_report_em,ACCRUED_EXPENSE_ADD_YOY,FUNDAMENTAL_CHANGE|DISCLOSURE_EVENT,STOCK_REPORT_PERIOD,REPORT_DATE,NOTICE_DATE,UPDATE_DATE,PIT_SAFE_CURRENT_SNAPSHOT_ONLY,cash_flow_sheet_report_em.ACCRUED_EXPENSE_ADD_YOY,PIT_SIDECAR_REGISTERED_LAZY_NOT_MINUTE_EXPANDED,SLOW_TEMPORAL_CHANGE|DISCLOSURE_EVENT,NO_FORMAL_SEARCH_IN_THIS_TASK; SOURCE_UNIT_GLOSSARY_NOT_ASSERTED,fundamental_cashflow_sheet,double,NEXT_SESSION_AFTER_MAX_NOTICE_UPDATE,pit_fundamental.change|pit_fundamental.disclosure_event,ABSENT,,False,11932,247305
cn_source::cash_flow_sheet_report_em::ADD_PLEDGE_TIMEDEPOSITS,cash_flow_sheet_report_em,ADD_PLEDGE_TIMEDEPOSITS,FUNDAMENTAL_LEVEL|FUNDAMENTAL_CHANGE|DISCLOSURE_EVENT,STOCK_REPORT_PERIOD,REPORT_DATE,NOTICE_DATE,UPDATE_DATE,PIT_SAFE_CURRENT_SNAPSHOT_ONLY,cash_flow_sheet_report_em.ADD_PLEDGE_TIMEDEPOSITS,PIT_SIDECAR_REGISTERED_LAZY_NOT_MINUTE_EXPANDED,SLOW_XS_LEVEL|SLOW_TEMPORAL_CHANGE|DISCLOSURE_EVENT,NO_FORMAL_SEARCH_IN_THIS_TASK; SOURCE_UNIT_GLOSSARY_NOT_ASSERTED,fundamental_cashflow_sheet,double,NEXT_SESSION_AFTER_MAX_NOTICE_UPDATE,pit_fundamental.level|pit_fundamental.change|pit_fundamental.disclosure_event,ABSENT,,False,100,259137
cn_source::cash_flow_sheet_report_em::ADD_PLEDGE_TIMEDEPOSITS_YOY,cash_flow_sheet_report_em,ADD_PLEDGE_TIMEDEPOSITS_YOY,FUNDAMENTAL_CHANGE|DISCLOSURE_EVENT,STOCK_REPORT_PERIOD,REPORT_DATE,NOTICE_DATE,UPDATE_DATE,PIT_SAFE_CURRENT_SNAPSHOT_ONLY,cash_flow_sheet_report_em.ADD_PLEDGE_TIMEDEPOSITS_YOY,PIT_SIDECAR_REGISTERED_LAZY_NOT_MINUTE_EXPANDED,SLOW_TEMPORAL_CHANGE|DISCLOSURE_EVENT,NO_FORMAL_SEARCH_IN_THIS_TASK; SOURCE_UNIT_GLOSSARY_NOT_ASSERTED,fundamental_cashflow_sheet,double,NEXT_SESSION_AFTER_MAX_NOTICE_UPDATE,pit_fundamental.change|pit_fundamental.disclosure_event,ABSENT,,False,58,259179
cn_source::cash_flow_sheet_report_em::AFA_REDUCE,cash_flow_sheet_report_em,AFA_REDUCE,FUNDAMENTAL_LEVEL|FUNDAMENTAL_CHANGE|DISCLOSURE_EVENT,STOCK_REPORT_PERIOD,REPORT_DATE,NOTICE_DATE,UPDATE_DATE,PIT_SAFE_CURRENT_SNAPSHOT_ONLY,cash_flow_sheet_report_em.AFA_REDUCE,PIT_SIDECAR_REGISTERED_LAZY_NOT_MINUTE_EXPANDED,SLOW_XS_LEVEL|SLOW_TEMPORAL_CHANGE|DISCLOSURE_EVENT,NO_FORMAL_SEARCH_IN_THIS_TASK; SOURCE_UNIT_GLOSSARY_NOT_ASSERTED,fundamental_cashflow_sheet,double,NEXT_SESSION_AFTER_MAX_NOTICE_UPDATE,pit_fundamental.level|pit_fundamental.change|pit_fundamental.disclosure_event,ABSENT,,False,144,259093
cn_source::cash_flow_sheet_report_em::AFA_REDUCE_YOY,cash_flow_sheet_report_em,AFA_REDUCE_YOY,FUNDAMENTAL_CHANGE|DISCLOSURE_EVENT,STOCK_REPORT_PERIOD,REPORT_DATE,NOTICE_DATE,UPDATE_DATE,PIT_SAFE_CURRENT_SNAPSHOT_ONLY,cash_flow_sheet_report_em.AFA_REDUCE_YOY,PIT_SIDECAR_REGISTERED_LAZY_NOT_MINUTE_EXPANDED,SLOW_TEMPORAL_CHANGE|DISCLOSURE_EVENT,NO_FORMAL_SEARCH_IN_THIS_TASK; SOURCE_UNIT_GLOSSARY_NOT_ASSERTED,fundamental_cashflow_sheet,double,NEXT_SESSION_AFTER_MAX_NOTICE_UPDATE,pit_fundamental.change|pit_fundamental.disclosure_event,ABSENT,,False,56,259181
cn_source::cash_flow_sheet_report_em::ASSET_IMPAIRMENT,cash_flow_sheet_report_em,ASSET_IMPAIRMENT,FUNDAMENTAL_LEVEL|FUNDAMENTAL_CHANGE|DISCLOSURE_EVENT,STOCK_REPORT_PERIOD,REPORT_DATE,NOTICE_DATE,UPDATE_DATE,PIT_SAFE_CURRENT_SNAPSHOT_ONLY,cash_flow_sheet_report_em.ASSET_IMPAIRMENT,PIT_SIDECAR_REGISTERED_LAZY_NOT_MINUTE_EXPANDED,SLOW_XS_LEVEL|SLOW_TEMPORAL_CHANGE|DISCLOSURE_EVENT,NO_FORMAL_SEARCH_IN_THIS_TASK; SOURCE_UNIT_GLOSSARY_NOT_ASSERTED,fundamental_cashflow_sheet,double,NEXT_SESSION_AFTER_MAX_NOTICE_UPDATE,pit_fundamental.level|pit_fundamental.change|pit_fundamental.disclosure_event,ABSENT,,False,130888,128349
cn_source::cash_flow_sheet_report_em::ASSET_IMPAIRMENT_YOY,cash_flow_sheet_report_em,ASSET_IMPAIRMENT_YOY,FUNDAMENTAL_CHANGE|DISCLOSURE_EVENT,STOCK_REPORT_PERIOD,REPORT_DATE,NOTICE_DATE,UPDATE_DATE,PIT_SAFE_CURRENT_SNAPSHOT_ONLY,cash_flow_sheet_report_em.ASSET_IMPAIRMENT_YOY,PIT_SIDECAR_REGISTERED_LAZY_NOT_MINUTE_EXPANDED,SLOW_TEMPORAL_CHANGE|DISCLOSURE_EVENT,NO_FORMAL_SEARCH_IN_THIS_TASK; SOURCE_UNIT_GLOSSARY_NOT_ASSERTED,fundamental_cashflow_sheet,double,NEXT_SESSION_AFTER_MAX_NOTICE_UPDATE,pit_fundamental.change|pit_fundamental.disclosure_event,ABSENT,,False,114460,144777
cn_source::cash_flow_sheet_report_em::ASSIGN_DIVIDEND_PORFIT,cash_flow_sheet_report_em,ASSIGN_DIVIDEND_PORFIT,FUNDAMENTAL_LEVEL|FUNDAMENTAL_CHANGE|DISCLOSURE_EVENT,STOCK_REPORT_PERIOD,REPORT_DATE,NOTICE_DATE,UPDATE_DATE,PIT_SAFE_CURRENT_SNAPSHOT_ONLY,cash_flow_sheet_report_em.ASSIGN_DIVIDEND_PORFIT,PIT_SIDECAR_REGISTERED_LAZY_NOT_MINUTE_EXPANDED,SLOW_XS_LEVEL|SLOW_TEMPORAL_CHANGE|DISCLOSURE_EVENT,NO_FORMAL_SEARCH_IN_THIS_TASK; SOURCE_UNIT_GLOSSARY_NOT_ASSERTED,fundamental_cashflow_sheet,double,NEXT_SESSION_AFTER_MAX_NOTICE_UPDATE,pit_fundamental.level|pit_fundamental.change|pit_fundamental.disclosure_event,ABSENT,,False,240677,18560
cn_source::cash_flow_sheet_report_em::ASSIGN_DIVIDEND_PORFIT_YOY,cash_flow_sheet_report_em,ASSIGN_DIVIDEND_PORFIT_YOY,FUNDAMENTAL_CHANGE|DISCLOSURE_EVENT,STOCK_REPORT_PERIOD,REPORT_DATE,NOTICE_DATE,UPDATE_DATE,PIT_SAFE_CURRENT_SNAPSHOT_ONLY,cash_flow_sheet_report_em.ASSIGN_DIVIDEND_PORFIT_YOY,PIT_SIDECAR_REGISTERED_LAZY_NOT_MINUTE_EXPANDED,SLOW_TEMPORAL_CHANGE|DISCLOSURE_EVENT,NO_FORMAL_SEARCH_IN_THIS_TASK; SOURCE_UNIT_GLOSSARY_NOT_ASSERTED,fundamental_cashflow_sheet,double,NEXT_SESSION_AFTER_MAX_NOTICE_UPDATE,pit_fundamental.change|pit_fundamental.disclosure_event,ABSENT,,False,214049,45188
cn_source::cash_flow_sheet_report_em::BANKSECURITY_LEND_ADD,cash_flow_sheet_report_em,BANKSECURITY_LEND_ADD,FUNDAMENTAL_LEVEL|FUNDAMENTAL_CHANGE|DISCLOSURE_EVENT,STOCK_REPORT_PERIOD,REPORT_DATE,NOTICE_DATE,UPDATE_DATE,PIT_SAFE_CURRENT_SNAPSHOT_ONLY,cash_flow_sheet_report_em.BANKSECURITY_LEND_ADD,PIT_SIDECAR_REGISTERED_LAZY_NOT_MINUTE_EXPANDED,SLOW_XS_LEVEL|SLOW_TEMPORAL_CHANGE|DISCLOSURE_EVENT,NO_FORMAL_SEARCH_IN_THIS_TASK; SOURCE_UNIT_GLOSSARY_NOT_ASSERTED,fundamental_cashflow_sheet,double,NEXT_SESSION_AFTER_MAX_NOTICE_UPDATE,pit_fundamental.level|pit_fundamental.change|pit_fundamental.disclosure_event,ABSENT,,False,56,259181
cn_source::cash_flow_sheet_report_em::BANKSECURITY_LEND_ADD_YOY,cash_flow_sheet_report_em,BANKSECURITY_LEND_ADD_YOY,FUNDAMENTAL_CHANGE|DISCLOSURE_EVENT,STOCK_REPORT_PERIOD,REPORT_DATE,NOTICE_DATE,UPDATE_DATE,PIT_SAFE_CURRENT_SNAPSHOT_ONLY,cash_flow_sheet_report_em.BANKSECURITY_LEND_ADD_YOY,PIT_SIDECAR_REGISTERED_LAZY_NOT_MINUTE_EXPANDED,SLOW_TEMPORAL_CHANGE|DISCLOSURE_EVENT,NO_FORMAL_SEARCH_IN_THIS_TASK; SOURCE_UNIT_GLOSSARY_NOT_ASSERTED,fundamental_cashflow_sheet,double,NEXT_SESSION_AFTER_MAX_NOTICE_UPDATE,pit_fundamental.change|pit_fundamental.disclosure_event,ABSENT,,False,12,259225
cn_source::cash_flow_sheet_report_em::BANKSECURITY_LEND_REDUCE,cash_flow_sheet_report_em,BANKSECURITY_LEND_REDUCE,FUNDAMENTAL_LEVEL|FUNDAMENTAL_CHANGE|DISCLOSURE_EVENT,STOCK_REPORT_PERIOD,REPORT_DATE,NOTICE_DATE,UPDATE_DATE,PIT_SAFE_CURRENT_SNAPSHOT_ONLY,cash_flow_sheet_report_em.BANKSECURITY_LEND_REDUCE,PIT_SIDECAR_REGISTERED_LAZY_NOT_MINUTE_EXPANDED,SLOW_XS_LEVEL|SLOW_TEMPORAL_CHANGE|DISCLOSURE_EVENT,NO_FORMAL_SEARCH_IN_THIS_TASK; SOURCE_UNIT_GLOSSARY_NOT_ASSERTED,fundamental_cashflow_sheet,double,NEXT_SESSION_AFTER_MAX_NOTICE_UPDATE,pit_fundamental.level|pit_fundamental.change|pit_fundamental.disclosure_event,ABSENT,,False,71,259166
cn_source::cash_flow_sheet_report_em::BANKSECURITY_LEND_REDUCE_YOY,cash_flow_sheet_report_em,BANKSECURITY_LEND_REDUCE_YOY,FUNDAMENTAL_CHANGE|DISCLOSURE_EVENT,STOCK_REPORT_PERIOD,REPORT_DATE,NOTICE_DATE,UPDATE_DATE,PIT_SAFE_CURRENT_SNAPSHOT_ONLY,cash_flow_sheet_report_em.BANKSECURITY_LEND_REDUCE_YOY,PIT_SIDECAR_REGISTERED_LAZY_NOT_MINUTE_EXPANDED,SLOW_TEMPORAL_CHANGE|DISCLOSURE_EVENT,NO_FORMAL_SEARCH_IN_THIS_TASK; SOURCE_UNIT_GLOSSARY_NOT_ASSERTED,fundamental_cashflow_sheet,double,NEXT_SESSION_AFTER_MAX_NOTICE_UPDATE,pit_fundamental.change|pit_fundamental.disclosure_event,ABSENT,,False,30,259207
cn_source::cash_flow_sheet_report_em::BANKSECURITY_REPO_ADD,cash_flow_sheet_report_em,BANKSECURITY_REPO_ADD,FUNDAMENTAL_LEVEL|FUNDAMENTAL_CHANGE|DISCLOSURE_EVENT,STOCK_REPORT_PERIOD,REPORT_DATE,NOTICE_DATE,UPDATE_DATE,PIT_SAFE_CURRENT_SNAPSHOT_ONLY,cash_flow_sheet_report_em.BANKSECURITY_REPO_ADD,PIT_SIDECAR_REGISTERED_LAZY_NOT_MINUTE_EXPANDED,SLOW_XS_LEVEL|SLOW_TEMPORAL_CHANGE|DISCLOSURE_EVENT,NO_FORMAL_SEARCH_IN_THIS_TASK; SOURCE_UNIT_GLOSSARY_NOT_ASSERTED,fundamental_cashflow_sheet,double,NEXT_SESSION_AFTER_MAX_NOTICE_UPDATE,pit_fundamental.level|pit_fundamental.change|pit_fundamental.disclosure_event,ABSENT,,False,70,259167
cn_source::cash_flow_sheet_report_em::BANKSECURITY_REPO_ADD_YOY,cash_flow_sheet_report_em,BANKSECURITY_REPO_ADD_YOY,FUNDAMENTAL_CHANGE|DISCLOSURE_EVENT,STOCK_REPORT_PERIOD,REPORT_DATE,NOTICE_DATE,UPDATE_DATE,PIT_SAFE_CURRENT_SNAPSHOT_ONLY,cash_flow_sheet_report_em.BANKSECURITY_REPO_ADD_YOY,PIT_SIDECAR_REGISTERED_LAZY_NOT_MINUTE_EXPANDED,SLOW_TEMPORAL_CHANGE|DISCLOSURE_EVENT,NO_FORMAL_SEARCH_IN_THIS_TASK; SOURCE_UNIT_GLOSSARY_NOT_ASSERTED,fundamental_cashflow_sheet,double,NEXT_SESSION_AFTER_MAX_NOTICE_UPDATE,pit_fundamental.change|pit_fundamental.disclosure_event,ABSENT,,False,24,259213
cn_source::cash_flow_sheet_report_em::BANKSECURITY_REPO_REDUCE,cash_flow_sheet_report_em,BANKSECURITY_REPO_REDUCE,FUNDAMENTAL_LEVEL|FUNDAMENTAL_CHANGE|DISCLOSURE_EVENT,STOCK_REPORT_PERIOD,REPORT_DATE,NOTICE_DATE,UPDATE_DATE,PIT_SAFE_CURRENT_SNAPSHOT_ONLY,cash_flow_sheet_report_em.BANKSECURITY_REPO_REDUCE,PIT_SIDECAR_REGISTERED_LAZY_NOT_MINUTE_EXPANDED,SLOW_XS_LEVEL|SLOW_TEMPORAL_CHANGE|DISCLOSURE_EVENT,NO_FORMAL_SEARCH_IN_THIS_TASK; SOURCE_UNIT_GLOSSARY_NOT_ASSERTED,fundamental_cashflow_sheet,double,NEXT_SESSION_AFTER_MAX_NOTICE_UPDATE,pit_fundamental.level|pit_fundamental.change|pit_fundamental.disclosure_event,ABSENT,,False,55,259182
cn_source::cash_flow_sheet_report_em::BANKSECURITY_REPO_REDUCE_YOY,cash_flow_sheet_report_em,BANKSECURITY_REPO_REDUCE_YOY,FUNDAMENTAL_CHANGE|DISCLOSURE_EVENT,STOCK_REPORT_PERIOD,REPORT_DATE,NOTICE_DATE,UPDATE_DATE,PIT_SAFE_CURRENT_SNAPSHOT_ONLY,cash_flow_sheet_report_em.BANKSECURITY_REPO_REDUCE_YOY,PIT_SIDECAR_REGISTERED_LAZY_NOT_MINUTE_EXPANDED,SLOW_TEMPORAL_CHANGE|DISCLOSURE_EVENT,NO_FORMAL_SEARCH_IN_THIS_TASK; SOURCE_UNIT_GLOSSARY_NOT_ASSERTED,fundamental_cashflow_sheet,double,NEXT_SESSION_AFTER_MAX_NOTICE_UPDATE,pit_fundamental.change|pit_fundamental.disclosure_event,ABSENT,,False,15,259222
cn_source::cash_flow_sheet_report_em::BANKSECURITY_RESALE_ADD,cash_flow_sheet_report_em,BANKSECURITY_RESALE_ADD,FUNDAMENTAL_LEVEL|FUNDAMENTAL_CHANGE|DISCLOSURE_EVENT,STOCK_REPORT_PERIOD,REPORT_DATE,NOTICE_DATE,UPDATE_DATE,PIT_SAFE_CURRENT_SNAPSHOT_ONLY,cash_flow_sheet_report_em.BANKSECURITY_RESALE_ADD,PIT_SIDECAR_REGISTERED_LAZY_NOT_MINUTE_EXPANDED,SLOW_XS_LEVEL|SLOW_TEMPORAL_CHANGE|DISCLOSURE_EVENT,NO_FORMAL_SEARCH_IN_THIS_TASK; SOURCE_UNIT_GLOSSARY_NOT_ASSERTED,fundamental_cashflow_sheet,double,NEXT_SESSION_AFTER_MAX_NOTICE_UPDATE,pit_fundamental.level|pit_fundamental.change|pit_fundamental.disclosure_event,ABSENT,,False,55,259182
cn_source::cash_flow_sheet_report_em::BANKSECURITY_RESALE_ADD_YOY,cash_flow_sheet_report_em,BANKSECURITY_RESALE_ADD_YOY,FUNDAMENTAL_CHANGE|DISCLOSURE_EVENT,STOCK_REPORT_PERIOD,REPORT_DATE,NOTICE_DATE,UPDATE_DATE,PIT_SAFE_CURRENT_SNAPSHOT_ONLY,cash_flow_sheet_report_em.BANKSECURITY_RESALE_ADD_YOY,PIT_SIDECAR_REGISTERED_LAZY_NOT_MINUTE_EXPANDED,SLOW_TEMPORAL_CHANGE|DISCLOSURE_EVENT,NO_FORMAL_SEARCH_IN_THIS_TASK; SOURCE_UNIT_GLOSSARY_NOT_ASSERTED,fundamental_cashflow_sheet,double,NEXT_SESSION_AFTER_MAX_NOTICE_UPDATE,pit_fundamental.change|pit_fundamental.disclosure_event,ABSENT,,False,14,259223
cn_source::cash_flow_sheet_report_em::BANKSECURITY_RESALE_REDUCE,cash_flow_sheet_report_em,BANKSECURITY_RESALE_REDUCE,FUNDAMENTAL_LEVEL|FUNDAMENTAL_CHANGE|DISCLOSURE_EVENT,STOCK_REPORT_PERIOD,REPORT_DATE,NOTICE_DATE,UPDATE_DATE,PIT_SAFE_CURRENT_SNAPSHOT_ONLY,cash_flow_sheet_report_em.BANKSECURITY_RESALE_REDUCE,PIT_SIDECAR_REGISTERED_LAZY_NOT_MINUTE_EXPANDED,SLOW_XS_LEVEL|SLOW_TEMPORAL_CHANGE|DISCLOSURE_EVENT,NO_FORMAL_SEARCH_IN_THIS_TASK; SOURCE_UNIT_GLOSSARY_NOT_ASSERTED,fundamental_cashflow_sheet,double,NEXT_SESSION_AFTER_MAX_NOTICE_UPDATE,pit_fundamental.level|pit_fundamental.change|pit_fundamental.disclosure_event,ABSENT,,False,70,259167
cn_source::cash_flow_sheet_report_em::BANKSECURITY_RESALE_REDUCE_YOY,cash_flow_sheet_report_em,BANKSECURITY_RESALE_REDUCE_YOY,FUNDAMENTAL_CHANGE|DISCLOSURE_EVENT,STOCK_REPORT_PERIOD,REPORT_DATE,NOTICE_DATE,UPDATE_DATE,PIT_SAFE_CURRENT_SNAPSHOT_ONLY,cash_flow_sheet_report_em.BANKSECURITY_RESALE_REDUCE_YOY,PIT_SIDECAR_REGISTERED_LAZY_NOT_MINUTE_EXPANDED,SLOW_TEMPORAL_CHANGE|DISCLOSURE_EVENT,NO_FORMAL_SEARCH_IN_THIS_TASK; SOURCE_UNIT_GLOSSARY_NOT_ASSERTED,fundamental_cashflow_sheet,double,NEXT_SESSION_AFTER_MAX_NOTICE_UPDATE,pit_fundamental.change|pit_fundamental.disclosure_event,ABSENT,,False,28,259209
cn_source::cash_flow_sheet_report_em::BEGIN_CASH,cash_flow_sheet_report_em,BEGIN_CASH,FUNDAMENTAL_LEVEL|FUNDAMENTAL_CHANGE|DISCLOSURE_EVENT,STOCK_REPORT_PERIOD,REPORT_DATE,NOTICE_DATE,UPDATE_DATE,PIT_SAFE_CURRENT_SNAPSHOT_ONLY,cash_flow_sheet_report_em.BEGIN_CASH,PIT_SIDECAR_REGISTERED_LAZY_NOT_MINUTE_EXPANDED,SLOW_XS_LEVEL|SLOW_TEMPORAL_CHANGE|DISCLOSURE_EVENT,NO_FORMAL_SEARCH_IN_THIS_TASK; SOURCE_UNIT_GLOSSARY_NOT_ASSERTED,fundamental_cashflow_sheet,double,NEXT_SESSION_AFTER_MAX_NOTICE_UPDATE,pit_fundamental.level|pit_fundamental.change|pit_fundamental.disclosure_event,ABSENT,,False,142843,116394
cn_source::cash_flow_sheet_report_em::BEGIN_CASH_EQUIVALENTS,cash_flow_sheet_report_em,BEGIN_CASH_EQUIVALENTS,FUNDAMENTAL_LEVEL|FUNDAMENTAL_CHANGE|DISCLOSURE_EVENT,STOCK_REPORT_PERIOD,REPORT_DATE,NOTICE_DATE,UPDATE_DATE,PIT_SAFE_CURRENT_SNAPSHOT_ONLY,cash_flow_sheet_report_em.BEGIN_CASH_EQUIVALENTS,PIT_SIDECAR_REGISTERED_LAZY_NOT_MINUTE_EXPANDED,SLOW_XS_LEVEL|SLOW_TEMPORAL_CHANGE|DISCLOSURE_EVENT,NO_FORMAL_SEARCH_IN_THIS_TASK; SOURCE_UNIT_GLOSSARY_NOT_ASSERTED,fundamental_cashflow_sheet,double,NEXT_SESSION_AFTER_MAX_NOTICE_UPDATE,pit_fundamental.level|pit_fundamental.change|pit_fundamental.disclosure_event,ABSENT,,False,7709,251528
cn_source::cash_flow_sheet_report_em::BEGIN_CASH_EQUIVALENTS_YOY,cash_flow_sheet_report_em,BEGIN_CASH_EQUIVALENTS_YOY,FUNDAMENTAL_CHANGE|DISCLOSURE_EVENT,STOCK_REPORT_PERIOD,REPORT_DATE,NOTICE_DATE,UPDATE_DATE,PIT_SAFE_CURRENT_SNAPSHOT_ONLY,cash_flow_sheet_report_em.BEGIN_CASH_EQUIVALENTS_YOY,PIT_SIDECAR_REGISTERED_LAZY_NOT_MINUTE_EXPANDED,SLOW_TEMPORAL_CHANGE|DISCLOSURE_EVENT,NO_FORMAL_SEARCH_IN_THIS_TASK; SOURCE_UNIT_GLOSSARY_NOT_ASSERTED,fundamental_cashflow_sheet,double,NEXT_SESSION_AFTER_MAX_NOTICE_UPDATE,pit_fundamental.change|pit_fundamental.disclosure_event,ABSENT,,False,2535,256702
cn_source::cash_flow_sheet_report_em::BEGIN_CASH_YOY,cash_flow_sheet_report_em,BEGIN_CASH_YOY,FUNDAMENTAL_CHANGE|DISCLOSURE_EVENT,STOCK_REPORT_PERIOD,REPORT_DATE,NOTICE_DATE,UPDATE_DATE,PIT_SAFE_CURRENT_SNAPSHOT_ONLY,cash_flow_sheet_report_em.BEGIN_CASH_YOY,PIT_SIDECAR_REGISTERED_LAZY_NOT_MINUTE_EXPANDED,SLOW_TEMPORAL_CHANGE|DISCLOSURE_EVENT,NO_FORMAL_SEARCH_IN_THIS_TASK; SOURCE_UNIT_GLOSSARY_NOT_ASSERTED,fundamental_cashflow_sheet,double,NEXT_SESSION_AFTER_MAX_NOTICE_UPDATE,pit_fundamental.change|pit_fundamental.disclosure_event,ABSENT,,False,127309,131928
cn_source::cash_flow_sheet_report_em::BEGIN_CCE,cash_flow_sheet_report_em,BEGIN_CCE,FUNDAMENTAL_LEVEL|FUNDAMENTAL_CHANGE|DISCLOSURE_EVENT,STOCK_REPORT_PERIOD,REPORT_DATE,NOTICE_DATE,UPDATE_DATE,PIT_SAFE_CURRENT_SNAPSHOT_ONLY,cash_flow_sheet_report_em.BEGIN_CCE,PIT_SIDECAR_REGISTERED_LAZY_NOT_MINUTE_EXPANDED,SLOW_XS_LEVEL|SLOW_TEMPORAL_CHANGE|DISCLOSURE_EVENT,NO_FORMAL_SEARCH_IN_THIS_TASK; SOURCE_UNIT_GLOSSARY_NOT_ASSERTED,fundamental_cashflow_sheet,double,NEXT_SESSION_AFTER_MAX_NOTICE_UPDATE,pit_fundamental.level|pit_fundamental.change|pit_fundamental.disclosure_event,ABSENT,,False,235154,24083
cn_source::cash_flow_sheet_report_em::BEGIN_CCE_YOY,cash_flow_sheet_report_em,BEGIN_CCE_YOY,FUNDAMENTAL_CHANGE|DISCLOSURE_EVENT,STOCK_REPORT_PERIOD,REPORT_DATE,NOTICE_DATE,UPDATE_DATE,PIT_SAFE_CURRENT_SNAPSHOT_ONLY,cash_flow_sheet_report_em.BEGIN_CCE_YOY,PIT_SIDECAR_REGISTERED_LAZY_NOT_MINUTE_EXPANDED,SLOW_TEMPORAL_CHANGE|DISCLOSURE_EVENT,NO_FORMAL_SEARCH_IN_THIS_TASK; SOURCE_UNIT_GLOSSARY_NOT_ASSERTED,fundamental_cashflow_sheet,double,NEXT_SESSION_AFTER_MAX_NOTICE_UPDATE,pit_fundamental.change|pit_fundamental.disclosure_event,ABSENT,,False,213623,45614
cn_source::cash_flow_sheet_report_em::BOND_INTEREST_EXPENSE,cash_flow_sheet_report_em,BOND_INTEREST_EXPENSE,FUNDAMENTAL_LEVEL|FUNDAMENTAL_CHANGE|DISCLOSURE_EVENT,STOCK_REPORT_PERIOD,REPORT_DATE,NOTICE_DATE,UPDATE_DATE,PIT_SAFE_CURRENT_SNAPSHOT_ONLY,cash_flow_sheet_report_em.BOND_INTEREST_EXPENSE,PIT_SIDECAR_REGISTERED_LAZY_NOT_MINUTE_EXPANDED,SLOW_XS_LEVEL|SLOW_TEMPORAL_CHANGE|DISCLOSURE_EVENT,NO_FORMAL_SEARCH_IN_THIS_TASK; SOURCE_UNIT_GLOSSARY_NOT_ASSERTED,fundamental_cashflow_sheet,double,NEXT_SESSION_AFTER_MAX_NOTICE_UPDATE,pit_fundamental.level|pit_fundamental.change|pit_fundamental.disclosure_event,ABSENT,,False,845,258392
cn_source::cash_flow_sheet_report_em::BOND_INTEREST_EXPENSE_YOY,cash_flow_sheet_report_em,BOND_INTEREST_EXPENSE_YOY,FUNDAMENTAL_CHANGE|DISCLOSURE_EVENT,STOCK_REPORT_PERIOD,REPORT_DATE,NOTICE_DATE,UPDATE_DATE,PIT_SAFE_CURRENT_SNAPSHOT_ONLY,cash_flow_sheet_report_em.BOND_INTEREST_EXPENSE_YOY,PIT_SIDECAR_REGISTERED_LAZY_NOT_MINUTE_EXPANDED,SLOW_TEMPORAL_CHANGE|DISCLOSURE_EVENT,NO_FORMAL_SEARCH_IN_THIS_TASK; SOURCE_UNIT_GLOSSARY_NOT_ASSERTED,fundamental_cashflow_sheet,double,NEXT_SESSION_AFTER_MAX_NOTICE_UPDATE,pit_fundamental.change|pit_fundamental.disclosure_event,ABSENT,,False,727,258510
cn_source::cash_flow_sheet_report_em::BORROW_FUND_ADD,cash_flow_sheet_report_em,BORROW_FUND_ADD,FUNDAMENTAL_LEVEL|FUNDAMENTAL_CHANGE|DISCLOSURE_EVENT,STOCK_REPORT_PERIOD,REPORT_DATE,NOTICE_DATE,UPDATE_DATE,PIT_SAFE_CURRENT_SNAPSHOT_ONLY,cash_flow_sheet_report_em.BORROW_FUND_ADD,PIT_SIDECAR_REGISTERED_LAZY_NOT_MINUTE_EXPANDED,SLOW_XS_LEVEL|SLOW_TEMPORAL_CHANGE|DISCLOSURE_EVENT,NO_FORMAL_SEARCH_IN_THIS_TASK; SOURCE_UNIT_GLOSSARY_NOT_ASSERTED,fundamental_cashflow_sheet,double,NEXT_SESSION_AFTER_MAX_NOTICE_UPDATE,pit_fundamental.level|pit_fundamental.change|pit_fundamental.disclosure_event,ABSENT,,False,6013,253224
cn_source::cash_flow_sheet_report_em::BORROW_FUND_ADD_YOY,cash_flow_sheet_report_em,BORROW_FUND_ADD_YOY,FUNDAMENTAL_CHANGE|DISCLOSURE_EVENT,STOCK_REPORT_PERIOD,REPORT_DATE,NOTICE_DATE,UPDATE_DATE,PIT_SAFE_CURRENT_SNAPSHOT_ONLY,cash_flow_sheet_report_em.BORROW_FUND_ADD_YOY,PIT_SIDECAR_REGISTERED_LAZY_NOT_MINUTE_EXPANDED,SLOW_TEMPORAL_CHANGE|DISCLOSURE_EVENT,NO_FORMAL_SEARCH_IN_THIS_TASK; SOURCE_UNIT_GLOSSARY_NOT_ASSERTED,fundamental_cashflow_sheet,double,NEXT_SESSION_AFTER_MAX_NOTICE_UPDATE,pit_fundamental.change|pit_fundamental.disclosure_event,ABSENT,,False,1457,257780
cn_source::cash_flow_sheet_report_em::BORROW_FUND_REDUCE,cash_flow_sheet_report_em,BORROW_FUND_REDUCE,FUNDAMENTAL_LEVEL|FUNDAMENTAL_CHANGE|DISCLOSURE_EVENT,STOCK_REPORT_PERIOD,REPORT_DATE,NOTICE_DATE,UPDATE_DATE,PIT_SAFE_CURRENT_SNAPSHOT_ONLY,cash_flow_sheet_report_em.BORROW_FUND_REDUCE,PIT_SIDECAR_REGISTERED_LAZY_NOT_MINUTE_EXPANDED,SLOW_XS_LEVEL|SLOW_TEMPORAL_CHANGE|DISCLOSURE_EVENT,NO_FORMAL_SEARCH_IN_THIS_TASK; SOURCE_UNIT_GLOSSARY_NOT_ASSERTED,fundamental_cashflow_sheet,double,NEXT_SESSION_AFTER_MAX_NOTICE_UPDATE,pit_fundamental.level|pit_fundamental.change|pit_fundamental.disclosure_event,ABSENT,,False,1482,257755
cn_source::cash_flow_sheet_report_em::BORROW_FUND_REDUCE_YOY,cash_flow_sheet_report_em,BORROW_FUND_REDUCE_YOY,FUNDAMENTAL_CHANGE|DISCLOSURE_EVENT,STOCK_REPORT_PERIOD,REPORT_DATE,NOTICE_DATE,UPDATE_DATE,PIT_SAFE_CURRENT_SNAPSHOT_ONLY,cash_flow_sheet_report_em.BORROW_FUND_REDUCE_YOY,PIT_SIDECAR_REGISTERED_LAZY_NOT_MINUTE_EXPANDED,SLOW_TEMPORAL_CHANGE|DISCLOSURE_EVENT,NO_FORMAL_SEARCH_IN_THIS_TASK; SOURCE_UNIT_GLOSSARY_NOT_ASSERTED,fundamental_cashflow_sheet,double,NEXT_SESSION_AFTER_MAX_NOTICE_UPDATE,pit_fundamental.change|pit_fundamental.disclosure_event,ABSENT,,False,436,258801
cn_source::cash_flow_sheet_report_em::BORROW_REPO_ADD,cash_flow_sheet_report_em,BORROW_REPO_ADD,FUNDAMENTAL_LEVEL|FUNDAMENTAL_CHANGE|DISCLOSURE_EVENT,STOCK_REPORT_PERIOD,REPORT_DATE,NOTICE_DATE,UPDATE_DATE,PIT_SAFE_CURRENT_SNAPSHOT_ONLY,cash_flow_sheet_report_em.BORROW_REPO_ADD,PIT_SIDECAR_REGISTERED_LAZY_NOT_MINUTE_EXPANDED,SLOW_XS_LEVEL|SLOW_TEMPORAL_CHANGE|DISCLOSURE_EVENT,NO_FORMAL_SEARCH_IN_THIS_TASK; SOURCE_UNIT_GLOSSARY_NOT_ASSERTED,fundamental_cashflow_sheet,double,NEXT_SESSION_AFTER_MAX_NOTICE_UPDATE,pit_fundamental.level|pit_fundamental.change|pit_fundamental.disclosure_event,ABSENT,,False,1625,257612
cn_source::cash_flow_sheet_report_em::BORROW_REPO_ADD_YOY,cash_flow_sheet_report_em,BORROW_REPO_ADD_YOY,FUNDAMENTAL_CHANGE|DISCLOSURE_EVENT,STOCK_REPORT_PERIOD,REPORT_DATE,NOTICE_DATE,UPDATE_DATE,PIT_SAFE_CURRENT_SNAPSHOT_ONLY,cash_flow_sheet_report_em.BORROW_REPO_ADD_YOY,PIT_SIDECAR_REGISTERED_LAZY_NOT_MINUTE_EXPANDED,SLOW_TEMPORAL_CHANGE|DISCLOSURE_EVENT,NO_FORMAL_SEARCH_IN_THIS_TASK; SOURCE_UNIT_GLOSSARY_NOT_ASSERTED,fundamental_cashflow_sheet,double,NEXT_SESSION_AFTER_MAX_NOTICE_UPDATE,pit_fundamental.change|pit_fundamental.disclosure_event,ABSENT,,False,1097,258140
cn_source::cash_flow_sheet_report_em::BORROW_REPO_REDUCE,cash_flow_sheet_report_em,BORROW_REPO_REDUCE,FUNDAMENTAL_LEVEL|FUNDAMENTAL_CHANGE|DISCLOSURE_EVENT,STOCK_REPORT_PERIOD,REPORT_DATE,NOTICE_DATE,UPDATE_DATE,PIT_SAFE_CURRENT_SNAPSHOT_ONLY,cash_flow_sheet_report_em.BORROW_REPO_REDUCE,PIT_SIDECAR_REGISTERED_LAZY_NOT_MINUTE_EXPANDED,SLOW_XS_LEVEL|SLOW_TEMPORAL_CHANGE|DISCLOSURE_EVENT,NO_FORMAL_SEARCH_IN_THIS_TASK; SOURCE_UNIT_GLOSSARY_NOT_ASSERTED,fundamental_cashflow_sheet,double,NEXT_SESSION_AFTER_MAX_NOTICE_UPDATE,pit_fundamental.level|pit_fundamental.change|pit_fundamental.disclosure_event,ABSENT,,False,1040,258197
cn_source::cash_flow_sheet_report_em::BORROW_REPO_REDUCE_YOY,cash_flow_sheet_report_em,BORROW_REPO_REDUCE_YOY,FUNDAMENTAL_CHANGE|DISCLOSURE_EVENT,STOCK_REPORT_PERIOD,REPORT_DATE,NOTICE_DATE,UPDATE_DATE,PIT_SAFE_CURRENT_SNAPSHOT_ONLY,cash_flow_sheet_report_em.BORROW_REPO_REDUCE_YOY,PIT_SIDECAR_REGISTERED_LAZY_NOT_MINUTE_EXPANDED,SLOW_TEMPORAL_CHANGE|DISCLOSURE_EVENT,NO_FORMAL_SEARCH_IN_THIS_TASK; SOURCE_UNIT_GLOSSARY_NOT_ASSERTED,fundamental_cashflow_sheet,double,NEXT_SESSION_AFTER_MAX_NOTICE_UPDATE,pit_fundamental.change|pit_fundamental.disclosure_event,ABSENT,,False,533,258704
cn_source::cash_flow_sheet_report_em::BUY_FIN_LEASE,cash_flow_sheet_report_em,BUY_FIN_LEASE,FUNDAMENTAL_LEVEL|FUNDAMENTAL_CHANGE|DISCLOSURE_EVENT,STOCK_REPORT_PERIOD,REPORT_DATE,NOTICE_DATE,UPDATE_DATE,PIT_SAFE_CURRENT_SNAPSHOT_ONLY,cash_flow_sheet_report_em.BUY_FIN_LEASE,PIT_SIDECAR_REGISTERED_LAZY_NOT_MINUTE_EXPANDED,SLOW_XS_LEVEL|SLOW_TEMPORAL_CHANGE|DISCLOSURE_EVENT,NO_FORMAL_SEARCH_IN_THIS_TASK; SOURCE_UNIT_GLOSSARY_NOT_ASSERTED,fundamental_cashflow_sheet,double,NEXT_SESSION_AFTER_MAX_NOTICE_UPDATE,pit_fundamental.level|pit_fundamental.change|pit_fundamental.disclosure_event,ABSENT,,False,152,259085
cn_source::cash_flow_sheet_report_em::BUY_FIN_LEASE_YOY,cash_flow_sheet_report_em,BUY_FIN_LEASE_YOY,FUNDAMENTAL_CHANGE|DISCLOSURE_EVENT,STOCK_REPORT_PERIOD,REPORT_DATE,NOTICE_DATE,UPDATE_DATE,PIT_SAFE_CURRENT_SNAPSHOT_ONLY,cash_flow_sheet_report_em.BUY_FIN_LEASE_YOY,PIT_SIDECAR_REGISTERED_LAZY_NOT_MINUTE_EXPANDED,SLOW_TEMPORAL_CHANGE|DISCLOSURE_EVENT,NO_FORMAL_SEARCH_IN_THIS_TASK; SOURCE_UNIT_GLOSSARY_NOT_ASSERTED,fundamental_cashflow_sheet,double,NEXT_SESSION_AFTER_MAX_NOTICE_UPDATE,pit_fundamental.change|pit_fundamental.disclosure_event,ABSENT,,False,103,259134
cn_source::cash_flow_sheet_report_em::BUY_RESALE_ADD,cash_flow_sheet_report_em,BUY_RESALE_ADD,FUNDAMENTAL_LEVEL|FUNDAMENTAL_CHANGE|DISCLOSURE_EVENT,STOCK_REPORT_PERIOD,REPORT_DATE,NOTICE_DATE,UPDATE_DATE,PIT_SAFE_CURRENT_SNAPSHOT_ONLY,cash_flow_sheet_report_em.BUY_RESALE_ADD,PIT_SIDECAR_REGISTERED_LAZY_NOT_MINUTE_EXPANDED,SLOW_XS_LEVEL|SLOW_TEMPORAL_CHANGE|DISCLOSURE_EVENT,NO_FORMAL_SEARCH_IN_THIS_TASK; SOURCE_UNIT_GLOSSARY_NOT_ASSERTED,fundamental_cashflow_sheet,double,NEXT_SESSION_AFTER_MAX_NOTICE_UPDATE,pit_fundamental.level|pit_fundamental.change|pit_fundamental.disclosure_event,ABSENT,,False,598,258639
cn_source::cash_flow_sheet_report_em::BUY_RESALE_ADD_YOY,cash_flow_sheet_report_em,BUY_RESALE_ADD_YOY,FUNDAMENTAL_CHANGE|DISCLOSURE_EVENT,STOCK_REPORT_PERIOD,REPORT_DATE,NOTICE_DATE,UPDATE_DATE,PIT_SAFE_CURRENT_SNAPSHOT_ONLY,cash_flow_sheet_report_em.BUY_RESALE_ADD_YOY,PIT_SIDECAR_REGISTERED_LAZY_NOT_MINUTE_EXPANDED,SLOW_TEMPORAL_CHANGE|DISCLOSURE_EVENT,NO_FORMAL_SEARCH_IN_THIS_TASK; SOURCE_UNIT_GLOSSARY_NOT_ASSERTED,fundamental_cashflow_sheet,double,NEXT_SESSION_AFTER_MAX_NOTICE_UPDATE,pit_fundamental.change|pit_fundamental.disclosure_event,ABSENT,,False,218,259019
cn_source::cash_flow_sheet_report_em::BUY_RESALE_REDUCE,cash_flow_sheet_report_em,BUY_RESALE_REDUCE,FUNDAMENTAL_LEVEL|FUNDAMENTAL_CHANGE|DISCLOSURE_EVENT,STOCK_REPORT_PERIOD,REPORT_DATE,NOTICE_DATE,UPDATE_DATE,PIT_SAFE_CURRENT_SNAPSHOT_ONLY,cash_flow_sheet_report_em.BUY_RESALE_REDUCE,PIT_SIDECAR_REGISTERED_LAZY_NOT_MINUTE_EXPANDED,SLOW_XS_LEVEL|SLOW_TEMPORAL_CHANGE|DISCLOSURE_EVENT,NO_FORMAL_SEARCH_IN_THIS_TASK; SOURCE_UNIT_GLOSSARY_NOT_ASSERTED,fundamental_cashflow_sheet,double,NEXT_SESSION_AFTER_MAX_NOTICE_UPDATE,pit_fundamental.level|pit_fundamental.change|pit_fundamental.disclosure_event,ABSENT,,False,595,258642
cn_source::cash_flow_sheet_report_em::BUY_RESALE_REDUCE_YOY,cash_flow_sheet_report_em,BUY_RESALE_REDUCE_YOY,FUNDAMENTAL_CHANGE|DISCLOSURE_EVENT,STOCK_REPORT_PERIOD,REPORT_DATE,NOTICE_DATE,UPDATE_DATE,PIT_SAFE_CURRENT_SNAPSHOT_ONLY,cash_flow_sheet_report_em.BUY_RESALE_REDUCE_YOY,PIT_SIDECAR_REGISTERED_LAZY_NOT_MINUTE_EXPANDED,SLOW_TEMPORAL_CHANGE|DISCLOSURE_EVENT,NO_FORMAL_SEARCH_IN_THIS_TASK; SOURCE_UNIT_GLOSSARY_NOT_ASSERTED,fundamental_cashflow_sheet,double,NEXT_SESSION_AFTER_MAX_NOTICE_UPDATE,pit_fundamental.change|pit_fundamental.disclosure_event,ABSENT,,False,217,259020
cn_source::cash_flow_sheet_report_em::BUY_SERVICES,cash_flow_sheet_report_em,BUY_SERVICES,FUNDAMENTAL_LEVEL|FUNDAMENTAL_CHANGE|DISCLOSURE_EVENT,STOCK_REPORT_PERIOD,REPORT_DATE,NOTICE_DATE,UPDATE_DATE,PIT_SAFE_CURRENT_SNAPSHOT_ONLY,cash_flow_sheet_report_em.BUY_SERVICES,PIT_SIDECAR_REGISTERED_LAZY_NOT_MINUTE_EXPANDED,SLOW_XS_LEVEL|SLOW_TEMPORAL_CHANGE|DISCLOSURE_EVENT,NO_FORMAL_SEARCH_IN_THIS_TASK; SOURCE_UNIT_GLOSSARY_NOT_ASSERTED,fundamental_cashflow_sheet,double,NEXT_SESSION_AFTER_MAX_NOTICE_UPDATE,pit_fundamental.level|pit_fundamental.change|pit_fundamental.disclosure_event,ABSENT,,False,252251,6986
cn_source::cash_flow_sheet_report_em::BUY_SERVICES_YOY,cash_flow_sheet_report_em,BUY_SERVICES_YOY,FUNDAMENTAL_CHANGE|DISCLOSURE_EVENT,STOCK_REPORT_PERIOD,REPORT_DATE,NOTICE_DATE,UPDATE_DATE,PIT_SAFE_CURRENT_SNAPSHOT_ONLY,cash_flow_sheet_report_em.BUY_SERVICES_YOY,PIT_SIDECAR_REGISTERED_LAZY_NOT_MINUTE_EXPANDED,SLOW_TEMPORAL_CHANGE|DISCLOSURE_EVENT,NO_FORMAL_SEARCH_IN_THIS_TASK; SOURCE_UNIT_GLOSSARY_NOT_ASSERTED,fundamental_cashflow_sheet,double,NEXT_SESSION_AFTER_MAX_NOTICE_UPDATE,pit_fundamental.change|pit_fundamental.disclosure_event,ABSENT,,False,230890,28347
cn_source::cash_flow_sheet_report_em::BUY_SUBSIDIARY_EQUITY,cash_flow_sheet_report_em,BUY_SUBSIDIARY_EQUITY,FUNDAMENTAL_LEVEL|FUNDAMENTAL_CHANGE|DISCLOSURE_EVENT,STOCK_REPORT_PERIOD,REPORT_DATE,NOTICE_DATE,UPDATE_DATE,PIT_SAFE_CURRENT_SNAPSHOT_ONLY,cash_flow_sheet_report_em.BUY_SUBSIDIARY_EQUITY,PIT_SIDECAR_REGISTERED_LAZY_NOT_MINUTE_EXPANDED,SLOW_XS_LEVEL|SLOW_TEMPORAL_CHANGE|DISCLOSURE_EVENT,NO_FORMAL_SEARCH_IN_THIS_TASK; SOURCE_UNIT_GLOSSARY_NOT_ASSERTED,fundamental_cashflow_sheet,double,NEXT_SESSION_AFTER_MAX_NOTICE_UPDATE,pit_fundamental.level|pit_fundamental.change|pit_fundamental.disclosure_event,ABSENT,,False,714,258523
cn_source::cash_flow_sheet_report_em::BUY_SUBSIDIARY_EQUITY_YOY,cash_flow_sheet_report_em,BUY_SUBSIDIARY_EQUITY_YOY,FUNDAMENTAL_CHANGE|DISCLOSURE_EVENT,STOCK_REPORT_PERIOD,REPORT_DATE,NOTICE_DATE,UPDATE_DATE,PIT_SAFE_CURRENT_SNAPSHOT_ONLY,cash_flow_sheet_report_em.BUY_SUBSIDIARY_EQUITY_YOY,PIT_SIDECAR_REGISTERED_LAZY_NOT_MINUTE_EXPANDED,SLOW_TEMPORAL_CHANGE|DISCLOSURE_EVENT,NO_FORMAL_SEARCH_IN_THIS_TASK; SOURCE_UNIT_GLOSSARY_NOT_ASSERTED,fundamental_cashflow_sheet,double,NEXT_SESSION_AFTER_MAX_NOTICE_UPDATE,pit_fundamental.change|pit_fundamental.disclosure_event,ABSENT,,False,62,259175
cn_source::cash_flow_sheet_report_em::CCE_ADD,cash_flow_sheet_report_em,CCE_ADD,FUNDAMENTAL_LEVEL|FUNDAMENTAL_CHANGE|DISCLOSURE_EVENT,STOCK_REPORT_PERIOD,REPORT_DATE,NOTICE_DATE,UPDATE_DATE,PIT_SAFE_CURRENT_SNAPSHOT_ONLY,cash_flow_sheet_report_em.CCE_ADD,PIT_SIDECAR_REGISTERED_LAZY_NOT_MINUTE_EXPANDED,SLOW_XS_LEVEL|SLOW_TEMPORAL_CHANGE|DISCLOSURE_EVENT,NO_FORMAL_SEARCH_IN_THIS_TASK; SOURCE_UNIT_GLOSSARY_NOT_ASSERTED,fundamental_cashflow_sheet,double,NEXT_SESSION_AFTER_MAX_NOTICE_UPDATE,pit_fundamental.level|pit_fundamental.change|pit_fundamental.disclosure_event,ABSENT,,False,257912,1325
cn_source::cash_flow_sheet_report_em::CCE_ADDNOTE,cash_flow_sheet_report_em,CCE_ADDNOTE,FUNDAMENTAL_LEVEL|FUNDAMENTAL_CHANGE|DISCLOSURE_EVENT,STOCK_REPORT_PERIOD,REPORT_DATE,NOTICE_DATE,UPDATE_DATE,PIT_SAFE_CURRENT_SNAPSHOT_ONLY,cash_flow_sheet_report_em.CCE_ADDNOTE,PIT_SIDECAR_REGISTERED_LAZY_NOT_MINUTE_EXPANDED,SLOW_XS_LEVEL|SLOW_TEMPORAL_CHANGE|DISCLOSURE_EVENT,NO_FORMAL_SEARCH_IN_THIS_TASK; SOURCE_UNIT_GLOSSARY_NOT_ASSERTED,fundamental_cashflow_sheet,double,NEXT_SESSION_AFTER_MAX_NOTICE_UPDATE,pit_fundamental.level|pit_fundamental.change|pit_fundamental.disclosure_event,ABSENT,,False,162622,96615
cn_source::cash_flow_sheet_report_em::CCE_ADDNOTE_YOY,cash_flow_sheet_report_em,CCE_ADDNOTE_YOY,FUNDAMENTAL_CHANGE|DISCLOSURE_EVENT,STOCK_REPORT_PERIOD,REPORT_DATE,NOTICE_DATE,UPDATE_DATE,PIT_SAFE_CURRENT_SNAPSHOT_ONLY,cash_flow_sheet_report_em.CCE_ADDNOTE_YOY,PIT_SIDECAR_REGISTERED_LAZY_NOT_MINUTE_EXPANDED,SLOW_TEMPORAL_CHANGE|DISCLOSURE_EVENT,NO_FORMAL_SEARCH_IN_THIS_TASK; SOURCE_UNIT_GLOSSARY_NOT_ASSERTED,fundamental_cashflow_sheet,double,NEXT_SESSION_AFTER_MAX_NOTICE_UPDATE,pit_fundamental.change|pit_fundamental.disclosure_event,ABSENT,,False,143837,115400
cn_source::cash_flow_sheet_report_em::CCE_ADD_BALANCE,cash_flow_sheet_report_em,CCE_ADD_BALANCE,FUNDAMENTAL_LEVEL|FUNDAMENTAL_CHANGE|DISCLOSURE_EVENT,STOCK_REPORT_PERIOD,REPORT_DATE,NOTICE_DATE,UPDATE_DATE,PIT_SAFE_CURRENT_SNAPSHOT_ONLY,cash_flow_sheet_report_em.CCE_ADD_BALANCE,PIT_SIDECAR_REGISTERED_LAZY_NOT_MINUTE_EXPANDED,SLOW_XS_LEVEL|SLOW_TEMPORAL_CHANGE|DISCLOSURE_EVENT,NO_FORMAL_SEARCH_IN_THIS_TASK; SOURCE_UNIT_GLOSSARY_NOT_ASSERTED,fundamental_cashflow_sheet,double,NEXT_SESSION_AFTER_MAX_NOTICE_UPDATE,pit_fundamental.level|pit_fundamental.change|pit_fundamental.disclosure_event,ABSENT,,False,216404,42833
cn_source::cash_flow_sheet_report_em::CCE_ADD_BALANCENOTE,cash_flow_sheet_report_em,CCE_ADD_BALANCENOTE,FUNDAMENTAL_LEVEL|FUNDAMENTAL_CHANGE|DISCLOSURE_EVENT,STOCK_REPORT_PERIOD,REPORT_DATE,NOTICE_DATE,UPDATE_DATE,PIT_SAFE_CURRENT_SNAPSHOT_ONLY,cash_flow_sheet_report_em.CCE_ADD_BALANCENOTE,PIT_SIDECAR_REGISTERED_LAZY_NOT_MINUTE_EXPANDED,SLOW_XS_LEVEL|SLOW_TEMPORAL_CHANGE|DISCLOSURE_EVENT,NO_FORMAL_SEARCH_IN_THIS_TASK; SOURCE_UNIT_GLOSSARY_NOT_ASSERTED,fundamental_cashflow_sheet,double,NEXT_SESSION_AFTER_MAX_NOTICE_UPDATE,pit_fundamental.level|pit_fundamental.change|pit_fundamental.disclosure_event,ABSENT,,False,21543,237694
cn_source::cash_flow_sheet_report_em::CCE_ADD_BALANCENOTE_YOY,cash_flow_sheet_report_em,CCE_ADD_BALANCENOTE_YOY,FUNDAMENTAL_CHANGE|DISCLOSURE_EVENT,STOCK_REPORT_PERIOD,REPORT_DATE,NOTICE_DATE,UPDATE_DATE,PIT_SAFE_CURRENT_SNAPSHOT_ONLY,cash_flow_sheet_report_em.CCE_ADD_BALANCENOTE_YOY,PIT_SIDECAR_REGISTERED_LAZY_NOT_MINUTE_EXPANDED,SLOW_TEMPORAL_CHANGE|DISCLOSURE_EVENT,NO_FORMAL_SEARCH_IN_THIS_TASK; SOURCE_UNIT_GLOSSARY_NOT_ASSERTED,fundamental_cashflow_sheet,double,NEXT_SESSION_AFTER_MAX_NOTICE_UPDATE,pit_fundamental.change|pit_fundamental.disclosure_event,ABSENT,,False,374,258863
cn_source::cash_flow_sheet_report_em::CCE_ADD_BALANCE_YOY,cash_flow_sheet_report_em,CCE_ADD_BALANCE_YOY,FUNDAMENTAL_CHANGE|DISCLOSURE_EVENT,STOCK_REPORT_PERIOD,REPORT_DATE,NOTICE_DATE,UPDATE_DATE,PIT_SAFE_CURRENT_SNAPSHOT_ONLY,cash_flow_sheet_report_em.CCE_ADD_BALANCE_YOY,PIT_SIDECAR_REGISTERED_LAZY_NOT_MINUTE_EXPANDED,SLOW_TEMPORAL_CHANGE|DISCLOSURE_EVENT,NO_FORMAL_SEARCH_IN_THIS_TASK; SOURCE_UNIT_GLOSSARY_NOT_ASSERTED,fundamental_cashflow_sheet,double,NEXT_SESSION_AFTER_MAX_NOTICE_UPDATE,pit_fundamental.change|pit_fundamental.disclosure_event,ABSENT,,False,906,258331
cn_source::cash_flow_sheet_report_em::CCE_ADD_OTHER,cash_flow_sheet_report_em,CCE_ADD_OTHER,FUNDAMENTAL_LEVEL|FUNDAMENTAL_CHANGE|DISCLOSURE_EVENT,STOCK_REPORT_PERIOD,REPORT_DATE,NOTICE_DATE,UPDATE_DATE,PIT_SAFE_CURRENT_SNAPSHOT_ONLY,cash_flow_sheet_report_em.CCE_ADD_OTHER,PIT_SIDECAR_REGISTERED_LAZY_NOT_MINUTE_EXPANDED,SLOW_XS_LEVEL|SLOW_TEMPORAL_CHANGE|DISCLOSURE_EVENT,NO_FORMAL_SEARCH_IN_THIS_TASK; SOURCE_UNIT_GLOSSARY_NOT_ASSERTED,fundamental_cashflow_sheet,double,NEXT_SESSION_AFTER_MAX_NOTICE_UPDATE,pit_fundamental.level|pit_fundamental.change|pit_fundamental.disclosure_event,ABSENT,,False,20123,239114
cn_source::cash_flow_sheet_report_em::CCE_ADD_OTHERNOTE,cash_flow_sheet_report_em,CCE_ADD_OTHERNOTE,FUNDAMENTAL_LEVEL|FUNDAMENTAL_CHANGE|DISCLOSURE_EVENT,STOCK_REPORT_PERIOD,REPORT_DATE,NOTICE_DATE,UPDATE_DATE,PIT_SAFE_CURRENT_SNAPSHOT_ONLY,cash_flow_sheet_report_em.CCE_ADD_OTHERNOTE,PIT_SIDECAR_REGISTERED_LAZY_NOT_MINUTE_EXPANDED,SLOW_XS_LEVEL|SLOW_TEMPORAL_CHANGE|DISCLOSURE_EVENT,NO_FORMAL_SEARCH_IN_THIS_TASK; SOURCE_UNIT_GLOSSARY_NOT_ASSERTED,fundamental_cashflow_sheet,double,NEXT_SESSION_AFTER_MAX_NOTICE_UPDATE,pit_fundamental.level|pit_fundamental.change|pit_fundamental.disclosure_event,ABSENT,,False,160,259077
cn_source::cash_flow_sheet_report_em::CCE_ADD_OTHERNOTE_YOY,cash_flow_sheet_report_em,CCE_ADD_OTHERNOTE_YOY,FUNDAMENTAL_CHANGE|DISCLOSURE_EVENT,STOCK_REPORT_PERIOD,REPORT_DATE,NOTICE_DATE,UPDATE_DATE,PIT_SAFE_CURRENT_SNAPSHOT_ONLY,cash_flow_sheet_report_em.CCE_ADD_OTHERNOTE_YOY,PIT_SIDECAR_REGISTERED_LAZY_NOT_MINUTE_EXPANDED,SLOW_TEMPORAL_CHANGE|DISCLOSURE_EVENT,NO_FORMAL_SEARCH_IN_THIS_TASK; SOURCE_UNIT_GLOSSARY_NOT_ASSERTED,fundamental_cashflow_sheet,double,NEXT_SESSION_AFTER_MAX_NOTICE_UPDATE,pit_fundamental.change|pit_fundamental.disclosure_event,ABSENT,,False,50,259187
cn_source::cash_flow_sheet_report_em::CCE_ADD_OTHER_YOY,cash_flow_sheet_report_em,CCE_ADD_OTHER_YOY,FUNDAMENTAL_CHANGE|DISCLOSURE_EVENT,STOCK_REPORT_PERIOD,REPORT_DATE,NOTICE_DATE,UPDATE_DATE,PIT_SAFE_CURRENT_SNAPSHOT_ONLY,cash_flow_sheet_report_em.CCE_ADD_OTHER_YOY,PIT_SIDECAR_REGISTERED_LAZY_NOT_MINUTE_EXPANDED,SLOW_TEMPORAL_CHANGE|DISCLOSURE_EVENT,NO_FORMAL_SEARCH_IN_THIS_TASK; SOURCE_UNIT_GLOSSARY_NOT_ASSERTED,fundamental_cashflow_sheet,double,NEXT_SESSION_AFTER_MAX_NOTICE_UPDATE,pit_fundamental.change|pit_fundamental.disclosure_event,ABSENT,,False,30,259207
cn_source::cash_flow_sheet_report_em::CCE_ADD_YOY,cash_flow_sheet_report_em,CCE_ADD_YOY,FUNDAMENTAL_CHANGE|DISCLOSURE_EVENT,STOCK_REPORT_PERIOD,REPORT_DATE,NOTICE_DATE,UPDATE_DATE,PIT_SAFE_CURRENT_SNAPSHOT_ONLY,cash_flow_sheet_report_em.CCE_ADD_YOY,PIT_SIDECAR_REGISTERED_LAZY_NOT_MINUTE_EXPANDED,SLOW_TEMPORAL_CHANGE|DISCLOSURE_EVENT,NO_FORMAL_SEARCH_IN_THIS_TASK; SOURCE_UNIT_GLOSSARY_NOT_ASSERTED,fundamental_cashflow_sheet,double,NEXT_SESSION_AFTER_MAX_NOTICE_UPDATE,pit_fundamental.change|pit_fundamental.disclosure_event,ABSENT,,False,236198,23039
cn_source::cash_flow_sheet_report_em::CONSTRUCT_LONG_ASSET,cash_flow_sheet_report_em,CONSTRUCT_LONG_ASSET,FUNDAMENTAL_LEVEL|FUNDAMENTAL_CHANGE|DISCLOSURE_EVENT,STOCK_REPORT_PERIOD,REPORT_DATE,NOTICE_DATE,UPDATE_DATE,PIT_SAFE_CURRENT_SNAPSHOT_ONLY,cash_flow_sheet_report_em.CONSTRUCT_LONG_ASSET,PIT_SIDECAR_REGISTERED_LAZY_NOT_MINUTE_EXPANDED,SLOW_XS_LEVEL|SLOW_TEMPORAL_CHANGE|DISCLOSURE_EVENT,NO_FORMAL_SEARCH_IN_THIS_TASK; SOURCE_UNIT_GLOSSARY_NOT_ASSERTED,fundamental_cashflow_sheet,double,NEXT_SESSION_AFTER_MAX_NOTICE_UPDATE,pit_fundamental.level|pit_fundamental.change|pit_fundamental.disclosure_event,ABSENT,,False,256505,2732
cn_source::cash_flow_sheet_report_em::CONSTRUCT_LONG_ASSET_YOY,cash_flow_sheet_report_em,CONSTRUCT_LONG_ASSET_YOY,FUNDAMENTAL_CHANGE|DISCLOSURE_EVENT,STOCK_REPORT_PERIOD,REPORT_DATE,NOTICE_DATE,UPDATE_DATE,PIT_SAFE_CURRENT_SNAPSHOT_ONLY,cash_flow_sheet_report_em.CONSTRUCT_LONG_ASSET_YOY,PIT_SIDECAR_REGISTERED_LAZY_NOT_MINUTE_EXPANDED,SLOW_TEMPORAL_CHANGE|DISCLOSURE_EVENT,NO_FORMAL_SEARCH_IN_THIS_TASK; SOURCE_UNIT_GLOSSARY_NOT_ASSERTED,fundamental_cashflow_sheet,double,NEXT_SESSION_AFTER_MAX_NOTICE_UPDATE,pit_fundamental.change|pit_fundamental.disclosure_event,ABSENT,,False,234061,25176
cn_source::cash_flow_sheet_report_em::CONVERT_BOND_1YEAR,cash_flow_sheet_report_em,CONVERT_BOND_1YEAR,FUNDAMENTAL_LEVEL|FUNDAMENTAL_CHANGE|DISCLOSURE_EVENT,STOCK_REPORT_PERIOD,REPORT_DATE,NOTICE_DATE,UPDATE_DATE,PIT_SAFE_CURRENT_SNAPSHOT_ONLY,cash_flow_sheet_report_em.CONVERT_BOND_1YEAR,PIT_SIDECAR_REGISTERED_LAZY_NOT_MINUTE_EXPANDED,SLOW_XS_LEVEL|SLOW_TEMPORAL_CHANGE|DISCLOSURE_EVENT,NO_FORMAL_SEARCH_IN_THIS_TASK; SOURCE_UNIT_GLOSSARY_NOT_ASSERTED,fundamental_cashflow_sheet,double,NEXT_SESSION_AFTER_MAX_NOTICE_UPDATE,pit_fundamental.level|pit_fundamental.change|pit_fundamental.disclosure_event,ABSENT,,False,1710,257527
cn_source::cash_flow_sheet_report_em::CONVERT_BOND_1YEAR_YOY,cash_flow_sheet_report_em,CONVERT_BOND_1YEAR_YOY,FUNDAMENTAL_CHANGE|DISCLOSURE_EVENT,STOCK_REPORT_PERIOD,REPORT_DATE,NOTICE_DATE,UPDATE_DATE,PIT_SAFE_CURRENT_SNAPSHOT_ONLY,cash_flow_sheet_report_em.CONVERT_BOND_1YEAR_YOY,PIT_SIDECAR_REGISTERED_LAZY_NOT_MINUTE_EXPANDED,SLOW_TEMPORAL_CHANGE|DISCLOSURE_EVENT,NO_FORMAL_SEARCH_IN_THIS_TASK; SOURCE_UNIT_GLOSSARY_NOT_ASSERTED,fundamental_cashflow_sheet,double,NEXT_SESSION_AFTER_MAX_NOTICE_UPDATE,pit_fundamental.change|pit_fundamental.disclosure_event,ABSENT,,False,21,259216
cn_source::cash_flow_sheet_report_em::CREDIT_IMPAIRMENT_INCOME,cash_flow_sheet_report_em,CREDIT_IMPAIRMENT_INCOME,FUNDAMENTAL_LEVEL|FUNDAMENTAL_CHANGE|DISCLOSURE_EVENT,STOCK_REPORT_PERIOD,REPORT_DATE,NOTICE_DATE,UPDATE_DATE,PIT_SAFE_CURRENT_SNAPSHOT_ONLY,cash_flow_sheet_report_em.CREDIT_IMPAIRMENT_INCOME,PIT_SIDECAR_REGISTERED_LAZY_NOT_MINUTE_EXPANDED,SLOW_XS_LEVEL|SLOW_TEMPORAL_CHANGE|DISCLOSURE_EVENT,NO_FORMAL_SEARCH_IN_THIS_TASK; SOURCE_UNIT_GLOSSARY_NOT_ASSERTED,fundamental_cashflow_sheet,double,NEXT_SESSION_AFTER_MAX_NOTICE_UPDATE,pit_fundamental.level|pit_fundamental.change|pit_fundamental.disclosure_event,ABSENT,,False,418,258819
cn_source::cash_flow_sheet_report_em::CREDIT_IMPAIRMENT_INCOME_YOY,cash_flow_sheet_report_em,CREDIT_IMPAIRMENT_INCOME_YOY,FUNDAMENTAL_CHANGE|DISCLOSURE_EVENT,STOCK_REPORT_PERIOD,REPORT_DATE,NOTICE_DATE,UPDATE_DATE,PIT_SAFE_CURRENT_SNAPSHOT_ONLY,cash_flow_sheet_report_em.CREDIT_IMPAIRMENT_INCOME_YOY,PIT_SIDECAR_REGISTERED_LAZY_NOT_MINUTE_EXPANDED,SLOW_TEMPORAL_CHANGE|DISCLOSURE_EVENT,NO_FORMAL_SEARCH_IN_THIS_TASK; SOURCE_UNIT_GLOSSARY_NOT_ASSERTED,fundamental_cashflow_sheet,double,NEXT_SESSION_AFTER_MAX_NOTICE_UPDATE,pit_fundamental.change|pit_fundamental.disclosure_event,ABSENT,,False,323,258914
cn_source::cash_flow_sheet_report_em::CURRENCY,cash_flow_sheet_report_em,CURRENCY,METADATA_BLOCKED,STOCK_REPORT_PERIOD,REPORT_DATE,NOTICE_DATE,UPDATE_DATE,PIT_SAFE_CURRENT_SNAPSHOT_ONLY,cash_flow_sheet_report_em.CURRENCY,SOURCE_METADATA_SIDECAR_ONLY,BLOCKED,METADATA_NOT_SEARCHABLE,fundamental_cashflow_sheet,string,NEXT_SESSION_AFTER_MAX_NOTICE_UPDATE,,ABSENT,,False,259237,0
cn_source::cash_flow_sheet_report_em::CUSTOMER_DEPOSIT_ADD,cash_flow_sheet_report_em,CUSTOMER_DEPOSIT_ADD,FUNDAMENTAL_LEVEL|FUNDAMENTAL_CHANGE|DISCLOSURE_EVENT,STOCK_REPORT_PERIOD,REPORT_DATE,NOTICE_DATE,UPDATE_DATE,PIT_SAFE_CURRENT_SNAPSHOT_ONLY,cash_flow_sheet_report_em.CUSTOMER_DEPOSIT_ADD,PIT_SIDECAR_REGISTERED_LAZY_NOT_MINUTE_EXPANDED,SLOW_XS_LEVEL|SLOW_TEMPORAL_CHANGE|DISCLOSURE_EVENT,NO_FORMAL_SEARCH_IN_THIS_TASK; SOURCE_UNIT_GLOSSARY_NOT_ASSERTED,fundamental_cashflow_sheet,double,NEXT_SESSION_AFTER_MAX_NOTICE_UPDATE,pit_fundamental.level|pit_fundamental.change|pit_fundamental.disclosure_event,ABSENT,,False,689,258548
cn_source::cash_flow_sheet_report_em::CUSTOMER_DEPOSIT_ADD_YOY,cash_flow_sheet_report_em,CUSTOMER_DEPOSIT_ADD_YOY,FUNDAMENTAL_CHANGE|DISCLOSURE_EVENT,STOCK_REPORT_PERIOD,REPORT_DATE,NOTICE_DATE,UPDATE_DATE,PIT_SAFE_CURRENT_SNAPSHOT_ONLY,cash_flow_sheet_report_em.CUSTOMER_DEPOSIT_ADD_YOY,PIT_SIDECAR_REGISTERED_LAZY_NOT_MINUTE_EXPANDED,SLOW_TEMPORAL_CHANGE|DISCLOSURE_EVENT,NO_FORMAL_SEARCH_IN_THIS_TASK; SOURCE_UNIT_GLOSSARY_NOT_ASSERTED,fundamental_cashflow_sheet,double,NEXT_SESSION_AFTER_MAX_NOTICE_UPDATE,pit_fundamental.change|pit_fundamental.disclosure_event,ABSENT,,False,489,258748
cn_source::cash_flow_sheet_report_em::DEBT_TRANSFER_CAPITAL,cash_flow_sheet_report_em,DEBT_TRANSFER_CAPITAL,FUNDAMENTAL_LEVEL|FUNDAMENTAL_CHANGE|DISCLOSURE_EVENT,STOCK_REPORT_PERIOD,REPORT_DATE,NOTICE_DATE,UPDATE_DATE,PIT_SAFE_CURRENT_SNAPSHOT_ONLY,cash_flow_sheet_report_em.DEBT_TRANSFER_CAPITAL,PIT_SIDECAR_REGISTERED_LAZY_NOT_MINUTE_EXPANDED,SLOW_XS_LEVEL|SLOW_TEMPORAL_CHANGE|DISCLOSURE_EVENT,NO_FORMAL_SEARCH_IN_THIS_TASK; SOURCE_UNIT_GLOSSARY_NOT_ASSERTED,fundamental_cashflow_sheet,double,NEXT_SESSION_AFTER_MAX_NOTICE_UPDATE,pit_fundamental.level|pit_fundamental.change|pit_fundamental.disclosure_event,ABSENT,,False,2394,256843
cn_source::cash_flow_sheet_report_em::DEBT_TRANSFER_CAPITAL_YOY,cash_flow_sheet_report_em,DEBT_TRANSFER_CAPITAL_YOY,FUNDAMENTAL_CHANGE|DISCLOSURE_EVENT,STOCK_REPORT_PERIOD,REPORT_DATE,NOTICE_DATE,UPDATE_DATE,PIT_SAFE_CURRENT_SNAPSHOT_ONLY,cash_flow_sheet_report_em.DEBT_TRANSFER_CAPITAL_YOY,PIT_SIDECAR_REGISTERED_LAZY_NOT_MINUTE_EXPANDED,SLOW_TEMPORAL_CHANGE|DISCLOSURE_EVENT,NO_FORMAL_SEARCH_IN_THIS_TASK; SOURCE_UNIT_GLOSSARY_NOT_ASSERTED,fundamental_cashflow_sheet,double,NEXT_SESSION_AFTER_MAX_NOTICE_UPDATE,pit_fundamental.change|pit_fundamental.disclosure_event,ABSENT,,False,287,258950
cn_source::cash_flow_sheet_report_em::DEFER_INCOME_AMORTIZE,cash_flow_sheet_report_em,DEFER_INCOME_AMORTIZE,FUNDAMENTAL_LEVEL|FUNDAMENTAL_CHANGE|DISCLOSURE_EVENT,STOCK_REPORT_PERIOD,REPORT_DATE,NOTICE_DATE,UPDATE_DATE,PIT_SAFE_CURRENT_SNAPSHOT_ONLY,cash_flow_sheet_report_em.DEFER_INCOME_AMORTIZE,PIT_SIDECAR_REGISTERED_LAZY_NOT_MINUTE_EXPANDED,SLOW_XS_LEVEL|SLOW_TEMPORAL_CHANGE|DISCLOSURE_EVENT,NO_FORMAL_SEARCH_IN_THIS_TASK; SOURCE_UNIT_GLOSSARY_NOT_ASSERTED,fundamental_cashflow_sheet,double,NEXT_SESSION_AFTER_MAX_NOTICE_UPDATE,pit_fundamental.level|pit_fundamental.change|pit_fundamental.disclosure_event,ABSENT,,False,1323,257914
cn_source::cash_flow_sheet_report_em::DEFER_INCOME_AMORTIZE_YOY,cash_flow_sheet_report_em,DEFER_INCOME_AMORTIZE_YOY,FUNDAMENTAL_CHANGE|DISCLOSURE_EVENT,STOCK_REPORT_PERIOD,REPORT_DATE,NOTICE_DATE,UPDATE_DATE,PIT_SAFE_CURRENT_SNAPSHOT_ONLY,cash_flow_sheet_report_em.DEFER_INCOME_AMORTIZE_YOY,PIT_SIDECAR_REGISTERED_LAZY_NOT_MINUTE_EXPANDED,SLOW_TEMPORAL_CHANGE|DISCLOSURE_EVENT,NO_FORMAL_SEARCH_IN_THIS_TASK; SOURCE_UNIT_GLOSSARY_NOT_ASSERTED,fundamental_cashflow_sheet,double,NEXT_SESSION_AFTER_MAX_NOTICE_UPDATE,pit_fundamental.change|pit_fundamental.disclosure_event,ABSENT,,False,953,258284
cn_source::cash_flow_sheet_report_em::DEFER_TAX,cash_flow_sheet_report_em,DEFER_TAX,FUNDAMENTAL_LEVEL|FUNDAMENTAL_CHANGE|DISCLOSURE_EVENT,STOCK_REPORT_PERIOD,REPORT_DATE,NOTICE_DATE,UPDATE_DATE,PIT_SAFE_CURRENT_SNAPSHOT_ONLY,cash_flow_sheet_report_em.DEFER_TAX,PIT_SIDECAR_REGISTERED_LAZY_NOT_MINUTE_EXPANDED,SLOW_XS_LEVEL|SLOW_TEMPORAL_CHANGE|DISCLOSURE_EVENT,NO_FORMAL_SEARCH_IN_THIS_TASK; SOURCE_UNIT_GLOSSARY_NOT_ASSERTED,fundamental_cashflow_sheet,double,NEXT_SESSION_AFTER_MAX_NOTICE_UPDATE,pit_fundamental.level|pit_fundamental.change|pit_fundamental.disclosure_event,ABSENT,,False,160726,98511
cn_source::cash_flow_sheet_report_em::DEFER_TAX_YOY,cash_flow_sheet_report_em,DEFER_TAX_YOY,FUNDAMENTAL_CHANGE|DISCLOSURE_EVENT,STOCK_REPORT_PERIOD,REPORT_DATE,NOTICE_DATE,UPDATE_DATE,PIT_SAFE_CURRENT_SNAPSHOT_ONLY,cash_flow_sheet_report_em.DEFER_TAX_YOY,PIT_SIDECAR_REGISTERED_LAZY_NOT_MINUTE_EXPANDED,SLOW_TEMPORAL_CHANGE|DISCLOSURE_EVENT,NO_FORMAL_SEARCH_IN_THIS_TASK; SOURCE_UNIT_GLOSSARY_NOT_ASSERTED,fundamental_cashflow_sheet,double,NEXT_SESSION_AFTER_MAX_NOTICE_UPDATE,pit_fundamental.change|pit_fundamental.disclosure_event,ABSENT,,False,103151,156086
cn_source::cash_flow_sheet_report_em::DEPOSIT_ADD,cash_flow_sheet_report_em,DEPOSIT_ADD,FUNDAMENTAL_LEVEL|FUNDAMENTAL_CHANGE|DISCLOSURE_EVENT,STOCK_REPORT_PERIOD,REPORT_DATE,NOTICE_DATE,UPDATE_DATE,PIT_SAFE_CURRENT_SNAPSHOT_ONLY,cash_flow_sheet_report_em.DEPOSIT_ADD,PIT_SIDECAR_REGISTERED_LAZY_NOT_MINUTE_EXPANDED,SLOW_XS_LEVEL|SLOW_TEMPORAL_CHANGE|DISCLOSURE_EVENT,NO_FORMAL_SEARCH_IN_THIS_TASK; SOURCE_UNIT_GLOSSARY_NOT_ASSERTED,fundamental_cashflow_sheet,double,NEXT_SESSION_AFTER_MAX_NOTICE_UPDATE,pit_fundamental.level|pit_fundamental.change|pit_fundamental.disclosure_event,ABSENT,,False,36,259201
cn_source::cash_flow_sheet_report_em::DEPOSIT_ADD_YOY,cash_flow_sheet_report_em,DEPOSIT_ADD_YOY,FUNDAMENTAL_CHANGE|DISCLOSURE_EVENT,STOCK_REPORT_PERIOD,REPORT_DATE,NOTICE_DATE,UPDATE_DATE,PIT_SAFE_CURRENT_SNAPSHOT_ONLY,cash_flow_sheet_report_em.DEPOSIT_ADD_YOY,PIT_SIDECAR_REGISTERED_LAZY_NOT_MINUTE_EXPANDED,SLOW_TEMPORAL_CHANGE|DISCLOSURE_EVENT,NO_FORMAL_SEARCH_IN_THIS_TASK; SOURCE_UNIT_GLOSSARY_NOT_ASSERTED,fundamental_cashflow_sheet,double,NEXT_SESSION_AFTER_MAX_NOTICE_UPDATE,pit_fundamental.change|pit_fundamental.disclosure_event,ABSENT,,False,27,259210
cn_source::cash_flow_sheet_report_em::DEPOSIT_INTERBANK_ADD,cash_flow_sheet_report_em,DEPOSIT_INTERBANK_ADD,FUNDAMENTAL_LEVEL|FUNDAMENTAL_CHANGE|DISCLOSURE_EVENT,STOCK_REPORT_PERIOD,REPORT_DATE,NOTICE_DATE,UPDATE_DATE,PIT_SAFE_CURRENT_SNAPSHOT_ONLY,cash_flow_sheet_report_em.DEPOSIT_INTERBANK_ADD,PIT_SIDECAR_REGISTERED_LAZY_NOT_MINUTE_EXPANDED,SLOW_XS_LEVEL|SLOW_TEMPORAL_CHANGE|DISCLOSURE_EVENT,NO_FORMAL_SEARCH_IN_THIS_TASK; SOURCE_UNIT_GLOSSARY_NOT_ASSERTED,fundamental_cashflow_sheet,double,NEXT_SESSION_AFTER_MAX_NOTICE_UPDATE,pit_fundamental.level|pit_fundamental.change|pit_fundamental.disclosure_event,ABSENT,,False,4715,254522
cn_source::cash_flow_sheet_report_em::DEPOSIT_INTERBANK_ADD_YOY,cash_flow_sheet_report_em,DEPOSIT_INTERBANK_ADD_YOY,FUNDAMENTAL_CHANGE|DISCLOSURE_EVENT,STOCK_REPORT_PERIOD,REPORT_DATE,NOTICE_DATE,UPDATE_DATE,PIT_SAFE_CURRENT_SNAPSHOT_ONLY,cash_flow_sheet_report_em.DEPOSIT_INTERBANK_ADD_YOY,PIT_SIDECAR_REGISTERED_LAZY_NOT_MINUTE_EXPANDED,SLOW_TEMPORAL_CHANGE|DISCLOSURE_EVENT,NO_FORMAL_SEARCH_IN_THIS_TASK; SOURCE_UNIT_GLOSSARY_NOT_ASSERTED,fundamental_cashflow_sheet,double,NEXT_SESSION_AFTER_MAX_NOTICE_UPDATE,pit_fundamental.change|pit_fundamental.disclosure_event,ABSENT,,False,1116,258121
cn_source::cash_flow_sheet_report_em::DEPOSIT_IOFI_ADD,cash_flow_sheet_report_em,DEPOSIT_IOFI_ADD,FUNDAMENTAL_LEVEL|FUNDAMENTAL_CHANGE|DISCLOSURE_EVENT,STOCK_REPORT_PERIOD,REPORT_DATE,NOTICE_DATE,UPDATE_DATE,PIT_SAFE_CURRENT_SNAPSHOT_ONLY,cash_flow_sheet_report_em.DEPOSIT_IOFI_ADD,PIT_SIDECAR_REGISTERED_LAZY_NOT_MINUTE_EXPANDED,SLOW_XS_LEVEL|SLOW_TEMPORAL_CHANGE|DISCLOSURE_EVENT,NO_FORMAL_SEARCH_IN_THIS_TASK; SOURCE_UNIT_GLOSSARY_NOT_ASSERTED,fundamental_cashflow_sheet,double,NEXT_SESSION_AFTER_MAX_NOTICE_UPDATE,pit_fundamental.level|pit_fundamental.change|pit_fundamental.disclosure_event,ABSENT,,False,405,258832
cn_source::cash_flow_sheet_report_em::DEPOSIT_IOFI_ADD_YOY,cash_flow_sheet_report_em,DEPOSIT_IOFI_ADD_YOY,FUNDAMENTAL_CHANGE|DISCLOSURE_EVENT,STOCK_REPORT_PERIOD,REPORT_DATE,NOTICE_DATE,UPDATE_DATE,PIT_SAFE_CURRENT_SNAPSHOT_ONLY,cash_flow_sheet_report_em.DEPOSIT_IOFI_ADD_YOY,PIT_SIDECAR_REGISTERED_LAZY_NOT_MINUTE_EXPANDED,SLOW_TEMPORAL_CHANGE|DISCLOSURE_EVENT,NO_FORMAL_SEARCH_IN_THIS_TASK; SOURCE_UNIT_GLOSSARY_NOT_ASSERTED,fundamental_cashflow_sheet,double,NEXT_SESSION_AFTER_MAX_NOTICE_UPDATE,pit_fundamental.change|pit_fundamental.disclosure_event,ABSENT,,False,121,259116
cn_source::cash_flow_sheet_report_em::DEPOSIT_IOFI_OTHER,cash_flow_sheet_report_em,DEPOSIT_IOFI_OTHER,FUNDAMENTAL_LEVEL|FUNDAMENTAL_CHANGE|DISCLOSURE_EVENT,STOCK_REPORT_PERIOD,REPORT_DATE,NOTICE_DATE,UPDATE_DATE,PIT_SAFE_CURRENT_SNAPSHOT_ONLY,cash_flow_sheet_report_em.DEPOSIT_IOFI_OTHER,PIT_SIDECAR_REGISTERED_LAZY_NOT_MINUTE_EXPANDED,SLOW_XS_LEVEL|SLOW_TEMPORAL_CHANGE|DISCLOSURE_EVENT,NO_FORMAL_SEARCH_IN_THIS_TASK; SOURCE_UNIT_GLOSSARY_NOT_ASSERTED,fundamental_cashflow_sheet,double,NEXT_SESSION_AFTER_MAX_NOTICE_UPDATE,pit_fundamental.level|pit_fundamental.change|pit_fundamental.disclosure_event,ABSENT,,False,2036,257201
cn_source::cash_flow_sheet_report_em::DEPOSIT_IOFI_OTHER_YOY,cash_flow_sheet_report_em,DEPOSIT_IOFI_OTHER_YOY,FUNDAMENTAL_CHANGE|DISCLOSURE_EVENT,STOCK_REPORT_PERIOD,REPORT_DATE,NOTICE_DATE,UPDATE_DATE,PIT_SAFE_CURRENT_SNAPSHOT_ONLY,cash_flow_sheet_report_em.DEPOSIT_IOFI_OTHER_YOY,PIT_SIDECAR_REGISTERED_LAZY_NOT_MINUTE_EXPANDED,SLOW_TEMPORAL_CHANGE|DISCLOSURE_EVENT,NO_FORMAL_SEARCH_IN_THIS_TASK; SOURCE_UNIT_GLOSSARY_NOT_ASSERTED,fundamental_cashflow_sheet,double,NEXT_SESSION_AFTER_MAX_NOTICE_UPDATE,pit_fundamental.change|pit_fundamental.disclosure_event,ABSENT,,False,1743,257494
cn_source::cash_flow_sheet_report_em::DEPOSIT_IOFI_REDUCE,cash_flow_sheet_report_em,DEPOSIT_IOFI_REDUCE,FUNDAMENTAL_LEVEL|FUNDAMENTAL_CHANGE|DISCLOSURE_EVENT,STOCK_REPORT_PERIOD,REPORT_DATE,NOTICE_DATE,UPDATE_DATE,PIT_SAFE_CURRENT_SNAPSHOT_ONLY,cash_flow_sheet_report_em.DEPOSIT_IOFI_REDUCE,PIT_SIDECAR_REGISTERED_LAZY_NOT_MINUTE_EXPANDED,SLOW_XS_LEVEL|SLOW_TEMPORAL_CHANGE|DISCLOSURE_EVENT,NO_FORMAL_SEARCH_IN_THIS_TASK; SOURCE_UNIT_GLOSSARY_NOT_ASSERTED,fundamental_cashflow_sheet,double,NEXT_SESSION_AFTER_MAX_NOTICE_UPDATE,pit_fundamental.level|pit_fundamental.change|pit_fundamental.disclosure_event,ABSENT,,False,412,258825
cn_source::cash_flow_sheet_report_em::DEPOSIT_IOFI_REDUCE_YOY,cash_flow_sheet_report_em,DEPOSIT_IOFI_REDUCE_YOY,FUNDAMENTAL_CHANGE|DISCLOSURE_EVENT,STOCK_REPORT_PERIOD,REPORT_DATE,NOTICE_DATE,UPDATE_DATE,PIT_SAFE_CURRENT_SNAPSHOT_ONLY,cash_flow_sheet_report_em.DEPOSIT_IOFI_REDUCE_YOY,PIT_SIDECAR_REGISTERED_LAZY_NOT_MINUTE_EXPANDED,SLOW_TEMPORAL_CHANGE|DISCLOSURE_EVENT,NO_FORMAL_SEARCH_IN_THIS_TASK; SOURCE_UNIT_GLOSSARY_NOT_ASSERTED,fundamental_cashflow_sheet,double,NEXT_SESSION_AFTER_MAX_NOTICE_UPDATE,pit_fundamental.change|pit_fundamental.disclosure_event,ABSENT,,False,121,259116
cn_source::cash_flow_sheet_report_em::DEPOSIT_PBC_ADD,cash_flow_sheet_report_em,DEPOSIT_PBC_ADD,FUNDAMENTAL_LEVEL|FUNDAMENTAL_CHANGE|DISCLOSURE_EVENT,STOCK_REPORT_PERIOD,REPORT_DATE,NOTICE_DATE,UPDATE_DATE,PIT_SAFE_CURRENT_SNAPSHOT_ONLY,cash_flow_sheet_report_em.DEPOSIT_PBC_ADD,PIT_SIDECAR_REGISTERED_LAZY_NOT_MINUTE_EXPANDED,SLOW_XS_LEVEL|SLOW_TEMPORAL_CHANGE|DISCLOSURE_EVENT,NO_FORMAL_SEARCH_IN_THIS_TASK; SOURCE_UNIT_GLOSSARY_NOT_ASSERTED,fundamental_cashflow_sheet,double,NEXT_SESSION_AFTER_MAX_NOTICE_UPDATE,pit_fundamental.level|pit_fundamental.change|pit_fundamental.disclosure_event,ABSENT,,False,499,258738
cn_source::cash_flow_sheet_report_em::DEPOSIT_PBC_ADD_YOY,cash_flow_sheet_report_em,DEPOSIT_PBC_ADD_YOY,FUNDAMENTAL_CHANGE|DISCLOSURE_EVENT,STOCK_REPORT_PERIOD,REPORT_DATE,NOTICE_DATE,UPDATE_DATE,PIT_SAFE_CURRENT_SNAPSHOT_ONLY,cash_flow_sheet_report_em.DEPOSIT_PBC_ADD_YOY,PIT_SIDECAR_REGISTERED_LAZY_NOT_MINUTE_EXPANDED,SLOW_TEMPORAL_CHANGE|DISCLOSURE_EVENT,NO_FORMAL_SEARCH_IN_THIS_TASK; SOURCE_UNIT_GLOSSARY_NOT_ASSERTED,fundamental_cashflow_sheet,double,NEXT_SESSION_AFTER_MAX_NOTICE_UPDATE,pit_fundamental.change|pit_fundamental.disclosure_event,ABSENT,,False,222,259015
cn_source::cash_flow_sheet_report_em::DEPOSIT_PBC_REDUCE,cash_flow_sheet_report_em,DEPOSIT_PBC_REDUCE,FUNDAMENTAL_LEVEL|FUNDAMENTAL_CHANGE|DISCLOSURE_EVENT,STOCK_REPORT_PERIOD,REPORT_DATE,NOTICE_DATE,UPDATE_DATE,PIT_SAFE_CURRENT_SNAPSHOT_ONLY,cash_flow_sheet_report_em.DEPOSIT_PBC_REDUCE,PIT_SIDECAR_REGISTERED_LAZY_NOT_MINUTE_EXPANDED,SLOW_XS_LEVEL|SLOW_TEMPORAL_CHANGE|DISCLOSURE_EVENT,NO_FORMAL_SEARCH_IN_THIS_TASK; SOURCE_UNIT_GLOSSARY_NOT_ASSERTED,fundamental_cashflow_sheet,double,NEXT_SESSION_AFTER_MAX_NOTICE_UPDATE,pit_fundamental.level|pit_fundamental.change|pit_fundamental.disclosure_event,ABSENT,,False,375,258862
cn_source::cash_flow_sheet_report_em::DEPOSIT_PBC_REDUCE_YOY,cash_flow_sheet_report_em,DEPOSIT_PBC_REDUCE_YOY,FUNDAMENTAL_CHANGE|DISCLOSURE_EVENT,STOCK_REPORT_PERIOD,REPORT_DATE,NOTICE_DATE,UPDATE_DATE,PIT_SAFE_CURRENT_SNAPSHOT_ONLY,cash_flow_sheet_report_em.DEPOSIT_PBC_REDUCE_YOY,PIT_SIDECAR_REGISTERED_LAZY_NOT_MINUTE_EXPANDED,SLOW_TEMPORAL_CHANGE|DISCLOSURE_EVENT,NO_FORMAL_SEARCH_IN_THIS_TASK; SOURCE_UNIT_GLOSSARY_NOT_ASSERTED,fundamental_cashflow_sheet,double,NEXT_SESSION_AFTER_MAX_NOTICE_UPDATE,pit_fundamental.change|pit_fundamental.disclosure_event,ABSENT,,False,84,259153
cn_source::cash_flow_sheet_report_em::DIRECT_INVEST_ADD,cash_flow_sheet_report_em,DIRECT_INVEST_ADD,FUNDAMENTAL_LEVEL|FUNDAMENTAL_CHANGE|DISCLOSURE_EVENT,STOCK_REPORT_PERIOD,REPORT_DATE,NOTICE_DATE,UPDATE_DATE,PIT_SAFE_CURRENT_SNAPSHOT_ONLY,cash_flow_sheet_report_em.DIRECT_INVEST_ADD,PIT_SIDECAR_REGISTERED_LAZY_NOT_MINUTE_EXPANDED,SLOW_XS_LEVEL|SLOW_TEMPORAL_CHANGE|DISCLOSURE_EVENT,NO_FORMAL_SEARCH_IN_THIS_TASK; SOURCE_UNIT_GLOSSARY_NOT_ASSERTED,fundamental_cashflow_sheet,double,NEXT_SESSION_AFTER_MAX_NOTICE_UPDATE,pit_fundamental.level|pit_fundamental.change|pit_fundamental.disclosure_event,ABSENT,,False,426,258811
cn_source::cash_flow_sheet_report_em::DIRECT_INVEST_ADD_YOY,cash_flow_sheet_report_em,DIRECT_INVEST_ADD_YOY,FUNDAMENTAL_CHANGE|DISCLOSURE_EVENT,STOCK_REPORT_PERIOD,REPORT_DATE,NOTICE_DATE,UPDATE_DATE,PIT_SAFE_CURRENT_SNAPSHOT_ONLY,cash_flow_sheet_report_em.DIRECT_INVEST_ADD_YOY,PIT_SIDECAR_REGISTERED_LAZY_NOT_MINUTE_EXPANDED,SLOW_TEMPORAL_CHANGE|DISCLOSURE_EVENT,NO_FORMAL_SEARCH_IN_THIS_TASK; SOURCE_UNIT_GLOSSARY_NOT_ASSERTED,fundamental_cashflow_sheet,double,NEXT_SESSION_AFTER_MAX_NOTICE_UPDATE,pit_fundamental.change|pit_fundamental.disclosure_event,ABSENT,,False,3,259234
cn_source::cash_flow_sheet_report_em::DIRECT_INVEST_REDUCE,cash_flow_sheet_report_em,DIRECT_INVEST_REDUCE,FUNDAMENTAL_LEVEL|FUNDAMENTAL_CHANGE|DISCLOSURE_EVENT,STOCK_REPORT_PERIOD,REPORT_DATE,NOTICE_DATE,UPDATE_DATE,PIT_SAFE_CURRENT_SNAPSHOT_ONLY,cash_flow_sheet_report_em.DIRECT_INVEST_REDUCE,PIT_SIDECAR_REGISTERED_LAZY_NOT_MINUTE_EXPANDED,SLOW_XS_LEVEL|SLOW_TEMPORAL_CHANGE|DISCLOSURE_EVENT,NO_FORMAL_SEARCH_IN_THIS_TASK; SOURCE_UNIT_GLOSSARY_NOT_ASSERTED,fundamental_cashflow_sheet,double,NEXT_SESSION_AFTER_MAX_NOTICE_UPDATE,pit_fundamental.level|pit_fundamental.change|pit_fundamental.disclosure_event,ABSENT,,False,271,258966
cn_source::cash_flow_sheet_report_em::DIRECT_INVEST_REDUCE_YOY,cash_flow_sheet_report_em,DIRECT_INVEST_REDUCE_YOY,FUNDAMENTAL_CHANGE|DISCLOSURE_EVENT,STOCK_REPORT_PERIOD,REPORT_DATE,NOTICE_DATE,UPDATE_DATE,PIT_SAFE_CURRENT_SNAPSHOT_ONLY,cash_flow_sheet_report_em.DIRECT_INVEST_REDUCE_YOY,PIT_SIDECAR_REGISTERED_LAZY_NOT_MINUTE_EXPANDED,SLOW_TEMPORAL_CHANGE|DISCLOSURE_EVENT,NO_FORMAL_SEARCH_IN_THIS_TASK; SOURCE_UNIT_GLOSSARY_NOT_ASSERTED,fundamental_cashflow_sheet,double,NEXT_SESSION_AFTER_MAX_NOTICE_UPDATE,pit_fundamental.change|pit_fundamental.disclosure_event,ABSENT,,False,6,259231
cn_source::cash_flow_sheet_report_em::DISPOSAL_AFA_ADD,cash_flow_sheet_report_em,DISPOSAL_AFA_ADD,FUNDAMENTAL_LEVEL|FUNDAMENTAL_CHANGE|DISCLOSURE_EVENT,STOCK_REPORT_PERIOD,REPORT_DATE,NOTICE_DATE,UPDATE_DATE,PIT_SAFE_CURRENT_SNAPSHOT_ONLY,cash_flow_sheet_report_em.DISPOSAL_AFA_ADD,PIT_SIDECAR_REGISTERED_LAZY_NOT_MINUTE_EXPANDED,SLOW_XS_LEVEL|SLOW_TEMPORAL_CHANGE|DISCLOSURE_EVENT,NO_FORMAL_SEARCH_IN_THIS_TASK; SOURCE_UNIT_GLOSSARY_NOT_ASSERTED,fundamental_cashflow_sheet,double,NEXT_SESSION_AFTER_MAX_NOTICE_UPDATE,pit_fundamental.level|pit_fundamental.change|pit_fundamental.disclosure_event,ABSENT,,False,318,258919
cn_source::cash_flow_sheet_report_em::DISPOSAL_AFA_ADD_YOY,cash_flow_sheet_report_em,DISPOSAL_AFA_ADD_YOY,FUNDAMENTAL_CHANGE|DISCLOSURE_EVENT,STOCK_REPORT_PERIOD,REPORT_DATE,NOTICE_DATE,UPDATE_DATE,PIT_SAFE_CURRENT_SNAPSHOT_ONLY,cash_flow_sheet_report_em.DISPOSAL_AFA_ADD_YOY,PIT_SIDECAR_REGISTERED_LAZY_NOT_MINUTE_EXPANDED,SLOW_TEMPORAL_CHANGE|DISCLOSURE_EVENT,NO_FORMAL_SEARCH_IN_THIS_TASK; SOURCE_UNIT_GLOSSARY_NOT_ASSERTED,fundamental_cashflow_sheet,double,NEXT_SESSION_AFTER_MAX_NOTICE_UPDATE,pit_fundamental.change|pit_fundamental.disclosure_event,ABSENT,,False,33,259204
cn_source::cash_flow_sheet_report_em::DISPOSAL_AFA_REDUCE,cash_flow_sheet_report_em,DISPOSAL_AFA_REDUCE,FUNDAMENTAL_LEVEL|FUNDAMENTAL_CHANGE|DISCLOSURE_EVENT,STOCK_REPORT_PERIOD,REPORT_DATE,NOTICE_DATE,UPDATE_DATE,PIT_SAFE_CURRENT_SNAPSHOT_ONLY,cash_flow_sheet_report_em.DISPOSAL_AFA_REDUCE,PIT_SIDECAR_REGISTERED_LAZY_NOT_MINUTE_EXPANDED,SLOW_XS_LEVEL|SLOW_TEMPORAL_CHANGE|DISCLOSURE_EVENT,NO_FORMAL_SEARCH_IN_THIS_TASK; SOURCE_UNIT_GLOSSARY_NOT_ASSERTED,fundamental_cashflow_sheet,double,NEXT_SESSION_AFTER_MAX_NOTICE_UPDATE,pit_fundamental.level|pit_fundamental.change|pit_fundamental.disclosure_event,ABSENT,,False,340,258897
cn_source::cash_flow_sheet_report_em::DISPOSAL_AFA_REDUCE_YOY,cash_flow_sheet_report_em,DISPOSAL_AFA_REDUCE_YOY,FUNDAMENTAL_CHANGE|DISCLOSURE_EVENT,STOCK_REPORT_PERIOD,REPORT_DATE,NOTICE_DATE,UPDATE_DATE,PIT_SAFE_CURRENT_SNAPSHOT_ONLY,cash_flow_sheet_report_em.DISPOSAL_AFA_REDUCE_YOY,PIT_SIDECAR_REGISTERED_LAZY_NOT_MINUTE_EXPANDED,SLOW_TEMPORAL_CHANGE|DISCLOSURE_EVENT,NO_FORMAL_SEARCH_IN_THIS_TASK; SOURCE_UNIT_GLOSSARY_NOT_ASSERTED,fundamental_cashflow_sheet,double,NEXT_SESSION_AFTER_MAX_NOTICE_UPDATE,pit_fundamental.change|pit_fundamental.disclosure_event,ABSENT,,False,39,259198
cn_source::cash_flow_sheet_report_em::DISPOSAL_LONGASSET_LOSS,cash_flow_sheet_report_em,DISPOSAL_LONGASSET_LOSS,FUNDAMENTAL_LEVEL|FUNDAMENTAL_CHANGE|DISCLOSURE_EVENT,STOCK_REPORT_PERIOD,REPORT_DATE,NOTICE_DATE,UPDATE_DATE,PIT_SAFE_CURRENT_SNAPSHOT_ONLY,cash_flow_sheet_report_em.DISPOSAL_LONGASSET_LOSS,PIT_SIDECAR_REGISTERED_LAZY_NOT_MINUTE_EXPANDED,SLOW_XS_LEVEL|SLOW_TEMPORAL_CHANGE|DISCLOSURE_EVENT,NO_FORMAL_SEARCH_IN_THIS_TASK; SOURCE_UNIT_GLOSSARY_NOT_ASSERTED,fundamental_cashflow_sheet,double,NEXT_SESSION_AFTER_MAX_NOTICE_UPDATE,pit_fundamental.level|pit_fundamental.change|pit_fundamental.disclosure_event,ABSENT,,False,117409,141828
cn_source::cash_flow_sheet_report_em::DISPOSAL_LONGASSET_LOSS_YOY,cash_flow_sheet_report_em,DISPOSAL_LONGASSET_LOSS_YOY,FUNDAMENTAL_CHANGE|DISCLOSURE_EVENT,STOCK_REPORT_PERIOD,REPORT_DATE,NOTICE_DATE,UPDATE_DATE,PIT_SAFE_CURRENT_SNAPSHOT_ONLY,cash_flow_sheet_report_em.DISPOSAL_LONGASSET_LOSS_YOY,PIT_SIDECAR_REGISTERED_LAZY_NOT_MINUTE_EXPANDED,SLOW_TEMPORAL_CHANGE|DISCLOSURE_EVENT,NO_FORMAL_SEARCH_IN_THIS_TASK; SOURCE_UNIT_GLOSSARY_NOT_ASSERTED,fundamental_cashflow_sheet,double,NEXT_SESSION_AFTER_MAX_NOTICE_UPDATE,pit_fundamental.change|pit_fundamental.disclosure_event,ABSENT,,False,94724,164513
cn_source::cash_flow_sheet_report_em::DISPOSAL_LONG_ASSET,cash_flow_sheet_report_em,DISPOSAL_LONG_ASSET,FUNDAMENTAL_LEVEL|FUNDAMENTAL_CHANGE|DISCLOSURE_EVENT,STOCK_REPORT_PERIOD,REPORT_DATE,NOTICE_DATE,UPDATE_DATE,PIT_SAFE_CURRENT_SNAPSHOT_ONLY,cash_flow_sheet_report_em.DISPOSAL_LONG_ASSET,PIT_SIDECAR_REGISTERED_LAZY_NOT_MINUTE_EXPANDED,SLOW_XS_LEVEL|SLOW_TEMPORAL_CHANGE|DISCLOSURE_EVENT,NO_FORMAL_SEARCH_IN_THIS_TASK; SOURCE_UNIT_GLOSSARY_NOT_ASSERTED,fundamental_cashflow_sheet,double,NEXT_SESSION_AFTER_MAX_NOTICE_UPDATE,pit_fundamental.level|pit_fundamental.change|pit_fundamental.disclosure_event,ABSENT,,False,195477,63760
cn_source::cash_flow_sheet_report_em::DISPOSAL_LONG_ASSET_YOY,cash_flow_sheet_report_em,DISPOSAL_LONG_ASSET_YOY,FUNDAMENTAL_CHANGE|DISCLOSURE_EVENT,STOCK_REPORT_PERIOD,REPORT_DATE,NOTICE_DATE,UPDATE_DATE,PIT_SAFE_CURRENT_SNAPSHOT_ONLY,cash_flow_sheet_report_em.DISPOSAL_LONG_ASSET_YOY,PIT_SIDECAR_REGISTERED_LAZY_NOT_MINUTE_EXPANDED,SLOW_TEMPORAL_CHANGE|DISCLOSURE_EVENT,NO_FORMAL_SEARCH_IN_THIS_TASK; SOURCE_UNIT_GLOSSARY_NOT_ASSERTED,fundamental_cashflow_sheet,double,NEXT_SESSION_AFTER_MAX_NOTICE_UPDATE,pit_fundamental.change|pit_fundamental.disclosure_event,ABSENT,,False,154035,105202
cn_source::cash_flow_sheet_report_em::DISPOSAL_MORTGAGE_ASSET,cash_flow_sheet_report_em,DISPOSAL_MORTGAGE_ASSET,FUNDAMENTAL_LEVEL|FUNDAMENTAL_CHANGE|DISCLOSURE_EVENT,STOCK_REPORT_PERIOD,REPORT_DATE,NOTICE_DATE,UPDATE_DATE,PIT_SAFE_CURRENT_SNAPSHOT_ONLY,cash_flow_sheet_report_em.DISPOSAL_MORTGAGE_ASSET,PIT_SIDECAR_REGISTERED_LAZY_NOT_MINUTE_EXPANDED,SLOW_XS_LEVEL|SLOW_TEMPORAL_CHANGE|DISCLOSURE_EVENT,NO_FORMAL_SEARCH_IN_THIS_TASK; SOURCE_UNIT_GLOSSARY_NOT_ASSERTED,fundamental_cashflow_sheet,double,NEXT_SESSION_AFTER_MAX_NOTICE_UPDATE,pit_fundamental.level|pit_fundamental.change|pit_fundamental.disclosure_event,ABSENT,,False,234,259003
cn_source::cash_flow_sheet_report_em::DISPOSAL_MORTGAGE_ASSET_YOY,cash_flow_sheet_report_em,DISPOSAL_MORTGAGE_ASSET_YOY,FUNDAMENTAL_CHANGE|DISCLOSURE_EVENT,STOCK_REPORT_PERIOD,REPORT_DATE,NOTICE_DATE,UPDATE_DATE,PIT_SAFE_CURRENT_SNAPSHOT_ONLY,cash_flow_sheet_report_em.DISPOSAL_MORTGAGE_ASSET_YOY,PIT_SIDECAR_REGISTERED_LAZY_NOT_MINUTE_EXPANDED,SLOW_TEMPORAL_CHANGE|DISCLOSURE_EVENT,NO_FORMAL_SEARCH_IN_THIS_TASK; SOURCE_UNIT_GLOSSARY_NOT_ASSERTED,fundamental_cashflow_sheet,double,NEXT_SESSION_AFTER_MAX_NOTICE_UPDATE,pit_fundamental.change|pit_fundamental.disclosure_event,ABSENT,,False,74,259163
cn_source::cash_flow_sheet_report_em::DISPOSAL_SUBSIDIARY_JOINT,cash_flow_sheet_report_em,DISPOSAL_SUBSIDIARY_JOINT,FUNDAMENTAL_LEVEL|FUNDAMENTAL_CHANGE|DISCLOSURE_EVENT,STOCK_REPORT_PERIOD,REPORT_DATE,NOTICE_DATE,UPDATE_DATE,PIT_SAFE_CURRENT_SNAPSHOT_ONLY,cash_flow_sheet_report_em.DISPOSAL_SUBSIDIARY_JOINT,PIT_SIDECAR_REGISTERED_LAZY_NOT_MINUTE_EXPANDED,SLOW_XS_LEVEL|SLOW_TEMPORAL_CHANGE|DISCLOSURE_EVENT,NO_FORMAL_SEARCH_IN_THIS_TASK; SOURCE_UNIT_GLOSSARY_NOT_ASSERTED,fundamental_cashflow_sheet,double,NEXT_SESSION_AFTER_MAX_NOTICE_UPDATE,pit_fundamental.level|pit_fundamental.change|pit_fundamental.disclosure_event,ABSENT,,False,278,258959
cn_source::cash_flow_sheet_report_em::DISPOSAL_SUBSIDIARY_JOINT_YOY,cash_flow_sheet_report_em,DISPOSAL_SUBSIDIARY_JOINT_YOY,FUNDAMENTAL_CHANGE|DISCLOSURE_EVENT,STOCK_REPORT_PERIOD,REPORT_DATE,NOTICE_DATE,UPDATE_DATE,PIT_SAFE_CURRENT_SNAPSHOT_ONLY,cash_flow_sheet_report_em.DISPOSAL_SUBSIDIARY_JOINT_YOY,PIT_SIDECAR_REGISTERED_LAZY_NOT_MINUTE_EXPANDED,SLOW_TEMPORAL_CHANGE|DISCLOSURE_EVENT,NO_FORMAL_SEARCH_IN_THIS_TASK; SOURCE_UNIT_GLOSSARY_NOT_ASSERTED,fundamental_cashflow_sheet,double,NEXT_SESSION_AFTER_MAX_NOTICE_UPDATE,pit_fundamental.change|pit_fundamental.disclosure_event,ABSENT,,False,84,259153
cn_source::cash_flow_sheet_report_em::DISPOSAL_SUBSIDIARY_OTHER,cash_flow_sheet_report_em,DISPOSAL_SUBSIDIARY_OTHER,FUNDAMENTAL_LEVEL|FUNDAMENTAL_CHANGE|DISCLOSURE_EVENT,STOCK_REPORT_PERIOD,REPORT_DATE,NOTICE_DATE,UPDATE_DATE,PIT_SAFE_CURRENT_SNAPSHOT_ONLY,cash_flow_sheet_report_em.DISPOSAL_SUBSIDIARY_OTHER,PIT_SIDECAR_REGISTERED_LAZY_NOT_MINUTE_EXPANDED,SLOW_XS_LEVEL|SLOW_TEMPORAL_CHANGE|DISCLOSURE_EVENT,NO_FORMAL_SEARCH_IN_THIS_TASK; SOURCE_UNIT_GLOSSARY_NOT_ASSERTED,fundamental_cashflow_sheet,double,NEXT_SESSION_AFTER_MAX_NOTICE_UPDATE,pit_fundamental.level|pit_fundamental.change|pit_fundamental.disclosure_event,ABSENT,,False,31506,227731
cn_source::cash_flow_sheet_report_em::DISPOSAL_SUBSIDIARY_OTHER_YOY,cash_flow_sheet_report_em,DISPOSAL_SUBSIDIARY_OTHER_YOY,FUNDAMENTAL_CHANGE|DISCLOSURE_EVENT,STOCK_REPORT_PERIOD,REPORT_DATE,NOTICE_DATE,UPDATE_DATE,PIT_SAFE_CURRENT_SNAPSHOT_ONLY,cash_flow_sheet_report_em.DISPOSAL_SUBSIDIARY_OTHER_YOY,PIT_SIDECAR_REGISTERED_LAZY_NOT_MINUTE_EXPANDED,SLOW_TEMPORAL_CHANGE|DISCLOSURE_EVENT,NO_FORMAL_SEARCH_IN_THIS_TASK; SOURCE_UNIT_GLOSSARY_NOT_ASSERTED,fundamental_cashflow_sheet,double,NEXT_SESSION_AFTER_MAX_NOTICE_UPDATE,pit_fundamental.change|pit_fundamental.disclosure_event,ABSENT,,False,9175,250062
cn_source::cash_flow_sheet_report_em::DISPOSAL_SUBSIDIARY_OUTFLOW,cash_flow_sheet_report_em,DISPOSAL_SUBSIDIARY_OUTFLOW,FUNDAMENTAL_LEVEL|FUNDAMENTAL_CHANGE|DISCLOSURE_EVENT,STOCK_REPORT_PERIOD,REPORT_DATE,NOTICE_DATE,UPDATE_DATE,PIT_SAFE_CURRENT_SNAPSHOT_ONLY,cash_flow_sheet_report_em.DISPOSAL_SUBSIDIARY_OUTFLOW,PIT_SIDECAR_REGISTERED_LAZY_NOT_MINUTE_EXPANDED,SLOW_XS_LEVEL|SLOW_TEMPORAL_CHANGE|DISCLOSURE_EVENT,NO_FORMAL_SEARCH_IN_THIS_TASK; SOURCE_UNIT_GLOSSARY_NOT_ASSERTED,fundamental_cashflow_sheet,double,NEXT_SESSION_AFTER_MAX_NOTICE_UPDATE,pit_fundamental.level|pit_fundamental.change|pit_fundamental.disclosure_event,ABSENT,,False,61,259176
cn_source::cash_flow_sheet_report_em::DISPOSAL_SUBSIDIARY_OUTFLOW_YOY,cash_flow_sheet_report_em,DISPOSAL_SUBSIDIARY_OUTFLOW_YOY,FUNDAMENTAL_CHANGE|DISCLOSURE_EVENT,STOCK_REPORT_PERIOD,REPORT_DATE,NOTICE_DATE,UPDATE_DATE,PIT_SAFE_CURRENT_SNAPSHOT_ONLY,cash_flow_sheet_report_em.DISPOSAL_SUBSIDIARY_OUTFLOW_YOY,PIT_SIDECAR_REGISTERED_LAZY_NOT_MINUTE_EXPANDED,SLOW_TEMPORAL_CHANGE|DISCLOSURE_EVENT,NO_FORMAL_SEARCH_IN_THIS_TASK; SOURCE_UNIT_GLOSSARY_NOT_ASSERTED,fundamental_cashflow_sheet,double,NEXT_SESSION_AFTER_MAX_NOTICE_UPDATE,pit_fundamental.change|pit_fundamental.disclosure_event,ABSENT,,False,10,259227
cn_source::cash_flow_sheet_report_em::DISPOSAL_TFA_ADD,cash_flow_sheet_report_em,DISPOSAL_TFA_ADD,FUNDAMENTAL_LEVEL|FUNDAMENTAL_CHANGE|DISCLOSURE_EVENT,STOCK_REPORT_PERIOD,REPORT_DATE,NOTICE_DATE,UPDATE_DATE,PIT_SAFE_CURRENT_SNAPSHOT_ONLY,cash_flow_sheet_report_em.DISPOSAL_TFA_ADD,PIT_SIDECAR_REGISTERED_LAZY_NOT_MINUTE_EXPANDED,SLOW_XS_LEVEL|SLOW_TEMPORAL_CHANGE|DISCLOSURE_EVENT,NO_FORMAL_SEARCH_IN_THIS_TASK; SOURCE_UNIT_GLOSSARY_NOT_ASSERTED,fundamental_cashflow_sheet,double,NEXT_SESSION_AFTER_MAX_NOTICE_UPDATE,pit_fundamental.level|pit_fundamental.change|pit_fundamental.disclosure_event,ABSENT,,False,3026,256211
cn_source::cash_flow_sheet_report_em::DISPOSAL_TFA_ADD_YOY,cash_flow_sheet_report_em,DISPOSAL_TFA_ADD_YOY,FUNDAMENTAL_CHANGE|DISCLOSURE_EVENT,STOCK_REPORT_PERIOD,REPORT_DATE,NOTICE_DATE,UPDATE_DATE,PIT_SAFE_CURRENT_SNAPSHOT_ONLY,cash_flow_sheet_report_em.DISPOSAL_TFA_ADD_YOY,PIT_SIDECAR_REGISTERED_LAZY_NOT_MINUTE_EXPANDED,SLOW_TEMPORAL_CHANGE|DISCLOSURE_EVENT,NO_FORMAL_SEARCH_IN_THIS_TASK; SOURCE_UNIT_GLOSSARY_NOT_ASSERTED,fundamental_cashflow_sheet,double,NEXT_SESSION_AFTER_MAX_NOTICE_UPDATE,pit_fundamental.change|pit_fundamental.disclosure_event,ABSENT,,False,510,258727
cn_source::cash_flow_sheet_report_em::DISPOSAL_TFA_REDUCE,cash_flow_sheet_report_em,DISPOSAL_TFA_REDUCE,FUNDAMENTAL_LEVEL|FUNDAMENTAL_CHANGE|DISCLOSURE_EVENT,STOCK_REPORT_PERIOD,REPORT_DATE,NOTICE_DATE,UPDATE_DATE,PIT_SAFE_CURRENT_SNAPSHOT_ONLY,cash_flow_sheet_report_em.DISPOSAL_TFA_REDUCE,PIT_SIDECAR_REGISTERED_LAZY_NOT_MINUTE_EXPANDED,SLOW_XS_LEVEL|SLOW_TEMPORAL_CHANGE|DISCLOSURE_EVENT,NO_FORMAL_SEARCH_IN_THIS_TASK; SOURCE_UNIT_GLOSSARY_NOT_ASSERTED,fundamental_cashflow_sheet,double,NEXT_SESSION_AFTER_MAX_NOTICE_UPDATE,pit_fundamental.level|pit_fundamental.change|pit_fundamental.disclosure_event,ABSENT,,False,776,258461
cn_source::cash_flow_sheet_report_em::DISPOSAL_TFA_REDUCE_YOY,cash_flow_sheet_report_em,DISPOSAL_TFA_REDUCE_YOY,FUNDAMENTAL_CHANGE|DISCLOSURE_EVENT,STOCK_REPORT_PERIOD,REPORT_DATE,NOTICE_DATE,UPDATE_DATE,PIT_SAFE_CURRENT_SNAPSHOT_ONLY,cash_flow_sheet_report_em.DISPOSAL_TFA_REDUCE_YOY,PIT_SIDECAR_REGISTERED_LAZY_NOT_MINUTE_EXPANDED,SLOW_TEMPORAL_CHANGE|DISCLOSURE_EVENT,NO_FORMAL_SEARCH_IN_THIS_TASK; SOURCE_UNIT_GLOSSARY_NOT_ASSERTED,fundamental_cashflow_sheet,double,NEXT_SESSION_AFTER_MAX_NOTICE_UPDATE,pit_fundamental.change|pit_fundamental.disclosure_event,ABSENT,,False,356,258881
cn_source::cash_flow_sheet_report_em::DT_ASSET_REDUCE,cash_flow_sheet_report_em,DT_ASSET_REDUCE,FUNDAMENTAL_LEVEL|FUNDAMENTAL_CHANGE|DISCLOSURE_EVENT,STOCK_REPORT_PERIOD,REPORT_DATE,NOTICE_DATE,UPDATE_DATE,PIT_SAFE_CURRENT_SNAPSHOT_ONLY,cash_flow_sheet_report_em.DT_ASSET_REDUCE,PIT_SIDECAR_REGISTERED_LAZY_NOT_MINUTE_EXPANDED,SLOW_XS_LEVEL|SLOW_TEMPORAL_CHANGE|DISCLOSURE_EVENT,NO_FORMAL_SEARCH_IN_THIS_TASK; SOURCE_UNIT_GLOSSARY_NOT_ASSERTED,fundamental_cashflow_sheet,double,NEXT_SESSION_AFTER_MAX_NOTICE_UPDATE,pit_fundamental.level|pit_fundamental.change|pit_fundamental.disclosure_event,ABSENT,,False,114394,144843
cn_source::cash_flow_sheet_report_em::DT_ASSET_REDUCE_YOY,cash_flow_sheet_report_em,DT_ASSET_REDUCE_YOY,FUNDAMENTAL_CHANGE|DISCLOSURE_EVENT,STOCK_REPORT_PERIOD,REPORT_DATE,NOTICE_DATE,UPDATE_DATE,PIT_SAFE_CURRENT_SNAPSHOT_ONLY,cash_flow_sheet_report_em.DT_ASSET_REDUCE_YOY,PIT_SIDECAR_REGISTERED_LAZY_NOT_MINUTE_EXPANDED,SLOW_TEMPORAL_CHANGE|DISCLOSURE_EVENT,NO_FORMAL_SEARCH_IN_THIS_TASK; SOURCE_UNIT_GLOSSARY_NOT_ASSERTED,fundamental_cashflow_sheet,double,NEXT_SESSION_AFTER_MAX_NOTICE_UPDATE,pit_fundamental.change|pit_fundamental.disclosure_event,ABSENT,,False,100615,158622
cn_source::cash_flow_sheet_report_em::DT_LIAB_ADD,cash_flow_sheet_report_em,DT_LIAB_ADD,FUNDAMENTAL_LEVEL|FUNDAMENTAL_CHANGE|DISCLOSURE_EVENT,STOCK_REPORT_PERIOD,REPORT_DATE,NOTICE_DATE,UPDATE_DATE,PIT_SAFE_CURRENT_SNAPSHOT_ONLY,cash_flow_sheet_report_em.DT_LIAB_ADD,PIT_SIDECAR_REGISTERED_LAZY_NOT_MINUTE_EXPANDED,SLOW_XS_LEVEL|SLOW_TEMPORAL_CHANGE|DISCLOSURE_EVENT,NO_FORMAL_SEARCH_IN_THIS_TASK; SOURCE_UNIT_GLOSSARY_NOT_ASSERTED,fundamental_cashflow_sheet,double,NEXT_SESSION_AFTER_MAX_NOTICE_UPDATE,pit_fundamental.level|pit_fundamental.change|pit_fundamental.disclosure_event,ABSENT,,False,64416,194821
cn_source::cash_flow_sheet_report_em::DT_LIAB_ADD_YOY,cash_flow_sheet_report_em,DT_LIAB_ADD_YOY,FUNDAMENTAL_CHANGE|DISCLOSURE_EVENT,STOCK_REPORT_PERIOD,REPORT_DATE,NOTICE_DATE,UPDATE_DATE,PIT_SAFE_CURRENT_SNAPSHOT_ONLY,cash_flow_sheet_report_em.DT_LIAB_ADD_YOY,PIT_SIDECAR_REGISTERED_LAZY_NOT_MINUTE_EXPANDED,SLOW_TEMPORAL_CHANGE|DISCLOSURE_EVENT,NO_FORMAL_SEARCH_IN_THIS_TASK; SOURCE_UNIT_GLOSSARY_NOT_ASSERTED,fundamental_cashflow_sheet,double,NEXT_SESSION_AFTER_MAX_NOTICE_UPDATE,pit_fundamental.change|pit_fundamental.disclosure_event,ABSENT,,False,48746,210491
cn_source::cash_flow_sheet_report_em::END_CASH,cash_flow_sheet_report_em,END_CASH,FUNDAMENTAL_LEVEL|FUNDAMENTAL_CHANGE|DISCLOSURE_EVENT,STOCK_REPORT_PERIOD,REPORT_DATE,NOTICE_DATE,UPDATE_DATE,PIT_SAFE_CURRENT_SNAPSHOT_ONLY,cash_flow_sheet_report_em.END_CASH,PIT_SIDECAR_REGISTERED_LAZY_NOT_MINUTE_EXPANDED,SLOW_XS_LEVEL|SLOW_TEMPORAL_CHANGE|DISCLOSURE_EVENT,NO_FORMAL_SEARCH_IN_THIS_TASK; SOURCE_UNIT_GLOSSARY_NOT_ASSERTED,fundamental_cashflow_sheet,double,NEXT_SESSION_AFTER_MAX_NOTICE_UPDATE,pit_fundamental.level|pit_fundamental.change|pit_fundamental.disclosure_event,ABSENT,,False,142896,116341
cn_source::cash_flow_sheet_report_em::END_CASH_EQUIVALENTS,cash_flow_sheet_report_em,END_CASH_EQUIVALENTS,FUNDAMENTAL_LEVEL|FUNDAMENTAL_CHANGE|DISCLOSURE_EVENT,STOCK_REPORT_PERIOD,REPORT_DATE,NOTICE_DATE,UPDATE_DATE,PIT_SAFE_CURRENT_SNAPSHOT_ONLY,cash_flow_sheet_report_em.END_CASH_EQUIVALENTS,PIT_SIDECAR_REGISTERED_LAZY_NOT_MINUTE_EXPANDED,SLOW_XS_LEVEL|SLOW_TEMPORAL_CHANGE|DISCLOSURE_EVENT,NO_FORMAL_SEARCH_IN_THIS_TASK; SOURCE_UNIT_GLOSSARY_NOT_ASSERTED,fundamental_cashflow_sheet,double,NEXT_SESSION_AFTER_MAX_NOTICE_UPDATE,pit_fundamental.level|pit_fundamental.change|pit_fundamental.disclosure_event,ABSENT,,False,7673,251564
cn_source::cash_flow_sheet_report_em::END_CASH_EQUIVALENTS_YOY,cash_flow_sheet_report_em,END_CASH_EQUIVALENTS_YOY,FUNDAMENTAL_CHANGE|DISCLOSURE_EVENT,STOCK_REPORT_PERIOD,REPORT_DATE,NOTICE_DATE,UPDATE_DATE,PIT_SAFE_CURRENT_SNAPSHOT_ONLY,cash_flow_sheet_report_em.END_CASH_EQUIVALENTS_YOY,PIT_SIDECAR_REGISTERED_LAZY_NOT_MINUTE_EXPANDED,SLOW_TEMPORAL_CHANGE|DISCLOSURE_EVENT,NO_FORMAL_SEARCH_IN_THIS_TASK; SOURCE_UNIT_GLOSSARY_NOT_ASSERTED,fundamental_cashflow_sheet,double,NEXT_SESSION_AFTER_MAX_NOTICE_UPDATE,pit_fundamental.change|pit_fundamental.disclosure_event,ABSENT,,False,2505,256732
cn_source::cash_flow_sheet_report_em::END_CASH_YOY,cash_flow_sheet_report_em,END_CASH_YOY,FUNDAMENTAL_CHANGE|DISCLOSURE_EVENT,STOCK_REPORT_PERIOD,REPORT_DATE,NOTICE_DATE,UPDATE_DATE,PIT_SAFE_CURRENT_SNAPSHOT_ONLY,cash_flow_sheet_report_em.END_CASH_YOY,PIT_SIDECAR_REGISTERED_LAZY_NOT_MINUTE_EXPANDED,SLOW_TEMPORAL_CHANGE|DISCLOSURE_EVENT,NO_FORMAL_SEARCH_IN_THIS_TASK; SOURCE_UNIT_GLOSSARY_NOT_ASSERTED,fundamental_cashflow_sheet,double,NEXT_SESSION_AFTER_MAX_NOTICE_UPDATE,pit_fundamental.change|pit_fundamental.disclosure_event,ABSENT,,False,127387,131850
cn_source::cash_flow_sheet_report_em::END_CCE,cash_flow_sheet_report_em,END_CCE,FUNDAMENTAL_LEVEL|FUNDAMENTAL_CHANGE|DISCLOSURE_EVENT,STOCK_REPORT_PERIOD,REPORT_DATE,NOTICE_DATE,UPDATE_DATE,PIT_SAFE_CURRENT_SNAPSHOT_ONLY,cash_flow_sheet_report_em.END_CCE,PIT_SIDECAR_REGISTERED_LAZY_NOT_MINUTE_EXPANDED,SLOW_XS_LEVEL|SLOW_TEMPORAL_CHANGE|DISCLOSURE_EVENT,NO_FORMAL_SEARCH_IN_THIS_TASK; SOURCE_UNIT_GLOSSARY_NOT_ASSERTED,fundamental_cashflow_sheet,double,NEXT_SESSION_AFTER_MAX_NOTICE_UPDATE,pit_fundamental.level|pit_fundamental.change|pit_fundamental.disclosure_event,ABSENT,,False,235476,23761
cn_source::cash_flow_sheet_report_em::END_CCE_BALANCE,cash_flow_sheet_report_em,END_CCE_BALANCE,FUNDAMENTAL_LEVEL|FUNDAMENTAL_CHANGE|DISCLOSURE_EVENT,STOCK_REPORT_PERIOD,REPORT_DATE,NOTICE_DATE,UPDATE_DATE,PIT_SAFE_CURRENT_SNAPSHOT_ONLY,cash_flow_sheet_report_em.END_CCE_BALANCE,PIT_SIDECAR_REGISTERED_LAZY_NOT_MINUTE_EXPANDED,SLOW_XS_LEVEL|SLOW_TEMPORAL_CHANGE|DISCLOSURE_EVENT,NO_FORMAL_SEARCH_IN_THIS_TASK; SOURCE_UNIT_GLOSSARY_NOT_ASSERTED,fundamental_cashflow_sheet,double,NEXT_SESSION_AFTER_MAX_NOTICE_UPDATE,pit_fundamental.level|pit_fundamental.change|pit_fundamental.disclosure_event,ABSENT,,False,194800,64437
cn_source::cash_flow_sheet_report_em::END_CCE_BALANCE_YOY,cash_flow_sheet_report_em,END_CCE_BALANCE_YOY,FUNDAMENTAL_CHANGE|DISCLOSURE_EVENT,STOCK_REPORT_PERIOD,REPORT_DATE,NOTICE_DATE,UPDATE_DATE,PIT_SAFE_CURRENT_SNAPSHOT_ONLY,cash_flow_sheet_report_em.END_CCE_BALANCE_YOY,PIT_SIDECAR_REGISTERED_LAZY_NOT_MINUTE_EXPANDED,SLOW_TEMPORAL_CHANGE|DISCLOSURE_EVENT,NO_FORMAL_SEARCH_IN_THIS_TASK; SOURCE_UNIT_GLOSSARY_NOT_ASSERTED,fundamental_cashflow_sheet,double,NEXT_SESSION_AFTER_MAX_NOTICE_UPDATE,pit_fundamental.change|pit_fundamental.disclosure_event,ABSENT,,False,356,258881
cn_source::cash_flow_sheet_report_em::END_CCE_OTHER,cash_flow_sheet_report_em,END_CCE_OTHER,FUNDAMENTAL_LEVEL|FUNDAMENTAL_CHANGE|DISCLOSURE_EVENT,STOCK_REPORT_PERIOD,REPORT_DATE,NOTICE_DATE,UPDATE_DATE,PIT_SAFE_CURRENT_SNAPSHOT_ONLY,cash_flow_sheet_report_em.END_CCE_OTHER,PIT_SIDECAR_REGISTERED_LAZY_NOT_MINUTE_EXPANDED,SLOW_XS_LEVEL|SLOW_TEMPORAL_CHANGE|DISCLOSURE_EVENT,NO_FORMAL_SEARCH_IN_THIS_TASK; SOURCE_UNIT_GLOSSARY_NOT_ASSERTED,fundamental_cashflow_sheet,double,NEXT_SESSION_AFTER_MAX_NOTICE_UPDATE,pit_fundamental.level|pit_fundamental.change|pit_fundamental.disclosure_event,ABSENT,,False,135,259102
cn_source::cash_flow_sheet_report_em::END_CCE_OTHER_YOY,cash_flow_sheet_report_em,END_CCE_OTHER_YOY,FUNDAMENTAL_CHANGE|DISCLOSURE_EVENT,STOCK_REPORT_PERIOD,REPORT_DATE,NOTICE_DATE,UPDATE_DATE,PIT_SAFE_CURRENT_SNAPSHOT_ONLY,cash_flow_sheet_report_em.END_CCE_OTHER_YOY,PIT_SIDECAR_REGISTERED_LAZY_NOT_MINUTE_EXPANDED,SLOW_TEMPORAL_CHANGE|DISCLOSURE_EVENT,NO_FORMAL_SEARCH_IN_THIS_TASK; SOURCE_UNIT_GLOSSARY_NOT_ASSERTED,fundamental_cashflow_sheet,double,NEXT_SESSION_AFTER_MAX_NOTICE_UPDATE,pit_fundamental.change|pit_fundamental.disclosure_event,ABSENT,,False,15,259222
cn_source::cash_flow_sheet_report_em::END_CCE_YOY,cash_flow_sheet_report_em,END_CCE_YOY,FUNDAMENTAL_CHANGE|DISCLOSURE_EVENT,STOCK_REPORT_PERIOD,REPORT_DATE,NOTICE_DATE,UPDATE_DATE,PIT_SAFE_CURRENT_SNAPSHOT_ONLY,cash_flow_sheet_report_em.END_CCE_YOY,PIT_SIDECAR_REGISTERED_LAZY_NOT_MINUTE_EXPANDED,SLOW_TEMPORAL_CHANGE|DISCLOSURE_EVENT,NO_FORMAL_SEARCH_IN_THIS_TASK; SOURCE_UNIT_GLOSSARY_NOT_ASSERTED,fundamental_cashflow_sheet,double,NEXT_SESSION_AFTER_MAX_NOTICE_UPDATE,pit_fundamental.change|pit_fundamental.disclosure_event,ABSENT,,False,213965,45272
cn_source::cash_flow_sheet_report_em::EXCHANGE_LOSS,cash_flow_sheet_report_em,EXCHANGE_LOSS,FUNDAMENTAL_LEVEL|FUNDAMENTAL_CHANGE|DISCLOSURE_EVENT,STOCK_REPORT_PERIOD,REPORT_DATE,NOTICE_DATE,UPDATE_DATE,PIT_SAFE_CURRENT_SNAPSHOT_ONLY,cash_flow_sheet_report_em.EXCHANGE_LOSS,PIT_SIDECAR_REGISTERED_LAZY_NOT_MINUTE_EXPANDED,SLOW_XS_LEVEL|SLOW_TEMPORAL_CHANGE|DISCLOSURE_EVENT,NO_FORMAL_SEARCH_IN_THIS_TASK; SOURCE_UNIT_GLOSSARY_NOT_ASSERTED,fundamental_cashflow_sheet,double,NEXT_SESSION_AFTER_MAX_NOTICE_UPDATE,pit_fundamental.level|pit_fundamental.change|pit_fundamental.disclosure_event,ABSENT,,False,1200,258037
cn_source::cash_flow_sheet_report_em::EXCHANGE_LOSS_YOY,cash_flow_sheet_report_em,EXCHANGE_LOSS_YOY,FUNDAMENTAL_CHANGE|DISCLOSURE_EVENT,STOCK_REPORT_PERIOD,REPORT_DATE,NOTICE_DATE,UPDATE_DATE,PIT_SAFE_CURRENT_SNAPSHOT_ONLY,cash_flow_sheet_report_em.EXCHANGE_LOSS_YOY,PIT_SIDECAR_REGISTERED_LAZY_NOT_MINUTE_EXPANDED,SLOW_TEMPORAL_CHANGE|DISCLOSURE_EVENT,NO_FORMAL_SEARCH_IN_THIS_TASK; SOURCE_UNIT_GLOSSARY_NOT_ASSERTED,fundamental_cashflow_sheet,double,NEXT_SESSION_AFTER_MAX_NOTICE_UPDATE,pit_fundamental.change|pit_fundamental.disclosure_event,ABSENT,,False,1023,258214
cn_source::cash_flow_sheet_report_em::EXTRACT_INSURANCE_RESERVE,cash_flow_sheet_report_em,EXTRACT_INSURANCE_RESERVE,FUNDAMENTAL_LEVEL|FUNDAMENTAL_CHANGE|DISCLOSURE_EVENT,STOCK_REPORT_PERIOD,REPORT_DATE,NOTICE_DATE,UPDATE_DATE,PIT_SAFE_CURRENT_SNAPSHOT_ONLY,cash_flow_sheet_report_em.EXTRACT_INSURANCE_RESERVE,PIT_SIDECAR_REGISTERED_LAZY_NOT_MINUTE_EXPANDED,SLOW_XS_LEVEL|SLOW_TEMPORAL_CHANGE|DISCLOSURE_EVENT,NO_FORMAL_SEARCH_IN_THIS_TASK; SOURCE_UNIT_GLOSSARY_NOT_ASSERTED,fundamental_cashflow_sheet,double,NEXT_SESSION_AFTER_MAX_NOTICE_UPDATE,pit_fundamental.level|pit_fundamental.change|pit_fundamental.disclosure_event,ABSENT,,False,99,259138
cn_source::cash_flow_sheet_report_em::EXTRACT_INSURANCE_RESERVE_YOY,cash_flow_sheet_report_em,EXTRACT_INSURANCE_RESERVE_YOY,FUNDAMENTAL_CHANGE|DISCLOSURE_EVENT,STOCK_REPORT_PERIOD,REPORT_DATE,NOTICE_DATE,UPDATE_DATE,PIT_SAFE_CURRENT_SNAPSHOT_ONLY,cash_flow_sheet_report_em.EXTRACT_INSURANCE_RESERVE_YOY,PIT_SIDECAR_REGISTERED_LAZY_NOT_MINUTE_EXPANDED,SLOW_TEMPORAL_CHANGE|DISCLOSURE_EVENT,NO_FORMAL_SEARCH_IN_THIS_TASK; SOURCE_UNIT_GLOSSARY_NOT_ASSERTED,fundamental_cashflow_sheet,double,NEXT_SESSION_AFTER_MAX_NOTICE_UPDATE,pit_fundamental.change|pit_fundamental.disclosure_event,ABSENT,,False,87,259150
cn_source::cash_flow_sheet_report_em::EXTRACT_UNEXPIRE_RESERVE,cash_flow_sheet_report_em,EXTRACT_UNEXPIRE_RESERVE,FUNDAMENTAL_LEVEL|FUNDAMENTAL_CHANGE|DISCLOSURE_EVENT,STOCK_REPORT_PERIOD,REPORT_DATE,NOTICE_DATE,UPDATE_DATE,PIT_SAFE_CURRENT_SNAPSHOT_ONLY,cash_flow_sheet_report_em.EXTRACT_UNEXPIRE_RESERVE,PIT_SIDECAR_REGISTERED_LAZY_NOT_MINUTE_EXPANDED,SLOW_XS_LEVEL|SLOW_TEMPORAL_CHANGE|DISCLOSURE_EVENT,NO_FORMAL_SEARCH_IN_THIS_TASK; SOURCE_UNIT_GLOSSARY_NOT_ASSERTED,fundamental_cashflow_sheet,double,NEXT_SESSION_AFTER_MAX_NOTICE_UPDATE,pit_fundamental.level|pit_fundamental.change|pit_fundamental.disclosure_event,ABSENT,,False,77,259160
cn_source::cash_flow_sheet_report_em::EXTRACT_UNEXPIRE_RESERVE_YOY,cash_flow_sheet_report_em,EXTRACT_UNEXPIRE_RESERVE_YOY,FUNDAMENTAL_CHANGE|DISCLOSURE_EVENT,STOCK_REPORT_PERIOD,REPORT_DATE,NOTICE_DATE,UPDATE_DATE,PIT_SAFE_CURRENT_SNAPSHOT_ONLY,cash_flow_sheet_report_em.EXTRACT_UNEXPIRE_RESERVE_YOY,PIT_SIDECAR_REGISTERED_LAZY_NOT_MINUTE_EXPANDED,SLOW_TEMPORAL_CHANGE|DISCLOSURE_EVENT,NO_FORMAL_SEARCH_IN_THIS_TASK; SOURCE_UNIT_GLOSSARY_NOT_ASSERTED,fundamental_cashflow_sheet,double,NEXT_SESSION_AFTER_MAX_NOTICE_UPDATE,pit_fundamental.change|pit_fundamental.disclosure_event,ABSENT,,False,68,259169
cn_source::cash_flow_sheet_report_em::FAIRVALUE_CHANGE_LOSS,cash_flow_sheet_report_em,FAIRVALUE_CHANGE_LOSS,FUNDAMENTAL_LEVEL|FUNDAMENTAL_CHANGE|DISCLOSURE_EVENT,STOCK_REPORT_PERIOD,REPORT_DATE,NOTICE_DATE,UPDATE_DATE,PIT_SAFE_CURRENT_SNAPSHOT_ONLY,cash_flow_sheet_report_em.FAIRVALUE_CHANGE_LOSS,PIT_SIDECAR_REGISTERED_LAZY_NOT_MINUTE_EXPANDED,SLOW_XS_LEVEL|SLOW_TEMPORAL_CHANGE|DISCLOSURE_EVENT,NO_FORMAL_SEARCH_IN_THIS_TASK; SOURCE_UNIT_GLOSSARY_NOT_ASSERTED,fundamental_cashflow_sheet,double,NEXT_SESSION_AFTER_MAX_NOTICE_UPDATE,pit_fundamental.level|pit_fundamental.change|pit_fundamental.disclosure_event,ABSENT,,False,45984,213253
cn_source::cash_flow_sheet_report_em::FAIRVALUE_CHANGE_LOSS_YOY,cash_flow_sheet_report_em,FAIRVALUE_CHANGE_LOSS_YOY,FUNDAMENTAL_CHANGE|DISCLOSURE_EVENT,STOCK_REPORT_PERIOD,REPORT_DATE,NOTICE_DATE,UPDATE_DATE,PIT_SAFE_CURRENT_SNAPSHOT_ONLY,cash_flow_sheet_report_em.FAIRVALUE_CHANGE_LOSS_YOY,PIT_SIDECAR_REGISTERED_LAZY_NOT_MINUTE_EXPANDED,SLOW_TEMPORAL_CHANGE|DISCLOSURE_EVENT,NO_FORMAL_SEARCH_IN_THIS_TASK; SOURCE_UNIT_GLOSSARY_NOT_ASSERTED,fundamental_cashflow_sheet,double,NEXT_SESSION_AFTER_MAX_NOTICE_UPDATE,pit_fundamental.change|pit_fundamental.disclosure_event,ABSENT,,False,31636,227601
cn_source::cash_flow_sheet_report_em::FA_IR_DEPR,cash_flow_sheet_report_em,FA_IR_DEPR,FUNDAMENTAL_LEVEL|FUNDAMENTAL_CHANGE|DISCLOSURE_EVENT,STOCK_REPORT_PERIOD,REPORT_DATE,NOTICE_DATE,UPDATE_DATE,PIT_SAFE_CURRENT_SNAPSHOT_ONLY,cash_flow_sheet_report_em.FA_IR_DEPR,PIT_SIDECAR_REGISTERED_LAZY_NOT_MINUTE_EXPANDED,SLOW_XS_LEVEL|SLOW_TEMPORAL_CHANGE|DISCLOSURE_EVENT,NO_FORMAL_SEARCH_IN_THIS_TASK; SOURCE_UNIT_GLOSSARY_NOT_ASSERTED,fundamental_cashflow_sheet,double,NEXT_SESSION_AFTER_MAX_NOTICE_UPDATE,pit_fundamental.level|pit_fundamental.change|pit_fundamental.disclosure_event,ABSENT,,False,145341,113896
cn_source::cash_flow_sheet_report_em::FA_IR_DEPR_YOY,cash_flow_sheet_report_em,FA_IR_DEPR_YOY,FUNDAMENTAL_CHANGE|DISCLOSURE_EVENT,STOCK_REPORT_PERIOD,REPORT_DATE,NOTICE_DATE,UPDATE_DATE,PIT_SAFE_CURRENT_SNAPSHOT_ONLY,cash_flow_sheet_report_em.FA_IR_DEPR_YOY,PIT_SIDECAR_REGISTERED_LAZY_NOT_MINUTE_EXPANDED,SLOW_TEMPORAL_CHANGE|DISCLOSURE_EVENT,NO_FORMAL_SEARCH_IN_THIS_TASK; SOURCE_UNIT_GLOSSARY_NOT_ASSERTED,fundamental_cashflow_sheet,double,NEXT_SESSION_AFTER_MAX_NOTICE_UPDATE,pit_fundamental.change|pit_fundamental.disclosure_event,ABSENT,,False,129958,129279
cn_source::cash_flow_sheet_report_em::FA_SCRAP_LOSS,cash_flow_sheet_report_em,FA_SCRAP_LOSS,FUNDAMENTAL_LEVEL|FUNDAMENTAL_CHANGE|DISCLOSURE_EVENT,STOCK_REPORT_PERIOD,REPORT_DATE,NOTICE_DATE,UPDATE_DATE,PIT_SAFE_CURRENT_SNAPSHOT_ONLY,cash_flow_sheet_report_em.FA_SCRAP_LOSS,PIT_SIDECAR_REGISTERED_LAZY_NOT_MINUTE_EXPANDED,SLOW_XS_LEVEL|SLOW_TEMPORAL_CHANGE|DISCLOSURE_EVENT,NO_FORMAL_SEARCH_IN_THIS_TASK; SOURCE_UNIT_GLOSSARY_NOT_ASSERTED,fundamental_cashflow_sheet,double,NEXT_SESSION_AFTER_MAX_NOTICE_UPDATE,pit_fundamental.level|pit_fundamental.change|pit_fundamental.disclosure_event,ABSENT,,False,64718,194519
cn_source::cash_flow_sheet_report_em::FA_SCRAP_LOSS_YOY,cash_flow_sheet_report_em,FA_SCRAP_LOSS_YOY,FUNDAMENTAL_CHANGE|DISCLOSURE_EVENT,STOCK_REPORT_PERIOD,REPORT_DATE,NOTICE_DATE,UPDATE_DATE,PIT_SAFE_CURRENT_SNAPSHOT_ONLY,cash_flow_sheet_report_em.FA_SCRAP_LOSS_YOY,PIT_SIDECAR_REGISTERED_LAZY_NOT_MINUTE_EXPANDED,SLOW_TEMPORAL_CHANGE|DISCLOSURE_EVENT,NO_FORMAL_SEARCH_IN_THIS_TASK; SOURCE_UNIT_GLOSSARY_NOT_ASSERTED,fundamental_cashflow_sheet,double,NEXT_SESSION_AFTER_MAX_NOTICE_UPDATE,pit_fundamental.change|pit_fundamental.disclosure_event,ABSENT,,False,42276,216961
cn_source::cash_flow_sheet_report_em::FBCCE_ADD,cash_flow_sheet_report_em,FBCCE_ADD,FUNDAMENTAL_LEVEL|FUNDAMENTAL_CHANGE|DISCLOSURE_EVENT,STOCK_REPORT_PERIOD,REPORT_DATE,NOTICE_DATE,UPDATE_DATE,PIT_SAFE_CURRENT_SNAPSHOT_ONLY,cash_flow_sheet_report_em.FBCCE_ADD,PIT_SIDECAR_REGISTERED_LAZY_NOT_MINUTE_EXPANDED,SLOW_XS_LEVEL|SLOW_TEMPORAL_CHANGE|DISCLOSURE_EVENT,NO_FORMAL_SEARCH_IN_THIS_TASK; SOURCE_UNIT_GLOSSARY_NOT_ASSERTED,fundamental_cashflow_sheet,double,NEXT_SESSION_AFTER_MAX_NOTICE_UPDATE,pit_fundamental.level|pit_fundamental.change|pit_fundamental.disclosure_event,ABSENT,,False,2171,257066
cn_source::cash_flow_sheet_report_em::FBCCE_ADD_BALANCE,cash_flow_sheet_report_em,FBCCE_ADD_BALANCE,FUNDAMENTAL_LEVEL|FUNDAMENTAL_CHANGE|DISCLOSURE_EVENT,STOCK_REPORT_PERIOD,REPORT_DATE,NOTICE_DATE,UPDATE_DATE,PIT_SAFE_CURRENT_SNAPSHOT_ONLY,cash_flow_sheet_report_em.FBCCE_ADD_BALANCE,PIT_SIDECAR_REGISTERED_LAZY_NOT_MINUTE_EXPANDED,SLOW_XS_LEVEL|SLOW_TEMPORAL_CHANGE|DISCLOSURE_EVENT,NO_FORMAL_SEARCH_IN_THIS_TASK; SOURCE_UNIT_GLOSSARY_NOT_ASSERTED,fundamental_cashflow_sheet,double,NEXT_SESSION_AFTER_MAX_NOTICE_UPDATE,pit_fundamental.level|pit_fundamental.change|pit_fundamental.disclosure_event,ABSENT,,False,2142,257095
cn_source::cash_flow_sheet_report_em::FBCCE_ADD_BALANCE_YOY,cash_flow_sheet_report_em,FBCCE_ADD_BALANCE_YOY,FUNDAMENTAL_CHANGE|DISCLOSURE_EVENT,STOCK_REPORT_PERIOD,REPORT_DATE,NOTICE_DATE,UPDATE_DATE,PIT_SAFE_CURRENT_SNAPSHOT_ONLY,cash_flow_sheet_report_em.FBCCE_ADD_BALANCE_YOY,PIT_SIDECAR_REGISTERED_LAZY_NOT_MINUTE_EXPANDED,SLOW_TEMPORAL_CHANGE|DISCLOSURE_EVENT,NO_FORMAL_SEARCH_IN_THIS_TASK; SOURCE_UNIT_GLOSSARY_NOT_ASSERTED,fundamental_cashflow_sheet,double,NEXT_SESSION_AFTER_MAX_NOTICE_UPDATE,pit_fundamental.change|pit_fundamental.disclosure_event,ABSENT,,False,112,259125
cn_source::cash_flow_sheet_report_em::FBCCE_ADD_OTHER,cash_flow_sheet_report_em,FBCCE_ADD_OTHER,FUNDAMENTAL_LEVEL|FUNDAMENTAL_CHANGE|DISCLOSURE_EVENT,STOCK_REPORT_PERIOD,REPORT_DATE,NOTICE_DATE,UPDATE_DATE,PIT_SAFE_CURRENT_SNAPSHOT_ONLY,cash_flow_sheet_report_em.FBCCE_ADD_OTHER,PIT_SIDECAR_REGISTERED_LAZY_NOT_MINUTE_EXPANDED,SLOW_XS_LEVEL|SLOW_TEMPORAL_CHANGE|DISCLOSURE_EVENT,NO_FORMAL_SEARCH_IN_THIS_TASK; SOURCE_UNIT_GLOSSARY_NOT_ASSERTED,fundamental_cashflow_sheet,double,NEXT_SESSION_AFTER_MAX_NOTICE_UPDATE,pit_fundamental.level|pit_fundamental.change|pit_fundamental.disclosure_event,ABSENT,,False,0,259237
cn_source::cash_flow_sheet_report_em::FBCCE_ADD_OTHER_YOY,cash_flow_sheet_report_em,FBCCE_ADD_OTHER_YOY,FUNDAMENTAL_CHANGE|DISCLOSURE_EVENT,STOCK_REPORT_PERIOD,REPORT_DATE,NOTICE_DATE,UPDATE_DATE,PIT_SAFE_CURRENT_SNAPSHOT_ONLY,cash_flow_sheet_report_em.FBCCE_ADD_OTHER_YOY,PIT_SIDECAR_REGISTERED_LAZY_NOT_MINUTE_EXPANDED,SLOW_TEMPORAL_CHANGE|DISCLOSURE_EVENT,NO_FORMAL_SEARCH_IN_THIS_TASK; SOURCE_UNIT_GLOSSARY_NOT_ASSERTED,fundamental_cashflow_sheet,double,NEXT_SESSION_AFTER_MAX_NOTICE_UPDATE,pit_fundamental.change|pit_fundamental.disclosure_event,ABSENT,,False,0,259237
cn_source::cash_flow_sheet_report_em::FBCCE_ADD_YOY,cash_flow_sheet_report_em,FBCCE_ADD_YOY,FUNDAMENTAL_CHANGE|DISCLOSURE_EVENT,STOCK_REPORT_PERIOD,REPORT_DATE,NOTICE_DATE,UPDATE_DATE,PIT_SAFE_CURRENT_SNAPSHOT_ONLY,cash_flow_sheet_report_em.FBCCE_ADD_YOY,PIT_SIDECAR_REGISTERED_LAZY_NOT_MINUTE_EXPANDED,SLOW_TEMPORAL_CHANGE|DISCLOSURE_EVENT,NO_FORMAL_SEARCH_IN_THIS_TASK; SOURCE_UNIT_GLOSSARY_NOT_ASSERTED,fundamental_cashflow_sheet,double,NEXT_SESSION_AFTER_MAX_NOTICE_UPDATE,pit_fundamental.change|pit_fundamental.disclosure_event,ABSENT,,False,1916,257321
cn_source::cash_flow_sheet_report_em::FBNETCASH_OPERATE,cash_flow_sheet_report_em,FBNETCASH_OPERATE,FUNDAMENTAL_LEVEL|FUNDAMENTAL_CHANGE|DISCLOSURE_EVENT,STOCK_REPORT_PERIOD,REPORT_DATE,NOTICE_DATE,UPDATE_DATE,PIT_SAFE_CURRENT_SNAPSHOT_ONLY,cash_flow_sheet_report_em.FBNETCASH_OPERATE,PIT_SIDECAR_REGISTERED_LAZY_NOT_MINUTE_EXPANDED,SLOW_XS_LEVEL|SLOW_TEMPORAL_CHANGE|DISCLOSURE_EVENT,NO_FORMAL_SEARCH_IN_THIS_TASK; SOURCE_UNIT_GLOSSARY_NOT_ASSERTED,fundamental_cashflow_sheet,double,NEXT_SESSION_AFTER_MAX_NOTICE_UPDATE,pit_fundamental.level|pit_fundamental.change|pit_fundamental.disclosure_event,ABSENT,,False,2182,257055
cn_source::cash_flow_sheet_report_em::FBNETCASH_OPERATE_YOY,cash_flow_sheet_report_em,FBNETCASH_OPERATE_YOY,FUNDAMENTAL_CHANGE|DISCLOSURE_EVENT,STOCK_REPORT_PERIOD,REPORT_DATE,NOTICE_DATE,UPDATE_DATE,PIT_SAFE_CURRENT_SNAPSHOT_ONLY,cash_flow_sheet_report_em.FBNETCASH_OPERATE_YOY,PIT_SIDECAR_REGISTERED_LAZY_NOT_MINUTE_EXPANDED,SLOW_TEMPORAL_CHANGE|DISCLOSURE_EVENT,NO_FORMAL_SEARCH_IN_THIS_TASK; SOURCE_UNIT_GLOSSARY_NOT_ASSERTED,fundamental_cashflow_sheet,double,NEXT_SESSION_AFTER_MAX_NOTICE_UPDATE,pit_fundamental.change|pit_fundamental.disclosure_event,ABSENT,,False,1929,257308
cn_source::cash_flow_sheet_report_em::FBOPERATE_NETCASH_BALANCE,cash_flow_sheet_report_em,FBOPERATE_NETCASH_BALANCE,FUNDAMENTAL_LEVEL|FUNDAMENTAL_CHANGE|DISCLOSURE_EVENT,STOCK_REPORT_PERIOD,REPORT_DATE,NOTICE_DATE,UPDATE_DATE,PIT_SAFE_CURRENT_SNAPSHOT_ONLY,cash_flow_sheet_report_em.FBOPERATE_NETCASH_BALANCE,PIT_SIDECAR_REGISTERED_LAZY_NOT_MINUTE_EXPANDED,SLOW_XS_LEVEL|SLOW_TEMPORAL_CHANGE|DISCLOSURE_EVENT,NO_FORMAL_SEARCH_IN_THIS_TASK; SOURCE_UNIT_GLOSSARY_NOT_ASSERTED,fundamental_cashflow_sheet,double,NEXT_SESSION_AFTER_MAX_NOTICE_UPDATE,pit_fundamental.level|pit_fundamental.change|pit_fundamental.disclosure_event,ABSENT,,False,2170,257067
cn_source::cash_flow_sheet_report_em::FBOPERATE_NETCASH_BALANCE_YOY,cash_flow_sheet_report_em,FBOPERATE_NETCASH_BALANCE_YOY,FUNDAMENTAL_CHANGE|DISCLOSURE_EVENT,STOCK_REPORT_PERIOD,REPORT_DATE,NOTICE_DATE,UPDATE_DATE,PIT_SAFE_CURRENT_SNAPSHOT_ONLY,cash_flow_sheet_report_em.FBOPERATE_NETCASH_BALANCE_YOY,PIT_SIDECAR_REGISTERED_LAZY_NOT_MINUTE_EXPANDED,SLOW_TEMPORAL_CHANGE|DISCLOSURE_EVENT,NO_FORMAL_SEARCH_IN_THIS_TASK; SOURCE_UNIT_GLOSSARY_NOT_ASSERTED,fundamental_cashflow_sheet,double,NEXT_SESSION_AFTER_MAX_NOTICE_UPDATE,pit_fundamental.change|pit_fundamental.disclosure_event,ABSENT,,False,33,259204
cn_source::cash_flow_sheet_report_em::FBOPERATE_NETCASH_OTHER,cash_flow_sheet_report_em,FBOPERATE_NETCASH_OTHER,FUNDAMENTAL_LEVEL|FUNDAMENTAL_CHANGE|DISCLOSURE_EVENT,STOCK_REPORT_PERIOD,REPORT_DATE,NOTICE_DATE,UPDATE_DATE,PIT_SAFE_CURRENT_SNAPSHOT_ONLY,cash_flow_sheet_report_em.FBOPERATE_NETCASH_OTHER,PIT_SIDECAR_REGISTERED_LAZY_NOT_MINUTE_EXPANDED,SLOW_XS_LEVEL|SLOW_TEMPORAL_CHANGE|DISCLOSURE_EVENT,NO_FORMAL_SEARCH_IN_THIS_TASK; SOURCE_UNIT_GLOSSARY_NOT_ASSERTED,fundamental_cashflow_sheet,double,NEXT_SESSION_AFTER_MAX_NOTICE_UPDATE,pit_fundamental.level|pit_fundamental.change|pit_fundamental.disclosure_event,ABSENT,,False,1917,257320
cn_source::cash_flow_sheet_report_em::FBOPERATE_NETCASH_OTHER_YOY,cash_flow_sheet_report_em,FBOPERATE_NETCASH_OTHER_YOY,FUNDAMENTAL_CHANGE|DISCLOSURE_EVENT,STOCK_REPORT_PERIOD,REPORT_DATE,NOTICE_DATE,UPDATE_DATE,PIT_SAFE_CURRENT_SNAPSHOT_ONLY,cash_flow_sheet_report_em.FBOPERATE_NETCASH_OTHER_YOY,PIT_SIDECAR_REGISTERED_LAZY_NOT_MINUTE_EXPANDED,SLOW_TEMPORAL_CHANGE|DISCLOSURE_EVENT,NO_FORMAL_SEARCH_IN_THIS_TASK; SOURCE_UNIT_GLOSSARY_NOT_ASSERTED,fundamental_cashflow_sheet,double,NEXT_SESSION_AFTER_MAX_NOTICE_UPDATE,pit_fundamental.change|pit_fundamental.disclosure_event,ABSENT,,False,1486,257751
cn_source::cash_flow_sheet_report_em::FB_CCE_ADD,cash_flow_sheet_report_em,FB_CCE_ADD,FUNDAMENTAL_LEVEL|FUNDAMENTAL_CHANGE|DISCLOSURE_EVENT,STOCK_REPORT_PERIOD,REPORT_DATE,NOTICE_DATE,UPDATE_DATE,PIT_SAFE_CURRENT_SNAPSHOT_ONLY,cash_flow_sheet_report_em.FB_CCE_ADD,PIT_SIDECAR_REGISTERED_LAZY_NOT_MINUTE_EXPANDED,SLOW_XS_LEVEL|SLOW_TEMPORAL_CHANGE|DISCLOSURE_EVENT,NO_FORMAL_SEARCH_IN_THIS_TASK; SOURCE_UNIT_GLOSSARY_NOT_ASSERTED,fundamental_cashflow_sheet,double,NEXT_SESSION_AFTER_MAX_NOTICE_UPDATE,pit_fundamental.level|pit_fundamental.change|pit_fundamental.disclosure_event,ABSENT,,False,109,259128
cn_source::cash_flow_sheet_report_em::FB_CCE_ADD_BALANCE,cash_flow_sheet_report_em,FB_CCE_ADD_BALANCE,FUNDAMENTAL_LEVEL|FUNDAMENTAL_CHANGE|DISCLOSURE_EVENT,STOCK_REPORT_PERIOD,REPORT_DATE,NOTICE_DATE,UPDATE_DATE,PIT_SAFE_CURRENT_SNAPSHOT_ONLY,cash_flow_sheet_report_em.FB_CCE_ADD_BALANCE,PIT_SIDECAR_REGISTERED_LAZY_NOT_MINUTE_EXPANDED,SLOW_XS_LEVEL|SLOW_TEMPORAL_CHANGE|DISCLOSURE_EVENT,NO_FORMAL_SEARCH_IN_THIS_TASK; SOURCE_UNIT_GLOSSARY_NOT_ASSERTED,fundamental_cashflow_sheet,double,NEXT_SESSION_AFTER_MAX_NOTICE_UPDATE,pit_fundamental.level|pit_fundamental.change|pit_fundamental.disclosure_event,ABSENT,,False,108,259129
cn_source::cash_flow_sheet_report_em::FB_CCE_ADD_BALANCE_YOY,cash_flow_sheet_report_em,FB_CCE_ADD_BALANCE_YOY,FUNDAMENTAL_CHANGE|DISCLOSURE_EVENT,STOCK_REPORT_PERIOD,REPORT_DATE,NOTICE_DATE,UPDATE_DATE,PIT_SAFE_CURRENT_SNAPSHOT_ONLY,cash_flow_sheet_report_em.FB_CCE_ADD_BALANCE_YOY,PIT_SIDECAR_REGISTERED_LAZY_NOT_MINUTE_EXPANDED,SLOW_TEMPORAL_CHANGE|DISCLOSURE_EVENT,NO_FORMAL_SEARCH_IN_THIS_TASK; SOURCE_UNIT_GLOSSARY_NOT_ASSERTED,fundamental_cashflow_sheet,double,NEXT_SESSION_AFTER_MAX_NOTICE_UPDATE,pit_fundamental.change|pit_fundamental.disclosure_event,ABSENT,,False,1,259236
cn_source::cash_flow_sheet_report_em::FB_CCE_ADD_OTHER,cash_flow_sheet_report_em,FB_CCE_ADD_OTHER,FUNDAMENTAL_LEVEL|FUNDAMENTAL_CHANGE|DISCLOSURE_EVENT,STOCK_REPORT_PERIOD,REPORT_DATE,NOTICE_DATE,UPDATE_DATE,PIT_SAFE_CURRENT_SNAPSHOT_ONLY,cash_flow_sheet_report_em.FB_CCE_ADD_OTHER,PIT_SIDECAR_REGISTERED_LAZY_NOT_MINUTE_EXPANDED,SLOW_XS_LEVEL|SLOW_TEMPORAL_CHANGE|DISCLOSURE_EVENT,NO_FORMAL_SEARCH_IN_THIS_TASK; SOURCE_UNIT_GLOSSARY_NOT_ASSERTED,fundamental_cashflow_sheet,double,NEXT_SESSION_AFTER_MAX_NOTICE_UPDATE,pit_fundamental.level|pit_fundamental.change|pit_fundamental.disclosure_event,ABSENT,,False,16,259221
cn_source::cash_flow_sheet_report_em::FB_CCE_ADD_OTHER_YOY,cash_flow_sheet_report_em,FB_CCE_ADD_OTHER_YOY,FUNDAMENTAL_CHANGE|DISCLOSURE_EVENT,STOCK_REPORT_PERIOD,REPORT_DATE,NOTICE_DATE,UPDATE_DATE,PIT_SAFE_CURRENT_SNAPSHOT_ONLY,cash_flow_sheet_report_em.FB_CCE_ADD_OTHER_YOY,PIT_SIDECAR_REGISTERED_LAZY_NOT_MINUTE_EXPANDED,SLOW_TEMPORAL_CHANGE|DISCLOSURE_EVENT,NO_FORMAL_SEARCH_IN_THIS_TASK; SOURCE_UNIT_GLOSSARY_NOT_ASSERTED,fundamental_cashflow_sheet,double,NEXT_SESSION_AFTER_MAX_NOTICE_UPDATE,pit_fundamental.change|pit_fundamental.disclosure_event,ABSENT,,False,13,259224
cn_source::cash_flow_sheet_report_em::FB_CCE_ADD_YOY,cash_flow_sheet_report_em,FB_CCE_ADD_YOY,FUNDAMENTAL_CHANGE|DISCLOSURE_EVENT,STOCK_REPORT_PERIOD,REPORT_DATE,NOTICE_DATE,UPDATE_DATE,PIT_SAFE_CURRENT_SNAPSHOT_ONLY,cash_flow_sheet_report_em.FB_CCE_ADD_YOY,PIT_SIDECAR_REGISTERED_LAZY_NOT_MINUTE_EXPANDED,SLOW_TEMPORAL_CHANGE|DISCLOSURE_EVENT,NO_FORMAL_SEARCH_IN_THIS_TASK; SOURCE_UNIT_GLOSSARY_NOT_ASSERTED,fundamental_cashflow_sheet,double,NEXT_SESSION_AFTER_MAX_NOTICE_UPDATE,pit_fundamental.change|pit_fundamental.disclosure_event,ABSENT,,False,96,259141
cn_source::cash_flow_sheet_report_em::FB_NETCASH_OPERATE,cash_flow_sheet_report_em,FB_NETCASH_OPERATE,FUNDAMENTAL_LEVEL|FUNDAMENTAL_CHANGE|DISCLOSURE_EVENT,STOCK_REPORT_PERIOD,REPORT_DATE,NOTICE_DATE,UPDATE_DATE,PIT_SAFE_CURRENT_SNAPSHOT_ONLY,cash_flow_sheet_report_em.FB_NETCASH_OPERATE,PIT_SIDECAR_REGISTERED_LAZY_NOT_MINUTE_EXPANDED,SLOW_XS_LEVEL|SLOW_TEMPORAL_CHANGE|DISCLOSURE_EVENT,NO_FORMAL_SEARCH_IN_THIS_TASK; SOURCE_UNIT_GLOSSARY_NOT_ASSERTED,fundamental_cashflow_sheet,double,NEXT_SESSION_AFTER_MAX_NOTICE_UPDATE,pit_fundamental.level|pit_fundamental.change|pit_fundamental.disclosure_event,ABSENT,,False,109,259128
cn_source::cash_flow_sheet_report_em::FB_NETCASH_OPERATE_YOY,cash_flow_sheet_report_em,FB_NETCASH_OPERATE_YOY,FUNDAMENTAL_CHANGE|DISCLOSURE_EVENT,STOCK_REPORT_PERIOD,REPORT_DATE,NOTICE_DATE,UPDATE_DATE,PIT_SAFE_CURRENT_SNAPSHOT_ONLY,cash_flow_sheet_report_em.FB_NETCASH_OPERATE_YOY,PIT_SIDECAR_REGISTERED_LAZY_NOT_MINUTE_EXPANDED,SLOW_TEMPORAL_CHANGE|DISCLOSURE_EVENT,NO_FORMAL_SEARCH_IN_THIS_TASK; SOURCE_UNIT_GLOSSARY_NOT_ASSERTED,fundamental_cashflow_sheet,double,NEXT_SESSION_AFTER_MAX_NOTICE_UPDATE,pit_fundamental.change|pit_fundamental.disclosure_event,ABSENT,,False,96,259141
cn_source::cash_flow_sheet_report_em::FB_OPERATE_NETCASH_BALANCE,cash_flow_sheet_report_em,FB_OPERATE_NETCASH_BALANCE,FUNDAMENTAL_LEVEL|FUNDAMENTAL_CHANGE|DISCLOSURE_EVENT,STOCK_REPORT_PERIOD,REPORT_DATE,NOTICE_DATE,UPDATE_DATE,PIT_SAFE_CURRENT_SNAPSHOT_ONLY,cash_flow_sheet_report_em.FB_OPERATE_NETCASH_BALANCE,PIT_SIDECAR_REGISTERED_LAZY_NOT_MINUTE_EXPANDED,SLOW_XS_LEVEL|SLOW_TEMPORAL_CHANGE|DISCLOSURE_EVENT,NO_FORMAL_SEARCH_IN_THIS_TASK; SOURCE_UNIT_GLOSSARY_NOT_ASSERTED,fundamental_cashflow_sheet,double,NEXT_SESSION_AFTER_MAX_NOTICE_UPDATE,pit_fundamental.level|pit_fundamental.change|pit_fundamental.disclosure_event,ABSENT,,False,109,259128
cn_source::cash_flow_sheet_report_em::FB_OPERATE_NETCASH_BALANCE_YOY,cash_flow_sheet_report_em,FB_OPERATE_NETCASH_BALANCE_YOY,FUNDAMENTAL_CHANGE|DISCLOSURE_EVENT,STOCK_REPORT_PERIOD,REPORT_DATE,NOTICE_DATE,UPDATE_DATE,PIT_SAFE_CURRENT_SNAPSHOT_ONLY,cash_flow_sheet_report_em.FB_OPERATE_NETCASH_BALANCE_YOY,PIT_SIDECAR_REGISTERED_LAZY_NOT_MINUTE_EXPANDED,SLOW_TEMPORAL_CHANGE|DISCLOSURE_EVENT,NO_FORMAL_SEARCH_IN_THIS_TASK; SOURCE_UNIT_GLOSSARY_NOT_ASSERTED,fundamental_cashflow_sheet,double,NEXT_SESSION_AFTER_MAX_NOTICE_UPDATE,pit_fundamental.change|pit_fundamental.disclosure_event,ABSENT,,False,0,259237
cn_source::cash_flow_sheet_report_em::FB_OPERATE_NETCASH_OTHER,cash_flow_sheet_report_em,FB_OPERATE_NETCASH_OTHER,FUNDAMENTAL_LEVEL|FUNDAMENTAL_CHANGE|DISCLOSURE_EVENT,STOCK_REPORT_PERIOD,REPORT_DATE,NOTICE_DATE,UPDATE_DATE,PIT_SAFE_CURRENT_SNAPSHOT_ONLY,cash_flow_sheet_report_em.FB_OPERATE_NETCASH_OTHER,PIT_SIDECAR_REGISTERED_LAZY_NOT_MINUTE_EXPANDED,SLOW_XS_LEVEL|SLOW_TEMPORAL_CHANGE|DISCLOSURE_EVENT,NO_FORMAL_SEARCH_IN_THIS_TASK; SOURCE_UNIT_GLOSSARY_NOT_ASSERTED,fundamental_cashflow_sheet,double,NEXT_SESSION_AFTER_MAX_NOTICE_UPDATE,pit_fundamental.level|pit_fundamental.change|pit_fundamental.disclosure_event,ABSENT,,False,103,259134
cn_source::cash_flow_sheet_report_em::FB_OPERATE_NETCASH_OTHER_YOY,cash_flow_sheet_report_em,FB_OPERATE_NETCASH_OTHER_YOY,FUNDAMENTAL_CHANGE|DISCLOSURE_EVENT,STOCK_REPORT_PERIOD,REPORT_DATE,NOTICE_DATE,UPDATE_DATE,PIT_SAFE_CURRENT_SNAPSHOT_ONLY,cash_flow_sheet_report_em.FB_OPERATE_NETCASH_OTHER_YOY,PIT_SIDECAR_REGISTERED_LAZY_NOT_MINUTE_EXPANDED,SLOW_TEMPORAL_CHANGE|DISCLOSURE_EVENT,NO_FORMAL_SEARCH_IN_THIS_TASK; SOURCE_UNIT_GLOSSARY_NOT_ASSERTED,fundamental_cashflow_sheet,double,NEXT_SESSION_AFTER_MAX_NOTICE_UPDATE,pit_fundamental.change|pit_fundamental.disclosure_event,ABSENT,,False,88,259149
cn_source::cash_flow_sheet_report_em::FINANCE_EXPENSE,cash_flow_sheet_report_em,FINANCE_EXPENSE,FUNDAMENTAL_LEVEL|FUNDAMENTAL_CHANGE|DISCLOSURE_EVENT,STOCK_REPORT_PERIOD,REPORT_DATE,NOTICE_DATE,UPDATE_DATE,PIT_SAFE_CURRENT_SNAPSHOT_ONLY,cash_flow_sheet_report_em.FINANCE_EXPENSE,PIT_SIDECAR_REGISTERED_LAZY_NOT_MINUTE_EXPANDED,SLOW_XS_LEVEL|SLOW_TEMPORAL_CHANGE|DISCLOSURE_EVENT,NO_FORMAL_SEARCH_IN_THIS_TASK; SOURCE_UNIT_GLOSSARY_NOT_ASSERTED,fundamental_cashflow_sheet,double,NEXT_SESSION_AFTER_MAX_NOTICE_UPDATE,pit_fundamental.level|pit_fundamental.change|pit_fundamental.disclosure_event,ABSENT,,False,137000,122237
cn_source::cash_flow_sheet_report_em::FINANCE_EXPENSE_YOY,cash_flow_sheet_report_em,FINANCE_EXPENSE_YOY,FUNDAMENTAL_CHANGE|DISCLOSURE_EVENT,STOCK_REPORT_PERIOD,REPORT_DATE,NOTICE_DATE,UPDATE_DATE,PIT_SAFE_CURRENT_SNAPSHOT_ONLY,cash_flow_sheet_report_em.FINANCE_EXPENSE_YOY,PIT_SIDECAR_REGISTERED_LAZY_NOT_MINUTE_EXPANDED,SLOW_TEMPORAL_CHANGE|DISCLOSURE_EVENT,NO_FORMAL_SEARCH_IN_THIS_TASK; SOURCE_UNIT_GLOSSARY_NOT_ASSERTED,fundamental_cashflow_sheet,double,NEXT_SESSION_AFTER_MAX_NOTICE_UPDATE,pit_fundamental.change|pit_fundamental.disclosure_event,ABSENT,,False,120442,138795
cn_source::cash_flow_sheet_report_em::FINANCE_INFLOW_BALANCE,cash_flow_sheet_report_em,FINANCE_INFLOW_BALANCE,FUNDAMENTAL_LEVEL|FUNDAMENTAL_CHANGE|DISCLOSURE_EVENT,STOCK_REPORT_PERIOD,REPORT_DATE,NOTICE_DATE,UPDATE_DATE,PIT_SAFE_CURRENT_SNAPSHOT_ONLY,cash_flow_sheet_report_em.FINANCE_INFLOW_BALANCE,PIT_SIDECAR_REGISTERED_LAZY_NOT_MINUTE_EXPANDED,SLOW_XS_LEVEL|SLOW_TEMPORAL_CHANGE|DISCLOSURE_EVENT,NO_FORMAL_SEARCH_IN_THIS_TASK; SOURCE_UNIT_GLOSSARY_NOT_ASSERTED,fundamental_cashflow_sheet,double,NEXT_SESSION_AFTER_MAX_NOTICE_UPDATE,pit_fundamental.level|pit_fundamental.change|pit_fundamental.disclosure_event,ABSENT,,False,191577,67660
cn_source::cash_flow_sheet_report_em::FINANCE_INFLOW_BALANCE_YOY,cash_flow_sheet_report_em,FINANCE_INFLOW_BALANCE_YOY,FUNDAMENTAL_CHANGE|DISCLOSURE_EVENT,STOCK_REPORT_PERIOD,REPORT_DATE,NOTICE_DATE,UPDATE_DATE,PIT_SAFE_CURRENT_SNAPSHOT_ONLY,cash_flow_sheet_report_em.FINANCE_INFLOW_BALANCE_YOY,PIT_SIDECAR_REGISTERED_LAZY_NOT_MINUTE_EXPANDED,SLOW_TEMPORAL_CHANGE|DISCLOSURE_EVENT,NO_FORMAL_SEARCH_IN_THIS_TASK; SOURCE_UNIT_GLOSSARY_NOT_ASSERTED,fundamental_cashflow_sheet,double,NEXT_SESSION_AFTER_MAX_NOTICE_UPDATE,pit_fundamental.change|pit_fundamental.disclosure_event,ABSENT,,False,1592,257645
cn_source::cash_flow_sheet_report_em::FINANCE_INFLOW_OTHER,cash_flow_sheet_report_em,FINANCE_INFLOW_OTHER,FUNDAMENTAL_LEVEL|FUNDAMENTAL_CHANGE|DISCLOSURE_EVENT,STOCK_REPORT_PERIOD,REPORT_DATE,NOTICE_DATE,UPDATE_DATE,PIT_SAFE_CURRENT_SNAPSHOT_ONLY,cash_flow_sheet_report_em.FINANCE_INFLOW_OTHER,PIT_SIDECAR_REGISTERED_LAZY_NOT_MINUTE_EXPANDED,SLOW_XS_LEVEL|SLOW_TEMPORAL_CHANGE|DISCLOSURE_EVENT,NO_FORMAL_SEARCH_IN_THIS_TASK; SOURCE_UNIT_GLOSSARY_NOT_ASSERTED,fundamental_cashflow_sheet,double,NEXT_SESSION_AFTER_MAX_NOTICE_UPDATE,pit_fundamental.level|pit_fundamental.change|pit_fundamental.disclosure_event,ABSENT,,False,21265,237972
cn_source::cash_flow_sheet_report_em::FINANCE_INFLOW_OTHER_YOY,cash_flow_sheet_report_em,FINANCE_INFLOW_OTHER_YOY,FUNDAMENTAL_CHANGE|DISCLOSURE_EVENT,STOCK_REPORT_PERIOD,REPORT_DATE,NOTICE_DATE,UPDATE_DATE,PIT_SAFE_CURRENT_SNAPSHOT_ONLY,cash_flow_sheet_report_em.FINANCE_INFLOW_OTHER_YOY,PIT_SIDECAR_REGISTERED_LAZY_NOT_MINUTE_EXPANDED,SLOW_TEMPORAL_CHANGE|DISCLOSURE_EVENT,NO_FORMAL_SEARCH_IN_THIS_TASK; SOURCE_UNIT_GLOSSARY_NOT_ASSERTED,fundamental_cashflow_sheet,double,NEXT_SESSION_AFTER_MAX_NOTICE_UPDATE,pit_fundamental.change|pit_fundamental.disclosure_event,ABSENT,,False,672,258565
cn_source::cash_flow_sheet_report_em::FINANCE_NETCASH_BALANCE,cash_flow_sheet_report_em,FINANCE_NETCASH_BALANCE,FUNDAMENTAL_LEVEL|FUNDAMENTAL_CHANGE|DISCLOSURE_EVENT,STOCK_REPORT_PERIOD,REPORT_DATE,NOTICE_DATE,UPDATE_DATE,PIT_SAFE_CURRENT_SNAPSHOT_ONLY,cash_flow_sheet_report_em.FINANCE_NETCASH_BALANCE,PIT_SIDECAR_REGISTERED_LAZY_NOT_MINUTE_EXPANDED,SLOW_XS_LEVEL|SLOW_TEMPORAL_CHANGE|DISCLOSURE_EVENT,NO_FORMAL_SEARCH_IN_THIS_TASK; SOURCE_UNIT_GLOSSARY_NOT_ASSERTED,fundamental_cashflow_sheet,double,NEXT_SESSION_AFTER_MAX_NOTICE_UPDATE,pit_fundamental.level|pit_fundamental.change|pit_fundamental.disclosure_event,ABSENT,,False,211397,47840
cn_source::cash_flow_sheet_report_em::FINANCE_NETCASH_BALANCE_YOY,cash_flow_sheet_report_em,FINANCE_NETCASH_BALANCE_YOY,FUNDAMENTAL_CHANGE|DISCLOSURE_EVENT,STOCK_REPORT_PERIOD,REPORT_DATE,NOTICE_DATE,UPDATE_DATE,PIT_SAFE_CURRENT_SNAPSHOT_ONLY,cash_flow_sheet_report_em.FINANCE_NETCASH_BALANCE_YOY,PIT_SIDECAR_REGISTERED_LAZY_NOT_MINUTE_EXPANDED,SLOW_TEMPORAL_CHANGE|DISCLOSURE_EVENT,NO_FORMAL_SEARCH_IN_THIS_TASK; SOURCE_UNIT_GLOSSARY_NOT_ASSERTED,fundamental_cashflow_sheet,double,NEXT_SESSION_AFTER_MAX_NOTICE_UPDATE,pit_fundamental.change|pit_fundamental.disclosure_event,ABSENT,,False,207,259030
cn_source::cash_flow_sheet_report_em::FINANCE_NETCASH_OTHER,cash_flow_sheet_report_em,FINANCE_NETCASH_OTHER,FUNDAMENTAL_LEVEL|FUNDAMENTAL_CHANGE|DISCLOSURE_EVENT,STOCK_REPORT_PERIOD,REPORT_DATE,NOTICE_DATE,UPDATE_DATE,PIT_SAFE_CURRENT_SNAPSHOT_ONLY,cash_flow_sheet_report_em.FINANCE_NETCASH_OTHER,PIT_SIDECAR_REGISTERED_LAZY_NOT_MINUTE_EXPANDED,SLOW_XS_LEVEL|SLOW_TEMPORAL_CHANGE|DISCLOSURE_EVENT,NO_FORMAL_SEARCH_IN_THIS_TASK; SOURCE_UNIT_GLOSSARY_NOT_ASSERTED,fundamental_cashflow_sheet,double,NEXT_SESSION_AFTER_MAX_NOTICE_UPDATE,pit_fundamental.level|pit_fundamental.change|pit_fundamental.disclosure_event,ABSENT,,False,20042,239195
cn_source::cash_flow_sheet_report_em::FINANCE_NETCASH_OTHER_YOY,cash_flow_sheet_report_em,FINANCE_NETCASH_OTHER_YOY,FUNDAMENTAL_CHANGE|DISCLOSURE_EVENT,STOCK_REPORT_PERIOD,REPORT_DATE,NOTICE_DATE,UPDATE_DATE,PIT_SAFE_CURRENT_SNAPSHOT_ONLY,cash_flow_sheet_report_em.FINANCE_NETCASH_OTHER_YOY,PIT_SIDECAR_REGISTERED_LAZY_NOT_MINUTE_EXPANDED,SLOW_TEMPORAL_CHANGE|DISCLOSURE_EVENT,NO_FORMAL_SEARCH_IN_THIS_TASK; SOURCE_UNIT_GLOSSARY_NOT_ASSERTED,fundamental_cashflow_sheet,double,NEXT_SESSION_AFTER_MAX_NOTICE_UPDATE,pit_fundamental.change|pit_fundamental.disclosure_event,ABSENT,,False,0,259237
cn_source::cash_flow_sheet_report_em::FINANCE_OUTFLOW_BALANCE,cash_flow_sheet_report_em,FINANCE_OUTFLOW_BALANCE,FUNDAMENTAL_LEVEL|FUNDAMENTAL_CHANGE|DISCLOSURE_EVENT,STOCK_REPORT_PERIOD,REPORT_DATE,NOTICE_DATE,UPDATE_DATE,PIT_SAFE_CURRENT_SNAPSHOT_ONLY,cash_flow_sheet_report_em.FINANCE_OUTFLOW_BALANCE,PIT_SIDECAR_REGISTERED_LAZY_NOT_MINUTE_EXPANDED,SLOW_XS_LEVEL|SLOW_TEMPORAL_CHANGE|DISCLOSURE_EVENT,NO_FORMAL_SEARCH_IN_THIS_TASK; SOURCE_UNIT_GLOSSARY_NOT_ASSERTED,fundamental_cashflow_sheet,double,NEXT_SESSION_AFTER_MAX_NOTICE_UPDATE,pit_fundamental.level|pit_fundamental.change|pit_fundamental.disclosure_event,ABSENT,,False,209655,49582
cn_source::cash_flow_sheet_report_em::FINANCE_OUTFLOW_BALANCE_YOY,cash_flow_sheet_report_em,FINANCE_OUTFLOW_BALANCE_YOY,FUNDAMENTAL_CHANGE|DISCLOSURE_EVENT,STOCK_REPORT_PERIOD,REPORT_DATE,NOTICE_DATE,UPDATE_DATE,PIT_SAFE_CURRENT_SNAPSHOT_ONLY,cash_flow_sheet_report_em.FINANCE_OUTFLOW_BALANCE_YOY,PIT_SIDECAR_REGISTERED_LAZY_NOT_MINUTE_EXPANDED,SLOW_TEMPORAL_CHANGE|DISCLOSURE_EVENT,NO_FORMAL_SEARCH_IN_THIS_TASK; SOURCE_UNIT_GLOSSARY_NOT_ASSERTED,fundamental_cashflow_sheet,double,NEXT_SESSION_AFTER_MAX_NOTICE_UPDATE,pit_fundamental.change|pit_fundamental.disclosure_event,ABSENT,,False,1392,257845
cn_source::cash_flow_sheet_report_em::FINANCE_OUTFLOW_OTHER,cash_flow_sheet_report_em,FINANCE_OUTFLOW_OTHER,FUNDAMENTAL_LEVEL|FUNDAMENTAL_CHANGE|DISCLOSURE_EVENT,STOCK_REPORT_PERIOD,REPORT_DATE,NOTICE_DATE,UPDATE_DATE,PIT_SAFE_CURRENT_SNAPSHOT_ONLY,cash_flow_sheet_report_em.FINANCE_OUTFLOW_OTHER,PIT_SIDECAR_REGISTERED_LAZY_NOT_MINUTE_EXPANDED,SLOW_XS_LEVEL|SLOW_TEMPORAL_CHANGE|DISCLOSURE_EVENT,NO_FORMAL_SEARCH_IN_THIS_TASK; SOURCE_UNIT_GLOSSARY_NOT_ASSERTED,fundamental_cashflow_sheet,double,NEXT_SESSION_AFTER_MAX_NOTICE_UPDATE,pit_fundamental.level|pit_fundamental.change|pit_fundamental.disclosure_event,ABSENT,,False,56559,202678
cn_source::cash_flow_sheet_report_em::FINANCE_OUTFLOW_OTHER_YOY,cash_flow_sheet_report_em,FINANCE_OUTFLOW_OTHER_YOY,FUNDAMENTAL_CHANGE|DISCLOSURE_EVENT,STOCK_REPORT_PERIOD,REPORT_DATE,NOTICE_DATE,UPDATE_DATE,PIT_SAFE_CURRENT_SNAPSHOT_ONLY,cash_flow_sheet_report_em.FINANCE_OUTFLOW_OTHER_YOY,PIT_SIDECAR_REGISTERED_LAZY_NOT_MINUTE_EXPANDED,SLOW_TEMPORAL_CHANGE|DISCLOSURE_EVENT,NO_FORMAL_SEARCH_IN_THIS_TASK; SOURCE_UNIT_GLOSSARY_NOT_ASSERTED,fundamental_cashflow_sheet,double,NEXT_SESSION_AFTER_MAX_NOTICE_UPDATE,pit_fundamental.change|pit_fundamental.disclosure_event,ABSENT,,False,1244,257993
cn_source::cash_flow_sheet_report_em::FINASSET_REDUCE,cash_flow_sheet_report_em,FINASSET_REDUCE,FUNDAMENTAL_LEVEL|FUNDAMENTAL_CHANGE|DISCLOSURE_EVENT,STOCK_REPORT_PERIOD,REPORT_DATE,NOTICE_DATE,UPDATE_DATE,PIT_SAFE_CURRENT_SNAPSHOT_ONLY,cash_flow_sheet_report_em.FINASSET_REDUCE,PIT_SIDECAR_REGISTERED_LAZY_NOT_MINUTE_EXPANDED,SLOW_XS_LEVEL|SLOW_TEMPORAL_CHANGE|DISCLOSURE_EVENT,NO_FORMAL_SEARCH_IN_THIS_TASK; SOURCE_UNIT_GLOSSARY_NOT_ASSERTED,fundamental_cashflow_sheet,double,NEXT_SESSION_AFTER_MAX_NOTICE_UPDATE,pit_fundamental.level|pit_fundamental.change|pit_fundamental.disclosure_event,ABSENT,,False,11,259226
cn_source::cash_flow_sheet_report_em::FINASSET_REDUCE_YOY,cash_flow_sheet_report_em,FINASSET_REDUCE_YOY,FUNDAMENTAL_CHANGE|DISCLOSURE_EVENT,STOCK_REPORT_PERIOD,REPORT_DATE,NOTICE_DATE,UPDATE_DATE,PIT_SAFE_CURRENT_SNAPSHOT_ONLY,cash_flow_sheet_report_em.FINASSET_REDUCE_YOY,PIT_SIDECAR_REGISTERED_LAZY_NOT_MINUTE_EXPANDED,SLOW_TEMPORAL_CHANGE|DISCLOSURE_EVENT,NO_FORMAL_SEARCH_IN_THIS_TASK; SOURCE_UNIT_GLOSSARY_NOT_ASSERTED,fundamental_cashflow_sheet,double,NEXT_SESSION_AFTER_MAX_NOTICE_UPDATE,pit_fundamental.change|pit_fundamental.disclosure_event,ABSENT,,False,6,259231
cn_source::cash_flow_sheet_report_em::FINLEASE_OBTAIN_FA,cash_flow_sheet_report_em,FINLEASE_OBTAIN_FA,FUNDAMENTAL_LEVEL|FUNDAMENTAL_CHANGE|DISCLOSURE_EVENT,STOCK_REPORT_PERIOD,REPORT_DATE,NOTICE_DATE,UPDATE_DATE,PIT_SAFE_CURRENT_SNAPSHOT_ONLY,cash_flow_sheet_report_em.FINLEASE_OBTAIN_FA,PIT_SIDECAR_REGISTERED_LAZY_NOT_MINUTE_EXPANDED,SLOW_XS_LEVEL|SLOW_TEMPORAL_CHANGE|DISCLOSURE_EVENT,NO_FORMAL_SEARCH_IN_THIS_TASK; SOURCE_UNIT_GLOSSARY_NOT_ASSERTED,fundamental_cashflow_sheet,double,NEXT_SESSION_AFTER_MAX_NOTICE_UPDATE,pit_fundamental.level|pit_fundamental.change|pit_fundamental.disclosure_event,ABSENT,,False,3090,256147
cn_source::cash_flow_sheet_report_em::FINLEASE_OBTAIN_FA_YOY,cash_flow_sheet_report_em,FINLEASE_OBTAIN_FA_YOY,FUNDAMENTAL_CHANGE|DISCLOSURE_EVENT,STOCK_REPORT_PERIOD,REPORT_DATE,NOTICE_DATE,UPDATE_DATE,PIT_SAFE_CURRENT_SNAPSHOT_ONLY,cash_flow_sheet_report_em.FINLEASE_OBTAIN_FA_YOY,PIT_SIDECAR_REGISTERED_LAZY_NOT_MINUTE_EXPANDED,SLOW_TEMPORAL_CHANGE|DISCLOSURE_EVENT,NO_FORMAL_SEARCH_IN_THIS_TASK; SOURCE_UNIT_GLOSSARY_NOT_ASSERTED,fundamental_cashflow_sheet,double,NEXT_SESSION_AFTER_MAX_NOTICE_UPDATE,pit_fundamental.change|pit_fundamental.disclosure_event,ABSENT,,False,656,258581
cn_source::cash_flow_sheet_report_em::FINLIAB_ADD,cash_flow_sheet_report_em,FINLIAB_ADD,FUNDAMENTAL_LEVEL|FUNDAMENTAL_CHANGE|DISCLOSURE_EVENT,STOCK_REPORT_PERIOD,REPORT_DATE,NOTICE_DATE,UPDATE_DATE,PIT_SAFE_CURRENT_SNAPSHOT_ONLY,cash_flow_sheet_report_em.FINLIAB_ADD,PIT_SIDECAR_REGISTERED_LAZY_NOT_MINUTE_EXPANDED,SLOW_XS_LEVEL|SLOW_TEMPORAL_CHANGE|DISCLOSURE_EVENT,NO_FORMAL_SEARCH_IN_THIS_TASK; SOURCE_UNIT_GLOSSARY_NOT_ASSERTED,fundamental_cashflow_sheet,double,NEXT_SESSION_AFTER_MAX_NOTICE_UPDATE,pit_fundamental.level|pit_fundamental.change|pit_fundamental.disclosure_event,ABSENT,,False,2,259235
cn_source::cash_flow_sheet_report_em::FINLIAB_ADD_YOY,cash_flow_sheet_report_em,FINLIAB_ADD_YOY,FUNDAMENTAL_CHANGE|DISCLOSURE_EVENT,STOCK_REPORT_PERIOD,REPORT_DATE,NOTICE_DATE,UPDATE_DATE,PIT_SAFE_CURRENT_SNAPSHOT_ONLY,cash_flow_sheet_report_em.FINLIAB_ADD_YOY,PIT_SIDECAR_REGISTERED_LAZY_NOT_MINUTE_EXPANDED,SLOW_TEMPORAL_CHANGE|DISCLOSURE_EVENT,NO_FORMAL_SEARCH_IN_THIS_TASK; SOURCE_UNIT_GLOSSARY_NOT_ASSERTED,fundamental_cashflow_sheet,double,NEXT_SESSION_AFTER_MAX_NOTICE_UPDATE,pit_fundamental.change|pit_fundamental.disclosure_event,ABSENT,,False,1,259236
cn_source::cash_flow_sheet_report_em::FIXED_ASSET_DEPR,cash_flow_sheet_report_em,FIXED_ASSET_DEPR,FUNDAMENTAL_LEVEL|FUNDAMENTAL_CHANGE|DISCLOSURE_EVENT,STOCK_REPORT_PERIOD,REPORT_DATE,NOTICE_DATE,UPDATE_DATE,PIT_SAFE_CURRENT_SNAPSHOT_ONLY,cash_flow_sheet_report_em.FIXED_ASSET_DEPR,PIT_SIDECAR_REGISTERED_LAZY_NOT_MINUTE_EXPANDED,SLOW_XS_LEVEL|SLOW_TEMPORAL_CHANGE|DISCLOSURE_EVENT,NO_FORMAL_SEARCH_IN_THIS_TASK; SOURCE_UNIT_GLOSSARY_NOT_ASSERTED,fundamental_cashflow_sheet,double,NEXT_SESSION_AFTER_MAX_NOTICE_UPDATE,pit_fundamental.level|pit_fundamental.change|pit_fundamental.disclosure_event,ABSENT,,False,944,258293
cn_source::cash_flow_sheet_report_em::FIXED_ASSET_DEPR_YOY,cash_flow_sheet_report_em,FIXED_ASSET_DEPR_YOY,FUNDAMENTAL_CHANGE|DISCLOSURE_EVENT,STOCK_REPORT_PERIOD,REPORT_DATE,NOTICE_DATE,UPDATE_DATE,PIT_SAFE_CURRENT_SNAPSHOT_ONLY,cash_flow_sheet_report_em.FIXED_ASSET_DEPR_YOY,PIT_SIDECAR_REGISTERED_LAZY_NOT_MINUTE_EXPANDED,SLOW_TEMPORAL_CHANGE|DISCLOSURE_EVENT,NO_FORMAL_SEARCH_IN_THIS_TASK; SOURCE_UNIT_GLOSSARY_NOT_ASSERTED,fundamental_cashflow_sheet,double,NEXT_SESSION_AFTER_MAX_NOTICE_UPDATE,pit_fundamental.change|pit_fundamental.disclosure_event,ABSENT,,False,772,258465
cn_source::cash_flow_sheet_report_em::IA_AMORTIZE,cash_flow_sheet_report_em,IA_AMORTIZE,FUNDAMENTAL_LEVEL|FUNDAMENTAL_CHANGE|DISCLOSURE_EVENT,STOCK_REPORT_PERIOD,REPORT_DATE,NOTICE_DATE,UPDATE_DATE,PIT_SAFE_CURRENT_SNAPSHOT_ONLY,cash_flow_sheet_report_em.IA_AMORTIZE,PIT_SIDECAR_REGISTERED_LAZY_NOT_MINUTE_EXPANDED,SLOW_XS_LEVEL|SLOW_TEMPORAL_CHANGE|DISCLOSURE_EVENT,NO_FORMAL_SEARCH_IN_THIS_TASK; SOURCE_UNIT_GLOSSARY_NOT_ASSERTED,fundamental_cashflow_sheet,double,NEXT_SESSION_AFTER_MAX_NOTICE_UPDATE,pit_fundamental.level|pit_fundamental.change|pit_fundamental.disclosure_event,ABSENT,,False,139570,119667
cn_source::cash_flow_sheet_report_em::IA_AMORTIZE_YOY,cash_flow_sheet_report_em,IA_AMORTIZE_YOY,FUNDAMENTAL_CHANGE|DISCLOSURE_EVENT,STOCK_REPORT_PERIOD,REPORT_DATE,NOTICE_DATE,UPDATE_DATE,PIT_SAFE_CURRENT_SNAPSHOT_ONLY,cash_flow_sheet_report_em.IA_AMORTIZE_YOY,PIT_SIDECAR_REGISTERED_LAZY_NOT_MINUTE_EXPANDED,SLOW_TEMPORAL_CHANGE|DISCLOSURE_EVENT,NO_FORMAL_SEARCH_IN_THIS_TASK; SOURCE_UNIT_GLOSSARY_NOT_ASSERTED,fundamental_cashflow_sheet,double,NEXT_SESSION_AFTER_MAX_NOTICE_UPDATE,pit_fundamental.change|pit_fundamental.disclosure_event,ABSENT,,False,124186,135051
cn_source::cash_flow_sheet_report_em::IA_LPE_AMORTIZE,cash_flow_sheet_report_em,IA_LPE_AMORTIZE,FUNDAMENTAL_LEVEL|FUNDAMENTAL_CHANGE|DISCLOSURE_EVENT,STOCK_REPORT_PERIOD,REPORT_DATE,NOTICE_DATE,UPDATE_DATE,PIT_SAFE_CURRENT_SNAPSHOT_ONLY,cash_flow_sheet_report_em.IA_LPE_AMORTIZE,PIT_SIDECAR_REGISTERED_LAZY_NOT_MINUTE_EXPANDED,SLOW_XS_LEVEL|SLOW_TEMPORAL_CHANGE|DISCLOSURE_EVENT,NO_FORMAL_SEARCH_IN_THIS_TASK; SOURCE_UNIT_GLOSSARY_NOT_ASSERTED,fundamental_cashflow_sheet,double,NEXT_SESSION_AFTER_MAX_NOTICE_UPDATE,pit_fundamental.level|pit_fundamental.change|pit_fundamental.disclosure_event,ABSENT,,False,1998,257239
cn_source::cash_flow_sheet_report_em::IA_LPE_AMORTIZE_YOY,cash_flow_sheet_report_em,IA_LPE_AMORTIZE_YOY,FUNDAMENTAL_CHANGE|DISCLOSURE_EVENT,STOCK_REPORT_PERIOD,REPORT_DATE,NOTICE_DATE,UPDATE_DATE,PIT_SAFE_CURRENT_SNAPSHOT_ONLY,cash_flow_sheet_report_em.IA_LPE_AMORTIZE_YOY,PIT_SIDECAR_REGISTERED_LAZY_NOT_MINUTE_EXPANDED,SLOW_TEMPORAL_CHANGE|DISCLOSURE_EVENT,NO_FORMAL_SEARCH_IN_THIS_TASK; SOURCE_UNIT_GLOSSARY_NOT_ASSERTED,fundamental_cashflow_sheet,double,NEXT_SESSION_AFTER_MAX_NOTICE_UPDATE,pit_fundamental.change|pit_fundamental.disclosure_event,ABSENT,,False,1751,257486
cn_source::cash_flow_sheet_report_em::INSURED_INVEST_ADD,cash_flow_sheet_report_em,INSURED_INVEST_ADD,FUNDAMENTAL_LEVEL|FUNDAMENTAL_CHANGE|DISCLOSURE_EVENT,STOCK_REPORT_PERIOD,REPORT_DATE,NOTICE_DATE,UPDATE_DATE,PIT_SAFE_CURRENT_SNAPSHOT_ONLY,cash_flow_sheet_report_em.INSURED_INVEST_ADD,PIT_SIDECAR_REGISTERED_LAZY_NOT_MINUTE_EXPANDED,SLOW_XS_LEVEL|SLOW_TEMPORAL_CHANGE|DISCLOSURE_EVENT,NO_FORMAL_SEARCH_IN_THIS_TASK; SOURCE_UNIT_GLOSSARY_NOT_ASSERTED,fundamental_cashflow_sheet,double,NEXT_SESSION_AFTER_MAX_NOTICE_UPDATE,pit_fundamental.level|pit_fundamental.change|pit_fundamental.disclosure_event,ABSENT,,False,3339,255898
cn_source::cash_flow_sheet_report_em::INSURED_INVEST_ADD_YOY,cash_flow_sheet_report_em,INSURED_INVEST_ADD_YOY,FUNDAMENTAL_CHANGE|DISCLOSURE_EVENT,STOCK_REPORT_PERIOD,REPORT_DATE,NOTICE_DATE,UPDATE_DATE,PIT_SAFE_CURRENT_SNAPSHOT_ONLY,cash_flow_sheet_report_em.INSURED_INVEST_ADD_YOY,PIT_SIDECAR_REGISTERED_LAZY_NOT_MINUTE_EXPANDED,SLOW_TEMPORAL_CHANGE|DISCLOSURE_EVENT,NO_FORMAL_SEARCH_IN_THIS_TASK; SOURCE_UNIT_GLOSSARY_NOT_ASSERTED,fundamental_cashflow_sheet,double,NEXT_SESSION_AFTER_MAX_NOTICE_UPDATE,pit_fundamental.change|pit_fundamental.disclosure_event,ABSENT,,False,181,259056
cn_source::cash_flow_sheet_report_em::INSURED_INVEST_REDUCE,cash_flow_sheet_report_em,INSURED_INVEST_REDUCE,FUNDAMENTAL_LEVEL|FUNDAMENTAL_CHANGE|DISCLOSURE_EVENT,STOCK_REPORT_PERIOD,REPORT_DATE,NOTICE_DATE,UPDATE_DATE,PIT_SAFE_CURRENT_SNAPSHOT_ONLY,cash_flow_sheet_report_em.INSURED_INVEST_REDUCE,PIT_SIDECAR_REGISTERED_LAZY_NOT_MINUTE_EXPANDED,SLOW_XS_LEVEL|SLOW_TEMPORAL_CHANGE|DISCLOSURE_EVENT,NO_FORMAL_SEARCH_IN_THIS_TASK; SOURCE_UNIT_GLOSSARY_NOT_ASSERTED,fundamental_cashflow_sheet,double,NEXT_SESSION_AFTER_MAX_NOTICE_UPDATE,pit_fundamental.level|pit_fundamental.change|pit_fundamental.disclosure_event,ABSENT,,False,94,259143
cn_source::cash_flow_sheet_report_em::INSURED_INVEST_REDUCE_YOY,cash_flow_sheet_report_em,INSURED_INVEST_REDUCE_YOY,FUNDAMENTAL_CHANGE|DISCLOSURE_EVENT,STOCK_REPORT_PERIOD,REPORT_DATE,NOTICE_DATE,UPDATE_DATE,PIT_SAFE_CURRENT_SNAPSHOT_ONLY,cash_flow_sheet_report_em.INSURED_INVEST_REDUCE_YOY,PIT_SIDECAR_REGISTERED_LAZY_NOT_MINUTE_EXPANDED,SLOW_TEMPORAL_CHANGE|DISCLOSURE_EVENT,NO_FORMAL_SEARCH_IN_THIS_TASK; SOURCE_UNIT_GLOSSARY_NOT_ASSERTED,fundamental_cashflow_sheet,double,NEXT_SESSION_AFTER_MAX_NOTICE_UPDATE,pit_fundamental.change|pit_fundamental.disclosure_event,ABSENT,,False,50,259187
cn_source::cash_flow_sheet_report_em::INSURED_PLA,cash_flow_sheet_report_em,INSURED_PLA,FUNDAMENTAL_LEVEL|FUNDAMENTAL_CHANGE|DISCLOSURE_EVENT,STOCK_REPORT_PERIOD,REPORT_DATE,NOTICE_DATE,UPDATE_DATE,PIT_SAFE_CURRENT_SNAPSHOT_ONLY,cash_flow_sheet_report_em.INSURED_PLA,PIT_SIDECAR_REGISTERED_LAZY_NOT_MINUTE_EXPANDED,SLOW_XS_LEVEL|SLOW_TEMPORAL_CHANGE|DISCLOSURE_EVENT,NO_FORMAL_SEARCH_IN_THIS_TASK; SOURCE_UNIT_GLOSSARY_NOT_ASSERTED,fundamental_cashflow_sheet,double,NEXT_SESSION_AFTER_MAX_NOTICE_UPDATE,pit_fundamental.level|pit_fundamental.change|pit_fundamental.disclosure_event,ABSENT,,False,276,258961
cn_source::cash_flow_sheet_report_em::INSURED_PLA_YOY,cash_flow_sheet_report_em,INSURED_PLA_YOY,FUNDAMENTAL_CHANGE|DISCLOSURE_EVENT,STOCK_REPORT_PERIOD,REPORT_DATE,NOTICE_DATE,UPDATE_DATE,PIT_SAFE_CURRENT_SNAPSHOT_ONLY,cash_flow_sheet_report_em.INSURED_PLA_YOY,PIT_SIDECAR_REGISTERED_LAZY_NOT_MINUTE_EXPANDED,SLOW_TEMPORAL_CHANGE|DISCLOSURE_EVENT,NO_FORMAL_SEARCH_IN_THIS_TASK; SOURCE_UNIT_GLOSSARY_NOT_ASSERTED,fundamental_cashflow_sheet,double,NEXT_SESSION_AFTER_MAX_NOTICE_UPDATE,pit_fundamental.change|pit_fundamental.disclosure_event,ABSENT,,False,255,258982
cn_source::cash_flow_sheet_report_em::INTERBANK_OTHER_REDUCE,cash_flow_sheet_report_em,INTERBANK_OTHER_REDUCE,FUNDAMENTAL_LEVEL|FUNDAMENTAL_CHANGE|DISCLOSURE_EVENT,STOCK_REPORT_PERIOD,REPORT_DATE,NOTICE_DATE,UPDATE_DATE,PIT_SAFE_CURRENT_SNAPSHOT_ONLY,cash_flow_sheet_report_em.INTERBANK_OTHER_REDUCE,PIT_SIDECAR_REGISTERED_LAZY_NOT_MINUTE_EXPANDED,SLOW_XS_LEVEL|SLOW_TEMPORAL_CHANGE|DISCLOSURE_EVENT,NO_FORMAL_SEARCH_IN_THIS_TASK; SOURCE_UNIT_GLOSSARY_NOT_ASSERTED,fundamental_cashflow_sheet,double,NEXT_SESSION_AFTER_MAX_NOTICE_UPDATE,pit_fundamental.level|pit_fundamental.change|pit_fundamental.disclosure_event,ABSENT,,False,456,258781
cn_source::cash_flow_sheet_report_em::INTERBANK_OTHER_REDUCE_YOY,cash_flow_sheet_report_em,INTERBANK_OTHER_REDUCE_YOY,FUNDAMENTAL_CHANGE|DISCLOSURE_EVENT,STOCK_REPORT_PERIOD,REPORT_DATE,NOTICE_DATE,UPDATE_DATE,PIT_SAFE_CURRENT_SNAPSHOT_ONLY,cash_flow_sheet_report_em.INTERBANK_OTHER_REDUCE_YOY,PIT_SIDECAR_REGISTERED_LAZY_NOT_MINUTE_EXPANDED,SLOW_TEMPORAL_CHANGE|DISCLOSURE_EVENT,NO_FORMAL_SEARCH_IN_THIS_TASK; SOURCE_UNIT_GLOSSARY_NOT_ASSERTED,fundamental_cashflow_sheet,double,NEXT_SESSION_AFTER_MAX_NOTICE_UPDATE,pit_fundamental.change|pit_fundamental.disclosure_event,ABSENT,,False,137,259100
cn_source::cash_flow_sheet_report_em::INVENTORY_REDUCE,cash_flow_sheet_report_em,INVENTORY_REDUCE,FUNDAMENTAL_LEVEL|FUNDAMENTAL_CHANGE|DISCLOSURE_EVENT,STOCK_REPORT_PERIOD,REPORT_DATE,NOTICE_DATE,UPDATE_DATE,PIT_SAFE_CURRENT_SNAPSHOT_ONLY,cash_flow_sheet_report_em.INVENTORY_REDUCE,PIT_SIDECAR_REGISTERED_LAZY_NOT_MINUTE_EXPANDED,SLOW_XS_LEVEL|SLOW_TEMPORAL_CHANGE|DISCLOSURE_EVENT,NO_FORMAL_SEARCH_IN_THIS_TASK; SOURCE_UNIT_GLOSSARY_NOT_ASSERTED,fundamental_cashflow_sheet,double,NEXT_SESSION_AFTER_MAX_NOTICE_UPDATE,pit_fundamental.level|pit_fundamental.change|pit_fundamental.disclosure_event,ABSENT,,False,141192,118045
cn_source::cash_flow_sheet_report_em::INVENTORY_REDUCE_YOY,cash_flow_sheet_report_em,INVENTORY_REDUCE_YOY,FUNDAMENTAL_CHANGE|DISCLOSURE_EVENT,STOCK_REPORT_PERIOD,REPORT_DATE,NOTICE_DATE,UPDATE_DATE,PIT_SAFE_CURRENT_SNAPSHOT_ONLY,cash_flow_sheet_report_em.INVENTORY_REDUCE_YOY,PIT_SIDECAR_REGISTERED_LAZY_NOT_MINUTE_EXPANDED,SLOW_TEMPORAL_CHANGE|DISCLOSURE_EVENT,NO_FORMAL_SEARCH_IN_THIS_TASK; SOURCE_UNIT_GLOSSARY_NOT_ASSERTED,fundamental_cashflow_sheet,double,NEXT_SESSION_AFTER_MAX_NOTICE_UPDATE,pit_fundamental.change|pit_fundamental.disclosure_event,ABSENT,,False,126169,133068
cn_source::cash_flow_sheet_report_em::INVEST_INFLOW_BALANCE,cash_flow_sheet_report_em,INVEST_INFLOW_BALANCE,FUNDAMENTAL_LEVEL|FUNDAMENTAL_CHANGE|DISCLOSURE_EVENT,STOCK_REPORT_PERIOD,REPORT_DATE,NOTICE_DATE,UPDATE_DATE,PIT_SAFE_CURRENT_SNAPSHOT_ONLY,cash_flow_sheet_report_em.INVEST_INFLOW_BALANCE,PIT_SIDECAR_REGISTERED_LAZY_NOT_MINUTE_EXPANDED,SLOW_XS_LEVEL|SLOW_TEMPORAL_CHANGE|DISCLOSURE_EVENT,NO_FORMAL_SEARCH_IN_THIS_TASK; SOURCE_UNIT_GLOSSARY_NOT_ASSERTED,fundamental_cashflow_sheet,double,NEXT_SESSION_AFTER_MAX_NOTICE_UPDATE,pit_fundamental.level|pit_fundamental.change|pit_fundamental.disclosure_event,ABSENT,,False,201719,57518
cn_source::cash_flow_sheet_report_em::INVEST_INFLOW_BALANCE_YOY,cash_flow_sheet_report_em,INVEST_INFLOW_BALANCE_YOY,FUNDAMENTAL_CHANGE|DISCLOSURE_EVENT,STOCK_REPORT_PERIOD,REPORT_DATE,NOTICE_DATE,UPDATE_DATE,PIT_SAFE_CURRENT_SNAPSHOT_ONLY,cash_flow_sheet_report_em.INVEST_INFLOW_BALANCE_YOY,PIT_SIDECAR_REGISTERED_LAZY_NOT_MINUTE_EXPANDED,SLOW_TEMPORAL_CHANGE|DISCLOSURE_EVENT,NO_FORMAL_SEARCH_IN_THIS_TASK; SOURCE_UNIT_GLOSSARY_NOT_ASSERTED,fundamental_cashflow_sheet,double,NEXT_SESSION_AFTER_MAX_NOTICE_UPDATE,pit_fundamental.change|pit_fundamental.disclosure_event,ABSENT,,False,2586,256651
cn_source::cash_flow_sheet_report_em::INVEST_INFLOW_OTHER,cash_flow_sheet_report_em,INVEST_INFLOW_OTHER,FUNDAMENTAL_LEVEL|FUNDAMENTAL_CHANGE|DISCLOSURE_EVENT,STOCK_REPORT_PERIOD,REPORT_DATE,NOTICE_DATE,UPDATE_DATE,PIT_SAFE_CURRENT_SNAPSHOT_ONLY,cash_flow_sheet_report_em.INVEST_INFLOW_OTHER,PIT_SIDECAR_REGISTERED_LAZY_NOT_MINUTE_EXPANDED,SLOW_XS_LEVEL|SLOW_TEMPORAL_CHANGE|DISCLOSURE_EVENT,NO_FORMAL_SEARCH_IN_THIS_TASK; SOURCE_UNIT_GLOSSARY_NOT_ASSERTED,fundamental_cashflow_sheet,double,NEXT_SESSION_AFTER_MAX_NOTICE_UPDATE,pit_fundamental.level|pit_fundamental.change|pit_fundamental.disclosure_event,ABSENT,,False,55883,203354
cn_source::cash_flow_sheet_report_em::INVEST_INFLOW_OTHER_YOY,cash_flow_sheet_report_em,INVEST_INFLOW_OTHER_YOY,FUNDAMENTAL_CHANGE|DISCLOSURE_EVENT,STOCK_REPORT_PERIOD,REPORT_DATE,NOTICE_DATE,UPDATE_DATE,PIT_SAFE_CURRENT_SNAPSHOT_ONLY,cash_flow_sheet_report_em.INVEST_INFLOW_OTHER_YOY,PIT_SIDECAR_REGISTERED_LAZY_NOT_MINUTE_EXPANDED,SLOW_TEMPORAL_CHANGE|DISCLOSURE_EVENT,NO_FORMAL_SEARCH_IN_THIS_TASK; SOURCE_UNIT_GLOSSARY_NOT_ASSERTED,fundamental_cashflow_sheet,double,NEXT_SESSION_AFTER_MAX_NOTICE_UPDATE,pit_fundamental.change|pit_fundamental.disclosure_event,ABSENT,,False,760,258477
cn_source::cash_flow_sheet_report_em::INVEST_LOSS,cash_flow_sheet_report_em,INVEST_LOSS,FUNDAMENTAL_LEVEL|FUNDAMENTAL_CHANGE|DISCLOSURE_EVENT,STOCK_REPORT_PERIOD,REPORT_DATE,NOTICE_DATE,UPDATE_DATE,PIT_SAFE_CURRENT_SNAPSHOT_ONLY,cash_flow_sheet_report_em.INVEST_LOSS,PIT_SIDECAR_REGISTERED_LAZY_NOT_MINUTE_EXPANDED,SLOW_XS_LEVEL|SLOW_TEMPORAL_CHANGE|DISCLOSURE_EVENT,NO_FORMAL_SEARCH_IN_THIS_TASK; SOURCE_UNIT_GLOSSARY_NOT_ASSERTED,fundamental_cashflow_sheet,double,NEXT_SESSION_AFTER_MAX_NOTICE_UPDATE,pit_fundamental.level|pit_fundamental.change|pit_fundamental.disclosure_event,ABSENT,,False,119365,139872
cn_source::cash_flow_sheet_report_em::INVEST_LOSS_YOY,cash_flow_sheet_report_em,INVEST_LOSS_YOY,FUNDAMENTAL_CHANGE|DISCLOSURE_EVENT,STOCK_REPORT_PERIOD,REPORT_DATE,NOTICE_DATE,UPDATE_DATE,PIT_SAFE_CURRENT_SNAPSHOT_ONLY,cash_flow_sheet_report_em.INVEST_LOSS_YOY,PIT_SIDECAR_REGISTERED_LAZY_NOT_MINUTE_EXPANDED,SLOW_TEMPORAL_CHANGE|DISCLOSURE_EVENT,NO_FORMAL_SEARCH_IN_THIS_TASK; SOURCE_UNIT_GLOSSARY_NOT_ASSERTED,fundamental_cashflow_sheet,double,NEXT_SESSION_AFTER_MAX_NOTICE_UPDATE,pit_fundamental.change|pit_fundamental.disclosure_event,ABSENT,,False,100451,158786
cn_source::cash_flow_sheet_report_em::INVEST_NETCASH_BALANCE,cash_flow_sheet_report_em,INVEST_NETCASH_BALANCE,FUNDAMENTAL_LEVEL|FUNDAMENTAL_CHANGE|DISCLOSURE_EVENT,STOCK_REPORT_PERIOD,REPORT_DATE,NOTICE_DATE,UPDATE_DATE,PIT_SAFE_CURRENT_SNAPSHOT_ONLY,cash_flow_sheet_report_em.INVEST_NETCASH_BALANCE,PIT_SIDECAR_REGISTERED_LAZY_NOT_MINUTE_EXPANDED,SLOW_XS_LEVEL|SLOW_TEMPORAL_CHANGE|DISCLOSURE_EVENT,NO_FORMAL_SEARCH_IN_THIS_TASK; SOURCE_UNIT_GLOSSARY_NOT_ASSERTED,fundamental_cashflow_sheet,double,NEXT_SESSION_AFTER_MAX_NOTICE_UPDATE,pit_fundamental.level|pit_fundamental.change|pit_fundamental.disclosure_event,ABSENT,,False,216022,43215
cn_source::cash_flow_sheet_report_em::INVEST_NETCASH_BALANCE_YOY,cash_flow_sheet_report_em,INVEST_NETCASH_BALANCE_YOY,FUNDAMENTAL_CHANGE|DISCLOSURE_EVENT,STOCK_REPORT_PERIOD,REPORT_DATE,NOTICE_DATE,UPDATE_DATE,PIT_SAFE_CURRENT_SNAPSHOT_ONLY,cash_flow_sheet_report_em.INVEST_NETCASH_BALANCE_YOY,PIT_SIDECAR_REGISTERED_LAZY_NOT_MINUTE_EXPANDED,SLOW_TEMPORAL_CHANGE|DISCLOSURE_EVENT,NO_FORMAL_SEARCH_IN_THIS_TASK; SOURCE_UNIT_GLOSSARY_NOT_ASSERTED,fundamental_cashflow_sheet,double,NEXT_SESSION_AFTER_MAX_NOTICE_UPDATE,pit_fundamental.change|pit_fundamental.disclosure_event,ABSENT,,False,306,258931
cn_source::cash_flow_sheet_report_em::INVEST_NETCASH_OTHER,cash_flow_sheet_report_em,INVEST_NETCASH_OTHER,FUNDAMENTAL_LEVEL|FUNDAMENTAL_CHANGE|DISCLOSURE_EVENT,STOCK_REPORT_PERIOD,REPORT_DATE,NOTICE_DATE,UPDATE_DATE,PIT_SAFE_CURRENT_SNAPSHOT_ONLY,cash_flow_sheet_report_em.INVEST_NETCASH_OTHER,PIT_SIDECAR_REGISTERED_LAZY_NOT_MINUTE_EXPANDED,SLOW_XS_LEVEL|SLOW_TEMPORAL_CHANGE|DISCLOSURE_EVENT,NO_FORMAL_SEARCH_IN_THIS_TASK; SOURCE_UNIT_GLOSSARY_NOT_ASSERTED,fundamental_cashflow_sheet,double,NEXT_SESSION_AFTER_MAX_NOTICE_UPDATE,pit_fundamental.level|pit_fundamental.change|pit_fundamental.disclosure_event,ABSENT,,False,20005,239232
cn_source::cash_flow_sheet_report_em::INVEST_NETCASH_OTHER_YOY,cash_flow_sheet_report_em,INVEST_NETCASH_OTHER_YOY,FUNDAMENTAL_CHANGE|DISCLOSURE_EVENT,STOCK_REPORT_PERIOD,REPORT_DATE,NOTICE_DATE,UPDATE_DATE,PIT_SAFE_CURRENT_SNAPSHOT_ONLY,cash_flow_sheet_report_em.INVEST_NETCASH_OTHER_YOY,PIT_SIDECAR_REGISTERED_LAZY_NOT_MINUTE_EXPANDED,SLOW_TEMPORAL_CHANGE|DISCLOSURE_EVENT,NO_FORMAL_SEARCH_IN_THIS_TASK; SOURCE_UNIT_GLOSSARY_NOT_ASSERTED,fundamental_cashflow_sheet,double,NEXT_SESSION_AFTER_MAX_NOTICE_UPDATE,pit_fundamental.change|pit_fundamental.disclosure_event,ABSENT,,False,1,259236
cn_source::cash_flow_sheet_report_em::INVEST_OUTFLOW_BALANCE,cash_flow_sheet_report_em,INVEST_OUTFLOW_BALANCE,FUNDAMENTAL_LEVEL|FUNDAMENTAL_CHANGE|DISCLOSURE_EVENT,STOCK_REPORT_PERIOD,REPORT_DATE,NOTICE_DATE,UPDATE_DATE,PIT_SAFE_CURRENT_SNAPSHOT_ONLY,cash_flow_sheet_report_em.INVEST_OUTFLOW_BALANCE,PIT_SIDECAR_REGISTERED_LAZY_NOT_MINUTE_EXPANDED,SLOW_XS_LEVEL|SLOW_TEMPORAL_CHANGE|DISCLOSURE_EVENT,NO_FORMAL_SEARCH_IN_THIS_TASK; SOURCE_UNIT_GLOSSARY_NOT_ASSERTED,fundamental_cashflow_sheet,double,NEXT_SESSION_AFTER_MAX_NOTICE_UPDATE,pit_fundamental.level|pit_fundamental.change|pit_fundamental.disclosure_event,ABSENT,,False,215769,43468
cn_source::cash_flow_sheet_report_em::INVEST_OUTFLOW_BALANCE_YOY,cash_flow_sheet_report_em,INVEST_OUTFLOW_BALANCE_YOY,FUNDAMENTAL_CHANGE|DISCLOSURE_EVENT,STOCK_REPORT_PERIOD,REPORT_DATE,NOTICE_DATE,UPDATE_DATE,PIT_SAFE_CURRENT_SNAPSHOT_ONLY,cash_flow_sheet_report_em.INVEST_OUTFLOW_BALANCE_YOY,PIT_SIDECAR_REGISTERED_LAZY_NOT_MINUTE_EXPANDED,SLOW_TEMPORAL_CHANGE|DISCLOSURE_EVENT,NO_FORMAL_SEARCH_IN_THIS_TASK; SOURCE_UNIT_GLOSSARY_NOT_ASSERTED,fundamental_cashflow_sheet,double,NEXT_SESSION_AFTER_MAX_NOTICE_UPDATE,pit_fundamental.change|pit_fundamental.disclosure_event,ABSENT,,False,401,258836
cn_source::cash_flow_sheet_report_em::INVEST_OUTFLOW_OTHER,cash_flow_sheet_report_em,INVEST_OUTFLOW_OTHER,FUNDAMENTAL_LEVEL|FUNDAMENTAL_CHANGE|DISCLOSURE_EVENT,STOCK_REPORT_PERIOD,REPORT_DATE,NOTICE_DATE,UPDATE_DATE,PIT_SAFE_CURRENT_SNAPSHOT_ONLY,cash_flow_sheet_report_em.INVEST_OUTFLOW_OTHER,PIT_SIDECAR_REGISTERED_LAZY_NOT_MINUTE_EXPANDED,SLOW_XS_LEVEL|SLOW_TEMPORAL_CHANGE|DISCLOSURE_EVENT,NO_FORMAL_SEARCH_IN_THIS_TASK; SOURCE_UNIT_GLOSSARY_NOT_ASSERTED,fundamental_cashflow_sheet,double,NEXT_SESSION_AFTER_MAX_NOTICE_UPDATE,pit_fundamental.level|pit_fundamental.change|pit_fundamental.disclosure_event,ABSENT,,False,55847,203390
cn_source::cash_flow_sheet_report_em::INVEST_OUTFLOW_OTHER_YOY,cash_flow_sheet_report_em,INVEST_OUTFLOW_OTHER_YOY,FUNDAMENTAL_CHANGE|DISCLOSURE_EVENT,STOCK_REPORT_PERIOD,REPORT_DATE,NOTICE_DATE,UPDATE_DATE,PIT_SAFE_CURRENT_SNAPSHOT_ONLY,cash_flow_sheet_report_em.INVEST_OUTFLOW_OTHER_YOY,PIT_SIDECAR_REGISTERED_LAZY_NOT_MINUTE_EXPANDED,SLOW_TEMPORAL_CHANGE|DISCLOSURE_EVENT,NO_FORMAL_SEARCH_IN_THIS_TASK; SOURCE_UNIT_GLOSSARY_NOT_ASSERTED,fundamental_cashflow_sheet,double,NEXT_SESSION_AFTER_MAX_NOTICE_UPDATE,pit_fundamental.change|pit_fundamental.disclosure_event,ABSENT,,False,706,258531
cn_source::cash_flow_sheet_report_em::INVEST_PAY_CASH,cash_flow_sheet_report_em,INVEST_PAY_CASH,FUNDAMENTAL_LEVEL|FUNDAMENTAL_CHANGE|DISCLOSURE_EVENT,STOCK_REPORT_PERIOD,REPORT_DATE,NOTICE_DATE,UPDATE_DATE,PIT_SAFE_CURRENT_SNAPSHOT_ONLY,cash_flow_sheet_report_em.INVEST_PAY_CASH,PIT_SIDECAR_REGISTERED_LAZY_NOT_MINUTE_EXPANDED,SLOW_XS_LEVEL|SLOW_TEMPORAL_CHANGE|DISCLOSURE_EVENT,NO_FORMAL_SEARCH_IN_THIS_TASK; SOURCE_UNIT_GLOSSARY_NOT_ASSERTED,fundamental_cashflow_sheet,double,NEXT_SESSION_AFTER_MAX_NOTICE_UPDATE,pit_fundamental.level|pit_fundamental.change|pit_fundamental.disclosure_event,ABSENT,,False,154028,105209
cn_source::cash_flow_sheet_report_em::INVEST_PAY_CASH_YOY,cash_flow_sheet_report_em,INVEST_PAY_CASH_YOY,FUNDAMENTAL_CHANGE|DISCLOSURE_EVENT,STOCK_REPORT_PERIOD,REPORT_DATE,NOTICE_DATE,UPDATE_DATE,PIT_SAFE_CURRENT_SNAPSHOT_ONLY,cash_flow_sheet_report_em.INVEST_PAY_CASH_YOY,PIT_SIDECAR_REGISTERED_LAZY_NOT_MINUTE_EXPANDED,SLOW_TEMPORAL_CHANGE|DISCLOSURE_EVENT,NO_FORMAL_SEARCH_IN_THIS_TASK; SOURCE_UNIT_GLOSSARY_NOT_ASSERTED,fundamental_cashflow_sheet,double,NEXT_SESSION_AFTER_MAX_NOTICE_UPDATE,pit_fundamental.change|pit_fundamental.disclosure_event,ABSENT,,False,110463,148774
cn_source::cash_flow_sheet_report_em::IOFI_ADD,cash_flow_sheet_report_em,IOFI_ADD,FUNDAMENTAL_LEVEL|FUNDAMENTAL_CHANGE|DISCLOSURE_EVENT,STOCK_REPORT_PERIOD,REPORT_DATE,NOTICE_DATE,UPDATE_DATE,PIT_SAFE_CURRENT_SNAPSHOT_ONLY,cash_flow_sheet_report_em.IOFI_ADD,PIT_SIDECAR_REGISTERED_LAZY_NOT_MINUTE_EXPANDED,SLOW_XS_LEVEL|SLOW_TEMPORAL_CHANGE|DISCLOSURE_EVENT,NO_FORMAL_SEARCH_IN_THIS_TASK; SOURCE_UNIT_GLOSSARY_NOT_ASSERTED,fundamental_cashflow_sheet,double,NEXT_SESSION_AFTER_MAX_NOTICE_UPDATE,pit_fundamental.level|pit_fundamental.change|pit_fundamental.disclosure_event,ABSENT,,False,457,258780
cn_source::cash_flow_sheet_report_em::IOFI_ADD_YOY,cash_flow_sheet_report_em,IOFI_ADD_YOY,FUNDAMENTAL_CHANGE|DISCLOSURE_EVENT,STOCK_REPORT_PERIOD,REPORT_DATE,NOTICE_DATE,UPDATE_DATE,PIT_SAFE_CURRENT_SNAPSHOT_ONLY,cash_flow_sheet_report_em.IOFI_ADD_YOY,PIT_SIDECAR_REGISTERED_LAZY_NOT_MINUTE_EXPANDED,SLOW_TEMPORAL_CHANGE|DISCLOSURE_EVENT,NO_FORMAL_SEARCH_IN_THIS_TASK; SOURCE_UNIT_GLOSSARY_NOT_ASSERTED,fundamental_cashflow_sheet,double,NEXT_SESSION_AFTER_MAX_NOTICE_UPDATE,pit_fundamental.change|pit_fundamental.disclosure_event,ABSENT,,False,185,259052
cn_source::cash_flow_sheet_report_em::IR_DEPR,cash_flow_sheet_report_em,IR_DEPR,FUNDAMENTAL_LEVEL|FUNDAMENTAL_CHANGE|DISCLOSURE_EVENT,STOCK_REPORT_PERIOD,REPORT_DATE,NOTICE_DATE,UPDATE_DATE,PIT_SAFE_CURRENT_SNAPSHOT_ONLY,cash_flow_sheet_report_em.IR_DEPR,PIT_SIDECAR_REGISTERED_LAZY_NOT_MINUTE_EXPANDED,SLOW_XS_LEVEL|SLOW_TEMPORAL_CHANGE|DISCLOSURE_EVENT,NO_FORMAL_SEARCH_IN_THIS_TASK; SOURCE_UNIT_GLOSSARY_NOT_ASSERTED,fundamental_cashflow_sheet,double,NEXT_SESSION_AFTER_MAX_NOTICE_UPDATE,pit_fundamental.level|pit_fundamental.change|pit_fundamental.disclosure_event,ABSENT,,False,2023,257214
cn_source::cash_flow_sheet_report_em::IR_DEPR_YOY,cash_flow_sheet_report_em,IR_DEPR_YOY,FUNDAMENTAL_CHANGE|DISCLOSURE_EVENT,STOCK_REPORT_PERIOD,REPORT_DATE,NOTICE_DATE,UPDATE_DATE,PIT_SAFE_CURRENT_SNAPSHOT_ONLY,cash_flow_sheet_report_em.IR_DEPR_YOY,PIT_SIDECAR_REGISTERED_LAZY_NOT_MINUTE_EXPANDED,SLOW_TEMPORAL_CHANGE|DISCLOSURE_EVENT,NO_FORMAL_SEARCH_IN_THIS_TASK; SOURCE_UNIT_GLOSSARY_NOT_ASSERTED,fundamental_cashflow_sheet,double,NEXT_SESSION_AFTER_MAX_NOTICE_UPDATE,pit_fundamental.change|pit_fundamental.disclosure_event,ABSENT,,False,1482,257755
cn_source::cash_flow_sheet_report_em::ISSUED_CD_REDUCE,cash_flow_sheet_report_em,ISSUED_CD_REDUCE,FUNDAMENTAL_LEVEL|FUNDAMENTAL_CHANGE|DISCLOSURE_EVENT,STOCK_REPORT_PERIOD,REPORT_DATE,NOTICE_DATE,UPDATE_DATE,PIT_SAFE_CURRENT_SNAPSHOT_ONLY,cash_flow_sheet_report_em.ISSUED_CD_REDUCE,PIT_SIDECAR_REGISTERED_LAZY_NOT_MINUTE_EXPANDED,SLOW_XS_LEVEL|SLOW_TEMPORAL_CHANGE|DISCLOSURE_EVENT,NO_FORMAL_SEARCH_IN_THIS_TASK; SOURCE_UNIT_GLOSSARY_NOT_ASSERTED,fundamental_cashflow_sheet,double,NEXT_SESSION_AFTER_MAX_NOTICE_UPDATE,pit_fundamental.level|pit_fundamental.change|pit_fundamental.disclosure_event,ABSENT,,False,190,259047
cn_source::cash_flow_sheet_report_em::ISSUED_CD_REDUCE_YOY,cash_flow_sheet_report_em,ISSUED_CD_REDUCE_YOY,FUNDAMENTAL_CHANGE|DISCLOSURE_EVENT,STOCK_REPORT_PERIOD,REPORT_DATE,NOTICE_DATE,UPDATE_DATE,PIT_SAFE_CURRENT_SNAPSHOT_ONLY,cash_flow_sheet_report_em.ISSUED_CD_REDUCE_YOY,PIT_SIDECAR_REGISTERED_LAZY_NOT_MINUTE_EXPANDED,SLOW_TEMPORAL_CHANGE|DISCLOSURE_EVENT,NO_FORMAL_SEARCH_IN_THIS_TASK; SOURCE_UNIT_GLOSSARY_NOT_ASSERTED,fundamental_cashflow_sheet,double,NEXT_SESSION_AFTER_MAX_NOTICE_UPDATE,pit_fundamental.change|pit_fundamental.disclosure_event,ABSENT,,False,14,259223
cn_source::cash_flow_sheet_report_em::ISSUE_BOND,cash_flow_sheet_report_em,ISSUE_BOND,FUNDAMENTAL_LEVEL|FUNDAMENTAL_CHANGE|DISCLOSURE_EVENT,STOCK_REPORT_PERIOD,REPORT_DATE,NOTICE_DATE,UPDATE_DATE,PIT_SAFE_CURRENT_SNAPSHOT_ONLY,cash_flow_sheet_report_em.ISSUE_BOND,PIT_SIDECAR_REGISTERED_LAZY_NOT_MINUTE_EXPANDED,SLOW_XS_LEVEL|SLOW_TEMPORAL_CHANGE|DISCLOSURE_EVENT,NO_FORMAL_SEARCH_IN_THIS_TASK; SOURCE_UNIT_GLOSSARY_NOT_ASSERTED,fundamental_cashflow_sheet,double,NEXT_SESSION_AFTER_MAX_NOTICE_UPDATE,pit_fundamental.level|pit_fundamental.change|pit_fundamental.disclosure_event,ABSENT,,False,14083,245154
cn_source::cash_flow_sheet_report_em::ISSUE_BOND_YOY,cash_flow_sheet_report_em,ISSUE_BOND_YOY,FUNDAMENTAL_CHANGE|DISCLOSURE_EVENT,STOCK_REPORT_PERIOD,REPORT_DATE,NOTICE_DATE,UPDATE_DATE,PIT_SAFE_CURRENT_SNAPSHOT_ONLY,cash_flow_sheet_report_em.ISSUE_BOND_YOY,PIT_SIDECAR_REGISTERED_LAZY_NOT_MINUTE_EXPANDED,SLOW_TEMPORAL_CHANGE|DISCLOSURE_EVENT,NO_FORMAL_SEARCH_IN_THIS_TASK; SOURCE_UNIT_GLOSSARY_NOT_ASSERTED,fundamental_cashflow_sheet,double,NEXT_SESSION_AFTER_MAX_NOTICE_UPDATE,pit_fundamental.change|pit_fundamental.disclosure_event,ABSENT,,False,6024,253213
cn_source::cash_flow_sheet_report_em::ISSUE_CD,cash_flow_sheet_report_em,ISSUE_CD,FUNDAMENTAL_LEVEL|FUNDAMENTAL_CHANGE|DISCLOSURE_EVENT,STOCK_REPORT_PERIOD,REPORT_DATE,NOTICE_DATE,UPDATE_DATE,PIT_SAFE_CURRENT_SNAPSHOT_ONLY,cash_flow_sheet_report_em.ISSUE_CD,PIT_SIDECAR_REGISTERED_LAZY_NOT_MINUTE_EXPANDED,SLOW_XS_LEVEL|SLOW_TEMPORAL_CHANGE|DISCLOSURE_EVENT,NO_FORMAL_SEARCH_IN_THIS_TASK; SOURCE_UNIT_GLOSSARY_NOT_ASSERTED,fundamental_cashflow_sheet,double,NEXT_SESSION_AFTER_MAX_NOTICE_UPDATE,pit_fundamental.level|pit_fundamental.change|pit_fundamental.disclosure_event,ABSENT,,False,206,259031
cn_source::cash_flow_sheet_report_em::ISSUE_CD_YOY,cash_flow_sheet_report_em,ISSUE_CD_YOY,FUNDAMENTAL_CHANGE|DISCLOSURE_EVENT,STOCK_REPORT_PERIOD,REPORT_DATE,NOTICE_DATE,UPDATE_DATE,PIT_SAFE_CURRENT_SNAPSHOT_ONLY,cash_flow_sheet_report_em.ISSUE_CD_YOY,PIT_SIDECAR_REGISTERED_LAZY_NOT_MINUTE_EXPANDED,SLOW_TEMPORAL_CHANGE|DISCLOSURE_EVENT,NO_FORMAL_SEARCH_IN_THIS_TASK; SOURCE_UNIT_GLOSSARY_NOT_ASSERTED,fundamental_cashflow_sheet,double,NEXT_SESSION_AFTER_MAX_NOTICE_UPDATE,pit_fundamental.change|pit_fundamental.disclosure_event,ABSENT,,False,56,259181
cn_source::cash_flow_sheet_report_em::ISSUE_OTHER_BOND,cash_flow_sheet_report_em,ISSUE_OTHER_BOND,FUNDAMENTAL_LEVEL|FUNDAMENTAL_CHANGE|DISCLOSURE_EVENT,STOCK_REPORT_PERIOD,REPORT_DATE,NOTICE_DATE,UPDATE_DATE,PIT_SAFE_CURRENT_SNAPSHOT_ONLY,cash_flow_sheet_report_em.ISSUE_OTHER_BOND,PIT_SIDECAR_REGISTERED_LAZY_NOT_MINUTE_EXPANDED,SLOW_XS_LEVEL|SLOW_TEMPORAL_CHANGE|DISCLOSURE_EVENT,NO_FORMAL_SEARCH_IN_THIS_TASK; SOURCE_UNIT_GLOSSARY_NOT_ASSERTED,fundamental_cashflow_sheet,double,NEXT_SESSION_AFTER_MAX_NOTICE_UPDATE,pit_fundamental.level|pit_fundamental.change|pit_fundamental.disclosure_event,ABSENT,,False,181,259056
cn_source::cash_flow_sheet_report_em::ISSUE_OTHER_BOND_YOY,cash_flow_sheet_report_em,ISSUE_OTHER_BOND_YOY,FUNDAMENTAL_CHANGE|DISCLOSURE_EVENT,STOCK_REPORT_PERIOD,REPORT_DATE,NOTICE_DATE,UPDATE_DATE,PIT_SAFE_CURRENT_SNAPSHOT_ONLY,cash_flow_sheet_report_em.ISSUE_OTHER_BOND_YOY,PIT_SIDECAR_REGISTERED_LAZY_NOT_MINUTE_EXPANDED,SLOW_TEMPORAL_CHANGE|DISCLOSURE_EVENT,NO_FORMAL_SEARCH_IN_THIS_TASK; SOURCE_UNIT_GLOSSARY_NOT_ASSERTED,fundamental_cashflow_sheet,double,NEXT_SESSION_AFTER_MAX_NOTICE_UPDATE,pit_fundamental.change|pit_fundamental.disclosure_event,ABSENT,,False,21,259216
cn_source::cash_flow_sheet_report_em::ISSUE_SHARES_EXPENSE,cash_flow_sheet_report_em,ISSUE_SHARES_EXPENSE,FUNDAMENTAL_LEVEL|FUNDAMENTAL_CHANGE|DISCLOSURE_EVENT,STOCK_REPORT_PERIOD,REPORT_DATE,NOTICE_DATE,UPDATE_DATE,PIT_SAFE_CURRENT_SNAPSHOT_ONLY,cash_flow_sheet_report_em.ISSUE_SHARES_EXPENSE,PIT_SIDECAR_REGISTERED_LAZY_NOT_MINUTE_EXPANDED,SLOW_XS_LEVEL|SLOW_TEMPORAL_CHANGE|DISCLOSURE_EVENT,NO_FORMAL_SEARCH_IN_THIS_TASK; SOURCE_UNIT_GLOSSARY_NOT_ASSERTED,fundamental_cashflow_sheet,double,NEXT_SESSION_AFTER_MAX_NOTICE_UPDATE,pit_fundamental.level|pit_fundamental.change|pit_fundamental.disclosure_event,ABSENT,,False,164,259073
cn_source::cash_flow_sheet_report_em::ISSUE_SHARES_EXPENSE_YOY,cash_flow_sheet_report_em,ISSUE_SHARES_EXPENSE_YOY,FUNDAMENTAL_CHANGE|DISCLOSURE_EVENT,STOCK_REPORT_PERIOD,REPORT_DATE,NOTICE_DATE,UPDATE_DATE,PIT_SAFE_CURRENT_SNAPSHOT_ONLY,cash_flow_sheet_report_em.ISSUE_SHARES_EXPENSE_YOY,PIT_SIDECAR_REGISTERED_LAZY_NOT_MINUTE_EXPANDED,SLOW_TEMPORAL_CHANGE|DISCLOSURE_EVENT,NO_FORMAL_SEARCH_IN_THIS_TASK; SOURCE_UNIT_GLOSSARY_NOT_ASSERTED,fundamental_cashflow_sheet,double,NEXT_SESSION_AFTER_MAX_NOTICE_UPDATE,pit_fundamental.change|pit_fundamental.disclosure_event,ABSENT,,False,0,259237
cn_source::cash_flow_sheet_report_em::ISSUE_SUBBOND,cash_flow_sheet_report_em,ISSUE_SUBBOND,FUNDAMENTAL_LEVEL|FUNDAMENTAL_CHANGE|DISCLOSURE_EVENT,STOCK_REPORT_PERIOD,REPORT_DATE,NOTICE_DATE,UPDATE_DATE,PIT_SAFE_CURRENT_SNAPSHOT_ONLY,cash_flow_sheet_report_em.ISSUE_SUBBOND,PIT_SIDECAR_REGISTERED_LAZY_NOT_MINUTE_EXPANDED,SLOW_XS_LEVEL|SLOW_TEMPORAL_CHANGE|DISCLOSURE_EVENT,NO_FORMAL_SEARCH_IN_THIS_TASK; SOURCE_UNIT_GLOSSARY_NOT_ASSERTED,fundamental_cashflow_sheet,double,NEXT_SESSION_AFTER_MAX_NOTICE_UPDATE,pit_fundamental.level|pit_fundamental.change|pit_fundamental.disclosure_event,ABSENT,,False,181,259056
cn_source::cash_flow_sheet_report_em::ISSUE_SUBBOND_YOY,cash_flow_sheet_report_em,ISSUE_SUBBOND_YOY,FUNDAMENTAL_CHANGE|DISCLOSURE_EVENT,STOCK_REPORT_PERIOD,REPORT_DATE,NOTICE_DATE,UPDATE_DATE,PIT_SAFE_CURRENT_SNAPSHOT_ONLY,cash_flow_sheet_report_em.ISSUE_SUBBOND_YOY,PIT_SIDECAR_REGISTERED_LAZY_NOT_MINUTE_EXPANDED,SLOW_TEMPORAL_CHANGE|DISCLOSURE_EVENT,NO_FORMAL_SEARCH_IN_THIS_TASK; SOURCE_UNIT_GLOSSARY_NOT_ASSERTED,fundamental_cashflow_sheet,double,NEXT_SESSION_AFTER_MAX_NOTICE_UPDATE,pit_fundamental.change|pit_fundamental.disclosure_event,ABSENT,,False,18,259219
cn_source::cash_flow_sheet_report_em::LEND_ADD,cash_flow_sheet_report_em,LEND_ADD,FUNDAMENTAL_LEVEL|FUNDAMENTAL_CHANGE|DISCLOSURE_EVENT,STOCK_REPORT_PERIOD,REPORT_DATE,NOTICE_DATE,UPDATE_DATE,PIT_SAFE_CURRENT_SNAPSHOT_ONLY,cash_flow_sheet_report_em.LEND_ADD,PIT_SIDECAR_REGISTERED_LAZY_NOT_MINUTE_EXPANDED,SLOW_XS_LEVEL|SLOW_TEMPORAL_CHANGE|DISCLOSURE_EVENT,NO_FORMAL_SEARCH_IN_THIS_TASK; SOURCE_UNIT_GLOSSARY_NOT_ASSERTED,fundamental_cashflow_sheet,double,NEXT_SESSION_AFTER_MAX_NOTICE_UPDATE,pit_fundamental.level|pit_fundamental.change|pit_fundamental.disclosure_event,ABSENT,,False,120,259117
cn_source::cash_flow_sheet_report_em::LEND_ADD_YOY,cash_flow_sheet_report_em,LEND_ADD_YOY,FUNDAMENTAL_CHANGE|DISCLOSURE_EVENT,STOCK_REPORT_PERIOD,REPORT_DATE,NOTICE_DATE,UPDATE_DATE,PIT_SAFE_CURRENT_SNAPSHOT_ONLY,cash_flow_sheet_report_em.LEND_ADD_YOY,PIT_SIDECAR_REGISTERED_LAZY_NOT_MINUTE_EXPANDED,SLOW_TEMPORAL_CHANGE|DISCLOSURE_EVENT,NO_FORMAL_SEARCH_IN_THIS_TASK; SOURCE_UNIT_GLOSSARY_NOT_ASSERTED,fundamental_cashflow_sheet,double,NEXT_SESSION_AFTER_MAX_NOTICE_UPDATE,pit_fundamental.change|pit_fundamental.disclosure_event,ABSENT,,False,26,259211
cn_source::cash_flow_sheet_report_em::LEND_FUND_ADD,cash_flow_sheet_report_em,LEND_FUND_ADD,FUNDAMENTAL_LEVEL|FUNDAMENTAL_CHANGE|DISCLOSURE_EVENT,STOCK_REPORT_PERIOD,REPORT_DATE,NOTICE_DATE,UPDATE_DATE,PIT_SAFE_CURRENT_SNAPSHOT_ONLY,cash_flow_sheet_report_em.LEND_FUND_ADD,PIT_SIDECAR_REGISTERED_LAZY_NOT_MINUTE_EXPANDED,SLOW_XS_LEVEL|SLOW_TEMPORAL_CHANGE|DISCLOSURE_EVENT,NO_FORMAL_SEARCH_IN_THIS_TASK; SOURCE_UNIT_GLOSSARY_NOT_ASSERTED,fundamental_cashflow_sheet,double,NEXT_SESSION_AFTER_MAX_NOTICE_UPDATE,pit_fundamental.level|pit_fundamental.change|pit_fundamental.disclosure_event,ABSENT,,False,1396,257841
cn_source::cash_flow_sheet_report_em::LEND_FUND_ADD_YOY,cash_flow_sheet_report_em,LEND_FUND_ADD_YOY,FUNDAMENTAL_CHANGE|DISCLOSURE_EVENT,STOCK_REPORT_PERIOD,REPORT_DATE,NOTICE_DATE,UPDATE_DATE,PIT_SAFE_CURRENT_SNAPSHOT_ONLY,cash_flow_sheet_report_em.LEND_FUND_ADD_YOY,PIT_SIDECAR_REGISTERED_LAZY_NOT_MINUTE_EXPANDED,SLOW_TEMPORAL_CHANGE|DISCLOSURE_EVENT,NO_FORMAL_SEARCH_IN_THIS_TASK; SOURCE_UNIT_GLOSSARY_NOT_ASSERTED,fundamental_cashflow_sheet,double,NEXT_SESSION_AFTER_MAX_NOTICE_UPDATE,pit_fundamental.change|pit_fundamental.disclosure_event,ABSENT,,False,646,258591
cn_source::cash_flow_sheet_report_em::LEND_FUND_REDUCE,cash_flow_sheet_report_em,LEND_FUND_REDUCE,FUNDAMENTAL_LEVEL|FUNDAMENTAL_CHANGE|DISCLOSURE_EVENT,STOCK_REPORT_PERIOD,REPORT_DATE,NOTICE_DATE,UPDATE_DATE,PIT_SAFE_CURRENT_SNAPSHOT_ONLY,cash_flow_sheet_report_em.LEND_FUND_REDUCE,PIT_SIDECAR_REGISTERED_LAZY_NOT_MINUTE_EXPANDED,SLOW_XS_LEVEL|SLOW_TEMPORAL_CHANGE|DISCLOSURE_EVENT,NO_FORMAL_SEARCH_IN_THIS_TASK; SOURCE_UNIT_GLOSSARY_NOT_ASSERTED,fundamental_cashflow_sheet,double,NEXT_SESSION_AFTER_MAX_NOTICE_UPDATE,pit_fundamental.level|pit_fundamental.change|pit_fundamental.disclosure_event,ABSENT,,False,555,258682
cn_source::cash_flow_sheet_report_em::LEND_FUND_REDUCE_YOY,cash_flow_sheet_report_em,LEND_FUND_REDUCE_YOY,FUNDAMENTAL_CHANGE|DISCLOSURE_EVENT,STOCK_REPORT_PERIOD,REPORT_DATE,NOTICE_DATE,UPDATE_DATE,PIT_SAFE_CURRENT_SNAPSHOT_ONLY,cash_flow_sheet_report_em.LEND_FUND_REDUCE_YOY,PIT_SIDECAR_REGISTERED_LAZY_NOT_MINUTE_EXPANDED,SLOW_TEMPORAL_CHANGE|DISCLOSURE_EVENT,NO_FORMAL_SEARCH_IN_THIS_TASK; SOURCE_UNIT_GLOSSARY_NOT_ASSERTED,fundamental_cashflow_sheet,double,NEXT_SESSION_AFTER_MAX_NOTICE_UPDATE,pit_fundamental.change|pit_fundamental.disclosure_event,ABSENT,,False,165,259072
cn_source::cash_flow_sheet_report_em::LEND_RESALE_ADD,cash_flow_sheet_report_em,LEND_RESALE_ADD,FUNDAMENTAL_LEVEL|FUNDAMENTAL_CHANGE|DISCLOSURE_EVENT,STOCK_REPORT_PERIOD,REPORT_DATE,NOTICE_DATE,UPDATE_DATE,PIT_SAFE_CURRENT_SNAPSHOT_ONLY,cash_flow_sheet_report_em.LEND_RESALE_ADD,PIT_SIDECAR_REGISTERED_LAZY_NOT_MINUTE_EXPANDED,SLOW_XS_LEVEL|SLOW_TEMPORAL_CHANGE|DISCLOSURE_EVENT,NO_FORMAL_SEARCH_IN_THIS_TASK; SOURCE_UNIT_GLOSSARY_NOT_ASSERTED,fundamental_cashflow_sheet,double,NEXT_SESSION_AFTER_MAX_NOTICE_UPDATE,pit_fundamental.level|pit_fundamental.change|pit_fundamental.disclosure_event,ABSENT,,False,1195,258042
cn_source::cash_flow_sheet_report_em::LEND_RESALE_ADD_YOY,cash_flow_sheet_report_em,LEND_RESALE_ADD_YOY,FUNDAMENTAL_CHANGE|DISCLOSURE_EVENT,STOCK_REPORT_PERIOD,REPORT_DATE,NOTICE_DATE,UPDATE_DATE,PIT_SAFE_CURRENT_SNAPSHOT_ONLY,cash_flow_sheet_report_em.LEND_RESALE_ADD_YOY,PIT_SIDECAR_REGISTERED_LAZY_NOT_MINUTE_EXPANDED,SLOW_TEMPORAL_CHANGE|DISCLOSURE_EVENT,NO_FORMAL_SEARCH_IN_THIS_TASK; SOURCE_UNIT_GLOSSARY_NOT_ASSERTED,fundamental_cashflow_sheet,double,NEXT_SESSION_AFTER_MAX_NOTICE_UPDATE,pit_fundamental.change|pit_fundamental.disclosure_event,ABSENT,,False,729,258508
cn_source::cash_flow_sheet_report_em::LEND_RESALE_REDUCE,cash_flow_sheet_report_em,LEND_RESALE_REDUCE,FUNDAMENTAL_LEVEL|FUNDAMENTAL_CHANGE|DISCLOSURE_EVENT,STOCK_REPORT_PERIOD,REPORT_DATE,NOTICE_DATE,UPDATE_DATE,PIT_SAFE_CURRENT_SNAPSHOT_ONLY,cash_flow_sheet_report_em.LEND_RESALE_REDUCE,PIT_SIDECAR_REGISTERED_LAZY_NOT_MINUTE_EXPANDED,SLOW_XS_LEVEL|SLOW_TEMPORAL_CHANGE|DISCLOSURE_EVENT,NO_FORMAL_SEARCH_IN_THIS_TASK; SOURCE_UNIT_GLOSSARY_NOT_ASSERTED,fundamental_cashflow_sheet,double,NEXT_SESSION_AFTER_MAX_NOTICE_UPDATE,pit_fundamental.level|pit_fundamental.change|pit_fundamental.disclosure_event,ABSENT,,False,912,258325
cn_source::cash_flow_sheet_report_em::LEND_RESALE_REDUCE_YOY,cash_flow_sheet_report_em,LEND_RESALE_REDUCE_YOY,FUNDAMENTAL_CHANGE|DISCLOSURE_EVENT,STOCK_REPORT_PERIOD,REPORT_DATE,NOTICE_DATE,UPDATE_DATE,PIT_SAFE_CURRENT_SNAPSHOT_ONLY,cash_flow_sheet_report_em.LEND_RESALE_REDUCE_YOY,PIT_SIDECAR_REGISTERED_LAZY_NOT_MINUTE_EXPANDED,SLOW_TEMPORAL_CHANGE|DISCLOSURE_EVENT,NO_FORMAL_SEARCH_IN_THIS_TASK; SOURCE_UNIT_GLOSSARY_NOT_ASSERTED,fundamental_cashflow_sheet,double,NEXT_SESSION_AFTER_MAX_NOTICE_UPDATE,pit_fundamental.change|pit_fundamental.disclosure_event,ABSENT,,False,483,258754
cn_source::cash_flow_sheet_report_em::LOAN_ADVANCE_ADD,cash_flow_sheet_report_em,LOAN_ADVANCE_ADD,FUNDAMENTAL_LEVEL|FUNDAMENTAL_CHANGE|DISCLOSURE_EVENT,STOCK_REPORT_PERIOD,REPORT_DATE,NOTICE_DATE,UPDATE_DATE,PIT_SAFE_CURRENT_SNAPSHOT_ONLY,cash_flow_sheet_report_em.LOAN_ADVANCE_ADD,PIT_SIDECAR_REGISTERED_LAZY_NOT_MINUTE_EXPANDED,SLOW_XS_LEVEL|SLOW_TEMPORAL_CHANGE|DISCLOSURE_EVENT,NO_FORMAL_SEARCH_IN_THIS_TASK; SOURCE_UNIT_GLOSSARY_NOT_ASSERTED,fundamental_cashflow_sheet,double,NEXT_SESSION_AFTER_MAX_NOTICE_UPDATE,pit_fundamental.level|pit_fundamental.change|pit_fundamental.disclosure_event,ABSENT,,False,9382,249855
cn_source::cash_flow_sheet_report_em::LOAN_ADVANCE_ADD_YOY,cash_flow_sheet_report_em,LOAN_ADVANCE_ADD_YOY,FUNDAMENTAL_CHANGE|DISCLOSURE_EVENT,STOCK_REPORT_PERIOD,REPORT_DATE,NOTICE_DATE,UPDATE_DATE,PIT_SAFE_CURRENT_SNAPSHOT_ONLY,cash_flow_sheet_report_em.LOAN_ADVANCE_ADD_YOY,PIT_SIDECAR_REGISTERED_LAZY_NOT_MINUTE_EXPANDED,SLOW_TEMPORAL_CHANGE|DISCLOSURE_EVENT,NO_FORMAL_SEARCH_IN_THIS_TASK; SOURCE_UNIT_GLOSSARY_NOT_ASSERTED,fundamental_cashflow_sheet,double,NEXT_SESSION_AFTER_MAX_NOTICE_UPDATE,pit_fundamental.change|pit_fundamental.disclosure_event,ABSENT,,False,4978,254259
cn_source::cash_flow_sheet_report_em::LOAN_ADVANCE_REDUCE,cash_flow_sheet_report_em,LOAN_ADVANCE_REDUCE,FUNDAMENTAL_LEVEL|FUNDAMENTAL_CHANGE|DISCLOSURE_EVENT,STOCK_REPORT_PERIOD,REPORT_DATE,NOTICE_DATE,UPDATE_DATE,PIT_SAFE_CURRENT_SNAPSHOT_ONLY,cash_flow_sheet_report_em.LOAN_ADVANCE_REDUCE,PIT_SIDECAR_REGISTERED_LAZY_NOT_MINUTE_EXPANDED,SLOW_XS_LEVEL|SLOW_TEMPORAL_CHANGE|DISCLOSURE_EVENT,NO_FORMAL_SEARCH_IN_THIS_TASK; SOURCE_UNIT_GLOSSARY_NOT_ASSERTED,fundamental_cashflow_sheet,double,NEXT_SESSION_AFTER_MAX_NOTICE_UPDATE,pit_fundamental.level|pit_fundamental.change|pit_fundamental.disclosure_event,ABSENT,,False,20226,239011
cn_source::cash_flow_sheet_report_em::LOAN_ADVANCE_REDUCE_YOY,cash_flow_sheet_report_em,LOAN_ADVANCE_REDUCE_YOY,FUNDAMENTAL_CHANGE|DISCLOSURE_EVENT,STOCK_REPORT_PERIOD,REPORT_DATE,NOTICE_DATE,UPDATE_DATE,PIT_SAFE_CURRENT_SNAPSHOT_ONLY,cash_flow_sheet_report_em.LOAN_ADVANCE_REDUCE_YOY,PIT_SIDECAR_REGISTERED_LAZY_NOT_MINUTE_EXPANDED,SLOW_TEMPORAL_CHANGE|DISCLOSURE_EVENT,NO_FORMAL_SEARCH_IN_THIS_TASK; SOURCE_UNIT_GLOSSARY_NOT_ASSERTED,fundamental_cashflow_sheet,double,NEXT_SESSION_AFTER_MAX_NOTICE_UPDATE,pit_fundamental.change|pit_fundamental.disclosure_event,ABSENT,,False,28,259209
cn_source::cash_flow_sheet_report_em::LOAN_PBC_ADD,cash_flow_sheet_report_em,LOAN_PBC_ADD,FUNDAMENTAL_LEVEL|FUNDAMENTAL_CHANGE|DISCLOSURE_EVENT,STOCK_REPORT_PERIOD,REPORT_DATE,NOTICE_DATE,UPDATE_DATE,PIT_SAFE_CURRENT_SNAPSHOT_ONLY,cash_flow_sheet_report_em.LOAN_PBC_ADD,PIT_SIDECAR_REGISTERED_LAZY_NOT_MINUTE_EXPANDED,SLOW_XS_LEVEL|SLOW_TEMPORAL_CHANGE|DISCLOSURE_EVENT,NO_FORMAL_SEARCH_IN_THIS_TASK; SOURCE_UNIT_GLOSSARY_NOT_ASSERTED,fundamental_cashflow_sheet,double,NEXT_SESSION_AFTER_MAX_NOTICE_UPDATE,pit_fundamental.level|pit_fundamental.change|pit_fundamental.disclosure_event,ABSENT,,False,4687,254550
cn_source::cash_flow_sheet_report_em::LOAN_PBC_ADD_YOY,cash_flow_sheet_report_em,LOAN_PBC_ADD_YOY,FUNDAMENTAL_CHANGE|DISCLOSURE_EVENT,STOCK_REPORT_PERIOD,REPORT_DATE,NOTICE_DATE,UPDATE_DATE,PIT_SAFE_CURRENT_SNAPSHOT_ONLY,cash_flow_sheet_report_em.LOAN_PBC_ADD_YOY,PIT_SIDECAR_REGISTERED_LAZY_NOT_MINUTE_EXPANDED,SLOW_TEMPORAL_CHANGE|DISCLOSURE_EVENT,NO_FORMAL_SEARCH_IN_THIS_TASK; SOURCE_UNIT_GLOSSARY_NOT_ASSERTED,fundamental_cashflow_sheet,double,NEXT_SESSION_AFTER_MAX_NOTICE_UPDATE,pit_fundamental.change|pit_fundamental.disclosure_event,ABSENT,,False,863,258374
cn_source::cash_flow_sheet_report_em::LOAN_PBC_REDUCE,cash_flow_sheet_report_em,LOAN_PBC_REDUCE,FUNDAMENTAL_LEVEL|FUNDAMENTAL_CHANGE|DISCLOSURE_EVENT,STOCK_REPORT_PERIOD,REPORT_DATE,NOTICE_DATE,UPDATE_DATE,PIT_SAFE_CURRENT_SNAPSHOT_ONLY,cash_flow_sheet_report_em.LOAN_PBC_REDUCE,PIT_SIDECAR_REGISTERED_LAZY_NOT_MINUTE_EXPANDED,SLOW_XS_LEVEL|SLOW_TEMPORAL_CHANGE|DISCLOSURE_EVENT,NO_FORMAL_SEARCH_IN_THIS_TASK; SOURCE_UNIT_GLOSSARY_NOT_ASSERTED,fundamental_cashflow_sheet,double,NEXT_SESSION_AFTER_MAX_NOTICE_UPDATE,pit_fundamental.level|pit_fundamental.change|pit_fundamental.disclosure_event,ABSENT,,False,640,258597
cn_source::cash_flow_sheet_report_em::LOAN_PBC_REDUCE_YOY,cash_flow_sheet_report_em,LOAN_PBC_REDUCE_YOY,FUNDAMENTAL_CHANGE|DISCLOSURE_EVENT,STOCK_REPORT_PERIOD,REPORT_DATE,NOTICE_DATE,UPDATE_DATE,PIT_SAFE_CURRENT_SNAPSHOT_ONLY,cash_flow_sheet_report_em.LOAN_PBC_REDUCE_YOY,PIT_SIDECAR_REGISTERED_LAZY_NOT_MINUTE_EXPANDED,SLOW_TEMPORAL_CHANGE|DISCLOSURE_EVENT,NO_FORMAL_SEARCH_IN_THIS_TASK; SOURCE_UNIT_GLOSSARY_NOT_ASSERTED,fundamental_cashflow_sheet,double,NEXT_SESSION_AFTER_MAX_NOTICE_UPDATE,pit_fundamental.change|pit_fundamental.disclosure_event,ABSENT,,False,164,259073
cn_source::cash_flow_sheet_report_em::LOAN_REDUCE,cash_flow_sheet_report_em,LOAN_REDUCE,FUNDAMENTAL_LEVEL|FUNDAMENTAL_CHANGE|DISCLOSURE_EVENT,STOCK_REPORT_PERIOD,REPORT_DATE,NOTICE_DATE,UPDATE_DATE,PIT_SAFE_CURRENT_SNAPSHOT_ONLY,cash_flow_sheet_report_em.LOAN_REDUCE,PIT_SIDECAR_REGISTERED_LAZY_NOT_MINUTE_EXPANDED,SLOW_XS_LEVEL|SLOW_TEMPORAL_CHANGE|DISCLOSURE_EVENT,NO_FORMAL_SEARCH_IN_THIS_TASK; SOURCE_UNIT_GLOSSARY_NOT_ASSERTED,fundamental_cashflow_sheet,double,NEXT_SESSION_AFTER_MAX_NOTICE_UPDATE,pit_fundamental.level|pit_fundamental.change|pit_fundamental.disclosure_event,ABSENT,,False,40,259197
cn_source::cash_flow_sheet_report_em::LOAN_REDUCE_YOY,cash_flow_sheet_report_em,LOAN_REDUCE_YOY,FUNDAMENTAL_CHANGE|DISCLOSURE_EVENT,STOCK_REPORT_PERIOD,REPORT_DATE,NOTICE_DATE,UPDATE_DATE,PIT_SAFE_CURRENT_SNAPSHOT_ONLY,cash_flow_sheet_report_em.LOAN_REDUCE_YOY,PIT_SIDECAR_REGISTERED_LAZY_NOT_MINUTE_EXPANDED,SLOW_TEMPORAL_CHANGE|DISCLOSURE_EVENT,NO_FORMAL_SEARCH_IN_THIS_TASK; SOURCE_UNIT_GLOSSARY_NOT_ASSERTED,fundamental_cashflow_sheet,double,NEXT_SESSION_AFTER_MAX_NOTICE_UPDATE,pit_fundamental.change|pit_fundamental.disclosure_event,ABSENT,,False,28,259209
cn_source::cash_flow_sheet_report_em::LONGASSET_AMORTIZE,cash_flow_sheet_report_em,LONGASSET_AMORTIZE,FUNDAMENTAL_LEVEL|FUNDAMENTAL_CHANGE|DISCLOSURE_EVENT,STOCK_REPORT_PERIOD,REPORT_DATE,NOTICE_DATE,UPDATE_DATE,PIT_SAFE_CURRENT_SNAPSHOT_ONLY,cash_flow_sheet_report_em.LONGASSET_AMORTIZE,PIT_SIDECAR_REGISTERED_LAZY_NOT_MINUTE_EXPANDED,SLOW_XS_LEVEL|SLOW_TEMPORAL_CHANGE|DISCLOSURE_EVENT,NO_FORMAL_SEARCH_IN_THIS_TASK; SOURCE_UNIT_GLOSSARY_NOT_ASSERTED,fundamental_cashflow_sheet,double,NEXT_SESSION_AFTER_MAX_NOTICE_UPDATE,pit_fundamental.level|pit_fundamental.change|pit_fundamental.disclosure_event,ABSENT,,False,46,259191
cn_source::cash_flow_sheet_report_em::LONGASSET_AMORTIZE_YOY,cash_flow_sheet_report_em,LONGASSET_AMORTIZE_YOY,FUNDAMENTAL_CHANGE|DISCLOSURE_EVENT,STOCK_REPORT_PERIOD,REPORT_DATE,NOTICE_DATE,UPDATE_DATE,PIT_SAFE_CURRENT_SNAPSHOT_ONLY,cash_flow_sheet_report_em.LONGASSET_AMORTIZE_YOY,PIT_SIDECAR_REGISTERED_LAZY_NOT_MINUTE_EXPANDED,SLOW_TEMPORAL_CHANGE|DISCLOSURE_EVENT,NO_FORMAL_SEARCH_IN_THIS_TASK; SOURCE_UNIT_GLOSSARY_NOT_ASSERTED,fundamental_cashflow_sheet,double,NEXT_SESSION_AFTER_MAX_NOTICE_UPDATE,pit_fundamental.change|pit_fundamental.disclosure_event,ABSENT,,False,29,259208
cn_source::cash_flow_sheet_report_em::LPE_AMORTIZE,cash_flow_sheet_report_em,LPE_AMORTIZE,FUNDAMENTAL_LEVEL|FUNDAMENTAL_CHANGE|DISCLOSURE_EVENT,STOCK_REPORT_PERIOD,REPORT_DATE,NOTICE_DATE,UPDATE_DATE,PIT_SAFE_CURRENT_SNAPSHOT_ONLY,cash_flow_sheet_report_em.LPE_AMORTIZE,PIT_SIDECAR_REGISTERED_LAZY_NOT_MINUTE_EXPANDED,SLOW_XS_LEVEL|SLOW_TEMPORAL_CHANGE|DISCLOSURE_EVENT,NO_FORMAL_SEARCH_IN_THIS_TASK; SOURCE_UNIT_GLOSSARY_NOT_ASSERTED,fundamental_cashflow_sheet,double,NEXT_SESSION_AFTER_MAX_NOTICE_UPDATE,pit_fundamental.level|pit_fundamental.change|pit_fundamental.disclosure_event,ABSENT,,False,110855,148382
cn_source::cash_flow_sheet_report_em::LPE_AMORTIZE_YOY,cash_flow_sheet_report_em,LPE_AMORTIZE_YOY,FUNDAMENTAL_CHANGE|DISCLOSURE_EVENT,STOCK_REPORT_PERIOD,REPORT_DATE,NOTICE_DATE,UPDATE_DATE,PIT_SAFE_CURRENT_SNAPSHOT_ONLY,cash_flow_sheet_report_em.LPE_AMORTIZE_YOY,PIT_SIDECAR_REGISTERED_LAZY_NOT_MINUTE_EXPANDED,SLOW_TEMPORAL_CHANGE|DISCLOSURE_EVENT,NO_FORMAL_SEARCH_IN_THIS_TASK; SOURCE_UNIT_GLOSSARY_NOT_ASSERTED,fundamental_cashflow_sheet,double,NEXT_SESSION_AFTER_MAX_NOTICE_UPDATE,pit_fundamental.change|pit_fundamental.disclosure_event,ABSENT,,False,94025,165212
cn_source::cash_flow_sheet_report_em::MINORITY_INTEREST,cash_flow_sheet_report_em,MINORITY_INTEREST,FUNDAMENTAL_LEVEL|FUNDAMENTAL_CHANGE|DISCLOSURE_EVENT,STOCK_REPORT_PERIOD,REPORT_DATE,NOTICE_DATE,UPDATE_DATE,PIT_SAFE_CURRENT_SNAPSHOT_ONLY,cash_flow_sheet_report_em.MINORITY_INTEREST,PIT_SIDECAR_REGISTERED_LAZY_NOT_MINUTE_EXPANDED,SLOW_XS_LEVEL|SLOW_TEMPORAL_CHANGE|DISCLOSURE_EVENT,NO_FORMAL_SEARCH_IN_THIS_TASK; SOURCE_UNIT_GLOSSARY_NOT_ASSERTED,fundamental_cashflow_sheet,double,NEXT_SESSION_AFTER_MAX_NOTICE_UPDATE,pit_fundamental.level|pit_fundamental.change|pit_fundamental.disclosure_event,ABSENT,,False,34242,224995
cn_source::cash_flow_sheet_report_em::MINORITY_INTEREST_YOY,cash_flow_sheet_report_em,MINORITY_INTEREST_YOY,FUNDAMENTAL_CHANGE|DISCLOSURE_EVENT,STOCK_REPORT_PERIOD,REPORT_DATE,NOTICE_DATE,UPDATE_DATE,PIT_SAFE_CURRENT_SNAPSHOT_ONLY,cash_flow_sheet_report_em.MINORITY_INTEREST_YOY,PIT_SIDECAR_REGISTERED_LAZY_NOT_MINUTE_EXPANDED,SLOW_TEMPORAL_CHANGE|DISCLOSURE_EVENT,NO_FORMAL_SEARCH_IN_THIS_TASK; SOURCE_UNIT_GLOSSARY_NOT_ASSERTED,fundamental_cashflow_sheet,double,NEXT_SESSION_AFTER_MAX_NOTICE_UPDATE,pit_fundamental.change|pit_fundamental.disclosure_event,ABSENT,,False,27392,231845
cn_source::cash_flow_sheet_report_em::NETCASH_FINANCE,cash_flow_sheet_report_em,NETCASH_FINANCE,FUNDAMENTAL_LEVEL|FUNDAMENTAL_CHANGE|DISCLOSURE_EVENT,STOCK_REPORT_PERIOD,REPORT_DATE,NOTICE_DATE,UPDATE_DATE,PIT_SAFE_CURRENT_SNAPSHOT_ONLY,cash_flow_sheet_report_em.NETCASH_FINANCE,PIT_SIDECAR_REGISTERED_LAZY_NOT_MINUTE_EXPANDED,SLOW_XS_LEVEL|SLOW_TEMPORAL_CHANGE|DISCLOSURE_EVENT,NO_FORMAL_SEARCH_IN_THIS_TASK; SOURCE_UNIT_GLOSSARY_NOT_ASSERTED,fundamental_cashflow_sheet,double,NEXT_SESSION_AFTER_MAX_NOTICE_UPDATE,pit_fundamental.level|pit_fundamental.change|pit_fundamental.disclosure_event,ABSENT,,False,251578,7659
cn_source::cash_flow_sheet_report_em::NETCASH_FINANCE_YOY,cash_flow_sheet_report_em,NETCASH_FINANCE_YOY,FUNDAMENTAL_CHANGE|DISCLOSURE_EVENT,STOCK_REPORT_PERIOD,REPORT_DATE,NOTICE_DATE,UPDATE_DATE,PIT_SAFE_CURRENT_SNAPSHOT_ONLY,cash_flow_sheet_report_em.NETCASH_FINANCE_YOY,PIT_SIDECAR_REGISTERED_LAZY_NOT_MINUTE_EXPANDED,SLOW_TEMPORAL_CHANGE|DISCLOSURE_EVENT,NO_FORMAL_SEARCH_IN_THIS_TASK; SOURCE_UNIT_GLOSSARY_NOT_ASSERTED,fundamental_cashflow_sheet,double,NEXT_SESSION_AFTER_MAX_NOTICE_UPDATE,pit_fundamental.change|pit_fundamental.disclosure_event,ABSENT,,False,226024,33213
cn_source::cash_flow_sheet_report_em::NETCASH_INVEST,cash_flow_sheet_report_em,NETCASH_INVEST,FUNDAMENTAL_LEVEL|FUNDAMENTAL_CHANGE|DISCLOSURE_EVENT,STOCK_REPORT_PERIOD,REPORT_DATE,NOTICE_DATE,UPDATE_DATE,PIT_SAFE_CURRENT_SNAPSHOT_ONLY,cash_flow_sheet_report_em.NETCASH_INVEST,PIT_SIDECAR_REGISTERED_LAZY_NOT_MINUTE_EXPANDED,SLOW_XS_LEVEL|SLOW_TEMPORAL_CHANGE|DISCLOSURE_EVENT,NO_FORMAL_SEARCH_IN_THIS_TASK; SOURCE_UNIT_GLOSSARY_NOT_ASSERTED,fundamental_cashflow_sheet,double,NEXT_SESSION_AFTER_MAX_NOTICE_UPDATE,pit_fundamental.level|pit_fundamental.change|pit_fundamental.disclosure_event,ABSENT,,False,257361,1876
cn_source::cash_flow_sheet_report_em::NETCASH_INVEST_YOY,cash_flow_sheet_report_em,NETCASH_INVEST_YOY,FUNDAMENTAL_CHANGE|DISCLOSURE_EVENT,STOCK_REPORT_PERIOD,REPORT_DATE,NOTICE_DATE,UPDATE_DATE,PIT_SAFE_CURRENT_SNAPSHOT_ONLY,cash_flow_sheet_report_em.NETCASH_INVEST_YOY,PIT_SIDECAR_REGISTERED_LAZY_NOT_MINUTE_EXPANDED,SLOW_TEMPORAL_CHANGE|DISCLOSURE_EVENT,NO_FORMAL_SEARCH_IN_THIS_TASK; SOURCE_UNIT_GLOSSARY_NOT_ASSERTED,fundamental_cashflow_sheet,double,NEXT_SESSION_AFTER_MAX_NOTICE_UPDATE,pit_fundamental.change|pit_fundamental.disclosure_event,ABSENT,,False,235229,24008
cn_source::cash_flow_sheet_report_em::NETCASH_OPERATE,cash_flow_sheet_report_em,NETCASH_OPERATE,FUNDAMENTAL_LEVEL|FUNDAMENTAL_CHANGE|DISCLOSURE_EVENT,STOCK_REPORT_PERIOD,REPORT_DATE,NOTICE_DATE,UPDATE_DATE,PIT_SAFE_CURRENT_SNAPSHOT_ONLY,cash_flow_sheet_report_em.NETCASH_OPERATE,PIT_SIDECAR_REGISTERED_LAZY_NOT_MINUTE_EXPANDED,SLOW_XS_LEVEL|SLOW_TEMPORAL_CHANGE|DISCLOSURE_EVENT,NO_FORMAL_SEARCH_IN_THIS_TASK; SOURCE_UNIT_GLOSSARY_NOT_ASSERTED,fundamental_cashflow_sheet,double,NEXT_SESSION_AFTER_MAX_NOTICE_UPDATE,pit_fundamental.level|pit_fundamental.change|pit_fundamental.disclosure_event,ABSENT,,False,259209,28
cn_source::cash_flow_sheet_report_em::NETCASH_OPERATENOTE,cash_flow_sheet_report_em,NETCASH_OPERATENOTE,FUNDAMENTAL_LEVEL|FUNDAMENTAL_CHANGE|DISCLOSURE_EVENT,STOCK_REPORT_PERIOD,REPORT_DATE,NOTICE_DATE,UPDATE_DATE,PIT_SAFE_CURRENT_SNAPSHOT_ONLY,cash_flow_sheet_report_em.NETCASH_OPERATENOTE,PIT_SIDECAR_REGISTERED_LAZY_NOT_MINUTE_EXPANDED,SLOW_XS_LEVEL|SLOW_TEMPORAL_CHANGE|DISCLOSURE_EVENT,NO_FORMAL_SEARCH_IN_THIS_TASK; SOURCE_UNIT_GLOSSARY_NOT_ASSERTED,fundamental_cashflow_sheet,double,NEXT_SESSION_AFTER_MAX_NOTICE_UPDATE,pit_fundamental.level|pit_fundamental.change|pit_fundamental.disclosure_event,ABSENT,,False,162622,96615
cn_source::cash_flow_sheet_report_em::NETCASH_OPERATENOTE_YOY,cash_flow_sheet_report_em,NETCASH_OPERATENOTE_YOY,FUNDAMENTAL_CHANGE|DISCLOSURE_EVENT,STOCK_REPORT_PERIOD,REPORT_DATE,NOTICE_DATE,UPDATE_DATE,PIT_SAFE_CURRENT_SNAPSHOT_ONLY,cash_flow_sheet_report_em.NETCASH_OPERATENOTE_YOY,PIT_SIDECAR_REGISTERED_LAZY_NOT_MINUTE_EXPANDED,SLOW_TEMPORAL_CHANGE|DISCLOSURE_EVENT,NO_FORMAL_SEARCH_IN_THIS_TASK; SOURCE_UNIT_GLOSSARY_NOT_ASSERTED,fundamental_cashflow_sheet,double,NEXT_SESSION_AFTER_MAX_NOTICE_UPDATE,pit_fundamental.change|pit_fundamental.disclosure_event,ABSENT,,False,143903,115334
cn_source::cash_flow_sheet_report_em::NETCASH_OPERATE_YOY,cash_flow_sheet_report_em,NETCASH_OPERATE_YOY,FUNDAMENTAL_CHANGE|DISCLOSURE_EVENT,STOCK_REPORT_PERIOD,REPORT_DATE,NOTICE_DATE,UPDATE_DATE,PIT_SAFE_CURRENT_SNAPSHOT_ONLY,cash_flow_sheet_report_em.NETCASH_OPERATE_YOY,PIT_SIDECAR_REGISTERED_LAZY_NOT_MINUTE_EXPANDED,SLOW_TEMPORAL_CHANGE|DISCLOSURE_EVENT,NO_FORMAL_SEARCH_IN_THIS_TASK; SOURCE_UNIT_GLOSSARY_NOT_ASSERTED,fundamental_cashflow_sheet,double,NEXT_SESSION_AFTER_MAX_NOTICE_UPDATE,pit_fundamental.change|pit_fundamental.disclosure_event,ABSENT,,False,237525,21712
cn_source::cash_flow_sheet_report_em::NETPROFIT,cash_flow_sheet_report_em,NETPROFIT,FUNDAMENTAL_LEVEL|FUNDAMENTAL_CHANGE|DISCLOSURE_EVENT,STOCK_REPORT_PERIOD,REPORT_DATE,NOTICE_DATE,UPDATE_DATE,PIT_SAFE_CURRENT_SNAPSHOT_ONLY,cash_flow_sheet_report_em.NETPROFIT,PIT_SIDECAR_REGISTERED_LAZY_NOT_MINUTE_EXPANDED,SLOW_XS_LEVEL|SLOW_TEMPORAL_CHANGE|DISCLOSURE_EVENT,NO_FORMAL_SEARCH_IN_THIS_TASK; SOURCE_UNIT_GLOSSARY_NOT_ASSERTED,fundamental_cashflow_sheet,double,NEXT_SESSION_AFTER_MAX_NOTICE_UPDATE,pit_fundamental.level|pit_fundamental.change|pit_fundamental.disclosure_event,ABSENT,,False,145259,113978
cn_source::cash_flow_sheet_report_em::NETPROFIT_YOY,cash_flow_sheet_report_em,NETPROFIT_YOY,FUNDAMENTAL_CHANGE|DISCLOSURE_EVENT,STOCK_REPORT_PERIOD,REPORT_DATE,NOTICE_DATE,UPDATE_DATE,PIT_SAFE_CURRENT_SNAPSHOT_ONLY,cash_flow_sheet_report_em.NETPROFIT_YOY,PIT_SIDECAR_REGISTERED_LAZY_NOT_MINUTE_EXPANDED,SLOW_TEMPORAL_CHANGE|DISCLOSURE_EVENT,NO_FORMAL_SEARCH_IN_THIS_TASK; SOURCE_UNIT_GLOSSARY_NOT_ASSERTED,fundamental_cashflow_sheet,double,NEXT_SESSION_AFTER_MAX_NOTICE_UPDATE,pit_fundamental.change|pit_fundamental.disclosure_event,ABSENT,,False,130255,128982
cn_source::cash_flow_sheet_report_em::NET_CD,cash_flow_sheet_report_em,NET_CD,FUNDAMENTAL_LEVEL|FUNDAMENTAL_CHANGE|DISCLOSURE_EVENT,STOCK_REPORT_PERIOD,REPORT_DATE,NOTICE_DATE,UPDATE_DATE,PIT_SAFE_CURRENT_SNAPSHOT_ONLY,cash_flow_sheet_report_em.NET_CD,PIT_SIDECAR_REGISTERED_LAZY_NOT_MINUTE_EXPANDED,SLOW_XS_LEVEL|SLOW_TEMPORAL_CHANGE|DISCLOSURE_EVENT,NO_FORMAL_SEARCH_IN_THIS_TASK; SOURCE_UNIT_GLOSSARY_NOT_ASSERTED,fundamental_cashflow_sheet,double,NEXT_SESSION_AFTER_MAX_NOTICE_UPDATE,pit_fundamental.level|pit_fundamental.change|pit_fundamental.disclosure_event,ABSENT,,False,233,259004
cn_source::cash_flow_sheet_report_em::NET_CD_YOY,cash_flow_sheet_report_em,NET_CD_YOY,FUNDAMENTAL_CHANGE|DISCLOSURE_EVENT,STOCK_REPORT_PERIOD,REPORT_DATE,NOTICE_DATE,UPDATE_DATE,PIT_SAFE_CURRENT_SNAPSHOT_ONLY,cash_flow_sheet_report_em.NET_CD_YOY,PIT_SIDECAR_REGISTERED_LAZY_NOT_MINUTE_EXPANDED,SLOW_TEMPORAL_CHANGE|DISCLOSURE_EVENT,NO_FORMAL_SEARCH_IN_THIS_TASK; SOURCE_UNIT_GLOSSARY_NOT_ASSERTED,fundamental_cashflow_sheet,double,NEXT_SESSION_AFTER_MAX_NOTICE_UPDATE,pit_fundamental.change|pit_fundamental.disclosure_event,ABSENT,,False,60,259177
cn_source::cash_flow_sheet_report_em::NOTICE_DATE,cash_flow_sheet_report_em,NOTICE_DATE,METADATA_BLOCKED,STOCK_REPORT_PERIOD,REPORT_DATE,NOTICE_DATE,UPDATE_DATE,PIT_SAFE_CURRENT_SNAPSHOT_ONLY,cash_flow_sheet_report_em.NOTICE_DATE,SOURCE_METADATA_SIDECAR_ONLY,BLOCKED,METADATA_NOT_SEARCHABLE,fundamental_cashflow_sheet,string,NEXT_SESSION_AFTER_MAX_NOTICE_UPDATE,,ABSENT,,False,259237,0
cn_source::cash_flow_sheet_report_em::OBTAIN_SUBSIDIARY_OTHER,cash_flow_sheet_report_em,OBTAIN_SUBSIDIARY_OTHER,FUNDAMENTAL_LEVEL|FUNDAMENTAL_CHANGE|DISCLOSURE_EVENT,STOCK_REPORT_PERIOD,REPORT_DATE,NOTICE_DATE,UPDATE_DATE,PIT_SAFE_CURRENT_SNAPSHOT_ONLY,cash_flow_sheet_report_em.OBTAIN_SUBSIDIARY_OTHER,PIT_SIDECAR_REGISTERED_LAZY_NOT_MINUTE_EXPANDED,SLOW_XS_LEVEL|SLOW_TEMPORAL_CHANGE|DISCLOSURE_EVENT,NO_FORMAL_SEARCH_IN_THIS_TASK; SOURCE_UNIT_GLOSSARY_NOT_ASSERTED,fundamental_cashflow_sheet,double,NEXT_SESSION_AFTER_MAX_NOTICE_UPDATE,pit_fundamental.level|pit_fundamental.change|pit_fundamental.disclosure_event,ABSENT,,False,37163,222074
cn_source::cash_flow_sheet_report_em::OBTAIN_SUBSIDIARY_OTHER_YOY,cash_flow_sheet_report_em,OBTAIN_SUBSIDIARY_OTHER_YOY,FUNDAMENTAL_CHANGE|DISCLOSURE_EVENT,STOCK_REPORT_PERIOD,REPORT_DATE,NOTICE_DATE,UPDATE_DATE,PIT_SAFE_CURRENT_SNAPSHOT_ONLY,cash_flow_sheet_report_em.OBTAIN_SUBSIDIARY_OTHER_YOY,PIT_SIDECAR_REGISTERED_LAZY_NOT_MINUTE_EXPANDED,SLOW_TEMPORAL_CHANGE|DISCLOSURE_EVENT,NO_FORMAL_SEARCH_IN_THIS_TASK; SOURCE_UNIT_GLOSSARY_NOT_ASSERTED,fundamental_cashflow_sheet,double,NEXT_SESSION_AFTER_MAX_NOTICE_UPDATE,pit_fundamental.change|pit_fundamental.disclosure_event,ABSENT,,False,13384,245853
cn_source::cash_flow_sheet_report_em::OFI_BF_ADD,cash_flow_sheet_report_em,OFI_BF_ADD,FUNDAMENTAL_LEVEL|FUNDAMENTAL_CHANGE|DISCLOSURE_EVENT,STOCK_REPORT_PERIOD,REPORT_DATE,NOTICE_DATE,UPDATE_DATE,PIT_SAFE_CURRENT_SNAPSHOT_ONLY,cash_flow_sheet_report_em.OFI_BF_ADD,PIT_SIDECAR_REGISTERED_LAZY_NOT_MINUTE_EXPANDED,SLOW_XS_LEVEL|SLOW_TEMPORAL_CHANGE|DISCLOSURE_EVENT,NO_FORMAL_SEARCH_IN_THIS_TASK; SOURCE_UNIT_GLOSSARY_NOT_ASSERTED,fundamental_cashflow_sheet,double,NEXT_SESSION_AFTER_MAX_NOTICE_UPDATE,pit_fundamental.level|pit_fundamental.change|pit_fundamental.disclosure_event,ABSENT,,False,3616,255621
cn_source::cash_flow_sheet_report_em::OFI_BF_ADD_YOY,cash_flow_sheet_report_em,OFI_BF_ADD_YOY,FUNDAMENTAL_CHANGE|DISCLOSURE_EVENT,STOCK_REPORT_PERIOD,REPORT_DATE,NOTICE_DATE,UPDATE_DATE,PIT_SAFE_CURRENT_SNAPSHOT_ONLY,cash_flow_sheet_report_em.OFI_BF_ADD_YOY,PIT_SIDECAR_REGISTERED_LAZY_NOT_MINUTE_EXPANDED,SLOW_TEMPORAL_CHANGE|DISCLOSURE_EVENT,NO_FORMAL_SEARCH_IN_THIS_TASK; SOURCE_UNIT_GLOSSARY_NOT_ASSERTED,fundamental_cashflow_sheet,double,NEXT_SESSION_AFTER_MAX_NOTICE_UPDATE,pit_fundamental.change|pit_fundamental.disclosure_event,ABSENT,,False,275,258962
cn_source::cash_flow_sheet_report_em::OILGAS_BIOLOGY_DEPR,cash_flow_sheet_report_em,OILGAS_BIOLOGY_DEPR,FUNDAMENTAL_LEVEL|FUNDAMENTAL_CHANGE|DISCLOSURE_EVENT,STOCK_REPORT_PERIOD,REPORT_DATE,NOTICE_DATE,UPDATE_DATE,PIT_SAFE_CURRENT_SNAPSHOT_ONLY,cash_flow_sheet_report_em.OILGAS_BIOLOGY_DEPR,PIT_SIDECAR_REGISTERED_LAZY_NOT_MINUTE_EXPANDED,SLOW_XS_LEVEL|SLOW_TEMPORAL_CHANGE|DISCLOSURE_EVENT,NO_FORMAL_SEARCH_IN_THIS_TASK; SOURCE_UNIT_GLOSSARY_NOT_ASSERTED,fundamental_cashflow_sheet,double,NEXT_SESSION_AFTER_MAX_NOTICE_UPDATE,pit_fundamental.level|pit_fundamental.change|pit_fundamental.disclosure_event,ABSENT,,False,142443,116794
cn_source::cash_flow_sheet_report_em::OILGAS_BIOLOGY_DEPR_YOY,cash_flow_sheet_report_em,OILGAS_BIOLOGY_DEPR_YOY,FUNDAMENTAL_CHANGE|DISCLOSURE_EVENT,STOCK_REPORT_PERIOD,REPORT_DATE,NOTICE_DATE,UPDATE_DATE,PIT_SAFE_CURRENT_SNAPSHOT_ONLY,cash_flow_sheet_report_em.OILGAS_BIOLOGY_DEPR_YOY,PIT_SIDECAR_REGISTERED_LAZY_NOT_MINUTE_EXPANDED,SLOW_TEMPORAL_CHANGE|DISCLOSURE_EVENT,NO_FORMAL_SEARCH_IN_THIS_TASK; SOURCE_UNIT_GLOSSARY_NOT_ASSERTED,fundamental_cashflow_sheet,double,NEXT_SESSION_AFTER_MAX_NOTICE_UPDATE,pit_fundamental.change|pit_fundamental.disclosure_event,ABSENT,,False,127473,131764
cn_source::cash_flow_sheet_report_em::OPERATE_INFLOW_BALANCE,cash_flow_sheet_report_em,OPERATE_INFLOW_BALANCE,FUNDAMENTAL_LEVEL|FUNDAMENTAL_CHANGE|DISCLOSURE_EVENT,STOCK_REPORT_PERIOD,REPORT_DATE,NOTICE_DATE,UPDATE_DATE,PIT_SAFE_CURRENT_SNAPSHOT_ONLY,cash_flow_sheet_report_em.OPERATE_INFLOW_BALANCE,PIT_SIDECAR_REGISTERED_LAZY_NOT_MINUTE_EXPANDED,SLOW_XS_LEVEL|SLOW_TEMPORAL_CHANGE|DISCLOSURE_EVENT,NO_FORMAL_SEARCH_IN_THIS_TASK; SOURCE_UNIT_GLOSSARY_NOT_ASSERTED,fundamental_cashflow_sheet,double,NEXT_SESSION_AFTER_MAX_NOTICE_UPDATE,pit_fundamental.level|pit_fundamental.change|pit_fundamental.disclosure_event,ABSENT,,False,216295,42942
cn_source::cash_flow_sheet_report_em::OPERATE_INFLOW_BALANCE_YOY,cash_flow_sheet_report_em,OPERATE_INFLOW_BALANCE_YOY,FUNDAMENTAL_CHANGE|DISCLOSURE_EVENT,STOCK_REPORT_PERIOD,REPORT_DATE,NOTICE_DATE,UPDATE_DATE,PIT_SAFE_CURRENT_SNAPSHOT_ONLY,cash_flow_sheet_report_em.OPERATE_INFLOW_BALANCE_YOY,PIT_SIDECAR_REGISTERED_LAZY_NOT_MINUTE_EXPANDED,SLOW_TEMPORAL_CHANGE|DISCLOSURE_EVENT,NO_FORMAL_SEARCH_IN_THIS_TASK; SOURCE_UNIT_GLOSSARY_NOT_ASSERTED,fundamental_cashflow_sheet,double,NEXT_SESSION_AFTER_MAX_NOTICE_UPDATE,pit_fundamental.change|pit_fundamental.disclosure_event,ABSENT,,False,2467,256770
cn_source::cash_flow_sheet_report_em::OPERATE_INFLOW_OTHER,cash_flow_sheet_report_em,OPERATE_INFLOW_OTHER,FUNDAMENTAL_LEVEL|FUNDAMENTAL_CHANGE|DISCLOSURE_EVENT,STOCK_REPORT_PERIOD,REPORT_DATE,NOTICE_DATE,UPDATE_DATE,PIT_SAFE_CURRENT_SNAPSHOT_ONLY,cash_flow_sheet_report_em.OPERATE_INFLOW_OTHER,PIT_SIDECAR_REGISTERED_LAZY_NOT_MINUTE_EXPANDED,SLOW_XS_LEVEL|SLOW_TEMPORAL_CHANGE|DISCLOSURE_EVENT,NO_FORMAL_SEARCH_IN_THIS_TASK; SOURCE_UNIT_GLOSSARY_NOT_ASSERTED,fundamental_cashflow_sheet,double,NEXT_SESSION_AFTER_MAX_NOTICE_UPDATE,pit_fundamental.level|pit_fundamental.change|pit_fundamental.disclosure_event,ABSENT,,False,59112,200125
cn_source::cash_flow_sheet_report_em::OPERATE_INFLOW_OTHER_YOY,cash_flow_sheet_report_em,OPERATE_INFLOW_OTHER_YOY,FUNDAMENTAL_CHANGE|DISCLOSURE_EVENT,STOCK_REPORT_PERIOD,REPORT_DATE,NOTICE_DATE,UPDATE_DATE,PIT_SAFE_CURRENT_SNAPSHOT_ONLY,cash_flow_sheet_report_em.OPERATE_INFLOW_OTHER_YOY,PIT_SIDECAR_REGISTERED_LAZY_NOT_MINUTE_EXPANDED,SLOW_TEMPORAL_CHANGE|DISCLOSURE_EVENT,NO_FORMAL_SEARCH_IN_THIS_TASK; SOURCE_UNIT_GLOSSARY_NOT_ASSERTED,fundamental_cashflow_sheet,double,NEXT_SESSION_AFTER_MAX_NOTICE_UPDATE,pit_fundamental.change|pit_fundamental.disclosure_event,ABSENT,,False,1904,257333
cn_source::cash_flow_sheet_report_em::OPERATE_NETCASH_BALANCE,cash_flow_sheet_report_em,OPERATE_NETCASH_BALANCE,FUNDAMENTAL_LEVEL|FUNDAMENTAL_CHANGE|DISCLOSURE_EVENT,STOCK_REPORT_PERIOD,REPORT_DATE,NOTICE_DATE,UPDATE_DATE,PIT_SAFE_CURRENT_SNAPSHOT_ONLY,cash_flow_sheet_report_em.OPERATE_NETCASH_BALANCE,PIT_SIDECAR_REGISTERED_LAZY_NOT_MINUTE_EXPANDED,SLOW_XS_LEVEL|SLOW_TEMPORAL_CHANGE|DISCLOSURE_EVENT,NO_FORMAL_SEARCH_IN_THIS_TASK; SOURCE_UNIT_GLOSSARY_NOT_ASSERTED,fundamental_cashflow_sheet,double,NEXT_SESSION_AFTER_MAX_NOTICE_UPDATE,pit_fundamental.level|pit_fundamental.change|pit_fundamental.disclosure_event,ABSENT,,False,216398,42839
cn_source::cash_flow_sheet_report_em::OPERATE_NETCASH_BALANCENOTE,cash_flow_sheet_report_em,OPERATE_NETCASH_BALANCENOTE,FUNDAMENTAL_LEVEL|FUNDAMENTAL_CHANGE|DISCLOSURE_EVENT,STOCK_REPORT_PERIOD,REPORT_DATE,NOTICE_DATE,UPDATE_DATE,PIT_SAFE_CURRENT_SNAPSHOT_ONLY,cash_flow_sheet_report_em.OPERATE_NETCASH_BALANCENOTE,PIT_SIDECAR_REGISTERED_LAZY_NOT_MINUTE_EXPANDED,SLOW_XS_LEVEL|SLOW_TEMPORAL_CHANGE|DISCLOSURE_EVENT,NO_FORMAL_SEARCH_IN_THIS_TASK; SOURCE_UNIT_GLOSSARY_NOT_ASSERTED,fundamental_cashflow_sheet,double,NEXT_SESSION_AFTER_MAX_NOTICE_UPDATE,pit_fundamental.level|pit_fundamental.change|pit_fundamental.disclosure_event,ABSENT,,False,121868,137369
cn_source::cash_flow_sheet_report_em::OPERATE_NETCASH_BALANCENOTE_YOY,cash_flow_sheet_report_em,OPERATE_NETCASH_BALANCENOTE_YOY,FUNDAMENTAL_CHANGE|DISCLOSURE_EVENT,STOCK_REPORT_PERIOD,REPORT_DATE,NOTICE_DATE,UPDATE_DATE,PIT_SAFE_CURRENT_SNAPSHOT_ONLY,cash_flow_sheet_report_em.OPERATE_NETCASH_BALANCENOTE_YOY,PIT_SIDECAR_REGISTERED_LAZY_NOT_MINUTE_EXPANDED,SLOW_TEMPORAL_CHANGE|DISCLOSURE_EVENT,NO_FORMAL_SEARCH_IN_THIS_TASK; SOURCE_UNIT_GLOSSARY_NOT_ASSERTED,fundamental_cashflow_sheet,double,NEXT_SESSION_AFTER_MAX_NOTICE_UPDATE,pit_fundamental.change|pit_fundamental.disclosure_event,ABSENT,,False,7368,251869
cn_source::cash_flow_sheet_report_em::OPERATE_NETCASH_BALANCE_YOY,cash_flow_sheet_report_em,OPERATE_NETCASH_BALANCE_YOY,FUNDAMENTAL_CHANGE|DISCLOSURE_EVENT,STOCK_REPORT_PERIOD,REPORT_DATE,NOTICE_DATE,UPDATE_DATE,PIT_SAFE_CURRENT_SNAPSHOT_ONLY,cash_flow_sheet_report_em.OPERATE_NETCASH_BALANCE_YOY,PIT_SIDECAR_REGISTERED_LAZY_NOT_MINUTE_EXPANDED,SLOW_TEMPORAL_CHANGE|DISCLOSURE_EVENT,NO_FORMAL_SEARCH_IN_THIS_TASK; SOURCE_UNIT_GLOSSARY_NOT_ASSERTED,fundamental_cashflow_sheet,double,NEXT_SESSION_AFTER_MAX_NOTICE_UPDATE,pit_fundamental.change|pit_fundamental.disclosure_event,ABSENT,,False,715,258522
cn_source::cash_flow_sheet_report_em::OPERATE_NETCASH_OTHER,cash_flow_sheet_report_em,OPERATE_NETCASH_OTHER,FUNDAMENTAL_LEVEL|FUNDAMENTAL_CHANGE|DISCLOSURE_EVENT,STOCK_REPORT_PERIOD,REPORT_DATE,NOTICE_DATE,UPDATE_DATE,PIT_SAFE_CURRENT_SNAPSHOT_ONLY,cash_flow_sheet_report_em.OPERATE_NETCASH_OTHER,PIT_SIDECAR_REGISTERED_LAZY_NOT_MINUTE_EXPANDED,SLOW_XS_LEVEL|SLOW_TEMPORAL_CHANGE|DISCLOSURE_EVENT,NO_FORMAL_SEARCH_IN_THIS_TASK; SOURCE_UNIT_GLOSSARY_NOT_ASSERTED,fundamental_cashflow_sheet,double,NEXT_SESSION_AFTER_MAX_NOTICE_UPDATE,pit_fundamental.level|pit_fundamental.change|pit_fundamental.disclosure_event,ABSENT,,False,20050,239187
cn_source::cash_flow_sheet_report_em::OPERATE_NETCASH_OTHERNOTE,cash_flow_sheet_report_em,OPERATE_NETCASH_OTHERNOTE,FUNDAMENTAL_LEVEL|FUNDAMENTAL_CHANGE|DISCLOSURE_EVENT,STOCK_REPORT_PERIOD,REPORT_DATE,NOTICE_DATE,UPDATE_DATE,PIT_SAFE_CURRENT_SNAPSHOT_ONLY,cash_flow_sheet_report_em.OPERATE_NETCASH_OTHERNOTE,PIT_SIDECAR_REGISTERED_LAZY_NOT_MINUTE_EXPANDED,SLOW_XS_LEVEL|SLOW_TEMPORAL_CHANGE|DISCLOSURE_EVENT,NO_FORMAL_SEARCH_IN_THIS_TASK; SOURCE_UNIT_GLOSSARY_NOT_ASSERTED,fundamental_cashflow_sheet,double,NEXT_SESSION_AFTER_MAX_NOTICE_UPDATE,pit_fundamental.level|pit_fundamental.change|pit_fundamental.disclosure_event,ABSENT,,False,35343,223894
cn_source::cash_flow_sheet_report_em::OPERATE_NETCASH_OTHERNOTE_YOY,cash_flow_sheet_report_em,OPERATE_NETCASH_OTHERNOTE_YOY,FUNDAMENTAL_CHANGE|DISCLOSURE_EVENT,STOCK_REPORT_PERIOD,REPORT_DATE,NOTICE_DATE,UPDATE_DATE,PIT_SAFE_CURRENT_SNAPSHOT_ONLY,cash_flow_sheet_report_em.OPERATE_NETCASH_OTHERNOTE_YOY,PIT_SIDECAR_REGISTERED_LAZY_NOT_MINUTE_EXPANDED,SLOW_TEMPORAL_CHANGE|DISCLOSURE_EVENT,NO_FORMAL_SEARCH_IN_THIS_TASK; SOURCE_UNIT_GLOSSARY_NOT_ASSERTED,fundamental_cashflow_sheet,double,NEXT_SESSION_AFTER_MAX_NOTICE_UPDATE,pit_fundamental.change|pit_fundamental.disclosure_event,ABSENT,,False,3336,255901
cn_source::cash_flow_sheet_report_em::OPERATE_NETCASH_OTHER_YOY,cash_flow_sheet_report_em,OPERATE_NETCASH_OTHER_YOY,FUNDAMENTAL_CHANGE|DISCLOSURE_EVENT,STOCK_REPORT_PERIOD,REPORT_DATE,NOTICE_DATE,UPDATE_DATE,PIT_SAFE_CURRENT_SNAPSHOT_ONLY,cash_flow_sheet_report_em.OPERATE_NETCASH_OTHER_YOY,PIT_SIDECAR_REGISTERED_LAZY_NOT_MINUTE_EXPANDED,SLOW_TEMPORAL_CHANGE|DISCLOSURE_EVENT,NO_FORMAL_SEARCH_IN_THIS_TASK; SOURCE_UNIT_GLOSSARY_NOT_ASSERTED,fundamental_cashflow_sheet,double,NEXT_SESSION_AFTER_MAX_NOTICE_UPDATE,pit_fundamental.change|pit_fundamental.disclosure_event,ABSENT,,False,2,259235
cn_source::cash_flow_sheet_report_em::OPERATE_OUTFLOW_BALANCE,cash_flow_sheet_report_em,OPERATE_OUTFLOW_BALANCE,FUNDAMENTAL_LEVEL|FUNDAMENTAL_CHANGE|DISCLOSURE_EVENT,STOCK_REPORT_PERIOD,REPORT_DATE,NOTICE_DATE,UPDATE_DATE,PIT_SAFE_CURRENT_SNAPSHOT_ONLY,cash_flow_sheet_report_em.OPERATE_OUTFLOW_BALANCE,PIT_SIDECAR_REGISTERED_LAZY_NOT_MINUTE_EXPANDED,SLOW_XS_LEVEL|SLOW_TEMPORAL_CHANGE|DISCLOSURE_EVENT,NO_FORMAL_SEARCH_IN_THIS_TASK; SOURCE_UNIT_GLOSSARY_NOT_ASSERTED,fundamental_cashflow_sheet,double,NEXT_SESSION_AFTER_MAX_NOTICE_UPDATE,pit_fundamental.level|pit_fundamental.change|pit_fundamental.disclosure_event,ABSENT,,False,216369,42868
cn_source::cash_flow_sheet_report_em::OPERATE_OUTFLOW_BALANCE_YOY,cash_flow_sheet_report_em,OPERATE_OUTFLOW_BALANCE_YOY,FUNDAMENTAL_CHANGE|DISCLOSURE_EVENT,STOCK_REPORT_PERIOD,REPORT_DATE,NOTICE_DATE,UPDATE_DATE,PIT_SAFE_CURRENT_SNAPSHOT_ONLY,cash_flow_sheet_report_em.OPERATE_OUTFLOW_BALANCE_YOY,PIT_SIDECAR_REGISTERED_LAZY_NOT_MINUTE_EXPANDED,SLOW_TEMPORAL_CHANGE|DISCLOSURE_EVENT,NO_FORMAL_SEARCH_IN_THIS_TASK; SOURCE_UNIT_GLOSSARY_NOT_ASSERTED,fundamental_cashflow_sheet,double,NEXT_SESSION_AFTER_MAX_NOTICE_UPDATE,pit_fundamental.change|pit_fundamental.disclosure_event,ABSENT,,False,2798,256439
cn_source::cash_flow_sheet_report_em::OPERATE_OUTFLOW_OTHER,cash_flow_sheet_report_em,OPERATE_OUTFLOW_OTHER,FUNDAMENTAL_LEVEL|FUNDAMENTAL_CHANGE|DISCLOSURE_EVENT,STOCK_REPORT_PERIOD,REPORT_DATE,NOTICE_DATE,UPDATE_DATE,PIT_SAFE_CURRENT_SNAPSHOT_ONLY,cash_flow_sheet_report_em.OPERATE_OUTFLOW_OTHER,PIT_SIDECAR_REGISTERED_LAZY_NOT_MINUTE_EXPANDED,SLOW_XS_LEVEL|SLOW_TEMPORAL_CHANGE|DISCLOSURE_EVENT,NO_FORMAL_SEARCH_IN_THIS_TASK; SOURCE_UNIT_GLOSSARY_NOT_ASSERTED,fundamental_cashflow_sheet,double,NEXT_SESSION_AFTER_MAX_NOTICE_UPDATE,pit_fundamental.level|pit_fundamental.change|pit_fundamental.disclosure_event,ABSENT,,False,59516,199721
cn_source::cash_flow_sheet_report_em::OPERATE_OUTFLOW_OTHER_YOY,cash_flow_sheet_report_em,OPERATE_OUTFLOW_OTHER_YOY,FUNDAMENTAL_CHANGE|DISCLOSURE_EVENT,STOCK_REPORT_PERIOD,REPORT_DATE,NOTICE_DATE,UPDATE_DATE,PIT_SAFE_CURRENT_SNAPSHOT_ONLY,cash_flow_sheet_report_em.OPERATE_OUTFLOW_OTHER_YOY,PIT_SIDECAR_REGISTERED_LAZY_NOT_MINUTE_EXPANDED,SLOW_TEMPORAL_CHANGE|DISCLOSURE_EVENT,NO_FORMAL_SEARCH_IN_THIS_TASK; SOURCE_UNIT_GLOSSARY_NOT_ASSERTED,fundamental_cashflow_sheet,double,NEXT_SESSION_AFTER_MAX_NOTICE_UPDATE,pit_fundamental.change|pit_fundamental.disclosure_event,ABSENT,,False,2380,256857
cn_source::cash_flow_sheet_report_em::OPERATE_PAYABLE_ADD,cash_flow_sheet_report_em,OPERATE_PAYABLE_ADD,FUNDAMENTAL_LEVEL|FUNDAMENTAL_CHANGE|DISCLOSURE_EVENT,STOCK_REPORT_PERIOD,REPORT_DATE,NOTICE_DATE,UPDATE_DATE,PIT_SAFE_CURRENT_SNAPSHOT_ONLY,cash_flow_sheet_report_em.OPERATE_PAYABLE_ADD,PIT_SIDECAR_REGISTERED_LAZY_NOT_MINUTE_EXPANDED,SLOW_XS_LEVEL|SLOW_TEMPORAL_CHANGE|DISCLOSURE_EVENT,NO_FORMAL_SEARCH_IN_THIS_TASK; SOURCE_UNIT_GLOSSARY_NOT_ASSERTED,fundamental_cashflow_sheet,double,NEXT_SESSION_AFTER_MAX_NOTICE_UPDATE,pit_fundamental.level|pit_fundamental.change|pit_fundamental.disclosure_event,ABSENT,,False,145195,114042
cn_source::cash_flow_sheet_report_em::OPERATE_PAYABLE_ADD_YOY,cash_flow_sheet_report_em,OPERATE_PAYABLE_ADD_YOY,FUNDAMENTAL_CHANGE|DISCLOSURE_EVENT,STOCK_REPORT_PERIOD,REPORT_DATE,NOTICE_DATE,UPDATE_DATE,PIT_SAFE_CURRENT_SNAPSHOT_ONLY,cash_flow_sheet_report_em.OPERATE_PAYABLE_ADD_YOY,PIT_SIDECAR_REGISTERED_LAZY_NOT_MINUTE_EXPANDED,SLOW_TEMPORAL_CHANGE|DISCLOSURE_EVENT,NO_FORMAL_SEARCH_IN_THIS_TASK; SOURCE_UNIT_GLOSSARY_NOT_ASSERTED,fundamental_cashflow_sheet,double,NEXT_SESSION_AFTER_MAX_NOTICE_UPDATE,pit_fundamental.change|pit_fundamental.disclosure_event,ABSENT,,False,130169,129068
cn_source::cash_flow_sheet_report_em::OPERATE_RECE_REDUCE,cash_flow_sheet_report_em,OPERATE_RECE_REDUCE,FUNDAMENTAL_LEVEL|FUNDAMENTAL_CHANGE|DISCLOSURE_EVENT,STOCK_REPORT_PERIOD,REPORT_DATE,NOTICE_DATE,UPDATE_DATE,PIT_SAFE_CURRENT_SNAPSHOT_ONLY,cash_flow_sheet_report_em.OPERATE_RECE_REDUCE,PIT_SIDECAR_REGISTERED_LAZY_NOT_MINUTE_EXPANDED,SLOW_XS_LEVEL|SLOW_TEMPORAL_CHANGE|DISCLOSURE_EVENT,NO_FORMAL_SEARCH_IN_THIS_TASK; SOURCE_UNIT_GLOSSARY_NOT_ASSERTED,fundamental_cashflow_sheet,double,NEXT_SESSION_AFTER_MAX_NOTICE_UPDATE,pit_fundamental.level|pit_fundamental.change|pit_fundamental.disclosure_event,ABSENT,,False,145214,114023
cn_source::cash_flow_sheet_report_em::OPERATE_RECE_REDUCE_YOY,cash_flow_sheet_report_em,OPERATE_RECE_REDUCE_YOY,FUNDAMENTAL_CHANGE|DISCLOSURE_EVENT,STOCK_REPORT_PERIOD,REPORT_DATE,NOTICE_DATE,UPDATE_DATE,PIT_SAFE_CURRENT_SNAPSHOT_ONLY,cash_flow_sheet_report_em.OPERATE_RECE_REDUCE_YOY,PIT_SIDECAR_REGISTERED_LAZY_NOT_MINUTE_EXPANDED,SLOW_TEMPORAL_CHANGE|DISCLOSURE_EVENT,NO_FORMAL_SEARCH_IN_THIS_TASK; SOURCE_UNIT_GLOSSARY_NOT_ASSERTED,fundamental_cashflow_sheet,double,NEXT_SESSION_AFTER_MAX_NOTICE_UPDATE,pit_fundamental.change|pit_fundamental.disclosure_event,ABSENT,,False,130195,129042
cn_source::cash_flow_sheet_report_em::OPINION_TYPE,cash_flow_sheet_report_em,OPINION_TYPE,METADATA_BLOCKED,STOCK_REPORT_PERIOD,REPORT_DATE,NOTICE_DATE,UPDATE_DATE,PIT_SAFE_CURRENT_SNAPSHOT_ONLY,cash_flow_sheet_report_em.OPINION_TYPE,SOURCE_METADATA_SIDECAR_ONLY,BLOCKED,METADATA_NOT_SEARCHABLE,fundamental_cashflow_sheet,string,NEXT_SESSION_AFTER_MAX_NOTICE_UPDATE,,ABSENT,,False,83574,175663
cn_source::cash_flow_sheet_report_em::ORG_CODE,cash_flow_sheet_report_em,ORG_CODE,METADATA_BLOCKED,STOCK_REPORT_PERIOD,REPORT_DATE,NOTICE_DATE,UPDATE_DATE,PIT_SAFE_CURRENT_SNAPSHOT_ONLY,cash_flow_sheet_report_em.ORG_CODE,SOURCE_METADATA_SIDECAR_ONLY,BLOCKED,METADATA_NOT_SEARCHABLE,fundamental_cashflow_sheet,string,NEXT_SESSION_AFTER_MAX_NOTICE_UPDATE,,ABSENT,,False,259237,0
cn_source::cash_flow_sheet_report_em::ORG_TYPE,cash_flow_sheet_report_em,ORG_TYPE,METADATA_BLOCKED,STOCK_REPORT_PERIOD,REPORT_DATE,NOTICE_DATE,UPDATE_DATE,PIT_SAFE_CURRENT_SNAPSHOT_ONLY,cash_flow_sheet_report_em.ORG_TYPE,SOURCE_METADATA_SIDECAR_ONLY,BLOCKED,METADATA_NOT_SEARCHABLE,fundamental_cashflow_sheet,string,NEXT_SESSION_AFTER_MAX_NOTICE_UPDATE,,ABSENT,,False,259237,0
cn_source::cash_flow_sheet_report_em::OSOPINION_TYPE,cash_flow_sheet_report_em,OSOPINION_TYPE,METADATA_BLOCKED,STOCK_REPORT_PERIOD,REPORT_DATE,NOTICE_DATE,UPDATE_DATE,PIT_SAFE_CURRENT_SNAPSHOT_ONLY,cash_flow_sheet_report_em.OSOPINION_TYPE,SOURCE_METADATA_SIDECAR_ONLY,BLOCKED,METADATA_NOT_SEARCHABLE,fundamental_cashflow_sheet,string,NEXT_SESSION_AFTER_MAX_NOTICE_UPDATE,,ABSENT,,False,35,259202
cn_source::cash_flow_sheet_report_em::OTHER,cash_flow_sheet_report_em,OTHER,FUNDAMENTAL_LEVEL|FUNDAMENTAL_CHANGE|DISCLOSURE_EVENT,STOCK_REPORT_PERIOD,REPORT_DATE,NOTICE_DATE,UPDATE_DATE,PIT_SAFE_CURRENT_SNAPSHOT_ONLY,cash_flow_sheet_report_em.OTHER,PIT_SIDECAR_REGISTERED_LAZY_NOT_MINUTE_EXPANDED,SLOW_XS_LEVEL|SLOW_TEMPORAL_CHANGE|DISCLOSURE_EVENT,NO_FORMAL_SEARCH_IN_THIS_TASK; SOURCE_UNIT_GLOSSARY_NOT_ASSERTED,fundamental_cashflow_sheet,double,NEXT_SESSION_AFTER_MAX_NOTICE_UPDATE,pit_fundamental.level|pit_fundamental.change|pit_fundamental.disclosure_event,ABSENT,,False,52718,206519
cn_source::cash_flow_sheet_report_em::OTHERFINTOOL_ADD,cash_flow_sheet_report_em,OTHERFINTOOL_ADD,FUNDAMENTAL_LEVEL|FUNDAMENTAL_CHANGE|DISCLOSURE_EVENT,STOCK_REPORT_PERIOD,REPORT_DATE,NOTICE_DATE,UPDATE_DATE,PIT_SAFE_CURRENT_SNAPSHOT_ONLY,cash_flow_sheet_report_em.OTHERFINTOOL_ADD,PIT_SIDECAR_REGISTERED_LAZY_NOT_MINUTE_EXPANDED,SLOW_XS_LEVEL|SLOW_TEMPORAL_CHANGE|DISCLOSURE_EVENT,NO_FORMAL_SEARCH_IN_THIS_TASK; SOURCE_UNIT_GLOSSARY_NOT_ASSERTED,fundamental_cashflow_sheet,double,NEXT_SESSION_AFTER_MAX_NOTICE_UPDATE,pit_fundamental.level|pit_fundamental.change|pit_fundamental.disclosure_event,ABSENT,,False,445,258792
cn_source::cash_flow_sheet_report_em::OTHERFINTOOL_ADD_YOY,cash_flow_sheet_report_em,OTHERFINTOOL_ADD_YOY,FUNDAMENTAL_CHANGE|DISCLOSURE_EVENT,STOCK_REPORT_PERIOD,REPORT_DATE,NOTICE_DATE,UPDATE_DATE,PIT_SAFE_CURRENT_SNAPSHOT_ONLY,cash_flow_sheet_report_em.OTHERFINTOOL_ADD_YOY,PIT_SIDECAR_REGISTERED_LAZY_NOT_MINUTE_EXPANDED,SLOW_TEMPORAL_CHANGE|DISCLOSURE_EVENT,NO_FORMAL_SEARCH_IN_THIS_TASK; SOURCE_UNIT_GLOSSARY_NOT_ASSERTED,fundamental_cashflow_sheet,double,NEXT_SESSION_AFTER_MAX_NOTICE_UPDATE,pit_fundamental.change|pit_fundamental.disclosure_event,ABSENT,,False,15,259222
cn_source::cash_flow_sheet_report_em::OTHERFINTOOL_REDUCE,cash_flow_sheet_report_em,OTHERFINTOOL_REDUCE,FUNDAMENTAL_LEVEL|FUNDAMENTAL_CHANGE|DISCLOSURE_EVENT,STOCK_REPORT_PERIOD,REPORT_DATE,NOTICE_DATE,UPDATE_DATE,PIT_SAFE_CURRENT_SNAPSHOT_ONLY,cash_flow_sheet_report_em.OTHERFINTOOL_REDUCE,PIT_SIDECAR_REGISTERED_LAZY_NOT_MINUTE_EXPANDED,SLOW_XS_LEVEL|SLOW_TEMPORAL_CHANGE|DISCLOSURE_EVENT,NO_FORMAL_SEARCH_IN_THIS_TASK; SOURCE_UNIT_GLOSSARY_NOT_ASSERTED,fundamental_cashflow_sheet,double,NEXT_SESSION_AFTER_MAX_NOTICE_UPDATE,pit_fundamental.level|pit_fundamental.change|pit_fundamental.disclosure_event,ABSENT,,False,314,258923
cn_source::cash_flow_sheet_report_em::OTHERFINTOOL_REDUCE_YOY,cash_flow_sheet_report_em,OTHERFINTOOL_REDUCE_YOY,FUNDAMENTAL_CHANGE|DISCLOSURE_EVENT,STOCK_REPORT_PERIOD,REPORT_DATE,NOTICE_DATE,UPDATE_DATE,PIT_SAFE_CURRENT_SNAPSHOT_ONLY,cash_flow_sheet_report_em.OTHERFINTOOL_REDUCE_YOY,PIT_SIDECAR_REGISTERED_LAZY_NOT_MINUTE_EXPANDED,SLOW_TEMPORAL_CHANGE|DISCLOSURE_EVENT,NO_FORMAL_SEARCH_IN_THIS_TASK; SOURCE_UNIT_GLOSSARY_NOT_ASSERTED,fundamental_cashflow_sheet,double,NEXT_SESSION_AFTER_MAX_NOTICE_UPDATE,pit_fundamental.change|pit_fundamental.disclosure_event,ABSENT,,False,27,259210
cn_source::cash_flow_sheet_report_em::OTHER_ASSET_IMPAIRMENT,cash_flow_sheet_report_em,OTHER_ASSET_IMPAIRMENT,FUNDAMENTAL_LEVEL|FUNDAMENTAL_CHANGE|DISCLOSURE_EVENT,STOCK_REPORT_PERIOD,REPORT_DATE,NOTICE_DATE,UPDATE_DATE,PIT_SAFE_CURRENT_SNAPSHOT_ONLY,cash_flow_sheet_report_em.OTHER_ASSET_IMPAIRMENT,PIT_SIDECAR_REGISTERED_LAZY_NOT_MINUTE_EXPANDED,SLOW_XS_LEVEL|SLOW_TEMPORAL_CHANGE|DISCLOSURE_EVENT,NO_FORMAL_SEARCH_IN_THIS_TASK; SOURCE_UNIT_GLOSSARY_NOT_ASSERTED,fundamental_cashflow_sheet,double,NEXT_SESSION_AFTER_MAX_NOTICE_UPDATE,pit_fundamental.level|pit_fundamental.change|pit_fundamental.disclosure_event,ABSENT,,False,154,259083
cn_source::cash_flow_sheet_report_em::OTHER_ASSET_IMPAIRMENT_YOY,cash_flow_sheet_report_em,OTHER_ASSET_IMPAIRMENT_YOY,FUNDAMENTAL_CHANGE|DISCLOSURE_EVENT,STOCK_REPORT_PERIOD,REPORT_DATE,NOTICE_DATE,UPDATE_DATE,PIT_SAFE_CURRENT_SNAPSHOT_ONLY,cash_flow_sheet_report_em.OTHER_ASSET_IMPAIRMENT_YOY,PIT_SIDECAR_REGISTERED_LAZY_NOT_MINUTE_EXPANDED,SLOW_TEMPORAL_CHANGE|DISCLOSURE_EVENT,NO_FORMAL_SEARCH_IN_THIS_TASK; SOURCE_UNIT_GLOSSARY_NOT_ASSERTED,fundamental_cashflow_sheet,double,NEXT_SESSION_AFTER_MAX_NOTICE_UPDATE,pit_fundamental.change|pit_fundamental.disclosure_event,ABSENT,,False,55,259182
cn_source::cash_flow_sheet_report_em::OTHER_YOY,cash_flow_sheet_report_em,OTHER_YOY,FUNDAMENTAL_CHANGE|DISCLOSURE_EVENT,STOCK_REPORT_PERIOD,REPORT_DATE,NOTICE_DATE,UPDATE_DATE,PIT_SAFE_CURRENT_SNAPSHOT_ONLY,cash_flow_sheet_report_em.OTHER_YOY,PIT_SIDECAR_REGISTERED_LAZY_NOT_MINUTE_EXPANDED,SLOW_TEMPORAL_CHANGE|DISCLOSURE_EVENT,NO_FORMAL_SEARCH_IN_THIS_TASK; SOURCE_UNIT_GLOSSARY_NOT_ASSERTED,fundamental_cashflow_sheet,double,NEXT_SESSION_AFTER_MAX_NOTICE_UPDATE,pit_fundamental.change|pit_fundamental.disclosure_event,ABSENT,,False,33437,225800
cn_source::cash_flow_sheet_report_em::PAY_AGENT_TRADE,cash_flow_sheet_report_em,PAY_AGENT_TRADE,FUNDAMENTAL_LEVEL|FUNDAMENTAL_CHANGE|DISCLOSURE_EVENT,STOCK_REPORT_PERIOD,REPORT_DATE,NOTICE_DATE,UPDATE_DATE,PIT_SAFE_CURRENT_SNAPSHOT_ONLY,cash_flow_sheet_report_em.PAY_AGENT_TRADE,PIT_SIDECAR_REGISTERED_LAZY_NOT_MINUTE_EXPANDED,SLOW_XS_LEVEL|SLOW_TEMPORAL_CHANGE|DISCLOSURE_EVENT,NO_FORMAL_SEARCH_IN_THIS_TASK; SOURCE_UNIT_GLOSSARY_NOT_ASSERTED,fundamental_cashflow_sheet,double,NEXT_SESSION_AFTER_MAX_NOTICE_UPDATE,pit_fundamental.level|pit_fundamental.change|pit_fundamental.disclosure_event,ABSENT,,False,920,258317
cn_source::cash_flow_sheet_report_em::PAY_AGENT_TRADE_YOY,cash_flow_sheet_report_em,PAY_AGENT_TRADE_YOY,FUNDAMENTAL_CHANGE|DISCLOSURE_EVENT,STOCK_REPORT_PERIOD,REPORT_DATE,NOTICE_DATE,UPDATE_DATE,PIT_SAFE_CURRENT_SNAPSHOT_ONLY,cash_flow_sheet_report_em.PAY_AGENT_TRADE_YOY,PIT_SIDECAR_REGISTERED_LAZY_NOT_MINUTE_EXPANDED,SLOW_TEMPORAL_CHANGE|DISCLOSURE_EVENT,NO_FORMAL_SEARCH_IN_THIS_TASK; SOURCE_UNIT_GLOSSARY_NOT_ASSERTED,fundamental_cashflow_sheet,double,NEXT_SESSION_AFTER_MAX_NOTICE_UPDATE,pit_fundamental.change|pit_fundamental.disclosure_event,ABSENT,,False,410,258827
cn_source::cash_flow_sheet_report_em::PAY_ALL_TAX,cash_flow_sheet_report_em,PAY_ALL_TAX,FUNDAMENTAL_LEVEL|FUNDAMENTAL_CHANGE|DISCLOSURE_EVENT,STOCK_REPORT_PERIOD,REPORT_DATE,NOTICE_DATE,UPDATE_DATE,PIT_SAFE_CURRENT_SNAPSHOT_ONLY,cash_flow_sheet_report_em.PAY_ALL_TAX,PIT_SIDECAR_REGISTERED_LAZY_NOT_MINUTE_EXPANDED,SLOW_XS_LEVEL|SLOW_TEMPORAL_CHANGE|DISCLOSURE_EVENT,NO_FORMAL_SEARCH_IN_THIS_TASK; SOURCE_UNIT_GLOSSARY_NOT_ASSERTED,fundamental_cashflow_sheet,double,NEXT_SESSION_AFTER_MAX_NOTICE_UPDATE,pit_fundamental.level|pit_fundamental.change|pit_fundamental.disclosure_event,ABSENT,,False,257586,1651
cn_source::cash_flow_sheet_report_em::PAY_ALL_TAX_YOY,cash_flow_sheet_report_em,PAY_ALL_TAX_YOY,FUNDAMENTAL_CHANGE|DISCLOSURE_EVENT,STOCK_REPORT_PERIOD,REPORT_DATE,NOTICE_DATE,UPDATE_DATE,PIT_SAFE_CURRENT_SNAPSHOT_ONLY,cash_flow_sheet_report_em.PAY_ALL_TAX_YOY,PIT_SIDECAR_REGISTERED_LAZY_NOT_MINUTE_EXPANDED,SLOW_TEMPORAL_CHANGE|DISCLOSURE_EVENT,NO_FORMAL_SEARCH_IN_THIS_TASK; SOURCE_UNIT_GLOSSARY_NOT_ASSERTED,fundamental_cashflow_sheet,double,NEXT_SESSION_AFTER_MAX_NOTICE_UPDATE,pit_fundamental.change|pit_fundamental.disclosure_event,ABSENT,,False,235774,23463
cn_source::cash_flow_sheet_report_em::PAY_BOND_INTEREST,cash_flow_sheet_report_em,PAY_BOND_INTEREST,FUNDAMENTAL_LEVEL|FUNDAMENTAL_CHANGE|DISCLOSURE_EVENT,STOCK_REPORT_PERIOD,REPORT_DATE,NOTICE_DATE,UPDATE_DATE,PIT_SAFE_CURRENT_SNAPSHOT_ONLY,cash_flow_sheet_report_em.PAY_BOND_INTEREST,PIT_SIDECAR_REGISTERED_LAZY_NOT_MINUTE_EXPANDED,SLOW_XS_LEVEL|SLOW_TEMPORAL_CHANGE|DISCLOSURE_EVENT,NO_FORMAL_SEARCH_IN_THIS_TASK; SOURCE_UNIT_GLOSSARY_NOT_ASSERTED,fundamental_cashflow_sheet,double,NEXT_SESSION_AFTER_MAX_NOTICE_UPDATE,pit_fundamental.level|pit_fundamental.change|pit_fundamental.disclosure_event,ABSENT,,False,575,258662
cn_source::cash_flow_sheet_report_em::PAY_BOND_INTEREST_YOY,cash_flow_sheet_report_em,PAY_BOND_INTEREST_YOY,FUNDAMENTAL_CHANGE|DISCLOSURE_EVENT,STOCK_REPORT_PERIOD,REPORT_DATE,NOTICE_DATE,UPDATE_DATE,PIT_SAFE_CURRENT_SNAPSHOT_ONLY,cash_flow_sheet_report_em.PAY_BOND_INTEREST_YOY,PIT_SIDECAR_REGISTERED_LAZY_NOT_MINUTE_EXPANDED,SLOW_TEMPORAL_CHANGE|DISCLOSURE_EVENT,NO_FORMAL_SEARCH_IN_THIS_TASK; SOURCE_UNIT_GLOSSARY_NOT_ASSERTED,fundamental_cashflow_sheet,double,NEXT_SESSION_AFTER_MAX_NOTICE_UPDATE,pit_fundamental.change|pit_fundamental.disclosure_event,ABSENT,,False,487,258750
cn_source::cash_flow_sheet_report_em::PAY_BUY_RESALE,cash_flow_sheet_report_em,PAY_BUY_RESALE,FUNDAMENTAL_LEVEL|FUNDAMENTAL_CHANGE|DISCLOSURE_EVENT,STOCK_REPORT_PERIOD,REPORT_DATE,NOTICE_DATE,UPDATE_DATE,PIT_SAFE_CURRENT_SNAPSHOT_ONLY,cash_flow_sheet_report_em.PAY_BUY_RESALE,PIT_SIDECAR_REGISTERED_LAZY_NOT_MINUTE_EXPANDED,SLOW_XS_LEVEL|SLOW_TEMPORAL_CHANGE|DISCLOSURE_EVENT,NO_FORMAL_SEARCH_IN_THIS_TASK; SOURCE_UNIT_GLOSSARY_NOT_ASSERTED,fundamental_cashflow_sheet,double,NEXT_SESSION_AFTER_MAX_NOTICE_UPDATE,pit_fundamental.level|pit_fundamental.change|pit_fundamental.disclosure_event,ABSENT,,False,337,258900
cn_source::cash_flow_sheet_report_em::PAY_BUY_RESALE_YOY,cash_flow_sheet_report_em,PAY_BUY_RESALE_YOY,FUNDAMENTAL_CHANGE|DISCLOSURE_EVENT,STOCK_REPORT_PERIOD,REPORT_DATE,NOTICE_DATE,UPDATE_DATE,PIT_SAFE_CURRENT_SNAPSHOT_ONLY,cash_flow_sheet_report_em.PAY_BUY_RESALE_YOY,PIT_SIDECAR_REGISTERED_LAZY_NOT_MINUTE_EXPANDED,SLOW_TEMPORAL_CHANGE|DISCLOSURE_EVENT,NO_FORMAL_SEARCH_IN_THIS_TASK; SOURCE_UNIT_GLOSSARY_NOT_ASSERTED,fundamental_cashflow_sheet,double,NEXT_SESSION_AFTER_MAX_NOTICE_UPDATE,pit_fundamental.change|pit_fundamental.disclosure_event,ABSENT,,False,121,259116
cn_source::cash_flow_sheet_report_em::PAY_COMMISSION,cash_flow_sheet_report_em,PAY_COMMISSION,FUNDAMENTAL_LEVEL|FUNDAMENTAL_CHANGE|DISCLOSURE_EVENT,STOCK_REPORT_PERIOD,REPORT_DATE,NOTICE_DATE,UPDATE_DATE,PIT_SAFE_CURRENT_SNAPSHOT_ONLY,cash_flow_sheet_report_em.PAY_COMMISSION,PIT_SIDECAR_REGISTERED_LAZY_NOT_MINUTE_EXPANDED,SLOW_XS_LEVEL|SLOW_TEMPORAL_CHANGE|DISCLOSURE_EVENT,NO_FORMAL_SEARCH_IN_THIS_TASK; SOURCE_UNIT_GLOSSARY_NOT_ASSERTED,fundamental_cashflow_sheet,double,NEXT_SESSION_AFTER_MAX_NOTICE_UPDATE,pit_fundamental.level|pit_fundamental.change|pit_fundamental.disclosure_event,ABSENT,,False,443,258794
cn_source::cash_flow_sheet_report_em::PAY_COMMISSION_YOY,cash_flow_sheet_report_em,PAY_COMMISSION_YOY,FUNDAMENTAL_CHANGE|DISCLOSURE_EVENT,STOCK_REPORT_PERIOD,REPORT_DATE,NOTICE_DATE,UPDATE_DATE,PIT_SAFE_CURRENT_SNAPSHOT_ONLY,cash_flow_sheet_report_em.PAY_COMMISSION_YOY,PIT_SIDECAR_REGISTERED_LAZY_NOT_MINUTE_EXPANDED,SLOW_TEMPORAL_CHANGE|DISCLOSURE_EVENT,NO_FORMAL_SEARCH_IN_THIS_TASK; SOURCE_UNIT_GLOSSARY_NOT_ASSERTED,fundamental_cashflow_sheet,double,NEXT_SESSION_AFTER_MAX_NOTICE_UPDATE,pit_fundamental.change|pit_fundamental.disclosure_event,ABSENT,,False,253,258984
cn_source::cash_flow_sheet_report_em::PAY_DEBT_CASH,cash_flow_sheet_report_em,PAY_DEBT_CASH,FUNDAMENTAL_LEVEL|FUNDAMENTAL_CHANGE|DISCLOSURE_EVENT,STOCK_REPORT_PERIOD,REPORT_DATE,NOTICE_DATE,UPDATE_DATE,PIT_SAFE_CURRENT_SNAPSHOT_ONLY,cash_flow_sheet_report_em.PAY_DEBT_CASH,PIT_SIDECAR_REGISTERED_LAZY_NOT_MINUTE_EXPANDED,SLOW_XS_LEVEL|SLOW_TEMPORAL_CHANGE|DISCLOSURE_EVENT,NO_FORMAL_SEARCH_IN_THIS_TASK; SOURCE_UNIT_GLOSSARY_NOT_ASSERTED,fundamental_cashflow_sheet,double,NEXT_SESSION_AFTER_MAX_NOTICE_UPDATE,pit_fundamental.level|pit_fundamental.change|pit_fundamental.disclosure_event,ABSENT,,False,209129,50108
cn_source::cash_flow_sheet_report_em::PAY_DEBT_CASH_YOY,cash_flow_sheet_report_em,PAY_DEBT_CASH_YOY,FUNDAMENTAL_CHANGE|DISCLOSURE_EVENT,STOCK_REPORT_PERIOD,REPORT_DATE,NOTICE_DATE,UPDATE_DATE,PIT_SAFE_CURRENT_SNAPSHOT_ONLY,cash_flow_sheet_report_em.PAY_DEBT_CASH_YOY,PIT_SIDECAR_REGISTERED_LAZY_NOT_MINUTE_EXPANDED,SLOW_TEMPORAL_CHANGE|DISCLOSURE_EVENT,NO_FORMAL_SEARCH_IN_THIS_TASK; SOURCE_UNIT_GLOSSARY_NOT_ASSERTED,fundamental_cashflow_sheet,double,NEXT_SESSION_AFTER_MAX_NOTICE_UPDATE,pit_fundamental.change|pit_fundamental.disclosure_event,ABSENT,,False,177682,81555
cn_source::cash_flow_sheet_report_em::PAY_INTEREST,cash_flow_sheet_report_em,PAY_INTEREST,FUNDAMENTAL_LEVEL|FUNDAMENTAL_CHANGE|DISCLOSURE_EVENT,STOCK_REPORT_PERIOD,REPORT_DATE,NOTICE_DATE,UPDATE_DATE,PIT_SAFE_CURRENT_SNAPSHOT_ONLY,cash_flow_sheet_report_em.PAY_INTEREST,PIT_SIDECAR_REGISTERED_LAZY_NOT_MINUTE_EXPANDED,SLOW_XS_LEVEL|SLOW_TEMPORAL_CHANGE|DISCLOSURE_EVENT,NO_FORMAL_SEARCH_IN_THIS_TASK; SOURCE_UNIT_GLOSSARY_NOT_ASSERTED,fundamental_cashflow_sheet,double,NEXT_SESSION_AFTER_MAX_NOTICE_UPDATE,pit_fundamental.level|pit_fundamental.change|pit_fundamental.disclosure_event,ABSENT,,False,472,258765
cn_source::cash_flow_sheet_report_em::PAY_INTEREST_COMMISSION,cash_flow_sheet_report_em,PAY_INTEREST_COMMISSION,FUNDAMENTAL_LEVEL|FUNDAMENTAL_CHANGE|DISCLOSURE_EVENT,STOCK_REPORT_PERIOD,REPORT_DATE,NOTICE_DATE,UPDATE_DATE,PIT_SAFE_CURRENT_SNAPSHOT_ONLY,cash_flow_sheet_report_em.PAY_INTEREST_COMMISSION,PIT_SIDECAR_REGISTERED_LAZY_NOT_MINUTE_EXPANDED,SLOW_XS_LEVEL|SLOW_TEMPORAL_CHANGE|DISCLOSURE_EVENT,NO_FORMAL_SEARCH_IN_THIS_TASK; SOURCE_UNIT_GLOSSARY_NOT_ASSERTED,fundamental_cashflow_sheet,double,NEXT_SESSION_AFTER_MAX_NOTICE_UPDATE,pit_fundamental.level|pit_fundamental.change|pit_fundamental.disclosure_event,ABSENT,,False,10943,248294
cn_source::cash_flow_sheet_report_em::PAY_INTEREST_COMMISSION_YOY,cash_flow_sheet_report_em,PAY_INTEREST_COMMISSION_YOY,FUNDAMENTAL_CHANGE|DISCLOSURE_EVENT,STOCK_REPORT_PERIOD,REPORT_DATE,NOTICE_DATE,UPDATE_DATE,PIT_SAFE_CURRENT_SNAPSHOT_ONLY,cash_flow_sheet_report_em.PAY_INTEREST_COMMISSION_YOY,PIT_SIDECAR_REGISTERED_LAZY_NOT_MINUTE_EXPANDED,SLOW_TEMPORAL_CHANGE|DISCLOSURE_EVENT,NO_FORMAL_SEARCH_IN_THIS_TASK; SOURCE_UNIT_GLOSSARY_NOT_ASSERTED,fundamental_cashflow_sheet,double,NEXT_SESSION_AFTER_MAX_NOTICE_UPDATE,pit_fundamental.change|pit_fundamental.disclosure_event,ABSENT,,False,6605,252632
cn_source::cash_flow_sheet_report_em::PAY_INTEREST_YOY,cash_flow_sheet_report_em,PAY_INTEREST_YOY,FUNDAMENTAL_CHANGE|DISCLOSURE_EVENT,STOCK_REPORT_PERIOD,REPORT_DATE,NOTICE_DATE,UPDATE_DATE,PIT_SAFE_CURRENT_SNAPSHOT_ONLY,cash_flow_sheet_report_em.PAY_INTEREST_YOY,PIT_SIDECAR_REGISTERED_LAZY_NOT_MINUTE_EXPANDED,SLOW_TEMPORAL_CHANGE|DISCLOSURE_EVENT,NO_FORMAL_SEARCH_IN_THIS_TASK; SOURCE_UNIT_GLOSSARY_NOT_ASSERTED,fundamental_cashflow_sheet,double,NEXT_SESSION_AFTER_MAX_NOTICE_UPDATE,pit_fundamental.change|pit_fundamental.disclosure_event,ABSENT,,False,270,258967
cn_source::cash_flow_sheet_report_em::PAY_ORIGIC_COMPENSATE,cash_flow_sheet_report_em,PAY_ORIGIC_COMPENSATE,FUNDAMENTAL_LEVEL|FUNDAMENTAL_CHANGE|DISCLOSURE_EVENT,STOCK_REPORT_PERIOD,REPORT_DATE,NOTICE_DATE,UPDATE_DATE,PIT_SAFE_CURRENT_SNAPSHOT_ONLY,cash_flow_sheet_report_em.PAY_ORIGIC_COMPENSATE,PIT_SIDECAR_REGISTERED_LAZY_NOT_MINUTE_EXPANDED,SLOW_XS_LEVEL|SLOW_TEMPORAL_CHANGE|DISCLOSURE_EVENT,NO_FORMAL_SEARCH_IN_THIS_TASK; SOURCE_UNIT_GLOSSARY_NOT_ASSERTED,fundamental_cashflow_sheet,double,NEXT_SESSION_AFTER_MAX_NOTICE_UPDATE,pit_fundamental.level|pit_fundamental.change|pit_fundamental.disclosure_event,ABSENT,,False,3517,255720
cn_source::cash_flow_sheet_report_em::PAY_ORIGIC_COMPENSATE_YOY,cash_flow_sheet_report_em,PAY_ORIGIC_COMPENSATE_YOY,FUNDAMENTAL_CHANGE|DISCLOSURE_EVENT,STOCK_REPORT_PERIOD,REPORT_DATE,NOTICE_DATE,UPDATE_DATE,PIT_SAFE_CURRENT_SNAPSHOT_ONLY,cash_flow_sheet_report_em.PAY_ORIGIC_COMPENSATE_YOY,PIT_SIDECAR_REGISTERED_LAZY_NOT_MINUTE_EXPANDED,SLOW_TEMPORAL_CHANGE|DISCLOSURE_EVENT,NO_FORMAL_SEARCH_IN_THIS_TASK; SOURCE_UNIT_GLOSSARY_NOT_ASSERTED,fundamental_cashflow_sheet,double,NEXT_SESSION_AFTER_MAX_NOTICE_UPDATE,pit_fundamental.change|pit_fundamental.disclosure_event,ABSENT,,False,349,258888
cn_source::cash_flow_sheet_report_em::PAY_OTHER_FINANCE,cash_flow_sheet_report_em,PAY_OTHER_FINANCE,FUNDAMENTAL_LEVEL|FUNDAMENTAL_CHANGE|DISCLOSURE_EVENT,STOCK_REPORT_PERIOD,REPORT_DATE,NOTICE_DATE,UPDATE_DATE,PIT_SAFE_CURRENT_SNAPSHOT_ONLY,cash_flow_sheet_report_em.PAY_OTHER_FINANCE,PIT_SIDECAR_REGISTERED_LAZY_NOT_MINUTE_EXPANDED,SLOW_XS_LEVEL|SLOW_TEMPORAL_CHANGE|DISCLOSURE_EVENT,NO_FORMAL_SEARCH_IN_THIS_TASK; SOURCE_UNIT_GLOSSARY_NOT_ASSERTED,fundamental_cashflow_sheet,double,NEXT_SESSION_AFTER_MAX_NOTICE_UPDATE,pit_fundamental.level|pit_fundamental.change|pit_fundamental.disclosure_event,ABSENT,,False,160396,98841
cn_source::cash_flow_sheet_report_em::PAY_OTHER_FINANCE_YOY,cash_flow_sheet_report_em,PAY_OTHER_FINANCE_YOY,FUNDAMENTAL_CHANGE|DISCLOSURE_EVENT,STOCK_REPORT_PERIOD,REPORT_DATE,NOTICE_DATE,UPDATE_DATE,PIT_SAFE_CURRENT_SNAPSHOT_ONLY,cash_flow_sheet_report_em.PAY_OTHER_FINANCE_YOY,PIT_SIDECAR_REGISTERED_LAZY_NOT_MINUTE_EXPANDED,SLOW_TEMPORAL_CHANGE|DISCLOSURE_EVENT,NO_FORMAL_SEARCH_IN_THIS_TASK; SOURCE_UNIT_GLOSSARY_NOT_ASSERTED,fundamental_cashflow_sheet,double,NEXT_SESSION_AFTER_MAX_NOTICE_UPDATE,pit_fundamental.change|pit_fundamental.disclosure_event,ABSENT,,False,115160,144077
cn_source::cash_flow_sheet_report_em::PAY_OTHER_INVEST,cash_flow_sheet_report_em,PAY_OTHER_INVEST,FUNDAMENTAL_LEVEL|FUNDAMENTAL_CHANGE|DISCLOSURE_EVENT,STOCK_REPORT_PERIOD,REPORT_DATE,NOTICE_DATE,UPDATE_DATE,PIT_SAFE_CURRENT_SNAPSHOT_ONLY,cash_flow_sheet_report_em.PAY_OTHER_INVEST,PIT_SIDECAR_REGISTERED_LAZY_NOT_MINUTE_EXPANDED,SLOW_XS_LEVEL|SLOW_TEMPORAL_CHANGE|DISCLOSURE_EVENT,NO_FORMAL_SEARCH_IN_THIS_TASK; SOURCE_UNIT_GLOSSARY_NOT_ASSERTED,fundamental_cashflow_sheet,double,NEXT_SESSION_AFTER_MAX_NOTICE_UPDATE,pit_fundamental.level|pit_fundamental.change|pit_fundamental.disclosure_event,ABSENT,,False,87931,171306
cn_source::cash_flow_sheet_report_em::PAY_OTHER_INVEST_YOY,cash_flow_sheet_report_em,PAY_OTHER_INVEST_YOY,FUNDAMENTAL_CHANGE|DISCLOSURE_EVENT,STOCK_REPORT_PERIOD,REPORT_DATE,NOTICE_DATE,UPDATE_DATE,PIT_SAFE_CURRENT_SNAPSHOT_ONLY,cash_flow_sheet_report_em.PAY_OTHER_INVEST_YOY,PIT_SIDECAR_REGISTERED_LAZY_NOT_MINUTE_EXPANDED,SLOW_TEMPORAL_CHANGE|DISCLOSURE_EVENT,NO_FORMAL_SEARCH_IN_THIS_TASK; SOURCE_UNIT_GLOSSARY_NOT_ASSERTED,fundamental_cashflow_sheet,double,NEXT_SESSION_AFTER_MAX_NOTICE_UPDATE,pit_fundamental.change|pit_fundamental.disclosure_event,ABSENT,,False,50310,208927
cn_source::cash_flow_sheet_report_em::PAY_OTHER_OPERATE,cash_flow_sheet_report_em,PAY_OTHER_OPERATE,FUNDAMENTAL_LEVEL|FUNDAMENTAL_CHANGE|DISCLOSURE_EVENT,STOCK_REPORT_PERIOD,REPORT_DATE,NOTICE_DATE,UPDATE_DATE,PIT_SAFE_CURRENT_SNAPSHOT_ONLY,cash_flow_sheet_report_em.PAY_OTHER_OPERATE,PIT_SIDECAR_REGISTERED_LAZY_NOT_MINUTE_EXPANDED,SLOW_XS_LEVEL|SLOW_TEMPORAL_CHANGE|DISCLOSURE_EVENT,NO_FORMAL_SEARCH_IN_THIS_TASK; SOURCE_UNIT_GLOSSARY_NOT_ASSERTED,fundamental_cashflow_sheet,double,NEXT_SESSION_AFTER_MAX_NOTICE_UPDATE,pit_fundamental.level|pit_fundamental.change|pit_fundamental.disclosure_event,ABSENT,,False,257605,1632
cn_source::cash_flow_sheet_report_em::PAY_OTHER_OPERATE_YOY,cash_flow_sheet_report_em,PAY_OTHER_OPERATE_YOY,FUNDAMENTAL_CHANGE|DISCLOSURE_EVENT,STOCK_REPORT_PERIOD,REPORT_DATE,NOTICE_DATE,UPDATE_DATE,PIT_SAFE_CURRENT_SNAPSHOT_ONLY,cash_flow_sheet_report_em.PAY_OTHER_OPERATE_YOY,PIT_SIDECAR_REGISTERED_LAZY_NOT_MINUTE_EXPANDED,SLOW_TEMPORAL_CHANGE|DISCLOSURE_EVENT,NO_FORMAL_SEARCH_IN_THIS_TASK; SOURCE_UNIT_GLOSSARY_NOT_ASSERTED,fundamental_cashflow_sheet,double,NEXT_SESSION_AFTER_MAX_NOTICE_UPDATE,pit_fundamental.change|pit_fundamental.disclosure_event,ABSENT,,False,235846,23391
cn_source::cash_flow_sheet_report_em::PAY_POLICY_BONUS,cash_flow_sheet_report_em,PAY_POLICY_BONUS,FUNDAMENTAL_LEVEL|FUNDAMENTAL_CHANGE|DISCLOSURE_EVENT,STOCK_REPORT_PERIOD,REPORT_DATE,NOTICE_DATE,UPDATE_DATE,PIT_SAFE_CURRENT_SNAPSHOT_ONLY,cash_flow_sheet_report_em.PAY_POLICY_BONUS,PIT_SIDECAR_REGISTERED_LAZY_NOT_MINUTE_EXPANDED,SLOW_XS_LEVEL|SLOW_TEMPORAL_CHANGE|DISCLOSURE_EVENT,NO_FORMAL_SEARCH_IN_THIS_TASK; SOURCE_UNIT_GLOSSARY_NOT_ASSERTED,fundamental_cashflow_sheet,double,NEXT_SESSION_AFTER_MAX_NOTICE_UPDATE,pit_fundamental.level|pit_fundamental.change|pit_fundamental.disclosure_event,ABSENT,,False,3586,255651
cn_source::cash_flow_sheet_report_em::PAY_POLICY_BONUS_YOY,cash_flow_sheet_report_em,PAY_POLICY_BONUS_YOY,FUNDAMENTAL_CHANGE|DISCLOSURE_EVENT,STOCK_REPORT_PERIOD,REPORT_DATE,NOTICE_DATE,UPDATE_DATE,PIT_SAFE_CURRENT_SNAPSHOT_ONLY,cash_flow_sheet_report_em.PAY_POLICY_BONUS_YOY,PIT_SIDECAR_REGISTERED_LAZY_NOT_MINUTE_EXPANDED,SLOW_TEMPORAL_CHANGE|DISCLOSURE_EVENT,NO_FORMAL_SEARCH_IN_THIS_TASK; SOURCE_UNIT_GLOSSARY_NOT_ASSERTED,fundamental_cashflow_sheet,double,NEXT_SESSION_AFTER_MAX_NOTICE_UPDATE,pit_fundamental.change|pit_fundamental.disclosure_event,ABSENT,,False,273,258964
cn_source::cash_flow_sheet_report_em::PAY_REINSURE,cash_flow_sheet_report_em,PAY_REINSURE,FUNDAMENTAL_LEVEL|FUNDAMENTAL_CHANGE|DISCLOSURE_EVENT,STOCK_REPORT_PERIOD,REPORT_DATE,NOTICE_DATE,UPDATE_DATE,PIT_SAFE_CURRENT_SNAPSHOT_ONLY,cash_flow_sheet_report_em.PAY_REINSURE,PIT_SIDECAR_REGISTERED_LAZY_NOT_MINUTE_EXPANDED,SLOW_XS_LEVEL|SLOW_TEMPORAL_CHANGE|DISCLOSURE_EVENT,NO_FORMAL_SEARCH_IN_THIS_TASK; SOURCE_UNIT_GLOSSARY_NOT_ASSERTED,fundamental_cashflow_sheet,double,NEXT_SESSION_AFTER_MAX_NOTICE_UPDATE,pit_fundamental.level|pit_fundamental.change|pit_fundamental.disclosure_event,ABSENT,,False,225,259012
cn_source::cash_flow_sheet_report_em::PAY_REINSURE_YOY,cash_flow_sheet_report_em,PAY_REINSURE_YOY,FUNDAMENTAL_CHANGE|DISCLOSURE_EVENT,STOCK_REPORT_PERIOD,REPORT_DATE,NOTICE_DATE,UPDATE_DATE,PIT_SAFE_CURRENT_SNAPSHOT_ONLY,cash_flow_sheet_report_em.PAY_REINSURE_YOY,PIT_SIDECAR_REGISTERED_LAZY_NOT_MINUTE_EXPANDED,SLOW_TEMPORAL_CHANGE|DISCLOSURE_EVENT,NO_FORMAL_SEARCH_IN_THIS_TASK; SOURCE_UNIT_GLOSSARY_NOT_ASSERTED,fundamental_cashflow_sheet,double,NEXT_SESSION_AFTER_MAX_NOTICE_UPDATE,pit_fundamental.change|pit_fundamental.disclosure_event,ABSENT,,False,185,259052
cn_source::cash_flow_sheet_report_em::PAY_SELL_REPO,cash_flow_sheet_report_em,PAY_SELL_REPO,FUNDAMENTAL_LEVEL|FUNDAMENTAL_CHANGE|DISCLOSURE_EVENT,STOCK_REPORT_PERIOD,REPORT_DATE,NOTICE_DATE,UPDATE_DATE,PIT_SAFE_CURRENT_SNAPSHOT_ONLY,cash_flow_sheet_report_em.PAY_SELL_REPO,PIT_SIDECAR_REGISTERED_LAZY_NOT_MINUTE_EXPANDED,SLOW_XS_LEVEL|SLOW_TEMPORAL_CHANGE|DISCLOSURE_EVENT,NO_FORMAL_SEARCH_IN_THIS_TASK; SOURCE_UNIT_GLOSSARY_NOT_ASSERTED,fundamental_cashflow_sheet,double,NEXT_SESSION_AFTER_MAX_NOTICE_UPDATE,pit_fundamental.level|pit_fundamental.change|pit_fundamental.disclosure_event,ABSENT,,False,149,259088
cn_source::cash_flow_sheet_report_em::PAY_SELL_REPO_YOY,cash_flow_sheet_report_em,PAY_SELL_REPO_YOY,FUNDAMENTAL_CHANGE|DISCLOSURE_EVENT,STOCK_REPORT_PERIOD,REPORT_DATE,NOTICE_DATE,UPDATE_DATE,PIT_SAFE_CURRENT_SNAPSHOT_ONLY,cash_flow_sheet_report_em.PAY_SELL_REPO_YOY,PIT_SIDECAR_REGISTERED_LAZY_NOT_MINUTE_EXPANDED,SLOW_TEMPORAL_CHANGE|DISCLOSURE_EVENT,NO_FORMAL_SEARCH_IN_THIS_TASK; SOURCE_UNIT_GLOSSARY_NOT_ASSERTED,fundamental_cashflow_sheet,double,NEXT_SESSION_AFTER_MAX_NOTICE_UPDATE,pit_fundamental.change|pit_fundamental.disclosure_event,ABSENT,,False,72,259165
cn_source::cash_flow_sheet_report_em::PAY_STAFF_CASH,cash_flow_sheet_report_em,PAY_STAFF_CASH,FUNDAMENTAL_LEVEL|FUNDAMENTAL_CHANGE|DISCLOSURE_EVENT,STOCK_REPORT_PERIOD,REPORT_DATE,NOTICE_DATE,UPDATE_DATE,PIT_SAFE_CURRENT_SNAPSHOT_ONLY,cash_flow_sheet_report_em.PAY_STAFF_CASH,PIT_SIDECAR_REGISTERED_LAZY_NOT_MINUTE_EXPANDED,SLOW_XS_LEVEL|SLOW_TEMPORAL_CHANGE|DISCLOSURE_EVENT,NO_FORMAL_SEARCH_IN_THIS_TASK; SOURCE_UNIT_GLOSSARY_NOT_ASSERTED,fundamental_cashflow_sheet,double,NEXT_SESSION_AFTER_MAX_NOTICE_UPDATE,pit_fundamental.level|pit_fundamental.change|pit_fundamental.disclosure_event,ABSENT,,False,257789,1448
cn_source::cash_flow_sheet_report_em::PAY_STAFF_CASH_YOY,cash_flow_sheet_report_em,PAY_STAFF_CASH_YOY,FUNDAMENTAL_CHANGE|DISCLOSURE_EVENT,STOCK_REPORT_PERIOD,REPORT_DATE,NOTICE_DATE,UPDATE_DATE,PIT_SAFE_CURRENT_SNAPSHOT_ONLY,cash_flow_sheet_report_em.PAY_STAFF_CASH_YOY,PIT_SIDECAR_REGISTERED_LAZY_NOT_MINUTE_EXPANDED,SLOW_TEMPORAL_CHANGE|DISCLOSURE_EVENT,NO_FORMAL_SEARCH_IN_THIS_TASK; SOURCE_UNIT_GLOSSARY_NOT_ASSERTED,fundamental_cashflow_sheet,double,NEXT_SESSION_AFTER_MAX_NOTICE_UPDATE,pit_fundamental.change|pit_fundamental.disclosure_event,ABSENT,,False,236046,23191
cn_source::cash_flow_sheet_report_em::PAY_TRADE_FINASSET,cash_flow_sheet_report_em,PAY_TRADE_FINASSET,FUNDAMENTAL_LEVEL|FUNDAMENTAL_CHANGE|DISCLOSURE_EVENT,STOCK_REPORT_PERIOD,REPORT_DATE,NOTICE_DATE,UPDATE_DATE,PIT_SAFE_CURRENT_SNAPSHOT_ONLY,cash_flow_sheet_report_em.PAY_TRADE_FINASSET,PIT_SIDECAR_REGISTERED_LAZY_NOT_MINUTE_EXPANDED,SLOW_XS_LEVEL|SLOW_TEMPORAL_CHANGE|DISCLOSURE_EVENT,NO_FORMAL_SEARCH_IN_THIS_TASK; SOURCE_UNIT_GLOSSARY_NOT_ASSERTED,fundamental_cashflow_sheet,double,NEXT_SESSION_AFTER_MAX_NOTICE_UPDATE,pit_fundamental.level|pit_fundamental.change|pit_fundamental.disclosure_event,ABSENT,,False,73,259164
cn_source::cash_flow_sheet_report_em::PAY_TRADE_FINASSET_YOY,cash_flow_sheet_report_em,PAY_TRADE_FINASSET_YOY,FUNDAMENTAL_CHANGE|DISCLOSURE_EVENT,STOCK_REPORT_PERIOD,REPORT_DATE,NOTICE_DATE,UPDATE_DATE,PIT_SAFE_CURRENT_SNAPSHOT_ONLY,cash_flow_sheet_report_em.PAY_TRADE_FINASSET_YOY,PIT_SIDECAR_REGISTERED_LAZY_NOT_MINUTE_EXPANDED,SLOW_TEMPORAL_CHANGE|DISCLOSURE_EVENT,NO_FORMAL_SEARCH_IN_THIS_TASK; SOURCE_UNIT_GLOSSARY_NOT_ASSERTED,fundamental_cashflow_sheet,double,NEXT_SESSION_AFTER_MAX_NOTICE_UPDATE,pit_fundamental.change|pit_fundamental.disclosure_event,ABSENT,,False,22,259215
cn_source::cash_flow_sheet_report_em::PBC_INTERBANK_ADD,cash_flow_sheet_report_em,PBC_INTERBANK_ADD,FUNDAMENTAL_LEVEL|FUNDAMENTAL_CHANGE|DISCLOSURE_EVENT,STOCK_REPORT_PERIOD,REPORT_DATE,NOTICE_DATE,UPDATE_DATE,PIT_SAFE_CURRENT_SNAPSHOT_ONLY,cash_flow_sheet_report_em.PBC_INTERBANK_ADD,PIT_SIDECAR_REGISTERED_LAZY_NOT_MINUTE_EXPANDED,SLOW_XS_LEVEL|SLOW_TEMPORAL_CHANGE|DISCLOSURE_EVENT,NO_FORMAL_SEARCH_IN_THIS_TASK; SOURCE_UNIT_GLOSSARY_NOT_ASSERTED,fundamental_cashflow_sheet,double,NEXT_SESSION_AFTER_MAX_NOTICE_UPDATE,pit_fundamental.level|pit_fundamental.change|pit_fundamental.disclosure_event,ABSENT,,False,4527,254710
cn_source::cash_flow_sheet_report_em::PBC_INTERBANK_ADD_YOY,cash_flow_sheet_report_em,PBC_INTERBANK_ADD_YOY,FUNDAMENTAL_CHANGE|DISCLOSURE_EVENT,STOCK_REPORT_PERIOD,REPORT_DATE,NOTICE_DATE,UPDATE_DATE,PIT_SAFE_CURRENT_SNAPSHOT_ONLY,cash_flow_sheet_report_em.PBC_INTERBANK_ADD_YOY,PIT_SIDECAR_REGISTERED_LAZY_NOT_MINUTE_EXPANDED,SLOW_TEMPORAL_CHANGE|DISCLOSURE_EVENT,NO_FORMAL_SEARCH_IN_THIS_TASK; SOURCE_UNIT_GLOSSARY_NOT_ASSERTED,fundamental_cashflow_sheet,double,NEXT_SESSION_AFTER_MAX_NOTICE_UPDATE,pit_fundamental.change|pit_fundamental.disclosure_event,ABSENT,,False,925,258312
cn_source::cash_flow_sheet_report_em::PBC_INTERBANK_REDUCE,cash_flow_sheet_report_em,PBC_INTERBANK_REDUCE,FUNDAMENTAL_LEVEL|FUNDAMENTAL_CHANGE|DISCLOSURE_EVENT,STOCK_REPORT_PERIOD,REPORT_DATE,NOTICE_DATE,UPDATE_DATE,PIT_SAFE_CURRENT_SNAPSHOT_ONLY,cash_flow_sheet_report_em.PBC_INTERBANK_REDUCE,PIT_SIDECAR_REGISTERED_LAZY_NOT_MINUTE_EXPANDED,SLOW_XS_LEVEL|SLOW_TEMPORAL_CHANGE|DISCLOSURE_EVENT,NO_FORMAL_SEARCH_IN_THIS_TASK; SOURCE_UNIT_GLOSSARY_NOT_ASSERTED,fundamental_cashflow_sheet,double,NEXT_SESSION_AFTER_MAX_NOTICE_UPDATE,pit_fundamental.level|pit_fundamental.change|pit_fundamental.disclosure_event,ABSENT,,False,59,259178
cn_source::cash_flow_sheet_report_em::PBC_INTERBANK_REDUCE_YOY,cash_flow_sheet_report_em,PBC_INTERBANK_REDUCE_YOY,FUNDAMENTAL_CHANGE|DISCLOSURE_EVENT,STOCK_REPORT_PERIOD,REPORT_DATE,NOTICE_DATE,UPDATE_DATE,PIT_SAFE_CURRENT_SNAPSHOT_ONLY,cash_flow_sheet_report_em.PBC_INTERBANK_REDUCE_YOY,PIT_SIDECAR_REGISTERED_LAZY_NOT_MINUTE_EXPANDED,SLOW_TEMPORAL_CHANGE|DISCLOSURE_EVENT,NO_FORMAL_SEARCH_IN_THIS_TASK; SOURCE_UNIT_GLOSSARY_NOT_ASSERTED,fundamental_cashflow_sheet,double,NEXT_SESSION_AFTER_MAX_NOTICE_UPDATE,pit_fundamental.change|pit_fundamental.disclosure_event,ABSENT,,False,12,259225
cn_source::cash_flow_sheet_report_em::PBC_IOFI_ADD,cash_flow_sheet_report_em,PBC_IOFI_ADD,FUNDAMENTAL_LEVEL|FUNDAMENTAL_CHANGE|DISCLOSURE_EVENT,STOCK_REPORT_PERIOD,REPORT_DATE,NOTICE_DATE,UPDATE_DATE,PIT_SAFE_CURRENT_SNAPSHOT_ONLY,cash_flow_sheet_report_em.PBC_IOFI_ADD,PIT_SIDECAR_REGISTERED_LAZY_NOT_MINUTE_EXPANDED,SLOW_XS_LEVEL|SLOW_TEMPORAL_CHANGE|DISCLOSURE_EVENT,NO_FORMAL_SEARCH_IN_THIS_TASK; SOURCE_UNIT_GLOSSARY_NOT_ASSERTED,fundamental_cashflow_sheet,double,NEXT_SESSION_AFTER_MAX_NOTICE_UPDATE,pit_fundamental.level|pit_fundamental.change|pit_fundamental.disclosure_event,ABSENT,,False,1597,257640
cn_source::cash_flow_sheet_report_em::PBC_IOFI_ADD_YOY,cash_flow_sheet_report_em,PBC_IOFI_ADD_YOY,FUNDAMENTAL_CHANGE|DISCLOSURE_EVENT,STOCK_REPORT_PERIOD,REPORT_DATE,NOTICE_DATE,UPDATE_DATE,PIT_SAFE_CURRENT_SNAPSHOT_ONLY,cash_flow_sheet_report_em.PBC_IOFI_ADD_YOY,PIT_SIDECAR_REGISTERED_LAZY_NOT_MINUTE_EXPANDED,SLOW_TEMPORAL_CHANGE|DISCLOSURE_EVENT,NO_FORMAL_SEARCH_IN_THIS_TASK; SOURCE_UNIT_GLOSSARY_NOT_ASSERTED,fundamental_cashflow_sheet,double,NEXT_SESSION_AFTER_MAX_NOTICE_UPDATE,pit_fundamental.change|pit_fundamental.disclosure_event,ABSENT,,False,1132,258105
cn_source::cash_flow_sheet_report_em::PBC_IOFI_REDUCE,cash_flow_sheet_report_em,PBC_IOFI_REDUCE,FUNDAMENTAL_LEVEL|FUNDAMENTAL_CHANGE|DISCLOSURE_EVENT,STOCK_REPORT_PERIOD,REPORT_DATE,NOTICE_DATE,UPDATE_DATE,PIT_SAFE_CURRENT_SNAPSHOT_ONLY,cash_flow_sheet_report_em.PBC_IOFI_REDUCE,PIT_SIDECAR_REGISTERED_LAZY_NOT_MINUTE_EXPANDED,SLOW_XS_LEVEL|SLOW_TEMPORAL_CHANGE|DISCLOSURE_EVENT,NO_FORMAL_SEARCH_IN_THIS_TASK; SOURCE_UNIT_GLOSSARY_NOT_ASSERTED,fundamental_cashflow_sheet,double,NEXT_SESSION_AFTER_MAX_NOTICE_UPDATE,pit_fundamental.level|pit_fundamental.change|pit_fundamental.disclosure_event,ABSENT,,False,980,258257
cn_source::cash_flow_sheet_report_em::PBC_IOFI_REDUCE_YOY,cash_flow_sheet_report_em,PBC_IOFI_REDUCE_YOY,FUNDAMENTAL_CHANGE|DISCLOSURE_EVENT,STOCK_REPORT_PERIOD,REPORT_DATE,NOTICE_DATE,UPDATE_DATE,PIT_SAFE_CURRENT_SNAPSHOT_ONLY,cash_flow_sheet_report_em.PBC_IOFI_REDUCE_YOY,PIT_SIDECAR_REGISTERED_LAZY_NOT_MINUTE_EXPANDED,SLOW_TEMPORAL_CHANGE|DISCLOSURE_EVENT,NO_FORMAL_SEARCH_IN_THIS_TASK; SOURCE_UNIT_GLOSSARY_NOT_ASSERTED,fundamental_cashflow_sheet,double,NEXT_SESSION_AFTER_MAX_NOTICE_UPDATE,pit_fundamental.change|pit_fundamental.disclosure_event,ABSENT,,False,496,258741
cn_source::cash_flow_sheet_report_em::PLEDGE_LOAN_ADD,cash_flow_sheet_report_em,PLEDGE_LOAN_ADD,FUNDAMENTAL_LEVEL|FUNDAMENTAL_CHANGE|DISCLOSURE_EVENT,STOCK_REPORT_PERIOD,REPORT_DATE,NOTICE_DATE,UPDATE_DATE,PIT_SAFE_CURRENT_SNAPSHOT_ONLY,cash_flow_sheet_report_em.PLEDGE_LOAN_ADD,PIT_SIDECAR_REGISTERED_LAZY_NOT_MINUTE_EXPANDED,SLOW_XS_LEVEL|SLOW_TEMPORAL_CHANGE|DISCLOSURE_EVENT,NO_FORMAL_SEARCH_IN_THIS_TASK; SOURCE_UNIT_GLOSSARY_NOT_ASSERTED,fundamental_cashflow_sheet,double,NEXT_SESSION_AFTER_MAX_NOTICE_UPDATE,pit_fundamental.level|pit_fundamental.change|pit_fundamental.disclosure_event,ABSENT,,False,4144,255093
cn_source::cash_flow_sheet_report_em::PLEDGE_LOAN_ADD_YOY,cash_flow_sheet_report_em,PLEDGE_LOAN_ADD_YOY,FUNDAMENTAL_CHANGE|DISCLOSURE_EVENT,STOCK_REPORT_PERIOD,REPORT_DATE,NOTICE_DATE,UPDATE_DATE,PIT_SAFE_CURRENT_SNAPSHOT_ONLY,cash_flow_sheet_report_em.PLEDGE_LOAN_ADD_YOY,PIT_SIDECAR_REGISTERED_LAZY_NOT_MINUTE_EXPANDED,SLOW_TEMPORAL_CHANGE|DISCLOSURE_EVENT,NO_FORMAL_SEARCH_IN_THIS_TASK; SOURCE_UNIT_GLOSSARY_NOT_ASSERTED,fundamental_cashflow_sheet,double,NEXT_SESSION_AFTER_MAX_NOTICE_UPDATE,pit_fundamental.change|pit_fundamental.disclosure_event,ABSENT,,False,38,259199
cn_source::cash_flow_sheet_report_em::PREDICT_LIAB_ADD,cash_flow_sheet_report_em,PREDICT_LIAB_ADD,FUNDAMENTAL_LEVEL|FUNDAMENTAL_CHANGE|DISCLOSURE_EVENT,STOCK_REPORT_PERIOD,REPORT_DATE,NOTICE_DATE,UPDATE_DATE,PIT_SAFE_CURRENT_SNAPSHOT_ONLY,cash_flow_sheet_report_em.PREDICT_LIAB_ADD,PIT_SIDECAR_REGISTERED_LAZY_NOT_MINUTE_EXPANDED,SLOW_XS_LEVEL|SLOW_TEMPORAL_CHANGE|DISCLOSURE_EVENT,NO_FORMAL_SEARCH_IN_THIS_TASK; SOURCE_UNIT_GLOSSARY_NOT_ASSERTED,fundamental_cashflow_sheet,double,NEXT_SESSION_AFTER_MAX_NOTICE_UPDATE,pit_fundamental.level|pit_fundamental.change|pit_fundamental.disclosure_event,ABSENT,,False,316,258921
cn_source::cash_flow_sheet_report_em::PREDICT_LIAB_ADD_YOY,cash_flow_sheet_report_em,PREDICT_LIAB_ADD_YOY,FUNDAMENTAL_CHANGE|DISCLOSURE_EVENT,STOCK_REPORT_PERIOD,REPORT_DATE,NOTICE_DATE,UPDATE_DATE,PIT_SAFE_CURRENT_SNAPSHOT_ONLY,cash_flow_sheet_report_em.PREDICT_LIAB_ADD_YOY,PIT_SIDECAR_REGISTERED_LAZY_NOT_MINUTE_EXPANDED,SLOW_TEMPORAL_CHANGE|DISCLOSURE_EVENT,NO_FORMAL_SEARCH_IN_THIS_TASK; SOURCE_UNIT_GLOSSARY_NOT_ASSERTED,fundamental_cashflow_sheet,double,NEXT_SESSION_AFTER_MAX_NOTICE_UPDATE,pit_fundamental.change|pit_fundamental.disclosure_event,ABSENT,,False,126,259111
cn_source::cash_flow_sheet_report_em::PREPAID_EXPENSE_REDUCE,cash_flow_sheet_report_em,PREPAID_EXPENSE_REDUCE,FUNDAMENTAL_LEVEL|FUNDAMENTAL_CHANGE|DISCLOSURE_EVENT,STOCK_REPORT_PERIOD,REPORT_DATE,NOTICE_DATE,UPDATE_DATE,PIT_SAFE_CURRENT_SNAPSHOT_ONLY,cash_flow_sheet_report_em.PREPAID_EXPENSE_REDUCE,PIT_SIDECAR_REGISTERED_LAZY_NOT_MINUTE_EXPANDED,SLOW_XS_LEVEL|SLOW_TEMPORAL_CHANGE|DISCLOSURE_EVENT,NO_FORMAL_SEARCH_IN_THIS_TASK; SOURCE_UNIT_GLOSSARY_NOT_ASSERTED,fundamental_cashflow_sheet,double,NEXT_SESSION_AFTER_MAX_NOTICE_UPDATE,pit_fundamental.level|pit_fundamental.change|pit_fundamental.disclosure_event,ABSENT,,False,17571,241666
cn_source::cash_flow_sheet_report_em::PREPAID_EXPENSE_REDUCE_YOY,cash_flow_sheet_report_em,PREPAID_EXPENSE_REDUCE_YOY,FUNDAMENTAL_CHANGE|DISCLOSURE_EVENT,STOCK_REPORT_PERIOD,REPORT_DATE,NOTICE_DATE,UPDATE_DATE,PIT_SAFE_CURRENT_SNAPSHOT_ONLY,cash_flow_sheet_report_em.PREPAID_EXPENSE_REDUCE_YOY,PIT_SIDECAR_REGISTERED_LAZY_NOT_MINUTE_EXPANDED,SLOW_TEMPORAL_CHANGE|DISCLOSURE_EVENT,NO_FORMAL_SEARCH_IN_THIS_TASK; SOURCE_UNIT_GLOSSARY_NOT_ASSERTED,fundamental_cashflow_sheet,double,NEXT_SESSION_AFTER_MAX_NOTICE_UPDATE,pit_fundamental.change|pit_fundamental.disclosure_event,ABSENT,,False,12404,246833
cn_source::cash_flow_sheet_report_em::PROVISION_INVEST_IMPAIRMENT,cash_flow_sheet_report_em,PROVISION_INVEST_IMPAIRMENT,FUNDAMENTAL_LEVEL|FUNDAMENTAL_CHANGE|DISCLOSURE_EVENT,STOCK_REPORT_PERIOD,REPORT_DATE,NOTICE_DATE,UPDATE_DATE,PIT_SAFE_CURRENT_SNAPSHOT_ONLY,cash_flow_sheet_report_em.PROVISION_INVEST_IMPAIRMENT,PIT_SIDECAR_REGISTERED_LAZY_NOT_MINUTE_EXPANDED,SLOW_XS_LEVEL|SLOW_TEMPORAL_CHANGE|DISCLOSURE_EVENT,NO_FORMAL_SEARCH_IN_THIS_TASK; SOURCE_UNIT_GLOSSARY_NOT_ASSERTED,fundamental_cashflow_sheet,double,NEXT_SESSION_AFTER_MAX_NOTICE_UPDATE,pit_fundamental.level|pit_fundamental.change|pit_fundamental.disclosure_event,ABSENT,,False,19,259218
cn_source::cash_flow_sheet_report_em::PROVISION_INVEST_IMPAIRMENT_YOY,cash_flow_sheet_report_em,PROVISION_INVEST_IMPAIRMENT_YOY,FUNDAMENTAL_CHANGE|DISCLOSURE_EVENT,STOCK_REPORT_PERIOD,REPORT_DATE,NOTICE_DATE,UPDATE_DATE,PIT_SAFE_CURRENT_SNAPSHOT_ONLY,cash_flow_sheet_report_em.PROVISION_INVEST_IMPAIRMENT_YOY,PIT_SIDECAR_REGISTERED_LAZY_NOT_MINUTE_EXPANDED,SLOW_TEMPORAL_CHANGE|DISCLOSURE_EVENT,NO_FORMAL_SEARCH_IN_THIS_TASK; SOURCE_UNIT_GLOSSARY_NOT_ASSERTED,fundamental_cashflow_sheet,double,NEXT_SESSION_AFTER_MAX_NOTICE_UPDATE,pit_fundamental.change|pit_fundamental.disclosure_event,ABSENT,,False,12,259225
cn_source::cash_flow_sheet_report_em::PROVISION_LOAN_IMPAIRMENT,cash_flow_sheet_report_em,PROVISION_LOAN_IMPAIRMENT,FUNDAMENTAL_LEVEL|FUNDAMENTAL_CHANGE|DISCLOSURE_EVENT,STOCK_REPORT_PERIOD,REPORT_DATE,NOTICE_DATE,UPDATE_DATE,PIT_SAFE_CURRENT_SNAPSHOT_ONLY,cash_flow_sheet_report_em.PROVISION_LOAN_IMPAIRMENT,PIT_SIDECAR_REGISTERED_LAZY_NOT_MINUTE_EXPANDED,SLOW_XS_LEVEL|SLOW_TEMPORAL_CHANGE|DISCLOSURE_EVENT,NO_FORMAL_SEARCH_IN_THIS_TASK; SOURCE_UNIT_GLOSSARY_NOT_ASSERTED,fundamental_cashflow_sheet,double,NEXT_SESSION_AFTER_MAX_NOTICE_UPDATE,pit_fundamental.level|pit_fundamental.change|pit_fundamental.disclosure_event,ABSENT,,False,61,259176
cn_source::cash_flow_sheet_report_em::PROVISION_LOAN_IMPAIRMENT_YOY,cash_flow_sheet_report_em,PROVISION_LOAN_IMPAIRMENT_YOY,FUNDAMENTAL_CHANGE|DISCLOSURE_EVENT,STOCK_REPORT_PERIOD,REPORT_DATE,NOTICE_DATE,UPDATE_DATE,PIT_SAFE_CURRENT_SNAPSHOT_ONLY,cash_flow_sheet_report_em.PROVISION_LOAN_IMPAIRMENT_YOY,PIT_SIDECAR_REGISTERED_LAZY_NOT_MINUTE_EXPANDED,SLOW_TEMPORAL_CHANGE|DISCLOSURE_EVENT,NO_FORMAL_SEARCH_IN_THIS_TASK; SOURCE_UNIT_GLOSSARY_NOT_ASSERTED,fundamental_cashflow_sheet,double,NEXT_SESSION_AFTER_MAX_NOTICE_UPDATE,pit_fundamental.change|pit_fundamental.disclosure_event,ABSENT,,False,49,259188
cn_source::cash_flow_sheet_report_em::PROVISION_PREDICT_LIAB,cash_flow_sheet_report_em,PROVISION_PREDICT_LIAB,FUNDAMENTAL_LEVEL|FUNDAMENTAL_CHANGE|DISCLOSURE_EVENT,STOCK_REPORT_PERIOD,REPORT_DATE,NOTICE_DATE,UPDATE_DATE,PIT_SAFE_CURRENT_SNAPSHOT_ONLY,cash_flow_sheet_report_em.PROVISION_PREDICT_LIAB,PIT_SIDECAR_REGISTERED_LAZY_NOT_MINUTE_EXPANDED,SLOW_XS_LEVEL|SLOW_TEMPORAL_CHANGE|DISCLOSURE_EVENT,NO_FORMAL_SEARCH_IN_THIS_TASK; SOURCE_UNIT_GLOSSARY_NOT_ASSERTED,fundamental_cashflow_sheet,double,NEXT_SESSION_AFTER_MAX_NOTICE_UPDATE,pit_fundamental.level|pit_fundamental.change|pit_fundamental.disclosure_event,ABSENT,,False,144,259093
cn_source::cash_flow_sheet_report_em::PROVISION_PREDICT_LIAB_YOY,cash_flow_sheet_report_em,PROVISION_PREDICT_LIAB_YOY,FUNDAMENTAL_CHANGE|DISCLOSURE_EVENT,STOCK_REPORT_PERIOD,REPORT_DATE,NOTICE_DATE,UPDATE_DATE,PIT_SAFE_CURRENT_SNAPSHOT_ONLY,cash_flow_sheet_report_em.PROVISION_PREDICT_LIAB_YOY,PIT_SIDECAR_REGISTERED_LAZY_NOT_MINUTE_EXPANDED,SLOW_TEMPORAL_CHANGE|DISCLOSURE_EVENT,NO_FORMAL_SEARCH_IN_THIS_TASK; SOURCE_UNIT_GLOSSARY_NOT_ASSERTED,fundamental_cashflow_sheet,double,NEXT_SESSION_AFTER_MAX_NOTICE_UPDATE,pit_fundamental.change|pit_fundamental.disclosure_event,ABSENT,,False,36,259201
cn_source::cash_flow_sheet_report_em::PURCHASE_SUBSIDIARY_OTHER,cash_flow_sheet_report_em,PURCHASE_SUBSIDIARY_OTHER,FUNDAMENTAL_LEVEL|FUNDAMENTAL_CHANGE|DISCLOSURE_EVENT,STOCK_REPORT_PERIOD,REPORT_DATE,NOTICE_DATE,UPDATE_DATE,PIT_SAFE_CURRENT_SNAPSHOT_ONLY,cash_flow_sheet_report_em.PURCHASE_SUBSIDIARY_OTHER,PIT_SIDECAR_REGISTERED_LAZY_NOT_MINUTE_EXPANDED,SLOW_XS_LEVEL|SLOW_TEMPORAL_CHANGE|DISCLOSURE_EVENT,NO_FORMAL_SEARCH_IN_THIS_TASK; SOURCE_UNIT_GLOSSARY_NOT_ASSERTED,fundamental_cashflow_sheet,double,NEXT_SESSION_AFTER_MAX_NOTICE_UPDATE,pit_fundamental.level|pit_fundamental.change|pit_fundamental.disclosure_event,ABSENT,,False,110,259127
cn_source::cash_flow_sheet_report_em::PURCHASE_SUBSIDIARY_OTHER_YOY,cash_flow_sheet_report_em,PURCHASE_SUBSIDIARY_OTHER_YOY,FUNDAMENTAL_CHANGE|DISCLOSURE_EVENT,STOCK_REPORT_PERIOD,REPORT_DATE,NOTICE_DATE,UPDATE_DATE,PIT_SAFE_CURRENT_SNAPSHOT_ONLY,cash_flow_sheet_report_em.PURCHASE_SUBSIDIARY_OTHER_YOY,PIT_SIDECAR_REGISTERED_LAZY_NOT_MINUTE_EXPANDED,SLOW_TEMPORAL_CHANGE|DISCLOSURE_EVENT,NO_FORMAL_SEARCH_IN_THIS_TASK; SOURCE_UNIT_GLOSSARY_NOT_ASSERTED,fundamental_cashflow_sheet,double,NEXT_SESSION_AFTER_MAX_NOTICE_UPDATE,pit_fundamental.change|pit_fundamental.disclosure_event,ABSENT,,False,67,259170
cn_source::cash_flow_sheet_report_em::RATE_CHANGE_EFFECT,cash_flow_sheet_report_em,RATE_CHANGE_EFFECT,FUNDAMENTAL_LEVEL|FUNDAMENTAL_CHANGE|DISCLOSURE_EVENT,STOCK_REPORT_PERIOD,REPORT_DATE,NOTICE_DATE,UPDATE_DATE,PIT_SAFE_CURRENT_SNAPSHOT_ONLY,cash_flow_sheet_report_em.RATE_CHANGE_EFFECT,PIT_SIDECAR_REGISTERED_LAZY_NOT_MINUTE_EXPANDED,SLOW_XS_LEVEL|SLOW_TEMPORAL_CHANGE|DISCLOSURE_EVENT,NO_FORMAL_SEARCH_IN_THIS_TASK; SOURCE_UNIT_GLOSSARY_NOT_ASSERTED,fundamental_cashflow_sheet,double,NEXT_SESSION_AFTER_MAX_NOTICE_UPDATE,pit_fundamental.level|pit_fundamental.change|pit_fundamental.disclosure_event,ABSENT,,False,169157,90080
cn_source::cash_flow_sheet_report_em::RATE_CHANGE_EFFECT_YOY,cash_flow_sheet_report_em,RATE_CHANGE_EFFECT_YOY,FUNDAMENTAL_CHANGE|DISCLOSURE_EVENT,STOCK_REPORT_PERIOD,REPORT_DATE,NOTICE_DATE,UPDATE_DATE,PIT_SAFE_CURRENT_SNAPSHOT_ONLY,cash_flow_sheet_report_em.RATE_CHANGE_EFFECT_YOY,PIT_SIDECAR_REGISTERED_LAZY_NOT_MINUTE_EXPANDED,SLOW_TEMPORAL_CHANGE|DISCLOSURE_EVENT,NO_FORMAL_SEARCH_IN_THIS_TASK; SOURCE_UNIT_GLOSSARY_NOT_ASSERTED,fundamental_cashflow_sheet,double,NEXT_SESSION_AFTER_MAX_NOTICE_UPDATE,pit_fundamental.change|pit_fundamental.disclosure_event,ABSENT,,False,144972,114265
cn_source::cash_flow_sheet_report_em::RECEIVE_ADD_EQUITY,cash_flow_sheet_report_em,RECEIVE_ADD_EQUITY,FUNDAMENTAL_LEVEL|FUNDAMENTAL_CHANGE|DISCLOSURE_EVENT,STOCK_REPORT_PERIOD,REPORT_DATE,NOTICE_DATE,UPDATE_DATE,PIT_SAFE_CURRENT_SNAPSHOT_ONLY,cash_flow_sheet_report_em.RECEIVE_ADD_EQUITY,PIT_SIDECAR_REGISTERED_LAZY_NOT_MINUTE_EXPANDED,SLOW_XS_LEVEL|SLOW_TEMPORAL_CHANGE|DISCLOSURE_EVENT,NO_FORMAL_SEARCH_IN_THIS_TASK; SOURCE_UNIT_GLOSSARY_NOT_ASSERTED,fundamental_cashflow_sheet,double,NEXT_SESSION_AFTER_MAX_NOTICE_UPDATE,pit_fundamental.level|pit_fundamental.change|pit_fundamental.disclosure_event,ABSENT,,False,25,259212
cn_source::cash_flow_sheet_report_em::RECEIVE_ADD_EQUITY_YOY,cash_flow_sheet_report_em,RECEIVE_ADD_EQUITY_YOY,FUNDAMENTAL_CHANGE|DISCLOSURE_EVENT,STOCK_REPORT_PERIOD,REPORT_DATE,NOTICE_DATE,UPDATE_DATE,PIT_SAFE_CURRENT_SNAPSHOT_ONLY,cash_flow_sheet_report_em.RECEIVE_ADD_EQUITY_YOY,PIT_SIDECAR_REGISTERED_LAZY_NOT_MINUTE_EXPANDED,SLOW_TEMPORAL_CHANGE|DISCLOSURE_EVENT,NO_FORMAL_SEARCH_IN_THIS_TASK; SOURCE_UNIT_GLOSSARY_NOT_ASSERTED,fundamental_cashflow_sheet,double,NEXT_SESSION_AFTER_MAX_NOTICE_UPDATE,pit_fundamental.change|pit_fundamental.disclosure_event,ABSENT,,False,4,259233
cn_source::cash_flow_sheet_report_em::RECEIVE_AGENT_TRADE,cash_flow_sheet_report_em,RECEIVE_AGENT_TRADE,FUNDAMENTAL_LEVEL|FUNDAMENTAL_CHANGE|DISCLOSURE_EVENT,STOCK_REPORT_PERIOD,REPORT_DATE,NOTICE_DATE,UPDATE_DATE,PIT_SAFE_CURRENT_SNAPSHOT_ONLY,cash_flow_sheet_report_em.RECEIVE_AGENT_TRADE,PIT_SIDECAR_REGISTERED_LAZY_NOT_MINUTE_EXPANDED,SLOW_XS_LEVEL|SLOW_TEMPORAL_CHANGE|DISCLOSURE_EVENT,NO_FORMAL_SEARCH_IN_THIS_TASK; SOURCE_UNIT_GLOSSARY_NOT_ASSERTED,fundamental_cashflow_sheet,double,NEXT_SESSION_AFTER_MAX_NOTICE_UPDATE,pit_fundamental.level|pit_fundamental.change|pit_fundamental.disclosure_event,ABSENT,,False,1345,257892
cn_source::cash_flow_sheet_report_em::RECEIVE_AGENT_TRADE_YOY,cash_flow_sheet_report_em,RECEIVE_AGENT_TRADE_YOY,FUNDAMENTAL_CHANGE|DISCLOSURE_EVENT,STOCK_REPORT_PERIOD,REPORT_DATE,NOTICE_DATE,UPDATE_DATE,PIT_SAFE_CURRENT_SNAPSHOT_ONLY,cash_flow_sheet_report_em.RECEIVE_AGENT_TRADE_YOY,PIT_SIDECAR_REGISTERED_LAZY_NOT_MINUTE_EXPANDED,SLOW_TEMPORAL_CHANGE|DISCLOSURE_EVENT,NO_FORMAL_SEARCH_IN_THIS_TASK; SOURCE_UNIT_GLOSSARY_NOT_ASSERTED,fundamental_cashflow_sheet,double,NEXT_SESSION_AFTER_MAX_NOTICE_UPDATE,pit_fundamental.change|pit_fundamental.disclosure_event,ABSENT,,False,854,258383
cn_source::cash_flow_sheet_report_em::RECEIVE_AGENT_UNDERWRITE,cash_flow_sheet_report_em,RECEIVE_AGENT_UNDERWRITE,FUNDAMENTAL_LEVEL|FUNDAMENTAL_CHANGE|DISCLOSURE_EVENT,STOCK_REPORT_PERIOD,REPORT_DATE,NOTICE_DATE,UPDATE_DATE,PIT_SAFE_CURRENT_SNAPSHOT_ONLY,cash_flow_sheet_report_em.RECEIVE_AGENT_UNDERWRITE,PIT_SIDECAR_REGISTERED_LAZY_NOT_MINUTE_EXPANDED,SLOW_XS_LEVEL|SLOW_TEMPORAL_CHANGE|DISCLOSURE_EVENT,NO_FORMAL_SEARCH_IN_THIS_TASK; SOURCE_UNIT_GLOSSARY_NOT_ASSERTED,fundamental_cashflow_sheet,double,NEXT_SESSION_AFTER_MAX_NOTICE_UPDATE,pit_fundamental.level|pit_fundamental.change|pit_fundamental.disclosure_event,ABSENT,,False,235,259002
cn_source::cash_flow_sheet_report_em::RECEIVE_AGENT_UNDERWRITE_YOY,cash_flow_sheet_report_em,RECEIVE_AGENT_UNDERWRITE_YOY,FUNDAMENTAL_CHANGE|DISCLOSURE_EVENT,STOCK_REPORT_PERIOD,REPORT_DATE,NOTICE_DATE,UPDATE_DATE,PIT_SAFE_CURRENT_SNAPSHOT_ONLY,cash_flow_sheet_report_em.RECEIVE_AGENT_UNDERWRITE_YOY,PIT_SIDECAR_REGISTERED_LAZY_NOT_MINUTE_EXPANDED,SLOW_TEMPORAL_CHANGE|DISCLOSURE_EVENT,NO_FORMAL_SEARCH_IN_THIS_TASK; SOURCE_UNIT_GLOSSARY_NOT_ASSERTED,fundamental_cashflow_sheet,double,NEXT_SESSION_AFTER_MAX_NOTICE_UPDATE,pit_fundamental.change|pit_fundamental.disclosure_event,ABSENT,,False,43,259194
cn_source::cash_flow_sheet_report_em::RECEIVE_BUY_RESALE,cash_flow_sheet_report_em,RECEIVE_BUY_RESALE,FUNDAMENTAL_LEVEL|FUNDAMENTAL_CHANGE|DISCLOSURE_EVENT,STOCK_REPORT_PERIOD,REPORT_DATE,NOTICE_DATE,UPDATE_DATE,PIT_SAFE_CURRENT_SNAPSHOT_ONLY,cash_flow_sheet_report_em.RECEIVE_BUY_RESALE,PIT_SIDECAR_REGISTERED_LAZY_NOT_MINUTE_EXPANDED,SLOW_XS_LEVEL|SLOW_TEMPORAL_CHANGE|DISCLOSURE_EVENT,NO_FORMAL_SEARCH_IN_THIS_TASK; SOURCE_UNIT_GLOSSARY_NOT_ASSERTED,fundamental_cashflow_sheet,double,NEXT_SESSION_AFTER_MAX_NOTICE_UPDATE,pit_fundamental.level|pit_fundamental.change|pit_fundamental.disclosure_event,ABSENT,,False,296,258941
cn_source::cash_flow_sheet_report_em::RECEIVE_BUY_RESALE_YOY,cash_flow_sheet_report_em,RECEIVE_BUY_RESALE_YOY,FUNDAMENTAL_CHANGE|DISCLOSURE_EVENT,STOCK_REPORT_PERIOD,REPORT_DATE,NOTICE_DATE,UPDATE_DATE,PIT_SAFE_CURRENT_SNAPSHOT_ONLY,cash_flow_sheet_report_em.RECEIVE_BUY_RESALE_YOY,PIT_SIDECAR_REGISTERED_LAZY_NOT_MINUTE_EXPANDED,SLOW_TEMPORAL_CHANGE|DISCLOSURE_EVENT,NO_FORMAL_SEARCH_IN_THIS_TASK; SOURCE_UNIT_GLOSSARY_NOT_ASSERTED,fundamental_cashflow_sheet,double,NEXT_SESSION_AFTER_MAX_NOTICE_UPDATE,pit_fundamental.change|pit_fundamental.disclosure_event,ABSENT,,False,95,259142
cn_source::cash_flow_sheet_report_em::RECEIVE_COMMISSION,cash_flow_sheet_report_em,RECEIVE_COMMISSION,FUNDAMENTAL_LEVEL|FUNDAMENTAL_CHANGE|DISCLOSURE_EVENT,STOCK_REPORT_PERIOD,REPORT_DATE,NOTICE_DATE,UPDATE_DATE,PIT_SAFE_CURRENT_SNAPSHOT_ONLY,cash_flow_sheet_report_em.RECEIVE_COMMISSION,PIT_SIDECAR_REGISTERED_LAZY_NOT_MINUTE_EXPANDED,SLOW_XS_LEVEL|SLOW_TEMPORAL_CHANGE|DISCLOSURE_EVENT,NO_FORMAL_SEARCH_IN_THIS_TASK; SOURCE_UNIT_GLOSSARY_NOT_ASSERTED,fundamental_cashflow_sheet,double,NEXT_SESSION_AFTER_MAX_NOTICE_UPDATE,pit_fundamental.level|pit_fundamental.change|pit_fundamental.disclosure_event,ABSENT,,False,426,258811
cn_source::cash_flow_sheet_report_em::RECEIVE_COMMISSION_YOY,cash_flow_sheet_report_em,RECEIVE_COMMISSION_YOY,FUNDAMENTAL_CHANGE|DISCLOSURE_EVENT,STOCK_REPORT_PERIOD,REPORT_DATE,NOTICE_DATE,UPDATE_DATE,PIT_SAFE_CURRENT_SNAPSHOT_ONLY,cash_flow_sheet_report_em.RECEIVE_COMMISSION_YOY,PIT_SIDECAR_REGISTERED_LAZY_NOT_MINUTE_EXPANDED,SLOW_TEMPORAL_CHANGE|DISCLOSURE_EVENT,NO_FORMAL_SEARCH_IN_THIS_TASK; SOURCE_UNIT_GLOSSARY_NOT_ASSERTED,fundamental_cashflow_sheet,double,NEXT_SESSION_AFTER_MAX_NOTICE_UPDATE,pit_fundamental.change|pit_fundamental.disclosure_event,ABSENT,,False,239,258998
cn_source::cash_flow_sheet_report_em::RECEIVE_DIVIDEND_PROFIT,cash_flow_sheet_report_em,RECEIVE_DIVIDEND_PROFIT,FUNDAMENTAL_LEVEL|FUNDAMENTAL_CHANGE|DISCLOSURE_EVENT,STOCK_REPORT_PERIOD,REPORT_DATE,NOTICE_DATE,UPDATE_DATE,PIT_SAFE_CURRENT_SNAPSHOT_ONLY,cash_flow_sheet_report_em.RECEIVE_DIVIDEND_PROFIT,PIT_SIDECAR_REGISTERED_LAZY_NOT_MINUTE_EXPANDED,SLOW_XS_LEVEL|SLOW_TEMPORAL_CHANGE|DISCLOSURE_EVENT,NO_FORMAL_SEARCH_IN_THIS_TASK; SOURCE_UNIT_GLOSSARY_NOT_ASSERTED,fundamental_cashflow_sheet,double,NEXT_SESSION_AFTER_MAX_NOTICE_UPDATE,pit_fundamental.level|pit_fundamental.change|pit_fundamental.disclosure_event,ABSENT,,False,208,259029
cn_source::cash_flow_sheet_report_em::RECEIVE_DIVIDEND_PROFIT_YOY,cash_flow_sheet_report_em,RECEIVE_DIVIDEND_PROFIT_YOY,FUNDAMENTAL_CHANGE|DISCLOSURE_EVENT,STOCK_REPORT_PERIOD,REPORT_DATE,NOTICE_DATE,UPDATE_DATE,PIT_SAFE_CURRENT_SNAPSHOT_ONLY,cash_flow_sheet_report_em.RECEIVE_DIVIDEND_PROFIT_YOY,PIT_SIDECAR_REGISTERED_LAZY_NOT_MINUTE_EXPANDED,SLOW_TEMPORAL_CHANGE|DISCLOSURE_EVENT,NO_FORMAL_SEARCH_IN_THIS_TASK; SOURCE_UNIT_GLOSSARY_NOT_ASSERTED,fundamental_cashflow_sheet,double,NEXT_SESSION_AFTER_MAX_NOTICE_UPDATE,pit_fundamental.change|pit_fundamental.disclosure_event,ABSENT,,False,39,259198
cn_source::cash_flow_sheet_report_em::RECEIVE_INTEREST,cash_flow_sheet_report_em,RECEIVE_INTEREST,FUNDAMENTAL_LEVEL|FUNDAMENTAL_CHANGE|DISCLOSURE_EVENT,STOCK_REPORT_PERIOD,REPORT_DATE,NOTICE_DATE,UPDATE_DATE,PIT_SAFE_CURRENT_SNAPSHOT_ONLY,cash_flow_sheet_report_em.RECEIVE_INTEREST,PIT_SIDECAR_REGISTERED_LAZY_NOT_MINUTE_EXPANDED,SLOW_XS_LEVEL|SLOW_TEMPORAL_CHANGE|DISCLOSURE_EVENT,NO_FORMAL_SEARCH_IN_THIS_TASK; SOURCE_UNIT_GLOSSARY_NOT_ASSERTED,fundamental_cashflow_sheet,double,NEXT_SESSION_AFTER_MAX_NOTICE_UPDATE,pit_fundamental.level|pit_fundamental.change|pit_fundamental.disclosure_event,ABSENT,,False,400,258837
cn_source::cash_flow_sheet_report_em::RECEIVE_INTEREST_COMMISSION,cash_flow_sheet_report_em,RECEIVE_INTEREST_COMMISSION,FUNDAMENTAL_LEVEL|FUNDAMENTAL_CHANGE|DISCLOSURE_EVENT,STOCK_REPORT_PERIOD,REPORT_DATE,NOTICE_DATE,UPDATE_DATE,PIT_SAFE_CURRENT_SNAPSHOT_ONLY,cash_flow_sheet_report_em.RECEIVE_INTEREST_COMMISSION,PIT_SIDECAR_REGISTERED_LAZY_NOT_MINUTE_EXPANDED,SLOW_XS_LEVEL|SLOW_TEMPORAL_CHANGE|DISCLOSURE_EVENT,NO_FORMAL_SEARCH_IN_THIS_TASK; SOURCE_UNIT_GLOSSARY_NOT_ASSERTED,fundamental_cashflow_sheet,double,NEXT_SESSION_AFTER_MAX_NOTICE_UPDATE,pit_fundamental.level|pit_fundamental.change|pit_fundamental.disclosure_event,ABSENT,,False,12620,246617
cn_source::cash_flow_sheet_report_em::RECEIVE_INTEREST_COMMISSION_YOY,cash_flow_sheet_report_em,RECEIVE_INTEREST_COMMISSION_YOY,FUNDAMENTAL_CHANGE|DISCLOSURE_EVENT,STOCK_REPORT_PERIOD,REPORT_DATE,NOTICE_DATE,UPDATE_DATE,PIT_SAFE_CURRENT_SNAPSHOT_ONLY,cash_flow_sheet_report_em.RECEIVE_INTEREST_COMMISSION_YOY,PIT_SIDECAR_REGISTERED_LAZY_NOT_MINUTE_EXPANDED,SLOW_TEMPORAL_CHANGE|DISCLOSURE_EVENT,NO_FORMAL_SEARCH_IN_THIS_TASK; SOURCE_UNIT_GLOSSARY_NOT_ASSERTED,fundamental_cashflow_sheet,double,NEXT_SESSION_AFTER_MAX_NOTICE_UPDATE,pit_fundamental.change|pit_fundamental.disclosure_event,ABSENT,,False,8177,251060
cn_source::cash_flow_sheet_report_em::RECEIVE_INTEREST_YOY,cash_flow_sheet_report_em,RECEIVE_INTEREST_YOY,FUNDAMENTAL_CHANGE|DISCLOSURE_EVENT,STOCK_REPORT_PERIOD,REPORT_DATE,NOTICE_DATE,UPDATE_DATE,PIT_SAFE_CURRENT_SNAPSHOT_ONLY,cash_flow_sheet_report_em.RECEIVE_INTEREST_YOY,PIT_SIDECAR_REGISTERED_LAZY_NOT_MINUTE_EXPANDED,SLOW_TEMPORAL_CHANGE|DISCLOSURE_EVENT,NO_FORMAL_SEARCH_IN_THIS_TASK; SOURCE_UNIT_GLOSSARY_NOT_ASSERTED,fundamental_cashflow_sheet,double,NEXT_SESSION_AFTER_MAX_NOTICE_UPDATE,pit_fundamental.change|pit_fundamental.disclosure_event,ABSENT,,False,215,259022
cn_source::cash_flow_sheet_report_em::RECEIVE_INVEST_INCOME,cash_flow_sheet_report_em,RECEIVE_INVEST_INCOME,FUNDAMENTAL_LEVEL|FUNDAMENTAL_CHANGE|DISCLOSURE_EVENT,STOCK_REPORT_PERIOD,REPORT_DATE,NOTICE_DATE,UPDATE_DATE,PIT_SAFE_CURRENT_SNAPSHOT_ONLY,cash_flow_sheet_report_em.RECEIVE_INVEST_INCOME,PIT_SIDECAR_REGISTERED_LAZY_NOT_MINUTE_EXPANDED,SLOW_XS_LEVEL|SLOW_TEMPORAL_CHANGE|DISCLOSURE_EVENT,NO_FORMAL_SEARCH_IN_THIS_TASK; SOURCE_UNIT_GLOSSARY_NOT_ASSERTED,fundamental_cashflow_sheet,double,NEXT_SESSION_AFTER_MAX_NOTICE_UPDATE,pit_fundamental.level|pit_fundamental.change|pit_fundamental.disclosure_event,ABSENT,,False,154623,104614
cn_source::cash_flow_sheet_report_em::RECEIVE_INVEST_INCOME_YOY,cash_flow_sheet_report_em,RECEIVE_INVEST_INCOME_YOY,FUNDAMENTAL_CHANGE|DISCLOSURE_EVENT,STOCK_REPORT_PERIOD,REPORT_DATE,NOTICE_DATE,UPDATE_DATE,PIT_SAFE_CURRENT_SNAPSHOT_ONLY,cash_flow_sheet_report_em.RECEIVE_INVEST_INCOME_YOY,PIT_SIDECAR_REGISTERED_LAZY_NOT_MINUTE_EXPANDED,SLOW_TEMPORAL_CHANGE|DISCLOSURE_EVENT,NO_FORMAL_SEARCH_IN_THIS_TASK; SOURCE_UNIT_GLOSSARY_NOT_ASSERTED,fundamental_cashflow_sheet,double,NEXT_SESSION_AFTER_MAX_NOTICE_UPDATE,pit_fundamental.change|pit_fundamental.disclosure_event,ABSENT,,False,117991,141246
cn_source::cash_flow_sheet_report_em::RECEIVE_LOAN_CASH,cash_flow_sheet_report_em,RECEIVE_LOAN_CASH,FUNDAMENTAL_LEVEL|FUNDAMENTAL_CHANGE|DISCLOSURE_EVENT,STOCK_REPORT_PERIOD,REPORT_DATE,NOTICE_DATE,UPDATE_DATE,PIT_SAFE_CURRENT_SNAPSHOT_ONLY,cash_flow_sheet_report_em.RECEIVE_LOAN_CASH,PIT_SIDECAR_REGISTERED_LAZY_NOT_MINUTE_EXPANDED,SLOW_XS_LEVEL|SLOW_TEMPORAL_CHANGE|DISCLOSURE_EVENT,NO_FORMAL_SEARCH_IN_THIS_TASK; SOURCE_UNIT_GLOSSARY_NOT_ASSERTED,fundamental_cashflow_sheet,double,NEXT_SESSION_AFTER_MAX_NOTICE_UPDATE,pit_fundamental.level|pit_fundamental.change|pit_fundamental.disclosure_event,ABSENT,,False,201046,58191
cn_source::cash_flow_sheet_report_em::RECEIVE_LOAN_CASH_YOY,cash_flow_sheet_report_em,RECEIVE_LOAN_CASH_YOY,FUNDAMENTAL_CHANGE|DISCLOSURE_EVENT,STOCK_REPORT_PERIOD,REPORT_DATE,NOTICE_DATE,UPDATE_DATE,PIT_SAFE_CURRENT_SNAPSHOT_ONLY,cash_flow_sheet_report_em.RECEIVE_LOAN_CASH_YOY,PIT_SIDECAR_REGISTERED_LAZY_NOT_MINUTE_EXPANDED,SLOW_TEMPORAL_CHANGE|DISCLOSURE_EVENT,NO_FORMAL_SEARCH_IN_THIS_TASK; SOURCE_UNIT_GLOSSARY_NOT_ASSERTED,fundamental_cashflow_sheet,double,NEXT_SESSION_AFTER_MAX_NOTICE_UPDATE,pit_fundamental.change|pit_fundamental.disclosure_event,ABSENT,,False,168858,90379
cn_source::cash_flow_sheet_report_em::RECEIVE_ORIGIC_PREMIUM,cash_flow_sheet_report_em,RECEIVE_ORIGIC_PREMIUM,FUNDAMENTAL_LEVEL|FUNDAMENTAL_CHANGE|DISCLOSURE_EVENT,STOCK_REPORT_PERIOD,REPORT_DATE,NOTICE_DATE,UPDATE_DATE,PIT_SAFE_CURRENT_SNAPSHOT_ONLY,cash_flow_sheet_report_em.RECEIVE_ORIGIC_PREMIUM,PIT_SIDECAR_REGISTERED_LAZY_NOT_MINUTE_EXPANDED,SLOW_XS_LEVEL|SLOW_TEMPORAL_CHANGE|DISCLOSURE_EVENT,NO_FORMAL_SEARCH_IN_THIS_TASK; SOURCE_UNIT_GLOSSARY_NOT_ASSERTED,fundamental_cashflow_sheet,double,NEXT_SESSION_AFTER_MAX_NOTICE_UPDATE,pit_fundamental.level|pit_fundamental.change|pit_fundamental.disclosure_event,ABSENT,,False,3535,255702
cn_source::cash_flow_sheet_report_em::RECEIVE_ORIGIC_PREMIUM_YOY,cash_flow_sheet_report_em,RECEIVE_ORIGIC_PREMIUM_YOY,FUNDAMENTAL_CHANGE|DISCLOSURE_EVENT,STOCK_REPORT_PERIOD,REPORT_DATE,NOTICE_DATE,UPDATE_DATE,PIT_SAFE_CURRENT_SNAPSHOT_ONLY,cash_flow_sheet_report_em.RECEIVE_ORIGIC_PREMIUM_YOY,PIT_SIDECAR_REGISTERED_LAZY_NOT_MINUTE_EXPANDED,SLOW_TEMPORAL_CHANGE|DISCLOSURE_EVENT,NO_FORMAL_SEARCH_IN_THIS_TASK; SOURCE_UNIT_GLOSSARY_NOT_ASSERTED,fundamental_cashflow_sheet,double,NEXT_SESSION_AFTER_MAX_NOTICE_UPDATE,pit_fundamental.change|pit_fundamental.disclosure_event,ABSENT,,False,463,258774
cn_source::cash_flow_sheet_report_em::RECEIVE_OTHER_FINANCE,cash_flow_sheet_report_em,RECEIVE_OTHER_FINANCE,FUNDAMENTAL_LEVEL|FUNDAMENTAL_CHANGE|DISCLOSURE_EVENT,STOCK_REPORT_PERIOD,REPORT_DATE,NOTICE_DATE,UPDATE_DATE,PIT_SAFE_CURRENT_SNAPSHOT_ONLY,cash_flow_sheet_report_em.RECEIVE_OTHER_FINANCE,PIT_SIDECAR_REGISTERED_LAZY_NOT_MINUTE_EXPANDED,SLOW_XS_LEVEL|SLOW_TEMPORAL_CHANGE|DISCLOSURE_EVENT,NO_FORMAL_SEARCH_IN_THIS_TASK; SOURCE_UNIT_GLOSSARY_NOT_ASSERTED,fundamental_cashflow_sheet,double,NEXT_SESSION_AFTER_MAX_NOTICE_UPDATE,pit_fundamental.level|pit_fundamental.change|pit_fundamental.disclosure_event,ABSENT,,False,101474,157763
cn_source::cash_flow_sheet_report_em::RECEIVE_OTHER_FINANCE_YOY,cash_flow_sheet_report_em,RECEIVE_OTHER_FINANCE_YOY,FUNDAMENTAL_CHANGE|DISCLOSURE_EVENT,STOCK_REPORT_PERIOD,REPORT_DATE,NOTICE_DATE,UPDATE_DATE,PIT_SAFE_CURRENT_SNAPSHOT_ONLY,cash_flow_sheet_report_em.RECEIVE_OTHER_FINANCE_YOY,PIT_SIDECAR_REGISTERED_LAZY_NOT_MINUTE_EXPANDED,SLOW_TEMPORAL_CHANGE|DISCLOSURE_EVENT,NO_FORMAL_SEARCH_IN_THIS_TASK; SOURCE_UNIT_GLOSSARY_NOT_ASSERTED,fundamental_cashflow_sheet,double,NEXT_SESSION_AFTER_MAX_NOTICE_UPDATE,pit_fundamental.change|pit_fundamental.disclosure_event,ABSENT,,False,62485,196752
cn_source::cash_flow_sheet_report_em::RECEIVE_OTHER_INVEST,cash_flow_sheet_report_em,RECEIVE_OTHER_INVEST,FUNDAMENTAL_LEVEL|FUNDAMENTAL_CHANGE|DISCLOSURE_EVENT,STOCK_REPORT_PERIOD,REPORT_DATE,NOTICE_DATE,UPDATE_DATE,PIT_SAFE_CURRENT_SNAPSHOT_ONLY,cash_flow_sheet_report_em.RECEIVE_OTHER_INVEST,PIT_SIDECAR_REGISTERED_LAZY_NOT_MINUTE_EXPANDED,SLOW_XS_LEVEL|SLOW_TEMPORAL_CHANGE|DISCLOSURE_EVENT,NO_FORMAL_SEARCH_IN_THIS_TASK; SOURCE_UNIT_GLOSSARY_NOT_ASSERTED,fundamental_cashflow_sheet,double,NEXT_SESSION_AFTER_MAX_NOTICE_UPDATE,pit_fundamental.level|pit_fundamental.change|pit_fundamental.disclosure_event,ABSENT,,False,102840,156397
cn_source::cash_flow_sheet_report_em::RECEIVE_OTHER_INVEST_YOY,cash_flow_sheet_report_em,RECEIVE_OTHER_INVEST_YOY,FUNDAMENTAL_CHANGE|DISCLOSURE_EVENT,STOCK_REPORT_PERIOD,REPORT_DATE,NOTICE_DATE,UPDATE_DATE,PIT_SAFE_CURRENT_SNAPSHOT_ONLY,cash_flow_sheet_report_em.RECEIVE_OTHER_INVEST_YOY,PIT_SIDECAR_REGISTERED_LAZY_NOT_MINUTE_EXPANDED,SLOW_TEMPORAL_CHANGE|DISCLOSURE_EVENT,NO_FORMAL_SEARCH_IN_THIS_TASK; SOURCE_UNIT_GLOSSARY_NOT_ASSERTED,fundamental_cashflow_sheet,double,NEXT_SESSION_AFTER_MAX_NOTICE_UPDATE,pit_fundamental.change|pit_fundamental.disclosure_event,ABSENT,,False,66036,193201
cn_source::cash_flow_sheet_report_em::RECEIVE_OTHER_OPERATE,cash_flow_sheet_report_em,RECEIVE_OTHER_OPERATE,FUNDAMENTAL_LEVEL|FUNDAMENTAL_CHANGE|DISCLOSURE_EVENT,STOCK_REPORT_PERIOD,REPORT_DATE,NOTICE_DATE,UPDATE_DATE,PIT_SAFE_CURRENT_SNAPSHOT_ONLY,cash_flow_sheet_report_em.RECEIVE_OTHER_OPERATE,PIT_SIDECAR_REGISTERED_LAZY_NOT_MINUTE_EXPANDED,SLOW_XS_LEVEL|SLOW_TEMPORAL_CHANGE|DISCLOSURE_EVENT,NO_FORMAL_SEARCH_IN_THIS_TASK; SOURCE_UNIT_GLOSSARY_NOT_ASSERTED,fundamental_cashflow_sheet,double,NEXT_SESSION_AFTER_MAX_NOTICE_UPDATE,pit_fundamental.level|pit_fundamental.change|pit_fundamental.disclosure_event,ABSENT,,False,256407,2830
cn_source::cash_flow_sheet_report_em::RECEIVE_OTHER_OPERATE_YOY,cash_flow_sheet_report_em,RECEIVE_OTHER_OPERATE_YOY,FUNDAMENTAL_CHANGE|DISCLOSURE_EVENT,STOCK_REPORT_PERIOD,REPORT_DATE,NOTICE_DATE,UPDATE_DATE,PIT_SAFE_CURRENT_SNAPSHOT_ONLY,cash_flow_sheet_report_em.RECEIVE_OTHER_OPERATE_YOY,PIT_SIDECAR_REGISTERED_LAZY_NOT_MINUTE_EXPANDED,SLOW_TEMPORAL_CHANGE|DISCLOSURE_EVENT,NO_FORMAL_SEARCH_IN_THIS_TASK; SOURCE_UNIT_GLOSSARY_NOT_ASSERTED,fundamental_cashflow_sheet,double,NEXT_SESSION_AFTER_MAX_NOTICE_UPDATE,pit_fundamental.change|pit_fundamental.disclosure_event,ABSENT,,False,234194,25043
cn_source::cash_flow_sheet_report_em::RECEIVE_REINSURE_NET,cash_flow_sheet_report_em,RECEIVE_REINSURE_NET,FUNDAMENTAL_LEVEL|FUNDAMENTAL_CHANGE|DISCLOSURE_EVENT,STOCK_REPORT_PERIOD,REPORT_DATE,NOTICE_DATE,UPDATE_DATE,PIT_SAFE_CURRENT_SNAPSHOT_ONLY,cash_flow_sheet_report_em.RECEIVE_REINSURE_NET,PIT_SIDECAR_REGISTERED_LAZY_NOT_MINUTE_EXPANDED,SLOW_XS_LEVEL|SLOW_TEMPORAL_CHANGE|DISCLOSURE_EVENT,NO_FORMAL_SEARCH_IN_THIS_TASK; SOURCE_UNIT_GLOSSARY_NOT_ASSERTED,fundamental_cashflow_sheet,double,NEXT_SESSION_AFTER_MAX_NOTICE_UPDATE,pit_fundamental.level|pit_fundamental.change|pit_fundamental.disclosure_event,ABSENT,,False,3180,256057
cn_source::cash_flow_sheet_report_em::RECEIVE_REINSURE_NET_YOY,cash_flow_sheet_report_em,RECEIVE_REINSURE_NET_YOY,FUNDAMENTAL_CHANGE|DISCLOSURE_EVENT,STOCK_REPORT_PERIOD,REPORT_DATE,NOTICE_DATE,UPDATE_DATE,PIT_SAFE_CURRENT_SNAPSHOT_ONLY,cash_flow_sheet_report_em.RECEIVE_REINSURE_NET_YOY,PIT_SIDECAR_REGISTERED_LAZY_NOT_MINUTE_EXPANDED,SLOW_TEMPORAL_CHANGE|DISCLOSURE_EVENT,NO_FORMAL_SEARCH_IN_THIS_TASK; SOURCE_UNIT_GLOSSARY_NOT_ASSERTED,fundamental_cashflow_sheet,double,NEXT_SESSION_AFTER_MAX_NOTICE_UPDATE,pit_fundamental.change|pit_fundamental.disclosure_event,ABSENT,,False,83,259154
cn_source::cash_flow_sheet_report_em::RECEIVE_SELL_REPO,cash_flow_sheet_report_em,RECEIVE_SELL_REPO,FUNDAMENTAL_LEVEL|FUNDAMENTAL_CHANGE|DISCLOSURE_EVENT,STOCK_REPORT_PERIOD,REPORT_DATE,NOTICE_DATE,UPDATE_DATE,PIT_SAFE_CURRENT_SNAPSHOT_ONLY,cash_flow_sheet_report_em.RECEIVE_SELL_REPO,PIT_SIDECAR_REGISTERED_LAZY_NOT_MINUTE_EXPANDED,SLOW_XS_LEVEL|SLOW_TEMPORAL_CHANGE|DISCLOSURE_EVENT,NO_FORMAL_SEARCH_IN_THIS_TASK; SOURCE_UNIT_GLOSSARY_NOT_ASSERTED,fundamental_cashflow_sheet,double,NEXT_SESSION_AFTER_MAX_NOTICE_UPDATE,pit_fundamental.level|pit_fundamental.change|pit_fundamental.disclosure_event,ABSENT,,False,151,259086
cn_source::cash_flow_sheet_report_em::RECEIVE_SELL_REPO_YOY,cash_flow_sheet_report_em,RECEIVE_SELL_REPO_YOY,FUNDAMENTAL_CHANGE|DISCLOSURE_EVENT,STOCK_REPORT_PERIOD,REPORT_DATE,NOTICE_DATE,UPDATE_DATE,PIT_SAFE_CURRENT_SNAPSHOT_ONLY,cash_flow_sheet_report_em.RECEIVE_SELL_REPO_YOY,PIT_SIDECAR_REGISTERED_LAZY_NOT_MINUTE_EXPANDED,SLOW_TEMPORAL_CHANGE|DISCLOSURE_EVENT,NO_FORMAL_SEARCH_IN_THIS_TASK; SOURCE_UNIT_GLOSSARY_NOT_ASSERTED,fundamental_cashflow_sheet,double,NEXT_SESSION_AFTER_MAX_NOTICE_UPDATE,pit_fundamental.change|pit_fundamental.disclosure_event,ABSENT,,False,71,259166
cn_source::cash_flow_sheet_report_em::RECEIVE_TAX_REFUND,cash_flow_sheet_report_em,RECEIVE_TAX_REFUND,FUNDAMENTAL_LEVEL|FUNDAMENTAL_CHANGE|DISCLOSURE_EVENT,STOCK_REPORT_PERIOD,REPORT_DATE,NOTICE_DATE,UPDATE_DATE,PIT_SAFE_CURRENT_SNAPSHOT_ONLY,cash_flow_sheet_report_em.RECEIVE_TAX_REFUND,PIT_SIDECAR_REGISTERED_LAZY_NOT_MINUTE_EXPANDED,SLOW_XS_LEVEL|SLOW_TEMPORAL_CHANGE|DISCLOSURE_EVENT,NO_FORMAL_SEARCH_IN_THIS_TASK; SOURCE_UNIT_GLOSSARY_NOT_ASSERTED,fundamental_cashflow_sheet,double,NEXT_SESSION_AFTER_MAX_NOTICE_UPDATE,pit_fundamental.level|pit_fundamental.change|pit_fundamental.disclosure_event,ABSENT,,False,177294,81943
cn_source::cash_flow_sheet_report_em::RECEIVE_TAX_REFUND_YOY,cash_flow_sheet_report_em,RECEIVE_TAX_REFUND_YOY,FUNDAMENTAL_CHANGE|DISCLOSURE_EVENT,STOCK_REPORT_PERIOD,REPORT_DATE,NOTICE_DATE,UPDATE_DATE,PIT_SAFE_CURRENT_SNAPSHOT_ONLY,cash_flow_sheet_report_em.RECEIVE_TAX_REFUND_YOY,PIT_SIDECAR_REGISTERED_LAZY_NOT_MINUTE_EXPANDED,SLOW_TEMPORAL_CHANGE|DISCLOSURE_EVENT,NO_FORMAL_SEARCH_IN_THIS_TASK; SOURCE_UNIT_GLOSSARY_NOT_ASSERTED,fundamental_cashflow_sheet,double,NEXT_SESSION_AFTER_MAX_NOTICE_UPDATE,pit_fundamental.change|pit_fundamental.disclosure_event,ABSENT,,False,144143,115094
cn_source::cash_flow_sheet_report_em::RECEIVE_TRADE_FINASSET,cash_flow_sheet_report_em,RECEIVE_TRADE_FINASSET,FUNDAMENTAL_LEVEL|FUNDAMENTAL_CHANGE|DISCLOSURE_EVENT,STOCK_REPORT_PERIOD,REPORT_DATE,NOTICE_DATE,UPDATE_DATE,PIT_SAFE_CURRENT_SNAPSHOT_ONLY,cash_flow_sheet_report_em.RECEIVE_TRADE_FINASSET,PIT_SIDECAR_REGISTERED_LAZY_NOT_MINUTE_EXPANDED,SLOW_XS_LEVEL|SLOW_TEMPORAL_CHANGE|DISCLOSURE_EVENT,NO_FORMAL_SEARCH_IN_THIS_TASK; SOURCE_UNIT_GLOSSARY_NOT_ASSERTED,fundamental_cashflow_sheet,double,NEXT_SESSION_AFTER_MAX_NOTICE_UPDATE,pit_fundamental.level|pit_fundamental.change|pit_fundamental.disclosure_event,ABSENT,,False,61,259176
cn_source::cash_flow_sheet_report_em::RECEIVE_TRADE_FINASSET_YOY,cash_flow_sheet_report_em,RECEIVE_TRADE_FINASSET_YOY,FUNDAMENTAL_CHANGE|DISCLOSURE_EVENT,STOCK_REPORT_PERIOD,REPORT_DATE,NOTICE_DATE,UPDATE_DATE,PIT_SAFE_CURRENT_SNAPSHOT_ONLY,cash_flow_sheet_report_em.RECEIVE_TRADE_FINASSET_YOY,PIT_SIDECAR_REGISTERED_LAZY_NOT_MINUTE_EXPANDED,SLOW_TEMPORAL_CHANGE|DISCLOSURE_EVENT,NO_FORMAL_SEARCH_IN_THIS_TASK; SOURCE_UNIT_GLOSSARY_NOT_ASSERTED,fundamental_cashflow_sheet,double,NEXT_SESSION_AFTER_MAX_NOTICE_UPDATE,pit_fundamental.change|pit_fundamental.disclosure_event,ABSENT,,False,12,259225
cn_source::cash_flow_sheet_report_em::RECEIVE_WRITEOFF,cash_flow_sheet_report_em,RECEIVE_WRITEOFF,FUNDAMENTAL_LEVEL|FUNDAMENTAL_CHANGE|DISCLOSURE_EVENT,STOCK_REPORT_PERIOD,REPORT_DATE,NOTICE_DATE,UPDATE_DATE,PIT_SAFE_CURRENT_SNAPSHOT_ONLY,cash_flow_sheet_report_em.RECEIVE_WRITEOFF,PIT_SIDECAR_REGISTERED_LAZY_NOT_MINUTE_EXPANDED,SLOW_XS_LEVEL|SLOW_TEMPORAL_CHANGE|DISCLOSURE_EVENT,NO_FORMAL_SEARCH_IN_THIS_TASK; SOURCE_UNIT_GLOSSARY_NOT_ASSERTED,fundamental_cashflow_sheet,double,NEXT_SESSION_AFTER_MAX_NOTICE_UPDATE,pit_fundamental.level|pit_fundamental.change|pit_fundamental.disclosure_event,ABSENT,,False,91,259146
cn_source::cash_flow_sheet_report_em::RECEIVE_WRITEOFF_YOY,cash_flow_sheet_report_em,RECEIVE_WRITEOFF_YOY,FUNDAMENTAL_CHANGE|DISCLOSURE_EVENT,STOCK_REPORT_PERIOD,REPORT_DATE,NOTICE_DATE,UPDATE_DATE,PIT_SAFE_CURRENT_SNAPSHOT_ONLY,cash_flow_sheet_report_em.RECEIVE_WRITEOFF_YOY,PIT_SIDECAR_REGISTERED_LAZY_NOT_MINUTE_EXPANDED,SLOW_TEMPORAL_CHANGE|DISCLOSURE_EVENT,NO_FORMAL_SEARCH_IN_THIS_TASK; SOURCE_UNIT_GLOSSARY_NOT_ASSERTED,fundamental_cashflow_sheet,double,NEXT_SESSION_AFTER_MAX_NOTICE_UPDATE,pit_fundamental.change|pit_fundamental.disclosure_event,ABSENT,,False,3,259234
cn_source::cash_flow_sheet_report_em::REDUCE_PLEDGE_TIMEDEPOSITS,cash_flow_sheet_report_em,REDUCE_PLEDGE_TIMEDEPOSITS,FUNDAMENTAL_LEVEL|FUNDAMENTAL_CHANGE|DISCLOSURE_EVENT,STOCK_REPORT_PERIOD,REPORT_DATE,NOTICE_DATE,UPDATE_DATE,PIT_SAFE_CURRENT_SNAPSHOT_ONLY,cash_flow_sheet_report_em.REDUCE_PLEDGE_TIMEDEPOSITS,PIT_SIDECAR_REGISTERED_LAZY_NOT_MINUTE_EXPANDED,SLOW_XS_LEVEL|SLOW_TEMPORAL_CHANGE|DISCLOSURE_EVENT,NO_FORMAL_SEARCH_IN_THIS_TASK; SOURCE_UNIT_GLOSSARY_NOT_ASSERTED,fundamental_cashflow_sheet,double,NEXT_SESSION_AFTER_MAX_NOTICE_UPDATE,pit_fundamental.level|pit_fundamental.change|pit_fundamental.disclosure_event,ABSENT,,False,603,258634
cn_source::cash_flow_sheet_report_em::REDUCE_PLEDGE_TIMEDEPOSITS_YOY,cash_flow_sheet_report_em,REDUCE_PLEDGE_TIMEDEPOSITS_YOY,FUNDAMENTAL_CHANGE|DISCLOSURE_EVENT,STOCK_REPORT_PERIOD,REPORT_DATE,NOTICE_DATE,UPDATE_DATE,PIT_SAFE_CURRENT_SNAPSHOT_ONLY,cash_flow_sheet_report_em.REDUCE_PLEDGE_TIMEDEPOSITS_YOY,PIT_SIDECAR_REGISTERED_LAZY_NOT_MINUTE_EXPANDED,SLOW_TEMPORAL_CHANGE|DISCLOSURE_EVENT,NO_FORMAL_SEARCH_IN_THIS_TASK; SOURCE_UNIT_GLOSSARY_NOT_ASSERTED,fundamental_cashflow_sheet,double,NEXT_SESSION_AFTER_MAX_NOTICE_UPDATE,pit_fundamental.change|pit_fundamental.disclosure_event,ABSENT,,False,68,259169
cn_source::cash_flow_sheet_report_em::REPORT_DATE,cash_flow_sheet_report_em,REPORT_DATE,METADATA_BLOCKED,STOCK_REPORT_PERIOD,REPORT_DATE,NOTICE_DATE,UPDATE_DATE,PIT_SAFE_CURRENT_SNAPSHOT_ONLY,cash_flow_sheet_report_em.REPORT_DATE,SOURCE_METADATA_SIDECAR_ONLY,BLOCKED,METADATA_NOT_SEARCHABLE,fundamental_cashflow_sheet,string,NEXT_SESSION_AFTER_MAX_NOTICE_UPDATE,,ABSENT,,False,259237,0
cn_source::cash_flow_sheet_report_em::REPORT_DATE_NAME,cash_flow_sheet_report_em,REPORT_DATE_NAME,METADATA_BLOCKED,STOCK_REPORT_PERIOD,REPORT_DATE,NOTICE_DATE,UPDATE_DATE,PIT_SAFE_CURRENT_SNAPSHOT_ONLY,cash_flow_sheet_report_em.REPORT_DATE_NAME,SOURCE_METADATA_SIDECAR_ONLY,BLOCKED,METADATA_NOT_SEARCHABLE,fundamental_cashflow_sheet,string,NEXT_SESSION_AFTER_MAX_NOTICE_UPDATE,,ABSENT,,False,259237,0
cn_source::cash_flow_sheet_report_em::REPORT_TYPE,cash_flow_sheet_report_em,REPORT_TYPE,METADATA_BLOCKED,STOCK_REPORT_PERIOD,REPORT_DATE,NOTICE_DATE,UPDATE_DATE,PIT_SAFE_CURRENT_SNAPSHOT_ONLY,cash_flow_sheet_report_em.REPORT_TYPE,SOURCE_METADATA_SIDECAR_ONLY,BLOCKED,METADATA_NOT_SEARCHABLE,fundamental_cashflow_sheet,string,NEXT_SESSION_AFTER_MAX_NOTICE_UPDATE,,ABSENT,,False,259237,0
cn_source::cash_flow_sheet_report_em::REPO_BUSINESS_ADD,cash_flow_sheet_report_em,REPO_BUSINESS_ADD,FUNDAMENTAL_LEVEL|FUNDAMENTAL_CHANGE|DISCLOSURE_EVENT,STOCK_REPORT_PERIOD,REPORT_DATE,NOTICE_DATE,UPDATE_DATE,PIT_SAFE_CURRENT_SNAPSHOT_ONLY,cash_flow_sheet_report_em.REPO_BUSINESS_ADD,PIT_SIDECAR_REGISTERED_LAZY_NOT_MINUTE_EXPANDED,SLOW_XS_LEVEL|SLOW_TEMPORAL_CHANGE|DISCLOSURE_EVENT,NO_FORMAL_SEARCH_IN_THIS_TASK; SOURCE_UNIT_GLOSSARY_NOT_ASSERTED,fundamental_cashflow_sheet,double,NEXT_SESSION_AFTER_MAX_NOTICE_UPDATE,pit_fundamental.level|pit_fundamental.change|pit_fundamental.disclosure_event,ABSENT,,False,5528,253709
cn_source::cash_flow_sheet_report_em::REPO_BUSINESS_ADD_YOY,cash_flow_sheet_report_em,REPO_BUSINESS_ADD_YOY,FUNDAMENTAL_CHANGE|DISCLOSURE_EVENT,STOCK_REPORT_PERIOD,REPORT_DATE,NOTICE_DATE,UPDATE_DATE,PIT_SAFE_CURRENT_SNAPSHOT_ONLY,cash_flow_sheet_report_em.REPO_BUSINESS_ADD_YOY,PIT_SIDECAR_REGISTERED_LAZY_NOT_MINUTE_EXPANDED,SLOW_TEMPORAL_CHANGE|DISCLOSURE_EVENT,NO_FORMAL_SEARCH_IN_THIS_TASK; SOURCE_UNIT_GLOSSARY_NOT_ASSERTED,fundamental_cashflow_sheet,double,NEXT_SESSION_AFTER_MAX_NOTICE_UPDATE,pit_fundamental.change|pit_fundamental.disclosure_event,ABSENT,,False,1536,257701
cn_source::cash_flow_sheet_report_em::REPO_BUSINESS_REDUCE,cash_flow_sheet_report_em,REPO_BUSINESS_REDUCE,FUNDAMENTAL_LEVEL|FUNDAMENTAL_CHANGE|DISCLOSURE_EVENT,STOCK_REPORT_PERIOD,REPORT_DATE,NOTICE_DATE,UPDATE_DATE,PIT_SAFE_CURRENT_SNAPSHOT_ONLY,cash_flow_sheet_report_em.REPO_BUSINESS_REDUCE,PIT_SIDECAR_REGISTERED_LAZY_NOT_MINUTE_EXPANDED,SLOW_XS_LEVEL|SLOW_TEMPORAL_CHANGE|DISCLOSURE_EVENT,NO_FORMAL_SEARCH_IN_THIS_TASK; SOURCE_UNIT_GLOSSARY_NOT_ASSERTED,fundamental_cashflow_sheet,double,NEXT_SESSION_AFTER_MAX_NOTICE_UPDATE,pit_fundamental.level|pit_fundamental.change|pit_fundamental.disclosure_event,ABSENT,,False,817,258420
cn_source::cash_flow_sheet_report_em::REPO_BUSINESS_REDUCE_YOY,cash_flow_sheet_report_em,REPO_BUSINESS_REDUCE_YOY,FUNDAMENTAL_CHANGE|DISCLOSURE_EVENT,STOCK_REPORT_PERIOD,REPORT_DATE,NOTICE_DATE,UPDATE_DATE,PIT_SAFE_CURRENT_SNAPSHOT_ONLY,cash_flow_sheet_report_em.REPO_BUSINESS_REDUCE_YOY,PIT_SIDECAR_REGISTERED_LAZY_NOT_MINUTE_EXPANDED,SLOW_TEMPORAL_CHANGE|DISCLOSURE_EVENT,NO_FORMAL_SEARCH_IN_THIS_TASK; SOURCE_UNIT_GLOSSARY_NOT_ASSERTED,fundamental_cashflow_sheet,double,NEXT_SESSION_AFTER_MAX_NOTICE_UPDATE,pit_fundamental.change|pit_fundamental.disclosure_event,ABSENT,,False,221,259016
cn_source::cash_flow_sheet_report_em::SALES_SERVICES,cash_flow_sheet_report_em,SALES_SERVICES,FUNDAMENTAL_LEVEL|FUNDAMENTAL_CHANGE|DISCLOSURE_EVENT,STOCK_REPORT_PERIOD,REPORT_DATE,NOTICE_DATE,UPDATE_DATE,PIT_SAFE_CURRENT_SNAPSHOT_ONLY,cash_flow_sheet_report_em.SALES_SERVICES,PIT_SIDECAR_REGISTERED_LAZY_NOT_MINUTE_EXPANDED,SLOW_XS_LEVEL|SLOW_TEMPORAL_CHANGE|DISCLOSURE_EVENT,NO_FORMAL_SEARCH_IN_THIS_TASK; SOURCE_UNIT_GLOSSARY_NOT_ASSERTED,fundamental_cashflow_sheet,double,NEXT_SESSION_AFTER_MAX_NOTICE_UPDATE,pit_fundamental.level|pit_fundamental.change|pit_fundamental.disclosure_event,ABSENT,,False,252472,6765
cn_source::cash_flow_sheet_report_em::SALES_SERVICES_YOY,cash_flow_sheet_report_em,SALES_SERVICES_YOY,FUNDAMENTAL_CHANGE|DISCLOSURE_EVENT,STOCK_REPORT_PERIOD,REPORT_DATE,NOTICE_DATE,UPDATE_DATE,PIT_SAFE_CURRENT_SNAPSHOT_ONLY,cash_flow_sheet_report_em.SALES_SERVICES_YOY,PIT_SIDECAR_REGISTERED_LAZY_NOT_MINUTE_EXPANDED,SLOW_TEMPORAL_CHANGE|DISCLOSURE_EVENT,NO_FORMAL_SEARCH_IN_THIS_TASK; SOURCE_UNIT_GLOSSARY_NOT_ASSERTED,fundamental_cashflow_sheet,double,NEXT_SESSION_AFTER_MAX_NOTICE_UPDATE,pit_fundamental.change|pit_fundamental.disclosure_event,ABSENT,,False,231175,28062
cn_source::cash_flow_sheet_report_em::SECUCODE,cash_flow_sheet_report_em,SECUCODE,METADATA_BLOCKED,STOCK_REPORT_PERIOD,REPORT_DATE,NOTICE_DATE,UPDATE_DATE,PIT_SAFE_CURRENT_SNAPSHOT_ONLY,cash_flow_sheet_report_em.SECUCODE,SOURCE_METADATA_SIDECAR_ONLY,BLOCKED,METADATA_NOT_SEARCHABLE,fundamental_cashflow_sheet,string,NEXT_SESSION_AFTER_MAX_NOTICE_UPDATE,,ABSENT,,False,259237,0
cn_source::cash_flow_sheet_report_em::SECURITY_CODE,cash_flow_sheet_report_em,SECURITY_CODE,METADATA_BLOCKED,STOCK_REPORT_PERIOD,REPORT_DATE,NOTICE_DATE,UPDATE_DATE,PIT_SAFE_CURRENT_SNAPSHOT_ONLY,cash_flow_sheet_report_em.SECURITY_CODE,SOURCE_METADATA_SIDECAR_ONLY,BLOCKED,METADATA_NOT_SEARCHABLE,fundamental_cashflow_sheet,string,NEXT_SESSION_AFTER_MAX_NOTICE_UPDATE,,ABSENT,,False,259237,0
cn_source::cash_flow_sheet_report_em::SECURITY_NAME_ABBR,cash_flow_sheet_report_em,SECURITY_NAME_ABBR,METADATA_BLOCKED,STOCK_REPORT_PERIOD,REPORT_DATE,NOTICE_DATE,UPDATE_DATE,PIT_SAFE_CURRENT_SNAPSHOT_ONLY,cash_flow_sheet_report_em.SECURITY_NAME_ABBR,SOURCE_METADATA_SIDECAR_ONLY,BLOCKED,METADATA_NOT_SEARCHABLE,fundamental_cashflow_sheet,string,NEXT_SESSION_AFTER_MAX_NOTICE_UPDATE,,ABSENT,,False,259237,0
cn_source::cash_flow_sheet_report_em::SECURITY_TYPE_CODE,cash_flow_sheet_report_em,SECURITY_TYPE_CODE,METADATA_BLOCKED,STOCK_REPORT_PERIOD,REPORT_DATE,NOTICE_DATE,UPDATE_DATE,PIT_SAFE_CURRENT_SNAPSHOT_ONLY,cash_flow_sheet_report_em.SECURITY_TYPE_CODE,SOURCE_METADATA_SIDECAR_ONLY,BLOCKED,METADATA_NOT_SEARCHABLE,fundamental_cashflow_sheet,string,NEXT_SESSION_AFTER_MAX_NOTICE_UPDATE,,ABSENT,,False,259237,0
cn_source::cash_flow_sheet_report_em::SELL_REPO_ADD,cash_flow_sheet_report_em,SELL_REPO_ADD,FUNDAMENTAL_LEVEL|FUNDAMENTAL_CHANGE|DISCLOSURE_EVENT,STOCK_REPORT_PERIOD,REPORT_DATE,NOTICE_DATE,UPDATE_DATE,PIT_SAFE_CURRENT_SNAPSHOT_ONLY,cash_flow_sheet_report_em.SELL_REPO_ADD,PIT_SIDECAR_REGISTERED_LAZY_NOT_MINUTE_EXPANDED,SLOW_XS_LEVEL|SLOW_TEMPORAL_CHANGE|DISCLOSURE_EVENT,NO_FORMAL_SEARCH_IN_THIS_TASK; SOURCE_UNIT_GLOSSARY_NOT_ASSERTED,fundamental_cashflow_sheet,double,NEXT_SESSION_AFTER_MAX_NOTICE_UPDATE,pit_fundamental.level|pit_fundamental.change|pit_fundamental.disclosure_event,ABSENT,,False,821,258416
cn_source::cash_flow_sheet_report_em::SELL_REPO_ADD_YOY,cash_flow_sheet_report_em,SELL_REPO_ADD_YOY,FUNDAMENTAL_CHANGE|DISCLOSURE_EVENT,STOCK_REPORT_PERIOD,REPORT_DATE,NOTICE_DATE,UPDATE_DATE,PIT_SAFE_CURRENT_SNAPSHOT_ONLY,cash_flow_sheet_report_em.SELL_REPO_ADD_YOY,PIT_SIDECAR_REGISTERED_LAZY_NOT_MINUTE_EXPANDED,SLOW_TEMPORAL_CHANGE|DISCLOSURE_EVENT,NO_FORMAL_SEARCH_IN_THIS_TASK; SOURCE_UNIT_GLOSSARY_NOT_ASSERTED,fundamental_cashflow_sheet,double,NEXT_SESSION_AFTER_MAX_NOTICE_UPDATE,pit_fundamental.change|pit_fundamental.disclosure_event,ABSENT,,False,358,258879
cn_source::cash_flow_sheet_report_em::SELL_REPO_REDUCE,cash_flow_sheet_report_em,SELL_REPO_REDUCE,FUNDAMENTAL_LEVEL|FUNDAMENTAL_CHANGE|DISCLOSURE_EVENT,STOCK_REPORT_PERIOD,REPORT_DATE,NOTICE_DATE,UPDATE_DATE,PIT_SAFE_CURRENT_SNAPSHOT_ONLY,cash_flow_sheet_report_em.SELL_REPO_REDUCE,PIT_SIDECAR_REGISTERED_LAZY_NOT_MINUTE_EXPANDED,SLOW_XS_LEVEL|SLOW_TEMPORAL_CHANGE|DISCLOSURE_EVENT,NO_FORMAL_SEARCH_IN_THIS_TASK; SOURCE_UNIT_GLOSSARY_NOT_ASSERTED,fundamental_cashflow_sheet,double,NEXT_SESSION_AFTER_MAX_NOTICE_UPDATE,pit_fundamental.level|pit_fundamental.change|pit_fundamental.disclosure_event,ABSENT,,False,657,258580
cn_source::cash_flow_sheet_report_em::SELL_REPO_REDUCE_YOY,cash_flow_sheet_report_em,SELL_REPO_REDUCE_YOY,FUNDAMENTAL_CHANGE|DISCLOSURE_EVENT,STOCK_REPORT_PERIOD,REPORT_DATE,NOTICE_DATE,UPDATE_DATE,PIT_SAFE_CURRENT_SNAPSHOT_ONLY,cash_flow_sheet_report_em.SELL_REPO_REDUCE_YOY,PIT_SIDECAR_REGISTERED_LAZY_NOT_MINUTE_EXPANDED,SLOW_TEMPORAL_CHANGE|DISCLOSURE_EVENT,NO_FORMAL_SEARCH_IN_THIS_TASK; SOURCE_UNIT_GLOSSARY_NOT_ASSERTED,fundamental_cashflow_sheet,double,NEXT_SESSION_AFTER_MAX_NOTICE_UPDATE,pit_fundamental.change|pit_fundamental.disclosure_event,ABSENT,,False,238,258999
cn_source::cash_flow_sheet_report_em::SUBSIDIARY_ACCEPT_INVEST,cash_flow_sheet_report_em,SUBSIDIARY_ACCEPT_INVEST,FUNDAMENTAL_LEVEL|FUNDAMENTAL_CHANGE|DISCLOSURE_EVENT,STOCK_REPORT_PERIOD,REPORT_DATE,NOTICE_DATE,UPDATE_DATE,PIT_SAFE_CURRENT_SNAPSHOT_ONLY,cash_flow_sheet_report_em.SUBSIDIARY_ACCEPT_INVEST,PIT_SIDECAR_REGISTERED_LAZY_NOT_MINUTE_EXPANDED,SLOW_XS_LEVEL|SLOW_TEMPORAL_CHANGE|DISCLOSURE_EVENT,NO_FORMAL_SEARCH_IN_THIS_TASK; SOURCE_UNIT_GLOSSARY_NOT_ASSERTED,fundamental_cashflow_sheet,double,NEXT_SESSION_AFTER_MAX_NOTICE_UPDATE,pit_fundamental.level|pit_fundamental.change|pit_fundamental.disclosure_event,ABSENT,,False,50181,209056
cn_source::cash_flow_sheet_report_em::SUBSIDIARY_ACCEPT_INVEST_YOY,cash_flow_sheet_report_em,SUBSIDIARY_ACCEPT_INVEST_YOY,FUNDAMENTAL_CHANGE|DISCLOSURE_EVENT,STOCK_REPORT_PERIOD,REPORT_DATE,NOTICE_DATE,UPDATE_DATE,PIT_SAFE_CURRENT_SNAPSHOT_ONLY,cash_flow_sheet_report_em.SUBSIDIARY_ACCEPT_INVEST_YOY,PIT_SIDECAR_REGISTERED_LAZY_NOT_MINUTE_EXPANDED,SLOW_TEMPORAL_CHANGE|DISCLOSURE_EVENT,NO_FORMAL_SEARCH_IN_THIS_TASK; SOURCE_UNIT_GLOSSARY_NOT_ASSERTED,fundamental_cashflow_sheet,double,NEXT_SESSION_AFTER_MAX_NOTICE_UPDATE,pit_fundamental.change|pit_fundamental.disclosure_event,ABSENT,,False,24720,234517
cn_source::cash_flow_sheet_report_em::SUBSIDIARY_PAY_DIVIDEND,cash_flow_sheet_report_em,SUBSIDIARY_PAY_DIVIDEND,FUNDAMENTAL_LEVEL|FUNDAMENTAL_CHANGE|DISCLOSURE_EVENT,STOCK_REPORT_PERIOD,REPORT_DATE,NOTICE_DATE,UPDATE_DATE,PIT_SAFE_CURRENT_SNAPSHOT_ONLY,cash_flow_sheet_report_em.SUBSIDIARY_PAY_DIVIDEND,PIT_SIDECAR_REGISTERED_LAZY_NOT_MINUTE_EXPANDED,SLOW_XS_LEVEL|SLOW_TEMPORAL_CHANGE|DISCLOSURE_EVENT,NO_FORMAL_SEARCH_IN_THIS_TASK; SOURCE_UNIT_GLOSSARY_NOT_ASSERTED,fundamental_cashflow_sheet,double,NEXT_SESSION_AFTER_MAX_NOTICE_UPDATE,pit_fundamental.level|pit_fundamental.change|pit_fundamental.disclosure_event,ABSENT,,False,47029,212208
cn_source::cash_flow_sheet_report_em::SUBSIDIARY_PAY_DIVIDEND_YOY,cash_flow_sheet_report_em,SUBSIDIARY_PAY_DIVIDEND_YOY,FUNDAMENTAL_CHANGE|DISCLOSURE_EVENT,STOCK_REPORT_PERIOD,REPORT_DATE,NOTICE_DATE,UPDATE_DATE,PIT_SAFE_CURRENT_SNAPSHOT_ONLY,cash_flow_sheet_report_em.SUBSIDIARY_PAY_DIVIDEND_YOY,PIT_SIDECAR_REGISTERED_LAZY_NOT_MINUTE_EXPANDED,SLOW_TEMPORAL_CHANGE|DISCLOSURE_EVENT,NO_FORMAL_SEARCH_IN_THIS_TASK; SOURCE_UNIT_GLOSSARY_NOT_ASSERTED,fundamental_cashflow_sheet,double,NEXT_SESSION_AFTER_MAX_NOTICE_UPDATE,pit_fundamental.change|pit_fundamental.disclosure_event,ABSENT,,False,29248,229989
cn_source::cash_flow_sheet_report_em::SUBSIDIARY_REDUCE_CASH,cash_flow_sheet_report_em,SUBSIDIARY_REDUCE_CASH,FUNDAMENTAL_LEVEL|FUNDAMENTAL_CHANGE|DISCLOSURE_EVENT,STOCK_REPORT_PERIOD,REPORT_DATE,NOTICE_DATE,UPDATE_DATE,PIT_SAFE_CURRENT_SNAPSHOT_ONLY,cash_flow_sheet_report_em.SUBSIDIARY_REDUCE_CASH,PIT_SIDECAR_REGISTERED_LAZY_NOT_MINUTE_EXPANDED,SLOW_XS_LEVEL|SLOW_TEMPORAL_CHANGE|DISCLOSURE_EVENT,NO_FORMAL_SEARCH_IN_THIS_TASK; SOURCE_UNIT_GLOSSARY_NOT_ASSERTED,fundamental_cashflow_sheet,double,NEXT_SESSION_AFTER_MAX_NOTICE_UPDATE,pit_fundamental.level|pit_fundamental.change|pit_fundamental.disclosure_event,ABSENT,,False,20168,239069
cn_source::cash_flow_sheet_report_em::SUBSIDIARY_REDUCE_CASH_YOY,cash_flow_sheet_report_em,SUBSIDIARY_REDUCE_CASH_YOY,FUNDAMENTAL_CHANGE|DISCLOSURE_EVENT,STOCK_REPORT_PERIOD,REPORT_DATE,NOTICE_DATE,UPDATE_DATE,PIT_SAFE_CURRENT_SNAPSHOT_ONLY,cash_flow_sheet_report_em.SUBSIDIARY_REDUCE_CASH_YOY,PIT_SIDECAR_REGISTERED_LAZY_NOT_MINUTE_EXPANDED,SLOW_TEMPORAL_CHANGE|DISCLOSURE_EVENT,NO_FORMAL_SEARCH_IN_THIS_TASK; SOURCE_UNIT_GLOSSARY_NOT_ASSERTED,fundamental_cashflow_sheet,double,NEXT_SESSION_AFTER_MAX_NOTICE_UPDATE,pit_fundamental.change|pit_fundamental.disclosure_event,ABSENT,,False,6,259231
cn_source::cash_flow_sheet_report_em::TOTAL_FINANCE_INFLOW,cash_flow_sheet_report_em,TOTAL_FINANCE_INFLOW,FUNDAMENTAL_LEVEL|FUNDAMENTAL_CHANGE|DISCLOSURE_EVENT,STOCK_REPORT_PERIOD,REPORT_DATE,NOTICE_DATE,UPDATE_DATE,PIT_SAFE_CURRENT_SNAPSHOT_ONLY,cash_flow_sheet_report_em.TOTAL_FINANCE_INFLOW,PIT_SIDECAR_REGISTERED_LAZY_NOT_MINUTE_EXPANDED,SLOW_XS_LEVEL|SLOW_TEMPORAL_CHANGE|DISCLOSURE_EVENT,NO_FORMAL_SEARCH_IN_THIS_TASK; SOURCE_UNIT_GLOSSARY_NOT_ASSERTED,fundamental_cashflow_sheet,double,NEXT_SESSION_AFTER_MAX_NOTICE_UPDATE,pit_fundamental.level|pit_fundamental.change|pit_fundamental.disclosure_event,ABSENT,,False,229014,30223
cn_source::cash_flow_sheet_report_em::TOTAL_FINANCE_INFLOW_YOY,cash_flow_sheet_report_em,TOTAL_FINANCE_INFLOW_YOY,FUNDAMENTAL_CHANGE|DISCLOSURE_EVENT,STOCK_REPORT_PERIOD,REPORT_DATE,NOTICE_DATE,UPDATE_DATE,PIT_SAFE_CURRENT_SNAPSHOT_ONLY,cash_flow_sheet_report_em.TOTAL_FINANCE_INFLOW_YOY,PIT_SIDECAR_REGISTERED_LAZY_NOT_MINUTE_EXPANDED,SLOW_TEMPORAL_CHANGE|DISCLOSURE_EVENT,NO_FORMAL_SEARCH_IN_THIS_TASK; SOURCE_UNIT_GLOSSARY_NOT_ASSERTED,fundamental_cashflow_sheet,double,NEXT_SESSION_AFTER_MAX_NOTICE_UPDATE,pit_fundamental.change|pit_fundamental.disclosure_event,ABSENT,,False,193894,65343
cn_source::cash_flow_sheet_report_em::TOTAL_FINANCE_OUTFLOW,cash_flow_sheet_report_em,TOTAL_FINANCE_OUTFLOW,FUNDAMENTAL_LEVEL|FUNDAMENTAL_CHANGE|DISCLOSURE_EVENT,STOCK_REPORT_PERIOD,REPORT_DATE,NOTICE_DATE,UPDATE_DATE,PIT_SAFE_CURRENT_SNAPSHOT_ONLY,cash_flow_sheet_report_em.TOTAL_FINANCE_OUTFLOW,PIT_SIDECAR_REGISTERED_LAZY_NOT_MINUTE_EXPANDED,SLOW_XS_LEVEL|SLOW_TEMPORAL_CHANGE|DISCLOSURE_EVENT,NO_FORMAL_SEARCH_IN_THIS_TASK; SOURCE_UNIT_GLOSSARY_NOT_ASSERTED,fundamental_cashflow_sheet,double,NEXT_SESSION_AFTER_MAX_NOTICE_UPDATE,pit_fundamental.level|pit_fundamental.change|pit_fundamental.disclosure_event,ABSENT,,False,249607,9630
cn_source::cash_flow_sheet_report_em::TOTAL_FINANCE_OUTFLOW_YOY,cash_flow_sheet_report_em,TOTAL_FINANCE_OUTFLOW_YOY,FUNDAMENTAL_CHANGE|DISCLOSURE_EVENT,STOCK_REPORT_PERIOD,REPORT_DATE,NOTICE_DATE,UPDATE_DATE,PIT_SAFE_CURRENT_SNAPSHOT_ONLY,cash_flow_sheet_report_em.TOTAL_FINANCE_OUTFLOW_YOY,PIT_SIDECAR_REGISTERED_LAZY_NOT_MINUTE_EXPANDED,SLOW_TEMPORAL_CHANGE|DISCLOSURE_EVENT,NO_FORMAL_SEARCH_IN_THIS_TASK; SOURCE_UNIT_GLOSSARY_NOT_ASSERTED,fundamental_cashflow_sheet,double,NEXT_SESSION_AFTER_MAX_NOTICE_UPDATE,pit_fundamental.change|pit_fundamental.disclosure_event,ABSENT,,False,223305,35932
cn_source::cash_flow_sheet_report_em::TOTAL_INVEST_INFLOW,cash_flow_sheet_report_em,TOTAL_INVEST_INFLOW,FUNDAMENTAL_LEVEL|FUNDAMENTAL_CHANGE|DISCLOSURE_EVENT,STOCK_REPORT_PERIOD,REPORT_DATE,NOTICE_DATE,UPDATE_DATE,PIT_SAFE_CURRENT_SNAPSHOT_ONLY,cash_flow_sheet_report_em.TOTAL_INVEST_INFLOW,PIT_SIDECAR_REGISTERED_LAZY_NOT_MINUTE_EXPANDED,SLOW_XS_LEVEL|SLOW_TEMPORAL_CHANGE|DISCLOSURE_EVENT,NO_FORMAL_SEARCH_IN_THIS_TASK; SOURCE_UNIT_GLOSSARY_NOT_ASSERTED,fundamental_cashflow_sheet,double,NEXT_SESSION_AFTER_MAX_NOTICE_UPDATE,pit_fundamental.level|pit_fundamental.change|pit_fundamental.disclosure_event,ABSENT,,False,237502,21735
cn_source::cash_flow_sheet_report_em::TOTAL_INVEST_INFLOW_YOY,cash_flow_sheet_report_em,TOTAL_INVEST_INFLOW_YOY,FUNDAMENTAL_CHANGE|DISCLOSURE_EVENT,STOCK_REPORT_PERIOD,REPORT_DATE,NOTICE_DATE,UPDATE_DATE,PIT_SAFE_CURRENT_SNAPSHOT_ONLY,cash_flow_sheet_report_em.TOTAL_INVEST_INFLOW_YOY,PIT_SIDECAR_REGISTERED_LAZY_NOT_MINUTE_EXPANDED,SLOW_TEMPORAL_CHANGE|DISCLOSURE_EVENT,NO_FORMAL_SEARCH_IN_THIS_TASK; SOURCE_UNIT_GLOSSARY_NOT_ASSERTED,fundamental_cashflow_sheet,double,NEXT_SESSION_AFTER_MAX_NOTICE_UPDATE,pit_fundamental.change|pit_fundamental.disclosure_event,ABSENT,,False,204193,55044
cn_source::cash_flow_sheet_report_em::TOTAL_INVEST_OUTFLOW,cash_flow_sheet_report_em,TOTAL_INVEST_OUTFLOW,FUNDAMENTAL_LEVEL|FUNDAMENTAL_CHANGE|DISCLOSURE_EVENT,STOCK_REPORT_PERIOD,REPORT_DATE,NOTICE_DATE,UPDATE_DATE,PIT_SAFE_CURRENT_SNAPSHOT_ONLY,cash_flow_sheet_report_em.TOTAL_INVEST_OUTFLOW,PIT_SIDECAR_REGISTERED_LAZY_NOT_MINUTE_EXPANDED,SLOW_XS_LEVEL|SLOW_TEMPORAL_CHANGE|DISCLOSURE_EVENT,NO_FORMAL_SEARCH_IN_THIS_TASK; SOURCE_UNIT_GLOSSARY_NOT_ASSERTED,fundamental_cashflow_sheet,double,NEXT_SESSION_AFTER_MAX_NOTICE_UPDATE,pit_fundamental.level|pit_fundamental.change|pit_fundamental.disclosure_event,ABSENT,,False,256993,2244
cn_source::cash_flow_sheet_report_em::TOTAL_INVEST_OUTFLOW_YOY,cash_flow_sheet_report_em,TOTAL_INVEST_OUTFLOW_YOY,FUNDAMENTAL_CHANGE|DISCLOSURE_EVENT,STOCK_REPORT_PERIOD,REPORT_DATE,NOTICE_DATE,UPDATE_DATE,PIT_SAFE_CURRENT_SNAPSHOT_ONLY,cash_flow_sheet_report_em.TOTAL_INVEST_OUTFLOW_YOY,PIT_SIDECAR_REGISTERED_LAZY_NOT_MINUTE_EXPANDED,SLOW_TEMPORAL_CHANGE|DISCLOSURE_EVENT,NO_FORMAL_SEARCH_IN_THIS_TASK; SOURCE_UNIT_GLOSSARY_NOT_ASSERTED,fundamental_cashflow_sheet,double,NEXT_SESSION_AFTER_MAX_NOTICE_UPDATE,pit_fundamental.change|pit_fundamental.disclosure_event,ABSENT,,False,234665,24572
cn_source::cash_flow_sheet_report_em::TOTAL_OPERATE_INFLOW,cash_flow_sheet_report_em,TOTAL_OPERATE_INFLOW,FUNDAMENTAL_LEVEL|FUNDAMENTAL_CHANGE|DISCLOSURE_EVENT,STOCK_REPORT_PERIOD,REPORT_DATE,NOTICE_DATE,UPDATE_DATE,PIT_SAFE_CURRENT_SNAPSHOT_ONLY,cash_flow_sheet_report_em.TOTAL_OPERATE_INFLOW,PIT_SIDECAR_REGISTERED_LAZY_NOT_MINUTE_EXPANDED,SLOW_XS_LEVEL|SLOW_TEMPORAL_CHANGE|DISCLOSURE_EVENT,NO_FORMAL_SEARCH_IN_THIS_TASK; SOURCE_UNIT_GLOSSARY_NOT_ASSERTED,fundamental_cashflow_sheet,double,NEXT_SESSION_AFTER_MAX_NOTICE_UPDATE,pit_fundamental.level|pit_fundamental.change|pit_fundamental.disclosure_event,ABSENT,,False,257811,1426
cn_source::cash_flow_sheet_report_em::TOTAL_OPERATE_INFLOW_YOY,cash_flow_sheet_report_em,TOTAL_OPERATE_INFLOW_YOY,FUNDAMENTAL_CHANGE|DISCLOSURE_EVENT,STOCK_REPORT_PERIOD,REPORT_DATE,NOTICE_DATE,UPDATE_DATE,PIT_SAFE_CURRENT_SNAPSHOT_ONLY,cash_flow_sheet_report_em.TOTAL_OPERATE_INFLOW_YOY,PIT_SIDECAR_REGISTERED_LAZY_NOT_MINUTE_EXPANDED,SLOW_TEMPORAL_CHANGE|DISCLOSURE_EVENT,NO_FORMAL_SEARCH_IN_THIS_TASK; SOURCE_UNIT_GLOSSARY_NOT_ASSERTED,fundamental_cashflow_sheet,double,NEXT_SESSION_AFTER_MAX_NOTICE_UPDATE,pit_fundamental.change|pit_fundamental.disclosure_event,ABSENT,,False,236079,23158
cn_source::cash_flow_sheet_report_em::TOTAL_OPERATE_OUTFLOW,cash_flow_sheet_report_em,TOTAL_OPERATE_OUTFLOW,FUNDAMENTAL_LEVEL|FUNDAMENTAL_CHANGE|DISCLOSURE_EVENT,STOCK_REPORT_PERIOD,REPORT_DATE,NOTICE_DATE,UPDATE_DATE,PIT_SAFE_CURRENT_SNAPSHOT_ONLY,cash_flow_sheet_report_em.TOTAL_OPERATE_OUTFLOW,PIT_SIDECAR_REGISTERED_LAZY_NOT_MINUTE_EXPANDED,SLOW_XS_LEVEL|SLOW_TEMPORAL_CHANGE|DISCLOSURE_EVENT,NO_FORMAL_SEARCH_IN_THIS_TASK; SOURCE_UNIT_GLOSSARY_NOT_ASSERTED,fundamental_cashflow_sheet,double,NEXT_SESSION_AFTER_MAX_NOTICE_UPDATE,pit_fundamental.level|pit_fundamental.change|pit_fundamental.disclosure_event,ABSENT,,False,257837,1400
cn_source::cash_flow_sheet_report_em::TOTAL_OPERATE_OUTFLOW_YOY,cash_flow_sheet_report_em,TOTAL_OPERATE_OUTFLOW_YOY,FUNDAMENTAL_CHANGE|DISCLOSURE_EVENT,STOCK_REPORT_PERIOD,REPORT_DATE,NOTICE_DATE,UPDATE_DATE,PIT_SAFE_CURRENT_SNAPSHOT_ONLY,cash_flow_sheet_report_em.TOTAL_OPERATE_OUTFLOW_YOY,PIT_SIDECAR_REGISTERED_LAZY_NOT_MINUTE_EXPANDED,SLOW_TEMPORAL_CHANGE|DISCLOSURE_EVENT,NO_FORMAL_SEARCH_IN_THIS_TASK; SOURCE_UNIT_GLOSSARY_NOT_ASSERTED,fundamental_cashflow_sheet,double,NEXT_SESSION_AFTER_MAX_NOTICE_UPDATE,pit_fundamental.change|pit_fundamental.disclosure_event,ABSENT,,False,236117,23120
cn_source::cash_flow_sheet_report_em::TRADE_FINASSET_ADD,cash_flow_sheet_report_em,TRADE_FINASSET_ADD,FUNDAMENTAL_LEVEL|FUNDAMENTAL_CHANGE|DISCLOSURE_EVENT,STOCK_REPORT_PERIOD,REPORT_DATE,NOTICE_DATE,UPDATE_DATE,PIT_SAFE_CURRENT_SNAPSHOT_ONLY,cash_flow_sheet_report_em.TRADE_FINASSET_ADD,PIT_SIDECAR_REGISTERED_LAZY_NOT_MINUTE_EXPANDED,SLOW_XS_LEVEL|SLOW_TEMPORAL_CHANGE|DISCLOSURE_EVENT,NO_FORMAL_SEARCH_IN_THIS_TASK; SOURCE_UNIT_GLOSSARY_NOT_ASSERTED,fundamental_cashflow_sheet,double,NEXT_SESSION_AFTER_MAX_NOTICE_UPDATE,pit_fundamental.level|pit_fundamental.change|pit_fundamental.disclosure_event,ABSENT,,False,792,258445
cn_source::cash_flow_sheet_report_em::TRADE_FINASSET_ADD_YOY,cash_flow_sheet_report_em,TRADE_FINASSET_ADD_YOY,FUNDAMENTAL_CHANGE|DISCLOSURE_EVENT,STOCK_REPORT_PERIOD,REPORT_DATE,NOTICE_DATE,UPDATE_DATE,PIT_SAFE_CURRENT_SNAPSHOT_ONLY,cash_flow_sheet_report_em.TRADE_FINASSET_ADD_YOY,PIT_SIDECAR_REGISTERED_LAZY_NOT_MINUTE_EXPANDED,SLOW_TEMPORAL_CHANGE|DISCLOSURE_EVENT,NO_FORMAL_SEARCH_IN_THIS_TASK; SOURCE_UNIT_GLOSSARY_NOT_ASSERTED,fundamental_cashflow_sheet,double,NEXT_SESSION_AFTER_MAX_NOTICE_UPDATE,pit_fundamental.change|pit_fundamental.disclosure_event,ABSENT,,False,404,258833
cn_source::cash_flow_sheet_report_em::TRADE_FINASSET_REDUCE,cash_flow_sheet_report_em,TRADE_FINASSET_REDUCE,FUNDAMENTAL_LEVEL|FUNDAMENTAL_CHANGE|DISCLOSURE_EVENT,STOCK_REPORT_PERIOD,REPORT_DATE,NOTICE_DATE,UPDATE_DATE,PIT_SAFE_CURRENT_SNAPSHOT_ONLY,cash_flow_sheet_report_em.TRADE_FINASSET_REDUCE,PIT_SIDECAR_REGISTERED_LAZY_NOT_MINUTE_EXPANDED,SLOW_XS_LEVEL|SLOW_TEMPORAL_CHANGE|DISCLOSURE_EVENT,NO_FORMAL_SEARCH_IN_THIS_TASK; SOURCE_UNIT_GLOSSARY_NOT_ASSERTED,fundamental_cashflow_sheet,double,NEXT_SESSION_AFTER_MAX_NOTICE_UPDATE,pit_fundamental.level|pit_fundamental.change|pit_fundamental.disclosure_event,ABSENT,,False,1057,258180
cn_source::cash_flow_sheet_report_em::TRADE_FINASSET_REDUCE_YOY,cash_flow_sheet_report_em,TRADE_FINASSET_REDUCE_YOY,FUNDAMENTAL_CHANGE|DISCLOSURE_EVENT,STOCK_REPORT_PERIOD,REPORT_DATE,NOTICE_DATE,UPDATE_DATE,PIT_SAFE_CURRENT_SNAPSHOT_ONLY,cash_flow_sheet_report_em.TRADE_FINASSET_REDUCE_YOY,PIT_SIDECAR_REGISTERED_LAZY_NOT_MINUTE_EXPANDED,SLOW_TEMPORAL_CHANGE|DISCLOSURE_EVENT,NO_FORMAL_SEARCH_IN_THIS_TASK; SOURCE_UNIT_GLOSSARY_NOT_ASSERTED,fundamental_cashflow_sheet,double,NEXT_SESSION_AFTER_MAX_NOTICE_UPDATE,pit_fundamental.change|pit_fundamental.disclosure_event,ABSENT,,False,604,258633
cn_source::cash_flow_sheet_report_em::TRADE_FINLIAB_ADD,cash_flow_sheet_report_em,TRADE_FINLIAB_ADD,FUNDAMENTAL_LEVEL|FUNDAMENTAL_CHANGE|DISCLOSURE_EVENT,STOCK_REPORT_PERIOD,REPORT_DATE,NOTICE_DATE,UPDATE_DATE,PIT_SAFE_CURRENT_SNAPSHOT_ONLY,cash_flow_sheet_report_em.TRADE_FINLIAB_ADD,PIT_SIDECAR_REGISTERED_LAZY_NOT_MINUTE_EXPANDED,SLOW_XS_LEVEL|SLOW_TEMPORAL_CHANGE|DISCLOSURE_EVENT,NO_FORMAL_SEARCH_IN_THIS_TASK; SOURCE_UNIT_GLOSSARY_NOT_ASSERTED,fundamental_cashflow_sheet,double,NEXT_SESSION_AFTER_MAX_NOTICE_UPDATE,pit_fundamental.level|pit_fundamental.change|pit_fundamental.disclosure_event,ABSENT,,False,316,258921
cn_source::cash_flow_sheet_report_em::TRADE_FINLIAB_ADD_YOY,cash_flow_sheet_report_em,TRADE_FINLIAB_ADD_YOY,FUNDAMENTAL_CHANGE|DISCLOSURE_EVENT,STOCK_REPORT_PERIOD,REPORT_DATE,NOTICE_DATE,UPDATE_DATE,PIT_SAFE_CURRENT_SNAPSHOT_ONLY,cash_flow_sheet_report_em.TRADE_FINLIAB_ADD_YOY,PIT_SIDECAR_REGISTERED_LAZY_NOT_MINUTE_EXPANDED,SLOW_TEMPORAL_CHANGE|DISCLOSURE_EVENT,NO_FORMAL_SEARCH_IN_THIS_TASK; SOURCE_UNIT_GLOSSARY_NOT_ASSERTED,fundamental_cashflow_sheet,double,NEXT_SESSION_AFTER_MAX_NOTICE_UPDATE,pit_fundamental.change|pit_fundamental.disclosure_event,ABSENT,,False,86,259151
cn_source::cash_flow_sheet_report_em::TRADE_FINLIAB_REDUCE,cash_flow_sheet_report_em,TRADE_FINLIAB_REDUCE,FUNDAMENTAL_LEVEL|FUNDAMENTAL_CHANGE|DISCLOSURE_EVENT,STOCK_REPORT_PERIOD,REPORT_DATE,NOTICE_DATE,UPDATE_DATE,PIT_SAFE_CURRENT_SNAPSHOT_ONLY,cash_flow_sheet_report_em.TRADE_FINLIAB_REDUCE,PIT_SIDECAR_REGISTERED_LAZY_NOT_MINUTE_EXPANDED,SLOW_XS_LEVEL|SLOW_TEMPORAL_CHANGE|DISCLOSURE_EVENT,NO_FORMAL_SEARCH_IN_THIS_TASK; SOURCE_UNIT_GLOSSARY_NOT_ASSERTED,fundamental_cashflow_sheet,double,NEXT_SESSION_AFTER_MAX_NOTICE_UPDATE,pit_fundamental.level|pit_fundamental.change|pit_fundamental.disclosure_event,ABSENT,,False,267,258970
cn_source::cash_flow_sheet_report_em::TRADE_FINLIAB_REDUCE_YOY,cash_flow_sheet_report_em,TRADE_FINLIAB_REDUCE_YOY,FUNDAMENTAL_CHANGE|DISCLOSURE_EVENT,STOCK_REPORT_PERIOD,REPORT_DATE,NOTICE_DATE,UPDATE_DATE,PIT_SAFE_CURRENT_SNAPSHOT_ONLY,cash_flow_sheet_report_em.TRADE_FINLIAB_REDUCE_YOY,PIT_SIDECAR_REGISTERED_LAZY_NOT_MINUTE_EXPANDED,SLOW_TEMPORAL_CHANGE|DISCLOSURE_EVENT,NO_FORMAL_SEARCH_IN_THIS_TASK; SOURCE_UNIT_GLOSSARY_NOT_ASSERTED,fundamental_cashflow_sheet,double,NEXT_SESSION_AFTER_MAX_NOTICE_UPDATE,pit_fundamental.change|pit_fundamental.disclosure_event,ABSENT,,False,42,259195
cn_source::cash_flow_sheet_report_em::TRADE_SETTLE_ADD,cash_flow_sheet_report_em,TRADE_SETTLE_ADD,FUNDAMENTAL_LEVEL|FUNDAMENTAL_CHANGE|DISCLOSURE_EVENT,STOCK_REPORT_PERIOD,REPORT_DATE,NOTICE_DATE,UPDATE_DATE,PIT_SAFE_CURRENT_SNAPSHOT_ONLY,cash_flow_sheet_report_em.TRADE_SETTLE_ADD,PIT_SIDECAR_REGISTERED_LAZY_NOT_MINUTE_EXPANDED,SLOW_XS_LEVEL|SLOW_TEMPORAL_CHANGE|DISCLOSURE_EVENT,NO_FORMAL_SEARCH_IN_THIS_TASK; SOURCE_UNIT_GLOSSARY_NOT_ASSERTED,fundamental_cashflow_sheet,double,NEXT_SESSION_AFTER_MAX_NOTICE_UPDATE,pit_fundamental.level|pit_fundamental.change|pit_fundamental.disclosure_event,ABSENT,,False,426,258811
cn_source::cash_flow_sheet_report_em::TRADE_SETTLE_ADD_YOY,cash_flow_sheet_report_em,TRADE_SETTLE_ADD_YOY,FUNDAMENTAL_CHANGE|DISCLOSURE_EVENT,STOCK_REPORT_PERIOD,REPORT_DATE,NOTICE_DATE,UPDATE_DATE,PIT_SAFE_CURRENT_SNAPSHOT_ONLY,cash_flow_sheet_report_em.TRADE_SETTLE_ADD_YOY,PIT_SIDECAR_REGISTERED_LAZY_NOT_MINUTE_EXPANDED,SLOW_TEMPORAL_CHANGE|DISCLOSURE_EVENT,NO_FORMAL_SEARCH_IN_THIS_TASK; SOURCE_UNIT_GLOSSARY_NOT_ASSERTED,fundamental_cashflow_sheet,double,NEXT_SESSION_AFTER_MAX_NOTICE_UPDATE,pit_fundamental.change|pit_fundamental.disclosure_event,ABSENT,,False,3,259234
cn_source::cash_flow_sheet_report_em::TRADE_SETTLE_REDUCE,cash_flow_sheet_report_em,TRADE_SETTLE_REDUCE,FUNDAMENTAL_LEVEL|FUNDAMENTAL_CHANGE|DISCLOSURE_EVENT,STOCK_REPORT_PERIOD,REPORT_DATE,NOTICE_DATE,UPDATE_DATE,PIT_SAFE_CURRENT_SNAPSHOT_ONLY,cash_flow_sheet_report_em.TRADE_SETTLE_REDUCE,PIT_SIDECAR_REGISTERED_LAZY_NOT_MINUTE_EXPANDED,SLOW_XS_LEVEL|SLOW_TEMPORAL_CHANGE|DISCLOSURE_EVENT,NO_FORMAL_SEARCH_IN_THIS_TASK; SOURCE_UNIT_GLOSSARY_NOT_ASSERTED,fundamental_cashflow_sheet,double,NEXT_SESSION_AFTER_MAX_NOTICE_UPDATE,pit_fundamental.level|pit_fundamental.change|pit_fundamental.disclosure_event,ABSENT,,False,428,258809
cn_source::cash_flow_sheet_report_em::TRADE_SETTLE_REDUCE_YOY,cash_flow_sheet_report_em,TRADE_SETTLE_REDUCE_YOY,FUNDAMENTAL_CHANGE|DISCLOSURE_EVENT,STOCK_REPORT_PERIOD,REPORT_DATE,NOTICE_DATE,UPDATE_DATE,PIT_SAFE_CURRENT_SNAPSHOT_ONLY,cash_flow_sheet_report_em.TRADE_SETTLE_REDUCE_YOY,PIT_SIDECAR_REGISTERED_LAZY_NOT_MINUTE_EXPANDED,SLOW_TEMPORAL_CHANGE|DISCLOSURE_EVENT,NO_FORMAL_SEARCH_IN_THIS_TASK; SOURCE_UNIT_GLOSSARY_NOT_ASSERTED,fundamental_cashflow_sheet,double,NEXT_SESSION_AFTER_MAX_NOTICE_UPDATE,pit_fundamental.change|pit_fundamental.disclosure_event,ABSENT,,False,5,259232
cn_source::cash_flow_sheet_report_em::TRANSFER_INVEST_IMPAIRMENT,cash_flow_sheet_report_em,TRANSFER_INVEST_IMPAIRMENT,FUNDAMENTAL_LEVEL|FUNDAMENTAL_CHANGE|DISCLOSURE_EVENT,STOCK_REPORT_PERIOD,REPORT_DATE,NOTICE_DATE,UPDATE_DATE,PIT_SAFE_CURRENT_SNAPSHOT_ONLY,cash_flow_sheet_report_em.TRANSFER_INVEST_IMPAIRMENT,PIT_SIDECAR_REGISTERED_LAZY_NOT_MINUTE_EXPANDED,SLOW_XS_LEVEL|SLOW_TEMPORAL_CHANGE|DISCLOSURE_EVENT,NO_FORMAL_SEARCH_IN_THIS_TASK; SOURCE_UNIT_GLOSSARY_NOT_ASSERTED,fundamental_cashflow_sheet,double,NEXT_SESSION_AFTER_MAX_NOTICE_UPDATE,pit_fundamental.level|pit_fundamental.change|pit_fundamental.disclosure_event,ABSENT,,False,95,259142
cn_source::cash_flow_sheet_report_em::TRANSFER_INVEST_IMPAIRMENT_YOY,cash_flow_sheet_report_em,TRANSFER_INVEST_IMPAIRMENT_YOY,FUNDAMENTAL_CHANGE|DISCLOSURE_EVENT,STOCK_REPORT_PERIOD,REPORT_DATE,NOTICE_DATE,UPDATE_DATE,PIT_SAFE_CURRENT_SNAPSHOT_ONLY,cash_flow_sheet_report_em.TRANSFER_INVEST_IMPAIRMENT_YOY,PIT_SIDECAR_REGISTERED_LAZY_NOT_MINUTE_EXPANDED,SLOW_TEMPORAL_CHANGE|DISCLOSURE_EVENT,NO_FORMAL_SEARCH_IN_THIS_TASK; SOURCE_UNIT_GLOSSARY_NOT_ASSERTED,fundamental_cashflow_sheet,double,NEXT_SESSION_AFTER_MAX_NOTICE_UPDATE,pit_fundamental.change|pit_fundamental.disclosure_event,ABSENT,,False,5,259232
cn_source::cash_flow_sheet_report_em::UNDERWRITE_SECURITY,cash_flow_sheet_report_em,UNDERWRITE_SECURITY,FUNDAMENTAL_LEVEL|FUNDAMENTAL_CHANGE|DISCLOSURE_EVENT,STOCK_REPORT_PERIOD,REPORT_DATE,NOTICE_DATE,UPDATE_DATE,PIT_SAFE_CURRENT_SNAPSHOT_ONLY,cash_flow_sheet_report_em.UNDERWRITE_SECURITY,PIT_SIDECAR_REGISTERED_LAZY_NOT_MINUTE_EXPANDED,SLOW_XS_LEVEL|SLOW_TEMPORAL_CHANGE|DISCLOSURE_EVENT,NO_FORMAL_SEARCH_IN_THIS_TASK; SOURCE_UNIT_GLOSSARY_NOT_ASSERTED,fundamental_cashflow_sheet,double,NEXT_SESSION_AFTER_MAX_NOTICE_UPDATE,pit_fundamental.level|pit_fundamental.change|pit_fundamental.disclosure_event,ABSENT,,False,428,258809
cn_source::cash_flow_sheet_report_em::UNDERWRITE_SECURITY_YOY,cash_flow_sheet_report_em,UNDERWRITE_SECURITY_YOY,FUNDAMENTAL_CHANGE|DISCLOSURE_EVENT,STOCK_REPORT_PERIOD,REPORT_DATE,NOTICE_DATE,UPDATE_DATE,PIT_SAFE_CURRENT_SNAPSHOT_ONLY,cash_flow_sheet_report_em.UNDERWRITE_SECURITY_YOY,PIT_SIDECAR_REGISTERED_LAZY_NOT_MINUTE_EXPANDED,SLOW_TEMPORAL_CHANGE|DISCLOSURE_EVENT,NO_FORMAL_SEARCH_IN_THIS_TASK; SOURCE_UNIT_GLOSSARY_NOT_ASSERTED,fundamental_cashflow_sheet,double,NEXT_SESSION_AFTER_MAX_NOTICE_UPDATE,pit_fundamental.change|pit_fundamental.disclosure_event,ABSENT,,False,1,259236
cn_source::cash_flow_sheet_report_em::UNINVOLVE_INVESTFIN_OTHER,cash_flow_sheet_report_em,UNINVOLVE_INVESTFIN_OTHER,FUNDAMENTAL_LEVEL|FUNDAMENTAL_CHANGE|DISCLOSURE_EVENT,STOCK_REPORT_PERIOD,REPORT_DATE,NOTICE_DATE,UPDATE_DATE,PIT_SAFE_CURRENT_SNAPSHOT_ONLY,cash_flow_sheet_report_em.UNINVOLVE_INVESTFIN_OTHER,PIT_SIDECAR_REGISTERED_LAZY_NOT_MINUTE_EXPANDED,SLOW_XS_LEVEL|SLOW_TEMPORAL_CHANGE|DISCLOSURE_EVENT,NO_FORMAL_SEARCH_IN_THIS_TASK; SOURCE_UNIT_GLOSSARY_NOT_ASSERTED,fundamental_cashflow_sheet,double,NEXT_SESSION_AFTER_MAX_NOTICE_UPDATE,pit_fundamental.level|pit_fundamental.change|pit_fundamental.disclosure_event,ABSENT,,False,13641,245596
cn_source::cash_flow_sheet_report_em::UNINVOLVE_INVESTFIN_OTHER_YOY,cash_flow_sheet_report_em,UNINVOLVE_INVESTFIN_OTHER_YOY,FUNDAMENTAL_CHANGE|DISCLOSURE_EVENT,STOCK_REPORT_PERIOD,REPORT_DATE,NOTICE_DATE,UPDATE_DATE,PIT_SAFE_CURRENT_SNAPSHOT_ONLY,cash_flow_sheet_report_em.UNINVOLVE_INVESTFIN_OTHER_YOY,PIT_SIDECAR_REGISTERED_LAZY_NOT_MINUTE_EXPANDED,SLOW_TEMPORAL_CHANGE|DISCLOSURE_EVENT,NO_FORMAL_SEARCH_IN_THIS_TASK; SOURCE_UNIT_GLOSSARY_NOT_ASSERTED,fundamental_cashflow_sheet,double,NEXT_SESSION_AFTER_MAX_NOTICE_UPDATE,pit_fundamental.change|pit_fundamental.disclosure_event,ABSENT,,False,1130,258107
cn_source::cash_flow_sheet_report_em::UPDATE_DATE,cash_flow_sheet_report_em,UPDATE_DATE,METADATA_BLOCKED,STOCK_REPORT_PERIOD,REPORT_DATE,NOTICE_DATE,UPDATE_DATE,PIT_SAFE_CURRENT_SNAPSHOT_ONLY,cash_flow_sheet_report_em.UPDATE_DATE,SOURCE_METADATA_SIDECAR_ONLY,BLOCKED,METADATA_NOT_SEARCHABLE,fundamental_cashflow_sheet,string,NEXT_SESSION_AFTER_MAX_NOTICE_UPDATE,,ABSENT,,False,259237,0
cn_source::cash_flow_sheet_report_em::USERIGHT_ASSET_AMORTIZE,cash_flow_sheet_report_em,USERIGHT_ASSET_AMORTIZE,FUNDAMENTAL_LEVEL|FUNDAMENTAL_CHANGE|DISCLOSURE_EVENT,STOCK_REPORT_PERIOD,REPORT_DATE,NOTICE_DATE,UPDATE_DATE,PIT_SAFE_CURRENT_SNAPSHOT_ONLY,cash_flow_sheet_report_em.USERIGHT_ASSET_AMORTIZE,PIT_SIDECAR_REGISTERED_LAZY_NOT_MINUTE_EXPANDED,SLOW_XS_LEVEL|SLOW_TEMPORAL_CHANGE|DISCLOSURE_EVENT,NO_FORMAL_SEARCH_IN_THIS_TASK; SOURCE_UNIT_GLOSSARY_NOT_ASSERTED,fundamental_cashflow_sheet,double,NEXT_SESSION_AFTER_MAX_NOTICE_UPDATE,pit_fundamental.level|pit_fundamental.change|pit_fundamental.disclosure_event,ABSENT,,False,26447,232790
cn_source::cash_flow_sheet_report_em::USERIGHT_ASSET_AMORTIZE_YOY,cash_flow_sheet_report_em,USERIGHT_ASSET_AMORTIZE_YOY,FUNDAMENTAL_CHANGE|DISCLOSURE_EVENT,STOCK_REPORT_PERIOD,REPORT_DATE,NOTICE_DATE,UPDATE_DATE,PIT_SAFE_CURRENT_SNAPSHOT_ONLY,cash_flow_sheet_report_em.USERIGHT_ASSET_AMORTIZE_YOY,PIT_SIDECAR_REGISTERED_LAZY_NOT_MINUTE_EXPANDED,SLOW_TEMPORAL_CHANGE|DISCLOSURE_EVENT,NO_FORMAL_SEARCH_IN_THIS_TASK; SOURCE_UNIT_GLOSSARY_NOT_ASSERTED,fundamental_cashflow_sheet,double,NEXT_SESSION_AFTER_MAX_NOTICE_UPDATE,pit_fundamental.change|pit_fundamental.disclosure_event,ABSENT,,False,16363,242874
cn_source::cash_flow_sheet_report_em::WITHDRAW_INVEST,cash_flow_sheet_report_em,WITHDRAW_INVEST,FUNDAMENTAL_LEVEL|FUNDAMENTAL_CHANGE|DISCLOSURE_EVENT,STOCK_REPORT_PERIOD,REPORT_DATE,NOTICE_DATE,UPDATE_DATE,PIT_SAFE_CURRENT_SNAPSHOT_ONLY,cash_flow_sheet_report_em.WITHDRAW_INVEST,PIT_SIDECAR_REGISTERED_LAZY_NOT_MINUTE_EXPANDED,SLOW_XS_LEVEL|SLOW_TEMPORAL_CHANGE|DISCLOSURE_EVENT,NO_FORMAL_SEARCH_IN_THIS_TASK; SOURCE_UNIT_GLOSSARY_NOT_ASSERTED,fundamental_cashflow_sheet,double,NEXT_SESSION_AFTER_MAX_NOTICE_UPDATE,pit_fundamental.level|pit_fundamental.change|pit_fundamental.disclosure_event,ABSENT,,False,130854,128383
cn_source::cash_flow_sheet_report_em::WITHDRAW_INVEST_YOY,cash_flow_sheet_report_em,WITHDRAW_INVEST_YOY,FUNDAMENTAL_CHANGE|DISCLOSURE_EVENT,STOCK_REPORT_PERIOD,REPORT_DATE,NOTICE_DATE,UPDATE_DATE,PIT_SAFE_CURRENT_SNAPSHOT_ONLY,cash_flow_sheet_report_em.WITHDRAW_INVEST_YOY,PIT_SIDECAR_REGISTERED_LAZY_NOT_MINUTE_EXPANDED,SLOW_TEMPORAL_CHANGE|DISCLOSURE_EVENT,NO_FORMAL_SEARCH_IN_THIS_TASK; SOURCE_UNIT_GLOSSARY_NOT_ASSERTED,fundamental_cashflow_sheet,double,NEXT_SESSION_AFTER_MAX_NOTICE_UPDATE,pit_fundamental.change|pit_fundamental.disclosure_event,ABSENT,,False,90462,168775
cn_source::cash_flow_sheet_report_em::WITHDRAW_WRITEOFF_LOAN,cash_flow_sheet_report_em,WITHDRAW_WRITEOFF_LOAN,FUNDAMENTAL_LEVEL|FUNDAMENTAL_CHANGE|DISCLOSURE_EVENT,STOCK_REPORT_PERIOD,REPORT_DATE,NOTICE_DATE,UPDATE_DATE,PIT_SAFE_CURRENT_SNAPSHOT_ONLY,cash_flow_sheet_report_em.WITHDRAW_WRITEOFF_LOAN,PIT_SIDECAR_REGISTERED_LAZY_NOT_MINUTE_EXPANDED,SLOW_XS_LEVEL|SLOW_TEMPORAL_CHANGE|DISCLOSURE_EVENT,NO_FORMAL_SEARCH_IN_THIS_TASK; SOURCE_UNIT_GLOSSARY_NOT_ASSERTED,fundamental_cashflow_sheet,double,NEXT_SESSION_AFTER_MAX_NOTICE_UPDATE,pit_fundamental.level|pit_fundamental.change|pit_fundamental.disclosure_event,ABSENT,,False,134,259103
cn_source::cash_flow_sheet_report_em::WITHDRAW_WRITEOFF_LOAN_YOY,cash_flow_sheet_report_em,WITHDRAW_WRITEOFF_LOAN_YOY,FUNDAMENTAL_CHANGE|DISCLOSURE_EVENT,STOCK_REPORT_PERIOD,REPORT_DATE,NOTICE_DATE,UPDATE_DATE,PIT_SAFE_CURRENT_SNAPSHOT_ONLY,cash_flow_sheet_report_em.WITHDRAW_WRITEOFF_LOAN_YOY,PIT_SIDECAR_REGISTERED_LAZY_NOT_MINUTE_EXPANDED,SLOW_TEMPORAL_CHANGE|DISCLOSURE_EVENT,NO_FORMAL_SEARCH_IN_THIS_TASK; SOURCE_UNIT_GLOSSARY_NOT_ASSERTED,fundamental_cashflow_sheet,double,NEXT_SESSION_AFTER_MAX_NOTICE_UPDATE,pit_fundamental.change|pit_fundamental.disclosure_event,ABSENT,,False,112,259125
cn_source::cash_flow_sheet_report_em::ingest_time_utc,cash_flow_sheet_report_em,ingest_time_utc,METADATA_BLOCKED,STOCK_REPORT_PERIOD,REPORT_DATE,NOTICE_DATE,UPDATE_DATE,PIT_SAFE_CURRENT_SNAPSHOT_ONLY,cash_flow_sheet_report_em.ingest_time_utc,SOURCE_METADATA_SIDECAR_ONLY,BLOCKED,METADATA_NOT_SEARCHABLE,fundamental_cashflow_sheet,string,NEXT_SESSION_AFTER_MAX_NOTICE_UPDATE,,ABSENT,,False,259237,0
cn_source::cash_flow_sheet_report_em::source_code6,cash_flow_sheet_report_em,source_code6,METADATA_BLOCKED,STOCK_REPORT_PERIOD,REPORT_DATE,NOTICE_DATE,UPDATE_DATE,PIT_SAFE_CURRENT_SNAPSHOT_ONLY,cash_flow_sheet_report_em.source_code6,SOURCE_METADATA_SIDECAR_ONLY,BLOCKED,METADATA_NOT_SEARCHABLE,fundamental_cashflow_sheet,string,NEXT_SESSION_AFTER_MAX_NOTICE_UPDATE,,ABSENT,,False,259237,0
cn_source::cash_flow_sheet_report_em::source_dataset,cash_flow_sheet_report_em,source_dataset,METADATA_BLOCKED,STOCK_REPORT_PERIOD,REPORT_DATE,NOTICE_DATE,UPDATE_DATE,PIT_SAFE_CURRENT_SNAPSHOT_ONLY,cash_flow_sheet_report_em.source_dataset,SOURCE_METADATA_SIDECAR_ONLY,BLOCKED,METADATA_NOT_SEARCHABLE,fundamental_cashflow_sheet,string,NEXT_SESSION_AFTER_MAX_NOTICE_UPDATE,,ABSENT,,False,259237,0
cn_source::cash_flow_sheet_report_em::source_em,cash_flow_sheet_report_em,source_em,METADATA_BLOCKED,STOCK_REPORT_PERIOD,REPORT_DATE,NOTICE_DATE,UPDATE_DATE,PIT_SAFE_CURRENT_SNAPSHOT_ONLY,cash_flow_sheet_report_em.source_em,SOURCE_METADATA_SIDECAR_ONLY,BLOCKED,METADATA_NOT_SEARCHABLE,fundamental_cashflow_sheet,string,NEXT_SESSION_AFTER_MAX_NOTICE_UPDATE,,ABSENT,,False,259237,0
cn_source::cash_flow_sheet_report_em::source_family,cash_flow_sheet_report_em,source_family,METADATA_BLOCKED,STOCK_REPORT_PERIOD,REPORT_DATE,NOTICE_DATE,UPDATE_DATE,PIT_SAFE_CURRENT_SNAPSHOT_ONLY,cash_flow_sheet_report_em.source_family,SOURCE_METADATA_SIDECAR_ONLY,BLOCKED,METADATA_NOT_SEARCHABLE,fundamental_cashflow_sheet,string,NEXT_SESSION_AFTER_MAX_NOTICE_UPDATE,,ABSENT,,False,259237,0
cn_source::cash_flow_sheet_report_em::source_file,cash_flow_sheet_report_em,source_file,METADATA_BLOCKED,STOCK_REPORT_PERIOD,REPORT_DATE,NOTICE_DATE,UPDATE_DATE,PIT_SAFE_CURRENT_SNAPSHOT_ONLY,cash_flow_sheet_report_em.source_file,SOURCE_METADATA_SIDECAR_ONLY,BLOCKED,METADATA_NOT_SEARCHABLE,fundamental_cashflow_sheet,string,NEXT_SESSION_AFTER_MAX_NOTICE_UPDATE,,ABSENT,,False,259237,0
cn_source::main_stock_holder_sina::ingest_time_utc,main_stock_holder_sina,ingest_time_utc,METADATA_BLOCKED,STOCK_DISCLOSURE_HOLDER,截至日期,公告日期,,PIT_SAFE_WHEN_ANNOUNCEMENT_PRESENT,main_stock_holder_sina.ingest_time_utc,SOURCE_METADATA_SIDECAR_ONLY,BLOCKED,METADATA_NOT_SEARCHABLE,major_shareholder_structure,string,NEXT_SESSION_AFTER_ANNOUNCEMENT,,ABSENT,,False,2615891,0
cn_source::main_stock_holder_sina::source_code6,main_stock_holder_sina,source_code6,METADATA_BLOCKED,STOCK_DISCLOSURE_HOLDER,截至日期,公告日期,,PIT_SAFE_WHEN_ANNOUNCEMENT_PRESENT,main_stock_holder_sina.source_code6,SOURCE_METADATA_SIDECAR_ONLY,BLOCKED,METADATA_NOT_SEARCHABLE,major_shareholder_structure,string,NEXT_SESSION_AFTER_ANNOUNCEMENT,,ABSENT,,False,2615891,0
cn_source::main_stock_holder_sina::source_dataset,main_stock_holder_sina,source_dataset,METADATA_BLOCKED,STOCK_DISCLOSURE_HOLDER,截至日期,公告日期,,PIT_SAFE_WHEN_ANNOUNCEMENT_PRESENT,main_stock_holder_sina.source_dataset,SOURCE_METADATA_SIDECAR_ONLY,BLOCKED,METADATA_NOT_SEARCHABLE,major_shareholder_structure,string,NEXT_SESSION_AFTER_ANNOUNCEMENT,,ABSENT,,False,2615891,0
cn_source::main_stock_holder_sina::source_em,main_stock_holder_sina,source_em,METADATA_BLOCKED,STOCK_DISCLOSURE_HOLDER,截至日期,公告日期,,PIT_SAFE_WHEN_ANNOUNCEMENT_PRESENT,main_stock_holder_sina.source_em,SOURCE_METADATA_SIDECAR_ONLY,BLOCKED,METADATA_NOT_SEARCHABLE,major_shareholder_structure,string,NEXT_SESSION_AFTER_ANNOUNCEMENT,,ABSENT,,False,2615891,0
cn_source::main_stock_holder_sina::source_family,main_stock_holder_sina,source_family,METADATA_BLOCKED,STOCK_DISCLOSURE_HOLDER,截至日期,公告日期,,PIT_SAFE_WHEN_ANNOUNCEMENT_PRESENT,main_stock_holder_sina.source_family,SOURCE_METADATA_SIDECAR_ONLY,BLOCKED,METADATA_NOT_SEARCHABLE,major_shareholder_structure,string,NEXT_SESSION_AFTER_ANNOUNCEMENT,,ABSENT,,False,2615891,0
cn_source::main_stock_holder_sina::source_file,main_stock_holder_sina,source_file,METADATA_BLOCKED,STOCK_DISCLOSURE_HOLDER,截至日期,公告日期,,PIT_SAFE_WHEN_ANNOUNCEMENT_PRESENT,main_stock_holder_sina.source_file,SOURCE_METADATA_SIDECAR_ONLY,BLOCKED,METADATA_NOT_SEARCHABLE,major_shareholder_structure,string,NEXT_SESSION_AFTER_ANNOUNCEMENT,,ABSENT,,False,2615891,0
cn_source::main_stock_holder_sina::公告日期,main_stock_holder_sina,公告日期,METADATA_BLOCKED,STOCK_DISCLOSURE_HOLDER,截至日期,公告日期,,PIT_SAFE_WHEN_ANNOUNCEMENT_PRESENT,main_stock_holder_sina.公告日期,SOURCE_METADATA_SIDECAR_ONLY,BLOCKED,METADATA_NOT_SEARCHABLE,major_shareholder_structure,date32[day],NEXT_SESSION_AFTER_ANNOUNCEMENT,,ABSENT,,False,2615891,0
cn_source::main_stock_holder_sina::平均持股数,main_stock_holder_sina,平均持股数,FUNDAMENTAL_LEVEL|FUNDAMENTAL_CHANGE|DISCLOSURE_EVENT,STOCK_DISCLOSURE_HOLDER,截至日期,公告日期,,PIT_SAFE_WHEN_ANNOUNCEMENT_PRESENT,main_stock_holder_sina.平均持股数,PIT_SIDECAR_REGISTERED_WITH_121_SEMANTIC_EQUIVALENT,SLOW_XS_LEVEL|SLOW_TEMPORAL_CHANGE|DISCLOSURE_EVENT,NO_FORMAL_SEARCH_IN_THIS_TASK; SOURCE_UNIT_GLOSSARY_NOT_ASSERTED,major_shareholder_structure,double,NEXT_SESSION_AFTER_ANNOUNCEMENT,pit_fundamental.level|pit_fundamental.change|pit_fundamental.disclosure_event,SEMANTIC_EQUIVALENT_OTHER_SOURCE,ctx_holder_avg_hold_num,False,2286646,329245
cn_source::main_stock_holder_sina::截至日期,main_stock_holder_sina,截至日期,METADATA_BLOCKED,STOCK_DISCLOSURE_HOLDER,截至日期,公告日期,,PIT_SAFE_WHEN_ANNOUNCEMENT_PRESENT,main_stock_holder_sina.截至日期,SOURCE_METADATA_SIDECAR_ONLY,BLOCKED,METADATA_NOT_SEARCHABLE,major_shareholder_structure,date32[day],NEXT_SESSION_AFTER_ANNOUNCEMENT,,ABSENT,,False,2615891,0
cn_source::main_stock_holder_sina::持股数量,main_stock_holder_sina,持股数量,FUNDAMENTAL_LEVEL|FUNDAMENTAL_CHANGE|DISCLOSURE_EVENT,STOCK_DISCLOSURE_HOLDER,截至日期,公告日期,,PIT_SAFE_WHEN_ANNOUNCEMENT_PRESENT,main_stock_holder_sina.持股数量,PIT_SIDECAR_REGISTERED_LAZY_NOT_MINUTE_EXPANDED,SLOW_XS_LEVEL|SLOW_TEMPORAL_CHANGE|DISCLOSURE_EVENT,HOLDER_LEVEL_VALUE_REQUIRES_PREDECLARED_STOCK_EPISODE_AGGREGATION,major_shareholder_structure,double,NEXT_SESSION_AFTER_ANNOUNCEMENT,pit_fundamental.level|pit_fundamental.change|pit_fundamental.disclosure_event,ABSENT,,False,2580469,35422
cn_source::main_stock_holder_sina::持股比例,main_stock_holder_sina,持股比例,FUNDAMENTAL_LEVEL|FUNDAMENTAL_CHANGE|DISCLOSURE_EVENT,STOCK_DISCLOSURE_HOLDER,截至日期,公告日期,,PIT_SAFE_WHEN_ANNOUNCEMENT_PRESENT,main_stock_holder_sina.持股比例,PIT_SIDECAR_REGISTERED_LAZY_NOT_MINUTE_EXPANDED,SLOW_XS_LEVEL|SLOW_TEMPORAL_CHANGE|DISCLOSURE_EVENT,HOLDER_LEVEL_VALUE_REQUIRES_PREDECLARED_STOCK_EPISODE_AGGREGATION,major_shareholder_structure,double,NEXT_SESSION_AFTER_ANNOUNCEMENT,pit_fundamental.level|pit_fundamental.change|pit_fundamental.disclosure_event,ABSENT,,False,2580531,35360
cn_source::main_stock_holder_sina::编号,main_stock_holder_sina,编号,METADATA_BLOCKED,STOCK_DISCLOSURE_HOLDER,截至日期,公告日期,,PIT_SAFE_WHEN_ANNOUNCEMENT_PRESENT,main_stock_holder_sina.编号,SOURCE_METADATA_SIDECAR_ONLY,BLOCKED,METADATA_NOT_SEARCHABLE,major_shareholder_structure,string,NEXT_SESSION_AFTER_ANNOUNCEMENT,,ABSENT,,False,2580596,35295
cn_source::main_stock_holder_sina::股东名称,main_stock_holder_sina,股东名称,METADATA_BLOCKED,STOCK_DISCLOSURE_HOLDER,截至日期,公告日期,,PIT_SAFE_WHEN_ANNOUNCEMENT_PRESENT,main_stock_holder_sina.股东名称,SOURCE_METADATA_SIDECAR_ONLY,BLOCKED,METADATA_NOT_SEARCHABLE,major_shareholder_structure,string,NEXT_SESSION_AFTER_ANNOUNCEMENT,,ABSENT,,False,2580596,35295
cn_source::main_stock_holder_sina::股东总数,main_stock_holder_sina,股东总数,FUNDAMENTAL_LEVEL|FUNDAMENTAL_CHANGE|DISCLOSURE_EVENT,STOCK_DISCLOSURE_HOLDER,截至日期,公告日期,,PIT_SAFE_WHEN_ANNOUNCEMENT_PRESENT,main_stock_holder_sina.股东总数,PIT_SIDECAR_REGISTERED_WITH_121_SEMANTIC_EQUIVALENT,SLOW_XS_LEVEL|SLOW_TEMPORAL_CHANGE|DISCLOSURE_EVENT,NO_FORMAL_SEARCH_IN_THIS_TASK; SOURCE_UNIT_GLOSSARY_NOT_ASSERTED,major_shareholder_structure,double,NEXT_SESSION_AFTER_ANNOUNCEMENT,pit_fundamental.level|pit_fundamental.change|pit_fundamental.disclosure_event,SEMANTIC_EQUIVALENT_OTHER_SOURCE,ctx_holder_holder_num,False,2286686,329205
cn_source::main_stock_holder_sina::股东说明,main_stock_holder_sina,股东说明,METADATA_BLOCKED,STOCK_DISCLOSURE_HOLDER,截至日期,公告日期,,PIT_SAFE_WHEN_ANNOUNCEMENT_PRESENT,main_stock_holder_sina.股东说明,SOURCE_METADATA_SIDECAR_ONLY,BLOCKED,METADATA_NOT_SEARCHABLE,major_shareholder_structure,null,NEXT_SESSION_AFTER_ANNOUNCEMENT,,ABSENT,,False,8512,2607379
cn_source::main_stock_holder_sina::股本性质,main_stock_holder_sina,股本性质,FUNDAMENTAL_CONDITION,STOCK_DISCLOSURE_HOLDER,截至日期,公告日期,,PIT_SAFE_WHEN_ANNOUNCEMENT_PRESENT,main_stock_holder_sina.股本性质,PIT_SIDECAR_REGISTERED_LAZY_NOT_MINUTE_EXPANDED,FUNDAMENTAL_CONDITION,NO_FORMAL_SEARCH_IN_THIS_TASK; SOURCE_UNIT_GLOSSARY_NOT_ASSERTED,major_shareholder_structure,string,NEXT_SESSION_AFTER_ANNOUNCEMENT,pit_fundamental.condition,ABSENT,,False,2570409,45482
cn_source::profit_sheet_report_em::ABLE_OCI,profit_sheet_report_em,ABLE_OCI,FUNDAMENTAL_LEVEL|FUNDAMENTAL_CHANGE|DISCLOSURE_EVENT,STOCK_REPORT_PERIOD,REPORT_DATE,NOTICE_DATE,UPDATE_DATE,PIT_SAFE_CURRENT_SNAPSHOT_ONLY,profit_sheet_report_em.ABLE_OCI,PIT_SIDECAR_REGISTERED_LAZY_NOT_MINUTE_EXPANDED,SLOW_XS_LEVEL|SLOW_TEMPORAL_CHANGE|DISCLOSURE_EVENT,NO_FORMAL_SEARCH_IN_THIS_TASK; SOURCE_UNIT_GLOSSARY_NOT_ASSERTED,fundamental_profit_sheet,double,NEXT_SESSION_AFTER_MAX_NOTICE_UPDATE,pit_fundamental.level|pit_fundamental.change|pit_fundamental.disclosure_event,ABSENT,,False,86432,183211
cn_source::profit_sheet_report_em::ABLE_OCI_BALANCE,profit_sheet_report_em,ABLE_OCI_BALANCE,FUNDAMENTAL_LEVEL|FUNDAMENTAL_CHANGE|DISCLOSURE_EVENT,STOCK_REPORT_PERIOD,REPORT_DATE,NOTICE_DATE,UPDATE_DATE,PIT_SAFE_CURRENT_SNAPSHOT_ONLY,profit_sheet_report_em.ABLE_OCI_BALANCE,PIT_SIDECAR_REGISTERED_LAZY_NOT_MINUTE_EXPANDED,SLOW_XS_LEVEL|SLOW_TEMPORAL_CHANGE|DISCLOSURE_EVENT,NO_FORMAL_SEARCH_IN_THIS_TASK; SOURCE_UNIT_GLOSSARY_NOT_ASSERTED,fundamental_profit_sheet,double,NEXT_SESSION_AFTER_MAX_NOTICE_UPDATE,pit_fundamental.level|pit_fundamental.change|pit_fundamental.disclosure_event,ABSENT,,False,93,269550
cn_source::profit_sheet_report_em::ABLE_OCI_BALANCE_YOY,profit_sheet_report_em,ABLE_OCI_BALANCE_YOY,FUNDAMENTAL_CHANGE|DISCLOSURE_EVENT,STOCK_REPORT_PERIOD,REPORT_DATE,NOTICE_DATE,UPDATE_DATE,PIT_SAFE_CURRENT_SNAPSHOT_ONLY,profit_sheet_report_em.ABLE_OCI_BALANCE_YOY,PIT_SIDECAR_REGISTERED_LAZY_NOT_MINUTE_EXPANDED,SLOW_TEMPORAL_CHANGE|DISCLOSURE_EVENT,NO_FORMAL_SEARCH_IN_THIS_TASK; SOURCE_UNIT_GLOSSARY_NOT_ASSERTED,fundamental_profit_sheet,double,NEXT_SESSION_AFTER_MAX_NOTICE_UPDATE,pit_fundamental.change|pit_fundamental.disclosure_event,ABSENT,,False,0,269643
cn_source::profit_sheet_report_em::ABLE_OCI_OTHER,profit_sheet_report_em,ABLE_OCI_OTHER,FUNDAMENTAL_LEVEL|FUNDAMENTAL_CHANGE|DISCLOSURE_EVENT,STOCK_REPORT_PERIOD,REPORT_DATE,NOTICE_DATE,UPDATE_DATE,PIT_SAFE_CURRENT_SNAPSHOT_ONLY,profit_sheet_report_em.ABLE_OCI_OTHER,PIT_SIDECAR_REGISTERED_LAZY_NOT_MINUTE_EXPANDED,SLOW_XS_LEVEL|SLOW_TEMPORAL_CHANGE|DISCLOSURE_EVENT,NO_FORMAL_SEARCH_IN_THIS_TASK; SOURCE_UNIT_GLOSSARY_NOT_ASSERTED,fundamental_profit_sheet,double,NEXT_SESSION_AFTER_MAX_NOTICE_UPDATE,pit_fundamental.level|pit_fundamental.change|pit_fundamental.disclosure_event,ABSENT,,False,3805,265838
cn_source::profit_sheet_report_em::ABLE_OCI_OTHER_YOY,profit_sheet_report_em,ABLE_OCI_OTHER_YOY,FUNDAMENTAL_CHANGE|DISCLOSURE_EVENT,STOCK_REPORT_PERIOD,REPORT_DATE,NOTICE_DATE,UPDATE_DATE,PIT_SAFE_CURRENT_SNAPSHOT_ONLY,profit_sheet_report_em.ABLE_OCI_OTHER_YOY,PIT_SIDECAR_REGISTERED_LAZY_NOT_MINUTE_EXPANDED,SLOW_TEMPORAL_CHANGE|DISCLOSURE_EVENT,NO_FORMAL_SEARCH_IN_THIS_TASK; SOURCE_UNIT_GLOSSARY_NOT_ASSERTED,fundamental_profit_sheet,double,NEXT_SESSION_AFTER_MAX_NOTICE_UPDATE,pit_fundamental.change|pit_fundamental.disclosure_event,ABSENT,,False,1721,267922
cn_source::profit_sheet_report_em::ABLE_OCI_YOY,profit_sheet_report_em,ABLE_OCI_YOY,FUNDAMENTAL_CHANGE|DISCLOSURE_EVENT,STOCK_REPORT_PERIOD,REPORT_DATE,NOTICE_DATE,UPDATE_DATE,PIT_SAFE_CURRENT_SNAPSHOT_ONLY,profit_sheet_report_em.ABLE_OCI_YOY,PIT_SIDECAR_REGISTERED_LAZY_NOT_MINUTE_EXPANDED,SLOW_TEMPORAL_CHANGE|DISCLOSURE_EVENT,NO_FORMAL_SEARCH_IN_THIS_TASK; SOURCE_UNIT_GLOSSARY_NOT_ASSERTED,fundamental_profit_sheet,double,NEXT_SESSION_AFTER_MAX_NOTICE_UPDATE,pit_fundamental.change|pit_fundamental.disclosure_event,ABSENT,,False,71651,197992
cn_source::profit_sheet_report_em::ACF_END_INCOME,profit_sheet_report_em,ACF_END_INCOME,FUNDAMENTAL_LEVEL|FUNDAMENTAL_CHANGE|DISCLOSURE_EVENT,STOCK_REPORT_PERIOD,REPORT_DATE,NOTICE_DATE,UPDATE_DATE,PIT_SAFE_CURRENT_SNAPSHOT_ONLY,profit_sheet_report_em.ACF_END_INCOME,PIT_SIDECAR_REGISTERED_LAZY_NOT_MINUTE_EXPANDED,SLOW_XS_LEVEL|SLOW_TEMPORAL_CHANGE|DISCLOSURE_EVENT,NO_FORMAL_SEARCH_IN_THIS_TASK; SOURCE_UNIT_GLOSSARY_NOT_ASSERTED,fundamental_profit_sheet,double,NEXT_SESSION_AFTER_MAX_NOTICE_UPDATE,pit_fundamental.level|pit_fundamental.change|pit_fundamental.disclosure_event,ABSENT,,False,5432,264211
cn_source::profit_sheet_report_em::ACF_END_INCOME_YOY,profit_sheet_report_em,ACF_END_INCOME_YOY,FUNDAMENTAL_CHANGE|DISCLOSURE_EVENT,STOCK_REPORT_PERIOD,REPORT_DATE,NOTICE_DATE,UPDATE_DATE,PIT_SAFE_CURRENT_SNAPSHOT_ONLY,profit_sheet_report_em.ACF_END_INCOME_YOY,PIT_SIDECAR_REGISTERED_LAZY_NOT_MINUTE_EXPANDED,SLOW_TEMPORAL_CHANGE|DISCLOSURE_EVENT,NO_FORMAL_SEARCH_IN_THIS_TASK; SOURCE_UNIT_GLOSSARY_NOT_ASSERTED,fundamental_profit_sheet,double,NEXT_SESSION_AFTER_MAX_NOTICE_UPDATE,pit_fundamental.change|pit_fundamental.disclosure_event,ABSENT,,False,2384,267259
cn_source::profit_sheet_report_em::AFA_FAIRVALUE_CHANGE,profit_sheet_report_em,AFA_FAIRVALUE_CHANGE,FUNDAMENTAL_LEVEL|FUNDAMENTAL_CHANGE|DISCLOSURE_EVENT,STOCK_REPORT_PERIOD,REPORT_DATE,NOTICE_DATE,UPDATE_DATE,PIT_SAFE_CURRENT_SNAPSHOT_ONLY,profit_sheet_report_em.AFA_FAIRVALUE_CHANGE,PIT_SIDECAR_REGISTERED_LAZY_NOT_MINUTE_EXPANDED,SLOW_XS_LEVEL|SLOW_TEMPORAL_CHANGE|DISCLOSURE_EVENT,NO_FORMAL_SEARCH_IN_THIS_TASK; SOURCE_UNIT_GLOSSARY_NOT_ASSERTED,fundamental_profit_sheet,double,NEXT_SESSION_AFTER_MAX_NOTICE_UPDATE,pit_fundamental.level|pit_fundamental.change|pit_fundamental.disclosure_event,ABSENT,,False,12613,257030
cn_source::profit_sheet_report_em::AFA_FAIRVALUE_CHANGE_YOY,profit_sheet_report_em,AFA_FAIRVALUE_CHANGE_YOY,FUNDAMENTAL_CHANGE|DISCLOSURE_EVENT,STOCK_REPORT_PERIOD,REPORT_DATE,NOTICE_DATE,UPDATE_DATE,PIT_SAFE_CURRENT_SNAPSHOT_ONLY,profit_sheet_report_em.AFA_FAIRVALUE_CHANGE_YOY,PIT_SIDECAR_REGISTERED_LAZY_NOT_MINUTE_EXPANDED,SLOW_TEMPORAL_CHANGE|DISCLOSURE_EVENT,NO_FORMAL_SEARCH_IN_THIS_TASK; SOURCE_UNIT_GLOSSARY_NOT_ASSERTED,fundamental_profit_sheet,double,NEXT_SESSION_AFTER_MAX_NOTICE_UPDATE,pit_fundamental.change|pit_fundamental.disclosure_event,ABSENT,,False,8552,261091
cn_source::profit_sheet_report_em::AGENT_SECURITY_NI,profit_sheet_report_em,AGENT_SECURITY_NI,FUNDAMENTAL_LEVEL|FUNDAMENTAL_CHANGE|DISCLOSURE_EVENT,STOCK_REPORT_PERIOD,REPORT_DATE,NOTICE_DATE,UPDATE_DATE,PIT_SAFE_CURRENT_SNAPSHOT_ONLY,profit_sheet_report_em.AGENT_SECURITY_NI,PIT_SIDECAR_REGISTERED_LAZY_NOT_MINUTE_EXPANDED,SLOW_XS_LEVEL|SLOW_TEMPORAL_CHANGE|DISCLOSURE_EVENT,NO_FORMAL_SEARCH_IN_THIS_TASK; SOURCE_UNIT_GLOSSARY_NOT_ASSERTED,fundamental_profit_sheet,double,NEXT_SESSION_AFTER_MAX_NOTICE_UPDATE,pit_fundamental.level|pit_fundamental.change|pit_fundamental.disclosure_event,ABSENT,,False,2299,267344
cn_source::profit_sheet_report_em::AGENT_SECURITY_NI_YOY,profit_sheet_report_em,AGENT_SECURITY_NI_YOY,FUNDAMENTAL_CHANGE|DISCLOSURE_EVENT,STOCK_REPORT_PERIOD,REPORT_DATE,NOTICE_DATE,UPDATE_DATE,PIT_SAFE_CURRENT_SNAPSHOT_ONLY,profit_sheet_report_em.AGENT_SECURITY_NI_YOY,PIT_SIDECAR_REGISTERED_LAZY_NOT_MINUTE_EXPANDED,SLOW_TEMPORAL_CHANGE|DISCLOSURE_EVENT,NO_FORMAL_SEARCH_IN_THIS_TASK; SOURCE_UNIT_GLOSSARY_NOT_ASSERTED,fundamental_profit_sheet,double,NEXT_SESSION_AFTER_MAX_NOTICE_UPDATE,pit_fundamental.change|pit_fundamental.disclosure_event,ABSENT,,False,2104,267539
cn_source::profit_sheet_report_em::AMORTIZE_COMPENSATE_EXPENSE,profit_sheet_report_em,AMORTIZE_COMPENSATE_EXPENSE,FUNDAMENTAL_LEVEL|FUNDAMENTAL_CHANGE|DISCLOSURE_EVENT,STOCK_REPORT_PERIOD,REPORT_DATE,NOTICE_DATE,UPDATE_DATE,PIT_SAFE_CURRENT_SNAPSHOT_ONLY,profit_sheet_report_em.AMORTIZE_COMPENSATE_EXPENSE,PIT_SIDECAR_REGISTERED_LAZY_NOT_MINUTE_EXPANDED,SLOW_XS_LEVEL|SLOW_TEMPORAL_CHANGE|DISCLOSURE_EVENT,NO_FORMAL_SEARCH_IN_THIS_TASK; SOURCE_UNIT_GLOSSARY_NOT_ASSERTED,fundamental_profit_sheet,double,NEXT_SESSION_AFTER_MAX_NOTICE_UPDATE,pit_fundamental.level|pit_fundamental.change|pit_fundamental.disclosure_event,ABSENT,,False,293,269350
cn_source::profit_sheet_report_em::AMORTIZE_COMPENSATE_EXPENSE_YOY,profit_sheet_report_em,AMORTIZE_COMPENSATE_EXPENSE_YOY,FUNDAMENTAL_CHANGE|DISCLOSURE_EVENT,STOCK_REPORT_PERIOD,REPORT_DATE,NOTICE_DATE,UPDATE_DATE,PIT_SAFE_CURRENT_SNAPSHOT_ONLY,profit_sheet_report_em.AMORTIZE_COMPENSATE_EXPENSE_YOY,PIT_SIDECAR_REGISTERED_LAZY_NOT_MINUTE_EXPANDED,SLOW_TEMPORAL_CHANGE|DISCLOSURE_EVENT,NO_FORMAL_SEARCH_IN_THIS_TASK; SOURCE_UNIT_GLOSSARY_NOT_ASSERTED,fundamental_profit_sheet,double,NEXT_SESSION_AFTER_MAX_NOTICE_UPDATE,pit_fundamental.change|pit_fundamental.disclosure_event,ABSENT,,False,272,269371
cn_source::profit_sheet_report_em::AMORTIZE_INSURANCE_RESERVE,profit_sheet_report_em,AMORTIZE_INSURANCE_RESERVE,FUNDAMENTAL_LEVEL|FUNDAMENTAL_CHANGE|DISCLOSURE_EVENT,STOCK_REPORT_PERIOD,REPORT_DATE,NOTICE_DATE,UPDATE_DATE,PIT_SAFE_CURRENT_SNAPSHOT_ONLY,profit_sheet_report_em.AMORTIZE_INSURANCE_RESERVE,PIT_SIDECAR_REGISTERED_LAZY_NOT_MINUTE_EXPANDED,SLOW_XS_LEVEL|SLOW_TEMPORAL_CHANGE|DISCLOSURE_EVENT,NO_FORMAL_SEARCH_IN_THIS_TASK; SOURCE_UNIT_GLOSSARY_NOT_ASSERTED,fundamental_profit_sheet,double,NEXT_SESSION_AFTER_MAX_NOTICE_UPDATE,pit_fundamental.level|pit_fundamental.change|pit_fundamental.disclosure_event,ABSENT,,False,291,269352
cn_source::profit_sheet_report_em::AMORTIZE_INSURANCE_RESERVE_YOY,profit_sheet_report_em,AMORTIZE_INSURANCE_RESERVE_YOY,FUNDAMENTAL_CHANGE|DISCLOSURE_EVENT,STOCK_REPORT_PERIOD,REPORT_DATE,NOTICE_DATE,UPDATE_DATE,PIT_SAFE_CURRENT_SNAPSHOT_ONLY,profit_sheet_report_em.AMORTIZE_INSURANCE_RESERVE_YOY,PIT_SIDECAR_REGISTERED_LAZY_NOT_MINUTE_EXPANDED,SLOW_TEMPORAL_CHANGE|DISCLOSURE_EVENT,NO_FORMAL_SEARCH_IN_THIS_TASK; SOURCE_UNIT_GLOSSARY_NOT_ASSERTED,fundamental_profit_sheet,double,NEXT_SESSION_AFTER_MAX_NOTICE_UPDATE,pit_fundamental.change|pit_fundamental.disclosure_event,ABSENT,,False,268,269375
cn_source::profit_sheet_report_em::AMORTIZE_REINSURE_EXPENSE,profit_sheet_report_em,AMORTIZE_REINSURE_EXPENSE,FUNDAMENTAL_LEVEL|FUNDAMENTAL_CHANGE|DISCLOSURE_EVENT,STOCK_REPORT_PERIOD,REPORT_DATE,NOTICE_DATE,UPDATE_DATE,PIT_SAFE_CURRENT_SNAPSHOT_ONLY,profit_sheet_report_em.AMORTIZE_REINSURE_EXPENSE,PIT_SIDECAR_REGISTERED_LAZY_NOT_MINUTE_EXPANDED,SLOW_XS_LEVEL|SLOW_TEMPORAL_CHANGE|DISCLOSURE_EVENT,NO_FORMAL_SEARCH_IN_THIS_TASK; SOURCE_UNIT_GLOSSARY_NOT_ASSERTED,fundamental_profit_sheet,double,NEXT_SESSION_AFTER_MAX_NOTICE_UPDATE,pit_fundamental.level|pit_fundamental.change|pit_fundamental.disclosure_event,ABSENT,,False,294,269349
cn_source::profit_sheet_report_em::AMORTIZE_REINSURE_EXPENSE_YOY,profit_sheet_report_em,AMORTIZE_REINSURE_EXPENSE_YOY,FUNDAMENTAL_CHANGE|DISCLOSURE_EVENT,STOCK_REPORT_PERIOD,REPORT_DATE,NOTICE_DATE,UPDATE_DATE,PIT_SAFE_CURRENT_SNAPSHOT_ONLY,profit_sheet_report_em.AMORTIZE_REINSURE_EXPENSE_YOY,PIT_SIDECAR_REGISTERED_LAZY_NOT_MINUTE_EXPANDED,SLOW_TEMPORAL_CHANGE|DISCLOSURE_EVENT,NO_FORMAL_SEARCH_IN_THIS_TASK; SOURCE_UNIT_GLOSSARY_NOT_ASSERTED,fundamental_profit_sheet,double,NEXT_SESSION_AFTER_MAX_NOTICE_UPDATE,pit_fundamental.change|pit_fundamental.disclosure_event,ABSENT,,False,273,269370
cn_source::profit_sheet_report_em::ASSETMANAGE_FEE_NI,profit_sheet_report_em,ASSETMANAGE_FEE_NI,FUNDAMENTAL_LEVEL|FUNDAMENTAL_CHANGE|DISCLOSURE_EVENT,STOCK_REPORT_PERIOD,REPORT_DATE,NOTICE_DATE,UPDATE_DATE,PIT_SAFE_CURRENT_SNAPSHOT_ONLY,profit_sheet_report_em.ASSETMANAGE_FEE_NI,PIT_SIDECAR_REGISTERED_LAZY_NOT_MINUTE_EXPANDED,SLOW_XS_LEVEL|SLOW_TEMPORAL_CHANGE|DISCLOSURE_EVENT,NO_FORMAL_SEARCH_IN_THIS_TASK; SOURCE_UNIT_GLOSSARY_NOT_ASSERTED,fundamental_profit_sheet,double,NEXT_SESSION_AFTER_MAX_NOTICE_UPDATE,pit_fundamental.level|pit_fundamental.change|pit_fundamental.disclosure_event,ABSENT,,False,633,269010
cn_source::profit_sheet_report_em::ASSETMANAGE_FEE_NI_YOY,profit_sheet_report_em,ASSETMANAGE_FEE_NI_YOY,FUNDAMENTAL_CHANGE|DISCLOSURE_EVENT,STOCK_REPORT_PERIOD,REPORT_DATE,NOTICE_DATE,UPDATE_DATE,PIT_SAFE_CURRENT_SNAPSHOT_ONLY,profit_sheet_report_em.ASSETMANAGE_FEE_NI_YOY,PIT_SIDECAR_REGISTERED_LAZY_NOT_MINUTE_EXPANDED,SLOW_TEMPORAL_CHANGE|DISCLOSURE_EVENT,NO_FORMAL_SEARCH_IN_THIS_TASK; SOURCE_UNIT_GLOSSARY_NOT_ASSERTED,fundamental_profit_sheet,double,NEXT_SESSION_AFTER_MAX_NOTICE_UPDATE,pit_fundamental.change|pit_fundamental.disclosure_event,ABSENT,,False,450,269193
cn_source::profit_sheet_report_em::ASSET_DISPOSAL_INCOME,profit_sheet_report_em,ASSET_DISPOSAL_INCOME,FUNDAMENTAL_LEVEL|FUNDAMENTAL_CHANGE|DISCLOSURE_EVENT,STOCK_REPORT_PERIOD,REPORT_DATE,NOTICE_DATE,UPDATE_DATE,PIT_SAFE_CURRENT_SNAPSHOT_ONLY,profit_sheet_report_em.ASSET_DISPOSAL_INCOME,PIT_SIDECAR_REGISTERED_LAZY_NOT_MINUTE_EXPANDED,SLOW_XS_LEVEL|SLOW_TEMPORAL_CHANGE|DISCLOSURE_EVENT,NO_FORMAL_SEARCH_IN_THIS_TASK; SOURCE_UNIT_GLOSSARY_NOT_ASSERTED,fundamental_profit_sheet,double,NEXT_SESSION_AFTER_MAX_NOTICE_UPDATE,pit_fundamental.level|pit_fundamental.change|pit_fundamental.disclosure_event,ABSENT,,False,97868,171775
cn_source::profit_sheet_report_em::ASSET_DISPOSAL_INCOME_YOY,profit_sheet_report_em,ASSET_DISPOSAL_INCOME_YOY,FUNDAMENTAL_CHANGE|DISCLOSURE_EVENT,STOCK_REPORT_PERIOD,REPORT_DATE,NOTICE_DATE,UPDATE_DATE,PIT_SAFE_CURRENT_SNAPSHOT_ONLY,profit_sheet_report_em.ASSET_DISPOSAL_INCOME_YOY,PIT_SIDECAR_REGISTERED_LAZY_NOT_MINUTE_EXPANDED,SLOW_TEMPORAL_CHANGE|DISCLOSURE_EVENT,NO_FORMAL_SEARCH_IN_THIS_TASK; SOURCE_UNIT_GLOSSARY_NOT_ASSERTED,fundamental_profit_sheet,double,NEXT_SESSION_AFTER_MAX_NOTICE_UPDATE,pit_fundamental.change|pit_fundamental.disclosure_event,ABSENT,,False,71067,198576
cn_source::profit_sheet_report_em::ASSET_IMPAIRMENT_INCOME,profit_sheet_report_em,ASSET_IMPAIRMENT_INCOME,FUNDAMENTAL_LEVEL|FUNDAMENTAL_CHANGE|DISCLOSURE_EVENT,STOCK_REPORT_PERIOD,REPORT_DATE,NOTICE_DATE,UPDATE_DATE,PIT_SAFE_CURRENT_SNAPSHOT_ONLY,profit_sheet_report_em.ASSET_IMPAIRMENT_INCOME,PIT_SIDECAR_REGISTERED_LAZY_NOT_MINUTE_EXPANDED,SLOW_XS_LEVEL|SLOW_TEMPORAL_CHANGE|DISCLOSURE_EVENT,NO_FORMAL_SEARCH_IN_THIS_TASK; SOURCE_UNIT_GLOSSARY_NOT_ASSERTED,fundamental_profit_sheet,double,NEXT_SESSION_AFTER_MAX_NOTICE_UPDATE,pit_fundamental.level|pit_fundamental.change|pit_fundamental.disclosure_event,ABSENT,,False,85350,184293
cn_source::profit_sheet_report_em::ASSET_IMPAIRMENT_INCOME_YOY,profit_sheet_report_em,ASSET_IMPAIRMENT_INCOME_YOY,FUNDAMENTAL_CHANGE|DISCLOSURE_EVENT,STOCK_REPORT_PERIOD,REPORT_DATE,NOTICE_DATE,UPDATE_DATE,PIT_SAFE_CURRENT_SNAPSHOT_ONLY,profit_sheet_report_em.ASSET_IMPAIRMENT_INCOME_YOY,PIT_SIDECAR_REGISTERED_LAZY_NOT_MINUTE_EXPANDED,SLOW_TEMPORAL_CHANGE|DISCLOSURE_EVENT,NO_FORMAL_SEARCH_IN_THIS_TASK; SOURCE_UNIT_GLOSSARY_NOT_ASSERTED,fundamental_profit_sheet,double,NEXT_SESSION_AFTER_MAX_NOTICE_UPDATE,pit_fundamental.change|pit_fundamental.disclosure_event,ABSENT,,False,61210,208433
cn_source::profit_sheet_report_em::ASSET_IMPAIRMENT_LOSS,profit_sheet_report_em,ASSET_IMPAIRMENT_LOSS,FUNDAMENTAL_LEVEL|FUNDAMENTAL_CHANGE|DISCLOSURE_EVENT,STOCK_REPORT_PERIOD,REPORT_DATE,NOTICE_DATE,UPDATE_DATE,PIT_SAFE_CURRENT_SNAPSHOT_ONLY,profit_sheet_report_em.ASSET_IMPAIRMENT_LOSS,PIT_SIDECAR_REGISTERED_LAZY_NOT_MINUTE_EXPANDED,SLOW_XS_LEVEL|SLOW_TEMPORAL_CHANGE|DISCLOSURE_EVENT,NO_FORMAL_SEARCH_IN_THIS_TASK; SOURCE_UNIT_GLOSSARY_NOT_ASSERTED,fundamental_profit_sheet,double,NEXT_SESSION_AFTER_MAX_NOTICE_UPDATE,pit_fundamental.level|pit_fundamental.change|pit_fundamental.disclosure_event,ABSENT,,False,112732,156911
cn_source::profit_sheet_report_em::ASSET_IMPAIRMENT_LOSS_YOY,profit_sheet_report_em,ASSET_IMPAIRMENT_LOSS_YOY,FUNDAMENTAL_CHANGE|DISCLOSURE_EVENT,STOCK_REPORT_PERIOD,REPORT_DATE,NOTICE_DATE,UPDATE_DATE,PIT_SAFE_CURRENT_SNAPSHOT_ONLY,profit_sheet_report_em.ASSET_IMPAIRMENT_LOSS_YOY,PIT_SIDECAR_REGISTERED_LAZY_NOT_MINUTE_EXPANDED,SLOW_TEMPORAL_CHANGE|DISCLOSURE_EVENT,NO_FORMAL_SEARCH_IN_THIS_TASK; SOURCE_UNIT_GLOSSARY_NOT_ASSERTED,fundamental_profit_sheet,double,NEXT_SESSION_AFTER_MAX_NOTICE_UPDATE,pit_fundamental.change|pit_fundamental.disclosure_event,ABSENT,,False,93982,175661
cn_source::profit_sheet_report_em::ASSET_MANAGE_NI,profit_sheet_report_em,ASSET_MANAGE_NI,FUNDAMENTAL_LEVEL|FUNDAMENTAL_CHANGE|DISCLOSURE_EVENT,STOCK_REPORT_PERIOD,REPORT_DATE,NOTICE_DATE,UPDATE_DATE,PIT_SAFE_CURRENT_SNAPSHOT_ONLY,profit_sheet_report_em.ASSET_MANAGE_NI,PIT_SIDECAR_REGISTERED_LAZY_NOT_MINUTE_EXPANDED,SLOW_XS_LEVEL|SLOW_TEMPORAL_CHANGE|DISCLOSURE_EVENT,NO_FORMAL_SEARCH_IN_THIS_TASK; SOURCE_UNIT_GLOSSARY_NOT_ASSERTED,fundamental_profit_sheet,double,NEXT_SESSION_AFTER_MAX_NOTICE_UPDATE,pit_fundamental.level|pit_fundamental.change|pit_fundamental.disclosure_event,ABSENT,,False,2199,267444
cn_source::profit_sheet_report_em::ASSET_MANAGE_NI_YOY,profit_sheet_report_em,ASSET_MANAGE_NI_YOY,FUNDAMENTAL_CHANGE|DISCLOSURE_EVENT,STOCK_REPORT_PERIOD,REPORT_DATE,NOTICE_DATE,UPDATE_DATE,PIT_SAFE_CURRENT_SNAPSHOT_ONLY,profit_sheet_report_em.ASSET_MANAGE_NI_YOY,PIT_SIDECAR_REGISTERED_LAZY_NOT_MINUTE_EXPANDED,SLOW_TEMPORAL_CHANGE|DISCLOSURE_EVENT,NO_FORMAL_SEARCH_IN_THIS_TASK; SOURCE_UNIT_GLOSSARY_NOT_ASSERTED,fundamental_profit_sheet,double,NEXT_SESSION_AFTER_MAX_NOTICE_UPDATE,pit_fundamental.change|pit_fundamental.disclosure_event,ABSENT,,False,1952,267691
cn_source::profit_sheet_report_em::BANK_INTEREST_EXPENSE,profit_sheet_report_em,BANK_INTEREST_EXPENSE,FUNDAMENTAL_LEVEL|FUNDAMENTAL_CHANGE|DISCLOSURE_EVENT,STOCK_REPORT_PERIOD,REPORT_DATE,NOTICE_DATE,UPDATE_DATE,PIT_SAFE_CURRENT_SNAPSHOT_ONLY,profit_sheet_report_em.BANK_INTEREST_EXPENSE,PIT_SIDECAR_REGISTERED_LAZY_NOT_MINUTE_EXPANDED,SLOW_XS_LEVEL|SLOW_TEMPORAL_CHANGE|DISCLOSURE_EVENT,NO_FORMAL_SEARCH_IN_THIS_TASK; SOURCE_UNIT_GLOSSARY_NOT_ASSERTED,fundamental_profit_sheet,double,NEXT_SESSION_AFTER_MAX_NOTICE_UPDATE,pit_fundamental.level|pit_fundamental.change|pit_fundamental.disclosure_event,ABSENT,,False,66,269577
cn_source::profit_sheet_report_em::BANK_INTEREST_EXPENSE_YOY,profit_sheet_report_em,BANK_INTEREST_EXPENSE_YOY,FUNDAMENTAL_CHANGE|DISCLOSURE_EVENT,STOCK_REPORT_PERIOD,REPORT_DATE,NOTICE_DATE,UPDATE_DATE,PIT_SAFE_CURRENT_SNAPSHOT_ONLY,profit_sheet_report_em.BANK_INTEREST_EXPENSE_YOY,PIT_SIDECAR_REGISTERED_LAZY_NOT_MINUTE_EXPANDED,SLOW_TEMPORAL_CHANGE|DISCLOSURE_EVENT,NO_FORMAL_SEARCH_IN_THIS_TASK; SOURCE_UNIT_GLOSSARY_NOT_ASSERTED,fundamental_profit_sheet,double,NEXT_SESSION_AFTER_MAX_NOTICE_UPDATE,pit_fundamental.change|pit_fundamental.disclosure_event,ABSENT,,False,61,269582
cn_source::profit_sheet_report_em::BANK_INTEREST_INCOME,profit_sheet_report_em,BANK_INTEREST_INCOME,FUNDAMENTAL_LEVEL|FUNDAMENTAL_CHANGE|DISCLOSURE_EVENT,STOCK_REPORT_PERIOD,REPORT_DATE,NOTICE_DATE,UPDATE_DATE,PIT_SAFE_CURRENT_SNAPSHOT_ONLY,profit_sheet_report_em.BANK_INTEREST_INCOME,PIT_SIDECAR_REGISTERED_LAZY_NOT_MINUTE_EXPANDED,SLOW_XS_LEVEL|SLOW_TEMPORAL_CHANGE|DISCLOSURE_EVENT,NO_FORMAL_SEARCH_IN_THIS_TASK; SOURCE_UNIT_GLOSSARY_NOT_ASSERTED,fundamental_profit_sheet,double,NEXT_SESSION_AFTER_MAX_NOTICE_UPDATE,pit_fundamental.level|pit_fundamental.change|pit_fundamental.disclosure_event,ABSENT,,False,66,269577
cn_source::profit_sheet_report_em::BANK_INTEREST_INCOME_YOY,profit_sheet_report_em,BANK_INTEREST_INCOME_YOY,FUNDAMENTAL_CHANGE|DISCLOSURE_EVENT,STOCK_REPORT_PERIOD,REPORT_DATE,NOTICE_DATE,UPDATE_DATE,PIT_SAFE_CURRENT_SNAPSHOT_ONLY,profit_sheet_report_em.BANK_INTEREST_INCOME_YOY,PIT_SIDECAR_REGISTERED_LAZY_NOT_MINUTE_EXPANDED,SLOW_TEMPORAL_CHANGE|DISCLOSURE_EVENT,NO_FORMAL_SEARCH_IN_THIS_TASK; SOURCE_UNIT_GLOSSARY_NOT_ASSERTED,fundamental_profit_sheet,double,NEXT_SESSION_AFTER_MAX_NOTICE_UPDATE,pit_fundamental.change|pit_fundamental.disclosure_event,ABSENT,,False,61,269582
cn_source::profit_sheet_report_em::BANK_INTEREST_NI,profit_sheet_report_em,BANK_INTEREST_NI,FUNDAMENTAL_LEVEL|FUNDAMENTAL_CHANGE|DISCLOSURE_EVENT,STOCK_REPORT_PERIOD,REPORT_DATE,NOTICE_DATE,UPDATE_DATE,PIT_SAFE_CURRENT_SNAPSHOT_ONLY,profit_sheet_report_em.BANK_INTEREST_NI,PIT_SIDECAR_REGISTERED_LAZY_NOT_MINUTE_EXPANDED,SLOW_XS_LEVEL|SLOW_TEMPORAL_CHANGE|DISCLOSURE_EVENT,NO_FORMAL_SEARCH_IN_THIS_TASK; SOURCE_UNIT_GLOSSARY_NOT_ASSERTED,fundamental_profit_sheet,double,NEXT_SESSION_AFTER_MAX_NOTICE_UPDATE,pit_fundamental.level|pit_fundamental.change|pit_fundamental.disclosure_event,ABSENT,,False,84,269559
cn_source::profit_sheet_report_em::BANK_INTEREST_NI_YOY,profit_sheet_report_em,BANK_INTEREST_NI_YOY,FUNDAMENTAL_CHANGE|DISCLOSURE_EVENT,STOCK_REPORT_PERIOD,REPORT_DATE,NOTICE_DATE,UPDATE_DATE,PIT_SAFE_CURRENT_SNAPSHOT_ONLY,profit_sheet_report_em.BANK_INTEREST_NI_YOY,PIT_SIDECAR_REGISTERED_LAZY_NOT_MINUTE_EXPANDED,SLOW_TEMPORAL_CHANGE|DISCLOSURE_EVENT,NO_FORMAL_SEARCH_IN_THIS_TASK; SOURCE_UNIT_GLOSSARY_NOT_ASSERTED,fundamental_profit_sheet,double,NEXT_SESSION_AFTER_MAX_NOTICE_UPDATE,pit_fundamental.change|pit_fundamental.disclosure_event,ABSENT,,False,61,269582
cn_source::profit_sheet_report_em::BASIC_EPS,profit_sheet_report_em,BASIC_EPS,FUNDAMENTAL_LEVEL|FUNDAMENTAL_CHANGE|DISCLOSURE_EVENT,STOCK_REPORT_PERIOD,REPORT_DATE,NOTICE_DATE,UPDATE_DATE,PIT_SAFE_CURRENT_SNAPSHOT_ONLY,profit_sheet_report_em.BASIC_EPS,PIT_SIDECAR_REGISTERED_LAZY_NOT_MINUTE_EXPANDED,SLOW_XS_LEVEL|SLOW_TEMPORAL_CHANGE|DISCLOSURE_EVENT,NO_FORMAL_SEARCH_IN_THIS_TASK; SOURCE_UNIT_GLOSSARY_NOT_ASSERTED,fundamental_profit_sheet,double,NEXT_SESSION_AFTER_MAX_NOTICE_UPDATE,pit_fundamental.level|pit_fundamental.change|pit_fundamental.disclosure_event,ABSENT,,False,246124,23519
cn_source::profit_sheet_report_em::BASIC_EPS_YOY,profit_sheet_report_em,BASIC_EPS_YOY,FUNDAMENTAL_CHANGE|DISCLOSURE_EVENT,STOCK_REPORT_PERIOD,REPORT_DATE,NOTICE_DATE,UPDATE_DATE,PIT_SAFE_CURRENT_SNAPSHOT_ONLY,profit_sheet_report_em.BASIC_EPS_YOY,PIT_SIDECAR_REGISTERED_LAZY_NOT_MINUTE_EXPANDED,SLOW_TEMPORAL_CHANGE|DISCLOSURE_EVENT,NO_FORMAL_SEARCH_IN_THIS_TASK; SOURCE_UNIT_GLOSSARY_NOT_ASSERTED,fundamental_profit_sheet,double,NEXT_SESSION_AFTER_MAX_NOTICE_UPDATE,pit_fundamental.change|pit_fundamental.disclosure_event,ABSENT,,False,222691,46952
cn_source::profit_sheet_report_em::BROKER_FEE_NI,profit_sheet_report_em,BROKER_FEE_NI,FUNDAMENTAL_LEVEL|FUNDAMENTAL_CHANGE|DISCLOSURE_EVENT,STOCK_REPORT_PERIOD,REPORT_DATE,NOTICE_DATE,UPDATE_DATE,PIT_SAFE_CURRENT_SNAPSHOT_ONLY,profit_sheet_report_em.BROKER_FEE_NI,PIT_SIDECAR_REGISTERED_LAZY_NOT_MINUTE_EXPANDED,SLOW_XS_LEVEL|SLOW_TEMPORAL_CHANGE|DISCLOSURE_EVENT,NO_FORMAL_SEARCH_IN_THIS_TASK; SOURCE_UNIT_GLOSSARY_NOT_ASSERTED,fundamental_profit_sheet,double,NEXT_SESSION_AFTER_MAX_NOTICE_UPDATE,pit_fundamental.level|pit_fundamental.change|pit_fundamental.disclosure_event,ABSENT,,False,627,269016
cn_source::profit_sheet_report_em::BROKER_FEE_NI_YOY,profit_sheet_report_em,BROKER_FEE_NI_YOY,FUNDAMENTAL_CHANGE|DISCLOSURE_EVENT,STOCK_REPORT_PERIOD,REPORT_DATE,NOTICE_DATE,UPDATE_DATE,PIT_SAFE_CURRENT_SNAPSHOT_ONLY,profit_sheet_report_em.BROKER_FEE_NI_YOY,PIT_SIDECAR_REGISTERED_LAZY_NOT_MINUTE_EXPANDED,SLOW_TEMPORAL_CHANGE|DISCLOSURE_EVENT,NO_FORMAL_SEARCH_IN_THIS_TASK; SOURCE_UNIT_GLOSSARY_NOT_ASSERTED,fundamental_profit_sheet,double,NEXT_SESSION_AFTER_MAX_NOTICE_UPDATE,pit_fundamental.change|pit_fundamental.disclosure_event,ABSENT,,False,445,269198
cn_source::profit_sheet_report_em::BROKER_NI,profit_sheet_report_em,BROKER_NI,FUNDAMENTAL_LEVEL|FUNDAMENTAL_CHANGE|DISCLOSURE_EVENT,STOCK_REPORT_PERIOD,REPORT_DATE,NOTICE_DATE,UPDATE_DATE,PIT_SAFE_CURRENT_SNAPSHOT_ONLY,profit_sheet_report_em.BROKER_NI,PIT_SIDECAR_REGISTERED_LAZY_NOT_MINUTE_EXPANDED,SLOW_XS_LEVEL|SLOW_TEMPORAL_CHANGE|DISCLOSURE_EVENT,NO_FORMAL_SEARCH_IN_THIS_TASK; SOURCE_UNIT_GLOSSARY_NOT_ASSERTED,fundamental_profit_sheet,double,NEXT_SESSION_AFTER_MAX_NOTICE_UPDATE,pit_fundamental.level|pit_fundamental.change|pit_fundamental.disclosure_event,ABSENT,,False,348,269295
cn_source::profit_sheet_report_em::BROKER_NI_YOY,profit_sheet_report_em,BROKER_NI_YOY,FUNDAMENTAL_CHANGE|DISCLOSURE_EVENT,STOCK_REPORT_PERIOD,REPORT_DATE,NOTICE_DATE,UPDATE_DATE,PIT_SAFE_CURRENT_SNAPSHOT_ONLY,profit_sheet_report_em.BROKER_NI_YOY,PIT_SIDECAR_REGISTERED_LAZY_NOT_MINUTE_EXPANDED,SLOW_TEMPORAL_CHANGE|DISCLOSURE_EVENT,NO_FORMAL_SEARCH_IN_THIS_TASK; SOURCE_UNIT_GLOSSARY_NOT_ASSERTED,fundamental_profit_sheet,double,NEXT_SESSION_AFTER_MAX_NOTICE_UPDATE,pit_fundamental.change|pit_fundamental.disclosure_event,ABSENT,,False,14,269629
cn_source::profit_sheet_report_em::BUSINESS_MANAGE_EXPENSE,profit_sheet_report_em,BUSINESS_MANAGE_EXPENSE,FUNDAMENTAL_LEVEL|FUNDAMENTAL_CHANGE|DISCLOSURE_EVENT,STOCK_REPORT_PERIOD,REPORT_DATE,NOTICE_DATE,UPDATE_DATE,PIT_SAFE_CURRENT_SNAPSHOT_ONLY,profit_sheet_report_em.BUSINESS_MANAGE_EXPENSE,PIT_SIDECAR_REGISTERED_LAZY_NOT_MINUTE_EXPANDED,SLOW_XS_LEVEL|SLOW_TEMPORAL_CHANGE|DISCLOSURE_EVENT,NO_FORMAL_SEARCH_IN_THIS_TASK; SOURCE_UNIT_GLOSSARY_NOT_ASSERTED,fundamental_profit_sheet,double,NEXT_SESSION_AFTER_MAX_NOTICE_UPDATE,pit_fundamental.level|pit_fundamental.change|pit_fundamental.disclosure_event,ABSENT,,False,5268,264375
cn_source::profit_sheet_report_em::BUSINESS_MANAGE_EXPENSE_YOY,profit_sheet_report_em,BUSINESS_MANAGE_EXPENSE_YOY,FUNDAMENTAL_CHANGE|DISCLOSURE_EVENT,STOCK_REPORT_PERIOD,REPORT_DATE,NOTICE_DATE,UPDATE_DATE,PIT_SAFE_CURRENT_SNAPSHOT_ONLY,profit_sheet_report_em.BUSINESS_MANAGE_EXPENSE_YOY,PIT_SIDECAR_REGISTERED_LAZY_NOT_MINUTE_EXPANDED,SLOW_TEMPORAL_CHANGE|DISCLOSURE_EVENT,NO_FORMAL_SEARCH_IN_THIS_TASK; SOURCE_UNIT_GLOSSARY_NOT_ASSERTED,fundamental_profit_sheet,double,NEXT_SESSION_AFTER_MAX_NOTICE_UPDATE,pit_fundamental.change|pit_fundamental.disclosure_event,ABSENT,,False,4796,264847
cn_source::profit_sheet_report_em::CASHFLOW_HEDGE_VALID,profit_sheet_report_em,CASHFLOW_HEDGE_VALID,FUNDAMENTAL_LEVEL|FUNDAMENTAL_CHANGE|DISCLOSURE_EVENT,STOCK_REPORT_PERIOD,REPORT_DATE,NOTICE_DATE,UPDATE_DATE,PIT_SAFE_CURRENT_SNAPSHOT_ONLY,profit_sheet_report_em.CASHFLOW_HEDGE_VALID,PIT_SIDECAR_REGISTERED_LAZY_NOT_MINUTE_EXPANDED,SLOW_XS_LEVEL|SLOW_TEMPORAL_CHANGE|DISCLOSURE_EVENT,NO_FORMAL_SEARCH_IN_THIS_TASK; SOURCE_UNIT_GLOSSARY_NOT_ASSERTED,fundamental_profit_sheet,double,NEXT_SESSION_AFTER_MAX_NOTICE_UPDATE,pit_fundamental.level|pit_fundamental.change|pit_fundamental.disclosure_event,ABSENT,,False,6298,263345
cn_source::profit_sheet_report_em::CASHFLOW_HEDGE_VALID_YOY,profit_sheet_report_em,CASHFLOW_HEDGE_VALID_YOY,FUNDAMENTAL_CHANGE|DISCLOSURE_EVENT,STOCK_REPORT_PERIOD,REPORT_DATE,NOTICE_DATE,UPDATE_DATE,PIT_SAFE_CURRENT_SNAPSHOT_ONLY,profit_sheet_report_em.CASHFLOW_HEDGE_VALID_YOY,PIT_SIDECAR_REGISTERED_LAZY_NOT_MINUTE_EXPANDED,SLOW_TEMPORAL_CHANGE|DISCLOSURE_EVENT,NO_FORMAL_SEARCH_IN_THIS_TASK; SOURCE_UNIT_GLOSSARY_NOT_ASSERTED,fundamental_profit_sheet,double,NEXT_SESSION_AFTER_MAX_NOTICE_UPDATE,pit_fundamental.change|pit_fundamental.disclosure_event,ABSENT,,False,3783,265860
cn_source::profit_sheet_report_em::COMMISSION_NI_OTHER,profit_sheet_report_em,COMMISSION_NI_OTHER,FUNDAMENTAL_LEVEL|FUNDAMENTAL_CHANGE|DISCLOSURE_EVENT,STOCK_REPORT_PERIOD,REPORT_DATE,NOTICE_DATE,UPDATE_DATE,PIT_SAFE_CURRENT_SNAPSHOT_ONLY,profit_sheet_report_em.COMMISSION_NI_OTHER,PIT_SIDECAR_REGISTERED_LAZY_NOT_MINUTE_EXPANDED,SLOW_XS_LEVEL|SLOW_TEMPORAL_CHANGE|DISCLOSURE_EVENT,NO_FORMAL_SEARCH_IN_THIS_TASK; SOURCE_UNIT_GLOSSARY_NOT_ASSERTED,fundamental_profit_sheet,double,NEXT_SESSION_AFTER_MAX_NOTICE_UPDATE,pit_fundamental.level|pit_fundamental.change|pit_fundamental.disclosure_event,ABSENT,,False,182,269461
cn_source::profit_sheet_report_em::COMMISSION_NI_OTHER_YOY,profit_sheet_report_em,COMMISSION_NI_OTHER_YOY,FUNDAMENTAL_CHANGE|DISCLOSURE_EVENT,STOCK_REPORT_PERIOD,REPORT_DATE,NOTICE_DATE,UPDATE_DATE,PIT_SAFE_CURRENT_SNAPSHOT_ONLY,profit_sheet_report_em.COMMISSION_NI_OTHER_YOY,PIT_SIDECAR_REGISTERED_LAZY_NOT_MINUTE_EXPANDED,SLOW_TEMPORAL_CHANGE|DISCLOSURE_EVENT,NO_FORMAL_SEARCH_IN_THIS_TASK; SOURCE_UNIT_GLOSSARY_NOT_ASSERTED,fundamental_profit_sheet,double,NEXT_SESSION_AFTER_MAX_NOTICE_UPDATE,pit_fundamental.change|pit_fundamental.disclosure_event,ABSENT,,False,95,269548
cn_source::profit_sheet_report_em::COMPENSATE_EXPENSE,profit_sheet_report_em,COMPENSATE_EXPENSE,FUNDAMENTAL_LEVEL|FUNDAMENTAL_CHANGE|DISCLOSURE_EVENT,STOCK_REPORT_PERIOD,REPORT_DATE,NOTICE_DATE,UPDATE_DATE,PIT_SAFE_CURRENT_SNAPSHOT_ONLY,profit_sheet_report_em.COMPENSATE_EXPENSE,PIT_SIDECAR_REGISTERED_LAZY_NOT_MINUTE_EXPANDED,SLOW_XS_LEVEL|SLOW_TEMPORAL_CHANGE|DISCLOSURE_EVENT,NO_FORMAL_SEARCH_IN_THIS_TASK; SOURCE_UNIT_GLOSSARY_NOT_ASSERTED,fundamental_profit_sheet,double,NEXT_SESSION_AFTER_MAX_NOTICE_UPDATE,pit_fundamental.level|pit_fundamental.change|pit_fundamental.disclosure_event,ABSENT,,False,293,269350
cn_source::profit_sheet_report_em::COMPENSATE_EXPENSE_YOY,profit_sheet_report_em,COMPENSATE_EXPENSE_YOY,FUNDAMENTAL_CHANGE|DISCLOSURE_EVENT,STOCK_REPORT_PERIOD,REPORT_DATE,NOTICE_DATE,UPDATE_DATE,PIT_SAFE_CURRENT_SNAPSHOT_ONLY,profit_sheet_report_em.COMPENSATE_EXPENSE_YOY,PIT_SIDECAR_REGISTERED_LAZY_NOT_MINUTE_EXPANDED,SLOW_TEMPORAL_CHANGE|DISCLOSURE_EVENT,NO_FORMAL_SEARCH_IN_THIS_TASK; SOURCE_UNIT_GLOSSARY_NOT_ASSERTED,fundamental_profit_sheet,double,NEXT_SESSION_AFTER_MAX_NOTICE_UPDATE,pit_fundamental.change|pit_fundamental.disclosure_event,ABSENT,,False,272,269371
cn_source::profit_sheet_report_em::CONTINUED_NETPROFIT,profit_sheet_report_em,CONTINUED_NETPROFIT,FUNDAMENTAL_LEVEL|FUNDAMENTAL_CHANGE|DISCLOSURE_EVENT,STOCK_REPORT_PERIOD,REPORT_DATE,NOTICE_DATE,UPDATE_DATE,PIT_SAFE_CURRENT_SNAPSHOT_ONLY,profit_sheet_report_em.CONTINUED_NETPROFIT,PIT_SIDECAR_REGISTERED_LAZY_NOT_MINUTE_EXPANDED,SLOW_XS_LEVEL|SLOW_TEMPORAL_CHANGE|DISCLOSURE_EVENT,NO_FORMAL_SEARCH_IN_THIS_TASK; SOURCE_UNIT_GLOSSARY_NOT_ASSERTED,fundamental_profit_sheet,double,NEXT_SESSION_AFTER_MAX_NOTICE_UPDATE,pit_fundamental.level|pit_fundamental.change|pit_fundamental.disclosure_event,ABSENT,,False,130399,139244
cn_source::profit_sheet_report_em::CONTINUED_NETPROFIT_YOY,profit_sheet_report_em,CONTINUED_NETPROFIT_YOY,FUNDAMENTAL_CHANGE|DISCLOSURE_EVENT,STOCK_REPORT_PERIOD,REPORT_DATE,NOTICE_DATE,UPDATE_DATE,PIT_SAFE_CURRENT_SNAPSHOT_ONLY,profit_sheet_report_em.CONTINUED_NETPROFIT_YOY,PIT_SIDECAR_REGISTERED_LAZY_NOT_MINUTE_EXPANDED,SLOW_TEMPORAL_CHANGE|DISCLOSURE_EVENT,NO_FORMAL_SEARCH_IN_THIS_TASK; SOURCE_UNIT_GLOSSARY_NOT_ASSERTED,fundamental_profit_sheet,double,NEXT_SESSION_AFTER_MAX_NOTICE_UPDATE,pit_fundamental.change|pit_fundamental.disclosure_event,ABSENT,,False,109028,160615
cn_source::profit_sheet_report_em::CONVERT_DIFF,profit_sheet_report_em,CONVERT_DIFF,FUNDAMENTAL_LEVEL|FUNDAMENTAL_CHANGE|DISCLOSURE_EVENT,STOCK_REPORT_PERIOD,REPORT_DATE,NOTICE_DATE,UPDATE_DATE,PIT_SAFE_CURRENT_SNAPSHOT_ONLY,profit_sheet_report_em.CONVERT_DIFF,PIT_SIDECAR_REGISTERED_LAZY_NOT_MINUTE_EXPANDED,SLOW_XS_LEVEL|SLOW_TEMPORAL_CHANGE|DISCLOSURE_EVENT,NO_FORMAL_SEARCH_IN_THIS_TASK; SOURCE_UNIT_GLOSSARY_NOT_ASSERTED,fundamental_profit_sheet,double,NEXT_SESSION_AFTER_MAX_NOTICE_UPDATE,pit_fundamental.level|pit_fundamental.change|pit_fundamental.disclosure_event,ABSENT,,False,74040,195603
cn_source::profit_sheet_report_em::CONVERT_DIFF_YOY,profit_sheet_report_em,CONVERT_DIFF_YOY,FUNDAMENTAL_CHANGE|DISCLOSURE_EVENT,STOCK_REPORT_PERIOD,REPORT_DATE,NOTICE_DATE,UPDATE_DATE,PIT_SAFE_CURRENT_SNAPSHOT_ONLY,profit_sheet_report_em.CONVERT_DIFF_YOY,PIT_SIDECAR_REGISTERED_LAZY_NOT_MINUTE_EXPANDED,SLOW_TEMPORAL_CHANGE|DISCLOSURE_EVENT,NO_FORMAL_SEARCH_IN_THIS_TASK; SOURCE_UNIT_GLOSSARY_NOT_ASSERTED,fundamental_profit_sheet,double,NEXT_SESSION_AFTER_MAX_NOTICE_UPDATE,pit_fundamental.change|pit_fundamental.disclosure_event,ABSENT,,False,61867,207776
cn_source::profit_sheet_report_em::CREDITOR_FAIRVALUE_CHANGE,profit_sheet_report_em,CREDITOR_FAIRVALUE_CHANGE,FUNDAMENTAL_LEVEL|FUNDAMENTAL_CHANGE|DISCLOSURE_EVENT,STOCK_REPORT_PERIOD,REPORT_DATE,NOTICE_DATE,UPDATE_DATE,PIT_SAFE_CURRENT_SNAPSHOT_ONLY,profit_sheet_report_em.CREDITOR_FAIRVALUE_CHANGE,PIT_SIDECAR_REGISTERED_LAZY_NOT_MINUTE_EXPANDED,SLOW_XS_LEVEL|SLOW_TEMPORAL_CHANGE|DISCLOSURE_EVENT,NO_FORMAL_SEARCH_IN_THIS_TASK; SOURCE_UNIT_GLOSSARY_NOT_ASSERTED,fundamental_profit_sheet,double,NEXT_SESSION_AFTER_MAX_NOTICE_UPDATE,pit_fundamental.level|pit_fundamental.change|pit_fundamental.disclosure_event,ABSENT,,False,4171,265472
cn_source::profit_sheet_report_em::CREDITOR_FAIRVALUE_CHANGE_YOY,profit_sheet_report_em,CREDITOR_FAIRVALUE_CHANGE_YOY,FUNDAMENTAL_CHANGE|DISCLOSURE_EVENT,STOCK_REPORT_PERIOD,REPORT_DATE,NOTICE_DATE,UPDATE_DATE,PIT_SAFE_CURRENT_SNAPSHOT_ONLY,profit_sheet_report_em.CREDITOR_FAIRVALUE_CHANGE_YOY,PIT_SIDECAR_REGISTERED_LAZY_NOT_MINUTE_EXPANDED,SLOW_TEMPORAL_CHANGE|DISCLOSURE_EVENT,NO_FORMAL_SEARCH_IN_THIS_TASK; SOURCE_UNIT_GLOSSARY_NOT_ASSERTED,fundamental_profit_sheet,double,NEXT_SESSION_AFTER_MAX_NOTICE_UPDATE,pit_fundamental.change|pit_fundamental.disclosure_event,ABSENT,,False,2396,267247
cn_source::profit_sheet_report_em::CREDITOR_IMPAIRMENT_RESERVE,profit_sheet_report_em,CREDITOR_IMPAIRMENT_RESERVE,FUNDAMENTAL_LEVEL|FUNDAMENTAL_CHANGE|DISCLOSURE_EVENT,STOCK_REPORT_PERIOD,REPORT_DATE,NOTICE_DATE,UPDATE_DATE,PIT_SAFE_CURRENT_SNAPSHOT_ONLY,profit_sheet_report_em.CREDITOR_IMPAIRMENT_RESERVE,PIT_SIDECAR_REGISTERED_LAZY_NOT_MINUTE_EXPANDED,SLOW_XS_LEVEL|SLOW_TEMPORAL_CHANGE|DISCLOSURE_EVENT,NO_FORMAL_SEARCH_IN_THIS_TASK; SOURCE_UNIT_GLOSSARY_NOT_ASSERTED,fundamental_profit_sheet,double,NEXT_SESSION_AFTER_MAX_NOTICE_UPDATE,pit_fundamental.level|pit_fundamental.change|pit_fundamental.disclosure_event,ABSENT,,False,3158,266485
cn_source::profit_sheet_report_em::CREDITOR_IMPAIRMENT_RESERVE_YOY,profit_sheet_report_em,CREDITOR_IMPAIRMENT_RESERVE_YOY,FUNDAMENTAL_CHANGE|DISCLOSURE_EVENT,STOCK_REPORT_PERIOD,REPORT_DATE,NOTICE_DATE,UPDATE_DATE,PIT_SAFE_CURRENT_SNAPSHOT_ONLY,profit_sheet_report_em.CREDITOR_IMPAIRMENT_RESERVE_YOY,PIT_SIDECAR_REGISTERED_LAZY_NOT_MINUTE_EXPANDED,SLOW_TEMPORAL_CHANGE|DISCLOSURE_EVENT,NO_FORMAL_SEARCH_IN_THIS_TASK; SOURCE_UNIT_GLOSSARY_NOT_ASSERTED,fundamental_profit_sheet,double,NEXT_SESSION_AFTER_MAX_NOTICE_UPDATE,pit_fundamental.change|pit_fundamental.disclosure_event,ABSENT,,False,1706,267937
cn_source::profit_sheet_report_em::CREDITRISK_FAIRVALUE_CHANGE,profit_sheet_report_em,CREDITRISK_FAIRVALUE_CHANGE,FUNDAMENTAL_LEVEL|FUNDAMENTAL_CHANGE|DISCLOSURE_EVENT,STOCK_REPORT_PERIOD,REPORT_DATE,NOTICE_DATE,UPDATE_DATE,PIT_SAFE_CURRENT_SNAPSHOT_ONLY,profit_sheet_report_em.CREDITRISK_FAIRVALUE_CHANGE,PIT_SIDECAR_REGISTERED_LAZY_NOT_MINUTE_EXPANDED,SLOW_XS_LEVEL|SLOW_TEMPORAL_CHANGE|DISCLOSURE_EVENT,NO_FORMAL_SEARCH_IN_THIS_TASK; SOURCE_UNIT_GLOSSARY_NOT_ASSERTED,fundamental_profit_sheet,double,NEXT_SESSION_AFTER_MAX_NOTICE_UPDATE,pit_fundamental.level|pit_fundamental.change|pit_fundamental.disclosure_event,ABSENT,,False,780,268863
cn_source::profit_sheet_report_em::CREDITRISK_FAIRVALUE_CHANGE_YOY,profit_sheet_report_em,CREDITRISK_FAIRVALUE_CHANGE_YOY,FUNDAMENTAL_CHANGE|DISCLOSURE_EVENT,STOCK_REPORT_PERIOD,REPORT_DATE,NOTICE_DATE,UPDATE_DATE,PIT_SAFE_CURRENT_SNAPSHOT_ONLY,profit_sheet_report_em.CREDITRISK_FAIRVALUE_CHANGE_YOY,PIT_SIDECAR_REGISTERED_LAZY_NOT_MINUTE_EXPANDED,SLOW_TEMPORAL_CHANGE|DISCLOSURE_EVENT,NO_FORMAL_SEARCH_IN_THIS_TASK; SOURCE_UNIT_GLOSSARY_NOT_ASSERTED,fundamental_profit_sheet,double,NEXT_SESSION_AFTER_MAX_NOTICE_UPDATE,pit_fundamental.change|pit_fundamental.disclosure_event,ABSENT,,False,27,269616
cn_source::profit_sheet_report_em::CREDIT_IMPAIRMENT_INCOME,profit_sheet_report_em,CREDIT_IMPAIRMENT_INCOME,FUNDAMENTAL_LEVEL|FUNDAMENTAL_CHANGE|DISCLOSURE_EVENT,STOCK_REPORT_PERIOD,REPORT_DATE,NOTICE_DATE,UPDATE_DATE,PIT_SAFE_CURRENT_SNAPSHOT_ONLY,profit_sheet_report_em.CREDIT_IMPAIRMENT_INCOME,PIT_SIDECAR_REGISTERED_LAZY_NOT_MINUTE_EXPANDED,SLOW_XS_LEVEL|SLOW_TEMPORAL_CHANGE|DISCLOSURE_EVENT,NO_FORMAL_SEARCH_IN_THIS_TASK; SOURCE_UNIT_GLOSSARY_NOT_ASSERTED,fundamental_profit_sheet,double,NEXT_SESSION_AFTER_MAX_NOTICE_UPDATE,pit_fundamental.level|pit_fundamental.change|pit_fundamental.disclosure_event,ABSENT,,False,94495,175148
cn_source::profit_sheet_report_em::CREDIT_IMPAIRMENT_INCOME_YOY,profit_sheet_report_em,CREDIT_IMPAIRMENT_INCOME_YOY,FUNDAMENTAL_CHANGE|DISCLOSURE_EVENT,STOCK_REPORT_PERIOD,REPORT_DATE,NOTICE_DATE,UPDATE_DATE,PIT_SAFE_CURRENT_SNAPSHOT_ONLY,profit_sheet_report_em.CREDIT_IMPAIRMENT_INCOME_YOY,PIT_SIDECAR_REGISTERED_LAZY_NOT_MINUTE_EXPANDED,SLOW_TEMPORAL_CHANGE|DISCLOSURE_EVENT,NO_FORMAL_SEARCH_IN_THIS_TASK; SOURCE_UNIT_GLOSSARY_NOT_ASSERTED,fundamental_profit_sheet,double,NEXT_SESSION_AFTER_MAX_NOTICE_UPDATE,pit_fundamental.change|pit_fundamental.disclosure_event,ABSENT,,False,73970,195673
cn_source::profit_sheet_report_em::CREDIT_IMPAIRMENT_LOSS,profit_sheet_report_em,CREDIT_IMPAIRMENT_LOSS,FUNDAMENTAL_LEVEL|FUNDAMENTAL_CHANGE|DISCLOSURE_EVENT,STOCK_REPORT_PERIOD,REPORT_DATE,NOTICE_DATE,UPDATE_DATE,PIT_SAFE_CURRENT_SNAPSHOT_ONLY,profit_sheet_report_em.CREDIT_IMPAIRMENT_LOSS,PIT_SIDECAR_REGISTERED_LAZY_NOT_MINUTE_EXPANDED,SLOW_XS_LEVEL|SLOW_TEMPORAL_CHANGE|DISCLOSURE_EVENT,NO_FORMAL_SEARCH_IN_THIS_TASK; SOURCE_UNIT_GLOSSARY_NOT_ASSERTED,fundamental_profit_sheet,double,NEXT_SESSION_AFTER_MAX_NOTICE_UPDATE,pit_fundamental.level|pit_fundamental.change|pit_fundamental.disclosure_event,ABSENT,,False,2397,267246
cn_source::profit_sheet_report_em::CREDIT_IMPAIRMENT_LOSS_YOY,profit_sheet_report_em,CREDIT_IMPAIRMENT_LOSS_YOY,FUNDAMENTAL_CHANGE|DISCLOSURE_EVENT,STOCK_REPORT_PERIOD,REPORT_DATE,NOTICE_DATE,UPDATE_DATE,PIT_SAFE_CURRENT_SNAPSHOT_ONLY,profit_sheet_report_em.CREDIT_IMPAIRMENT_LOSS_YOY,PIT_SIDECAR_REGISTERED_LAZY_NOT_MINUTE_EXPANDED,SLOW_TEMPORAL_CHANGE|DISCLOSURE_EVENT,NO_FORMAL_SEARCH_IN_THIS_TASK; SOURCE_UNIT_GLOSSARY_NOT_ASSERTED,fundamental_profit_sheet,double,NEXT_SESSION_AFTER_MAX_NOTICE_UPDATE,pit_fundamental.change|pit_fundamental.disclosure_event,ABSENT,,False,1669,267974
cn_source::profit_sheet_report_em::CURRENCY,profit_sheet_report_em,CURRENCY,METADATA_BLOCKED,STOCK_REPORT_PERIOD,REPORT_DATE,NOTICE_DATE,UPDATE_DATE,PIT_SAFE_CURRENT_SNAPSHOT_ONLY,profit_sheet_report_em.CURRENCY,SOURCE_METADATA_SIDECAR_ONLY,BLOCKED,METADATA_NOT_SEARCHABLE,fundamental_profit_sheet,string,NEXT_SESSION_AFTER_MAX_NOTICE_UPDATE,,ABSENT,,False,269628,15
cn_source::profit_sheet_report_em::DEDUCT_PARENT_NETPROFIT,profit_sheet_report_em,DEDUCT_PARENT_NETPROFIT,FUNDAMENTAL_LEVEL|FUNDAMENTAL_CHANGE|DISCLOSURE_EVENT,STOCK_REPORT_PERIOD,REPORT_DATE,NOTICE_DATE,UPDATE_DATE,PIT_SAFE_CURRENT_SNAPSHOT_ONLY,profit_sheet_report_em.DEDUCT_PARENT_NETPROFIT,PIT_SIDECAR_REGISTERED_LAZY_NOT_MINUTE_EXPANDED,SLOW_XS_LEVEL|SLOW_TEMPORAL_CHANGE|DISCLOSURE_EVENT,NO_FORMAL_SEARCH_IN_THIS_TASK; SOURCE_UNIT_GLOSSARY_NOT_ASSERTED,fundamental_profit_sheet,double,NEXT_SESSION_AFTER_MAX_NOTICE_UPDATE,pit_fundamental.level|pit_fundamental.change|pit_fundamental.disclosure_event,ABSENT,,False,253457,16186
cn_source::profit_sheet_report_em::DEDUCT_PARENT_NETPROFIT_YOY,profit_sheet_report_em,DEDUCT_PARENT_NETPROFIT_YOY,FUNDAMENTAL_CHANGE|DISCLOSURE_EVENT,STOCK_REPORT_PERIOD,REPORT_DATE,NOTICE_DATE,UPDATE_DATE,PIT_SAFE_CURRENT_SNAPSHOT_ONLY,profit_sheet_report_em.DEDUCT_PARENT_NETPROFIT_YOY,PIT_SIDECAR_REGISTERED_LAZY_NOT_MINUTE_EXPANDED,SLOW_TEMPORAL_CHANGE|DISCLOSURE_EVENT,NO_FORMAL_SEARCH_IN_THIS_TASK; SOURCE_UNIT_GLOSSARY_NOT_ASSERTED,fundamental_profit_sheet,double,NEXT_SESSION_AFTER_MAX_NOTICE_UPDATE,pit_fundamental.change|pit_fundamental.disclosure_event,ABSENT,,False,231761,37882
cn_source::profit_sheet_report_em::DILUTED_EPS,profit_sheet_report_em,DILUTED_EPS,FUNDAMENTAL_LEVEL|FUNDAMENTAL_CHANGE|DISCLOSURE_EVENT,STOCK_REPORT_PERIOD,REPORT_DATE,NOTICE_DATE,UPDATE_DATE,PIT_SAFE_CURRENT_SNAPSHOT_ONLY,profit_sheet_report_em.DILUTED_EPS,PIT_SIDECAR_REGISTERED_LAZY_NOT_MINUTE_EXPANDED,SLOW_XS_LEVEL|SLOW_TEMPORAL_CHANGE|DISCLOSURE_EVENT,NO_FORMAL_SEARCH_IN_THIS_TASK; SOURCE_UNIT_GLOSSARY_NOT_ASSERTED,fundamental_profit_sheet,double,NEXT_SESSION_AFTER_MAX_NOTICE_UPDATE,pit_fundamental.level|pit_fundamental.change|pit_fundamental.disclosure_event,ABSENT,,False,226386,43257
cn_source::profit_sheet_report_em::DILUTED_EPS_YOY,profit_sheet_report_em,DILUTED_EPS_YOY,FUNDAMENTAL_CHANGE|DISCLOSURE_EVENT,STOCK_REPORT_PERIOD,REPORT_DATE,NOTICE_DATE,UPDATE_DATE,PIT_SAFE_CURRENT_SNAPSHOT_ONLY,profit_sheet_report_em.DILUTED_EPS_YOY,PIT_SIDECAR_REGISTERED_LAZY_NOT_MINUTE_EXPANDED,SLOW_TEMPORAL_CHANGE|DISCLOSURE_EVENT,NO_FORMAL_SEARCH_IN_THIS_TASK; SOURCE_UNIT_GLOSSARY_NOT_ASSERTED,fundamental_profit_sheet,double,NEXT_SESSION_AFTER_MAX_NOTICE_UPDATE,pit_fundamental.change|pit_fundamental.disclosure_event,ABSENT,,False,203490,66153
cn_source::profit_sheet_report_em::DISCONTINUED_NETPROFIT,profit_sheet_report_em,DISCONTINUED_NETPROFIT,FUNDAMENTAL_LEVEL|FUNDAMENTAL_CHANGE|DISCLOSURE_EVENT,STOCK_REPORT_PERIOD,REPORT_DATE,NOTICE_DATE,UPDATE_DATE,PIT_SAFE_CURRENT_SNAPSHOT_ONLY,profit_sheet_report_em.DISCONTINUED_NETPROFIT,PIT_SIDECAR_REGISTERED_LAZY_NOT_MINUTE_EXPANDED,SLOW_XS_LEVEL|SLOW_TEMPORAL_CHANGE|DISCLOSURE_EVENT,NO_FORMAL_SEARCH_IN_THIS_TASK; SOURCE_UNIT_GLOSSARY_NOT_ASSERTED,fundamental_profit_sheet,double,NEXT_SESSION_AFTER_MAX_NOTICE_UPDATE,pit_fundamental.level|pit_fundamental.change|pit_fundamental.disclosure_event,ABSENT,,False,5695,263948
cn_source::profit_sheet_report_em::DISCONTINUED_NETPROFIT_YOY,profit_sheet_report_em,DISCONTINUED_NETPROFIT_YOY,FUNDAMENTAL_CHANGE|DISCLOSURE_EVENT,STOCK_REPORT_PERIOD,REPORT_DATE,NOTICE_DATE,UPDATE_DATE,PIT_SAFE_CURRENT_SNAPSHOT_ONLY,profit_sheet_report_em.DISCONTINUED_NETPROFIT_YOY,PIT_SIDECAR_REGISTERED_LAZY_NOT_MINUTE_EXPANDED,SLOW_TEMPORAL_CHANGE|DISCLOSURE_EVENT,NO_FORMAL_SEARCH_IN_THIS_TASK; SOURCE_UNIT_GLOSSARY_NOT_ASSERTED,fundamental_profit_sheet,double,NEXT_SESSION_AFTER_MAX_NOTICE_UPDATE,pit_fundamental.change|pit_fundamental.disclosure_event,ABSENT,,False,1979,267664
cn_source::profit_sheet_report_em::EARNED_PREMIUM,profit_sheet_report_em,EARNED_PREMIUM,FUNDAMENTAL_LEVEL|FUNDAMENTAL_CHANGE|DISCLOSURE_EVENT,STOCK_REPORT_PERIOD,REPORT_DATE,NOTICE_DATE,UPDATE_DATE,PIT_SAFE_CURRENT_SNAPSHOT_ONLY,profit_sheet_report_em.EARNED_PREMIUM,PIT_SIDECAR_REGISTERED_LAZY_NOT_MINUTE_EXPANDED,SLOW_XS_LEVEL|SLOW_TEMPORAL_CHANGE|DISCLOSURE_EVENT,NO_FORMAL_SEARCH_IN_THIS_TASK; SOURCE_UNIT_GLOSSARY_NOT_ASSERTED,fundamental_profit_sheet,double,NEXT_SESSION_AFTER_MAX_NOTICE_UPDATE,pit_fundamental.level|pit_fundamental.change|pit_fundamental.disclosure_event,ABSENT,,False,2595,267048
cn_source::profit_sheet_report_em::EARNED_PREMIUM_BALANCE,profit_sheet_report_em,EARNED_PREMIUM_BALANCE,FUNDAMENTAL_LEVEL|FUNDAMENTAL_CHANGE|DISCLOSURE_EVENT,STOCK_REPORT_PERIOD,REPORT_DATE,NOTICE_DATE,UPDATE_DATE,PIT_SAFE_CURRENT_SNAPSHOT_ONLY,profit_sheet_report_em.EARNED_PREMIUM_BALANCE,PIT_SIDECAR_REGISTERED_LAZY_NOT_MINUTE_EXPANDED,SLOW_XS_LEVEL|SLOW_TEMPORAL_CHANGE|DISCLOSURE_EVENT,NO_FORMAL_SEARCH_IN_THIS_TASK; SOURCE_UNIT_GLOSSARY_NOT_ASSERTED,fundamental_profit_sheet,double,NEXT_SESSION_AFTER_MAX_NOTICE_UPDATE,pit_fundamental.level|pit_fundamental.change|pit_fundamental.disclosure_event,ABSENT,,False,0,269643
cn_source::profit_sheet_report_em::EARNED_PREMIUM_BALANCE_YOY,profit_sheet_report_em,EARNED_PREMIUM_BALANCE_YOY,FUNDAMENTAL_CHANGE|DISCLOSURE_EVENT,STOCK_REPORT_PERIOD,REPORT_DATE,NOTICE_DATE,UPDATE_DATE,PIT_SAFE_CURRENT_SNAPSHOT_ONLY,profit_sheet_report_em.EARNED_PREMIUM_BALANCE_YOY,PIT_SIDECAR_REGISTERED_LAZY_NOT_MINUTE_EXPANDED,SLOW_TEMPORAL_CHANGE|DISCLOSURE_EVENT,NO_FORMAL_SEARCH_IN_THIS_TASK; SOURCE_UNIT_GLOSSARY_NOT_ASSERTED,fundamental_profit_sheet,double,NEXT_SESSION_AFTER_MAX_NOTICE_UPDATE,pit_fundamental.change|pit_fundamental.disclosure_event,ABSENT,,False,0,269643
cn_source::profit_sheet_report_em::EARNED_PREMIUM_YOY,profit_sheet_report_em,EARNED_PREMIUM_YOY,FUNDAMENTAL_CHANGE|DISCLOSURE_EVENT,STOCK_REPORT_PERIOD,REPORT_DATE,NOTICE_DATE,UPDATE_DATE,PIT_SAFE_CURRENT_SNAPSHOT_ONLY,profit_sheet_report_em.EARNED_PREMIUM_YOY,PIT_SIDECAR_REGISTERED_LAZY_NOT_MINUTE_EXPANDED,SLOW_TEMPORAL_CHANGE|DISCLOSURE_EVENT,NO_FORMAL_SEARCH_IN_THIS_TASK; SOURCE_UNIT_GLOSSARY_NOT_ASSERTED,fundamental_profit_sheet,double,NEXT_SESSION_AFTER_MAX_NOTICE_UPDATE,pit_fundamental.change|pit_fundamental.disclosure_event,ABSENT,,False,600,269043
cn_source::profit_sheet_report_em::EFFECT_NETPROFIT_BALANCE,profit_sheet_report_em,EFFECT_NETPROFIT_BALANCE,FUNDAMENTAL_LEVEL|FUNDAMENTAL_CHANGE|DISCLOSURE_EVENT,STOCK_REPORT_PERIOD,REPORT_DATE,NOTICE_DATE,UPDATE_DATE,PIT_SAFE_CURRENT_SNAPSHOT_ONLY,profit_sheet_report_em.EFFECT_NETPROFIT_BALANCE,PIT_SIDECAR_REGISTERED_LAZY_NOT_MINUTE_EXPANDED,SLOW_XS_LEVEL|SLOW_TEMPORAL_CHANGE|DISCLOSURE_EVENT,NO_FORMAL_SEARCH_IN_THIS_TASK; SOURCE_UNIT_GLOSSARY_NOT_ASSERTED,fundamental_profit_sheet,double,NEXT_SESSION_AFTER_MAX_NOTICE_UPDATE,pit_fundamental.level|pit_fundamental.change|pit_fundamental.disclosure_event,ABSENT,,False,31212,238431
cn_source::profit_sheet_report_em::EFFECT_NETPROFIT_BALANCE_YOY,profit_sheet_report_em,EFFECT_NETPROFIT_BALANCE_YOY,FUNDAMENTAL_CHANGE|DISCLOSURE_EVENT,STOCK_REPORT_PERIOD,REPORT_DATE,NOTICE_DATE,UPDATE_DATE,PIT_SAFE_CURRENT_SNAPSHOT_ONLY,profit_sheet_report_em.EFFECT_NETPROFIT_BALANCE_YOY,PIT_SIDECAR_REGISTERED_LAZY_NOT_MINUTE_EXPANDED,SLOW_TEMPORAL_CHANGE|DISCLOSURE_EVENT,NO_FORMAL_SEARCH_IN_THIS_TASK; SOURCE_UNIT_GLOSSARY_NOT_ASSERTED,fundamental_profit_sheet,double,NEXT_SESSION_AFTER_MAX_NOTICE_UPDATE,pit_fundamental.change|pit_fundamental.disclosure_event,ABSENT,,False,1351,268292
cn_source::profit_sheet_report_em::EFFECT_NETPROFIT_OTHER,profit_sheet_report_em,EFFECT_NETPROFIT_OTHER,FUNDAMENTAL_LEVEL|FUNDAMENTAL_CHANGE|DISCLOSURE_EVENT,STOCK_REPORT_PERIOD,REPORT_DATE,NOTICE_DATE,UPDATE_DATE,PIT_SAFE_CURRENT_SNAPSHOT_ONLY,profit_sheet_report_em.EFFECT_NETPROFIT_OTHER,PIT_SIDECAR_REGISTERED_LAZY_NOT_MINUTE_EXPANDED,SLOW_XS_LEVEL|SLOW_TEMPORAL_CHANGE|DISCLOSURE_EVENT,NO_FORMAL_SEARCH_IN_THIS_TASK; SOURCE_UNIT_GLOSSARY_NOT_ASSERTED,fundamental_profit_sheet,double,NEXT_SESSION_AFTER_MAX_NOTICE_UPDATE,pit_fundamental.level|pit_fundamental.change|pit_fundamental.disclosure_event,ABSENT,,False,135,269508
cn_source::profit_sheet_report_em::EFFECT_NETPROFIT_OTHER_YOY,profit_sheet_report_em,EFFECT_NETPROFIT_OTHER_YOY,FUNDAMENTAL_CHANGE|DISCLOSURE_EVENT,STOCK_REPORT_PERIOD,REPORT_DATE,NOTICE_DATE,UPDATE_DATE,PIT_SAFE_CURRENT_SNAPSHOT_ONLY,profit_sheet_report_em.EFFECT_NETPROFIT_OTHER_YOY,PIT_SIDECAR_REGISTERED_LAZY_NOT_MINUTE_EXPANDED,SLOW_TEMPORAL_CHANGE|DISCLOSURE_EVENT,NO_FORMAL_SEARCH_IN_THIS_TASK; SOURCE_UNIT_GLOSSARY_NOT_ASSERTED,fundamental_profit_sheet,double,NEXT_SESSION_AFTER_MAX_NOTICE_UPDATE,pit_fundamental.change|pit_fundamental.disclosure_event,ABSENT,,False,4,269639
cn_source::profit_sheet_report_em::EFFECT_TCI_BALANCE,profit_sheet_report_em,EFFECT_TCI_BALANCE,FUNDAMENTAL_LEVEL|FUNDAMENTAL_CHANGE|DISCLOSURE_EVENT,STOCK_REPORT_PERIOD,REPORT_DATE,NOTICE_DATE,UPDATE_DATE,PIT_SAFE_CURRENT_SNAPSHOT_ONLY,profit_sheet_report_em.EFFECT_TCI_BALANCE,PIT_SIDECAR_REGISTERED_LAZY_NOT_MINUTE_EXPANDED,SLOW_XS_LEVEL|SLOW_TEMPORAL_CHANGE|DISCLOSURE_EVENT,NO_FORMAL_SEARCH_IN_THIS_TASK; SOURCE_UNIT_GLOSSARY_NOT_ASSERTED,fundamental_profit_sheet,double,NEXT_SESSION_AFTER_MAX_NOTICE_UPDATE,pit_fundamental.level|pit_fundamental.change|pit_fundamental.disclosure_event,ABSENT,,False,27741,241902
cn_source::profit_sheet_report_em::EFFECT_TCI_BALANCE_YOY,profit_sheet_report_em,EFFECT_TCI_BALANCE_YOY,FUNDAMENTAL_CHANGE|DISCLOSURE_EVENT,STOCK_REPORT_PERIOD,REPORT_DATE,NOTICE_DATE,UPDATE_DATE,PIT_SAFE_CURRENT_SNAPSHOT_ONLY,profit_sheet_report_em.EFFECT_TCI_BALANCE_YOY,PIT_SIDECAR_REGISTERED_LAZY_NOT_MINUTE_EXPANDED,SLOW_TEMPORAL_CHANGE|DISCLOSURE_EVENT,NO_FORMAL_SEARCH_IN_THIS_TASK; SOURCE_UNIT_GLOSSARY_NOT_ASSERTED,fundamental_profit_sheet,double,NEXT_SESSION_AFTER_MAX_NOTICE_UPDATE,pit_fundamental.change|pit_fundamental.disclosure_event,ABSENT,,False,0,269643
cn_source::profit_sheet_report_em::EFFECT_TP_OTHER,profit_sheet_report_em,EFFECT_TP_OTHER,FUNDAMENTAL_LEVEL|FUNDAMENTAL_CHANGE|DISCLOSURE_EVENT,STOCK_REPORT_PERIOD,REPORT_DATE,NOTICE_DATE,UPDATE_DATE,PIT_SAFE_CURRENT_SNAPSHOT_ONLY,profit_sheet_report_em.EFFECT_TP_OTHER,PIT_SIDECAR_REGISTERED_LAZY_NOT_MINUTE_EXPANDED,SLOW_XS_LEVEL|SLOW_TEMPORAL_CHANGE|DISCLOSURE_EVENT,NO_FORMAL_SEARCH_IN_THIS_TASK; SOURCE_UNIT_GLOSSARY_NOT_ASSERTED,fundamental_profit_sheet,double,NEXT_SESSION_AFTER_MAX_NOTICE_UPDATE,pit_fundamental.level|pit_fundamental.change|pit_fundamental.disclosure_event,ABSENT,,False,20410,249233
cn_source::profit_sheet_report_em::EFFECT_TP_OTHER_YOY,profit_sheet_report_em,EFFECT_TP_OTHER_YOY,FUNDAMENTAL_CHANGE|DISCLOSURE_EVENT,STOCK_REPORT_PERIOD,REPORT_DATE,NOTICE_DATE,UPDATE_DATE,PIT_SAFE_CURRENT_SNAPSHOT_ONLY,profit_sheet_report_em.EFFECT_TP_OTHER_YOY,PIT_SIDECAR_REGISTERED_LAZY_NOT_MINUTE_EXPANDED,SLOW_TEMPORAL_CHANGE|DISCLOSURE_EVENT,NO_FORMAL_SEARCH_IN_THIS_TASK; SOURCE_UNIT_GLOSSARY_NOT_ASSERTED,fundamental_profit_sheet,double,NEXT_SESSION_AFTER_MAX_NOTICE_UPDATE,pit_fundamental.change|pit_fundamental.disclosure_event,ABSENT,,False,57,269586
cn_source::profit_sheet_report_em::EXCHANGE_INCOME,profit_sheet_report_em,EXCHANGE_INCOME,FUNDAMENTAL_LEVEL|FUNDAMENTAL_CHANGE|DISCLOSURE_EVENT,STOCK_REPORT_PERIOD,REPORT_DATE,NOTICE_DATE,UPDATE_DATE,PIT_SAFE_CURRENT_SNAPSHOT_ONLY,profit_sheet_report_em.EXCHANGE_INCOME,PIT_SIDECAR_REGISTERED_LAZY_NOT_MINUTE_EXPANDED,SLOW_XS_LEVEL|SLOW_TEMPORAL_CHANGE|DISCLOSURE_EVENT,NO_FORMAL_SEARCH_IN_THIS_TASK; SOURCE_UNIT_GLOSSARY_NOT_ASSERTED,fundamental_profit_sheet,double,NEXT_SESSION_AFTER_MAX_NOTICE_UPDATE,pit_fundamental.level|pit_fundamental.change|pit_fundamental.disclosure_event,ABSENT,,False,8908,260735
cn_source::profit_sheet_report_em::EXCHANGE_INCOME_YOY,profit_sheet_report_em,EXCHANGE_INCOME_YOY,FUNDAMENTAL_CHANGE|DISCLOSURE_EVENT,STOCK_REPORT_PERIOD,REPORT_DATE,NOTICE_DATE,UPDATE_DATE,PIT_SAFE_CURRENT_SNAPSHOT_ONLY,profit_sheet_report_em.EXCHANGE_INCOME_YOY,PIT_SIDECAR_REGISTERED_LAZY_NOT_MINUTE_EXPANDED,SLOW_TEMPORAL_CHANGE|DISCLOSURE_EVENT,NO_FORMAL_SEARCH_IN_THIS_TASK; SOURCE_UNIT_GLOSSARY_NOT_ASSERTED,fundamental_profit_sheet,double,NEXT_SESSION_AFTER_MAX_NOTICE_UPDATE,pit_fundamental.change|pit_fundamental.disclosure_event,ABSENT,,False,5695,263948
cn_source::profit_sheet_report_em::EXTRACT_INSURANCE_RESERVE,profit_sheet_report_em,EXTRACT_INSURANCE_RESERVE,FUNDAMENTAL_LEVEL|FUNDAMENTAL_CHANGE|DISCLOSURE_EVENT,STOCK_REPORT_PERIOD,REPORT_DATE,NOTICE_DATE,UPDATE_DATE,PIT_SAFE_CURRENT_SNAPSHOT_ONLY,profit_sheet_report_em.EXTRACT_INSURANCE_RESERVE,PIT_SIDECAR_REGISTERED_LAZY_NOT_MINUTE_EXPANDED,SLOW_XS_LEVEL|SLOW_TEMPORAL_CHANGE|DISCLOSURE_EVENT,NO_FORMAL_SEARCH_IN_THIS_TASK; SOURCE_UNIT_GLOSSARY_NOT_ASSERTED,fundamental_profit_sheet,double,NEXT_SESSION_AFTER_MAX_NOTICE_UPDATE,pit_fundamental.level|pit_fundamental.change|pit_fundamental.disclosure_event,ABSENT,,False,298,269345
cn_source::profit_sheet_report_em::EXTRACT_INSURANCE_RESERVE_YOY,profit_sheet_report_em,EXTRACT_INSURANCE_RESERVE_YOY,FUNDAMENTAL_CHANGE|DISCLOSURE_EVENT,STOCK_REPORT_PERIOD,REPORT_DATE,NOTICE_DATE,UPDATE_DATE,PIT_SAFE_CURRENT_SNAPSHOT_ONLY,profit_sheet_report_em.EXTRACT_INSURANCE_RESERVE_YOY,PIT_SIDECAR_REGISTERED_LAZY_NOT_MINUTE_EXPANDED,SLOW_TEMPORAL_CHANGE|DISCLOSURE_EVENT,NO_FORMAL_SEARCH_IN_THIS_TASK; SOURCE_UNIT_GLOSSARY_NOT_ASSERTED,fundamental_profit_sheet,double,NEXT_SESSION_AFTER_MAX_NOTICE_UPDATE,pit_fundamental.change|pit_fundamental.disclosure_event,ABSENT,,False,276,269367
cn_source::profit_sheet_report_em::EXTRACT_UNEXPIRE_RESERVE,profit_sheet_report_em,EXTRACT_UNEXPIRE_RESERVE,FUNDAMENTAL_LEVEL|FUNDAMENTAL_CHANGE|DISCLOSURE_EVENT,STOCK_REPORT_PERIOD,REPORT_DATE,NOTICE_DATE,UPDATE_DATE,PIT_SAFE_CURRENT_SNAPSHOT_ONLY,profit_sheet_report_em.EXTRACT_UNEXPIRE_RESERVE,PIT_SIDECAR_REGISTERED_LAZY_NOT_MINUTE_EXPANDED,SLOW_XS_LEVEL|SLOW_TEMPORAL_CHANGE|DISCLOSURE_EVENT,NO_FORMAL_SEARCH_IN_THIS_TASK; SOURCE_UNIT_GLOSSARY_NOT_ASSERTED,fundamental_profit_sheet,double,NEXT_SESSION_AFTER_MAX_NOTICE_UPDATE,pit_fundamental.level|pit_fundamental.change|pit_fundamental.disclosure_event,ABSENT,,False,292,269351
cn_source::profit_sheet_report_em::EXTRACT_UNEXPIRE_RESERVE_YOY,profit_sheet_report_em,EXTRACT_UNEXPIRE_RESERVE_YOY,FUNDAMENTAL_CHANGE|DISCLOSURE_EVENT,STOCK_REPORT_PERIOD,REPORT_DATE,NOTICE_DATE,UPDATE_DATE,PIT_SAFE_CURRENT_SNAPSHOT_ONLY,profit_sheet_report_em.EXTRACT_UNEXPIRE_RESERVE_YOY,PIT_SIDECAR_REGISTERED_LAZY_NOT_MINUTE_EXPANDED,SLOW_TEMPORAL_CHANGE|DISCLOSURE_EVENT,NO_FORMAL_SEARCH_IN_THIS_TASK; SOURCE_UNIT_GLOSSARY_NOT_ASSERTED,fundamental_profit_sheet,double,NEXT_SESSION_AFTER_MAX_NOTICE_UPDATE,pit_fundamental.change|pit_fundamental.disclosure_event,ABSENT,,False,270,269373
cn_source::profit_sheet_report_em::FAIRVALUE_CHANGE,profit_sheet_report_em,FAIRVALUE_CHANGE,FUNDAMENTAL_LEVEL|FUNDAMENTAL_CHANGE|DISCLOSURE_EVENT,STOCK_REPORT_PERIOD,REPORT_DATE,NOTICE_DATE,UPDATE_DATE,PIT_SAFE_CURRENT_SNAPSHOT_ONLY,profit_sheet_report_em.FAIRVALUE_CHANGE,PIT_SIDECAR_REGISTERED_LAZY_NOT_MINUTE_EXPANDED,SLOW_XS_LEVEL|SLOW_TEMPORAL_CHANGE|DISCLOSURE_EVENT,NO_FORMAL_SEARCH_IN_THIS_TASK; SOURCE_UNIT_GLOSSARY_NOT_ASSERTED,fundamental_profit_sheet,double,NEXT_SESSION_AFTER_MAX_NOTICE_UPDATE,pit_fundamental.level|pit_fundamental.change|pit_fundamental.disclosure_event,ABSENT,,False,307,269336
cn_source::profit_sheet_report_em::FAIRVALUE_CHANGE_INCOME,profit_sheet_report_em,FAIRVALUE_CHANGE_INCOME,FUNDAMENTAL_LEVEL|FUNDAMENTAL_CHANGE|DISCLOSURE_EVENT,STOCK_REPORT_PERIOD,REPORT_DATE,NOTICE_DATE,UPDATE_DATE,PIT_SAFE_CURRENT_SNAPSHOT_ONLY,profit_sheet_report_em.FAIRVALUE_CHANGE_INCOME,PIT_SIDECAR_REGISTERED_LAZY_NOT_MINUTE_EXPANDED,SLOW_XS_LEVEL|SLOW_TEMPORAL_CHANGE|DISCLOSURE_EVENT,NO_FORMAL_SEARCH_IN_THIS_TASK; SOURCE_UNIT_GLOSSARY_NOT_ASSERTED,fundamental_profit_sheet,double,NEXT_SESSION_AFTER_MAX_NOTICE_UPDATE,pit_fundamental.level|pit_fundamental.change|pit_fundamental.disclosure_event,ABSENT,,False,83206,186437
cn_source::profit_sheet_report_em::FAIRVALUE_CHANGE_INCOME_YOY,profit_sheet_report_em,FAIRVALUE_CHANGE_INCOME_YOY,FUNDAMENTAL_CHANGE|DISCLOSURE_EVENT,STOCK_REPORT_PERIOD,REPORT_DATE,NOTICE_DATE,UPDATE_DATE,PIT_SAFE_CURRENT_SNAPSHOT_ONLY,profit_sheet_report_em.FAIRVALUE_CHANGE_INCOME_YOY,PIT_SIDECAR_REGISTERED_LAZY_NOT_MINUTE_EXPANDED,SLOW_TEMPORAL_CHANGE|DISCLOSURE_EVENT,NO_FORMAL_SEARCH_IN_THIS_TASK; SOURCE_UNIT_GLOSSARY_NOT_ASSERTED,fundamental_profit_sheet,double,NEXT_SESSION_AFTER_MAX_NOTICE_UPDATE,pit_fundamental.change|pit_fundamental.disclosure_event,ABSENT,,False,59157,210486
cn_source::profit_sheet_report_em::FAIRVALUE_CHANGE_YOY,profit_sheet_report_em,FAIRVALUE_CHANGE_YOY,FUNDAMENTAL_CHANGE|DISCLOSURE_EVENT,STOCK_REPORT_PERIOD,REPORT_DATE,NOTICE_DATE,UPDATE_DATE,PIT_SAFE_CURRENT_SNAPSHOT_ONLY,profit_sheet_report_em.FAIRVALUE_CHANGE_YOY,PIT_SIDECAR_REGISTERED_LAZY_NOT_MINUTE_EXPANDED,SLOW_TEMPORAL_CHANGE|DISCLOSURE_EVENT,NO_FORMAL_SEARCH_IN_THIS_TASK; SOURCE_UNIT_GLOSSARY_NOT_ASSERTED,fundamental_profit_sheet,double,NEXT_SESSION_AFTER_MAX_NOTICE_UPDATE,pit_fundamental.change|pit_fundamental.disclosure_event,ABSENT,,False,286,269357
cn_source::profit_sheet_report_em::FEE_COMMISSION_EXPENSE,profit_sheet_report_em,FEE_COMMISSION_EXPENSE,FUNDAMENTAL_LEVEL|FUNDAMENTAL_CHANGE|DISCLOSURE_EVENT,STOCK_REPORT_PERIOD,REPORT_DATE,NOTICE_DATE,UPDATE_DATE,PIT_SAFE_CURRENT_SNAPSHOT_ONLY,profit_sheet_report_em.FEE_COMMISSION_EXPENSE,PIT_SIDECAR_REGISTERED_LAZY_NOT_MINUTE_EXPANDED,SLOW_XS_LEVEL|SLOW_TEMPORAL_CHANGE|DISCLOSURE_EVENT,NO_FORMAL_SEARCH_IN_THIS_TASK; SOURCE_UNIT_GLOSSARY_NOT_ASSERTED,fundamental_profit_sheet,double,NEXT_SESSION_AFTER_MAX_NOTICE_UPDATE,pit_fundamental.level|pit_fundamental.change|pit_fundamental.disclosure_event,ABSENT,,False,6637,263006
cn_source::profit_sheet_report_em::FEE_COMMISSION_EXPENSE_YOY,profit_sheet_report_em,FEE_COMMISSION_EXPENSE_YOY,FUNDAMENTAL_CHANGE|DISCLOSURE_EVENT,STOCK_REPORT_PERIOD,REPORT_DATE,NOTICE_DATE,UPDATE_DATE,PIT_SAFE_CURRENT_SNAPSHOT_ONLY,profit_sheet_report_em.FEE_COMMISSION_EXPENSE_YOY,PIT_SIDECAR_REGISTERED_LAZY_NOT_MINUTE_EXPANDED,SLOW_TEMPORAL_CHANGE|DISCLOSURE_EVENT,NO_FORMAL_SEARCH_IN_THIS_TASK; SOURCE_UNIT_GLOSSARY_NOT_ASSERTED,fundamental_profit_sheet,double,NEXT_SESSION_AFTER_MAX_NOTICE_UPDATE,pit_fundamental.change|pit_fundamental.disclosure_event,ABSENT,,False,4229,265414
cn_source::profit_sheet_report_em::FEE_COMMISSION_INCOME,profit_sheet_report_em,FEE_COMMISSION_INCOME,FUNDAMENTAL_LEVEL|FUNDAMENTAL_CHANGE|DISCLOSURE_EVENT,STOCK_REPORT_PERIOD,REPORT_DATE,NOTICE_DATE,UPDATE_DATE,PIT_SAFE_CURRENT_SNAPSHOT_ONLY,profit_sheet_report_em.FEE_COMMISSION_INCOME,PIT_SIDECAR_REGISTERED_LAZY_NOT_MINUTE_EXPANDED,SLOW_XS_LEVEL|SLOW_TEMPORAL_CHANGE|DISCLOSURE_EVENT,NO_FORMAL_SEARCH_IN_THIS_TASK; SOURCE_UNIT_GLOSSARY_NOT_ASSERTED,fundamental_profit_sheet,double,NEXT_SESSION_AFTER_MAX_NOTICE_UPDATE,pit_fundamental.level|pit_fundamental.change|pit_fundamental.disclosure_event,ABSENT,,False,6668,262975
cn_source::profit_sheet_report_em::FEE_COMMISSION_INCOME_YOY,profit_sheet_report_em,FEE_COMMISSION_INCOME_YOY,FUNDAMENTAL_CHANGE|DISCLOSURE_EVENT,STOCK_REPORT_PERIOD,REPORT_DATE,NOTICE_DATE,UPDATE_DATE,PIT_SAFE_CURRENT_SNAPSHOT_ONLY,profit_sheet_report_em.FEE_COMMISSION_INCOME_YOY,PIT_SIDECAR_REGISTERED_LAZY_NOT_MINUTE_EXPANDED,SLOW_TEMPORAL_CHANGE|DISCLOSURE_EVENT,NO_FORMAL_SEARCH_IN_THIS_TASK; SOURCE_UNIT_GLOSSARY_NOT_ASSERTED,fundamental_profit_sheet,double,NEXT_SESSION_AFTER_MAX_NOTICE_UPDATE,pit_fundamental.change|pit_fundamental.disclosure_event,ABSENT,,False,4138,265505
cn_source::profit_sheet_report_em::FEE_COMMISSION_NI,profit_sheet_report_em,FEE_COMMISSION_NI,FUNDAMENTAL_LEVEL|FUNDAMENTAL_CHANGE|DISCLOSURE_EVENT,STOCK_REPORT_PERIOD,REPORT_DATE,NOTICE_DATE,UPDATE_DATE,PIT_SAFE_CURRENT_SNAPSHOT_ONLY,profit_sheet_report_em.FEE_COMMISSION_NI,PIT_SIDECAR_REGISTERED_LAZY_NOT_MINUTE_EXPANDED,SLOW_XS_LEVEL|SLOW_TEMPORAL_CHANGE|DISCLOSURE_EVENT,NO_FORMAL_SEARCH_IN_THIS_TASK; SOURCE_UNIT_GLOSSARY_NOT_ASSERTED,fundamental_profit_sheet,double,NEXT_SESSION_AFTER_MAX_NOTICE_UPDATE,pit_fundamental.level|pit_fundamental.change|pit_fundamental.disclosure_event,ABSENT,,False,4918,264725
cn_source::profit_sheet_report_em::FEE_COMMISSION_NI_YOY,profit_sheet_report_em,FEE_COMMISSION_NI_YOY,FUNDAMENTAL_CHANGE|DISCLOSURE_EVENT,STOCK_REPORT_PERIOD,REPORT_DATE,NOTICE_DATE,UPDATE_DATE,PIT_SAFE_CURRENT_SNAPSHOT_ONLY,profit_sheet_report_em.FEE_COMMISSION_NI_YOY,PIT_SIDECAR_REGISTERED_LAZY_NOT_MINUTE_EXPANDED,SLOW_TEMPORAL_CHANGE|DISCLOSURE_EVENT,NO_FORMAL_SEARCH_IN_THIS_TASK; SOURCE_UNIT_GLOSSARY_NOT_ASSERTED,fundamental_profit_sheet,double,NEXT_SESSION_AFTER_MAX_NOTICE_UPDATE,pit_fundamental.change|pit_fundamental.disclosure_event,ABSENT,,False,4461,265182
cn_source::profit_sheet_report_em::FE_INTEREST_EXPENSE,profit_sheet_report_em,FE_INTEREST_EXPENSE,FUNDAMENTAL_LEVEL|FUNDAMENTAL_CHANGE|DISCLOSURE_EVENT,STOCK_REPORT_PERIOD,REPORT_DATE,NOTICE_DATE,UPDATE_DATE,PIT_SAFE_CURRENT_SNAPSHOT_ONLY,profit_sheet_report_em.FE_INTEREST_EXPENSE,PIT_SIDECAR_REGISTERED_LAZY_NOT_MINUTE_EXPANDED,SLOW_XS_LEVEL|SLOW_TEMPORAL_CHANGE|DISCLOSURE_EVENT,NO_FORMAL_SEARCH_IN_THIS_TASK; SOURCE_UNIT_GLOSSARY_NOT_ASSERTED,fundamental_profit_sheet,double,NEXT_SESSION_AFTER_MAX_NOTICE_UPDATE,pit_fundamental.level|pit_fundamental.change|pit_fundamental.disclosure_event,ABSENT,,False,107839,161804
cn_source::profit_sheet_report_em::FE_INTEREST_EXPENSE_YOY,profit_sheet_report_em,FE_INTEREST_EXPENSE_YOY,FUNDAMENTAL_CHANGE|DISCLOSURE_EVENT,STOCK_REPORT_PERIOD,REPORT_DATE,NOTICE_DATE,UPDATE_DATE,PIT_SAFE_CURRENT_SNAPSHOT_ONLY,profit_sheet_report_em.FE_INTEREST_EXPENSE_YOY,PIT_SIDECAR_REGISTERED_LAZY_NOT_MINUTE_EXPANDED,SLOW_TEMPORAL_CHANGE|DISCLOSURE_EVENT,NO_FORMAL_SEARCH_IN_THIS_TASK; SOURCE_UNIT_GLOSSARY_NOT_ASSERTED,fundamental_profit_sheet,double,NEXT_SESSION_AFTER_MAX_NOTICE_UPDATE,pit_fundamental.change|pit_fundamental.disclosure_event,ABSENT,,False,86246,183397
cn_source::profit_sheet_report_em::FE_INTEREST_INCOME,profit_sheet_report_em,FE_INTEREST_INCOME,FUNDAMENTAL_LEVEL|FUNDAMENTAL_CHANGE|DISCLOSURE_EVENT,STOCK_REPORT_PERIOD,REPORT_DATE,NOTICE_DATE,UPDATE_DATE,PIT_SAFE_CURRENT_SNAPSHOT_ONLY,profit_sheet_report_em.FE_INTEREST_INCOME,PIT_SIDECAR_REGISTERED_LAZY_NOT_MINUTE_EXPANDED,SLOW_XS_LEVEL|SLOW_TEMPORAL_CHANGE|DISCLOSURE_EVENT,NO_FORMAL_SEARCH_IN_THIS_TASK; SOURCE_UNIT_GLOSSARY_NOT_ASSERTED,fundamental_profit_sheet,double,NEXT_SESSION_AFTER_MAX_NOTICE_UPDATE,pit_fundamental.level|pit_fundamental.change|pit_fundamental.disclosure_event,ABSENT,,False,118285,151358
cn_source::profit_sheet_report_em::FE_INTEREST_INCOME_YOY,profit_sheet_report_em,FE_INTEREST_INCOME_YOY,FUNDAMENTAL_CHANGE|DISCLOSURE_EVENT,STOCK_REPORT_PERIOD,REPORT_DATE,NOTICE_DATE,UPDATE_DATE,PIT_SAFE_CURRENT_SNAPSHOT_ONLY,profit_sheet_report_em.FE_INTEREST_INCOME_YOY,PIT_SIDECAR_REGISTERED_LAZY_NOT_MINUTE_EXPANDED,SLOW_TEMPORAL_CHANGE|DISCLOSURE_EVENT,NO_FORMAL_SEARCH_IN_THIS_TASK; SOURCE_UNIT_GLOSSARY_NOT_ASSERTED,fundamental_profit_sheet,double,NEXT_SESSION_AFTER_MAX_NOTICE_UPDATE,pit_fundamental.change|pit_fundamental.disclosure_event,ABSENT,,False,97922,171721
cn_source::profit_sheet_report_em::FINANCE_ADVISER_NI,profit_sheet_report_em,FINANCE_ADVISER_NI,FUNDAMENTAL_LEVEL|FUNDAMENTAL_CHANGE|DISCLOSURE_EVENT,STOCK_REPORT_PERIOD,REPORT_DATE,NOTICE_DATE,UPDATE_DATE,PIT_SAFE_CURRENT_SNAPSHOT_ONLY,profit_sheet_report_em.FINANCE_ADVISER_NI,PIT_SIDECAR_REGISTERED_LAZY_NOT_MINUTE_EXPANDED,SLOW_XS_LEVEL|SLOW_TEMPORAL_CHANGE|DISCLOSURE_EVENT,NO_FORMAL_SEARCH_IN_THIS_TASK; SOURCE_UNIT_GLOSSARY_NOT_ASSERTED,fundamental_profit_sheet,double,NEXT_SESSION_AFTER_MAX_NOTICE_UPDATE,pit_fundamental.level|pit_fundamental.change|pit_fundamental.disclosure_event,ABSENT,,False,217,269426
cn_source::profit_sheet_report_em::FINANCE_ADVISER_NI_YOY,profit_sheet_report_em,FINANCE_ADVISER_NI_YOY,FUNDAMENTAL_CHANGE|DISCLOSURE_EVENT,STOCK_REPORT_PERIOD,REPORT_DATE,NOTICE_DATE,UPDATE_DATE,PIT_SAFE_CURRENT_SNAPSHOT_ONLY,profit_sheet_report_em.FINANCE_ADVISER_NI_YOY,PIT_SIDECAR_REGISTERED_LAZY_NOT_MINUTE_EXPANDED,SLOW_TEMPORAL_CHANGE|DISCLOSURE_EVENT,NO_FORMAL_SEARCH_IN_THIS_TASK; SOURCE_UNIT_GLOSSARY_NOT_ASSERTED,fundamental_profit_sheet,double,NEXT_SESSION_AFTER_MAX_NOTICE_UPDATE,pit_fundamental.change|pit_fundamental.disclosure_event,ABSENT,,False,85,269558
cn_source::profit_sheet_report_em::FINANCE_EXPENSE,profit_sheet_report_em,FINANCE_EXPENSE,FUNDAMENTAL_LEVEL|FUNDAMENTAL_CHANGE|DISCLOSURE_EVENT,STOCK_REPORT_PERIOD,REPORT_DATE,NOTICE_DATE,UPDATE_DATE,PIT_SAFE_CURRENT_SNAPSHOT_ONLY,profit_sheet_report_em.FINANCE_EXPENSE,PIT_SIDECAR_REGISTERED_LAZY_NOT_MINUTE_EXPANDED,SLOW_XS_LEVEL|SLOW_TEMPORAL_CHANGE|DISCLOSURE_EVENT,NO_FORMAL_SEARCH_IN_THIS_TASK; SOURCE_UNIT_GLOSSARY_NOT_ASSERTED,fundamental_profit_sheet,double,NEXT_SESSION_AFTER_MAX_NOTICE_UPDATE,pit_fundamental.level|pit_fundamental.change|pit_fundamental.disclosure_event,ABSENT,,False,260639,9004
cn_source::profit_sheet_report_em::FINANCE_EXPENSE_YOY,profit_sheet_report_em,FINANCE_EXPENSE_YOY,FUNDAMENTAL_CHANGE|DISCLOSURE_EVENT,STOCK_REPORT_PERIOD,REPORT_DATE,NOTICE_DATE,UPDATE_DATE,PIT_SAFE_CURRENT_SNAPSHOT_ONLY,profit_sheet_report_em.FINANCE_EXPENSE_YOY,PIT_SIDECAR_REGISTERED_LAZY_NOT_MINUTE_EXPANDED,SLOW_TEMPORAL_CHANGE|DISCLOSURE_EVENT,NO_FORMAL_SEARCH_IN_THIS_TASK; SOURCE_UNIT_GLOSSARY_NOT_ASSERTED,fundamental_profit_sheet,double,NEXT_SESSION_AFTER_MAX_NOTICE_UPDATE,pit_fundamental.change|pit_fundamental.disclosure_event,ABSENT,,False,239298,30345
cn_source::profit_sheet_report_em::FINANCE_OCI_AMT,profit_sheet_report_em,FINANCE_OCI_AMT,FUNDAMENTAL_LEVEL|FUNDAMENTAL_CHANGE|DISCLOSURE_EVENT,STOCK_REPORT_PERIOD,REPORT_DATE,NOTICE_DATE,UPDATE_DATE,PIT_SAFE_CURRENT_SNAPSHOT_ONLY,profit_sheet_report_em.FINANCE_OCI_AMT,PIT_SIDECAR_REGISTERED_LAZY_NOT_MINUTE_EXPANDED,SLOW_XS_LEVEL|SLOW_TEMPORAL_CHANGE|DISCLOSURE_EVENT,NO_FORMAL_SEARCH_IN_THIS_TASK; SOURCE_UNIT_GLOSSARY_NOT_ASSERTED,fundamental_profit_sheet,double,NEXT_SESSION_AFTER_MAX_NOTICE_UPDATE,pit_fundamental.level|pit_fundamental.change|pit_fundamental.disclosure_event,ABSENT,,False,1450,268193
cn_source::profit_sheet_report_em::FINANCE_OCI_AMT_YOY,profit_sheet_report_em,FINANCE_OCI_AMT_YOY,FUNDAMENTAL_CHANGE|DISCLOSURE_EVENT,STOCK_REPORT_PERIOD,REPORT_DATE,NOTICE_DATE,UPDATE_DATE,PIT_SAFE_CURRENT_SNAPSHOT_ONLY,profit_sheet_report_em.FINANCE_OCI_AMT_YOY,PIT_SIDECAR_REGISTERED_LAZY_NOT_MINUTE_EXPANDED,SLOW_TEMPORAL_CHANGE|DISCLOSURE_EVENT,NO_FORMAL_SEARCH_IN_THIS_TASK; SOURCE_UNIT_GLOSSARY_NOT_ASSERTED,fundamental_profit_sheet,double,NEXT_SESSION_AFTER_MAX_NOTICE_UPDATE,pit_fundamental.change|pit_fundamental.disclosure_event,ABSENT,,False,322,269321
cn_source::profit_sheet_report_em::FUND_MANAGE_NI,profit_sheet_report_em,FUND_MANAGE_NI,FUNDAMENTAL_LEVEL|FUNDAMENTAL_CHANGE|DISCLOSURE_EVENT,STOCK_REPORT_PERIOD,REPORT_DATE,NOTICE_DATE,UPDATE_DATE,PIT_SAFE_CURRENT_SNAPSHOT_ONLY,profit_sheet_report_em.FUND_MANAGE_NI,PIT_SIDECAR_REGISTERED_LAZY_NOT_MINUTE_EXPANDED,SLOW_XS_LEVEL|SLOW_TEMPORAL_CHANGE|DISCLOSURE_EVENT,NO_FORMAL_SEARCH_IN_THIS_TASK; SOURCE_UNIT_GLOSSARY_NOT_ASSERTED,fundamental_profit_sheet,double,NEXT_SESSION_AFTER_MAX_NOTICE_UPDATE,pit_fundamental.level|pit_fundamental.change|pit_fundamental.disclosure_event,ABSENT,,False,222,269421
cn_source::profit_sheet_report_em::FUND_MANAGE_NI_YOY,profit_sheet_report_em,FUND_MANAGE_NI_YOY,FUNDAMENTAL_CHANGE|DISCLOSURE_EVENT,STOCK_REPORT_PERIOD,REPORT_DATE,NOTICE_DATE,UPDATE_DATE,PIT_SAFE_CURRENT_SNAPSHOT_ONLY,profit_sheet_report_em.FUND_MANAGE_NI_YOY,PIT_SIDECAR_REGISTERED_LAZY_NOT_MINUTE_EXPANDED,SLOW_TEMPORAL_CHANGE|DISCLOSURE_EVENT,NO_FORMAL_SEARCH_IN_THIS_TASK; SOURCE_UNIT_GLOSSARY_NOT_ASSERTED,fundamental_profit_sheet,double,NEXT_SESSION_AFTER_MAX_NOTICE_UPDATE,pit_fundamental.change|pit_fundamental.disclosure_event,ABSENT,,False,84,269559
cn_source::profit_sheet_report_em::FUND_SALE_NI,profit_sheet_report_em,FUND_SALE_NI,FUNDAMENTAL_LEVEL|FUNDAMENTAL_CHANGE|DISCLOSURE_EVENT,STOCK_REPORT_PERIOD,REPORT_DATE,NOTICE_DATE,UPDATE_DATE,PIT_SAFE_CURRENT_SNAPSHOT_ONLY,profit_sheet_report_em.FUND_SALE_NI,PIT_SIDECAR_REGISTERED_LAZY_NOT_MINUTE_EXPANDED,SLOW_XS_LEVEL|SLOW_TEMPORAL_CHANGE|DISCLOSURE_EVENT,NO_FORMAL_SEARCH_IN_THIS_TASK; SOURCE_UNIT_GLOSSARY_NOT_ASSERTED,fundamental_profit_sheet,double,NEXT_SESSION_AFTER_MAX_NOTICE_UPDATE,pit_fundamental.level|pit_fundamental.change|pit_fundamental.disclosure_event,ABSENT,,False,326,269317
cn_source::profit_sheet_report_em::FUND_SALE_NI_YOY,profit_sheet_report_em,FUND_SALE_NI_YOY,FUNDAMENTAL_CHANGE|DISCLOSURE_EVENT,STOCK_REPORT_PERIOD,REPORT_DATE,NOTICE_DATE,UPDATE_DATE,PIT_SAFE_CURRENT_SNAPSHOT_ONLY,profit_sheet_report_em.FUND_SALE_NI_YOY,PIT_SIDECAR_REGISTERED_LAZY_NOT_MINUTE_EXPANDED,SLOW_TEMPORAL_CHANGE|DISCLOSURE_EVENT,NO_FORMAL_SEARCH_IN_THIS_TASK; SOURCE_UNIT_GLOSSARY_NOT_ASSERTED,fundamental_profit_sheet,double,NEXT_SESSION_AFTER_MAX_NOTICE_UPDATE,pit_fundamental.change|pit_fundamental.disclosure_event,ABSENT,,False,2,269641
cn_source::profit_sheet_report_em::HMI_AFA,profit_sheet_report_em,HMI_AFA,FUNDAMENTAL_LEVEL|FUNDAMENTAL_CHANGE|DISCLOSURE_EVENT,STOCK_REPORT_PERIOD,REPORT_DATE,NOTICE_DATE,UPDATE_DATE,PIT_SAFE_CURRENT_SNAPSHOT_ONLY,profit_sheet_report_em.HMI_AFA,PIT_SIDECAR_REGISTERED_LAZY_NOT_MINUTE_EXPANDED,SLOW_XS_LEVEL|SLOW_TEMPORAL_CHANGE|DISCLOSURE_EVENT,NO_FORMAL_SEARCH_IN_THIS_TASK; SOURCE_UNIT_GLOSSARY_NOT_ASSERTED,fundamental_profit_sheet,double,NEXT_SESSION_AFTER_MAX_NOTICE_UPDATE,pit_fundamental.level|pit_fundamental.change|pit_fundamental.disclosure_event,ABSENT,,False,479,269164
cn_source::profit_sheet_report_em::HMI_AFA_YOY,profit_sheet_report_em,HMI_AFA_YOY,FUNDAMENTAL_CHANGE|DISCLOSURE_EVENT,STOCK_REPORT_PERIOD,REPORT_DATE,NOTICE_DATE,UPDATE_DATE,PIT_SAFE_CURRENT_SNAPSHOT_ONLY,profit_sheet_report_em.HMI_AFA_YOY,PIT_SIDECAR_REGISTERED_LAZY_NOT_MINUTE_EXPANDED,SLOW_TEMPORAL_CHANGE|DISCLOSURE_EVENT,NO_FORMAL_SEARCH_IN_THIS_TASK; SOURCE_UNIT_GLOSSARY_NOT_ASSERTED,fundamental_profit_sheet,double,NEXT_SESSION_AFTER_MAX_NOTICE_UPDATE,pit_fundamental.change|pit_fundamental.disclosure_event,ABSENT,,False,34,269609
cn_source::profit_sheet_report_em::INCOME_TAX,profit_sheet_report_em,INCOME_TAX,FUNDAMENTAL_LEVEL|FUNDAMENTAL_CHANGE|DISCLOSURE_EVENT,STOCK_REPORT_PERIOD,REPORT_DATE,NOTICE_DATE,UPDATE_DATE,PIT_SAFE_CURRENT_SNAPSHOT_ONLY,profit_sheet_report_em.INCOME_TAX,PIT_SIDECAR_REGISTERED_LAZY_NOT_MINUTE_EXPANDED,SLOW_XS_LEVEL|SLOW_TEMPORAL_CHANGE|DISCLOSURE_EVENT,NO_FORMAL_SEARCH_IN_THIS_TASK; SOURCE_UNIT_GLOSSARY_NOT_ASSERTED,fundamental_profit_sheet,double,NEXT_SESSION_AFTER_MAX_NOTICE_UPDATE,pit_fundamental.level|pit_fundamental.change|pit_fundamental.disclosure_event,ABSENT,,False,259594,10049
cn_source::profit_sheet_report_em::INCOME_TAX_YOY,profit_sheet_report_em,INCOME_TAX_YOY,FUNDAMENTAL_CHANGE|DISCLOSURE_EVENT,STOCK_REPORT_PERIOD,REPORT_DATE,NOTICE_DATE,UPDATE_DATE,PIT_SAFE_CURRENT_SNAPSHOT_ONLY,profit_sheet_report_em.INCOME_TAX_YOY,PIT_SIDECAR_REGISTERED_LAZY_NOT_MINUTE_EXPANDED,SLOW_TEMPORAL_CHANGE|DISCLOSURE_EVENT,NO_FORMAL_SEARCH_IN_THIS_TASK; SOURCE_UNIT_GLOSSARY_NOT_ASSERTED,fundamental_profit_sheet,double,NEXT_SESSION_AFTER_MAX_NOTICE_UPDATE,pit_fundamental.change|pit_fundamental.disclosure_event,ABSENT,,False,235625,34018
cn_source::profit_sheet_report_em::INSURANCE_INCOME,profit_sheet_report_em,INSURANCE_INCOME,FUNDAMENTAL_LEVEL|FUNDAMENTAL_CHANGE|DISCLOSURE_EVENT,STOCK_REPORT_PERIOD,REPORT_DATE,NOTICE_DATE,UPDATE_DATE,PIT_SAFE_CURRENT_SNAPSHOT_ONLY,profit_sheet_report_em.INSURANCE_INCOME,PIT_SIDECAR_REGISTERED_LAZY_NOT_MINUTE_EXPANDED,SLOW_XS_LEVEL|SLOW_TEMPORAL_CHANGE|DISCLOSURE_EVENT,NO_FORMAL_SEARCH_IN_THIS_TASK; SOURCE_UNIT_GLOSSARY_NOT_ASSERTED,fundamental_profit_sheet,int64,NEXT_SESSION_AFTER_MAX_NOTICE_UPDATE,pit_fundamental.level|pit_fundamental.change|pit_fundamental.disclosure_event,ABSENT,,False,313,269330
cn_source::profit_sheet_report_em::INSURANCE_INCOME_YOY,profit_sheet_report_em,INSURANCE_INCOME_YOY,FUNDAMENTAL_CHANGE|DISCLOSURE_EVENT,STOCK_REPORT_PERIOD,REPORT_DATE,NOTICE_DATE,UPDATE_DATE,PIT_SAFE_CURRENT_SNAPSHOT_ONLY,profit_sheet_report_em.INSURANCE_INCOME_YOY,PIT_SIDECAR_REGISTERED_LAZY_NOT_MINUTE_EXPANDED,SLOW_TEMPORAL_CHANGE|DISCLOSURE_EVENT,NO_FORMAL_SEARCH_IN_THIS_TASK; SOURCE_UNIT_GLOSSARY_NOT_ASSERTED,fundamental_profit_sheet,double,NEXT_SESSION_AFTER_MAX_NOTICE_UPDATE,pit_fundamental.change|pit_fundamental.disclosure_event,ABSENT,,False,291,269352
cn_source::profit_sheet_report_em::INTEREST_EXPENSE,profit_sheet_report_em,INTEREST_EXPENSE,FUNDAMENTAL_LEVEL|FUNDAMENTAL_CHANGE|DISCLOSURE_EVENT,STOCK_REPORT_PERIOD,REPORT_DATE,NOTICE_DATE,UPDATE_DATE,PIT_SAFE_CURRENT_SNAPSHOT_ONLY,profit_sheet_report_em.INTEREST_EXPENSE,PIT_SIDECAR_REGISTERED_LAZY_NOT_MINUTE_EXPANDED,SLOW_XS_LEVEL|SLOW_TEMPORAL_CHANGE|DISCLOSURE_EVENT,NO_FORMAL_SEARCH_IN_THIS_TASK; SOURCE_UNIT_GLOSSARY_NOT_ASSERTED,fundamental_profit_sheet,double,NEXT_SESSION_AFTER_MAX_NOTICE_UPDATE,pit_fundamental.level|pit_fundamental.change|pit_fundamental.disclosure_event,ABSENT,,False,6645,262998
cn_source::profit_sheet_report_em::INTEREST_EXPENSE_YOY,profit_sheet_report_em,INTEREST_EXPENSE_YOY,FUNDAMENTAL_CHANGE|DISCLOSURE_EVENT,STOCK_REPORT_PERIOD,REPORT_DATE,NOTICE_DATE,UPDATE_DATE,PIT_SAFE_CURRENT_SNAPSHOT_ONLY,profit_sheet_report_em.INTEREST_EXPENSE_YOY,PIT_SIDECAR_REGISTERED_LAZY_NOT_MINUTE_EXPANDED,SLOW_TEMPORAL_CHANGE|DISCLOSURE_EVENT,NO_FORMAL_SEARCH_IN_THIS_TASK; SOURCE_UNIT_GLOSSARY_NOT_ASSERTED,fundamental_profit_sheet,double,NEXT_SESSION_AFTER_MAX_NOTICE_UPDATE,pit_fundamental.change|pit_fundamental.disclosure_event,ABSENT,,False,4115,265528
cn_source::profit_sheet_report_em::INTEREST_INCOME,profit_sheet_report_em,INTEREST_INCOME,FUNDAMENTAL_LEVEL|FUNDAMENTAL_CHANGE|DISCLOSURE_EVENT,STOCK_REPORT_PERIOD,REPORT_DATE,NOTICE_DATE,UPDATE_DATE,PIT_SAFE_CURRENT_SNAPSHOT_ONLY,profit_sheet_report_em.INTEREST_INCOME,PIT_SIDECAR_REGISTERED_LAZY_NOT_MINUTE_EXPANDED,SLOW_XS_LEVEL|SLOW_TEMPORAL_CHANGE|DISCLOSURE_EVENT,NO_FORMAL_SEARCH_IN_THIS_TASK; SOURCE_UNIT_GLOSSARY_NOT_ASSERTED,fundamental_profit_sheet,double,NEXT_SESSION_AFTER_MAX_NOTICE_UPDATE,pit_fundamental.level|pit_fundamental.change|pit_fundamental.disclosure_event,ABSENT,,False,8407,261236
cn_source::profit_sheet_report_em::INTEREST_INCOME_YOY,profit_sheet_report_em,INTEREST_INCOME_YOY,FUNDAMENTAL_CHANGE|DISCLOSURE_EVENT,STOCK_REPORT_PERIOD,REPORT_DATE,NOTICE_DATE,UPDATE_DATE,PIT_SAFE_CURRENT_SNAPSHOT_ONLY,profit_sheet_report_em.INTEREST_INCOME_YOY,PIT_SIDECAR_REGISTERED_LAZY_NOT_MINUTE_EXPANDED,SLOW_TEMPORAL_CHANGE|DISCLOSURE_EVENT,NO_FORMAL_SEARCH_IN_THIS_TASK; SOURCE_UNIT_GLOSSARY_NOT_ASSERTED,fundamental_profit_sheet,double,NEXT_SESSION_AFTER_MAX_NOTICE_UPDATE,pit_fundamental.change|pit_fundamental.disclosure_event,ABSENT,,False,5681,263962
cn_source::profit_sheet_report_em::INTEREST_NI,profit_sheet_report_em,INTEREST_NI,FUNDAMENTAL_LEVEL|FUNDAMENTAL_CHANGE|DISCLOSURE_EVENT,STOCK_REPORT_PERIOD,REPORT_DATE,NOTICE_DATE,UPDATE_DATE,PIT_SAFE_CURRENT_SNAPSHOT_ONLY,profit_sheet_report_em.INTEREST_NI,PIT_SIDECAR_REGISTERED_LAZY_NOT_MINUTE_EXPANDED,SLOW_XS_LEVEL|SLOW_TEMPORAL_CHANGE|DISCLOSURE_EVENT,NO_FORMAL_SEARCH_IN_THIS_TASK; SOURCE_UNIT_GLOSSARY_NOT_ASSERTED,fundamental_profit_sheet,double,NEXT_SESSION_AFTER_MAX_NOTICE_UPDATE,pit_fundamental.level|pit_fundamental.change|pit_fundamental.disclosure_event,ABSENT,,False,4918,264725
cn_source::profit_sheet_report_em::INTEREST_NI_YOY,profit_sheet_report_em,INTEREST_NI_YOY,FUNDAMENTAL_CHANGE|DISCLOSURE_EVENT,STOCK_REPORT_PERIOD,REPORT_DATE,NOTICE_DATE,UPDATE_DATE,PIT_SAFE_CURRENT_SNAPSHOT_ONLY,profit_sheet_report_em.INTEREST_NI_YOY,PIT_SIDECAR_REGISTERED_LAZY_NOT_MINUTE_EXPANDED,SLOW_TEMPORAL_CHANGE|DISCLOSURE_EVENT,NO_FORMAL_SEARCH_IN_THIS_TASK; SOURCE_UNIT_GLOSSARY_NOT_ASSERTED,fundamental_profit_sheet,double,NEXT_SESSION_AFTER_MAX_NOTICE_UPDATE,pit_fundamental.change|pit_fundamental.disclosure_event,ABSENT,,False,4463,265180
cn_source::profit_sheet_report_em::INVESTBANK_FEE_NI,profit_sheet_report_em,INVESTBANK_FEE_NI,FUNDAMENTAL_LEVEL|FUNDAMENTAL_CHANGE|DISCLOSURE_EVENT,STOCK_REPORT_PERIOD,REPORT_DATE,NOTICE_DATE,UPDATE_DATE,PIT_SAFE_CURRENT_SNAPSHOT_ONLY,profit_sheet_report_em.INVESTBANK_FEE_NI,PIT_SIDECAR_REGISTERED_LAZY_NOT_MINUTE_EXPANDED,SLOW_XS_LEVEL|SLOW_TEMPORAL_CHANGE|DISCLOSURE_EVENT,NO_FORMAL_SEARCH_IN_THIS_TASK; SOURCE_UNIT_GLOSSARY_NOT_ASSERTED,fundamental_profit_sheet,double,NEXT_SESSION_AFTER_MAX_NOTICE_UPDATE,pit_fundamental.level|pit_fundamental.change|pit_fundamental.disclosure_event,ABSENT,,False,629,269014
cn_source::profit_sheet_report_em::INVESTBANK_FEE_NI_YOY,profit_sheet_report_em,INVESTBANK_FEE_NI_YOY,FUNDAMENTAL_CHANGE|DISCLOSURE_EVENT,STOCK_REPORT_PERIOD,REPORT_DATE,NOTICE_DATE,UPDATE_DATE,PIT_SAFE_CURRENT_SNAPSHOT_ONLY,profit_sheet_report_em.INVESTBANK_FEE_NI_YOY,PIT_SIDECAR_REGISTERED_LAZY_NOT_MINUTE_EXPANDED,SLOW_TEMPORAL_CHANGE|DISCLOSURE_EVENT,NO_FORMAL_SEARCH_IN_THIS_TASK; SOURCE_UNIT_GLOSSARY_NOT_ASSERTED,fundamental_profit_sheet,double,NEXT_SESSION_AFTER_MAX_NOTICE_UPDATE,pit_fundamental.change|pit_fundamental.disclosure_event,ABSENT,,False,448,269195
cn_source::profit_sheet_report_em::INVEST_INCOME,profit_sheet_report_em,INVEST_INCOME,FUNDAMENTAL_LEVEL|FUNDAMENTAL_CHANGE|DISCLOSURE_EVENT,STOCK_REPORT_PERIOD,REPORT_DATE,NOTICE_DATE,UPDATE_DATE,PIT_SAFE_CURRENT_SNAPSHOT_ONLY,profit_sheet_report_em.INVEST_INCOME,PIT_SIDECAR_REGISTERED_LAZY_NOT_MINUTE_EXPANDED,SLOW_XS_LEVEL|SLOW_TEMPORAL_CHANGE|DISCLOSURE_EVENT,NO_FORMAL_SEARCH_IN_THIS_TASK; SOURCE_UNIT_GLOSSARY_NOT_ASSERTED,fundamental_profit_sheet,double,NEXT_SESSION_AFTER_MAX_NOTICE_UPDATE,pit_fundamental.level|pit_fundamental.change|pit_fundamental.disclosure_event,ABSENT,,False,217401,52242
cn_source::profit_sheet_report_em::INVEST_INCOME_YOY,profit_sheet_report_em,INVEST_INCOME_YOY,FUNDAMENTAL_CHANGE|DISCLOSURE_EVENT,STOCK_REPORT_PERIOD,REPORT_DATE,NOTICE_DATE,UPDATE_DATE,PIT_SAFE_CURRENT_SNAPSHOT_ONLY,profit_sheet_report_em.INVEST_INCOME_YOY,PIT_SIDECAR_REGISTERED_LAZY_NOT_MINUTE_EXPANDED,SLOW_TEMPORAL_CHANGE|DISCLOSURE_EVENT,NO_FORMAL_SEARCH_IN_THIS_TASK; SOURCE_UNIT_GLOSSARY_NOT_ASSERTED,fundamental_profit_sheet,double,NEXT_SESSION_AFTER_MAX_NOTICE_UPDATE,pit_fundamental.change|pit_fundamental.disclosure_event,ABSENT,,False,186473,83170
cn_source::profit_sheet_report_em::INVEST_JOINT_INCOME,profit_sheet_report_em,INVEST_JOINT_INCOME,FUNDAMENTAL_LEVEL|FUNDAMENTAL_CHANGE|DISCLOSURE_EVENT,STOCK_REPORT_PERIOD,REPORT_DATE,NOTICE_DATE,UPDATE_DATE,PIT_SAFE_CURRENT_SNAPSHOT_ONLY,profit_sheet_report_em.INVEST_JOINT_INCOME,PIT_SIDECAR_REGISTERED_LAZY_NOT_MINUTE_EXPANDED,SLOW_XS_LEVEL|SLOW_TEMPORAL_CHANGE|DISCLOSURE_EVENT,NO_FORMAL_SEARCH_IN_THIS_TASK; SOURCE_UNIT_GLOSSARY_NOT_ASSERTED,fundamental_profit_sheet,double,NEXT_SESSION_AFTER_MAX_NOTICE_UPDATE,pit_fundamental.level|pit_fundamental.change|pit_fundamental.disclosure_event,ABSENT,,False,114183,155460
cn_source::profit_sheet_report_em::INVEST_JOINT_INCOME_YOY,profit_sheet_report_em,INVEST_JOINT_INCOME_YOY,FUNDAMENTAL_CHANGE|DISCLOSURE_EVENT,STOCK_REPORT_PERIOD,REPORT_DATE,NOTICE_DATE,UPDATE_DATE,PIT_SAFE_CURRENT_SNAPSHOT_ONLY,profit_sheet_report_em.INVEST_JOINT_INCOME_YOY,PIT_SIDECAR_REGISTERED_LAZY_NOT_MINUTE_EXPANDED,SLOW_TEMPORAL_CHANGE|DISCLOSURE_EVENT,NO_FORMAL_SEARCH_IN_THIS_TASK; SOURCE_UNIT_GLOSSARY_NOT_ASSERTED,fundamental_profit_sheet,double,NEXT_SESSION_AFTER_MAX_NOTICE_UPDATE,pit_fundamental.change|pit_fundamental.disclosure_event,ABSENT,,False,95132,174511
cn_source::profit_sheet_report_em::MANAGE_EXPENSE,profit_sheet_report_em,MANAGE_EXPENSE,FUNDAMENTAL_LEVEL|FUNDAMENTAL_CHANGE|DISCLOSURE_EVENT,STOCK_REPORT_PERIOD,REPORT_DATE,NOTICE_DATE,UPDATE_DATE,PIT_SAFE_CURRENT_SNAPSHOT_ONLY,profit_sheet_report_em.MANAGE_EXPENSE,PIT_SIDECAR_REGISTERED_LAZY_NOT_MINUTE_EXPANDED,SLOW_XS_LEVEL|SLOW_TEMPORAL_CHANGE|DISCLOSURE_EVENT,NO_FORMAL_SEARCH_IN_THIS_TASK; SOURCE_UNIT_GLOSSARY_NOT_ASSERTED,fundamental_profit_sheet,double,NEXT_SESSION_AFTER_MAX_NOTICE_UPDATE,pit_fundamental.level|pit_fundamental.change|pit_fundamental.disclosure_event,ABSENT,,False,260631,9012
cn_source::profit_sheet_report_em::MANAGE_EXPENSE_YOY,profit_sheet_report_em,MANAGE_EXPENSE_YOY,FUNDAMENTAL_CHANGE|DISCLOSURE_EVENT,STOCK_REPORT_PERIOD,REPORT_DATE,NOTICE_DATE,UPDATE_DATE,PIT_SAFE_CURRENT_SNAPSHOT_ONLY,profit_sheet_report_em.MANAGE_EXPENSE_YOY,PIT_SIDECAR_REGISTERED_LAZY_NOT_MINUTE_EXPANDED,SLOW_TEMPORAL_CHANGE|DISCLOSURE_EVENT,NO_FORMAL_SEARCH_IN_THIS_TASK; SOURCE_UNIT_GLOSSARY_NOT_ASSERTED,fundamental_profit_sheet,double,NEXT_SESSION_AFTER_MAX_NOTICE_UPDATE,pit_fundamental.change|pit_fundamental.disclosure_event,ABSENT,,False,239304,30339
cn_source::profit_sheet_report_em::ME_RESEARCH_EXPENSE,profit_sheet_report_em,ME_RESEARCH_EXPENSE,FUNDAMENTAL_LEVEL|FUNDAMENTAL_CHANGE|DISCLOSURE_EVENT,STOCK_REPORT_PERIOD,REPORT_DATE,NOTICE_DATE,UPDATE_DATE,PIT_SAFE_CURRENT_SNAPSHOT_ONLY,profit_sheet_report_em.ME_RESEARCH_EXPENSE,PIT_SIDECAR_REGISTERED_LAZY_NOT_MINUTE_EXPANDED,SLOW_XS_LEVEL|SLOW_TEMPORAL_CHANGE|DISCLOSURE_EVENT,NO_FORMAL_SEARCH_IN_THIS_TASK; SOURCE_UNIT_GLOSSARY_NOT_ASSERTED,fundamental_profit_sheet,double,NEXT_SESSION_AFTER_MAX_NOTICE_UPDATE,pit_fundamental.level|pit_fundamental.change|pit_fundamental.disclosure_event,ABSENT,,False,30,269613
cn_source::profit_sheet_report_em::ME_RESEARCH_EXPENSE_YOY,profit_sheet_report_em,ME_RESEARCH_EXPENSE_YOY,FUNDAMENTAL_CHANGE|DISCLOSURE_EVENT,STOCK_REPORT_PERIOD,REPORT_DATE,NOTICE_DATE,UPDATE_DATE,PIT_SAFE_CURRENT_SNAPSHOT_ONLY,profit_sheet_report_em.ME_RESEARCH_EXPENSE_YOY,PIT_SIDECAR_REGISTERED_LAZY_NOT_MINUTE_EXPANDED,SLOW_TEMPORAL_CHANGE|DISCLOSURE_EVENT,NO_FORMAL_SEARCH_IN_THIS_TASK; SOURCE_UNIT_GLOSSARY_NOT_ASSERTED,fundamental_profit_sheet,double,NEXT_SESSION_AFTER_MAX_NOTICE_UPDATE,pit_fundamental.change|pit_fundamental.disclosure_event,ABSENT,,False,0,269643
cn_source::profit_sheet_report_em::MINORITY_INTEREST,profit_sheet_report_em,MINORITY_INTEREST,FUNDAMENTAL_LEVEL|FUNDAMENTAL_CHANGE|DISCLOSURE_EVENT,STOCK_REPORT_PERIOD,REPORT_DATE,NOTICE_DATE,UPDATE_DATE,PIT_SAFE_CURRENT_SNAPSHOT_ONLY,profit_sheet_report_em.MINORITY_INTEREST,PIT_SIDECAR_REGISTERED_LAZY_NOT_MINUTE_EXPANDED,SLOW_XS_LEVEL|SLOW_TEMPORAL_CHANGE|DISCLOSURE_EVENT,NO_FORMAL_SEARCH_IN_THIS_TASK; SOURCE_UNIT_GLOSSARY_NOT_ASSERTED,fundamental_profit_sheet,double,NEXT_SESSION_AFTER_MAX_NOTICE_UPDATE,pit_fundamental.level|pit_fundamental.change|pit_fundamental.disclosure_event,ABSENT,,False,201483,68160
cn_source::profit_sheet_report_em::MINORITY_INTEREST_YOY,profit_sheet_report_em,MINORITY_INTEREST_YOY,FUNDAMENTAL_CHANGE|DISCLOSURE_EVENT,STOCK_REPORT_PERIOD,REPORT_DATE,NOTICE_DATE,UPDATE_DATE,PIT_SAFE_CURRENT_SNAPSHOT_ONLY,profit_sheet_report_em.MINORITY_INTEREST_YOY,PIT_SIDECAR_REGISTERED_LAZY_NOT_MINUTE_EXPANDED,SLOW_TEMPORAL_CHANGE|DISCLOSURE_EVENT,NO_FORMAL_SEARCH_IN_THIS_TASK; SOURCE_UNIT_GLOSSARY_NOT_ASSERTED,fundamental_profit_sheet,double,NEXT_SESSION_AFTER_MAX_NOTICE_UPDATE,pit_fundamental.change|pit_fundamental.disclosure_event,ABSENT,,False,179114,90529
cn_source::profit_sheet_report_em::MINORITY_OCI,profit_sheet_report_em,MINORITY_OCI,FUNDAMENTAL_LEVEL|FUNDAMENTAL_CHANGE|DISCLOSURE_EVENT,STOCK_REPORT_PERIOD,REPORT_DATE,NOTICE_DATE,UPDATE_DATE,PIT_SAFE_CURRENT_SNAPSHOT_ONLY,profit_sheet_report_em.MINORITY_OCI,PIT_SIDECAR_REGISTERED_LAZY_NOT_MINUTE_EXPANDED,SLOW_XS_LEVEL|SLOW_TEMPORAL_CHANGE|DISCLOSURE_EVENT,NO_FORMAL_SEARCH_IN_THIS_TASK; SOURCE_UNIT_GLOSSARY_NOT_ASSERTED,fundamental_profit_sheet,double,NEXT_SESSION_AFTER_MAX_NOTICE_UPDATE,pit_fundamental.level|pit_fundamental.change|pit_fundamental.disclosure_event,ABSENT,,False,32771,236872
cn_source::profit_sheet_report_em::MINORITY_OCI_YOY,profit_sheet_report_em,MINORITY_OCI_YOY,FUNDAMENTAL_CHANGE|DISCLOSURE_EVENT,STOCK_REPORT_PERIOD,REPORT_DATE,NOTICE_DATE,UPDATE_DATE,PIT_SAFE_CURRENT_SNAPSHOT_ONLY,profit_sheet_report_em.MINORITY_OCI_YOY,PIT_SIDECAR_REGISTERED_LAZY_NOT_MINUTE_EXPANDED,SLOW_TEMPORAL_CHANGE|DISCLOSURE_EVENT,NO_FORMAL_SEARCH_IN_THIS_TASK; SOURCE_UNIT_GLOSSARY_NOT_ASSERTED,fundamental_profit_sheet,double,NEXT_SESSION_AFTER_MAX_NOTICE_UPDATE,pit_fundamental.change|pit_fundamental.disclosure_event,ABSENT,,False,24802,244841
cn_source::profit_sheet_report_em::MINORITY_TCI,profit_sheet_report_em,MINORITY_TCI,FUNDAMENTAL_LEVEL|FUNDAMENTAL_CHANGE|DISCLOSURE_EVENT,STOCK_REPORT_PERIOD,REPORT_DATE,NOTICE_DATE,UPDATE_DATE,PIT_SAFE_CURRENT_SNAPSHOT_ONLY,profit_sheet_report_em.MINORITY_TCI,PIT_SIDECAR_REGISTERED_LAZY_NOT_MINUTE_EXPANDED,SLOW_XS_LEVEL|SLOW_TEMPORAL_CHANGE|DISCLOSURE_EVENT,NO_FORMAL_SEARCH_IN_THIS_TASK; SOURCE_UNIT_GLOSSARY_NOT_ASSERTED,fundamental_profit_sheet,double,NEXT_SESSION_AFTER_MAX_NOTICE_UPDATE,pit_fundamental.level|pit_fundamental.change|pit_fundamental.disclosure_event,ABSENT,,False,163877,105766
cn_source::profit_sheet_report_em::MINORITY_TCI_YOY,profit_sheet_report_em,MINORITY_TCI_YOY,FUNDAMENTAL_CHANGE|DISCLOSURE_EVENT,STOCK_REPORT_PERIOD,REPORT_DATE,NOTICE_DATE,UPDATE_DATE,PIT_SAFE_CURRENT_SNAPSHOT_ONLY,profit_sheet_report_em.MINORITY_TCI_YOY,PIT_SIDECAR_REGISTERED_LAZY_NOT_MINUTE_EXPANDED,SLOW_TEMPORAL_CHANGE|DISCLOSURE_EVENT,NO_FORMAL_SEARCH_IN_THIS_TASK; SOURCE_UNIT_GLOSSARY_NOT_ASSERTED,fundamental_profit_sheet,double,NEXT_SESSION_AFTER_MAX_NOTICE_UPDATE,pit_fundamental.change|pit_fundamental.disclosure_event,ABSENT,,False,142180,127463
cn_source::profit_sheet_report_em::NETPROFIT,profit_sheet_report_em,NETPROFIT,FUNDAMENTAL_LEVEL|FUNDAMENTAL_CHANGE|DISCLOSURE_EVENT,STOCK_REPORT_PERIOD,REPORT_DATE,NOTICE_DATE,UPDATE_DATE,PIT_SAFE_CURRENT_SNAPSHOT_ONLY,profit_sheet_report_em.NETPROFIT,PIT_SIDECAR_REGISTERED_LAZY_NOT_MINUTE_EXPANDED,SLOW_XS_LEVEL|SLOW_TEMPORAL_CHANGE|DISCLOSURE_EVENT,NO_FORMAL_SEARCH_IN_THIS_TASK; SOURCE_UNIT_GLOSSARY_NOT_ASSERTED,fundamental_profit_sheet,double,NEXT_SESSION_AFTER_MAX_NOTICE_UPDATE,pit_fundamental.level|pit_fundamental.change|pit_fundamental.disclosure_event,ABSENT,,False,268135,1508
cn_source::profit_sheet_report_em::NETPROFIT_BALANCE,profit_sheet_report_em,NETPROFIT_BALANCE,FUNDAMENTAL_LEVEL|FUNDAMENTAL_CHANGE|DISCLOSURE_EVENT,STOCK_REPORT_PERIOD,REPORT_DATE,NOTICE_DATE,UPDATE_DATE,PIT_SAFE_CURRENT_SNAPSHOT_ONLY,profit_sheet_report_em.NETPROFIT_BALANCE,PIT_SIDECAR_REGISTERED_LAZY_NOT_MINUTE_EXPANDED,SLOW_XS_LEVEL|SLOW_TEMPORAL_CHANGE|DISCLOSURE_EVENT,NO_FORMAL_SEARCH_IN_THIS_TASK; SOURCE_UNIT_GLOSSARY_NOT_ASSERTED,fundamental_profit_sheet,double,NEXT_SESSION_AFTER_MAX_NOTICE_UPDATE,pit_fundamental.level|pit_fundamental.change|pit_fundamental.disclosure_event,ABSENT,,False,113,269530
cn_source::profit_sheet_report_em::NETPROFIT_BALANCE_YOY,profit_sheet_report_em,NETPROFIT_BALANCE_YOY,FUNDAMENTAL_CHANGE|DISCLOSURE_EVENT,STOCK_REPORT_PERIOD,REPORT_DATE,NOTICE_DATE,UPDATE_DATE,PIT_SAFE_CURRENT_SNAPSHOT_ONLY,profit_sheet_report_em.NETPROFIT_BALANCE_YOY,PIT_SIDECAR_REGISTERED_LAZY_NOT_MINUTE_EXPANDED,SLOW_TEMPORAL_CHANGE|DISCLOSURE_EVENT,NO_FORMAL_SEARCH_IN_THIS_TASK; SOURCE_UNIT_GLOSSARY_NOT_ASSERTED,fundamental_profit_sheet,double,NEXT_SESSION_AFTER_MAX_NOTICE_UPDATE,pit_fundamental.change|pit_fundamental.disclosure_event,ABSENT,,False,5,269638
cn_source::profit_sheet_report_em::NETPROFIT_OTHER,profit_sheet_report_em,NETPROFIT_OTHER,FUNDAMENTAL_LEVEL|FUNDAMENTAL_CHANGE|DISCLOSURE_EVENT,STOCK_REPORT_PERIOD,REPORT_DATE,NOTICE_DATE,UPDATE_DATE,PIT_SAFE_CURRENT_SNAPSHOT_ONLY,profit_sheet_report_em.NETPROFIT_OTHER,PIT_SIDECAR_REGISTERED_LAZY_NOT_MINUTE_EXPANDED,SLOW_XS_LEVEL|SLOW_TEMPORAL_CHANGE|DISCLOSURE_EVENT,NO_FORMAL_SEARCH_IN_THIS_TASK; SOURCE_UNIT_GLOSSARY_NOT_ASSERTED,fundamental_profit_sheet,double,NEXT_SESSION_AFTER_MAX_NOTICE_UPDATE,pit_fundamental.level|pit_fundamental.change|pit_fundamental.disclosure_event,ABSENT,,False,314,269329
cn_source::profit_sheet_report_em::NETPROFIT_OTHER_YOY,profit_sheet_report_em,NETPROFIT_OTHER_YOY,FUNDAMENTAL_CHANGE|DISCLOSURE_EVENT,STOCK_REPORT_PERIOD,REPORT_DATE,NOTICE_DATE,UPDATE_DATE,PIT_SAFE_CURRENT_SNAPSHOT_ONLY,profit_sheet_report_em.NETPROFIT_OTHER_YOY,PIT_SIDECAR_REGISTERED_LAZY_NOT_MINUTE_EXPANDED,SLOW_TEMPORAL_CHANGE|DISCLOSURE_EVENT,NO_FORMAL_SEARCH_IN_THIS_TASK; SOURCE_UNIT_GLOSSARY_NOT_ASSERTED,fundamental_profit_sheet,double,NEXT_SESSION_AFTER_MAX_NOTICE_UPDATE,pit_fundamental.change|pit_fundamental.disclosure_event,ABSENT,,False,87,269556
cn_source::profit_sheet_report_em::NETPROFIT_YOY,profit_sheet_report_em,NETPROFIT_YOY,FUNDAMENTAL_CHANGE|DISCLOSURE_EVENT,STOCK_REPORT_PERIOD,REPORT_DATE,NOTICE_DATE,UPDATE_DATE,PIT_SAFE_CURRENT_SNAPSHOT_ONLY,profit_sheet_report_em.NETPROFIT_YOY,PIT_SIDECAR_REGISTERED_LAZY_NOT_MINUTE_EXPANDED,SLOW_TEMPORAL_CHANGE|DISCLOSURE_EVENT,NO_FORMAL_SEARCH_IN_THIS_TASK; SOURCE_UNIT_GLOSSARY_NOT_ASSERTED,fundamental_profit_sheet,double,NEXT_SESSION_AFTER_MAX_NOTICE_UPDATE,pit_fundamental.change|pit_fundamental.disclosure_event,ABSENT,,False,246573,23070
cn_source::profit_sheet_report_em::NET_COMPENSATE_EXPENSE,profit_sheet_report_em,NET_COMPENSATE_EXPENSE,FUNDAMENTAL_LEVEL|FUNDAMENTAL_CHANGE|DISCLOSURE_EVENT,STOCK_REPORT_PERIOD,REPORT_DATE,NOTICE_DATE,UPDATE_DATE,PIT_SAFE_CURRENT_SNAPSHOT_ONLY,profit_sheet_report_em.NET_COMPENSATE_EXPENSE,PIT_SIDECAR_REGISTERED_LAZY_NOT_MINUTE_EXPANDED,SLOW_XS_LEVEL|SLOW_TEMPORAL_CHANGE|DISCLOSURE_EVENT,NO_FORMAL_SEARCH_IN_THIS_TASK; SOURCE_UNIT_GLOSSARY_NOT_ASSERTED,fundamental_profit_sheet,double,NEXT_SESSION_AFTER_MAX_NOTICE_UPDATE,pit_fundamental.level|pit_fundamental.change|pit_fundamental.disclosure_event,ABSENT,,False,3707,265936
cn_source::profit_sheet_report_em::NET_COMPENSATE_EXPENSE_YOY,profit_sheet_report_em,NET_COMPENSATE_EXPENSE_YOY,FUNDAMENTAL_CHANGE|DISCLOSURE_EVENT,STOCK_REPORT_PERIOD,REPORT_DATE,NOTICE_DATE,UPDATE_DATE,PIT_SAFE_CURRENT_SNAPSHOT_ONLY,profit_sheet_report_em.NET_COMPENSATE_EXPENSE_YOY,PIT_SIDECAR_REGISTERED_LAZY_NOT_MINUTE_EXPANDED,SLOW_TEMPORAL_CHANGE|DISCLOSURE_EVENT,NO_FORMAL_SEARCH_IN_THIS_TASK; SOURCE_UNIT_GLOSSARY_NOT_ASSERTED,fundamental_profit_sheet,double,NEXT_SESSION_AFTER_MAX_NOTICE_UPDATE,pit_fundamental.change|pit_fundamental.disclosure_event,ABSENT,,False,59,269584
cn_source::profit_sheet_report_em::NET_CONTRACT_RESERVE,profit_sheet_report_em,NET_CONTRACT_RESERVE,FUNDAMENTAL_LEVEL|FUNDAMENTAL_CHANGE|DISCLOSURE_EVENT,STOCK_REPORT_PERIOD,REPORT_DATE,NOTICE_DATE,UPDATE_DATE,PIT_SAFE_CURRENT_SNAPSHOT_ONLY,profit_sheet_report_em.NET_CONTRACT_RESERVE,PIT_SIDECAR_REGISTERED_LAZY_NOT_MINUTE_EXPANDED,SLOW_XS_LEVEL|SLOW_TEMPORAL_CHANGE|DISCLOSURE_EVENT,NO_FORMAL_SEARCH_IN_THIS_TASK; SOURCE_UNIT_GLOSSARY_NOT_ASSERTED,fundamental_profit_sheet,double,NEXT_SESSION_AFTER_MAX_NOTICE_UPDATE,pit_fundamental.level|pit_fundamental.change|pit_fundamental.disclosure_event,ABSENT,,False,23690,245953
cn_source::profit_sheet_report_em::NET_CONTRACT_RESERVE_YOY,profit_sheet_report_em,NET_CONTRACT_RESERVE_YOY,FUNDAMENTAL_CHANGE|DISCLOSURE_EVENT,STOCK_REPORT_PERIOD,REPORT_DATE,NOTICE_DATE,UPDATE_DATE,PIT_SAFE_CURRENT_SNAPSHOT_ONLY,profit_sheet_report_em.NET_CONTRACT_RESERVE_YOY,PIT_SIDECAR_REGISTERED_LAZY_NOT_MINUTE_EXPANDED,SLOW_TEMPORAL_CHANGE|DISCLOSURE_EVENT,NO_FORMAL_SEARCH_IN_THIS_TASK; SOURCE_UNIT_GLOSSARY_NOT_ASSERTED,fundamental_profit_sheet,double,NEXT_SESSION_AFTER_MAX_NOTICE_UPDATE,pit_fundamental.change|pit_fundamental.disclosure_event,ABSENT,,False,531,269112
cn_source::profit_sheet_report_em::NET_EXPOSURE_INCOME,profit_sheet_report_em,NET_EXPOSURE_INCOME,FUNDAMENTAL_LEVEL|FUNDAMENTAL_CHANGE|DISCLOSURE_EVENT,STOCK_REPORT_PERIOD,REPORT_DATE,NOTICE_DATE,UPDATE_DATE,PIT_SAFE_CURRENT_SNAPSHOT_ONLY,profit_sheet_report_em.NET_EXPOSURE_INCOME,PIT_SIDECAR_REGISTERED_LAZY_NOT_MINUTE_EXPANDED,SLOW_XS_LEVEL|SLOW_TEMPORAL_CHANGE|DISCLOSURE_EVENT,NO_FORMAL_SEARCH_IN_THIS_TASK; SOURCE_UNIT_GLOSSARY_NOT_ASSERTED,fundamental_profit_sheet,double,NEXT_SESSION_AFTER_MAX_NOTICE_UPDATE,pit_fundamental.level|pit_fundamental.change|pit_fundamental.disclosure_event,ABSENT,,False,1229,268414
cn_source::profit_sheet_report_em::NET_EXPOSURE_INCOME_YOY,profit_sheet_report_em,NET_EXPOSURE_INCOME_YOY,FUNDAMENTAL_CHANGE|DISCLOSURE_EVENT,STOCK_REPORT_PERIOD,REPORT_DATE,NOTICE_DATE,UPDATE_DATE,PIT_SAFE_CURRENT_SNAPSHOT_ONLY,profit_sheet_report_em.NET_EXPOSURE_INCOME_YOY,PIT_SIDECAR_REGISTERED_LAZY_NOT_MINUTE_EXPANDED,SLOW_TEMPORAL_CHANGE|DISCLOSURE_EVENT,NO_FORMAL_SEARCH_IN_THIS_TASK; SOURCE_UNIT_GLOSSARY_NOT_ASSERTED,fundamental_profit_sheet,double,NEXT_SESSION_AFTER_MAX_NOTICE_UPDATE,pit_fundamental.change|pit_fundamental.disclosure_event,ABSENT,,False,57,269586
cn_source::profit_sheet_report_em::NONBUSINESS_EXPENSE,profit_sheet_report_em,NONBUSINESS_EXPENSE,FUNDAMENTAL_LEVEL|FUNDAMENTAL_CHANGE|DISCLOSURE_EVENT,STOCK_REPORT_PERIOD,REPORT_DATE,NOTICE_DATE,UPDATE_DATE,PIT_SAFE_CURRENT_SNAPSHOT_ONLY,profit_sheet_report_em.NONBUSINESS_EXPENSE,PIT_SIDECAR_REGISTERED_LAZY_NOT_MINUTE_EXPANDED,SLOW_XS_LEVEL|SLOW_TEMPORAL_CHANGE|DISCLOSURE_EVENT,NO_FORMAL_SEARCH_IN_THIS_TASK; SOURCE_UNIT_GLOSSARY_NOT_ASSERTED,fundamental_profit_sheet,double,NEXT_SESSION_AFTER_MAX_NOTICE_UPDATE,pit_fundamental.level|pit_fundamental.change|pit_fundamental.disclosure_event,ABSENT,,False,256336,13307
cn_source::profit_sheet_report_em::NONBUSINESS_EXPENSE_YOY,profit_sheet_report_em,NONBUSINESS_EXPENSE_YOY,FUNDAMENTAL_CHANGE|DISCLOSURE_EVENT,STOCK_REPORT_PERIOD,REPORT_DATE,NOTICE_DATE,UPDATE_DATE,PIT_SAFE_CURRENT_SNAPSHOT_ONLY,profit_sheet_report_em.NONBUSINESS_EXPENSE_YOY,PIT_SIDECAR_REGISTERED_LAZY_NOT_MINUTE_EXPANDED,SLOW_TEMPORAL_CHANGE|DISCLOSURE_EVENT,NO_FORMAL_SEARCH_IN_THIS_TASK; SOURCE_UNIT_GLOSSARY_NOT_ASSERTED,fundamental_profit_sheet,double,NEXT_SESSION_AFTER_MAX_NOTICE_UPDATE,pit_fundamental.change|pit_fundamental.disclosure_event,ABSENT,,False,229712,39931
cn_source::profit_sheet_report_em::NONBUSINESS_INCOME,profit_sheet_report_em,NONBUSINESS_INCOME,FUNDAMENTAL_LEVEL|FUNDAMENTAL_CHANGE|DISCLOSURE_EVENT,STOCK_REPORT_PERIOD,REPORT_DATE,NOTICE_DATE,UPDATE_DATE,PIT_SAFE_CURRENT_SNAPSHOT_ONLY,profit_sheet_report_em.NONBUSINESS_INCOME,PIT_SIDECAR_REGISTERED_LAZY_NOT_MINUTE_EXPANDED,SLOW_XS_LEVEL|SLOW_TEMPORAL_CHANGE|DISCLOSURE_EVENT,NO_FORMAL_SEARCH_IN_THIS_TASK; SOURCE_UNIT_GLOSSARY_NOT_ASSERTED,fundamental_profit_sheet,double,NEXT_SESSION_AFTER_MAX_NOTICE_UPDATE,pit_fundamental.level|pit_fundamental.change|pit_fundamental.disclosure_event,ABSENT,,False,257651,11992
cn_source::profit_sheet_report_em::NONBUSINESS_INCOME_YOY,profit_sheet_report_em,NONBUSINESS_INCOME_YOY,FUNDAMENTAL_CHANGE|DISCLOSURE_EVENT,STOCK_REPORT_PERIOD,REPORT_DATE,NOTICE_DATE,UPDATE_DATE,PIT_SAFE_CURRENT_SNAPSHOT_ONLY,profit_sheet_report_em.NONBUSINESS_INCOME_YOY,PIT_SIDECAR_REGISTERED_LAZY_NOT_MINUTE_EXPANDED,SLOW_TEMPORAL_CHANGE|DISCLOSURE_EVENT,NO_FORMAL_SEARCH_IN_THIS_TASK; SOURCE_UNIT_GLOSSARY_NOT_ASSERTED,fundamental_profit_sheet,double,NEXT_SESSION_AFTER_MAX_NOTICE_UPDATE,pit_fundamental.change|pit_fundamental.disclosure_event,ABSENT,,False,232152,37491
cn_source::profit_sheet_report_em::NONCURRENT_DISPOSAL_INCOME,profit_sheet_report_em,NONCURRENT_DISPOSAL_INCOME,FUNDAMENTAL_LEVEL|FUNDAMENTAL_CHANGE|DISCLOSURE_EVENT,STOCK_REPORT_PERIOD,REPORT_DATE,NOTICE_DATE,UPDATE_DATE,PIT_SAFE_CURRENT_SNAPSHOT_ONLY,profit_sheet_report_em.NONCURRENT_DISPOSAL_INCOME,PIT_SIDECAR_REGISTERED_LAZY_NOT_MINUTE_EXPANDED,SLOW_XS_LEVEL|SLOW_TEMPORAL_CHANGE|DISCLOSURE_EVENT,NO_FORMAL_SEARCH_IN_THIS_TASK; SOURCE_UNIT_GLOSSARY_NOT_ASSERTED,fundamental_profit_sheet,double,NEXT_SESSION_AFTER_MAX_NOTICE_UPDATE,pit_fundamental.level|pit_fundamental.change|pit_fundamental.disclosure_event,ABSENT,,False,21009,248634
cn_source::profit_sheet_report_em::NONCURRENT_DISPOSAL_INCOME_YOY,profit_sheet_report_em,NONCURRENT_DISPOSAL_INCOME_YOY,FUNDAMENTAL_CHANGE|DISCLOSURE_EVENT,STOCK_REPORT_PERIOD,REPORT_DATE,NOTICE_DATE,UPDATE_DATE,PIT_SAFE_CURRENT_SNAPSHOT_ONLY,profit_sheet_report_em.NONCURRENT_DISPOSAL_INCOME_YOY,PIT_SIDECAR_REGISTERED_LAZY_NOT_MINUTE_EXPANDED,SLOW_TEMPORAL_CHANGE|DISCLOSURE_EVENT,NO_FORMAL_SEARCH_IN_THIS_TASK; SOURCE_UNIT_GLOSSARY_NOT_ASSERTED,fundamental_profit_sheet,double,NEXT_SESSION_AFTER_MAX_NOTICE_UPDATE,pit_fundamental.change|pit_fundamental.disclosure_event,ABSENT,,False,10846,258797
cn_source::profit_sheet_report_em::NONCURRENT_DISPOSAL_LOSS,profit_sheet_report_em,NONCURRENT_DISPOSAL_LOSS,FUNDAMENTAL_LEVEL|FUNDAMENTAL_CHANGE|DISCLOSURE_EVENT,STOCK_REPORT_PERIOD,REPORT_DATE,NOTICE_DATE,UPDATE_DATE,PIT_SAFE_CURRENT_SNAPSHOT_ONLY,profit_sheet_report_em.NONCURRENT_DISPOSAL_LOSS,PIT_SIDECAR_REGISTERED_LAZY_NOT_MINUTE_EXPANDED,SLOW_XS_LEVEL|SLOW_TEMPORAL_CHANGE|DISCLOSURE_EVENT,NO_FORMAL_SEARCH_IN_THIS_TASK; SOURCE_UNIT_GLOSSARY_NOT_ASSERTED,fundamental_profit_sheet,double,NEXT_SESSION_AFTER_MAX_NOTICE_UPDATE,pit_fundamental.level|pit_fundamental.change|pit_fundamental.disclosure_event,ABSENT,,False,57921,211722
cn_source::profit_sheet_report_em::NONCURRENT_DISPOSAL_LOSS_YOY,profit_sheet_report_em,NONCURRENT_DISPOSAL_LOSS_YOY,FUNDAMENTAL_CHANGE|DISCLOSURE_EVENT,STOCK_REPORT_PERIOD,REPORT_DATE,NOTICE_DATE,UPDATE_DATE,PIT_SAFE_CURRENT_SNAPSHOT_ONLY,profit_sheet_report_em.NONCURRENT_DISPOSAL_LOSS_YOY,PIT_SIDECAR_REGISTERED_LAZY_NOT_MINUTE_EXPANDED,SLOW_TEMPORAL_CHANGE|DISCLOSURE_EVENT,NO_FORMAL_SEARCH_IN_THIS_TASK; SOURCE_UNIT_GLOSSARY_NOT_ASSERTED,fundamental_profit_sheet,double,NEXT_SESSION_AFTER_MAX_NOTICE_UPDATE,pit_fundamental.change|pit_fundamental.disclosure_event,ABSENT,,False,41355,228288
cn_source::profit_sheet_report_em::NOTICE_DATE,profit_sheet_report_em,NOTICE_DATE,METADATA_BLOCKED,STOCK_REPORT_PERIOD,REPORT_DATE,NOTICE_DATE,UPDATE_DATE,PIT_SAFE_CURRENT_SNAPSHOT_ONLY,profit_sheet_report_em.NOTICE_DATE,SOURCE_METADATA_SIDECAR_ONLY,BLOCKED,METADATA_NOT_SEARCHABLE,fundamental_profit_sheet,string,NEXT_SESSION_AFTER_MAX_NOTICE_UPDATE,,ABSENT,,False,269643,0
cn_source::profit_sheet_report_em::OCI_BALANCE,profit_sheet_report_em,OCI_BALANCE,FUNDAMENTAL_LEVEL|FUNDAMENTAL_CHANGE|DISCLOSURE_EVENT,STOCK_REPORT_PERIOD,REPORT_DATE,NOTICE_DATE,UPDATE_DATE,PIT_SAFE_CURRENT_SNAPSHOT_ONLY,profit_sheet_report_em.OCI_BALANCE,PIT_SIDECAR_REGISTERED_LAZY_NOT_MINUTE_EXPANDED,SLOW_XS_LEVEL|SLOW_TEMPORAL_CHANGE|DISCLOSURE_EVENT,NO_FORMAL_SEARCH_IN_THIS_TASK; SOURCE_UNIT_GLOSSARY_NOT_ASSERTED,fundamental_profit_sheet,double,NEXT_SESSION_AFTER_MAX_NOTICE_UPDATE,pit_fundamental.level|pit_fundamental.change|pit_fundamental.disclosure_event,ABSENT,,False,91,269552
cn_source::profit_sheet_report_em::OCI_BALANCE_YOY,profit_sheet_report_em,OCI_BALANCE_YOY,FUNDAMENTAL_CHANGE|DISCLOSURE_EVENT,STOCK_REPORT_PERIOD,REPORT_DATE,NOTICE_DATE,UPDATE_DATE,PIT_SAFE_CURRENT_SNAPSHOT_ONLY,profit_sheet_report_em.OCI_BALANCE_YOY,PIT_SIDECAR_REGISTERED_LAZY_NOT_MINUTE_EXPANDED,SLOW_TEMPORAL_CHANGE|DISCLOSURE_EVENT,NO_FORMAL_SEARCH_IN_THIS_TASK; SOURCE_UNIT_GLOSSARY_NOT_ASSERTED,fundamental_profit_sheet,double,NEXT_SESSION_AFTER_MAX_NOTICE_UPDATE,pit_fundamental.change|pit_fundamental.disclosure_event,ABSENT,,False,0,269643
cn_source::profit_sheet_report_em::OCI_OTHER,profit_sheet_report_em,OCI_OTHER,FUNDAMENTAL_LEVEL|FUNDAMENTAL_CHANGE|DISCLOSURE_EVENT,STOCK_REPORT_PERIOD,REPORT_DATE,NOTICE_DATE,UPDATE_DATE,PIT_SAFE_CURRENT_SNAPSHOT_ONLY,profit_sheet_report_em.OCI_OTHER,PIT_SIDECAR_REGISTERED_LAZY_NOT_MINUTE_EXPANDED,SLOW_XS_LEVEL|SLOW_TEMPORAL_CHANGE|DISCLOSURE_EVENT,NO_FORMAL_SEARCH_IN_THIS_TASK; SOURCE_UNIT_GLOSSARY_NOT_ASSERTED,fundamental_profit_sheet,double,NEXT_SESSION_AFTER_MAX_NOTICE_UPDATE,pit_fundamental.level|pit_fundamental.change|pit_fundamental.disclosure_event,ABSENT,,False,105,269538
cn_source::profit_sheet_report_em::OCI_OTHER_YOY,profit_sheet_report_em,OCI_OTHER_YOY,FUNDAMENTAL_CHANGE|DISCLOSURE_EVENT,STOCK_REPORT_PERIOD,REPORT_DATE,NOTICE_DATE,UPDATE_DATE,PIT_SAFE_CURRENT_SNAPSHOT_ONLY,profit_sheet_report_em.OCI_OTHER_YOY,PIT_SIDECAR_REGISTERED_LAZY_NOT_MINUTE_EXPANDED,SLOW_TEMPORAL_CHANGE|DISCLOSURE_EVENT,NO_FORMAL_SEARCH_IN_THIS_TASK; SOURCE_UNIT_GLOSSARY_NOT_ASSERTED,fundamental_profit_sheet,double,NEXT_SESSION_AFTER_MAX_NOTICE_UPDATE,pit_fundamental.change|pit_fundamental.disclosure_event,ABSENT,,False,3,269640
cn_source::profit_sheet_report_em::OPERATE_COST,profit_sheet_report_em,OPERATE_COST,FUNDAMENTAL_LEVEL|FUNDAMENTAL_CHANGE|DISCLOSURE_EVENT,STOCK_REPORT_PERIOD,REPORT_DATE,NOTICE_DATE,UPDATE_DATE,PIT_SAFE_CURRENT_SNAPSHOT_ONLY,profit_sheet_report_em.OPERATE_COST,PIT_SIDECAR_REGISTERED_LAZY_NOT_MINUTE_EXPANDED,SLOW_XS_LEVEL|SLOW_TEMPORAL_CHANGE|DISCLOSURE_EVENT,NO_FORMAL_SEARCH_IN_THIS_TASK; SOURCE_UNIT_GLOSSARY_NOT_ASSERTED,fundamental_profit_sheet,double,NEXT_SESSION_AFTER_MAX_NOTICE_UPDATE,pit_fundamental.level|pit_fundamental.change|pit_fundamental.disclosure_event,ABSENT,,False,260544,9099
cn_source::profit_sheet_report_em::OPERATE_COST_YOY,profit_sheet_report_em,OPERATE_COST_YOY,FUNDAMENTAL_CHANGE|DISCLOSURE_EVENT,STOCK_REPORT_PERIOD,REPORT_DATE,NOTICE_DATE,UPDATE_DATE,PIT_SAFE_CURRENT_SNAPSHOT_ONLY,profit_sheet_report_em.OPERATE_COST_YOY,PIT_SIDECAR_REGISTERED_LAZY_NOT_MINUTE_EXPANDED,SLOW_TEMPORAL_CHANGE|DISCLOSURE_EVENT,NO_FORMAL_SEARCH_IN_THIS_TASK; SOURCE_UNIT_GLOSSARY_NOT_ASSERTED,fundamental_profit_sheet,double,NEXT_SESSION_AFTER_MAX_NOTICE_UPDATE,pit_fundamental.change|pit_fundamental.disclosure_event,ABSENT,,False,238962,30681
cn_source::profit_sheet_report_em::OPERATE_EXPENSE,profit_sheet_report_em,OPERATE_EXPENSE,FUNDAMENTAL_LEVEL|FUNDAMENTAL_CHANGE|DISCLOSURE_EVENT,STOCK_REPORT_PERIOD,REPORT_DATE,NOTICE_DATE,UPDATE_DATE,PIT_SAFE_CURRENT_SNAPSHOT_ONLY,profit_sheet_report_em.OPERATE_EXPENSE,PIT_SIDECAR_REGISTERED_LAZY_NOT_MINUTE_EXPANDED,SLOW_XS_LEVEL|SLOW_TEMPORAL_CHANGE|DISCLOSURE_EVENT,NO_FORMAL_SEARCH_IN_THIS_TASK; SOURCE_UNIT_GLOSSARY_NOT_ASSERTED,fundamental_profit_sheet,double,NEXT_SESSION_AFTER_MAX_NOTICE_UPDATE,pit_fundamental.level|pit_fundamental.change|pit_fundamental.disclosure_event,ABSENT,,False,5407,264236
cn_source::profit_sheet_report_em::OPERATE_EXPENSE_BALANCE,profit_sheet_report_em,OPERATE_EXPENSE_BALANCE,FUNDAMENTAL_LEVEL|FUNDAMENTAL_CHANGE|DISCLOSURE_EVENT,STOCK_REPORT_PERIOD,REPORT_DATE,NOTICE_DATE,UPDATE_DATE,PIT_SAFE_CURRENT_SNAPSHOT_ONLY,profit_sheet_report_em.OPERATE_EXPENSE_BALANCE,PIT_SIDECAR_REGISTERED_LAZY_NOT_MINUTE_EXPANDED,SLOW_XS_LEVEL|SLOW_TEMPORAL_CHANGE|DISCLOSURE_EVENT,NO_FORMAL_SEARCH_IN_THIS_TASK; SOURCE_UNIT_GLOSSARY_NOT_ASSERTED,fundamental_profit_sheet,double,NEXT_SESSION_AFTER_MAX_NOTICE_UPDATE,pit_fundamental.level|pit_fundamental.change|pit_fundamental.disclosure_event,ABSENT,,False,2395,267248
cn_source::profit_sheet_report_em::OPERATE_EXPENSE_BALANCE_YOY,profit_sheet_report_em,OPERATE_EXPENSE_BALANCE_YOY,FUNDAMENTAL_CHANGE|DISCLOSURE_EVENT,STOCK_REPORT_PERIOD,REPORT_DATE,NOTICE_DATE,UPDATE_DATE,PIT_SAFE_CURRENT_SNAPSHOT_ONLY,profit_sheet_report_em.OPERATE_EXPENSE_BALANCE_YOY,PIT_SIDECAR_REGISTERED_LAZY_NOT_MINUTE_EXPANDED,SLOW_TEMPORAL_CHANGE|DISCLOSURE_EVENT,NO_FORMAL_SEARCH_IN_THIS_TASK; SOURCE_UNIT_GLOSSARY_NOT_ASSERTED,fundamental_profit_sheet,double,NEXT_SESSION_AFTER_MAX_NOTICE_UPDATE,pit_fundamental.change|pit_fundamental.disclosure_event,ABSENT,,False,16,269627
cn_source::profit_sheet_report_em::OPERATE_EXPENSE_OTHER,profit_sheet_report_em,OPERATE_EXPENSE_OTHER,FUNDAMENTAL_LEVEL|FUNDAMENTAL_CHANGE|DISCLOSURE_EVENT,STOCK_REPORT_PERIOD,REPORT_DATE,NOTICE_DATE,UPDATE_DATE,PIT_SAFE_CURRENT_SNAPSHOT_ONLY,profit_sheet_report_em.OPERATE_EXPENSE_OTHER,PIT_SIDECAR_REGISTERED_LAZY_NOT_MINUTE_EXPANDED,SLOW_XS_LEVEL|SLOW_TEMPORAL_CHANGE|DISCLOSURE_EVENT,NO_FORMAL_SEARCH_IN_THIS_TASK; SOURCE_UNIT_GLOSSARY_NOT_ASSERTED,fundamental_profit_sheet,double,NEXT_SESSION_AFTER_MAX_NOTICE_UPDATE,pit_fundamental.level|pit_fundamental.change|pit_fundamental.disclosure_event,ABSENT,,False,957,268686
cn_source::profit_sheet_report_em::OPERATE_EXPENSE_OTHER_YOY,profit_sheet_report_em,OPERATE_EXPENSE_OTHER_YOY,FUNDAMENTAL_CHANGE|DISCLOSURE_EVENT,STOCK_REPORT_PERIOD,REPORT_DATE,NOTICE_DATE,UPDATE_DATE,PIT_SAFE_CURRENT_SNAPSHOT_ONLY,profit_sheet_report_em.OPERATE_EXPENSE_OTHER_YOY,PIT_SIDECAR_REGISTERED_LAZY_NOT_MINUTE_EXPANDED,SLOW_TEMPORAL_CHANGE|DISCLOSURE_EVENT,NO_FORMAL_SEARCH_IN_THIS_TASK; SOURCE_UNIT_GLOSSARY_NOT_ASSERTED,fundamental_profit_sheet,double,NEXT_SESSION_AFTER_MAX_NOTICE_UPDATE,pit_fundamental.change|pit_fundamental.disclosure_event,ABSENT,,False,353,269290
cn_source::profit_sheet_report_em::OPERATE_EXPENSE_YOY,profit_sheet_report_em,OPERATE_EXPENSE_YOY,FUNDAMENTAL_CHANGE|DISCLOSURE_EVENT,STOCK_REPORT_PERIOD,REPORT_DATE,NOTICE_DATE,UPDATE_DATE,PIT_SAFE_CURRENT_SNAPSHOT_ONLY,profit_sheet_report_em.OPERATE_EXPENSE_YOY,PIT_SIDECAR_REGISTERED_LAZY_NOT_MINUTE_EXPANDED,SLOW_TEMPORAL_CHANGE|DISCLOSURE_EVENT,NO_FORMAL_SEARCH_IN_THIS_TASK; SOURCE_UNIT_GLOSSARY_NOT_ASSERTED,fundamental_profit_sheet,double,NEXT_SESSION_AFTER_MAX_NOTICE_UPDATE,pit_fundamental.change|pit_fundamental.disclosure_event,ABSENT,,False,4935,264708
cn_source::profit_sheet_report_em::OPERATE_INCOME,profit_sheet_report_em,OPERATE_INCOME,FUNDAMENTAL_LEVEL|FUNDAMENTAL_CHANGE|DISCLOSURE_EVENT,STOCK_REPORT_PERIOD,REPORT_DATE,NOTICE_DATE,UPDATE_DATE,PIT_SAFE_CURRENT_SNAPSHOT_ONLY,profit_sheet_report_em.OPERATE_INCOME,PIT_SIDECAR_REGISTERED_LAZY_NOT_MINUTE_EXPANDED,SLOW_XS_LEVEL|SLOW_TEMPORAL_CHANGE|DISCLOSURE_EVENT,NO_FORMAL_SEARCH_IN_THIS_TASK; SOURCE_UNIT_GLOSSARY_NOT_ASSERTED,fundamental_profit_sheet,double,NEXT_SESSION_AFTER_MAX_NOTICE_UPDATE,pit_fundamental.level|pit_fundamental.change|pit_fundamental.disclosure_event,ABSENT,,False,268015,1628
cn_source::profit_sheet_report_em::OPERATE_INCOME_BALANCE,profit_sheet_report_em,OPERATE_INCOME_BALANCE,FUNDAMENTAL_LEVEL|FUNDAMENTAL_CHANGE|DISCLOSURE_EVENT,STOCK_REPORT_PERIOD,REPORT_DATE,NOTICE_DATE,UPDATE_DATE,PIT_SAFE_CURRENT_SNAPSHOT_ONLY,profit_sheet_report_em.OPERATE_INCOME_BALANCE,PIT_SIDECAR_REGISTERED_LAZY_NOT_MINUTE_EXPANDED,SLOW_XS_LEVEL|SLOW_TEMPORAL_CHANGE|DISCLOSURE_EVENT,NO_FORMAL_SEARCH_IN_THIS_TASK; SOURCE_UNIT_GLOSSARY_NOT_ASSERTED,fundamental_profit_sheet,double,NEXT_SESSION_AFTER_MAX_NOTICE_UPDATE,pit_fundamental.level|pit_fundamental.change|pit_fundamental.disclosure_event,ABSENT,,False,4430,265213
cn_source::profit_sheet_report_em::OPERATE_INCOME_BALANCE_YOY,profit_sheet_report_em,OPERATE_INCOME_BALANCE_YOY,FUNDAMENTAL_CHANGE|DISCLOSURE_EVENT,STOCK_REPORT_PERIOD,REPORT_DATE,NOTICE_DATE,UPDATE_DATE,PIT_SAFE_CURRENT_SNAPSHOT_ONLY,profit_sheet_report_em.OPERATE_INCOME_BALANCE_YOY,PIT_SIDECAR_REGISTERED_LAZY_NOT_MINUTE_EXPANDED,SLOW_TEMPORAL_CHANGE|DISCLOSURE_EVENT,NO_FORMAL_SEARCH_IN_THIS_TASK; SOURCE_UNIT_GLOSSARY_NOT_ASSERTED,fundamental_profit_sheet,double,NEXT_SESSION_AFTER_MAX_NOTICE_UPDATE,pit_fundamental.change|pit_fundamental.disclosure_event,ABSENT,,False,65,269578
cn_source::profit_sheet_report_em::OPERATE_INCOME_OTHER,profit_sheet_report_em,OPERATE_INCOME_OTHER,FUNDAMENTAL_LEVEL|FUNDAMENTAL_CHANGE|DISCLOSURE_EVENT,STOCK_REPORT_PERIOD,REPORT_DATE,NOTICE_DATE,UPDATE_DATE,PIT_SAFE_CURRENT_SNAPSHOT_ONLY,profit_sheet_report_em.OPERATE_INCOME_OTHER,PIT_SIDECAR_REGISTERED_LAZY_NOT_MINUTE_EXPANDED,SLOW_XS_LEVEL|SLOW_TEMPORAL_CHANGE|DISCLOSURE_EVENT,NO_FORMAL_SEARCH_IN_THIS_TASK; SOURCE_UNIT_GLOSSARY_NOT_ASSERTED,fundamental_profit_sheet,double,NEXT_SESSION_AFTER_MAX_NOTICE_UPDATE,pit_fundamental.level|pit_fundamental.change|pit_fundamental.disclosure_event,ABSENT,,False,846,268797
cn_source::profit_sheet_report_em::OPERATE_INCOME_OTHER_YOY,profit_sheet_report_em,OPERATE_INCOME_OTHER_YOY,FUNDAMENTAL_CHANGE|DISCLOSURE_EVENT,STOCK_REPORT_PERIOD,REPORT_DATE,NOTICE_DATE,UPDATE_DATE,PIT_SAFE_CURRENT_SNAPSHOT_ONLY,profit_sheet_report_em.OPERATE_INCOME_OTHER_YOY,PIT_SIDECAR_REGISTERED_LAZY_NOT_MINUTE_EXPANDED,SLOW_TEMPORAL_CHANGE|DISCLOSURE_EVENT,NO_FORMAL_SEARCH_IN_THIS_TASK; SOURCE_UNIT_GLOSSARY_NOT_ASSERTED,fundamental_profit_sheet,double,NEXT_SESSION_AFTER_MAX_NOTICE_UPDATE,pit_fundamental.change|pit_fundamental.disclosure_event,ABSENT,,False,135,269508
cn_source::profit_sheet_report_em::OPERATE_INCOME_YOY,profit_sheet_report_em,OPERATE_INCOME_YOY,FUNDAMENTAL_CHANGE|DISCLOSURE_EVENT,STOCK_REPORT_PERIOD,REPORT_DATE,NOTICE_DATE,UPDATE_DATE,PIT_SAFE_CURRENT_SNAPSHOT_ONLY,profit_sheet_report_em.OPERATE_INCOME_YOY,PIT_SIDECAR_REGISTERED_LAZY_NOT_MINUTE_EXPANDED,SLOW_TEMPORAL_CHANGE|DISCLOSURE_EVENT,NO_FORMAL_SEARCH_IN_THIS_TASK; SOURCE_UNIT_GLOSSARY_NOT_ASSERTED,fundamental_profit_sheet,double,NEXT_SESSION_AFTER_MAX_NOTICE_UPDATE,pit_fundamental.change|pit_fundamental.disclosure_event,ABSENT,,False,246255,23388
cn_source::profit_sheet_report_em::OPERATE_PROFIT,profit_sheet_report_em,OPERATE_PROFIT,FUNDAMENTAL_LEVEL|FUNDAMENTAL_CHANGE|DISCLOSURE_EVENT,STOCK_REPORT_PERIOD,REPORT_DATE,NOTICE_DATE,UPDATE_DATE,PIT_SAFE_CURRENT_SNAPSHOT_ONLY,profit_sheet_report_em.OPERATE_PROFIT,PIT_SIDECAR_REGISTERED_LAZY_NOT_MINUTE_EXPANDED,SLOW_XS_LEVEL|SLOW_TEMPORAL_CHANGE|DISCLOSURE_EVENT,NO_FORMAL_SEARCH_IN_THIS_TASK; SOURCE_UNIT_GLOSSARY_NOT_ASSERTED,fundamental_profit_sheet,double,NEXT_SESSION_AFTER_MAX_NOTICE_UPDATE,pit_fundamental.level|pit_fundamental.change|pit_fundamental.disclosure_event,ABSENT,,False,268858,785
cn_source::profit_sheet_report_em::OPERATE_PROFIT_BALANCE,profit_sheet_report_em,OPERATE_PROFIT_BALANCE,FUNDAMENTAL_LEVEL|FUNDAMENTAL_CHANGE|DISCLOSURE_EVENT,STOCK_REPORT_PERIOD,REPORT_DATE,NOTICE_DATE,UPDATE_DATE,PIT_SAFE_CURRENT_SNAPSHOT_ONLY,profit_sheet_report_em.OPERATE_PROFIT_BALANCE,PIT_SIDECAR_REGISTERED_LAZY_NOT_MINUTE_EXPANDED,SLOW_XS_LEVEL|SLOW_TEMPORAL_CHANGE|DISCLOSURE_EVENT,NO_FORMAL_SEARCH_IN_THIS_TASK; SOURCE_UNIT_GLOSSARY_NOT_ASSERTED,fundamental_profit_sheet,double,NEXT_SESSION_AFTER_MAX_NOTICE_UPDATE,pit_fundamental.level|pit_fundamental.change|pit_fundamental.disclosure_event,ABSENT,,False,221153,48490
cn_source::profit_sheet_report_em::OPERATE_PROFIT_BALANCE_YOY,profit_sheet_report_em,OPERATE_PROFIT_BALANCE_YOY,FUNDAMENTAL_CHANGE|DISCLOSURE_EVENT,STOCK_REPORT_PERIOD,REPORT_DATE,NOTICE_DATE,UPDATE_DATE,PIT_SAFE_CURRENT_SNAPSHOT_ONLY,profit_sheet_report_em.OPERATE_PROFIT_BALANCE_YOY,PIT_SIDECAR_REGISTERED_LAZY_NOT_MINUTE_EXPANDED,SLOW_TEMPORAL_CHANGE|DISCLOSURE_EVENT,NO_FORMAL_SEARCH_IN_THIS_TASK; SOURCE_UNIT_GLOSSARY_NOT_ASSERTED,fundamental_profit_sheet,double,NEXT_SESSION_AFTER_MAX_NOTICE_UPDATE,pit_fundamental.change|pit_fundamental.disclosure_event,ABSENT,,False,25005,244638
cn_source::profit_sheet_report_em::OPERATE_PROFIT_OTHER,profit_sheet_report_em,OPERATE_PROFIT_OTHER,FUNDAMENTAL_LEVEL|FUNDAMENTAL_CHANGE|DISCLOSURE_EVENT,STOCK_REPORT_PERIOD,REPORT_DATE,NOTICE_DATE,UPDATE_DATE,PIT_SAFE_CURRENT_SNAPSHOT_ONLY,profit_sheet_report_em.OPERATE_PROFIT_OTHER,PIT_SIDECAR_REGISTERED_LAZY_NOT_MINUTE_EXPANDED,SLOW_XS_LEVEL|SLOW_TEMPORAL_CHANGE|DISCLOSURE_EVENT,NO_FORMAL_SEARCH_IN_THIS_TASK; SOURCE_UNIT_GLOSSARY_NOT_ASSERTED,fundamental_profit_sheet,double,NEXT_SESSION_AFTER_MAX_NOTICE_UPDATE,pit_fundamental.level|pit_fundamental.change|pit_fundamental.disclosure_event,ABSENT,,False,1196,268447
cn_source::profit_sheet_report_em::OPERATE_PROFIT_OTHER_YOY,profit_sheet_report_em,OPERATE_PROFIT_OTHER_YOY,FUNDAMENTAL_CHANGE|DISCLOSURE_EVENT,STOCK_REPORT_PERIOD,REPORT_DATE,NOTICE_DATE,UPDATE_DATE,PIT_SAFE_CURRENT_SNAPSHOT_ONLY,profit_sheet_report_em.OPERATE_PROFIT_OTHER_YOY,PIT_SIDECAR_REGISTERED_LAZY_NOT_MINUTE_EXPANDED,SLOW_TEMPORAL_CHANGE|DISCLOSURE_EVENT,NO_FORMAL_SEARCH_IN_THIS_TASK; SOURCE_UNIT_GLOSSARY_NOT_ASSERTED,fundamental_profit_sheet,double,NEXT_SESSION_AFTER_MAX_NOTICE_UPDATE,pit_fundamental.change|pit_fundamental.disclosure_event,ABSENT,,False,55,269588
cn_source::profit_sheet_report_em::OPERATE_PROFIT_YOY,profit_sheet_report_em,OPERATE_PROFIT_YOY,FUNDAMENTAL_CHANGE|DISCLOSURE_EVENT,STOCK_REPORT_PERIOD,REPORT_DATE,NOTICE_DATE,UPDATE_DATE,PIT_SAFE_CURRENT_SNAPSHOT_ONLY,profit_sheet_report_em.OPERATE_PROFIT_YOY,PIT_SIDECAR_REGISTERED_LAZY_NOT_MINUTE_EXPANDED,SLOW_TEMPORAL_CHANGE|DISCLOSURE_EVENT,NO_FORMAL_SEARCH_IN_THIS_TASK; SOURCE_UNIT_GLOSSARY_NOT_ASSERTED,fundamental_profit_sheet,double,NEXT_SESSION_AFTER_MAX_NOTICE_UPDATE,pit_fundamental.change|pit_fundamental.disclosure_event,ABSENT,,False,246593,23050
cn_source::profit_sheet_report_em::OPERATE_TAX_ADD,profit_sheet_report_em,OPERATE_TAX_ADD,FUNDAMENTAL_LEVEL|FUNDAMENTAL_CHANGE|DISCLOSURE_EVENT,STOCK_REPORT_PERIOD,REPORT_DATE,NOTICE_DATE,UPDATE_DATE,PIT_SAFE_CURRENT_SNAPSHOT_ONLY,profit_sheet_report_em.OPERATE_TAX_ADD,PIT_SIDECAR_REGISTERED_LAZY_NOT_MINUTE_EXPANDED,SLOW_XS_LEVEL|SLOW_TEMPORAL_CHANGE|DISCLOSURE_EVENT,NO_FORMAL_SEARCH_IN_THIS_TASK; SOURCE_UNIT_GLOSSARY_NOT_ASSERTED,fundamental_profit_sheet,double,NEXT_SESSION_AFTER_MAX_NOTICE_UPDATE,pit_fundamental.level|pit_fundamental.change|pit_fundamental.disclosure_event,ABSENT,,False,264190,5453
cn_source::profit_sheet_report_em::OPERATE_TAX_ADD_YOY,profit_sheet_report_em,OPERATE_TAX_ADD_YOY,FUNDAMENTAL_CHANGE|DISCLOSURE_EVENT,STOCK_REPORT_PERIOD,REPORT_DATE,NOTICE_DATE,UPDATE_DATE,PIT_SAFE_CURRENT_SNAPSHOT_ONLY,profit_sheet_report_em.OPERATE_TAX_ADD_YOY,PIT_SIDECAR_REGISTERED_LAZY_NOT_MINUTE_EXPANDED,SLOW_TEMPORAL_CHANGE|DISCLOSURE_EVENT,NO_FORMAL_SEARCH_IN_THIS_TASK; SOURCE_UNIT_GLOSSARY_NOT_ASSERTED,fundamental_profit_sheet,double,NEXT_SESSION_AFTER_MAX_NOTICE_UPDATE,pit_fundamental.change|pit_fundamental.disclosure_event,ABSENT,,False,241843,27800
cn_source::profit_sheet_report_em::OPINION_TYPE,profit_sheet_report_em,OPINION_TYPE,METADATA_BLOCKED,STOCK_REPORT_PERIOD,REPORT_DATE,NOTICE_DATE,UPDATE_DATE,PIT_SAFE_CURRENT_SNAPSHOT_ONLY,profit_sheet_report_em.OPINION_TYPE,SOURCE_METADATA_SIDECAR_ONLY,BLOCKED,METADATA_NOT_SEARCHABLE,fundamental_profit_sheet,string,NEXT_SESSION_AFTER_MAX_NOTICE_UPDATE,,ABSENT,,False,84089,185554
cn_source::profit_sheet_report_em::ORG_CODE,profit_sheet_report_em,ORG_CODE,METADATA_BLOCKED,STOCK_REPORT_PERIOD,REPORT_DATE,NOTICE_DATE,UPDATE_DATE,PIT_SAFE_CURRENT_SNAPSHOT_ONLY,profit_sheet_report_em.ORG_CODE,SOURCE_METADATA_SIDECAR_ONLY,BLOCKED,METADATA_NOT_SEARCHABLE,fundamental_profit_sheet,string,NEXT_SESSION_AFTER_MAX_NOTICE_UPDATE,,ABSENT,,False,269643,0
cn_source::profit_sheet_report_em::ORG_TYPE,profit_sheet_report_em,ORG_TYPE,METADATA_BLOCKED,STOCK_REPORT_PERIOD,REPORT_DATE,NOTICE_DATE,UPDATE_DATE,PIT_SAFE_CURRENT_SNAPSHOT_ONLY,profit_sheet_report_em.ORG_TYPE,SOURCE_METADATA_SIDECAR_ONLY,BLOCKED,METADATA_NOT_SEARCHABLE,fundamental_profit_sheet,string,NEXT_SESSION_AFTER_MAX_NOTICE_UPDATE,,ABSENT,,False,269643,0
cn_source::profit_sheet_report_em::OSOPINION_TYPE,profit_sheet_report_em,OSOPINION_TYPE,METADATA_BLOCKED,STOCK_REPORT_PERIOD,REPORT_DATE,NOTICE_DATE,UPDATE_DATE,PIT_SAFE_CURRENT_SNAPSHOT_ONLY,profit_sheet_report_em.OSOPINION_TYPE,SOURCE_METADATA_SIDECAR_ONLY,BLOCKED,METADATA_NOT_SEARCHABLE,fundamental_profit_sheet,string,NEXT_SESSION_AFTER_MAX_NOTICE_UPDATE,,ABSENT,,False,5,269638
cn_source::profit_sheet_report_em::OTHERRIGHT_FAIRVALUE_CHANGE,profit_sheet_report_em,OTHERRIGHT_FAIRVALUE_CHANGE,FUNDAMENTAL_LEVEL|FUNDAMENTAL_CHANGE|DISCLOSURE_EVENT,STOCK_REPORT_PERIOD,REPORT_DATE,NOTICE_DATE,UPDATE_DATE,PIT_SAFE_CURRENT_SNAPSHOT_ONLY,profit_sheet_report_em.OTHERRIGHT_FAIRVALUE_CHANGE,PIT_SIDECAR_REGISTERED_LAZY_NOT_MINUTE_EXPANDED,SLOW_XS_LEVEL|SLOW_TEMPORAL_CHANGE|DISCLOSURE_EVENT,NO_FORMAL_SEARCH_IN_THIS_TASK; SOURCE_UNIT_GLOSSARY_NOT_ASSERTED,fundamental_profit_sheet,double,NEXT_SESSION_AFTER_MAX_NOTICE_UPDATE,pit_fundamental.level|pit_fundamental.change|pit_fundamental.disclosure_event,ABSENT,,False,19910,249733
cn_source::profit_sheet_report_em::OTHERRIGHT_FAIRVALUE_CHANGE_YOY,profit_sheet_report_em,OTHERRIGHT_FAIRVALUE_CHANGE_YOY,FUNDAMENTAL_CHANGE|DISCLOSURE_EVENT,STOCK_REPORT_PERIOD,REPORT_DATE,NOTICE_DATE,UPDATE_DATE,PIT_SAFE_CURRENT_SNAPSHOT_ONLY,profit_sheet_report_em.OTHERRIGHT_FAIRVALUE_CHANGE_YOY,PIT_SIDECAR_REGISTERED_LAZY_NOT_MINUTE_EXPANDED,SLOW_TEMPORAL_CHANGE|DISCLOSURE_EVENT,NO_FORMAL_SEARCH_IN_THIS_TASK; SOURCE_UNIT_GLOSSARY_NOT_ASSERTED,fundamental_profit_sheet,double,NEXT_SESSION_AFTER_MAX_NOTICE_UPDATE,pit_fundamental.change|pit_fundamental.disclosure_event,ABSENT,,False,13219,256424
cn_source::profit_sheet_report_em::OTHER_BUSINESS_COST,profit_sheet_report_em,OTHER_BUSINESS_COST,FUNDAMENTAL_LEVEL|FUNDAMENTAL_CHANGE|DISCLOSURE_EVENT,STOCK_REPORT_PERIOD,REPORT_DATE,NOTICE_DATE,UPDATE_DATE,PIT_SAFE_CURRENT_SNAPSHOT_ONLY,profit_sheet_report_em.OTHER_BUSINESS_COST,PIT_SIDECAR_REGISTERED_LAZY_NOT_MINUTE_EXPANDED,SLOW_XS_LEVEL|SLOW_TEMPORAL_CHANGE|DISCLOSURE_EVENT,NO_FORMAL_SEARCH_IN_THIS_TASK; SOURCE_UNIT_GLOSSARY_NOT_ASSERTED,fundamental_profit_sheet,double,NEXT_SESSION_AFTER_MAX_NOTICE_UPDATE,pit_fundamental.level|pit_fundamental.change|pit_fundamental.disclosure_event,ABSENT,,False,4418,265225
cn_source::profit_sheet_report_em::OTHER_BUSINESS_COST_YOY,profit_sheet_report_em,OTHER_BUSINESS_COST_YOY,FUNDAMENTAL_CHANGE|DISCLOSURE_EVENT,STOCK_REPORT_PERIOD,REPORT_DATE,NOTICE_DATE,UPDATE_DATE,PIT_SAFE_CURRENT_SNAPSHOT_ONLY,profit_sheet_report_em.OTHER_BUSINESS_COST_YOY,PIT_SIDECAR_REGISTERED_LAZY_NOT_MINUTE_EXPANDED,SLOW_TEMPORAL_CHANGE|DISCLOSURE_EVENT,NO_FORMAL_SEARCH_IN_THIS_TASK; SOURCE_UNIT_GLOSSARY_NOT_ASSERTED,fundamental_profit_sheet,double,NEXT_SESSION_AFTER_MAX_NOTICE_UPDATE,pit_fundamental.change|pit_fundamental.disclosure_event,ABSENT,,False,3798,265845
cn_source::profit_sheet_report_em::OTHER_BUSINESS_INCOME,profit_sheet_report_em,OTHER_BUSINESS_INCOME,FUNDAMENTAL_LEVEL|FUNDAMENTAL_CHANGE|DISCLOSURE_EVENT,STOCK_REPORT_PERIOD,REPORT_DATE,NOTICE_DATE,UPDATE_DATE,PIT_SAFE_CURRENT_SNAPSHOT_ONLY,profit_sheet_report_em.OTHER_BUSINESS_INCOME,PIT_SIDECAR_REGISTERED_LAZY_NOT_MINUTE_EXPANDED,SLOW_XS_LEVEL|SLOW_TEMPORAL_CHANGE|DISCLOSURE_EVENT,NO_FORMAL_SEARCH_IN_THIS_TASK; SOURCE_UNIT_GLOSSARY_NOT_ASSERTED,fundamental_profit_sheet,double,NEXT_SESSION_AFTER_MAX_NOTICE_UPDATE,pit_fundamental.level|pit_fundamental.change|pit_fundamental.disclosure_event,ABSENT,,False,5577,264066
cn_source::profit_sheet_report_em::OTHER_BUSINESS_INCOME_YOY,profit_sheet_report_em,OTHER_BUSINESS_INCOME_YOY,FUNDAMENTAL_CHANGE|DISCLOSURE_EVENT,STOCK_REPORT_PERIOD,REPORT_DATE,NOTICE_DATE,UPDATE_DATE,PIT_SAFE_CURRENT_SNAPSHOT_ONLY,profit_sheet_report_em.OTHER_BUSINESS_INCOME_YOY,PIT_SIDECAR_REGISTERED_LAZY_NOT_MINUTE_EXPANDED,SLOW_TEMPORAL_CHANGE|DISCLOSURE_EVENT,NO_FORMAL_SEARCH_IN_THIS_TASK; SOURCE_UNIT_GLOSSARY_NOT_ASSERTED,fundamental_profit_sheet,double,NEXT_SESSION_AFTER_MAX_NOTICE_UPDATE,pit_fundamental.change|pit_fundamental.disclosure_event,ABSENT,,False,4701,264942
cn_source::profit_sheet_report_em::OTHER_COMPRE_INCOME,profit_sheet_report_em,OTHER_COMPRE_INCOME,FUNDAMENTAL_LEVEL|FUNDAMENTAL_CHANGE|DISCLOSURE_EVENT,STOCK_REPORT_PERIOD,REPORT_DATE,NOTICE_DATE,UPDATE_DATE,PIT_SAFE_CURRENT_SNAPSHOT_ONLY,profit_sheet_report_em.OTHER_COMPRE_INCOME,PIT_SIDECAR_REGISTERED_LAZY_NOT_MINUTE_EXPANDED,SLOW_XS_LEVEL|SLOW_TEMPORAL_CHANGE|DISCLOSURE_EVENT,NO_FORMAL_SEARCH_IN_THIS_TASK; SOURCE_UNIT_GLOSSARY_NOT_ASSERTED,fundamental_profit_sheet,double,NEXT_SESSION_AFTER_MAX_NOTICE_UPDATE,pit_fundamental.level|pit_fundamental.change|pit_fundamental.disclosure_event,ABSENT,,False,112599,157044
cn_source::profit_sheet_report_em::OTHER_COMPRE_INCOME_YOY,profit_sheet_report_em,OTHER_COMPRE_INCOME_YOY,FUNDAMENTAL_CHANGE|DISCLOSURE_EVENT,STOCK_REPORT_PERIOD,REPORT_DATE,NOTICE_DATE,UPDATE_DATE,PIT_SAFE_CURRENT_SNAPSHOT_ONLY,profit_sheet_report_em.OTHER_COMPRE_INCOME_YOY,PIT_SIDECAR_REGISTERED_LAZY_NOT_MINUTE_EXPANDED,SLOW_TEMPORAL_CHANGE|DISCLOSURE_EVENT,NO_FORMAL_SEARCH_IN_THIS_TASK; SOURCE_UNIT_GLOSSARY_NOT_ASSERTED,fundamental_profit_sheet,double,NEXT_SESSION_AFTER_MAX_NOTICE_UPDATE,pit_fundamental.change|pit_fundamental.disclosure_event,ABSENT,,False,93855,175788
cn_source::profit_sheet_report_em::OTHER_INCOME,profit_sheet_report_em,OTHER_INCOME,FUNDAMENTAL_LEVEL|FUNDAMENTAL_CHANGE|DISCLOSURE_EVENT,STOCK_REPORT_PERIOD,REPORT_DATE,NOTICE_DATE,UPDATE_DATE,PIT_SAFE_CURRENT_SNAPSHOT_ONLY,profit_sheet_report_em.OTHER_INCOME,PIT_SIDECAR_REGISTERED_LAZY_NOT_MINUTE_EXPANDED,SLOW_XS_LEVEL|SLOW_TEMPORAL_CHANGE|DISCLOSURE_EVENT,NO_FORMAL_SEARCH_IN_THIS_TASK; SOURCE_UNIT_GLOSSARY_NOT_ASSERTED,fundamental_profit_sheet,double,NEXT_SESSION_AFTER_MAX_NOTICE_UPDATE,pit_fundamental.level|pit_fundamental.change|pit_fundamental.disclosure_event,ABSENT,,False,124673,144970
cn_source::profit_sheet_report_em::OTHER_INCOME_YOY,profit_sheet_report_em,OTHER_INCOME_YOY,FUNDAMENTAL_CHANGE|DISCLOSURE_EVENT,STOCK_REPORT_PERIOD,REPORT_DATE,NOTICE_DATE,UPDATE_DATE,PIT_SAFE_CURRENT_SNAPSHOT_ONLY,profit_sheet_report_em.OTHER_INCOME_YOY,PIT_SIDECAR_REGISTERED_LAZY_NOT_MINUTE_EXPANDED,SLOW_TEMPORAL_CHANGE|DISCLOSURE_EVENT,NO_FORMAL_SEARCH_IN_THIS_TASK; SOURCE_UNIT_GLOSSARY_NOT_ASSERTED,fundamental_profit_sheet,double,NEXT_SESSION_AFTER_MAX_NOTICE_UPDATE,pit_fundamental.change|pit_fundamental.disclosure_event,ABSENT,,False,103246,166397
cn_source::profit_sheet_report_em::PARENT_NETPROFIT,profit_sheet_report_em,PARENT_NETPROFIT,FUNDAMENTAL_LEVEL|FUNDAMENTAL_CHANGE|DISCLOSURE_EVENT,STOCK_REPORT_PERIOD,REPORT_DATE,NOTICE_DATE,UPDATE_DATE,PIT_SAFE_CURRENT_SNAPSHOT_ONLY,profit_sheet_report_em.PARENT_NETPROFIT,PIT_SIDECAR_REGISTERED_LAZY_NOT_MINUTE_EXPANDED,SLOW_XS_LEVEL|SLOW_TEMPORAL_CHANGE|DISCLOSURE_EVENT,NO_FORMAL_SEARCH_IN_THIS_TASK; SOURCE_UNIT_GLOSSARY_NOT_ASSERTED,fundamental_profit_sheet,double,NEXT_SESSION_AFTER_MAX_NOTICE_UPDATE,pit_fundamental.level|pit_fundamental.change|pit_fundamental.disclosure_event,ABSENT,,False,269528,115
cn_source::profit_sheet_report_em::PARENT_NETPROFIT_YOY,profit_sheet_report_em,PARENT_NETPROFIT_YOY,FUNDAMENTAL_CHANGE|DISCLOSURE_EVENT,STOCK_REPORT_PERIOD,REPORT_DATE,NOTICE_DATE,UPDATE_DATE,PIT_SAFE_CURRENT_SNAPSHOT_ONLY,profit_sheet_report_em.PARENT_NETPROFIT_YOY,PIT_SIDECAR_REGISTERED_LAZY_NOT_MINUTE_EXPANDED,SLOW_TEMPORAL_CHANGE|DISCLOSURE_EVENT,NO_FORMAL_SEARCH_IN_THIS_TASK; SOURCE_UNIT_GLOSSARY_NOT_ASSERTED,fundamental_profit_sheet,double,NEXT_SESSION_AFTER_MAX_NOTICE_UPDATE,pit_fundamental.change|pit_fundamental.disclosure_event,ABSENT,,False,247185,22458
cn_source::profit_sheet_report_em::PARENT_OCI,profit_sheet_report_em,PARENT_OCI,FUNDAMENTAL_LEVEL|FUNDAMENTAL_CHANGE|DISCLOSURE_EVENT,STOCK_REPORT_PERIOD,REPORT_DATE,NOTICE_DATE,UPDATE_DATE,PIT_SAFE_CURRENT_SNAPSHOT_ONLY,profit_sheet_report_em.PARENT_OCI,PIT_SIDECAR_REGISTERED_LAZY_NOT_MINUTE_EXPANDED,SLOW_XS_LEVEL|SLOW_TEMPORAL_CHANGE|DISCLOSURE_EVENT,NO_FORMAL_SEARCH_IN_THIS_TASK; SOURCE_UNIT_GLOSSARY_NOT_ASSERTED,fundamental_profit_sheet,double,NEXT_SESSION_AFTER_MAX_NOTICE_UPDATE,pit_fundamental.level|pit_fundamental.change|pit_fundamental.disclosure_event,ABSENT,,False,94141,175502
cn_source::profit_sheet_report_em::PARENT_OCI_BALANCE,profit_sheet_report_em,PARENT_OCI_BALANCE,FUNDAMENTAL_LEVEL|FUNDAMENTAL_CHANGE|DISCLOSURE_EVENT,STOCK_REPORT_PERIOD,REPORT_DATE,NOTICE_DATE,UPDATE_DATE,PIT_SAFE_CURRENT_SNAPSHOT_ONLY,profit_sheet_report_em.PARENT_OCI_BALANCE,PIT_SIDECAR_REGISTERED_LAZY_NOT_MINUTE_EXPANDED,SLOW_XS_LEVEL|SLOW_TEMPORAL_CHANGE|DISCLOSURE_EVENT,NO_FORMAL_SEARCH_IN_THIS_TASK; SOURCE_UNIT_GLOSSARY_NOT_ASSERTED,fundamental_profit_sheet,double,NEXT_SESSION_AFTER_MAX_NOTICE_UPDATE,pit_fundamental.level|pit_fundamental.change|pit_fundamental.disclosure_event,ABSENT,,False,91,269552
cn_source::profit_sheet_report_em::PARENT_OCI_BALANCE_YOY,profit_sheet_report_em,PARENT_OCI_BALANCE_YOY,FUNDAMENTAL_CHANGE|DISCLOSURE_EVENT,STOCK_REPORT_PERIOD,REPORT_DATE,NOTICE_DATE,UPDATE_DATE,PIT_SAFE_CURRENT_SNAPSHOT_ONLY,profit_sheet_report_em.PARENT_OCI_BALANCE_YOY,PIT_SIDECAR_REGISTERED_LAZY_NOT_MINUTE_EXPANDED,SLOW_TEMPORAL_CHANGE|DISCLOSURE_EVENT,NO_FORMAL_SEARCH_IN_THIS_TASK; SOURCE_UNIT_GLOSSARY_NOT_ASSERTED,fundamental_profit_sheet,double,NEXT_SESSION_AFTER_MAX_NOTICE_UPDATE,pit_fundamental.change|pit_fundamental.disclosure_event,ABSENT,,False,0,269643
cn_source::profit_sheet_report_em::PARENT_OCI_OTHER,profit_sheet_report_em,PARENT_OCI_OTHER,FUNDAMENTAL_LEVEL|FUNDAMENTAL_CHANGE|DISCLOSURE_EVENT,STOCK_REPORT_PERIOD,REPORT_DATE,NOTICE_DATE,UPDATE_DATE,PIT_SAFE_CURRENT_SNAPSHOT_ONLY,profit_sheet_report_em.PARENT_OCI_OTHER,PIT_SIDECAR_REGISTERED_LAZY_NOT_MINUTE_EXPANDED,SLOW_XS_LEVEL|SLOW_TEMPORAL_CHANGE|DISCLOSURE_EVENT,NO_FORMAL_SEARCH_IN_THIS_TASK; SOURCE_UNIT_GLOSSARY_NOT_ASSERTED,fundamental_profit_sheet,double,NEXT_SESSION_AFTER_MAX_NOTICE_UPDATE,pit_fundamental.level|pit_fundamental.change|pit_fundamental.disclosure_event,ABSENT,,False,97,269546
cn_source::profit_sheet_report_em::PARENT_OCI_OTHER_YOY,profit_sheet_report_em,PARENT_OCI_OTHER_YOY,FUNDAMENTAL_CHANGE|DISCLOSURE_EVENT,STOCK_REPORT_PERIOD,REPORT_DATE,NOTICE_DATE,UPDATE_DATE,PIT_SAFE_CURRENT_SNAPSHOT_ONLY,profit_sheet_report_em.PARENT_OCI_OTHER_YOY,PIT_SIDECAR_REGISTERED_LAZY_NOT_MINUTE_EXPANDED,SLOW_TEMPORAL_CHANGE|DISCLOSURE_EVENT,NO_FORMAL_SEARCH_IN_THIS_TASK; SOURCE_UNIT_GLOSSARY_NOT_ASSERTED,fundamental_profit_sheet,double,NEXT_SESSION_AFTER_MAX_NOTICE_UPDATE,pit_fundamental.change|pit_fundamental.disclosure_event,ABSENT,,False,2,269641
cn_source::profit_sheet_report_em::PARENT_OCI_YOY,profit_sheet_report_em,PARENT_OCI_YOY,FUNDAMENTAL_CHANGE|DISCLOSURE_EVENT,STOCK_REPORT_PERIOD,REPORT_DATE,NOTICE_DATE,UPDATE_DATE,PIT_SAFE_CURRENT_SNAPSHOT_ONLY,profit_sheet_report_em.PARENT_OCI_YOY,PIT_SIDECAR_REGISTERED_LAZY_NOT_MINUTE_EXPANDED,SLOW_TEMPORAL_CHANGE|DISCLOSURE_EVENT,NO_FORMAL_SEARCH_IN_THIS_TASK; SOURCE_UNIT_GLOSSARY_NOT_ASSERTED,fundamental_profit_sheet,double,NEXT_SESSION_AFTER_MAX_NOTICE_UPDATE,pit_fundamental.change|pit_fundamental.disclosure_event,ABSENT,,False,77732,191911
cn_source::profit_sheet_report_em::PARENT_TCI,profit_sheet_report_em,PARENT_TCI,FUNDAMENTAL_LEVEL|FUNDAMENTAL_CHANGE|DISCLOSURE_EVENT,STOCK_REPORT_PERIOD,REPORT_DATE,NOTICE_DATE,UPDATE_DATE,PIT_SAFE_CURRENT_SNAPSHOT_ONLY,profit_sheet_report_em.PARENT_TCI,PIT_SIDECAR_REGISTERED_LAZY_NOT_MINUTE_EXPANDED,SLOW_XS_LEVEL|SLOW_TEMPORAL_CHANGE|DISCLOSURE_EVENT,NO_FORMAL_SEARCH_IN_THIS_TASK; SOURCE_UNIT_GLOSSARY_NOT_ASSERTED,fundamental_profit_sheet,double,NEXT_SESSION_AFTER_MAX_NOTICE_UPDATE,pit_fundamental.level|pit_fundamental.change|pit_fundamental.disclosure_event,ABSENT,,False,213188,56455
cn_source::profit_sheet_report_em::PARENT_TCI_YOY,profit_sheet_report_em,PARENT_TCI_YOY,FUNDAMENTAL_CHANGE|DISCLOSURE_EVENT,STOCK_REPORT_PERIOD,REPORT_DATE,NOTICE_DATE,UPDATE_DATE,PIT_SAFE_CURRENT_SNAPSHOT_ONLY,profit_sheet_report_em.PARENT_TCI_YOY,PIT_SIDECAR_REGISTERED_LAZY_NOT_MINUTE_EXPANDED,SLOW_TEMPORAL_CHANGE|DISCLOSURE_EVENT,NO_FORMAL_SEARCH_IN_THIS_TASK; SOURCE_UNIT_GLOSSARY_NOT_ASSERTED,fundamental_profit_sheet,double,NEXT_SESSION_AFTER_MAX_NOTICE_UPDATE,pit_fundamental.change|pit_fundamental.disclosure_event,ABSENT,,False,190947,78696
cn_source::profit_sheet_report_em::POLICY_BONUS_EXPENSE,profit_sheet_report_em,POLICY_BONUS_EXPENSE,FUNDAMENTAL_LEVEL|FUNDAMENTAL_CHANGE|DISCLOSURE_EVENT,STOCK_REPORT_PERIOD,REPORT_DATE,NOTICE_DATE,UPDATE_DATE,PIT_SAFE_CURRENT_SNAPSHOT_ONLY,profit_sheet_report_em.POLICY_BONUS_EXPENSE,PIT_SIDECAR_REGISTERED_LAZY_NOT_MINUTE_EXPANDED,SLOW_XS_LEVEL|SLOW_TEMPORAL_CHANGE|DISCLOSURE_EVENT,NO_FORMAL_SEARCH_IN_THIS_TASK; SOURCE_UNIT_GLOSSARY_NOT_ASSERTED,fundamental_profit_sheet,double,NEXT_SESSION_AFTER_MAX_NOTICE_UPDATE,pit_fundamental.level|pit_fundamental.change|pit_fundamental.disclosure_event,ABSENT,,False,2088,267555
cn_source::profit_sheet_report_em::POLICY_BONUS_EXPENSE_YOY,profit_sheet_report_em,POLICY_BONUS_EXPENSE_YOY,FUNDAMENTAL_CHANGE|DISCLOSURE_EVENT,STOCK_REPORT_PERIOD,REPORT_DATE,NOTICE_DATE,UPDATE_DATE,PIT_SAFE_CURRENT_SNAPSHOT_ONLY,profit_sheet_report_em.POLICY_BONUS_EXPENSE_YOY,PIT_SIDECAR_REGISTERED_LAZY_NOT_MINUTE_EXPANDED,SLOW_TEMPORAL_CHANGE|DISCLOSURE_EVENT,NO_FORMAL_SEARCH_IN_THIS_TASK; SOURCE_UNIT_GLOSSARY_NOT_ASSERTED,fundamental_profit_sheet,double,NEXT_SESSION_AFTER_MAX_NOTICE_UPDATE,pit_fundamental.change|pit_fundamental.disclosure_event,ABSENT,,False,258,269385
cn_source::profit_sheet_report_em::PRECOMBINE_PROFIT,profit_sheet_report_em,PRECOMBINE_PROFIT,FUNDAMENTAL_LEVEL|FUNDAMENTAL_CHANGE|DISCLOSURE_EVENT,STOCK_REPORT_PERIOD,REPORT_DATE,NOTICE_DATE,UPDATE_DATE,PIT_SAFE_CURRENT_SNAPSHOT_ONLY,profit_sheet_report_em.PRECOMBINE_PROFIT,PIT_SIDECAR_REGISTERED_LAZY_NOT_MINUTE_EXPANDED,SLOW_XS_LEVEL|SLOW_TEMPORAL_CHANGE|DISCLOSURE_EVENT,NO_FORMAL_SEARCH_IN_THIS_TASK; SOURCE_UNIT_GLOSSARY_NOT_ASSERTED,fundamental_profit_sheet,double,NEXT_SESSION_AFTER_MAX_NOTICE_UPDATE,pit_fundamental.level|pit_fundamental.change|pit_fundamental.disclosure_event,ABSENT,,False,2192,267451
cn_source::profit_sheet_report_em::PRECOMBINE_PROFIT_YOY,profit_sheet_report_em,PRECOMBINE_PROFIT_YOY,FUNDAMENTAL_CHANGE|DISCLOSURE_EVENT,STOCK_REPORT_PERIOD,REPORT_DATE,NOTICE_DATE,UPDATE_DATE,PIT_SAFE_CURRENT_SNAPSHOT_ONLY,profit_sheet_report_em.PRECOMBINE_PROFIT_YOY,PIT_SIDECAR_REGISTERED_LAZY_NOT_MINUTE_EXPANDED,SLOW_TEMPORAL_CHANGE|DISCLOSURE_EVENT,NO_FORMAL_SEARCH_IN_THIS_TASK; SOURCE_UNIT_GLOSSARY_NOT_ASSERTED,fundamental_profit_sheet,double,NEXT_SESSION_AFTER_MAX_NOTICE_UPDATE,pit_fundamental.change|pit_fundamental.disclosure_event,ABSENT,,False,353,269290
cn_source::profit_sheet_report_em::PRECOMBINE_TCI,profit_sheet_report_em,PRECOMBINE_TCI,FUNDAMENTAL_LEVEL|FUNDAMENTAL_CHANGE|DISCLOSURE_EVENT,STOCK_REPORT_PERIOD,REPORT_DATE,NOTICE_DATE,UPDATE_DATE,PIT_SAFE_CURRENT_SNAPSHOT_ONLY,profit_sheet_report_em.PRECOMBINE_TCI,PIT_SIDECAR_REGISTERED_LAZY_NOT_MINUTE_EXPANDED,SLOW_XS_LEVEL|SLOW_TEMPORAL_CHANGE|DISCLOSURE_EVENT,NO_FORMAL_SEARCH_IN_THIS_TASK; SOURCE_UNIT_GLOSSARY_NOT_ASSERTED,fundamental_profit_sheet,double,NEXT_SESSION_AFTER_MAX_NOTICE_UPDATE,pit_fundamental.level|pit_fundamental.change|pit_fundamental.disclosure_event,ABSENT,,False,74,269569
cn_source::profit_sheet_report_em::PRECOMBINE_TCI_YOY,profit_sheet_report_em,PRECOMBINE_TCI_YOY,FUNDAMENTAL_CHANGE|DISCLOSURE_EVENT,STOCK_REPORT_PERIOD,REPORT_DATE,NOTICE_DATE,UPDATE_DATE,PIT_SAFE_CURRENT_SNAPSHOT_ONLY,profit_sheet_report_em.PRECOMBINE_TCI_YOY,PIT_SIDECAR_REGISTERED_LAZY_NOT_MINUTE_EXPANDED,SLOW_TEMPORAL_CHANGE|DISCLOSURE_EVENT,NO_FORMAL_SEARCH_IN_THIS_TASK; SOURCE_UNIT_GLOSSARY_NOT_ASSERTED,fundamental_profit_sheet,double,NEXT_SESSION_AFTER_MAX_NOTICE_UPDATE,pit_fundamental.change|pit_fundamental.disclosure_event,ABSENT,,False,0,269643
cn_source::profit_sheet_report_em::RECOMMEND_NI,profit_sheet_report_em,RECOMMEND_NI,FUNDAMENTAL_LEVEL|FUNDAMENTAL_CHANGE|DISCLOSURE_EVENT,STOCK_REPORT_PERIOD,REPORT_DATE,NOTICE_DATE,UPDATE_DATE,PIT_SAFE_CURRENT_SNAPSHOT_ONLY,profit_sheet_report_em.RECOMMEND_NI,PIT_SIDECAR_REGISTERED_LAZY_NOT_MINUTE_EXPANDED,SLOW_XS_LEVEL|SLOW_TEMPORAL_CHANGE|DISCLOSURE_EVENT,NO_FORMAL_SEARCH_IN_THIS_TASK; SOURCE_UNIT_GLOSSARY_NOT_ASSERTED,fundamental_profit_sheet,double,NEXT_SESSION_AFTER_MAX_NOTICE_UPDATE,pit_fundamental.level|pit_fundamental.change|pit_fundamental.disclosure_event,ABSENT,,False,360,269283
cn_source::profit_sheet_report_em::RECOMMEND_NI_YOY,profit_sheet_report_em,RECOMMEND_NI_YOY,FUNDAMENTAL_CHANGE|DISCLOSURE_EVENT,STOCK_REPORT_PERIOD,REPORT_DATE,NOTICE_DATE,UPDATE_DATE,PIT_SAFE_CURRENT_SNAPSHOT_ONLY,profit_sheet_report_em.RECOMMEND_NI_YOY,PIT_SIDECAR_REGISTERED_LAZY_NOT_MINUTE_EXPANDED,SLOW_TEMPORAL_CHANGE|DISCLOSURE_EVENT,NO_FORMAL_SEARCH_IN_THIS_TASK; SOURCE_UNIT_GLOSSARY_NOT_ASSERTED,fundamental_profit_sheet,double,NEXT_SESSION_AFTER_MAX_NOTICE_UPDATE,pit_fundamental.change|pit_fundamental.disclosure_event,ABSENT,,False,26,269617
cn_source::profit_sheet_report_em::REINSURE_EXPENSE,profit_sheet_report_em,REINSURE_EXPENSE,FUNDAMENTAL_LEVEL|FUNDAMENTAL_CHANGE|DISCLOSURE_EVENT,STOCK_REPORT_PERIOD,REPORT_DATE,NOTICE_DATE,UPDATE_DATE,PIT_SAFE_CURRENT_SNAPSHOT_ONLY,profit_sheet_report_em.REINSURE_EXPENSE,PIT_SIDECAR_REGISTERED_LAZY_NOT_MINUTE_EXPANDED,SLOW_XS_LEVEL|SLOW_TEMPORAL_CHANGE|DISCLOSURE_EVENT,NO_FORMAL_SEARCH_IN_THIS_TASK; SOURCE_UNIT_GLOSSARY_NOT_ASSERTED,fundamental_profit_sheet,double,NEXT_SESSION_AFTER_MAX_NOTICE_UPDATE,pit_fundamental.level|pit_fundamental.change|pit_fundamental.disclosure_event,ABSENT,,False,2049,267594
cn_source::profit_sheet_report_em::REINSURE_EXPENSE_YOY,profit_sheet_report_em,REINSURE_EXPENSE_YOY,FUNDAMENTAL_CHANGE|DISCLOSURE_EVENT,STOCK_REPORT_PERIOD,REPORT_DATE,NOTICE_DATE,UPDATE_DATE,PIT_SAFE_CURRENT_SNAPSHOT_ONLY,profit_sheet_report_em.REINSURE_EXPENSE_YOY,PIT_SIDECAR_REGISTERED_LAZY_NOT_MINUTE_EXPANDED,SLOW_TEMPORAL_CHANGE|DISCLOSURE_EVENT,NO_FORMAL_SEARCH_IN_THIS_TASK; SOURCE_UNIT_GLOSSARY_NOT_ASSERTED,fundamental_profit_sheet,double,NEXT_SESSION_AFTER_MAX_NOTICE_UPDATE,pit_fundamental.change|pit_fundamental.disclosure_event,ABSENT,,False,175,269468
cn_source::profit_sheet_report_em::REINSURE_INCOME,profit_sheet_report_em,REINSURE_INCOME,FUNDAMENTAL_LEVEL|FUNDAMENTAL_CHANGE|DISCLOSURE_EVENT,STOCK_REPORT_PERIOD,REPORT_DATE,NOTICE_DATE,UPDATE_DATE,PIT_SAFE_CURRENT_SNAPSHOT_ONLY,profit_sheet_report_em.REINSURE_INCOME,PIT_SIDECAR_REGISTERED_LAZY_NOT_MINUTE_EXPANDED,SLOW_XS_LEVEL|SLOW_TEMPORAL_CHANGE|DISCLOSURE_EVENT,NO_FORMAL_SEARCH_IN_THIS_TASK; SOURCE_UNIT_GLOSSARY_NOT_ASSERTED,fundamental_profit_sheet,double,NEXT_SESSION_AFTER_MAX_NOTICE_UPDATE,pit_fundamental.level|pit_fundamental.change|pit_fundamental.disclosure_event,ABSENT,,False,209,269434
cn_source::profit_sheet_report_em::REINSURE_INCOME_YOY,profit_sheet_report_em,REINSURE_INCOME_YOY,FUNDAMENTAL_CHANGE|DISCLOSURE_EVENT,STOCK_REPORT_PERIOD,REPORT_DATE,NOTICE_DATE,UPDATE_DATE,PIT_SAFE_CURRENT_SNAPSHOT_ONLY,profit_sheet_report_em.REINSURE_INCOME_YOY,PIT_SIDECAR_REGISTERED_LAZY_NOT_MINUTE_EXPANDED,SLOW_TEMPORAL_CHANGE|DISCLOSURE_EVENT,NO_FORMAL_SEARCH_IN_THIS_TASK; SOURCE_UNIT_GLOSSARY_NOT_ASSERTED,fundamental_profit_sheet,double,NEXT_SESSION_AFTER_MAX_NOTICE_UPDATE,pit_fundamental.change|pit_fundamental.disclosure_event,ABSENT,,False,183,269460
cn_source::profit_sheet_report_em::REINSURE_PREMIUM,profit_sheet_report_em,REINSURE_PREMIUM,FUNDAMENTAL_LEVEL|FUNDAMENTAL_CHANGE|DISCLOSURE_EVENT,STOCK_REPORT_PERIOD,REPORT_DATE,NOTICE_DATE,UPDATE_DATE,PIT_SAFE_CURRENT_SNAPSHOT_ONLY,profit_sheet_report_em.REINSURE_PREMIUM,PIT_SIDECAR_REGISTERED_LAZY_NOT_MINUTE_EXPANDED,SLOW_XS_LEVEL|SLOW_TEMPORAL_CHANGE|DISCLOSURE_EVENT,NO_FORMAL_SEARCH_IN_THIS_TASK; SOURCE_UNIT_GLOSSARY_NOT_ASSERTED,fundamental_profit_sheet,double,NEXT_SESSION_AFTER_MAX_NOTICE_UPDATE,pit_fundamental.level|pit_fundamental.change|pit_fundamental.disclosure_event,ABSENT,,False,292,269351
cn_source::profit_sheet_report_em::REINSURE_PREMIUM_YOY,profit_sheet_report_em,REINSURE_PREMIUM_YOY,FUNDAMENTAL_CHANGE|DISCLOSURE_EVENT,STOCK_REPORT_PERIOD,REPORT_DATE,NOTICE_DATE,UPDATE_DATE,PIT_SAFE_CURRENT_SNAPSHOT_ONLY,profit_sheet_report_em.REINSURE_PREMIUM_YOY,PIT_SIDECAR_REGISTERED_LAZY_NOT_MINUTE_EXPANDED,SLOW_TEMPORAL_CHANGE|DISCLOSURE_EVENT,NO_FORMAL_SEARCH_IN_THIS_TASK; SOURCE_UNIT_GLOSSARY_NOT_ASSERTED,fundamental_profit_sheet,double,NEXT_SESSION_AFTER_MAX_NOTICE_UPDATE,pit_fundamental.change|pit_fundamental.disclosure_event,ABSENT,,False,270,269373
cn_source::profit_sheet_report_em::REPORT_DATE,profit_sheet_report_em,REPORT_DATE,METADATA_BLOCKED,STOCK_REPORT_PERIOD,REPORT_DATE,NOTICE_DATE,UPDATE_DATE,PIT_SAFE_CURRENT_SNAPSHOT_ONLY,profit_sheet_report_em.REPORT_DATE,SOURCE_METADATA_SIDECAR_ONLY,BLOCKED,METADATA_NOT_SEARCHABLE,fundamental_profit_sheet,string,NEXT_SESSION_AFTER_MAX_NOTICE_UPDATE,,ABSENT,,False,269643,0
cn_source::profit_sheet_report_em::REPORT_DATE_NAME,profit_sheet_report_em,REPORT_DATE_NAME,METADATA_BLOCKED,STOCK_REPORT_PERIOD,REPORT_DATE,NOTICE_DATE,UPDATE_DATE,PIT_SAFE_CURRENT_SNAPSHOT_ONLY,profit_sheet_report_em.REPORT_DATE_NAME,SOURCE_METADATA_SIDECAR_ONLY,BLOCKED,METADATA_NOT_SEARCHABLE,fundamental_profit_sheet,string,NEXT_SESSION_AFTER_MAX_NOTICE_UPDATE,,ABSENT,,False,269643,0
cn_source::profit_sheet_report_em::REPORT_TYPE,profit_sheet_report_em,REPORT_TYPE,METADATA_BLOCKED,STOCK_REPORT_PERIOD,REPORT_DATE,NOTICE_DATE,UPDATE_DATE,PIT_SAFE_CURRENT_SNAPSHOT_ONLY,profit_sheet_report_em.REPORT_TYPE,SOURCE_METADATA_SIDECAR_ONLY,BLOCKED,METADATA_NOT_SEARCHABLE,fundamental_profit_sheet,string,NEXT_SESSION_AFTER_MAX_NOTICE_UPDATE,,ABSENT,,False,269643,0
cn_source::profit_sheet_report_em::RESEARCH_EXPENSE,profit_sheet_report_em,RESEARCH_EXPENSE,FUNDAMENTAL_LEVEL|FUNDAMENTAL_CHANGE|DISCLOSURE_EVENT,STOCK_REPORT_PERIOD,REPORT_DATE,NOTICE_DATE,UPDATE_DATE,PIT_SAFE_CURRENT_SNAPSHOT_ONLY,profit_sheet_report_em.RESEARCH_EXPENSE,PIT_SIDECAR_REGISTERED_LAZY_NOT_MINUTE_EXPANDED,SLOW_XS_LEVEL|SLOW_TEMPORAL_CHANGE|DISCLOSURE_EVENT,NO_FORMAL_SEARCH_IN_THIS_TASK; SOURCE_UNIT_GLOSSARY_NOT_ASSERTED,fundamental_profit_sheet,double,NEXT_SESSION_AFTER_MAX_NOTICE_UPDATE,pit_fundamental.level|pit_fundamental.change|pit_fundamental.disclosure_event,ABSENT,,False,112518,157125
cn_source::profit_sheet_report_em::RESEARCH_EXPENSE_YOY,profit_sheet_report_em,RESEARCH_EXPENSE_YOY,FUNDAMENTAL_CHANGE|DISCLOSURE_EVENT,STOCK_REPORT_PERIOD,REPORT_DATE,NOTICE_DATE,UPDATE_DATE,PIT_SAFE_CURRENT_SNAPSHOT_ONLY,profit_sheet_report_em.RESEARCH_EXPENSE_YOY,PIT_SIDECAR_REGISTERED_LAZY_NOT_MINUTE_EXPANDED,SLOW_TEMPORAL_CHANGE|DISCLOSURE_EVENT,NO_FORMAL_SEARCH_IN_THIS_TASK; SOURCE_UNIT_GLOSSARY_NOT_ASSERTED,fundamental_profit_sheet,double,NEXT_SESSION_AFTER_MAX_NOTICE_UPDATE,pit_fundamental.change|pit_fundamental.disclosure_event,ABSENT,,False,92788,176855
cn_source::profit_sheet_report_em::RIGHTLAW_ABLE_OCI,profit_sheet_report_em,RIGHTLAW_ABLE_OCI,FUNDAMENTAL_LEVEL|FUNDAMENTAL_CHANGE|DISCLOSURE_EVENT,STOCK_REPORT_PERIOD,REPORT_DATE,NOTICE_DATE,UPDATE_DATE,PIT_SAFE_CURRENT_SNAPSHOT_ONLY,profit_sheet_report_em.RIGHTLAW_ABLE_OCI,PIT_SIDECAR_REGISTERED_LAZY_NOT_MINUTE_EXPANDED,SLOW_XS_LEVEL|SLOW_TEMPORAL_CHANGE|DISCLOSURE_EVENT,NO_FORMAL_SEARCH_IN_THIS_TASK; SOURCE_UNIT_GLOSSARY_NOT_ASSERTED,fundamental_profit_sheet,double,NEXT_SESSION_AFTER_MAX_NOTICE_UPDATE,pit_fundamental.level|pit_fundamental.change|pit_fundamental.disclosure_event,ABSENT,,False,14454,255189
cn_source::profit_sheet_report_em::RIGHTLAW_ABLE_OCI_YOY,profit_sheet_report_em,RIGHTLAW_ABLE_OCI_YOY,FUNDAMENTAL_CHANGE|DISCLOSURE_EVENT,STOCK_REPORT_PERIOD,REPORT_DATE,NOTICE_DATE,UPDATE_DATE,PIT_SAFE_CURRENT_SNAPSHOT_ONLY,profit_sheet_report_em.RIGHTLAW_ABLE_OCI_YOY,PIT_SIDECAR_REGISTERED_LAZY_NOT_MINUTE_EXPANDED,SLOW_TEMPORAL_CHANGE|DISCLOSURE_EVENT,NO_FORMAL_SEARCH_IN_THIS_TASK; SOURCE_UNIT_GLOSSARY_NOT_ASSERTED,fundamental_profit_sheet,double,NEXT_SESSION_AFTER_MAX_NOTICE_UPDATE,pit_fundamental.change|pit_fundamental.disclosure_event,ABSENT,,False,9838,259805
cn_source::profit_sheet_report_em::RIGHTLAW_UNABLE_OCI,profit_sheet_report_em,RIGHTLAW_UNABLE_OCI,FUNDAMENTAL_LEVEL|FUNDAMENTAL_CHANGE|DISCLOSURE_EVENT,STOCK_REPORT_PERIOD,REPORT_DATE,NOTICE_DATE,UPDATE_DATE,PIT_SAFE_CURRENT_SNAPSHOT_ONLY,profit_sheet_report_em.RIGHTLAW_UNABLE_OCI,PIT_SIDECAR_REGISTERED_LAZY_NOT_MINUTE_EXPANDED,SLOW_XS_LEVEL|SLOW_TEMPORAL_CHANGE|DISCLOSURE_EVENT,NO_FORMAL_SEARCH_IN_THIS_TASK; SOURCE_UNIT_GLOSSARY_NOT_ASSERTED,fundamental_profit_sheet,double,NEXT_SESSION_AFTER_MAX_NOTICE_UPDATE,pit_fundamental.level|pit_fundamental.change|pit_fundamental.disclosure_event,ABSENT,,False,3908,265735
cn_source::profit_sheet_report_em::RIGHTLAW_UNABLE_OCI_YOY,profit_sheet_report_em,RIGHTLAW_UNABLE_OCI_YOY,FUNDAMENTAL_CHANGE|DISCLOSURE_EVENT,STOCK_REPORT_PERIOD,REPORT_DATE,NOTICE_DATE,UPDATE_DATE,PIT_SAFE_CURRENT_SNAPSHOT_ONLY,profit_sheet_report_em.RIGHTLAW_UNABLE_OCI_YOY,PIT_SIDECAR_REGISTERED_LAZY_NOT_MINUTE_EXPANDED,SLOW_TEMPORAL_CHANGE|DISCLOSURE_EVENT,NO_FORMAL_SEARCH_IN_THIS_TASK; SOURCE_UNIT_GLOSSARY_NOT_ASSERTED,fundamental_profit_sheet,double,NEXT_SESSION_AFTER_MAX_NOTICE_UPDATE,pit_fundamental.change|pit_fundamental.disclosure_event,ABSENT,,False,1469,268174
cn_source::profit_sheet_report_em::SALE_EXPENSE,profit_sheet_report_em,SALE_EXPENSE,FUNDAMENTAL_LEVEL|FUNDAMENTAL_CHANGE|DISCLOSURE_EVENT,STOCK_REPORT_PERIOD,REPORT_DATE,NOTICE_DATE,UPDATE_DATE,PIT_SAFE_CURRENT_SNAPSHOT_ONLY,profit_sheet_report_em.SALE_EXPENSE,PIT_SIDECAR_REGISTERED_LAZY_NOT_MINUTE_EXPANDED,SLOW_XS_LEVEL|SLOW_TEMPORAL_CHANGE|DISCLOSURE_EVENT,NO_FORMAL_SEARCH_IN_THIS_TASK; SOURCE_UNIT_GLOSSARY_NOT_ASSERTED,fundamental_profit_sheet,double,NEXT_SESSION_AFTER_MAX_NOTICE_UPDATE,pit_fundamental.level|pit_fundamental.change|pit_fundamental.disclosure_event,ABSENT,,False,254014,15629
cn_source::profit_sheet_report_em::SALE_EXPENSE_YOY,profit_sheet_report_em,SALE_EXPENSE_YOY,FUNDAMENTAL_CHANGE|DISCLOSURE_EVENT,STOCK_REPORT_PERIOD,REPORT_DATE,NOTICE_DATE,UPDATE_DATE,PIT_SAFE_CURRENT_SNAPSHOT_ONLY,profit_sheet_report_em.SALE_EXPENSE_YOY,PIT_SIDECAR_REGISTERED_LAZY_NOT_MINUTE_EXPANDED,SLOW_TEMPORAL_CHANGE|DISCLOSURE_EVENT,NO_FORMAL_SEARCH_IN_THIS_TASK; SOURCE_UNIT_GLOSSARY_NOT_ASSERTED,fundamental_profit_sheet,double,NEXT_SESSION_AFTER_MAX_NOTICE_UPDATE,pit_fundamental.change|pit_fundamental.disclosure_event,ABSENT,,False,232141,37502
cn_source::profit_sheet_report_em::SECUCODE,profit_sheet_report_em,SECUCODE,METADATA_BLOCKED,STOCK_REPORT_PERIOD,REPORT_DATE,NOTICE_DATE,UPDATE_DATE,PIT_SAFE_CURRENT_SNAPSHOT_ONLY,profit_sheet_report_em.SECUCODE,SOURCE_METADATA_SIDECAR_ONLY,BLOCKED,METADATA_NOT_SEARCHABLE,fundamental_profit_sheet,string,NEXT_SESSION_AFTER_MAX_NOTICE_UPDATE,,ABSENT,,False,269643,0
cn_source::profit_sheet_report_em::SECURITY_CODE,profit_sheet_report_em,SECURITY_CODE,METADATA_BLOCKED,STOCK_REPORT_PERIOD,REPORT_DATE,NOTICE_DATE,UPDATE_DATE,PIT_SAFE_CURRENT_SNAPSHOT_ONLY,profit_sheet_report_em.SECURITY_CODE,SOURCE_METADATA_SIDECAR_ONLY,BLOCKED,METADATA_NOT_SEARCHABLE,fundamental_profit_sheet,string,NEXT_SESSION_AFTER_MAX_NOTICE_UPDATE,,ABSENT,,False,269643,0
cn_source::profit_sheet_report_em::SECURITY_NAME_ABBR,profit_sheet_report_em,SECURITY_NAME_ABBR,METADATA_BLOCKED,STOCK_REPORT_PERIOD,REPORT_DATE,NOTICE_DATE,UPDATE_DATE,PIT_SAFE_CURRENT_SNAPSHOT_ONLY,profit_sheet_report_em.SECURITY_NAME_ABBR,SOURCE_METADATA_SIDECAR_ONLY,BLOCKED,METADATA_NOT_SEARCHABLE,fundamental_profit_sheet,string,NEXT_SESSION_AFTER_MAX_NOTICE_UPDATE,,ABSENT,,False,269643,0
cn_source::profit_sheet_report_em::SECURITY_TYPE_CODE,profit_sheet_report_em,SECURITY_TYPE_CODE,METADATA_BLOCKED,STOCK_REPORT_PERIOD,REPORT_DATE,NOTICE_DATE,UPDATE_DATE,PIT_SAFE_CURRENT_SNAPSHOT_ONLY,profit_sheet_report_em.SECURITY_TYPE_CODE,SOURCE_METADATA_SIDECAR_ONLY,BLOCKED,METADATA_NOT_SEARCHABLE,fundamental_profit_sheet,string,NEXT_SESSION_AFTER_MAX_NOTICE_UPDATE,,ABSENT,,False,269643,0
cn_source::profit_sheet_report_em::SECURITY_UNDERWRITE_NI,profit_sheet_report_em,SECURITY_UNDERWRITE_NI,FUNDAMENTAL_LEVEL|FUNDAMENTAL_CHANGE|DISCLOSURE_EVENT,STOCK_REPORT_PERIOD,REPORT_DATE,NOTICE_DATE,UPDATE_DATE,PIT_SAFE_CURRENT_SNAPSHOT_ONLY,profit_sheet_report_em.SECURITY_UNDERWRITE_NI,PIT_SIDECAR_REGISTERED_LAZY_NOT_MINUTE_EXPANDED,SLOW_XS_LEVEL|SLOW_TEMPORAL_CHANGE|DISCLOSURE_EVENT,NO_FORMAL_SEARCH_IN_THIS_TASK; SOURCE_UNIT_GLOSSARY_NOT_ASSERTED,fundamental_profit_sheet,double,NEXT_SESSION_AFTER_MAX_NOTICE_UPDATE,pit_fundamental.level|pit_fundamental.change|pit_fundamental.disclosure_event,ABSENT,,False,2294,267349
cn_source::profit_sheet_report_em::SECURITY_UNDERWRITE_NI_YOY,profit_sheet_report_em,SECURITY_UNDERWRITE_NI_YOY,FUNDAMENTAL_CHANGE|DISCLOSURE_EVENT,STOCK_REPORT_PERIOD,REPORT_DATE,NOTICE_DATE,UPDATE_DATE,PIT_SAFE_CURRENT_SNAPSHOT_ONLY,profit_sheet_report_em.SECURITY_UNDERWRITE_NI_YOY,PIT_SIDECAR_REGISTERED_LAZY_NOT_MINUTE_EXPANDED,SLOW_TEMPORAL_CHANGE|DISCLOSURE_EVENT,NO_FORMAL_SEARCH_IN_THIS_TASK; SOURCE_UNIT_GLOSSARY_NOT_ASSERTED,fundamental_profit_sheet,double,NEXT_SESSION_AFTER_MAX_NOTICE_UPDATE,pit_fundamental.change|pit_fundamental.disclosure_event,ABSENT,,False,2112,267531
cn_source::profit_sheet_report_em::SETUP_PROFIT_CHANGE,profit_sheet_report_em,SETUP_PROFIT_CHANGE,FUNDAMENTAL_LEVEL|FUNDAMENTAL_CHANGE|DISCLOSURE_EVENT,STOCK_REPORT_PERIOD,REPORT_DATE,NOTICE_DATE,UPDATE_DATE,PIT_SAFE_CURRENT_SNAPSHOT_ONLY,profit_sheet_report_em.SETUP_PROFIT_CHANGE,PIT_SIDECAR_REGISTERED_LAZY_NOT_MINUTE_EXPANDED,SLOW_XS_LEVEL|SLOW_TEMPORAL_CHANGE|DISCLOSURE_EVENT,NO_FORMAL_SEARCH_IN_THIS_TASK; SOURCE_UNIT_GLOSSARY_NOT_ASSERTED,fundamental_profit_sheet,double,NEXT_SESSION_AFTER_MAX_NOTICE_UPDATE,pit_fundamental.level|pit_fundamental.change|pit_fundamental.disclosure_event,ABSENT,,False,5092,264551
cn_source::profit_sheet_report_em::SETUP_PROFIT_CHANGE_YOY,profit_sheet_report_em,SETUP_PROFIT_CHANGE_YOY,FUNDAMENTAL_CHANGE|DISCLOSURE_EVENT,STOCK_REPORT_PERIOD,REPORT_DATE,NOTICE_DATE,UPDATE_DATE,PIT_SAFE_CURRENT_SNAPSHOT_ONLY,profit_sheet_report_em.SETUP_PROFIT_CHANGE_YOY,PIT_SIDECAR_REGISTERED_LAZY_NOT_MINUTE_EXPANDED,SLOW_TEMPORAL_CHANGE|DISCLOSURE_EVENT,NO_FORMAL_SEARCH_IN_THIS_TASK; SOURCE_UNIT_GLOSSARY_NOT_ASSERTED,fundamental_profit_sheet,double,NEXT_SESSION_AFTER_MAX_NOTICE_UPDATE,pit_fundamental.change|pit_fundamental.disclosure_event,ABSENT,,False,2810,266833
cn_source::profit_sheet_report_em::SURRENDER_VALUE,profit_sheet_report_em,SURRENDER_VALUE,FUNDAMENTAL_LEVEL|FUNDAMENTAL_CHANGE|DISCLOSURE_EVENT,STOCK_REPORT_PERIOD,REPORT_DATE,NOTICE_DATE,UPDATE_DATE,PIT_SAFE_CURRENT_SNAPSHOT_ONLY,profit_sheet_report_em.SURRENDER_VALUE,PIT_SIDECAR_REGISTERED_LAZY_NOT_MINUTE_EXPANDED,SLOW_XS_LEVEL|SLOW_TEMPORAL_CHANGE|DISCLOSURE_EVENT,NO_FORMAL_SEARCH_IN_THIS_TASK; SOURCE_UNIT_GLOSSARY_NOT_ASSERTED,fundamental_profit_sheet,double,NEXT_SESSION_AFTER_MAX_NOTICE_UPDATE,pit_fundamental.level|pit_fundamental.change|pit_fundamental.disclosure_event,ABSENT,,False,2128,267515
cn_source::profit_sheet_report_em::SURRENDER_VALUE_YOY,profit_sheet_report_em,SURRENDER_VALUE_YOY,FUNDAMENTAL_CHANGE|DISCLOSURE_EVENT,STOCK_REPORT_PERIOD,REPORT_DATE,NOTICE_DATE,UPDATE_DATE,PIT_SAFE_CURRENT_SNAPSHOT_ONLY,profit_sheet_report_em.SURRENDER_VALUE_YOY,PIT_SIDECAR_REGISTERED_LAZY_NOT_MINUTE_EXPANDED,SLOW_TEMPORAL_CHANGE|DISCLOSURE_EVENT,NO_FORMAL_SEARCH_IN_THIS_TASK; SOURCE_UNIT_GLOSSARY_NOT_ASSERTED,fundamental_profit_sheet,double,NEXT_SESSION_AFTER_MAX_NOTICE_UPDATE,pit_fundamental.change|pit_fundamental.disclosure_event,ABSENT,,False,292,269351
cn_source::profit_sheet_report_em::TCI_BALANCE,profit_sheet_report_em,TCI_BALANCE,FUNDAMENTAL_LEVEL|FUNDAMENTAL_CHANGE|DISCLOSURE_EVENT,STOCK_REPORT_PERIOD,REPORT_DATE,NOTICE_DATE,UPDATE_DATE,PIT_SAFE_CURRENT_SNAPSHOT_ONLY,profit_sheet_report_em.TCI_BALANCE,PIT_SIDECAR_REGISTERED_LAZY_NOT_MINUTE_EXPANDED,SLOW_XS_LEVEL|SLOW_TEMPORAL_CHANGE|DISCLOSURE_EVENT,NO_FORMAL_SEARCH_IN_THIS_TASK; SOURCE_UNIT_GLOSSARY_NOT_ASSERTED,fundamental_profit_sheet,double,NEXT_SESSION_AFTER_MAX_NOTICE_UPDATE,pit_fundamental.level|pit_fundamental.change|pit_fundamental.disclosure_event,ABSENT,,False,27717,241926
cn_source::profit_sheet_report_em::TCI_BALANCE_YOY,profit_sheet_report_em,TCI_BALANCE_YOY,FUNDAMENTAL_CHANGE|DISCLOSURE_EVENT,STOCK_REPORT_PERIOD,REPORT_DATE,NOTICE_DATE,UPDATE_DATE,PIT_SAFE_CURRENT_SNAPSHOT_ONLY,profit_sheet_report_em.TCI_BALANCE_YOY,PIT_SIDECAR_REGISTERED_LAZY_NOT_MINUTE_EXPANDED,SLOW_TEMPORAL_CHANGE|DISCLOSURE_EVENT,NO_FORMAL_SEARCH_IN_THIS_TASK; SOURCE_UNIT_GLOSSARY_NOT_ASSERTED,fundamental_profit_sheet,double,NEXT_SESSION_AFTER_MAX_NOTICE_UPDATE,pit_fundamental.change|pit_fundamental.disclosure_event,ABSENT,,False,0,269643
cn_source::profit_sheet_report_em::TCI_OTHER,profit_sheet_report_em,TCI_OTHER,FUNDAMENTAL_LEVEL|FUNDAMENTAL_CHANGE|DISCLOSURE_EVENT,STOCK_REPORT_PERIOD,REPORT_DATE,NOTICE_DATE,UPDATE_DATE,PIT_SAFE_CURRENT_SNAPSHOT_ONLY,profit_sheet_report_em.TCI_OTHER,PIT_SIDECAR_REGISTERED_LAZY_NOT_MINUTE_EXPANDED,SLOW_XS_LEVEL|SLOW_TEMPORAL_CHANGE|DISCLOSURE_EVENT,NO_FORMAL_SEARCH_IN_THIS_TASK; SOURCE_UNIT_GLOSSARY_NOT_ASSERTED,fundamental_profit_sheet,double,NEXT_SESSION_AFTER_MAX_NOTICE_UPDATE,pit_fundamental.level|pit_fundamental.change|pit_fundamental.disclosure_event,ABSENT,,False,129,269514
cn_source::profit_sheet_report_em::TCI_OTHER_YOY,profit_sheet_report_em,TCI_OTHER_YOY,FUNDAMENTAL_CHANGE|DISCLOSURE_EVENT,STOCK_REPORT_PERIOD,REPORT_DATE,NOTICE_DATE,UPDATE_DATE,PIT_SAFE_CURRENT_SNAPSHOT_ONLY,profit_sheet_report_em.TCI_OTHER_YOY,PIT_SIDECAR_REGISTERED_LAZY_NOT_MINUTE_EXPANDED,SLOW_TEMPORAL_CHANGE|DISCLOSURE_EVENT,NO_FORMAL_SEARCH_IN_THIS_TASK; SOURCE_UNIT_GLOSSARY_NOT_ASSERTED,fundamental_profit_sheet,double,NEXT_SESSION_AFTER_MAX_NOTICE_UPDATE,pit_fundamental.change|pit_fundamental.disclosure_event,ABSENT,,False,42,269601
cn_source::profit_sheet_report_em::TOC_OTHER,profit_sheet_report_em,TOC_OTHER,FUNDAMENTAL_LEVEL|FUNDAMENTAL_CHANGE|DISCLOSURE_EVENT,STOCK_REPORT_PERIOD,REPORT_DATE,NOTICE_DATE,UPDATE_DATE,PIT_SAFE_CURRENT_SNAPSHOT_ONLY,profit_sheet_report_em.TOC_OTHER,PIT_SIDECAR_REGISTERED_LAZY_NOT_MINUTE_EXPANDED,SLOW_XS_LEVEL|SLOW_TEMPORAL_CHANGE|DISCLOSURE_EVENT,NO_FORMAL_SEARCH_IN_THIS_TASK; SOURCE_UNIT_GLOSSARY_NOT_ASSERTED,fundamental_profit_sheet,double,NEXT_SESSION_AFTER_MAX_NOTICE_UPDATE,pit_fundamental.level|pit_fundamental.change|pit_fundamental.disclosure_event,ABSENT,,False,20778,248865
cn_source::profit_sheet_report_em::TOC_OTHER_YOY,profit_sheet_report_em,TOC_OTHER_YOY,FUNDAMENTAL_CHANGE|DISCLOSURE_EVENT,STOCK_REPORT_PERIOD,REPORT_DATE,NOTICE_DATE,UPDATE_DATE,PIT_SAFE_CURRENT_SNAPSHOT_ONLY,profit_sheet_report_em.TOC_OTHER_YOY,PIT_SIDECAR_REGISTERED_LAZY_NOT_MINUTE_EXPANDED,SLOW_TEMPORAL_CHANGE|DISCLOSURE_EVENT,NO_FORMAL_SEARCH_IN_THIS_TASK; SOURCE_UNIT_GLOSSARY_NOT_ASSERTED,fundamental_profit_sheet,double,NEXT_SESSION_AFTER_MAX_NOTICE_UPDATE,pit_fundamental.change|pit_fundamental.disclosure_event,ABSENT,,False,121,269522
cn_source::profit_sheet_report_em::TOI_OTHER,profit_sheet_report_em,TOI_OTHER,FUNDAMENTAL_LEVEL|FUNDAMENTAL_CHANGE|DISCLOSURE_EVENT,STOCK_REPORT_PERIOD,REPORT_DATE,NOTICE_DATE,UPDATE_DATE,PIT_SAFE_CURRENT_SNAPSHOT_ONLY,profit_sheet_report_em.TOI_OTHER,PIT_SIDECAR_REGISTERED_LAZY_NOT_MINUTE_EXPANDED,SLOW_XS_LEVEL|SLOW_TEMPORAL_CHANGE|DISCLOSURE_EVENT,NO_FORMAL_SEARCH_IN_THIS_TASK; SOURCE_UNIT_GLOSSARY_NOT_ASSERTED,fundamental_profit_sheet,double,NEXT_SESSION_AFTER_MAX_NOTICE_UPDATE,pit_fundamental.level|pit_fundamental.change|pit_fundamental.disclosure_event,ABSENT,,False,631,269012
cn_source::profit_sheet_report_em::TOI_OTHER_YOY,profit_sheet_report_em,TOI_OTHER_YOY,FUNDAMENTAL_CHANGE|DISCLOSURE_EVENT,STOCK_REPORT_PERIOD,REPORT_DATE,NOTICE_DATE,UPDATE_DATE,PIT_SAFE_CURRENT_SNAPSHOT_ONLY,profit_sheet_report_em.TOI_OTHER_YOY,PIT_SIDECAR_REGISTERED_LAZY_NOT_MINUTE_EXPANDED,SLOW_TEMPORAL_CHANGE|DISCLOSURE_EVENT,NO_FORMAL_SEARCH_IN_THIS_TASK; SOURCE_UNIT_GLOSSARY_NOT_ASSERTED,fundamental_profit_sheet,double,NEXT_SESSION_AFTER_MAX_NOTICE_UPDATE,pit_fundamental.change|pit_fundamental.disclosure_event,ABSENT,,False,29,269614
cn_source::profit_sheet_report_em::TOTAL_COMPRE_INCOME,profit_sheet_report_em,TOTAL_COMPRE_INCOME,FUNDAMENTAL_LEVEL|FUNDAMENTAL_CHANGE|DISCLOSURE_EVENT,STOCK_REPORT_PERIOD,REPORT_DATE,NOTICE_DATE,UPDATE_DATE,PIT_SAFE_CURRENT_SNAPSHOT_ONLY,profit_sheet_report_em.TOTAL_COMPRE_INCOME,PIT_SIDECAR_REGISTERED_LAZY_NOT_MINUTE_EXPANDED,SLOW_XS_LEVEL|SLOW_TEMPORAL_CHANGE|DISCLOSURE_EVENT,NO_FORMAL_SEARCH_IN_THIS_TASK; SOURCE_UNIT_GLOSSARY_NOT_ASSERTED,fundamental_profit_sheet,double,NEXT_SESSION_AFTER_MAX_NOTICE_UPDATE,pit_fundamental.level|pit_fundamental.change|pit_fundamental.disclosure_event,ABSENT,,False,216757,52886
cn_source::profit_sheet_report_em::TOTAL_COMPRE_INCOME_YOY,profit_sheet_report_em,TOTAL_COMPRE_INCOME_YOY,FUNDAMENTAL_CHANGE|DISCLOSURE_EVENT,STOCK_REPORT_PERIOD,REPORT_DATE,NOTICE_DATE,UPDATE_DATE,PIT_SAFE_CURRENT_SNAPSHOT_ONLY,profit_sheet_report_em.TOTAL_COMPRE_INCOME_YOY,PIT_SIDECAR_REGISTERED_LAZY_NOT_MINUTE_EXPANDED,SLOW_TEMPORAL_CHANGE|DISCLOSURE_EVENT,NO_FORMAL_SEARCH_IN_THIS_TASK; SOURCE_UNIT_GLOSSARY_NOT_ASSERTED,fundamental_profit_sheet,double,NEXT_SESSION_AFTER_MAX_NOTICE_UPDATE,pit_fundamental.change|pit_fundamental.disclosure_event,ABSENT,,False,194783,74860
cn_source::profit_sheet_report_em::TOTAL_OPERATE_COST,profit_sheet_report_em,TOTAL_OPERATE_COST,FUNDAMENTAL_LEVEL|FUNDAMENTAL_CHANGE|DISCLOSURE_EVENT,STOCK_REPORT_PERIOD,REPORT_DATE,NOTICE_DATE,UPDATE_DATE,PIT_SAFE_CURRENT_SNAPSHOT_ONLY,profit_sheet_report_em.TOTAL_OPERATE_COST,PIT_SIDECAR_REGISTERED_LAZY_NOT_MINUTE_EXPANDED,SLOW_XS_LEVEL|SLOW_TEMPORAL_CHANGE|DISCLOSURE_EVENT,NO_FORMAL_SEARCH_IN_THIS_TASK; SOURCE_UNIT_GLOSSARY_NOT_ASSERTED,fundamental_profit_sheet,double,NEXT_SESSION_AFTER_MAX_NOTICE_UPDATE,pit_fundamental.level|pit_fundamental.change|pit_fundamental.disclosure_event,ABSENT,,False,261157,8486
cn_source::profit_sheet_report_em::TOTAL_OPERATE_COST_YOY,profit_sheet_report_em,TOTAL_OPERATE_COST_YOY,FUNDAMENTAL_CHANGE|DISCLOSURE_EVENT,STOCK_REPORT_PERIOD,REPORT_DATE,NOTICE_DATE,UPDATE_DATE,PIT_SAFE_CURRENT_SNAPSHOT_ONLY,profit_sheet_report_em.TOTAL_OPERATE_COST_YOY,PIT_SIDECAR_REGISTERED_LAZY_NOT_MINUTE_EXPANDED,SLOW_TEMPORAL_CHANGE|DISCLOSURE_EVENT,NO_FORMAL_SEARCH_IN_THIS_TASK; SOURCE_UNIT_GLOSSARY_NOT_ASSERTED,fundamental_profit_sheet,double,NEXT_SESSION_AFTER_MAX_NOTICE_UPDATE,pit_fundamental.change|pit_fundamental.disclosure_event,ABSENT,,False,239532,30111
cn_source::profit_sheet_report_em::TOTAL_OPERATE_INCOME,profit_sheet_report_em,TOTAL_OPERATE_INCOME,FUNDAMENTAL_LEVEL|FUNDAMENTAL_CHANGE|DISCLOSURE_EVENT,STOCK_REPORT_PERIOD,REPORT_DATE,NOTICE_DATE,UPDATE_DATE,PIT_SAFE_CURRENT_SNAPSHOT_ONLY,profit_sheet_report_em.TOTAL_OPERATE_INCOME,PIT_SIDECAR_REGISTERED_LAZY_NOT_MINUTE_EXPANDED,SLOW_XS_LEVEL|SLOW_TEMPORAL_CHANGE|DISCLOSURE_EVENT,NO_FORMAL_SEARCH_IN_THIS_TASK; SOURCE_UNIT_GLOSSARY_NOT_ASSERTED,fundamental_profit_sheet,double,NEXT_SESSION_AFTER_MAX_NOTICE_UPDATE,pit_fundamental.level|pit_fundamental.change|pit_fundamental.disclosure_event,ABSENT,,False,263933,5710
cn_source::profit_sheet_report_em::TOTAL_OPERATE_INCOME_YOY,profit_sheet_report_em,TOTAL_OPERATE_INCOME_YOY,FUNDAMENTAL_CHANGE|DISCLOSURE_EVENT,STOCK_REPORT_PERIOD,REPORT_DATE,NOTICE_DATE,UPDATE_DATE,PIT_SAFE_CURRENT_SNAPSHOT_ONLY,profit_sheet_report_em.TOTAL_OPERATE_INCOME_YOY,PIT_SIDECAR_REGISTERED_LAZY_NOT_MINUTE_EXPANDED,SLOW_TEMPORAL_CHANGE|DISCLOSURE_EVENT,NO_FORMAL_SEARCH_IN_THIS_TASK; SOURCE_UNIT_GLOSSARY_NOT_ASSERTED,fundamental_profit_sheet,double,NEXT_SESSION_AFTER_MAX_NOTICE_UPDATE,pit_fundamental.change|pit_fundamental.disclosure_event,ABSENT,,False,241845,27798
cn_source::profit_sheet_report_em::TOTAL_PROFIT,profit_sheet_report_em,TOTAL_PROFIT,FUNDAMENTAL_LEVEL|FUNDAMENTAL_CHANGE|DISCLOSURE_EVENT,STOCK_REPORT_PERIOD,REPORT_DATE,NOTICE_DATE,UPDATE_DATE,PIT_SAFE_CURRENT_SNAPSHOT_ONLY,profit_sheet_report_em.TOTAL_PROFIT,PIT_SIDECAR_REGISTERED_LAZY_NOT_MINUTE_EXPANDED,SLOW_XS_LEVEL|SLOW_TEMPORAL_CHANGE|DISCLOSURE_EVENT,NO_FORMAL_SEARCH_IN_THIS_TASK; SOURCE_UNIT_GLOSSARY_NOT_ASSERTED,fundamental_profit_sheet,double,NEXT_SESSION_AFTER_MAX_NOTICE_UPDATE,pit_fundamental.level|pit_fundamental.change|pit_fundamental.disclosure_event,ABSENT,,False,269334,309
cn_source::profit_sheet_report_em::TOTAL_PROFIT_BALANCE,profit_sheet_report_em,TOTAL_PROFIT_BALANCE,FUNDAMENTAL_LEVEL|FUNDAMENTAL_CHANGE|DISCLOSURE_EVENT,STOCK_REPORT_PERIOD,REPORT_DATE,NOTICE_DATE,UPDATE_DATE,PIT_SAFE_CURRENT_SNAPSHOT_ONLY,profit_sheet_report_em.TOTAL_PROFIT_BALANCE,PIT_SIDECAR_REGISTERED_LAZY_NOT_MINUTE_EXPANDED,SLOW_XS_LEVEL|SLOW_TEMPORAL_CHANGE|DISCLOSURE_EVENT,NO_FORMAL_SEARCH_IN_THIS_TASK; SOURCE_UNIT_GLOSSARY_NOT_ASSERTED,fundamental_profit_sheet,double,NEXT_SESSION_AFTER_MAX_NOTICE_UPDATE,pit_fundamental.level|pit_fundamental.change|pit_fundamental.disclosure_event,ABSENT,,False,223272,46371
cn_source::profit_sheet_report_em::TOTAL_PROFIT_BALANCE_YOY,profit_sheet_report_em,TOTAL_PROFIT_BALANCE_YOY,FUNDAMENTAL_CHANGE|DISCLOSURE_EVENT,STOCK_REPORT_PERIOD,REPORT_DATE,NOTICE_DATE,UPDATE_DATE,PIT_SAFE_CURRENT_SNAPSHOT_ONLY,profit_sheet_report_em.TOTAL_PROFIT_BALANCE_YOY,PIT_SIDECAR_REGISTERED_LAZY_NOT_MINUTE_EXPANDED,SLOW_TEMPORAL_CHANGE|DISCLOSURE_EVENT,NO_FORMAL_SEARCH_IN_THIS_TASK; SOURCE_UNIT_GLOSSARY_NOT_ASSERTED,fundamental_profit_sheet,double,NEXT_SESSION_AFTER_MAX_NOTICE_UPDATE,pit_fundamental.change|pit_fundamental.disclosure_event,ABSENT,,False,12713,256930
cn_source::profit_sheet_report_em::TOTAL_PROFIT_YOY,profit_sheet_report_em,TOTAL_PROFIT_YOY,FUNDAMENTAL_CHANGE|DISCLOSURE_EVENT,STOCK_REPORT_PERIOD,REPORT_DATE,NOTICE_DATE,UPDATE_DATE,PIT_SAFE_CURRENT_SNAPSHOT_ONLY,profit_sheet_report_em.TOTAL_PROFIT_YOY,PIT_SIDECAR_REGISTERED_LAZY_NOT_MINUTE_EXPANDED,SLOW_TEMPORAL_CHANGE|DISCLOSURE_EVENT,NO_FORMAL_SEARCH_IN_THIS_TASK; SOURCE_UNIT_GLOSSARY_NOT_ASSERTED,fundamental_profit_sheet,double,NEXT_SESSION_AFTER_MAX_NOTICE_UPDATE,pit_fundamental.change|pit_fundamental.disclosure_event,ABSENT,,False,247117,22526
cn_source::profit_sheet_report_em::UNABLE_OCI,profit_sheet_report_em,UNABLE_OCI,FUNDAMENTAL_LEVEL|FUNDAMENTAL_CHANGE|DISCLOSURE_EVENT,STOCK_REPORT_PERIOD,REPORT_DATE,NOTICE_DATE,UPDATE_DATE,PIT_SAFE_CURRENT_SNAPSHOT_ONLY,profit_sheet_report_em.UNABLE_OCI,PIT_SIDECAR_REGISTERED_LAZY_NOT_MINUTE_EXPANDED,SLOW_XS_LEVEL|SLOW_TEMPORAL_CHANGE|DISCLOSURE_EVENT,NO_FORMAL_SEARCH_IN_THIS_TASK; SOURCE_UNIT_GLOSSARY_NOT_ASSERTED,fundamental_profit_sheet,double,NEXT_SESSION_AFTER_MAX_NOTICE_UPDATE,pit_fundamental.level|pit_fundamental.change|pit_fundamental.disclosure_event,ABSENT,,False,25104,244539
cn_source::profit_sheet_report_em::UNABLE_OCI_BALANCE,profit_sheet_report_em,UNABLE_OCI_BALANCE,FUNDAMENTAL_LEVEL|FUNDAMENTAL_CHANGE|DISCLOSURE_EVENT,STOCK_REPORT_PERIOD,REPORT_DATE,NOTICE_DATE,UPDATE_DATE,PIT_SAFE_CURRENT_SNAPSHOT_ONLY,profit_sheet_report_em.UNABLE_OCI_BALANCE,PIT_SIDECAR_REGISTERED_LAZY_NOT_MINUTE_EXPANDED,SLOW_XS_LEVEL|SLOW_TEMPORAL_CHANGE|DISCLOSURE_EVENT,NO_FORMAL_SEARCH_IN_THIS_TASK; SOURCE_UNIT_GLOSSARY_NOT_ASSERTED,fundamental_profit_sheet,double,NEXT_SESSION_AFTER_MAX_NOTICE_UPDATE,pit_fundamental.level|pit_fundamental.change|pit_fundamental.disclosure_event,ABSENT,,False,2,269641
cn_source::profit_sheet_report_em::UNABLE_OCI_BALANCE_YOY,profit_sheet_report_em,UNABLE_OCI_BALANCE_YOY,FUNDAMENTAL_CHANGE|DISCLOSURE_EVENT,STOCK_REPORT_PERIOD,REPORT_DATE,NOTICE_DATE,UPDATE_DATE,PIT_SAFE_CURRENT_SNAPSHOT_ONLY,profit_sheet_report_em.UNABLE_OCI_BALANCE_YOY,PIT_SIDECAR_REGISTERED_LAZY_NOT_MINUTE_EXPANDED,SLOW_TEMPORAL_CHANGE|DISCLOSURE_EVENT,NO_FORMAL_SEARCH_IN_THIS_TASK; SOURCE_UNIT_GLOSSARY_NOT_ASSERTED,fundamental_profit_sheet,double,NEXT_SESSION_AFTER_MAX_NOTICE_UPDATE,pit_fundamental.change|pit_fundamental.disclosure_event,ABSENT,,False,0,269643
cn_source::profit_sheet_report_em::UNABLE_OCI_OTHER,profit_sheet_report_em,UNABLE_OCI_OTHER,FUNDAMENTAL_LEVEL|FUNDAMENTAL_CHANGE|DISCLOSURE_EVENT,STOCK_REPORT_PERIOD,REPORT_DATE,NOTICE_DATE,UPDATE_DATE,PIT_SAFE_CURRENT_SNAPSHOT_ONLY,profit_sheet_report_em.UNABLE_OCI_OTHER,PIT_SIDECAR_REGISTERED_LAZY_NOT_MINUTE_EXPANDED,SLOW_XS_LEVEL|SLOW_TEMPORAL_CHANGE|DISCLOSURE_EVENT,NO_FORMAL_SEARCH_IN_THIS_TASK; SOURCE_UNIT_GLOSSARY_NOT_ASSERTED,fundamental_profit_sheet,double,NEXT_SESSION_AFTER_MAX_NOTICE_UPDATE,pit_fundamental.level|pit_fundamental.change|pit_fundamental.disclosure_event,ABSENT,,False,1154,268489
cn_source::profit_sheet_report_em::UNABLE_OCI_OTHER_YOY,profit_sheet_report_em,UNABLE_OCI_OTHER_YOY,FUNDAMENTAL_CHANGE|DISCLOSURE_EVENT,STOCK_REPORT_PERIOD,REPORT_DATE,NOTICE_DATE,UPDATE_DATE,PIT_SAFE_CURRENT_SNAPSHOT_ONLY,profit_sheet_report_em.UNABLE_OCI_OTHER_YOY,PIT_SIDECAR_REGISTERED_LAZY_NOT_MINUTE_EXPANDED,SLOW_TEMPORAL_CHANGE|DISCLOSURE_EVENT,NO_FORMAL_SEARCH_IN_THIS_TASK; SOURCE_UNIT_GLOSSARY_NOT_ASSERTED,fundamental_profit_sheet,double,NEXT_SESSION_AFTER_MAX_NOTICE_UPDATE,pit_fundamental.change|pit_fundamental.disclosure_event,ABSENT,,False,309,269334
cn_source::profit_sheet_report_em::UNABLE_OCI_YOY,profit_sheet_report_em,UNABLE_OCI_YOY,FUNDAMENTAL_CHANGE|DISCLOSURE_EVENT,STOCK_REPORT_PERIOD,REPORT_DATE,NOTICE_DATE,UPDATE_DATE,PIT_SAFE_CURRENT_SNAPSHOT_ONLY,profit_sheet_report_em.UNABLE_OCI_YOY,PIT_SIDECAR_REGISTERED_LAZY_NOT_MINUTE_EXPANDED,SLOW_TEMPORAL_CHANGE|DISCLOSURE_EVENT,NO_FORMAL_SEARCH_IN_THIS_TASK; SOURCE_UNIT_GLOSSARY_NOT_ASSERTED,fundamental_profit_sheet,double,NEXT_SESSION_AFTER_MAX_NOTICE_UPDATE,pit_fundamental.change|pit_fundamental.disclosure_event,ABSENT,,False,16198,253445
cn_source::profit_sheet_report_em::UNCONFIRM_INVEST_LOSS,profit_sheet_report_em,UNCONFIRM_INVEST_LOSS,FUNDAMENTAL_LEVEL|FUNDAMENTAL_CHANGE|DISCLOSURE_EVENT,STOCK_REPORT_PERIOD,REPORT_DATE,NOTICE_DATE,UPDATE_DATE,PIT_SAFE_CURRENT_SNAPSHOT_ONLY,profit_sheet_report_em.UNCONFIRM_INVEST_LOSS,PIT_SIDECAR_REGISTERED_LAZY_NOT_MINUTE_EXPANDED,SLOW_XS_LEVEL|SLOW_TEMPORAL_CHANGE|DISCLOSURE_EVENT,NO_FORMAL_SEARCH_IN_THIS_TASK; SOURCE_UNIT_GLOSSARY_NOT_ASSERTED,fundamental_profit_sheet,double,NEXT_SESSION_AFTER_MAX_NOTICE_UPDATE,pit_fundamental.level|pit_fundamental.change|pit_fundamental.disclosure_event,ABSENT,,False,2468,267175
cn_source::profit_sheet_report_em::UNCONFIRM_INVEST_LOSS_YOY,profit_sheet_report_em,UNCONFIRM_INVEST_LOSS_YOY,FUNDAMENTAL_CHANGE|DISCLOSURE_EVENT,STOCK_REPORT_PERIOD,REPORT_DATE,NOTICE_DATE,UPDATE_DATE,PIT_SAFE_CURRENT_SNAPSHOT_ONLY,profit_sheet_report_em.UNCONFIRM_INVEST_LOSS_YOY,PIT_SIDECAR_REGISTERED_LAZY_NOT_MINUTE_EXPANDED,SLOW_TEMPORAL_CHANGE|DISCLOSURE_EVENT,NO_FORMAL_SEARCH_IN_THIS_TASK; SOURCE_UNIT_GLOSSARY_NOT_ASSERTED,fundamental_profit_sheet,double,NEXT_SESSION_AFTER_MAX_NOTICE_UPDATE,pit_fundamental.change|pit_fundamental.disclosure_event,ABSENT,,False,1370,268273
cn_source::profit_sheet_report_em::UNINSURANCE_CE,profit_sheet_report_em,UNINSURANCE_CE,FUNDAMENTAL_LEVEL|FUNDAMENTAL_CHANGE|DISCLOSURE_EVENT,STOCK_REPORT_PERIOD,REPORT_DATE,NOTICE_DATE,UPDATE_DATE,PIT_SAFE_CURRENT_SNAPSHOT_ONLY,profit_sheet_report_em.UNINSURANCE_CE,PIT_SIDECAR_REGISTERED_LAZY_NOT_MINUTE_EXPANDED,SLOW_XS_LEVEL|SLOW_TEMPORAL_CHANGE|DISCLOSURE_EVENT,NO_FORMAL_SEARCH_IN_THIS_TASK; SOURCE_UNIT_GLOSSARY_NOT_ASSERTED,fundamental_profit_sheet,double,NEXT_SESSION_AFTER_MAX_NOTICE_UPDATE,pit_fundamental.level|pit_fundamental.change|pit_fundamental.disclosure_event,ABSENT,,False,66,269577
cn_source::profit_sheet_report_em::UNINSURANCE_CE_YOY,profit_sheet_report_em,UNINSURANCE_CE_YOY,FUNDAMENTAL_CHANGE|DISCLOSURE_EVENT,STOCK_REPORT_PERIOD,REPORT_DATE,NOTICE_DATE,UPDATE_DATE,PIT_SAFE_CURRENT_SNAPSHOT_ONLY,profit_sheet_report_em.UNINSURANCE_CE_YOY,PIT_SIDECAR_REGISTERED_LAZY_NOT_MINUTE_EXPANDED,SLOW_TEMPORAL_CHANGE|DISCLOSURE_EVENT,NO_FORMAL_SEARCH_IN_THIS_TASK; SOURCE_UNIT_GLOSSARY_NOT_ASSERTED,fundamental_profit_sheet,double,NEXT_SESSION_AFTER_MAX_NOTICE_UPDATE,pit_fundamental.change|pit_fundamental.disclosure_event,ABSENT,,False,61,269582
cn_source::profit_sheet_report_em::UNINSURANCE_CI,profit_sheet_report_em,UNINSURANCE_CI,FUNDAMENTAL_LEVEL|FUNDAMENTAL_CHANGE|DISCLOSURE_EVENT,STOCK_REPORT_PERIOD,REPORT_DATE,NOTICE_DATE,UPDATE_DATE,PIT_SAFE_CURRENT_SNAPSHOT_ONLY,profit_sheet_report_em.UNINSURANCE_CI,PIT_SIDECAR_REGISTERED_LAZY_NOT_MINUTE_EXPANDED,SLOW_XS_LEVEL|SLOW_TEMPORAL_CHANGE|DISCLOSURE_EVENT,NO_FORMAL_SEARCH_IN_THIS_TASK; SOURCE_UNIT_GLOSSARY_NOT_ASSERTED,fundamental_profit_sheet,double,NEXT_SESSION_AFTER_MAX_NOTICE_UPDATE,pit_fundamental.level|pit_fundamental.change|pit_fundamental.disclosure_event,ABSENT,,False,66,269577
cn_source::profit_sheet_report_em::UNINSURANCE_CI_YOY,profit_sheet_report_em,UNINSURANCE_CI_YOY,FUNDAMENTAL_CHANGE|DISCLOSURE_EVENT,STOCK_REPORT_PERIOD,REPORT_DATE,NOTICE_DATE,UPDATE_DATE,PIT_SAFE_CURRENT_SNAPSHOT_ONLY,profit_sheet_report_em.UNINSURANCE_CI_YOY,PIT_SIDECAR_REGISTERED_LAZY_NOT_MINUTE_EXPANDED,SLOW_TEMPORAL_CHANGE|DISCLOSURE_EVENT,NO_FORMAL_SEARCH_IN_THIS_TASK; SOURCE_UNIT_GLOSSARY_NOT_ASSERTED,fundamental_profit_sheet,double,NEXT_SESSION_AFTER_MAX_NOTICE_UPDATE,pit_fundamental.change|pit_fundamental.disclosure_event,ABSENT,,False,61,269582
cn_source::profit_sheet_report_em::UNINSURANCE_CNI,profit_sheet_report_em,UNINSURANCE_CNI,FUNDAMENTAL_LEVEL|FUNDAMENTAL_CHANGE|DISCLOSURE_EVENT,STOCK_REPORT_PERIOD,REPORT_DATE,NOTICE_DATE,UPDATE_DATE,PIT_SAFE_CURRENT_SNAPSHOT_ONLY,profit_sheet_report_em.UNINSURANCE_CNI,PIT_SIDECAR_REGISTERED_LAZY_NOT_MINUTE_EXPANDED,SLOW_XS_LEVEL|SLOW_TEMPORAL_CHANGE|DISCLOSURE_EVENT,NO_FORMAL_SEARCH_IN_THIS_TASK; SOURCE_UNIT_GLOSSARY_NOT_ASSERTED,fundamental_profit_sheet,double,NEXT_SESSION_AFTER_MAX_NOTICE_UPDATE,pit_fundamental.level|pit_fundamental.change|pit_fundamental.disclosure_event,ABSENT,,False,84,269559
cn_source::profit_sheet_report_em::UNINSURANCE_CNI_YOY,profit_sheet_report_em,UNINSURANCE_CNI_YOY,FUNDAMENTAL_CHANGE|DISCLOSURE_EVENT,STOCK_REPORT_PERIOD,REPORT_DATE,NOTICE_DATE,UPDATE_DATE,PIT_SAFE_CURRENT_SNAPSHOT_ONLY,profit_sheet_report_em.UNINSURANCE_CNI_YOY,PIT_SIDECAR_REGISTERED_LAZY_NOT_MINUTE_EXPANDED,SLOW_TEMPORAL_CHANGE|DISCLOSURE_EVENT,NO_FORMAL_SEARCH_IN_THIS_TASK; SOURCE_UNIT_GLOSSARY_NOT_ASSERTED,fundamental_profit_sheet,double,NEXT_SESSION_AFTER_MAX_NOTICE_UPDATE,pit_fundamental.change|pit_fundamental.disclosure_event,ABSENT,,False,61,269582
cn_source::profit_sheet_report_em::UPDATE_DATE,profit_sheet_report_em,UPDATE_DATE,METADATA_BLOCKED,STOCK_REPORT_PERIOD,REPORT_DATE,NOTICE_DATE,UPDATE_DATE,PIT_SAFE_CURRENT_SNAPSHOT_ONLY,profit_sheet_report_em.UPDATE_DATE,SOURCE_METADATA_SIDECAR_ONLY,BLOCKED,METADATA_NOT_SEARCHABLE,fundamental_profit_sheet,string,NEXT_SESSION_AFTER_MAX_NOTICE_UPDATE,,ABSENT,,False,269643,0
cn_source::profit_sheet_report_em::ingest_time_utc,profit_sheet_report_em,ingest_time_utc,METADATA_BLOCKED,STOCK_REPORT_PERIOD,REPORT_DATE,NOTICE_DATE,UPDATE_DATE,PIT_SAFE_CURRENT_SNAPSHOT_ONLY,profit_sheet_report_em.ingest_time_utc,SOURCE_METADATA_SIDECAR_ONLY,BLOCKED,METADATA_NOT_SEARCHABLE,fundamental_profit_sheet,string,NEXT_SESSION_AFTER_MAX_NOTICE_UPDATE,,ABSENT,,False,269643,0
cn_source::profit_sheet_report_em::source_code6,profit_sheet_report_em,source_code6,METADATA_BLOCKED,STOCK_REPORT_PERIOD,REPORT_DATE,NOTICE_DATE,UPDATE_DATE,PIT_SAFE_CURRENT_SNAPSHOT_ONLY,profit_sheet_report_em.source_code6,SOURCE_METADATA_SIDECAR_ONLY,BLOCKED,METADATA_NOT_SEARCHABLE,fundamental_profit_sheet,string,NEXT_SESSION_AFTER_MAX_NOTICE_UPDATE,,ABSENT,,False,269643,0
cn_source::profit_sheet_report_em::source_dataset,profit_sheet_report_em,source_dataset,METADATA_BLOCKED,STOCK_REPORT_PERIOD,REPORT_DATE,NOTICE_DATE,UPDATE_DATE,PIT_SAFE_CURRENT_SNAPSHOT_ONLY,profit_sheet_report_em.source_dataset,SOURCE_METADATA_SIDECAR_ONLY,BLOCKED,METADATA_NOT_SEARCHABLE,fundamental_profit_sheet,string,NEXT_SESSION_AFTER_MAX_NOTICE_UPDATE,,ABSENT,,False,269643,0
cn_source::profit_sheet_report_em::source_em,profit_sheet_report_em,source_em,METADATA_BLOCKED,STOCK_REPORT_PERIOD,REPORT_DATE,NOTICE_DATE,UPDATE_DATE,PIT_SAFE_CURRENT_SNAPSHOT_ONLY,profit_sheet_report_em.source_em,SOURCE_METADATA_SIDECAR_ONLY,BLOCKED,METADATA_NOT_SEARCHABLE,fundamental_profit_sheet,string,NEXT_SESSION_AFTER_MAX_NOTICE_UPDATE,,ABSENT,,False,269643,0
cn_source::profit_sheet_report_em::source_family,profit_sheet_report_em,source_family,METADATA_BLOCKED,STOCK_REPORT_PERIOD,REPORT_DATE,NOTICE_DATE,UPDATE_DATE,PIT_SAFE_CURRENT_SNAPSHOT_ONLY,profit_sheet_report_em.source_family,SOURCE_METADATA_SIDECAR_ONLY,BLOCKED,METADATA_NOT_SEARCHABLE,fundamental_profit_sheet,string,NEXT_SESSION_AFTER_MAX_NOTICE_UPDATE,,ABSENT,,False,269643,0
cn_source::profit_sheet_report_em::source_file,profit_sheet_report_em,source_file,METADATA_BLOCKED,STOCK_REPORT_PERIOD,REPORT_DATE,NOTICE_DATE,UPDATE_DATE,PIT_SAFE_CURRENT_SNAPSHOT_ONLY,profit_sheet_report_em.source_file,SOURCE_METADATA_SIDECAR_ONLY,BLOCKED,METADATA_NOT_SEARCHABLE,fundamental_profit_sheet,string,NEXT_SESSION_AFTER_MAX_NOTICE_UPDATE,,ABSENT,,False,269643,0
cn_source::zygc_em::ingest_time_utc,zygc_em,ingest_time_utc,METADATA_BLOCKED,STOCK_REPORT_PERIOD_COMPONENT,报告日期,,,PIT_CONTRACT_UNRESOLVED,zygc_em.ingest_time_utc,BLOCKED_PIT_CONTRACT_UNRESOLVED,BLOCKED,NO_INDEPENDENT_DISCLOSURE_OR_OBSERVABLE_TIME,business_composition,string,PIT_CONTRACT_UNRESOLVED,,ABSENT,,False,0,0
cn_source::zygc_em::source_code6,zygc_em,source_code6,METADATA_BLOCKED,STOCK_REPORT_PERIOD_COMPONENT,报告日期,,,PIT_CONTRACT_UNRESOLVED,zygc_em.source_code6,BLOCKED_PIT_CONTRACT_UNRESOLVED,BLOCKED,NO_INDEPENDENT_DISCLOSURE_OR_OBSERVABLE_TIME,business_composition,string,PIT_CONTRACT_UNRESOLVED,,ABSENT,,False,0,0
cn_source::zygc_em::source_dataset,zygc_em,source_dataset,METADATA_BLOCKED,STOCK_REPORT_PERIOD_COMPONENT,报告日期,,,PIT_CONTRACT_UNRESOLVED,zygc_em.source_dataset,BLOCKED_PIT_CONTRACT_UNRESOLVED,BLOCKED,NO_INDEPENDENT_DISCLOSURE_OR_OBSERVABLE_TIME,business_composition,string,PIT_CONTRACT_UNRESOLVED,,ABSENT,,False,0,0
cn_source::zygc_em::source_em,zygc_em,source_em,METADATA_BLOCKED,STOCK_REPORT_PERIOD_COMPONENT,报告日期,,,PIT_CONTRACT_UNRESOLVED,zygc_em.source_em,BLOCKED_PIT_CONTRACT_UNRESOLVED,BLOCKED,NO_INDEPENDENT_DISCLOSURE_OR_OBSERVABLE_TIME,business_composition,string,PIT_CONTRACT_UNRESOLVED,,ABSENT,,False,0,0
cn_source::zygc_em::source_family,zygc_em,source_family,METADATA_BLOCKED,STOCK_REPORT_PERIOD_COMPONENT,报告日期,,,PIT_CONTRACT_UNRESOLVED,zygc_em.source_family,BLOCKED_PIT_CONTRACT_UNRESOLVED,BLOCKED,NO_INDEPENDENT_DISCLOSURE_OR_OBSERVABLE_TIME,business_composition,string,PIT_CONTRACT_UNRESOLVED,,ABSENT,,False,0,0
cn_source::zygc_em::source_file,zygc_em,source_file,METADATA_BLOCKED,STOCK_REPORT_PERIOD_COMPONENT,报告日期,,,PIT_CONTRACT_UNRESOLVED,zygc_em.source_file,BLOCKED_PIT_CONTRACT_UNRESOLVED,BLOCKED,NO_INDEPENDENT_DISCLOSURE_OR_OBSERVABLE_TIME,business_composition,string,PIT_CONTRACT_UNRESOLVED,,ABSENT,,False,0,0
cn_source::zygc_em::主营利润,zygc_em,主营利润,FUNDAMENTAL_LEVEL|FUNDAMENTAL_CHANGE|DISCLOSURE_EVENT,STOCK_REPORT_PERIOD_COMPONENT,报告日期,,,PIT_CONTRACT_UNRESOLVED,zygc_em.主营利润,BLOCKED_PIT_CONTRACT_UNRESOLVED,SLOW_XS_LEVEL|SLOW_TEMPORAL_CHANGE|DISCLOSURE_EVENT,NO_INDEPENDENT_DISCLOSURE_OR_OBSERVABLE_TIME,business_composition,double,PIT_CONTRACT_UNRESOLVED,pit_fundamental.level|pit_fundamental.change|pit_fundamental.disclosure_event,ABSENT,,False,0,0
cn_source::zygc_em::主营成本,zygc_em,主营成本,FUNDAMENTAL_LEVEL|FUNDAMENTAL_CHANGE|DISCLOSURE_EVENT,STOCK_REPORT_PERIOD_COMPONENT,报告日期,,,PIT_CONTRACT_UNRESOLVED,zygc_em.主营成本,BLOCKED_PIT_CONTRACT_UNRESOLVED,SLOW_XS_LEVEL|SLOW_TEMPORAL_CHANGE|DISCLOSURE_EVENT,NO_INDEPENDENT_DISCLOSURE_OR_OBSERVABLE_TIME,business_composition,double,PIT_CONTRACT_UNRESOLVED,pit_fundamental.level|pit_fundamental.change|pit_fundamental.disclosure_event,ABSENT,,False,0,0
cn_source::zygc_em::主营收入,zygc_em,主营收入,FUNDAMENTAL_LEVEL|FUNDAMENTAL_CHANGE|DISCLOSURE_EVENT,STOCK_REPORT_PERIOD_COMPONENT,报告日期,,,PIT_CONTRACT_UNRESOLVED,zygc_em.主营收入,BLOCKED_PIT_CONTRACT_UNRESOLVED,SLOW_XS_LEVEL|SLOW_TEMPORAL_CHANGE|DISCLOSURE_EVENT,NO_INDEPENDENT_DISCLOSURE_OR_OBSERVABLE_TIME,business_composition,int64,PIT_CONTRACT_UNRESOLVED,pit_fundamental.level|pit_fundamental.change|pit_fundamental.disclosure_event,ABSENT,,False,0,0
cn_source::zygc_em::主营构成,zygc_em,主营构成,METADATA_BLOCKED,STOCK_REPORT_PERIOD_COMPONENT,报告日期,,,PIT_CONTRACT_UNRESOLVED,zygc_em.主营构成,BLOCKED_PIT_CONTRACT_UNRESOLVED,BLOCKED,NO_INDEPENDENT_DISCLOSURE_OR_OBSERVABLE_TIME,business_composition,string,PIT_CONTRACT_UNRESOLVED,,ABSENT,,False,0,0
cn_source::zygc_em::分类类型,zygc_em,分类类型,METADATA_BLOCKED,STOCK_REPORT_PERIOD_COMPONENT,报告日期,,,PIT_CONTRACT_UNRESOLVED,zygc_em.分类类型,BLOCKED_PIT_CONTRACT_UNRESOLVED,BLOCKED,NO_INDEPENDENT_DISCLOSURE_OR_OBSERVABLE_TIME,business_composition,string,PIT_CONTRACT_UNRESOLVED,,ABSENT,,False,0,0
cn_source::zygc_em::利润比例,zygc_em,利润比例,FUNDAMENTAL_LEVEL|FUNDAMENTAL_CHANGE|DISCLOSURE_EVENT,STOCK_REPORT_PERIOD_COMPONENT,报告日期,,,PIT_CONTRACT_UNRESOLVED,zygc_em.利润比例,BLOCKED_PIT_CONTRACT_UNRESOLVED,SLOW_XS_LEVEL|SLOW_TEMPORAL_CHANGE|DISCLOSURE_EVENT,NO_INDEPENDENT_DISCLOSURE_OR_OBSERVABLE_TIME,business_composition,double,PIT_CONTRACT_UNRESOLVED,pit_fundamental.level|pit_fundamental.change|pit_fundamental.disclosure_event,ABSENT,,False,0,0
cn_source::zygc_em::成本比例,zygc_em,成本比例,FUNDAMENTAL_LEVEL|FUNDAMENTAL_CHANGE|DISCLOSURE_EVENT,STOCK_REPORT_PERIOD_COMPONENT,报告日期,,,PIT_CONTRACT_UNRESOLVED,zygc_em.成本比例,BLOCKED_PIT_CONTRACT_UNRESOLVED,SLOW_XS_LEVEL|SLOW_TEMPORAL_CHANGE|DISCLOSURE_EVENT,NO_INDEPENDENT_DISCLOSURE_OR_OBSERVABLE_TIME,business_composition,double,PIT_CONTRACT_UNRESOLVED,pit_fundamental.level|pit_fundamental.change|pit_fundamental.disclosure_event,ABSENT,,False,0,0
cn_source::zygc_em::报告日期,zygc_em,报告日期,METADATA_BLOCKED,STOCK_REPORT_PERIOD_COMPONENT,报告日期,,,PIT_CONTRACT_UNRESOLVED,zygc_em.报告日期,BLOCKED_PIT_CONTRACT_UNRESOLVED,BLOCKED,NO_INDEPENDENT_DISCLOSURE_OR_OBSERVABLE_TIME,business_composition,date32[day],PIT_CONTRACT_UNRESOLVED,,ABSENT,,False,0,0
cn_source::zygc_em::收入比例,zygc_em,收入比例,FUNDAMENTAL_LEVEL|FUNDAMENTAL_CHANGE|DISCLOSURE_EVENT,STOCK_REPORT_PERIOD_COMPONENT,报告日期,,,PIT_CONTRACT_UNRESOLVED,zygc_em.收入比例,BLOCKED_PIT_CONTRACT_UNRESOLVED,SLOW_XS_LEVEL|SLOW_TEMPORAL_CHANGE|DISCLOSURE_EVENT,NO_INDEPENDENT_DISCLOSURE_OR_OBSERVABLE_TIME,business_composition,double,PIT_CONTRACT_UNRESOLVED,pit_fundamental.level|pit_fundamental.change|pit_fundamental.disclosure_event,ABSENT,,False,0,0
cn_source::zygc_em::毛利率,zygc_em,毛利率,FUNDAMENTAL_LEVEL|FUNDAMENTAL_CHANGE|DISCLOSURE_EVENT,STOCK_REPORT_PERIOD_COMPONENT,报告日期,,,PIT_CONTRACT_UNRESOLVED,zygc_em.毛利率,BLOCKED_PIT_CONTRACT_UNRESOLVED,SLOW_XS_LEVEL|SLOW_TEMPORAL_CHANGE|DISCLOSURE_EVENT,NO_INDEPENDENT_DISCLOSURE_OR_OBSERVABLE_TIME,business_composition,double,PIT_CONTRACT_UNRESOLVED,pit_fundamental.level|pit_fundamental.change|pit_fundamental.disclosure_event,ABSENT,,False,0,0
cn_source::zygc_em::股票代码,zygc_em,股票代码,METADATA_BLOCKED,STOCK_REPORT_PERIOD_COMPONENT,报告日期,,,PIT_CONTRACT_UNRESOLVED,zygc_em.股票代码,BLOCKED_PIT_CONTRACT_UNRESOLVED,BLOCKED,NO_INDEPENDENT_DISCLOSURE_OR_OBSERVABLE_TIME,business_composition,string,PIT_CONTRACT_UNRESOLVED,,ABSENT,,False,0,0
