field_id,row_count,finite_count,coverage,sample_count,sample_unique,normalized_entropy,temporal_comparison_count,temporal_change_rate,cross_sectional_std_mean,minimum,maximum,context,data_family,field_role,semantic_role,support_unit,semantic_support_group,information_status,information_qualified,coverage_basis,variation_basis,activation_rate,representation_id,route_id
amount,446443583,446443583,1.0,246569,197073,0.999999999623285,246174,0.9935614646550813,1114647.5912283347,0.0,530169600.0,TRUE1MIN,raw_1min,primary,primary,minute row deterministic coordinate sample,TRUE1MIN::raw_1min,EVALUATED_DEVELOPMENT_ONLY,True,PARQUET_FOOTER_NULL_COUNT_FULL_RELEASE,DETERMINISTIC_ROW_GROUP_AND_COORDINATE_SAMPLE,,,
amount_yuan,446443583,446443583,1.0,246569,197073,0.999999999623285,246174,0.9935614646550813,1114647.5912283347,0.0,530169600.0,TRUE1MIN,raw_1min,primary,primary,minute row deterministic coordinate sample,TRUE1MIN::raw_1min,EVALUATED_DEVELOPMENT_ONLY,True,PARQUET_FOOTER_NULL_COUNT_FULL_RELEASE,DETERMINISTIC_ROW_GROUP_AND_COORDINATE_SAMPLE,,,
close,446443583,446443583,1.0,246569,11004,0.9999993175791951,246174,0.9420409953935022,16.55250358581543,0.9300000071525574,455.0,TRUE1MIN,raw_1min,primary,primary,minute row deterministic coordinate sample,TRUE1MIN::raw_1min,EVALUATED_DEVELOPMENT_ONLY,True,PARQUET_FOOTER_NULL_COUNT_FULL_RELEASE,DETERMINISTIC_ROW_GROUP_AND_COORDINATE_SAMPLE,,,
ctx_billboard_accum_amount,446443583,5342006,0.011965691082628911,2700,1218,0.9999877356869208,1924,0.22972972972972974,1271780807.5736446,2111446.0,134855524352.0,TRUE1MIN,lagged_daily_context,interaction-only,interaction-only,minute row deterministic coordinate sample,TRUE1MIN::lagged_daily_context,EVALUATED_DEVELOPMENT_ONLY,False,PARQUET_FOOTER_NULL_COUNT_FULL_RELEASE,DETERMINISTIC_ROW_GROUP_AND_COORDINATE_SAMPLE,,,
ctx_billboard_billboard_buy_amt,446443583,5342006,0.011965691082628911,2700,1218,0.9999743207571727,1924,0.22972972972972974,103145280.7411145,471163.0,107430273024.0,TRUE1MIN,lagged_daily_context,interaction-only,interaction-only,minute row deterministic coordinate sample,TRUE1MIN::lagged_daily_context,EVALUATED_DEVELOPMENT_ONLY,False,PARQUET_FOOTER_NULL_COUNT_FULL_RELEASE,DETERMINISTIC_ROW_GROUP_AND_COORDINATE_SAMPLE,,,
ctx_billboard_billboard_deal_amt,446443583,5342006,0.011965691082628911,2700,1218,0.9999924784689017,1924,0.22972972972972974,231660078.179391,1704300.0,214421995520.0,TRUE1MIN,lagged_daily_context,interaction-only,interaction-only,minute row deterministic coordinate sample,TRUE1MIN::lagged_daily_context,EVALUATED_DEVELOPMENT_ONLY,False,PARQUET_FOOTER_NULL_COUNT_FULL_RELEASE,DETERMINISTIC_ROW_GROUP_AND_COORDINATE_SAMPLE,,,
ctx_billboard_billboard_net_amt,446443583,5342006,0.011965691082628911,2700,1214,0.9999853500982813,1924,0.22972972972972974,69921258.74249491,-1350831232.0,3895346688.0,TRUE1MIN,lagged_daily_context,interaction-only,interaction-only,minute row deterministic coordinate sample,TRUE1MIN::lagged_daily_context,EVALUATED_DEVELOPMENT_ONLY,False,PARQUET_FOOTER_NULL_COUNT_FULL_RELEASE,DETERMINISTIC_ROW_GROUP_AND_COORDINATE_SAMPLE,,,
ctx_billboard_billboard_sell_amt,446443583,5338873,0.011958673398604992,2694,1216,0.9999818308000874,1920,0.23020833333333332,129992987.2344408,1215205.0,106991722496.0,TRUE1MIN,lagged_daily_context,interaction-only,interaction-only,minute row deterministic coordinate sample,TRUE1MIN::lagged_daily_context,EVALUATED_DEVELOPMENT_ONLY,False,PARQUET_FOOTER_NULL_COUNT_FULL_RELEASE,DETERMINISTIC_ROW_GROUP_AND_COORDINATE_SAMPLE,,,
ctx_billboard_buy_ratio,446443583,5342006,0.011965691082628911,2700,1213,0.9999338670776277,1924,0.22972972972972974,7.328658787630402,3.396941661834717,248.8317413330078,TRUE1MIN,lagged_daily_context,interaction-only,interaction-only,minute row deterministic coordinate sample,TRUE1MIN::lagged_daily_context,EVALUATED_DEVELOPMENT_ONLY,False,PARQUET_FOOTER_NULL_COUNT_FULL_RELEASE,DETERMINISTIC_ROW_GROUP_AND_COORDINATE_SAMPLE,,,
ctx_billboard_deal_amount_ratio,446443583,5342006,0.011965691082628911,2700,1215,0.9999837642961908,1924,0.22972972972972974,11.824897958472667,8.291472434997559,484.2860412597656,TRUE1MIN,lagged_daily_context,interaction-only,interaction-only,minute row deterministic coordinate sample,TRUE1MIN::lagged_daily_context,EVALUATED_DEVELOPMENT_ONLY,False,PARQUET_FOOTER_NULL_COUNT_FULL_RELEASE,DETERMINISTIC_ROW_GROUP_AND_COORDINATE_SAMPLE,,,
ctx_billboard_deal_net_ratio,446443583,5342006,0.011965691082628911,2700,1214,0.9999948498317177,1924,0.22972972972972974,5.4570374628655625,-60.91524124145508,118.33889770507812,TRUE1MIN,lagged_daily_context,interaction-only,interaction-only,minute row deterministic coordinate sample,TRUE1MIN::lagged_daily_context,EVALUATED_DEVELOPMENT_ONLY,False,PARQUET_FOOTER_NULL_COUNT_FULL_RELEASE,DETERMINISTIC_ROW_GROUP_AND_COORDINATE_SAMPLE,,,
ctx_billboard_net_bs_amt,446443583,5338873,0.011958673398604992,2694,1212,0.9999833721246549,1920,0.23020833333333332,69921258.74249491,-1350831232.0,3895346688.0,TRUE1MIN,lagged_daily_context,interaction-only,interaction-only,minute row deterministic coordinate sample,TRUE1MIN::lagged_daily_context,EVALUATED_DEVELOPMENT_ONLY,False,PARQUET_FOOTER_NULL_COUNT_FULL_RELEASE,DETERMINISTIC_ROW_GROUP_AND_COORDINATE_SAMPLE,,,
ctx_billboard_sell_ratio,446443583,5338873,0.011958673398604992,2694,1212,0.9999753980080921,1920,0.23020833333333332,4.518239346907957,1.9289956092834473,235.4390869140625,TRUE1MIN,lagged_daily_context,interaction-only,interaction-only,minute row deterministic coordinate sample,TRUE1MIN::lagged_daily_context,EVALUATED_DEVELOPMENT_ONLY,False,PARQUET_FOOTER_NULL_COUNT_FULL_RELEASE,DETERMINISTIC_ROW_GROUP_AND_COORDINATE_SAMPLE,,,
ctx_billboard_sum_buy_amt,446443583,5342006,0.011965691082628911,2700,1218,0.9999743207571727,1924,0.22972972972972974,103145280.7411145,471163.0,107430273024.0,TRUE1MIN,lagged_daily_context,interaction-only,interaction-only,minute row deterministic coordinate sample,TRUE1MIN::lagged_daily_context,EVALUATED_DEVELOPMENT_ONLY,False,PARQUET_FOOTER_NULL_COUNT_FULL_RELEASE,DETERMINISTIC_ROW_GROUP_AND_COORDINATE_SAMPLE,,,
ctx_billboard_sum_sell_amt,446443583,5338873,0.011958673398604992,2694,1216,0.9999818308000874,1920,0.23020833333333332,129992987.2344408,1215205.0,106991722496.0,TRUE1MIN,lagged_daily_context,interaction-only,interaction-only,minute row deterministic coordinate sample,TRUE1MIN::lagged_daily_context,EVALUATED_DEVELOPMENT_ONLY,False,PARQUET_FOOTER_NULL_COUNT_FULL_RELEASE,DETERMINISTIC_ROW_GROUP_AND_COORDINATE_SAMPLE,,,
ctx_billboard_turnoverrate,446443583,5342006,0.011965691082628911,2700,1218,0.999991688033081,1924,0.22972972972972974,15.09883748003368,0.02449999935925007,257.5003967285156,TRUE1MIN,lagged_daily_context,interaction-only,interaction-only,minute row deterministic coordinate sample,TRUE1MIN::lagged_daily_context,EVALUATED_DEVELOPMENT_ONLY,False,PARQUET_FOOTER_NULL_COUNT_FULL_RELEASE,DETERMINISTIC_ROW_GROUP_AND_COORDINATE_SAMPLE,,,
ctx_hfq_float_market_cap_yuan,446443583,443668950,0.9937850310640483,245213,91088,0.9999999981555261,244520,0.44040569278586617,12864894077.637611,250808256.0,551896219648.0,TRUE1MIN,lagged_daily_context,interaction-only,interaction-only,minute row deterministic coordinate sample,TRUE1MIN::lagged_daily_context,EVALUATED_DEVELOPMENT_ONLY,True,PARQUET_FOOTER_NULL_COUNT_FULL_RELEASE,DETERMINISTIC_ROW_GROUP_AND_COORDINATE_SAMPLE,,,
ctx_hfq_is_st,446443583,0,0.0,0,0,0.0,0,0.0,0.0,,,TRUE1MIN,lagged_daily_context,condition-only,condition-only,minute row deterministic coordinate sample,TRUE1MIN::lagged_daily_context,EVALUATED_DEVELOPMENT_ONLY,False,PARQUET_FOOTER_NULL_COUNT_FULL_RELEASE,DETERMINISTIC_ROW_GROUP_AND_COORDINATE_SAMPLE,,,
ctx_hfq_market_cap_yuan,446443583,443668950,0.9937850310640483,245213,86055,0.999999997387748,244520,0.44036479633567804,16044460599.762499,537109504.0,837174755328.0,TRUE1MIN,lagged_daily_context,interaction-only,interaction-only,minute row deterministic coordinate sample,TRUE1MIN::lagged_daily_context,EVALUATED_DEVELOPMENT_ONLY,True,PARQUET_FOOTER_NULL_COUNT_FULL_RELEASE,DETERMINISTIC_ROW_GROUP_AND_COORDINATE_SAMPLE,,,
ctx_hfq_pb,446443583,443668950,0.9937850310640483,245213,96423,0.9999999947964613,244520,0.4405120235563553,1.9273086838859028,0.16583700478076935,257.8616943359375,TRUE1MIN,lagged_daily_context,interaction-only,interaction-only,minute row deterministic coordinate sample,TRUE1MIN::lagged_daily_context,EVALUATED_DEVELOPMENT_ONLY,True,PARQUET_FOOTER_NULL_COUNT_FULL_RELEASE,DETERMINISTIC_ROW_GROUP_AND_COORDINATE_SAMPLE,,,
ctx_hfq_pe_ttm,446443583,443668950,0.9937850310640483,245213,97724,0.9999999926847439,244520,0.4405365614264682,140.56166376831573,-6760.419921875,24179.330078125,TRUE1MIN,lagged_daily_context,interaction-only,interaction-only,minute row deterministic coordinate sample,TRUE1MIN::lagged_daily_context,EVALUATED_DEVELOPMENT_ONLY,True,PARQUET_FOOTER_NULL_COUNT_FULL_RELEASE,DETERMINISTIC_ROW_GROUP_AND_COORDINATE_SAMPLE,,,
ctx_hfq_prev_is_limit_up,446443583,0,0.0,0,0,0.0,0,0.0,0.0,,,TRUE1MIN,lagged_daily_context,state-only,state-only,minute row deterministic coordinate sample,TRUE1MIN::lagged_daily_context,EVALUATED_DEVELOPMENT_ONLY,False,PARQUET_FOOTER_NULL_COUNT_FULL_RELEASE,DETERMINISTIC_ROW_GROUP_AND_COORDINATE_SAMPLE,,,
ctx_hfq_ps_ttm,446443583,443668950,0.9937850310640483,245213,97213,0.9999999950844511,244520,0.4405202028463929,4.100468891339795,0.10567600280046463,176.01992797851562,TRUE1MIN,lagged_daily_context,interaction-only,interaction-only,minute row deterministic coordinate sample,TRUE1MIN::lagged_daily_context,EVALUATED_DEVELOPMENT_ONLY,True,PARQUET_FOOTER_NULL_COUNT_FULL_RELEASE,DETERMINISTIC_ROW_GROUP_AND_COORDINATE_SAMPLE,,,
ctx_hfq_turnover_ratio,446443583,443668950,0.9937850310640483,245213,58799,0.9999999759857344,244520,0.4492393260265009,3.2943237540708608,0.014399999752640724,80.16320037841797,TRUE1MIN,lagged_daily_context,interaction-only,interaction-only,minute row deterministic coordinate sample,TRUE1MIN::lagged_daily_context,EVALUATED_DEVELOPMENT_ONLY,True,PARQUET_FOOTER_NULL_COUNT_FULL_RELEASE,DETERMINISTIC_ROW_GROUP_AND_COORDINATE_SAMPLE,,,
ctx_hfq_volume_ratio,446443583,443642440,0.9937256506607689,245193,734,0.9996372904782309,244500,0.4439468302658487,0.3949528748632658,0.0,470.32000732421875,TRUE1MIN,lagged_daily_context,interaction-only,interaction-only,minute row deterministic coordinate sample,TRUE1MIN::lagged_daily_context,EVALUATED_DEVELOPMENT_ONLY,True,PARQUET_FOOTER_NULL_COUNT_FULL_RELEASE,DETERMINISTIC_ROW_GROUP_AND_COORDINATE_SAMPLE,,,
ctx_holder_avg_hold_num,446443583,14071267,0.03151857823880963,9848,4358,0.9999993459971624,5474,0.02082572159298502,24012.65748023484,2042.9686279296875,13014503.0,TRUE1MIN,lagged_daily_context,interaction-only,interaction-only,minute row deterministic coordinate sample,TRUE1MIN::lagged_daily_context,EVALUATED_DEVELOPMENT_ONLY,False,PARQUET_FOOTER_NULL_COUNT_FULL_RELEASE,DETERMINISTIC_ROW_GROUP_AND_COORDINATE_SAMPLE,,,
ctx_holder_avg_market_cap,446443583,14063314,0.03150076411782583,9854,4417,0.999999175053363,5478,0.0208105147864184,200889.5833017534,11375.498046875,5722831.5,TRUE1MIN,lagged_daily_context,interaction-only,interaction-only,minute row deterministic coordinate sample,TRUE1MIN::lagged_daily_context,EVALUATED_DEVELOPMENT_ONLY,False,PARQUET_FOOTER_NULL_COUNT_FULL_RELEASE,DETERMINISTIC_ROW_GROUP_AND_COORDINATE_SAMPLE,,,
ctx_holder_holder_num,446443583,14075846,0.03152883485392151,9865,4191,0.9999981044075616,5485,0.020783956244302643,37683.7330460276,12.0,816731.0,TRUE1MIN,lagged_daily_context,interaction-only,interaction-only,minute row deterministic coordinate sample,TRUE1MIN::lagged_daily_context,EVALUATED_DEVELOPMENT_ONLY,False,PARQUET_FOOTER_NULL_COUNT_FULL_RELEASE,DETERMINISTIC_ROW_GROUP_AND_COORDINATE_SAMPLE,,,
ctx_holder_holder_num_change,446443583,14075846,0.03152883485392151,9865,2788,0.9997274000752406,5485,0.0211485870556062,2843.55293727454,-95318.0,310446.0,TRUE1MIN,lagged_daily_context,interaction-only,interaction-only,minute row deterministic coordinate sample,TRUE1MIN::lagged_daily_context,EVALUATED_DEVELOPMENT_ONLY,False,PARQUET_FOOTER_NULL_COUNT_FULL_RELEASE,DETERMINISTIC_ROW_GROUP_AND_COORDINATE_SAMPLE,,,
ctx_holder_holder_num_ratio,446443583,14075605,0.031528295032073515,9865,4345,0.9997158102176839,5485,0.0211485870556062,8.398579369454941,-63.824920654296875,578444.4375,TRUE1MIN,lagged_daily_context,interaction-only,interaction-only,minute row deterministic coordinate sample,TRUE1MIN::lagged_daily_context,EVALUATED_DEVELOPMENT_ONLY,False,PARQUET_FOOTER_NULL_COUNT_FULL_RELEASE,DETERMINISTIC_ROW_GROUP_AND_COORDINATE_SAMPLE,,,
ctx_rzrq_rqye,446443583,293049734,0.6564093317923219,218917,60805,0.8760541315308349,218314,0.2881216962723417,5119183.162718188,0.0,931395840.0,TRUE1MIN,lagged_daily_context,interaction-only,interaction-only,minute row deterministic coordinate sample,TRUE1MIN::lagged_daily_context,EVALUATED_DEVELOPMENT_ONLY,True,PARQUET_FOOTER_NULL_COUNT_FULL_RELEASE,DETERMINISTIC_ROW_GROUP_AND_COORDINATE_SAMPLE,,,
ctx_rzrq_rqyl,446443583,293049734,0.6564093317923219,218917,29137,0.8763476254644095,218314,0.22411755544765796,362329.44096488145,0.0,38198112.0,TRUE1MIN,lagged_daily_context,interaction-only,interaction-only,minute row deterministic coordinate sample,TRUE1MIN::lagged_daily_context,EVALUATED_DEVELOPMENT_ONLY,True,PARQUET_FOOTER_NULL_COUNT_FULL_RELEASE,DETERMINISTIC_ROW_GROUP_AND_COORDINATE_SAMPLE,,,
ctx_rzrq_rzche,446443583,293049734,0.6564093317923219,218917,98487,0.9999999979868572,218314,0.44950850609672305,27715270.641811404,0.0,3506831360.0,TRUE1MIN,lagged_daily_context,interaction-only,interaction-only,minute row deterministic coordinate sample,TRUE1MIN::lagged_daily_context,EVALUATED_DEVELOPMENT_ONLY,True,PARQUET_FOOTER_NULL_COUNT_FULL_RELEASE,DETERMINISTIC_ROW_GROUP_AND_COORDINATE_SAMPLE,,,
ctx_rzrq_rzjme,446443583,293049734,0.6564093317923219,218917,98272,0.9999999981072649,218314,0.44950850609672305,8013881.364691405,-818518208.0,1552210688.0,TRUE1MIN,lagged_daily_context,interaction-only,interaction-only,minute row deterministic coordinate sample,TRUE1MIN::lagged_daily_context,EVALUATED_DEVELOPMENT_ONLY,True,PARQUET_FOOTER_NULL_COUNT_FULL_RELEASE,DETERMINISTIC_ROW_GROUP_AND_COORDINATE_SAMPLE,,,
ctx_rzrq_rzmre,446443583,293049734,0.6564093317923219,218917,98411,0.9999999978663882,218314,0.449393992139762,28220087.61957162,0.0,4232828160.0,TRUE1MIN,lagged_daily_context,interaction-only,interaction-only,minute row deterministic coordinate sample,TRUE1MIN::lagged_daily_context,EVALUATED_DEVELOPMENT_ONLY,True,PARQUET_FOOTER_NULL_COUNT_FULL_RELEASE,DETERMINISTIC_ROW_GROUP_AND_COORDINATE_SAMPLE,,,
ctx_rzrq_rzrqye,446443583,293049734,0.6564093317923219,218917,98637,0.999999996782773,218314,0.44950392553844465,405752293.8393279,268958.0,10010619904.0,TRUE1MIN,lagged_daily_context,interaction-only,interaction-only,minute row deterministic coordinate sample,TRUE1MIN::lagged_daily_context,EVALUATED_DEVELOPMENT_ONLY,True,PARQUET_FOOTER_NULL_COUNT_FULL_RELEASE,DETERMINISTIC_ROW_GROUP_AND_COORDINATE_SAMPLE,,,
ctx_rzrq_rzye,446443583,293049734,0.6564093317923219,218917,98623,0.9999999996726248,218314,0.44950392553844465,401502002.41619843,268958.0,9990883328.0,TRUE1MIN,lagged_daily_context,interaction-only,interaction-only,minute row deterministic coordinate sample,TRUE1MIN::lagged_daily_context,EVALUATED_DEVELOPMENT_ONLY,True,PARQUET_FOOTER_NULL_COUNT_FULL_RELEASE,DETERMINISTIC_ROW_GROUP_AND_COORDINATE_SAMPLE,,,
ctx_rzrq_rzyezb,446443583,293049734,0.6564093317923219,218917,98552,0.9999999981072559,218314,0.44950392553844465,2.0603177665129646,0.0010482999496161938,22.332340240478516,TRUE1MIN,lagged_daily_context,interaction-only,interaction-only,minute row deterministic coordinate sample,TRUE1MIN::lagged_daily_context,EVALUATED_DEVELOPMENT_ONLY,True,PARQUET_FOOTER_NULL_COUNT_FULL_RELEASE,DETERMINISTIC_ROW_GROUP_AND_COORDINATE_SAMPLE,,,
ctx_sent_damian_num,446443583,445230630,0.9972830766390476,245949,11,0.8433257642682787,245554,0.26624286307696066,0.0,0.0,20.0,TRUE1MIN,lagged_daily_context,state-only,state-only,minute row deterministic coordinate sample,TRUE1MIN::lagged_daily_context,EVALUATED_DEVELOPMENT_ONLY,True,PARQUET_FOOTER_NULL_COUNT_FULL_RELEASE,DETERMINISTIC_ROW_GROUP_AND_COORDINATE_SAMPLE,,,
ctx_sent_ditian_num,446443583,445230630,0.9972830766390476,245949,7,0.7965329790964177,245554,0.1712250665841322,0.0,0.0,11.0,TRUE1MIN,lagged_daily_context,state-only,state-only,minute row deterministic coordinate sample,TRUE1MIN::lagged_daily_context,EVALUATED_DEVELOPMENT_ONLY,True,PARQUET_FOOTER_NULL_COUNT_FULL_RELEASE,DETERMINISTIC_ROW_GROUP_AND_COORDINATE_SAMPLE,,,
ctx_sent_down_num,446443583,445230630,0.9972830766390476,245949,350,0.9999235370732168,245554,0.44993361948899224,0.0,0.0,5377.0,TRUE1MIN,lagged_daily_context,state-only,state-only,minute row deterministic coordinate sample,TRUE1MIN::lagged_daily_context,EVALUATED_DEVELOPMENT_ONLY,True,PARQUET_FOOTER_NULL_COUNT_FULL_RELEASE,DETERMINISTIC_ROW_GROUP_AND_COORDINATE_SAMPLE,,,
ctx_sent_downlimit_num,446443583,445230630,0.9972830766390476,245949,63,0.9934521214171286,245554,0.40383785236648556,0.0,0.0,2829.0,TRUE1MIN,lagged_daily_context,state-only,state-only,minute row deterministic coordinate sample,TRUE1MIN::lagged_daily_context,EVALUATED_DEVELOPMENT_ONLY,True,PARQUET_FOOTER_NULL_COUNT_FULL_RELEASE,DETERMINISTIC_ROW_GROUP_AND_COORDINATE_SAMPLE,,,
ctx_sent_gt5_num,446443583,445230630,0.9972830766390476,245949,222,0.9995385132039981,245554,0.4476245550876793,0.0,0.0,4351.0,TRUE1MIN,lagged_daily_context,state-only,state-only,minute row deterministic coordinate sample,TRUE1MIN::lagged_daily_context,EVALUATED_DEVELOPMENT_ONLY,True,PARQUET_FOOTER_NULL_COUNT_FULL_RELEASE,DETERMINISTIC_ROW_GROUP_AND_COORDINATE_SAMPLE,,,
ctx_sent_lb_2_num,446443583,445230630,0.9972830766390476,245949,37,0.9806161674469372,245554,0.4052713456103342,0.0,0.0,281.0,TRUE1MIN,lagged_daily_context,state-only,state-only,minute row deterministic coordinate sample,TRUE1MIN::lagged_daily_context,EVALUATED_DEVELOPMENT_ONLY,True,PARQUET_FOOTER_NULL_COUNT_FULL_RELEASE,DETERMINISTIC_ROW_GROUP_AND_COORDINATE_SAMPLE,,,
ctx_sent_lb_3_num,446443583,445230630,0.9972830766390476,245949,19,0.9494927108088438,245554,0.37301367519975237,0.0,0.0,44.0,TRUE1MIN,lagged_daily_context,state-only,state-only,minute row deterministic coordinate sample,TRUE1MIN::lagged_daily_context,EVALUATED_DEVELOPMENT_ONLY,True,PARQUET_FOOTER_NULL_COUNT_FULL_RELEASE,DETERMINISTIC_ROW_GROUP_AND_COORDINATE_SAMPLE,,,
ctx_sent_lb_h_num,446443583,445230630,0.9972830766390476,245949,18,0.9431337157140204,245554,0.3413424338434723,0.0,0.0,23.0,TRUE1MIN,lagged_daily_context,state-only,state-only,minute row deterministic coordinate sample,TRUE1MIN::lagged_daily_context,EVALUATED_DEVELOPMENT_ONLY,True,PARQUET_FOOTER_NULL_COUNT_FULL_RELEASE,DETERMINISTIC_ROW_GROUP_AND_COORDINATE_SAMPLE,,,
ctx_sent_lt5_num,446443583,445230630,0.9972830766390476,245949,197,0.9994137412404164,245554,0.44598744064442036,0.0,0.0,4122.0,TRUE1MIN,lagged_daily_context,state-only,state-only,minute row deterministic coordinate sample,TRUE1MIN::lagged_daily_context,EVALUATED_DEVELOPMENT_ONLY,True,PARQUET_FOOTER_NULL_COUNT_FULL_RELEASE,DETERMINISTIC_ROW_GROUP_AND_COORDINATE_SAMPLE,,,
ctx_sent_max_lb_num,446443583,445230630,0.9972830766390476,245949,13,0.9227105016023605,245554,0.3900608420143838,0.0,0.0,13.0,TRUE1MIN,lagged_daily_context,state-only,state-only,minute row deterministic coordinate sample,TRUE1MIN::lagged_daily_context,EVALUATED_DEVELOPMENT_ONLY,True,PARQUET_FOOTER_NULL_COUNT_FULL_RELEASE,DETERMINISTIC_ROW_GROUP_AND_COORDINATE_SAMPLE,,,
ctx_sent_mian_num,446443583,445230630,0.9972830766390476,245949,20,0.9752819895988849,245554,0.3838178160404636,0.0,0.0,111.0,TRUE1MIN,lagged_daily_context,state-only,state-only,minute row deterministic coordinate sample,TRUE1MIN::lagged_daily_context,EVALUATED_DEVELOPMENT_ONLY,True,PARQUET_FOOTER_NULL_COUNT_FULL_RELEASE,DETERMINISTIC_ROW_GROUP_AND_COORDINATE_SAMPLE,,,
ctx_sent_tiandi_num,446443583,445230630,0.9972830766390476,245949,6,0.0,245554,0.09600739552196258,0.0,0.0,7.0,TRUE1MIN,lagged_daily_context,state-only,state-only,minute row deterministic coordinate sample,TRUE1MIN::lagged_daily_context,EVALUATED_DEVELOPMENT_ONLY,True,PARQUET_FOOTER_NULL_COUNT_FULL_RELEASE,DETERMINISTIC_ROW_GROUP_AND_COORDINATE_SAMPLE,,,
ctx_sent_up_num,446443583,445230630,0.9972830766390476,245949,350,0.9996796952618023,245554,0.44993361948899224,0.0,116.0,5465.0,TRUE1MIN,lagged_daily_context,state-only,state-only,minute row deterministic coordinate sample,TRUE1MIN::lagged_daily_context,EVALUATED_DEVELOPMENT_ONLY,True,PARQUET_FOOTER_NULL_COUNT_FULL_RELEASE,DETERMINISTIC_ROW_GROUP_AND_COORDINATE_SAMPLE,,,
ctx_sent_uplimit_num,446443583,445230630,0.9972830766390476,245949,116,0.9985167716020527,245554,0.4415281363773345,0.0,0.0,756.0,TRUE1MIN,lagged_daily_context,state-only,state-only,minute row deterministic coordinate sample,TRUE1MIN::lagged_daily_context,EVALUATED_DEVELOPMENT_ONLY,True,PARQUET_FOOTER_NULL_COUNT_FULL_RELEASE,DETERMINISTIC_ROW_GROUP_AND_COORDINATE_SAMPLE,,,
ctx_sent_zb_num,446443583,445230630,0.9972830766390476,245949,72,0.9954746198266855,245554,0.4323977617957761,0.0,0.0,1637.0,TRUE1MIN,lagged_daily_context,state-only,state-only,minute row deterministic coordinate sample,TRUE1MIN::lagged_daily_context,EVALUATED_DEVELOPMENT_ONLY,True,PARQUET_FOOTER_NULL_COUNT_FULL_RELEASE,DETERMINISTIC_ROW_GROUP_AND_COORDINATE_SAMPLE,,,
ctx_ths_hot_circulation_value,446443583,872420,0.001954155089737285,581,252,0.9990632520718554,496,0.3467741935483871,nan,14.180000305175781,1938.25,TRUE1MIN,lagged_daily_context,interaction-only,interaction-only,minute row deterministic coordinate sample,TRUE1MIN::lagged_daily_context,EVALUATED_DEVELOPMENT_ONLY,False,PARQUET_FOOTER_NULL_COUNT_FULL_RELEASE,DETERMINISTIC_ROW_GROUP_AND_COORDINATE_SAMPLE,,,
ctx_ths_hot_last_pct,446443583,872420,0.001954155089737285,581,172,0.986556383915981,496,0.3407258064516129,nan,-10.069999694824219,20.020000457763672,TRUE1MIN,lagged_daily_context,interaction-only,interaction-only,minute row deterministic coordinate sample,TRUE1MIN::lagged_daily_context,EVALUATED_DEVELOPMENT_ONLY,False,PARQUET_FOOTER_NULL_COUNT_FULL_RELEASE,DETERMINISTIC_ROW_GROUP_AND_COORDINATE_SAMPLE,,,
ctx_ths_hot_last_price,446443583,872420,0.001954155089737285,581,241,0.9996432931162357,496,0.3467741935483871,nan,2.0299999713897705,97.4800033569336,TRUE1MIN,lagged_daily_context,interaction-only,interaction-only,minute row deterministic coordinate sample,TRUE1MIN::lagged_daily_context,EVALUATED_DEVELOPMENT_ONLY,False,PARQUET_FOOTER_NULL_COUNT_FULL_RELEASE,DETERMINISTIC_ROW_GROUP_AND_COORDINATE_SAMPLE,,,
ctx_ths_hot_rank,446443583,872420,0.001954155089737285,581,10,0.974682972298035,496,0.2701612903225806,nan,1.0,10.0,TRUE1MIN,lagged_daily_context,interaction-only,interaction-only,minute row deterministic coordinate sample,TRUE1MIN::lagged_daily_context,EVALUATED_DEVELOPMENT_ONLY,False,PARQUET_FOOTER_NULL_COUNT_FULL_RELEASE,DETERMINISTIC_ROW_GROUP_AND_COORDINATE_SAMPLE,,,
ctx_ths_hot_rank_diff,446443583,872420,0.001954155089737285,581,49,0.9636191215770522,496,0.2963709677419355,nan,-9.0,541.0,TRUE1MIN,lagged_daily_context,interaction-only,interaction-only,minute row deterministic coordinate sample,TRUE1MIN::lagged_daily_context,EVALUATED_DEVELOPMENT_ONLY,False,PARQUET_FOOTER_NULL_COUNT_FULL_RELEASE,DETERMINISTIC_ROW_GROUP_AND_COORDINATE_SAMPLE,,,
ctx_zls_df_num,446443583,0,0.0,0,0,0.0,0,0.0,0.0,,,TRUE1MIN,lagged_daily_context,state-only,state-only,minute row deterministic coordinate sample,TRUE1MIN::lagged_daily_context,EVALUATED_DEVELOPMENT_ONLY,False,PARQUET_FOOTER_NULL_COUNT_FULL_RELEASE,DETERMINISTIC_ROW_GROUP_AND_COORDINATE_SAMPLE,,,
ctx_zls_lbgd,446443583,0,0.0,0,0,0.0,0,0.0,0.0,,,TRUE1MIN,lagged_daily_context,state-only,state-only,minute row deterministic coordinate sample,TRUE1MIN::lagged_daily_context,EVALUATED_DEVELOPMENT_ONLY,False,PARQUET_FOOTER_NULL_COUNT_FULL_RELEASE,DETERMINISTIC_ROW_GROUP_AND_COORDINATE_SAMPLE,,,
ctx_zls_strong,446443583,0,0.0,0,0,0.0,0,0.0,0.0,,,TRUE1MIN,lagged_daily_context,state-only,state-only,minute row deterministic coordinate sample,TRUE1MIN::lagged_daily_context,EVALUATED_DEVELOPMENT_ONLY,False,PARQUET_FOOTER_NULL_COUNT_FULL_RELEASE,DETERMINISTIC_ROW_GROUP_AND_COORDINATE_SAMPLE,,,
ctx_zls_ztjs,446443583,0,0.0,0,0,0.0,0,0.0,0.0,,,TRUE1MIN,lagged_daily_context,state-only,state-only,minute row deterministic coordinate sample,TRUE1MIN::lagged_daily_context,EVALUATED_DEVELOPMENT_ONLY,False,PARQUET_FOOTER_NULL_COUNT_FULL_RELEASE,DETERMINISTIC_ROW_GROUP_AND_COORDINATE_SAMPLE,,,
evt_uplimit_active,446443583,446443583,1.0,246569,2,0.0,246174,0.0003412220624436374,0.0006122446502558887,0.0,1.0,TRUE1MIN,event_state,state-only,state-only,minute row deterministic coordinate sample,TRUE1MIN::event_state,EVALUATED_DEVELOPMENT_ONLY,True,PARQUET_FOOTER_NULL_COUNT_FULL_RELEASE,DETERMINISTIC_ROW_GROUP_AND_COORDINATE_SAMPLE,,,
evt_uplimit_age_min,446443583,204197,0.0004573858999783182,84,78,0.9970800288451183,42,1.0,nan,7.0,323.0,TRUE1MIN,event_state,state-only,state-only,minute row deterministic coordinate sample,TRUE1MIN::event_state,EVALUATED_DEVELOPMENT_ONLY,False,PARQUET_FOOTER_NULL_COUNT_FULL_RELEASE,DETERMINISTIC_ROW_GROUP_AND_COORDINATE_SAMPLE,,,
evt_uplimit_amount,446443583,135919,0.0003044483226450586,57,27,0.9699330371647681,29,0.0,nan,0.28999999165534973,11.880000114440918,TRUE1MIN,event_state,state-only,state-only,minute row deterministic coordinate sample,TRUE1MIN::event_state,EVALUATED_DEVELOPMENT_ONLY,False,PARQUET_FOOTER_NULL_COUNT_FULL_RELEASE,DETERMINISTIC_ROW_GROUP_AND_COORDINATE_SAMPLE,,,
evt_uplimit_auction_buy,446443583,54816,0.00012278371128474704,29,10,0.9606590246353301,17,0.0,nan,0.009999999776482582,92.91999816894531,TRUE1MIN,event_state,state-only,state-only,minute row deterministic coordinate sample,TRUE1MIN::event_state,EVALUATED_DEVELOPMENT_ONLY,False,PARQUET_FOOTER_NULL_COUNT_FULL_RELEASE,DETERMINISTIC_ROW_GROUP_AND_COORDINATE_SAMPLE,,,
evt_uplimit_auction_money,446443583,88795,0.00019889411200250135,43,17,0.9595602657930445,24,0.0,nan,0.07999999821186066,1.3899999856948853,TRUE1MIN,event_state,state-only,state-only,minute row deterministic coordinate sample,TRUE1MIN::event_state,EVALUATED_DEVELOPMENT_ONLY,False,PARQUET_FOOTER_NULL_COUNT_FULL_RELEASE,DETERMINISTIC_ROW_GROUP_AND_COORDINATE_SAMPLE,,,
evt_uplimit_auction_offer,446443583,54816,0.00012278371128474704,29,8,0.9296206283169549,17,0.0,nan,0.0,8.3100004196167,TRUE1MIN,event_state,state-only,state-only,minute row deterministic coordinate sample,TRUE1MIN::event_state,EVALUATED_DEVELOPMENT_ONLY,False,PARQUET_FOOTER_NULL_COUNT_FULL_RELEASE,DETERMINISTIC_ROW_GROUP_AND_COORDINATE_SAMPLE,,,
evt_uplimit_auction_pre1max_ratio,446443583,88795,0.00019889411200250135,43,18,0.9627417696973961,24,0.0,nan,0.10000000149011612,5.590000152587891,TRUE1MIN,event_state,state-only,state-only,minute row deterministic coordinate sample,TRUE1MIN::event_state,EVALUATED_DEVELOPMENT_ONLY,False,PARQUET_FOOTER_NULL_COUNT_FULL_RELEASE,DETERMINISTIC_ROW_GROUP_AND_COORDINATE_SAMPLE,,,
evt_uplimit_auction_turnover,446443583,204197,0.0004573858999783182,84,20,0.779456288202803,42,0.0,nan,0.0,165.4499969482422,TRUE1MIN,event_state,state-only,state-only,minute row deterministic coordinate sample,TRUE1MIN::event_state,EVALUATED_DEVELOPMENT_ONLY,False,PARQUET_FOOTER_NULL_COUNT_FULL_RELEASE,DETERMINISTIC_ROW_GROUP_AND_COORDINATE_SAMPLE,,,
evt_uplimit_cutoff_minute,446443583,257629,0.0005770695555052922,104,25,0.8717776559969413,56,0.0,nan,571.0,885.0,TRUE1MIN,event_state,state-only,state-only,minute row deterministic coordinate sample,TRUE1MIN::event_state,EVALUATED_DEVELOPMENT_ONLY,False,PARQUET_FOOTER_NULL_COUNT_FULL_RELEASE,DETERMINISTIC_ROW_GROUP_AND_COORDINATE_SAMPLE,,,
evt_uplimit_fd_close,446443583,135919,0.0003044483226450586,57,26,0.9760763241310196,29,0.0,nan,0.20999999344348907,4.110000133514404,TRUE1MIN,event_state,state-only,state-only,minute row deterministic coordinate sample,TRUE1MIN::event_state,EVALUATED_DEVELOPMENT_ONLY,False,PARQUET_FOOTER_NULL_COUNT_FULL_RELEASE,DETERMINISTIC_ROW_GROUP_AND_COORDINATE_SAMPLE,,,
evt_uplimit_fd_max,446443583,135919,0.0003044483226450586,57,27,0.9794570846987666,29,0.0,nan,0.6700000166893005,14.699999809265137,TRUE1MIN,event_state,state-only,state-only,minute row deterministic coordinate sample,TRUE1MIN::event_state,EVALUATED_DEVELOPMENT_ONLY,False,PARQUET_FOOTER_NULL_COUNT_FULL_RELEASE,DETERMINISTIC_ROW_GROUP_AND_COORDINATE_SAMPLE,,,
evt_uplimit_type_code,446443583,204197,0.0004573858999783182,84,1,0.0,42,0.0,nan,0.0,0.0,TRUE1MIN,event_state,state-only,state-only,minute row deterministic coordinate sample,TRUE1MIN::event_state,EVALUATED_DEVELOPMENT_ONLY,False,PARQUET_FOOTER_NULL_COUNT_FULL_RELEASE,DETERMINISTIC_ROW_GROUP_AND_COORDINATE_SAMPLE,,,
evt_uplimit_up_limit_keep_times,446443583,204197,0.0004573858999783182,84,1,0.0,42,0.0,nan,2.0,2.0,TRUE1MIN,event_state,state-only,state-only,minute row deterministic coordinate sample,TRUE1MIN::event_state,EVALUATED_DEVELOPMENT_ONLY,False,PARQUET_FOOTER_NULL_COUNT_FULL_RELEASE,DETERMINISTIC_ROW_GROUP_AND_COORDINATE_SAMPLE,,,
high,446443583,446443583,1.0,246569,11002,0.9999989013576353,246174,0.9384744124074841,16.56850814819336,0.9399999976158142,455.0,TRUE1MIN,raw_1min,primary,primary,minute row deterministic coordinate sample,TRUE1MIN::raw_1min,EVALUATED_DEVELOPMENT_ONLY,True,PARQUET_FOOTER_NULL_COUNT_FULL_RELEASE,DETERMINISTIC_ROW_GROUP_AND_COORDINATE_SAMPLE,,,
intraday_ret_from_open,446443583,446443583,1.0,246569,122416,0.998258282884205,246174,0.9508518365058861,0.016970910131931305,-0.21447372436523438,0.2444080114364624,TRUE1MIN,raw_1min,primary,primary,minute row deterministic coordinate sample,TRUE1MIN::raw_1min,EVALUATED_DEVELOPMENT_ONLY,True,PARQUET_FOOTER_NULL_COUNT_FULL_RELEASE,DETERMINISTIC_ROW_GROUP_AND_COORDINATE_SAMPLE,,,
low,446443583,446443583,1.0,246569,10953,0.9999989394158807,246174,0.9374020002112327,16.536848068237305,0.9300000071525574,454.0899963378906,TRUE1MIN,raw_1min,primary,primary,minute row deterministic coordinate sample,TRUE1MIN::raw_1min,EVALUATED_DEVELOPMENT_ONLY,True,PARQUET_FOOTER_NULL_COUNT_FULL_RELEASE,DETERMINISTIC_ROW_GROUP_AND_COORDINATE_SAMPLE,,,
m1_first15_amount,446443583,420509101,0.941908713692946,232064,108648,0.9999999968923695,218194,0.435305278788601,51940715.35609608,0.0,8868803584.0,TRUE1MIN,firstN,primary,primary,minute row deterministic coordinate sample,TRUE1MIN::firstN,EVALUATED_DEVELOPMENT_ONLY,True,PARQUET_FOOTER_NULL_COUNT_FULL_RELEASE,DETERMINISTIC_ROW_GROUP_AND_COORDINATE_SAMPLE,,,
m1_first15_bars,446443583,420509101,0.941908713692946,232064,1,0.0,218194,0.0,0.0,15.0,15.0,TRUE1MIN,firstN,primary,primary,minute row deterministic coordinate sample,TRUE1MIN::firstN,EVALUATED_DEVELOPMENT_ONLY,False,PARQUET_FOOTER_NULL_COUNT_FULL_RELEASE,DETERMINISTIC_ROW_GROUP_AND_COORDINATE_SAMPLE,,,
m1_first15_high,446443583,420509101,0.941908713692946,232064,8920,0.9999996463276293,218194,0.4268953316773147,16.737730026245117,0.9300000071525574,455.0,TRUE1MIN,firstN,primary,primary,minute row deterministic coordinate sample,TRUE1MIN::firstN,EVALUATED_DEVELOPMENT_ONLY,True,PARQUET_FOOTER_NULL_COUNT_FULL_RELEASE,DETERMINISTIC_ROW_GROUP_AND_COORDINATE_SAMPLE,,,
m1_first15_last_close,446443583,420509101,0.941908713692946,232064,9010,0.9999995089005881,218194,0.4267028424246313,16.5249080657959,0.8899999856948853,445.1600036621094,TRUE1MIN,firstN,primary,primary,minute row deterministic coordinate sample,TRUE1MIN::firstN,EVALUATED_DEVELOPMENT_ONLY,True,PARQUET_FOOTER_NULL_COUNT_FULL_RELEASE,DETERMINISTIC_ROW_GROUP_AND_COORDINATE_SAMPLE,,,
m1_first15_last_return_vs_open,446443583,420509101,0.941908713692946,232064,61906,0.9974768654065926,218194,0.43277083696160296,0.012439185753464699,-0.22117650508880615,0.2370471954345703,TRUE1MIN,firstN,primary,primary,minute row deterministic coordinate sample,TRUE1MIN::firstN,EVALUATED_DEVELOPMENT_ONLY,True,PARQUET_FOOTER_NULL_COUNT_FULL_RELEASE,DETERMINISTIC_ROW_GROUP_AND_COORDINATE_SAMPLE,,,
m1_first15_low,446443583,420509101,0.941908713692946,232064,8699,0.9999996508411337,218194,0.42625828391248155,16.3126163482666,0.8899999856948853,434.260009765625,TRUE1MIN,firstN,primary,primary,minute row deterministic coordinate sample,TRUE1MIN::firstN,EVALUATED_DEVELOPMENT_ONLY,True,PARQUET_FOOTER_NULL_COUNT_FULL_RELEASE,DETERMINISTIC_ROW_GROUP_AND_COORDINATE_SAMPLE,,,
m1_first15_range,446443583,420509101,0.941908713692946,232064,55366,0.9999996390656847,218194,0.4336049570565643,0.011507696472108364,0.0,0.28398799896240234,TRUE1MIN,firstN,primary,primary,minute row deterministic coordinate sample,TRUE1MIN::firstN,EVALUATED_DEVELOPMENT_ONLY,True,PARQUET_FOOTER_NULL_COUNT_FULL_RELEASE,DETERMINISTIC_ROW_GROUP_AND_COORDINATE_SAMPLE,,,
m1_first15_vol,446443583,420509101,0.941908713692946,232064,44587,0.9999999021499999,218194,0.43523653262692835,48278.63837987424,0.0,15542850.0,TRUE1MIN,firstN,primary,primary,minute row deterministic coordinate sample,TRUE1MIN::firstN,EVALUATED_DEVELOPMENT_ONLY,True,PARQUET_FOOTER_NULL_COUNT_FULL_RELEASE,DETERMINISTIC_ROW_GROUP_AND_COORDINATE_SAMPLE,,,
m1_first15_vwap,446443583,420195160,0.9412055094988341,232015,108672,0.9999999984488914,218142,0.43534945127485764,16.515609741210938,0.9009023904800415,446.00640869140625,TRUE1MIN,firstN,primary,primary,minute row deterministic coordinate sample,TRUE1MIN::firstN,EVALUATED_DEVELOPMENT_ONLY,True,PARQUET_FOOTER_NULL_COUNT_FULL_RELEASE,DETERMINISTIC_ROW_GROUP_AND_COORDINATE_SAMPLE,,,
m1_first15_vwap_return_vs_open,446443583,420195160,0.9412055094988341,232015,95705,0.9999998074968821,218142,0.4352761045557481,0.009474296122789383,-0.1398845911026001,0.19790971279144287,TRUE1MIN,firstN,primary,primary,minute row deterministic coordinate sample,TRUE1MIN::firstN,EVALUATED_DEVELOPMENT_ONLY,True,PARQUET_FOOTER_NULL_COUNT_FULL_RELEASE,DETERMINISTIC_ROW_GROUP_AND_COORDINATE_SAMPLE,,,
m1_first30_amount,446443583,392722156,0.8796680497925311,216766,105746,0.9999999962081119,190880,0.4193367560771165,78228181.91911365,0.0,11319544832.0,TRUE1MIN,firstN,primary,primary,minute row deterministic coordinate sample,TRUE1MIN::firstN,EVALUATED_DEVELOPMENT_ONLY,True,PARQUET_FOOTER_NULL_COUNT_FULL_RELEASE,DETERMINISTIC_ROW_GROUP_AND_COORDINATE_SAMPLE,,,
m1_first30_bars,446443583,392722156,0.8796680497925311,216766,1,0.0,190880,0.0,0.0,30.0,30.0,TRUE1MIN,firstN,primary,primary,minute row deterministic coordinate sample,TRUE1MIN::firstN,EVALUATED_DEVELOPMENT_ONLY,False,PARQUET_FOOTER_NULL_COUNT_FULL_RELEASE,DETERMINISTIC_ROW_GROUP_AND_COORDINATE_SAMPLE,,,
m1_first30_high,446443583,392722156,0.8796680497925311,216766,8863,0.9999993646209251,190880,0.41113264878457667,16.790788650512695,0.9399999976158142,455.0,TRUE1MIN,firstN,primary,primary,minute row deterministic coordinate sample,TRUE1MIN::firstN,EVALUATED_DEVELOPMENT_ONLY,True,PARQUET_FOOTER_NULL_COUNT_FULL_RELEASE,DETERMINISTIC_ROW_GROUP_AND_COORDINATE_SAMPLE,,,
m1_first30_last_close,446443583,392722156,0.8796680497925311,216766,8998,0.9999993292760042,190880,0.4108549874266555,16.540794372558594,0.9100000262260437,449.0,TRUE1MIN,firstN,primary,primary,minute row deterministic coordinate sample,TRUE1MIN::firstN,EVALUATED_DEVELOPMENT_ONLY,True,PARQUET_FOOTER_NULL_COUNT_FULL_RELEASE,DETERMINISTIC_ROW_GROUP_AND_COORDINATE_SAMPLE,,,
m1_first30_last_return_vs_open,446443583,392722156,0.8796680497925311,216766,62760,0.9956470447214015,190880,0.4174193210393965,0.014049522578716278,-0.17631572484970093,0.24510455131530762,TRUE1MIN,firstN,primary,primary,minute row deterministic coordinate sample,TRUE1MIN::firstN,EVALUATED_DEVELOPMENT_ONLY,True,PARQUET_FOOTER_NULL_COUNT_FULL_RELEASE,DETERMINISTIC_ROW_GROUP_AND_COORDINATE_SAMPLE,,,
m1_first30_low,446443583,392722156,0.8796680497925311,216766,8605,0.9999982305961075,190880,0.41031014249790443,16.285507202148438,0.8899999856948853,434.260009765625,TRUE1MIN,firstN,primary,primary,minute row deterministic coordinate sample,TRUE1MIN::firstN,EVALUATED_DEVELOPMENT_ONLY,True,PARQUET_FOOTER_NULL_COUNT_FULL_RELEASE,DETERMINISTIC_ROW_GROUP_AND_COORDINATE_SAMPLE,,,
m1_first30_range,446443583,392722156,0.8796680497925311,216766,56641,0.9999993786472553,190880,0.4177546102263202,0.013292018324136734,0.0,0.3021223545074463,TRUE1MIN,firstN,primary,primary,minute row deterministic coordinate sample,TRUE1MIN::firstN,EVALUATED_DEVELOPMENT_ONLY,True,PARQUET_FOOTER_NULL_COUNT_FULL_RELEASE,DETERMINISTIC_ROW_GROUP_AND_COORDINATE_SAMPLE,,,
m1_first30_vol,446443583,392722156,0.8796680497925311,216766,52796,0.9999999736092834,190880,0.419279128248114,72208.05779232972,0.0,19998596.0,TRUE1MIN,firstN,primary,primary,minute row deterministic coordinate sample,TRUE1MIN::firstN,EVALUATED_DEVELOPMENT_ONLY,True,PARQUET_FOOTER_NULL_COUNT_FULL_RELEASE,DETERMINISTIC_ROW_GROUP_AND_COORDINATE_SAMPLE,,,
m1_first30_vwap,446443583,392429596,0.8790127374280122,216720,105777,0.999999998034122,190833,0.4193771517504834,16.527633666992188,0.902890682220459,444.9827880859375,TRUE1MIN,firstN,primary,primary,minute row deterministic coordinate sample,TRUE1MIN::firstN,EVALUATED_DEVELOPMENT_ONLY,True,PARQUET_FOOTER_NULL_COUNT_FULL_RELEASE,DETERMINISTIC_ROW_GROUP_AND_COORDINATE_SAMPLE,,,
m1_first30_vwap_return_vs_open,446443583,392429596,0.8790127374280122,216720,94850,0.9999999980341403,190833,0.4193247499122269,0.010895531624555588,-0.1633804440498352,0.19335269927978516,TRUE1MIN,firstN,primary,primary,minute row deterministic coordinate sample,TRUE1MIN::firstN,EVALUATED_DEVELOPMENT_ONLY,True,PARQUET_FOOTER_NULL_COUNT_FULL_RELEASE,DETERMINISTIC_ROW_GROUP_AND_COORDINATE_SAMPLE,,,
m1_first5_amount,446443583,439033731,0.983402489626556,242509,110200,0.9999999992916543,238127,0.44618207931062,24998714.43942269,0.0,5018183680.0,TRUE1MIN,firstN,primary,primary,minute row deterministic coordinate sample,TRUE1MIN::firstN,EVALUATED_DEVELOPMENT_ONLY,True,PARQUET_FOOTER_NULL_COUNT_FULL_RELEASE,DETERMINISTIC_ROW_GROUP_AND_COORDINATE_SAMPLE,,,
m1_first5_bars,446443583,439033731,0.983402489626556,242509,1,0.0,238127,0.0,0.0,5.0,5.0,TRUE1MIN,firstN,primary,primary,minute row deterministic coordinate sample,TRUE1MIN::firstN,EVALUATED_DEVELOPMENT_ONLY,False,PARQUET_FOOTER_NULL_COUNT_FULL_RELEASE,DETERMINISTIC_ROW_GROUP_AND_COORDINATE_SAMPLE,,,
m1_first5_high,446443583,439033731,0.983402489626556,242509,8987,0.9999984980697287,238127,0.43728766582537887,16.680147171020508,0.9300000071525574,452.0,TRUE1MIN,firstN,primary,primary,minute row deterministic coordinate sample,TRUE1MIN::firstN,EVALUATED_DEVELOPMENT_ONLY,True,PARQUET_FOOTER_NULL_COUNT_FULL_RELEASE,DETERMINISTIC_ROW_GROUP_AND_COORDINATE_SAMPLE,,,
m1_first5_last_close,446443583,439033731,0.983402489626556,242509,9059,0.999999221279152,238127,0.4380645621874042,16.524213790893555,0.8999999761581421,446.0,TRUE1MIN,firstN,primary,primary,minute row deterministic coordinate sample,TRUE1MIN::firstN,EVALUATED_DEVELOPMENT_ONLY,True,PARQUET_FOOTER_NULL_COUNT_FULL_RELEASE,DETERMINISTIC_ROW_GROUP_AND_COORDINATE_SAMPLE,,,
m1_first5_last_return_vs_open,446443583,439033731,0.983402489626556,242509,58790,0.9982169107972795,238127,0.44275533643811915,0.010029680095613003,-0.181410551071167,0.19837582111358643,TRUE1MIN,firstN,primary,primary,minute row deterministic coordinate sample,TRUE1MIN::firstN,EVALUATED_DEVELOPMENT_ONLY,True,PARQUET_FOOTER_NULL_COUNT_FULL_RELEASE,DETERMINISTIC_ROW_GROUP_AND_COORDINATE_SAMPLE,,,
m1_first5_low,446443583,439033731,0.983402489626556,242509,8766,0.999998518059132,238127,0.43737165462127353,16.365942001342773,0.8899999856948853,436.010009765625,TRUE1MIN,firstN,primary,primary,minute row deterministic coordinate sample,TRUE1MIN::firstN,EVALUATED_DEVELOPMENT_ONLY,True,PARQUET_FOOTER_NULL_COUNT_FULL_RELEASE,DETERMINISTIC_ROW_GROUP_AND_COORDINATE_SAMPLE,,,
m1_first5_range,446443583,439033731,0.983402489626556,242509,51730,0.9999998586724739,238127,0.4441915448479173,0.00880037434399128,0.0,0.24705886840820312,TRUE1MIN,firstN,primary,primary,minute row deterministic coordinate sample,TRUE1MIN::firstN,EVALUATED_DEVELOPMENT_ONLY,True,PARQUET_FOOTER_NULL_COUNT_FULL_RELEASE,DETERMINISTIC_ROW_GROUP_AND_COORDINATE_SAMPLE,,,
m1_first5_vol,446443583,439033731,0.983402489626556,242509,31252,0.9999998982874355,238127,0.4460141017188307,23529.888365692295,0.0,8686023.0,TRUE1MIN,firstN,primary,primary,minute row deterministic coordinate sample,TRUE1MIN::firstN,EVALUATED_DEVELOPMENT_ONLY,True,PARQUET_FOOTER_NULL_COUNT_FULL_RELEASE,DETERMINISTIC_ROW_GROUP_AND_COORDINATE_SAMPLE,,,
m1_first5_vwap,446443583,438683445,0.9826178753699323,242448,110426,0.9999999995091355,238053,0.44620735718516463,16.513504028320312,0.904183566570282,444.2412109375,TRUE1MIN,firstN,primary,primary,minute row deterministic coordinate sample,TRUE1MIN::firstN,EVALUATED_DEVELOPMENT_ONLY,True,PARQUET_FOOTER_NULL_COUNT_FULL_RELEASE,DETERMINISTIC_ROW_GROUP_AND_COORDINATE_SAMPLE,,,
m1_first5_vwap_return_vs_open,446443583,438683445,0.9826178753699323,242448,93279,0.9999999851749191,238053,0.4461065393000718,0.007101103197783232,-0.11605054140090942,0.18566453456878662,TRUE1MIN,firstN,primary,primary,minute row deterministic coordinate sample,TRUE1MIN::firstN,EVALUATED_DEVELOPMENT_ONLY,True,PARQUET_FOOTER_NULL_COUNT_FULL_RELEASE,DETERMINISTIC_ROW_GROUP_AND_COORDINATE_SAMPLE,,,
open,446443583,446443583,1.0,246569,10994,0.9999994999672445,246174,0.9410376400432214,16.5524845123291,0.9300000071525574,454.989990234375,TRUE1MIN,raw_1min,primary,primary,minute row deterministic coordinate sample,TRUE1MIN::raw_1min,EVALUATED_DEVELOPMENT_ONLY,True,PARQUET_FOOTER_NULL_COUNT_FULL_RELEASE,DETERMINISTIC_ROW_GROUP_AND_COORDINATE_SAMPLE,,,
pct_chg,446443583,446443583,1.0,246569,570,0.9066465975006675,246174,0.8201881595944333,0.15789444744586945,-13.729999542236328,7.309999942779541,TRUE1MIN,raw_1min,primary,primary,minute row deterministic coordinate sample,TRUE1MIN::raw_1min,EVALUATED_DEVELOPMENT_ONLY,True,PARQUET_FOOTER_NULL_COUNT_FULL_RELEASE,DETERMINISTIC_ROW_GROUP_AND_COORDINATE_SAMPLE,,,
ret_1m,446443583,446433373,0.9999771303690124,246565,46641,0.9012433683130349,246168,0.873001364921517,0.0016144566470757127,-0.13731127977371216,0.19996988773345947,TRUE1MIN,raw_1min,primary,primary,minute row deterministic coordinate sample,TRUE1MIN::raw_1min,EVALUATED_DEVELOPMENT_ONLY,True,PARQUET_FOOTER_NULL_COUNT_FULL_RELEASE,DETERMINISTIC_ROW_GROUP_AND_COORDINATE_SAMPLE,,,
vol,446443583,446443583,1.0,246569,9388,0.9998762416963507,246174,0.9886340555866988,982.9412021568581,0.0,418197.0,TRUE1MIN,raw_1min,primary,primary,minute row deterministic coordinate sample,TRUE1MIN::raw_1min,EVALUATED_DEVELOPMENT_ONLY,True,PARQUET_FOOTER_NULL_COUNT_FULL_RELEASE,DETERMINISTIC_ROW_GROUP_AND_COORDINATE_SAMPLE,,,
volume,446443583,446443583,1.0,246569,9388,0.9998762416963507,246174,0.9886340555866988,982.9412021568581,0.0,418197.0,TRUE1MIN,raw_1min,primary,primary,minute row deterministic coordinate sample,TRUE1MIN::raw_1min,EVALUATED_DEVELOPMENT_ONLY,True,PARQUET_FOOTER_NULL_COUNT_FULL_RELEASE,DETERMINISTIC_ROW_GROUP_AND_COORDINATE_SAMPLE,,,
vwap,446443583,431871374,0.9673593494119054,237085,206771,0.9999999998748742,228798,0.9946677855575661,16.462575912475586,0.9314859509468079,454.8621520996094,TRUE1MIN,raw_1min,primary,primary,minute row deterministic coordinate sample,TRUE1MIN::raw_1min,EVALUATED_DEVELOPMENT_ONLY,True,PARQUET_FOOTER_NULL_COUNT_FULL_RELEASE,DETERMINISTIC_ROW_GROUP_AND_COORDINATE_SAMPLE,,,
state_bar_return_sign,446443583,446436341,0.999983778465464,246565,3,0.9410984014533825,246168,0.6259099476780086,0.669318437576294,-1.0,1.0,TRUE1MIN,intraday_derived_state,state-only,state-only,minute row deterministic coordinate sample,TRUE1MIN::intraday_derived_state,EVALUATED_DEVELOPMENT_ONLY,True,DETERMINISTIC_SAMPLE_ESTIMATE,DETERMINISTIC_ROW_GROUP_AND_COORDINATE_SAMPLE,,,
state_intraday_return_sign,446443583,446443583,1.0,246569,3,0.0,246174,0.3280362670306369,0.6576690077781677,-1.0,1.0,TRUE1MIN,intraday_derived_state,state-only,state-only,minute row deterministic coordinate sample,TRUE1MIN::intraday_derived_state,EVALUATED_DEVELOPMENT_ONLY,True,DETERMINISTIC_SAMPLE_ESTIMATE,DETERMINISTIC_ROW_GROUP_AND_COORDINATE_SAMPLE,,,
state_close_range_location_sign,446443583,446443583,1.0,246569,3,0.0,246174,0.6038574341725771,0.7376460433006287,-1.0,1.0,TRUE1MIN,intraday_derived_state,state-only,state-only,minute row deterministic coordinate sample,TRUE1MIN::intraday_derived_state,EVALUATED_DEVELOPMENT_ONLY,True,DETERMINISTIC_SAMPLE_ESTIMATE,DETERMINISTIC_ROW_GROUP_AND_COORDINATE_SAMPLE,,,
fund_accruals_profit_minus_cfo_assets,27648,25608,0.9262152777777778,25608,2084,0.9999977114582,25251,0.06839333095718982,0.049907435706071195,-0.49973478843820834,0.3257500122789113,FUNDAMENTAL,accruals,primary,scale_normalized_ratio,stock-session cross-section,FUNDAMENTAL::accruals::stock-session cross-section::SLOW_CROSS_SECTIONAL_LEVEL,EVALUATED_DEVELOPMENT_ONLY,True,DETERMINISTIC_PIT_MATERIALIZATION_COORDINATES,DETERMINISTIC_PIT_MATERIALIZATION_COORDINATES,0.9262152777777778,cn.rep.dc4c9b40da83dfe4e6c15188fa2c009a,SLOW_CROSS_SECTIONAL_LEVEL
fund_accruals_profit_minus_cfo_assets_at_disclosure,24,24,1.0,24,24,0.9795739585136225,11,1.0,0.06766199692005133,-0.08952488731131658,0.15496480597304094,FUNDAMENTAL,accruals,primary,disclosure_payload__scale_normalized_ratio,disclosure episode,FUNDAMENTAL::accruals::disclosure episode::DISCLOSURE_EVENT,EVALUATED_DEVELOPMENT_ONLY,False,DETERMINISTIC_PIT_MATERIALIZATION_COORDINATES,DETERMINISTIC_PIT_MATERIALIZATION_COORDINATES,1.0,cn.rep.4f3685182195a8bf6933e5d25a015b2a,DISCLOSURE_EVENT
fund_ba_accounts_payable_acceleration,27648,24765,0.8957248263888888,24765,1063,0.9999687296706065,24416,0.029243119266055047,1886720368.5630343,-30286000000.0,24570000000.0,FUNDAMENTAL,working_capital,primary,internally_derived_acceleration,stock-session cross-section,FUNDAMENTAL::working_capital::stock-session cross-section::SLOW_TEMPORAL_CHANGE,EVALUATED_DEVELOPMENT_ONLY,True,DETERMINISTIC_PIT_MATERIALIZATION_COORDINATES,DETERMINISTIC_PIT_MATERIALIZATION_COORDINATES,0.8957248263888888,cn.rep.d6c2a97a2a5c7861d872225dfb1f8538,SLOW_TEMPORAL_CHANGE
fund_ba_accounts_payable_acceleration_at_disclosure,1389,1347,0.9697624190064795,1347,1033,0.9999770820606455,998,0.685370741482966,914515274.9940754,-30286000000.0,24570000000.0,FUNDAMENTAL,working_capital,primary,disclosure_payload__internally_derived_acceleration,disclosure episode,FUNDAMENTAL::working_capital::disclosure episode::DISCLOSURE_EVENT,EVALUATED_DEVELOPMENT_ONLY,True,DETERMINISTIC_PIT_MATERIALIZATION_COORDINATES,DETERMINISTIC_PIT_MATERIALIZATION_COORDINATES,0.9697624190064795,cn.rep.06911c930a45ef19afe35d394e96132c,DISCLOSURE_EVENT
fund_ba_accounts_payable_delta,27648,25043,0.9057798032407407,25043,1396,0.9999800452061887,24692,0.042321399643609266,1435939916.0114408,-15184606189.0,22612000000.0,FUNDAMENTAL,working_capital,primary,internally_derived_delta,stock-session cross-section,FUNDAMENTAL::working_capital::stock-session cross-section::SLOW_TEMPORAL_CHANGE,EVALUATED_DEVELOPMENT_ONLY,True,DETERMINISTIC_PIT_MATERIALIZATION_COORDINATES,DETERMINISTIC_PIT_MATERIALIZATION_COORDINATES,0.9057798032407407,cn.rep.ad831a69db6936ff5a4ab482543449e6,SLOW_TEMPORAL_CHANGE
fund_ba_accounts_payable_delta_at_disclosure,1389,1356,0.9762419006479481,1356,1356,0.9999952830196835,1006,1.0,748489171.4845926,-15184606189.0,22612000000.0,FUNDAMENTAL,working_capital,primary,disclosure_payload__internally_derived_delta,disclosure episode,FUNDAMENTAL::working_capital::disclosure episode::DISCLOSURE_EVENT,EVALUATED_DEVELOPMENT_ONLY,True,DETERMINISTIC_PIT_MATERIALIZATION_COORDINATES,DETERMINISTIC_PIT_MATERIALIZATION_COORDINATES,0.9762419006479481,cn.rep.8f12dfac8707e585fe05f1941ac431a6,DISCLOSURE_EVENT
fund_ba_accounts_payable_persistence,27648,24999,0.9041883680555556,24999,11,0.8577674745971695,24648,0.024545602077247645,1.1187526195883244,1.0,11.0,FUNDAMENTAL,working_capital,primary,internally_derived_persistence,stock-session cross-section,FUNDAMENTAL::working_capital::stock-session cross-section::SLOW_TEMPORAL_CHANGE,EVALUATED_DEVELOPMENT_ONLY,True,DETERMINISTIC_PIT_MATERIALIZATION_COORDINATES,DETERMINISTIC_PIT_MATERIALIZATION_COORDINATES,0.9041883680555556,cn.rep.488543a7597e25f3511ba88eb2a4a255,SLOW_TEMPORAL_CHANGE
fund_ba_accounts_payable_persistence_at_disclosure,1389,1356,0.9762419006479481,1356,10,0.8540257102665818,1006,0.48111332007952284,1.0021771005014681,1.0,11.0,FUNDAMENTAL,working_capital,primary,disclosure_payload__internally_derived_persistence,disclosure episode,FUNDAMENTAL::working_capital::disclosure episode::DISCLOSURE_EVENT,EVALUATED_DEVELOPMENT_ONLY,True,DETERMINISTIC_PIT_MATERIALIZATION_COORDINATES,DETERMINISTIC_PIT_MATERIALIZATION_COORDINATES,0.9762419006479481,cn.rep.fde99c8fae3498fbbdf264bd095016cd,DISCLOSURE_EVENT
fund_ba_accounts_payable_slope,27648,25043,0.9057798032407407,25043,1396,0.9999836581103443,24692,0.042321399643609266,14718911.758677032,-165050067.27173913,245782608.6956522,FUNDAMENTAL,working_capital,primary,internally_derived_slope,stock-session cross-section,FUNDAMENTAL::working_capital::stock-session cross-section::SLOW_TEMPORAL_CHANGE,EVALUATED_DEVELOPMENT_ONLY,True,DETERMINISTIC_PIT_MATERIALIZATION_COORDINATES,DETERMINISTIC_PIT_MATERIALIZATION_COORDINATES,0.9057798032407407,cn.rep.3dede1bcf6596e967f3f9aaef4deba74,SLOW_TEMPORAL_CHANGE
fund_ba_accounts_payable_slope_at_disclosure,1389,1356,0.9762419006479481,1356,1356,0.9999952830196835,1006,1.0,6952135.538136405,-165050067.27173913,245782608.6956522,FUNDAMENTAL,working_capital,primary,disclosure_payload__internally_derived_slope,disclosure episode,FUNDAMENTAL::working_capital::disclosure episode::DISCLOSURE_EVENT,EVALUATED_DEVELOPMENT_ONLY,True,DETERMINISTIC_PIT_MATERIALIZATION_COORDINATES,DETERMINISTIC_PIT_MATERIALIZATION_COORDINATES,0.9762419006479481,cn.rep.547e14679992ebf3e3fe73711799dc62,DISCLOSURE_EVENT
fund_ba_accounts_payable_source_yoy,27648,24402,0.8825954861111112,24402,1685,0.999993643074852,24053,0.055544006984575726,92.71339823115711,-91.7250666009,2203.99560313,FUNDAMENTAL,growth,primary,source_reported_yoy,stock-session cross-section,FUNDAMENTAL::growth::stock-session cross-section::SLOW_TEMPORAL_CHANGE,EVALUATED_DEVELOPMENT_ONLY,True,DETERMINISTIC_PIT_MATERIALIZATION_COORDINATES,DETERMINISTIC_PIT_MATERIALIZATION_COORDINATES,0.8825954861111112,cn.rep.1fd369ad43a0f2850c24b2b4d7f71472,SLOW_TEMPORAL_CHANGE
fund_ba_accounts_payable_source_yoy_at_disclosure,1389,1345,0.9683225341972642,1345,1345,0.9999985098492973,997,1.0,51.55070682753322,-91.7250666009,2203.99560313,FUNDAMENTAL,growth,primary,disclosure_payload__source_reported_yoy,disclosure episode,FUNDAMENTAL::growth::disclosure episode::DISCLOSURE_EVENT,EVALUATED_DEVELOPMENT_ONLY,True,DETERMINISTIC_PIT_MATERIALIZATION_COORDINATES,DETERMINISTIC_PIT_MATERIALIZATION_COORDINATES,0.9683225341972642,cn.rep.e5edeef0fd1346eaa453f950cc68410a,DISCLOSURE_EVENT
fund_ba_accounts_payable_yoy,27648,24402,0.8825954861111112,24402,1683,0.9999888542782892,24053,0.05546085727352097,2148169236.383968,-31212243299.0,30954000000.0,FUNDAMENTAL,growth,primary,internally_derived_yoy,stock-session cross-section,FUNDAMENTAL::growth::stock-session cross-section::SLOW_TEMPORAL_CHANGE,EVALUATED_DEVELOPMENT_ONLY,True,DETERMINISTIC_PIT_MATERIALIZATION_COORDINATES,DETERMINISTIC_PIT_MATERIALIZATION_COORDINATES,0.8825954861111112,cn.rep.9340e79aca86257e85fd5108fe89fc8a,SLOW_TEMPORAL_CHANGE
fund_ba_accounts_payable_yoy_at_disclosure,1389,1345,0.9683225341972642,1345,1344,0.9999985098492973,997,0.9989969909729187,1060580493.8154854,-31212243299.0,30954000000.0,FUNDAMENTAL,growth,primary,disclosure_payload__internally_derived_yoy,disclosure episode,FUNDAMENTAL::growth::disclosure episode::DISCLOSURE_EVENT,EVALUATED_DEVELOPMENT_ONLY,True,DETERMINISTIC_PIT_MATERIALIZATION_COORDINATES,DETERMINISTIC_PIT_MATERIALIZATION_COORDINATES,0.9683225341972642,cn.rep.832d23dd2b86b0dfc6d1a6d2f48e85fc,DISCLOSURE_EVENT
fund_ba_accounts_rece_acceleration,27648,24525,0.8870442708333334,24525,1053,0.9999830385298013,24180,0.029280397022332507,1270263527.887958,-11879171404.329994,25595000000.0,FUNDAMENTAL,working_capital,primary,internally_derived_acceleration,stock-session cross-section,FUNDAMENTAL::working_capital::stock-session cross-section::SLOW_TEMPORAL_CHANGE,EVALUATED_DEVELOPMENT_ONLY,True,DETERMINISTIC_PIT_MATERIALIZATION_COORDINATES,DETERMINISTIC_PIT_MATERIALIZATION_COORDINATES,0.8870442708333334,cn.rep.f0ed2e5b7bd39ce6826c8c04c28db518,SLOW_TEMPORAL_CHANGE
fund_ba_accounts_rece_acceleration_at_disclosure,1377,1334,0.9687726942628904,1334,1023,0.9999777155590199,989,0.6855409504550051,641207597.3192246,-11879171404.329994,25595000000.0,FUNDAMENTAL,working_capital,primary,disclosure_payload__internally_derived_acceleration,disclosure episode,FUNDAMENTAL::working_capital::disclosure episode::DISCLOSURE_EVENT,EVALUATED_DEVELOPMENT_ONLY,True,DETERMINISTIC_PIT_MATERIALIZATION_COORDINATES,DETERMINISTIC_PIT_MATERIALIZATION_COORDINATES,0.9687726942628904,cn.rep.8fa9dc546e8973e936d53ce12e07f98a,DISCLOSURE_EVENT
fund_ba_accounts_rece_delta,27648,24779,0.8962311921296297,24779,1383,0.9999946920245092,24431,0.04236420940608244,1026639446.9457335,-9362555229.96,24378000000.0,FUNDAMENTAL,working_capital,primary,internally_derived_delta,stock-session cross-section,FUNDAMENTAL::working_capital::stock-session cross-section::SLOW_TEMPORAL_CHANGE,EVALUATED_DEVELOPMENT_ONLY,True,DETERMINISTIC_PIT_MATERIALIZATION_COORDINATES,DETERMINISTIC_PIT_MATERIALIZATION_COORDINATES,0.8953631365740741,cn.rep.c4de4ea9482451d568484fa2e8f38759,SLOW_TEMPORAL_CHANGE
fund_ba_accounts_rece_delta_at_disclosure,1377,1344,0.9760348583877996,1344,1344,1.0,997,1.0,473442714.3499748,-9362555229.96,24378000000.0,FUNDAMENTAL,working_capital,primary,disclosure_payload__internally_derived_delta,disclosure episode,FUNDAMENTAL::working_capital::disclosure episode::DISCLOSURE_EVENT,EVALUATED_DEVELOPMENT_ONLY,True,DETERMINISTIC_PIT_MATERIALIZATION_COORDINATES,DETERMINISTIC_PIT_MATERIALIZATION_COORDINATES,0.9753086419753086,cn.rep.634fecb55eddc85d9bd24d94b8d0d4ef,DISCLOSURE_EVENT
fund_ba_accounts_rece_persistence,27648,24658,0.8918547453703703,24658,13,0.894430223649607,24309,0.02546381998436793,1.3859505264183871,1.0,13.0,FUNDAMENTAL,working_capital,primary,internally_derived_persistence,stock-session cross-section,FUNDAMENTAL::working_capital::stock-session cross-section::SLOW_TEMPORAL_CHANGE,EVALUATED_DEVELOPMENT_ONLY,True,DETERMINISTIC_PIT_MATERIALIZATION_COORDINATES,DETERMINISTIC_PIT_MATERIALIZATION_COORDINATES,0.8918547453703703,cn.rep.a26e7f616ea12b9a29d8b7d14ebaddc0,SLOW_TEMPORAL_CHANGE
fund_ba_accounts_rece_persistence_at_disclosure,1377,1340,0.9731299927378358,1340,13,0.7929504159994943,992,0.4737903225806452,1.143392954718693,1.0,13.0,FUNDAMENTAL,working_capital,primary,disclosure_payload__internally_derived_persistence,disclosure episode,FUNDAMENTAL::working_capital::disclosure episode::DISCLOSURE_EVENT,EVALUATED_DEVELOPMENT_ONLY,True,DETERMINISTIC_PIT_MATERIALIZATION_COORDINATES,DETERMINISTIC_PIT_MATERIALIZATION_COORDINATES,0.9731299927378358,cn.rep.0e0419af225fa6e68bb7adefec288c6d,DISCLOSURE_EVENT
fund_ba_accounts_rece_slope,27648,24779,0.8962311921296297,24779,1383,0.9999845485772751,24431,0.04236420940608244,10393174.057615485,-51442611.15362637,264978260.86956522,FUNDAMENTAL,working_capital,primary,internally_derived_slope,stock-session cross-section,FUNDAMENTAL::working_capital::stock-session cross-section::SLOW_TEMPORAL_CHANGE,EVALUATED_DEVELOPMENT_ONLY,True,DETERMINISTIC_PIT_MATERIALIZATION_COORDINATES,DETERMINISTIC_PIT_MATERIALIZATION_COORDINATES,0.8953631365740741,cn.rep.5752df468f0b32c091ae7f5a0c578e5a,SLOW_TEMPORAL_CHANGE
fund_ba_accounts_rece_slope_at_disclosure,1377,1344,0.9760348583877996,1344,1344,1.0,997,1.0,4160350.2041350794,-51442611.15362637,264978260.86956522,FUNDAMENTAL,working_capital,primary,disclosure_payload__internally_derived_slope,disclosure episode,FUNDAMENTAL::working_capital::disclosure episode::DISCLOSURE_EVENT,EVALUATED_DEVELOPMENT_ONLY,True,DETERMINISTIC_PIT_MATERIALIZATION_COORDINATES,DETERMINISTIC_PIT_MATERIALIZATION_COORDINATES,0.9753086419753086,cn.rep.663f8c4b2426677fa7730b30dbe4595e,DISCLOSURE_EVENT
fund_ba_accounts_rece_source_yoy,27648,24186,0.8747829861111112,24186,1670,0.9999970613481336,23840,0.05553691275167785,927.2876588234119,-95.7893263684,42938.1980421053,FUNDAMENTAL,growth,primary,source_reported_yoy,stock-session cross-section,FUNDAMENTAL::growth::stock-session cross-section::SLOW_TEMPORAL_CHANGE,EVALUATED_DEVELOPMENT_ONLY,True,DETERMINISTIC_PIT_MATERIALIZATION_COORDINATES,DETERMINISTIC_PIT_MATERIALIZATION_COORDINATES,0.8747829861111112,cn.rep.92b6dc2ae1855cd810d77a65ce643c7b,SLOW_TEMPORAL_CHANGE
fund_ba_accounts_rece_source_yoy_at_disclosure,1377,1333,0.9680464778503994,1333,1333,0.9999944263647375,988,1.0,191.2836259296153,-95.7893263684,42938.1980421053,FUNDAMENTAL,growth,primary,disclosure_payload__source_reported_yoy,disclosure episode,FUNDAMENTAL::growth::disclosure episode::DISCLOSURE_EVENT,EVALUATED_DEVELOPMENT_ONLY,True,DETERMINISTIC_PIT_MATERIALIZATION_COORDINATES,DETERMINISTIC_PIT_MATERIALIZATION_COORDINATES,0.9680464778503994,cn.rep.7c76bcb8c4beb063a76e72883eccb56e,DISCLOSURE_EVENT
fund_ba_accounts_rece_yoy,27648,24186,0.8747829861111112,24186,1668,0.9999956792758836,23840,0.05545302013422819,1301411367.283165,-11124000000.0,18892000000.0,FUNDAMENTAL,growth,primary,internally_derived_yoy,stock-session cross-section,FUNDAMENTAL::growth::stock-session cross-section::SLOW_TEMPORAL_CHANGE,EVALUATED_DEVELOPMENT_ONLY,True,DETERMINISTIC_PIT_MATERIALIZATION_COORDINATES,DETERMINISTIC_PIT_MATERIALIZATION_COORDINATES,0.8747829861111112,cn.rep.ef9f689be2744c528afc3f052bafc700,SLOW_TEMPORAL_CHANGE
fund_ba_accounts_rece_yoy_at_disclosure,1377,1333,0.9680464778503994,1333,1332,0.9999944263647375,988,0.9989878542510121,897543771.4098767,-11124000000.0,18892000000.0,FUNDAMENTAL,growth,primary,disclosure_payload__internally_derived_yoy,disclosure episode,FUNDAMENTAL::growth::disclosure episode::DISCLOSURE_EVENT,EVALUATED_DEVELOPMENT_ONLY,True,DETERMINISTIC_PIT_MATERIALIZATION_COORDINATES,DETERMINISTIC_PIT_MATERIALIZATION_COORDINATES,0.9680464778503994,cn.rep.d6aa530d5c5566129596f7867cf85c1a,DISCLOSURE_EVENT
fund_ba_fixed_asset_acceleration,27648,25197,0.9113498263888888,25197,1081,0.9999852377304911,24842,0.02922470010466146,1412407286.6216054,-8065820000.0,30050000000.0,FUNDAMENTAL,capital_investment,primary,internally_derived_acceleration,stock-session cross-section,FUNDAMENTAL::capital_investment::stock-session cross-section::SLOW_TEMPORAL_CHANGE,EVALUATED_DEVELOPMENT_ONLY,True,DETERMINISTIC_PIT_MATERIALIZATION_COORDINATES,DETERMINISTIC_PIT_MATERIALIZATION_COORDINATES,0.9113498263888888,cn.rep.5c02f96890e0510f6730f795ec60b4c2,SLOW_TEMPORAL_CHANGE
fund_ba_fixed_asset_acceleration_at_disclosure,1389,1371,0.9870410367170627,1371,1051,0.999985502259055,1016,0.6850393700787402,919960034.2253395,-8065820000.0,30050000000.0,FUNDAMENTAL,capital_investment,primary,disclosure_payload__internally_derived_acceleration,disclosure episode,FUNDAMENTAL::capital_investment::disclosure episode::DISCLOSURE_EVENT,EVALUATED_DEVELOPMENT_ONLY,True,DETERMINISTIC_PIT_MATERIALIZATION_COORDINATES,DETERMINISTIC_PIT_MATERIALIZATION_COORDINATES,0.9870410367170627,cn.rep.4b82b3bda5d6edb5df596ed3c0350fd5,DISCLOSURE_EVENT
fund_ba_fixed_asset_delta,27648,25475,0.9214048032407407,25475,1420,0.9999923310611428,25118,0.04232024842742257,1007469103.6808344,-10040000000.0,21427000000.0,FUNDAMENTAL,capital_investment,primary,internally_derived_delta,stock-session cross-section,FUNDAMENTAL::capital_investment::stock-session cross-section::SLOW_TEMPORAL_CHANGE,EVALUATED_DEVELOPMENT_ONLY,True,DETERMINISTIC_PIT_MATERIALIZATION_COORDINATES,DETERMINISTIC_PIT_MATERIALIZATION_COORDINATES,0.9214048032407407,cn.rep.267cfe04ddf909c4606bb866d3e36342,SLOW_TEMPORAL_CHANGE
fund_ba_fixed_asset_delta_at_disclosure,1389,1380,0.9935205183585313,1380,1380,0.9999954633859623,1024,1.0,678112076.937612,-10040000000.0,21427000000.0,FUNDAMENTAL,capital_investment,primary,disclosure_payload__internally_derived_delta,disclosure episode,FUNDAMENTAL::capital_investment::disclosure episode::DISCLOSURE_EVENT,EVALUATED_DEVELOPMENT_ONLY,True,DETERMINISTIC_PIT_MATERIALIZATION_COORDINATES,DETERMINISTIC_PIT_MATERIALIZATION_COORDINATES,0.9935205183585313,cn.rep.8c5d4142f21f2620741da4fd5622915f,DISCLOSURE_EVENT
fund_ba_fixed_asset_persistence,27648,25363,0.9173538773148148,25363,33,0.8330808863672998,25006,0.02691354075021995,4.145917951948683,1.0,44.0,FUNDAMENTAL,capital_investment,primary,internally_derived_persistence,stock-session cross-section,FUNDAMENTAL::capital_investment::stock-session cross-section::SLOW_TEMPORAL_CHANGE,EVALUATED_DEVELOPMENT_ONLY,True,DETERMINISTIC_PIT_MATERIALIZATION_COORDINATES,DETERMINISTIC_PIT_MATERIALIZATION_COORDINATES,0.9173538773148148,cn.rep.b15224b3fda0604a911eae505791ffe0,SLOW_TEMPORAL_CHANGE
fund_ba_fixed_asset_persistence_at_disclosure,1389,1377,0.9913606911447084,1377,26,0.8422851221143457,1021,0.43290891283055827,2.87393296754963,1.0,44.0,FUNDAMENTAL,capital_investment,primary,disclosure_payload__internally_derived_persistence,disclosure episode,FUNDAMENTAL::capital_investment::disclosure episode::DISCLOSURE_EVENT,EVALUATED_DEVELOPMENT_ONLY,True,DETERMINISTIC_PIT_MATERIALIZATION_COORDINATES,DETERMINISTIC_PIT_MATERIALIZATION_COORDINATES,0.9913606911447084,cn.rep.85c56494c075671a8e1fc4a7e25d2c02,DISCLOSURE_EVENT
fund_ba_fixed_asset_slope,27648,25475,0.9214048032407407,25475,1420,0.9999816491793299,25118,0.04232024842742257,9888185.498500802,-110329670.32967032,232902173.91304347,FUNDAMENTAL,capital_investment,primary,internally_derived_slope,stock-session cross-section,FUNDAMENTAL::capital_investment::stock-session cross-section::SLOW_TEMPORAL_CHANGE,EVALUATED_DEVELOPMENT_ONLY,True,DETERMINISTIC_PIT_MATERIALIZATION_COORDINATES,DETERMINISTIC_PIT_MATERIALIZATION_COORDINATES,0.9214048032407407,cn.rep.c98c235bf41da36c15fcdde9c87f35dd,SLOW_TEMPORAL_CHANGE
fund_ba_fixed_asset_slope_at_disclosure,1389,1380,0.9935205183585313,1380,1380,0.9999954633859623,1024,1.0,6089226.482073567,-110329670.32967032,232902173.91304347,FUNDAMENTAL,capital_investment,primary,disclosure_payload__internally_derived_slope,disclosure episode,FUNDAMENTAL::capital_investment::disclosure episode::DISCLOSURE_EVENT,EVALUATED_DEVELOPMENT_ONLY,True,DETERMINISTIC_PIT_MATERIALIZATION_COORDINATES,DETERMINISTIC_PIT_MATERIALIZATION_COORDINATES,0.9935205183585313,cn.rep.295031477b69f6b5d115a532d85ee7fe,DISCLOSURE_EVENT
fund_ba_fixed_asset_source_yoy,27648,24834,0.8982204861111112,24834,1715,0.9999926831050128,24479,0.0555578250745537,112.70454713584503,-89.8325203772,3116.3693473783,FUNDAMENTAL,growth,primary,source_reported_yoy,stock-session cross-section,FUNDAMENTAL::growth::stock-session cross-section::SLOW_TEMPORAL_CHANGE,EVALUATED_DEVELOPMENT_ONLY,True,DETERMINISTIC_PIT_MATERIALIZATION_COORDINATES,DETERMINISTIC_PIT_MATERIALIZATION_COORDINATES,0.8982204861111112,cn.rep.02847d1b9d27a94f4c8b2ea228844017,SLOW_TEMPORAL_CHANGE
fund_ba_fixed_asset_source_yoy_at_disclosure,1389,1369,0.9856011519078474,1369,1369,0.9999939349800416,1015,1.0,71.64162739901246,-89.8325203772,3116.3693473783,FUNDAMENTAL,growth,primary,disclosure_payload__source_reported_yoy,disclosure episode,FUNDAMENTAL::growth::disclosure episode::DISCLOSURE_EVENT,EVALUATED_DEVELOPMENT_ONLY,True,DETERMINISTIC_PIT_MATERIALIZATION_COORDINATES,DETERMINISTIC_PIT_MATERIALIZATION_COORDINATES,0.9856011519078474,cn.rep.2b6f7a83b49235ff52dd4eec2825f0f1,DISCLOSURE_EVENT
fund_ba_fixed_asset_yoy,27648,24834,0.8982204861111112,24834,1713,0.9999945127059334,24479,0.05547612239062053,2018671740.1051679,-29687000000.0,52243000000.0,FUNDAMENTAL,growth,primary,internally_derived_yoy,stock-session cross-section,FUNDAMENTAL::growth::stock-session cross-section::SLOW_TEMPORAL_CHANGE,EVALUATED_DEVELOPMENT_ONLY,True,DETERMINISTIC_PIT_MATERIALIZATION_COORDINATES,DETERMINISTIC_PIT_MATERIALIZATION_COORDINATES,0.8982204861111112,cn.rep.1464e84dce96079b3005269a30273d67,SLOW_TEMPORAL_CHANGE
fund_ba_fixed_asset_yoy_at_disclosure,1389,1369,0.9856011519078474,1369,1368,0.9999939349800416,1015,0.9990147783251232,1057490391.1749266,-29687000000.0,15255344000.0,FUNDAMENTAL,growth,primary,disclosure_payload__internally_derived_yoy,disclosure episode,FUNDAMENTAL::growth::disclosure episode::DISCLOSURE_EVENT,EVALUATED_DEVELOPMENT_ONLY,True,DETERMINISTIC_PIT_MATERIALIZATION_COORDINATES,DETERMINISTIC_PIT_MATERIALIZATION_COORDINATES,0.9856011519078474,cn.rep.d7ba8f2e353439b86ed6bafb4adf5259,DISCLOSURE_EVENT
fund_ba_inventory_acceleration,27648,24366,0.8812934027777778,24366,1047,0.9999795751723081,24022,0.029264840562817418,2501442043.0535398,-52312145057.50989,41550546394.68994,FUNDAMENTAL,working_capital,primary,internally_derived_acceleration,stock-session cross-section,FUNDAMENTAL::working_capital::stock-session cross-section::SLOW_TEMPORAL_CHANGE,EVALUATED_DEVELOPMENT_ONLY,True,DETERMINISTIC_PIT_MATERIALIZATION_COORDINATES,DETERMINISTIC_PIT_MATERIALIZATION_COORDINATES,0.8812934027777778,cn.rep.43ea4aa35dbfc5cc9dccf9b712a3559a,SLOW_TEMPORAL_CHANGE
fund_ba_inventory_acceleration_at_disclosure,1353,1325,0.9793052475979305,1325,1017,0.9999894244549717,981,0.6860346585117227,940052085.472237,-52312145057.50989,41550546394.68994,FUNDAMENTAL,working_capital,primary,disclosure_payload__internally_derived_acceleration,disclosure episode,FUNDAMENTAL::working_capital::disclosure episode::DISCLOSURE_EVENT,EVALUATED_DEVELOPMENT_ONLY,True,DETERMINISTIC_PIT_MATERIALIZATION_COORDINATES,DETERMINISTIC_PIT_MATERIALIZATION_COORDINATES,0.9793052475979305,cn.rep.408cff2592e5b6515fdfb1a6febc2022,DISCLOSURE_EVENT
fund_ba_inventory_delta,27648,24683,0.8927589699074074,24683,1376,0.9999834704243766,24337,0.042322389776882935,1596000930.371901,-51263673374.29993,18544000000.0,FUNDAMENTAL,working_capital,primary,internally_derived_delta,stock-session cross-section,FUNDAMENTAL::working_capital::stock-session cross-section::SLOW_TEMPORAL_CHANGE,EVALUATED_DEVELOPMENT_ONLY,True,DETERMINISTIC_PIT_MATERIALIZATION_COORDINATES,DETERMINISTIC_PIT_MATERIALIZATION_COORDINATES,0.8927589699074074,cn.rep.9c2035832d88dc6f3d33c3c962872931,SLOW_TEMPORAL_CHANGE
fund_ba_inventory_delta_at_disclosure,1353,1336,0.9874353288987435,1336,1336,0.9999935337244852,991,1.0,773930875.2965838,-51263673374.29993,18544000000.0,FUNDAMENTAL,working_capital,primary,disclosure_payload__internally_derived_delta,disclosure episode,FUNDAMENTAL::working_capital::disclosure episode::DISCLOSURE_EVENT,EVALUATED_DEVELOPMENT_ONLY,True,DETERMINISTIC_PIT_MATERIALIZATION_COORDINATES,DETERMINISTIC_PIT_MATERIALIZATION_COORDINATES,0.9874353288987435,cn.rep.211dc57857f6be6d920d2dba28f20612,DISCLOSURE_EVENT
fund_ba_inventory_persistence,27648,24585,0.8892144097222222,24585,15,0.8012466381063066,24239,0.023227030818103057,1.6120020956153716,1.0,21.0,FUNDAMENTAL,working_capital,primary,internally_derived_persistence,stock-session cross-section,FUNDAMENTAL::working_capital::stock-session cross-section::SLOW_TEMPORAL_CHANGE,EVALUATED_DEVELOPMENT_ONLY,True,DETERMINISTIC_PIT_MATERIALIZATION_COORDINATES,DETERMINISTIC_PIT_MATERIALIZATION_COORDINATES,0.8892144097222222,cn.rep.fceeb7d418908ac9ff4fde964a7a7bbd,SLOW_TEMPORAL_CHANGE
fund_ba_inventory_persistence_at_disclosure,1353,1333,0.9852180339985218,1333,14,0.8110234727127239,988,0.4382591093117409,1.2326852697905968,1.0,21.0,FUNDAMENTAL,working_capital,primary,disclosure_payload__internally_derived_persistence,disclosure episode,FUNDAMENTAL::working_capital::disclosure episode::DISCLOSURE_EVENT,EVALUATED_DEVELOPMENT_ONLY,True,DETERMINISTIC_PIT_MATERIALIZATION_COORDINATES,DETERMINISTIC_PIT_MATERIALIZATION_COORDINATES,0.9852180339985218,cn.rep.b33fe5d644c6da3e3cd2e101b33f5fe5,DISCLOSURE_EVENT
fund_ba_inventory_slope,27648,24683,0.8927589699074074,24683,1376,0.9999911160800019,24337,0.042322389776882935,15162251.067710128,-445077744.0821976,201565217.39130434,FUNDAMENTAL,working_capital,primary,internally_derived_slope,stock-session cross-section,FUNDAMENTAL::working_capital::stock-session cross-section::SLOW_TEMPORAL_CHANGE,EVALUATED_DEVELOPMENT_ONLY,True,DETERMINISTIC_PIT_MATERIALIZATION_COORDINATES,DETERMINISTIC_PIT_MATERIALIZATION_COORDINATES,0.8927589699074074,cn.rep.7c88a193c3feeaa5cbbdbce9f8e81afe,SLOW_TEMPORAL_CHANGE
fund_ba_inventory_slope_at_disclosure,1353,1336,0.9874353288987435,1336,1336,0.9999935337244852,991,1.0,7032410.253367588,-445077744.0821976,201565217.39130434,FUNDAMENTAL,working_capital,primary,disclosure_payload__internally_derived_slope,disclosure episode,FUNDAMENTAL::working_capital::disclosure episode::DISCLOSURE_EVENT,EVALUATED_DEVELOPMENT_ONLY,True,DETERMINISTIC_PIT_MATERIALIZATION_COORDINATES,DETERMINISTIC_PIT_MATERIALIZATION_COORDINATES,0.9874353288987435,cn.rep.14465ec3c2c6f007c7b908c66cd7e391,DISCLOSURE_EVENT
fund_ba_inventory_source_yoy,27648,24010,0.8684172453703703,24010,1658,0.9999929818411898,23666,0.05552269078002197,1551.249129370181,-99.9100548863,118253.1698168,FUNDAMENTAL,growth,primary,source_reported_yoy,stock-session cross-section,FUNDAMENTAL::growth::stock-session cross-section::SLOW_TEMPORAL_CHANGE,EVALUATED_DEVELOPMENT_ONLY,True,DETERMINISTIC_PIT_MATERIALIZATION_COORDINATES,DETERMINISTIC_PIT_MATERIALIZATION_COORDINATES,0.8684172453703703,cn.rep.c093cabc6e22a65289fca2e8e636864e,SLOW_TEMPORAL_CHANGE
fund_ba_inventory_source_yoy_at_disclosure,1353,1324,0.9785661492978566,1324,1324,0.9999950520159532,981,1.0,71.91224925058006,-99.9100548863,5169.6459576397,FUNDAMENTAL,growth,primary,disclosure_payload__source_reported_yoy,disclosure episode,FUNDAMENTAL::growth::disclosure episode::DISCLOSURE_EVENT,EVALUATED_DEVELOPMENT_ONLY,True,DETERMINISTIC_PIT_MATERIALIZATION_COORDINATES,DETERMINISTIC_PIT_MATERIALIZATION_COORDINATES,0.9785661492978566,cn.rep.cc63146177e3f696e1c9c8c118686225,DISCLOSURE_EVENT
fund_ba_inventory_yoy,27648,24010,0.8684172453703703,24010,1656,0.9999952134495724,23666,0.05543818135722133,2255491323.1570067,-90717276402.56995,14512000000.0,FUNDAMENTAL,growth,primary,internally_derived_yoy,stock-session cross-section,FUNDAMENTAL::growth::stock-session cross-section::SLOW_TEMPORAL_CHANGE,EVALUATED_DEVELOPMENT_ONLY,True,DETERMINISTIC_PIT_MATERIALIZATION_COORDINATES,DETERMINISTIC_PIT_MATERIALIZATION_COORDINATES,0.8684172453703703,cn.rep.027d3e785f2ce3461e1ad8a61551d921,SLOW_TEMPORAL_CHANGE
fund_ba_inventory_yoy_at_disclosure,1353,1324,0.9785661492978566,1324,1323,0.9999950520159532,981,0.9989806320081549,1061298999.0750558,-90717276402.56995,14512000000.0,FUNDAMENTAL,growth,primary,disclosure_payload__internally_derived_yoy,disclosure episode,FUNDAMENTAL::growth::disclosure episode::DISCLOSURE_EVENT,EVALUATED_DEVELOPMENT_ONLY,True,DETERMINISTIC_PIT_MATERIALIZATION_COORDINATES,DETERMINISTIC_PIT_MATERIALIZATION_COORDINATES,0.9785661492978566,cn.rep.3d45f01bc35dadb18a97ce5b7811cff9,DISCLOSURE_EVENT
fund_ba_monetaryfunds_acceleration,27648,24837,0.8983289930555556,24837,1066,0.9999780417763736,24487,0.02924000490055948,6180280875.333523,-58071000000.0,153583000000.0,FUNDAMENTAL,liquidity_solvency,primary,internally_derived_acceleration,stock-session cross-section,FUNDAMENTAL::liquidity_solvency::stock-session cross-section::SLOW_TEMPORAL_CHANGE,EVALUATED_DEVELOPMENT_ONLY,True,DETERMINISTIC_PIT_MATERIALIZATION_COORDINATES,DETERMINISTIC_PIT_MATERIALIZATION_COORDINATES,0.8983289930555556,cn.rep.dc8813f1b7a7d35c43e93e7632261dc8,SLOW_TEMPORAL_CHANGE
fund_ba_monetaryfunds_acceleration_at_disclosure,1369,1351,0.9868517165814463,1351,1036,0.999990600125769,1001,0.6853146853146853,2580146779.999104,-58071000000.0,153583000000.0,FUNDAMENTAL,liquidity_solvency,primary,disclosure_payload__internally_derived_acceleration,disclosure episode,FUNDAMENTAL::liquidity_solvency::disclosure episode::DISCLOSURE_EVENT,EVALUATED_DEVELOPMENT_ONLY,True,DETERMINISTIC_PIT_MATERIALIZATION_COORDINATES,DETERMINISTIC_PIT_MATERIALIZATION_COORDINATES,0.9868517165814463,cn.rep.2514ece95d57cd79c77d45dafd4a4417,DISCLOSURE_EVENT
fund_ba_monetaryfunds_delta,27648,25115,0.9083839699074074,25115,1400,0.999995892664159,24763,0.04232120502362396,3412781480.9532876,-167491000000.0,51927000000.0,FUNDAMENTAL,liquidity_solvency,primary,internally_derived_delta,stock-session cross-section,FUNDAMENTAL::liquidity_solvency::stock-session cross-section::SLOW_TEMPORAL_CHANGE,EVALUATED_DEVELOPMENT_ONLY,True,DETERMINISTIC_PIT_MATERIALIZATION_COORDINATES,DETERMINISTIC_PIT_MATERIALIZATION_COORDINATES,0.9083839699074074,cn.rep.f8c3a827e47328f3cb6d98e9b75a74ef,SLOW_TEMPORAL_CHANGE
fund_ba_monetaryfunds_delta_at_disclosure,1369,1360,0.9934258582907232,1360,1360,1.0,1009,1.0,1964557291.1757596,-167491000000.0,51927000000.0,FUNDAMENTAL,liquidity_solvency,primary,disclosure_payload__internally_derived_delta,disclosure episode,FUNDAMENTAL::liquidity_solvency::disclosure episode::DISCLOSURE_EVENT,EVALUATED_DEVELOPMENT_ONLY,True,DETERMINISTIC_PIT_MATERIALIZATION_COORDINATES,DETERMINISTIC_PIT_MATERIALIZATION_COORDINATES,0.9934258582907232,cn.rep.b727f242ae9bcf70ab9a15e4a1a04b8f,DISCLOSURE_EVENT
fund_ba_monetaryfunds_persistence,27648,25065,0.9065755208333334,25065,11,0.7965646004845679,24713,0.02249828025735443,0.9919454924775705,1.0,11.0,FUNDAMENTAL,liquidity_solvency,primary,internally_derived_persistence,stock-session cross-section,FUNDAMENTAL::liquidity_solvency::stock-session cross-section::SLOW_TEMPORAL_CHANGE,EVALUATED_DEVELOPMENT_ONLY,True,DETERMINISTIC_PIT_MATERIALIZATION_COORDINATES,DETERMINISTIC_PIT_MATERIALIZATION_COORDINATES,0.9065755208333334,cn.rep.a81637b00f40fd862c85bc473c0a9421,SLOW_TEMPORAL_CHANGE
fund_ba_monetaryfunds_persistence_at_disclosure,1369,1357,0.9912344777209642,1357,10,0.8081821428041295,1006,0.4294234592445328,0.9575531973314751,1.0,11.0,FUNDAMENTAL,liquidity_solvency,primary,disclosure_payload__internally_derived_persistence,disclosure episode,FUNDAMENTAL::liquidity_solvency::disclosure episode::DISCLOSURE_EVENT,EVALUATED_DEVELOPMENT_ONLY,True,DETERMINISTIC_PIT_MATERIALIZATION_COORDINATES,DETERMINISTIC_PIT_MATERIALIZATION_COORDINATES,0.9912344777209642,cn.rep.cae44d0738b5b65f9efe406632bda8be,DISCLOSURE_EVENT
fund_ba_monetaryfunds_slope,27648,25115,0.9083839699074074,25115,1400,0.9999913728884242,24763,0.04232120502362396,34376605.346998535,-1840560439.5604396,285313186.8131868,FUNDAMENTAL,liquidity_solvency,primary,internally_derived_slope,stock-session cross-section,FUNDAMENTAL::liquidity_solvency::stock-session cross-section::SLOW_TEMPORAL_CHANGE,EVALUATED_DEVELOPMENT_ONLY,True,DETERMINISTIC_PIT_MATERIALIZATION_COORDINATES,DETERMINISTIC_PIT_MATERIALIZATION_COORDINATES,0.9083839699074074,cn.rep.88830b1feedf067bf66052f79ad53540,SLOW_TEMPORAL_CHANGE
fund_ba_monetaryfunds_slope_at_disclosure,1369,1360,0.9934258582907232,1360,1360,1.0,1009,1.0,18547755.633169442,-1840560439.5604396,285313186.8131868,FUNDAMENTAL,liquidity_solvency,primary,disclosure_payload__internally_derived_slope,disclosure episode,FUNDAMENTAL::liquidity_solvency::disclosure episode::DISCLOSURE_EVENT,EVALUATED_DEVELOPMENT_ONLY,True,DETERMINISTIC_PIT_MATERIALIZATION_COORDINATES,DETERMINISTIC_PIT_MATERIALIZATION_COORDINATES,0.9934258582907232,cn.rep.9a9367646b941cabe1ac4e29850f03a8,DISCLOSURE_EVENT
fund_ba_monetaryfunds_source_yoy,27648,24474,0.8851996527777778,24474,1690,0.999993261615007,24124,0.05554634388990217,138.49585014832067,-94.413296792,4456.1607938465,FUNDAMENTAL,growth,primary,source_reported_yoy,stock-session cross-section,FUNDAMENTAL::growth::stock-session cross-section::SLOW_TEMPORAL_CHANGE,EVALUATED_DEVELOPMENT_ONLY,True,DETERMINISTIC_PIT_MATERIALIZATION_COORDINATES,DETERMINISTIC_PIT_MATERIALIZATION_COORDINATES,0.8851996527777778,cn.rep.83f91e44d14c97c01ba7d130f2112df8,SLOW_TEMPORAL_CHANGE
fund_ba_monetaryfunds_source_yoy_at_disclosure,1369,1349,0.985390796201607,1349,1349,0.9999945576985019,1000,1.0,80.07317994119893,-94.413296792,4456.1607938465,FUNDAMENTAL,growth,primary,disclosure_payload__source_reported_yoy,disclosure episode,FUNDAMENTAL::growth::disclosure episode::DISCLOSURE_EVENT,EVALUATED_DEVELOPMENT_ONLY,True,DETERMINISTIC_PIT_MATERIALIZATION_COORDINATES,DETERMINISTIC_PIT_MATERIALIZATION_COORDINATES,0.985390796201607,cn.rep.5663e919a6cb2d1fd51e4f7775e7dfad,DISCLOSURE_EVENT
fund_ba_monetaryfunds_yoy,27648,24474,0.8851996527777778,24474,1688,0.9999981608884222,24124,0.05546343889902172,6741882315.995173,-156036000000.0,83590000000.0,FUNDAMENTAL,growth,primary,internally_derived_yoy,stock-session cross-section,FUNDAMENTAL::growth::stock-session cross-section::SLOW_TEMPORAL_CHANGE,EVALUATED_DEVELOPMENT_ONLY,True,DETERMINISTIC_PIT_MATERIALIZATION_COORDINATES,DETERMINISTIC_PIT_MATERIALIZATION_COORDINATES,0.8851996527777778,cn.rep.f92963353f73aa12c9c59f1fb31411b5,SLOW_TEMPORAL_CHANGE
fund_ba_monetaryfunds_yoy_at_disclosure,1369,1349,0.985390796201607,1349,1348,0.9999945576985019,1000,0.999,3288299930.269618,-156036000000.0,83590000000.0,FUNDAMENTAL,growth,primary,disclosure_payload__internally_derived_yoy,disclosure episode,FUNDAMENTAL::growth::disclosure episode::DISCLOSURE_EVENT,EVALUATED_DEVELOPMENT_ONLY,True,DETERMINISTIC_PIT_MATERIALIZATION_COORDINATES,DETERMINISTIC_PIT_MATERIALIZATION_COORDINATES,0.985390796201607,cn.rep.0fc7413525becefcb21e7e828cd0de50,DISCLOSURE_EVENT
fund_ba_total_assets_acceleration,27648,25450,0.9205005787037037,25450,1095,0.9999645803028842,25091,0.029333227053525167,7520326306.079814,-65767000000.0,235920000000.0,FUNDAMENTAL,size,primary,internally_derived_acceleration,stock-session cross-section,FUNDAMENTAL::size::stock-session cross-section::SLOW_TEMPORAL_CHANGE,EVALUATED_DEVELOPMENT_ONLY,True,DETERMINISTIC_PIT_MATERIALIZATION_COORDINATES,DETERMINISTIC_PIT_MATERIALIZATION_COORDINATES,0.9205005787037037,cn.rep.01d7e06eb10cf2cf586da292ac477b38,SLOW_TEMPORAL_CHANGE
fund_ba_total_assets_acceleration_at_disclosure,1389,1385,0.9971202303815695,1385,1062,0.9999760099117698,1027,0.685491723466407,3676844593.5579224,-65767000000.0,235920000000.0,FUNDAMENTAL,size,primary,disclosure_payload__internally_derived_acceleration,disclosure episode,FUNDAMENTAL::size::disclosure episode::DISCLOSURE_EVENT,EVALUATED_DEVELOPMENT_ONLY,True,DETERMINISTIC_PIT_MATERIALIZATION_COORDINATES,DETERMINISTIC_PIT_MATERIALIZATION_COORDINATES,0.9971202303815695,cn.rep.fad34c15968eabb8d7971a452491ba15,DISCLOSURE_EVENT
fund_ba_total_assets_delta,27648,25700,0.9295428240740741,25700,1431,0.9999927605610316,25341,0.04230298725385739,12468478831.583418,-43278747957.44995,494836000000.0,FUNDAMENTAL,size,primary,internally_derived_delta,stock-session cross-section,FUNDAMENTAL::size::stock-session cross-section::SLOW_TEMPORAL_CHANGE,EVALUATED_DEVELOPMENT_ONLY,True,DETERMINISTIC_PIT_MATERIALIZATION_COORDINATES,DETERMINISTIC_PIT_MATERIALIZATION_COORDINATES,0.9295428240740741,cn.rep.80ad701c547b69a1db784db911915dc6,SLOW_TEMPORAL_CHANGE
fund_ba_total_assets_delta_at_disclosure,1389,1389,1.0,1389,1389,0.9999963458121133,1030,1.0,4686336730.147435,-43278747957.44995,494836000000.0,FUNDAMENTAL,size,primary,disclosure_payload__internally_derived_delta,disclosure episode,FUNDAMENTAL::size::disclosure episode::DISCLOSURE_EVENT,EVALUATED_DEVELOPMENT_ONLY,True,DETERMINISTIC_PIT_MATERIALIZATION_COORDINATES,DETERMINISTIC_PIT_MATERIALIZATION_COORDINATES,1.0,cn.rep.9069976eef4fdacebb3c2d51fcfc21ae,DISCLOSURE_EVENT
fund_ba_total_assets_persistence,27648,25668,0.9283854166666666,25668,29,0.7824273642531393,25309,0.025050377336125487,3.707056893832081,1.0,37.0,FUNDAMENTAL,size,primary,internally_derived_persistence,stock-session cross-section,FUNDAMENTAL::size::stock-session cross-section::SLOW_TEMPORAL_CHANGE,EVALUATED_DEVELOPMENT_ONLY,True,DETERMINISTIC_PIT_MATERIALIZATION_COORDINATES,DETERMINISTIC_PIT_MATERIALIZATION_COORDINATES,0.9283854166666666,cn.rep.e7e4100ac718d3111c908822cef08e96,SLOW_TEMPORAL_CHANGE
fund_ba_total_assets_persistence_at_disclosure,1389,1389,1.0,1389,26,0.8019636654569375,1030,0.45728155339805826,3.0674026406893096,1.0,37.0,FUNDAMENTAL,size,primary,disclosure_payload__internally_derived_persistence,disclosure episode,FUNDAMENTAL::size::disclosure episode::DISCLOSURE_EVENT,EVALUATED_DEVELOPMENT_ONLY,True,DETERMINISTIC_PIT_MATERIALIZATION_COORDINATES,DETERMINISTIC_PIT_MATERIALIZATION_COORDINATES,1.0,cn.rep.ce9292200223a97060e4d850d5a042cc,DISCLOSURE_EVENT
fund_ba_total_assets_slope,27648,25700,0.9295428240740741,25700,1431,0.9999913095712224,25341,0.04230298725385739,116700498.46924922,-377708297.7450528,2814304347.826087,FUNDAMENTAL,size,primary,internally_derived_slope,stock-session cross-section,FUNDAMENTAL::size::stock-session cross-section::SLOW_TEMPORAL_CHANGE,EVALUATED_DEVELOPMENT_ONLY,True,DETERMINISTIC_PIT_MATERIALIZATION_COORDINATES,DETERMINISTIC_PIT_MATERIALIZATION_COORDINATES,0.9295428240740741,cn.rep.6c8ffc65ff597f66af85de61af466fd2,SLOW_TEMPORAL_CHANGE
fund_ba_total_assets_slope_at_disclosure,1389,1389,1.0,1389,1389,0.9999963458121133,1030,1.0,37679834.75707833,-377708297.7450528,2814304347.826087,FUNDAMENTAL,size,primary,disclosure_payload__internally_derived_slope,disclosure episode,FUNDAMENTAL::size::disclosure episode::DISCLOSURE_EVENT,EVALUATED_DEVELOPMENT_ONLY,True,DETERMINISTIC_PIT_MATERIALIZATION_COORDINATES,DETERMINISTIC_PIT_MATERIALIZATION_COORDINATES,1.0,cn.rep.e52600064d606e2e4ef065fccd1d34ed,DISCLOSURE_EVENT
fund_ba_total_assets_source_yoy,27648,25032,0.9053819444444444,25032,1726,0.9999974686612093,24678,0.055596077477915555,30.465382325635915,-67.4967479663,543.0509060827,FUNDAMENTAL,growth,primary,source_reported_yoy,stock-session cross-section,FUNDAMENTAL::growth::stock-session cross-section::SLOW_TEMPORAL_CHANGE,EVALUATED_DEVELOPMENT_ONLY,True,DETERMINISTIC_PIT_MATERIALIZATION_COORDINATES,DETERMINISTIC_PIT_MATERIALIZATION_COORDINATES,0.9053819444444444,cn.rep.44d91d47d3e39147af58e3e67b09ea13,SLOW_TEMPORAL_CHANGE
fund_ba_total_assets_source_yoy_at_disclosure,1389,1375,0.9899208063354932,1375,1375,0.9999985643453169,1021,1.0,17.229426716425046,-67.4967479663,543.0509060827,FUNDAMENTAL,growth,primary,disclosure_payload__source_reported_yoy,disclosure episode,FUNDAMENTAL::growth::disclosure episode::DISCLOSURE_EVENT,EVALUATED_DEVELOPMENT_ONLY,True,DETERMINISTIC_PIT_MATERIALIZATION_COORDINATES,DETERMINISTIC_PIT_MATERIALIZATION_COORDINATES,0.9899208063354932,cn.rep.56f4346c2036e9a2cf038b04a5fde72c,DISCLOSURE_EVENT
fund_ba_total_assets_yoy,27648,25032,0.9053819444444444,25032,1724,0.9999937483695549,24678,0.05551503363319556,38200513749.45124,-93690287048.33984,905547000000.0,FUNDAMENTAL,growth,primary,internally_derived_yoy,stock-session cross-section,FUNDAMENTAL::growth::stock-session cross-section::SLOW_TEMPORAL_CHANGE,EVALUATED_DEVELOPMENT_ONLY,True,DETERMINISTIC_PIT_MATERIALIZATION_COORDINATES,DETERMINISTIC_PIT_MATERIALIZATION_COORDINATES,0.9053819444444444,cn.rep.27ced252af9a6dbd72f01e803db27845,SLOW_TEMPORAL_CHANGE
fund_ba_total_assets_yoy_at_disclosure,1389,1375,0.9899208063354932,1375,1374,0.9999985643453169,1021,0.9990205680705191,11147005025.240156,-93690287048.33984,905547000000.0,FUNDAMENTAL,growth,primary,disclosure_payload__internally_derived_yoy,disclosure episode,FUNDAMENTAL::growth::disclosure episode::DISCLOSURE_EVENT,EVALUATED_DEVELOPMENT_ONLY,True,DETERMINISTIC_PIT_MATERIALIZATION_COORDINATES,DETERMINISTIC_PIT_MATERIALIZATION_COORDINATES,0.9899208063354932,cn.rep.3aa2d04c67e79e2ca4cf24e9e2636ed9,DISCLOSURE_EVENT
fund_ba_total_current_assets_acceleration,27648,24549,0.8879123263888888,24549,1054,0.9999818317990404,24203,0.029252571995207206,4144606512.0136957,-23444778391.70999,81243000000.0,FUNDAMENTAL,liquidity_solvency,primary,internally_derived_acceleration,stock-session cross-section,FUNDAMENTAL::liquidity_solvency::stock-session cross-section::SLOW_TEMPORAL_CHANGE,EVALUATED_DEVELOPMENT_ONLY,True,DETERMINISTIC_PIT_MATERIALIZATION_COORDINATES,DETERMINISTIC_PIT_MATERIALIZATION_COORDINATES,0.8879123263888888,cn.rep.31d8d631366cdc9db2e1b928bbb5867a,SLOW_TEMPORAL_CHANGE
fund_ba_total_current_assets_acceleration_at_disclosure,1353,1335,0.9866962305986696,1335,1024,0.9999871181817287,989,0.6855409504550051,2133621361.9527445,-23444778391.70999,81243000000.0,FUNDAMENTAL,liquidity_solvency,primary,disclosure_payload__internally_derived_acceleration,disclosure episode,FUNDAMENTAL::liquidity_solvency::disclosure episode::DISCLOSURE_EVENT,EVALUATED_DEVELOPMENT_ONLY,True,DETERMINISTIC_PIT_MATERIALIZATION_COORDINATES,DETERMINISTIC_PIT_MATERIALIZATION_COORDINATES,0.9866962305986696,cn.rep.b7c77f3065b8c4892a4a999659980390,DISCLOSURE_EVENT
fund_ba_total_current_assets_delta,27648,24827,0.8979673032407407,24827,1384,0.9999829573672945,24479,0.042321990277380615,3230118921.05529,-38110560202.63013,64378000000.0,FUNDAMENTAL,liquidity_solvency,primary,internally_derived_delta,stock-session cross-section,FUNDAMENTAL::liquidity_solvency::stock-session cross-section::SLOW_TEMPORAL_CHANGE,EVALUATED_DEVELOPMENT_ONLY,True,DETERMINISTIC_PIT_MATERIALIZATION_COORDINATES,DETERMINISTIC_PIT_MATERIALIZATION_COORDINATES,0.8979673032407407,cn.rep.7a9a48ec94fbc3ac1d8305ba86d06a02,SLOW_TEMPORAL_CHANGE
fund_ba_total_current_assets_delta_at_disclosure,1353,1344,0.9933481152993349,1344,1344,1.0,997,1.0,1915988928.0735428,-38110560202.63013,64378000000.0,FUNDAMENTAL,liquidity_solvency,primary,disclosure_payload__internally_derived_delta,disclosure episode,FUNDAMENTAL::liquidity_solvency::disclosure episode::DISCLOSURE_EVENT,EVALUATED_DEVELOPMENT_ONLY,True,DETERMINISTIC_PIT_MATERIALIZATION_COORDINATES,DETERMINISTIC_PIT_MATERIALIZATION_COORDINATES,0.9933481152993349,cn.rep.f2f750ff0b34e45b2f08569dc16e2b58,DISCLOSURE_EVENT
fund_ba_total_current_assets_persistence,27648,24791,0.8966652199074074,24791,14,0.7832316029067315,24443,0.024301435993945096,1.6130169650900616,1.0,16.0,FUNDAMENTAL,liquidity_solvency,primary,internally_derived_persistence,stock-session cross-section,FUNDAMENTAL::liquidity_solvency::stock-session cross-section::SLOW_TEMPORAL_CHANGE,EVALUATED_DEVELOPMENT_ONLY,True,DETERMINISTIC_PIT_MATERIALIZATION_COORDINATES,DETERMINISTIC_PIT_MATERIALIZATION_COORDINATES,0.8966652199074074,cn.rep.00e24730cce5669f01badc1792ab954a,SLOW_TEMPORAL_CHANGE
fund_ba_total_current_assets_persistence_at_disclosure,1353,1343,0.9926090169992609,1343,14,0.8005704805284298,996,0.4568273092369478,1.4724337192133257,1.0,16.0,FUNDAMENTAL,liquidity_solvency,primary,disclosure_payload__internally_derived_persistence,disclosure episode,FUNDAMENTAL::liquidity_solvency::disclosure episode::DISCLOSURE_EVENT,EVALUATED_DEVELOPMENT_ONLY,True,DETERMINISTIC_PIT_MATERIALIZATION_COORDINATES,DETERMINISTIC_PIT_MATERIALIZATION_COORDINATES,0.9926090169992609,cn.rep.5e66ad744892075d621ccaabc67e0089,DISCLOSURE_EVENT
fund_ba_total_current_assets_slope,27648,24827,0.8979673032407407,24827,1384,0.9999752593965026,24479,0.042321990277380615,32144598.93972332,-402669574.2886815,699760869.5652174,FUNDAMENTAL,liquidity_solvency,primary,internally_derived_slope,stock-session cross-section,FUNDAMENTAL::liquidity_solvency::stock-session cross-section::SLOW_TEMPORAL_CHANGE,EVALUATED_DEVELOPMENT_ONLY,True,DETERMINISTIC_PIT_MATERIALIZATION_COORDINATES,DETERMINISTIC_PIT_MATERIALIZATION_COORDINATES,0.8979673032407407,cn.rep.0f31e816037dfa927367ae1b71c02127,SLOW_TEMPORAL_CHANGE
fund_ba_total_current_assets_slope_at_disclosure,1353,1344,0.9933481152993349,1344,1344,1.0,997,1.0,17215981.793143183,-402669574.2886815,699760869.5652174,FUNDAMENTAL,liquidity_solvency,primary,disclosure_payload__internally_derived_slope,disclosure episode,FUNDAMENTAL::liquidity_solvency::disclosure episode::DISCLOSURE_EVENT,EVALUATED_DEVELOPMENT_ONLY,True,DETERMINISTIC_PIT_MATERIALIZATION_COORDINATES,DETERMINISTIC_PIT_MATERIALIZATION_COORDINATES,0.9933481152993349,cn.rep.eaf6bf99fd21a55013acf1c54f9aa5e7,DISCLOSURE_EVENT
fund_ba_total_current_assets_source_yoy,27648,24186,0.8747829861111112,24186,1670,0.9999938604644388,23840,0.05553691275167785,39.27273630663831,-76.2355683075,832.6758836344,FUNDAMENTAL,growth,primary,source_reported_yoy,stock-session cross-section,FUNDAMENTAL::growth::stock-session cross-section::SLOW_TEMPORAL_CHANGE,EVALUATED_DEVELOPMENT_ONLY,True,DETERMINISTIC_PIT_MATERIALIZATION_COORDINATES,DETERMINISTIC_PIT_MATERIALIZATION_COORDINATES,0.8747829861111112,cn.rep.38c4d7d1d0d5c93a3797483d0412c023,SLOW_TEMPORAL_CHANGE
fund_ba_total_current_assets_source_yoy_at_disclosure,1353,1333,0.9852180339985218,1333,1333,0.9999944263647375,988,1.0,23.931915374190016,-76.2355683075,488.2708999451,FUNDAMENTAL,growth,primary,disclosure_payload__source_reported_yoy,disclosure episode,FUNDAMENTAL::growth::disclosure episode::DISCLOSURE_EVENT,EVALUATED_DEVELOPMENT_ONLY,True,DETERMINISTIC_PIT_MATERIALIZATION_COORDINATES,DETERMINISTIC_PIT_MATERIALIZATION_COORDINATES,0.9852180339985218,cn.rep.435b0815535e6e8e3e2e41cb44c2bdf2,DISCLOSURE_EVENT
fund_ba_total_current_assets_yoy,27648,24186,0.8747829861111112,24186,1668,0.9999968623195697,23840,0.05545302013422819,5396443751.657947,-104895671100.94003,59325000000.0,FUNDAMENTAL,growth,primary,internally_derived_yoy,stock-session cross-section,FUNDAMENTAL::growth::stock-session cross-section::SLOW_TEMPORAL_CHANGE,EVALUATED_DEVELOPMENT_ONLY,True,DETERMINISTIC_PIT_MATERIALIZATION_COORDINATES,DETERMINISTIC_PIT_MATERIALIZATION_COORDINATES,0.8747829861111112,cn.rep.b2df6f42d8a01c5017fc33ab61a00daa,SLOW_TEMPORAL_CHANGE
fund_ba_total_current_assets_yoy_at_disclosure,1353,1333,0.9852180339985218,1333,1332,0.9999944263647375,988,0.9989878542510121,2510389735.7702146,-92144085908.16016,59325000000.0,FUNDAMENTAL,growth,primary,disclosure_payload__internally_derived_yoy,disclosure episode,FUNDAMENTAL::growth::disclosure episode::DISCLOSURE_EVENT,EVALUATED_DEVELOPMENT_ONLY,True,DETERMINISTIC_PIT_MATERIALIZATION_COORDINATES,DETERMINISTIC_PIT_MATERIALIZATION_COORDINATES,0.9852180339985218,cn.rep.3d2ab3c7ee894d3a5abff8418fd17934,DISCLOSURE_EVENT
fund_ba_total_current_liab_acceleration,27648,24549,0.8879123263888888,24549,1054,0.9999881664911237,24203,0.029252571995207206,4211737481.3901315,-90115000000.0,38904000000.0,FUNDAMENTAL,liquidity_solvency,primary,internally_derived_acceleration,stock-session cross-section,FUNDAMENTAL::liquidity_solvency::stock-session cross-section::SLOW_TEMPORAL_CHANGE,EVALUATED_DEVELOPMENT_ONLY,True,DETERMINISTIC_PIT_MATERIALIZATION_COORDINATES,DETERMINISTIC_PIT_MATERIALIZATION_COORDINATES,0.8879123263888888,cn.rep.a6ffe9b088d5624c1b234a1bfa74d80b,SLOW_TEMPORAL_CHANGE
fund_ba_total_current_liab_acceleration_at_disclosure,1353,1335,0.9866962305986696,1335,1024,0.9999871569348824,989,0.6855409504550051,2309145599.7535114,-90115000000.0,38904000000.0,FUNDAMENTAL,liquidity_solvency,primary,disclosure_payload__internally_derived_acceleration,disclosure episode,FUNDAMENTAL::liquidity_solvency::disclosure episode::DISCLOSURE_EVENT,EVALUATED_DEVELOPMENT_ONLY,True,DETERMINISTIC_PIT_MATERIALIZATION_COORDINATES,DETERMINISTIC_PIT_MATERIALIZATION_COORDINATES,0.9866962305986696,cn.rep.b2f908cf3723dadc3cebe639b204b708,DISCLOSURE_EVENT
fund_ba_total_current_liab_delta,27648,24827,0.8979673032407407,24827,1384,0.9999849814710765,24479,0.042321990277380615,3210217181.6851754,-59429000000.0,88799000000.0,FUNDAMENTAL,liquidity_solvency,primary,internally_derived_delta,stock-session cross-section,FUNDAMENTAL::liquidity_solvency::stock-session cross-section::SLOW_TEMPORAL_CHANGE,EVALUATED_DEVELOPMENT_ONLY,True,DETERMINISTIC_PIT_MATERIALIZATION_COORDINATES,DETERMINISTIC_PIT_MATERIALIZATION_COORDINATES,0.8979673032407407,cn.rep.34a43fb893933e57c3c225102d13d38d,SLOW_TEMPORAL_CHANGE
fund_ba_total_current_liab_delta_at_disclosure,1353,1344,0.9933481152993349,1344,1344,1.0,997,1.0,2156423250.6218204,-59429000000.0,88799000000.0,FUNDAMENTAL,liquidity_solvency,primary,disclosure_payload__internally_derived_delta,disclosure episode,FUNDAMENTAL::liquidity_solvency::disclosure episode::DISCLOSURE_EVENT,EVALUATED_DEVELOPMENT_ONLY,True,DETERMINISTIC_PIT_MATERIALIZATION_COORDINATES,DETERMINISTIC_PIT_MATERIALIZATION_COORDINATES,0.9933481152993349,cn.rep.6666801676a9ee7aa942c0d5c37de3b7,DISCLOSURE_EVENT
fund_ba_total_current_liab_persistence,27648,24775,0.8960865162037037,24775,12,0.8803840564351819,24427,0.025299873091251483,1.3956668130954972,1.0,14.0,FUNDAMENTAL,liquidity_solvency,primary,internally_derived_persistence,stock-session cross-section,FUNDAMENTAL::liquidity_solvency::stock-session cross-section::SLOW_TEMPORAL_CHANGE,EVALUATED_DEVELOPMENT_ONLY,True,DETERMINISTIC_PIT_MATERIALIZATION_COORDINATES,DETERMINISTIC_PIT_MATERIALIZATION_COORDINATES,0.8960865162037037,cn.rep.153c89adac4bbbeed10171279bb5dad3,SLOW_TEMPORAL_CHANGE
fund_ba_total_current_liab_persistence_at_disclosure,1353,1343,0.9926090169992609,1343,12,0.793429093471025,996,0.4819277108433735,1.3100548457033423,1.0,14.0,FUNDAMENTAL,liquidity_solvency,primary,disclosure_payload__internally_derived_persistence,disclosure episode,FUNDAMENTAL::liquidity_solvency::disclosure episode::DISCLOSURE_EVENT,EVALUATED_DEVELOPMENT_ONLY,True,DETERMINISTIC_PIT_MATERIALIZATION_COORDINATES,DETERMINISTIC_PIT_MATERIALIZATION_COORDINATES,0.9926090169992609,cn.rep.bf4df03591595dd1a2fee993164df36d,DISCLOSURE_EVENT
fund_ba_total_current_liab_slope,27648,24827,0.8979673032407407,24827,1384,0.9999836824010152,24479,0.042321990277380615,31524454.946570236,-326532967.03296703,975813186.8131868,FUNDAMENTAL,liquidity_solvency,primary,internally_derived_slope,stock-session cross-section,FUNDAMENTAL::liquidity_solvency::stock-session cross-section::SLOW_TEMPORAL_CHANGE,EVALUATED_DEVELOPMENT_ONLY,True,DETERMINISTIC_PIT_MATERIALIZATION_COORDINATES,DETERMINISTIC_PIT_MATERIALIZATION_COORDINATES,0.8979673032407407,cn.rep.8d83b1123bd1fc75038d988a9bbd218e,SLOW_TEMPORAL_CHANGE
fund_ba_total_current_liab_slope_at_disclosure,1353,1344,0.9933481152993349,1344,1344,1.0,997,1.0,19863057.20519379,-326532967.03296703,975813186.8131868,FUNDAMENTAL,liquidity_solvency,primary,disclosure_payload__internally_derived_slope,disclosure episode,FUNDAMENTAL::liquidity_solvency::disclosure episode::DISCLOSURE_EVENT,EVALUATED_DEVELOPMENT_ONLY,True,DETERMINISTIC_PIT_MATERIALIZATION_COORDINATES,DETERMINISTIC_PIT_MATERIALIZATION_COORDINATES,0.9933481152993349,cn.rep.b8a901aa1aa6932ae1fa57256ba42092,DISCLOSURE_EVENT
fund_ba_total_current_liab_source_yoy,27648,24186,0.8747829861111112,24186,1670,0.9999974457085109,23840,0.05553691275167785,57.81242446362944,-95.6136530218,1230.277852623,FUNDAMENTAL,growth,primary,source_reported_yoy,stock-session cross-section,FUNDAMENTAL::growth::stock-session cross-section::SLOW_TEMPORAL_CHANGE,EVALUATED_DEVELOPMENT_ONLY,True,DETERMINISTIC_PIT_MATERIALIZATION_COORDINATES,DETERMINISTIC_PIT_MATERIALIZATION_COORDINATES,0.8747829861111112,cn.rep.db63e13b12792cef9e528169a825110e,SLOW_TEMPORAL_CHANGE
fund_ba_total_current_liab_source_yoy_at_disclosure,1353,1333,0.9852180339985218,1333,1333,0.9999944263647375,988,1.0,34.50659427061639,-95.6136530218,945.413631513,FUNDAMENTAL,growth,primary,disclosure_payload__source_reported_yoy,disclosure episode,FUNDAMENTAL::growth::disclosure episode::DISCLOSURE_EVENT,EVALUATED_DEVELOPMENT_ONLY,True,DETERMINISTIC_PIT_MATERIALIZATION_COORDINATES,DETERMINISTIC_PIT_MATERIALIZATION_COORDINATES,0.9852180339985218,cn.rep.c763c47c473564a0bb431be7549a9113,DISCLOSURE_EVENT
fund_ba_total_current_liab_yoy,27648,24186,0.8747829861111112,24186,1668,0.9999950985389979,23840,0.05545302013422819,4923653134.019095,-85550320000.87,45917000000.0,FUNDAMENTAL,growth,primary,internally_derived_yoy,stock-session cross-section,FUNDAMENTAL::growth::stock-session cross-section::SLOW_TEMPORAL_CHANGE,EVALUATED_DEVELOPMENT_ONLY,True,DETERMINISTIC_PIT_MATERIALIZATION_COORDINATES,DETERMINISTIC_PIT_MATERIALIZATION_COORDINATES,0.8747829861111112,cn.rep.d065c29d94a6e5287be785c081dc060f,SLOW_TEMPORAL_CHANGE
fund_ba_total_current_liab_yoy_at_disclosure,1353,1333,0.9852180339985218,1333,1332,0.9999944263647375,988,0.9989878542510121,2617645677.0245867,-85550320000.87,45917000000.0,FUNDAMENTAL,growth,primary,disclosure_payload__internally_derived_yoy,disclosure episode,FUNDAMENTAL::growth::disclosure episode::DISCLOSURE_EVENT,EVALUATED_DEVELOPMENT_ONLY,True,DETERMINISTIC_PIT_MATERIALIZATION_COORDINATES,DETERMINISTIC_PIT_MATERIALIZATION_COORDINATES,0.9852180339985218,cn.rep.f59d6ab56453ab42d99fd03b8ea9709c,DISCLOSURE_EVENT
fund_ba_total_equity_acceleration,27648,25197,0.9113498263888888,25197,1081,0.999984155368574,24842,0.02922470010466146,3316139396.9031014,-106543000000.0,84199000000.0,FUNDAMENTAL,leverage,primary,internally_derived_acceleration,stock-session cross-section,FUNDAMENTAL::leverage::stock-session cross-section::SLOW_TEMPORAL_CHANGE,EVALUATED_DEVELOPMENT_ONLY,True,DETERMINISTIC_PIT_MATERIALIZATION_COORDINATES,DETERMINISTIC_PIT_MATERIALIZATION_COORDINATES,0.9113498263888888,cn.rep.5b576ab9989b9181874880ae105f5967,SLOW_TEMPORAL_CHANGE
fund_ba_total_equity_acceleration_at_disclosure,1389,1371,0.9870410367170627,1371,1051,0.9999824431960019,1016,0.6850393700787402,2218431330.4140205,-106543000000.0,84199000000.0,FUNDAMENTAL,leverage,primary,disclosure_payload__internally_derived_acceleration,disclosure episode,FUNDAMENTAL::leverage::disclosure episode::DISCLOSURE_EVENT,EVALUATED_DEVELOPMENT_ONLY,True,DETERMINISTIC_PIT_MATERIALIZATION_COORDINATES,DETERMINISTIC_PIT_MATERIALIZATION_COORDINATES,0.9870410367170627,cn.rep.63e4ae09d0cbd57ace04493f62b6f108,DISCLOSURE_EVENT
fund_ba_total_equity_delta,27648,25475,0.9214048032407407,25475,1420,0.9999938783869738,25118,0.04232024842742257,2885907488.138488,-33061000000.0,85018000000.0,FUNDAMENTAL,leverage,primary,internally_derived_delta,stock-session cross-section,FUNDAMENTAL::leverage::stock-session cross-section::SLOW_TEMPORAL_CHANGE,EVALUATED_DEVELOPMENT_ONLY,True,DETERMINISTIC_PIT_MATERIALIZATION_COORDINATES,DETERMINISTIC_PIT_MATERIALIZATION_COORDINATES,0.9214048032407407,cn.rep.f7e683c670b162fe2e1f41e5675f9f1c,SLOW_TEMPORAL_CHANGE
fund_ba_total_equity_delta_at_disclosure,1389,1380,0.9935205183585313,1380,1380,0.9999954633859623,1024,1.0,1567577119.2881222,-33061000000.0,85018000000.0,FUNDAMENTAL,leverage,primary,disclosure_payload__internally_derived_delta,disclosure episode,FUNDAMENTAL::leverage::disclosure episode::DISCLOSURE_EVENT,EVALUATED_DEVELOPMENT_ONLY,True,DETERMINISTIC_PIT_MATERIALIZATION_COORDINATES,DETERMINISTIC_PIT_MATERIALIZATION_COORDINATES,0.9935205183585313,cn.rep.5f73d7b31984ee4e47623c80ddee155f,DISCLOSURE_EVENT
fund_ba_total_equity_persistence,27648,25350,0.9168836805555556,25350,36,0.7803896450217821,24993,0.026887528507982233,5.297759388723541,1.0,51.0,FUNDAMENTAL,leverage,primary,internally_derived_persistence,stock-session cross-section,FUNDAMENTAL::leverage::stock-session cross-section::SLOW_TEMPORAL_CHANGE,EVALUATED_DEVELOPMENT_ONLY,True,DETERMINISTIC_PIT_MATERIALIZATION_COORDINATES,DETERMINISTIC_PIT_MATERIALIZATION_COORDINATES,0.9168836805555556,cn.rep.bcda251408e62a2f01a0637fbf17c4b6,SLOW_TEMPORAL_CHANGE
fund_ba_total_equity_persistence_at_disclosure,1389,1375,0.9899208063354932,1375,30,0.800214766358359,1019,0.4573110893032385,4.408159293816335,1.0,51.0,FUNDAMENTAL,leverage,primary,disclosure_payload__internally_derived_persistence,disclosure episode,FUNDAMENTAL::leverage::disclosure episode::DISCLOSURE_EVENT,EVALUATED_DEVELOPMENT_ONLY,True,DETERMINISTIC_PIT_MATERIALIZATION_COORDINATES,DETERMINISTIC_PIT_MATERIALIZATION_COORDINATES,0.9899208063354932,cn.rep.7659b517218d32202653cba2639b8127,DISCLOSURE_EVENT
fund_ba_total_equity_slope,27648,25475,0.9214048032407407,25475,1420,0.9999897148259774,25118,0.04232024842742257,27027612.869336776,-206315217.39130434,798717391.3043479,FUNDAMENTAL,leverage,primary,internally_derived_slope,stock-session cross-section,FUNDAMENTAL::leverage::stock-session cross-section::SLOW_TEMPORAL_CHANGE,EVALUATED_DEVELOPMENT_ONLY,True,DETERMINISTIC_PIT_MATERIALIZATION_COORDINATES,DETERMINISTIC_PIT_MATERIALIZATION_COORDINATES,0.9214048032407407,cn.rep.f25479a71cc729e83a4c434d447b19ce,SLOW_TEMPORAL_CHANGE
fund_ba_total_equity_slope_at_disclosure,1389,1380,0.9935205183585313,1380,1380,0.9999954633859623,1024,1.0,12844496.628905296,-206315217.39130434,798717391.3043479,FUNDAMENTAL,leverage,primary,disclosure_payload__internally_derived_slope,disclosure episode,FUNDAMENTAL::leverage::disclosure episode::DISCLOSURE_EVENT,EVALUATED_DEVELOPMENT_ONLY,True,DETERMINISTIC_PIT_MATERIALIZATION_COORDINATES,DETERMINISTIC_PIT_MATERIALIZATION_COORDINATES,0.9935205183585313,cn.rep.bf2156ccc5de0b9b2186aff3ba02b9ab,DISCLOSURE_EVENT
fund_ba_total_equity_source_yoy,27648,24834,0.8982204861111112,24834,1715,0.9999940846956573,24479,0.0555578250745537,59.001198678569075,-1497.8876598478,630.4164977636,FUNDAMENTAL,growth,primary,source_reported_yoy,stock-session cross-section,FUNDAMENTAL::growth::stock-session cross-section::SLOW_TEMPORAL_CHANGE,EVALUATED_DEVELOPMENT_ONLY,True,DETERMINISTIC_PIT_MATERIALIZATION_COORDINATES,DETERMINISTIC_PIT_MATERIALIZATION_COORDINATES,0.8982204861111112,cn.rep.44bf67be5e4cd253963b0568bb4b478b,SLOW_TEMPORAL_CHANGE
fund_ba_total_equity_source_yoy_at_disclosure,1389,1369,0.9856011519078474,1369,1369,0.9999939349800416,1015,1.0,30.315713883402143,-1497.8876598478,630.4164977636,FUNDAMENTAL,growth,primary,disclosure_payload__source_reported_yoy,disclosure episode,FUNDAMENTAL::growth::disclosure episode::DISCLOSURE_EVENT,EVALUATED_DEVELOPMENT_ONLY,True,DETERMINISTIC_PIT_MATERIALIZATION_COORDINATES,DETERMINISTIC_PIT_MATERIALIZATION_COORDINATES,0.9856011519078474,cn.rep.79e30b98a66d0bf5526aaf17028a5f0d,DISCLOSURE_EVENT
fund_ba_total_equity_yoy,27648,24834,0.8982204861111112,24834,1713,0.9999938675213608,24479,0.05547612239062053,7112556719.702479,-22675991545.22,126147000000.0,FUNDAMENTAL,growth,primary,internally_derived_yoy,stock-session cross-section,FUNDAMENTAL::growth::stock-session cross-section::SLOW_TEMPORAL_CHANGE,EVALUATED_DEVELOPMENT_ONLY,True,DETERMINISTIC_PIT_MATERIALIZATION_COORDINATES,DETERMINISTIC_PIT_MATERIALIZATION_COORDINATES,0.8982204861111112,cn.rep.265e04bcd2dee7cb5595f81d1447c8d4,SLOW_TEMPORAL_CHANGE
fund_ba_total_equity_yoy_at_disclosure,1389,1369,0.9856011519078474,1369,1368,0.9999939349800416,1015,0.9990147783251232,3853988459.402985,-14823452043.269989,126147000000.0,FUNDAMENTAL,growth,primary,disclosure_payload__internally_derived_yoy,disclosure episode,FUNDAMENTAL::growth::disclosure episode::DISCLOSURE_EVENT,EVALUATED_DEVELOPMENT_ONLY,True,DETERMINISTIC_PIT_MATERIALIZATION_COORDINATES,DETERMINISTIC_PIT_MATERIALIZATION_COORDINATES,0.9856011519078474,cn.rep.1e25931837a3a803c083906546a242dd,DISCLOSURE_EVENT
fund_ba_total_liabilities_acceleration,27648,25376,0.9178240740740741,25376,1090,0.9999854582717718,25019,0.029297733722371,7374421550.171551,-69553000000.0,342463000000.0,FUNDAMENTAL,leverage,primary,internally_derived_acceleration,stock-session cross-section,FUNDAMENTAL::leverage::stock-session cross-section::SLOW_TEMPORAL_CHANGE,EVALUATED_DEVELOPMENT_ONLY,True,DETERMINISTIC_PIT_MATERIALIZATION_COORDINATES,DETERMINISTIC_PIT_MATERIALIZATION_COORDINATES,0.9178240740740741,cn.rep.3bb9376f2abc160299757cc9179c21b8,SLOW_TEMPORAL_CHANGE
fund_ba_total_liabilities_acceleration_at_disclosure,1389,1382,0.9949604031677466,1382,1059,0.9999822361952966,1026,0.6851851851851852,3793374208.843769,-69553000000.0,342463000000.0,FUNDAMENTAL,leverage,primary,disclosure_payload__internally_derived_acceleration,disclosure episode,FUNDAMENTAL::leverage::disclosure episode::DISCLOSURE_EVENT,EVALUATED_DEVELOPMENT_ONLY,True,DETERMINISTIC_PIT_MATERIALIZATION_COORDINATES,DETERMINISTIC_PIT_MATERIALIZATION_COORDINATES,0.9949604031677466,cn.rep.40d5e2a87c92f2ba3ac3a4856dcac0cf,DISCLOSURE_EVENT
fund_ba_total_liabilities_delta,27648,25624,0.9267939814814815,25624,1427,0.9999885106183999,25265,0.042271917672669704,11315080827.66393,-43511192982.21008,527897000000.0,FUNDAMENTAL,leverage,primary,internally_derived_delta,stock-session cross-section,FUNDAMENTAL::leverage::stock-session cross-section::SLOW_TEMPORAL_CHANGE,EVALUATED_DEVELOPMENT_ONLY,True,DETERMINISTIC_PIT_MATERIALIZATION_COORDINATES,DETERMINISTIC_PIT_MATERIALIZATION_COORDINATES,0.9267939814814815,cn.rep.32efbe2020883486d6dffd1a91edd066,SLOW_TEMPORAL_CHANGE
fund_ba_total_liabilities_delta_at_disclosure,1389,1386,0.9978401727861771,1386,1386,0.9999943619385826,1028,1.0,4345402127.43414,-43511192982.21008,527897000000.0,FUNDAMENTAL,leverage,primary,disclosure_payload__internally_derived_delta,disclosure episode,FUNDAMENTAL::leverage::disclosure episode::DISCLOSURE_EVENT,EVALUATED_DEVELOPMENT_ONLY,True,DETERMINISTIC_PIT_MATERIALIZATION_COORDINATES,DETERMINISTIC_PIT_MATERIALIZATION_COORDINATES,0.9978401727861771,cn.rep.a9e917a64d541e76028431a583ea8459,DISCLOSURE_EVENT
fund_ba_total_liabilities_persistence,27648,25592,0.9256365740740741,25592,23,0.8054684615895977,25233,0.025086196647247653,2.801151669864579,1.0,37.0,FUNDAMENTAL,leverage,primary,internally_derived_persistence,stock-session cross-section,FUNDAMENTAL::leverage::stock-session cross-section::SLOW_TEMPORAL_CHANGE,EVALUATED_DEVELOPMENT_ONLY,True,DETERMINISTIC_PIT_MATERIALIZATION_COORDINATES,DETERMINISTIC_PIT_MATERIALIZATION_COORDINATES,0.9256365740740741,cn.rep.155fcf4b73358117a706b1356b1cfc6c,SLOW_TEMPORAL_CHANGE
fund_ba_total_liabilities_persistence_at_disclosure,1389,1386,0.9978401727861771,1386,21,0.7652679931697751,1028,0.4708171206225681,2.1277312390422805,1.0,37.0,FUNDAMENTAL,leverage,primary,disclosure_payload__internally_derived_persistence,disclosure episode,FUNDAMENTAL::leverage::disclosure episode::DISCLOSURE_EVENT,EVALUATED_DEVELOPMENT_ONLY,True,DETERMINISTIC_PIT_MATERIALIZATION_COORDINATES,DETERMINISTIC_PIT_MATERIALIZATION_COORDINATES,0.9978401727861771,cn.rep.ba9946664eef0bc6bbc40b425429a0ee,DISCLOSURE_EVENT
fund_ba_total_liabilities_slope,27648,25624,0.9267939814814815,25624,1427,0.9999810306233456,25265,0.042271917672669704,103565871.10897914,-374000129.48439515,2900532967.032967,FUNDAMENTAL,leverage,primary,internally_derived_slope,stock-session cross-section,FUNDAMENTAL::leverage::stock-session cross-section::SLOW_TEMPORAL_CHANGE,EVALUATED_DEVELOPMENT_ONLY,True,DETERMINISTIC_PIT_MATERIALIZATION_COORDINATES,DETERMINISTIC_PIT_MATERIALIZATION_COORDINATES,0.9267939814814815,cn.rep.ffddbb14480fa232d92ab5ed2c0d746d,SLOW_TEMPORAL_CHANGE
fund_ba_total_liabilities_slope_at_disclosure,1389,1386,0.9978401727861771,1386,1386,0.9999943619385826,1028,1.0,36032105.628551014,-374000129.48439515,2900532967.032967,FUNDAMENTAL,leverage,primary,disclosure_payload__internally_derived_slope,disclosure episode,FUNDAMENTAL::leverage::disclosure episode::DISCLOSURE_EVENT,EVALUATED_DEVELOPMENT_ONLY,True,DETERMINISTIC_PIT_MATERIALIZATION_COORDINATES,DETERMINISTIC_PIT_MATERIALIZATION_COORDINATES,0.9978401727861771,cn.rep.453a60456bfd0f4bda353ab31016e378,DISCLOSURE_EVENT
fund_ba_total_liabilities_source_yoy,27648,25001,0.9042607060185185,25001,1725,0.9999956417072082,24648,0.05566374553716326,66.57314560582702,-95.1635922969,1160.2895585736,FUNDAMENTAL,growth,primary,source_reported_yoy,stock-session cross-section,FUNDAMENTAL::growth::stock-session cross-section::SLOW_TEMPORAL_CHANGE,EVALUATED_DEVELOPMENT_ONLY,True,DETERMINISTIC_PIT_MATERIALIZATION_COORDINATES,DETERMINISTIC_PIT_MATERIALIZATION_COORDINATES,0.9042607060185185,cn.rep.9a2649dbef0f26a2c3a5cf8e7a58c3c3,SLOW_TEMPORAL_CHANGE
fund_ba_total_liabilities_source_yoy_at_disclosure,1389,1374,0.9892008639308856,1374,1374,0.9999973175093403,1021,1.0,37.04060840071924,-95.1635922969,1160.2895585736,FUNDAMENTAL,growth,primary,disclosure_payload__source_reported_yoy,disclosure episode,FUNDAMENTAL::growth::disclosure episode::DISCLOSURE_EVENT,EVALUATED_DEVELOPMENT_ONLY,True,DETERMINISTIC_PIT_MATERIALIZATION_COORDINATES,DETERMINISTIC_PIT_MATERIALIZATION_COORDINATES,0.9892008639308856,cn.rep.16feb898aae7bdcc0a3e7dc2cad36cfe,DISCLOSURE_EVENT
fund_ba_total_liabilities_yoy,27648,25001,0.9042607060185185,25001,1723,0.9999924912077073,24648,0.05558260305095748,35282360259.63346,-96248000000.0,851741000000.0,FUNDAMENTAL,growth,primary,internally_derived_yoy,stock-session cross-section,FUNDAMENTAL::growth::stock-session cross-section::SLOW_TEMPORAL_CHANGE,EVALUATED_DEVELOPMENT_ONLY,True,DETERMINISTIC_PIT_MATERIALIZATION_COORDINATES,DETERMINISTIC_PIT_MATERIALIZATION_COORDINATES,0.9042607060185185,cn.rep.3ffb53dc6784a08cbbc354392fb2444a,SLOW_TEMPORAL_CHANGE
fund_ba_total_liabilities_yoy_at_disclosure,1389,1374,0.9892008639308856,1374,1373,0.9999973175093403,1021,0.9990205680705191,9814975885.21938,-95380389530.39001,851741000000.0,FUNDAMENTAL,growth,primary,disclosure_payload__internally_derived_yoy,disclosure episode,FUNDAMENTAL::growth::disclosure episode::DISCLOSURE_EVENT,EVALUATED_DEVELOPMENT_ONLY,True,DETERMINISTIC_PIT_MATERIALIZATION_COORDINATES,DETERMINISTIC_PIT_MATERIALIZATION_COORDINATES,0.9892008639308856,cn.rep.f54b24d565f3bd7640169fab9f513ec1,DISCLOSURE_EVENT
fund_ca_construct_long_asset_acceleration,27648,24992,0.9039351851851852,24992,2033,0.9999941951225285,24635,0.06803328597523849,9064281982.160706,-334605000000.0,254376000000.0,FUNDAMENTAL,capital_investment,primary,internally_derived_acceleration,stock-session cross-section,FUNDAMENTAL::capital_investment::stock-session cross-section::SLOW_TEMPORAL_CHANGE,EVALUATED_DEVELOPMENT_ONLY,True,DETERMINISTIC_PIT_MATERIALIZATION_COORDINATES,DETERMINISTIC_PIT_MATERIALIZATION_COORDINATES,0.9039351851851852,cn.rep.dfa04ff479849179e33c0b626a6a93a5,SLOW_TEMPORAL_CHANGE
fund_ca_construct_long_asset_acceleration_at_disclosure,22,10,0.45454545454545453,10,10,0.9999999999999998,1,1.0,70107133.46124974,-238008392.94999996,64087618.68000001,FUNDAMENTAL,capital_investment,primary,disclosure_payload__internally_derived_acceleration,disclosure episode,FUNDAMENTAL::capital_investment::disclosure episode::DISCLOSURE_EVENT,EVALUATED_DEVELOPMENT_ONLY,False,DETERMINISTIC_PIT_MATERIALIZATION_COORDINATES,DETERMINISTIC_PIT_MATERIALIZATION_COORDINATES,0.45454545454545453,cn.rep.276223608a230ac85bcee2044dad949f,DISCLOSURE_EVENT
fund_ca_construct_long_asset_delta,27648,25232,0.9126157407407407,25232,2048,0.9999933225111847,24873,0.06794516142001367,7582808795.749378,-227272000000.0,107333000000.0,FUNDAMENTAL,capital_investment,primary,internally_derived_delta,stock-session cross-section,FUNDAMENTAL::capital_investment::stock-session cross-section::SLOW_TEMPORAL_CHANGE,EVALUATED_DEVELOPMENT_ONLY,True,DETERMINISTIC_PIT_MATERIALIZATION_COORDINATES,DETERMINISTIC_PIT_MATERIALIZATION_COORDINATES,0.9116030092592593,cn.rep.581596de9a8a251b886fa3447f06fe68,SLOW_TEMPORAL_CHANGE
fund_ca_construct_long_asset_delta_at_disclosure,22,12,0.5454545454545454,12,12,1.0000000000000002,2,1.0,28384331.7996762,-217634967.65999997,95884799.32,FUNDAMENTAL,capital_investment,primary,disclosure_payload__internally_derived_delta,disclosure episode,FUNDAMENTAL::capital_investment::disclosure episode::DISCLOSURE_EVENT,EVALUATED_DEVELOPMENT_ONLY,False,DETERMINISTIC_PIT_MATERIALIZATION_COORDINATES,DETERMINISTIC_PIT_MATERIALIZATION_COORDINATES,0.5454545454545454,cn.rep.b3d51fff56e7d89356f272f60fb8c987,DISCLOSURE_EVENT
fund_ca_construct_long_asset_persistence,27648,25204,0.9116030092592593,25204,8,0.9944869228923715,24845,0.05345139867176494,0.5273094353559123,1.0,9.0,FUNDAMENTAL,capital_investment,primary,internally_derived_persistence,stock-session cross-section,FUNDAMENTAL::capital_investment::stock-session cross-section::SLOW_TEMPORAL_CHANGE,EVALUATED_DEVELOPMENT_ONLY,True,DETERMINISTIC_PIT_MATERIALIZATION_COORDINATES,DETERMINISTIC_PIT_MATERIALIZATION_COORDINATES,0.9116030092592593,cn.rep.af13a34822ed6cd71066fa1220b63b63,SLOW_TEMPORAL_CHANGE
fund_ca_construct_long_asset_persistence_at_disclosure,22,12,0.5454545454545454,12,2,0.0,2,0.5,0.3535533905932738,1.0,2.0,FUNDAMENTAL,capital_investment,primary,disclosure_payload__internally_derived_persistence,disclosure episode,FUNDAMENTAL::capital_investment::disclosure episode::DISCLOSURE_EVENT,EVALUATED_DEVELOPMENT_ONLY,False,DETERMINISTIC_PIT_MATERIALIZATION_COORDINATES,DETERMINISTIC_PIT_MATERIALIZATION_COORDINATES,0.5454545454545454,cn.rep.92b7c94df4c650e0ee17ceaa314017e4,DISCLOSURE_EVENT
fund_ca_construct_long_asset_slope,27648,25232,0.9126157407407407,25232,2048,0.9999975985644605,24873,0.06794516142001367,83396687.41286945,-2497494505.4945054,1166663043.4782608,FUNDAMENTAL,capital_investment,primary,internally_derived_slope,stock-session cross-section,FUNDAMENTAL::capital_investment::stock-session cross-section::SLOW_TEMPORAL_CHANGE,EVALUATED_DEVELOPMENT_ONLY,True,DETERMINISTIC_PIT_MATERIALIZATION_COORDINATES,DETERMINISTIC_PIT_MATERIALIZATION_COORDINATES,0.9116030092592593,cn.rep.02e8c0d559318445d7331b093dfc7ea4,SLOW_TEMPORAL_CHANGE
fund_ca_construct_long_asset_slope_at_disclosure,22,12,0.5454545454545454,12,12,1.0000000000000002,2,1.0,210537.9926060951,-2391593.051208791,1042226.0795652174,FUNDAMENTAL,capital_investment,primary,disclosure_payload__internally_derived_slope,disclosure episode,FUNDAMENTAL::capital_investment::disclosure episode::DISCLOSURE_EVENT,EVALUATED_DEVELOPMENT_ONLY,False,DETERMINISTIC_PIT_MATERIALIZATION_COORDINATES,DETERMINISTIC_PIT_MATERIALIZATION_COORDINATES,0.5454545454545454,cn.rep.e162f306f10f0c159e6e1d75c153ce02,DISCLOSURE_EVENT
fund_ca_construct_long_asset_source_yoy,27648,24641,0.8912398726851852,24641,2025,0.9999938730862802,24284,0.06868720144951408,1702.3909440922926,-99.6930231105,202403.0332907348,FUNDAMENTAL,growth,primary,source_reported_yoy,stock-session cross-section,FUNDAMENTAL::growth::stock-session cross-section::SLOW_TEMPORAL_CHANGE,EVALUATED_DEVELOPMENT_ONLY,True,DETERMINISTIC_PIT_MATERIALIZATION_COORDINATES,DETERMINISTIC_PIT_MATERIALIZATION_COORDINATES,0.8912398726851852,cn.rep.f8caeaffd1a9b58a82437872b8cf650a,SLOW_TEMPORAL_CHANGE
fund_ca_construct_long_asset_source_yoy_at_disclosure,22,1,0.045454545454545456,1,1,0.0,0,0.0,nan,-24.2784615318,-24.2784615318,FUNDAMENTAL,growth,primary,disclosure_payload__source_reported_yoy,disclosure episode,FUNDAMENTAL::growth::disclosure episode::DISCLOSURE_EVENT,EVALUATED_DEVELOPMENT_ONLY,False,DETERMINISTIC_PIT_MATERIALIZATION_COORDINATES,DETERMINISTIC_PIT_MATERIALIZATION_COORDINATES,0.045454545454545456,cn.rep.12ee5dd1f8c0e8532b32c84e5ab215f9,DISCLOSURE_EVENT
fund_ca_construct_long_asset_yoy,27648,24641,0.8912398726851852,24641,2023,0.9999888330258483,24284,0.06860484269477846,1076214797.540123,-21811000000.0,38756000000.0,FUNDAMENTAL,growth,primary,internally_derived_yoy,stock-session cross-section,FUNDAMENTAL::growth::stock-session cross-section::SLOW_TEMPORAL_CHANGE,EVALUATED_DEVELOPMENT_ONLY,True,DETERMINISTIC_PIT_MATERIALIZATION_COORDINATES,DETERMINISTIC_PIT_MATERIALIZATION_COORDINATES,0.8912398726851852,cn.rep.969bb2fa869730fb45129b627f23d4bf,SLOW_TEMPORAL_CHANGE
fund_ca_construct_long_asset_yoy_at_disclosure,22,1,0.045454545454545456,1,1,0.0,0,0.0,nan,-3311365.8100000005,-3311365.8100000005,FUNDAMENTAL,growth,primary,disclosure_payload__internally_derived_yoy,disclosure episode,FUNDAMENTAL::growth::disclosure episode::DISCLOSURE_EVENT,EVALUATED_DEVELOPMENT_ONLY,False,DETERMINISTIC_PIT_MATERIALIZATION_COORDINATES,DETERMINISTIC_PIT_MATERIALIZATION_COORDINATES,0.045454545454545456,cn.rep.f38cb59b1442ed04cab1ce3f5676d950,DISCLOSURE_EVENT
fund_ca_netcash_finance_acceleration,27648,24258,0.8773871527777778,24258,1980,0.9999949009360215,23895,0.06775476041012764,11343100294.754402,-196035000000.0,164465461174.32,FUNDAMENTAL,capital_investment,primary,internally_derived_acceleration,stock-session cross-section,FUNDAMENTAL::capital_investment::stock-session cross-section::SLOW_TEMPORAL_CHANGE,EVALUATED_DEVELOPMENT_ONLY,True,DETERMINISTIC_PIT_MATERIALIZATION_COORDINATES,DETERMINISTIC_PIT_MATERIALIZATION_COORDINATES,0.8771339699074074,cn.rep.b06da5d9c6bcc262d4ee6ed2250f911f,SLOW_TEMPORAL_CHANGE
fund_ca_netcash_finance_acceleration_at_disclosure,22,10,0.45454545454545453,10,10,0.9999999999999998,1,1.0,286440268.88007635,-312749074.67,1243544021.56,FUNDAMENTAL,capital_investment,primary,disclosure_payload__internally_derived_acceleration,disclosure episode,FUNDAMENTAL::capital_investment::disclosure episode::DISCLOSURE_EVENT,EVALUATED_DEVELOPMENT_ONLY,False,DETERMINISTIC_PIT_MATERIALIZATION_COORDINATES,DETERMINISTIC_PIT_MATERIALIZATION_COORDINATES,0.45454545454545453,cn.rep.15f672ab42f0a89777a067e1d1f3b5c3,DISCLOSURE_EVENT
fund_ca_netcash_finance_delta,27648,24812,0.8974247685185185,24812,2003,0.9999958606115033,24445,0.06745755778277766,7750081376.676829,-137917000000.0,111779000000.0,FUNDAMENTAL,capital_investment,primary,internally_derived_delta,stock-session cross-section,FUNDAMENTAL::capital_investment::stock-session cross-section::SLOW_TEMPORAL_CHANGE,EVALUATED_DEVELOPMENT_ONLY,True,DETERMINISTIC_PIT_MATERIALIZATION_COORDINATES,DETERMINISTIC_PIT_MATERIALIZATION_COORDINATES,0.8885633680555556,cn.rep.dd7a88db9a2ff04787f0a6c9808bad75,SLOW_TEMPORAL_CHANGE
fund_ca_netcash_finance_delta_at_disclosure,22,12,0.5454545454545454,12,12,1.0000000000000002,2,1.0,76333130.49540707,-197874825.57000002,116244782.51,FUNDAMENTAL,capital_investment,primary,disclosure_payload__internally_derived_delta,disclosure episode,FUNDAMENTAL::capital_investment::disclosure episode::DISCLOSURE_EVENT,EVALUATED_DEVELOPMENT_ONLY,False,DETERMINISTIC_PIT_MATERIALIZATION_COORDINATES,DETERMINISTIC_PIT_MATERIALIZATION_COORDINATES,0.5454545454545454,cn.rep.4354ef3f571a5334f98859d238fb4d6e,DISCLOSURE_EVENT
fund_ca_netcash_finance_persistence,27648,24567,0.8885633680555556,24567,8,0.8917890004909594,24202,0.04673167506817619,0.9319882015319843,1.0,8.0,FUNDAMENTAL,capital_investment,primary,internally_derived_persistence,stock-session cross-section,FUNDAMENTAL::capital_investment::stock-session cross-section::SLOW_TEMPORAL_CHANGE,EVALUATED_DEVELOPMENT_ONLY,True,DETERMINISTIC_PIT_MATERIALIZATION_COORDINATES,DETERMINISTIC_PIT_MATERIALIZATION_COORDINATES,0.8885633680555556,cn.rep.248cfcf8718ef5c565c135f1ade6b7cf,SLOW_TEMPORAL_CHANGE
fund_ca_netcash_finance_persistence_at_disclosure,22,12,0.5454545454545454,12,3,0.9182958340544894,2,0.0,0.0,1.0,3.0,FUNDAMENTAL,capital_investment,primary,disclosure_payload__internally_derived_persistence,disclosure episode,FUNDAMENTAL::capital_investment::disclosure episode::DISCLOSURE_EVENT,EVALUATED_DEVELOPMENT_ONLY,False,DETERMINISTIC_PIT_MATERIALIZATION_COORDINATES,DETERMINISTIC_PIT_MATERIALIZATION_COORDINATES,0.5454545454545454,cn.rep.a596fb6e4d17906795127cf63218c8db,DISCLOSURE_EVENT
fund_ca_netcash_finance_slope,27648,24812,0.8974247685185185,24812,2003,0.9999876388244965,24445,0.06745755778277766,84983552.29288949,-1515571428.5714285,1228340659.3406594,FUNDAMENTAL,capital_investment,primary,internally_derived_slope,stock-session cross-section,FUNDAMENTAL::capital_investment::stock-session cross-section::SLOW_TEMPORAL_CHANGE,EVALUATED_DEVELOPMENT_ONLY,True,DETERMINISTIC_PIT_MATERIALIZATION_COORDINATES,DETERMINISTIC_PIT_MATERIALIZATION_COORDINATES,0.8885633680555556,cn.rep.b29ed2ed5097b826a19532651473354b,SLOW_TEMPORAL_CHANGE
fund_ca_netcash_finance_slope_at_disclosure,22,12,0.5454545454545454,12,12,1.0000000000000002,2,1.0,391599.67546778877,-2174448.632637363,1263530.244673913,FUNDAMENTAL,capital_investment,primary,disclosure_payload__internally_derived_slope,disclosure episode,FUNDAMENTAL::capital_investment::disclosure episode::DISCLOSURE_EVENT,EVALUATED_DEVELOPMENT_ONLY,False,DETERMINISTIC_PIT_MATERIALIZATION_COORDINATES,DETERMINISTIC_PIT_MATERIALIZATION_COORDINATES,0.5454545454545454,cn.rep.1eceb7e844c0a2a9d04fc9b225053c37,DISCLOSURE_EVENT
fund_ca_netcash_finance_source_yoy,27648,24115,0.8722149884259259,24115,1979,0.9999961872062373,23740,0.06756529064869418,16737.300469406324,-60532.9470249587,1059264.8140915663,FUNDAMENTAL,growth,primary,source_reported_yoy,stock-session cross-section,FUNDAMENTAL::growth::stock-session cross-section::SLOW_TEMPORAL_CHANGE,EVALUATED_DEVELOPMENT_ONLY,True,DETERMINISTIC_PIT_MATERIALIZATION_COORDINATES,DETERMINISTIC_PIT_MATERIALIZATION_COORDINATES,0.8721426504629629,cn.rep.c3d0ac3796719b935be90c9600c89573,SLOW_TEMPORAL_CHANGE
fund_ca_netcash_finance_source_yoy_at_disclosure,22,1,0.045454545454545456,1,1,0.0,0,0.0,nan,9.4993489267,9.4993489267,FUNDAMENTAL,growth,primary,disclosure_payload__source_reported_yoy,disclosure episode,FUNDAMENTAL::growth::disclosure episode::DISCLOSURE_EVENT,EVALUATED_DEVELOPMENT_ONLY,False,DETERMINISTIC_PIT_MATERIALIZATION_COORDINATES,DETERMINISTIC_PIT_MATERIALIZATION_COORDINATES,0.045454545454545456,cn.rep.cefb68b5cc229d253b5636a835d81513,DISCLOSURE_EVENT
fund_ca_netcash_finance_yoy,27648,24145,0.8733000578703703,24145,1979,0.9999889573453316,23772,0.06755847215211173,8906339087.69843,-230257000000.0,180368000000.0,FUNDAMENTAL,growth,primary,internally_derived_yoy,stock-session cross-section,FUNDAMENTAL::growth::stock-session cross-section::SLOW_TEMPORAL_CHANGE,EVALUATED_DEVELOPMENT_ONLY,True,DETERMINISTIC_PIT_MATERIALIZATION_COORDINATES,DETERMINISTIC_PIT_MATERIALIZATION_COORDINATES,0.8732277199074074,cn.rep.817d08cf59e2456482688940df75f549,SLOW_TEMPORAL_CHANGE
fund_ca_netcash_finance_yoy_at_disclosure,22,1,0.045454545454545456,1,1,0.0,0,0.0,nan,168370.49,168370.49,FUNDAMENTAL,growth,primary,disclosure_payload__internally_derived_yoy,disclosure episode,FUNDAMENTAL::growth::disclosure episode::DISCLOSURE_EVENT,EVALUATED_DEVELOPMENT_ONLY,False,DETERMINISTIC_PIT_MATERIALIZATION_COORDINATES,DETERMINISTIC_PIT_MATERIALIZATION_COORDINATES,0.045454545454545456,cn.rep.2e25fac3761c92a70611563194b433f8,DISCLOSURE_EVENT
fund_ca_netcash_invest_acceleration,27648,25119,0.9085286458333334,25119,2043,0.9999927475246432,24765,0.06820109024833435,16172616081.258938,-229866000000.0,550309000000.0,FUNDAMENTAL,capital_investment,primary,internally_derived_acceleration,stock-session cross-section,FUNDAMENTAL::capital_investment::stock-session cross-section::SLOW_TEMPORAL_CHANGE,EVALUATED_DEVELOPMENT_ONLY,True,DETERMINISTIC_PIT_MATERIALIZATION_COORDINATES,DETERMINISTIC_PIT_MATERIALIZATION_COORDINATES,0.9085286458333334,cn.rep.4754004c3be5c421a8f846517ca1fd29,SLOW_TEMPORAL_CHANGE
fund_ca_netcash_invest_acceleration_at_disclosure,22,10,0.45454545454545453,10,10,0.9999999999999998,1,1.0,529106705.7258166,-283329719.4,1469542586.06,FUNDAMENTAL,capital_investment,primary,disclosure_payload__internally_derived_acceleration,disclosure episode,FUNDAMENTAL::capital_investment::disclosure episode::DISCLOSURE_EVENT,EVALUATED_DEVELOPMENT_ONLY,False,DETERMINISTIC_PIT_MATERIALIZATION_COORDINATES,DETERMINISTIC_PIT_MATERIALIZATION_COORDINATES,0.45454545454545453,cn.rep.fe45703efd2c7c22025528761621765b,DISCLOSURE_EVENT
fund_ca_netcash_invest_delta,27648,25305,0.9152560763888888,25305,2056,0.9999971975137812,24949,0.06813900356727724,11680634603.031698,-131295000000.0,424264000000.0,FUNDAMENTAL,capital_investment,primary,internally_derived_delta,stock-session cross-section,FUNDAMENTAL::capital_investment::stock-session cross-section::SLOW_TEMPORAL_CHANGE,EVALUATED_DEVELOPMENT_ONLY,True,DETERMINISTIC_PIT_MATERIALIZATION_COORDINATES,DETERMINISTIC_PIT_MATERIALIZATION_COORDINATES,0.9152560763888888,cn.rep.7862743c1b89668eaa47153169041853,SLOW_TEMPORAL_CHANGE
fund_ca_netcash_invest_delta_at_disclosure,22,12,0.5454545454545454,12,12,1.0000000000000002,2,1.0,152518449.31967643,-411277705.04999995,1297319564.24,FUNDAMENTAL,capital_investment,primary,disclosure_payload__internally_derived_delta,disclosure episode,FUNDAMENTAL::capital_investment::disclosure episode::DISCLOSURE_EVENT,EVALUATED_DEVELOPMENT_ONLY,False,DETERMINISTIC_PIT_MATERIALIZATION_COORDINATES,DETERMINISTIC_PIT_MATERIALIZATION_COORDINATES,0.5454545454545454,cn.rep.8acea78db0f221a263c5169bdb16c2d3,DISCLOSURE_EVENT
fund_ca_netcash_invest_persistence,27648,25305,0.9152560763888888,25305,8,0.8946011380053037,24949,0.05106417090865365,0.8583845157446137,1.0,8.0,FUNDAMENTAL,capital_investment,primary,internally_derived_persistence,stock-session cross-section,FUNDAMENTAL::capital_investment::stock-session cross-section::SLOW_TEMPORAL_CHANGE,EVALUATED_DEVELOPMENT_ONLY,True,DETERMINISTIC_PIT_MATERIALIZATION_COORDINATES,DETERMINISTIC_PIT_MATERIALIZATION_COORDINATES,0.9152560763888888,cn.rep.327114371317e3c429bedd1b56d83065,SLOW_TEMPORAL_CHANGE
fund_ca_netcash_invest_persistence_at_disclosure,22,12,0.5454545454545454,12,3,0.9798687566511527,2,0.5,0.3535533905932738,1.0,3.0,FUNDAMENTAL,capital_investment,primary,disclosure_payload__internally_derived_persistence,disclosure episode,FUNDAMENTAL::capital_investment::disclosure episode::DISCLOSURE_EVENT,EVALUATED_DEVELOPMENT_ONLY,False,DETERMINISTIC_PIT_MATERIALIZATION_COORDINATES,DETERMINISTIC_PIT_MATERIALIZATION_COORDINATES,0.5454545454545454,cn.rep.b5e4c3968eb86573794b8604e703ae5f,DISCLOSURE_EVENT
fund_ca_netcash_invest_slope,27648,25305,0.9152560763888888,25305,2056,0.9999959338944708,24949,0.06813900356727724,128193889.70116316,-1427119565.2173913,4662241758.241758,FUNDAMENTAL,capital_investment,primary,internally_derived_slope,stock-session cross-section,FUNDAMENTAL::capital_investment::stock-session cross-section::SLOW_TEMPORAL_CHANGE,EVALUATED_DEVELOPMENT_ONLY,True,DETERMINISTIC_PIT_MATERIALIZATION_COORDINATES,DETERMINISTIC_PIT_MATERIALIZATION_COORDINATES,0.9152560763888888,cn.rep.c7b3d61a540bbaec9d5a5620a9759401,SLOW_TEMPORAL_CHANGE
fund_ca_netcash_invest_slope_at_disclosure,22,12,0.5454545454545454,12,12,1.0000000000000002,2,1.0,397699.85090334713,-4470409.837499999,14256258.947692309,FUNDAMENTAL,capital_investment,primary,disclosure_payload__internally_derived_slope,disclosure episode,FUNDAMENTAL::capital_investment::disclosure episode::DISCLOSURE_EVENT,EVALUATED_DEVELOPMENT_ONLY,False,DETERMINISTIC_PIT_MATERIALIZATION_COORDINATES,DETERMINISTIC_PIT_MATERIALIZATION_COORDINATES,0.5454545454545454,cn.rep.cd5243b48c2a083d86ff696ea679ff42,DISCLOSURE_EVENT
fund_ca_netcash_invest_source_yoy,27648,24692,0.8930844907407407,24692,2030,0.999997212443509,24338,0.06886350562905744,3549.1310925920593,-158688.9437679688,122208.7258075707,FUNDAMENTAL,growth,primary,source_reported_yoy,stock-session cross-section,FUNDAMENTAL::growth::stock-session cross-section::SLOW_TEMPORAL_CHANGE,EVALUATED_DEVELOPMENT_ONLY,True,DETERMINISTIC_PIT_MATERIALIZATION_COORDINATES,DETERMINISTIC_PIT_MATERIALIZATION_COORDINATES,0.8930844907407407,cn.rep.d3fceaef00cf8a98d6a82883dbb90dad,SLOW_TEMPORAL_CHANGE
fund_ca_netcash_invest_source_yoy_at_disclosure,22,1,0.045454545454545456,1,1,0.0,0,0.0,nan,24.3319107714,24.3319107714,FUNDAMENTAL,growth,primary,disclosure_payload__source_reported_yoy,disclosure episode,FUNDAMENTAL::growth::disclosure episode::DISCLOSURE_EVENT,EVALUATED_DEVELOPMENT_ONLY,False,DETERMINISTIC_PIT_MATERIALIZATION_COORDINATES,DETERMINISTIC_PIT_MATERIALIZATION_COORDINATES,0.045454545454545456,cn.rep.7fcd18b81b431178126fef69d8e283a3,DISCLOSURE_EVENT
fund_ca_netcash_invest_yoy,27648,24692,0.8930844907407407,24692,2028,0.9999945159752867,24338,0.06878132960802039,9683518426.394684,-265965000000.0,246777000000.0,FUNDAMENTAL,growth,primary,internally_derived_yoy,stock-session cross-section,FUNDAMENTAL::growth::stock-session cross-section::SLOW_TEMPORAL_CHANGE,EVALUATED_DEVELOPMENT_ONLY,True,DETERMINISTIC_PIT_MATERIALIZATION_COORDINATES,DETERMINISTIC_PIT_MATERIALIZATION_COORDINATES,0.8930844907407407,cn.rep.345d3611322da382e4977d77cf359995,SLOW_TEMPORAL_CHANGE
fund_ca_netcash_invest_yoy_at_disclosure,22,1,0.045454545454545456,1,1,0.0,0,0.0,nan,3318655.8100000005,3318655.8100000005,FUNDAMENTAL,growth,primary,disclosure_payload__internally_derived_yoy,disclosure episode,FUNDAMENTAL::growth::disclosure episode::DISCLOSURE_EVENT,EVALUATED_DEVELOPMENT_ONLY,False,DETERMINISTIC_PIT_MATERIALIZATION_COORDINATES,DETERMINISTIC_PIT_MATERIALIZATION_COORDINATES,0.045454545454545456,cn.rep.7ba34a762b8799c438d475baede0165b,DISCLOSURE_EVENT
fund_ca_netcash_operate_acceleration,27648,25298,0.9150028935185185,25298,2056,0.9999960605088121,24942,0.06815812685430198,15275441883.004557,-461437000000.0,362710000000.0,FUNDAMENTAL,cashflow_quality,primary,internally_derived_acceleration,stock-session cross-section,FUNDAMENTAL::cashflow_quality::stock-session cross-section::SLOW_TEMPORAL_CHANGE,EVALUATED_DEVELOPMENT_ONLY,True,DETERMINISTIC_PIT_MATERIALIZATION_COORDINATES,DETERMINISTIC_PIT_MATERIALIZATION_COORDINATES,0.9150028935185185,cn.rep.e70a4cc65303a74658df2b9a53874270,SLOW_TEMPORAL_CHANGE
fund_ca_netcash_operate_acceleration_at_disclosure,22,17,0.7727272727272727,17,17,0.9924539456067025,5,1.0,1289431961.4344473,-4322442100.0,366494300.0,FUNDAMENTAL,cashflow_quality,primary,disclosure_payload__internally_derived_acceleration,disclosure episode,FUNDAMENTAL::cashflow_quality::disclosure episode::DISCLOSURE_EVENT,EVALUATED_DEVELOPMENT_ONLY,False,DETERMINISTIC_PIT_MATERIALIZATION_COORDINATES,DETERMINISTIC_PIT_MATERIALIZATION_COORDINATES,0.7727272727272727,cn.rep.8c05613404420e45ab2cf405bc449eea,DISCLOSURE_EVENT
fund_ca_netcash_operate_delta,27648,25500,0.9223090277777778,25500,2065,0.9999945465118333,25144,0.0679685014317531,13530202567.639456,-345590000000.0,119294000000.0,FUNDAMENTAL,cashflow_quality,primary,internally_derived_delta,stock-session cross-section,FUNDAMENTAL::cashflow_quality::stock-session cross-section::SLOW_TEMPORAL_CHANGE,EVALUATED_DEVELOPMENT_ONLY,True,DETERMINISTIC_PIT_MATERIALIZATION_COORDINATES,DETERMINISTIC_PIT_MATERIALIZATION_COORDINATES,0.9223090277777778,cn.rep.38b34cff929d244eae039019a3e56eb9,SLOW_TEMPORAL_CHANGE
fund_ca_netcash_operate_delta_at_disclosure,22,21,0.9545454545454546,21,21,0.9790317366470712,9,1.0,635399777.1898671,-2385878700.0,136401448.07999998,FUNDAMENTAL,cashflow_quality,primary,disclosure_payload__internally_derived_delta,disclosure episode,FUNDAMENTAL::cashflow_quality::disclosure episode::DISCLOSURE_EVENT,EVALUATED_DEVELOPMENT_ONLY,False,DETERMINISTIC_PIT_MATERIALIZATION_COORDINATES,DETERMINISTIC_PIT_MATERIALIZATION_COORDINATES,0.9545454545454546,cn.rep.0c0e59d94aa69c1a4ca9e27fb91d6204,DISCLOSURE_EVENT
fund_ca_netcash_operate_persistence,27648,25500,0.9223090277777778,25500,7,0.9994563557240402,25144,0.04883868915049316,0.8037227602287109,1.0,7.0,FUNDAMENTAL,cashflow_quality,primary,internally_derived_persistence,stock-session cross-section,FUNDAMENTAL::cashflow_quality::stock-session cross-section::SLOW_TEMPORAL_CHANGE,EVALUATED_DEVELOPMENT_ONLY,False,DETERMINISTIC_PIT_MATERIALIZATION_COORDINATES,DETERMINISTIC_PIT_MATERIALIZATION_COORDINATES,0.9223090277777778,cn.rep.d2b48b85c94b2f29b63ec4af3ae3eedf,SLOW_TEMPORAL_CHANGE
fund_ca_netcash_operate_persistence_at_disclosure,22,21,0.9545454545454546,21,2,0.0,9,0.3333333333333333,0.28867513459481287,1.0,2.0,FUNDAMENTAL,cashflow_quality,primary,disclosure_payload__internally_derived_persistence,disclosure episode,FUNDAMENTAL::cashflow_quality::disclosure episode::DISCLOSURE_EVENT,EVALUATED_DEVELOPMENT_ONLY,False,DETERMINISTIC_PIT_MATERIALIZATION_COORDINATES,DETERMINISTIC_PIT_MATERIALIZATION_COORDINATES,0.9545454545454546,cn.rep.f9950a6f3fef12f90a750a5f4b022996,DISCLOSURE_EVENT
fund_ca_netcash_operate_slope,27648,25500,0.9223090277777778,25500,2065,0.9999868884192656,25144,0.0679685014317531,148727884.75781775,-3797692307.6923075,1296673913.0434783,FUNDAMENTAL,cashflow_quality,primary,internally_derived_slope,stock-session cross-section,FUNDAMENTAL::cashflow_quality::stock-session cross-section::SLOW_TEMPORAL_CHANGE,EVALUATED_DEVELOPMENT_ONLY,True,DETERMINISTIC_PIT_MATERIALIZATION_COORDINATES,DETERMINISTIC_PIT_MATERIALIZATION_COORDINATES,0.9223090277777778,cn.rep.e00bc3e10b45c4a60ab6ab68fba4dec3,SLOW_TEMPORAL_CHANGE
fund_ca_netcash_operate_slope_at_disclosure,22,21,0.9545454545454546,21,21,0.9790317366470712,9,1.0,3582032.706211429,-13037588.524590164,1482624.4356521738,FUNDAMENTAL,cashflow_quality,primary,disclosure_payload__internally_derived_slope,disclosure episode,FUNDAMENTAL::cashflow_quality::disclosure episode::DISCLOSURE_EVENT,EVALUATED_DEVELOPMENT_ONLY,False,DETERMINISTIC_PIT_MATERIALIZATION_COORDINATES,DETERMINISTIC_PIT_MATERIALIZATION_COORDINATES,0.9545454545454546,cn.rep.c35ae91640092ea8a2f8318ad5b06f6a,DISCLOSURE_EVENT
fund_ca_netcash_operate_source_yoy,27648,24997,0.9041160300925926,24997,2046,0.9999930492647018,24643,0.06866047153349836,6629.418233010735,-213755.7160189135,322303.4868968972,FUNDAMENTAL,growth,primary,source_reported_yoy,stock-session cross-section,FUNDAMENTAL::growth::stock-session cross-section::SLOW_TEMPORAL_CHANGE,EVALUATED_DEVELOPMENT_ONLY,True,DETERMINISTIC_PIT_MATERIALIZATION_COORDINATES,DETERMINISTIC_PIT_MATERIALIZATION_COORDINATES,0.9041160300925926,cn.rep.09914b7a9e83546d6750001b85e20911,SLOW_TEMPORAL_CHANGE
fund_ca_netcash_operate_source_yoy_at_disclosure,22,9,0.4090909090909091,9,8,0.9708357627258162,2,0.5,76.5737741480029,-132.6974919167,960.0189093057,FUNDAMENTAL,growth,primary,disclosure_payload__source_reported_yoy,disclosure episode,FUNDAMENTAL::growth::disclosure episode::DISCLOSURE_EVENT,EVALUATED_DEVELOPMENT_ONLY,False,DETERMINISTIC_PIT_MATERIALIZATION_COORDINATES,DETERMINISTIC_PIT_MATERIALIZATION_COORDINATES,0.4090909090909091,cn.rep.7535abfbec84e3ccefe11abacd72d238,DISCLOSURE_EVENT
fund_ca_netcash_operate_yoy,27648,24997,0.9041160300925926,24997,2044,0.9999961355333953,24643,0.06857931258369517,6957636350.210743,-174214975726.91,86801000000.0,FUNDAMENTAL,growth,primary,internally_derived_yoy,stock-session cross-section,FUNDAMENTAL::growth::stock-session cross-section::SLOW_TEMPORAL_CHANGE,EVALUATED_DEVELOPMENT_ONLY,True,DETERMINISTIC_PIT_MATERIALIZATION_COORDINATES,DETERMINISTIC_PIT_MATERIALIZATION_COORDINATES,0.9041160300925926,cn.rep.fe0f6b98f132e08d172f7b7488e35888,SLOW_TEMPORAL_CHANGE
fund_ca_netcash_operate_yoy_at_disclosure,22,9,0.4090909090909091,9,8,0.9708357627258162,2,0.5,311172914.2319616,-449315300.0,934516006.98,FUNDAMENTAL,growth,primary,disclosure_payload__internally_derived_yoy,disclosure episode,FUNDAMENTAL::growth::disclosure episode::DISCLOSURE_EVENT,EVALUATED_DEVELOPMENT_ONLY,False,DETERMINISTIC_PIT_MATERIALIZATION_COORDINATES,DETERMINISTIC_PIT_MATERIALIZATION_COORDINATES,0.4090909090909091,cn.rep.78d1be52d6d061fcfe498855c1ad0259,DISCLOSURE_EVENT
fund_capex_construct_assets,27648,25414,0.9191984953703703,25414,2069,0.9999977144179489,25053,0.06817546800782341,0.021609662473775756,3.2022800271592086e-06,0.2196194365775015,FUNDAMENTAL,capital_investment,primary,scale_normalized_ratio,stock-session cross-section,FUNDAMENTAL::capital_investment::stock-session cross-section::SLOW_CROSS_SECTIONAL_LEVEL,EVALUATED_DEVELOPMENT_ONLY,True,DETERMINISTIC_PIT_MATERIALIZATION_COORDINATES,DETERMINISTIC_PIT_MATERIALIZATION_COORDINATES,0.9191984953703703,cn.rep.49f55327a1946cf8decf161ac3347214,SLOW_CROSS_SECTIONAL_LEVEL
fund_capex_construct_assets_at_disclosure,22,18,0.8181818181818182,18,18,0.9869256948050227,6,1.0,0.007538965047285726,0.00030144377159920167,0.025231557828398313,FUNDAMENTAL,capital_investment,primary,disclosure_payload__scale_normalized_ratio,disclosure episode,FUNDAMENTAL::capital_investment::disclosure episode::DISCLOSURE_EVENT,EVALUATED_DEVELOPMENT_ONLY,False,DETERMINISTIC_PIT_MATERIALIZATION_COORDINATES,DETERMINISTIC_PIT_MATERIALIZATION_COORDINATES,0.8181818181818182,cn.rep.c56092f6481b0f14df80b6c747e12114,DISCLOSURE_EVENT
fund_cashflow_cfo_profit,27648,25608,0.9262152777777778,25608,2080,0.9999904595387369,25251,0.06823492138925191,33.62939172994678,-924.4294958520165,1152.732786575361,FUNDAMENTAL,cashflow_quality,primary,scale_normalized_ratio,stock-session cross-section,FUNDAMENTAL::cashflow_quality::stock-session cross-section::SLOW_CROSS_SECTIONAL_LEVEL,EVALUATED_DEVELOPMENT_ONLY,True,DETERMINISTIC_PIT_MATERIALIZATION_COORDINATES,DETERMINISTIC_PIT_MATERIALIZATION_COORDINATES,0.9262152777777778,cn.rep.da08cfb5426da4d5f7dd84b8d1bd006a,SLOW_CROSS_SECTIONAL_LEVEL
fund_cashflow_cfo_profit_at_disclosure,22,22,1.0,22,20,0.9785449294564129,9,0.7777777777777778,8.14192126088781,-13.88615345752463,12.950888654645022,FUNDAMENTAL,cashflow_quality,primary,disclosure_payload__scale_normalized_ratio,disclosure episode,FUNDAMENTAL::cashflow_quality::disclosure episode::DISCLOSURE_EVENT,EVALUATED_DEVELOPMENT_ONLY,False,DETERMINISTIC_PIT_MATERIALIZATION_COORDINATES,DETERMINISTIC_PIT_MATERIALIZATION_COORDINATES,1.0,cn.rep.fef320acfdf9d221a84fbaebffcdf1cc,DISCLOSURE_EVENT
fund_cashflow_cfo_revenue,27648,25282,0.9144241898148148,25282,2067,0.9999890747677547,24926,0.0686431838241194,0.5320965825897426,-7.655648848913399,7.707588294651867,FUNDAMENTAL,cashflow_quality,primary,scale_normalized_ratio,stock-session cross-section,FUNDAMENTAL::cashflow_quality::stock-session cross-section::SLOW_CROSS_SECTIONAL_LEVEL,EVALUATED_DEVELOPMENT_ONLY,True,DETERMINISTIC_PIT_MATERIALIZATION_COORDINATES,DETERMINISTIC_PIT_MATERIALIZATION_COORDINATES,0.9144241898148148,cn.rep.299d0399679853b6f094b3e3a02a9032,SLOW_CROSS_SECTIONAL_LEVEL
fund_cashflow_cfo_revenue_at_disclosure,22,18,0.8181818181818182,18,17,0.9869256948050227,6,0.8333333333333334,0.6421005765627904,-0.7653858094222665,0.7168621673942467,FUNDAMENTAL,cashflow_quality,primary,disclosure_payload__scale_normalized_ratio,disclosure episode,FUNDAMENTAL::cashflow_quality::disclosure episode::DISCLOSURE_EVENT,EVALUATED_DEVELOPMENT_ONLY,False,DETERMINISTIC_PIT_MATERIALIZATION_COORDINATES,DETERMINISTIC_PIT_MATERIALIZATION_COORDINATES,0.8181818181818182,cn.rep.a3bb7449aaedbec8692ce6599469084a,DISCLOSURE_EVENT
fund_disclosure_balance_age_sessions,27648,25752,0.9314236111111112,25752,245,0.9982112358695702,25393,0.9999606190682472,22.657455907358738,0.0,371.0,FUNDAMENTAL,disclosure_timing_staleness,condition-only,staleness_age,stock-session cross-section,FUNDAMENTAL::disclosure_timing_staleness::stock-session cross-section::SLOW_CROSS_SECTIONAL_LEVEL,EVALUATED_DEVELOPMENT_ONLY,True,DETERMINISTIC_PIT_MATERIALIZATION_COORDINATES,DETERMINISTIC_PIT_MATERIALIZATION_COORDINATES,0.9082754629629629,cn.rep.5fff985e03191d8ddf2262a25608c7e5,SLOW_CROSS_SECTIONAL_LEVEL
fund_disclosure_balance_pulse,139776,139776,1.0,139776,2,0.0,139392,0.01992940771349862,0.030766006431187046,0.0,1.0,FUNDAMENTAL,disclosure_timing_staleness,condition-only,disclosure_pulse,disclosure episode,FUNDAMENTAL::disclosure_timing_staleness::disclosure episode::DISCLOSURE_EVENT,EVALUATED_DEVELOPMENT_ONLY,True,DETERMINISTIC_PIT_MATERIALIZATION_COORDINATES,DETERMINISTIC_PIT_MATERIALIZATION_COORDINATES,0.009937328296703296,cn.rep.d492f654855668bd8d928f7c52d9e376,DISCLOSURE_EVENT
fund_disclosure_cashflow_age_sessions,27648,25608,0.9262152777777778,25608,264,0.9987986528227301,25251,0.9995247712961863,26.458866010078058,0.0,420.0,FUNDAMENTAL,disclosure_timing_staleness,condition-only,staleness_age,stock-session cross-section,FUNDAMENTAL::disclosure_timing_staleness::stock-session cross-section::SLOW_CROSS_SECTIONAL_LEVEL,EVALUATED_DEVELOPMENT_ONLY,True,DETERMINISTIC_PIT_MATERIALIZATION_COORDINATES,DETERMINISTIC_PIT_MATERIALIZATION_COORDINATES,0.9011501736111112,cn.rep.0c2bcaadb31237bd45fae1565911cca0,SLOW_CROSS_SECTIONAL_LEVEL
fund_disclosure_cashflow_pulse,139776,139776,1.0,139776,2,0.0,139392,0.0003156565656565657,0.0026127788049205534,0.0,1.0,FUNDAMENTAL,disclosure_timing_staleness,condition-only,disclosure_pulse,disclosure episode,FUNDAMENTAL::disclosure_timing_staleness::disclosure episode::DISCLOSURE_EVENT,EVALUATED_DEVELOPMENT_ONLY,True,DETERMINISTIC_PIT_MATERIALIZATION_COORDINATES,DETERMINISTIC_PIT_MATERIALIZATION_COORDINATES,0.00015739468864468865,cn.rep.6ff4ada7d3c1e936390a10e56a8a3494,DISCLOSURE_EVENT
fund_disclosure_holder_age_sessions,27648,25850,0.9349681712962963,25850,209,0.9982787047015702,25490,0.9993330717928599,24.037748260305793,0.0,363.0,FUNDAMENTAL,disclosure_timing_staleness,condition-only,staleness_age,stock-session cross-section,FUNDAMENTAL::disclosure_timing_staleness::stock-session cross-section::SLOW_CROSS_SECTIONAL_LEVEL,EVALUATED_DEVELOPMENT_ONLY,True,DETERMINISTIC_PIT_MATERIALIZATION_COORDINATES,DETERMINISTIC_PIT_MATERIALIZATION_COORDINATES,0.9078052662037037,cn.rep.e9e5e4110c874e688145e0e652cedffa,SLOW_CROSS_SECTIONAL_LEVEL
fund_disclosure_holder_pulse,139776,139776,1.0,139776,2,0.0,139392,0.02965736914600551,0.0675554800945614,0.0,1.0,FUNDAMENTAL,disclosure_timing_staleness,condition-only,disclosure_pulse,disclosure episode,FUNDAMENTAL::disclosure_timing_staleness::disclosure episode::DISCLOSURE_EVENT,EVALUATED_DEVELOPMENT_ONLY,True,DETERMINISTIC_PIT_MATERIALIZATION_COORDINATES,DETERMINISTIC_PIT_MATERIALIZATION_COORDINATES,0.014902415293040294,cn.rep.9014032fdf4a54b3b31c964baa37e195,DISCLOSURE_EVENT
fund_disclosure_profit_age_sessions,27648,25680,0.9288194444444444,25680,274,0.9987730218569211,25322,0.9995261037832714,26.491084142202403,0.0,420.0,FUNDAMENTAL,disclosure_timing_staleness,condition-only,staleness_age,stock-session cross-section,FUNDAMENTAL::disclosure_timing_staleness::stock-session cross-section::SLOW_CROSS_SECTIONAL_LEVEL,EVALUATED_DEVELOPMENT_ONLY,True,DETERMINISTIC_PIT_MATERIALIZATION_COORDINATES,DETERMINISTIC_PIT_MATERIALIZATION_COORDINATES,0.9036820023148148,cn.rep.0c3a3397106414a9fe3feb2300b02a3c,SLOW_CROSS_SECTIONAL_LEVEL
fund_disclosure_profit_pulse,139776,139776,1.0,139776,2,0.0,139392,0.0003443526170798898,0.0028931691143050746,0.0,1.0,FUNDAMENTAL,disclosure_timing_staleness,condition-only,disclosure_pulse,disclosure episode,FUNDAMENTAL::disclosure_timing_staleness::disclosure episode::DISCLOSURE_EVENT,EVALUATED_DEVELOPMENT_ONLY,True,DETERMINISTIC_PIT_MATERIALIZATION_COORDINATES,DETERMINISTIC_PIT_MATERIALIZATION_COORDINATES,0.00017170329670329672,cn.rep.98737d4edbac05f63bcc5be5a14b7adc,DISCLOSURE_EVENT
fund_efficiency_fixed_asset_intensity,27648,25574,0.9249855324074074,25574,1753,0.9999865182480899,25216,0.055322017766497464,0.14753307324478135,0.0014639583415662239,0.7019499957908281,FUNDAMENTAL,operating_efficiency,primary,scale_normalized_ratio,stock-session cross-section,FUNDAMENTAL::operating_efficiency::stock-session cross-section::SLOW_CROSS_SECTIONAL_LEVEL,EVALUATED_DEVELOPMENT_ONLY,True,DETERMINISTIC_PIT_MATERIALIZATION_COORDINATES,DETERMINISTIC_PIT_MATERIALIZATION_COORDINATES,0.9249855324074074,cn.rep.4d21331528dad338b70da9cecfd89254,SLOW_CROSS_SECTIONAL_LEVEL
fund_efficiency_fixed_asset_intensity_at_disclosure,1389,1384,0.9964002879769619,1384,1384,0.9999939744767826,1027,1.0,0.15059509265675206,0.0014639583415662239,0.7019499957908281,FUNDAMENTAL,operating_efficiency,primary,disclosure_payload__scale_normalized_ratio,disclosure episode,FUNDAMENTAL::operating_efficiency::disclosure episode::DISCLOSURE_EVENT,EVALUATED_DEVELOPMENT_ONLY,True,DETERMINISTIC_PIT_MATERIALIZATION_COORDINATES,DETERMINISTIC_PIT_MATERIALIZATION_COORDINATES,0.9964002879769619,cn.rep.b45dd387a0a91bbdc6bd7497c6cb4396,DISCLOSURE_EVENT
fund_efficiency_revenue_assets,27648,25354,0.9170283564814815,25354,2071,0.999996688308938,24997,0.06856822818738248,0.26805777894946103,0.003650226574223938,4.247693857357954,FUNDAMENTAL,operating_efficiency,primary,scale_normalized_ratio,stock-session cross-section,FUNDAMENTAL::operating_efficiency::stock-session cross-section::SLOW_CROSS_SECTIONAL_LEVEL,EVALUATED_DEVELOPMENT_ONLY,True,DETERMINISTIC_PIT_MATERIALIZATION_COORDINATES,DETERMINISTIC_PIT_MATERIALIZATION_COORDINATES,0.9170283564814815,cn.rep.ea51da172d0a4a69d4ef55bdc4d26de8,SLOW_CROSS_SECTIONAL_LEVEL
fund_efficiency_revenue_assets_at_disclosure,24,19,0.7916666666666666,19,19,0.983034509939844,7,1.0,0.058777761246264555,0.036442042839493025,0.37419122760966506,FUNDAMENTAL,operating_efficiency,primary,disclosure_payload__scale_normalized_ratio,disclosure episode,FUNDAMENTAL::operating_efficiency::disclosure episode::DISCLOSURE_EVENT,EVALUATED_DEVELOPMENT_ONLY,False,DETERMINISTIC_PIT_MATERIALIZATION_COORDINATES,DETERMINISTIC_PIT_MATERIALIZATION_COORDINATES,0.7916666666666666,cn.rep.4adc00e63f4ff7beeef893c2abe0a194,DISCLOSURE_EVENT
fund_holder_average_shares_log,27648,22930,0.8293547453703703,22930,1935,0.9999974544507869,22396,0.06492230755492052,1.1959191545456607,7.6004023345004,20.374265266668573,FUNDAMENTAL,shareholder_structure,primary,aggregated_holder_level,stock-session cross-section,FUNDAMENTAL::shareholder_structure::stock-session cross-section::SLOW_CROSS_SECTIONAL_LEVEL,EVALUATED_DEVELOPMENT_ONLY,True,DETERMINISTIC_PIT_MATERIALIZATION_COORDINATES,DETERMINISTIC_PIT_MATERIALIZATION_COORDINATES,0.8293547453703703,cn.rep.579f5a79708c242af457d7a7dd2da057,SLOW_CROSS_SECTIONAL_LEVEL
fund_holder_average_shares_log_at_disclosure,2083,1728,0.8295727316370619,1728,1670,0.9999980673497832,1266,0.9881516587677726,0.8133079009590893,7.6004023345004,20.374265266668573,FUNDAMENTAL,shareholder_structure,primary,disclosure_payload__aggregated_holder_level,disclosure episode,FUNDAMENTAL::shareholder_structure::disclosure episode::DISCLOSURE_EVENT,EVALUATED_DEVELOPMENT_ONLY,True,DETERMINISTIC_PIT_MATERIALIZATION_COORDINATES,DETERMINISTIC_PIT_MATERIALIZATION_COORDINATES,0.8295727316370619,cn.rep.18c3ac42a43ad470c8becb5b28dddf5e,DISCLOSURE_EVENT
fund_holder_average_shares_log_change,27648,22396,0.8100405092592593,22396,1455,0.1819500922946183,21868,0.12886409365282606,0.05404671550411906,-8.54392189526655,1.1914753474903126,FUNDAMENTAL,shareholder_structure,primary,aggregated_holder_change,stock-session cross-section,FUNDAMENTAL::shareholder_structure::stock-session cross-section::SLOW_TEMPORAL_CHANGE,EVALUATED_DEVELOPMENT_ONLY,True,DETERMINISTIC_PIT_MATERIALIZATION_COORDINATES,DETERMINISTIC_PIT_MATERIALIZATION_COORDINATES,0.05258969907407408,cn.rep.2d1991c0991ae4b10e0ff67984fc2651,SLOW_TEMPORAL_CHANGE
fund_holder_average_shares_log_change_at_disclosure,2083,1266,0.6077772443590974,1266,1252,0.999996859429389,860,0.9953488372093023,0.2892584940199757,-8.54392189526655,1.1218505782190356,FUNDAMENTAL,shareholder_structure,primary,disclosure_payload__aggregated_holder_change,disclosure episode,FUNDAMENTAL::shareholder_structure::disclosure episode::DISCLOSURE_EVENT,EVALUATED_DEVELOPMENT_ONLY,True,DETERMINISTIC_PIT_MATERIALIZATION_COORDINATES,DETERMINISTIC_PIT_MATERIALIZATION_COORDINATES,0.6005760921747479,cn.rep.be9e445cc2205d7919764377e170b009,DISCLOSURE_EVENT
fund_holder_count_log,27648,22930,0.8293547453703703,22930,1952,0.9999938341058331,22396,0.06492230755492052,1.4419558066460314,1.3862943611198906,13.178760723928228,FUNDAMENTAL,shareholder_structure,primary,aggregated_holder_level,stock-session cross-section,FUNDAMENTAL::shareholder_structure::stock-session cross-section::SLOW_CROSS_SECTIONAL_LEVEL,EVALUATED_DEVELOPMENT_ONLY,True,DETERMINISTIC_PIT_MATERIALIZATION_COORDINATES,DETERMINISTIC_PIT_MATERIALIZATION_COORDINATES,0.8293547453703703,cn.rep.939d893c516caf12bea8475d313cbf29,SLOW_CROSS_SECTIONAL_LEVEL
fund_holder_count_log_at_disclosure,2083,1728,0.8295727316370619,1728,1686,1.0,1266,0.9881516587677726,0.9310375457808134,1.3862943611198906,13.178760723928228,FUNDAMENTAL,shareholder_structure,primary,disclosure_payload__aggregated_holder_level,disclosure episode,FUNDAMENTAL::shareholder_structure::disclosure episode::DISCLOSURE_EVENT,EVALUATED_DEVELOPMENT_ONLY,True,DETERMINISTIC_PIT_MATERIALIZATION_COORDINATES,DETERMINISTIC_PIT_MATERIALIZATION_COORDINATES,0.8295727316370619,cn.rep.182663bf7138de0cd7d14802e49cad22,DISCLOSURE_EVENT
fund_holder_count_log_change,27648,22396,0.8100405092592593,22396,1455,0.22801708570996573,21868,0.12886409365282606,0.05442716540796784,-1.1465399090328852,8.677707255370647,FUNDAMENTAL,shareholder_structure,primary,aggregated_holder_change,stock-session cross-section,FUNDAMENTAL::shareholder_structure::stock-session cross-section::SLOW_TEMPORAL_CHANGE,EVALUATED_DEVELOPMENT_ONLY,True,DETERMINISTIC_PIT_MATERIALIZATION_COORDINATES,DETERMINISTIC_PIT_MATERIALIZATION_COORDINATES,0.05258969907407408,cn.rep.51941a1a3a444a15f49caf12114a6756,SLOW_TEMPORAL_CHANGE
fund_holder_count_log_change_at_disclosure,2083,1266,0.6077772443590974,1266,1252,0.9999391350263471,860,0.9953488372093023,0.28430826627590294,-0.7590199247106533,8.677707255370647,FUNDAMENTAL,shareholder_structure,primary,disclosure_payload__aggregated_holder_change,disclosure episode,FUNDAMENTAL::shareholder_structure::disclosure episode::DISCLOSURE_EVENT,EVALUATED_DEVELOPMENT_ONLY,True,DETERMINISTIC_PIT_MATERIALIZATION_COORDINATES,DETERMINISTIC_PIT_MATERIALIZATION_COORDINATES,0.6005760921747479,cn.rep.3f1a54139228c547f207ffaf4ad783e2,DISCLOSURE_EVENT
fund_holder_top10_share_ratio,27648,25850,0.9349681712962963,25850,2000,0.9999862544824457,25490,0.07061592781482935,16.40403563636182,19.350000000000005,104.08000000000001,FUNDAMENTAL,shareholder_structure,primary,aggregated_holder_level,stock-session cross-section,FUNDAMENTAL::shareholder_structure::stock-session cross-section::SLOW_CROSS_SECTIONAL_LEVEL,EVALUATED_DEVELOPMENT_ONLY,True,DETERMINISTIC_PIT_MATERIALIZATION_COORDINATES,DETERMINISTIC_PIT_MATERIALIZATION_COORDINATES,0.9349681712962963,cn.rep.2e1c196bf841e2e1da47271a566a7b22,SLOW_CROSS_SECTIONAL_LEVEL
fund_holder_top10_share_ratio_at_disclosure,2083,2083,1.0,2083,1749,0.9999957177420964,1723,0.877539175856065,14.903762102367661,19.350000000000005,104.08000000000001,FUNDAMENTAL,shareholder_structure,primary,disclosure_payload__aggregated_holder_level,disclosure episode,FUNDAMENTAL::shareholder_structure::disclosure episode::DISCLOSURE_EVENT,EVALUATED_DEVELOPMENT_ONLY,True,DETERMINISTIC_PIT_MATERIALIZATION_COORDINATES,DETERMINISTIC_PIT_MATERIALIZATION_COORDINATES,1.0,cn.rep.3b9c93ee06d70ed80cb18dd0fcc05c79,DISCLOSURE_EVENT
fund_holder_top10_share_ratio_change,27648,25490,0.9219473379629629,25490,1797,0.25814796368093856,25130,0.13871866295264623,0.006806690194026451,-0.3231670819843986,0.5122865444056655,FUNDAMENTAL,shareholder_structure,primary,aggregated_holder_change,stock-session cross-section,FUNDAMENTAL::shareholder_structure::stock-session cross-section::SLOW_TEMPORAL_CHANGE,EVALUATED_DEVELOPMENT_ONLY,True,DETERMINISTIC_PIT_MATERIALIZATION_COORDINATES,DETERMINISTIC_PIT_MATERIALIZATION_COORDINATES,0.06495949074074074,cn.rep.8116d94872eeff303f146ae0cd36c2cc,SLOW_TEMPORAL_CHANGE
fund_holder_top10_share_ratio_change_at_disclosure,2083,1723,0.8271723475756121,1723,1510,0.9825370043831068,1363,0.962582538517975,0.02702041116173565,-0.2841407993420928,0.6191904714529497,FUNDAMENTAL,shareholder_structure,primary,disclosure_payload__aggregated_holder_change,disclosure episode,FUNDAMENTAL::shareholder_structure::disclosure episode::DISCLOSURE_EVENT,EVALUATED_DEVELOPMENT_ONLY,True,DETERMINISTIC_PIT_MATERIALIZATION_COORDINATES,DETERMINISTIC_PIT_MATERIALIZATION_COORDINATES,0.7244359097455593,cn.rep.1778b527cfe630629297acacf5941a88,DISCLOSURE_EVENT
fund_holder_top10_shares_log,27648,25850,0.9349681712962963,25850,2171,0.9999842599428684,25490,0.07112593173793645,1.3512850525923406,17.102398651018458,25.90033178756258,FUNDAMENTAL,shareholder_structure,primary,aggregated_holder_level,stock-session cross-section,FUNDAMENTAL::shareholder_structure::stock-session cross-section::SLOW_CROSS_SECTIONAL_LEVEL,EVALUATED_DEVELOPMENT_ONLY,True,DETERMINISTIC_PIT_MATERIALIZATION_COORDINATES,DETERMINISTIC_PIT_MATERIALIZATION_COORDINATES,0.9349681712962963,cn.rep.44261cfef0e656efd7b072fa358308a4,SLOW_CROSS_SECTIONAL_LEVEL
fund_holder_top10_shares_log_at_disclosure,2083,2083,1.0,2083,1880,0.9999983816315845,1723,0.8833430063842136,1.1916723874397028,17.102398651018458,25.90033178756258,FUNDAMENTAL,shareholder_structure,primary,disclosure_payload__aggregated_holder_level,disclosure episode,FUNDAMENTAL::shareholder_structure::disclosure episode::DISCLOSURE_EVENT,EVALUATED_DEVELOPMENT_ONLY,True,DETERMINISTIC_PIT_MATERIALIZATION_COORDINATES,DETERMINISTIC_PIT_MATERIALIZATION_COORDINATES,1.0,cn.rep.790c49608160b9f35c9ae0cc2ceae2e5,DISCLOSURE_EVENT
fund_holder_top10_shares_log_change,27648,25490,0.9219473379629629,25490,1814,0.2549909159337947,25130,0.13995224830879427,0.010170293696038684,-0.32959235277019516,1.4183820914051672,FUNDAMENTAL,shareholder_structure,primary,aggregated_holder_change,stock-session cross-section,FUNDAMENTAL::shareholder_structure::stock-session cross-section::SLOW_TEMPORAL_CHANGE,EVALUATED_DEVELOPMENT_ONLY,True,DETERMINISTIC_PIT_MATERIALIZATION_COORDINATES,DETERMINISTIC_PIT_MATERIALIZATION_COORDINATES,0.06557436342592593,cn.rep.183df9aa518da10f8b47773ef1c316a5,SLOW_TEMPORAL_CHANGE
fund_holder_top10_shares_log_change_at_disclosure,2083,1723,0.8271723475756121,1723,1523,0.978679145678613,1363,0.9618488628026413,0.04231896327678879,-0.2462511276210968,1.5065403974719658,FUNDAMENTAL,shareholder_structure,primary,disclosure_payload__aggregated_holder_change,disclosure episode,FUNDAMENTAL::shareholder_structure::disclosure episode::DISCLOSURE_EVENT,EVALUATED_DEVELOPMENT_ONLY,True,DETERMINISTIC_PIT_MATERIALIZATION_COORDINATES,DETERMINISTIC_PIT_MATERIALIZATION_COORDINATES,0.7306769083053288,cn.rep.845e8f5bde9a57db96862374a703986e,DISCLOSURE_EVENT
fund_leverage_equity_assets,27648,25574,0.9249855324074074,25574,1753,0.9999943527758932,25216,0.055322017766497464,0.22450432452305247,-1.1440185494750095,0.9935310417061862,FUNDAMENTAL,leverage,primary,scale_normalized_ratio,stock-session cross-section,FUNDAMENTAL::leverage::stock-session cross-section::SLOW_CROSS_SECTIONAL_LEVEL,EVALUATED_DEVELOPMENT_ONLY,True,DETERMINISTIC_PIT_MATERIALIZATION_COORDINATES,DETERMINISTIC_PIT_MATERIALIZATION_COORDINATES,0.9249855324074074,cn.rep.be5e146fd9b4aa20fbc32cd53a8c1330,SLOW_CROSS_SECTIONAL_LEVEL
fund_leverage_equity_assets_at_disclosure,1389,1384,0.9964002879769619,1384,1384,0.9999939744767826,1027,1.0,0.18704625852228085,-1.1440185494750095,0.9901436201142881,FUNDAMENTAL,leverage,primary,disclosure_payload__scale_normalized_ratio,disclosure episode,FUNDAMENTAL::leverage::disclosure episode::DISCLOSURE_EVENT,EVALUATED_DEVELOPMENT_ONLY,True,DETERMINISTIC_PIT_MATERIALIZATION_COORDINATES,DETERMINISTIC_PIT_MATERIALIZATION_COORDINATES,0.9964002879769619,cn.rep.28208daf28116407a0f8bd2940ce2b16,DISCLOSURE_EVENT
fund_leverage_liabilities_assets,27648,25685,0.9290002893518519,25685,1759,0.9999932414254331,25325,0.055241855873642644,0.22506759536575272,0.0064689582938137315,2.1440185494750095,FUNDAMENTAL,leverage,primary,scale_normalized_ratio,stock-session cross-section,FUNDAMENTAL::leverage::stock-session cross-section::SLOW_CROSS_SECTIONAL_LEVEL,EVALUATED_DEVELOPMENT_ONLY,True,DETERMINISTIC_PIT_MATERIALIZATION_COORDINATES,DETERMINISTIC_PIT_MATERIALIZATION_COORDINATES,0.9290002893518519,cn.rep.54c448b44ab871f941c2077a6b22f36f,SLOW_CROSS_SECTIONAL_LEVEL
fund_leverage_liabilities_assets_at_disclosure,1389,1387,0.9985601151907847,1387,1387,0.9999948367454402,1028,1.0,0.18751469510849095,0.009856379885711893,2.1440185494750095,FUNDAMENTAL,leverage,primary,disclosure_payload__scale_normalized_ratio,disclosure episode,FUNDAMENTAL::leverage::disclosure episode::DISCLOSURE_EVENT,EVALUATED_DEVELOPMENT_ONLY,True,DETERMINISTIC_PIT_MATERIALIZATION_COORDINATES,DETERMINISTIC_PIT_MATERIALIZATION_COORDINATES,0.9985601151907847,cn.rep.9e561302612749b00e8ccfc3daa459ca,DISCLOSURE_EVENT
fund_liquidity_cash_current_liab,27648,24926,0.9015480324074074,24926,1708,0.9999953119229041,24577,0.0552956015787118,3.2451213303042796,0.00714605508187103,100.10781256729113,FUNDAMENTAL,liquidity_solvency,primary,scale_normalized_ratio,stock-session cross-section,FUNDAMENTAL::liquidity_solvency::stock-session cross-section::SLOW_CROSS_SECTIONAL_LEVEL,EVALUATED_DEVELOPMENT_ONLY,True,DETERMINISTIC_PIT_MATERIALIZATION_COORDINATES,DETERMINISTIC_PIT_MATERIALIZATION_COORDINATES,0.9015480324074074,cn.rep.041cc2587d78a351f9ca4511b23efff2,SLOW_CROSS_SECTIONAL_LEVEL
fund_liquidity_cash_current_liab_at_disclosure,1369,1348,0.9846603360116873,1348,1348,0.9999952456575179,1000,1.0,1.5344704681091823,0.00714605508187103,71.62639851659063,FUNDAMENTAL,liquidity_solvency,primary,disclosure_payload__scale_normalized_ratio,disclosure episode,FUNDAMENTAL::liquidity_solvency::disclosure episode::DISCLOSURE_EVENT,EVALUATED_DEVELOPMENT_ONLY,True,DETERMINISTIC_PIT_MATERIALIZATION_COORDINATES,DETERMINISTIC_PIT_MATERIALIZATION_COORDINATES,0.9846603360116873,cn.rep.953e4eec6eb93269f85a85ad1175fd45,DISCLOSURE_EVENT
fund_liquidity_current_ratio,27648,24926,0.9015480324074074,24926,1708,0.9999972609840122,24577,0.0552956015787118,5.830677602238854,0.11107299763167319,160.94567355641604,FUNDAMENTAL,liquidity_solvency,primary,scale_normalized_ratio,stock-session cross-section,FUNDAMENTAL::liquidity_solvency::stock-session cross-section::SLOW_CROSS_SECTIONAL_LEVEL,EVALUATED_DEVELOPMENT_ONLY,True,DETERMINISTIC_PIT_MATERIALIZATION_COORDINATES,DETERMINISTIC_PIT_MATERIALIZATION_COORDINATES,0.9015480324074074,cn.rep.0967ed394648d1e67d13dd7c2daef15d,SLOW_CROSS_SECTIONAL_LEVEL
fund_liquidity_current_ratio_at_disclosure,1353,1348,0.9963045084996305,1348,1348,0.9999952456575179,1000,1.0,2.9576642435849023,0.11107299763167319,119.27241848739631,FUNDAMENTAL,liquidity_solvency,primary,disclosure_payload__scale_normalized_ratio,disclosure episode,FUNDAMENTAL::liquidity_solvency::disclosure episode::DISCLOSURE_EVENT,EVALUATED_DEVELOPMENT_ONLY,True,DETERMINISTIC_PIT_MATERIALIZATION_COORDINATES,DETERMINISTIC_PIT_MATERIALIZATION_COORDINATES,0.9963045084996305,cn.rep.4956099405dcf93f919413b6476c59d7,DISCLOSURE_EVENT
fund_pr_deduct_parent_netprofit_acceleration,27648,24940,0.9020543981481481,24940,2025,0.9999907262880257,24583,0.06785176748159297,6614149949.493278,-194344000000.0,169611000000.0,FUNDAMENTAL,profitability,primary,internally_derived_acceleration,stock-session cross-section,FUNDAMENTAL::profitability::stock-session cross-section::SLOW_TEMPORAL_CHANGE,EVALUATED_DEVELOPMENT_ONLY,True,DETERMINISTIC_PIT_MATERIALIZATION_COORDINATES,DETERMINISTIC_PIT_MATERIALIZATION_COORDINATES,0.9020543981481481,cn.rep.71ed18339eece7e111b2a3540b3d3f59,SLOW_TEMPORAL_CHANGE
fund_pr_deduct_parent_netprofit_acceleration_at_disclosure,24,15,0.625,15,15,1.0,3,1.0,1137595875.6108227,-1914275600.0,156064300.0,FUNDAMENTAL,profitability,primary,disclosure_payload__internally_derived_acceleration,disclosure episode,FUNDAMENTAL::profitability::disclosure episode::DISCLOSURE_EVENT,EVALUATED_DEVELOPMENT_ONLY,False,DETERMINISTIC_PIT_MATERIALIZATION_COORDINATES,DETERMINISTIC_PIT_MATERIALIZATION_COORDINATES,0.625,cn.rep.94cfaccd1eb08dd2de8b5289d555402c,DISCLOSURE_EVENT
fund_pr_deduct_parent_netprofit_delta,27648,25418,0.9193431712962963,25418,2051,0.9999986877851117,25058,0.06748343842285896,5476242442.511885,-141517000000.0,52827000000.0,FUNDAMENTAL,profitability,primary,internally_derived_delta,stock-session cross-section,FUNDAMENTAL::profitability::stock-session cross-section::SLOW_TEMPORAL_CHANGE,EVALUATED_DEVELOPMENT_ONLY,True,DETERMINISTIC_PIT_MATERIALIZATION_COORDINATES,DETERMINISTIC_PIT_MATERIALIZATION_COORDINATES,0.9193431712962963,cn.rep.1c807ae8ca893ebe11fde39fe2d579bd,SLOW_TEMPORAL_CHANGE
fund_pr_deduct_parent_netprofit_delta_at_disclosure,24,21,0.875,21,21,0.9790317366470712,8,1.0,263267652.84707364,-972924000.0,189926917.17000002,FUNDAMENTAL,profitability,primary,disclosure_payload__internally_derived_delta,disclosure episode,FUNDAMENTAL::profitability::disclosure episode::DISCLOSURE_EVENT,EVALUATED_DEVELOPMENT_ONLY,False,DETERMINISTIC_PIT_MATERIALIZATION_COORDINATES,DETERMINISTIC_PIT_MATERIALIZATION_COORDINATES,0.875,cn.rep.97da9cd8fcef439fa59e93a58bacb03d,DISCLOSURE_EVENT
fund_pr_deduct_parent_netprofit_persistence,27648,25395,0.9185112847222222,25395,8,0.99756512541356,25035,0.05136808468144598,0.6563278456243514,1.0,8.0,FUNDAMENTAL,profitability,primary,internally_derived_persistence,stock-session cross-section,FUNDAMENTAL::profitability::stock-session cross-section::SLOW_TEMPORAL_CHANGE,EVALUATED_DEVELOPMENT_ONLY,True,DETERMINISTIC_PIT_MATERIALIZATION_COORDINATES,DETERMINISTIC_PIT_MATERIALIZATION_COORDINATES,0.9185112847222222,cn.rep.91df0a49c32e2ffc499a3b4aa3cb4da8,SLOW_TEMPORAL_CHANGE
fund_pr_deduct_parent_netprofit_persistence_at_disclosure,24,21,0.875,21,3,0.0,8,0.375,0.25,1.0,3.0,FUNDAMENTAL,profitability,primary,disclosure_payload__internally_derived_persistence,disclosure episode,FUNDAMENTAL::profitability::disclosure episode::DISCLOSURE_EVENT,EVALUATED_DEVELOPMENT_ONLY,False,DETERMINISTIC_PIT_MATERIALIZATION_COORDINATES,DETERMINISTIC_PIT_MATERIALIZATION_COORDINATES,0.875,cn.rep.8f6d3d0caef65bc496542593a41e2e24,DISCLOSURE_EVENT
fund_pr_deduct_parent_netprofit_slope,27648,25418,0.9193431712962963,25418,2051,0.9999863387435668,25058,0.06748343842285896,60257482.70882291,-1555131868.1318681,574206521.7391304,FUNDAMENTAL,profitability,primary,internally_derived_slope,stock-session cross-section,FUNDAMENTAL::profitability::stock-session cross-section::SLOW_TEMPORAL_CHANGE,EVALUATED_DEVELOPMENT_ONLY,True,DETERMINISTIC_PIT_MATERIALIZATION_COORDINATES,DETERMINISTIC_PIT_MATERIALIZATION_COORDINATES,0.9193431712962963,cn.rep.2ae0a89b4076aa44863d63ca694e6a51,SLOW_TEMPORAL_CHANGE
fund_pr_deduct_parent_netprofit_slope_at_disclosure,24,21,0.875,21,21,0.9790317366470712,8,1.0,1424047.2057027577,-5316524.590163934,2087108.97989011,FUNDAMENTAL,profitability,primary,disclosure_payload__internally_derived_slope,disclosure episode,FUNDAMENTAL::profitability::disclosure episode::DISCLOSURE_EVENT,EVALUATED_DEVELOPMENT_ONLY,False,DETERMINISTIC_PIT_MATERIALIZATION_COORDINATES,DETERMINISTIC_PIT_MATERIALIZATION_COORDINATES,0.875,cn.rep.a26f99f491cc44f17145572355b9755c,DISCLOSURE_EVENT
fund_pr_deduct_parent_netprofit_source_yoy,27648,24890,0.9002459490740741,24890,2032,0.9999973473001471,24521,0.06781942008890339,1218.901914378989,-42568.1941215681,54780.6183541441,FUNDAMENTAL,growth,primary,source_reported_yoy,stock-session cross-section,FUNDAMENTAL::growth::stock-session cross-section::SLOW_TEMPORAL_CHANGE,EVALUATED_DEVELOPMENT_ONLY,True,DETERMINISTIC_PIT_MATERIALIZATION_COORDINATES,DETERMINISTIC_PIT_MATERIALIZATION_COORDINATES,0.9002459490740741,cn.rep.0754e59e015fd07403dac2425c8153a0,SLOW_TEMPORAL_CHANGE
fund_pr_deduct_parent_netprofit_source_yoy_at_disclosure,24,12,0.5,12,11,0.978837914159631,3,0.6666666666666666,248.21856105795914,-316.8731448072,651.0392732464,FUNDAMENTAL,growth,primary,disclosure_payload__source_reported_yoy,disclosure episode,FUNDAMENTAL::growth::disclosure episode::DISCLOSURE_EVENT,EVALUATED_DEVELOPMENT_ONLY,False,DETERMINISTIC_PIT_MATERIALIZATION_COORDINATES,DETERMINISTIC_PIT_MATERIALIZATION_COORDINATES,0.5,cn.rep.9afa64a7c064ca0157b4b043aacd60bc,DISCLOSURE_EVENT
fund_pr_deduct_parent_netprofit_yoy,27648,24890,0.9002459490740741,24890,2028,0.9999938664559835,24521,0.0676562946046246,3106640795.758238,-85380840888.4,71021000000.0,FUNDAMENTAL,growth,primary,internally_derived_yoy,stock-session cross-section,FUNDAMENTAL::growth::stock-session cross-section::SLOW_TEMPORAL_CHANGE,EVALUATED_DEVELOPMENT_ONLY,True,DETERMINISTIC_PIT_MATERIALIZATION_COORDINATES,DETERMINISTIC_PIT_MATERIALIZATION_COORDINATES,0.9002459490740741,cn.rep.944081a02c7ceb5c61c5c251097ada55,SLOW_TEMPORAL_CHANGE
fund_pr_deduct_parent_netprofit_yoy_at_disclosure,24,12,0.5,12,11,0.978837914159631,3,0.6666666666666666,20763100.90728248,-33956876.41,240175452.27,FUNDAMENTAL,growth,primary,disclosure_payload__internally_derived_yoy,disclosure episode,FUNDAMENTAL::growth::disclosure episode::DISCLOSURE_EVENT,EVALUATED_DEVELOPMENT_ONLY,False,DETERMINISTIC_PIT_MATERIALIZATION_COORDINATES,DETERMINISTIC_PIT_MATERIALIZATION_COORDINATES,0.5,cn.rep.30000fd473b90fd6c16d06411dbc2c1f,DISCLOSURE_EVENT
fund_pr_operate_cost_acceleration,27648,24455,0.8845124421296297,24455,1985,0.9999961450348623,24111,0.068060221475675,66263399610.64694,-2542062000000.0,2538376000000.0,FUNDAMENTAL,profitability,primary,internally_derived_acceleration,stock-session cross-section,FUNDAMENTAL::profitability::stock-session cross-section::SLOW_TEMPORAL_CHANGE,EVALUATED_DEVELOPMENT_ONLY,True,DETERMINISTIC_PIT_MATERIALIZATION_COORDINATES,DETERMINISTIC_PIT_MATERIALIZATION_COORDINATES,0.8845124421296297,cn.rep.84f9673f8e5945df29bc4750e5ababd8,SLOW_TEMPORAL_CHANGE
fund_pr_operate_cost_acceleration_at_disclosure,24,8,0.3333333333333333,8,8,1.0,0,0.0,nan,-2553301958.96,30292985.1,FUNDAMENTAL,profitability,primary,disclosure_payload__internally_derived_acceleration,disclosure episode,FUNDAMENTAL::profitability::disclosure episode::DISCLOSURE_EVENT,EVALUATED_DEVELOPMENT_ONLY,False,DETERMINISTIC_PIT_MATERIALIZATION_COORDINATES,DETERMINISTIC_PIT_MATERIALIZATION_COORDINATES,0.3333333333333333,cn.rep.2c85a9d8cf05dffc96d7d91fc7170968,DISCLOSURE_EVENT
fund_pr_operate_cost_delta,27648,24565,0.8884910300925926,24565,1996,0.9999886543965133,24220,0.06816680429397193,60837415813.6157,-1950922000000.0,673348000000.0,FUNDAMENTAL,profitability,primary,internally_derived_delta,stock-session cross-section,FUNDAMENTAL::profitability::stock-session cross-section::SLOW_TEMPORAL_CHANGE,EVALUATED_DEVELOPMENT_ONLY,True,DETERMINISTIC_PIT_MATERIALIZATION_COORDINATES,DETERMINISTIC_PIT_MATERIALIZATION_COORDINATES,0.8884910300925926,cn.rep.462e613fb43cad5e09ddcdb7580ac123,SLOW_TEMPORAL_CHANGE
fund_pr_operate_cost_delta_at_disclosure,24,10,0.4166666666666667,10,10,0.9999999999999998,1,1.0,214881673.6632516,-1380897472.52,255032149.49,FUNDAMENTAL,profitability,primary,disclosure_payload__internally_derived_delta,disclosure episode,FUNDAMENTAL::profitability::disclosure episode::DISCLOSURE_EVENT,EVALUATED_DEVELOPMENT_ONLY,False,DETERMINISTIC_PIT_MATERIALIZATION_COORDINATES,DETERMINISTIC_PIT_MATERIALIZATION_COORDINATES,0.4166666666666667,cn.rep.4a9f9fd89e52686c3600f900489aaf16,DISCLOSURE_EVENT
fund_pr_operate_cost_persistence,27648,24565,0.8884910300925926,24565,5,0.994916326584456,24220,0.0541701073492981,0.26659507727067333,1.0,6.0,FUNDAMENTAL,profitability,primary,internally_derived_persistence,stock-session cross-section,FUNDAMENTAL::profitability::stock-session cross-section::SLOW_TEMPORAL_CHANGE,EVALUATED_DEVELOPMENT_ONLY,False,DETERMINISTIC_PIT_MATERIALIZATION_COORDINATES,DETERMINISTIC_PIT_MATERIALIZATION_COORDINATES,0.8884910300925926,cn.rep.b77a98109112475b8693e19c07ae993c,SLOW_TEMPORAL_CHANGE
fund_pr_operate_cost_persistence_at_disclosure,24,10,0.4166666666666667,10,3,0.0,1,0.0,0.0,1.0,4.0,FUNDAMENTAL,profitability,primary,disclosure_payload__internally_derived_persistence,disclosure episode,FUNDAMENTAL::profitability::disclosure episode::DISCLOSURE_EVENT,EVALUATED_DEVELOPMENT_ONLY,False,DETERMINISTIC_PIT_MATERIALIZATION_COORDINATES,DETERMINISTIC_PIT_MATERIALIZATION_COORDINATES,0.4166666666666667,cn.rep.779b492d819411701dfd019a468d7aac,DISCLOSURE_EVENT
fund_pr_operate_cost_slope,27648,24565,0.8884910300925926,24565,1996,0.999990715453889,24220,0.06816680429397193,669221465.9110328,-21676911111.11111,7319000000.0,FUNDAMENTAL,profitability,primary,internally_derived_slope,stock-session cross-section,FUNDAMENTAL::profitability::stock-session cross-section::SLOW_TEMPORAL_CHANGE,EVALUATED_DEVELOPMENT_ONLY,True,DETERMINISTIC_PIT_MATERIALIZATION_COORDINATES,DETERMINISTIC_PIT_MATERIALIZATION_COORDINATES,0.8884910300925926,cn.rep.d08414cbbf33f58e56be916b58dd2e13,SLOW_TEMPORAL_CHANGE
fund_pr_operate_cost_slope_at_disclosure,24,10,0.4166666666666667,10,10,0.9999999999999998,1,1.0,2361337.0732225454,-15174697.50021978,2772088.5814130437,FUNDAMENTAL,profitability,primary,disclosure_payload__internally_derived_slope,disclosure episode,FUNDAMENTAL::profitability::disclosure episode::DISCLOSURE_EVENT,EVALUATED_DEVELOPMENT_ONLY,False,DETERMINISTIC_PIT_MATERIALIZATION_COORDINATES,DETERMINISTIC_PIT_MATERIALIZATION_COORDINATES,0.4166666666666667,cn.rep.6e7a117b5095396ffd0a24ecf16190f1,DISCLOSURE_EVENT
fund_pr_operate_cost_source_yoy,27648,24116,0.8722511574074074,24116,1975,0.9999974151809786,23770,0.06853176272612536,58.80467952510584,-95.1189510777,1478.1708117067,FUNDAMENTAL,growth,primary,source_reported_yoy,stock-session cross-section,FUNDAMENTAL::growth::stock-session cross-section::SLOW_TEMPORAL_CHANGE,EVALUATED_DEVELOPMENT_ONLY,True,DETERMINISTIC_PIT_MATERIALIZATION_COORDINATES,DETERMINISTIC_PIT_MATERIALIZATION_COORDINATES,0.8722511574074074,cn.rep.8babfa952ca95d6e66dd677f74a76e2e,SLOW_TEMPORAL_CHANGE
fund_pr_operate_cost_source_yoy_at_disclosure,24,1,0.041666666666666664,1,1,0.0,0,0.0,nan,38.3620994908,38.3620994908,FUNDAMENTAL,growth,primary,disclosure_payload__source_reported_yoy,disclosure episode,FUNDAMENTAL::growth::disclosure episode::DISCLOSURE_EVENT,EVALUATED_DEVELOPMENT_ONLY,False,DETERMINISTIC_PIT_MATERIALIZATION_COORDINATES,DETERMINISTIC_PIT_MATERIALIZATION_COORDINATES,0.041666666666666664,cn.rep.3586885330acfec63bc15b511f05463b,DISCLOSURE_EVENT
fund_pr_operate_cost_yoy,27648,24116,0.8722511574074074,24116,1971,0.9999980025350459,23770,0.06836348338241481,11029675106.40036,-224930000000.0,456431000000.0,FUNDAMENTAL,growth,primary,internally_derived_yoy,stock-session cross-section,FUNDAMENTAL::growth::stock-session cross-section::SLOW_TEMPORAL_CHANGE,EVALUATED_DEVELOPMENT_ONLY,True,DETERMINISTIC_PIT_MATERIALIZATION_COORDINATES,DETERMINISTIC_PIT_MATERIALIZATION_COORDINATES,0.8722511574074074,cn.rep.e78dc12934c0aaa2922fa190c4ecd401,SLOW_TEMPORAL_CHANGE
fund_pr_operate_cost_yoy_at_disclosure,24,1,0.041666666666666664,1,1,0.0,0,0.0,nan,52836596.599999994,52836596.599999994,FUNDAMENTAL,growth,primary,disclosure_payload__internally_derived_yoy,disclosure episode,FUNDAMENTAL::growth::disclosure episode::DISCLOSURE_EVENT,EVALUATED_DEVELOPMENT_ONLY,False,DETERMINISTIC_PIT_MATERIALIZATION_COORDINATES,DETERMINISTIC_PIT_MATERIALIZATION_COORDINATES,0.041666666666666664,cn.rep.45f41c1d60b8cbf177c178df29772290,DISCLOSURE_EVENT
fund_pr_operate_income_acceleration,27648,25103,0.9079499421296297,25103,2036,0.9999966458398597,24750,0.068,85130439216.06453,-3290462000000.0,3254096000000.0,FUNDAMENTAL,profitability,primary,internally_derived_acceleration,stock-session cross-section,FUNDAMENTAL::profitability::stock-session cross-section::SLOW_TEMPORAL_CHANGE,EVALUATED_DEVELOPMENT_ONLY,True,DETERMINISTIC_PIT_MATERIALIZATION_COORDINATES,DETERMINISTIC_PIT_MATERIALIZATION_COORDINATES,0.9079499421296297,cn.rep.db0cc91647d3a872160a4f63a59ce529,SLOW_TEMPORAL_CHANGE
fund_pr_operate_income_acceleration_at_disclosure,24,8,0.3333333333333333,8,8,1.0,0,0.0,nan,-3414198726.81,75153432.84,FUNDAMENTAL,profitability,primary,disclosure_payload__internally_derived_acceleration,disclosure episode,FUNDAMENTAL::profitability::disclosure episode::DISCLOSURE_EVENT,EVALUATED_DEVELOPMENT_ONLY,False,DETERMINISTIC_PIT_MATERIALIZATION_COORDINATES,DETERMINISTIC_PIT_MATERIALIZATION_COORDINATES,0.3333333333333333,cn.rep.7fa79fbb267acb52bba7b57de9551da7,DISCLOSURE_EVENT
fund_pr_operate_income_delta,27648,25213,0.9119285300925926,25213,2048,0.9999945999316449,24859,0.0681443340440082,78008933137.51025,-2506696000000.0,840780000000.0,FUNDAMENTAL,profitability,primary,internally_derived_delta,stock-session cross-section,FUNDAMENTAL::profitability::stock-session cross-section::SLOW_TEMPORAL_CHANGE,EVALUATED_DEVELOPMENT_ONLY,True,DETERMINISTIC_PIT_MATERIALIZATION_COORDINATES,DETERMINISTIC_PIT_MATERIALIZATION_COORDINATES,0.9119285300925926,cn.rep.e6e318d9235015655f06d887f6ad6385,SLOW_TEMPORAL_CHANGE
fund_pr_operate_income_delta_at_disclosure,24,10,0.4166666666666667,10,10,0.9999999999999998,1,1.0,214830862.11546865,-1903118285.24,369061801.7800002,FUNDAMENTAL,profitability,primary,disclosure_payload__internally_derived_delta,disclosure episode,FUNDAMENTAL::profitability::disclosure episode::DISCLOSURE_EVENT,EVALUATED_DEVELOPMENT_ONLY,False,DETERMINISTIC_PIT_MATERIALIZATION_COORDINATES,DETERMINISTIC_PIT_MATERIALIZATION_COORDINATES,0.4166666666666667,cn.rep.abb2f1c2edd828712a0543ea04455750,DISCLOSURE_EVENT
fund_pr_operate_income_persistence,27648,25213,0.9119285300925926,25213,5,0.9950329047071573,24859,0.054185606822478784,0.26269834021619803,1.0,6.0,FUNDAMENTAL,profitability,primary,internally_derived_persistence,stock-session cross-section,FUNDAMENTAL::profitability::stock-session cross-section::SLOW_TEMPORAL_CHANGE,EVALUATED_DEVELOPMENT_ONLY,False,DETERMINISTIC_PIT_MATERIALIZATION_COORDINATES,DETERMINISTIC_PIT_MATERIALIZATION_COORDINATES,0.9119285300925926,cn.rep.da3cf380741652d96b88009a05a6e880,SLOW_TEMPORAL_CHANGE
fund_pr_operate_income_persistence_at_disclosure,24,10,0.4166666666666667,10,3,0.0,1,0.0,0.0,1.0,4.0,FUNDAMENTAL,profitability,primary,disclosure_payload__internally_derived_persistence,disclosure episode,FUNDAMENTAL::profitability::disclosure episode::DISCLOSURE_EVENT,EVALUATED_DEVELOPMENT_ONLY,False,DETERMINISTIC_PIT_MATERIALIZATION_COORDINATES,DETERMINISTIC_PIT_MATERIALIZATION_COORDINATES,0.4166666666666667,cn.rep.ec152407971b33db67a1f25fc5c8f9c0,DISCLOSURE_EVENT
fund_pr_operate_income_slope,27648,25213,0.9119285300925926,25213,2048,0.9999980726521394,24859,0.0681443340440082,858066561.9961649,-27852177777.77778,9138913043.47826,FUNDAMENTAL,profitability,primary,internally_derived_slope,stock-session cross-section,FUNDAMENTAL::profitability::stock-session cross-section::SLOW_TEMPORAL_CHANGE,EVALUATED_DEVELOPMENT_ONLY,True,DETERMINISTIC_PIT_MATERIALIZATION_COORDINATES,DETERMINISTIC_PIT_MATERIALIZATION_COORDINATES,0.9119285300925926,cn.rep.b93d0eab70a272a5b9efe72952acdcf0,SLOW_TEMPORAL_CHANGE
fund_pr_operate_income_slope_at_disclosure,24,10,0.4166666666666667,10,10,0.9999999999999998,1,1.0,2360778.704565589,-20913387.74989011,4011541.3236956545,FUNDAMENTAL,profitability,primary,disclosure_payload__internally_derived_slope,disclosure episode,FUNDAMENTAL::profitability::disclosure episode::DISCLOSURE_EVENT,EVALUATED_DEVELOPMENT_ONLY,False,DETERMINISTIC_PIT_MATERIALIZATION_COORDINATES,DETERMINISTIC_PIT_MATERIALIZATION_COORDINATES,0.4166666666666667,cn.rep.7194c0afe3f8e9e96936e163c4598e72,DISCLOSURE_EVENT
fund_pr_operate_income_source_yoy,27648,24764,0.8956886574074074,24764,2028,0.9999911120697995,24409,0.06854029251505592,56.914942728502915,-97.781047285,1397.4404020582,FUNDAMENTAL,growth,primary,source_reported_yoy,stock-session cross-section,FUNDAMENTAL::growth::stock-session cross-section::SLOW_TEMPORAL_CHANGE,EVALUATED_DEVELOPMENT_ONLY,True,DETERMINISTIC_PIT_MATERIALIZATION_COORDINATES,DETERMINISTIC_PIT_MATERIALIZATION_COORDINATES,0.8956886574074074,cn.rep.e624a85383e2629f89bd4a651173a797,SLOW_TEMPORAL_CHANGE
fund_pr_operate_income_source_yoy_at_disclosure,24,1,0.041666666666666664,1,1,0.0,0,0.0,nan,43.6616406945,43.6616406945,FUNDAMENTAL,growth,primary,disclosure_payload__source_reported_yoy,disclosure episode,FUNDAMENTAL::growth::disclosure episode::DISCLOSURE_EVENT,EVALUATED_DEVELOPMENT_ONLY,False,DETERMINISTIC_PIT_MATERIALIZATION_COORDINATES,DETERMINISTIC_PIT_MATERIALIZATION_COORDINATES,0.041666666666666664,cn.rep.e6d166ac5c49f999985d0b440f364071,DISCLOSURE_EVENT
fund_pr_operate_income_yoy,27648,24764,0.8956886574074074,24764,2024,0.999992056021729,24409,0.06837641853414723,21687784036.61457,-425131000000.0,624818000000.0,FUNDAMENTAL,growth,primary,internally_derived_yoy,stock-session cross-section,FUNDAMENTAL::growth::stock-session cross-section::SLOW_TEMPORAL_CHANGE,EVALUATED_DEVELOPMENT_ONLY,True,DETERMINISTIC_PIT_MATERIALIZATION_COORDINATES,DETERMINISTIC_PIT_MATERIALIZATION_COORDINATES,0.8956886574074074,cn.rep.03816b6a7527fd8d128844e99f84d585,SLOW_TEMPORAL_CHANGE
fund_pr_operate_income_yoy_at_disclosure,24,1,0.041666666666666664,1,1,0.0,0,0.0,nan,86400156.19999999,86400156.19999999,FUNDAMENTAL,growth,primary,disclosure_payload__internally_derived_yoy,disclosure episode,FUNDAMENTAL::growth::disclosure episode::DISCLOSURE_EVENT,EVALUATED_DEVELOPMENT_ONLY,False,DETERMINISTIC_PIT_MATERIALIZATION_COORDINATES,DETERMINISTIC_PIT_MATERIALIZATION_COORDINATES,0.041666666666666664,cn.rep.4fe2a37e3d1990a1d71e03acaa5f9abf,DISCLOSURE_EVENT
fund_pr_operate_profit_acceleration,27648,25238,0.9128327546296297,25238,2045,0.9999912412991036,24882,0.06788039546660236,9134534262.230015,-246025000000.0,239489000000.0,FUNDAMENTAL,profitability,primary,internally_derived_acceleration,stock-session cross-section,FUNDAMENTAL::profitability::stock-session cross-section::SLOW_TEMPORAL_CHANGE,EVALUATED_DEVELOPMENT_ONLY,True,DETERMINISTIC_PIT_MATERIALIZATION_COORDINATES,DETERMINISTIC_PIT_MATERIALIZATION_COORDINATES,0.9128327546296297,cn.rep.dc9283e3f4ba0e6ebab0afbe4a834b20,SLOW_TEMPORAL_CHANGE
fund_pr_operate_profit_acceleration_at_disclosure,24,13,0.5416666666666666,13,13,1.0000000000000002,2,1.0,850012499.5462775,-2320933400.0,179691700.0,FUNDAMENTAL,profitability,primary,disclosure_payload__internally_derived_acceleration,disclosure episode,FUNDAMENTAL::profitability::disclosure episode::DISCLOSURE_EVENT,EVALUATED_DEVELOPMENT_ONLY,False,DETERMINISTIC_PIT_MATERIALIZATION_COORDINATES,DETERMINISTIC_PIT_MATERIALIZATION_COORDINATES,0.5416666666666666,cn.rep.818a94db8606b5cde3a91ed0e12f8cde,DISCLOSURE_EVENT
fund_pr_operate_profit_delta,27648,25379,0.9179325810185185,25379,2057,0.9999962178721323,25022,0.06794021261290065,7729928680.827133,-185845000000.0,68929000000.0,FUNDAMENTAL,profitability,primary,internally_derived_delta,stock-session cross-section,FUNDAMENTAL::profitability::stock-session cross-section::SLOW_TEMPORAL_CHANGE,EVALUATED_DEVELOPMENT_ONLY,True,DETERMINISTIC_PIT_MATERIALIZATION_COORDINATES,DETERMINISTIC_PIT_MATERIALIZATION_COORDINATES,0.9179325810185185,cn.rep.aa31dc5ab836fecf757a276727d17ec2,SLOW_TEMPORAL_CHANGE
fund_pr_operate_profit_delta_at_disclosure,24,17,0.7083333333333334,17,17,0.9924539456067025,6,1.0,391040203.58288443,-1182687400.0,237962688.2,FUNDAMENTAL,profitability,primary,disclosure_payload__internally_derived_delta,disclosure episode,FUNDAMENTAL::profitability::disclosure episode::DISCLOSURE_EVENT,EVALUATED_DEVELOPMENT_ONLY,False,DETERMINISTIC_PIT_MATERIALIZATION_COORDINATES,DETERMINISTIC_PIT_MATERIALIZATION_COORDINATES,0.7083333333333334,cn.rep.af2f51daa46655b828f52c283ae8d48c,DISCLOSURE_EVENT
fund_pr_operate_profit_persistence,27648,25379,0.9179325810185185,25379,8,0.9968329934891994,25022,0.0515146670929582,0.5908263692737181,1.0,8.0,FUNDAMENTAL,profitability,primary,internally_derived_persistence,stock-session cross-section,FUNDAMENTAL::profitability::stock-session cross-section::SLOW_TEMPORAL_CHANGE,EVALUATED_DEVELOPMENT_ONLY,True,DETERMINISTIC_PIT_MATERIALIZATION_COORDINATES,DETERMINISTIC_PIT_MATERIALIZATION_COORDINATES,0.9179325810185185,cn.rep.7ab89d015bf6c2b61ebc878ee66b2f30,SLOW_TEMPORAL_CHANGE
fund_pr_operate_profit_persistence_at_disclosure,24,17,0.7083333333333334,17,2,0.0,6,0.16666666666666666,0.28867513459481287,1.0,2.0,FUNDAMENTAL,profitability,primary,disclosure_payload__internally_derived_persistence,disclosure episode,FUNDAMENTAL::profitability::disclosure episode::DISCLOSURE_EVENT,EVALUATED_DEVELOPMENT_ONLY,False,DETERMINISTIC_PIT_MATERIALIZATION_COORDINATES,DETERMINISTIC_PIT_MATERIALIZATION_COORDINATES,0.7083333333333334,cn.rep.debadf1ab949bf8c7f6bf5a4cc0861e4,DISCLOSURE_EVENT
fund_pr_operate_profit_slope,27648,25379,0.9179325810185185,25379,2057,0.9999857043850252,25022,0.06794021261290065,85065730.34912504,-2042252747.2527473,749228260.8695652,FUNDAMENTAL,profitability,primary,internally_derived_slope,stock-session cross-section,FUNDAMENTAL::profitability::stock-session cross-section::SLOW_TEMPORAL_CHANGE,EVALUATED_DEVELOPMENT_ONLY,True,DETERMINISTIC_PIT_MATERIALIZATION_COORDINATES,DETERMINISTIC_PIT_MATERIALIZATION_COORDINATES,0.9179325810185185,cn.rep.e8bb5f3f251ee8637d9fd034182008ca,SLOW_TEMPORAL_CHANGE
fund_pr_operate_profit_slope_at_disclosure,24,17,0.7083333333333334,17,17,0.9924539456067025,6,1.0,1969976.7185680787,-6462772.677595628,843125.2747252748,FUNDAMENTAL,profitability,primary,disclosure_payload__internally_derived_slope,disclosure episode,FUNDAMENTAL::profitability::disclosure episode::DISCLOSURE_EVENT,EVALUATED_DEVELOPMENT_ONLY,False,DETERMINISTIC_PIT_MATERIALIZATION_COORDINATES,DETERMINISTIC_PIT_MATERIALIZATION_COORDINATES,0.7083333333333334,cn.rep.7bc7c4d3f3d5dc1b458205d117ecf2cb,DISCLOSURE_EVENT
fund_pr_operate_profit_source_yoy,27648,24960,0.9027777777777778,24960,2038,0.999995057259746,24602,0.06828713112755061,1309.5886515996538,-117297.383665397,96099.5256395123,FUNDAMENTAL,growth,primary,source_reported_yoy,stock-session cross-section,FUNDAMENTAL::growth::stock-session cross-section::SLOW_TEMPORAL_CHANGE,EVALUATED_DEVELOPMENT_ONLY,True,DETERMINISTIC_PIT_MATERIALIZATION_COORDINATES,DETERMINISTIC_PIT_MATERIALIZATION_COORDINATES,0.9027777777777778,cn.rep.a5ff6dc23acaf03deba0fab971566e05,SLOW_TEMPORAL_CHANGE
fund_pr_operate_profit_source_yoy_at_disclosure,24,5,0.20833333333333334,5,4,0.8649735207179272,1,0.0,66.16351834774353,-287.9311353083,77.2745011986,FUNDAMENTAL,growth,primary,disclosure_payload__source_reported_yoy,disclosure episode,FUNDAMENTAL::growth::disclosure episode::DISCLOSURE_EVENT,EVALUATED_DEVELOPMENT_ONLY,False,DETERMINISTIC_PIT_MATERIALIZATION_COORDINATES,DETERMINISTIC_PIT_MATERIALIZATION_COORDINATES,0.20833333333333334,cn.rep.ae0d1cd7b92876c048eb5a3c301354a2,DISCLOSURE_EVENT
fund_pr_operate_profit_yoy,27648,25069,0.9067201967592593,25069,2040,0.9999948103526703,24714,0.06817997895929433,4165785838.723562,-134146381791.73001,60384000000.0,FUNDAMENTAL,growth,primary,internally_derived_yoy,stock-session cross-section,FUNDAMENTAL::growth::stock-session cross-section::SLOW_TEMPORAL_CHANGE,EVALUATED_DEVELOPMENT_ONLY,True,DETERMINISTIC_PIT_MATERIALIZATION_COORDINATES,DETERMINISTIC_PIT_MATERIALIZATION_COORDINATES,0.9067201967592593,cn.rep.a27940b123c0882266293a6521dc06ea,SLOW_TEMPORAL_CHANGE
fund_pr_operate_profit_yoy_at_disclosure,24,9,0.375,9,8,0.9708357627258162,2,0.5,49134143.582529366,-44441400.0,297022902.0,FUNDAMENTAL,growth,primary,disclosure_payload__internally_derived_yoy,disclosure episode,FUNDAMENTAL::growth::disclosure episode::DISCLOSURE_EVENT,EVALUATED_DEVELOPMENT_ONLY,False,DETERMINISTIC_PIT_MATERIALIZATION_COORDINATES,DETERMINISTIC_PIT_MATERIALIZATION_COORDINATES,0.375,cn.rep.bcdef2f3081e945c2a53a23ee3f322b0,DISCLOSURE_EVENT
fund_pr_parent_netprofit_acceleration,27648,25395,0.9185112847222222,25395,2054,0.9999959540496998,25038,0.06777697899193226,6134073613.669022,-145411000000.0,146754000000.0,FUNDAMENTAL,profitability,primary,internally_derived_acceleration,stock-session cross-section,FUNDAMENTAL::profitability::stock-session cross-section::SLOW_TEMPORAL_CHANGE,EVALUATED_DEVELOPMENT_ONLY,True,DETERMINISTIC_PIT_MATERIALIZATION_COORDINATES,DETERMINISTIC_PIT_MATERIALIZATION_COORDINATES,0.9185112847222222,cn.rep.1ecb237a0f623d8d5c88b0efd8e04754,SLOW_TEMPORAL_CHANGE
fund_pr_parent_netprofit_acceleration_at_disclosure,24,18,0.75,18,18,0.9869256948050227,6,1.0,603025338.1390616,-2005520100.0,163674700.0,FUNDAMENTAL,profitability,primary,disclosure_payload__internally_derived_acceleration,disclosure episode,FUNDAMENTAL::profitability::disclosure episode::DISCLOSURE_EVENT,EVALUATED_DEVELOPMENT_ONLY,False,DETERMINISTIC_PIT_MATERIALIZATION_COORDINATES,DETERMINISTIC_PIT_MATERIALIZATION_COORDINATES,0.75,cn.rep.6c068f083addc17bb82eb4f196d50aba,DISCLOSURE_EVENT
fund_pr_parent_netprofit_delta,27648,25645,0.9275535300925926,25645,2067,0.9999846418603491,25287,0.06758413414007197,5199525555.879339,-115648000000.0,48106000000.0,FUNDAMENTAL,profitability,primary,internally_derived_delta,stock-session cross-section,FUNDAMENTAL::profitability::stock-session cross-section::SLOW_TEMPORAL_CHANGE,EVALUATED_DEVELOPMENT_ONLY,True,DETERMINISTIC_PIT_MATERIALIZATION_COORDINATES,DETERMINISTIC_PIT_MATERIALIZATION_COORDINATES,0.9275535300925926,cn.rep.e4b3cff90bdf07c018fcafa4b75257e1,SLOW_TEMPORAL_CHANGE
fund_pr_parent_netprofit_delta_at_disclosure,24,23,0.9583333333333334,23,23,0.9787165759707748,11,1.0,287538953.3346055,-1021532400.0,208287007.71,FUNDAMENTAL,profitability,primary,disclosure_payload__internally_derived_delta,disclosure episode,FUNDAMENTAL::profitability::disclosure episode::DISCLOSURE_EVENT,EVALUATED_DEVELOPMENT_ONLY,False,DETERMINISTIC_PIT_MATERIALIZATION_COORDINATES,DETERMINISTIC_PIT_MATERIALIZATION_COORDINATES,0.9583333333333334,cn.rep.2629b9a3054431b38bb115d026b4f03a,DISCLOSURE_EVENT
fund_pr_parent_netprofit_persistence,27648,25622,0.9267216435185185,25622,8,0.9986212265074644,25264,0.05094205193160228,0.5467705660515104,1.0,8.0,FUNDAMENTAL,profitability,primary,internally_derived_persistence,stock-session cross-section,FUNDAMENTAL::profitability::stock-session cross-section::SLOW_TEMPORAL_CHANGE,EVALUATED_DEVELOPMENT_ONLY,True,DETERMINISTIC_PIT_MATERIALIZATION_COORDINATES,DETERMINISTIC_PIT_MATERIALIZATION_COORDINATES,0.9267216435185185,cn.rep.86d218f0d419839be1c4a3922c7d7d7c,SLOW_TEMPORAL_CHANGE
fund_pr_parent_netprofit_persistence_at_disclosure,24,23,0.9583333333333334,23,2,0.0,11,0.45454545454545453,0.25,1.0,2.0,FUNDAMENTAL,profitability,primary,disclosure_payload__internally_derived_persistence,disclosure episode,FUNDAMENTAL::profitability::disclosure episode::DISCLOSURE_EVENT,EVALUATED_DEVELOPMENT_ONLY,False,DETERMINISTIC_PIT_MATERIALIZATION_COORDINATES,DETERMINISTIC_PIT_MATERIALIZATION_COORDINATES,0.9583333333333334,cn.rep.f6c28f54d522954e9be3d26976089cc5,DISCLOSURE_EVENT
fund_pr_parent_netprofit_slope,27648,25645,0.9275535300925926,25645,2067,0.9999969282493859,25287,0.06758413414007197,57210837.84705908,-1270857142.857143,528637362.63736266,FUNDAMENTAL,profitability,primary,internally_derived_slope,stock-session cross-section,FUNDAMENTAL::profitability::stock-session cross-section::SLOW_TEMPORAL_CHANGE,EVALUATED_DEVELOPMENT_ONLY,True,DETERMINISTIC_PIT_MATERIALIZATION_COORDINATES,DETERMINISTIC_PIT_MATERIALIZATION_COORDINATES,0.9275535300925926,cn.rep.fde651f2c785c25694babedd2a028a60,SLOW_TEMPORAL_CHANGE
fund_pr_parent_netprofit_slope_at_disclosure,24,23,0.9583333333333334,23,23,0.9787165759707748,11,1.0,1506403.675034622,-5582144.262295082,2138552.9359340663,FUNDAMENTAL,profitability,primary,disclosure_payload__internally_derived_slope,disclosure episode,FUNDAMENTAL::profitability::disclosure episode::DISCLOSURE_EVENT,EVALUATED_DEVELOPMENT_ONLY,False,DETERMINISTIC_PIT_MATERIALIZATION_COORDINATES,DETERMINISTIC_PIT_MATERIALIZATION_COORDINATES,0.9583333333333334,cn.rep.7fcea7090c4238cfc560538fc427d23a,DISCLOSURE_EVENT
fund_pr_parent_netprofit_source_yoy,27648,25173,0.9104817708333334,25173,2047,0.9999915014404704,24813,0.06798855438681337,2062.6028884232833,-27360.5668852358,79104.1047049159,FUNDAMENTAL,growth,primary,source_reported_yoy,stock-session cross-section,FUNDAMENTAL::growth::stock-session cross-section::SLOW_TEMPORAL_CHANGE,EVALUATED_DEVELOPMENT_ONLY,True,DETERMINISTIC_PIT_MATERIALIZATION_COORDINATES,DETERMINISTIC_PIT_MATERIALIZATION_COORDINATES,0.9104817708333334,cn.rep.e9ecda324e9c1ef079b454a4ef5263ab,SLOW_TEMPORAL_CHANGE
fund_pr_parent_netprofit_source_yoy_at_disclosure,24,9,0.375,9,8,0.9708357627258162,2,0.5,254.2993045154535,-266.0438747287,655.3289105185,FUNDAMENTAL,growth,primary,disclosure_payload__source_reported_yoy,disclosure episode,FUNDAMENTAL::growth::disclosure episode::DISCLOSURE_EVENT,EVALUATED_DEVELOPMENT_ONLY,False,DETERMINISTIC_PIT_MATERIALIZATION_COORDINATES,DETERMINISTIC_PIT_MATERIALIZATION_COORDINATES,0.375,cn.rep.52afc66b1fe4997f8e42a12eb6521df1,DISCLOSURE_EVENT
fund_pr_parent_netprofit_yoy,27648,25326,0.916015625,25326,2052,0.9999964197949219,24969,0.0678841763787096,2970146943.4055448,-85842859683.72,56577000000.0,FUNDAMENTAL,growth,primary,internally_derived_yoy,stock-session cross-section,FUNDAMENTAL::growth::stock-session cross-section::SLOW_TEMPORAL_CHANGE,EVALUATED_DEVELOPMENT_ONLY,True,DETERMINISTIC_PIT_MATERIALIZATION_COORDINATES,DETERMINISTIC_PIT_MATERIALIZATION_COORDINATES,0.916015625,cn.rep.e03a3cf54a7dde2fc4193ca3243b54af,SLOW_TEMPORAL_CHANGE
fund_pr_parent_netprofit_yoy_at_disclosure,24,13,0.5416666666666666,13,12,0.9807239409418418,4,0.75,23891554.61308338,-37544700.0,249235952.05,FUNDAMENTAL,growth,primary,disclosure_payload__internally_derived_yoy,disclosure episode,FUNDAMENTAL::growth::disclosure episode::DISCLOSURE_EVENT,EVALUATED_DEVELOPMENT_ONLY,False,DETERMINISTIC_PIT_MATERIALIZATION_COORDINATES,DETERMINISTIC_PIT_MATERIALIZATION_COORDINATES,0.5416666666666666,cn.rep.c324a536d925296216bdfca2f749bcfd,DISCLOSURE_EVENT
fund_profit_gross_margin,27648,24706,0.8935908564814815,24706,2010,0.9999957637105469,24358,0.06823220297232942,0.1840278477923053,-1.0040231539045337,0.9861802001133502,FUNDAMENTAL,profitability,primary,scale_normalized_ratio,stock-session cross-section,FUNDAMENTAL::profitability::stock-session cross-section::SLOW_CROSS_SECTIONAL_LEVEL,EVALUATED_DEVELOPMENT_ONLY,True,DETERMINISTIC_PIT_MATERIALIZATION_COORDINATES,DETERMINISTIC_PIT_MATERIALIZATION_COORDINATES,0.8935908564814815,cn.rep.61012e8115c1a9f3521cc5b8f9e10f28,SLOW_CROSS_SECTIONAL_LEVEL
fund_profit_gross_margin_at_disclosure,24,19,0.7916666666666666,19,18,0.983034509939844,7,0.8571428571428571,0.18046278594991394,0.11576533852317153,0.6336238626558608,FUNDAMENTAL,profitability,primary,disclosure_payload__scale_normalized_ratio,disclosure episode,FUNDAMENTAL::profitability::disclosure episode::DISCLOSURE_EVENT,EVALUATED_DEVELOPMENT_ONLY,False,DETERMINISTIC_PIT_MATERIALIZATION_COORDINATES,DETERMINISTIC_PIT_MATERIALIZATION_COORDINATES,0.7916666666666666,cn.rep.906a61c8c0a600d54ca347a38e187bd3,DISCLOSURE_EVENT
fund_profit_operating_margin,27648,25354,0.9170283564814815,25354,2063,0.9999969852525913,24997,0.06824818978277393,0.2783455423305322,-4.57212005401475,1.0495979332233334,FUNDAMENTAL,profitability,primary,scale_normalized_ratio,stock-session cross-section,FUNDAMENTAL::profitability::stock-session cross-section::SLOW_CROSS_SECTIONAL_LEVEL,EVALUATED_DEVELOPMENT_ONLY,True,DETERMINISTIC_PIT_MATERIALIZATION_COORDINATES,DETERMINISTIC_PIT_MATERIALIZATION_COORDINATES,0.9170283564814815,cn.rep.d8454c2d2487230f26eaa1eb1f4ad022,SLOW_CROSS_SECTIONAL_LEVEL
fund_profit_operating_margin_at_disclosure,24,19,0.7916666666666666,19,18,0.979519335956369,7,0.8571428571428571,0.1291037865674299,-0.279165005367803,0.236559720418499,FUNDAMENTAL,profitability,primary,disclosure_payload__scale_normalized_ratio,disclosure episode,FUNDAMENTAL::profitability::disclosure episode::DISCLOSURE_EVENT,EVALUATED_DEVELOPMENT_ONLY,False,DETERMINISTIC_PIT_MATERIALIZATION_COORDINATES,DETERMINISTIC_PIT_MATERIALIZATION_COORDINATES,0.7916666666666666,cn.rep.6878e82d4aa608a0f99e2f3b4df839f5,DISCLOSURE_EVENT
fund_profit_parent_margin,27648,25354,0.9170283564814815,25354,2063,0.9999954159571385,24997,0.06824818978277393,0.24524912423509904,-4.019373037504273,0.9066069866014451,FUNDAMENTAL,profitability,primary,scale_normalized_ratio,stock-session cross-section,FUNDAMENTAL::profitability::stock-session cross-section::SLOW_CROSS_SECTIONAL_LEVEL,EVALUATED_DEVELOPMENT_ONLY,True,DETERMINISTIC_PIT_MATERIALIZATION_COORDINATES,DETERMINISTIC_PIT_MATERIALIZATION_COORDINATES,0.9170283564814815,cn.rep.b31506bc1e764670f22a017676f727e4,SLOW_CROSS_SECTIONAL_LEVEL
fund_profit_parent_margin_at_disclosure,24,19,0.7916666666666666,19,18,0.979519335956369,7,0.8571428571428571,0.12091682055909364,-0.25166215964031935,0.19961179430141943,FUNDAMENTAL,profitability,primary,disclosure_payload__scale_normalized_ratio,disclosure episode,FUNDAMENTAL::profitability::disclosure episode::DISCLOSURE_EVENT,EVALUATED_DEVELOPMENT_ONLY,False,DETERMINISTIC_PIT_MATERIALIZATION_COORDINATES,DETERMINISTIC_PIT_MATERIALIZATION_COORDINATES,0.7916666666666666,cn.rep.05ce4d9d6a8772e068837ac554499384,DISCLOSURE_EVENT
fund_working_capital_inventory_assets,27648,24782,0.8963396990740741,24782,1698,0.9999931648258591,24435,0.05528954368733374,0.0990741278046321,4.742463581358126e-06,0.6688648357879651,FUNDAMENTAL,working_capital,primary,scale_normalized_ratio,stock-session cross-section,FUNDAMENTAL::working_capital::stock-session cross-section::SLOW_CROSS_SECTIONAL_LEVEL,EVALUATED_DEVELOPMENT_ONLY,True,DETERMINISTIC_PIT_MATERIALIZATION_COORDINATES,DETERMINISTIC_PIT_MATERIALIZATION_COORDINATES,0.8963396990740741,cn.rep.6c77f9fcf957e76deeb92522787a5fdf,SLOW_CROSS_SECTIONAL_LEVEL
fund_working_capital_inventory_assets_at_disclosure,1353,1340,0.9903917220990391,1340,1340,0.9999951695884909,994,1.0,0.07991203828878768,4.742463581358126e-06,0.6563856216821842,FUNDAMENTAL,working_capital,primary,disclosure_payload__scale_normalized_ratio,disclosure episode,FUNDAMENTAL::working_capital::disclosure episode::DISCLOSURE_EVENT,EVALUATED_DEVELOPMENT_ONLY,True,DETERMINISTIC_PIT_MATERIALIZATION_COORDINATES,DETERMINISTIC_PIT_MATERIALIZATION_COORDINATES,0.9903917220990391,cn.rep.025a19dc2739c9225470fd130166c6d4,DISCLOSURE_EVENT
fund_working_capital_payables_assets,27648,25142,0.9093605324074074,25142,1723,0.9999861312262878,24790,0.05530455828963292,0.0693357307723798,0.00022647085861367925,0.4734022438523698,FUNDAMENTAL,working_capital,primary,scale_normalized_ratio,stock-session cross-section,FUNDAMENTAL::working_capital::stock-session cross-section::SLOW_CROSS_SECTIONAL_LEVEL,EVALUATED_DEVELOPMENT_ONLY,True,DETERMINISTIC_PIT_MATERIALIZATION_COORDINATES,DETERMINISTIC_PIT_MATERIALIZATION_COORDINATES,0.9093605324074074,cn.rep.f27917796d8b0c2c739b3aecdbb637bc,SLOW_CROSS_SECTIONAL_LEVEL
fund_working_capital_payables_assets_at_disclosure,1389,1360,0.9791216702663786,1360,1360,1.0,1009,1.0,0.05950705220267749,0.00022647085861367925,0.4734022438523698,FUNDAMENTAL,working_capital,primary,disclosure_payload__scale_normalized_ratio,disclosure episode,FUNDAMENTAL::working_capital::disclosure episode::DISCLOSURE_EVENT,EVALUATED_DEVELOPMENT_ONLY,True,DETERMINISTIC_PIT_MATERIALIZATION_COORDINATES,DETERMINISTIC_PIT_MATERIALIZATION_COORDINATES,0.9791216702663786,cn.rep.4efbeba2b494b3374df5524721355403,DISCLOSURE_EVENT
fund_working_capital_receivables_assets,27648,24926,0.9015480324074074,24926,1708,0.9999962350868031,24577,0.0552956015787118,0.0943498398229552,4.8910142458613785e-05,0.5039315299335488,FUNDAMENTAL,working_capital,primary,scale_normalized_ratio,stock-session cross-section,FUNDAMENTAL::working_capital::stock-session cross-section::SLOW_CROSS_SECTIONAL_LEVEL,EVALUATED_DEVELOPMENT_ONLY,True,DETERMINISTIC_PIT_MATERIALIZATION_COORDINATES,DETERMINISTIC_PIT_MATERIALIZATION_COORDINATES,0.9015480324074074,cn.rep.c6b97ba35e4a83ad608f1e2c8ae47971,SLOW_CROSS_SECTIONAL_LEVEL
fund_working_capital_receivables_assets_at_disclosure,1377,1348,0.9789397240377633,1348,1348,0.9999952456575179,1000,1.0,0.08604834376126047,0.0002564152559077331,0.5039315299335488,FUNDAMENTAL,working_capital,primary,disclosure_payload__scale_normalized_ratio,disclosure episode,FUNDAMENTAL::working_capital::disclosure episode::DISCLOSURE_EVENT,EVALUATED_DEVELOPMENT_ONLY,True,DETERMINISTIC_PIT_MATERIALIZATION_COORDINATES,DETERMINISTIC_PIT_MATERIALIZATION_COORDINATES,0.9789397240377633,cn.rep.cb127790ea02ddbd8c0c70239a339073,DISCLOSURE_EVENT
chip_historical_low,3822719,3810690,0.9968532868882071,476868,757,0.996246320435698,3805239,0.004115378823774276,10.196422148524308,0.1,707.2,CHIP,chip_distribution,benchmark-only,benchmark-only,stock-session,CHIP::chip_distribution,EVALUATED_DEVELOPMENT_ONLY_IMPORTED_VERIFIED_CENSUS,True,FULL_CHIP_SIDECAR_SCAN,DETERMINISTIC_COORDINATE_SAMPLE,,,
chip_historical_high,3822719,3822719,1.0,478366,1383,0.9998868543740768,3817252,0.0022212313989225757,71.05317144312644,3.0,2286.9,CHIP,chip_distribution,benchmark-only,benchmark-only,stock-session,CHIP::chip_distribution,EVALUATED_DEVELOPMENT_ONLY_IMPORTED_VERIFIED_CENSUS,True,FULL_CHIP_SIDECAR_SCAN,DETERMINISTIC_COORDINATE_SAMPLE,,,
chip_cost_p05,3822719,3822719,1.0,478366,1636,0.9995030026667107,3817252,0.17101386023243947,26.428611849785423,0.6,1293.6,CHIP,chip_distribution,interaction-only,interaction-only,stock-session,CHIP::chip_distribution,EVALUATED_DEVELOPMENT_ONLY_IMPORTED_VERIFIED_CENSUS,True,FULL_CHIP_SIDECAR_SCAN,DETERMINISTIC_COORDINATE_SAMPLE,,,
chip_cost_p15,3822719,3822719,1.0,478366,1776,0.9995995446719343,3817252,0.21052657775803116,28.35324262693674,0.6,1455.3,CHIP,chip_distribution,interaction-only,interaction-only,stock-session,CHIP::chip_distribution,EVALUATED_DEVELOPMENT_ONLY_IMPORTED_VERIFIED_CENSUS,True,FULL_CHIP_SIDECAR_SCAN,DETERMINISTIC_COORDINATE_SAMPLE,,,
chip_cost_p50,3822719,3822719,1.0,478366,1878,0.9996657464838563,3817252,0.2369977145863045,31.16919995848925,0.8,1570.8,CHIP,chip_distribution,interaction-only,interaction-only,stock-session,CHIP::chip_distribution,EVALUATED_DEVELOPMENT_ONLY_IMPORTED_VERIFIED_CENSUS,True,FULL_CHIP_SIDECAR_SCAN,DETERMINISTIC_COORDINATE_SAMPLE,,,
chip_cost_p85,3822719,3822719,1.0,478366,1988,0.9995638142748126,3817252,0.19595274296797802,34.56833299428436,1.0,1755.6,CHIP,chip_distribution,interaction-only,interaction-only,stock-session,CHIP::chip_distribution,EVALUATED_DEVELOPMENT_ONLY_IMPORTED_VERIFIED_CENSUS,True,FULL_CHIP_SIDECAR_SCAN,DETERMINISTIC_COORDINATE_SAMPLE,,,
chip_cost_p95,3822719,3822719,1.0,478366,2021,0.999880905253802,3817252,0.16620018798863684,39.640303948058566,1.1,2079.0,CHIP,chip_distribution,interaction-only,interaction-only,stock-session,CHIP::chip_distribution,EVALUATED_DEVELOPMENT_ONLY_IMPORTED_VERIFIED_CENSUS,True,FULL_CHIP_SIDECAR_SCAN,DETERMINISTIC_COORDINATE_SAMPLE,,,
chip_cost_weighted_mean,3822719,3822719,1.0,478366,14600,0.9999983777124625,3817252,0.784757202301551,31.592978476069387,0.82,1595.69,CHIP,chip_distribution,interaction-only,interaction-only,stock-session,CHIP::chip_distribution,EVALUATED_DEVELOPMENT_ONLY_IMPORTED_VERIFIED_CENSUS,True,FULL_CHIP_SIDECAR_SCAN,DETERMINISTIC_COORDINATE_SAMPLE,,,
chip_profit_ratio,3822719,3822719,1.0,478366,10000,0.9999998758034908,3817252,0.9978018218341361,25.385003359786484,0.0,100.0,CHIP,chip_distribution,condition-only,condition-only,stock-session,CHIP::chip_distribution,EVALUATED_DEVELOPMENT_ONLY_IMPORTED_VERIFIED_CENSUS,True,FULL_CHIP_SIDECAR_SCAN,DETERMINISTIC_COORDINATE_SAMPLE,,,
broad_event_01166fdd6c3a2aab,590,590,1.0,590,0,0.0,0,0.0,0.0,,,BROAD_EVENT_FROZEN_ENTRY,broad_event_frozen_entry,condition-only,frozen_event_entry,event episode,BROAD_EVENT::frozen_entry,IMPORTED_FROZEN_EPISODE_SUPPORT_ONLY,False,FROZEN_DISCOVERY_ENTRY_PACK_SUPPORT,NOT_REEVALUATED_PACK_REMAINS_FROZEN,,,
broad_event_16c53855e757c585,171178,171178,1.0,171178,0,0.0,0,0.0,0.0,,,BROAD_EVENT_FROZEN_ENTRY,broad_event_frozen_entry,condition-only,frozen_event_entry,event episode,BROAD_EVENT::frozen_entry,IMPORTED_FROZEN_EPISODE_SUPPORT_ONLY,False,FROZEN_DISCOVERY_ENTRY_PACK_SUPPORT,NOT_REEVALUATED_PACK_REMAINS_FROZEN,,,
broad_event_4fbf6cc691461c6c,362,362,1.0,362,0,0.0,0,0.0,0.0,,,BROAD_EVENT_FROZEN_ENTRY,broad_event_frozen_entry,condition-only,frozen_event_entry,event episode,BROAD_EVENT::frozen_entry,IMPORTED_FROZEN_EPISODE_SUPPORT_ONLY,False,FROZEN_DISCOVERY_ENTRY_PACK_SUPPORT,NOT_REEVALUATED_PACK_REMAINS_FROZEN,,,
broad_event_7b391e59670c491e,362,362,1.0,362,0,0.0,0,0.0,0.0,,,BROAD_EVENT_FROZEN_ENTRY,broad_event_frozen_entry,condition-only,frozen_event_entry,event episode,BROAD_EVENT::frozen_entry,IMPORTED_FROZEN_EPISODE_SUPPORT_ONLY,False,FROZEN_DISCOVERY_ENTRY_PACK_SUPPORT,NOT_REEVALUATED_PACK_REMAINS_FROZEN,,,
broad_event_8a64cdfefa6bcc35,171178,171178,1.0,171178,0,0.0,0,0.0,0.0,,,BROAD_EVENT_FROZEN_ENTRY,broad_event_frozen_entry,condition-only,frozen_event_entry,event episode,BROAD_EVENT::frozen_entry,IMPORTED_FROZEN_EPISODE_SUPPORT_ONLY,False,FROZEN_DISCOVERY_ENTRY_PACK_SUPPORT,NOT_REEVALUATED_PACK_REMAINS_FROZEN,,,
broad_event_9041949344c58bcf,1837,1837,1.0,1837,0,0.0,0,0.0,0.0,,,BROAD_EVENT_FROZEN_ENTRY,broad_event_frozen_entry,condition-only,frozen_event_entry,event episode,BROAD_EVENT::frozen_entry,IMPORTED_FROZEN_EPISODE_SUPPORT_ONLY,False,FROZEN_DISCOVERY_ENTRY_PACK_SUPPORT,NOT_REEVALUATED_PACK_REMAINS_FROZEN,,,
broad_event_9618ee1100155073,171178,171178,1.0,171178,0,0.0,0,0.0,0.0,,,BROAD_EVENT_FROZEN_ENTRY,broad_event_frozen_entry,condition-only,frozen_event_entry,event episode,BROAD_EVENT::frozen_entry,IMPORTED_FROZEN_EPISODE_SUPPORT_ONLY,False,FROZEN_DISCOVERY_ENTRY_PACK_SUPPORT,NOT_REEVALUATED_PACK_REMAINS_FROZEN,,,
broad_event_ac96e6d4db507a1a,362,362,1.0,362,0,0.0,0,0.0,0.0,,,BROAD_EVENT_FROZEN_ENTRY,broad_event_frozen_entry,condition-only,frozen_event_entry,event episode,BROAD_EVENT::frozen_entry,IMPORTED_FROZEN_EPISODE_SUPPORT_ONLY,False,FROZEN_DISCOVERY_ENTRY_PACK_SUPPORT,NOT_REEVALUATED_PACK_REMAINS_FROZEN,,,
broad_event_b22d9565d0b39241,590,590,1.0,590,0,0.0,0,0.0,0.0,,,BROAD_EVENT_FROZEN_ENTRY,broad_event_frozen_entry,condition-only,frozen_event_entry,event episode,BROAD_EVENT::frozen_entry,IMPORTED_FROZEN_EPISODE_SUPPORT_ONLY,False,FROZEN_DISCOVERY_ENTRY_PACK_SUPPORT,NOT_REEVALUATED_PACK_REMAINS_FROZEN,,,
broad_event_cf70889cec0c77df,1837,1837,1.0,1837,0,0.0,0,0.0,0.0,,,BROAD_EVENT_FROZEN_ENTRY,broad_event_frozen_entry,condition-only,frozen_event_entry,event episode,BROAD_EVENT::frozen_entry,IMPORTED_FROZEN_EPISODE_SUPPORT_ONLY,False,FROZEN_DISCOVERY_ENTRY_PACK_SUPPORT,NOT_REEVALUATED_PACK_REMAINS_FROZEN,,,
broad_event_d42c0973350238e0,362,362,1.0,362,0,0.0,0,0.0,0.0,,,BROAD_EVENT_FROZEN_ENTRY,broad_event_frozen_entry,condition-only,frozen_event_entry,event episode,BROAD_EVENT::frozen_entry,IMPORTED_FROZEN_EPISODE_SUPPORT_ONLY,False,FROZEN_DISCOVERY_ENTRY_PACK_SUPPORT,NOT_REEVALUATED_PACK_REMAINS_FROZEN,,,
