left_field_id,right_field_id,normalized_mutual_information,joint_support,nmi_a,nmi_b,nmi_abs_difference,support_a,support_b,semantic_support_group
evt_uplimit_active,evt_uplimit_age_min,1.2674399019176687e-08,84,0.0,0.0,0.0,45,39,TRUE1MIN::event_state
evt_uplimit_active,evt_uplimit_amount,0.0,57,1.3554956543607677e-08,0.0,1.3554956543607677e-08,31,26,TRUE1MIN::event_state
evt_uplimit_active,evt_uplimit_auction_buy,0.0,29,1.6235516675845053e-08,0.0,1.6235516675845053e-08,19,10,TRUE1MIN::event_state
evt_uplimit_active,evt_uplimit_auction_money,1.3432584620124183e-08,43,0.0,0.0,0.0,25,18,TRUE1MIN::event_state
evt_uplimit_active,evt_uplimit_auction_offer,0.0,29,0.0,0.0,0.0,19,10,TRUE1MIN::event_state
evt_uplimit_active,evt_uplimit_auction_pre1max_ratio,1.3410371402249159e-08,43,0.0,0.0,0.0,25,18,TRUE1MIN::event_state
evt_uplimit_active,evt_uplimit_auction_turnover,0.0,84,1.6067555027037215e-08,0.0,1.6067555027037215e-08,45,39,TRUE1MIN::event_state
evt_uplimit_active,evt_uplimit_cutoff_minute,1.4575287765666468e-08,104,0.0,0.0,0.0,55,49,TRUE1MIN::event_state
evt_uplimit_active,evt_uplimit_fd_close,0.0,57,1.3289324108774897e-08,0.0,1.3289324108774897e-08,31,26,TRUE1MIN::event_state
evt_uplimit_active,evt_uplimit_fd_max,0.0,57,0.0,0.0,0.0,31,26,TRUE1MIN::event_state
evt_uplimit_active,evt_uplimit_type_code,0.0,84,0.0,0.0,0.0,45,39,TRUE1MIN::event_state
evt_uplimit_active,evt_uplimit_up_limit_keep_times,0.0,84,0.0,0.0,0.0,45,39,TRUE1MIN::event_state
evt_uplimit_age_min,evt_uplimit_amount,0.5257129157084457,57,0.591566369174927,0.6693952178107299,0.07782884863580286,31,26,TRUE1MIN::event_state
evt_uplimit_age_min,evt_uplimit_auction_buy,0.563597773521622,29,0.6150592077164856,0.6103850988283681,0.004674108888117479,19,10,TRUE1MIN::event_state
evt_uplimit_age_min,evt_uplimit_auction_money,0.5808789163656365,43,0.6199249617024889,0.6559243483802875,0.03599938667779856,25,18,TRUE1MIN::event_state
evt_uplimit_age_min,evt_uplimit_auction_offer,0.47612129734008485,29,0.5211265880823445,0.6239063336319389,0.10277974554959446,19,10,TRUE1MIN::event_state
evt_uplimit_age_min,evt_uplimit_auction_pre1max_ratio,0.5830781292395574,43,0.5530873284968085,0.7571116355744465,0.20402430707763797,25,18,TRUE1MIN::event_state
evt_uplimit_age_min,evt_uplimit_auction_turnover,0.31909464199467097,84,0.4183377777016722,0.4194764557570843,0.0011386780554121234,45,39,TRUE1MIN::event_state
evt_uplimit_age_min,evt_uplimit_cutoff_minute,0.34333007017652223,84,0.45537957971720167,0.5328887514822948,0.07750917176509309,45,39,TRUE1MIN::event_state
evt_uplimit_age_min,evt_uplimit_fd_close,0.5211579045993944,57,0.6387404550847708,0.6450719915875007,0.006331536502729884,31,26,TRUE1MIN::event_state
evt_uplimit_age_min,evt_uplimit_fd_max,0.550141042500883,57,0.6345429444726949,0.6508688044252822,0.016325859952587285,31,26,TRUE1MIN::event_state
evt_uplimit_age_min,evt_uplimit_type_code,1.2674399019176687e-08,84,0.0,0.0,0.0,45,39,TRUE1MIN::event_state
evt_uplimit_age_min,evt_uplimit_up_limit_keep_times,1.2674399019176687e-08,84,0.0,0.0,0.0,45,39,TRUE1MIN::event_state
evt_uplimit_amount,evt_uplimit_auction_buy,0.7950556919169294,19,0.7243597705954136,0.8278474974061265,0.10348772681071294,13,6,TRUE1MIN::event_state
evt_uplimit_amount,evt_uplimit_auction_money,0.9217908416416374,29,0.9287025808630668,0.9521790360808403,0.02347645521777353,17,12,TRUE1MIN::event_state
evt_uplimit_amount,evt_uplimit_auction_offer,0.7258610135656001,19,0.6323103641803597,0.8278474974061264,0.1955371332257667,13,6,TRUE1MIN::event_state
evt_uplimit_amount,evt_uplimit_auction_pre1max_ratio,0.8344060506905207,29,0.7944113375535086,0.9521790360808403,0.15776769852733175,17,12,TRUE1MIN::event_state
evt_uplimit_amount,evt_uplimit_auction_turnover,0.631972653234578,57,0.6531287132592338,0.7297749274570442,0.07664621419781037,31,26,TRUE1MIN::event_state
evt_uplimit_amount,evt_uplimit_cutoff_minute,0.6518308627771477,57,0.6624517785127779,0.7793109250641814,0.1168591465514035,31,26,TRUE1MIN::event_state
evt_uplimit_amount,evt_uplimit_fd_close,0.7743276191205642,57,0.8215942900550111,0.8681120171566441,0.046517727101633044,31,26,TRUE1MIN::event_state
evt_uplimit_amount,evt_uplimit_fd_max,0.8183561125357582,57,0.836231736185369,0.872958978644041,0.036727242458672094,31,26,TRUE1MIN::event_state
evt_uplimit_amount,evt_uplimit_type_code,0.0,57,1.3554956543607677e-08,0.0,1.3554956543607677e-08,31,26,TRUE1MIN::event_state
evt_uplimit_amount,evt_uplimit_up_limit_keep_times,0.0,57,1.3554956543607677e-08,0.0,1.3554956543607677e-08,31,26,TRUE1MIN::event_state
evt_uplimit_auction_buy,evt_uplimit_auction_money,0.8316179596797466,29,0.8327170650071792,0.8602897413961895,0.027572676389010287,19,10,TRUE1MIN::event_state
evt_uplimit_auction_buy,evt_uplimit_auction_offer,0.7963473303993073,29,0.8498982617081825,0.8602897413961895,0.010391479688007021,19,10,TRUE1MIN::event_state
evt_uplimit_auction_buy,evt_uplimit_auction_pre1max_ratio,0.8316179596797466,29,0.8233625057862942,0.9313182323521012,0.10795572656580699,19,10,TRUE1MIN::event_state
evt_uplimit_auction_buy,evt_uplimit_auction_turnover,0.7228103168112004,29,0.7756644420458961,0.8602897413961896,0.0846252993502935,19,10,TRUE1MIN::event_state
evt_uplimit_auction_buy,evt_uplimit_cutoff_minute,0.4965936341739573,29,0.5300208040658747,0.7196480040590062,0.1896271999931315,19,10,TRUE1MIN::event_state
evt_uplimit_auction_buy,evt_uplimit_fd_close,0.8536861083231417,19,0.8428697161930752,0.9999999999999998,0.15713028380692462,13,6,TRUE1MIN::event_state
evt_uplimit_auction_buy,evt_uplimit_fd_max,0.860052929907828,19,0.775906924093543,1.0,0.224093075906457,13,6,TRUE1MIN::event_state
evt_uplimit_auction_buy,evt_uplimit_type_code,0.0,29,1.6235516675845053e-08,0.0,1.6235516675845053e-08,19,10,TRUE1MIN::event_state
evt_uplimit_auction_buy,evt_uplimit_up_limit_keep_times,0.0,29,1.6235516675845053e-08,0.0,1.6235516675845053e-08,19,10,TRUE1MIN::event_state
evt_uplimit_auction_money,evt_uplimit_auction_offer,0.8696123326754825,29,0.8494716046940542,1.0,0.15052839530594575,19,10,TRUE1MIN::event_state
evt_uplimit_auction_money,evt_uplimit_auction_pre1max_ratio,0.8626376594127491,43,0.81648894795622,0.9207987821117969,0.10430983415557693,25,18,TRUE1MIN::event_state
evt_uplimit_auction_money,evt_uplimit_auction_turnover,0.7539495560527616,43,0.8058817369652126,0.7513463362661205,0.05453540069909213,25,18,TRUE1MIN::event_state
evt_uplimit_auction_money,evt_uplimit_cutoff_minute,0.5745821776046972,43,0.5446723875097272,0.7161921507537009,0.17151976324397367,25,18,TRUE1MIN::event_state
evt_uplimit_auction_money,evt_uplimit_fd_close,0.9528265175038595,29,0.9730858212433853,1.0,0.026914178756614726,17,12,TRUE1MIN::event_state
evt_uplimit_auction_money,evt_uplimit_fd_max,0.925998575539695,29,0.8999057387259592,0.9999999999999999,0.10009426127404064,17,12,TRUE1MIN::event_state
evt_uplimit_auction_money,evt_uplimit_type_code,1.3432584620124183e-08,43,0.0,0.0,0.0,25,18,TRUE1MIN::event_state
evt_uplimit_auction_money,evt_uplimit_up_limit_keep_times,1.3432584620124183e-08,43,0.0,0.0,0.0,25,18,TRUE1MIN::event_state
evt_uplimit_auction_offer,evt_uplimit_auction_pre1max_ratio,0.809031557081853,29,0.794572861008714,0.9420148383402729,0.14744197733155884,19,10,TRUE1MIN::event_state
evt_uplimit_auction_offer,evt_uplimit_auction_turnover,0.6501471098293136,29,0.6752997025550851,0.8731022479645384,0.1978025454094533,19,10,TRUE1MIN::event_state
evt_uplimit_auction_offer,evt_uplimit_cutoff_minute,0.6217670998418775,29,0.6047074296023909,0.7371040595462081,0.13239662994381718,19,10,TRUE1MIN::event_state
evt_uplimit_auction_offer,evt_uplimit_fd_close,0.7330404842386564,19,0.6753527539925746,1.0,0.32464724600742545,13,6,TRUE1MIN::event_state
evt_uplimit_auction_offer,evt_uplimit_fd_max,0.7414254185153416,19,0.5747251599502626,1.0,0.42527484004973737,13,6,TRUE1MIN::event_state
evt_uplimit_auction_offer,evt_uplimit_type_code,0.0,29,0.0,0.0,0.0,19,10,TRUE1MIN::event_state
evt_uplimit_auction_offer,evt_uplimit_up_limit_keep_times,0.0,29,0.0,0.0,0.0,19,10,TRUE1MIN::event_state
evt_uplimit_auction_pre1max_ratio,evt_uplimit_auction_turnover,0.7906333154491416,43,0.778158694868822,0.867254059005452,0.08909536413663,25,18,TRUE1MIN::event_state
evt_uplimit_auction_pre1max_ratio,evt_uplimit_cutoff_minute,0.6543567963721334,43,0.553044392140535,0.8404734997151029,0.28742910757456785,25,18,TRUE1MIN::event_state
evt_uplimit_auction_pre1max_ratio,evt_uplimit_fd_close,0.8566269935580336,29,0.8285395595668047,1.0,0.1714604404331953,17,12,TRUE1MIN::event_state
evt_uplimit_auction_pre1max_ratio,evt_uplimit_fd_max,0.845153296997092,29,0.7697785451495109,0.9999999999999999,0.23022145485048895,17,12,TRUE1MIN::event_state
evt_uplimit_auction_pre1max_ratio,evt_uplimit_type_code,1.3410371402249159e-08,43,0.0,0.0,0.0,25,18,TRUE1MIN::event_state
evt_uplimit_auction_pre1max_ratio,evt_uplimit_up_limit_keep_times,1.3410371402249159e-08,43,0.0,0.0,0.0,25,18,TRUE1MIN::event_state
evt_uplimit_auction_turnover,evt_uplimit_cutoff_minute,0.3475136778930496,84,0.4089514034133455,0.4084672462400669,0.00048415717327859875,45,39,TRUE1MIN::event_state
evt_uplimit_auction_turnover,evt_uplimit_fd_close,0.5778700900952926,57,0.6814220810788432,0.6013325805514392,0.08008950052740393,31,26,TRUE1MIN::event_state
evt_uplimit_auction_turnover,evt_uplimit_fd_max,0.6698088587773675,57,0.6617206398887807,0.7155777172491008,0.05385707736032008,31,26,TRUE1MIN::event_state
evt_uplimit_auction_turnover,evt_uplimit_type_code,0.0,84,1.6067555027037215e-08,0.0,1.6067555027037215e-08,45,39,TRUE1MIN::event_state
evt_uplimit_auction_turnover,evt_uplimit_up_limit_keep_times,0.0,84,1.6067555027037215e-08,0.0,1.6067555027037215e-08,45,39,TRUE1MIN::event_state
evt_uplimit_cutoff_minute,evt_uplimit_fd_close,0.6380767627611295,57,0.645208437951693,0.801391890423976,0.15618345247228294,31,26,TRUE1MIN::event_state
evt_uplimit_cutoff_minute,evt_uplimit_fd_max,0.63895623211818,57,0.6908905454677324,0.773443156889633,0.08255261142190062,31,26,TRUE1MIN::event_state
evt_uplimit_cutoff_minute,evt_uplimit_type_code,1.542533756207625e-08,84,0.0,0.0,0.0,45,39,TRUE1MIN::event_state
evt_uplimit_cutoff_minute,evt_uplimit_up_limit_keep_times,1.542533756207625e-08,84,0.0,0.0,0.0,45,39,TRUE1MIN::event_state
evt_uplimit_fd_close,evt_uplimit_fd_max,0.8072571216695843,57,0.84093122897275,0.9202832156843928,0.07935198671164279,31,26,TRUE1MIN::event_state
evt_uplimit_fd_close,evt_uplimit_type_code,0.0,57,1.3289324108774897e-08,0.0,1.3289324108774897e-08,31,26,TRUE1MIN::event_state
evt_uplimit_fd_close,evt_uplimit_up_limit_keep_times,0.0,57,1.3289324108774897e-08,0.0,1.3289324108774897e-08,31,26,TRUE1MIN::event_state
evt_uplimit_fd_max,evt_uplimit_type_code,0.0,57,0.0,0.0,0.0,31,26,TRUE1MIN::event_state
evt_uplimit_fd_max,evt_uplimit_up_limit_keep_times,0.0,57,0.0,0.0,0.0,31,26,TRUE1MIN::event_state
evt_uplimit_type_code,evt_uplimit_up_limit_keep_times,0.0,84,0.0,0.0,0.0,45,39,TRUE1MIN::event_state
m1_first15_amount,m1_first15_bars,0.0,232064,0.0,0.0,0.0,116203,115861,TRUE1MIN::firstN
m1_first15_amount,m1_first15_high,0.011479099731311868,232064,0.011689694788935398,0.011538977607105665,0.00015071718182973343,116203,115861,TRUE1MIN::firstN
m1_first15_amount,m1_first15_last_close,0.011246869666237624,232064,0.011456608614149705,0.011302422511372926,0.000154186102776779,116203,115861,TRUE1MIN::firstN
m1_first15_amount,m1_first15_last_return_vs_open,0.01850594276770619,232064,0.0189049095191356,0.018503771566114338,0.00040113795302126193,116203,115861,TRUE1MIN::firstN
m1_first15_amount,m1_first15_low,0.010733812268221702,232064,0.010907344776964732,0.010827691399827562,7.965337713716943e-05,116203,115861,TRUE1MIN::firstN
m1_first15_amount,m1_first15_range,0.03326142281050461,232064,0.03365709798102916,0.03312097030482799,0.0005361276762011688,116203,115861,TRUE1MIN::firstN
m1_first15_amount,m1_first15_vol,0.18807325161879618,232064,0.18897409180288097,0.18746377229049588,0.0015103195123850888,116203,115861,TRUE1MIN::firstN
m1_first15_amount,m1_first15_vwap,0.011259099047294326,232015,0.011484105280369238,0.01130248123475649,0.00018162404561274798,116176,115839,TRUE1MIN::firstN
m1_first15_amount,m1_first15_vwap_return_vs_open,0.01596173532068637,232015,0.016436053805344877,0.015833371497376698,0.000602682307968179,116176,115839,TRUE1MIN::firstN
m1_first15_amount,m1_first30_amount,0.6024830434945472,216766,0.6034885617220879,0.6016616843113889,0.0018268774106989794,108510,108256,TRUE1MIN::firstN
m1_first15_amount,m1_first30_bars,0.0,216766,1.2655941136399013e-08,0.0,1.2655941136399013e-08,108510,108256,TRUE1MIN::firstN
m1_first15_amount,m1_first30_high,0.011553219799734105,216766,0.011732383553558426,0.011668462274864306,6.392127869411963e-05,108510,108256,TRUE1MIN::firstN
m1_first15_amount,m1_first30_last_close,0.011214727752619471,216766,0.011358367449215371,0.011368653124649998,1.0285675434627134e-05,108510,108256,TRUE1MIN::firstN
m1_first15_amount,m1_first30_last_return_vs_open,0.015032104816105743,216766,0.015614883294484759,0.014829851482666858,0.0007850318118179014,108510,108256,TRUE1MIN::firstN
m1_first15_amount,m1_first30_low,0.010726335768757067,216766,0.01088057842648577,0.010869438411994666,1.1140014491104258e-05,108510,108256,TRUE1MIN::firstN
m1_first15_amount,m1_first30_range,0.031809243920498644,216766,0.03201224760297254,0.031949442550541114,6.280505243142637e-05,108510,108256,TRUE1MIN::firstN
m1_first15_amount,m1_first30_vol,0.176899253517495,216766,0.17782415854945546,0.1763074209432431,0.001516737606212376,108510,108256,TRUE1MIN::firstN
m1_first15_amount,m1_first30_vwap,0.011268232345184946,216720,0.011444029437680825,0.011383345045228994,6.0684392451831534e-05,108484,108236,TRUE1MIN::firstN
m1_first15_amount,m1_first30_vwap_return_vs_open,0.015880423431731128,216720,0.016200323028744697,0.015879841764069758,0.00032048126467493915,108484,108236,TRUE1MIN::firstN
m1_first15_amount,m1_first5_amount,0.49663115479312975,232064,0.4965501892044222,0.4969298951189767,0.00037970591455455116,116203,115861,TRUE1MIN::firstN
m1_first15_amount,m1_first5_bars,0.0,232064,0.0,0.0,0.0,116203,115861,TRUE1MIN::firstN
m1_first15_amount,m1_first5_high,0.011350928779896526,232064,0.01155575189639837,0.011409472714538939,0.0001462791818594312,116203,115861,TRUE1MIN::firstN
m1_first15_amount,m1_first5_last_close,0.011159068935909528,232064,0.011385184556381421,0.011202488824500598,0.0001826957318808234,116203,115861,TRUE1MIN::firstN
m1_first15_amount,m1_first5_last_return_vs_open,0.014678399870103758,232064,0.015125494115054212,0.01457070220355219,0.0005547919115020221,116203,115861,TRUE1MIN::firstN
m1_first15_amount,m1_first5_low,0.010833853770892334,232064,0.011050696370593917,0.01087963057463956,0.00017106579595435774,116203,115861,TRUE1MIN::firstN
m1_first15_amount,m1_first5_range,0.023071459025440947,232064,0.023579590457518996,0.022837138971925065,0.0007424514855939313,116203,115861,TRUE1MIN::firstN
m1_first15_amount,m1_first5_vol,0.16993623152802534,232064,0.17045622303916969,0.16973014215225476,0.0007260808869149205,116203,115861,TRUE1MIN::firstN
m1_first15_amount,m1_first5_vwap,0.01113306402410468,232007,0.0113467344784534,0.011185211674341089,0.0001615228041123122,116172,115835,TRUE1MIN::firstN
m1_first15_amount,m1_first5_vwap_return_vs_open,0.009033550902210162,232007,0.009316953392389667,0.009093388227232983,0.0002235651651566837,116172,115835,TRUE1MIN::firstN
m1_first15_bars,m1_first15_high,0.0,232064,0.0,0.0,0.0,116203,115861,TRUE1MIN::firstN
m1_first15_bars,m1_first15_last_close,0.0,232064,0.0,0.0,0.0,116203,115861,TRUE1MIN::firstN
m1_first15_bars,m1_first15_last_return_vs_open,0.0,232064,1.2672182292151568e-08,0.0,1.2672182292151568e-08,116203,115861,TRUE1MIN::firstN
m1_first15_bars,m1_first15_low,0.0,232064,1.2655962148772384e-08,0.0,1.2655962148772384e-08,116203,115861,TRUE1MIN::firstN
m1_first15_bars,m1_first15_range,0.0,232064,0.0,0.0,0.0,116203,115861,TRUE1MIN::firstN
m1_first15_bars,m1_first15_vol,0.0,232064,0.0,0.0,0.0,116203,115861,TRUE1MIN::firstN
m1_first15_bars,m1_first15_vwap,0.0,232015,0.0,0.0,0.0,116176,115839,TRUE1MIN::firstN
m1_first15_bars,m1_first15_vwap_return_vs_open,0.0,232015,0.0,0.0,0.0,116176,115839,TRUE1MIN::firstN
m1_first15_bars,m1_first30_amount,0.0,216766,0.0,0.0,0.0,108510,108256,TRUE1MIN::firstN
m1_first15_bars,m1_first30_bars,0.0,216766,0.0,0.0,0.0,108510,108256,TRUE1MIN::firstN
m1_first15_bars,m1_first30_high,0.0,216766,0.0,0.0,0.0,108510,108256,TRUE1MIN::firstN
m1_first15_bars,m1_first30_last_close,0.0,216766,0.0,0.0,0.0,108510,108256,TRUE1MIN::firstN
m1_first15_bars,m1_first30_last_return_vs_open,0.0,216766,0.0,0.0,0.0,108510,108256,TRUE1MIN::firstN
m1_first15_bars,m1_first30_low,0.0,216766,0.0,0.0,0.0,108510,108256,TRUE1MIN::firstN
m1_first15_bars,m1_first30_range,0.0,216766,0.0,0.0,0.0,108510,108256,TRUE1MIN::firstN
m1_first15_bars,m1_first30_vol,1.2655881218539547e-08,216766,0.0,0.0,0.0,108510,108256,TRUE1MIN::firstN
m1_first15_bars,m1_first30_vwap,0.0,216720,0.0,0.0,0.0,108484,108236,TRUE1MIN::firstN
m1_first15_bars,m1_first30_vwap_return_vs_open,0.0,216720,0.0,0.0,0.0,108484,108236,TRUE1MIN::firstN
m1_first15_bars,m1_first5_amount,1.2655885519781789e-08,232064,0.0,0.0,0.0,116203,115861,TRUE1MIN::firstN
m1_first15_bars,m1_first5_bars,0.0,232064,0.0,0.0,0.0,116203,115861,TRUE1MIN::firstN
m1_first15_bars,m1_first5_high,0.0,232064,0.0,0.0,0.0,116203,115861,TRUE1MIN::firstN
m1_first15_bars,m1_first5_last_close,0.0,232064,0.0,0.0,0.0,116203,115861,TRUE1MIN::firstN
m1_first15_bars,m1_first5_last_return_vs_open,0.0,232064,0.0,0.0,0.0,116203,115861,TRUE1MIN::firstN
m1_first15_bars,m1_first5_low,0.0,232064,0.0,0.0,0.0,116203,115861,TRUE1MIN::firstN
m1_first15_bars,m1_first5_range,0.0,232064,0.0,0.0,0.0,116203,115861,TRUE1MIN::firstN
m1_first15_bars,m1_first5_vol,0.0,232064,0.0,0.0,0.0,116203,115861,TRUE1MIN::firstN
m1_first15_bars,m1_first5_vwap,0.0,232007,0.0,0.0,0.0,116172,115835,TRUE1MIN::firstN
m1_first15_bars,m1_first5_vwap_return_vs_open,0.0,232007,0.0,0.0,0.0,116172,115835,TRUE1MIN::firstN
m1_first15_high,m1_first15_last_close,0.9296745041396847,232064,0.9303552867172946,0.9290568603450753,0.00129842637221933,116203,115861,TRUE1MIN::firstN
m1_first15_high,m1_first15_last_return_vs_open,0.00646738678457638,232064,0.006581916512985918,0.006730649033405277,0.00014873252041935903,116203,115861,TRUE1MIN::firstN
m1_first15_high,m1_first15_low,0.9127501653986283,232064,0.9128100753811794,0.9127632652290993,4.681015208007899e-05,116203,115861,TRUE1MIN::firstN
m1_first15_high,m1_first15_range,0.010324984807494593,232064,0.010329537575067684,0.01061337221636717,0.0002838346412994859,116203,115861,TRUE1MIN::firstN
m1_first15_high,m1_first15_vol,0.06598348874875666,232064,0.06607455501741305,0.06614850932813228,7.39543107192292e-05,116203,115861,TRUE1MIN::firstN
m1_first15_high,m1_first15_vwap,0.9471479674739801,232015,0.9472866566199233,0.9470576348611539,0.00022902175876937658,116176,115839,TRUE1MIN::firstN
m1_first15_high,m1_first15_vwap_return_vs_open,0.003325918574398672,232015,0.003379435358108926,0.003539930992709219,0.00016049563460029297,116176,115839,TRUE1MIN::firstN
m1_first15_high,m1_first30_amount,0.012647471903804226,216766,0.012847843938846498,0.012745269309862153,0.00010257462898434488,108510,108256,TRUE1MIN::firstN
m1_first15_high,m1_first30_bars,0.0,216766,1.2656016200113793e-08,0.0,1.2656016200113793e-08,108510,108256,TRUE1MIN::firstN
m1_first15_high,m1_first30_high,0.9656220527398223,216766,0.9656474532183245,0.9656283285231979,1.9124695126548907e-05,108510,108256,TRUE1MIN::firstN
m1_first15_high,m1_first30_last_close,0.9160253672582301,216766,0.9150182408297166,0.9171080590304064,0.0020898182006897636,108510,108256,TRUE1MIN::firstN
m1_first15_high,m1_first30_last_return_vs_open,0.005762996200559174,216766,0.0059542475287470776,0.00596481139186807,1.0563863120992105e-05,108510,108256,TRUE1MIN::firstN
m1_first15_high,m1_first30_low,0.9076329542016792,216766,0.9073930463293273,0.9079475894461373,0.0005545431168100246,108510,108256,TRUE1MIN::firstN
m1_first15_high,m1_first30_range,0.010454983267957432,216766,0.010489408431058504,0.010739814880830818,0.00025040644977231477,108510,108256,TRUE1MIN::firstN
m1_first15_high,m1_first30_vol,0.06861841255973439,216766,0.06859121210355722,0.0689455867530324,0.0003543746494751865,108510,108256,TRUE1MIN::firstN
m1_first15_high,m1_first30_vwap,0.9418984305023083,216720,0.9413814370571375,0.9424792119687725,0.0010977749116349855,108484,108236,TRUE1MIN::firstN
m1_first15_high,m1_first30_vwap_return_vs_open,0.003224351178206093,216720,0.003348824811875913,0.0035142248975694435,0.0001654000856935304,108484,108236,TRUE1MIN::firstN
m1_first15_high,m1_first5_amount,0.010064411757900397,232064,0.010286063497953562,0.010171307431229506,0.00011475606672405568,116203,115861,TRUE1MIN::firstN
m1_first15_high,m1_first5_bars,0.0,232064,0.0,0.0,0.0,116203,115861,TRUE1MIN::firstN
m1_first15_high,m1_first5_high,0.9565680710600588,232064,0.9561476728546991,0.9570490724601064,0.0009013996054072493,116203,115861,TRUE1MIN::firstN
m1_first15_high,m1_first5_last_close,0.9342029804301509,232064,0.9340409601674203,0.9344465523309271,0.00040559216350677385,116203,115861,TRUE1MIN::firstN
m1_first15_high,m1_first5_last_return_vs_open,0.011690866209416893,232064,0.011772927420467313,0.011915268461428596,0.00014234104096128367,116203,115861,TRUE1MIN::firstN
m1_first15_high,m1_first5_low,0.9159544291091337,232064,0.9158428704090982,0.9161256799771675,0.0002828095680693643,116203,115861,TRUE1MIN::firstN
m1_first15_high,m1_first5_range,0.01033366651524833,232064,0.010391767779482215,0.01062031220488437,0.00022854442540215514,116203,115861,TRUE1MIN::firstN
m1_first15_high,m1_first5_vol,0.06409639757141708,232064,0.06432611453372489,0.06423469469693815,9.141983678673249e-05,116203,115861,TRUE1MIN::firstN
m1_first15_high,m1_first5_vwap,0.9413683923191241,232007,0.9411263199372666,0.9416666597430632,0.0005403398057965969,116172,115835,TRUE1MIN::firstN
m1_first15_high,m1_first5_vwap_return_vs_open,0.0033776403634542427,232007,0.003561079645684471,0.0035646448677722807,3.5652220878095928e-06,116172,115835,TRUE1MIN::firstN
m1_first15_last_close,m1_first15_last_return_vs_open,0.006309885452814149,232064,0.006440360322425339,0.006540671462940006,0.00010031114051466724,116203,115861,TRUE1MIN::firstN
m1_first15_last_close,m1_first15_low,0.9291165385474345,232064,0.9286898943759109,0.9296024668838019,0.0009125725078910074,116203,115861,TRUE1MIN::firstN
m1_first15_last_close,m1_first15_range,0.009994259260436773,232064,0.009997966317189085,0.010271340683650633,0.00027337436646154845,116203,115861,TRUE1MIN::firstN
m1_first15_last_close,m1_first15_vol,0.06648875712786449,232064,0.06661313694076941,0.06662719409877192,1.4057158002511727e-05,116203,115861,TRUE1MIN::firstN
m1_first15_last_close,m1_first15_vwap,0.9495528737807227,232015,0.950341194055371,0.9488395250301975,0.0015016690251734577,116176,115839,TRUE1MIN::firstN
m1_first15_last_close,m1_first15_vwap_return_vs_open,0.003212792388798047,232015,0.0032821583905159268,0.003412120811763419,0.00012996242124749214,116176,115839,TRUE1MIN::firstN
m1_first15_last_close,m1_first30_amount,0.012388678749377479,216766,0.012620378848465114,0.012468390181767246,0.00015198866669786752,108510,108256,TRUE1MIN::firstN
m1_first15_last_close,m1_first30_bars,0.0,216766,0.0,0.0,0.0,108510,108256,TRUE1MIN::firstN
m1_first15_last_close,m1_first30_high,0.9262540420942258,216766,0.9267609003971681,0.9258152324924753,0.0009456679046927485,108510,108256,TRUE1MIN::firstN
m1_first15_last_close,m1_first30_last_close,0.9388443662909164,216766,0.9385676573865673,0.9391883958719663,0.0006207384853990083,108510,108256,TRUE1MIN::firstN
m1_first15_last_close,m1_first30_last_return_vs_open,0.005590642757564779,216766,0.005763603698833534,0.00581098064913081,4.737695029727578e-05,108510,108256,TRUE1MIN::firstN
m1_first15_last_close,m1_first30_low,0.929843430767078,216766,0.9291139154584018,0.9306257838738322,0.001511868415430384,108510,108256,TRUE1MIN::firstN
m1_first15_last_close,m1_first30_range,0.010173079025447295,216766,0.010251223292666001,0.01042670014672775,0.0001754768540617492,108510,108256,TRUE1MIN::firstN
m1_first15_last_close,m1_first30_vol,0.06901439091722233,216766,0.06900496316990583,0.06931727125221789,0.0003123080823120572,108510,108256,TRUE1MIN::firstN
m1_first15_last_close,m1_first30_vwap,0.9592904116896096,216720,0.9598782332785951,0.9587643168405112,0.001113916438083895,108484,108236,TRUE1MIN::firstN
m1_first15_last_close,m1_first30_vwap_return_vs_open,0.003101639237184837,216720,0.0032384708144972546,0.0033840517175068785,0.00014558090300962386,108484,108236,TRUE1MIN::firstN
m1_first15_last_close,m1_first5_amount,0.009871255853817896,232064,0.010115811475106984,0.009951121968682418,0.00016468950642456633,116203,115861,TRUE1MIN::firstN
m1_first15_last_close,m1_first5_bars,0.0,232064,0.0,0.0,0.0,116203,115861,TRUE1MIN::firstN
m1_first15_last_close,m1_first5_high,0.9195224187100647,232064,0.9197667494139907,0.9193511392558636,0.0004156101581270777,116203,115861,TRUE1MIN::firstN
m1_first15_last_close,m1_first5_last_close,0.9332280830585523,232064,0.9334246290071964,0.9330993089408028,0.0003253200663935196,116203,115861,TRUE1MIN::firstN
m1_first15_last_close,m1_first5_last_return_vs_open,0.01163681935689314,232064,0.011740253009188748,0.011838995346491452,9.874233730270375e-05,116203,115861,TRUE1MIN::firstN
m1_first15_last_close,m1_first5_low,0.9178733279779666,232064,0.9171753550469957,0.9186240655802187,0.001448710533223041,116203,115861,TRUE1MIN::firstN
m1_first15_last_close,m1_first5_range,0.010122302283877178,232064,0.010217306757037883,0.010361260104923564,0.00014395334788568082,116203,115861,TRUE1MIN::firstN
m1_first15_last_close,m1_first5_vol,0.06459651298382393,232064,0.06483443764456638,0.06471884109076494,0.00011559655380144473,116203,115861,TRUE1MIN::firstN
m1_first15_last_close,m1_first5_vwap,0.9265930427623503,232007,0.9262418939622319,0.9270103310023609,0.0007684370401289664,116172,115835,TRUE1MIN::firstN
m1_first15_last_close,m1_first5_vwap_return_vs_open,0.0032830215098688877,232007,0.003452823512333405,0.003474098846943073,2.127533460966795e-05,116172,115835,TRUE1MIN::firstN
m1_first15_last_return_vs_open,m1_first15_low,0.006106926536035146,232064,0.0062144691807718404,0.006356245771823667,0.00014177659105182698,116203,115861,TRUE1MIN::firstN
m1_first15_last_return_vs_open,m1_first15_range,0.15031220620994332,232064,0.1512051943041919,0.14970160538572153,0.0015035889184703832,116203,115861,TRUE1MIN::firstN
m1_first15_last_return_vs_open,m1_first15_vol,0.009780948689778846,232064,0.01010943044002544,0.009778830357063466,0.00033060008296197443,116203,115861,TRUE1MIN::firstN
m1_first15_last_return_vs_open,m1_first15_vwap,0.006307202693396825,232015,0.006412307298265694,0.0065606623482510965,0.0001483550499854023,116176,115839,TRUE1MIN::firstN
m1_first15_last_return_vs_open,m1_first15_vwap_return_vs_open,0.31125750632827587,232015,0.3127983160245725,0.3100850820156082,0.0027132340089642826,116176,115839,TRUE1MIN::firstN
m1_first15_last_return_vs_open,m1_first30_amount,0.016907062410789795,216766,0.017198760759738235,0.01703824416400898,0.00016051659572925356,108510,108256,TRUE1MIN::firstN
m1_first15_last_return_vs_open,m1_first30_bars,0.0,216766,0.0,0.0,0.0,108510,108256,TRUE1MIN::firstN
m1_first15_last_return_vs_open,m1_first30_high,0.0065065886781765754,216766,0.006576562179854631,0.006841063354130895,0.0002645011742762639,108510,108256,TRUE1MIN::firstN
m1_first15_last_return_vs_open,m1_first30_last_close,0.006373181754660503,216766,0.006451519863493287,0.006687150698442059,0.00023563083494877214,108510,108256,TRUE1MIN::firstN
m1_first15_last_return_vs_open,m1_first30_last_return_vs_open,0.23944018564838726,216766,0.24133205803923366,0.23795066190382377,0.0033813961354098865,108510,108256,TRUE1MIN::firstN
m1_first15_last_return_vs_open,m1_first30_low,0.006115790491423245,216766,0.006190398941496984,0.006427340415513615,0.0002369414740166307,108510,108256,TRUE1MIN::firstN
m1_first15_last_return_vs_open,m1_first30_range,0.12959164270244777,216766,0.1304098043228103,0.12907154873788113,0.001338255584929171,108510,108256,TRUE1MIN::firstN
m1_first15_last_return_vs_open,m1_first30_vol,0.008964217541620537,216766,0.009224074393118757,0.009045927781075377,0.00017814661204338007,108510,108256,TRUE1MIN::firstN
m1_first15_last_return_vs_open,m1_first30_vwap,0.006333138512488875,216720,0.006395208279774338,0.006652571061122622,0.0002573627813482844,108484,108236,TRUE1MIN::firstN
m1_first15_last_return_vs_open,m1_first30_vwap_return_vs_open,0.3878100503174299,216720,0.38908208693036483,0.3869253877116055,0.002156699218759328,108484,108236,TRUE1MIN::firstN
m1_first15_last_return_vs_open,m1_first5_amount,0.01337431732047528,232064,0.01373549739128064,0.013348182329414527,0.00038731506186611385,116203,115861,TRUE1MIN::firstN
m1_first15_last_return_vs_open,m1_first5_bars,0.0,232064,1.2672182292151568e-08,0.0,1.2672182292151568e-08,116203,115861,TRUE1MIN::firstN
m1_first15_last_return_vs_open,m1_first5_high,0.006379789166398947,232064,0.006477589183216177,0.006644900319165842,0.00016731113594966457,116203,115861,TRUE1MIN::firstN
m1_first15_last_return_vs_open,m1_first5_last_close,0.006280168419409832,232064,0.006375700912524842,0.006538188180601001,0.00016248726807615872,116203,115861,TRUE1MIN::firstN
m1_first15_last_return_vs_open,m1_first5_last_return_vs_open,0.16891153172271597,232064,0.1698304791863134,0.16836391204105738,0.0014665671452560036,116203,115861,TRUE1MIN::firstN
m1_first15_last_return_vs_open,m1_first5_low,0.006147547849240883,232064,0.006239294293855745,0.0064096214715958395,0.00017032717774009484,116203,115861,TRUE1MIN::firstN
m1_first15_last_return_vs_open,m1_first5_range,0.07425237070599791,232064,0.07537268462139622,0.07353322318485893,0.001839461436537293,116203,115861,TRUE1MIN::firstN
m1_first15_last_return_vs_open,m1_first5_vol,0.007254707326444755,232064,0.007618467437858914,0.007223752825751851,0.00039471461210706296,116203,115861,TRUE1MIN::firstN
m1_first15_last_return_vs_open,m1_first5_vwap,0.006278719685089133,232007,0.00639900750764579,0.006526968258447702,0.00012796075080191184,116172,115835,TRUE1MIN::firstN
m1_first15_last_return_vs_open,m1_first5_vwap_return_vs_open,0.13657171129652326,232007,0.1384175970440716,0.13505102406724476,0.0033665729768268537,116172,115835,TRUE1MIN::firstN
m1_first15_low,m1_first15_range,0.009664653101247986,232064,0.00965265428433007,0.009934499654780474,0.00028184537045040405,116203,115861,TRUE1MIN::firstN
m1_first15_low,m1_first15_vol,0.06691346846642587,232064,0.0670424172330917,0.06704738951367302,4.972280581314048e-06,116203,115861,TRUE1MIN::firstN
m1_first15_low,m1_first15_vwap,0.9450637388325877,232015,0.9446061948232073,0.9455821044778564,0.0009759096546491097,116176,115839,TRUE1MIN::firstN
m1_first15_low,m1_first15_vwap_return_vs_open,0.0029890556150638002,232015,0.0030414764687941684,0.0031818184444888362,0.00014034197569466784,116176,115839,TRUE1MIN::firstN
m1_first15_low,m1_first30_amount,0.011842302475204833,216766,0.012024586608988959,0.011966007526210114,5.857908277884412e-05,108510,108256,TRUE1MIN::firstN
m1_first15_low,m1_first30_bars,1.2655894183913506e-08,216766,0.0,0.0,0.0,108510,108256,TRUE1MIN::firstN
m1_first15_low,m1_first30_high,0.9041154613723685,216766,0.9041800002314704,0.9041040766121913,7.592361927910574e-05,108510,108256,TRUE1MIN::firstN
m1_first15_low,m1_first30_last_close,0.9115418333535105,216766,0.9105563084232938,0.9125785155091145,0.002022207085820682,108510,108256,TRUE1MIN::firstN
m1_first15_low,m1_first30_last_return_vs_open,0.005409466679189627,216766,0.005622713521017234,0.005586085543913073,3.6627977104161484e-05,108510,108256,TRUE1MIN::firstN
m1_first15_low,m1_first30_low,0.972528993448722,216766,0.9718818060511086,0.973214559685385,0.001332753634276318,108510,108256,TRUE1MIN::firstN
m1_first15_low,m1_first30_range,0.009833346281902255,216766,0.009908032900805545,0.010077870742368268,0.0001698378415627231,108510,108256,TRUE1MIN::firstN
m1_first15_low,m1_first30_vol,0.06935981811276987,216766,0.06934724311799481,0.0696546918204525,0.00030744870245769107,108510,108256,TRUE1MIN::firstN
m1_first15_low,m1_first30_vwap,0.9360535772714427,216720,0.9356928271702679,0.9364621191453436,0.0007692919750756921,108484,108236,TRUE1MIN::firstN
m1_first15_low,m1_first30_vwap_return_vs_open,0.002861924844117166,216720,0.0030038352045896463,0.0031335082539032466,0.00012967304931360037,108484,108236,TRUE1MIN::firstN
m1_first15_low,m1_first5_amount,0.009465660258500678,232064,0.00968758339054743,0.009566763996814281,0.00012081939373314969,116203,115861,TRUE1MIN::firstN
m1_first15_low,m1_first5_bars,0.0,232064,1.2655962148772384e-08,0.0,1.2655962148772384e-08,116203,115861,TRUE1MIN::firstN
m1_first15_low,m1_first5_high,0.9226864330583681,232064,0.9234201937001132,0.9220201834328672,0.0014000102672460102,116203,115861,TRUE1MIN::firstN
m1_first15_low,m1_first5_last_close,0.9402172723950145,232064,0.939671407836446,0.9408121406601719,0.001140732823725954,116203,115861,TRUE1MIN::firstN
m1_first15_low,m1_first5_last_return_vs_open,0.011551518841128714,232064,0.011674199906470038,0.011716814553153598,4.2614646683560714e-05,116203,115861,TRUE1MIN::firstN
m1_first15_low,m1_first5_low,0.9691127763874472,232064,0.9688126638699345,0.969463519955281,0.0006508560853465406,116203,115861,TRUE1MIN::firstN
m1_first15_low,m1_first5_range,0.009916796467583087,232064,0.010010720958645813,0.01014775468132861,0.00013703372268279723,116203,115861,TRUE1MIN::firstN
m1_first15_low,m1_first5_vol,0.06489807996364111,232064,0.06515358421485577,0.06499037963733531,0.00016320457752046214,116203,115861,TRUE1MIN::firstN
m1_first15_low,m1_first5_vwap,0.9452051349842397,232007,0.9454179105160022,0.9450443239821411,0.0003735865338611033,116172,115835,TRUE1MIN::firstN
m1_first15_low,m1_first5_vwap_return_vs_open,0.0031200087751500137,232007,0.0032925412281317205,0.0033218730774963933,2.933184936467284e-05,116172,115835,TRUE1MIN::firstN
m1_first15_range,m1_first15_vol,0.017071721555257012,232064,0.01746870378864952,0.01703843408551271,0.0004302697031368097,116203,115861,TRUE1MIN::firstN
m1_first15_range,m1_first15_vwap,0.01003135663939503,232015,0.01002273023988223,0.010322955176431142,0.00030022493654891305,116176,115839,TRUE1MIN::firstN
m1_first15_range,m1_first15_vwap_return_vs_open,0.1485692945341223,232015,0.14971984336647495,0.14777406047772443,0.0019457828887505246,116176,115839,TRUE1MIN::firstN
m1_first15_range,m1_first30_amount,0.028574788447282385,216766,0.028879447315244326,0.02857762371451335,0.00030182360073097506,108510,108256,TRUE1MIN::firstN
m1_first15_range,m1_first30_bars,0.0,216766,0.0,0.0,0.0,108510,108256,TRUE1MIN::firstN
m1_first15_range,m1_first30_high,0.01033425975885465,216766,0.010356078642393204,0.01060361441146437,0.00024753576907116624,108510,108256,TRUE1MIN::firstN
m1_first15_range,m1_first30_last_close,0.010002713126615284,216766,0.01002852896125975,0.010266231080717161,0.00023770211945741034,108510,108256,TRUE1MIN::firstN
m1_first15_range,m1_first30_last_return_vs_open,0.0873988513618722,216766,0.08815022368787061,0.08701958826856965,0.00113063541930096,108510,108256,TRUE1MIN::firstN
m1_first15_range,m1_first30_low,0.00963369744102634,216766,0.009655691766119443,0.009887166706250684,0.00023147494013124083,108510,108256,TRUE1MIN::firstN
m1_first15_range,m1_first30_range,0.4304158297539093,216766,0.42990861992978924,0.4311395141419204,0.0012308942121311839,108510,108256,TRUE1MIN::firstN
m1_first15_range,m1_first30_vol,0.014907007739767036,216766,0.015262868771895328,0.014939848231257874,0.00032302054063745346,108510,108256,TRUE1MIN::firstN
m1_first15_range,m1_first30_vwap,0.010042732014551758,216720,0.010069989384703673,0.010313496324613064,0.00024350693990939087,108484,108236,TRUE1MIN::firstN
m1_first15_range,m1_first30_vwap_return_vs_open,0.13069291294882082,216720,0.1321200514020722,0.12968727290461204,0.002432778497460153,108484,108236,TRUE1MIN::firstN
m1_first15_range,m1_first5_amount,0.029073948490138262,232064,0.029550084491960255,0.028969792138431965,0.0005802923535282896,116203,115861,TRUE1MIN::firstN
m1_first15_range,m1_first5_bars,0.0,232064,0.0,0.0,0.0,116203,115861,TRUE1MIN::firstN
m1_first15_range,m1_first5_high,0.010151255075418001,232064,0.010159482998795653,0.0104251763583438,0.00026569335954814734,116203,115861,TRUE1MIN::firstN
m1_first15_range,m1_first5_last_close,0.00995631136106917,232064,0.009937872356040451,0.010242012407323621,0.00030414005128317004,116203,115861,TRUE1MIN::firstN
m1_first15_range,m1_first5_last_return_vs_open,0.11129340196910865,232064,0.11223699229042369,0.11066091708122756,0.0015760752091961289,116203,115861,TRUE1MIN::firstN
m1_first15_range,m1_first5_low,0.009733267828374194,232064,0.009732719169435959,0.009997176100762534,0.0002644569313265746,116203,115861,TRUE1MIN::firstN
m1_first15_range,m1_first5_range,0.3087097328242073,232064,0.3098215237759611,0.3078540718899929,0.0019674518859681966,116203,115861,TRUE1MIN::firstN
m1_first15_range,m1_first5_vol,0.01487242783875446,232064,0.015120642925608265,0.014942015439475483,0.00017862748613278225,116203,115861,TRUE1MIN::firstN
m1_first15_range,m1_first5_vwap,0.009986464186408753,232007,0.009980189988362854,0.010271804362562524,0.0002916143741996703,116172,115835,TRUE1MIN::firstN
m1_first15_range,m1_first5_vwap_return_vs_open,0.09125376352194353,232007,0.09248945960647141,0.09037050643531253,0.0021189531711588855,116172,115835,TRUE1MIN::firstN
m1_first15_vol,m1_first15_vwap,0.06645001256790627,232015,0.06658661760507788,0.06656999904545546,1.6618559622413875e-05,116176,115839,TRUE1MIN::firstN
m1_first15_vol,m1_first15_vwap_return_vs_open,0.00755782037695194,232015,0.007914557815246349,0.007547036006051601,0.00036752180919474766,116176,115839,TRUE1MIN::firstN
m1_first15_vol,m1_first30_amount,0.17391313472972225,216766,0.17504923533021036,0.17313185236361067,0.0019173829665996844,108510,108256,TRUE1MIN::firstN
m1_first15_vol,m1_first30_bars,0.0,216766,0.0,0.0,0.0,108510,108256,TRUE1MIN::firstN
m1_first15_vol,m1_first30_high,0.06602288154847209,216766,0.06611720140384722,0.06620279827862825,8.559687478103262e-05,108510,108256,TRUE1MIN::firstN
m1_first15_vol,m1_first30_last_close,0.06664143596460734,216766,0.06670765853193354,0.06685208753684498,0.00014442900491143384,108510,108256,TRUE1MIN::firstN
m1_first15_vol,m1_first30_last_return_vs_open,0.00783111330520354,216766,0.00824381141744814,0.007747096705996388,0.0004967147114517522,108510,108256,TRUE1MIN::firstN
m1_first15_vol,m1_first30_low,0.06713721091811094,216766,0.06725539885320302,0.06732277330745783,6.737445425480937e-05,108510,108256,TRUE1MIN::firstN
m1_first15_vol,m1_first30_range,0.015880558876404605,216766,0.01636697279712181,0.015851239042816927,0.0005157337543048833,108510,108256,TRUE1MIN::firstN
m1_first15_vol,m1_first30_vol,0.6428878439180519,216766,0.643229401873851,0.642686730584843,0.0005426712890079788,108510,108256,TRUE1MIN::firstN
m1_first15_vol,m1_first30_vwap,0.06658266632653426,216720,0.06669431297705002,0.06675479966613568,6.0486689085662015e-05,108484,108236,TRUE1MIN::firstN
m1_first15_vol,m1_first30_vwap_return_vs_open,0.007446493366289395,216720,0.007675741937606451,0.00756826169782893,0.00010748023977752083,108484,108236,TRUE1MIN::firstN
m1_first15_vol,m1_first5_amount,0.1755522266571955,232064,0.1767413551634378,0.17469191509651258,0.002049440066925229,116203,115861,TRUE1MIN::firstN
m1_first15_vol,m1_first5_bars,0.0,232064,0.0,0.0,0.0,116203,115861,TRUE1MIN::firstN
m1_first15_vol,m1_first5_high,0.0661919496793199,232064,0.06629973578031889,0.06634777259577233,4.803681545344218e-05,116203,115861,TRUE1MIN::firstN
m1_first15_vol,m1_first5_last_close,0.06647144524451332,232064,0.06662011482086284,0.06660702174120585,1.3093079656995021e-05,116203,115861,TRUE1MIN::firstN
m1_first15_vol,m1_first5_last_return_vs_open,0.007820318618902627,232064,0.008130983656733233,0.007827506257048035,0.00030347739968519805,116203,115861,TRUE1MIN::firstN
m1_first15_vol,m1_first5_low,0.06680303664215625,232064,0.06693364869841807,0.06693884587843392,5.197180015847902e-06,116203,115861,TRUE1MIN::firstN
m1_first15_vol,m1_first5_range,0.011565402331999883,232064,0.01191258419216131,0.011534167182613922,0.00037841700954738787,116203,115861,TRUE1MIN::firstN
m1_first15_vol,m1_first5_vol,0.5454961794736074,232064,0.5456124089413598,0.545544657958175,6.77509831847889e-05,116203,115861,TRUE1MIN::firstN
m1_first15_vol,m1_first5_vwap,0.06643250893250535,232007,0.06654694131694848,0.06658003877535128,3.309745840279765e-05,116172,115835,TRUE1MIN::firstN
m1_first15_vol,m1_first5_vwap_return_vs_open,0.004153352203793623,232007,0.004392871662406978,0.004261594511704884,0.000131277150702094,116172,115835,TRUE1MIN::firstN
m1_first15_vwap,m1_first15_vwap_return_vs_open,0.0031901315415756235,232015,0.0032479838075472373,0.0033906594266647962,0.00014267561911755896,116176,115839,TRUE1MIN::firstN
m1_first15_vwap,m1_first30_amount,0.012411769595326293,216720,0.012641192896391661,0.012485346445084733,0.00015584645130692874,108484,108236,TRUE1MIN::firstN
m1_first15_vwap,m1_first30_bars,0.0,216720,0.0,0.0,0.0,108484,108236,TRUE1MIN::firstN
m1_first15_vwap,m1_first30_high,0.9363416500386912,216720,0.9368208049177587,0.9359126276127593,0.0009081773049993691,108484,108236,TRUE1MIN::firstN
m1_first15_vwap,m1_first30_last_close,0.9276623065763402,216720,0.9269758656569151,0.9284055695910869,0.0014297039341717444,108484,108236,TRUE1MIN::firstN
m1_first15_vwap,m1_first30_last_return_vs_open,0.005587249453175653,216720,0.00577450472366406,0.005788869690738169,1.4364967074109378e-05,108484,108236,TRUE1MIN::firstN
m1_first15_vwap,m1_first30_low,0.938930649111112,216720,0.9378469793878708,0.940087623056983,0.002240643669112252,108484,108236,TRUE1MIN::firstN
m1_first15_vwap,m1_first30_range,0.010200587906860702,216720,0.010268304874724507,0.010448847478300653,0.0001805426035761462,108484,108236,TRUE1MIN::firstN
m1_first15_vwap,m1_first30_vol,0.06898001857762917,216720,0.06896553125744428,0.06928107965852077,0.0003155484010764903,108484,108236,TRUE1MIN::firstN
m1_first15_vwap,m1_first30_vwap,0.968362701405824,216720,0.9684439314660951,0.9683290327856531,0.00011489868044201046,108484,108236,TRUE1MIN::firstN
m1_first15_vwap,m1_first30_vwap_return_vs_open,0.0030665591003714594,216720,0.003191311777337631,0.0033513566564270163,0.0001600448790893853,108484,108236,TRUE1MIN::firstN
m1_first15_vwap,m1_first5_amount,0.009874993677853014,232015,0.01011748382682406,0.009956776086549806,0.0001607077402742546,116176,115839,TRUE1MIN::firstN
m1_first15_vwap,m1_first5_bars,0.0,232015,0.0,0.0,0.0,116176,115839,TRUE1MIN::firstN
m1_first15_vwap,m1_first5_high,0.9458687197716047,232015,0.9455960038713417,0.9461988507034439,0.0006028468321022107,116176,115839,TRUE1MIN::firstN
m1_first15_vwap,m1_first5_last_close,0.959845864007089,232015,0.9592717983934286,0.9604747919462409,0.0012029935528122815,116176,115839,TRUE1MIN::firstN
m1_first15_vwap,m1_first5_last_return_vs_open,0.01166980910037367,232015,0.011743334450941077,0.011898591851783252,0.00015525740084217435,116176,115839,TRUE1MIN::firstN
m1_first15_vwap,m1_first5_low,0.9403069241398881,232015,0.9394799404369145,0.9411867136590818,0.0017067732221672793,116176,115839,TRUE1MIN::firstN
m1_first15_vwap,m1_first5_range,0.010165691856380733,232015,0.01022233437148139,0.010436724517042428,0.00021439014556103725,116176,115839,TRUE1MIN::firstN
m1_first15_vwap,m1_first5_vol,0.06451355287776582,232015,0.06476599137539452,0.06460854931364829,0.00015744206174622688,116176,115839,TRUE1MIN::firstN
m1_first15_vwap,m1_first5_vwap,0.9591946496863524,232007,0.958375398162334,0.9600765756238955,0.0017011774615615094,116172,115835,TRUE1MIN::firstN
m1_first15_vwap,m1_first5_vwap_return_vs_open,0.003260905158637455,232007,0.0034284491936225872,0.0034601829560461806,3.173376242359338e-05,116172,115835,TRUE1MIN::firstN
m1_first15_vwap_return_vs_open,m1_first30_amount,0.013386313505489696,216720,0.013718656935201528,0.013446718259586626,0.0002719386756149019,108484,108236,TRUE1MIN::firstN
m1_first15_vwap_return_vs_open,m1_first30_bars,0.0,216720,0.0,0.0,0.0,108484,108236,TRUE1MIN::firstN
m1_first15_vwap_return_vs_open,m1_first30_high,0.003374516914779437,216720,0.00342814536624106,0.0036141235906925633,0.00018597822445150323,108484,108236,TRUE1MIN::firstN
m1_first15_vwap_return_vs_open,m1_first30_last_close,0.003228412727577469,216720,0.003298048972327678,0.0034556950597873677,0.00015764608745968967,108484,108236,TRUE1MIN::firstN
m1_first15_vwap_return_vs_open,m1_first30_last_return_vs_open,0.18133413886323657,216720,0.18261178158287625,0.18046003531337393,0.0021517462695023193,108484,108236,TRUE1MIN::firstN
m1_first15_vwap_return_vs_open,m1_first30_low,0.0030184019295884552,216720,0.003075220039438093,0.003240967891721389,0.00016574785228329596,108484,108236,TRUE1MIN::firstN
m1_first15_vwap_return_vs_open,m1_first30_range,0.1142954355466447,216720,0.1151998255703734,0.11374982604719425,0.0014499995231791463,108484,108236,TRUE1MIN::firstN
m1_first15_vwap_return_vs_open,m1_first30_vol,0.0061786437886357385,216720,0.006485287292338905,0.006218705800263962,0.0002665814920749434,108484,108236,TRUE1MIN::firstN
m1_first15_vwap_return_vs_open,m1_first30_vwap,0.0032193804087249102,216720,0.003282085323370825,0.003460345818021619,0.0001782604946507938,108484,108236,TRUE1MIN::firstN
m1_first15_vwap_return_vs_open,m1_first30_vwap_return_vs_open,0.4351840404743342,216720,0.43685692650159774,0.4338605103603349,0.0029964161412628365,108484,108236,TRUE1MIN::firstN
m1_first15_vwap_return_vs_open,m1_first5_amount,0.012390204270211067,232015,0.012788779584501366,0.012291558909385812,0.0004972206751155533,116176,115839,TRUE1MIN::firstN
m1_first15_vwap_return_vs_open,m1_first5_bars,0.0,232015,0.0,0.0,0.0,116176,115839,TRUE1MIN::firstN
m1_first15_vwap_return_vs_open,m1_first5_high,0.0032522219632457002,232015,0.0032997230011482417,0.0034631217370605376,0.00016339873591229587,116176,115839,TRUE1MIN::firstN
m1_first15_vwap_return_vs_open,m1_first5_last_close,0.0031720320680656195,232015,0.0032183006157690376,0.00339978138395847,0.00018148076818943256,116176,115839,TRUE1MIN::firstN
m1_first15_vwap_return_vs_open,m1_first5_last_return_vs_open,0.32044301220176175,232015,0.3213326388778194,0.31987295329108534,0.0014596855867340386,116176,115839,TRUE1MIN::firstN
m1_first15_vwap_return_vs_open,m1_first5_low,0.0030165743851133984,232015,0.0030671386663518943,0.0032214175821823608,0.00015427891583046647,116176,115839,TRUE1MIN::firstN
m1_first15_vwap_return_vs_open,m1_first5_range,0.11163483575501572,232015,0.11288770199250409,0.11072614096907894,0.002161561023425143,116176,115839,TRUE1MIN::firstN
m1_first15_vwap_return_vs_open,m1_first5_vol,0.005848303040975011,232015,0.006093526725427332,0.0059165813068935225,0.00017694541853380957,116176,115839,TRUE1MIN::firstN
m1_first15_vwap_return_vs_open,m1_first5_vwap,0.0031285470341392225,232007,0.0031876875120665695,0.003339813458796312,0.0001521259467297427,116172,115835,TRUE1MIN::firstN
m1_first15_vwap_return_vs_open,m1_first5_vwap_return_vs_open,0.2985209589841502,232007,0.3005796397045107,0.2968305510877473,0.003749088616763374,116172,115835,TRUE1MIN::firstN
m1_first30_amount,m1_first30_bars,0.0,216766,0.0,0.0,0.0,108510,108256,TRUE1MIN::firstN
m1_first30_amount,m1_first30_high,0.012764865598525757,216766,0.012950026047506074,0.012882040920146474,6.798512735959987e-05,108510,108256,TRUE1MIN::firstN
m1_first30_amount,m1_first30_last_close,0.01238528101322606,216766,0.012544142585356802,0.012529735876862076,1.4406708494726223e-05,108510,108256,TRUE1MIN::firstN
m1_first30_amount,m1_first30_last_return_vs_open,0.017867924324565163,216766,0.01844735882621498,0.017680783817294855,0.0007665750089201236,108510,108256,TRUE1MIN::firstN
m1_first30_amount,m1_first30_low,0.011834472076106873,216766,0.012033358955940078,0.011955050327632458,7.830862830762036e-05,108510,108256,TRUE1MIN::firstN
m1_first30_amount,m1_first30_range,0.03288947321652637,216766,0.033130057390797184,0.032993442591010426,0.00013661479978675783,108510,108256,TRUE1MIN::firstN
m1_first30_amount,m1_first30_vol,0.18279583952308082,216766,0.18403386918621295,0.1818945034123173,0.002139365773895646,108510,108256,TRUE1MIN::firstN
m1_first30_amount,m1_first30_vwap,0.012444331333791954,216720,0.01264312432977392,0.0125480546431004,9.506968667351984e-05,108484,108236,TRUE1MIN::firstN
m1_first30_amount,m1_first30_vwap_return_vs_open,0.016528874616875636,216720,0.01689682737491909,0.016477660975822737,0.0004191663990963518,108484,108236,TRUE1MIN::firstN
m1_first30_amount,m1_first5_amount,0.4171245431167898,216766,0.41770181078369767,0.41684479604813673,0.0008570147355609348,108510,108256,TRUE1MIN::firstN
m1_first30_amount,m1_first5_bars,0.0,216766,0.0,0.0,0.0,108510,108256,TRUE1MIN::firstN
m1_first30_amount,m1_first5_high,0.012497251042953711,216766,0.012678353704687314,0.012607247595172092,7.110610951522114e-05,108510,108256,TRUE1MIN::firstN
m1_first30_amount,m1_first5_last_close,0.012292695486730287,216766,0.012515350238592179,0.012377863109289717,0.00013748712930246147,108510,108256,TRUE1MIN::firstN
m1_first30_amount,m1_first5_last_return_vs_open,0.011993288285332982,216766,0.012366666240450243,0.011990006868614917,0.0003766593718353261,108510,108256,TRUE1MIN::firstN
m1_first30_amount,m1_first5_low,0.01193609415779832,216766,0.012128480108774785,0.01204644856617548,8.203154259930553e-05,108510,108256,TRUE1MIN::firstN
m1_first30_amount,m1_first5_range,0.018932083088835414,216766,0.01936027075480067,0.018858740573087084,0.0005015301817135852,108510,108256,TRUE1MIN::firstN
m1_first30_amount,m1_first5_vol,0.1563156841338497,216766,0.15701875272389368,0.15597099893394867,0.0010477537899450107,108510,108256,TRUE1MIN::firstN
m1_first30_amount,m1_first5_vwap,0.012268930936530672,216713,0.012467033181893137,0.012366506069929123,0.00010052711196401401,108480,108233,TRUE1MIN::firstN
m1_first30_amount,m1_first5_vwap_return_vs_open,0.0072780883691334,216713,0.007560866220722737,0.007300151740971338,0.00026071447975139963,108480,108233,TRUE1MIN::firstN
m1_first30_bars,m1_first30_high,0.0,216766,0.0,0.0,0.0,108510,108256,TRUE1MIN::firstN
m1_first30_bars,m1_first30_last_close,0.0,216766,0.0,0.0,0.0,108510,108256,TRUE1MIN::firstN
m1_first30_bars,m1_first30_last_return_vs_open,0.0,216766,0.0,0.0,0.0,108510,108256,TRUE1MIN::firstN
m1_first30_bars,m1_first30_low,0.0,216766,0.0,0.0,0.0,108510,108256,TRUE1MIN::firstN
m1_first30_bars,m1_first30_range,0.0,216766,0.0,0.0,0.0,108510,108256,TRUE1MIN::firstN
m1_first30_bars,m1_first30_vol,1.2655881218539547e-08,216766,0.0,0.0,0.0,108510,108256,TRUE1MIN::firstN
m1_first30_bars,m1_first30_vwap,0.0,216720,0.0,0.0,0.0,108484,108236,TRUE1MIN::firstN
m1_first30_bars,m1_first30_vwap_return_vs_open,0.0,216720,0.0,0.0,0.0,108484,108236,TRUE1MIN::firstN
m1_first30_bars,m1_first5_amount,0.0,216766,1.2655929981081076e-08,0.0,1.2655929981081076e-08,108510,108256,TRUE1MIN::firstN
m1_first30_bars,m1_first5_bars,0.0,216766,0.0,0.0,0.0,108510,108256,TRUE1MIN::firstN
m1_first30_bars,m1_first5_high,0.0,216766,0.0,0.0,0.0,108510,108256,TRUE1MIN::firstN
m1_first30_bars,m1_first5_last_close,0.0,216766,0.0,0.0,0.0,108510,108256,TRUE1MIN::firstN
m1_first30_bars,m1_first5_last_return_vs_open,0.0,216766,0.0,0.0,0.0,108510,108256,TRUE1MIN::firstN
m1_first30_bars,m1_first5_low,0.0,216766,0.0,0.0,0.0,108510,108256,TRUE1MIN::firstN
m1_first30_bars,m1_first5_range,0.0,216766,0.0,0.0,0.0,108510,108256,TRUE1MIN::firstN
m1_first30_bars,m1_first5_vol,0.0,216766,0.0,0.0,0.0,108510,108256,TRUE1MIN::firstN
m1_first30_bars,m1_first5_vwap,0.0,216713,0.0,0.0,0.0,108480,108233,TRUE1MIN::firstN
m1_first30_bars,m1_first5_vwap_return_vs_open,0.0,216713,0.0,0.0,0.0,108480,108233,TRUE1MIN::firstN
m1_first30_high,m1_first30_last_close,0.9223644283117035,216766,0.921493009328483,0.9233027477263273,0.0018097383978442627,108510,108256,TRUE1MIN::firstN
m1_first30_high,m1_first30_last_return_vs_open,0.005859599254611748,216766,0.006032443991605848,0.006074930918556475,4.248692695062693e-05,108510,108256,TRUE1MIN::firstN
m1_first30_high,m1_first30_low,0.9002529763076205,216766,0.9000328346095796,0.9005282896408218,0.0004954550312421535,108510,108256,TRUE1MIN::firstN
m1_first30_high,m1_first30_range,0.01053655338155045,216766,0.010569668791848653,0.010823262009781039,0.00025359321793238555,108510,108256,TRUE1MIN::firstN
m1_first30_high,m1_first30_vol,0.06845978240328973,216766,0.06843342344517385,0.06879426250015085,0.00036083905497699686,108510,108256,TRUE1MIN::firstN
m1_first30_high,m1_first30_vwap,0.9408774576211397,216720,0.9406235849512443,0.9411932490971321,0.0005696641458877716,108484,108236,TRUE1MIN::firstN
m1_first30_high,m1_first30_vwap_return_vs_open,0.0032871206600033707,216720,0.003441350739632653,0.003558410983229569,0.00011706024359691607,108484,108236,TRUE1MIN::firstN
m1_first30_high,m1_first5_amount,0.010144742146040666,216766,0.010351950400660625,0.010296274920642293,5.5675480018332196e-05,108510,108256,TRUE1MIN::firstN
m1_first30_high,m1_first5_bars,0.0,216766,0.0,0.0,0.0,108510,108256,TRUE1MIN::firstN
m1_first30_high,m1_first5_high,0.9396230304839042,216766,0.9395125207752221,0.9397950178961487,0.00028249712092665025,108510,108256,TRUE1MIN::firstN
m1_first30_high,m1_first5_last_close,0.9237828589461478,216766,0.9241769838699894,0.923455912414687,0.0007210714553023134,108510,108256,TRUE1MIN::firstN
m1_first30_high,m1_first5_last_return_vs_open,0.011682321776616208,216766,0.01167678428483034,0.01201186632686575,0.0003350820420354086,108510,108256,TRUE1MIN::firstN
m1_first30_high,m1_first5_low,0.9062570749931521,216766,0.9059402839072769,0.9066109499876517,0.0006706660803748044,108510,108256,TRUE1MIN::firstN
m1_first30_high,m1_first5_range,0.010354435424102791,216766,0.010407498130494327,0.010672152816502333,0.00026465468600800693,108510,108256,TRUE1MIN::firstN
m1_first30_high,m1_first5_vol,0.06414894684007957,216766,0.06433455155321799,0.0643429856254648,8.434072246807367e-06,108510,108256,TRUE1MIN::firstN
m1_first30_high,m1_first5_vwap,0.9287242433534504,216713,0.9285385999303919,0.9289664492936175,0.0004278493632255964,108480,108233,TRUE1MIN::firstN
m1_first30_high,m1_first5_vwap_return_vs_open,0.003420084819061644,216713,0.0035877009592937006,0.0036524562464894097,6.475528719570916e-05,108480,108233,TRUE1MIN::firstN
m1_first30_last_close,m1_first30_last_return_vs_open,0.005662317220716983,216766,0.005835083052509804,0.005875865573727833,4.078252121802843e-05,108510,108256,TRUE1MIN::firstN
m1_first30_last_close,m1_first30_low,0.9179901836864636,216766,0.9169929738426178,0.9190420983034041,0.0020491244607863113,108510,108256,TRUE1MIN::firstN
m1_first30_last_close,m1_first30_range,0.010190396203077108,216766,0.010250306299714839,0.010430787056119127,0.0001804807564042884,108510,108256,TRUE1MIN::firstN
m1_first30_last_close,m1_first30_vol,0.0690041249075923,216766,0.06891993005357062,0.06936980988775532,0.0004498798341846938,108510,108256,TRUE1MIN::firstN
m1_first30_last_close,m1_first30_vwap,0.9453462382144655,216720,0.944842522092373,0.9458913337567278,0.0010488116643548873,108484,108236,TRUE1MIN::firstN
m1_first30_last_close,m1_first30_vwap_return_vs_open,0.003124446274043813,216720,0.0032834483131252597,0.0033855512267261805,0.00010210291360092079,108484,108236,TRUE1MIN::firstN
m1_first30_last_close,m1_first5_amount,0.009849971696975655,216766,0.010042357165057731,0.01003850335585128,3.853809206451689e-06,108510,108256,TRUE1MIN::firstN
m1_first30_last_close,m1_first5_bars,0.0,216766,0.0,0.0,0.0,108510,108256,TRUE1MIN::firstN
m1_first30_last_close,m1_first5_high,0.9086615348652999,216766,0.9074558057503785,0.9099291195448155,0.0024733137944369377,108510,108256,TRUE1MIN::firstN
m1_first30_last_close,m1_first5_last_close,0.9176035168448684,216766,0.9164986098958728,0.918750861872536,0.002252251976663122,108510,108256,TRUE1MIN::firstN
m1_first30_last_close,m1_first5_last_return_vs_open,0.011678840587841749,216766,0.011718645163735043,0.011965480884508764,0.000246835720773721,108510,108256,TRUE1MIN::firstN
m1_first30_last_close,m1_first5_low,0.9040510361556956,216766,0.9027603165464242,0.9053900926094658,0.0026297760630416,108510,108256,TRUE1MIN::firstN
m1_first30_last_close,m1_first5_range,0.010122806996592477,216766,0.010176715620521616,0.010410147149580738,0.00023343152905912212,108510,108256,TRUE1MIN::firstN
m1_first30_last_close,m1_first5_vol,0.06469692547135122,216766,0.06486886841722767,0.06490359125395011,3.472283672244225e-05,108510,108256,TRUE1MIN::firstN
m1_first30_last_close,m1_first5_vwap,0.9127039858350798,216713,0.9110064390000874,0.9144603851223656,0.0034539461222782286,108480,108233,TRUE1MIN::firstN
m1_first30_last_close,m1_first5_vwap_return_vs_open,0.003286696074436026,216713,0.0034195652600504263,0.0035263684130723513,0.00010680315302192493,108480,108233,TRUE1MIN::firstN
m1_first30_last_return_vs_open,m1_first30_low,0.005380756449618083,216766,0.005587707676354944,0.00556418290291321,2.3524773441733864e-05,108510,108256,TRUE1MIN::firstN
m1_first30_last_return_vs_open,m1_first30_range,0.1450734038726585,216766,0.1462543802229954,0.14421886463853056,0.0020355155844648254,108510,108256,TRUE1MIN::firstN
m1_first30_last_return_vs_open,m1_first30_vol,0.009375636061377859,216766,0.009824283128437692,0.009265000315190652,0.0005592828132470404,108510,108256,TRUE1MIN::firstN
m1_first30_last_return_vs_open,m1_first30_vwap,0.005622125130314237,216720,0.0058139903125378565,0.005816938370891602,2.94805835374546e-06,108484,108236,TRUE1MIN::firstN
m1_first30_last_return_vs_open,m1_first30_vwap_return_vs_open,0.31184010800773443,216720,0.3136548342459433,0.3104366244733161,0.003218209772627212,108484,108236,TRUE1MIN::firstN
m1_first30_last_return_vs_open,m1_first5_amount,0.011689693752671315,216766,0.012265673894066766,0.011485067845917352,0.0007806060481494147,108510,108256,TRUE1MIN::firstN
m1_first30_last_return_vs_open,m1_first5_bars,0.0,216766,0.0,0.0,0.0,108510,108256,TRUE1MIN::firstN
m1_first30_last_return_vs_open,m1_first5_high,0.005648345904998331,216766,0.00583282375223807,0.00586258991114365,2.976615890558018e-05,108510,108256,TRUE1MIN::firstN
m1_first30_last_return_vs_open,m1_first5_last_close,0.005540579390399317,216766,0.005708913218295567,0.005750676869993259,4.1763651697692555e-05,108510,108256,TRUE1MIN::firstN
m1_first30_last_return_vs_open,m1_first5_last_return_vs_open,0.12026261969304819,216766,0.12138957587843759,0.11953148079979846,0.001858095078639127,108510,108256,TRUE1MIN::firstN
m1_first30_last_return_vs_open,m1_first5_low,0.005471313495088721,216766,0.0056750449911207685,0.005653846118208276,2.119887291249234e-05,108510,108256,TRUE1MIN::firstN
m1_first30_last_return_vs_open,m1_first5_range,0.05493980242809125,216766,0.05608557369669365,0.054193119533067075,0.0018924541636265724,108510,108256,TRUE1MIN::firstN
m1_first30_last_return_vs_open,m1_first5_vol,0.006191388737140123,216766,0.006580725358455407,0.00612821996799493,0.00045250539046047707,108510,108256,TRUE1MIN::firstN
m1_first30_last_return_vs_open,m1_first5_vwap,0.005566987475967873,216713,0.005753700324625883,0.005782394828541607,2.86945039157235e-05,108480,108233,TRUE1MIN::firstN
m1_first30_last_return_vs_open,m1_first5_vwap_return_vs_open,0.09621144700697741,216713,0.09778170296876917,0.09506179062022467,0.0027199123485445037,108480,108233,TRUE1MIN::firstN
m1_first30_low,m1_first30_range,0.00978472444551015,216766,0.009872779414696995,0.010009935408677877,0.0001371559939808819,108510,108256,TRUE1MIN::firstN
m1_first30_low,m1_first30_vol,0.06948975363850415,216766,0.06948155270856869,0.06979504940071686,0.00031349669214816855,108510,108256,TRUE1MIN::firstN
m1_first30_low,m1_first30_vwap,0.9360612474720186,216720,0.93547392874935,0.9366919742058177,0.0012180454564677534,108484,108236,TRUE1MIN::firstN
m1_first30_low,m1_first30_vwap_return_vs_open,0.002836310096216365,216720,0.0029965885554250667,0.003086270873038791,8.968231761372417e-05,108484,108236,TRUE1MIN::firstN
m1_first30_low,m1_first5_amount,0.009472670763330221,216766,0.009708585588654195,0.009600681943489415,0.00010790364516478045,108510,108256,TRUE1MIN::firstN
m1_first30_low,m1_first5_bars,0.0,216766,0.0,0.0,0.0,108510,108256,TRUE1MIN::firstN
m1_first30_low,m1_first5_high,0.9156841945280428,216766,0.9159023637053785,0.9155337963382281,0.0003685673671504075,108510,108256,TRUE1MIN::firstN
m1_first30_low,m1_first5_last_close,0.9341680549377894,216766,0.9331787106132019,0.9352108275740262,0.0020321169608242817,108510,108256,TRUE1MIN::firstN
m1_first30_low,m1_first5_last_return_vs_open,0.01165004374274406,216766,0.011701476132012948,0.011906080164688049,0.00020460403267510106,108510,108256,TRUE1MIN::firstN
m1_first30_low,m1_first5_low,0.9539778283794206,216766,0.9531217700071072,0.954887176157931,0.0017654061508237673,108510,108256,TRUE1MIN::firstN
m1_first30_low,m1_first5_range,0.009927156831281578,216766,0.010008434902014168,0.010182062885182981,0.00017362798316881284,108510,108256,TRUE1MIN::firstN
m1_first30_low,m1_first5_vol,0.06512359046209722,216766,0.0653410600969196,0.06527733906119196,6.372103572764576e-05,108510,108256,TRUE1MIN::firstN
m1_first30_low,m1_first5_vwap,0.9362948514314376,216713,0.9360086324338213,0.9366419758733362,0.0006333434395149329,108480,108233,TRUE1MIN::firstN
m1_first30_low,m1_first5_vwap_return_vs_open,0.0031340067979523253,216713,0.0032693987653539267,0.0033745191565014874,0.00010512039114756073,108480,108233,TRUE1MIN::firstN
m1_first30_range,m1_first30_vol,0.01675020537983875,216766,0.017182039317271067,0.016769380749836492,0.0004126585674345748,108510,108256,TRUE1MIN::firstN
m1_first30_range,m1_first30_vwap,0.010206306554893184,216720,0.01028051617515139,0.010460391645370423,0.00017987547021903333,108484,108236,TRUE1MIN::firstN
m1_first30_range,m1_first30_vwap_return_vs_open,0.1465791408517114,216720,0.148106867752758,0.14538650293111266,0.002720364821645338,108484,108236,TRUE1MIN::firstN
m1_first30_range,m1_first5_amount,0.02763835059677925,216766,0.027869733137508942,0.02779584819135503,7.388494615391192e-05,108510,108256,TRUE1MIN::firstN
m1_first30_range,m1_first5_bars,0.0,216766,0.0,0.0,0.0,108510,108256,TRUE1MIN::firstN
m1_first30_range,m1_first5_high,0.010353889139463909,216766,0.010420698592851102,0.010598512621992212,0.00017781402914110976,108510,108256,TRUE1MIN::firstN
m1_first30_range,m1_first5_last_close,0.010136151935550513,216766,0.010187266837286437,0.010401390186162823,0.0002141233488763862,108510,108256,TRUE1MIN::firstN
m1_first30_range,m1_first5_last_return_vs_open,0.08785680368055968,216766,0.08843785750876275,0.08756161179303584,0.000876245715726906,108510,108256,TRUE1MIN::firstN
m1_first30_range,m1_first5_low,0.009912311345472772,216766,0.00998903053381795,0.010152653052017084,0.00016362251819913506,108510,108256,TRUE1MIN::firstN
m1_first30_range,m1_first5_range,0.21850889190082104,216766,0.21912233247588375,0.21822206485855156,0.0009002676173321955,108510,108256,TRUE1MIN::firstN
m1_first30_range,m1_first5_vol,0.013667412341141523,216766,0.014057835317324598,0.013643274608930502,0.00041456070839409644,108510,108256,TRUE1MIN::firstN
m1_first30_range,m1_first5_vwap,0.010192855843393057,216713,0.010264623114925759,0.010441766433948178,0.000177143319022419,108480,108233,TRUE1MIN::firstN
m1_first30_range,m1_first5_vwap_return_vs_open,0.0716109866853425,216713,0.07242261680182766,0.07114801721765023,0.00127459958417743,108480,108233,TRUE1MIN::firstN
m1_first30_vol,m1_first30_vwap,0.06896586366988551,216720,0.06894054263894613,0.0692931976983582,0.00035265505941207975,108484,108236,TRUE1MIN::firstN
m1_first30_vol,m1_first30_vwap_return_vs_open,0.007769866312172804,216720,0.008054358787183111,0.00788295526131438,0.00017140352586873103,108484,108236,TRUE1MIN::firstN
m1_first30_vol,m1_first5_amount,0.1627018960323905,216766,0.16376833921711959,0.16196778221173028,0.0018005570053893083,108510,108256,TRUE1MIN::firstN
m1_first30_vol,m1_first5_bars,1.2655881218539547e-08,216766,0.0,0.0,0.0,108510,108256,TRUE1MIN::firstN
m1_first30_vol,m1_first5_high,0.06879789733150386,216766,0.06876121936482774,0.06912611376692605,0.00036489440209831747,108510,108256,TRUE1MIN::firstN
m1_first30_vol,m1_first5_last_close,0.06898056629023698,216766,0.06898740187393133,0.06928028676318539,0.00029288488925405254,108510,108256,TRUE1MIN::firstN
m1_first30_vol,m1_first5_last_return_vs_open,0.006431083615404543,216766,0.006662079529748629,0.006552811173068847,0.0001092683566797821,108510,108256,TRUE1MIN::firstN
m1_first30_vol,m1_first5_low,0.06923459827914322,216766,0.06921210996131269,0.06955394774242908,0.0003418377811163914,108510,108256,TRUE1MIN::firstN
m1_first30_vol,m1_first5_range,0.009740605786090182,216766,0.01010402031729624,0.009757560865063155,0.00034645945223308466,108510,108256,TRUE1MIN::firstN
m1_first30_vol,m1_first5_vol,0.4686704267718231,216766,0.468495822680355,0.46910609820484445,0.0006102755244894453,108510,108256,TRUE1MIN::firstN
m1_first30_vol,m1_first5_vwap,0.06894041539841768,216713,0.06891960963736876,0.06925813873517567,0.00033852909780690554,108480,108233,TRUE1MIN::firstN
m1_first30_vol,m1_first5_vwap_return_vs_open,0.0032373588209832255,216713,0.0033540755456520177,0.003453528094020771,9.945254836875349e-05,108480,108233,TRUE1MIN::firstN
m1_first30_vwap,m1_first30_vwap_return_vs_open,0.00308908488838301,216720,0.0032319818861340356,0.003371714920733125,0.0001397330345990896,108484,108236,TRUE1MIN::firstN
m1_first30_vwap,m1_first5_amount,0.00990160488772323,216720,0.01011002107729413,0.010048947764415476,6.107331287865357e-05,108484,108236,TRUE1MIN::firstN
m1_first30_vwap,m1_first5_bars,0.0,216720,0.0,0.0,0.0,108484,108236,TRUE1MIN::firstN
m1_first30_vwap,m1_first5_high,0.9341256343870387,216720,0.933340913001228,0.9349810174451134,0.001640104443885404,108484,108236,TRUE1MIN::firstN
m1_first30_vwap,m1_first5_last_close,0.9466729196679851,216720,0.9465097273478315,0.9468790412150404,0.00036931386720895354,108484,108236,TRUE1MIN::firstN
m1_first30_vwap,m1_first5_last_return_vs_open,0.011715276263090746,216720,0.011734920371931332,0.012013393426718906,0.00027847305478757335,108484,108236,TRUE1MIN::firstN
m1_first30_vwap,m1_first5_low,0.9281710745800275,216720,0.9272927478390889,0.9290914633086333,0.0017987154695444652,108484,108236,TRUE1MIN::firstN
m1_first30_vwap,m1_first5_range,0.010176954936874524,216720,0.010227140722936191,0.010485718556006137,0.0002585778330699458,108484,108236,TRUE1MIN::firstN
m1_first30_vwap,m1_first5_vol,0.06466450085266522,216720,0.0648403924278978,0.06486381359953658,2.3421171638782212e-05,108484,108236,TRUE1MIN::firstN
m1_first30_vwap,m1_first5_vwap,0.9422752571617883,216713,0.9414286577545558,0.9431679566997443,0.0017392989451885388,108480,108233,TRUE1MIN::firstN
m1_first30_vwap,m1_first5_vwap_return_vs_open,0.0032880982534649666,216713,0.00342517793266604,0.003533162341735657,0.00010798440906961693,108480,108233,TRUE1MIN::firstN
m1_first30_vwap_return_vs_open,m1_first5_amount,0.011496204089478776,216720,0.011850993999310075,0.011477147274048043,0.0003738467252620316,108484,108236,TRUE1MIN::firstN
m1_first30_vwap_return_vs_open,m1_first5_bars,0.0,216720,0.0,0.0,0.0,108484,108236,TRUE1MIN::firstN
m1_first30_vwap_return_vs_open,m1_first5_high,0.0031424840650220442,216720,0.0032740499489204026,0.0034270222227780526,0.00015297227385765002,108484,108236,TRUE1MIN::firstN
m1_first30_vwap_return_vs_open,m1_first5_last_close,0.003057579719318273,216720,0.0031913033040429036,0.0033363544473093754,0.0001450511432664718,108484,108236,TRUE1MIN::firstN
m1_first30_vwap_return_vs_open,m1_first5_last_return_vs_open,0.2295339383746665,216720,0.23083217223183336,0.22860862255274625,0.002223549679087111,108484,108236,TRUE1MIN::firstN
m1_first30_vwap_return_vs_open,m1_first5_low,0.0028821449916452764,216720,0.0030268082669612385,0.0031668783109990994,0.00014007004403786098,108484,108236,TRUE1MIN::firstN
m1_first30_vwap_return_vs_open,m1_first5_range,0.08452937063271239,216720,0.08601780716170092,0.08346407263696606,0.0025537345247348547,108484,108236,TRUE1MIN::firstN
m1_first30_vwap_return_vs_open,m1_first5_vol,0.005319854868437439,216720,0.005611014812146095,0.0054052441846418504,0.00020577062750424483,108484,108236,TRUE1MIN::firstN
m1_first30_vwap_return_vs_open,m1_first5_vwap,0.0030078105998284383,216713,0.00314415231964617,0.003315688755670776,0.0001715364360246061,108480,108233,TRUE1MIN::firstN
m1_first30_vwap_return_vs_open,m1_first5_vwap_return_vs_open,0.19908421412121127,216713,0.2011095877474817,0.19743559302972852,0.003673994717753176,108480,108233,TRUE1MIN::firstN
m1_first5_amount,m1_first5_bars,0.0,242509,0.0,0.0,0.0,121465,121044,TRUE1MIN::firstN
m1_first5_amount,m1_first5_high,0.010058169913671445,242509,0.010188231116905077,0.01023429542839324,4.606431148816356e-05,121465,121044,TRUE1MIN::firstN
m1_first5_amount,m1_first5_last_close,0.009874273987457983,242509,0.010049121875221478,0.010005004080251779,4.411779496969921e-05,121465,121044,TRUE1MIN::firstN
m1_first5_amount,m1_first5_last_return_vs_open,0.016220732401935722,242509,0.016511926428441886,0.01626322053212819,0.00024870589631369525,121465,121044,TRUE1MIN::firstN
m1_first5_amount,m1_first5_low,0.009610091073493714,242509,0.009781519857023161,0.009752013685652455,2.9506171370706144e-05,121465,121044,TRUE1MIN::firstN
m1_first5_amount,m1_first5_range,0.02804313240840668,242509,0.028406759209377946,0.027970063554523163,0.00043669565485478234,121465,121044,TRUE1MIN::firstN
m1_first5_amount,m1_first5_vol,0.19854513328204065,242509,0.19977820450269176,0.19762251789677063,0.0021556866059211366,121465,121044,TRUE1MIN::firstN
m1_first5_amount,m1_first5_vwap,0.009861632197997013,242448,0.010014093776255206,0.010019935894563937,5.8421183087315615e-06,121432,121016,TRUE1MIN::firstN
m1_first5_amount,m1_first5_vwap_return_vs_open,0.010838505304360481,242448,0.011034515326114798,0.01097010714264982,6.440818346497776e-05,121432,121016,TRUE1MIN::firstN
m1_first5_bars,m1_first5_high,0.0,242509,0.0,0.0,0.0,121465,121044,TRUE1MIN::firstN
m1_first5_bars,m1_first5_last_close,0.0,242509,0.0,0.0,0.0,121465,121044,TRUE1MIN::firstN
m1_first5_bars,m1_first5_last_return_vs_open,0.0,242509,0.0,0.0,0.0,121465,121044,TRUE1MIN::firstN
m1_first5_bars,m1_first5_low,0.0,242509,0.0,0.0,0.0,121465,121044,TRUE1MIN::firstN
m1_first5_bars,m1_first5_range,0.0,242509,0.0,0.0,0.0,121465,121044,TRUE1MIN::firstN
m1_first5_bars,m1_first5_vol,0.0,242509,0.0,0.0,0.0,121465,121044,TRUE1MIN::firstN
m1_first5_bars,m1_first5_vwap,0.0,242448,0.0,0.0,0.0,121432,121016,TRUE1MIN::firstN
m1_first5_bars,m1_first5_vwap_return_vs_open,0.0,242448,0.0,0.0,0.0,121432,121016,TRUE1MIN::firstN
m1_first5_high,m1_first5_last_close,0.9425662115452544,242509,0.9426950556224959,0.9424891538845886,0.00020590173790724364,121465,121044,TRUE1MIN::firstN
m1_first5_high,m1_first5_last_return_vs_open,0.01169588422492627,242509,0.011719012132850364,0.011959048493415328,0.00024003636056496407,121465,121044,TRUE1MIN::firstN
m1_first5_high,m1_first5_low,0.9295415769558929,242509,0.9295990298344018,0.9295385095541198,6.052028028202816e-05,121465,121044,TRUE1MIN::firstN
m1_first5_high,m1_first5_range,0.010325303055274335,242509,0.010371044626585014,0.01059148736901886,0.00022044274243384655,121465,121044,TRUE1MIN::firstN
m1_first5_high,m1_first5_vol,0.06416194406503195,242509,0.0644022345024434,0.06427414814168443,0.00012808636075896385,121465,121044,TRUE1MIN::firstN
m1_first5_high,m1_first5_vwap,0.9593089371397366,242448,0.9593873028564013,0.9592925372381922,9.476561820909168e-05,121432,121016,TRUE1MIN::firstN
m1_first5_high,m1_first5_vwap_return_vs_open,0.003357145585400492,242448,0.003497303802606225,0.0035585818212692005,6.127801866297536e-05,121432,121016,TRUE1MIN::firstN
m1_first5_last_close,m1_first5_last_return_vs_open,0.011694362507841114,242509,0.011750401718373818,0.011930940534260373,0.00018053881588655542,121465,121044,TRUE1MIN::firstN
m1_first5_last_close,m1_first5_low,0.9411963849662246,242509,0.940274224624903,0.9421677044707668,0.0018934798458638546,121465,121044,TRUE1MIN::firstN
m1_first5_last_close,m1_first5_range,0.010154452939712335,242509,0.010181195528660817,0.010436427049606053,0.00025523152094523646,121465,121044,TRUE1MIN::firstN
m1_first5_last_close,m1_first5_vol,0.06448594751683047,242509,0.06474499327880681,0.06455423160290716,0.00019076167589965332,121465,121044,TRUE1MIN::firstN
m1_first5_last_close,m1_first5_vwap,0.9566810517405467,242448,0.956232521985042,0.9571756482400942,0.0009431262550521069,121432,121016,TRUE1MIN::firstN
m1_first5_last_close,m1_first5_vwap_return_vs_open,0.003275280068359132,242448,0.0034072323157721724,0.003495170907377619,8.793859160544657e-05,121432,121016,TRUE1MIN::firstN
m1_first5_last_return_vs_open,m1_first5_low,0.01162406547089296,242509,0.011709159672044419,0.011823643058925777,0.00011448338688135884,121465,121044,TRUE1MIN::firstN
m1_first5_last_return_vs_open,m1_first5_range,0.15871895176243306,242509,0.1595132921230945,0.15817848102564439,0.0013348110974501226,121465,121044,TRUE1MIN::firstN
m1_first5_last_return_vs_open,m1_first5_vol,0.008863097153213295,242509,0.00913246871493666,0.008888290250892474,0.00024417846404418617,121465,121044,TRUE1MIN::firstN
m1_first5_last_return_vs_open,m1_first5_vwap,0.011645597915279639,242448,0.011699944008297958,0.01188851779906647,0.00018857379076851234,121432,121016,TRUE1MIN::firstN
m1_first5_last_return_vs_open,m1_first5_vwap_return_vs_open,0.3042127825985664,242448,0.3054352470195786,0.3032828610513661,0.002152385968212489,121432,121016,TRUE1MIN::firstN
m1_first5_low,m1_first5_range,0.010013356258288813,242509,0.010085797016953725,0.01027053351367659,0.0001847364967228638,121465,121044,TRUE1MIN::firstN
m1_first5_low,m1_first5_vol,0.06482505984090123,242509,0.06509849157454226,0.06488721274848222,0.00021127882606003512,121465,121044,TRUE1MIN::firstN
m1_first5_low,m1_first5_vwap,0.9545209737354435,242448,0.9542786138693286,0.954802301879466,0.0005236880101374686,121432,121016,TRUE1MIN::firstN
m1_first5_low,m1_first5_vwap_return_vs_open,0.0031318200111857663,242448,0.0032604985909455396,0.003354342127304858,9.384353635931821e-05,121432,121016,TRUE1MIN::firstN
m1_first5_range,m1_first5_vol,0.013940655599189514,242509,0.014267262186068717,0.013926739140126265,0.0003405230459424518,121465,121044,TRUE1MIN::firstN
m1_first5_range,m1_first5_vwap,0.010186480625811841,242448,0.01021757787970055,0.010473932017365583,0.00025635413766503246,121432,121016,TRUE1MIN::firstN
m1_first5_range,m1_first5_vwap_return_vs_open,0.14773788621906872,242448,0.14878676151241707,0.14697513990392963,0.0018116216084874404,121432,121016,TRUE1MIN::firstN
m1_first5_vol,m1_first5_vwap,0.0644173782861294,242448,0.06468607303936522,0.06449484077755636,0.0001912322618088519,121432,121016,TRUE1MIN::firstN
m1_first5_vol,m1_first5_vwap_return_vs_open,0.005100193334291263,242448,0.005355123349735273,0.005201474360503248,0.00015364898923202457,121432,121016,TRUE1MIN::firstN
m1_first5_vwap,m1_first5_vwap_return_vs_open,0.0032390421425869944,242448,0.003372691032990167,0.003459861744368121,8.717071137795364e-05,121432,121016,TRUE1MIN::firstN
state_bar_return_sign,state_close_range_location_sign,0.0,246565,0.0,0.0,0.0,123492,123073,TRUE1MIN::intraday_derived_state
state_bar_return_sign,state_intraday_return_sign,0.0,246565,0.0,0.0,0.0,123492,123073,TRUE1MIN::intraday_derived_state
state_close_range_location_sign,state_intraday_return_sign,0.0,246569,0.0,0.0,0.0,123493,123076,TRUE1MIN::intraday_derived_state
ctx_billboard_accum_amount,ctx_billboard_billboard_buy_amt,0.333099227372591,2700,0.3382695228637193,0.3423779329040502,0.004108410040330912,1321,1379,TRUE1MIN::lagged_daily_context
ctx_billboard_accum_amount,ctx_billboard_billboard_deal_amt,0.39793854790956157,2700,0.40533282325560727,0.40595706524932756,0.0006242419937202981,1321,1379,TRUE1MIN::lagged_daily_context
ctx_billboard_accum_amount,ctx_billboard_billboard_net_amt,0.13309099625043155,2700,0.14799527964343587,0.14932404285336667,0.0013287632099308055,1321,1379,TRUE1MIN::lagged_daily_context
ctx_billboard_accum_amount,ctx_billboard_billboard_sell_amt,0.3727027751385707,2694,0.38880089537314255,0.3745318683670433,0.014269027006099277,1318,1376,TRUE1MIN::lagged_daily_context
ctx_billboard_accum_amount,ctx_billboard_buy_ratio,0.06751129092984551,2700,0.08227965406434674,0.0819634634216224,0.00031619064272433994,1321,1379,TRUE1MIN::lagged_daily_context
ctx_billboard_accum_amount,ctx_billboard_deal_amount_ratio,0.0820770751244332,2700,0.09279631531287565,0.10217693554508127,0.009380620232205622,1321,1379,TRUE1MIN::lagged_daily_context
ctx_billboard_accum_amount,ctx_billboard_deal_net_ratio,0.06432789477269399,2700,0.08277932910340408,0.08053007681910083,0.002249252284303241,1321,1379,TRUE1MIN::lagged_daily_context
ctx_billboard_accum_amount,ctx_billboard_net_bs_amt,0.13357501633199936,2694,0.14642174121022836,0.15075674403733652,0.004335002827108164,1318,1376,TRUE1MIN::lagged_daily_context
ctx_billboard_accum_amount,ctx_billboard_sell_ratio,0.07711437110945749,2694,0.08623942764026174,0.10092799120359801,0.014688563563336268,1318,1376,TRUE1MIN::lagged_daily_context
ctx_billboard_accum_amount,ctx_billboard_sum_buy_amt,0.33321777323002455,2700,0.3385540878271854,0.34234913708524856,0.0037950492580631767,1321,1379,TRUE1MIN::lagged_daily_context
ctx_billboard_accum_amount,ctx_billboard_sum_sell_amt,0.3727027751385707,2694,0.38880089537314255,0.3745318683670433,0.014269027006099277,1318,1376,TRUE1MIN::lagged_daily_context
ctx_billboard_accum_amount,ctx_billboard_turnoverrate,0.12012774876342917,2700,0.13448504153330565,0.13617257737936164,0.001687535846055993,1321,1379,TRUE1MIN::lagged_daily_context
ctx_billboard_accum_amount,ctx_hfq_float_market_cap_yuan,0.15980985317214674,2700,0.16824673233970291,0.17502963168469174,0.006782899344988824,1321,1379,TRUE1MIN::lagged_daily_context
ctx_billboard_accum_amount,ctx_hfq_is_st,0.0,0,0.0,0.0,0.0,0,0,TRUE1MIN::lagged_daily_context
ctx_billboard_accum_amount,ctx_hfq_market_cap_yuan,0.1666011248409604,2700,0.17339844102947546,0.18545281042665843,0.012054369397182962,1321,1379,TRUE1MIN::lagged_daily_context
ctx_billboard_accum_amount,ctx_hfq_pb,0.05808010239198438,2700,0.07344031616198905,0.08178568368170332,0.008345367519714264,1321,1379,TRUE1MIN::lagged_daily_context
ctx_billboard_accum_amount,ctx_hfq_pe_ttm,0.06660875307938459,2700,0.08303369287556976,0.08343443798530711,0.0004007451097373521,1321,1379,TRUE1MIN::lagged_daily_context
ctx_billboard_accum_amount,ctx_hfq_prev_is_limit_up,0.0,0,0.0,0.0,0.0,0,0,TRUE1MIN::lagged_daily_context
ctx_billboard_accum_amount,ctx_hfq_ps_ttm,0.05662771517278806,2700,0.07208608532939279,0.0774298876978821,0.005343802368489317,1321,1379,TRUE1MIN::lagged_daily_context
ctx_billboard_accum_amount,ctx_hfq_turnover_ratio,0.11498391142622841,2700,0.13444013745428085,0.121370420506163,0.013069716948117857,1321,1379,TRUE1MIN::lagged_daily_context
ctx_billboard_accum_amount,ctx_hfq_volume_ratio,0.07217642638977319,2695,0.09461256293586348,0.08095457117868425,0.01365799175717923,1319,1376,TRUE1MIN::lagged_daily_context
ctx_billboard_accum_amount,ctx_holder_avg_hold_num,0.5320798271818289,120,0.6023490789658504,0.5944085684575224,0.007940510508328003,56,64,TRUE1MIN::lagged_daily_context
ctx_billboard_accum_amount,ctx_holder_avg_market_cap,0.48573583055699554,120,0.568235356847376,0.5379264014775896,0.030308955369786394,56,64,TRUE1MIN::lagged_daily_context
ctx_billboard_accum_amount,ctx_holder_holder_num,0.5698627891165093,120,0.6472088478389876,0.6090465879424479,0.03816225989653965,56,64,TRUE1MIN::lagged_daily_context
ctx_billboard_accum_amount,ctx_holder_holder_num_change,0.4848834384178658,120,0.6118903625171579,0.4931577980516462,0.11873256446551167,56,64,TRUE1MIN::lagged_daily_context
ctx_billboard_accum_amount,ctx_holder_holder_num_ratio,0.4799162766358322,120,0.5676148885776189,0.5385097016386362,0.029105186938982675,56,64,TRUE1MIN::lagged_daily_context
ctx_billboard_accum_amount,ctx_rzrq_rqye,0.09539720410433211,2120,0.10934755360771833,0.11681217479615695,0.0074646211884386166,1021,1099,TRUE1MIN::lagged_daily_context
ctx_billboard_accum_amount,ctx_rzrq_rqyl,0.09801692139433435,2120,0.11102085123232024,0.11699927067149876,0.005978419439178526,1021,1099,TRUE1MIN::lagged_daily_context
ctx_billboard_accum_amount,ctx_rzrq_rzche,0.2678702193010379,2120,0.28019146053319266,0.2760441608019655,0.004147299731227183,1021,1099,TRUE1MIN::lagged_daily_context
ctx_billboard_accum_amount,ctx_rzrq_rzjme,0.1330940886507691,2120,0.14890977055130442,0.14676231051467495,0.002147460036629467,1021,1099,TRUE1MIN::lagged_daily_context
ctx_billboard_accum_amount,ctx_rzrq_rzmre,0.29576205114211884,2120,0.3064574965620048,0.3106798968769807,0.004222400314975894,1021,1099,TRUE1MIN::lagged_daily_context
ctx_billboard_accum_amount,ctx_rzrq_rzrqye,0.18908624192230186,2120,0.20768625970818289,0.2013783511798293,0.006307908528353584,1021,1099,TRUE1MIN::lagged_daily_context
ctx_billboard_accum_amount,ctx_rzrq_rzye,0.19002705626444086,2120,0.2050885168937549,0.20504706002916284,4.145686459205988e-05,1021,1099,TRUE1MIN::lagged_daily_context
ctx_billboard_accum_amount,ctx_rzrq_rzyezb,0.08247050389459087,2120,0.10685699020914761,0.09924120222606203,0.007615787983085584,1021,1099,TRUE1MIN::lagged_daily_context
ctx_billboard_accum_amount,ctx_sent_damian_num,0.013853848477344999,2700,0.016433534949624524,0.018030274485716365,0.0015967395360918409,1321,1379,TRUE1MIN::lagged_daily_context
ctx_billboard_accum_amount,ctx_sent_ditian_num,0.007486956651086046,2700,0.008820665394957669,0.01127328945601778,0.0024526240610601106,1321,1379,TRUE1MIN::lagged_daily_context
ctx_billboard_accum_amount,ctx_sent_down_num,0.04568275724951275,2700,0.056491200309153236,0.064207219316766,0.007716019007612762,1321,1379,TRUE1MIN::lagged_daily_context
ctx_billboard_accum_amount,ctx_sent_downlimit_num,0.04386657204567683,2700,0.04969600314608287,0.06344588941431785,0.013749886268234979,1321,1379,TRUE1MIN::lagged_daily_context
ctx_billboard_accum_amount,ctx_sent_gt5_num,0.06091796294700563,2700,0.07814072672251701,0.07499363088950878,0.0031470958330082344,1321,1379,TRUE1MIN::lagged_daily_context
ctx_billboard_accum_amount,ctx_sent_lb_2_num,0.04655434623644352,2700,0.05868692629292324,0.060503025750961906,0.0018160994580386641,1321,1379,TRUE1MIN::lagged_daily_context
ctx_billboard_accum_amount,ctx_sent_lb_3_num,0.038146640191051934,2700,0.046264221412402495,0.04564799329828552,0.0006162281141169762,1321,1379,TRUE1MIN::lagged_daily_context
ctx_billboard_accum_amount,ctx_sent_lb_h_num,0.03506378202996991,2700,0.042084065871579444,0.04359897922094607,0.0015149133493666256,1321,1379,TRUE1MIN::lagged_daily_context
ctx_billboard_accum_amount,ctx_sent_lt5_num,0.04850740815454459,2700,0.06151665436814107,0.0651651370146858,0.003648482646544736,1321,1379,TRUE1MIN::lagged_daily_context
ctx_billboard_accum_amount,ctx_sent_max_lb_num,0.02956272217221638,2700,0.03662220083369263,0.03917531427223183,0.0025531134385392007,1321,1379,TRUE1MIN::lagged_daily_context
ctx_billboard_accum_amount,ctx_sent_mian_num,0.027277627735330247,2700,0.03793223750399006,0.03597025257971964,0.001961984924270417,1321,1379,TRUE1MIN::lagged_daily_context
ctx_billboard_accum_amount,ctx_sent_tiandi_num,0.0,2700,0.0,0.0,0.0,1321,1379,TRUE1MIN::lagged_daily_context
ctx_billboard_accum_amount,ctx_sent_up_num,0.04536789675682165,2700,0.05630596286278754,0.06456698733237906,0.008261024469591524,1321,1379,TRUE1MIN::lagged_daily_context
ctx_billboard_accum_amount,ctx_sent_uplimit_num,0.05380719180869283,2700,0.06537448617727369,0.07406580266401967,0.008691316486745981,1321,1379,TRUE1MIN::lagged_daily_context
ctx_billboard_accum_amount,ctx_sent_zb_num,0.053717863942287614,2700,0.06936653323979143,0.07112520911865938,0.0017586758788679518,1321,1379,TRUE1MIN::lagged_daily_context
ctx_billboard_accum_amount,ctx_ths_hot_circulation_value,0.26740108709960164,307,0.3384755687950956,0.28375616998291897,0.054719398812176634,145,162,TRUE1MIN::lagged_daily_context
ctx_billboard_accum_amount,ctx_ths_hot_last_pct,0.24685196539972296,307,0.31009434764561694,0.2752502777599378,0.03484406988567912,145,162,TRUE1MIN::lagged_daily_context
ctx_billboard_accum_amount,ctx_ths_hot_last_price,0.25987532274705794,307,0.3377945044100736,0.29124631040490684,0.04654819400516674,145,162,TRUE1MIN::lagged_daily_context
ctx_billboard_accum_amount,ctx_ths_hot_rank,0.2221186651113972,307,0.24494740472703744,0.26886661036880216,0.023919205641764724,145,162,TRUE1MIN::lagged_daily_context
ctx_billboard_accum_amount,ctx_ths_hot_rank_diff,0.2049405163244673,307,0.27334307283517884,0.2530082634603461,0.02033480937483273,145,162,TRUE1MIN::lagged_daily_context
ctx_billboard_accum_amount,ctx_zls_df_num,0.0,0,0.0,0.0,0.0,0,0,TRUE1MIN::lagged_daily_context
ctx_billboard_accum_amount,ctx_zls_lbgd,0.0,0,0.0,0.0,0.0,0,0,TRUE1MIN::lagged_daily_context
ctx_billboard_accum_amount,ctx_zls_strong,0.0,0,0.0,0.0,0.0,0,0,TRUE1MIN::lagged_daily_context
ctx_billboard_accum_amount,ctx_zls_ztjs,0.0,0,0.0,0.0,0.0,0,0,TRUE1MIN::lagged_daily_context
ctx_billboard_billboard_buy_amt,ctx_billboard_billboard_deal_amt,0.4829257685096966,2700,0.49221174211925256,0.4841548744501547,0.008056867669097856,1321,1379,TRUE1MIN::lagged_daily_context
ctx_billboard_billboard_buy_amt,ctx_billboard_billboard_net_amt,0.17339082298664268,2700,0.17985741870281408,0.19532971020633177,0.015472291503517699,1321,1379,TRUE1MIN::lagged_daily_context
ctx_billboard_billboard_buy_amt,ctx_billboard_billboard_sell_amt,0.2989651900286864,2694,0.312648987763542,0.307314061602337,0.005334926161205011,1318,1376,TRUE1MIN::lagged_daily_context
ctx_billboard_billboard_buy_amt,ctx_billboard_buy_ratio,0.06515024410053578,2700,0.0807419628888189,0.08364803194804327,0.0029060690592243726,1321,1379,TRUE1MIN::lagged_daily_context
ctx_billboard_billboard_buy_amt,ctx_billboard_deal_amount_ratio,0.06497144431810419,2700,0.0837483807553832,0.078328535093674,0.005419845661709194,1321,1379,TRUE1MIN::lagged_daily_context
ctx_billboard_billboard_buy_amt,ctx_billboard_deal_net_ratio,0.06322720428144375,2700,0.07202606649528241,0.08314301909997275,0.011116952604690339,1321,1379,TRUE1MIN::lagged_daily_context
ctx_billboard_billboard_buy_amt,ctx_billboard_net_bs_amt,0.1741326335651798,2694,0.1802423716105499,0.19658138369130368,0.01633901208075378,1318,1376,TRUE1MIN::lagged_daily_context
ctx_billboard_billboard_buy_amt,ctx_billboard_sell_ratio,0.06481502514412636,2694,0.0821340474237421,0.08230569973221266,0.0001716523084705629,1318,1376,TRUE1MIN::lagged_daily_context
ctx_billboard_billboard_buy_amt,ctx_billboard_sum_buy_amt,0.9983622885926954,2700,0.9985086663348364,0.998582405776191,7.37394413545811e-05,1321,1379,TRUE1MIN::lagged_daily_context
ctx_billboard_billboard_buy_amt,ctx_billboard_sum_sell_amt,0.2989651900286864,2694,0.312648987763542,0.307314061602337,0.005334926161205011,1318,1376,TRUE1MIN::lagged_daily_context
ctx_billboard_billboard_buy_amt,ctx_billboard_turnoverrate,0.08647350883262551,2700,0.09681290739156106,0.10356235003339548,0.006749442641834413,1321,1379,TRUE1MIN::lagged_daily_context
ctx_billboard_billboard_buy_amt,ctx_hfq_float_market_cap_yuan,0.16080329951553068,2700,0.1762170145017351,0.17630176950340826,8.475500167315353e-05,1321,1379,TRUE1MIN::lagged_daily_context
ctx_billboard_billboard_buy_amt,ctx_hfq_is_st,0.0,0,0.0,0.0,0.0,0,0,TRUE1MIN::lagged_daily_context
ctx_billboard_billboard_buy_amt,ctx_hfq_market_cap_yuan,0.1659581226716236,2700,0.17693719677006986,0.18350661388287443,0.006569417112804565,1321,1379,TRUE1MIN::lagged_daily_context
ctx_billboard_billboard_buy_amt,ctx_hfq_pb,0.05039524710252381,2700,0.07455806745772747,0.06269244059327186,0.011865626864455608,1321,1379,TRUE1MIN::lagged_daily_context
ctx_billboard_billboard_buy_amt,ctx_hfq_pe_ttm,0.06276966373187737,2700,0.07743628577326564,0.08003056274333686,0.0025942769700712243,1321,1379,TRUE1MIN::lagged_daily_context
ctx_billboard_billboard_buy_amt,ctx_hfq_prev_is_limit_up,0.0,0,0.0,0.0,0.0,0,0,TRUE1MIN::lagged_daily_context
ctx_billboard_billboard_buy_amt,ctx_hfq_ps_ttm,0.04672392304938845,2700,0.06517895199156169,0.06475318344247963,0.0004257685490820645,1321,1379,TRUE1MIN::lagged_daily_context
ctx_billboard_billboard_buy_amt,ctx_hfq_turnover_ratio,0.08452813840559913,2700,0.095534627260109,0.10114050970282476,0.005605882442715759,1321,1379,TRUE1MIN::lagged_daily_context
ctx_billboard_billboard_buy_amt,ctx_hfq_volume_ratio,0.06305763145684644,2695,0.08237155248550805,0.08298680592786596,0.0006152534423579104,1319,1376,TRUE1MIN::lagged_daily_context
ctx_billboard_billboard_buy_amt,ctx_holder_avg_hold_num,0.5454662137076312,120,0.6100723929156262,0.6232235640500564,0.013151171134430206,56,64,TRUE1MIN::lagged_daily_context
ctx_billboard_billboard_buy_amt,ctx_holder_avg_market_cap,0.5067294818212065,120,0.5806332145659528,0.5747648457859043,0.005868368780048594,56,64,TRUE1MIN::lagged_daily_context
ctx_billboard_billboard_buy_amt,ctx_holder_holder_num,0.5224177843511831,120,0.6387198747435078,0.5785939006596345,0.060125974083873324,56,64,TRUE1MIN::lagged_daily_context
ctx_billboard_billboard_buy_amt,ctx_holder_holder_num_change,0.4994870872497495,120,0.6183023483835616,0.5334955569744044,0.08480679140915715,56,64,TRUE1MIN::lagged_daily_context
ctx_billboard_billboard_buy_amt,ctx_holder_holder_num_ratio,0.4886877388756116,120,0.5947075164473052,0.5311475382165971,0.06355997823070814,56,64,TRUE1MIN::lagged_daily_context
ctx_billboard_billboard_buy_amt,ctx_rzrq_rqye,0.10481989602277753,2120,0.12265260870481386,0.115061933693796,0.007590675011017858,1021,1099,TRUE1MIN::lagged_daily_context
ctx_billboard_billboard_buy_amt,ctx_rzrq_rqyl,0.1033526453923523,2120,0.12268954390354352,0.1176105090400702,0.005079034863473317,1021,1099,TRUE1MIN::lagged_daily_context
ctx_billboard_billboard_buy_amt,ctx_rzrq_rzche,0.18716048776786942,2120,0.20646007413819778,0.19206657029331553,0.01439350384488225,1021,1099,TRUE1MIN::lagged_daily_context
ctx_billboard_billboard_buy_amt,ctx_rzrq_rzjme,0.1279167791362007,2120,0.1469023083879081,0.1458115553631975,0.0010907530247105945,1021,1099,TRUE1MIN::lagged_daily_context
ctx_billboard_billboard_buy_amt,ctx_rzrq_rzmre,0.1882235368795618,2120,0.21209466591354428,0.20048740180478952,0.011607264108754761,1021,1099,TRUE1MIN::lagged_daily_context
ctx_billboard_billboard_buy_amt,ctx_rzrq_rzrqye,0.17993820324962392,2120,0.205252952363654,0.18890213490030908,0.016350817463344935,1021,1099,TRUE1MIN::lagged_daily_context
ctx_billboard_billboard_buy_amt,ctx_rzrq_rzye,0.1810185954354131,2120,0.20557653037825813,0.19091052525468477,0.014666005123573356,1021,1099,TRUE1MIN::lagged_daily_context
ctx_billboard_billboard_buy_amt,ctx_rzrq_rzyezb,0.08340387602204319,2120,0.11072877236288832,0.10046426234598073,0.010264510016907591,1021,1099,TRUE1MIN::lagged_daily_context
ctx_billboard_billboard_buy_amt,ctx_sent_damian_num,0.015654041240222866,2700,0.018396552029405284,0.023184356075736746,0.004787804046331463,1321,1379,TRUE1MIN::lagged_daily_context
ctx_billboard_billboard_buy_amt,ctx_sent_ditian_num,0.008847130183895519,2700,0.009758133368389665,0.010247710294180604,0.000489576925790939,1321,1379,TRUE1MIN::lagged_daily_context
ctx_billboard_billboard_buy_amt,ctx_sent_down_num,0.053793350369689276,2700,0.06497577730192548,0.074554578772502,0.00957880147057652,1321,1379,TRUE1MIN::lagged_daily_context
ctx_billboard_billboard_buy_amt,ctx_sent_downlimit_num,0.04179666385465657,2700,0.055742106005189564,0.05652044230570353,0.0007783363005139654,1321,1379,TRUE1MIN::lagged_daily_context
ctx_billboard_billboard_buy_amt,ctx_sent_gt5_num,0.053090933595914276,2700,0.06425539278249107,0.07013389886349791,0.005878506081006846,1321,1379,TRUE1MIN::lagged_daily_context
ctx_billboard_billboard_buy_amt,ctx_sent_lb_2_num,0.0503817307406357,2700,0.058885261035665826,0.06841703541980605,0.009531774384140226,1321,1379,TRUE1MIN::lagged_daily_context
ctx_billboard_billboard_buy_amt,ctx_sent_lb_3_num,0.03434482441427431,2700,0.0381196770964712,0.04716229827134104,0.009042621174869842,1321,1379,TRUE1MIN::lagged_daily_context
ctx_billboard_billboard_buy_amt,ctx_sent_lb_h_num,0.03384995617264057,2700,0.03567298598271467,0.05079172186790332,0.015118735885188646,1321,1379,TRUE1MIN::lagged_daily_context
ctx_billboard_billboard_buy_amt,ctx_sent_lt5_num,0.04130979026541762,2700,0.05099790660768817,0.06430846480326108,0.013310558195572905,1321,1379,TRUE1MIN::lagged_daily_context
ctx_billboard_billboard_buy_amt,ctx_sent_max_lb_num,0.026707187335572927,2700,0.03730248824651494,0.03450957453460028,0.00279291371191466,1321,1379,TRUE1MIN::lagged_daily_context
ctx_billboard_billboard_buy_amt,ctx_sent_mian_num,0.02962036655448182,2700,0.0322352344697608,0.04160927591999906,0.009374041450238256,1321,1379,TRUE1MIN::lagged_daily_context
ctx_billboard_billboard_buy_amt,ctx_sent_tiandi_num,0.0,2700,0.0,0.0,0.0,1321,1379,TRUE1MIN::lagged_daily_context
ctx_billboard_billboard_buy_amt,ctx_sent_up_num,0.05060851029590471,2700,0.0676899723766883,0.06913044290692126,0.001440470530232954,1321,1379,TRUE1MIN::lagged_daily_context
ctx_billboard_billboard_buy_amt,ctx_sent_uplimit_num,0.05701332987964416,2700,0.07232723041339907,0.07762202159941824,0.005294791186019165,1321,1379,TRUE1MIN::lagged_daily_context
ctx_billboard_billboard_buy_amt,ctx_sent_zb_num,0.055267053305197114,2700,0.06882357935179426,0.07023194779238096,0.0014083684405866992,1321,1379,TRUE1MIN::lagged_daily_context
ctx_billboard_billboard_buy_amt,ctx_ths_hot_circulation_value,0.32547637585378386,307,0.36592625419947244,0.3675641213746774,0.0016378671752049767,145,162,TRUE1MIN::lagged_daily_context
ctx_billboard_billboard_buy_amt,ctx_ths_hot_last_pct,0.2772998662970995,307,0.32529074316562456,0.32147590378009916,0.0038148393855254037,145,162,TRUE1MIN::lagged_daily_context
ctx_billboard_billboard_buy_amt,ctx_ths_hot_last_price,0.252917851595217,307,0.2975980191610132,0.2922637087739907,0.005334310387022478,145,162,TRUE1MIN::lagged_daily_context
ctx_billboard_billboard_buy_amt,ctx_ths_hot_rank,0.2242833826345118,307,0.25322310762547695,0.27176153646554657,0.01853842884006962,145,162,TRUE1MIN::lagged_daily_context
ctx_billboard_billboard_buy_amt,ctx_ths_hot_rank_diff,0.2501648207163734,307,0.28446960282455264,0.3000085014324253,0.015538898607872664,145,162,TRUE1MIN::lagged_daily_context
ctx_billboard_billboard_buy_amt,ctx_zls_df_num,0.0,0,0.0,0.0,0.0,0,0,TRUE1MIN::lagged_daily_context
ctx_billboard_billboard_buy_amt,ctx_zls_lbgd,0.0,0,0.0,0.0,0.0,0,0,TRUE1MIN::lagged_daily_context
ctx_billboard_billboard_buy_amt,ctx_zls_strong,0.0,0,0.0,0.0,0.0,0,0,TRUE1MIN::lagged_daily_context
ctx_billboard_billboard_buy_amt,ctx_zls_ztjs,0.0,0,0.0,0.0,0.0,0,0,TRUE1MIN::lagged_daily_context
ctx_billboard_billboard_deal_amt,ctx_billboard_billboard_net_amt,0.1670423462372869,2700,0.17370127669119312,0.18708128854303413,0.013380011851841012,1321,1379,TRUE1MIN::lagged_daily_context
ctx_billboard_billboard_deal_amt,ctx_billboard_billboard_sell_amt,0.48332101371529773,2694,0.4895444235751551,0.48999682585344695,0.0004524022782918524,1318,1376,TRUE1MIN::lagged_daily_context
ctx_billboard_billboard_deal_amt,ctx_billboard_buy_ratio,0.05820509557368136,2700,0.07372805292525496,0.07257738759428753,0.0011506653309674292,1321,1379,TRUE1MIN::lagged_daily_context
ctx_billboard_billboard_deal_amt,ctx_billboard_deal_amount_ratio,0.06027543953610907,2700,0.07392855262569291,0.07910670238194588,0.00517814975625297,1321,1379,TRUE1MIN::lagged_daily_context
ctx_billboard_billboard_deal_amt,ctx_billboard_deal_net_ratio,0.04752391660972035,2700,0.05761098944320991,0.06572260770652594,0.00811161826331603,1321,1379,TRUE1MIN::lagged_daily_context
ctx_billboard_billboard_deal_amt,ctx_billboard_net_bs_amt,0.16766422106301418,2694,0.17385933439660292,0.18773925314335238,0.013879918746749459,1318,1376,TRUE1MIN::lagged_daily_context
ctx_billboard_billboard_deal_amt,ctx_billboard_sell_ratio,0.06575100451738279,2694,0.0782640919590683,0.08738609622554541,0.009122004266477107,1318,1376,TRUE1MIN::lagged_daily_context
ctx_billboard_billboard_deal_amt,ctx_billboard_sum_buy_amt,0.4830594498034,2700,0.49239005479368714,0.48413788607873165,0.008252168714955488,1321,1379,TRUE1MIN::lagged_daily_context
ctx_billboard_billboard_deal_amt,ctx_billboard_sum_sell_amt,0.48332101371529773,2694,0.4895444235751551,0.48999682585344695,0.0004524022782918524,1318,1376,TRUE1MIN::lagged_daily_context
ctx_billboard_billboard_deal_amt,ctx_billboard_turnoverrate,0.08714903034555009,2700,0.09458041221890166,0.10821028299966837,0.013629870780766704,1321,1379,TRUE1MIN::lagged_daily_context
ctx_billboard_billboard_deal_amt,ctx_hfq_float_market_cap_yuan,0.1660140999447857,2700,0.18367172674199117,0.17619070339530973,0.007481023346681437,1321,1379,TRUE1MIN::lagged_daily_context
ctx_billboard_billboard_deal_amt,ctx_hfq_is_st,0.0,0,0.0,0.0,0.0,0,0,TRUE1MIN::lagged_daily_context
ctx_billboard_billboard_deal_amt,ctx_hfq_market_cap_yuan,0.16984785640184683,2700,0.18214857520275693,0.18188639488164676,0.000262180321110167,1321,1379,TRUE1MIN::lagged_daily_context
ctx_billboard_billboard_deal_amt,ctx_hfq_pb,0.053833724900902574,2700,0.07254302204579753,0.07029456001547552,0.0022484620303220154,1321,1379,TRUE1MIN::lagged_daily_context
ctx_billboard_billboard_deal_amt,ctx_hfq_pe_ttm,0.06334848315626726,2700,0.07889539388327105,0.07987333822036037,0.0009779443370893232,1321,1379,TRUE1MIN::lagged_daily_context
ctx_billboard_billboard_deal_amt,ctx_hfq_prev_is_limit_up,0.0,0,0.0,0.0,0.0,0,0,TRUE1MIN::lagged_daily_context
ctx_billboard_billboard_deal_amt,ctx_hfq_ps_ttm,0.05261852701072622,2700,0.06942834572121928,0.07218544175682494,0.002757096035605658,1321,1379,TRUE1MIN::lagged_daily_context
ctx_billboard_billboard_deal_amt,ctx_hfq_turnover_ratio,0.08898687155423382,2700,0.09970303992567663,0.10409066550367173,0.004387625577995102,1321,1379,TRUE1MIN::lagged_daily_context
ctx_billboard_billboard_deal_amt,ctx_hfq_volume_ratio,0.06487737994392791,2695,0.08014543905109205,0.08705013891475853,0.006904699863666486,1319,1376,TRUE1MIN::lagged_daily_context
ctx_billboard_billboard_deal_amt,ctx_holder_avg_hold_num,0.5198976188478892,120,0.588641289821879,0.6339761792956445,0.045334889473765516,56,64,TRUE1MIN::lagged_daily_context
ctx_billboard_billboard_deal_amt,ctx_holder_avg_market_cap,0.5071927367807253,120,0.5971262201551364,0.5780465878739007,0.01907963228123566,56,64,TRUE1MIN::lagged_daily_context
ctx_billboard_billboard_deal_amt,ctx_holder_holder_num,0.536000489236021,120,0.6504496479429427,0.5900916713373726,0.060357976605570074,56,64,TRUE1MIN::lagged_daily_context
ctx_billboard_billboard_deal_amt,ctx_holder_holder_num_change,0.47853721685109596,120,0.6064434112327394,0.5194299388458192,0.08701347238692014,56,64,TRUE1MIN::lagged_daily_context
ctx_billboard_billboard_deal_amt,ctx_holder_holder_num_ratio,0.5057330839966043,120,0.6115745935863709,0.5742142316639425,0.03736036192242842,56,64,TRUE1MIN::lagged_daily_context
ctx_billboard_billboard_deal_amt,ctx_rzrq_rqye,0.10588829803917736,2120,0.12442829595061551,0.12022094358919905,0.004207352361416464,1021,1099,TRUE1MIN::lagged_daily_context
ctx_billboard_billboard_deal_amt,ctx_rzrq_rqyl,0.10412950909354013,2120,0.1178339506060436,0.11845128014155391,0.0006173295355103164,1021,1099,TRUE1MIN::lagged_daily_context
ctx_billboard_billboard_deal_amt,ctx_rzrq_rzche,0.21019764762995274,2120,0.2240603226978784,0.22032647233826486,0.003733850359613544,1021,1099,TRUE1MIN::lagged_daily_context
ctx_billboard_billboard_deal_amt,ctx_rzrq_rzjme,0.13437738624383314,2120,0.15404800023175536,0.14626594453987052,0.007782055691884837,1021,1099,TRUE1MIN::lagged_daily_context
ctx_billboard_billboard_deal_amt,ctx_rzrq_rzmre,0.20724834461799937,2120,0.22987583576249562,0.21897652485007527,0.010899310912420357,1021,1099,TRUE1MIN::lagged_daily_context
ctx_billboard_billboard_deal_amt,ctx_rzrq_rzrqye,0.19806776972998205,2120,0.21489885264469893,0.21196681059641587,0.002932042048283068,1021,1099,TRUE1MIN::lagged_daily_context
ctx_billboard_billboard_deal_amt,ctx_rzrq_rzye,0.19709979974274716,2120,0.2179218307430355,0.20748000861451615,0.010441822128519351,1021,1099,TRUE1MIN::lagged_daily_context
ctx_billboard_billboard_deal_amt,ctx_rzrq_rzyezb,0.0953728296005033,2120,0.12078360405949139,0.11163366086742799,0.0091499431920634,1021,1099,TRUE1MIN::lagged_daily_context
ctx_billboard_billboard_deal_amt,ctx_sent_damian_num,0.01632064042704619,2700,0.021737029907119673,0.019577288543914394,0.002159741363205278,1321,1379,TRUE1MIN::lagged_daily_context
ctx_billboard_billboard_deal_amt,ctx_sent_ditian_num,0.00805390255308106,2700,0.011470002633445494,0.009714760391443575,0.0017552422420019191,1321,1379,TRUE1MIN::lagged_daily_context
ctx_billboard_billboard_deal_amt,ctx_sent_down_num,0.053836498542455494,2700,0.07326626916969915,0.06788161127893479,0.005384657890764366,1321,1379,TRUE1MIN::lagged_daily_context
ctx_billboard_billboard_deal_amt,ctx_sent_downlimit_num,0.039226075492289895,2700,0.05132919996183936,0.054531902373026804,0.003202702411187447,1321,1379,TRUE1MIN::lagged_daily_context
ctx_billboard_billboard_deal_amt,ctx_sent_gt5_num,0.05086604229186827,2700,0.06428191925115789,0.06868604346934143,0.004404124218183536,1321,1379,TRUE1MIN::lagged_daily_context
ctx_billboard_billboard_deal_amt,ctx_sent_lb_2_num,0.04879342623652617,2700,0.06239313302044027,0.06296916911513482,0.0005760360946945528,1321,1379,TRUE1MIN::lagged_daily_context
ctx_billboard_billboard_deal_amt,ctx_sent_lb_3_num,0.02956947718391029,2700,0.03735303690978575,0.04040175222566842,0.0030487153158826677,1321,1379,TRUE1MIN::lagged_daily_context
ctx_billboard_billboard_deal_amt,ctx_sent_lb_h_num,0.03644948411277762,2700,0.037880365313675175,0.04814717707717305,0.010266811763497877,1321,1379,TRUE1MIN::lagged_daily_context
ctx_billboard_billboard_deal_amt,ctx_sent_lt5_num,0.05071098004231106,2700,0.06749480718138645,0.06484430723613167,0.002650499945254778,1321,1379,TRUE1MIN::lagged_daily_context
ctx_billboard_billboard_deal_amt,ctx_sent_max_lb_num,0.027196903135464776,2700,0.03381702478074807,0.037102218192254496,0.003285193411506425,1321,1379,TRUE1MIN::lagged_daily_context
ctx_billboard_billboard_deal_amt,ctx_sent_mian_num,0.02852067118766966,2700,0.037899750136007174,0.03273771058354942,0.005162039552457753,1321,1379,TRUE1MIN::lagged_daily_context
ctx_billboard_billboard_deal_amt,ctx_sent_tiandi_num,0.0,2700,0.0,1.2664774559763533e-08,1.2664774559763533e-08,1321,1379,TRUE1MIN::lagged_daily_context
ctx_billboard_billboard_deal_amt,ctx_sent_up_num,0.05566182060331583,2700,0.07278784063140212,0.07179734827005273,0.0009904923613493904,1321,1379,TRUE1MIN::lagged_daily_context
ctx_billboard_billboard_deal_amt,ctx_sent_uplimit_num,0.05515757443879966,2700,0.06573450532579943,0.0782154873510164,0.012480982025216969,1321,1379,TRUE1MIN::lagged_daily_context
ctx_billboard_billboard_deal_amt,ctx_sent_zb_num,0.0540068806028184,2700,0.07182402402512222,0.06823188365953183,0.003592140365590399,1321,1379,TRUE1MIN::lagged_daily_context
ctx_billboard_billboard_deal_amt,ctx_ths_hot_circulation_value,0.27856622953294546,307,0.3351609666529277,0.31319609492970374,0.021964871723223978,145,162,TRUE1MIN::lagged_daily_context
ctx_billboard_billboard_deal_amt,ctx_ths_hot_last_pct,0.27165966717081264,307,0.34490775022340875,0.29986308320957067,0.04504466701383808,145,162,TRUE1MIN::lagged_daily_context
ctx_billboard_billboard_deal_amt,ctx_ths_hot_last_price,0.2624564292625737,307,0.3242009984663574,0.29827599121811427,0.025925007248243148,145,162,TRUE1MIN::lagged_daily_context
ctx_billboard_billboard_deal_amt,ctx_ths_hot_rank,0.21508467730435862,307,0.23505357590666884,0.2712801691811285,0.03622659327445968,145,162,TRUE1MIN::lagged_daily_context
ctx_billboard_billboard_deal_amt,ctx_ths_hot_rank_diff,0.2322883343642884,307,0.2936006938768647,0.265596102826211,0.028004591050653727,145,162,TRUE1MIN::lagged_daily_context
ctx_billboard_billboard_deal_amt,ctx_zls_df_num,0.0,0,0.0,0.0,0.0,0,0,TRUE1MIN::lagged_daily_context
ctx_billboard_billboard_deal_amt,ctx_zls_lbgd,0.0,0,0.0,0.0,0.0,0,0,TRUE1MIN::lagged_daily_context
ctx_billboard_billboard_deal_amt,ctx_zls_strong,0.0,0,0.0,0.0,0.0,0,0,TRUE1MIN::lagged_daily_context
ctx_billboard_billboard_deal_amt,ctx_zls_ztjs,0.0,0,0.0,0.0,0.0,0,0,TRUE1MIN::lagged_daily_context
ctx_billboard_billboard_net_amt,ctx_billboard_billboard_sell_amt,0.162305825919929,2694,0.17419500289676493,0.17755108399942143,0.003356081102656505,1318,1376,TRUE1MIN::lagged_daily_context
ctx_billboard_billboard_net_amt,ctx_billboard_buy_ratio,0.10017861990823067,2700,0.11106469572158885,0.11417894259118536,0.003114246869596507,1321,1379,TRUE1MIN::lagged_daily_context
ctx_billboard_billboard_net_amt,ctx_billboard_deal_amount_ratio,0.07029701498727839,2700,0.08631558325209787,0.08427113542562248,0.002044447826475393,1321,1379,TRUE1MIN::lagged_daily_context
ctx_billboard_billboard_net_amt,ctx_billboard_deal_net_ratio,0.34219773042586193,2700,0.34585861933605333,0.35619081579184025,0.010332196455786924,1321,1379,TRUE1MIN::lagged_daily_context
ctx_billboard_billboard_net_amt,ctx_billboard_net_bs_amt,0.9848573100523512,2694,0.9853175008572824,0.985302735823093,1.4765034189401227e-05,1318,1376,TRUE1MIN::lagged_daily_context
ctx_billboard_billboard_net_amt,ctx_billboard_sell_ratio,0.0649985497635233,2694,0.07542064942218007,0.08387106732853093,0.008450417906350857,1318,1376,TRUE1MIN::lagged_daily_context
ctx_billboard_billboard_net_amt,ctx_billboard_sum_buy_amt,0.17339124597239242,2700,0.17984016698188873,0.19525553885686983,0.015415371874981099,1321,1379,TRUE1MIN::lagged_daily_context
ctx_billboard_billboard_net_amt,ctx_billboard_sum_sell_amt,0.162305825919929,2694,0.17419500289676493,0.17755108399942143,0.003356081102656505,1318,1376,TRUE1MIN::lagged_daily_context
ctx_billboard_billboard_net_amt,ctx_billboard_turnoverrate,0.07012096235746343,2700,0.08388187069772778,0.08870425310240994,0.004822382404682163,1321,1379,TRUE1MIN::lagged_daily_context
ctx_billboard_billboard_net_amt,ctx_hfq_float_market_cap_yuan,0.09949453783319523,2700,0.11758390694380708,0.11038005777832699,0.007203849165480086,1321,1379,TRUE1MIN::lagged_daily_context
ctx_billboard_billboard_net_amt,ctx_hfq_is_st,0.0,0,0.0,0.0,0.0,0,0,TRUE1MIN::lagged_daily_context
ctx_billboard_billboard_net_amt,ctx_hfq_market_cap_yuan,0.09949110456056384,2700,0.11158842595724755,0.11875490293201582,0.007166476974768271,1321,1379,TRUE1MIN::lagged_daily_context
ctx_billboard_billboard_net_amt,ctx_hfq_pb,0.04924637106158151,2700,0.0727710456464469,0.06344724431756929,0.009323801328877612,1321,1379,TRUE1MIN::lagged_daily_context
ctx_billboard_billboard_net_amt,ctx_hfq_pe_ttm,0.052547210591815365,2700,0.06909860915167829,0.0662507655668626,0.0028478435848156847,1321,1379,TRUE1MIN::lagged_daily_context
ctx_billboard_billboard_net_amt,ctx_hfq_prev_is_limit_up,0.0,0,0.0,0.0,0.0,0,0,TRUE1MIN::lagged_daily_context
ctx_billboard_billboard_net_amt,ctx_hfq_ps_ttm,0.050066092270170365,2700,0.06447113616811212,0.06663184886999866,0.002160712701886544,1321,1379,TRUE1MIN::lagged_daily_context
ctx_billboard_billboard_net_amt,ctx_hfq_turnover_ratio,0.08024088957540337,2700,0.0949477082449166,0.0913493369768323,0.0035983712680843077,1321,1379,TRUE1MIN::lagged_daily_context
ctx_billboard_billboard_net_amt,ctx_hfq_volume_ratio,0.0605851588732743,2695,0.08598875790173813,0.07025606909286637,0.015732688808871756,1319,1376,TRUE1MIN::lagged_daily_context
ctx_billboard_billboard_net_amt,ctx_holder_avg_hold_num,0.5471936466532876,120,0.6056722801800518,0.6372875988319683,0.03161531865191647,56,64,TRUE1MIN::lagged_daily_context
ctx_billboard_billboard_net_amt,ctx_holder_avg_market_cap,0.55501264228996,120,0.5916009979674209,0.6141410759190087,0.022540077951587745,56,64,TRUE1MIN::lagged_daily_context
ctx_billboard_billboard_net_amt,ctx_holder_holder_num,0.5191340181146843,120,0.603802991777109,0.5836537025135957,0.020149289263513337,56,64,TRUE1MIN::lagged_daily_context
ctx_billboard_billboard_net_amt,ctx_holder_holder_num_change,0.4831451779583171,120,0.5928618873118087,0.5397267070961064,0.05313518021570229,56,64,TRUE1MIN::lagged_daily_context
ctx_billboard_billboard_net_amt,ctx_holder_holder_num_ratio,0.5155548618367666,120,0.5777665069625098,0.5816258101148852,0.0038593031523754817,56,64,TRUE1MIN::lagged_daily_context
ctx_billboard_billboard_net_amt,ctx_rzrq_rqye,0.07925232957912215,2120,0.1136083251944878,0.08432240136312598,0.029285923831361818,1021,1099,TRUE1MIN::lagged_daily_context
ctx_billboard_billboard_net_amt,ctx_rzrq_rqyl,0.08511201957395216,2120,0.10824486509846093,0.09730179635913432,0.010943068739326614,1021,1099,TRUE1MIN::lagged_daily_context
ctx_billboard_billboard_net_amt,ctx_rzrq_rzche,0.11553063474555283,2120,0.12868264902926768,0.1320270225561449,0.00334437352687722,1021,1099,TRUE1MIN::lagged_daily_context
ctx_billboard_billboard_net_amt,ctx_rzrq_rzjme,0.10056883349769352,2120,0.12757431392974988,0.11513027623985388,0.012444037689896006,1021,1099,TRUE1MIN::lagged_daily_context
ctx_billboard_billboard_net_amt,ctx_rzrq_rzmre,0.11501178815376857,2120,0.13966826609452745,0.12714972679271694,0.012518539301810516,1021,1099,TRUE1MIN::lagged_daily_context
ctx_billboard_billboard_net_amt,ctx_rzrq_rzrqye,0.11555573511862266,2120,0.13509733640754912,0.13883658915294117,0.003739252745392052,1021,1099,TRUE1MIN::lagged_daily_context
ctx_billboard_billboard_net_amt,ctx_rzrq_rzye,0.1156040574719486,2120,0.13669955658328545,0.13395432882399053,0.0027452277592949215,1021,1099,TRUE1MIN::lagged_daily_context
ctx_billboard_billboard_net_amt,ctx_rzrq_rzyezb,0.08043184038411133,2120,0.099075876917369,0.09816667689965897,0.0009092000177100268,1021,1099,TRUE1MIN::lagged_daily_context
ctx_billboard_billboard_net_amt,ctx_sent_damian_num,0.02238468824983057,2700,0.02919974893568567,0.02547375342106902,0.003725995514616647,1321,1379,TRUE1MIN::lagged_daily_context
ctx_billboard_billboard_net_amt,ctx_sent_ditian_num,0.010162424595380715,2700,0.011290977446174142,0.01208940982225275,0.0007984323760786075,1321,1379,TRUE1MIN::lagged_daily_context
ctx_billboard_billboard_net_amt,ctx_sent_down_num,0.048787558062205076,2700,0.06794823074838613,0.0676068572896009,0.00034137345878522407,1321,1379,TRUE1MIN::lagged_daily_context
ctx_billboard_billboard_net_amt,ctx_sent_downlimit_num,0.03917188895280865,2700,0.05413483759979275,0.05530320381356255,0.0011683662137698045,1321,1379,TRUE1MIN::lagged_daily_context
ctx_billboard_billboard_net_amt,ctx_sent_gt5_num,0.049103940318249405,2700,0.0648708560764865,0.06441097015144687,0.0004598859250396353,1321,1379,TRUE1MIN::lagged_daily_context
ctx_billboard_billboard_net_amt,ctx_sent_lb_2_num,0.04198462535371441,2700,0.05522480796064059,0.05997276471132474,0.004747956750684151,1321,1379,TRUE1MIN::lagged_daily_context
ctx_billboard_billboard_net_amt,ctx_sent_lb_3_num,0.024629098433754246,2700,0.028931246267462903,0.0395211757270206,0.010589929459557699,1321,1379,TRUE1MIN::lagged_daily_context
ctx_billboard_billboard_net_amt,ctx_sent_lb_h_num,0.026012368528517613,2700,0.035483807026920444,0.03587073024529948,0.00038692321837903443,1321,1379,TRUE1MIN::lagged_daily_context
ctx_billboard_billboard_net_amt,ctx_sent_lt5_num,0.04157414171967857,2700,0.06096966242203912,0.05571045209718406,0.00525921032485506,1321,1379,TRUE1MIN::lagged_daily_context
ctx_billboard_billboard_net_amt,ctx_sent_max_lb_num,0.024900862376551144,2700,0.03593929972369353,0.03183426440069744,0.004105035322996088,1321,1379,TRUE1MIN::lagged_daily_context
ctx_billboard_billboard_net_amt,ctx_sent_mian_num,0.023899171990947786,2700,0.030312413728668657,0.03421477857675814,0.003902364848089486,1321,1379,TRUE1MIN::lagged_daily_context
ctx_billboard_billboard_net_amt,ctx_sent_tiandi_num,0.0,2700,0.0,0.0,0.0,1321,1379,TRUE1MIN::lagged_daily_context
ctx_billboard_billboard_net_amt,ctx_sent_up_num,0.04800621141599259,2700,0.06545143621718165,0.0635610371441478,0.0018903990730338438,1321,1379,TRUE1MIN::lagged_daily_context
ctx_billboard_billboard_net_amt,ctx_sent_uplimit_num,0.05721512009334592,2700,0.0729551447883999,0.07395236684543474,0.0009972220570348411,1321,1379,TRUE1MIN::lagged_daily_context
ctx_billboard_billboard_net_amt,ctx_sent_zb_num,0.0469083551352261,2700,0.0705488263657033,0.06165745255789506,0.008891373807808238,1321,1379,TRUE1MIN::lagged_daily_context
ctx_billboard_billboard_net_amt,ctx_ths_hot_circulation_value,0.30512530939738197,307,0.3746356353444633,0.3406403588116711,0.03399527653279222,145,162,TRUE1MIN::lagged_daily_context
ctx_billboard_billboard_net_amt,ctx_ths_hot_last_pct,0.2707928713743387,307,0.3335171437300261,0.3490219983887376,0.015504854658711487,145,162,TRUE1MIN::lagged_daily_context
ctx_billboard_billboard_net_amt,ctx_ths_hot_last_price,0.2878449896573247,307,0.3609333353537416,0.3420542815723509,0.01887905378139071,145,162,TRUE1MIN::lagged_daily_context
ctx_billboard_billboard_net_amt,ctx_ths_hot_rank,0.22004235090192265,307,0.30441239434155504,0.25272933337370035,0.05168306096785469,145,162,TRUE1MIN::lagged_daily_context
ctx_billboard_billboard_net_amt,ctx_ths_hot_rank_diff,0.2503539298167371,307,0.3142968351055084,0.313675311062697,0.00062152404281135,145,162,TRUE1MIN::lagged_daily_context
ctx_billboard_billboard_net_amt,ctx_zls_df_num,0.0,0,0.0,0.0,0.0,0,0,TRUE1MIN::lagged_daily_context
ctx_billboard_billboard_net_amt,ctx_zls_lbgd,0.0,0,0.0,0.0,0.0,0,0,TRUE1MIN::lagged_daily_context
ctx_billboard_billboard_net_amt,ctx_zls_strong,0.0,0,0.0,0.0,0.0,0,0,TRUE1MIN::lagged_daily_context
ctx_billboard_billboard_net_amt,ctx_zls_ztjs,0.0,0,0.0,0.0,0.0,0,0,TRUE1MIN::lagged_daily_context
ctx_billboard_billboard_sell_amt,ctx_billboard_buy_ratio,0.06284876090182086,2694,0.07870239030577389,0.08454525943509365,0.005842869129319764,1318,1376,TRUE1MIN::lagged_daily_context
ctx_billboard_billboard_sell_amt,ctx_billboard_deal_amount_ratio,0.05800583418239315,2694,0.07789384312270713,0.07290507111602386,0.0049887720066832675,1318,1376,TRUE1MIN::lagged_daily_context
ctx_billboard_billboard_sell_amt,ctx_billboard_deal_net_ratio,0.06561385669492291,2694,0.07981483041591261,0.07892205975110539,0.0008927706648072242,1318,1376,TRUE1MIN::lagged_daily_context
ctx_billboard_billboard_sell_amt,ctx_billboard_net_bs_amt,0.16190121585193132,2694,0.17358876336988657,0.17720818541949396,0.003619422049607385,1318,1376,TRUE1MIN::lagged_daily_context
ctx_billboard_billboard_sell_amt,ctx_billboard_sell_ratio,0.0675401738741126,2694,0.08372516996293947,0.08753452385576727,0.0038093538928277992,1318,1376,TRUE1MIN::lagged_daily_context
ctx_billboard_billboard_sell_amt,ctx_billboard_sum_buy_amt,0.2991941942952956,2694,0.3129607905993329,0.3073047913166633,0.005655999282669633,1318,1376,TRUE1MIN::lagged_daily_context
ctx_billboard_billboard_sell_amt,ctx_billboard_sum_sell_amt,1.0,2694,1.0,1.0,0.0,1318,1376,TRUE1MIN::lagged_daily_context
ctx_billboard_billboard_sell_amt,ctx_billboard_turnoverrate,0.08615301699976752,2694,0.09406093204214674,0.10701454966056022,0.012953617618413474,1318,1376,TRUE1MIN::lagged_daily_context
ctx_billboard_billboard_sell_amt,ctx_hfq_float_market_cap_yuan,0.14324392000922598,2694,0.1576364550947194,0.15633567126727146,0.0013007838274479433,1318,1376,TRUE1MIN::lagged_daily_context
ctx_billboard_billboard_sell_amt,ctx_hfq_is_st,0.0,0,0.0,0.0,0.0,0,0,TRUE1MIN::lagged_daily_context
ctx_billboard_billboard_sell_amt,ctx_hfq_market_cap_yuan,0.14696192590851515,2694,0.16462803487272246,0.15779971599926484,0.006828318873457612,1318,1376,TRUE1MIN::lagged_daily_context
ctx_billboard_billboard_sell_amt,ctx_hfq_pb,0.0567615703156769,2694,0.07425586584909638,0.07205124773936923,0.0022046181097271494,1318,1376,TRUE1MIN::lagged_daily_context
ctx_billboard_billboard_sell_amt,ctx_hfq_pe_ttm,0.06590307832388653,2694,0.08010813258799085,0.08226327854241007,0.0021551459544192214,1318,1376,TRUE1MIN::lagged_daily_context
ctx_billboard_billboard_sell_amt,ctx_hfq_prev_is_limit_up,0.0,0,0.0,0.0,0.0,0,0,TRUE1MIN::lagged_daily_context
ctx_billboard_billboard_sell_amt,ctx_hfq_ps_ttm,0.05100832313219865,2694,0.06972377012412631,0.06397935364809146,0.005744416476034853,1318,1376,TRUE1MIN::lagged_daily_context
ctx_billboard_billboard_sell_amt,ctx_hfq_turnover_ratio,0.08808339279956481,2694,0.10214943378201546,0.10246715296965814,0.00031771918764267326,1318,1376,TRUE1MIN::lagged_daily_context
ctx_billboard_billboard_sell_amt,ctx_hfq_volume_ratio,0.06050521586859814,2689,0.08322052712816333,0.07855235355737462,0.004668173570788706,1316,1373,TRUE1MIN::lagged_daily_context
ctx_billboard_billboard_sell_amt,ctx_holder_avg_hold_num,0.5003606905352267,120,0.5866313537195516,0.5838033045654581,0.002828049154093404,56,64,TRUE1MIN::lagged_daily_context
ctx_billboard_billboard_sell_amt,ctx_holder_avg_market_cap,0.48341763382530506,120,0.5908120199095727,0.5489487831828223,0.04186323672675041,56,64,TRUE1MIN::lagged_daily_context
ctx_billboard_billboard_sell_amt,ctx_holder_holder_num,0.5741516559480685,120,0.6971054169382852,0.6082283852116744,0.08887703172661077,56,64,TRUE1MIN::lagged_daily_context
ctx_billboard_billboard_sell_amt,ctx_holder_holder_num_change,0.4939041030148938,120,0.6152531958807462,0.5027074879746435,0.11254570790610274,56,64,TRUE1MIN::lagged_daily_context
ctx_billboard_billboard_sell_amt,ctx_holder_holder_num_ratio,0.49492044561763937,120,0.6119759483740326,0.5171601273885804,0.09481582098545216,56,64,TRUE1MIN::lagged_daily_context
ctx_billboard_billboard_sell_amt,ctx_rzrq_rqye,0.0959412727606499,2114,0.117336354581887,0.10922654345785009,0.008109811124036914,1018,1096,TRUE1MIN::lagged_daily_context
ctx_billboard_billboard_sell_amt,ctx_rzrq_rqyl,0.09264816122591342,2114,0.11086897379284781,0.10633434051826797,0.004534633274579841,1018,1096,TRUE1MIN::lagged_daily_context
ctx_billboard_billboard_sell_amt,ctx_rzrq_rzche,0.20086642310610314,2114,0.2183458472993037,0.2083901846156837,0.009955662683619998,1018,1096,TRUE1MIN::lagged_daily_context
ctx_billboard_billboard_sell_amt,ctx_rzrq_rzjme,0.1312767670299157,2114,0.14500295350154493,0.15673871839131015,0.011735764889765216,1018,1096,TRUE1MIN::lagged_daily_context
ctx_billboard_billboard_sell_amt,ctx_rzrq_rzmre,0.21867777934692878,2114,0.23393417928510202,0.23410670557810348,0.0001725262930014626,1018,1096,TRUE1MIN::lagged_daily_context
ctx_billboard_billboard_sell_amt,ctx_rzrq_rzrqye,0.16772870515745716,2114,0.1937926024285677,0.1786197328368885,0.015172869591679183,1018,1096,TRUE1MIN::lagged_daily_context
ctx_billboard_billboard_sell_amt,ctx_rzrq_rzye,0.16827326879915436,2114,0.1934341330066512,0.17940585670546488,0.014028276301186304,1018,1096,TRUE1MIN::lagged_daily_context
ctx_billboard_billboard_sell_amt,ctx_rzrq_rzyezb,0.0866251263408187,2114,0.104764781801128,0.10843735506974046,0.003672573268612464,1018,1096,TRUE1MIN::lagged_daily_context
ctx_billboard_billboard_sell_amt,ctx_sent_damian_num,0.015393839065889287,2694,0.019978206711275738,0.017906861310440416,0.002071345400835322,1318,1376,TRUE1MIN::lagged_daily_context
ctx_billboard_billboard_sell_amt,ctx_sent_ditian_num,0.005283873803244858,2694,0.008029979636530864,0.005260411896425683,0.002769567740105181,1318,1376,TRUE1MIN::lagged_daily_context
ctx_billboard_billboard_sell_amt,ctx_sent_down_num,0.05107053628907561,2694,0.06329368171333899,0.06577813803587534,0.0024844563225363547,1318,1376,TRUE1MIN::lagged_daily_context
ctx_billboard_billboard_sell_amt,ctx_sent_downlimit_num,0.04096989343346744,2694,0.05333403253392944,0.05656917100079214,0.0032351384668627,1318,1376,TRUE1MIN::lagged_daily_context
ctx_billboard_billboard_sell_amt,ctx_sent_gt5_num,0.04800078505379459,2694,0.063897409173525,0.06320063600404105,0.0006967731694839524,1318,1376,TRUE1MIN::lagged_daily_context
ctx_billboard_billboard_sell_amt,ctx_sent_lb_2_num,0.054395358139550605,2694,0.07093440818573338,0.06794653993681629,0.002987868248917086,1318,1376,TRUE1MIN::lagged_daily_context
ctx_billboard_billboard_sell_amt,ctx_sent_lb_3_num,0.0314357684540185,2694,0.03939304505718323,0.04041618002740945,0.0010231349702262207,1318,1376,TRUE1MIN::lagged_daily_context
ctx_billboard_billboard_sell_amt,ctx_sent_lb_h_num,0.04185712324618069,2694,0.04839863932432804,0.051941688477967526,0.0035430491536394895,1318,1376,TRUE1MIN::lagged_daily_context
ctx_billboard_billboard_sell_amt,ctx_sent_lt5_num,0.046769461517800724,2694,0.05828759416850835,0.06548402818761431,0.007196434019105961,1318,1376,TRUE1MIN::lagged_daily_context
ctx_billboard_billboard_sell_amt,ctx_sent_max_lb_num,0.029269834259491548,2694,0.03900332824618636,0.03526987206975142,0.003733456176434939,1318,1376,TRUE1MIN::lagged_daily_context
ctx_billboard_billboard_sell_amt,ctx_sent_mian_num,0.03136707915806008,2694,0.03999699619151382,0.038867379417995895,0.0011296167735179233,1318,1376,TRUE1MIN::lagged_daily_context
ctx_billboard_billboard_sell_amt,ctx_sent_tiandi_num,0.0,2694,0.0,0.0,0.0,1318,1376,TRUE1MIN::lagged_daily_context
ctx_billboard_billboard_sell_amt,ctx_sent_up_num,0.04359815157067808,2694,0.05473743645558895,0.06262041270593702,0.007882976250348069,1318,1376,TRUE1MIN::lagged_daily_context
ctx_billboard_billboard_sell_amt,ctx_sent_uplimit_num,0.0559697674259608,2694,0.07251471269684635,0.07545817379328895,0.0029434610964425983,1318,1376,TRUE1MIN::lagged_daily_context
ctx_billboard_billboard_sell_amt,ctx_sent_zb_num,0.04999945319411641,2694,0.06882350272919988,0.0660784375562593,0.0027450651729405695,1318,1376,TRUE1MIN::lagged_daily_context
ctx_billboard_billboard_sell_amt,ctx_ths_hot_circulation_value,0.3207283835383344,307,0.36211126166161495,0.352094962683036,0.010016298978578975,145,162,TRUE1MIN::lagged_daily_context
ctx_billboard_billboard_sell_amt,ctx_ths_hot_last_pct,0.24794481625607423,307,0.3318833412975936,0.27589139044934907,0.05599195084824454,145,162,TRUE1MIN::lagged_daily_context
ctx_billboard_billboard_sell_amt,ctx_ths_hot_last_price,0.27674883773819525,307,0.3466650936726601,0.30321203061257856,0.04345306306008151,145,162,TRUE1MIN::lagged_daily_context
ctx_billboard_billboard_sell_amt,ctx_ths_hot_rank,0.2354812045783161,307,0.2874251848947651,0.27744407609751853,0.009981108797246563,145,162,TRUE1MIN::lagged_daily_context
ctx_billboard_billboard_sell_amt,ctx_ths_hot_rank_diff,0.24620526732840228,307,0.31798445750949006,0.27657641750017087,0.04140804000931919,145,162,TRUE1MIN::lagged_daily_context
ctx_billboard_billboard_sell_amt,ctx_zls_df_num,0.0,0,0.0,0.0,0.0,0,0,TRUE1MIN::lagged_daily_context
ctx_billboard_billboard_sell_amt,ctx_zls_lbgd,0.0,0,0.0,0.0,0.0,0,0,TRUE1MIN::lagged_daily_context
ctx_billboard_billboard_sell_amt,ctx_zls_strong,0.0,0,0.0,0.0,0.0,0,0,TRUE1MIN::lagged_daily_context
ctx_billboard_billboard_sell_amt,ctx_zls_ztjs,0.0,0,0.0,0.0,0.0,0,0,TRUE1MIN::lagged_daily_context
ctx_billboard_buy_ratio,ctx_billboard_deal_amount_ratio,0.32034227570141255,2700,0.32892855439726537,0.32969729182383284,0.0007687374265674674,1321,1379,TRUE1MIN::lagged_daily_context
ctx_billboard_buy_ratio,ctx_billboard_deal_net_ratio,0.17288049013534407,2700,0.18124570769318324,0.19245189036638383,0.011206182673200588,1321,1379,TRUE1MIN::lagged_daily_context
ctx_billboard_buy_ratio,ctx_billboard_net_bs_amt,0.09938054309828012,2694,0.10961038774515303,0.11414715147025567,0.004536763725102644,1318,1376,TRUE1MIN::lagged_daily_context
ctx_billboard_buy_ratio,ctx_billboard_sell_ratio,0.1353801893008836,2694,0.1489341120942277,0.1529061096752523,0.003971997581024622,1318,1376,TRUE1MIN::lagged_daily_context
ctx_billboard_buy_ratio,ctx_billboard_sum_buy_amt,0.06517261317558237,2700,0.08088563319465551,0.0836147511093267,0.002729117914671189,1321,1379,TRUE1MIN::lagged_daily_context
ctx_billboard_buy_ratio,ctx_billboard_sum_sell_amt,0.06284876090182087,2694,0.07870239030577389,0.08454525943509363,0.005842869129319736,1318,1376,TRUE1MIN::lagged_daily_context
ctx_billboard_buy_ratio,ctx_billboard_turnoverrate,0.08149533196034948,2700,0.09648472760306569,0.09469519395924889,0.0017895336438168014,1321,1379,TRUE1MIN::lagged_daily_context
ctx_billboard_buy_ratio,ctx_hfq_float_market_cap_yuan,0.055525505766421276,2700,0.07064584382789525,0.0760841252649263,0.005438281437031053,1321,1379,TRUE1MIN::lagged_daily_context
ctx_billboard_buy_ratio,ctx_hfq_is_st,0.0,0,0.0,0.0,0.0,0,0,TRUE1MIN::lagged_daily_context
ctx_billboard_buy_ratio,ctx_hfq_market_cap_yuan,0.04146341737562442,2700,0.055961809041704676,0.06059655782465207,0.0046347487829473955,1321,1379,TRUE1MIN::lagged_daily_context
ctx_billboard_buy_ratio,ctx_hfq_pb,0.04987576121524275,2700,0.06206745848198104,0.07282611821183804,0.010758659729857005,1321,1379,TRUE1MIN::lagged_daily_context
ctx_billboard_buy_ratio,ctx_hfq_pe_ttm,0.050136196809123526,2700,0.06479289628093186,0.06486246921578966,6.957293485779226e-05,1321,1379,TRUE1MIN::lagged_daily_context
ctx_billboard_buy_ratio,ctx_hfq_prev_is_limit_up,0.0,0,0.0,0.0,0.0,0,0,TRUE1MIN::lagged_daily_context
ctx_billboard_buy_ratio,ctx_hfq_ps_ttm,0.049091131370807575,2700,0.06521525312878343,0.06425790785039272,0.0009573452783907116,1321,1379,TRUE1MIN::lagged_daily_context
ctx_billboard_buy_ratio,ctx_hfq_turnover_ratio,0.08050693615231255,2700,0.09386776578995898,0.09758298222075562,0.0037152164307966418,1321,1379,TRUE1MIN::lagged_daily_context
ctx_billboard_buy_ratio,ctx_hfq_volume_ratio,0.07088456003071922,2695,0.0900362958150162,0.08423769891512871,0.005798596899887487,1319,1376,TRUE1MIN::lagged_daily_context
ctx_billboard_buy_ratio,ctx_holder_avg_hold_num,0.5267999665301676,120,0.5352192403627404,0.6485588237819243,0.11333958341918393,56,64,TRUE1MIN::lagged_daily_context
ctx_billboard_buy_ratio,ctx_holder_avg_market_cap,0.4814067876256457,120,0.5384044174773307,0.5909931151940101,0.0525886977166794,56,64,TRUE1MIN::lagged_daily_context
ctx_billboard_buy_ratio,ctx_holder_holder_num,0.5138314800883034,120,0.5371319605479621,0.6054446766930308,0.06831271614506873,56,64,TRUE1MIN::lagged_daily_context
ctx_billboard_buy_ratio,ctx_holder_holder_num_change,0.45944566638935785,120,0.5043598590394264,0.5272978686280068,0.022938009588580388,56,64,TRUE1MIN::lagged_daily_context
ctx_billboard_buy_ratio,ctx_holder_holder_num_ratio,0.4737185169024298,120,0.5121090614179772,0.5530751540688004,0.04096609265082318,56,64,TRUE1MIN::lagged_daily_context
ctx_billboard_buy_ratio,ctx_rzrq_rqye,0.05264223060950586,2120,0.06195194452905781,0.07527654038639879,0.013324595857340978,1021,1099,TRUE1MIN::lagged_daily_context
ctx_billboard_buy_ratio,ctx_rzrq_rqyl,0.07261256700521417,2120,0.08890696176467122,0.08245672838030957,0.006450233384361653,1021,1099,TRUE1MIN::lagged_daily_context
ctx_billboard_buy_ratio,ctx_rzrq_rzche,0.08380798983333669,2120,0.09705024186749046,0.09761565001690124,0.0005654081494107788,1021,1099,TRUE1MIN::lagged_daily_context
ctx_billboard_buy_ratio,ctx_rzrq_rzjme,0.070404658205453,2120,0.09012145835032073,0.08734703893537954,0.0027744194149411927,1021,1099,TRUE1MIN::lagged_daily_context
ctx_billboard_buy_ratio,ctx_rzrq_rzmre,0.0836495589571182,2120,0.0953806574230086,0.099052930916131,0.0036722734931224077,1021,1099,TRUE1MIN::lagged_daily_context
ctx_billboard_buy_ratio,ctx_rzrq_rzrqye,0.0759697714318652,2120,0.09673673566334359,0.10141979591990467,0.004683060256561081,1021,1099,TRUE1MIN::lagged_daily_context
ctx_billboard_buy_ratio,ctx_rzrq_rzye,0.07424385898598168,2120,0.0953842950049469,0.09821243551750336,0.0028281405125564624,1021,1099,TRUE1MIN::lagged_daily_context
ctx_billboard_buy_ratio,ctx_rzrq_rzyezb,0.08173070044771498,2120,0.09814109286139489,0.10514692466663787,0.007005831805242987,1021,1099,TRUE1MIN::lagged_daily_context
ctx_billboard_buy_ratio,ctx_sent_damian_num,0.011306101232375878,2700,0.012909005128168548,0.017470773624425343,0.004561768496256795,1321,1379,TRUE1MIN::lagged_daily_context
ctx_billboard_buy_ratio,ctx_sent_ditian_num,0.011039859828294432,2700,0.014627191377909406,0.010764840854520287,0.003862350523389119,1321,1379,TRUE1MIN::lagged_daily_context
ctx_billboard_buy_ratio,ctx_sent_down_num,0.04134764035516652,2700,0.05131242621590389,0.0607340807810274,0.009421654565123505,1321,1379,TRUE1MIN::lagged_daily_context
ctx_billboard_buy_ratio,ctx_sent_downlimit_num,0.03680394374937013,2700,0.05244510061946482,0.053477240048735275,0.0010321394292704539,1321,1379,TRUE1MIN::lagged_daily_context
ctx_billboard_buy_ratio,ctx_sent_gt5_num,0.03696801064527893,2700,0.05679714016915006,0.05271956187894946,0.004077578290200598,1321,1379,TRUE1MIN::lagged_daily_context
ctx_billboard_buy_ratio,ctx_sent_lb_2_num,0.03556229185546252,2700,0.05069078277831158,0.05106105093746919,0.0003702681591576107,1321,1379,TRUE1MIN::lagged_daily_context
ctx_billboard_buy_ratio,ctx_sent_lb_3_num,0.028221026456193534,2700,0.03635765312115661,0.03652973432180491,0.00017208120064830107,1321,1379,TRUE1MIN::lagged_daily_context
ctx_billboard_buy_ratio,ctx_sent_lb_h_num,0.0263979750794689,2700,0.030460203481890068,0.037761350644551474,0.007301147162661406,1321,1379,TRUE1MIN::lagged_daily_context
ctx_billboard_buy_ratio,ctx_sent_lt5_num,0.05343510972002454,2700,0.06699076574354203,0.0711540836068978,0.0041633178633557755,1321,1379,TRUE1MIN::lagged_daily_context
ctx_billboard_buy_ratio,ctx_sent_max_lb_num,0.022683725102907865,2700,0.02956781561167387,0.03154924852031821,0.0019814329086443386,1321,1379,TRUE1MIN::lagged_daily_context
ctx_billboard_buy_ratio,ctx_sent_mian_num,0.024455237200130937,2700,0.03147289088771088,0.031029020264632928,0.0004438706230779528,1321,1379,TRUE1MIN::lagged_daily_context
ctx_billboard_buy_ratio,ctx_sent_tiandi_num,0.0,2700,0.0,0.0,0.0,1321,1379,TRUE1MIN::lagged_daily_context
ctx_billboard_buy_ratio,ctx_sent_up_num,0.04058890987020303,2700,0.05573219898479651,0.05841952917773293,0.0026873301929364185,1321,1379,TRUE1MIN::lagged_daily_context
ctx_billboard_buy_ratio,ctx_sent_uplimit_num,0.03870245793670192,2700,0.054760624100918025,0.05989166130405248,0.005131037203134459,1321,1379,TRUE1MIN::lagged_daily_context
ctx_billboard_buy_ratio,ctx_sent_zb_num,0.0425860760756174,2700,0.054735380947559344,0.06317236056672458,0.008436979619165237,1321,1379,TRUE1MIN::lagged_daily_context
ctx_billboard_buy_ratio,ctx_ths_hot_circulation_value,0.3365337988457833,307,0.40939914315245723,0.39990834238237066,0.009490800770086572,145,162,TRUE1MIN::lagged_daily_context
ctx_billboard_buy_ratio,ctx_ths_hot_last_pct,0.33030442487931855,307,0.41331250035261885,0.3842595502597446,0.02905295009287423,145,162,TRUE1MIN::lagged_daily_context
ctx_billboard_buy_ratio,ctx_ths_hot_last_price,0.36468939182065463,307,0.44356840735130815,0.42567384995479735,0.017894557396510802,145,162,TRUE1MIN::lagged_daily_context
ctx_billboard_buy_ratio,ctx_ths_hot_rank,0.24458022604754592,307,0.32998249046627504,0.28843296439441357,0.041549526071861465,145,162,TRUE1MIN::lagged_daily_context
ctx_billboard_buy_ratio,ctx_ths_hot_rank_diff,0.30884162705137375,307,0.40405983001736834,0.34984986311249333,0.05420996690487501,145,162,TRUE1MIN::lagged_daily_context
ctx_billboard_buy_ratio,ctx_zls_df_num,0.0,0,0.0,0.0,0.0,0,0,TRUE1MIN::lagged_daily_context
ctx_billboard_buy_ratio,ctx_zls_lbgd,0.0,0,0.0,0.0,0.0,0,0,TRUE1MIN::lagged_daily_context
ctx_billboard_buy_ratio,ctx_zls_strong,0.0,0,0.0,0.0,0.0,0,0,TRUE1MIN::lagged_daily_context
ctx_billboard_buy_ratio,ctx_zls_ztjs,0.0,0,0.0,0.0,0.0,0,0,TRUE1MIN::lagged_daily_context
ctx_billboard_deal_amount_ratio,ctx_billboard_deal_net_ratio,0.13490414675394471,2700,0.14445263337994776,0.15219704403825896,0.0077444106583111905,1321,1379,TRUE1MIN::lagged_daily_context
ctx_billboard_deal_amount_ratio,ctx_billboard_net_bs_amt,0.07246293222628955,2694,0.08902376147240347,0.08609685406812181,0.002926907404281656,1318,1376,TRUE1MIN::lagged_daily_context
ctx_billboard_deal_amount_ratio,ctx_billboard_sell_ratio,0.2866479592946039,2694,0.2927391660975682,0.29986239961416256,0.0071232335165943295,1318,1376,TRUE1MIN::lagged_daily_context
ctx_billboard_deal_amount_ratio,ctx_billboard_sum_buy_amt,0.06503517103969442,2700,0.08366118165989823,0.07826235120381582,0.005398830456082415,1321,1379,TRUE1MIN::lagged_daily_context
ctx_billboard_deal_amount_ratio,ctx_billboard_sum_sell_amt,0.058005834182393134,2694,0.07789384312270713,0.07290507111602385,0.004988772006683281,1318,1376,TRUE1MIN::lagged_daily_context
ctx_billboard_deal_amount_ratio,ctx_billboard_turnoverrate,0.07729003943461597,2700,0.09479691378802504,0.0885155561442523,0.006281357643772745,1321,1379,TRUE1MIN::lagged_daily_context
ctx_billboard_deal_amount_ratio,ctx_hfq_float_market_cap_yuan,0.04614323559452671,2700,0.060901171638417954,0.06372167438720112,0.00282050274878317,1321,1379,TRUE1MIN::lagged_daily_context
ctx_billboard_deal_amount_ratio,ctx_hfq_is_st,0.0,0,0.0,0.0,0.0,0,0,TRUE1MIN::lagged_daily_context
ctx_billboard_deal_amount_ratio,ctx_hfq_market_cap_yuan,0.04560145588534764,2700,0.0568283245167256,0.065370461134107,0.008542136617381395,1321,1379,TRUE1MIN::lagged_daily_context
ctx_billboard_deal_amount_ratio,ctx_hfq_pb,0.05236976503226413,2700,0.06799511472691945,0.07102329473715448,0.0030281800102350265,1321,1379,TRUE1MIN::lagged_daily_context
ctx_billboard_deal_amount_ratio,ctx_hfq_pe_ttm,0.046109332303017704,2700,0.06152462367330778,0.05957453333937726,0.0019500903339305167,1321,1379,TRUE1MIN::lagged_daily_context
ctx_billboard_deal_amount_ratio,ctx_hfq_prev_is_limit_up,0.0,0,0.0,0.0,0.0,0,0,TRUE1MIN::lagged_daily_context
ctx_billboard_deal_amount_ratio,ctx_hfq_ps_ttm,0.04746046813748352,2700,0.06313956757309667,0.06334959076364366,0.0002100231905469846,1321,1379,TRUE1MIN::lagged_daily_context
ctx_billboard_deal_amount_ratio,ctx_hfq_turnover_ratio,0.08714466695231374,2700,0.10616201676420527,0.09826232514395324,0.00789969162025203,1321,1379,TRUE1MIN::lagged_daily_context
ctx_billboard_deal_amount_ratio,ctx_hfq_volume_ratio,0.06625468123991134,2695,0.08556770405412185,0.08065622982503393,0.004911474229087928,1319,1376,TRUE1MIN::lagged_daily_context
ctx_billboard_deal_amount_ratio,ctx_holder_avg_hold_num,0.523902954520356,120,0.5834511563567916,0.5917745288152877,0.008323372458496126,56,64,TRUE1MIN::lagged_daily_context
ctx_billboard_deal_amount_ratio,ctx_holder_avg_market_cap,0.5084957894336408,120,0.5837693088236314,0.5516536993926415,0.0321156094309899,56,64,TRUE1MIN::lagged_daily_context
ctx_billboard_deal_amount_ratio,ctx_holder_holder_num,0.5051079007736977,120,0.556448143915824,0.5812770884754431,0.024828944559619148,56,64,TRUE1MIN::lagged_daily_context
ctx_billboard_deal_amount_ratio,ctx_holder_holder_num_change,0.5301840582699497,120,0.5555159794743046,0.588566857856103,0.03305087838179832,56,64,TRUE1MIN::lagged_daily_context
ctx_billboard_deal_amount_ratio,ctx_holder_holder_num_ratio,0.5211648738419462,120,0.5631906511342426,0.5717897520982996,0.008599100964057027,56,64,TRUE1MIN::lagged_daily_context
ctx_billboard_deal_amount_ratio,ctx_rzrq_rqye,0.056498548486700384,2120,0.06408809225126047,0.07970649305022083,0.01561840079896036,1021,1099,TRUE1MIN::lagged_daily_context
ctx_billboard_deal_amount_ratio,ctx_rzrq_rqyl,0.06442796472504263,2120,0.08636397231989923,0.07915379001336428,0.007210182306534946,1021,1099,TRUE1MIN::lagged_daily_context
ctx_billboard_deal_amount_ratio,ctx_rzrq_rzche,0.07757720214658421,2120,0.08365467836440704,0.09964947602122719,0.015994797656820145,1021,1099,TRUE1MIN::lagged_daily_context
ctx_billboard_deal_amount_ratio,ctx_rzrq_rzjme,0.07429569907401845,2120,0.09938325598937776,0.09036960648371507,0.00901364950566269,1021,1099,TRUE1MIN::lagged_daily_context
ctx_billboard_deal_amount_ratio,ctx_rzrq_rzmre,0.08044320542097393,2120,0.08874501991112209,0.1019693700869193,0.013224350175797206,1021,1099,TRUE1MIN::lagged_daily_context
ctx_billboard_deal_amount_ratio,ctx_rzrq_rzrqye,0.06037037281184356,2120,0.08066419446231346,0.08147296627233926,0.0008087718100257962,1021,1099,TRUE1MIN::lagged_daily_context
ctx_billboard_deal_amount_ratio,ctx_rzrq_rzye,0.06171417139355705,2120,0.08398556758189853,0.08028388032096422,0.003701687260934311,1021,1099,TRUE1MIN::lagged_daily_context
ctx_billboard_deal_amount_ratio,ctx_rzrq_rzyezb,0.07683207537515689,2120,0.09401453582476192,0.0972435960294689,0.0032290602047069794,1021,1099,TRUE1MIN::lagged_daily_context
ctx_billboard_deal_amount_ratio,ctx_sent_damian_num,0.00976864873122255,2700,0.013478656025785754,0.017326583753926986,0.0038479277281412323,1321,1379,TRUE1MIN::lagged_daily_context
ctx_billboard_deal_amount_ratio,ctx_sent_ditian_num,0.004366285512957173,2700,0.005493291212683267,0.00812916803099494,0.0026358768183116733,1321,1379,TRUE1MIN::lagged_daily_context
ctx_billboard_deal_amount_ratio,ctx_sent_down_num,0.04826241413253324,2700,0.06278584824669203,0.06430774659006734,0.001521898343375308,1321,1379,TRUE1MIN::lagged_daily_context
ctx_billboard_deal_amount_ratio,ctx_sent_downlimit_num,0.03495202486242348,2700,0.04866931190164164,0.050075696320769254,0.0014063844191276112,1321,1379,TRUE1MIN::lagged_daily_context
ctx_billboard_deal_amount_ratio,ctx_sent_gt5_num,0.047392719178681715,2700,0.06321330909020202,0.0629322105774217,0.0002810985127803256,1321,1379,TRUE1MIN::lagged_daily_context
ctx_billboard_deal_amount_ratio,ctx_sent_lb_2_num,0.03659092249382981,2700,0.047301678225750654,0.0514930915392328,0.004191413313482148,1321,1379,TRUE1MIN::lagged_daily_context
ctx_billboard_deal_amount_ratio,ctx_sent_lb_3_num,0.024378514566623224,2700,0.03421051375415789,0.029169189278902326,0.00504132447525556,1321,1379,TRUE1MIN::lagged_daily_context
ctx_billboard_deal_amount_ratio,ctx_sent_lb_h_num,0.02557888238554897,2700,0.0312113735725383,0.033808131943804644,0.002596758371266345,1321,1379,TRUE1MIN::lagged_daily_context
ctx_billboard_deal_amount_ratio,ctx_sent_lt5_num,0.04716579191444013,2700,0.06341506206493851,0.06586614517610904,0.002451083111170538,1321,1379,TRUE1MIN::lagged_daily_context
ctx_billboard_deal_amount_ratio,ctx_sent_max_lb_num,0.023302507895215874,2700,0.029156833064165374,0.031911528711021576,0.002754695646856202,1321,1379,TRUE1MIN::lagged_daily_context
ctx_billboard_deal_amount_ratio,ctx_sent_mian_num,0.0257481367789944,2700,0.038629327280258634,0.03245793807377323,0.0061713892064854045,1321,1379,TRUE1MIN::lagged_daily_context
ctx_billboard_deal_amount_ratio,ctx_sent_tiandi_num,1.2655983791359795e-08,2700,0.0,0.0,0.0,1321,1379,TRUE1MIN::lagged_daily_context
ctx_billboard_deal_amount_ratio,ctx_sent_up_num,0.04407758792425666,2700,0.05997115195898348,0.05569585285306772,0.0042752991059157655,1321,1379,TRUE1MIN::lagged_daily_context
ctx_billboard_deal_amount_ratio,ctx_sent_uplimit_num,0.04640573679832954,2700,0.05470460254775319,0.06926979626855835,0.014565193720805163,1321,1379,TRUE1MIN::lagged_daily_context
ctx_billboard_deal_amount_ratio,ctx_sent_zb_num,0.05472801257282068,2700,0.06700760251479956,0.07447446726358192,0.007466864748782359,1321,1379,TRUE1MIN::lagged_daily_context
ctx_billboard_deal_amount_ratio,ctx_ths_hot_circulation_value,0.35576138368206855,307,0.4607151274252464,0.3774194510876307,0.0832956763376157,145,162,TRUE1MIN::lagged_daily_context
ctx_billboard_deal_amount_ratio,ctx_ths_hot_last_pct,0.33573826476210356,307,0.416484709314329,0.3819333872887496,0.03455132202557942,145,162,TRUE1MIN::lagged_daily_context
ctx_billboard_deal_amount_ratio,ctx_ths_hot_last_price,0.35872742604488,307,0.44566387996397455,0.40392031506227255,0.041743564901702,145,162,TRUE1MIN::lagged_daily_context
ctx_billboard_deal_amount_ratio,ctx_ths_hot_rank,0.22099469714488365,307,0.2897959212626727,0.27818635729079716,0.011609563971875514,145,162,TRUE1MIN::lagged_daily_context
ctx_billboard_deal_amount_ratio,ctx_ths_hot_rank_diff,0.3140688513450286,307,0.4259915358167528,0.34487138911127535,0.08112014670547746,145,162,TRUE1MIN::lagged_daily_context
ctx_billboard_deal_amount_ratio,ctx_zls_df_num,0.0,0,0.0,0.0,0.0,0,0,TRUE1MIN::lagged_daily_context
ctx_billboard_deal_amount_ratio,ctx_zls_lbgd,0.0,0,0.0,0.0,0.0,0,0,TRUE1MIN::lagged_daily_context
ctx_billboard_deal_amount_ratio,ctx_zls_strong,0.0,0,0.0,0.0,0.0,0,0,TRUE1MIN::lagged_daily_context
ctx_billboard_deal_amount_ratio,ctx_zls_ztjs,0.0,0,0.0,0.0,0.0,0,0,TRUE1MIN::lagged_daily_context
ctx_billboard_deal_net_ratio,ctx_billboard_net_bs_amt,0.34377658855245896,2694,0.3485871746273508,0.35660525699813367,0.008018082370782886,1318,1376,TRUE1MIN::lagged_daily_context
ctx_billboard_deal_net_ratio,ctx_billboard_sell_ratio,0.11309426684490102,2694,0.11781548942810739,0.13358113307447755,0.01576564364637016,1318,1376,TRUE1MIN::lagged_daily_context
ctx_billboard_deal_net_ratio,ctx_billboard_sum_buy_amt,0.06299726417034791,2700,0.07174517278187831,0.08294705888978032,0.011201886107902015,1321,1379,TRUE1MIN::lagged_daily_context
ctx_billboard_deal_net_ratio,ctx_billboard_sum_sell_amt,0.06561385669492291,2694,0.07981483041591261,0.07892205975110539,0.0008927706648072242,1318,1376,TRUE1MIN::lagged_daily_context
ctx_billboard_deal_net_ratio,ctx_billboard_turnoverrate,0.06433721655186762,2700,0.07517144322701602,0.0863729488817007,0.011201505654684682,1321,1379,TRUE1MIN::lagged_daily_context
ctx_billboard_deal_net_ratio,ctx_hfq_float_market_cap_yuan,0.05158901444205648,2700,0.07157186694824469,0.06829472236227242,0.0032771445859722664,1321,1379,TRUE1MIN::lagged_daily_context
ctx_billboard_deal_net_ratio,ctx_hfq_is_st,0.0,0,0.0,0.0,0.0,0,0,TRUE1MIN::lagged_daily_context
ctx_billboard_deal_net_ratio,ctx_hfq_market_cap_yuan,0.04526560217575617,2700,0.05733684845744885,0.06387326218641541,0.006536413728966559,1321,1379,TRUE1MIN::lagged_daily_context
ctx_billboard_deal_net_ratio,ctx_hfq_pb,0.04399755617640221,2700,0.06335454146499978,0.056536103704443376,0.006818437760556399,1321,1379,TRUE1MIN::lagged_daily_context
ctx_billboard_deal_net_ratio,ctx_hfq_pe_ttm,0.04891966752460951,2700,0.06734143539550605,0.06323273228985261,0.004108703105653436,1321,1379,TRUE1MIN::lagged_daily_context
ctx_billboard_deal_net_ratio,ctx_hfq_prev_is_limit_up,0.0,0,0.0,0.0,0.0,0,0,TRUE1MIN::lagged_daily_context
ctx_billboard_deal_net_ratio,ctx_hfq_ps_ttm,0.04626174112640445,2700,0.0658529606266798,0.06047666818398644,0.005376292442693352,1321,1379,TRUE1MIN::lagged_daily_context
ctx_billboard_deal_net_ratio,ctx_hfq_turnover_ratio,0.07253637179734584,2700,0.09186295258481614,0.0844158090223934,0.007447143562422737,1321,1379,TRUE1MIN::lagged_daily_context
ctx_billboard_deal_net_ratio,ctx_hfq_volume_ratio,0.0632766123448234,2695,0.08500729801407893,0.08040130678571421,0.00460599122836472,1319,1376,TRUE1MIN::lagged_daily_context
ctx_billboard_deal_net_ratio,ctx_holder_avg_hold_num,0.5257159073228788,120,0.608185940730485,0.5709389289718363,0.03724701175864875,56,64,TRUE1MIN::lagged_daily_context
ctx_billboard_deal_net_ratio,ctx_holder_avg_market_cap,0.49715343996175304,120,0.5815825110743535,0.5562966792049826,0.025285831869370945,56,64,TRUE1MIN::lagged_daily_context
ctx_billboard_deal_net_ratio,ctx_holder_holder_num,0.5101637631350181,120,0.6137699942186653,0.5670191677428547,0.046750826475810636,56,64,TRUE1MIN::lagged_daily_context
ctx_billboard_deal_net_ratio,ctx_holder_holder_num_change,0.5261723110948837,120,0.5931428901435698,0.5514328692189385,0.041710020924631275,56,64,TRUE1MIN::lagged_daily_context
ctx_billboard_deal_net_ratio,ctx_holder_holder_num_ratio,0.5094263690903242,120,0.5819161170506026,0.549443968210617,0.032472148839985615,56,64,TRUE1MIN::lagged_daily_context
ctx_billboard_deal_net_ratio,ctx_rzrq_rqye,0.057857322518006,2120,0.08205243132765612,0.07092494102301221,0.011127490304643911,1021,1099,TRUE1MIN::lagged_daily_context
ctx_billboard_deal_net_ratio,ctx_rzrq_rqyl,0.05224854463244937,2120,0.07053335668969968,0.06603114366971018,0.004502213019989501,1021,1099,TRUE1MIN::lagged_daily_context
ctx_billboard_deal_net_ratio,ctx_rzrq_rzche,0.0747691475326531,2120,0.08945011056200596,0.08952107100830868,7.09604463027258e-05,1021,1099,TRUE1MIN::lagged_daily_context
ctx_billboard_deal_net_ratio,ctx_rzrq_rzjme,0.06654886689381702,2120,0.08697540197693471,0.08247977943172093,0.004495622545213782,1021,1099,TRUE1MIN::lagged_daily_context
ctx_billboard_deal_net_ratio,ctx_rzrq_rzmre,0.08311778529234558,2120,0.09449926790144096,0.1009841874030845,0.006484919501643538,1021,1099,TRUE1MIN::lagged_daily_context
ctx_billboard_deal_net_ratio,ctx_rzrq_rzrqye,0.06958875960445186,2120,0.09026353578057396,0.08418635247416734,0.006077183306406622,1021,1099,TRUE1MIN::lagged_daily_context
ctx_billboard_deal_net_ratio,ctx_rzrq_rzye,0.06809104182334129,2120,0.08836342909868151,0.08495591699272599,0.0034075121059555236,1021,1099,TRUE1MIN::lagged_daily_context
ctx_billboard_deal_net_ratio,ctx_rzrq_rzyezb,0.06466269508438349,2120,0.07864383291202076,0.08532159787232858,0.006677764960307822,1021,1099,TRUE1MIN::lagged_daily_context
ctx_billboard_deal_net_ratio,ctx_sent_damian_num,0.014172502348418459,2700,0.019230986773318172,0.01772899808122811,0.0015019886920900616,1321,1379,TRUE1MIN::lagged_daily_context
ctx_billboard_deal_net_ratio,ctx_sent_ditian_num,0.008618053641534514,2700,0.010882011924853628,0.011423687803627859,0.0005416758787742306,1321,1379,TRUE1MIN::lagged_daily_context
ctx_billboard_deal_net_ratio,ctx_sent_down_num,0.04222626477911857,2700,0.06121388145423897,0.059438200291684666,0.0017756811625543045,1321,1379,TRUE1MIN::lagged_daily_context
ctx_billboard_deal_net_ratio,ctx_sent_downlimit_num,0.04122681442120807,2700,0.04911292179814957,0.06159726421530987,0.012484342417160302,1321,1379,TRUE1MIN::lagged_daily_context
ctx_billboard_deal_net_ratio,ctx_sent_gt5_num,0.04886927424769349,2700,0.06546672147125662,0.06497889724619965,0.00048782422505697087,1321,1379,TRUE1MIN::lagged_daily_context
ctx_billboard_deal_net_ratio,ctx_sent_lb_2_num,0.05180301801064399,2700,0.06446403415997773,0.06787825272550557,0.0034142185655278434,1321,1379,TRUE1MIN::lagged_daily_context
ctx_billboard_deal_net_ratio,ctx_sent_lb_3_num,0.024300800469261336,2700,0.03480546373158617,0.03152479417009599,0.0032806695614901807,1321,1379,TRUE1MIN::lagged_daily_context
ctx_billboard_deal_net_ratio,ctx_sent_lb_h_num,0.025175108317621608,2700,0.026697117881575437,0.04007337918315562,0.013376261301580185,1321,1379,TRUE1MIN::lagged_daily_context
ctx_billboard_deal_net_ratio,ctx_sent_lt5_num,0.039390471905197164,2700,0.050408591472126146,0.05724740634431024,0.006838814872184094,1321,1379,TRUE1MIN::lagged_daily_context
ctx_billboard_deal_net_ratio,ctx_sent_max_lb_num,0.02551643239065537,2700,0.03162189237535812,0.03574869620376929,0.004126803828411171,1321,1379,TRUE1MIN::lagged_daily_context
ctx_billboard_deal_net_ratio,ctx_sent_mian_num,0.020727778918659977,2700,0.02880262392768945,0.029865015785986278,0.0010623918582968288,1321,1379,TRUE1MIN::lagged_daily_context
ctx_billboard_deal_net_ratio,ctx_sent_tiandi_num,1.265591364162513e-08,2700,0.0,0.0,0.0,1321,1379,TRUE1MIN::lagged_daily_context
ctx_billboard_deal_net_ratio,ctx_sent_up_num,0.046773747845807574,2700,0.06988549283696417,0.06116290251945018,0.00872259031751399,1321,1379,TRUE1MIN::lagged_daily_context
ctx_billboard_deal_net_ratio,ctx_sent_uplimit_num,0.04505472444623446,2700,0.06292926947011887,0.053541348652220024,0.009387920817898847,1321,1379,TRUE1MIN::lagged_daily_context
ctx_billboard_deal_net_ratio,ctx_sent_zb_num,0.04488089559777958,2700,0.06292379315497655,0.06037828595655498,0.0025455071984215732,1321,1379,TRUE1MIN::lagged_daily_context
ctx_billboard_deal_net_ratio,ctx_ths_hot_circulation_value,0.32183969883961794,307,0.40315425801775306,0.3862000204277204,0.016954237590032673,145,162,TRUE1MIN::lagged_daily_context
ctx_billboard_deal_net_ratio,ctx_ths_hot_last_pct,0.3274963142213016,307,0.421701643883891,0.3836671510477158,0.03803449283617516,145,162,TRUE1MIN::lagged_daily_context
ctx_billboard_deal_net_ratio,ctx_ths_hot_last_price,0.3398048814718852,307,0.3866334761226893,0.4220055498097029,0.03537207368701362,145,162,TRUE1MIN::lagged_daily_context
ctx_billboard_deal_net_ratio,ctx_ths_hot_rank,0.2154406747948541,307,0.2997886267571025,0.27849869985616915,0.021289926900933343,145,162,TRUE1MIN::lagged_daily_context
ctx_billboard_deal_net_ratio,ctx_ths_hot_rank_diff,0.2837012076235344,307,0.36410817739704976,0.3733094295420657,0.009201252145015937,145,162,TRUE1MIN::lagged_daily_context
ctx_billboard_deal_net_ratio,ctx_zls_df_num,0.0,0,0.0,0.0,0.0,0,0,TRUE1MIN::lagged_daily_context
ctx_billboard_deal_net_ratio,ctx_zls_lbgd,0.0,0,0.0,0.0,0.0,0,0,TRUE1MIN::lagged_daily_context
ctx_billboard_deal_net_ratio,ctx_zls_strong,0.0,0,0.0,0.0,0.0,0,0,TRUE1MIN::lagged_daily_context
ctx_billboard_deal_net_ratio,ctx_zls_ztjs,0.0,0,0.0,0.0,0.0,0,0,TRUE1MIN::lagged_daily_context
ctx_billboard_net_bs_amt,ctx_billboard_sell_ratio,0.06512485333154781,2694,0.07497068487867144,0.08421417511429206,0.009243490235620627,1318,1376,TRUE1MIN::lagged_daily_context
ctx_billboard_net_bs_amt,ctx_billboard_sum_buy_amt,0.17421184301615997,2694,0.18022508356706604,0.1965499964652649,0.016324912898198846,1318,1376,TRUE1MIN::lagged_daily_context
ctx_billboard_net_bs_amt,ctx_billboard_sum_sell_amt,0.1619012158519313,2694,0.17358876336988655,0.17720818541949396,0.0036194220496074125,1318,1376,TRUE1MIN::lagged_daily_context
ctx_billboard_net_bs_amt,ctx_billboard_turnoverrate,0.07101526909224624,2694,0.08671647554356275,0.08807320143102519,0.00135672588746244,1318,1376,TRUE1MIN::lagged_daily_context
ctx_billboard_net_bs_amt,ctx_hfq_float_market_cap_yuan,0.10003483085110602,2694,0.11817476820891919,0.11064493578268167,0.007529832426237518,1318,1376,TRUE1MIN::lagged_daily_context
ctx_billboard_net_bs_amt,ctx_hfq_is_st,0.0,0,0.0,0.0,0.0,0,0,TRUE1MIN::lagged_daily_context
ctx_billboard_net_bs_amt,ctx_hfq_market_cap_yuan,0.09914921885559225,2694,0.11098804809892739,0.11871164562257043,0.007723597523643044,1318,1376,TRUE1MIN::lagged_daily_context
ctx_billboard_net_bs_amt,ctx_hfq_pb,0.05033860161895438,2694,0.07441150299180288,0.06543850627480949,0.008972996716993392,1318,1376,TRUE1MIN::lagged_daily_context
ctx_billboard_net_bs_amt,ctx_hfq_pe_ttm,0.05169417846718796,2694,0.067508321871524,0.06663598023751027,0.0008723416340137291,1318,1376,TRUE1MIN::lagged_daily_context
ctx_billboard_net_bs_amt,ctx_hfq_prev_is_limit_up,0.0,0,0.0,0.0,0.0,0,0,TRUE1MIN::lagged_daily_context
ctx_billboard_net_bs_amt,ctx_hfq_ps_ttm,0.05252440618634371,2694,0.06778303264585915,0.06898987229879834,0.00120683965293919,1318,1376,TRUE1MIN::lagged_daily_context
ctx_billboard_net_bs_amt,ctx_hfq_turnover_ratio,0.08092237721048139,2694,0.09702247388721949,0.09150183826400471,0.005520635623214781,1318,1376,TRUE1MIN::lagged_daily_context
ctx_billboard_net_bs_amt,ctx_hfq_volume_ratio,0.05943086296841539,2689,0.08597835069151527,0.06907772103797578,0.016900629653539487,1316,1373,TRUE1MIN::lagged_daily_context
ctx_billboard_net_bs_amt,ctx_holder_avg_hold_num,0.5471936466532876,120,0.6056722801800518,0.6372875988319683,0.03161531865191647,56,64,TRUE1MIN::lagged_daily_context
ctx_billboard_net_bs_amt,ctx_holder_avg_market_cap,0.55501264228996,120,0.5916009979674209,0.6141410759190087,0.022540077951587745,56,64,TRUE1MIN::lagged_daily_context
ctx_billboard_net_bs_amt,ctx_holder_holder_num,0.5191340181146843,120,0.603802991777109,0.5836537025135957,0.020149289263513337,56,64,TRUE1MIN::lagged_daily_context
ctx_billboard_net_bs_amt,ctx_holder_holder_num_change,0.4831451779583171,120,0.5928618873118087,0.5397267070961064,0.05313518021570229,56,64,TRUE1MIN::lagged_daily_context
ctx_billboard_net_bs_amt,ctx_holder_holder_num_ratio,0.5155548618367666,120,0.5777665069625098,0.5816258101148852,0.0038593031523754817,56,64,TRUE1MIN::lagged_daily_context
ctx_billboard_net_bs_amt,ctx_rzrq_rqye,0.07744539379557742,2114,0.1101520493410636,0.08353996215491542,0.026612087186148173,1018,1096,TRUE1MIN::lagged_daily_context
ctx_billboard_net_bs_amt,ctx_rzrq_rqyl,0.08347045953813562,2114,0.10897055667096454,0.09510338730243617,0.013867169368528373,1018,1096,TRUE1MIN::lagged_daily_context
ctx_billboard_net_bs_amt,ctx_rzrq_rzche,0.11425838092327675,2114,0.1256955241661197,0.13157205911081862,0.005876534944698919,1018,1096,TRUE1MIN::lagged_daily_context
ctx_billboard_net_bs_amt,ctx_rzrq_rzjme,0.10092850107137251,2114,0.12635765139280927,0.11610363807201551,0.010254013320793759,1018,1096,TRUE1MIN::lagged_daily_context
ctx_billboard_net_bs_amt,ctx_rzrq_rzmre,0.11470881101480296,2114,0.13892409930499197,0.1273510936290572,0.011573005675934778,1018,1096,TRUE1MIN::lagged_daily_context
ctx_billboard_net_bs_amt,ctx_rzrq_rzrqye,0.11522876609252473,2114,0.13537485678213548,0.1371344823182347,0.0017596255360992075,1018,1096,TRUE1MIN::lagged_daily_context
ctx_billboard_net_bs_amt,ctx_rzrq_rzye,0.11515089879581311,2114,0.1369934120737697,0.13230956461437152,0.004683847459398177,1018,1096,TRUE1MIN::lagged_daily_context
ctx_billboard_net_bs_amt,ctx_rzrq_rzyezb,0.07948173777796186,2114,0.09818163283654922,0.096804655833521,0.001376977003028218,1018,1096,TRUE1MIN::lagged_daily_context
ctx_billboard_net_bs_amt,ctx_sent_damian_num,0.02276277880983841,2694,0.029156334484197157,0.026268263134573425,0.0028880713496237317,1318,1376,TRUE1MIN::lagged_daily_context
ctx_billboard_net_bs_amt,ctx_sent_ditian_num,0.01033312336534171,2694,0.011808527088417954,0.011821932138686065,1.3405050268110175e-05,1318,1376,TRUE1MIN::lagged_daily_context
ctx_billboard_net_bs_amt,ctx_sent_down_num,0.04860022236300973,2694,0.06971106839154294,0.06683639652278639,0.002874671868756548,1318,1376,TRUE1MIN::lagged_daily_context
ctx_billboard_net_bs_amt,ctx_sent_downlimit_num,0.04100190855803238,2694,0.05586297898244335,0.05710519865135656,0.0012422196689132123,1318,1376,TRUE1MIN::lagged_daily_context
ctx_billboard_net_bs_amt,ctx_sent_gt5_num,0.049330081656433176,2694,0.0660907912411855,0.06374686183925356,0.0023439294019319407,1318,1376,TRUE1MIN::lagged_daily_context
ctx_billboard_net_bs_amt,ctx_sent_lb_2_num,0.04256019511799483,2694,0.055552279351170755,0.06106352111714982,0.005511241765979065,1318,1376,TRUE1MIN::lagged_daily_context
ctx_billboard_net_bs_amt,ctx_sent_lb_3_num,0.024726911216795204,2694,0.029857115916879316,0.039884917434311606,0.01002780151743229,1318,1376,TRUE1MIN::lagged_daily_context
ctx_billboard_net_bs_amt,ctx_sent_lb_h_num,0.025331780055947897,2694,0.03492033000857761,0.035371221178465403,0.0004508911698877932,1318,1376,TRUE1MIN::lagged_daily_context
ctx_billboard_net_bs_amt,ctx_sent_lt5_num,0.04174359926443354,2694,0.06112414083142932,0.056229552008927756,0.004894588822501565,1318,1376,TRUE1MIN::lagged_daily_context
ctx_billboard_net_bs_amt,ctx_sent_max_lb_num,0.024842792715567726,2694,0.03550377733624104,0.031978225329771605,0.0035255520064694373,1318,1376,TRUE1MIN::lagged_daily_context
ctx_billboard_net_bs_amt,ctx_sent_mian_num,0.02353545785820543,2694,0.029684513022675486,0.0336426252334714,0.003958112210795912,1318,1376,TRUE1MIN::lagged_daily_context
ctx_billboard_net_bs_amt,ctx_sent_tiandi_num,0.0,2694,0.0,0.0,0.0,1318,1376,TRUE1MIN::lagged_daily_context
ctx_billboard_net_bs_amt,ctx_sent_up_num,0.04737454629749259,2694,0.06546159061306961,0.06243702947659555,0.0030245611364740563,1318,1376,TRUE1MIN::lagged_daily_context
ctx_billboard_net_bs_amt,ctx_sent_uplimit_num,0.055998170971399794,2694,0.07208496820321579,0.0732847390085137,0.0011997708052979145,1318,1376,TRUE1MIN::lagged_daily_context
ctx_billboard_net_bs_amt,ctx_sent_zb_num,0.047227760645450874,2694,0.07122674140239828,0.06179653700917018,0.0094302043932281,1318,1376,TRUE1MIN::lagged_daily_context
ctx_billboard_net_bs_amt,ctx_ths_hot_circulation_value,0.30512530939738197,307,0.3746356353444633,0.3406403588116711,0.03399527653279222,145,162,TRUE1MIN::lagged_daily_context
ctx_billboard_net_bs_amt,ctx_ths_hot_last_pct,0.2707928713743387,307,0.3335171437300261,0.3490219983887376,0.015504854658711487,145,162,TRUE1MIN::lagged_daily_context
ctx_billboard_net_bs_amt,ctx_ths_hot_last_price,0.2878449896573247,307,0.3609333353537416,0.3420542815723509,0.01887905378139071,145,162,TRUE1MIN::lagged_daily_context
ctx_billboard_net_bs_amt,ctx_ths_hot_rank,0.22004235090192265,307,0.30441239434155504,0.25272933337370035,0.05168306096785469,145,162,TRUE1MIN::lagged_daily_context
ctx_billboard_net_bs_amt,ctx_ths_hot_rank_diff,0.2503539298167371,307,0.3142968351055084,0.313675311062697,0.00062152404281135,145,162,TRUE1MIN::lagged_daily_context
ctx_billboard_net_bs_amt,ctx_zls_df_num,0.0,0,0.0,0.0,0.0,0,0,TRUE1MIN::lagged_daily_context
ctx_billboard_net_bs_amt,ctx_zls_lbgd,0.0,0,0.0,0.0,0.0,0,0,TRUE1MIN::lagged_daily_context
ctx_billboard_net_bs_amt,ctx_zls_strong,0.0,0,0.0,0.0,0.0,0,0,TRUE1MIN::lagged_daily_context
ctx_billboard_net_bs_amt,ctx_zls_ztjs,0.0,0,0.0,0.0,0.0,0,0,TRUE1MIN::lagged_daily_context
ctx_billboard_sell_ratio,ctx_billboard_sum_buy_amt,0.06483327585929433,2694,0.08211582461844227,0.0824066630711736,0.00029083845273132625,1318,1376,TRUE1MIN::lagged_daily_context
ctx_billboard_sell_ratio,ctx_billboard_sum_sell_amt,0.06754017387411257,2694,0.08372516996293948,0.0875345238557672,0.003809353892827716,1318,1376,TRUE1MIN::lagged_daily_context
ctx_billboard_sell_ratio,ctx_billboard_turnoverrate,0.07336018232401702,2694,0.09257630020324119,0.08745160778090458,0.00512469242233661,1318,1376,TRUE1MIN::lagged_daily_context
ctx_billboard_sell_ratio,ctx_hfq_float_market_cap_yuan,0.049612753432977025,2694,0.06203981207233601,0.0679173226915585,0.005877510619222481,1318,1376,TRUE1MIN::lagged_daily_context
ctx_billboard_sell_ratio,ctx_hfq_is_st,0.0,0,0.0,0.0,0.0,0,0,TRUE1MIN::lagged_daily_context
ctx_billboard_sell_ratio,ctx_hfq_market_cap_yuan,0.04433009097053905,2694,0.05457151588325662,0.06298569931592204,0.008414183432665423,1318,1376,TRUE1MIN::lagged_daily_context
ctx_billboard_sell_ratio,ctx_hfq_pb,0.04609932500292036,2694,0.06184109391744077,0.0673169481201507,0.0054758542027099275,1318,1376,TRUE1MIN::lagged_daily_context
ctx_billboard_sell_ratio,ctx_hfq_pe_ttm,0.0510270070657379,2694,0.07261691799983895,0.06456730612339474,0.008049611876444207,1318,1376,TRUE1MIN::lagged_daily_context
ctx_billboard_sell_ratio,ctx_hfq_prev_is_limit_up,0.0,0,0.0,0.0,0.0,0,0,TRUE1MIN::lagged_daily_context
ctx_billboard_sell_ratio,ctx_hfq_ps_ttm,0.047405521744367705,2694,0.058433005218300964,0.06919745789643104,0.01076445267813008,1318,1376,TRUE1MIN::lagged_daily_context
ctx_billboard_sell_ratio,ctx_hfq_turnover_ratio,0.08558862533815484,2694,0.10507422629455501,0.09349855328018825,0.011575673014366766,1318,1376,TRUE1MIN::lagged_daily_context
ctx_billboard_sell_ratio,ctx_hfq_volume_ratio,0.05986452918033645,2689,0.07849070462925581,0.07509379068669231,0.003396913942563501,1316,1373,TRUE1MIN::lagged_daily_context
ctx_billboard_sell_ratio,ctx_holder_avg_hold_num,0.5320115681252943,120,0.595663163420692,0.6013415056869095,0.00567834226621744,56,64,TRUE1MIN::lagged_daily_context
ctx_billboard_sell_ratio,ctx_holder_avg_market_cap,0.4861682300929175,120,0.5489678849295321,0.579280118115778,0.030312233186245874,56,64,TRUE1MIN::lagged_daily_context
ctx_billboard_sell_ratio,ctx_holder_holder_num,0.4878413753712149,120,0.5939353153053175,0.5706411507910717,0.02329416451424582,56,64,TRUE1MIN::lagged_daily_context
ctx_billboard_sell_ratio,ctx_holder_holder_num_change,0.4831699130655915,120,0.5602725316178205,0.5396122953176431,0.020660236300177437,56,64,TRUE1MIN::lagged_daily_context
ctx_billboard_sell_ratio,ctx_holder_holder_num_ratio,0.5030089364870535,120,0.5484732715964641,0.575488624708037,0.027015353111572882,56,64,TRUE1MIN::lagged_daily_context
ctx_billboard_sell_ratio,ctx_rzrq_rqye,0.04954891895803456,2114,0.058881819808752726,0.06997837881419648,0.011096559005443755,1018,1096,TRUE1MIN::lagged_daily_context
ctx_billboard_sell_ratio,ctx_rzrq_rqyl,0.050083879990243496,2114,0.05675705147512229,0.07575989302247972,0.01900284154735743,1018,1096,TRUE1MIN::lagged_daily_context
ctx_billboard_sell_ratio,ctx_rzrq_rzche,0.06907916669903744,2114,0.0716053024058405,0.09742669178651277,0.02582138938067227,1018,1096,TRUE1MIN::lagged_daily_context
ctx_billboard_sell_ratio,ctx_rzrq_rzjme,0.06607826894099403,2114,0.08598549270051797,0.08510806041562459,0.0008774322848933841,1018,1096,TRUE1MIN::lagged_daily_context
ctx_billboard_sell_ratio,ctx_rzrq_rzmre,0.07302419956298666,2114,0.08659482258861677,0.09649974252849639,0.009904919939879617,1018,1096,TRUE1MIN::lagged_daily_context
ctx_billboard_sell_ratio,ctx_rzrq_rzrqye,0.05944072669765791,2114,0.07522004151142059,0.08113793933952831,0.005917897828107727,1018,1096,TRUE1MIN::lagged_daily_context
ctx_billboard_sell_ratio,ctx_rzrq_rzye,0.05468379732344762,2114,0.07033642924621772,0.07702077010294216,0.006684340856724438,1018,1096,TRUE1MIN::lagged_daily_context
ctx_billboard_sell_ratio,ctx_rzrq_rzyezb,0.06283134424049637,2114,0.08567291848954348,0.07844746896376152,0.0072254495257819545,1018,1096,TRUE1MIN::lagged_daily_context
ctx_billboard_sell_ratio,ctx_sent_damian_num,0.00766696987235787,2694,0.015405489642276518,0.013347596081146147,0.002057893561130371,1318,1376,TRUE1MIN::lagged_daily_context
ctx_billboard_sell_ratio,ctx_sent_ditian_num,0.006131365439067914,2694,0.013061267232328474,0.005068154630857158,0.007993112601471316,1318,1376,TRUE1MIN::lagged_daily_context
ctx_billboard_sell_ratio,ctx_sent_down_num,0.05073899985737868,2694,0.06791635520725765,0.06870515710767638,0.0007888019004187313,1318,1376,TRUE1MIN::lagged_daily_context
ctx_billboard_sell_ratio,ctx_sent_downlimit_num,0.044224210891619604,2694,0.060142875280338924,0.059822921256290205,0.00031995402404871864,1318,1376,TRUE1MIN::lagged_daily_context
ctx_billboard_sell_ratio,ctx_sent_gt5_num,0.052334640894441786,2694,0.07301413718689044,0.06815096232099635,0.00486317486589409,1318,1376,TRUE1MIN::lagged_daily_context
ctx_billboard_sell_ratio,ctx_sent_lb_2_num,0.04399319627412597,2694,0.06281159844453393,0.05471682518079865,0.008094773263735283,1318,1376,TRUE1MIN::lagged_daily_context
ctx_billboard_sell_ratio,ctx_sent_lb_3_num,0.02571322116495222,2694,0.03277951529440065,0.03158751773872264,0.0011919975556780107,1318,1376,TRUE1MIN::lagged_daily_context
ctx_billboard_sell_ratio,ctx_sent_lb_h_num,0.026824128900633744,2694,0.030465231925459278,0.04239754777340422,0.011932315847944946,1318,1376,TRUE1MIN::lagged_daily_context
ctx_billboard_sell_ratio,ctx_sent_lt5_num,0.04286151734895193,2694,0.05537104642721698,0.05978913806054994,0.0044180916333329615,1318,1376,TRUE1MIN::lagged_daily_context
ctx_billboard_sell_ratio,ctx_sent_max_lb_num,0.02520299310721668,2694,0.0300397554451704,0.03645410867002839,0.0064143532248579944,1318,1376,TRUE1MIN::lagged_daily_context
ctx_billboard_sell_ratio,ctx_sent_mian_num,0.019219412000836943,2694,0.03150690099485684,0.026947257510847263,0.004559643484009578,1318,1376,TRUE1MIN::lagged_daily_context
ctx_billboard_sell_ratio,ctx_sent_tiandi_num,0.0,2694,0.0,0.0,0.0,1318,1376,TRUE1MIN::lagged_daily_context
ctx_billboard_sell_ratio,ctx_sent_up_num,0.050854855324502415,2694,0.06608940152049841,0.06951470266818603,0.0034253011476876177,1318,1376,TRUE1MIN::lagged_daily_context
ctx_billboard_sell_ratio,ctx_sent_uplimit_num,0.050754232840715834,2694,0.06869391236870066,0.06691808700178081,0.0017758253669198504,1318,1376,TRUE1MIN::lagged_daily_context
ctx_billboard_sell_ratio,ctx_sent_zb_num,0.04716876819837858,2694,0.05757042637429382,0.06782775989071632,0.010257333516422502,1318,1376,TRUE1MIN::lagged_daily_context
ctx_billboard_sell_ratio,ctx_ths_hot_circulation_value,0.3397683043305872,307,0.424599831815686,0.3953465464796069,0.029253285336079127,145,162,TRUE1MIN::lagged_daily_context
ctx_billboard_sell_ratio,ctx_ths_hot_last_pct,0.3554514488084925,307,0.4296504248208276,0.411581747738137,0.01806867708269061,145,162,TRUE1MIN::lagged_daily_context
ctx_billboard_sell_ratio,ctx_ths_hot_last_price,0.3598707648353868,307,0.4215819715661765,0.41547541511940944,0.006106556446767053,145,162,TRUE1MIN::lagged_daily_context
ctx_billboard_sell_ratio,ctx_ths_hot_rank,0.2403314217994494,307,0.29937236677062307,0.309526129326434,0.010153762555810908,145,162,TRUE1MIN::lagged_daily_context
ctx_billboard_sell_ratio,ctx_ths_hot_rank_diff,0.29401205108133127,307,0.3536884688578388,0.3515487972652752,0.0021396715925635634,145,162,TRUE1MIN::lagged_daily_context
ctx_billboard_sell_ratio,ctx_zls_df_num,0.0,0,0.0,0.0,0.0,0,0,TRUE1MIN::lagged_daily_context
ctx_billboard_sell_ratio,ctx_zls_lbgd,0.0,0,0.0,0.0,0.0,0,0,TRUE1MIN::lagged_daily_context
ctx_billboard_sell_ratio,ctx_zls_strong,0.0,0,0.0,0.0,0.0,0,0,TRUE1MIN::lagged_daily_context
ctx_billboard_sell_ratio,ctx_zls_ztjs,0.0,0,0.0,0.0,0.0,0,0,TRUE1MIN::lagged_daily_context
ctx_billboard_sum_buy_amt,ctx_billboard_sum_sell_amt,0.29919419429529553,2694,0.312960790599333,0.30730479131666333,0.005655999282669688,1318,1376,TRUE1MIN::lagged_daily_context
ctx_billboard_sum_buy_amt,ctx_billboard_turnoverrate,0.08658173336883239,2700,0.09673020376927184,0.10369207643897846,0.0069618726697066174,1321,1379,TRUE1MIN::lagged_daily_context
ctx_billboard_sum_buy_amt,ctx_hfq_float_market_cap_yuan,0.1610196174220056,2700,0.17725760886454162,0.17610681231999278,0.0011507965445488322,1321,1379,TRUE1MIN::lagged_daily_context
ctx_billboard_sum_buy_amt,ctx_hfq_is_st,0.0,0,0.0,0.0,0.0,0,0,TRUE1MIN::lagged_daily_context
ctx_billboard_sum_buy_amt,ctx_hfq_market_cap_yuan,0.16612094646241496,2700,0.17748639036375866,0.18337458670524762,0.00588819634148896,1321,1379,TRUE1MIN::lagged_daily_context
ctx_billboard_sum_buy_amt,ctx_hfq_pb,0.05060899642087915,2700,0.07508270793100999,0.06272838318885697,0.01235432474215302,1321,1379,TRUE1MIN::lagged_daily_context
ctx_billboard_sum_buy_amt,ctx_hfq_pe_ttm,0.06325410226347933,2700,0.07805518056281742,0.08004776620488693,0.0019925856420695137,1321,1379,TRUE1MIN::lagged_daily_context
ctx_billboard_sum_buy_amt,ctx_hfq_prev_is_limit_up,0.0,0,0.0,0.0,0.0,0,0,TRUE1MIN::lagged_daily_context
ctx_billboard_sum_buy_amt,ctx_hfq_ps_ttm,0.04696697718171616,2700,0.06553275798772674,0.06476357470937831,0.0007691832783484343,1321,1379,TRUE1MIN::lagged_daily_context
ctx_billboard_sum_buy_amt,ctx_hfq_turnover_ratio,0.08491523559080323,2700,0.09553382346998604,0.10109258674329824,0.0055587632733122005,1321,1379,TRUE1MIN::lagged_daily_context
ctx_billboard_sum_buy_amt,ctx_hfq_volume_ratio,0.06285382636571671,2695,0.08235015452248037,0.08262795452691679,0.00027780000443641817,1319,1376,TRUE1MIN::lagged_daily_context
ctx_billboard_sum_buy_amt,ctx_holder_avg_hold_num,0.5454662137076312,120,0.6100723929156262,0.6232235640500564,0.013151171134430206,56,64,TRUE1MIN::lagged_daily_context
ctx_billboard_sum_buy_amt,ctx_holder_avg_market_cap,0.5067294818212065,120,0.5806332145659528,0.5747648457859043,0.005868368780048594,56,64,TRUE1MIN::lagged_daily_context
ctx_billboard_sum_buy_amt,ctx_holder_holder_num,0.5224177843511831,120,0.6387198747435078,0.5785939006596345,0.060125974083873324,56,64,TRUE1MIN::lagged_daily_context
ctx_billboard_sum_buy_amt,ctx_holder_holder_num_change,0.4994870872497495,120,0.6183023483835616,0.5334955569744044,0.08480679140915715,56,64,TRUE1MIN::lagged_daily_context
ctx_billboard_sum_buy_amt,ctx_holder_holder_num_ratio,0.4886877388756116,120,0.5947075164473052,0.5311475382165971,0.06355997823070814,56,64,TRUE1MIN::lagged_daily_context
ctx_billboard_sum_buy_amt,ctx_rzrq_rqye,0.10489099256069484,2120,0.12290255406012018,0.11499910769787103,0.007903446362249156,1021,1099,TRUE1MIN::lagged_daily_context
ctx_billboard_sum_buy_amt,ctx_rzrq_rqyl,0.10315265602385319,2120,0.12210161247364593,0.1175475024344934,0.0045541100391525285,1021,1099,TRUE1MIN::lagged_daily_context
ctx_billboard_sum_buy_amt,ctx_rzrq_rzche,0.187242789486702,2120,0.2066648091485709,0.19200627617021318,0.01465853297835773,1021,1099,TRUE1MIN::lagged_daily_context
ctx_billboard_sum_buy_amt,ctx_rzrq_rzjme,0.12792226942951843,2120,0.14692229915141466,0.14575447813257536,0.0011678210188393046,1021,1099,TRUE1MIN::lagged_daily_context
ctx_billboard_sum_buy_amt,ctx_rzrq_rzmre,0.18827527198920505,2120,0.21222218701686182,0.2004264201548478,0.011795766862014029,1021,1099,TRUE1MIN::lagged_daily_context
ctx_billboard_sum_buy_amt,ctx_rzrq_rzrqye,0.17998412847918874,2120,0.20540340933389242,0.1888528143959684,0.016550594937924018,1021,1099,TRUE1MIN::lagged_daily_context
ctx_billboard_sum_buy_amt,ctx_rzrq_rzye,0.18106453361216202,2120,0.2057270248739301,0.19086125875042256,0.01486576612350754,1021,1099,TRUE1MIN::lagged_daily_context
ctx_billboard_sum_buy_amt,ctx_rzrq_rzyezb,0.08418108139890954,2120,0.11072877236288832,0.10144920758539225,0.009279564777496072,1021,1099,TRUE1MIN::lagged_daily_context
ctx_billboard_sum_buy_amt,ctx_sent_damian_num,0.015654041240222866,2700,0.018320297740376527,0.02323577986836179,0.0049154821279852635,1321,1379,TRUE1MIN::lagged_daily_context
ctx_billboard_sum_buy_amt,ctx_sent_ditian_num,0.008847130183895519,2700,0.0094441467349421,0.010416660752262568,0.000972514017320467,1321,1379,TRUE1MIN::lagged_daily_context
ctx_billboard_sum_buy_amt,ctx_sent_down_num,0.053793350369689276,2700,0.06478715195554997,0.07472173984788204,0.009934587892332064,1321,1379,TRUE1MIN::lagged_daily_context
ctx_billboard_sum_buy_amt,ctx_sent_downlimit_num,0.041950547539264846,2700,0.05562816881586922,0.05706236082015513,0.0014341920042859127,1321,1379,TRUE1MIN::lagged_daily_context
ctx_billboard_sum_buy_amt,ctx_sent_gt5_num,0.05317307139243491,2700,0.0643997304291029,0.07023505279941641,0.00583532237031352,1321,1379,TRUE1MIN::lagged_daily_context
ctx_billboard_sum_buy_amt,ctx_sent_lb_2_num,0.05036393797176913,2700,0.058942427777828224,0.0682207406327101,0.00927831285488187,1321,1379,TRUE1MIN::lagged_daily_context
ctx_billboard_sum_buy_amt,ctx_sent_lb_3_num,0.034703839223356465,2700,0.03820180666740106,0.04771132749825147,0.00950952083085041,1321,1379,TRUE1MIN::lagged_daily_context
ctx_billboard_sum_buy_amt,ctx_sent_lb_h_num,0.033674744654768475,2700,0.0356778788636665,0.05040426945550935,0.014726390591842844,1321,1379,TRUE1MIN::lagged_daily_context
ctx_billboard_sum_buy_amt,ctx_sent_lt5_num,0.04138633591754855,2700,0.05110399547651847,0.06450111241296662,0.013397116936448149,1321,1379,TRUE1MIN::lagged_daily_context
ctx_billboard_sum_buy_amt,ctx_sent_max_lb_num,0.026707187335572927,2700,0.03737940439695919,0.034381664824673336,0.002997739572285857,1321,1379,TRUE1MIN::lagged_daily_context
ctx_billboard_sum_buy_amt,ctx_sent_mian_num,0.029800635030557247,2700,0.03231664099064295,0.04188336918931223,0.009566728198669279,1321,1379,TRUE1MIN::lagged_daily_context
ctx_billboard_sum_buy_amt,ctx_sent_tiandi_num,0.0,2700,0.0,0.0,0.0,1321,1379,TRUE1MIN::lagged_daily_context
ctx_billboard_sum_buy_amt,ctx_sent_up_num,0.05055333842205158,2700,0.0676716268927462,0.06912970201221864,0.001458075119472449,1321,1379,TRUE1MIN::lagged_daily_context
ctx_billboard_sum_buy_amt,ctx_sent_uplimit_num,0.05701332987964416,2700,0.07230882346208255,0.07736088724561034,0.005052063783527794,1321,1379,TRUE1MIN::lagged_daily_context
ctx_billboard_sum_buy_amt,ctx_sent_zb_num,0.055267053305197114,2700,0.06896268064552953,0.07028018940906991,0.0013175087635403787,1321,1379,TRUE1MIN::lagged_daily_context
ctx_billboard_sum_buy_amt,ctx_ths_hot_circulation_value,0.32547637585378386,307,0.36592625419947244,0.3675641213746774,0.0016378671752049767,145,162,TRUE1MIN::lagged_daily_context
ctx_billboard_sum_buy_amt,ctx_ths_hot_last_pct,0.2772998662970995,307,0.32529074316562456,0.32147590378009916,0.0038148393855254037,145,162,TRUE1MIN::lagged_daily_context
ctx_billboard_sum_buy_amt,ctx_ths_hot_last_price,0.252917851595217,307,0.2975980191610132,0.2922637087739907,0.005334310387022478,145,162,TRUE1MIN::lagged_daily_context
ctx_billboard_sum_buy_amt,ctx_ths_hot_rank,0.2242833826345118,307,0.25322310762547695,0.27176153646554657,0.01853842884006962,145,162,TRUE1MIN::lagged_daily_context
ctx_billboard_sum_buy_amt,ctx_ths_hot_rank_diff,0.2501648207163734,307,0.28446960282455264,0.3000085014324253,0.015538898607872664,145,162,TRUE1MIN::lagged_daily_context
ctx_billboard_sum_buy_amt,ctx_zls_df_num,0.0,0,0.0,0.0,0.0,0,0,TRUE1MIN::lagged_daily_context
ctx_billboard_sum_buy_amt,ctx_zls_lbgd,0.0,0,0.0,0.0,0.0,0,0,TRUE1MIN::lagged_daily_context
ctx_billboard_sum_buy_amt,ctx_zls_strong,0.0,0,0.0,0.0,0.0,0,0,TRUE1MIN::lagged_daily_context
ctx_billboard_sum_buy_amt,ctx_zls_ztjs,0.0,0,0.0,0.0,0.0,0,0,TRUE1MIN::lagged_daily_context
ctx_billboard_sum_sell_amt,ctx_billboard_turnoverrate,0.08615301699976752,2694,0.09406093204214674,0.10701454966056022,0.012953617618413474,1318,1376,TRUE1MIN::lagged_daily_context
ctx_billboard_sum_sell_amt,ctx_hfq_float_market_cap_yuan,0.14324392000922598,2694,0.1576364550947194,0.15633567126727146,0.0013007838274479433,1318,1376,TRUE1MIN::lagged_daily_context
ctx_billboard_sum_sell_amt,ctx_hfq_is_st,0.0,0,0.0,0.0,0.0,0,0,TRUE1MIN::lagged_daily_context
ctx_billboard_sum_sell_amt,ctx_hfq_market_cap_yuan,0.14696192590851515,2694,0.16462803487272246,0.15779971599926484,0.006828318873457612,1318,1376,TRUE1MIN::lagged_daily_context
ctx_billboard_sum_sell_amt,ctx_hfq_pb,0.0567615703156769,2694,0.07425586584909638,0.07205124773936923,0.0022046181097271494,1318,1376,TRUE1MIN::lagged_daily_context
ctx_billboard_sum_sell_amt,ctx_hfq_pe_ttm,0.06590307832388653,2694,0.08010813258799085,0.08226327854241007,0.0021551459544192214,1318,1376,TRUE1MIN::lagged_daily_context
ctx_billboard_sum_sell_amt,ctx_hfq_prev_is_limit_up,0.0,0,0.0,0.0,0.0,0,0,TRUE1MIN::lagged_daily_context
ctx_billboard_sum_sell_amt,ctx_hfq_ps_ttm,0.05100832313219865,2694,0.06972377012412631,0.06397935364809146,0.005744416476034853,1318,1376,TRUE1MIN::lagged_daily_context
ctx_billboard_sum_sell_amt,ctx_hfq_turnover_ratio,0.08808339279956481,2694,0.10214943378201546,0.10246715296965814,0.00031771918764267326,1318,1376,TRUE1MIN::lagged_daily_context
ctx_billboard_sum_sell_amt,ctx_hfq_volume_ratio,0.06050521586859814,2689,0.08322052712816333,0.07855235355737462,0.004668173570788706,1316,1373,TRUE1MIN::lagged_daily_context
ctx_billboard_sum_sell_amt,ctx_holder_avg_hold_num,0.5003606905352267,120,0.5866313537195516,0.5838033045654581,0.002828049154093404,56,64,TRUE1MIN::lagged_daily_context
ctx_billboard_sum_sell_amt,ctx_holder_avg_market_cap,0.48341763382530506,120,0.5908120199095727,0.5489487831828223,0.04186323672675041,56,64,TRUE1MIN::lagged_daily_context
ctx_billboard_sum_sell_amt,ctx_holder_holder_num,0.5741516559480685,120,0.6971054169382852,0.6082283852116744,0.08887703172661077,56,64,TRUE1MIN::lagged_daily_context
ctx_billboard_sum_sell_amt,ctx_holder_holder_num_change,0.4939041030148938,120,0.6152531958807462,0.5027074879746435,0.11254570790610274,56,64,TRUE1MIN::lagged_daily_context
ctx_billboard_sum_sell_amt,ctx_holder_holder_num_ratio,0.49492044561763937,120,0.6119759483740326,0.5171601273885804,0.09481582098545216,56,64,TRUE1MIN::lagged_daily_context
ctx_billboard_sum_sell_amt,ctx_rzrq_rqye,0.0959412727606499,2114,0.117336354581887,0.10922654345785009,0.008109811124036914,1018,1096,TRUE1MIN::lagged_daily_context
ctx_billboard_sum_sell_amt,ctx_rzrq_rqyl,0.09264816122591342,2114,0.11086897379284781,0.10633434051826797,0.004534633274579841,1018,1096,TRUE1MIN::lagged_daily_context
ctx_billboard_sum_sell_amt,ctx_rzrq_rzche,0.20086642310610314,2114,0.2183458472993037,0.2083901846156837,0.009955662683619998,1018,1096,TRUE1MIN::lagged_daily_context
ctx_billboard_sum_sell_amt,ctx_rzrq_rzjme,0.1312767670299157,2114,0.14500295350154493,0.15673871839131015,0.011735764889765216,1018,1096,TRUE1MIN::lagged_daily_context
ctx_billboard_sum_sell_amt,ctx_rzrq_rzmre,0.21867777934692878,2114,0.23393417928510202,0.23410670557810348,0.0001725262930014626,1018,1096,TRUE1MIN::lagged_daily_context
ctx_billboard_sum_sell_amt,ctx_rzrq_rzrqye,0.16772870515745716,2114,0.1937926024285677,0.1786197328368885,0.015172869591679183,1018,1096,TRUE1MIN::lagged_daily_context
ctx_billboard_sum_sell_amt,ctx_rzrq_rzye,0.16827326879915436,2114,0.1934341330066512,0.17940585670546488,0.014028276301186304,1018,1096,TRUE1MIN::lagged_daily_context
ctx_billboard_sum_sell_amt,ctx_rzrq_rzyezb,0.0866251263408187,2114,0.104764781801128,0.10843735506974046,0.003672573268612464,1018,1096,TRUE1MIN::lagged_daily_context
ctx_billboard_sum_sell_amt,ctx_sent_damian_num,0.015393839065889287,2694,0.019978206711275738,0.017906861310440416,0.002071345400835322,1318,1376,TRUE1MIN::lagged_daily_context
ctx_billboard_sum_sell_amt,ctx_sent_ditian_num,0.005283873803244858,2694,0.008029979636530864,0.005260411896425683,0.002769567740105181,1318,1376,TRUE1MIN::lagged_daily_context
ctx_billboard_sum_sell_amt,ctx_sent_down_num,0.05107053628907561,2694,0.06329368171333899,0.06577813803587534,0.0024844563225363547,1318,1376,TRUE1MIN::lagged_daily_context
ctx_billboard_sum_sell_amt,ctx_sent_downlimit_num,0.04096989343346744,2694,0.05333403253392944,0.05656917100079214,0.0032351384668627,1318,1376,TRUE1MIN::lagged_daily_context
ctx_billboard_sum_sell_amt,ctx_sent_gt5_num,0.04800078505379459,2694,0.063897409173525,0.06320063600404105,0.0006967731694839524,1318,1376,TRUE1MIN::lagged_daily_context
ctx_billboard_sum_sell_amt,ctx_sent_lb_2_num,0.054395358139550605,2694,0.07093440818573338,0.06794653993681629,0.002987868248917086,1318,1376,TRUE1MIN::lagged_daily_context
ctx_billboard_sum_sell_amt,ctx_sent_lb_3_num,0.0314357684540185,2694,0.03939304505718323,0.04041618002740945,0.0010231349702262207,1318,1376,TRUE1MIN::lagged_daily_context
ctx_billboard_sum_sell_amt,ctx_sent_lb_h_num,0.04185712324618069,2694,0.04839863932432804,0.051941688477967526,0.0035430491536394895,1318,1376,TRUE1MIN::lagged_daily_context
ctx_billboard_sum_sell_amt,ctx_sent_lt5_num,0.046769461517800724,2694,0.05828759416850835,0.06548402818761431,0.007196434019105961,1318,1376,TRUE1MIN::lagged_daily_context
ctx_billboard_sum_sell_amt,ctx_sent_max_lb_num,0.029269834259491548,2694,0.03900332824618636,0.03526987206975142,0.003733456176434939,1318,1376,TRUE1MIN::lagged_daily_context
ctx_billboard_sum_sell_amt,ctx_sent_mian_num,0.03136707915806008,2694,0.03999699619151382,0.038867379417995895,0.0011296167735179233,1318,1376,TRUE1MIN::lagged_daily_context
ctx_billboard_sum_sell_amt,ctx_sent_tiandi_num,0.0,2694,0.0,0.0,0.0,1318,1376,TRUE1MIN::lagged_daily_context
ctx_billboard_sum_sell_amt,ctx_sent_up_num,0.04359815157067808,2694,0.05473743645558895,0.06262041270593702,0.007882976250348069,1318,1376,TRUE1MIN::lagged_daily_context
ctx_billboard_sum_sell_amt,ctx_sent_uplimit_num,0.0559697674259608,2694,0.07251471269684635,0.07545817379328895,0.0029434610964425983,1318,1376,TRUE1MIN::lagged_daily_context
ctx_billboard_sum_sell_amt,ctx_sent_zb_num,0.04999945319411641,2694,0.06882350272919988,0.0660784375562593,0.0027450651729405695,1318,1376,TRUE1MIN::lagged_daily_context
ctx_billboard_sum_sell_amt,ctx_ths_hot_circulation_value,0.3207283835383344,307,0.36211126166161495,0.352094962683036,0.010016298978578975,145,162,TRUE1MIN::lagged_daily_context
ctx_billboard_sum_sell_amt,ctx_ths_hot_last_pct,0.24794481625607423,307,0.3318833412975936,0.27589139044934907,0.05599195084824454,145,162,TRUE1MIN::lagged_daily_context
ctx_billboard_sum_sell_amt,ctx_ths_hot_last_price,0.27674883773819525,307,0.3466650936726601,0.30321203061257856,0.04345306306008151,145,162,TRUE1MIN::lagged_daily_context
ctx_billboard_sum_sell_amt,ctx_ths_hot_rank,0.2354812045783161,307,0.2874251848947651,0.27744407609751853,0.009981108797246563,145,162,TRUE1MIN::lagged_daily_context
ctx_billboard_sum_sell_amt,ctx_ths_hot_rank_diff,0.24620526732840228,307,0.31798445750949006,0.27657641750017087,0.04140804000931919,145,162,TRUE1MIN::lagged_daily_context
ctx_billboard_sum_sell_amt,ctx_zls_df_num,0.0,0,0.0,0.0,0.0,0,0,TRUE1MIN::lagged_daily_context
ctx_billboard_sum_sell_amt,ctx_zls_lbgd,0.0,0,0.0,0.0,0.0,0,0,TRUE1MIN::lagged_daily_context
ctx_billboard_sum_sell_amt,ctx_zls_strong,0.0,0,0.0,0.0,0.0,0,0,TRUE1MIN::lagged_daily_context
ctx_billboard_sum_sell_amt,ctx_zls_ztjs,0.0,0,0.0,0.0,0.0,0,0,TRUE1MIN::lagged_daily_context
ctx_billboard_turnoverrate,ctx_hfq_float_market_cap_yuan,0.08836088017177911,2700,0.10570708000985876,0.1019037438644005,0.003803336145458261,1321,1379,TRUE1MIN::lagged_daily_context
ctx_billboard_turnoverrate,ctx_hfq_is_st,0.0,0,0.0,0.0,0.0,0,0,TRUE1MIN::lagged_daily_context
ctx_billboard_turnoverrate,ctx_hfq_market_cap_yuan,0.07089907681434433,2700,0.09211853373381446,0.08022528020839856,0.011893253525415898,1321,1379,TRUE1MIN::lagged_daily_context
ctx_billboard_turnoverrate,ctx_hfq_pb,0.061218338723758196,2700,0.07123787809356316,0.07953919310868406,0.008301315015120894,1321,1379,TRUE1MIN::lagged_daily_context
ctx_billboard_turnoverrate,ctx_hfq_pe_ttm,0.0682421907833389,2700,0.08386397618756207,0.08654139625536658,0.002677420067804512,1321,1379,TRUE1MIN::lagged_daily_context
ctx_billboard_turnoverrate,ctx_hfq_prev_is_limit_up,0.0,0,0.0,0.0,0.0,0,0,TRUE1MIN::lagged_daily_context
ctx_billboard_turnoverrate,ctx_hfq_ps_ttm,0.07425577696321224,2700,0.08646635092016797,0.09497145401661673,0.008505103096448766,1321,1379,TRUE1MIN::lagged_daily_context
ctx_billboard_turnoverrate,ctx_hfq_turnover_ratio,0.46939038315237486,2700,0.47509751577907317,0.47028553222413755,0.004811983554935617,1321,1379,TRUE1MIN::lagged_daily_context
ctx_billboard_turnoverrate,ctx_hfq_volume_ratio,0.1065209971464281,2695,0.13015638134854463,0.11824039649343629,0.011915984855108336,1319,1376,TRUE1MIN::lagged_daily_context
ctx_billboard_turnoverrate,ctx_holder_avg_hold_num,0.5433029475617961,120,0.6121736402175604,0.6218200856788761,0.009646445461315767,56,64,TRUE1MIN::lagged_daily_context
ctx_billboard_turnoverrate,ctx_holder_avg_market_cap,0.55553898337628,120,0.6265267211471781,0.6103726135895824,0.01615410755759572,56,64,TRUE1MIN::lagged_daily_context
ctx_billboard_turnoverrate,ctx_holder_holder_num,0.5249624981047869,120,0.6101395277087708,0.6000511476195687,0.010088380089202098,56,64,TRUE1MIN::lagged_daily_context
ctx_billboard_turnoverrate,ctx_holder_holder_num_change,0.5307751949402588,120,0.5775569856465086,0.5913012465822632,0.013744260935754649,56,64,TRUE1MIN::lagged_daily_context
ctx_billboard_turnoverrate,ctx_holder_holder_num_ratio,0.5313409782921941,120,0.5887564175096853,0.5657497768229744,0.023006640686710877,56,64,TRUE1MIN::lagged_daily_context
ctx_billboard_turnoverrate,ctx_rzrq_rqye,0.0789697195794784,2120,0.09716974617432654,0.09254300467027447,0.004626741504052068,1021,1099,TRUE1MIN::lagged_daily_context
ctx_billboard_turnoverrate,ctx_rzrq_rqyl,0.09237291548942125,2120,0.10185281308850835,0.11117585171972239,0.009323038631214031,1021,1099,TRUE1MIN::lagged_daily_context
ctx_billboard_turnoverrate,ctx_rzrq_rzche,0.09428446250253567,2120,0.11113273903960696,0.1101281705318681,0.0010045685077388622,1021,1099,TRUE1MIN::lagged_daily_context
ctx_billboard_turnoverrate,ctx_rzrq_rzjme,0.07574147207729397,2120,0.09523424469049761,0.0966944457549124,0.0014602010644147873,1021,1099,TRUE1MIN::lagged_daily_context
ctx_billboard_turnoverrate,ctx_rzrq_rzmre,0.10807666369697279,2120,0.1184010544217603,0.13202825815039929,0.013627203728638987,1021,1099,TRUE1MIN::lagged_daily_context
ctx_billboard_turnoverrate,ctx_rzrq_rzrqye,0.09944023750331224,2120,0.12630893428724896,0.11805162477815907,0.008257309509089886,1021,1099,TRUE1MIN::lagged_daily_context
ctx_billboard_turnoverrate,ctx_rzrq_rzye,0.1007136840774936,2120,0.12546301727934703,0.11824301925386736,0.007219998025479665,1021,1099,TRUE1MIN::lagged_daily_context
ctx_billboard_turnoverrate,ctx_rzrq_rzyezb,0.10762358393546836,2120,0.13171675794207333,0.1253757440460894,0.006341013895983932,1021,1099,TRUE1MIN::lagged_daily_context
ctx_billboard_turnoverrate,ctx_sent_damian_num,0.016728924945883,2700,0.025231405179766082,0.016773409375336862,0.00845799580442922,1321,1379,TRUE1MIN::lagged_daily_context
ctx_billboard_turnoverrate,ctx_sent_ditian_num,0.007793742950754162,2700,0.009642225185755273,0.009913842845619173,0.00027161765986389967,1321,1379,TRUE1MIN::lagged_daily_context
ctx_billboard_turnoverrate,ctx_sent_down_num,0.05163483777790834,2700,0.0660782207539701,0.06952869723833753,0.003450476484367429,1321,1379,TRUE1MIN::lagged_daily_context
ctx_billboard_turnoverrate,ctx_sent_downlimit_num,0.03624633502261163,2700,0.0491321351821973,0.05053411504440189,0.00140197986220459,1321,1379,TRUE1MIN::lagged_daily_context
ctx_billboard_turnoverrate,ctx_sent_gt5_num,0.05223876112158964,2700,0.06858057543774487,0.0709201734401291,0.00233959800238423,1321,1379,TRUE1MIN::lagged_daily_context
ctx_billboard_turnoverrate,ctx_sent_lb_2_num,0.04634204493274537,2700,0.056122077803730575,0.06341337933769897,0.007291301533968397,1321,1379,TRUE1MIN::lagged_daily_context
ctx_billboard_turnoverrate,ctx_sent_lb_3_num,0.02433977994141286,2700,0.029397666382414762,0.03609052427461565,0.006692857892200886,1321,1379,TRUE1MIN::lagged_daily_context
ctx_billboard_turnoverrate,ctx_sent_lb_h_num,0.025341564745224483,2700,0.036352518410428004,0.029807207621862175,0.006545310788565829,1321,1379,TRUE1MIN::lagged_daily_context
ctx_billboard_turnoverrate,ctx_sent_lt5_num,0.04244855239283873,2700,0.057613049287841035,0.0590390240690986,0.001425974781257562,1321,1379,TRUE1MIN::lagged_daily_context
ctx_billboard_turnoverrate,ctx_sent_max_lb_num,0.023606622097191988,2700,0.03377003601331213,0.028478519151395137,0.005291516861916996,1321,1379,TRUE1MIN::lagged_daily_context
ctx_billboard_turnoverrate,ctx_sent_mian_num,0.0316449450841272,2700,0.03972907743272893,0.04057956651054005,0.0008504890778111215,1321,1379,TRUE1MIN::lagged_daily_context
ctx_billboard_turnoverrate,ctx_sent_tiandi_num,0.0,2700,0.0,0.0,0.0,1321,1379,TRUE1MIN::lagged_daily_context
ctx_billboard_turnoverrate,ctx_sent_up_num,0.049304668544356785,2700,0.06327498053267908,0.06926546460539036,0.005990484072711286,1321,1379,TRUE1MIN::lagged_daily_context
ctx_billboard_turnoverrate,ctx_sent_uplimit_num,0.04653851468108219,2700,0.06806755615130176,0.06254306836352957,0.005524487787772189,1321,1379,TRUE1MIN::lagged_daily_context
ctx_billboard_turnoverrate,ctx_sent_zb_num,0.05203373997253074,2700,0.06555988260735227,0.06970169980595918,0.004141817198606915,1321,1379,TRUE1MIN::lagged_daily_context
ctx_billboard_turnoverrate,ctx_ths_hot_circulation_value,0.3722811334754204,307,0.43954745615887075,0.4105075189863928,0.029039937172477936,145,162,TRUE1MIN::lagged_daily_context
ctx_billboard_turnoverrate,ctx_ths_hot_last_pct,0.3194916132691322,307,0.3953933658220474,0.383883209381485,0.011510156440562413,145,162,TRUE1MIN::lagged_daily_context
ctx_billboard_turnoverrate,ctx_ths_hot_last_price,0.3558036439953692,307,0.43365052560814227,0.40527925952086064,0.028371266087281632,145,162,TRUE1MIN::lagged_daily_context
ctx_billboard_turnoverrate,ctx_ths_hot_rank,0.23902713617311433,307,0.3163239356856181,0.2836474882315254,0.032676447454092705,145,162,TRUE1MIN::lagged_daily_context
ctx_billboard_turnoverrate,ctx_ths_hot_rank_diff,0.30332052581269026,307,0.37691368190301816,0.3786401319644901,0.0017264500614719291,145,162,TRUE1MIN::lagged_daily_context
ctx_billboard_turnoverrate,ctx_zls_df_num,0.0,0,0.0,0.0,0.0,0,0,TRUE1MIN::lagged_daily_context
ctx_billboard_turnoverrate,ctx_zls_lbgd,0.0,0,0.0,0.0,0.0,0,0,TRUE1MIN::lagged_daily_context
ctx_billboard_turnoverrate,ctx_zls_strong,0.0,0,0.0,0.0,0.0,0,0,TRUE1MIN::lagged_daily_context
ctx_billboard_turnoverrate,ctx_zls_ztjs,0.0,0,0.0,0.0,0.0,0,0,TRUE1MIN::lagged_daily_context
ctx_hfq_float_market_cap_yuan,ctx_hfq_is_st,0.0,0,0.0,0.0,0.0,0,0,TRUE1MIN::lagged_daily_context
ctx_hfq_float_market_cap_yuan,ctx_hfq_market_cap_yuan,0.38334477422590785,245213,0.38267212122234995,0.38421081195546747,0.0015386907331175204,122799,122414,TRUE1MIN::lagged_daily_context
ctx_hfq_float_market_cap_yuan,ctx_hfq_pb,0.03959334623761035,245213,0.03974859485626648,0.03979203904967968,4.344419341319877e-05,122799,122414,TRUE1MIN::lagged_daily_context
ctx_hfq_float_market_cap_yuan,ctx_hfq_pe_ttm,0.04211125839651415,245213,0.042689389994648164,0.04189442675627676,0.0007949632383714017,122799,122414,TRUE1MIN::lagged_daily_context
ctx_hfq_float_market_cap_yuan,ctx_hfq_prev_is_limit_up,0.0,0,0.0,0.0,0.0,0,0,TRUE1MIN::lagged_daily_context
ctx_hfq_float_market_cap_yuan,ctx_hfq_ps_ttm,0.04498124734593757,245213,0.04472892630875262,0.04558685976050289,0.0008579334517502674,122799,122414,TRUE1MIN::lagged_daily_context
ctx_hfq_float_market_cap_yuan,ctx_hfq_turnover_ratio,0.04642898185146498,245213,0.045984883290855934,0.047193291781180355,0.001208408490324421,122799,122414,TRUE1MIN::lagged_daily_context
ctx_hfq_float_market_cap_yuan,ctx_hfq_volume_ratio,0.0009010145710188029,245193,0.0011043290030808958,0.0010446476281949968,5.968137488589903e-05,122790,122403,TRUE1MIN::lagged_daily_context
ctx_hfq_float_market_cap_yuan,ctx_holder_avg_hold_num,0.09662326038795951,9220,0.1024566590305479,0.10016711330196343,0.0022895457285844745,4672,4548,TRUE1MIN::lagged_daily_context
ctx_hfq_float_market_cap_yuan,ctx_holder_avg_market_cap,0.08004335282883851,9225,0.08392838104797373,0.08593972116264212,0.0020113401146683862,4673,4552,TRUE1MIN::lagged_daily_context
ctx_hfq_float_market_cap_yuan,ctx_holder_holder_num,0.1944407097769504,9232,0.20294180558315097,0.19415580205261573,0.008786003530535241,4676,4556,TRUE1MIN::lagged_daily_context
ctx_hfq_float_market_cap_yuan,ctx_holder_holder_num_change,0.03990704800105849,9232,0.04494899362449389,0.043816201869462765,0.001132791755031122,4676,4556,TRUE1MIN::lagged_daily_context
ctx_hfq_float_market_cap_yuan,ctx_holder_holder_num_ratio,0.019215357584413104,9232,0.023006455453630562,0.02355768197042882,0.0005512265167982588,4676,4556,TRUE1MIN::lagged_daily_context
ctx_hfq_float_market_cap_yuan,ctx_rzrq_rqye,0.16329950410489835,218839,0.16445575349031127,0.16240456036609055,0.0020511931242207238,109695,109144,TRUE1MIN::lagged_daily_context
ctx_hfq_float_market_cap_yuan,ctx_rzrq_rqyl,0.14702741128606034,218839,0.14806012507916994,0.14627146582607425,0.0017886592530956813,109695,109144,TRUE1MIN::lagged_daily_context
ctx_hfq_float_market_cap_yuan,ctx_rzrq_rzche,0.08595099310113004,218839,0.08601590832634305,0.08618937969423753,0.00017347136789447326,109695,109144,TRUE1MIN::lagged_daily_context
ctx_hfq_float_market_cap_yuan,ctx_rzrq_rzjme,0.05007305182705143,218839,0.05052534247978104,0.04996845917094276,0.0005568833088382824,109695,109144,TRUE1MIN::lagged_daily_context
ctx_hfq_float_market_cap_yuan,ctx_rzrq_rzmre,0.08069772299038215,218839,0.08115835846962896,0.08058182177465809,0.000576536694970875,109695,109144,TRUE1MIN::lagged_daily_context
ctx_hfq_float_market_cap_yuan,ctx_rzrq_rzrqye,0.26503711470158225,218839,0.26518392828613807,0.26523570944863534,5.1781162497266386e-05,109695,109144,TRUE1MIN::lagged_daily_context
ctx_hfq_float_market_cap_yuan,ctx_rzrq_rzye,0.2624942647505039,218839,0.26258631485887285,0.2627370510771117,0.00015073621823885608,109695,109144,TRUE1MIN::lagged_daily_context
ctx_hfq_float_market_cap_yuan,ctx_rzrq_rzyezb,0.047498874312634026,218839,0.04763974099945692,0.047718514488908646,7.877348945172641e-05,109695,109144,TRUE1MIN::lagged_daily_context
ctx_hfq_float_market_cap_yuan,ctx_sent_damian_num,0.000260118174708177,245213,0.00025979779042628294,0.0003367566096573941,7.695881923111113e-05,122799,122414,TRUE1MIN::lagged_daily_context
ctx_hfq_float_market_cap_yuan,ctx_sent_ditian_num,0.0005730929655304666,245213,0.0005789883951975046,0.0006359405502649844,5.695215506747978e-05,122799,122414,TRUE1MIN::lagged_daily_context
ctx_hfq_float_market_cap_yuan,ctx_sent_down_num,0.0010344633717554628,245213,0.0012014318912934488,0.0012014217739993824,1.0117294066327304e-08,122799,122414,TRUE1MIN::lagged_daily_context
ctx_hfq_float_market_cap_yuan,ctx_sent_downlimit_num,0.0007696296562882118,245213,0.0008436575332787603,0.0010199877288699487,0.00017633019559118847,122799,122414,TRUE1MIN::lagged_daily_context
ctx_hfq_float_market_cap_yuan,ctx_sent_gt5_num,0.0021346176349879876,245213,0.002327284004052328,0.002293604900331371,3.367910372095717e-05,122799,122414,TRUE1MIN::lagged_daily_context
ctx_hfq_float_market_cap_yuan,ctx_sent_lb_2_num,0.002490770055904857,245213,0.0027002660681001737,0.0026656730910293775,3.459297707079619e-05,122799,122414,TRUE1MIN::lagged_daily_context
ctx_hfq_float_market_cap_yuan,ctx_sent_lb_3_num,0.0020837687787479717,245213,0.0020682970625194143,0.0022962503100544007,0.00022795324753498636,122799,122414,TRUE1MIN::lagged_daily_context
ctx_hfq_float_market_cap_yuan,ctx_sent_lb_h_num,0.0017753041919080547,245213,0.0019459725247282591,0.0018077958540700047,0.00013817667065825446,122799,122414,TRUE1MIN::lagged_daily_context
ctx_hfq_float_market_cap_yuan,ctx_sent_lt5_num,0.0008349443348499209,245213,0.000929344541952544,0.0011191153208255818,0.0001897707788730378,122799,122414,TRUE1MIN::lagged_daily_context
ctx_hfq_float_market_cap_yuan,ctx_sent_max_lb_num,0.000803781863291708,245213,0.0008842139346425818,0.0009136304984287869,2.9416563786205103e-05,122799,122414,TRUE1MIN::lagged_daily_context
ctx_hfq_float_market_cap_yuan,ctx_sent_mian_num,0.0015276865131349047,245213,0.0016244347903266562,0.00161172914721921,1.270564310744621e-05,122799,122414,TRUE1MIN::lagged_daily_context
ctx_hfq_float_market_cap_yuan,ctx_sent_tiandi_num,0.0,245213,0.0,0.0,0.0,122799,122414,TRUE1MIN::lagged_daily_context
ctx_hfq_float_market_cap_yuan,ctx_sent_up_num,0.0009743421009261101,245213,0.0011948934763620312,0.0011114241185824706,8.346935777956061e-05,122799,122414,TRUE1MIN::lagged_daily_context
ctx_hfq_float_market_cap_yuan,ctx_sent_uplimit_num,0.0026612389329998946,245213,0.002760538782799897,0.0029137582921533985,0.00015321950935350166,122799,122414,TRUE1MIN::lagged_daily_context
ctx_hfq_float_market_cap_yuan,ctx_sent_zb_num,0.0025714371398307843,245213,0.0027665869049186063,0.002762874015210088,3.71288970851813e-06,122799,122414,TRUE1MIN::lagged_daily_context
ctx_hfq_float_market_cap_yuan,ctx_ths_hot_circulation_value,0.6687977793528915,547,0.6774059935916253,0.6630373451282162,0.014368648463409128,259,288,TRUE1MIN::lagged_daily_context
ctx_hfq_float_market_cap_yuan,ctx_ths_hot_last_pct,0.189693255873406,547,0.22662852034271597,0.21951063353767447,0.007117886805041496,259,288,TRUE1MIN::lagged_daily_context
ctx_hfq_float_market_cap_yuan,ctx_ths_hot_last_price,0.3565056706426403,547,0.38022348732306177,0.3695323150126188,0.010691172310442976,259,288,TRUE1MIN::lagged_daily_context
ctx_hfq_float_market_cap_yuan,ctx_ths_hot_rank,0.10465701303107712,547,0.16640536535596737,0.10935023319476671,0.05705513216120066,259,288,TRUE1MIN::lagged_daily_context
ctx_hfq_float_market_cap_yuan,ctx_ths_hot_rank_diff,0.14364740931946546,547,0.17601529136030294,0.17854735537061417,0.0025320640103112246,259,288,TRUE1MIN::lagged_daily_context
ctx_hfq_float_market_cap_yuan,ctx_zls_df_num,0.0,0,0.0,0.0,0.0,0,0,TRUE1MIN::lagged_daily_context
ctx_hfq_float_market_cap_yuan,ctx_zls_lbgd,0.0,0,0.0,0.0,0.0,0,0,TRUE1MIN::lagged_daily_context
ctx_hfq_float_market_cap_yuan,ctx_zls_strong,0.0,0,0.0,0.0,0.0,0,0,TRUE1MIN::lagged_daily_context
ctx_hfq_float_market_cap_yuan,ctx_zls_ztjs,0.0,0,0.0,0.0,0.0,0,0,TRUE1MIN::lagged_daily_context
ctx_hfq_is_st,ctx_hfq_market_cap_yuan,0.0,0,0.0,0.0,0.0,0,0,TRUE1MIN::lagged_daily_context
ctx_hfq_is_st,ctx_hfq_pb,0.0,0,0.0,0.0,0.0,0,0,TRUE1MIN::lagged_daily_context
ctx_hfq_is_st,ctx_hfq_pe_ttm,0.0,0,0.0,0.0,0.0,0,0,TRUE1MIN::lagged_daily_context
ctx_hfq_is_st,ctx_hfq_prev_is_limit_up,0.0,0,0.0,0.0,0.0,0,0,TRUE1MIN::lagged_daily_context
ctx_hfq_is_st,ctx_hfq_ps_ttm,0.0,0,0.0,0.0,0.0,0,0,TRUE1MIN::lagged_daily_context
ctx_hfq_is_st,ctx_hfq_turnover_ratio,0.0,0,0.0,0.0,0.0,0,0,TRUE1MIN::lagged_daily_context
ctx_hfq_is_st,ctx_hfq_volume_ratio,0.0,0,0.0,0.0,0.0,0,0,TRUE1MIN::lagged_daily_context
ctx_hfq_is_st,ctx_holder_avg_hold_num,0.0,0,0.0,0.0,0.0,0,0,TRUE1MIN::lagged_daily_context
ctx_hfq_is_st,ctx_holder_avg_market_cap,0.0,0,0.0,0.0,0.0,0,0,TRUE1MIN::lagged_daily_context
ctx_hfq_is_st,ctx_holder_holder_num,0.0,0,0.0,0.0,0.0,0,0,TRUE1MIN::lagged_daily_context
ctx_hfq_is_st,ctx_holder_holder_num_change,0.0,0,0.0,0.0,0.0,0,0,TRUE1MIN::lagged_daily_context
ctx_hfq_is_st,ctx_holder_holder_num_ratio,0.0,0,0.0,0.0,0.0,0,0,TRUE1MIN::lagged_daily_context
ctx_hfq_is_st,ctx_rzrq_rqye,0.0,0,0.0,0.0,0.0,0,0,TRUE1MIN::lagged_daily_context
ctx_hfq_is_st,ctx_rzrq_rqyl,0.0,0,0.0,0.0,0.0,0,0,TRUE1MIN::lagged_daily_context
ctx_hfq_is_st,ctx_rzrq_rzche,0.0,0,0.0,0.0,0.0,0,0,TRUE1MIN::lagged_daily_context
ctx_hfq_is_st,ctx_rzrq_rzjme,0.0,0,0.0,0.0,0.0,0,0,TRUE1MIN::lagged_daily_context
ctx_hfq_is_st,ctx_rzrq_rzmre,0.0,0,0.0,0.0,0.0,0,0,TRUE1MIN::lagged_daily_context
ctx_hfq_is_st,ctx_rzrq_rzrqye,0.0,0,0.0,0.0,0.0,0,0,TRUE1MIN::lagged_daily_context
ctx_hfq_is_st,ctx_rzrq_rzye,0.0,0,0.0,0.0,0.0,0,0,TRUE1MIN::lagged_daily_context
ctx_hfq_is_st,ctx_rzrq_rzyezb,0.0,0,0.0,0.0,0.0,0,0,TRUE1MIN::lagged_daily_context
ctx_hfq_is_st,ctx_sent_damian_num,0.0,0,0.0,0.0,0.0,0,0,TRUE1MIN::lagged_daily_context
ctx_hfq_is_st,ctx_sent_ditian_num,0.0,0,0.0,0.0,0.0,0,0,TRUE1MIN::lagged_daily_context
ctx_hfq_is_st,ctx_sent_down_num,0.0,0,0.0,0.0,0.0,0,0,TRUE1MIN::lagged_daily_context
ctx_hfq_is_st,ctx_sent_downlimit_num,0.0,0,0.0,0.0,0.0,0,0,TRUE1MIN::lagged_daily_context
ctx_hfq_is_st,ctx_sent_gt5_num,0.0,0,0.0,0.0,0.0,0,0,TRUE1MIN::lagged_daily_context
ctx_hfq_is_st,ctx_sent_lb_2_num,0.0,0,0.0,0.0,0.0,0,0,TRUE1MIN::lagged_daily_context
ctx_hfq_is_st,ctx_sent_lb_3_num,0.0,0,0.0,0.0,0.0,0,0,TRUE1MIN::lagged_daily_context
ctx_hfq_is_st,ctx_sent_lb_h_num,0.0,0,0.0,0.0,0.0,0,0,TRUE1MIN::lagged_daily_context
ctx_hfq_is_st,ctx_sent_lt5_num,0.0,0,0.0,0.0,0.0,0,0,TRUE1MIN::lagged_daily_context
ctx_hfq_is_st,ctx_sent_max_lb_num,0.0,0,0.0,0.0,0.0,0,0,TRUE1MIN::lagged_daily_context
ctx_hfq_is_st,ctx_sent_mian_num,0.0,0,0.0,0.0,0.0,0,0,TRUE1MIN::lagged_daily_context
ctx_hfq_is_st,ctx_sent_tiandi_num,0.0,0,0.0,0.0,0.0,0,0,TRUE1MIN::lagged_daily_context
ctx_hfq_is_st,ctx_sent_up_num,0.0,0,0.0,0.0,0.0,0,0,TRUE1MIN::lagged_daily_context
ctx_hfq_is_st,ctx_sent_uplimit_num,0.0,0,0.0,0.0,0.0,0,0,TRUE1MIN::lagged_daily_context
ctx_hfq_is_st,ctx_sent_zb_num,0.0,0,0.0,0.0,0.0,0,0,TRUE1MIN::lagged_daily_context
ctx_hfq_is_st,ctx_ths_hot_circulation_value,0.0,0,0.0,0.0,0.0,0,0,TRUE1MIN::lagged_daily_context
ctx_hfq_is_st,ctx_ths_hot_last_pct,0.0,0,0.0,0.0,0.0,0,0,TRUE1MIN::lagged_daily_context
ctx_hfq_is_st,ctx_ths_hot_last_price,0.0,0,0.0,0.0,0.0,0,0,TRUE1MIN::lagged_daily_context
ctx_hfq_is_st,ctx_ths_hot_rank,0.0,0,0.0,0.0,0.0,0,0,TRUE1MIN::lagged_daily_context
ctx_hfq_is_st,ctx_ths_hot_rank_diff,0.0,0,0.0,0.0,0.0,0,0,TRUE1MIN::lagged_daily_context
ctx_hfq_is_st,ctx_zls_df_num,0.0,0,0.0,0.0,0.0,0,0,TRUE1MIN::lagged_daily_context
ctx_hfq_is_st,ctx_zls_lbgd,0.0,0,0.0,0.0,0.0,0,0,TRUE1MIN::lagged_daily_context
ctx_hfq_is_st,ctx_zls_strong,0.0,0,0.0,0.0,0.0,0,0,TRUE1MIN::lagged_daily_context
ctx_hfq_is_st,ctx_zls_ztjs,0.0,0,0.0,0.0,0.0,0,0,TRUE1MIN::lagged_daily_context
ctx_hfq_market_cap_yuan,ctx_hfq_pb,0.03510306132416765,245213,0.03511353937304027,0.03538325906372696,0.00026971969068669,122799,122414,TRUE1MIN::lagged_daily_context
ctx_hfq_market_cap_yuan,ctx_hfq_pe_ttm,0.03576054945706004,245213,0.036144718683554754,0.03574519348728362,0.00039952519627113603,122799,122414,TRUE1MIN::lagged_daily_context
ctx_hfq_market_cap_yuan,ctx_hfq_prev_is_limit_up,0.0,0,0.0,0.0,0.0,0,0,TRUE1MIN::lagged_daily_context
ctx_hfq_market_cap_yuan,ctx_hfq_ps_ttm,0.04149615582570335,245213,0.04130740807095669,0.04195816027363294,0.0006507522026762483,122799,122414,TRUE1MIN::lagged_daily_context
ctx_hfq_market_cap_yuan,ctx_hfq_turnover_ratio,0.02692054533742144,245213,0.02691796949214326,0.027258438219185513,0.0003404687270422528,122799,122414,TRUE1MIN::lagged_daily_context
ctx_hfq_market_cap_yuan,ctx_hfq_volume_ratio,0.0009295832364691375,245193,0.001102745642139953,0.0010947315430294546,8.014099110498435e-06,122790,122403,TRUE1MIN::lagged_daily_context
ctx_hfq_market_cap_yuan,ctx_holder_avg_hold_num,0.0881458721827696,9220,0.09104181539274152,0.0946040609863179,0.003562245593576388,4672,4548,TRUE1MIN::lagged_daily_context
ctx_hfq_market_cap_yuan,ctx_holder_avg_market_cap,0.06218548655521769,9225,0.06592658923482693,0.06770694993399311,0.001780360699166178,4673,4552,TRUE1MIN::lagged_daily_context
ctx_hfq_market_cap_yuan,ctx_holder_holder_num,0.16448830546468016,9232,0.17153250018559746,0.1667078246375226,0.004824675548074864,4676,4556,TRUE1MIN::lagged_daily_context
ctx_hfq_market_cap_yuan,ctx_holder_holder_num_change,0.04107742628675768,9232,0.04518093685906126,0.04646604379266515,0.0012851069336038898,4676,4556,TRUE1MIN::lagged_daily_context
ctx_hfq_market_cap_yuan,ctx_holder_holder_num_ratio,0.017767500260140894,9232,0.02154461349807381,0.02330969730796033,0.001765083809886523,4676,4556,TRUE1MIN::lagged_daily_context
ctx_hfq_market_cap_yuan,ctx_rzrq_rqye,0.1702954172595158,218839,0.1708724788238062,0.169983483358307,0.0008889954654991983,109695,109144,TRUE1MIN::lagged_daily_context
ctx_hfq_market_cap_yuan,ctx_rzrq_rqyl,0.14295898779229058,218839,0.1430739693788196,0.14313801178388,6.404240506038827e-05,109695,109144,TRUE1MIN::lagged_daily_context
ctx_hfq_market_cap_yuan,ctx_rzrq_rzche,0.09110040614367489,218839,0.09116264525002306,0.09140258091246378,0.00023993566244072395,109695,109144,TRUE1MIN::lagged_daily_context
ctx_hfq_market_cap_yuan,ctx_rzrq_rzjme,0.05057914000939419,218839,0.050879172299382464,0.050650499835815814,0.00022867246356664955,109695,109144,TRUE1MIN::lagged_daily_context
ctx_hfq_market_cap_yuan,ctx_rzrq_rzmre,0.08526397060855206,218839,0.08568932453953498,0.08521842891612924,0.00047089562340574265,109695,109144,TRUE1MIN::lagged_daily_context
ctx_hfq_market_cap_yuan,ctx_rzrq_rzrqye,0.2195133512173135,218839,0.21927443135280483,0.22002465264913604,0.0007502212963312049,109695,109144,TRUE1MIN::lagged_daily_context
ctx_hfq_market_cap_yuan,ctx_rzrq_rzye,0.2168576600007202,218839,0.21647914695290446,0.21751504862211793,0.0010359016692134682,109695,109144,TRUE1MIN::lagged_daily_context
ctx_hfq_market_cap_yuan,ctx_rzrq_rzyezb,0.033283616367758034,218839,0.03361719360387815,0.03335416106275577,0.0002630325411223794,109695,109144,TRUE1MIN::lagged_daily_context
ctx_hfq_market_cap_yuan,ctx_sent_damian_num,0.00030347049419637514,245213,0.0004221962312810159,0.00030314675214584773,0.00011904947913516815,122799,122414,TRUE1MIN::lagged_daily_context
ctx_hfq_market_cap_yuan,ctx_sent_ditian_num,0.00040202357116585154,245213,0.0005234897880302863,0.0003265669972457729,0.00019692279078451343,122799,122414,TRUE1MIN::lagged_daily_context
ctx_hfq_market_cap_yuan,ctx_sent_down_num,0.0007946045705278117,245213,0.0009561945512882078,0.0009557449756080112,4.4957568019667743e-07,122799,122414,TRUE1MIN::lagged_daily_context
ctx_hfq_market_cap_yuan,ctx_sent_downlimit_num,0.0006662450444866026,245213,0.0007877949785958317,0.000859184873686457,7.138989509062525e-05,122799,122414,TRUE1MIN::lagged_daily_context
ctx_hfq_market_cap_yuan,ctx_sent_gt5_num,0.0015369043519083058,245213,0.001692947824020391,0.0017424910176124595,4.9543193592068574e-05,122799,122414,TRUE1MIN::lagged_daily_context
ctx_hfq_market_cap_yuan,ctx_sent_lb_2_num,0.001663569543761196,245213,0.001770377716039734,0.0018704697546644332,0.00010009203862469912,122799,122414,TRUE1MIN::lagged_daily_context
ctx_hfq_market_cap_yuan,ctx_sent_lb_3_num,0.0015861683788528744,245213,0.0015748110544306117,0.0018202988416330238,0.00024548778720241216,122799,122414,TRUE1MIN::lagged_daily_context
ctx_hfq_market_cap_yuan,ctx_sent_lb_h_num,0.0016221444493054005,245213,0.0017745576396280402,0.0016613235395196446,0.00011323410010839557,122799,122414,TRUE1MIN::lagged_daily_context
ctx_hfq_market_cap_yuan,ctx_sent_lt5_num,0.0008436170458363662,245213,0.0010462223844495309,0.001055692323746785,9.46993929725414e-06,122799,122414,TRUE1MIN::lagged_daily_context
ctx_hfq_market_cap_yuan,ctx_sent_max_lb_num,0.0008767446622484007,245213,0.0009104838513750248,0.0009777033099472704,6.72194585722457e-05,122799,122414,TRUE1MIN::lagged_daily_context
ctx_hfq_market_cap_yuan,ctx_sent_mian_num,0.0013334135177401594,245213,0.0014095133532621696,0.0014106945192187647,1.1811659565950927e-06,122799,122414,TRUE1MIN::lagged_daily_context
ctx_hfq_market_cap_yuan,ctx_sent_tiandi_num,0.0,245213,0.0,1.2655956748852877e-08,1.2655956748852877e-08,122799,122414,TRUE1MIN::lagged_daily_context
ctx_hfq_market_cap_yuan,ctx_sent_up_num,0.000773818576324818,245213,0.0009485257472443556,0.0009517314745980896,3.2057273537340397e-06,122799,122414,TRUE1MIN::lagged_daily_context
ctx_hfq_market_cap_yuan,ctx_sent_uplimit_num,0.0018445421595394912,245213,0.0020850901348969148,0.001926271781326475,0.00015881835357043966,122799,122414,TRUE1MIN::lagged_daily_context
ctx_hfq_market_cap_yuan,ctx_sent_zb_num,0.00205954992177958,245213,0.002318690747017678,0.0021721193824921392,0.00014657136452553895,122799,122414,TRUE1MIN::lagged_daily_context
ctx_hfq_market_cap_yuan,ctx_ths_hot_circulation_value,0.6218216200297376,547,0.6305271341057712,0.6246237223388658,0.005903411766905453,259,288,TRUE1MIN::lagged_daily_context
ctx_hfq_market_cap_yuan,ctx_ths_hot_last_pct,0.16549987712758155,547,0.20168042931671692,0.20104463822815608,0.0006357910885608498,259,288,TRUE1MIN::lagged_daily_context
ctx_hfq_market_cap_yuan,ctx_ths_hot_last_price,0.3267425107530665,547,0.35154629748002353,0.33514942631997413,0.016396871160049398,259,288,TRUE1MIN::lagged_daily_context
ctx_hfq_market_cap_yuan,ctx_ths_hot_rank,0.1051946387825527,547,0.16331627509487062,0.1120397244736279,0.05127655062124273,259,288,TRUE1MIN::lagged_daily_context
ctx_hfq_market_cap_yuan,ctx_ths_hot_rank_diff,0.15796118731685319,547,0.19439589217322256,0.1959367246708169,0.0015408324975943466,259,288,TRUE1MIN::lagged_daily_context
ctx_hfq_market_cap_yuan,ctx_zls_df_num,0.0,0,0.0,0.0,0.0,0,0,TRUE1MIN::lagged_daily_context
ctx_hfq_market_cap_yuan,ctx_zls_lbgd,0.0,0,0.0,0.0,0.0,0,0,TRUE1MIN::lagged_daily_context
ctx_hfq_market_cap_yuan,ctx_zls_strong,0.0,0,0.0,0.0,0.0,0,0,TRUE1MIN::lagged_daily_context
ctx_hfq_market_cap_yuan,ctx_zls_ztjs,0.0,0,0.0,0.0,0.0,0,0,TRUE1MIN::lagged_daily_context
ctx_hfq_pb,ctx_hfq_pe_ttm,0.06626601897801683,245213,0.06602772729664094,0.06678136303163253,0.000753635734991584,122799,122414,TRUE1MIN::lagged_daily_context
ctx_hfq_pb,ctx_hfq_prev_is_limit_up,0.0,0,0.0,0.0,0.0,0,0,TRUE1MIN::lagged_daily_context
ctx_hfq_pb,ctx_hfq_ps_ttm,0.10609952413363759,245213,0.10599105379100947,0.10653958206241018,0.0005485282714007139,122799,122414,TRUE1MIN::lagged_daily_context
ctx_hfq_pb,ctx_hfq_turnover_ratio,0.024846507143530767,245213,0.025260641615164503,0.02480494722724984,0.00045569438791466174,122799,122414,TRUE1MIN::lagged_daily_context
ctx_hfq_pb,ctx_hfq_volume_ratio,0.0007609475926603855,245193,0.0008889572658182113,0.0009496516908401465,6.069442502193521e-05,122790,122403,TRUE1MIN::lagged_daily_context
ctx_hfq_pb,ctx_holder_avg_hold_num,0.07305210257707713,9220,0.07755765235710285,0.0786408931743285,0.0010832408172256475,4672,4548,TRUE1MIN::lagged_daily_context
ctx_hfq_pb,ctx_holder_avg_market_cap,0.06425956059532381,9225,0.07063890164219039,0.06766799631611631,0.0029709053260740803,4673,4552,TRUE1MIN::lagged_daily_context
ctx_hfq_pb,ctx_holder_holder_num,0.08694166413500694,9232,0.08981037854255677,0.09406823695395222,0.004257858411395449,4676,4556,TRUE1MIN::lagged_daily_context
ctx_hfq_pb,ctx_holder_holder_num_change,0.02195008328414841,9232,0.02588004767788139,0.02830323746130122,0.0024231897834198317,4676,4556,TRUE1MIN::lagged_daily_context
ctx_hfq_pb,ctx_holder_holder_num_ratio,0.031995468974763804,9232,0.03577266458921489,0.037374364682036816,0.0016017000928219283,4676,4556,TRUE1MIN::lagged_daily_context
ctx_hfq_pb,ctx_rzrq_rqye,0.023712878644850447,218839,0.024225887293823915,0.0234747435551807,0.0007511437386432153,109695,109144,TRUE1MIN::lagged_daily_context
ctx_hfq_pb,ctx_rzrq_rqyl,0.03283149299832468,218839,0.03351092315988362,0.03246728858361747,0.0010436345762661475,109695,109144,TRUE1MIN::lagged_daily_context
ctx_hfq_pb,ctx_rzrq_rzche,0.019060462904068164,218839,0.019487385484434204,0.01902441533555466,0.00046297014887954416,109695,109144,TRUE1MIN::lagged_daily_context
ctx_hfq_pb,ctx_rzrq_rzjme,0.00934666887626755,218839,0.009293033471281135,0.009772904628212967,0.0004798711569318319,109695,109144,TRUE1MIN::lagged_daily_context
ctx_hfq_pb,ctx_rzrq_rzmre,0.018589079987023777,218839,0.01871975605416992,0.018736300593769684,1.6544539599764457e-05,109695,109144,TRUE1MIN::lagged_daily_context
ctx_hfq_pb,ctx_rzrq_rzrqye,0.038554303655410835,218839,0.0389202287697165,0.038580594741129716,0.0003396340285867841,109695,109144,TRUE1MIN::lagged_daily_context
ctx_hfq_pb,ctx_rzrq_rzye,0.038011823479139686,218839,0.03851745580560103,0.03791054678589548,0.0006069090197055524,109695,109144,TRUE1MIN::lagged_daily_context
ctx_hfq_pb,ctx_rzrq_rzyezb,0.012106028301782873,218839,0.012316467353902984,0.012245588794847157,7.087855905582759e-05,109695,109144,TRUE1MIN::lagged_daily_context
ctx_hfq_pb,ctx_sent_damian_num,0.0002398489618226715,245213,0.00035788178506278426,0.0002362655594911021,0.00012161622557168216,122799,122414,TRUE1MIN::lagged_daily_context
ctx_hfq_pb,ctx_sent_ditian_num,0.00043989249176955904,245213,0.0005083088244317284,0.00043451298822406314,7.379583620766521e-05,122799,122414,TRUE1MIN::lagged_daily_context
ctx_hfq_pb,ctx_sent_down_num,0.0008230190228063045,245213,0.0010224305292117941,0.0009863511002773087,3.607942893448543e-05,122799,122414,TRUE1MIN::lagged_daily_context
ctx_hfq_pb,ctx_sent_downlimit_num,0.0006638358121081162,245213,0.0007779600877471865,0.0008628337898274341,8.487370208024752e-05,122799,122414,TRUE1MIN::lagged_daily_context
ctx_hfq_pb,ctx_sent_gt5_num,0.001827769076528949,245213,0.001979490881930235,0.001984409584194847,4.918702264611937e-06,122799,122414,TRUE1MIN::lagged_daily_context
ctx_hfq_pb,ctx_sent_lb_2_num,0.0020043481583794298,245213,0.002274586511270231,0.0020468625012068776,0.00022772401006335326,122799,122414,TRUE1MIN::lagged_daily_context
ctx_hfq_pb,ctx_sent_lb_3_num,0.0017273892032052154,245213,0.0018304299061194078,0.001832941310962303,2.5114048428952814e-06,122799,122414,TRUE1MIN::lagged_daily_context
ctx_hfq_pb,ctx_sent_lb_h_num,0.0018056608622896181,245213,0.0018545702640639919,0.0019507373276730694,9.616706360907751e-05,122799,122414,TRUE1MIN::lagged_daily_context
ctx_hfq_pb,ctx_sent_lt5_num,0.000789543057337821,245213,0.0009511086690943426,0.0009700238763365182,1.891520724217556e-05,122799,122414,TRUE1MIN::lagged_daily_context
ctx_hfq_pb,ctx_sent_max_lb_num,0.0008868209482149896,245213,0.0009297007315442731,0.0010691130812751316,0.00013941234973085853,122799,122414,TRUE1MIN::lagged_daily_context
ctx_hfq_pb,ctx_sent_mian_num,0.0012560447191482962,245213,0.0013578601244519583,0.001320290771237715,3.756935321424333e-05,122799,122414,TRUE1MIN::lagged_daily_context
ctx_hfq_pb,ctx_sent_tiandi_num,0.0,245213,0.0,0.0,0.0,122799,122414,TRUE1MIN::lagged_daily_context
ctx_hfq_pb,ctx_sent_up_num,0.0009339826830056424,245213,0.0011032547528851031,0.0010786557873810527,2.4598965504050432e-05,122799,122414,TRUE1MIN::lagged_daily_context
ctx_hfq_pb,ctx_sent_uplimit_num,0.0021863208172320796,245213,0.0023845573724684465,0.0023335882392534688,5.096913321497778e-05,122799,122414,TRUE1MIN::lagged_daily_context
ctx_hfq_pb,ctx_sent_zb_num,0.002205264022069337,245213,0.0023695179376759727,0.0024053098902251237,3.579195254915096e-05,122799,122414,TRUE1MIN::lagged_daily_context
ctx_hfq_pb,ctx_ths_hot_circulation_value,0.3881300650352476,547,0.4073723750238534,0.4188778601997877,0.011505485175934305,259,288,TRUE1MIN::lagged_daily_context
ctx_hfq_pb,ctx_ths_hot_last_pct,0.17356171157183642,547,0.22476009950391682,0.20170546645382226,0.02305463305009456,259,288,TRUE1MIN::lagged_daily_context
ctx_hfq_pb,ctx_ths_hot_last_price,0.33451157963163547,547,0.36683477614076426,0.35766559808717263,0.009169178053591631,259,288,TRUE1MIN::lagged_daily_context
ctx_hfq_pb,ctx_ths_hot_rank,0.1316214928445569,547,0.17762450431644955,0.14900800267427364,0.028616501642175912,259,288,TRUE1MIN::lagged_daily_context
ctx_hfq_pb,ctx_ths_hot_rank_diff,0.16188061300065987,547,0.2075058720657927,0.2007464511256538,0.006759420940138899,259,288,TRUE1MIN::lagged_daily_context
ctx_hfq_pb,ctx_zls_df_num,0.0,0,0.0,0.0,0.0,0,0,TRUE1MIN::lagged_daily_context
ctx_hfq_pb,ctx_zls_lbgd,0.0,0,0.0,0.0,0.0,0,0,TRUE1MIN::lagged_daily_context
ctx_hfq_pb,ctx_zls_strong,0.0,0,0.0,0.0,0.0,0,0,TRUE1MIN::lagged_daily_context
ctx_hfq_pb,ctx_zls_ztjs,0.0,0,0.0,0.0,0.0,0,0,TRUE1MIN::lagged_daily_context
ctx_hfq_pe_ttm,ctx_hfq_prev_is_limit_up,0.0,0,0.0,0.0,0.0,0,0,TRUE1MIN::lagged_daily_context
ctx_hfq_pe_ttm,ctx_hfq_ps_ttm,0.07161564162379756,245213,0.07191701502731053,0.07164392908900713,0.00027308593830339956,122799,122414,TRUE1MIN::lagged_daily_context
ctx_hfq_pe_ttm,ctx_hfq_turnover_ratio,0.02227054050099376,245213,0.022654819200804283,0.022197937495429764,0.00045688170537451847,122799,122414,TRUE1MIN::lagged_daily_context
ctx_hfq_pe_ttm,ctx_hfq_volume_ratio,0.000670971437788548,245193,0.0008818609679276162,0.0008053978903209316,7.646307760668467e-05,122790,122403,TRUE1MIN::lagged_daily_context
ctx_hfq_pe_ttm,ctx_holder_avg_hold_num,0.05877402774986349,9220,0.06255109281787945,0.0640157453373473,0.0014646525194678545,4672,4548,TRUE1MIN::lagged_daily_context
ctx_hfq_pe_ttm,ctx_holder_avg_market_cap,0.05856997289283729,9225,0.062256563651982316,0.06351446527430776,0.0012579016223254469,4673,4552,TRUE1MIN::lagged_daily_context
ctx_hfq_pe_ttm,ctx_holder_holder_num,0.08259321003213557,9232,0.08477649672749983,0.0905703608719978,0.005793864144497965,4676,4556,TRUE1MIN::lagged_daily_context
ctx_hfq_pe_ttm,ctx_holder_holder_num_change,0.01920101559699499,9232,0.022038552422570284,0.024352024987409307,0.0023134725648390232,4676,4556,TRUE1MIN::lagged_daily_context
ctx_hfq_pe_ttm,ctx_holder_holder_num_ratio,0.023928776675776454,9232,0.03169300561818642,0.02606429350900763,0.005628712109178792,4676,4556,TRUE1MIN::lagged_daily_context
ctx_hfq_pe_ttm,ctx_rzrq_rqye,0.03218564207507854,218839,0.03224171338647611,0.03239405894843905,0.00015234556196293964,109695,109144,TRUE1MIN::lagged_daily_context
ctx_hfq_pe_ttm,ctx_rzrq_rqyl,0.04461975494695093,218839,0.04507520762692876,0.04452674783305231,0.0005484597938764449,109695,109144,TRUE1MIN::lagged_daily_context
ctx_hfq_pe_ttm,ctx_rzrq_rzche,0.007291150021184109,218839,0.007297029004157138,0.007707975054693701,0.0004109460505365625,109695,109144,TRUE1MIN::lagged_daily_context
ctx_hfq_pe_ttm,ctx_rzrq_rzjme,0.004055048450713974,218839,0.004152000370860244,0.0042852966179391565,0.00013329624707891265,109695,109144,TRUE1MIN::lagged_daily_context
ctx_hfq_pe_ttm,ctx_rzrq_rzmre,0.00693263055664652,218839,0.007004884983425279,0.007308929835789845,0.0003040448523645659,109695,109144,TRUE1MIN::lagged_daily_context
ctx_hfq_pe_ttm,ctx_rzrq_rzrqye,0.03477619542050824,218839,0.0351876813416411,0.03475903545595983,0.0004286458856812697,109695,109144,TRUE1MIN::lagged_daily_context
ctx_hfq_pe_ttm,ctx_rzrq_rzye,0.034891305456948546,218839,0.035375156340729,0.03480799442670309,0.0005671619140259071,109695,109144,TRUE1MIN::lagged_daily_context
ctx_hfq_pe_ttm,ctx_rzrq_rzyezb,0.018478582694215553,218839,0.018897864283027793,0.01840010621695529,0.0004977580660725026,109695,109144,TRUE1MIN::lagged_daily_context
ctx_hfq_pe_ttm,ctx_sent_damian_num,0.00018522676164052924,245213,0.00023183158962396144,0.0002497539373228555,1.7922347698894032e-05,122799,122414,TRUE1MIN::lagged_daily_context
ctx_hfq_pe_ttm,ctx_sent_ditian_num,0.00040571979259746246,245213,0.0005315302733952528,0.00031983729443126925,0.0002116929789639836,122799,122414,TRUE1MIN::lagged_daily_context
ctx_hfq_pe_ttm,ctx_sent_down_num,0.000740118939088155,245213,0.0009019408817196256,0.00091189758467569,9.956702956064327e-06,122799,122414,TRUE1MIN::lagged_daily_context
ctx_hfq_pe_ttm,ctx_sent_downlimit_num,0.0005378927764234897,245213,0.0006316210957157076,0.0007257222290658768,9.41011333501692e-05,122799,122414,TRUE1MIN::lagged_daily_context
ctx_hfq_pe_ttm,ctx_sent_gt5_num,0.0011256920331132933,245213,0.0012527358177244906,0.0013051338116873469,5.239799396285628e-05,122799,122414,TRUE1MIN::lagged_daily_context
ctx_hfq_pe_ttm,ctx_sent_lb_2_num,0.0012997681950384856,245213,0.0014545713557413856,0.0014216121192233856,3.2959236518000003e-05,122799,122414,TRUE1MIN::lagged_daily_context
ctx_hfq_pe_ttm,ctx_sent_lb_3_num,0.0011124454975447574,245213,0.0011941951829069547,0.001250862846573985,5.666766366703023e-05,122799,122414,TRUE1MIN::lagged_daily_context
ctx_hfq_pe_ttm,ctx_sent_lb_h_num,0.0012865698606681342,245213,0.0014403625568698865,0.0012880787606774269,0.00015228379619245964,122799,122414,TRUE1MIN::lagged_daily_context
ctx_hfq_pe_ttm,ctx_sent_lt5_num,0.0007125077452338649,245213,0.0008262107332689796,0.0009000378022049523,7.382706893597276e-05,122799,122414,TRUE1MIN::lagged_daily_context
ctx_hfq_pe_ttm,ctx_sent_max_lb_num,0.0007300280831303277,245213,0.0008401364847768494,0.0007802169167128359,5.9919568064013547e-05,122799,122414,TRUE1MIN::lagged_daily_context
ctx_hfq_pe_ttm,ctx_sent_mian_num,0.0007705224930895172,245213,0.0008235750660816862,0.0009082179788355945,8.464291275390827e-05,122799,122414,TRUE1MIN::lagged_daily_context
ctx_hfq_pe_ttm,ctx_sent_tiandi_num,0.0,245213,0.0,0.0,0.0,122799,122414,TRUE1MIN::lagged_daily_context
ctx_hfq_pe_ttm,ctx_sent_up_num,0.0007325900131730447,245213,0.000905558321994305,0.0008805717096616709,2.4986612332634096e-05,122799,122414,TRUE1MIN::lagged_daily_context
ctx_hfq_pe_ttm,ctx_sent_uplimit_num,0.0013495154898299183,245213,0.0015668651210589508,0.0014357834261396064,0.0001310816949193444,122799,122414,TRUE1MIN::lagged_daily_context
ctx_hfq_pe_ttm,ctx_sent_zb_num,0.0015690172848182105,245213,0.0018232885341394924,0.0016577163635546545,0.00016557217058483782,122799,122414,TRUE1MIN::lagged_daily_context
ctx_hfq_pe_ttm,ctx_ths_hot_circulation_value,0.3938591447224921,547,0.42296860705922473,0.41554683892785815,0.0074217681313665795,259,288,TRUE1MIN::lagged_daily_context
ctx_hfq_pe_ttm,ctx_ths_hot_last_pct,0.18480527866173618,547,0.24965955424633282,0.2273843026269766,0.02227525161935623,259,288,TRUE1MIN::lagged_daily_context
ctx_hfq_pe_ttm,ctx_ths_hot_last_price,0.3786899700290202,547,0.4075726967522119,0.39050573190821797,0.017066964843993948,259,288,TRUE1MIN::lagged_daily_context
ctx_hfq_pe_ttm,ctx_ths_hot_rank,0.17322330091325872,547,0.21626515511694672,0.19964714666838249,0.01661800844856423,259,288,TRUE1MIN::lagged_daily_context
ctx_hfq_pe_ttm,ctx_ths_hot_rank_diff,0.20824982565767916,547,0.22928258450860056,0.26034037251834186,0.031057788009741294,259,288,TRUE1MIN::lagged_daily_context
ctx_hfq_pe_ttm,ctx_zls_df_num,0.0,0,0.0,0.0,0.0,0,0,TRUE1MIN::lagged_daily_context
ctx_hfq_pe_ttm,ctx_zls_lbgd,0.0,0,0.0,0.0,0.0,0,0,TRUE1MIN::lagged_daily_context
ctx_hfq_pe_ttm,ctx_zls_strong,0.0,0,0.0,0.0,0.0,0,0,TRUE1MIN::lagged_daily_context
ctx_hfq_pe_ttm,ctx_zls_ztjs,0.0,0,0.0,0.0,0.0,0,0,TRUE1MIN::lagged_daily_context
ctx_hfq_prev_is_limit_up,ctx_hfq_ps_ttm,0.0,0,0.0,0.0,0.0,0,0,TRUE1MIN::lagged_daily_context
ctx_hfq_prev_is_limit_up,ctx_hfq_turnover_ratio,0.0,0,0.0,0.0,0.0,0,0,TRUE1MIN::lagged_daily_context
ctx_hfq_prev_is_limit_up,ctx_hfq_volume_ratio,0.0,0,0.0,0.0,0.0,0,0,TRUE1MIN::lagged_daily_context
ctx_hfq_prev_is_limit_up,ctx_holder_avg_hold_num,0.0,0,0.0,0.0,0.0,0,0,TRUE1MIN::lagged_daily_context
ctx_hfq_prev_is_limit_up,ctx_holder_avg_market_cap,0.0,0,0.0,0.0,0.0,0,0,TRUE1MIN::lagged_daily_context
ctx_hfq_prev_is_limit_up,ctx_holder_holder_num,0.0,0,0.0,0.0,0.0,0,0,TRUE1MIN::lagged_daily_context
ctx_hfq_prev_is_limit_up,ctx_holder_holder_num_change,0.0,0,0.0,0.0,0.0,0,0,TRUE1MIN::lagged_daily_context
ctx_hfq_prev_is_limit_up,ctx_holder_holder_num_ratio,0.0,0,0.0,0.0,0.0,0,0,TRUE1MIN::lagged_daily_context
ctx_hfq_prev_is_limit_up,ctx_rzrq_rqye,0.0,0,0.0,0.0,0.0,0,0,TRUE1MIN::lagged_daily_context
ctx_hfq_prev_is_limit_up,ctx_rzrq_rqyl,0.0,0,0.0,0.0,0.0,0,0,TRUE1MIN::lagged_daily_context
ctx_hfq_prev_is_limit_up,ctx_rzrq_rzche,0.0,0,0.0,0.0,0.0,0,0,TRUE1MIN::lagged_daily_context
ctx_hfq_prev_is_limit_up,ctx_rzrq_rzjme,0.0,0,0.0,0.0,0.0,0,0,TRUE1MIN::lagged_daily_context
ctx_hfq_prev_is_limit_up,ctx_rzrq_rzmre,0.0,0,0.0,0.0,0.0,0,0,TRUE1MIN::lagged_daily_context
ctx_hfq_prev_is_limit_up,ctx_rzrq_rzrqye,0.0,0,0.0,0.0,0.0,0,0,TRUE1MIN::lagged_daily_context
ctx_hfq_prev_is_limit_up,ctx_rzrq_rzye,0.0,0,0.0,0.0,0.0,0,0,TRUE1MIN::lagged_daily_context
ctx_hfq_prev_is_limit_up,ctx_rzrq_rzyezb,0.0,0,0.0,0.0,0.0,0,0,TRUE1MIN::lagged_daily_context
ctx_hfq_prev_is_limit_up,ctx_sent_damian_num,0.0,0,0.0,0.0,0.0,0,0,TRUE1MIN::lagged_daily_context
ctx_hfq_prev_is_limit_up,ctx_sent_ditian_num,0.0,0,0.0,0.0,0.0,0,0,TRUE1MIN::lagged_daily_context
ctx_hfq_prev_is_limit_up,ctx_sent_down_num,0.0,0,0.0,0.0,0.0,0,0,TRUE1MIN::lagged_daily_context
ctx_hfq_prev_is_limit_up,ctx_sent_downlimit_num,0.0,0,0.0,0.0,0.0,0,0,TRUE1MIN::lagged_daily_context
ctx_hfq_prev_is_limit_up,ctx_sent_gt5_num,0.0,0,0.0,0.0,0.0,0,0,TRUE1MIN::lagged_daily_context
ctx_hfq_prev_is_limit_up,ctx_sent_lb_2_num,0.0,0,0.0,0.0,0.0,0,0,TRUE1MIN::lagged_daily_context
ctx_hfq_prev_is_limit_up,ctx_sent_lb_3_num,0.0,0,0.0,0.0,0.0,0,0,TRUE1MIN::lagged_daily_context
ctx_hfq_prev_is_limit_up,ctx_sent_lb_h_num,0.0,0,0.0,0.0,0.0,0,0,TRUE1MIN::lagged_daily_context
ctx_hfq_prev_is_limit_up,ctx_sent_lt5_num,0.0,0,0.0,0.0,0.0,0,0,TRUE1MIN::lagged_daily_context
ctx_hfq_prev_is_limit_up,ctx_sent_max_lb_num,0.0,0,0.0,0.0,0.0,0,0,TRUE1MIN::lagged_daily_context
ctx_hfq_prev_is_limit_up,ctx_sent_mian_num,0.0,0,0.0,0.0,0.0,0,0,TRUE1MIN::lagged_daily_context
ctx_hfq_prev_is_limit_up,ctx_sent_tiandi_num,0.0,0,0.0,0.0,0.0,0,0,TRUE1MIN::lagged_daily_context
ctx_hfq_prev_is_limit_up,ctx_sent_up_num,0.0,0,0.0,0.0,0.0,0,0,TRUE1MIN::lagged_daily_context
ctx_hfq_prev_is_limit_up,ctx_sent_uplimit_num,0.0,0,0.0,0.0,0.0,0,0,TRUE1MIN::lagged_daily_context
ctx_hfq_prev_is_limit_up,ctx_sent_zb_num,0.0,0,0.0,0.0,0.0,0,0,TRUE1MIN::lagged_daily_context
ctx_hfq_prev_is_limit_up,ctx_ths_hot_circulation_value,0.0,0,0.0,0.0,0.0,0,0,TRUE1MIN::lagged_daily_context
ctx_hfq_prev_is_limit_up,ctx_ths_hot_last_pct,0.0,0,0.0,0.0,0.0,0,0,TRUE1MIN::lagged_daily_context
ctx_hfq_prev_is_limit_up,ctx_ths_hot_last_price,0.0,0,0.0,0.0,0.0,0,0,TRUE1MIN::lagged_daily_context
ctx_hfq_prev_is_limit_up,ctx_ths_hot_rank,0.0,0,0.0,0.0,0.0,0,0,TRUE1MIN::lagged_daily_context
ctx_hfq_prev_is_limit_up,ctx_ths_hot_rank_diff,0.0,0,0.0,0.0,0.0,0,0,TRUE1MIN::lagged_daily_context
ctx_hfq_prev_is_limit_up,ctx_zls_df_num,0.0,0,0.0,0.0,0.0,0,0,TRUE1MIN::lagged_daily_context
ctx_hfq_prev_is_limit_up,ctx_zls_lbgd,0.0,0,0.0,0.0,0.0,0,0,TRUE1MIN::lagged_daily_context
ctx_hfq_prev_is_limit_up,ctx_zls_strong,0.0,0,0.0,0.0,0.0,0,0,TRUE1MIN::lagged_daily_context
ctx_hfq_prev_is_limit_up,ctx_zls_ztjs,0.0,0,0.0,0.0,0.0,0,0,TRUE1MIN::lagged_daily_context
ctx_hfq_ps_ttm,ctx_hfq_turnover_ratio,0.016370011477500453,245213,0.01656121185020675,0.016491811831194286,6.940001901246592e-05,122799,122414,TRUE1MIN::lagged_daily_context
ctx_hfq_ps_ttm,ctx_hfq_volume_ratio,0.0008450986899397297,245193,0.0009245090460392477,0.0010444111033821298,0.00011990205734288203,122790,122403,TRUE1MIN::lagged_daily_context
ctx_hfq_ps_ttm,ctx_holder_avg_hold_num,0.0690354412320936,9220,0.07588592729138696,0.07329205206013992,0.0025938752312470448,4672,4548,TRUE1MIN::lagged_daily_context
ctx_hfq_ps_ttm,ctx_holder_avg_market_cap,0.059071388280771665,9225,0.06045784897324743,0.06668942674426083,0.006231577771013401,4673,4552,TRUE1MIN::lagged_daily_context
ctx_hfq_ps_ttm,ctx_holder_holder_num,0.09420694885766173,9232,0.10138429258244888,0.09527878354852254,0.006105509033926343,4676,4556,TRUE1MIN::lagged_daily_context
ctx_hfq_ps_ttm,ctx_holder_holder_num_change,0.02179750427475147,9232,0.026058234917347874,0.025835521974632805,0.0002227129427150691,4676,4556,TRUE1MIN::lagged_daily_context
ctx_hfq_ps_ttm,ctx_holder_holder_num_ratio,0.02696118112214834,9232,0.030173369803226456,0.03194797039530477,0.0017746005920783112,4676,4556,TRUE1MIN::lagged_daily_context
ctx_hfq_ps_ttm,ctx_rzrq_rqye,0.036755168503484266,218839,0.03714319767682094,0.03665322734894149,0.000489970327879452,109695,109144,TRUE1MIN::lagged_daily_context
ctx_hfq_ps_ttm,ctx_rzrq_rqyl,0.053969642841378056,218839,0.05421960146788916,0.053980261317265264,0.0002393401506238929,109695,109144,TRUE1MIN::lagged_daily_context
ctx_hfq_ps_ttm,ctx_rzrq_rzche,0.009647894057343172,218839,0.009717999186369715,0.00994002551049122,0.00022202632412150584,109695,109144,TRUE1MIN::lagged_daily_context
ctx_hfq_ps_ttm,ctx_rzrq_rzjme,0.005608004028664087,218839,0.005758167373509317,0.005847934561085691,8.976718757637385e-05,109695,109144,TRUE1MIN::lagged_daily_context
ctx_hfq_ps_ttm,ctx_rzrq_rzmre,0.00876160870962756,218839,0.008793806471283727,0.009072441683166978,0.00027863521188325156,109695,109144,TRUE1MIN::lagged_daily_context
ctx_hfq_ps_ttm,ctx_rzrq_rzrqye,0.04296292878262105,218839,0.043241849693137165,0.04306622819896156,0.00017562149417560402,109695,109144,TRUE1MIN::lagged_daily_context
ctx_hfq_ps_ttm,ctx_rzrq_rzye,0.042603676441281185,218839,0.04278481260137595,0.04280771774052657,2.2905139150625198e-05,109695,109144,TRUE1MIN::lagged_daily_context
ctx_hfq_ps_ttm,ctx_rzrq_rzyezb,0.015096786038809375,218839,0.015439611716435694,0.015179731431240018,0.00025988028519567663,109695,109144,TRUE1MIN::lagged_daily_context
ctx_hfq_ps_ttm,ctx_sent_damian_num,0.00020864218493765602,245213,0.00024427907628444265,0.0003586860131442806,0.00011440693685983792,122799,122414,TRUE1MIN::lagged_daily_context
ctx_hfq_ps_ttm,ctx_sent_ditian_num,0.00020090959230493902,245213,0.00021248992645126366,0.00020764743162840875,4.84249482285491e-06,122799,122414,TRUE1MIN::lagged_daily_context
ctx_hfq_ps_ttm,ctx_sent_down_num,0.0005820710740800137,245213,0.0006871257166802306,0.0008071861808469555,0.00012006046416672487,122799,122414,TRUE1MIN::lagged_daily_context
ctx_hfq_ps_ttm,ctx_sent_downlimit_num,0.00040722776623029305,245213,0.0005147086051039016,0.0005917460494333551,7.703744432945351e-05,122799,122414,TRUE1MIN::lagged_daily_context
ctx_hfq_ps_ttm,ctx_sent_gt5_num,0.0010419600848302843,245213,0.0011543061298488267,0.001301149909032472,0.00014684377918364536,122799,122414,TRUE1MIN::lagged_daily_context
ctx_hfq_ps_ttm,ctx_sent_lb_2_num,0.001143769282912393,245213,0.0012489272289396244,0.0012997246002050557,5.079737126543137e-05,122799,122414,TRUE1MIN::lagged_daily_context
ctx_hfq_ps_ttm,ctx_sent_lb_3_num,0.001004664123004634,245213,0.0010097070881285883,0.0011593636928214554,0.00014965660469286714,122799,122414,TRUE1MIN::lagged_daily_context
ctx_hfq_ps_ttm,ctx_sent_lb_h_num,0.001083502123723397,245213,0.0011214217472472904,0.0012529090974362994,0.0001314873501890091,122799,122414,TRUE1MIN::lagged_daily_context
ctx_hfq_ps_ttm,ctx_sent_lt5_num,0.0005798248317707318,245213,0.000767043415967763,0.0007642400716655736,2.8033443021894134e-06,122799,122414,TRUE1MIN::lagged_daily_context
ctx_hfq_ps_ttm,ctx_sent_max_lb_num,0.000599382926144848,245213,0.0006587658667167698,0.0007355818717176663,7.681600500089646e-05,122799,122414,TRUE1MIN::lagged_daily_context
ctx_hfq_ps_ttm,ctx_sent_mian_num,0.0006873074379771163,245213,0.0007703827800225718,0.0008712401269076253,0.00010085734688505344,122799,122414,TRUE1MIN::lagged_daily_context
ctx_hfq_ps_ttm,ctx_sent_tiandi_num,1.2655881082645957e-08,245213,0.0,0.0,0.0,122799,122414,TRUE1MIN::lagged_daily_context
ctx_hfq_ps_ttm,ctx_sent_up_num,0.0006218168855161999,245213,0.000799812752675958,0.0007617833721383895,3.802938053756855e-05,122799,122414,TRUE1MIN::lagged_daily_context
ctx_hfq_ps_ttm,ctx_sent_uplimit_num,0.0012179517980059433,245213,0.0013623492229365758,0.0014257826023251416,6.343337938856581e-05,122799,122414,TRUE1MIN::lagged_daily_context
ctx_hfq_ps_ttm,ctx_sent_zb_num,0.0012951795092668277,245213,0.0015519393849634754,0.001379283488224446,0.00017265589673902946,122799,122414,TRUE1MIN::lagged_daily_context
ctx_hfq_ps_ttm,ctx_ths_hot_circulation_value,0.5246121063604449,547,0.555335691047178,0.5304477472330122,0.024887943814165703,259,288,TRUE1MIN::lagged_daily_context
ctx_hfq_ps_ttm,ctx_ths_hot_last_pct,0.2277083753865425,547,0.27737531620585465,0.25984619174213003,0.01752912446372462,259,288,TRUE1MIN::lagged_daily_context
ctx_hfq_ps_ttm,ctx_ths_hot_last_price,0.48400337102328383,547,0.5216772331497519,0.4885446747088812,0.03313255844087071,259,288,TRUE1MIN::lagged_daily_context
ctx_hfq_ps_ttm,ctx_ths_hot_rank,0.14404845574305938,547,0.1999092663741761,0.16304220938251,0.03686705699166612,259,288,TRUE1MIN::lagged_daily_context
ctx_hfq_ps_ttm,ctx_ths_hot_rank_diff,0.20725047606256067,547,0.23930317935356954,0.25395332044425367,0.014650141090684132,259,288,TRUE1MIN::lagged_daily_context
ctx_hfq_ps_ttm,ctx_zls_df_num,0.0,0,0.0,0.0,0.0,0,0,TRUE1MIN::lagged_daily_context
ctx_hfq_ps_ttm,ctx_zls_lbgd,0.0,0,0.0,0.0,0.0,0,0,TRUE1MIN::lagged_daily_context
ctx_hfq_ps_ttm,ctx_zls_strong,0.0,0,0.0,0.0,0.0,0,0,TRUE1MIN::lagged_daily_context
ctx_hfq_ps_ttm,ctx_zls_ztjs,0.0,0,0.0,0.0,0.0,0,0,TRUE1MIN::lagged_daily_context
ctx_hfq_turnover_ratio,ctx_hfq_volume_ratio,0.01867912380101994,245193,0.018751565450607067,0.018983270034303935,0.00023170458369686786,122790,122403,TRUE1MIN::lagged_daily_context
ctx_hfq_turnover_ratio,ctx_holder_avg_hold_num,0.06698599399424393,9220,0.06893920549302111,0.07441486935487941,0.005475663861858299,4672,4548,TRUE1MIN::lagged_daily_context
ctx_hfq_turnover_ratio,ctx_holder_avg_market_cap,0.019564935490653558,9225,0.023937498417561036,0.025155566137252176,0.0012180677196911398,4673,4552,TRUE1MIN::lagged_daily_context
ctx_hfq_turnover_ratio,ctx_holder_holder_num,0.05120359860391401,9232,0.05658323634934083,0.05537221729073657,0.001211019058604261,4676,4556,TRUE1MIN::lagged_daily_context
ctx_hfq_turnover_ratio,ctx_holder_holder_num_change,0.022763997947597973,9232,0.026789031479674447,0.028858811251547697,0.00206977977187325,4676,4556,TRUE1MIN::lagged_daily_context
ctx_hfq_turnover_ratio,ctx_holder_holder_num_ratio,0.04020523953503428,9232,0.04284608763048999,0.04686329387811561,0.004017206247625617,4676,4556,TRUE1MIN::lagged_daily_context
ctx_hfq_turnover_ratio,ctx_rzrq_rqye,0.032745698254755186,218839,0.032894731526364566,0.032867598702422236,2.7132823942330186e-05,109695,109144,TRUE1MIN::lagged_daily_context
ctx_hfq_turnover_ratio,ctx_rzrq_rqyl,0.04051376236296427,218839,0.04068711398845318,0.04065065703899863,3.6456949454546916e-05,109695,109144,TRUE1MIN::lagged_daily_context
ctx_hfq_turnover_ratio,ctx_rzrq_rzche,0.029954442291412253,218839,0.030431415933779668,0.02990735444440814,0.0005240614893715287,109695,109144,TRUE1MIN::lagged_daily_context
ctx_hfq_turnover_ratio,ctx_rzrq_rzjme,0.011460051201050299,218839,0.011340204484005923,0.011971525464995714,0.0006313209809897906,109695,109144,TRUE1MIN::lagged_daily_context
ctx_hfq_turnover_ratio,ctx_rzrq_rzmre,0.03293725348411724,218839,0.03294572953084908,0.033267143403182556,0.00032141387233347585,109695,109144,TRUE1MIN::lagged_daily_context
ctx_hfq_turnover_ratio,ctx_rzrq_rzrqye,0.02378928734646438,218839,0.02376968404969623,0.024194236005202787,0.000424551955506558,109695,109144,TRUE1MIN::lagged_daily_context
ctx_hfq_turnover_ratio,ctx_rzrq_rzye,0.02356564686443622,218839,0.02356152770306508,0.02395190285925368,0.0003903751561885986,109695,109144,TRUE1MIN::lagged_daily_context
ctx_hfq_turnover_ratio,ctx_rzrq_rzyezb,0.04261440916595313,218839,0.042859552200848666,0.04274831420476541,0.00011123799608325768,109695,109144,TRUE1MIN::lagged_daily_context
ctx_hfq_turnover_ratio,ctx_sent_damian_num,0.001052216378042438,245213,0.001117570399449973,0.0010799895304792156,3.758086897075728e-05,122799,122414,TRUE1MIN::lagged_daily_context
ctx_hfq_turnover_ratio,ctx_sent_ditian_num,0.0012531862017563183,245213,0.001321594580491901,0.0012499030835775855,7.16914969143155e-05,122799,122414,TRUE1MIN::lagged_daily_context
ctx_hfq_turnover_ratio,ctx_sent_down_num,0.002516109243442036,245213,0.002665527934943095,0.0027158276371687198,5.0299702225624614e-05,122799,122414,TRUE1MIN::lagged_daily_context
ctx_hfq_turnover_ratio,ctx_sent_downlimit_num,0.002910856643495027,245213,0.003013816921056344,0.0031491290178438415,0.00013531209678749757,122799,122414,TRUE1MIN::lagged_daily_context
ctx_hfq_turnover_ratio,ctx_sent_gt5_num,0.005400692846596266,245213,0.005556384578013151,0.0055662610687196076,9.87649070645618e-06,122799,122414,TRUE1MIN::lagged_daily_context
ctx_hfq_turnover_ratio,ctx_sent_lb_2_num,0.005165827258948716,245213,0.00531975801472634,0.005286563834164187,3.319418056215318e-05,122799,122414,TRUE1MIN::lagged_daily_context
ctx_hfq_turnover_ratio,ctx_sent_lb_3_num,0.0044425334082043135,245213,0.004423745329137755,0.004652966386541399,0.00022922105740364428,122799,122414,TRUE1MIN::lagged_daily_context
ctx_hfq_turnover_ratio,ctx_sent_lb_h_num,0.004698817037230704,245213,0.004735489220652457,0.004836639696089934,0.00010115047543747709,122799,122414,TRUE1MIN::lagged_daily_context
ctx_hfq_turnover_ratio,ctx_sent_lt5_num,0.003811008884362394,245213,0.004053982898694057,0.003927256955291243,0.0001267259434028136,122799,122414,TRUE1MIN::lagged_daily_context
ctx_hfq_turnover_ratio,ctx_sent_max_lb_num,0.0018418026171434167,245213,0.001822433833000944,0.0020254910842976534,0.00020305725129670933,122799,122414,TRUE1MIN::lagged_daily_context
ctx_hfq_turnover_ratio,ctx_sent_mian_num,0.0023573560181422487,245213,0.0024980546586751647,0.0023779088819483466,0.00012014577672681817,122799,122414,TRUE1MIN::lagged_daily_context
ctx_hfq_turnover_ratio,ctx_sent_tiandi_num,0.0,245213,0.0,0.0,0.0,122799,122414,TRUE1MIN::lagged_daily_context
ctx_hfq_turnover_ratio,ctx_sent_up_num,0.0022849752187509994,245213,0.0024346664328524213,0.002429255117365636,5.411315486785438e-06,122799,122414,TRUE1MIN::lagged_daily_context
ctx_hfq_turnover_ratio,ctx_sent_uplimit_num,0.0073055709441405825,245213,0.00752814618565361,0.007390273343913507,0.0001378728417401028,122799,122414,TRUE1MIN::lagged_daily_context
ctx_hfq_turnover_ratio,ctx_sent_zb_num,0.008273667773880574,245213,0.008530577824485222,0.008391596452705923,0.00013898137177929988,122799,122414,TRUE1MIN::lagged_daily_context
ctx_hfq_turnover_ratio,ctx_ths_hot_circulation_value,0.2242019499675905,547,0.2525295654721468,0.23289738288485454,0.01963218258729224,259,288,TRUE1MIN::lagged_daily_context
ctx_hfq_turnover_ratio,ctx_ths_hot_last_pct,0.15926878724022037,547,0.207366926518162,0.1702570035710475,0.03710992294711449,259,288,TRUE1MIN::lagged_daily_context
ctx_hfq_turnover_ratio,ctx_ths_hot_last_price,0.16604442549621443,547,0.18870751180222542,0.2020308258682108,0.013323314065985387,259,288,TRUE1MIN::lagged_daily_context
ctx_hfq_turnover_ratio,ctx_ths_hot_rank,0.11426012569391748,547,0.11634113431678292,0.1476248150739119,0.03128368075712898,259,288,TRUE1MIN::lagged_daily_context
ctx_hfq_turnover_ratio,ctx_ths_hot_rank_diff,0.15128484361928626,547,0.17078358810154182,0.18203630315779878,0.011252715056256968,259,288,TRUE1MIN::lagged_daily_context
ctx_hfq_turnover_ratio,ctx_zls_df_num,0.0,0,0.0,0.0,0.0,0,0,TRUE1MIN::lagged_daily_context
ctx_hfq_turnover_ratio,ctx_zls_lbgd,0.0,0,0.0,0.0,0.0,0,0,TRUE1MIN::lagged_daily_context
ctx_hfq_turnover_ratio,ctx_zls_strong,0.0,0,0.0,0.0,0.0,0,0,TRUE1MIN::lagged_daily_context
ctx_hfq_turnover_ratio,ctx_zls_ztjs,0.0,0,0.0,0.0,0.0,0,0,TRUE1MIN::lagged_daily_context
ctx_hfq_volume_ratio,ctx_holder_avg_hold_num,0.01576757113940098,9220,0.019443264049483548,0.02020736147778018,0.0007640974282966326,4672,4548,TRUE1MIN::lagged_daily_context
ctx_hfq_volume_ratio,ctx_holder_avg_market_cap,0.01520940064886525,9225,0.01830028062372213,0.021140761809599704,0.0028404811858775726,4673,4552,TRUE1MIN::lagged_daily_context
ctx_hfq_volume_ratio,ctx_holder_holder_num,0.013363987661647344,9232,0.01809728117094398,0.01811854615030133,2.1264979357348696e-05,4676,4556,TRUE1MIN::lagged_daily_context
ctx_hfq_volume_ratio,ctx_holder_holder_num_change,0.015830944240460172,9232,0.021139610624598244,0.01983946552869307,0.0013001450959051752,4676,4556,TRUE1MIN::lagged_daily_context
ctx_hfq_volume_ratio,ctx_holder_holder_num_ratio,0.015286882905444795,9232,0.019987784714368222,0.021830541050990165,0.001842756336621943,4676,4556,TRUE1MIN::lagged_daily_context
ctx_hfq_volume_ratio,ctx_rzrq_rqye,0.001211224501021613,218819,0.0012667910089564252,0.0014698371906868798,0.0002030461817304546,109686,109133,TRUE1MIN::lagged_daily_context
ctx_hfq_volume_ratio,ctx_rzrq_rqyl,0.001080015657765698,218819,0.0011469887090133047,0.001343998754193892,0.0001970100451805872,109686,109133,TRUE1MIN::lagged_daily_context
ctx_hfq_volume_ratio,ctx_rzrq_rzche,0.0076972329554057355,218819,0.007816570140018173,0.008009086914072957,0.00019251677405478403,109686,109133,TRUE1MIN::lagged_daily_context
ctx_hfq_volume_ratio,ctx_rzrq_rzjme,0.010179122631161427,218819,0.010164509195212371,0.01055063805637642,0.00038612886116404926,109686,109133,TRUE1MIN::lagged_daily_context
ctx_hfq_volume_ratio,ctx_rzrq_rzmre,0.009977508607152972,218819,0.010041643066362606,0.010297465212527345,0.00025582214616473933,109686,109133,TRUE1MIN::lagged_daily_context
ctx_hfq_volume_ratio,ctx_rzrq_rzrqye,0.001112487197615037,218819,0.001264199437742106,0.0013626113243032263,9.841188656112038e-05,109686,109133,TRUE1MIN::lagged_daily_context
ctx_hfq_volume_ratio,ctx_rzrq_rzye,0.0010996977007670936,218819,0.0012698923200202773,0.0013259790117657717,5.608669174549433e-05,109686,109133,TRUE1MIN::lagged_daily_context
ctx_hfq_volume_ratio,ctx_rzrq_rzyezb,0.0008035401722555703,218819,0.0009429376937073171,0.0011241655922132681,0.00018122789850595102,109686,109133,TRUE1MIN::lagged_daily_context
ctx_hfq_volume_ratio,ctx_sent_damian_num,0.0010889657902860407,245193,0.0010379445742031228,0.001257498856217281,0.00021955428201415818,122790,122403,TRUE1MIN::lagged_daily_context
ctx_hfq_volume_ratio,ctx_sent_ditian_num,0.0002820703992498506,245193,0.00029376538081099524,0.00031556844788339103,2.1803067072395795e-05,122790,122403,TRUE1MIN::lagged_daily_context
ctx_hfq_volume_ratio,ctx_sent_down_num,0.0072731415825258395,245193,0.0077680534431957965,0.007145450513704147,0.0006226029294916493,122790,122403,TRUE1MIN::lagged_daily_context
ctx_hfq_volume_ratio,ctx_sent_downlimit_num,0.005424527558253409,245193,0.00566280988417318,0.005434280792274878,0.00022852909189830222,122790,122403,TRUE1MIN::lagged_daily_context
ctx_hfq_volume_ratio,ctx_sent_gt5_num,0.008284654906832221,245193,0.00865374000710472,0.008257030086854664,0.0003967099202500553,122790,122403,TRUE1MIN::lagged_daily_context
ctx_hfq_volume_ratio,ctx_sent_lb_2_num,0.00400233684303177,245193,0.003920435533775817,0.004408723265473072,0.0004882877316972553,122790,122403,TRUE1MIN::lagged_daily_context
ctx_hfq_volume_ratio,ctx_sent_lb_3_num,0.0024473162764747564,245193,0.002375262242564247,0.0026422466415130085,0.00026698439894876167,122790,122403,TRUE1MIN::lagged_daily_context
ctx_hfq_volume_ratio,ctx_sent_lb_h_num,0.0024291250710498117,245193,0.0025154600992832216,0.0024926703870132663,2.2789712269955312e-05,122790,122403,TRUE1MIN::lagged_daily_context
ctx_hfq_volume_ratio,ctx_sent_lt5_num,0.007886376477911098,245193,0.008244192272819226,0.007857562058132265,0.00038663021468696157,122790,122403,TRUE1MIN::lagged_daily_context
ctx_hfq_volume_ratio,ctx_sent_max_lb_num,0.0013755035188310473,245193,0.0015884469357814537,0.0013559181427818664,0.0002325287929995873,122790,122403,TRUE1MIN::lagged_daily_context
ctx_hfq_volume_ratio,ctx_sent_mian_num,0.0017704345476583759,245193,0.0018313256584471345,0.0019495909838356982,0.00011826532538856374,122790,122403,TRUE1MIN::lagged_daily_context
ctx_hfq_volume_ratio,ctx_sent_tiandi_num,0.0,245193,0.0,0.0,0.0,122790,122403,TRUE1MIN::lagged_daily_context
ctx_hfq_volume_ratio,ctx_sent_up_num,0.007209180698602471,245193,0.007634694508251225,0.007142259837618023,0.0004924346706332017,122790,122403,TRUE1MIN::lagged_daily_context
ctx_hfq_volume_ratio,ctx_sent_uplimit_num,0.005645901442956147,245193,0.005657149965129898,0.005973940977975633,0.0003167910128457352,122790,122403,TRUE1MIN::lagged_daily_context
ctx_hfq_volume_ratio,ctx_sent_zb_num,0.006834664210936229,245193,0.006988998799098121,0.007052784382649324,6.378558355120325e-05,122790,122403,TRUE1MIN::lagged_daily_context
ctx_hfq_volume_ratio,ctx_ths_hot_circulation_value,0.24555034287802474,547,0.28461817732113703,0.29949624704696737,0.014878069725830334,259,288,TRUE1MIN::lagged_daily_context
ctx_hfq_volume_ratio,ctx_ths_hot_last_pct,0.23054522710613773,547,0.29096022914055236,0.2579289500522521,0.03303127908830028,259,288,TRUE1MIN::lagged_daily_context
ctx_hfq_volume_ratio,ctx_ths_hot_last_price,0.21308769294321933,547,0.2745148889141242,0.2550076925680858,0.01950719634603837,259,288,TRUE1MIN::lagged_daily_context
ctx_hfq_volume_ratio,ctx_ths_hot_rank,0.1319611865045401,547,0.1652082024584079,0.16950270509389953,0.004294502635491637,259,288,TRUE1MIN::lagged_daily_context
ctx_hfq_volume_ratio,ctx_ths_hot_rank_diff,0.18760839573848762,547,0.2488578632242956,0.22544668877657034,0.023411174447725253,259,288,TRUE1MIN::lagged_daily_context
ctx_hfq_volume_ratio,ctx_zls_df_num,0.0,0,0.0,0.0,0.0,0,0,TRUE1MIN::lagged_daily_context
ctx_hfq_volume_ratio,ctx_zls_lbgd,0.0,0,0.0,0.0,0.0,0,0,TRUE1MIN::lagged_daily_context
ctx_hfq_volume_ratio,ctx_zls_strong,0.0,0,0.0,0.0,0.0,0,0,TRUE1MIN::lagged_daily_context
ctx_hfq_volume_ratio,ctx_zls_ztjs,0.0,0,0.0,0.0,0.0,0,0,TRUE1MIN::lagged_daily_context
ctx_holder_avg_hold_num,ctx_holder_avg_market_cap,0.06719835259865428,9837,0.07144347022596663,0.07073230289334918,0.0007111673326174461,4992,4845,TRUE1MIN::lagged_daily_context
ctx_holder_avg_hold_num,ctx_holder_holder_num,0.11491749491723652,9848,0.12279873680609873,0.11399256199731253,0.008806174808786205,4996,4852,TRUE1MIN::lagged_daily_context
ctx_holder_avg_hold_num,ctx_holder_holder_num_change,0.019954293449866572,9848,0.02319185313893972,0.023626275855767365,0.00043442271682764613,4996,4852,TRUE1MIN::lagged_daily_context
ctx_holder_avg_hold_num,ctx_holder_holder_num_ratio,0.02127754766740198,9848,0.02396348410795849,0.02678624165853705,0.0028227575505785606,4996,4852,TRUE1MIN::lagged_daily_context
ctx_holder_avg_hold_num,ctx_rzrq_rqye,0.05756926811692795,8149,0.05943652961669499,0.06254513288380426,0.0031086032671092667,4128,4021,TRUE1MIN::lagged_daily_context
ctx_holder_avg_hold_num,ctx_rzrq_rqyl,0.07567573601860696,8149,0.07762276754519032,0.08078955758828847,0.0031667900430981527,4128,4021,TRUE1MIN::lagged_daily_context
ctx_holder_avg_hold_num,ctx_rzrq_rzche,0.028931892098642872,8149,0.03423194716363629,0.03452710577962437,0.00029515861598807674,4128,4021,TRUE1MIN::lagged_daily_context
ctx_holder_avg_hold_num,ctx_rzrq_rzjme,0.021715121630759084,8149,0.026056885772740228,0.02676233680316536,0.0007054510304251305,4128,4021,TRUE1MIN::lagged_daily_context
ctx_holder_avg_hold_num,ctx_rzrq_rzmre,0.027555360004227078,8149,0.0319298914608953,0.03376826731205894,0.0018383758511636358,4128,4021,TRUE1MIN::lagged_daily_context
ctx_holder_avg_hold_num,ctx_rzrq_rzrqye,0.06927138422063918,8149,0.07250863861086762,0.07584053783832023,0.0033318992274526116,4128,4021,TRUE1MIN::lagged_daily_context
ctx_holder_avg_hold_num,ctx_rzrq_rzye,0.069425453353507,8149,0.07219122180144294,0.07581189154268277,0.0036206697412398264,4128,4021,TRUE1MIN::lagged_daily_context
ctx_holder_avg_hold_num,ctx_rzrq_rzyezb,0.07167892084425402,8149,0.08113228322469221,0.0727273543348914,0.008404928889800808,4128,4021,TRUE1MIN::lagged_daily_context
ctx_holder_avg_hold_num,ctx_sent_damian_num,0.0043051161838703255,9848,0.005935694102369994,0.00488578779326038,0.0010499063091096135,4996,4852,TRUE1MIN::lagged_daily_context
ctx_holder_avg_hold_num,ctx_sent_ditian_num,0.0030440621702193024,9848,0.0034584588257329857,0.004437136518747188,0.0009786776930142023,4996,4852,TRUE1MIN::lagged_daily_context
ctx_holder_avg_hold_num,ctx_sent_down_num,0.011493698690668552,9848,0.016361045142775976,0.015469311427762833,0.0008917337150131429,4996,4852,TRUE1MIN::lagged_daily_context
ctx_holder_avg_hold_num,ctx_sent_downlimit_num,0.010561097093960426,9848,0.013648988236185431,0.014628802681558624,0.0009798144453731922,4996,4852,TRUE1MIN::lagged_daily_context
ctx_holder_avg_hold_num,ctx_sent_gt5_num,0.013947910903421108,9848,0.01843393733180324,0.018686332668764898,0.00025239533696165897,4996,4852,TRUE1MIN::lagged_daily_context
ctx_holder_avg_hold_num,ctx_sent_lb_2_num,0.01129447603608889,9848,0.016030563515938377,0.014322168059197962,0.0017083954567404143,4996,4852,TRUE1MIN::lagged_daily_context
ctx_holder_avg_hold_num,ctx_sent_lb_3_num,0.007652116573920998,9848,0.008268166507784083,0.010363198859847414,0.0020950323520633318,4996,4852,TRUE1MIN::lagged_daily_context
ctx_holder_avg_hold_num,ctx_sent_lb_h_num,0.006890860685109758,9848,0.01038148747666678,0.008024341219257995,0.002357146257408786,4996,4852,TRUE1MIN::lagged_daily_context
ctx_holder_avg_hold_num,ctx_sent_lt5_num,0.012443908956054602,9848,0.016713608313938526,0.01634546892578444,0.00036813938815408523,4996,4852,TRUE1MIN::lagged_daily_context
ctx_holder_avg_hold_num,ctx_sent_max_lb_num,0.0070222263661737306,9848,0.010099397455064964,0.00839901114977167,0.001700386305293294,4996,4852,TRUE1MIN::lagged_daily_context
ctx_holder_avg_hold_num,ctx_sent_mian_num,0.007705434386746692,9848,0.008886735485540568,0.011983491103014374,0.003096755617473806,4996,4852,TRUE1MIN::lagged_daily_context
ctx_holder_avg_hold_num,ctx_sent_tiandi_num,0.0,9848,1.265736001236847e-08,0.0,1.265736001236847e-08,4996,4852,TRUE1MIN::lagged_daily_context
ctx_holder_avg_hold_num,ctx_sent_up_num,0.012955343850125233,9848,0.017502689055712704,0.01693849991669645,0.000564189139016253,4996,4852,TRUE1MIN::lagged_daily_context
ctx_holder_avg_hold_num,ctx_sent_uplimit_num,0.01304882924675826,9848,0.017625430981017952,0.01750372934927899,0.00012170163173896159,4996,4852,TRUE1MIN::lagged_daily_context
ctx_holder_avg_hold_num,ctx_sent_zb_num,0.012825972002108046,9848,0.016716309353436935,0.0171742075339322,0.0004578981804952663,4996,4852,TRUE1MIN::lagged_daily_context
ctx_holder_avg_hold_num,ctx_ths_hot_circulation_value,0.7872221332245818,20,0.8464065135662792,0.7455716823694434,0.10083483119683578,14,6,TRUE1MIN::lagged_daily_context
ctx_holder_avg_hold_num,ctx_ths_hot_last_pct,0.830210884718987,20,0.8464065135662792,0.8077557268488537,0.0386507867174255,14,6,TRUE1MIN::lagged_daily_context
ctx_holder_avg_hold_num,ctx_ths_hot_last_price,0.8059925796531155,20,0.8773196079151826,0.7455716823694434,0.13174792554573922,14,6,TRUE1MIN::lagged_daily_context
ctx_holder_avg_hold_num,ctx_ths_hot_rank,0.6761245819009736,20,0.7548810716599519,0.6795088489723352,0.07537222268761667,14,6,TRUE1MIN::lagged_daily_context
ctx_holder_avg_hold_num,ctx_ths_hot_rank_diff,0.7414118668207885,20,0.812549571199947,0.5678815282792384,0.24466804292070854,14,6,TRUE1MIN::lagged_daily_context
ctx_holder_avg_hold_num,ctx_zls_df_num,0.0,0,0.0,0.0,0.0,0,0,TRUE1MIN::lagged_daily_context
ctx_holder_avg_hold_num,ctx_zls_lbgd,0.0,0,0.0,0.0,0.0,0,0,TRUE1MIN::lagged_daily_context
ctx_holder_avg_hold_num,ctx_zls_strong,0.0,0,0.0,0.0,0.0,0,0,TRUE1MIN::lagged_daily_context
ctx_holder_avg_hold_num,ctx_zls_ztjs,0.0,0,0.0,0.0,0.0,0,0,TRUE1MIN::lagged_daily_context
ctx_holder_avg_market_cap,ctx_holder_holder_num,0.1293137005256624,9854,0.13268498921041114,0.1331868344886533,0.0005018452782421523,4999,4855,TRUE1MIN::lagged_daily_context
ctx_holder_avg_market_cap,ctx_holder_holder_num_change,0.021540414035615192,9854,0.024714107276584903,0.0268908800089753,0.0021767727323903953,4999,4855,TRUE1MIN::lagged_daily_context
ctx_holder_avg_market_cap,ctx_holder_holder_num_ratio,0.020063222476309945,9854,0.024511037489061423,0.024765455929753506,0.00025441844069208283,4999,4855,TRUE1MIN::lagged_daily_context
ctx_holder_avg_market_cap,ctx_rzrq_rqye,0.047559690812033185,8154,0.05321022121837622,0.04987166310313923,0.003338558115236992,4129,4025,TRUE1MIN::lagged_daily_context
ctx_holder_avg_market_cap,ctx_rzrq_rqyl,0.05562148043805064,8154,0.060850799532904176,0.05820032410831953,0.0026504754245846446,4129,4025,TRUE1MIN::lagged_daily_context
ctx_holder_avg_market_cap,ctx_rzrq_rzche,0.022770562009896522,8154,0.025711159706800622,0.02778715405747662,0.0020759943506759963,4129,4025,TRUE1MIN::lagged_daily_context
ctx_holder_avg_market_cap,ctx_rzrq_rzjme,0.01788150960208677,8154,0.02259296591273699,0.024031307381656777,0.0014383414689197876,4129,4025,TRUE1MIN::lagged_daily_context
ctx_holder_avg_market_cap,ctx_rzrq_rzmre,0.020710598056806147,8154,0.02569111530050718,0.025926637791498133,0.00023552249099095465,4129,4025,TRUE1MIN::lagged_daily_context
ctx_holder_avg_market_cap,ctx_rzrq_rzrqye,0.07818312151908748,8154,0.08212100635387161,0.0846828031526121,0.0025617967987404955,4129,4025,TRUE1MIN::lagged_daily_context
ctx_holder_avg_market_cap,ctx_rzrq_rzye,0.07772524533809004,8154,0.08167974368041928,0.08404236607377716,0.0023626223933578827,4129,4025,TRUE1MIN::lagged_daily_context
ctx_holder_avg_market_cap,ctx_rzrq_rzyezb,0.05842203374667656,8154,0.06445832363287653,0.06357728491541306,0.0008810387174634643,4129,4025,TRUE1MIN::lagged_daily_context
ctx_holder_avg_market_cap,ctx_sent_damian_num,0.0042767705743350605,9854,0.00610118811859428,0.005940067882546974,0.00016112023604730567,4999,4855,TRUE1MIN::lagged_daily_context
ctx_holder_avg_market_cap,ctx_sent_ditian_num,0.0021628853135404465,9854,0.001785091985511711,0.003241975546196604,0.0014568835606848928,4999,4855,TRUE1MIN::lagged_daily_context
ctx_holder_avg_market_cap,ctx_sent_down_num,0.010823706506112979,9854,0.015552063544138219,0.013370924406996212,0.0021811391371420064,4999,4855,TRUE1MIN::lagged_daily_context
ctx_holder_avg_market_cap,ctx_sent_downlimit_num,0.011438564267991004,9854,0.015060583018564012,0.016227237231979465,0.0011666542134154533,4999,4855,TRUE1MIN::lagged_daily_context
ctx_holder_avg_market_cap,ctx_sent_gt5_num,0.012496349757814284,9854,0.017499622908321938,0.016212087254542495,0.0012875356537794432,4999,4855,TRUE1MIN::lagged_daily_context
ctx_holder_avg_market_cap,ctx_sent_lb_2_num,0.012029707439558345,9854,0.015553510245862576,0.015144807947252039,0.0004087022986105377,4999,4855,TRUE1MIN::lagged_daily_context
ctx_holder_avg_market_cap,ctx_sent_lb_3_num,0.0067444216205924485,9854,0.009445870270711873,0.0090346522186252,0.00041121805208667317,4999,4855,TRUE1MIN::lagged_daily_context
ctx_holder_avg_market_cap,ctx_sent_lb_h_num,0.008477643190688375,9854,0.011371244137008213,0.010576558740218766,0.0007946853967894466,4999,4855,TRUE1MIN::lagged_daily_context
ctx_holder_avg_market_cap,ctx_sent_lt5_num,0.012402222190280381,9854,0.01666540032346704,0.017133388296854988,0.0004679879733879462,4999,4855,TRUE1MIN::lagged_daily_context
ctx_holder_avg_market_cap,ctx_sent_max_lb_num,0.005314616764291559,9854,0.00741996817696001,0.007789808433173246,0.00036984025621323614,4999,4855,TRUE1MIN::lagged_daily_context
ctx_holder_avg_market_cap,ctx_sent_mian_num,0.008096939458952618,9854,0.009674001408473423,0.011176353791787899,0.0015023523833144758,4999,4855,TRUE1MIN::lagged_daily_context
ctx_holder_avg_market_cap,ctx_sent_tiandi_num,0.0,9854,0.0,0.0,0.0,4999,4855,TRUE1MIN::lagged_daily_context
ctx_holder_avg_market_cap,ctx_sent_up_num,0.01129126599466986,9854,0.01613979532909661,0.013837117461945846,0.002302677867150764,4999,4855,TRUE1MIN::lagged_daily_context
ctx_holder_avg_market_cap,ctx_sent_uplimit_num,0.012122731454755759,9854,0.01599795438837265,0.015729747366794635,0.00026820702157801316,4999,4855,TRUE1MIN::lagged_daily_context
ctx_holder_avg_market_cap,ctx_sent_zb_num,0.012540195268019338,9854,0.0150494229404041,0.018360267460421267,0.0033108445200171668,4999,4855,TRUE1MIN::lagged_daily_context
ctx_holder_avg_market_cap,ctx_ths_hot_circulation_value,0.6915364847046859,20,0.7191071209574781,0.7455716823694434,0.026464561411965293,14,6,TRUE1MIN::lagged_daily_context
ctx_holder_avg_market_cap,ctx_ths_hot_last_pct,0.6817939961536814,20,0.7191071209574782,0.5926345743819833,0.1264725465754949,14,6,TRUE1MIN::lagged_daily_context
ctx_holder_avg_market_cap,ctx_ths_hot_last_price,0.6203826922577775,20,0.6562405135136281,0.7455716823694434,0.08933116885581527,14,6,TRUE1MIN::lagged_daily_context
ctx_holder_avg_market_cap,ctx_ths_hot_rank,0.5445930836308227,20,0.5960591826486273,0.6795088489723352,0.08344966632370787,14,6,TRUE1MIN::lagged_daily_context
ctx_holder_avg_market_cap,ctx_ths_hot_rank_diff,0.7476501806453566,20,0.737889262323124,1.0,0.262110737676876,14,6,TRUE1MIN::lagged_daily_context
ctx_holder_avg_market_cap,ctx_zls_df_num,0.0,0,0.0,0.0,0.0,0,0,TRUE1MIN::lagged_daily_context
ctx_holder_avg_market_cap,ctx_zls_lbgd,0.0,0,0.0,0.0,0.0,0,0,TRUE1MIN::lagged_daily_context
ctx_holder_avg_market_cap,ctx_zls_strong,0.0,0,0.0,0.0,0.0,0,0,TRUE1MIN::lagged_daily_context
ctx_holder_avg_market_cap,ctx_zls_ztjs,0.0,0,0.0,0.0,0.0,0,0,TRUE1MIN::lagged_daily_context
ctx_holder_holder_num,ctx_holder_holder_num_change,0.06385151516756372,9865,0.06676532966103585,0.06925165275810195,0.0024863230970661038,5003,4862,TRUE1MIN::lagged_daily_context
ctx_holder_holder_num,ctx_holder_holder_num_ratio,0.02900294616204162,9865,0.03558935699173558,0.03131677464578845,0.004272582345947129,5003,4862,TRUE1MIN::lagged_daily_context
ctx_holder_holder_num,ctx_rzrq_rqye,0.16257157031684602,8161,0.17035571624610718,0.163560036439354,0.006795679806753191,4132,4029,TRUE1MIN::lagged_daily_context
ctx_holder_holder_num,ctx_rzrq_rqyl,0.18904343569209592,8161,0.19517590708354615,0.189303392020712,0.005872515062834149,4132,4029,TRUE1MIN::lagged_daily_context
ctx_holder_holder_num,ctx_rzrq_rzche,0.09193289066111231,8161,0.09842175097112205,0.09532469226054899,0.0030970587105730585,4132,4029,TRUE1MIN::lagged_daily_context
ctx_holder_holder_num,ctx_rzrq_rzjme,0.051586227574100085,8161,0.05920918704966425,0.05449129717948164,0.004717889870182609,4132,4029,TRUE1MIN::lagged_daily_context
ctx_holder_holder_num,ctx_rzrq_rzmre,0.08202146096894886,8161,0.08947605638989892,0.08526072570704267,0.004215330682856247,4132,4029,TRUE1MIN::lagged_daily_context
ctx_holder_holder_num,ctx_rzrq_rzrqye,0.22469683063358273,8161,0.2340613003613983,0.22429259220273587,0.009768708158662431,4132,4029,TRUE1MIN::lagged_daily_context
ctx_holder_holder_num,ctx_rzrq_rzye,0.22542329016656268,8161,0.23441909161443444,0.22482130059473796,0.009597791019696489,4132,4029,TRUE1MIN::lagged_daily_context
ctx_holder_holder_num,ctx_rzrq_rzyezb,0.05520248474490858,8161,0.06152080201172716,0.05888870993618639,0.0026320920755407706,4132,4029,TRUE1MIN::lagged_daily_context
ctx_holder_holder_num,ctx_sent_damian_num,0.0037968955492369786,9865,0.004437349698596021,0.005437181126132577,0.0009998314275365561,5003,4862,TRUE1MIN::lagged_daily_context
ctx_holder_holder_num,ctx_sent_ditian_num,0.0015839118927856405,9865,0.002635466546380728,0.002161785130122214,0.00047368141625851387,5003,4862,TRUE1MIN::lagged_daily_context
ctx_holder_holder_num,ctx_sent_down_num,0.011747716789604236,9865,0.015816144028404266,0.016547234604060306,0.0007310905756560404,5003,4862,TRUE1MIN::lagged_daily_context
ctx_holder_holder_num,ctx_sent_downlimit_num,0.011635894047587105,9865,0.01425265740968578,0.01711228155854648,0.0028596241488606997,5003,4862,TRUE1MIN::lagged_daily_context
ctx_holder_holder_num,ctx_sent_gt5_num,0.012297670763103546,9865,0.017292730474117356,0.015534416245539967,0.0017583142285773883,5003,4862,TRUE1MIN::lagged_daily_context
ctx_holder_holder_num,ctx_sent_lb_2_num,0.011709197144836175,9865,0.01590814775264012,0.01413338391850134,0.001774763834138781,5003,4862,TRUE1MIN::lagged_daily_context
ctx_holder_holder_num,ctx_sent_lb_3_num,0.006874034449748879,9865,0.009618157919479795,0.00863049286586667,0.0009876650536131248,5003,4862,TRUE1MIN::lagged_daily_context
ctx_holder_holder_num,ctx_sent_lb_h_num,0.006276529118459272,9865,0.0078034796949342945,0.008097809067945699,0.0002943293730114042,5003,4862,TRUE1MIN::lagged_daily_context
ctx_holder_holder_num,ctx_sent_lt5_num,0.012962630679031913,9865,0.016802862839982086,0.018420238380572856,0.0016173755405907708,5003,4862,TRUE1MIN::lagged_daily_context
ctx_holder_holder_num,ctx_sent_max_lb_num,0.00803098649648622,9865,0.00866999623766296,0.012012365763314641,0.0033423695256516815,5003,4862,TRUE1MIN::lagged_daily_context
ctx_holder_holder_num,ctx_sent_mian_num,0.006449688445634303,9865,0.007674310652525966,0.009082180535530558,0.0014078698830045921,5003,4862,TRUE1MIN::lagged_daily_context
ctx_holder_holder_num,ctx_sent_tiandi_num,0.0,9865,0.0,0.0,0.0,5003,4862,TRUE1MIN::lagged_daily_context
ctx_holder_holder_num,ctx_sent_up_num,0.014073090933094284,9865,0.019582699526264742,0.016728240491183058,0.0028544590350816842,5003,4862,TRUE1MIN::lagged_daily_context
ctx_holder_holder_num,ctx_sent_uplimit_num,0.012552663805945708,9865,0.016517700446649686,0.01586160760057739,0.000656092846072296,5003,4862,TRUE1MIN::lagged_daily_context
ctx_holder_holder_num,ctx_sent_zb_num,0.012626919968532463,9865,0.015968628124307407,0.017870786149773575,0.0019021580254661684,5003,4862,TRUE1MIN::lagged_daily_context
ctx_holder_holder_num,ctx_ths_hot_circulation_value,0.7169736987627585,20,0.7788962453362666,0.5372986331254309,0.24159761221083564,14,6,TRUE1MIN::lagged_daily_context
ctx_holder_holder_num,ctx_ths_hot_last_pct,0.6585575489367227,20,0.7788962453362666,0.2836032081448257,0.49529303719144085,14,6,TRUE1MIN::lagged_daily_context
ctx_holder_holder_num,ctx_ths_hot_last_price,0.6520214684315839,20,0.7152151155064747,0.5372986331254309,0.17791648238104374,14,6,TRUE1MIN::lagged_daily_context
ctx_holder_holder_num,ctx_ths_hot_rank,0.42563070863350644,20,0.5589250176866566,0.32517658918620584,0.23374842850045074,14,6,TRUE1MIN::lagged_daily_context
ctx_holder_holder_num,ctx_ths_hot_rank_diff,0.7244346225347835,20,0.7992400007556231,0.7206532193093544,0.07858678144626863,14,6,TRUE1MIN::lagged_daily_context
ctx_holder_holder_num,ctx_zls_df_num,0.0,0,0.0,0.0,0.0,0,0,TRUE1MIN::lagged_daily_context
ctx_holder_holder_num,ctx_zls_lbgd,0.0,0,0.0,0.0,0.0,0,0,TRUE1MIN::lagged_daily_context
ctx_holder_holder_num,ctx_zls_strong,0.0,0,0.0,0.0,0.0,0,0,TRUE1MIN::lagged_daily_context
ctx_holder_holder_num,ctx_zls_ztjs,0.0,0,0.0,0.0,0.0,0,0,TRUE1MIN::lagged_daily_context
ctx_holder_holder_num_change,ctx_holder_holder_num_ratio,0.4138000525674865,9865,0.409009823902859,0.42282841103549407,0.013818587132635063,5003,4862,TRUE1MIN::lagged_daily_context
ctx_holder_holder_num_change,ctx_rzrq_rqye,0.030988725813872985,8161,0.03379693407284878,0.0351584687419107,0.0013615346690619146,4132,4029,TRUE1MIN::lagged_daily_context
ctx_holder_holder_num_change,ctx_rzrq_rqyl,0.029061505848981237,8161,0.03261797291690595,0.032875613940620926,0.0002576410237149773,4132,4029,TRUE1MIN::lagged_daily_context
ctx_holder_holder_num_change,ctx_rzrq_rzche,0.07473505898340208,8161,0.07837973277509838,0.08362415903827396,0.005244426263175575,4132,4029,TRUE1MIN::lagged_daily_context
ctx_holder_holder_num_change,ctx_rzrq_rzjme,0.04619744043331462,8161,0.05170205790931669,0.05127106853807386,0.0004309893712428278,4132,4029,TRUE1MIN::lagged_daily_context
ctx_holder_holder_num_change,ctx_rzrq_rzmre,0.07066346143325426,8161,0.0739660527701304,0.07784109220239464,0.003875039432264249,4132,4029,TRUE1MIN::lagged_daily_context
ctx_holder_holder_num_change,ctx_rzrq_rzrqye,0.04952866791719486,8161,0.054670365663317594,0.0544015216488228,0.0002688440144947915,4132,4029,TRUE1MIN::lagged_daily_context
ctx_holder_holder_num_change,ctx_rzrq_rzye,0.04889114175075156,8161,0.054270787373648564,0.05390884472702167,0.0003619426466268949,4132,4029,TRUE1MIN::lagged_daily_context
ctx_holder_holder_num_change,ctx_rzrq_rzyezb,0.014853300100141534,8161,0.02191028755118416,0.01883429165937977,0.0030759958918043923,4132,4029,TRUE1MIN::lagged_daily_context
ctx_holder_holder_num_change,ctx_sent_damian_num,0.003609513126012363,9865,0.005952838340292742,0.0036161590370401863,0.002336679303252556,5003,4862,TRUE1MIN::lagged_daily_context
ctx_holder_holder_num_change,ctx_sent_ditian_num,0.0017867388025729618,9865,0.0015865340794827434,0.0032720879451093683,0.0016855538656266249,5003,4862,TRUE1MIN::lagged_daily_context
ctx_holder_holder_num_change,ctx_sent_down_num,0.014422442085408545,9865,0.018544328433102403,0.019630558070478893,0.0010862296373764894,5003,4862,TRUE1MIN::lagged_daily_context
ctx_holder_holder_num_change,ctx_sent_downlimit_num,0.01242717650832008,9865,0.015599800558821984,0.016438606184542015,0.0008388056257200311,5003,4862,TRUE1MIN::lagged_daily_context
ctx_holder_holder_num_change,ctx_sent_gt5_num,0.013866554112087892,9865,0.018292717292362294,0.017675616217097182,0.000617101075265112,5003,4862,TRUE1MIN::lagged_daily_context
ctx_holder_holder_num_change,ctx_sent_lb_2_num,0.011601226074851227,9865,0.01589133614947676,0.014882666152794707,0.001008669996682053,5003,4862,TRUE1MIN::lagged_daily_context
ctx_holder_holder_num_change,ctx_sent_lb_3_num,0.006732060842940358,9865,0.008916958868174181,0.010258389563203803,0.0013414306950296218,5003,4862,TRUE1MIN::lagged_daily_context
ctx_holder_holder_num_change,ctx_sent_lb_h_num,0.007787328547017244,9865,0.010157615294827468,0.009872080937332646,0.0002855343574948224,5003,4862,TRUE1MIN::lagged_daily_context
ctx_holder_holder_num_change,ctx_sent_lt5_num,0.015131994843669958,9865,0.020226780326070958,0.019826310541260092,0.0004004697848108661,5003,4862,TRUE1MIN::lagged_daily_context
ctx_holder_holder_num_change,ctx_sent_max_lb_num,0.005933424069342407,9865,0.008998857239278213,0.007166754676914396,0.0018321025623638165,5003,4862,TRUE1MIN::lagged_daily_context
ctx_holder_holder_num_change,ctx_sent_mian_num,0.009605936970772434,9865,0.011650341682947955,0.01265520625217946,0.001004864569231505,5003,4862,TRUE1MIN::lagged_daily_context
ctx_holder_holder_num_change,ctx_sent_tiandi_num,0.0,9865,0.0,0.0,0.0,5003,4862,TRUE1MIN::lagged_daily_context
ctx_holder_holder_num_change,ctx_sent_up_num,0.013992496703334878,9865,0.01836868733205441,0.01855060734003154,0.00018192000797713145,5003,4862,TRUE1MIN::lagged_daily_context
ctx_holder_holder_num_change,ctx_sent_uplimit_num,0.013122795179830902,9865,0.015666975974136917,0.018216033227036934,0.0025490572529000173,5003,4862,TRUE1MIN::lagged_daily_context
ctx_holder_holder_num_change,ctx_sent_zb_num,0.014319107155754528,9865,0.019613189169528533,0.017779263766125715,0.0018339254034028182,5003,4862,TRUE1MIN::lagged_daily_context
ctx_holder_holder_num_change,ctx_ths_hot_circulation_value,0.6097697639367614,20,0.6206541824488376,0.5372986331254309,0.08335554932340672,14,6,TRUE1MIN::lagged_daily_context
ctx_holder_holder_num_change,ctx_ths_hot_last_pct,0.6130126796377675,20,0.6206541824488377,0.582111764969194,0.03854241747964371,14,6,TRUE1MIN::lagged_daily_context
ctx_holder_holder_num_change,ctx_ths_hot_last_price,0.5583300093159077,20,0.6433221806182303,0.5372986331254309,0.10602354749279941,14,6,TRUE1MIN::lagged_daily_context
ctx_holder_holder_num_change,ctx_ths_hot_rank,0.4427195726134774,20,0.4594832438411332,0.32517658918620584,0.13430665465492736,14,6,TRUE1MIN::lagged_daily_context
ctx_holder_holder_num_change,ctx_ths_hot_rank_diff,0.5218976366217076,20,0.5224076960536326,0.7206532193093544,0.19824552325572187,14,6,TRUE1MIN::lagged_daily_context
ctx_holder_holder_num_change,ctx_zls_df_num,0.0,0,0.0,0.0,0.0,0,0,TRUE1MIN::lagged_daily_context
ctx_holder_holder_num_change,ctx_zls_lbgd,0.0,0,0.0,0.0,0.0,0,0,TRUE1MIN::lagged_daily_context
ctx_holder_holder_num_change,ctx_zls_strong,0.0,0,0.0,0.0,0.0,0,0,TRUE1MIN::lagged_daily_context
ctx_holder_holder_num_change,ctx_zls_ztjs,0.0,0,0.0,0.0,0.0,0,0,TRUE1MIN::lagged_daily_context
ctx_holder_holder_num_ratio,ctx_rzrq_rqye,0.020282920368200154,8161,0.02561082791049588,0.022486228628034188,0.0031245992824616917,4132,4029,TRUE1MIN::lagged_daily_context
ctx_holder_holder_num_ratio,ctx_rzrq_rqyl,0.027765757543955206,8161,0.03309187272790642,0.030734040966388213,0.002357831761518204,4132,4029,TRUE1MIN::lagged_daily_context
ctx_holder_holder_num_ratio,ctx_rzrq_rzche,0.025354933220066416,8161,0.031128893265626265,0.03246855193199306,0.0013396586663667921,4132,4029,TRUE1MIN::lagged_daily_context
ctx_holder_holder_num_ratio,ctx_rzrq_rzjme,0.018237176612714217,8161,0.024302857923916208,0.022189694072800976,0.0021131638511152316,4132,4029,TRUE1MIN::lagged_daily_context
ctx_holder_holder_num_ratio,ctx_rzrq_rzmre,0.023050104711630704,8161,0.02657954123947503,0.03131126433412386,0.004731723094648831,4132,4029,TRUE1MIN::lagged_daily_context
ctx_holder_holder_num_ratio,ctx_rzrq_rzrqye,0.021732917923959497,8161,0.027145034137955968,0.026617705021357258,0.0005273291165987098,4132,4029,TRUE1MIN::lagged_daily_context
ctx_holder_holder_num_ratio,ctx_rzrq_rzye,0.022174362959719158,8161,0.028248851442778014,0.027052370185534524,0.0011964812572434896,4132,4029,TRUE1MIN::lagged_daily_context
ctx_holder_holder_num_ratio,ctx_rzrq_rzyezb,0.015986582629626524,8161,0.02173756104904621,0.02033679648561373,0.00140076456343248,4132,4029,TRUE1MIN::lagged_daily_context
ctx_holder_holder_num_ratio,ctx_sent_damian_num,0.004502698008930112,9865,0.007153975518084528,0.00491694158487418,0.0022370339332103487,5003,4862,TRUE1MIN::lagged_daily_context
ctx_holder_holder_num_ratio,ctx_sent_ditian_num,0.0034616072123261096,9865,0.0036457036594827806,0.004555248158966097,0.0009095444994833162,5003,4862,TRUE1MIN::lagged_daily_context
ctx_holder_holder_num_ratio,ctx_sent_down_num,0.012969859193870883,9865,0.017668267133217414,0.017831097311451563,0.0001628301782341489,5003,4862,TRUE1MIN::lagged_daily_context
ctx_holder_holder_num_ratio,ctx_sent_downlimit_num,0.012078741303485062,9865,0.015227966472960886,0.01596394291537436,0.0007359764424134749,5003,4862,TRUE1MIN::lagged_daily_context
ctx_holder_holder_num_ratio,ctx_sent_gt5_num,0.014283532272254078,9865,0.019393910130252313,0.018059649988481568,0.0013342601417707448,5003,4862,TRUE1MIN::lagged_daily_context
ctx_holder_holder_num_ratio,ctx_sent_lb_2_num,0.010261521964985998,9865,0.01337590800489379,0.013907183967156515,0.0005312759622627238,5003,4862,TRUE1MIN::lagged_daily_context
ctx_holder_holder_num_ratio,ctx_sent_lb_3_num,0.007251177265618119,9865,0.008997835206598232,0.009836478593993172,0.0008386433873949391,5003,4862,TRUE1MIN::lagged_daily_context
ctx_holder_holder_num_ratio,ctx_sent_lb_h_num,0.00991092725122446,9865,0.011744174037366188,0.013229668243326848,0.0014854942059606604,5003,4862,TRUE1MIN::lagged_daily_context
ctx_holder_holder_num_ratio,ctx_sent_lt5_num,0.015806964575042406,9865,0.021417521025146186,0.019912137741712868,0.0015053832834333175,5003,4862,TRUE1MIN::lagged_daily_context
ctx_holder_holder_num_ratio,ctx_sent_max_lb_num,0.007376133486619539,9865,0.009072095109304732,0.0097520957957747,0.0006800006864699677,5003,4862,TRUE1MIN::lagged_daily_context
ctx_holder_holder_num_ratio,ctx_sent_mian_num,0.008189548564722978,9865,0.010298457372759348,0.011172699133520134,0.0008742417607607855,5003,4862,TRUE1MIN::lagged_daily_context
ctx_holder_holder_num_ratio,ctx_sent_tiandi_num,0.0,9865,0.0,0.0,0.0,5003,4862,TRUE1MIN::lagged_daily_context
ctx_holder_holder_num_ratio,ctx_sent_up_num,0.01450957010404843,9865,0.02032951004600223,0.01805795312765729,0.0022715569183449393,5003,4862,TRUE1MIN::lagged_daily_context
ctx_holder_holder_num_ratio,ctx_sent_uplimit_num,0.014374212483878459,9865,0.018277200819271096,0.01943904026601898,0.001161839446747883,5003,4862,TRUE1MIN::lagged_daily_context
ctx_holder_holder_num_ratio,ctx_sent_zb_num,0.014979464284706695,9865,0.01967712056604464,0.019305995329755788,0.000371125236288853,5003,4862,TRUE1MIN::lagged_daily_context
ctx_holder_holder_num_ratio,ctx_ths_hot_circulation_value,0.8263236003992902,20,0.8632146874474353,0.7455716823694434,0.11764300507799197,14,6,TRUE1MIN::lagged_daily_context
ctx_holder_holder_num_ratio,ctx_ths_hot_last_pct,0.7767239808927203,20,0.7830143400486479,0.8077557268488537,0.024741386800205767,14,6,TRUE1MIN::lagged_daily_context
ctx_holder_holder_num_ratio,ctx_ths_hot_last_price,0.6663973774868169,20,0.72848269311032,0.7455716823694434,0.01708898925912339,14,6,TRUE1MIN::lagged_daily_context
ctx_holder_holder_num_ratio,ctx_ths_hot_rank,0.7523754342010741,20,0.7778660215935024,0.6795088489723352,0.09835717262116717,14,6,TRUE1MIN::lagged_daily_context
ctx_holder_holder_num_ratio,ctx_ths_hot_rank_diff,0.6750322464370384,20,0.7437208731833993,0.5678815282792384,0.17583934490416087,14,6,TRUE1MIN::lagged_daily_context
ctx_holder_holder_num_ratio,ctx_zls_df_num,0.0,0,0.0,0.0,0.0,0,0,TRUE1MIN::lagged_daily_context
ctx_holder_holder_num_ratio,ctx_zls_lbgd,0.0,0,0.0,0.0,0.0,0,0,TRUE1MIN::lagged_daily_context
ctx_holder_holder_num_ratio,ctx_zls_strong,0.0,0,0.0,0.0,0.0,0,0,TRUE1MIN::lagged_daily_context
ctx_holder_holder_num_ratio,ctx_zls_ztjs,0.0,0,0.0,0.0,0.0,0,0,TRUE1MIN::lagged_daily_context
ctx_rzrq_rqye,ctx_rzrq_rqyl,0.5164417681708052,218917,0.5169679157843295,0.516052191364119,0.0009157244202105952,109731,109186,TRUE1MIN::lagged_daily_context
ctx_rzrq_rqye,ctx_rzrq_rzche,0.03941131029249706,218917,0.04000526267350727,0.039093749187730356,0.0009115134857769144,109731,109186,TRUE1MIN::lagged_daily_context
ctx_rzrq_rqye,ctx_rzrq_rzjme,0.026156199388293857,218917,0.026901064215747984,0.02572768118788948,0.0011733830278585038,109731,109186,TRUE1MIN::lagged_daily_context
ctx_rzrq_rqye,ctx_rzrq_rzmre,0.03591311873973656,218917,0.03669020751436232,0.035406623801124144,0.0012835837132381747,109731,109186,TRUE1MIN::lagged_daily_context
ctx_rzrq_rqye,ctx_rzrq_rzrqye,0.14361081891973732,218917,0.14433215255786597,0.14316989666764557,0.0011622558902203983,109731,109186,TRUE1MIN::lagged_daily_context
ctx_rzrq_rqye,ctx_rzrq_rzye,0.13925129674646242,218917,0.13999046094170772,0.13878278277282904,0.0012076781688786786,109731,109186,TRUE1MIN::lagged_daily_context
ctx_rzrq_rqye,ctx_rzrq_rzyezb,0.02011300172055207,218917,0.02012193573938435,0.020359777032927597,0.0002378412935432478,109731,109186,TRUE1MIN::lagged_daily_context
ctx_rzrq_rqye,ctx_sent_damian_num,0.0011874875837946184,218917,0.0011860930645968119,0.0012669727941589108,8.087972956209895e-05,109731,109186,TRUE1MIN::lagged_daily_context
ctx_rzrq_rqye,ctx_sent_ditian_num,0.0017822256165098288,218917,0.002042789417095042,0.0015818403450091798,0.000460949072085862,109731,109186,TRUE1MIN::lagged_daily_context
ctx_rzrq_rqye,ctx_sent_down_num,0.0032620034942505063,218917,0.003411728187733764,0.0034450033052332322,3.32751174994682e-05,109731,109186,TRUE1MIN::lagged_daily_context
ctx_rzrq_rqye,ctx_sent_downlimit_num,0.0032098100821675592,218917,0.0032616456665457735,0.0034603390561243202,0.00019869338957854673,109731,109186,TRUE1MIN::lagged_daily_context
ctx_rzrq_rqye,ctx_sent_gt5_num,0.006876342929467674,218917,0.007015675933744818,0.007081757898189664,6.608196444484599e-05,109731,109186,TRUE1MIN::lagged_daily_context
ctx_rzrq_rqye,ctx_sent_lb_2_num,0.007847205335378754,218917,0.007999529979749885,0.0079419222132961,5.7607766453785306e-05,109731,109186,TRUE1MIN::lagged_daily_context
ctx_rzrq_rqye,ctx_sent_lb_3_num,0.006472232144841264,218917,0.006543370171468518,0.0065860828317113995,4.2712660242881506e-05,109731,109186,TRUE1MIN::lagged_daily_context
ctx_rzrq_rqye,ctx_sent_lb_h_num,0.005937498547075575,218917,0.005912971903931521,0.006071402264187342,0.00015843036025582104,109731,109186,TRUE1MIN::lagged_daily_context
ctx_rzrq_rqye,ctx_sent_lt5_num,0.0033291787964018125,218917,0.0036888272453224173,0.0032659746039482487,0.00042285264137416866,109731,109186,TRUE1MIN::lagged_daily_context
ctx_rzrq_rqye,ctx_sent_max_lb_num,0.0029331393131105292,218917,0.0029339804416024795,0.0030702815540292654,0.0001363011124267859,109731,109186,TRUE1MIN::lagged_daily_context
ctx_rzrq_rqye,ctx_sent_mian_num,0.0024446092946122516,218917,0.002518021037231413,0.002527266405673539,9.24536844212594e-06,109731,109186,TRUE1MIN::lagged_daily_context
ctx_rzrq_rqye,ctx_sent_tiandi_num,1.453966946718104e-08,218917,0.0,0.0,0.0,109731,109186,TRUE1MIN::lagged_daily_context
ctx_rzrq_rqye,ctx_sent_up_num,0.0033444312865323236,218917,0.0035440282415330976,0.0034817413996702613,6.228684186283633e-05,109731,109186,TRUE1MIN::lagged_daily_context
ctx_rzrq_rqye,ctx_sent_uplimit_num,0.008056429744981202,218917,0.008197955262255809,0.008172952160102057,2.5003102153751608e-05,109731,109186,TRUE1MIN::lagged_daily_context
ctx_rzrq_rqye,ctx_sent_zb_num,0.0078095278425972655,218917,0.007900336482556681,0.00802052463504074,0.0001201881524840586,109731,109186,TRUE1MIN::lagged_daily_context
ctx_rzrq_rqye,ctx_ths_hot_circulation_value,0.49119902016604927,485,0.5115289689273385,0.5146354433530353,0.0031064744256968924,230,255,TRUE1MIN::lagged_daily_context
ctx_rzrq_rqye,ctx_ths_hot_last_pct,0.15117173564391603,485,0.21040712809207743,0.187134093410948,0.02327303468112943,230,255,TRUE1MIN::lagged_daily_context
ctx_rzrq_rqye,ctx_ths_hot_last_price,0.36483985791944384,485,0.3934206287722637,0.3805450363111896,0.012875592461074115,230,255,TRUE1MIN::lagged_daily_context
ctx_rzrq_rqye,ctx_ths_hot_rank,0.12745233993869515,485,0.1653638533230695,0.14849395626393172,0.016869897059137773,230,255,TRUE1MIN::lagged_daily_context
ctx_rzrq_rqye,ctx_ths_hot_rank_diff,0.17222480261556056,485,0.2121409899216262,0.21798986993953837,0.0058488800179121725,230,255,TRUE1MIN::lagged_daily_context
ctx_rzrq_rqye,ctx_zls_df_num,0.0,0,0.0,0.0,0.0,0,0,TRUE1MIN::lagged_daily_context
ctx_rzrq_rqye,ctx_zls_lbgd,0.0,0,0.0,0.0,0.0,0,0,TRUE1MIN::lagged_daily_context
ctx_rzrq_rqye,ctx_zls_strong,0.0,0,0.0,0.0,0.0,0,0,TRUE1MIN::lagged_daily_context
ctx_rzrq_rqye,ctx_zls_ztjs,0.0,0,0.0,0.0,0.0,0,0,TRUE1MIN::lagged_daily_context
ctx_rzrq_rqyl,ctx_rzrq_rzche,0.02870494893046143,218917,0.02896615120219867,0.028709720928069303,0.000256430274129367,109731,109186,TRUE1MIN::lagged_daily_context
ctx_rzrq_rqyl,ctx_rzrq_rzjme,0.01969642637137771,218917,0.020271543503537222,0.019473982188845225,0.0007975613146919969,109731,109186,TRUE1MIN::lagged_daily_context
ctx_rzrq_rqyl,ctx_rzrq_rzmre,0.025802772449583226,218917,0.02610297475279723,0.025748312461022552,0.000354662291774676,109731,109186,TRUE1MIN::lagged_daily_context
ctx_rzrq_rqyl,ctx_rzrq_rzrqye,0.13953457035348385,218917,0.14002572639482402,0.13935455641941039,0.000671169975413638,109731,109186,TRUE1MIN::lagged_daily_context
ctx_rzrq_rqyl,ctx_rzrq_rzye,0.13462355416115415,218917,0.13494901641107088,0.13459425072479025,0.00035476568628062255,109731,109186,TRUE1MIN::lagged_daily_context
ctx_rzrq_rqyl,ctx_rzrq_rzyezb,0.016660129387531766,218917,0.016945879212191015,0.01660136315693537,0.00034451605525564685,109731,109186,TRUE1MIN::lagged_daily_context
ctx_rzrq_rqyl,ctx_sent_damian_num,0.0011689578137232127,218917,0.0012301253568185347,0.001201781361397562,2.8343995420972764e-05,109731,109186,TRUE1MIN::lagged_daily_context
ctx_rzrq_rqyl,ctx_sent_ditian_num,0.001810567964907548,218917,0.0019522477563880716,0.0017251567156281824,0.00022709104075988918,109731,109186,TRUE1MIN::lagged_daily_context
ctx_rzrq_rqyl,ctx_sent_down_num,0.0032538709258814556,218917,0.0034006145988883614,0.0033697784146980237,3.083618419033769e-05,109731,109186,TRUE1MIN::lagged_daily_context
ctx_rzrq_rqyl,ctx_sent_downlimit_num,0.003039282485682044,218917,0.003053170705086586,0.0032953457559852938,0.00024217505089870785,109731,109186,TRUE1MIN::lagged_daily_context
ctx_rzrq_rqyl,ctx_sent_gt5_num,0.007021824389907341,218917,0.007092962974520818,0.007228927168641532,0.000135964194120714,109731,109186,TRUE1MIN::lagged_daily_context
ctx_rzrq_rqyl,ctx_sent_lb_2_num,0.007859780362588734,218917,0.008330318578167522,0.007702357915329506,0.0006279606628380166,109731,109186,TRUE1MIN::lagged_daily_context
ctx_rzrq_rqyl,ctx_sent_lb_3_num,0.006269551401293485,218917,0.00640304034238714,0.006306810052773925,9.623028961321459e-05,109731,109186,TRUE1MIN::lagged_daily_context
ctx_rzrq_rqyl,ctx_sent_lb_h_num,0.005991402509731044,218917,0.006128436125696717,0.006005190462753975,0.00012324566294274163,109731,109186,TRUE1MIN::lagged_daily_context
ctx_rzrq_rqyl,ctx_sent_lt5_num,0.0030246805078886258,218917,0.0033509430560449416,0.0030069841292954614,0.0003439589267494802,109731,109186,TRUE1MIN::lagged_daily_context
ctx_rzrq_rqyl,ctx_sent_max_lb_num,0.00303958504177386,218917,0.003180935444008003,0.0030540241713976775,0.00012691127261032532,109731,109186,TRUE1MIN::lagged_daily_context
ctx_rzrq_rqyl,ctx_sent_mian_num,0.0024916925229354443,218917,0.002595546923358848,0.0025472082965171225,4.833862684172543e-05,109731,109186,TRUE1MIN::lagged_daily_context
ctx_rzrq_rqyl,ctx_sent_tiandi_num,0.0,218917,0.0,0.0,0.0,109731,109186,TRUE1MIN::lagged_daily_context
ctx_rzrq_rqyl,ctx_sent_up_num,0.0033203620573372637,218917,0.0034717665799305374,0.003461259421068771,1.0507158861766501e-05,109731,109186,TRUE1MIN::lagged_daily_context
ctx_rzrq_rqyl,ctx_sent_uplimit_num,0.007664873843168727,218917,0.007876994688842788,0.007755072150054954,0.00012192253878783466,109731,109186,TRUE1MIN::lagged_daily_context
ctx_rzrq_rqyl,ctx_sent_zb_num,0.008095849338771555,218917,0.008207660117692406,0.008261434383395818,5.3774265703411886e-05,109731,109186,TRUE1MIN::lagged_daily_context
ctx_rzrq_rqyl,ctx_ths_hot_circulation_value,0.4152930536577027,485,0.43253810828629435,0.44774724088289314,0.015209132596598784,230,255,TRUE1MIN::lagged_daily_context
ctx_rzrq_rqyl,ctx_ths_hot_last_pct,0.17952978955121648,485,0.2302996216944936,0.20539380793029868,0.02490581376419493,230,255,TRUE1MIN::lagged_daily_context
ctx_rzrq_rqyl,ctx_ths_hot_last_price,0.35282628476240663,485,0.386369640785688,0.3659114609599149,0.020458179825773082,230,255,TRUE1MIN::lagged_daily_context
ctx_rzrq_rqyl,ctx_ths_hot_rank,0.14807209966977042,485,0.16580031746159615,0.1804406452669544,0.01464032780535826,230,255,TRUE1MIN::lagged_daily_context
ctx_rzrq_rqyl,ctx_ths_hot_rank_diff,0.16165971929512077,485,0.1897930405665535,0.2185576797408426,0.02876463917428909,230,255,TRUE1MIN::lagged_daily_context
ctx_rzrq_rqyl,ctx_zls_df_num,0.0,0,0.0,0.0,0.0,0,0,TRUE1MIN::lagged_daily_context
ctx_rzrq_rqyl,ctx_zls_lbgd,0.0,0,0.0,0.0,0.0,0,0,TRUE1MIN::lagged_daily_context
ctx_rzrq_rqyl,ctx_zls_strong,0.0,0,0.0,0.0,0.0,0,0,TRUE1MIN::lagged_daily_context
ctx_rzrq_rqyl,ctx_zls_ztjs,0.0,0,0.0,0.0,0.0,0,0,TRUE1MIN::lagged_daily_context
ctx_rzrq_rzche,ctx_rzrq_rzjme,0.155049676478844,218917,0.1551480045760706,0.15528557217642894,0.00013756760035835147,109731,109186,TRUE1MIN::lagged_daily_context
ctx_rzrq_rzche,ctx_rzrq_rzmre,0.3535572550656876,218917,0.35462211680582534,0.35282035001114376,0.0018017667946815807,109731,109186,TRUE1MIN::lagged_daily_context
ctx_rzrq_rzche,ctx_rzrq_rzrqye,0.11027047306381095,218917,0.11051897025546187,0.11040063952153413,0.00011833073392773785,109731,109186,TRUE1MIN::lagged_daily_context
ctx_rzrq_rzche,ctx_rzrq_rzye,0.11090188767819774,218917,0.11110197639662218,0.11107281891179094,2.9157484831246472e-05,109731,109186,TRUE1MIN::lagged_daily_context
ctx_rzrq_rzche,ctx_rzrq_rzyezb,0.0031608960705081872,218917,0.0034315295537819548,0.003291057461687296,0.00014047209209465871,109731,109186,TRUE1MIN::lagged_daily_context
ctx_rzrq_rzche,ctx_sent_damian_num,0.0003557842195710528,218917,0.00046128931878402065,0.0004331475483350068,2.814177044901386e-05,109731,109186,TRUE1MIN::lagged_daily_context
ctx_rzrq_rzche,ctx_sent_ditian_num,0.0022086483786040406,218917,0.0023635948262187498,0.0020992299430498402,0.00026436488316890954,109731,109186,TRUE1MIN::lagged_daily_context
ctx_rzrq_rzche,ctx_sent_down_num,0.0026797308156177643,218917,0.0028396315597773282,0.00289968104774047,6.0049487963141635e-05,109731,109186,TRUE1MIN::lagged_daily_context
ctx_rzrq_rzche,ctx_sent_downlimit_num,0.0025061500426230283,218917,0.0025421761132790157,0.0028148432435963757,0.0002726671303173601,109731,109186,TRUE1MIN::lagged_daily_context
ctx_rzrq_rzche,ctx_sent_gt5_num,0.008226276229234107,218917,0.008220316472071,0.008657599996380013,0.000437283524309013,109731,109186,TRUE1MIN::lagged_daily_context
ctx_rzrq_rzche,ctx_sent_lb_2_num,0.010530051417092704,218917,0.010564735613062136,0.010804154430932321,0.0002394188178701847,109731,109186,TRUE1MIN::lagged_daily_context
ctx_rzrq_rzche,ctx_sent_lb_3_num,0.00909860300843856,218917,0.009111722737418303,0.009314575065100333,0.0002028523276820307,109731,109186,TRUE1MIN::lagged_daily_context
ctx_rzrq_rzche,ctx_sent_lb_h_num,0.008679257332296646,218917,0.008824347158098923,0.00869869441374627,0.00012565274435265283,109731,109186,TRUE1MIN::lagged_daily_context
ctx_rzrq_rzche,ctx_sent_lt5_num,0.002550223292184422,218917,0.0027074500522126068,0.0027455360914969552,3.808603928434845e-05,109731,109186,TRUE1MIN::lagged_daily_context
ctx_rzrq_rzche,ctx_sent_max_lb_num,0.0029467301032468974,218917,0.002969468157013208,0.003145851447285459,0.00017638329027225112,109731,109186,TRUE1MIN::lagged_daily_context
ctx_rzrq_rzche,ctx_sent_mian_num,0.006004714754126341,218917,0.006349720838771175,0.0058435511345389735,0.0005061697042322011,109731,109186,TRUE1MIN::lagged_daily_context
ctx_rzrq_rzche,ctx_sent_tiandi_num,0.0,218917,0.0,1.265596395756923e-08,1.265596395756923e-08,109731,109186,TRUE1MIN::lagged_daily_context
ctx_rzrq_rzche,ctx_sent_up_num,0.002615485386490813,218917,0.002708272376787703,0.0029181682033172906,0.0002098958265295877,109731,109186,TRUE1MIN::lagged_daily_context
ctx_rzrq_rzche,ctx_sent_uplimit_num,0.012926602129257931,218917,0.013111787425207789,0.013141128639413371,2.9341214205582528e-05,109731,109186,TRUE1MIN::lagged_daily_context
ctx_rzrq_rzche,ctx_sent_zb_num,0.012807613179352155,218917,0.012964863923270464,0.013007240999366254,4.237707609579082e-05,109731,109186,TRUE1MIN::lagged_daily_context
ctx_rzrq_rzche,ctx_ths_hot_circulation_value,0.18825860612685866,485,0.20297213383600574,0.20166857487541565,0.00130355896059009,230,255,TRUE1MIN::lagged_daily_context
ctx_rzrq_rzche,ctx_ths_hot_last_pct,0.15979365608380353,485,0.21058955295391957,0.14973326851640587,0.0608562844375137,230,255,TRUE1MIN::lagged_daily_context
ctx_rzrq_rzche,ctx_ths_hot_last_price,0.1453782105325098,485,0.17502985010421748,0.14216748883855315,0.03286236126566433,230,255,TRUE1MIN::lagged_daily_context
ctx_rzrq_rzche,ctx_ths_hot_rank,0.10876550196011694,485,0.1307650019517628,0.12698225004064137,0.003782751911121429,230,255,TRUE1MIN::lagged_daily_context
ctx_rzrq_rzche,ctx_ths_hot_rank_diff,0.1329059730790304,485,0.17174201124729452,0.13178091860410487,0.039961092643189644,230,255,TRUE1MIN::lagged_daily_context
ctx_rzrq_rzche,ctx_zls_df_num,0.0,0,0.0,0.0,0.0,0,0,TRUE1MIN::lagged_daily_context
ctx_rzrq_rzche,ctx_zls_lbgd,0.0,0,0.0,0.0,0.0,0,0,TRUE1MIN::lagged_daily_context
ctx_rzrq_rzche,ctx_zls_strong,0.0,0,0.0,0.0,0.0,0,0,TRUE1MIN::lagged_daily_context
ctx_rzrq_rzche,ctx_zls_ztjs,0.0,0,0.0,0.0,0.0,0,0,TRUE1MIN::lagged_daily_context
ctx_rzrq_rzjme,ctx_rzrq_rzmre,0.15058227171027927,218917,0.15052998431458117,0.15100237213810028,0.0004723878235191048,109731,109186,TRUE1MIN::lagged_daily_context
ctx_rzrq_rzjme,ctx_rzrq_rzrqye,0.059303526341418056,218917,0.060007945097059985,0.058924025323795,0.0010839197732649825,109731,109186,TRUE1MIN::lagged_daily_context
ctx_rzrq_rzjme,ctx_rzrq_rzye,0.059388272676230744,218917,0.06003898319254908,0.059065249786989495,0.0009737334055595834,109731,109186,TRUE1MIN::lagged_daily_context
ctx_rzrq_rzjme,ctx_rzrq_rzyezb,0.0014704062988735362,218917,0.001727271535490981,0.0016064957198228286,0.00012077581566815243,109731,109186,TRUE1MIN::lagged_daily_context
ctx_rzrq_rzjme,ctx_sent_damian_num,0.0005004178744031377,218917,0.0005785894858139638,0.0005243705486034415,5.421893721052238e-05,109731,109186,TRUE1MIN::lagged_daily_context
ctx_rzrq_rzjme,ctx_sent_ditian_num,0.0013300763965469024,218917,0.0013769793984367282,0.0013207810396796125,5.619835875711574e-05,109731,109186,TRUE1MIN::lagged_daily_context
ctx_rzrq_rzjme,ctx_sent_down_num,0.002776566872681985,218917,0.0029371938108657897,0.002974888566528157,3.7694755662367324e-05,109731,109186,TRUE1MIN::lagged_daily_context
ctx_rzrq_rzjme,ctx_sent_downlimit_num,0.003162936705241271,218917,0.0031213467756829867,0.0035163855950420615,0.00039503881935907485,109731,109186,TRUE1MIN::lagged_daily_context
ctx_rzrq_rzjme,ctx_sent_gt5_num,0.005249638781053819,218917,0.005274661571419285,0.005562752567329451,0.0002880909959101655,109731,109186,TRUE1MIN::lagged_daily_context
ctx_rzrq_rzjme,ctx_sent_lb_2_num,0.005616353717033882,218917,0.005620037411024485,0.005945336113129336,0.00032529870210485073,109731,109186,TRUE1MIN::lagged_daily_context
ctx_rzrq_rzjme,ctx_sent_lb_3_num,0.00458404624836691,218917,0.004520536784928712,0.004855557763888117,0.00033502097895940497,109731,109186,TRUE1MIN::lagged_daily_context
ctx_rzrq_rzjme,ctx_sent_lb_h_num,0.004402113250177039,218917,0.00430608853765625,0.00469157855629893,0.0003854900186426799,109731,109186,TRUE1MIN::lagged_daily_context
ctx_rzrq_rzjme,ctx_sent_lt5_num,0.0035827867279130798,218917,0.003618817546543858,0.003903050799326084,0.00028423325278222576,109731,109186,TRUE1MIN::lagged_daily_context
ctx_rzrq_rzjme,ctx_sent_max_lb_num,0.0016606505963816165,218917,0.0017270025742591375,0.0017704851398318041,4.348256557266668e-05,109731,109186,TRUE1MIN::lagged_daily_context
ctx_rzrq_rzjme,ctx_sent_mian_num,0.0029791692608370068,218917,0.003052320803776715,0.0030765241110698813,2.420330729316616e-05,109731,109186,TRUE1MIN::lagged_daily_context
ctx_rzrq_rzjme,ctx_sent_tiandi_num,0.0,218917,0.0,0.0,0.0,109731,109186,TRUE1MIN::lagged_daily_context
ctx_rzrq_rzjme,ctx_sent_up_num,0.0026958370270858817,218917,0.002774327453097907,0.0029426470240766518,0.00016831957097874486,109731,109186,TRUE1MIN::lagged_daily_context
ctx_rzrq_rzjme,ctx_sent_uplimit_num,0.006746663086326961,218917,0.006758549902019145,0.007058528729204108,0.0002999788271849631,109731,109186,TRUE1MIN::lagged_daily_context
ctx_rzrq_rzjme,ctx_sent_zb_num,0.0065546262653909,218917,0.00674902735800128,0.006691135171229519,5.7892186771760744e-05,109731,109186,TRUE1MIN::lagged_daily_context
ctx_rzrq_rzjme,ctx_ths_hot_circulation_value,0.1878112571564827,485,0.20865232714278154,0.19612472523137112,0.012527601911410419,230,255,TRUE1MIN::lagged_daily_context
ctx_rzrq_rzjme,ctx_ths_hot_last_pct,0.19177428742707328,485,0.23239569979032434,0.19679616047473705,0.03559953931558729,230,255,TRUE1MIN::lagged_daily_context
ctx_rzrq_rzjme,ctx_ths_hot_last_price,0.14787457692035047,485,0.18003030743203186,0.1524266257088736,0.027603681723158247,230,255,TRUE1MIN::lagged_daily_context
ctx_rzrq_rzjme,ctx_ths_hot_rank,0.11122368661870712,485,0.148161699519341,0.1310902832977192,0.017071416221621782,230,255,TRUE1MIN::lagged_daily_context
ctx_rzrq_rzjme,ctx_ths_hot_rank_diff,0.17534406945954106,485,0.20677452661603624,0.19856300878515093,0.008211517830885307,230,255,TRUE1MIN::lagged_daily_context
ctx_rzrq_rzjme,ctx_zls_df_num,0.0,0,0.0,0.0,0.0,0,0,TRUE1MIN::lagged_daily_context
ctx_rzrq_rzjme,ctx_zls_lbgd,0.0,0,0.0,0.0,0.0,0,0,TRUE1MIN::lagged_daily_context
ctx_rzrq_rzjme,ctx_zls_strong,0.0,0,0.0,0.0,0.0,0,0,TRUE1MIN::lagged_daily_context
ctx_rzrq_rzjme,ctx_zls_ztjs,0.0,0,0.0,0.0,0.0,0,0,TRUE1MIN::lagged_daily_context
ctx_rzrq_rzmre,ctx_rzrq_rzrqye,0.10269487295051702,218917,0.10336286398848822,0.10239745255890481,0.0009654114295834099,109731,109186,TRUE1MIN::lagged_daily_context
ctx_rzrq_rzmre,ctx_rzrq_rzye,0.1033456429740265,218917,0.10399395486812615,0.10305397193521289,0.0009399829329132664,109731,109186,TRUE1MIN::lagged_daily_context
ctx_rzrq_rzmre,ctx_rzrq_rzyezb,0.002945422757660547,218917,0.003130071994463806,0.0031458836994533107,1.581170498950483e-05,109731,109186,TRUE1MIN::lagged_daily_context
ctx_rzrq_rzmre,ctx_sent_damian_num,0.00032590593461093354,218917,0.0003520911184906997,0.00041538690940929213,6.329579091859244e-05,109731,109186,TRUE1MIN::lagged_daily_context
ctx_rzrq_rzmre,ctx_sent_ditian_num,0.002394509109234128,218917,0.0025725892128313278,0.0022624602985253104,0.0003101289143060174,109731,109186,TRUE1MIN::lagged_daily_context
ctx_rzrq_rzmre,ctx_sent_down_num,0.0032576349479145985,218917,0.0035077183712079623,0.0034570557800033246,5.066259120463769e-05,109731,109186,TRUE1MIN::lagged_daily_context
ctx_rzrq_rzmre,ctx_sent_downlimit_num,0.003136903236078549,218917,0.003202186004940535,0.003425660708567628,0.00022347470362709277,109731,109186,TRUE1MIN::lagged_daily_context
ctx_rzrq_rzmre,ctx_sent_gt5_num,0.010220388094558568,218917,0.010265556438011397,0.010643095047746335,0.00037753860973493807,109731,109186,TRUE1MIN::lagged_daily_context
ctx_rzrq_rzmre,ctx_sent_lb_2_num,0.012251255211618652,218917,0.012238535663673803,0.012559108753551762,0.0003205730898779586,109731,109186,TRUE1MIN::lagged_daily_context
ctx_rzrq_rzmre,ctx_sent_lb_3_num,0.01029626464612856,218917,0.010391180963254745,0.010398311030275829,7.130067021084152e-06,109731,109186,TRUE1MIN::lagged_daily_context
ctx_rzrq_rzmre,ctx_sent_lb_h_num,0.010093755218016347,218917,0.010146410613252605,0.010253753482567527,0.00010734286931492198,109731,109186,TRUE1MIN::lagged_daily_context
ctx_rzrq_rzmre,ctx_sent_lt5_num,0.0027217936156266474,218917,0.0029721599490814673,0.0028894809754881684,8.267897359329895e-05,109731,109186,TRUE1MIN::lagged_daily_context
ctx_rzrq_rzmre,ctx_sent_max_lb_num,0.0032567892252787587,218917,0.003281829253925488,0.0034856536509506987,0.0002038243970252109,109731,109186,TRUE1MIN::lagged_daily_context
ctx_rzrq_rzmre,ctx_sent_mian_num,0.006404939752110214,218917,0.006635526241277406,0.006332533575734673,0.0003029926655427331,109731,109186,TRUE1MIN::lagged_daily_context
ctx_rzrq_rzmre,ctx_sent_tiandi_num,0.0,218917,0.0,0.0,0.0,109731,109186,TRUE1MIN::lagged_daily_context
ctx_rzrq_rzmre,ctx_sent_up_num,0.0035544420379331307,218917,0.0036607893020625787,0.003910860294370087,0.0002500709923075081,109731,109186,TRUE1MIN::lagged_daily_context
ctx_rzrq_rzmre,ctx_sent_uplimit_num,0.015015024671206694,218917,0.015248609718597794,0.015201332562405957,4.7277156191837325e-05,109731,109186,TRUE1MIN::lagged_daily_context
ctx_rzrq_rzmre,ctx_sent_zb_num,0.014080102307909861,218917,0.014331512135369115,0.014239109830210595,9.240230515852009e-05,109731,109186,TRUE1MIN::lagged_daily_context
ctx_rzrq_rzmre,ctx_ths_hot_circulation_value,0.18882699076910345,485,0.20769597435670278,0.19391228823847945,0.013783686118223337,230,255,TRUE1MIN::lagged_daily_context
ctx_rzrq_rzmre,ctx_ths_hot_last_pct,0.18382881665305909,485,0.22661542266482135,0.18123337803211811,0.04538204463270323,230,255,TRUE1MIN::lagged_daily_context
ctx_rzrq_rzmre,ctx_ths_hot_last_price,0.18107908514068655,485,0.19488419245637947,0.18775600250889424,0.007128189947485236,230,255,TRUE1MIN::lagged_daily_context
ctx_rzrq_rzmre,ctx_ths_hot_rank,0.1366761589301456,485,0.1546434269752027,0.15334918017121224,0.0012942468039904564,230,255,TRUE1MIN::lagged_daily_context
ctx_rzrq_rzmre,ctx_ths_hot_rank_diff,0.13488909608546235,485,0.15646469082533324,0.14939843783210738,0.007066252993225858,230,255,TRUE1MIN::lagged_daily_context
ctx_rzrq_rzmre,ctx_zls_df_num,0.0,0,0.0,0.0,0.0,0,0,TRUE1MIN::lagged_daily_context
ctx_rzrq_rzmre,ctx_zls_lbgd,0.0,0,0.0,0.0,0.0,0,0,TRUE1MIN::lagged_daily_context
ctx_rzrq_rzmre,ctx_zls_strong,0.0,0,0.0,0.0,0.0,0,0,TRUE1MIN::lagged_daily_context
ctx_rzrq_rzmre,ctx_zls_ztjs,0.0,0,0.0,0.0,0.0,0,0,TRUE1MIN::lagged_daily_context
ctx_rzrq_rzrqye,ctx_rzrq_rzye,0.9236045290457755,218917,0.9235230996144548,0.9237872598561021,0.00026416024164732654,109731,109186,TRUE1MIN::lagged_daily_context
ctx_rzrq_rzrqye,ctx_rzrq_rzyezb,0.02353129359595227,218917,0.02342407135432711,0.02404659710837723,0.0006225257540501197,109731,109186,TRUE1MIN::lagged_daily_context
ctx_rzrq_rzrqye,ctx_sent_damian_num,0.00035756489185879585,218917,0.0003469505472662844,0.0005159318334503477,0.00016898128618406328,109731,109186,TRUE1MIN::lagged_daily_context
ctx_rzrq_rzrqye,ctx_sent_ditian_num,0.0005911524388767734,218917,0.0006431839113012434,0.0006260636275460489,1.7120283755194497e-05,109731,109186,TRUE1MIN::lagged_daily_context
ctx_rzrq_rzrqye,ctx_sent_down_num,0.0008148438747540718,218917,0.0009652383198490444,0.0010112134108343103,4.5975090985265945e-05,109731,109186,TRUE1MIN::lagged_daily_context
ctx_rzrq_rzrqye,ctx_sent_downlimit_num,0.0007261603976519169,218917,0.0007931478453992788,0.0010172212606487593,0.0002240734152494805,109731,109186,TRUE1MIN::lagged_daily_context
ctx_rzrq_rzrqye,ctx_sent_gt5_num,0.0014508069561747685,218917,0.001624504267177156,0.0016892208392633005,6.471657208614455e-05,109731,109186,TRUE1MIN::lagged_daily_context
ctx_rzrq_rzrqye,ctx_sent_lb_2_num,0.001562263501325062,218917,0.0017126417227025386,0.001788658049314132,7.601632661159339e-05,109731,109186,TRUE1MIN::lagged_daily_context
ctx_rzrq_rzrqye,ctx_sent_lb_3_num,0.0012843627643556075,218917,0.0013249009526107257,0.0014463541447774495,0.00012145319216672382,109731,109186,TRUE1MIN::lagged_daily_context
ctx_rzrq_rzrqye,ctx_sent_lb_h_num,0.001186392234094687,218917,0.001271090257115418,0.0012819697391400337,1.0879482024615632e-05,109731,109186,TRUE1MIN::lagged_daily_context
ctx_rzrq_rzrqye,ctx_sent_lt5_num,0.0006863418876228723,218917,0.0008705291508484978,0.0009640893201840604,9.356016933556252e-05,109731,109186,TRUE1MIN::lagged_daily_context
ctx_rzrq_rzrqye,ctx_sent_max_lb_num,0.0006388371684935387,218917,0.0007836542762767426,0.0007620363779438172,2.1617898332925442e-05,109731,109186,TRUE1MIN::lagged_daily_context
ctx_rzrq_rzrqye,ctx_sent_mian_num,0.0009596556152261803,218917,0.001112680981311518,0.000989027081971842,0.0001236538993396759,109731,109186,TRUE1MIN::lagged_daily_context
ctx_rzrq_rzrqye,ctx_sent_tiandi_num,1.2655881071899081e-08,218917,0.0,0.0,0.0,109731,109186,TRUE1MIN::lagged_daily_context
ctx_rzrq_rzrqye,ctx_sent_up_num,0.0008150279885628718,218917,0.0010334584605255794,0.0009827566389791933,5.0701821546386043e-05,109731,109186,TRUE1MIN::lagged_daily_context
ctx_rzrq_rzrqye,ctx_sent_uplimit_num,0.001694528943237313,218917,0.0019040883395962489,0.0018683634682586574,3.572487133759149e-05,109731,109186,TRUE1MIN::lagged_daily_context
ctx_rzrq_rzrqye,ctx_sent_zb_num,0.0016654267372366617,218917,0.0018457192115560893,0.0018905569912721209,4.4837779716031586e-05,109731,109186,TRUE1MIN::lagged_daily_context
ctx_rzrq_rzrqye,ctx_ths_hot_circulation_value,0.473497276380359,485,0.47097767586430045,0.4960083616509106,0.025030685786610163,230,255,TRUE1MIN::lagged_daily_context
ctx_rzrq_rzrqye,ctx_ths_hot_last_pct,0.20290105823243806,485,0.24899385766842783,0.22541411183060403,0.023579745837823796,230,255,TRUE1MIN::lagged_daily_context
ctx_rzrq_rzrqye,ctx_ths_hot_last_price,0.2647194292957046,485,0.29694905405076055,0.2767324304088557,0.02021662364190485,230,255,TRUE1MIN::lagged_daily_context
ctx_rzrq_rzrqye,ctx_ths_hot_rank,0.1413043706589924,485,0.18296896896065865,0.1775708351305644,0.005398133830094243,230,255,TRUE1MIN::lagged_daily_context
ctx_rzrq_rzrqye,ctx_ths_hot_rank_diff,0.18029809909691538,485,0.20375666245384635,0.2424293723696988,0.03867270991585245,230,255,TRUE1MIN::lagged_daily_context
ctx_rzrq_rzrqye,ctx_zls_df_num,0.0,0,0.0,0.0,0.0,0,0,TRUE1MIN::lagged_daily_context
ctx_rzrq_rzrqye,ctx_zls_lbgd,0.0,0,0.0,0.0,0.0,0,0,TRUE1MIN::lagged_daily_context
ctx_rzrq_rzrqye,ctx_zls_strong,0.0,0,0.0,0.0,0.0,0,0,TRUE1MIN::lagged_daily_context
ctx_rzrq_rzrqye,ctx_zls_ztjs,0.0,0,0.0,0.0,0.0,0,0,TRUE1MIN::lagged_daily_context
ctx_rzrq_rzye,ctx_rzrq_rzyezb,0.0239506694965187,218917,0.023733232779247486,0.024568143152475148,0.0008349103732276618,109731,109186,TRUE1MIN::lagged_daily_context
ctx_rzrq_rzye,ctx_sent_damian_num,0.000331039191875541,218917,0.0003416478319115078,0.0004829437026782839,0.00014129587076677606,109731,109186,TRUE1MIN::lagged_daily_context
ctx_rzrq_rzye,ctx_sent_ditian_num,0.0005812594467035363,218917,0.000674957078203709,0.0005846886798217042,9.02683983820048e-05,109731,109186,TRUE1MIN::lagged_daily_context
ctx_rzrq_rzye,ctx_sent_down_num,0.0007851381908152122,218917,0.0009482654830708948,0.0009571878263566887,8.922343285793855e-06,109731,109186,TRUE1MIN::lagged_daily_context
ctx_rzrq_rzye,ctx_sent_downlimit_num,0.0007045501584044942,218917,0.0007624577388257114,0.0009886731067783809,0.00022621536795266951,109731,109186,TRUE1MIN::lagged_daily_context
ctx_rzrq_rzye,ctx_sent_gt5_num,0.001492222779282759,218917,0.001632376311853604,0.0017623197368536298,0.00012994342500002583,109731,109186,TRUE1MIN::lagged_daily_context
ctx_rzrq_rzye,ctx_sent_lb_2_num,0.0015993450132176493,218917,0.001726614800251798,0.0018622942304415693,0.00013567943018977127,109731,109186,TRUE1MIN::lagged_daily_context
ctx_rzrq_rzye,ctx_sent_lb_3_num,0.0012958053095133365,218917,0.0012980874760055007,0.0014854519825982658,0.0001873645065927651,109731,109186,TRUE1MIN::lagged_daily_context
ctx_rzrq_rzye,ctx_sent_lb_h_num,0.0012061108875655664,218917,0.001272878076809223,0.0013177662595383935,4.488818272917064e-05,109731,109186,TRUE1MIN::lagged_daily_context
ctx_rzrq_rzye,ctx_sent_lt5_num,0.0007036884371827777,218917,0.0008879233143502305,0.0009653198619728074,7.739654762257693e-05,109731,109186,TRUE1MIN::lagged_daily_context
ctx_rzrq_rzye,ctx_sent_max_lb_num,0.0006306165737487758,218917,0.0007610412327324243,0.0007697678532823738,8.72662054994945e-06,109731,109186,TRUE1MIN::lagged_daily_context
ctx_rzrq_rzye,ctx_sent_mian_num,0.00097548088822779,218917,0.0011042461596561545,0.0010242446231246711,8.000153653148342e-05,109731,109186,TRUE1MIN::lagged_daily_context
ctx_rzrq_rzye,ctx_sent_tiandi_num,0.0,218917,0.0,0.0,0.0,109731,109186,TRUE1MIN::lagged_daily_context
ctx_rzrq_rzye,ctx_sent_up_num,0.0008040829291925974,218917,0.0010561806065995055,0.0009293155666663652,0.00012686503993314033,109731,109186,TRUE1MIN::lagged_daily_context
ctx_rzrq_rzye,ctx_sent_uplimit_num,0.0017421549290384038,218917,0.0019028220854771553,0.001956003501256246,5.318141577909086e-05,109731,109186,TRUE1MIN::lagged_daily_context
ctx_rzrq_rzye,ctx_sent_zb_num,0.0017000631136777655,218917,0.0018425793896885215,0.0019377722608013052,9.51928711127837e-05,109731,109186,TRUE1MIN::lagged_daily_context
ctx_rzrq_rzye,ctx_ths_hot_circulation_value,0.4697809198768262,485,0.46630748867206245,0.4931301935354547,0.02682270486339222,230,255,TRUE1MIN::lagged_daily_context
ctx_rzrq_rzye,ctx_ths_hot_last_pct,0.20290241323361,485,0.24172224480603274,0.2281597831270637,0.013562461678969046,230,255,TRUE1MIN::lagged_daily_context
ctx_rzrq_rzye,ctx_ths_hot_last_price,0.261184380335742,485,0.2903430308368331,0.27525883397489675,0.01508419686193635,230,255,TRUE1MIN::lagged_daily_context
ctx_rzrq_rzye,ctx_ths_hot_rank,0.13841855512472787,485,0.17669397994223102,0.17673628157255689,4.230163032586942e-05,230,255,TRUE1MIN::lagged_daily_context
ctx_rzrq_rzye,ctx_ths_hot_rank_diff,0.17663962375961173,485,0.1960870772883686,0.24163339366894565,0.045546316380577045,230,255,TRUE1MIN::lagged_daily_context
ctx_rzrq_rzye,ctx_zls_df_num,0.0,0,0.0,0.0,0.0,0,0,TRUE1MIN::lagged_daily_context
ctx_rzrq_rzye,ctx_zls_lbgd,0.0,0,0.0,0.0,0.0,0,0,TRUE1MIN::lagged_daily_context
ctx_rzrq_rzye,ctx_zls_strong,0.0,0,0.0,0.0,0.0,0,0,TRUE1MIN::lagged_daily_context
ctx_rzrq_rzye,ctx_zls_ztjs,0.0,0,0.0,0.0,0.0,0,0,TRUE1MIN::lagged_daily_context
ctx_rzrq_rzyezb,ctx_sent_damian_num,0.00022205622775447814,218917,0.00023940131550388783,0.00030063982215674525,6.123850665285742e-05,109731,109186,TRUE1MIN::lagged_daily_context
ctx_rzrq_rzyezb,ctx_sent_ditian_num,0.00031374390719279827,218917,0.00035561607537003514,0.0003056304113963975,4.998566397363763e-05,109731,109186,TRUE1MIN::lagged_daily_context
ctx_rzrq_rzyezb,ctx_sent_down_num,0.0006763449795913768,218917,0.0008841790283522536,0.0008108470754596365,7.333195289261707e-05,109731,109186,TRUE1MIN::lagged_daily_context
ctx_rzrq_rzyezb,ctx_sent_downlimit_num,0.0009052902788616963,218917,0.001019939647717554,0.001076167570777401,5.622792305984715e-05,109731,109186,TRUE1MIN::lagged_daily_context
ctx_rzrq_rzyezb,ctx_sent_gt5_num,0.0011648858753234262,218917,0.001287995078299054,0.0013989039427751255,0.00011090886447607151,109731,109186,TRUE1MIN::lagged_daily_context
ctx_rzrq_rzyezb,ctx_sent_lb_2_num,0.001347261557665613,218917,0.001587428796177266,0.0014616989267401536,0.00012572986943711235,109731,109186,TRUE1MIN::lagged_daily_context
ctx_rzrq_rzyezb,ctx_sent_lb_3_num,0.001106818241747813,218917,0.0013111082156446229,0.0012080282693630634,0.00010307994628155947,109731,109186,TRUE1MIN::lagged_daily_context
ctx_rzrq_rzyezb,ctx_sent_lb_h_num,0.0011749171388316427,218917,0.00130661991904015,0.0012426805138046843,6.393940523546568e-05,109731,109186,TRUE1MIN::lagged_daily_context
ctx_rzrq_rzyezb,ctx_sent_lt5_num,0.0008458179613046175,218917,0.0009772093768337276,0.0011108757936157275,0.00013366641678199992,109731,109186,TRUE1MIN::lagged_daily_context
ctx_rzrq_rzyezb,ctx_sent_max_lb_num,0.0007144391888453781,218917,0.0008032445464959286,0.0008440117445717429,4.076719807581425e-05,109731,109186,TRUE1MIN::lagged_daily_context
ctx_rzrq_rzyezb,ctx_sent_mian_num,0.0008321485001018688,218917,0.0008509237694227779,0.001008782885296349,0.00015785911587357104,109731,109186,TRUE1MIN::lagged_daily_context
ctx_rzrq_rzyezb,ctx_sent_tiandi_num,0.0,218917,0.0,0.0,0.0,109731,109186,TRUE1MIN::lagged_daily_context
ctx_rzrq_rzyezb,ctx_sent_up_num,0.0007048457405997332,218917,0.0008738944355285661,0.0009196195006745415,4.572506514597546e-05,109731,109186,TRUE1MIN::lagged_daily_context
ctx_rzrq_rzyezb,ctx_sent_uplimit_num,0.0016844245103805819,218917,0.001916832318130102,0.0018632132098333946,5.36191082967073e-05,109731,109186,TRUE1MIN::lagged_daily_context
ctx_rzrq_rzyezb,ctx_sent_zb_num,0.0013817866561603323,218917,0.001521599174140279,0.0016312564021296594,0.0001096572279893804,109731,109186,TRUE1MIN::lagged_daily_context
ctx_rzrq_rzyezb,ctx_ths_hot_circulation_value,0.33501694521511693,485,0.35935159429758146,0.37086959953652304,0.011518005238941587,230,255,TRUE1MIN::lagged_daily_context
ctx_rzrq_rzyezb,ctx_ths_hot_last_pct,0.20616949798187642,485,0.2715291166200223,0.25532149110739516,0.016207625512627166,230,255,TRUE1MIN::lagged_daily_context
ctx_rzrq_rzyezb,ctx_ths_hot_last_price,0.29759185642880437,485,0.3525827942894016,0.32747408158243174,0.02510871270696985,230,255,TRUE1MIN::lagged_daily_context
ctx_rzrq_rzyezb,ctx_ths_hot_rank,0.165001391153937,485,0.20062268710466263,0.21027505755191922,0.009652370447256586,230,255,TRUE1MIN::lagged_daily_context
ctx_rzrq_rzyezb,ctx_ths_hot_rank_diff,0.19011157638102616,485,0.23265910941698612,0.23719215191206688,0.004533042495080769,230,255,TRUE1MIN::lagged_daily_context
ctx_rzrq_rzyezb,ctx_zls_df_num,0.0,0,0.0,0.0,0.0,0,0,TRUE1MIN::lagged_daily_context
ctx_rzrq_rzyezb,ctx_zls_lbgd,0.0,0,0.0,0.0,0.0,0,0,TRUE1MIN::lagged_daily_context
ctx_rzrq_rzyezb,ctx_zls_strong,0.0,0,0.0,0.0,0.0,0,0,TRUE1MIN::lagged_daily_context
ctx_rzrq_rzyezb,ctx_zls_ztjs,0.0,0,0.0,0.0,0.0,0,0,TRUE1MIN::lagged_daily_context
ctx_sent_damian_num,ctx_sent_ditian_num,0.009709718624983689,245949,0.009748973167585846,0.009672335506555552,7.663766103029393e-05,123172,122777,TRUE1MIN::lagged_daily_context
ctx_sent_damian_num,ctx_sent_down_num,0.06960543996148016,245949,0.06950688095402126,0.0697904089527046,0.0002835279986833361,123172,122777,TRUE1MIN::lagged_daily_context
ctx_sent_damian_num,ctx_sent_downlimit_num,0.06937518896803072,245949,0.06978927700058841,0.06901579301057735,0.0007734839900110646,123172,122777,TRUE1MIN::lagged_daily_context
ctx_sent_damian_num,ctx_sent_gt5_num,0.03980095345227998,245949,0.04002750440452546,0.039643223717673,0.0003842806868524576,123172,122777,TRUE1MIN::lagged_daily_context
ctx_sent_damian_num,ctx_sent_lb_2_num,0.0318954864882838,245949,0.031902694399109005,0.03193437852018046,3.168412107145552e-05,123172,122777,TRUE1MIN::lagged_daily_context
ctx_sent_damian_num,ctx_sent_lb_3_num,0.014843506511919034,245949,0.014403987513410873,0.015340298856191084,0.0009363113427802109,123172,122777,TRUE1MIN::lagged_daily_context
ctx_sent_damian_num,ctx_sent_lb_h_num,0.0393477061436477,245949,0.039513114751866404,0.03921132551757044,0.00030178923429596133,123172,122777,TRUE1MIN::lagged_daily_context
ctx_sent_damian_num,ctx_sent_lt5_num,0.0822826185004128,245949,0.08211409550927878,0.08254512766992017,0.00043103216064138694,123172,122777,TRUE1MIN::lagged_daily_context
ctx_sent_damian_num,ctx_sent_max_lb_num,0.024796091703021484,245949,0.024729340479609185,0.024900515125685058,0.000171174646075873,123172,122777,TRUE1MIN::lagged_daily_context
ctx_sent_damian_num,ctx_sent_mian_num,0.11784872052181442,245949,0.11719331973232551,0.11856302524903622,0.0013697055167107147,123172,122777,TRUE1MIN::lagged_daily_context
ctx_sent_damian_num,ctx_sent_tiandi_num,1.948990390930677e-08,245949,0.0,0.0,0.0,123172,122777,TRUE1MIN::lagged_daily_context
ctx_sent_damian_num,ctx_sent_up_num,0.06324129509805139,245949,0.06305640997687467,0.06348168589039467,0.0004252759135199985,123172,122777,TRUE1MIN::lagged_daily_context
ctx_sent_damian_num,ctx_sent_uplimit_num,0.059164233461788354,245949,0.05970155848605681,0.058703402992868574,0.0009981554931882339,123172,122777,TRUE1MIN::lagged_daily_context
ctx_sent_damian_num,ctx_sent_zb_num,0.06306339748633749,245949,0.06329098925611146,0.06289860350000265,0.00039238575610880955,123172,122777,TRUE1MIN::lagged_daily_context
ctx_sent_damian_num,ctx_ths_hot_circulation_value,0.06896844536471694,581,0.09417129217523804,0.0835169539904223,0.010654338184815731,274,307,TRUE1MIN::lagged_daily_context
ctx_sent_damian_num,ctx_ths_hot_last_pct,0.07552063909926862,581,0.12804654826380144,0.0800288697862211,0.04801767847758033,274,307,TRUE1MIN::lagged_daily_context
ctx_sent_damian_num,ctx_ths_hot_last_price,0.0806344052673605,581,0.09576921460400653,0.10336842913251827,0.007599214528511741,274,307,TRUE1MIN::lagged_daily_context
ctx_sent_damian_num,ctx_ths_hot_rank,0.04019039138229985,581,0.062448091121451665,0.045359172417875925,0.01708891870357574,274,307,TRUE1MIN::lagged_daily_context
ctx_sent_damian_num,ctx_ths_hot_rank_diff,0.042516487604900795,581,0.08802154537768059,0.05706361326831489,0.030957932109365698,274,307,TRUE1MIN::lagged_daily_context
ctx_sent_damian_num,ctx_zls_df_num,0.0,0,0.0,0.0,0.0,0,0,TRUE1MIN::lagged_daily_context
ctx_sent_damian_num,ctx_zls_lbgd,0.0,0,0.0,0.0,0.0,0,0,TRUE1MIN::lagged_daily_context
ctx_sent_damian_num,ctx_zls_strong,0.0,0,0.0,0.0,0.0,0,0,TRUE1MIN::lagged_daily_context
ctx_sent_damian_num,ctx_zls_ztjs,0.0,0,0.0,0.0,0.0,0,0,TRUE1MIN::lagged_daily_context
ctx_sent_ditian_num,ctx_sent_down_num,0.0193610883204791,245949,0.018845754977122268,0.01994226644063987,0.0010965114635176007,123172,122777,TRUE1MIN::lagged_daily_context
ctx_sent_ditian_num,ctx_sent_downlimit_num,0.04000482644219286,245949,0.04027437369071662,0.03977051455307267,0.0005038591376439472,123172,122777,TRUE1MIN::lagged_daily_context
ctx_sent_ditian_num,ctx_sent_gt5_num,0.03461156120463925,245949,0.03406866587176713,0.03520246571957021,0.0011337998478030825,123172,122777,TRUE1MIN::lagged_daily_context
ctx_sent_ditian_num,ctx_sent_lb_2_num,0.019379256902511233,245949,0.01960866140427836,0.019174736920428242,0.0004339244838501184,123172,122777,TRUE1MIN::lagged_daily_context
ctx_sent_ditian_num,ctx_sent_lb_3_num,0.019840448554739428,245949,0.02037465106382762,0.019349289300882026,0.0010253617629455945,123172,122777,TRUE1MIN::lagged_daily_context
ctx_sent_ditian_num,ctx_sent_lb_h_num,0.016281305997974605,245949,0.01585032002792274,0.01673966079569253,0.0008893407677697876,123172,122777,TRUE1MIN::lagged_daily_context
ctx_sent_ditian_num,ctx_sent_lt5_num,0.025204373820015856,245949,0.025358683195595255,0.025106445429485872,0.00025223776610938317,123172,122777,TRUE1MIN::lagged_daily_context
ctx_sent_ditian_num,ctx_sent_max_lb_num,0.011804778818021954,245949,0.01144951995837861,0.012172979809528363,0.0007234598511497523,123172,122777,TRUE1MIN::lagged_daily_context
ctx_sent_ditian_num,ctx_sent_mian_num,0.006635879047399139,245949,0.006826426256078635,0.0064606403635277315,0.0003657858925509034,123172,122777,TRUE1MIN::lagged_daily_context
ctx_sent_ditian_num,ctx_sent_tiandi_num,0.0,245949,0.0,0.0,0.0,123172,122777,TRUE1MIN::lagged_daily_context
ctx_sent_ditian_num,ctx_sent_up_num,0.017372282224331695,245949,0.016806063071564126,0.01802309423104745,0.0012170311594833227,123172,122777,TRUE1MIN::lagged_daily_context
ctx_sent_ditian_num,ctx_sent_uplimit_num,0.04485118444946616,245949,0.044720812283491375,0.04501283805931285,0.0002920257758214778,123172,122777,TRUE1MIN::lagged_daily_context
ctx_sent_ditian_num,ctx_sent_zb_num,0.010757456173199176,245949,0.010736144467623372,0.010811525678662035,7.538121103866334e-05,123172,122777,TRUE1MIN::lagged_daily_context
ctx_sent_ditian_num,ctx_ths_hot_circulation_value,0.05605973648850716,581,0.08761258550552907,0.05395058224923335,0.03366200325629572,274,307,TRUE1MIN::lagged_daily_context
ctx_sent_ditian_num,ctx_ths_hot_last_pct,0.029931090662685924,581,0.030209216391117583,0.04020117032851012,0.00999195393739254,274,307,TRUE1MIN::lagged_daily_context
ctx_sent_ditian_num,ctx_ths_hot_last_price,0.05931714395353174,581,0.08182840974176804,0.06401667906654135,0.017811730675226692,274,307,TRUE1MIN::lagged_daily_context
ctx_sent_ditian_num,ctx_ths_hot_rank,0.01779841183041529,581,0.02404363751826949,0.019257732838414095,0.004785904679855395,274,307,TRUE1MIN::lagged_daily_context
ctx_sent_ditian_num,ctx_ths_hot_rank_diff,0.04286766182696577,581,0.03205346983130422,0.0667579128251938,0.034704442993889584,274,307,TRUE1MIN::lagged_daily_context
ctx_sent_ditian_num,ctx_zls_df_num,0.0,0,0.0,0.0,0.0,0,0,TRUE1MIN::lagged_daily_context
ctx_sent_ditian_num,ctx_zls_lbgd,0.0,0,0.0,0.0,0.0,0,0,TRUE1MIN::lagged_daily_context
ctx_sent_ditian_num,ctx_zls_strong,0.0,0,0.0,0.0,0.0,0,0,TRUE1MIN::lagged_daily_context
ctx_sent_ditian_num,ctx_zls_ztjs,0.0,0,0.0,0.0,0.0,0,0,TRUE1MIN::lagged_daily_context
ctx_sent_down_num,ctx_sent_downlimit_num,0.18200820458346673,245949,0.18198577722458567,0.18220867878693786,0.00022290156235219016,123172,122777,TRUE1MIN::lagged_daily_context
ctx_sent_down_num,ctx_sent_gt5_num,0.30896776802887416,245949,0.3087158575182469,0.3093967672491126,0.0006809097308657086,123172,122777,TRUE1MIN::lagged_daily_context
ctx_sent_down_num,ctx_sent_lb_2_num,0.13213685338055875,245949,0.13201949025061796,0.13245302975527726,0.00043353950465929714,123172,122777,TRUE1MIN::lagged_daily_context
ctx_sent_down_num,ctx_sent_lb_3_num,0.07935308154064348,245949,0.07976642779858653,0.07912080713652124,0.000645620662065291,123172,122777,TRUE1MIN::lagged_daily_context
ctx_sent_down_num,ctx_sent_lb_h_num,0.07408569085320267,245949,0.07387255072317354,0.07444316848039688,0.0005706177572233351,123172,122777,TRUE1MIN::lagged_daily_context
ctx_sent_down_num,ctx_sent_lt5_num,0.3010356876839323,245949,0.3012085614283988,0.30101631242084137,0.00019224900755743235,123172,122777,TRUE1MIN::lagged_daily_context
ctx_sent_down_num,ctx_sent_max_lb_num,0.07438282186429708,245949,0.07408607842451417,0.07482991058774156,0.0007438321632273898,123172,122777,TRUE1MIN::lagged_daily_context
ctx_sent_down_num,ctx_sent_mian_num,0.10283449332943692,245949,0.10421508228805812,0.10161275153084645,0.0026023307572116683,123172,122777,TRUE1MIN::lagged_daily_context
ctx_sent_down_num,ctx_sent_tiandi_num,0.0,245949,0.0,1.265646816993349e-08,1.265646816993349e-08,123172,122777,TRUE1MIN::lagged_daily_context
ctx_sent_down_num,ctx_sent_up_num,0.7760734993136317,245949,0.7759572515684308,0.7762151060350312,0.00025785446660042677,123172,122777,TRUE1MIN::lagged_daily_context
ctx_sent_down_num,ctx_sent_uplimit_num,0.20785629400909172,245949,0.20776122413359338,0.20816298842494416,0.00040176429135077574,123172,122777,TRUE1MIN::lagged_daily_context
ctx_sent_down_num,ctx_sent_zb_num,0.1517974299079297,245949,0.15165092785366144,0.15216767353852897,0.0005167456848675367,123172,122777,TRUE1MIN::lagged_daily_context
ctx_sent_down_num,ctx_ths_hot_circulation_value,0.21180471219397656,581,0.3128725545863335,0.24503159783657827,0.06784095674975524,274,307,TRUE1MIN::lagged_daily_context
ctx_sent_down_num,ctx_ths_hot_last_pct,0.24157505591205622,581,0.3226182642848941,0.2668650127577919,0.0557532515271022,274,307,TRUE1MIN::lagged_daily_context
ctx_sent_down_num,ctx_ths_hot_last_price,0.20052844554875,581,0.26542924104811966,0.2434354840288443,0.021993757019275362,274,307,TRUE1MIN::lagged_daily_context
ctx_sent_down_num,ctx_ths_hot_rank,0.12740280561671288,581,0.1928270662487607,0.15306199872521714,0.03976506752354356,274,307,TRUE1MIN::lagged_daily_context
ctx_sent_down_num,ctx_ths_hot_rank_diff,0.1759190314957622,581,0.22793764560623123,0.23412860451540105,0.006190958909169819,274,307,TRUE1MIN::lagged_daily_context
ctx_sent_down_num,ctx_zls_df_num,0.0,0,0.0,0.0,0.0,0,0,TRUE1MIN::lagged_daily_context
ctx_sent_down_num,ctx_zls_lbgd,0.0,0,0.0,0.0,0.0,0,0,TRUE1MIN::lagged_daily_context
ctx_sent_down_num,ctx_zls_strong,0.0,0,0.0,0.0,0.0,0,0,TRUE1MIN::lagged_daily_context
ctx_sent_down_num,ctx_zls_ztjs,0.0,0,0.0,0.0,0.0,0,0,TRUE1MIN::lagged_daily_context
ctx_sent_downlimit_num,ctx_sent_gt5_num,0.17188918428405947,245949,0.1714835328997152,0.17248340327524575,0.0009998703755305371,123172,122777,TRUE1MIN::lagged_daily_context
ctx_sent_downlimit_num,ctx_sent_lb_2_num,0.11454355559991417,245949,0.11397874455472999,0.11529043801068173,0.0013116934559517374,123172,122777,TRUE1MIN::lagged_daily_context
ctx_sent_downlimit_num,ctx_sent_lb_3_num,0.06186253717297671,245949,0.06203717651536774,0.06184562893841077,0.00019154757695696856,123172,122777,TRUE1MIN::lagged_daily_context
ctx_sent_downlimit_num,ctx_sent_lb_h_num,0.06205479824580432,245949,0.06213859628952045,0.062113618397284305,2.4977892236141552e-05,123172,122777,TRUE1MIN::lagged_daily_context
ctx_sent_downlimit_num,ctx_sent_lt5_num,0.2970606137359897,245949,0.29751753715759466,0.29673846163299444,0.0007790755246002146,123172,122777,TRUE1MIN::lagged_daily_context
ctx_sent_downlimit_num,ctx_sent_max_lb_num,0.06277204061767301,245949,0.0626335115398336,0.06304775796448868,0.000414246424655082,123172,122777,TRUE1MIN::lagged_daily_context
ctx_sent_downlimit_num,ctx_sent_mian_num,0.1061346667039433,245949,0.10713981251117123,0.10524418342450387,0.0018956290866673636,123172,122777,TRUE1MIN::lagged_daily_context
ctx_sent_downlimit_num,ctx_sent_tiandi_num,0.0,245949,1.3015783196753673e-08,0.0,1.3015783196753673e-08,123172,122777,TRUE1MIN::lagged_daily_context
ctx_sent_downlimit_num,ctx_sent_up_num,0.18227248526307369,245949,0.18219494367090175,0.18252556320461802,0.00033061953371626984,123172,122777,TRUE1MIN::lagged_daily_context
ctx_sent_downlimit_num,ctx_sent_uplimit_num,0.1541852018836402,245949,0.1534617225832627,0.1551081974593774,0.0016464748761146897,123172,122777,TRUE1MIN::lagged_daily_context
ctx_sent_downlimit_num,ctx_sent_zb_num,0.12629937092613494,245949,0.12583364254925627,0.12698233594932004,0.001148693400063766,123172,122777,TRUE1MIN::lagged_daily_context
ctx_sent_downlimit_num,ctx_ths_hot_circulation_value,0.20061527506555885,581,0.253413733699383,0.25178996756031485,0.0016237661390681724,274,307,TRUE1MIN::lagged_daily_context
ctx_sent_downlimit_num,ctx_ths_hot_last_pct,0.19538117525712045,581,0.2793089320021498,0.2290092313347218,0.05029970066742798,274,307,TRUE1MIN::lagged_daily_context
ctx_sent_downlimit_num,ctx_ths_hot_last_price,0.22026327605093687,581,0.2719072409592952,0.27183128500956694,7.595594972825692e-05,274,307,TRUE1MIN::lagged_daily_context
ctx_sent_downlimit_num,ctx_ths_hot_rank,0.12660384063316582,581,0.1694057102659586,0.16937654480338682,2.9165462571784095e-05,274,307,TRUE1MIN::lagged_daily_context
ctx_sent_downlimit_num,ctx_ths_hot_rank_diff,0.16056582820435378,581,0.18993145821817803,0.2258823349068576,0.03595087668867958,274,307,TRUE1MIN::lagged_daily_context
ctx_sent_downlimit_num,ctx_zls_df_num,0.0,0,0.0,0.0,0.0,0,0,TRUE1MIN::lagged_daily_context
ctx_sent_downlimit_num,ctx_zls_lbgd,0.0,0,0.0,0.0,0.0,0,0,TRUE1MIN::lagged_daily_context
ctx_sent_downlimit_num,ctx_zls_strong,0.0,0,0.0,0.0,0.0,0,0,TRUE1MIN::lagged_daily_context
ctx_sent_downlimit_num,ctx_zls_ztjs,0.0,0,0.0,0.0,0.0,0,0,TRUE1MIN::lagged_daily_context
ctx_sent_gt5_num,ctx_sent_lb_2_num,0.18012439788116594,245949,0.17971384859730377,0.18068774916567726,0.0009739005683734869,123172,122777,TRUE1MIN::lagged_daily_context
ctx_sent_gt5_num,ctx_sent_lb_3_num,0.1104272583723677,245949,0.1092677651840766,0.11173675575997624,0.0024689905758996378,123172,122777,TRUE1MIN::lagged_daily_context
ctx_sent_gt5_num,ctx_sent_lb_h_num,0.12494729004730579,245949,0.12508658983919377,0.12490872437649195,0.00017786546270182058,123172,122777,TRUE1MIN::lagged_daily_context
ctx_sent_gt5_num,ctx_sent_lt5_num,0.21486244384548112,245949,0.21483076974527776,0.2150964424423616,0.0002656726970838297,123172,122777,TRUE1MIN::lagged_daily_context
ctx_sent_gt5_num,ctx_sent_max_lb_num,0.08709194779902588,245949,0.08711036208495883,0.08720797618126286,9.761409630403006e-05,123172,122777,TRUE1MIN::lagged_daily_context
ctx_sent_gt5_num,ctx_sent_mian_num,0.08890284515507507,245949,0.0894618309255101,0.0884893612650329,0.0009724696604772043,123172,122777,TRUE1MIN::lagged_daily_context
ctx_sent_gt5_num,ctx_sent_tiandi_num,0.0,245949,0.0,0.0,0.0,123172,122777,TRUE1MIN::lagged_daily_context
ctx_sent_gt5_num,ctx_sent_up_num,0.3238828447736967,245949,0.32338016949124954,0.32457759828718713,0.001197428795937594,123172,122777,TRUE1MIN::lagged_daily_context
ctx_sent_gt5_num,ctx_sent_uplimit_num,0.35833870643822796,245949,0.3577283934665272,0.35905383175791367,0.0013254382913864826,123172,122777,TRUE1MIN::lagged_daily_context
ctx_sent_gt5_num,ctx_sent_zb_num,0.19794115275650473,245949,0.1985264194805006,0.19754874628222563,0.0009776731982749642,123172,122777,TRUE1MIN::lagged_daily_context
ctx_sent_gt5_num,ctx_ths_hot_circulation_value,0.23167309534381295,581,0.29291955549074256,0.27603537034917436,0.016884185141568198,274,307,TRUE1MIN::lagged_daily_context
ctx_sent_gt5_num,ctx_ths_hot_last_pct,0.1996015927617736,581,0.2790799843355289,0.24705314284770763,0.032026841487821256,274,307,TRUE1MIN::lagged_daily_context
ctx_sent_gt5_num,ctx_ths_hot_last_price,0.20799053846255133,581,0.27418569605309173,0.2614203210689974,0.012765374984094358,274,307,TRUE1MIN::lagged_daily_context
ctx_sent_gt5_num,ctx_ths_hot_rank,0.14030544461459327,581,0.1810550063470876,0.1724286252992407,0.00862638104784691,274,307,TRUE1MIN::lagged_daily_context
ctx_sent_gt5_num,ctx_ths_hot_rank_diff,0.18270325928194686,581,0.2394180712199597,0.22872451202769514,0.010693559192264557,274,307,TRUE1MIN::lagged_daily_context
ctx_sent_gt5_num,ctx_zls_df_num,0.0,0,0.0,0.0,0.0,0,0,TRUE1MIN::lagged_daily_context
ctx_sent_gt5_num,ctx_zls_lbgd,0.0,0,0.0,0.0,0.0,0,0,TRUE1MIN::lagged_daily_context
ctx_sent_gt5_num,ctx_zls_strong,0.0,0,0.0,0.0,0.0,0,0,TRUE1MIN::lagged_daily_context
ctx_sent_gt5_num,ctx_zls_ztjs,0.0,0,0.0,0.0,0.0,0,0,TRUE1MIN::lagged_daily_context
ctx_sent_lb_2_num,ctx_sent_lb_3_num,0.12469848492905473,245949,0.12487792019841847,0.12461759808840325,0.00026032211001521255,123172,122777,TRUE1MIN::lagged_daily_context
ctx_sent_lb_2_num,ctx_sent_lb_h_num,0.14596542129062487,245949,0.1459652076922695,0.14608025493543544,0.00011504724316593884,123172,122777,TRUE1MIN::lagged_daily_context
ctx_sent_lb_2_num,ctx_sent_lt5_num,0.12154430667292475,245949,0.1212010843358768,0.12211294016540682,0.0009118558295300172,123172,122777,TRUE1MIN::lagged_daily_context
ctx_sent_lb_2_num,ctx_sent_max_lb_num,0.10406330996175012,245949,0.10371795865274815,0.10455261595939923,0.0008346573066510821,123172,122777,TRUE1MIN::lagged_daily_context
ctx_sent_lb_2_num,ctx_sent_mian_num,0.06812887971073749,245949,0.06866819738064894,0.06770879856981908,0.0009593988108298618,123172,122777,TRUE1MIN::lagged_daily_context
ctx_sent_lb_2_num,ctx_sent_tiandi_num,0.0,245949,1.310152197606696e-08,1.3097961846563923e-08,3.560129503037639e-12,123172,122777,TRUE1MIN::lagged_daily_context
ctx_sent_lb_2_num,ctx_sent_up_num,0.13017182276582442,245949,0.12994308024849233,0.1306254702595641,0.0006823900110717873,123172,122777,TRUE1MIN::lagged_daily_context
ctx_sent_lb_2_num,ctx_sent_uplimit_num,0.23479549523119578,245949,0.23447178757541162,0.23526122570656877,0.0007894381311571441,123172,122777,TRUE1MIN::lagged_daily_context
ctx_sent_lb_2_num,ctx_sent_zb_num,0.16650601802052847,245949,0.16686710131319324,0.166322798142852,0.0005443031703412371,123172,122777,TRUE1MIN::lagged_daily_context
ctx_sent_lb_2_num,ctx_ths_hot_circulation_value,0.252779041889744,581,0.29967061323915933,0.29800500810744657,0.0016656051317127663,274,307,TRUE1MIN::lagged_daily_context
ctx_sent_lb_2_num,ctx_ths_hot_last_pct,0.20441756277837567,581,0.2794659161065306,0.23045525257061988,0.049010663535910715,274,307,TRUE1MIN::lagged_daily_context
ctx_sent_lb_2_num,ctx_ths_hot_last_price,0.21374119126119318,581,0.25848614841447987,0.26112732831276203,0.0026411798982821644,274,307,TRUE1MIN::lagged_daily_context
ctx_sent_lb_2_num,ctx_ths_hot_rank,0.13370950513563395,581,0.18231506331716985,0.16600707771934192,0.016307985597827923,274,307,TRUE1MIN::lagged_daily_context
ctx_sent_lb_2_num,ctx_ths_hot_rank_diff,0.1901351715099936,581,0.22257115919169354,0.2399661409994063,0.01739498180771276,274,307,TRUE1MIN::lagged_daily_context
ctx_sent_lb_2_num,ctx_zls_df_num,0.0,0,0.0,0.0,0.0,0,0,TRUE1MIN::lagged_daily_context
ctx_sent_lb_2_num,ctx_zls_lbgd,0.0,0,0.0,0.0,0.0,0,0,TRUE1MIN::lagged_daily_context
ctx_sent_lb_2_num,ctx_zls_strong,0.0,0,0.0,0.0,0.0,0,0,TRUE1MIN::lagged_daily_context
ctx_sent_lb_2_num,ctx_zls_ztjs,0.0,0,0.0,0.0,0.0,0,0,TRUE1MIN::lagged_daily_context
ctx_sent_lb_3_num,ctx_sent_lb_h_num,0.10239018019661496,245949,0.10208516443993662,0.10279403503283796,0.0007088705929013395,123172,122777,TRUE1MIN::lagged_daily_context
ctx_sent_lb_3_num,ctx_sent_lt5_num,0.0613378504918924,245949,0.060741316801520395,0.06209682717582056,0.0013555103743001645,123172,122777,TRUE1MIN::lagged_daily_context
ctx_sent_lb_3_num,ctx_sent_max_lb_num,0.09378627261101513,245949,0.09366355276593691,0.09396980750392435,0.00030625473798744085,123172,122777,TRUE1MIN::lagged_daily_context
ctx_sent_lb_3_num,ctx_sent_mian_num,0.04762384293237272,245949,0.04795214964400336,0.04735556679400629,0.0005965828499970641,123172,122777,TRUE1MIN::lagged_daily_context
ctx_sent_lb_3_num,ctx_sent_tiandi_num,0.0,245949,0.0,0.0,0.0,123172,122777,TRUE1MIN::lagged_daily_context
ctx_sent_lb_3_num,ctx_sent_up_num,0.0675655744453801,245949,0.06794060616089831,0.06737530263326562,0.0005653035276326906,123172,122777,TRUE1MIN::lagged_daily_context
ctx_sent_lb_3_num,ctx_sent_uplimit_num,0.1536413520216709,245949,0.15335515629210633,0.15406570084417728,0.0007105445520709519,123172,122777,TRUE1MIN::lagged_daily_context
ctx_sent_lb_3_num,ctx_sent_zb_num,0.11235157329147885,245949,0.11234807892923326,0.1124844474502176,0.00013636852098433683,123172,122777,TRUE1MIN::lagged_daily_context
ctx_sent_lb_3_num,ctx_ths_hot_circulation_value,0.1562026677061462,581,0.18921048104747032,0.18459996061323644,0.004610520434233878,274,307,TRUE1MIN::lagged_daily_context
ctx_sent_lb_3_num,ctx_ths_hot_last_pct,0.10905401561203158,581,0.14555721154376056,0.14574107764753355,0.00018386610377299495,274,307,TRUE1MIN::lagged_daily_context
ctx_sent_lb_3_num,ctx_ths_hot_last_price,0.12426598301221163,581,0.15731031942628587,0.15886902790475296,0.0015587084784670913,274,307,TRUE1MIN::lagged_daily_context
ctx_sent_lb_3_num,ctx_ths_hot_rank,0.053727681723854295,581,0.10221750086011792,0.06872498586091398,0.03349251499920394,274,307,TRUE1MIN::lagged_daily_context
ctx_sent_lb_3_num,ctx_ths_hot_rank_diff,0.10126983932551771,581,0.13556549861563238,0.13861853490347387,0.003053036287841482,274,307,TRUE1MIN::lagged_daily_context
ctx_sent_lb_3_num,ctx_zls_df_num,0.0,0,0.0,0.0,0.0,0,0,TRUE1MIN::lagged_daily_context
ctx_sent_lb_3_num,ctx_zls_lbgd,0.0,0,0.0,0.0,0.0,0,0,TRUE1MIN::lagged_daily_context
ctx_sent_lb_3_num,ctx_zls_strong,0.0,0,0.0,0.0,0.0,0,0,TRUE1MIN::lagged_daily_context
ctx_sent_lb_3_num,ctx_zls_ztjs,0.0,0,0.0,0.0,0.0,0,0,TRUE1MIN::lagged_daily_context
ctx_sent_lb_h_num,ctx_sent_lt5_num,0.08563663453949272,245949,0.08504686046681026,0.08637228611906372,0.0013254256522534646,123172,122777,TRUE1MIN::lagged_daily_context
ctx_sent_lb_h_num,ctx_sent_max_lb_num,0.29064488519553566,245949,0.28965239933410775,0.2917106215320046,0.002058222197896864,123172,122777,TRUE1MIN::lagged_daily_context
ctx_sent_lb_h_num,ctx_sent_mian_num,0.0690698847753373,245949,0.06998662617568482,0.06826482443206311,0.0017218017436217148,123172,122777,TRUE1MIN::lagged_daily_context
ctx_sent_lb_h_num,ctx_sent_tiandi_num,1.504787300625564e-08,245949,0.0,0.0,0.0,123172,122777,TRUE1MIN::lagged_daily_context
ctx_sent_lb_h_num,ctx_sent_up_num,0.07063361079654065,245949,0.07077835557577303,0.0706557389859154,0.00012261658985762702,123172,122777,TRUE1MIN::lagged_daily_context
ctx_sent_lb_h_num,ctx_sent_uplimit_num,0.1656357461270827,245949,0.16521847112143553,0.1661602831837296,0.0009418120622940729,123172,122777,TRUE1MIN::lagged_daily_context
ctx_sent_lb_h_num,ctx_sent_zb_num,0.136201354312954,245949,0.13591146730960973,0.13661799818943524,0.000706530879825501,123172,122777,TRUE1MIN::lagged_daily_context
ctx_sent_lb_h_num,ctx_ths_hot_circulation_value,0.16797087101592037,581,0.20396642205231327,0.19066975172106176,0.013296670331251509,274,307,TRUE1MIN::lagged_daily_context
ctx_sent_lb_h_num,ctx_ths_hot_last_pct,0.12781442907910343,581,0.16272824598697733,0.15386152657473284,0.008866719412244484,274,307,TRUE1MIN::lagged_daily_context
ctx_sent_lb_h_num,ctx_ths_hot_last_price,0.1518364816059229,581,0.1931707435932339,0.17585246245613953,0.017318281137094382,274,307,TRUE1MIN::lagged_daily_context
ctx_sent_lb_h_num,ctx_ths_hot_rank,0.06600929167608345,581,0.0915925397271927,0.08726672372952621,0.004325815997666488,274,307,TRUE1MIN::lagged_daily_context
ctx_sent_lb_h_num,ctx_ths_hot_rank_diff,0.10749359096370316,581,0.14170101986784425,0.12660893807618215,0.015092081791662104,274,307,TRUE1MIN::lagged_daily_context
ctx_sent_lb_h_num,ctx_zls_df_num,0.0,0,0.0,0.0,0.0,0,0,TRUE1MIN::lagged_daily_context
ctx_sent_lb_h_num,ctx_zls_lbgd,0.0,0,0.0,0.0,0.0,0,0,TRUE1MIN::lagged_daily_context
ctx_sent_lb_h_num,ctx_zls_strong,0.0,0,0.0,0.0,0.0,0,0,TRUE1MIN::lagged_daily_context
ctx_sent_lb_h_num,ctx_zls_ztjs,0.0,0,0.0,0.0,0.0,0,0,TRUE1MIN::lagged_daily_context
ctx_sent_lt5_num,ctx_sent_max_lb_num,0.07986070602697429,245949,0.079490857839609,0.08037424590966731,0.0008833880700583052,123172,122777,TRUE1MIN::lagged_daily_context
ctx_sent_lt5_num,ctx_sent_mian_num,0.12673068734333143,245949,0.1274687460532283,0.12612411518686747,0.0013446308663608297,123172,122777,TRUE1MIN::lagged_daily_context
ctx_sent_lt5_num,ctx_sent_tiandi_num,0.0,245949,1.2659561394284789e-08,0.0,1.2659561394284789e-08,123172,122777,TRUE1MIN::lagged_daily_context
ctx_sent_lt5_num,ctx_sent_up_num,0.28337353823891387,245949,0.2838534786687095,0.28305804128679185,0.0007954373819176741,123172,122777,TRUE1MIN::lagged_daily_context
ctx_sent_lt5_num,ctx_sent_uplimit_num,0.17967452890859567,245949,0.17902882220753785,0.18054484494531162,0.0015160227377737645,123172,122777,TRUE1MIN::lagged_daily_context
ctx_sent_lt5_num,ctx_sent_zb_num,0.1541262070440491,245949,0.15451600760233405,0.1539487648014088,0.0005672428009252661,123172,122777,TRUE1MIN::lagged_daily_context
ctx_sent_lt5_num,ctx_ths_hot_circulation_value,0.2176295548252779,581,0.26330878639836586,0.2826277547369823,0.01931896833861646,274,307,TRUE1MIN::lagged_daily_context
ctx_sent_lt5_num,ctx_ths_hot_last_pct,0.23610392844509728,581,0.29649186960135926,0.28550916938051285,0.010982700220846409,274,307,TRUE1MIN::lagged_daily_context
ctx_sent_lt5_num,ctx_ths_hot_last_price,0.21234758292856595,581,0.26537021081255696,0.2620451319119626,0.003325078900594358,274,307,TRUE1MIN::lagged_daily_context
ctx_sent_lt5_num,ctx_ths_hot_rank,0.12388670945156599,581,0.1847427884687367,0.16419843908547305,0.02054434938326366,274,307,TRUE1MIN::lagged_daily_context
ctx_sent_lt5_num,ctx_ths_hot_rank_diff,0.16912407093648196,581,0.23857818255598945,0.21139354574613617,0.02718463680985328,274,307,TRUE1MIN::lagged_daily_context
ctx_sent_lt5_num,ctx_zls_df_num,0.0,0,0.0,0.0,0.0,0,0,TRUE1MIN::lagged_daily_context
ctx_sent_lt5_num,ctx_zls_lbgd,0.0,0,0.0,0.0,0.0,0,0,TRUE1MIN::lagged_daily_context
ctx_sent_lt5_num,ctx_zls_strong,0.0,0,0.0,0.0,0.0,0,0,TRUE1MIN::lagged_daily_context
ctx_sent_lt5_num,ctx_zls_ztjs,0.0,0,0.0,0.0,0.0,0,0,TRUE1MIN::lagged_daily_context
ctx_sent_max_lb_num,ctx_sent_mian_num,0.0607364282746238,245949,0.06057075104730371,0.06099817359301388,0.00042742254571016824,123172,122777,TRUE1MIN::lagged_daily_context
ctx_sent_max_lb_num,ctx_sent_tiandi_num,0.0,245949,0.0,0.0,0.0,123172,122777,TRUE1MIN::lagged_daily_context
ctx_sent_max_lb_num,ctx_sent_up_num,0.08304965447854122,245949,0.0824217474739366,0.08383660384441587,0.0014148563704792644,123172,122777,TRUE1MIN::lagged_daily_context
ctx_sent_max_lb_num,ctx_sent_uplimit_num,0.12670318754084853,245949,0.1266351837063237,0.12690025871732158,0.0002650750109978728,123172,122777,TRUE1MIN::lagged_daily_context
ctx_sent_max_lb_num,ctx_sent_zb_num,0.0954380550922989,245949,0.09520475591471173,0.0958167531272929,0.0006119972125811779,123172,122777,TRUE1MIN::lagged_daily_context
ctx_sent_max_lb_num,ctx_ths_hot_circulation_value,0.16316764170245837,581,0.19209163422883072,0.1874052907456259,0.004686343483204819,274,307,TRUE1MIN::lagged_daily_context
ctx_sent_max_lb_num,ctx_ths_hot_last_pct,0.13294858862871464,581,0.1577375038860031,0.17975448545013525,0.02201698156413215,274,307,TRUE1MIN::lagged_daily_context
ctx_sent_max_lb_num,ctx_ths_hot_last_price,0.17920261407156368,581,0.23324740919210096,0.20293297123054116,0.030314437961559804,274,307,TRUE1MIN::lagged_daily_context
ctx_sent_max_lb_num,ctx_ths_hot_rank,0.080347840422266,581,0.11965107824781492,0.08166572315987318,0.037985355087941736,274,307,TRUE1MIN::lagged_daily_context
ctx_sent_max_lb_num,ctx_ths_hot_rank_diff,0.09600160653351227,581,0.13257662277892,0.11867091754181128,0.013905705237108712,274,307,TRUE1MIN::lagged_daily_context
ctx_sent_max_lb_num,ctx_zls_df_num,0.0,0,0.0,0.0,0.0,0,0,TRUE1MIN::lagged_daily_context
ctx_sent_max_lb_num,ctx_zls_lbgd,0.0,0,0.0,0.0,0.0,0,0,TRUE1MIN::lagged_daily_context
ctx_sent_max_lb_num,ctx_zls_strong,0.0,0,0.0,0.0,0.0,0,0,TRUE1MIN::lagged_daily_context
ctx_sent_max_lb_num,ctx_zls_ztjs,0.0,0,0.0,0.0,0.0,0,0,TRUE1MIN::lagged_daily_context
ctx_sent_mian_num,ctx_sent_tiandi_num,0.0,245949,0.0,0.0,0.0,123172,122777,TRUE1MIN::lagged_daily_context
ctx_sent_mian_num,ctx_sent_up_num,0.08841029594505188,245949,0.08920325679177726,0.08775625228076554,0.0014470045110117208,123172,122777,TRUE1MIN::lagged_daily_context
ctx_sent_mian_num,ctx_sent_uplimit_num,0.08770615489378834,245949,0.08807504398985325,0.08748133964412244,0.0005937043457308055,123172,122777,TRUE1MIN::lagged_daily_context
ctx_sent_mian_num,ctx_sent_zb_num,0.10514180689888383,245949,0.10533763507322644,0.10505900040463459,0.0002786346685918484,123172,122777,TRUE1MIN::lagged_daily_context
ctx_sent_mian_num,ctx_ths_hot_circulation_value,0.1465167962764535,581,0.17778079245435569,0.18702124522030844,0.009240452765952756,274,307,TRUE1MIN::lagged_daily_context
ctx_sent_mian_num,ctx_ths_hot_last_pct,0.1533740671507928,581,0.19534070208867327,0.2038651757230202,0.00852447363434694,274,307,TRUE1MIN::lagged_daily_context
ctx_sent_mian_num,ctx_ths_hot_last_price,0.1328896674428104,581,0.1950695157303854,0.16258247364470885,0.03248704208567654,274,307,TRUE1MIN::lagged_daily_context
ctx_sent_mian_num,ctx_ths_hot_rank,0.062213217185445334,581,0.08082423917429564,0.07882341489305829,0.002000824281237351,274,307,TRUE1MIN::lagged_daily_context
ctx_sent_mian_num,ctx_ths_hot_rank_diff,0.1033152715690558,581,0.14633099874534378,0.12318959480764999,0.02314140393769379,274,307,TRUE1MIN::lagged_daily_context
ctx_sent_mian_num,ctx_zls_df_num,0.0,0,0.0,0.0,0.0,0,0,TRUE1MIN::lagged_daily_context
ctx_sent_mian_num,ctx_zls_lbgd,0.0,0,0.0,0.0,0.0,0,0,TRUE1MIN::lagged_daily_context
ctx_sent_mian_num,ctx_zls_strong,0.0,0,0.0,0.0,0.0,0,0,TRUE1MIN::lagged_daily_context
ctx_sent_mian_num,ctx_zls_ztjs,0.0,0,0.0,0.0,0.0,0,0,TRUE1MIN::lagged_daily_context
ctx_sent_tiandi_num,ctx_sent_up_num,0.0,245949,0.0,0.0,0.0,123172,122777,TRUE1MIN::lagged_daily_context
ctx_sent_tiandi_num,ctx_sent_uplimit_num,0.0,245949,0.0,0.0,0.0,123172,122777,TRUE1MIN::lagged_daily_context
ctx_sent_tiandi_num,ctx_sent_zb_num,0.0,245949,0.0,0.0,0.0,123172,122777,TRUE1MIN::lagged_daily_context
ctx_sent_tiandi_num,ctx_ths_hot_circulation_value,0.0,581,0.0,0.0,0.0,274,307,TRUE1MIN::lagged_daily_context
ctx_sent_tiandi_num,ctx_ths_hot_last_pct,0.0,581,0.0,0.0,0.0,274,307,TRUE1MIN::lagged_daily_context
ctx_sent_tiandi_num,ctx_ths_hot_last_price,0.0,581,0.0,0.0,0.0,274,307,TRUE1MIN::lagged_daily_context
ctx_sent_tiandi_num,ctx_ths_hot_rank,0.0,581,0.0,0.0,0.0,274,307,TRUE1MIN::lagged_daily_context
ctx_sent_tiandi_num,ctx_ths_hot_rank_diff,1.3404265102784054e-08,581,0.0,0.0,0.0,274,307,TRUE1MIN::lagged_daily_context
ctx_sent_tiandi_num,ctx_zls_df_num,0.0,0,0.0,0.0,0.0,0,0,TRUE1MIN::lagged_daily_context
ctx_sent_tiandi_num,ctx_zls_lbgd,0.0,0,0.0,0.0,0.0,0,0,TRUE1MIN::lagged_daily_context
ctx_sent_tiandi_num,ctx_zls_strong,0.0,0,0.0,0.0,0.0,0,0,TRUE1MIN::lagged_daily_context
ctx_sent_tiandi_num,ctx_zls_ztjs,0.0,0,0.0,0.0,0.0,0,0,TRUE1MIN::lagged_daily_context
ctx_sent_up_num,ctx_sent_uplimit_num,0.22931757460761099,245949,0.2293777553486145,0.22947602345423324,9.826810561874844e-05,123172,122777,TRUE1MIN::lagged_daily_context
ctx_sent_up_num,ctx_sent_zb_num,0.15590765714017252,245949,0.15530923875391137,0.15671583526645563,0.001406596512544267,123172,122777,TRUE1MIN::lagged_daily_context
ctx_sent_up_num,ctx_ths_hot_circulation_value,0.21654830234760172,581,0.2927968570049301,0.25614289220823716,0.03665396479669292,274,307,TRUE1MIN::lagged_daily_context
ctx_sent_up_num,ctx_ths_hot_last_pct,0.21958503768371437,581,0.2945282456570133,0.2556081911557134,0.03892005450129987,274,307,TRUE1MIN::lagged_daily_context
ctx_sent_up_num,ctx_ths_hot_last_price,0.20735296930509275,581,0.2535035359948705,0.2730328833156135,0.019529347320742962,274,307,TRUE1MIN::lagged_daily_context
ctx_sent_up_num,ctx_ths_hot_rank,0.12459692362818167,581,0.19174892666923427,0.14202368058437836,0.0497252460848559,274,307,TRUE1MIN::lagged_daily_context
ctx_sent_up_num,ctx_ths_hot_rank_diff,0.15469842527975394,581,0.21630453181918524,0.20967955586122533,0.006624975957959911,274,307,TRUE1MIN::lagged_daily_context
ctx_sent_up_num,ctx_zls_df_num,0.0,0,0.0,0.0,0.0,0,0,TRUE1MIN::lagged_daily_context
ctx_sent_up_num,ctx_zls_lbgd,0.0,0,0.0,0.0,0.0,0,0,TRUE1MIN::lagged_daily_context
ctx_sent_up_num,ctx_zls_strong,0.0,0,0.0,0.0,0.0,0,0,TRUE1MIN::lagged_daily_context
ctx_sent_up_num,ctx_zls_ztjs,0.0,0,0.0,0.0,0.0,0,0,TRUE1MIN::lagged_daily_context
ctx_sent_uplimit_num,ctx_sent_zb_num,0.21300869328084837,245949,0.21281265769724217,0.21343137438025728,0.0006187166830151081,123172,122777,TRUE1MIN::lagged_daily_context
ctx_sent_uplimit_num,ctx_ths_hot_circulation_value,0.26582010967908587,581,0.32334524442371787,0.31177295948705097,0.011572284936666899,274,307,TRUE1MIN::lagged_daily_context
ctx_sent_uplimit_num,ctx_ths_hot_last_pct,0.20289527969371088,581,0.2618841744634123,0.24740219526967486,0.014481979193737421,274,307,TRUE1MIN::lagged_daily_context
ctx_sent_uplimit_num,ctx_ths_hot_last_price,0.2142404798521279,581,0.2875377603854574,0.24691514793550032,0.0406226124499571,274,307,TRUE1MIN::lagged_daily_context
ctx_sent_uplimit_num,ctx_ths_hot_rank,0.1303847227035666,581,0.19708405950473767,0.15958375802438307,0.0375003014803546,274,307,TRUE1MIN::lagged_daily_context
ctx_sent_uplimit_num,ctx_ths_hot_rank_diff,0.18656101812713555,581,0.2306930628012854,0.22579639751569033,0.00489666528559507,274,307,TRUE1MIN::lagged_daily_context
ctx_sent_uplimit_num,ctx_zls_df_num,0.0,0,0.0,0.0,0.0,0,0,TRUE1MIN::lagged_daily_context
ctx_sent_uplimit_num,ctx_zls_lbgd,0.0,0,0.0,0.0,0.0,0,0,TRUE1MIN::lagged_daily_context
ctx_sent_uplimit_num,ctx_zls_strong,0.0,0,0.0,0.0,0.0,0,0,TRUE1MIN::lagged_daily_context
ctx_sent_uplimit_num,ctx_zls_ztjs,0.0,0,0.0,0.0,0.0,0,0,TRUE1MIN::lagged_daily_context
ctx_sent_zb_num,ctx_ths_hot_circulation_value,0.24905960941010377,581,0.3006450198478741,0.300721777373231,7.67575253569075e-05,274,307,TRUE1MIN::lagged_daily_context
ctx_sent_zb_num,ctx_ths_hot_last_pct,0.17847683845315623,581,0.24248948838225098,0.23504271344397107,0.007446774938279915,274,307,TRUE1MIN::lagged_daily_context
ctx_sent_zb_num,ctx_ths_hot_last_price,0.2146962254246381,581,0.27614491795546364,0.2701023689922661,0.006042548963197558,274,307,TRUE1MIN::lagged_daily_context
ctx_sent_zb_num,ctx_ths_hot_rank,0.13138172138209836,581,0.17408960264060677,0.16409757291195112,0.00999202972865565,274,307,TRUE1MIN::lagged_daily_context
ctx_sent_zb_num,ctx_ths_hot_rank_diff,0.17887324758215867,581,0.229927784168439,0.23079512927874818,0.00086734511030917,274,307,TRUE1MIN::lagged_daily_context
ctx_sent_zb_num,ctx_zls_df_num,0.0,0,0.0,0.0,0.0,0,0,TRUE1MIN::lagged_daily_context
ctx_sent_zb_num,ctx_zls_lbgd,0.0,0,0.0,0.0,0.0,0,0,TRUE1MIN::lagged_daily_context
ctx_sent_zb_num,ctx_zls_strong,0.0,0,0.0,0.0,0.0,0,0,TRUE1MIN::lagged_daily_context
ctx_sent_zb_num,ctx_zls_ztjs,0.0,0,0.0,0.0,0.0,0,0,TRUE1MIN::lagged_daily_context
ctx_ths_hot_circulation_value,ctx_ths_hot_last_pct,0.24306747322160374,581,0.30118335266205615,0.280323006429217,0.020860346232839166,274,307,TRUE1MIN::lagged_daily_context
ctx_ths_hot_circulation_value,ctx_ths_hot_last_price,0.46169818933047085,581,0.4878795664799834,0.4760076060078205,0.011871960472162879,274,307,TRUE1MIN::lagged_daily_context
ctx_ths_hot_circulation_value,ctx_ths_hot_rank,0.13295764213261002,581,0.21322991651448622,0.14592790979712655,0.06730200671735967,274,307,TRUE1MIN::lagged_daily_context
ctx_ths_hot_circulation_value,ctx_ths_hot_rank_diff,0.19750823084922636,581,0.24420611532498376,0.24051199712410165,0.0036941182008821127,274,307,TRUE1MIN::lagged_daily_context
ctx_ths_hot_circulation_value,ctx_zls_df_num,0.0,0,0.0,0.0,0.0,0,0,TRUE1MIN::lagged_daily_context
ctx_ths_hot_circulation_value,ctx_zls_lbgd,0.0,0,0.0,0.0,0.0,0,0,TRUE1MIN::lagged_daily_context
ctx_ths_hot_circulation_value,ctx_zls_strong,0.0,0,0.0,0.0,0.0,0,0,TRUE1MIN::lagged_daily_context
ctx_ths_hot_circulation_value,ctx_zls_ztjs,0.0,0,0.0,0.0,0.0,0,0,TRUE1MIN::lagged_daily_context
ctx_ths_hot_last_pct,ctx_ths_hot_last_price,0.25248646226785654,581,0.30613041431288424,0.2960478813958937,0.010082532916990516,274,307,TRUE1MIN::lagged_daily_context
ctx_ths_hot_last_pct,ctx_ths_hot_rank,0.13904252251734664,581,0.1970068325679491,0.16725370162448971,0.029753130943459383,274,307,TRUE1MIN::lagged_daily_context
ctx_ths_hot_last_pct,ctx_ths_hot_rank_diff,0.20975863374101847,581,0.2406445983920644,0.27135314364594726,0.030708545253882863,274,307,TRUE1MIN::lagged_daily_context
ctx_ths_hot_last_pct,ctx_zls_df_num,0.0,0,0.0,0.0,0.0,0,0,TRUE1MIN::lagged_daily_context
ctx_ths_hot_last_pct,ctx_zls_lbgd,0.0,0,0.0,0.0,0.0,0,0,TRUE1MIN::lagged_daily_context
ctx_ths_hot_last_pct,ctx_zls_strong,0.0,0,0.0,0.0,0.0,0,0,TRUE1MIN::lagged_daily_context
ctx_ths_hot_last_pct,ctx_zls_ztjs,0.0,0,0.0,0.0,0.0,0,0,TRUE1MIN::lagged_daily_context
ctx_ths_hot_last_price,ctx_ths_hot_rank,0.14645069040106426,581,0.18896851297305045,0.1682638462761267,0.02070466669692375,274,307,TRUE1MIN::lagged_daily_context
ctx_ths_hot_last_price,ctx_ths_hot_rank_diff,0.19383407106084224,581,0.2545450531203351,0.23479477756679737,0.019750275553537727,274,307,TRUE1MIN::lagged_daily_context
ctx_ths_hot_last_price,ctx_zls_df_num,0.0,0,0.0,0.0,0.0,0,0,TRUE1MIN::lagged_daily_context
ctx_ths_hot_last_price,ctx_zls_lbgd,0.0,0,0.0,0.0,0.0,0,0,TRUE1MIN::lagged_daily_context
ctx_ths_hot_last_price,ctx_zls_strong,0.0,0,0.0,0.0,0.0,0,0,TRUE1MIN::lagged_daily_context
ctx_ths_hot_last_price,ctx_zls_ztjs,0.0,0,0.0,0.0,0.0,0,0,TRUE1MIN::lagged_daily_context
ctx_ths_hot_rank,ctx_ths_hot_rank_diff,0.2311629328451662,581,0.2638896551328696,0.2538386329031258,0.0100510222297438,274,307,TRUE1MIN::lagged_daily_context
ctx_ths_hot_rank,ctx_zls_df_num,0.0,0,0.0,0.0,0.0,0,0,TRUE1MIN::lagged_daily_context
ctx_ths_hot_rank,ctx_zls_lbgd,0.0,0,0.0,0.0,0.0,0,0,TRUE1MIN::lagged_daily_context
ctx_ths_hot_rank,ctx_zls_strong,0.0,0,0.0,0.0,0.0,0,0,TRUE1MIN::lagged_daily_context
ctx_ths_hot_rank,ctx_zls_ztjs,0.0,0,0.0,0.0,0.0,0,0,TRUE1MIN::lagged_daily_context
ctx_ths_hot_rank_diff,ctx_zls_df_num,0.0,0,0.0,0.0,0.0,0,0,TRUE1MIN::lagged_daily_context
ctx_ths_hot_rank_diff,ctx_zls_lbgd,0.0,0,0.0,0.0,0.0,0,0,TRUE1MIN::lagged_daily_context
ctx_ths_hot_rank_diff,ctx_zls_strong,0.0,0,0.0,0.0,0.0,0,0,TRUE1MIN::lagged_daily_context
ctx_ths_hot_rank_diff,ctx_zls_ztjs,0.0,0,0.0,0.0,0.0,0,0,TRUE1MIN::lagged_daily_context
ctx_zls_df_num,ctx_zls_lbgd,0.0,0,0.0,0.0,0.0,0,0,TRUE1MIN::lagged_daily_context
ctx_zls_df_num,ctx_zls_strong,0.0,0,0.0,0.0,0.0,0,0,TRUE1MIN::lagged_daily_context
ctx_zls_df_num,ctx_zls_ztjs,0.0,0,0.0,0.0,0.0,0,0,TRUE1MIN::lagged_daily_context
ctx_zls_lbgd,ctx_zls_strong,0.0,0,0.0,0.0,0.0,0,0,TRUE1MIN::lagged_daily_context
ctx_zls_lbgd,ctx_zls_ztjs,0.0,0,0.0,0.0,0.0,0,0,TRUE1MIN::lagged_daily_context
ctx_zls_strong,ctx_zls_ztjs,0.0,0,0.0,0.0,0.0,0,0,TRUE1MIN::lagged_daily_context
amount,amount_yuan,1.0,246569,1.0,1.0,0.0,123493,123076,TRUE1MIN::raw_1min
amount,close,0.007577997776768467,246569,0.007668237335014291,0.007820586073847747,0.00015234873883345542,123493,123076,TRUE1MIN::raw_1min
amount,high,0.007609737270289756,246569,0.007697943178974846,0.007851694470694842,0.00015375129171999596,123493,123076,TRUE1MIN::raw_1min
amount,intraday_ret_from_open,0.004848747587270482,246569,0.004897721915615643,0.00517208928002052,0.0002743673644048771,123493,123076,TRUE1MIN::raw_1min
amount,low,0.007536143908390072,246569,0.007624207217294972,0.00778094920686184,0.00015674198956686786,123493,123076,TRUE1MIN::raw_1min
amount,open,0.007571683665132347,246569,0.007663688286359328,0.007810408971407297,0.00014672068504796923,123493,123076,TRUE1MIN::raw_1min
amount,pct_chg,0.025341761454706836,246569,0.025484197186975727,0.025419411987887372,6.478519908835467e-05,123493,123076,TRUE1MIN::raw_1min
amount,ret_1m,0.025317793476801062,246565,0.025465106741526092,0.02540444613820511,6.0660603320980555e-05,123492,123073,TRUE1MIN::raw_1min
amount,vol,0.28700773906876986,246569,0.28767625120508933,0.28657612789923387,0.0011001233058554605,123493,123076,TRUE1MIN::raw_1min
amount,volume,0.28700773906876986,246569,0.28767625120508933,0.28657612789923387,0.0011001233058554605,123493,123076,TRUE1MIN::raw_1min
amount,vwap,0.00910983082326668,237085,0.009187814991001722,0.009364573622879001,0.00017675863187727875,118801,118284,TRUE1MIN::raw_1min
amount_yuan,close,0.007577997776768467,246569,0.007668237335014291,0.007820586073847747,0.00015234873883345542,123493,123076,TRUE1MIN::raw_1min
amount_yuan,high,0.007609737270289756,246569,0.007697943178974846,0.007851694470694842,0.00015375129171999596,123493,123076,TRUE1MIN::raw_1min
amount_yuan,intraday_ret_from_open,0.004848747587270482,246569,0.004897721915615643,0.00517208928002052,0.0002743673644048771,123493,123076,TRUE1MIN::raw_1min
amount_yuan,low,0.007536143908390072,246569,0.007624207217294972,0.00778094920686184,0.00015674198956686786,123493,123076,TRUE1MIN::raw_1min
amount_yuan,open,0.007571683665132347,246569,0.007663688286359328,0.007810408971407297,0.00014672068504796923,123493,123076,TRUE1MIN::raw_1min
amount_yuan,pct_chg,0.025341761454706836,246569,0.025484197186975727,0.025419411987887372,6.478519908835467e-05,123493,123076,TRUE1MIN::raw_1min
amount_yuan,ret_1m,0.025317793476801062,246565,0.025465106741526092,0.02540444613820511,6.0660603320980555e-05,123492,123073,TRUE1MIN::raw_1min
amount_yuan,vol,0.28700773906876986,246569,0.28767625120508933,0.28657612789923387,0.0011001233058554605,123493,123076,TRUE1MIN::raw_1min
amount_yuan,volume,0.28700773906876986,246569,0.28767625120508933,0.28657612789923387,0.0011001233058554605,123493,123076,TRUE1MIN::raw_1min
amount_yuan,vwap,0.00910983082326668,237085,0.009187814991001722,0.009364573622879001,0.00017675863187727875,118801,118284,TRUE1MIN::raw_1min
close,high,0.9884270749520804,246569,0.9882633999112683,0.9886250858511284,0.00036168593986007913,123493,123076,TRUE1MIN::raw_1min
close,intraday_ret_from_open,0.0044297223996221675,246569,0.004468830215364811,0.0047260487355982195,0.00025721852023340847,123493,123076,TRUE1MIN::raw_1min
close,low,0.9876981088404246,246569,0.987967020548541,0.9874700631306423,0.0004969574178986802,123493,123076,TRUE1MIN::raw_1min
close,open,0.985754187412365,246569,0.985439051987144,0.9861113819030745,0.0006723299159304696,123493,123076,TRUE1MIN::raw_1min
close,pct_chg,0.10884906088098034,246569,0.10969813695953635,0.10822170783356164,0.001476429125974718,123493,123076,TRUE1MIN::raw_1min
close,ret_1m,0.1075157515372692,246565,0.10806483283689523,0.10719589828490575,0.0008689345519894837,123492,123073,TRUE1MIN::raw_1min
close,vol,0.029117703042561692,246569,0.029588265396114276,0.02899295179785854,0.0005953135982557367,123493,123076,TRUE1MIN::raw_1min
close,volume,0.029117703042561692,246569,0.029588265396114276,0.02899295179785854,0.0005953135982557367,123493,123076,TRUE1MIN::raw_1min
close,vwap,0.936670623032726,237085,0.9370842907421142,0.9362747567547163,0.0008095339873979146,118801,118284,TRUE1MIN::raw_1min
high,intraday_ret_from_open,0.004436758982843046,246569,0.004475258164202899,0.004733940729001709,0.0002586825647988098,123493,123076,TRUE1MIN::raw_1min
high,low,0.9848931055985286,246569,0.9850237086114427,0.9848159921507771,0.0002077164606656412,123493,123076,TRUE1MIN::raw_1min
high,open,0.9871889801730774,246569,0.9869853877381953,0.987441737443078,0.0004563497048826193,123493,123076,TRUE1MIN::raw_1min
high,pct_chg,0.10888248321728855,246569,0.10970202817828449,0.10828492943545635,0.0014170987428281379,123493,123076,TRUE1MIN::raw_1min
high,ret_1m,0.10732932781854589,246565,0.10783985687187403,0.10705162993824027,0.0007882269336337566,123492,123073,TRUE1MIN::raw_1min
high,vol,0.02906776275105996,246569,0.02953592503794918,0.0289450377606195,0.0005908872773296783,123493,123076,TRUE1MIN::raw_1min
high,volume,0.02906776275105996,246569,0.02953592503794918,0.0289450377606195,0.0005908872773296783,123493,123076,TRUE1MIN::raw_1min
high,vwap,0.9363395309889051,237085,0.936711396055568,0.9359775911478152,0.0007338049077527664,118801,118284,TRUE1MIN::raw_1min
intraday_ret_from_open,low,0.0044212854108030145,246569,0.004460291708518254,0.004714294815031742,0.0002540031065134873,123493,123076,TRUE1MIN::raw_1min
intraday_ret_from_open,open,0.004427313596049092,246569,0.004465409674345241,0.0047201508862107,0.0002547412118654585,123493,123076,TRUE1MIN::raw_1min
intraday_ret_from_open,pct_chg,0.00476083036320429,246569,0.004607044434847833,0.005198834597903275,0.0005917901630554416,123493,123076,TRUE1MIN::raw_1min
intraday_ret_from_open,ret_1m,0.004206169947062654,246565,0.004119013846991435,0.004561884689299503,0.0004428708423080685,123492,123073,TRUE1MIN::raw_1min
intraday_ret_from_open,vol,0.002421601632095766,246569,0.0026455551786854986,0.002626711018564086,1.8844160121412722e-05,123493,123076,TRUE1MIN::raw_1min
intraday_ret_from_open,volume,0.002421601632095766,246569,0.0026455551786854986,0.002626711018564086,1.8844160121412722e-05,123493,123076,TRUE1MIN::raw_1min
intraday_ret_from_open,vwap,0.004609506856890245,237085,0.0046177915753073,0.004949124351455664,0.0003313327761483645,118801,118284,TRUE1MIN::raw_1min
low,open,0.9886587664772875,246569,0.9885946206941283,0.9887599919541414,0.0001653712600131474,123493,123076,TRUE1MIN::raw_1min
low,pct_chg,0.10883254346032457,246569,0.10966773854403004,0.10822033830131546,0.001447400242714586,123493,123076,TRUE1MIN::raw_1min
low,ret_1m,0.10734373534311986,246565,0.10783713220019034,0.1070821958994807,0.0007549363007096355,123492,123073,TRUE1MIN::raw_1min
low,vol,0.029168375020151984,246569,0.029640221361305858,0.029041622734083054,0.0005985986272228037,123493,123076,TRUE1MIN::raw_1min
low,volume,0.029168375020151984,246569,0.029640221361305858,0.029041622734083054,0.0005985986272228037,123493,123076,TRUE1MIN::raw_1min
low,vwap,0.9362488465927375,237085,0.9366127813281417,0.9358893891740849,0.0007233921540568122,118801,118284,TRUE1MIN::raw_1min
open,pct_chg,0.10895339739479624,246569,0.10975432529763735,0.10837565334889351,0.0013786719487438315,123493,123076,TRUE1MIN::raw_1min
open,ret_1m,0.10753852238780323,246565,0.10806146280156727,0.1072506215423173,0.0008108412592499614,123492,123073,TRUE1MIN::raw_1min
open,vol,0.029115845465217886,246569,0.029579293400920303,0.028991513980587386,0.0005877794203329179,123493,123076,TRUE1MIN::raw_1min
open,volume,0.029115845465217886,246569,0.029579293400920303,0.028991513980587386,0.0005877794203329179,123493,123076,TRUE1MIN::raw_1min
open,vwap,0.9369454679817664,237085,0.9371746000169738,0.936727828818142,0.00044677119883185235,118801,118284,TRUE1MIN::raw_1min
pct_chg,ret_1m,0.9003558047538399,246565,0.8993087494052475,0.9014527166575345,0.002143967252286938,123492,123073,TRUE1MIN::raw_1min
pct_chg,vol,0.029328669666396325,246569,0.029815935167335633,0.02916168034397219,0.0006542548233634433,123493,123076,TRUE1MIN::raw_1min
pct_chg,volume,0.029328669666396325,246569,0.029815935167335633,0.02916168034397219,0.0006542548233634433,123493,123076,TRUE1MIN::raw_1min
pct_chg,vwap,0.11703611978628244,237085,0.11762811495784128,0.11667426506443031,0.0009538498934109768,118801,118284,TRUE1MIN::raw_1min
ret_1m,vol,0.028545186775031664,246565,0.0289422516664809,0.028450014930037317,0.0004922367364435833,123492,123073,TRUE1MIN::raw_1min
ret_1m,volume,0.028545186775031664,246565,0.0289422516664809,0.028450014930037317,0.0004922367364435833,123492,123073,TRUE1MIN::raw_1min
ret_1m,vwap,0.1122519616686365,237081,0.11276546755712155,0.11197201222119532,0.0007934553359262297,118800,118281,TRUE1MIN::raw_1min
vol,volume,1.0,246569,1.0,1.0,0.0,123493,123076,TRUE1MIN::raw_1min
vol,vwap,0.029479086679590684,237085,0.029950550060458915,0.029353485944627555,0.0005970641158313597,118801,118284,TRUE1MIN::raw_1min
volume,vwap,0.029479086679590684,237085,0.029950550060458915,0.029353485944627555,0.0005970641158313597,118801,118284,TRUE1MIN::raw_1min
fund_ba_accounts_payable_acceleration,fund_ba_accounts_payable_delta,0.23578514055849067,24765,,,,,,FUNDAMENTAL::working_capital::stock-session cross-section::SLOW_TEMPORAL_CHANGE
fund_ba_accounts_payable_acceleration,fund_ba_accounts_payable_persistence,0.029073299220626504,24721,,,,,,FUNDAMENTAL::working_capital::stock-session cross-section::SLOW_TEMPORAL_CHANGE
fund_ba_accounts_payable_acceleration,fund_ba_accounts_payable_slope,0.22224241458732688,24765,,,,,,FUNDAMENTAL::working_capital::stock-session cross-section::SLOW_TEMPORAL_CHANGE
fund_ba_accounts_payable_acceleration,fund_ba_accounts_rece_acceleration,0.12507607674509272,24525,,,,,,FUNDAMENTAL::working_capital::stock-session cross-section::SLOW_TEMPORAL_CHANGE
fund_ba_accounts_payable_acceleration,fund_ba_accounts_rece_delta,0.10719652374489883,24549,,,,,,FUNDAMENTAL::working_capital::stock-session cross-section::SLOW_TEMPORAL_CHANGE
fund_ba_accounts_payable_acceleration,fund_ba_accounts_rece_persistence,0.012520919601741483,24457,,,,,,FUNDAMENTAL::working_capital::stock-session cross-section::SLOW_TEMPORAL_CHANGE
fund_ba_accounts_payable_acceleration,fund_ba_accounts_rece_slope,0.1012399344531556,24549,,,,,,FUNDAMENTAL::working_capital::stock-session cross-section::SLOW_TEMPORAL_CHANGE
fund_ba_accounts_payable_acceleration,fund_ba_inventory_acceleration,0.12946086918443536,24366,,,,,,FUNDAMENTAL::working_capital::stock-session cross-section::SLOW_TEMPORAL_CHANGE
fund_ba_accounts_payable_acceleration,fund_ba_inventory_delta,0.10617759000588617,24405,,,,,,FUNDAMENTAL::working_capital::stock-session cross-section::SLOW_TEMPORAL_CHANGE
fund_ba_accounts_payable_acceleration,fund_ba_inventory_persistence,0.01767160979751567,24336,,,,,,FUNDAMENTAL::working_capital::stock-session cross-section::SLOW_TEMPORAL_CHANGE
fund_ba_accounts_payable_acceleration,fund_ba_inventory_slope,0.10417653039527436,24405,,,,,,FUNDAMENTAL::working_capital::stock-session cross-section::SLOW_TEMPORAL_CHANGE
fund_ba_accounts_payable_acceleration_at_disclosure,fund_ba_accounts_payable_delta_at_disclosure,0.2210779340490013,1347,,,,,,FUNDAMENTAL::working_capital::disclosure episode::DISCLOSURE_EVENT
fund_ba_accounts_payable_acceleration_at_disclosure,fund_ba_accounts_payable_persistence_at_disclosure,0.02859962619309839,1347,,,,,,FUNDAMENTAL::working_capital::disclosure episode::DISCLOSURE_EVENT
fund_ba_accounts_payable_acceleration_at_disclosure,fund_ba_accounts_payable_slope_at_disclosure,0.20785000465506703,1347,,,,,,FUNDAMENTAL::working_capital::disclosure episode::DISCLOSURE_EVENT
fund_ba_accounts_payable_acceleration_at_disclosure,fund_ba_accounts_rece_acceleration_at_disclosure,0.12259025292007647,1334,,,,,,FUNDAMENTAL::working_capital::disclosure episode::DISCLOSURE_EVENT
fund_ba_accounts_payable_acceleration_at_disclosure,fund_ba_accounts_rece_delta_at_disclosure,0.09528371529633319,1335,,,,,,FUNDAMENTAL::working_capital::disclosure episode::DISCLOSURE_EVENT
fund_ba_accounts_payable_acceleration_at_disclosure,fund_ba_accounts_rece_persistence_at_disclosure,0.009872174130404669,1333,,,,,,FUNDAMENTAL::working_capital::disclosure episode::DISCLOSURE_EVENT
fund_ba_accounts_payable_acceleration_at_disclosure,fund_ba_accounts_rece_slope_at_disclosure,0.08825158450657815,1335,,,,,,FUNDAMENTAL::working_capital::disclosure episode::DISCLOSURE_EVENT
fund_ba_accounts_payable_acceleration_at_disclosure,fund_ba_inventory_acceleration_at_disclosure,0.1273489158934427,1325,,,,,,FUNDAMENTAL::working_capital::disclosure episode::DISCLOSURE_EVENT
fund_ba_accounts_payable_acceleration_at_disclosure,fund_ba_inventory_delta_at_disclosure,0.10619026668657144,1327,,,,,,FUNDAMENTAL::working_capital::disclosure episode::DISCLOSURE_EVENT
fund_ba_accounts_payable_acceleration_at_disclosure,fund_ba_inventory_persistence_at_disclosure,0.015340893878802265,1326,,,,,,FUNDAMENTAL::working_capital::disclosure episode::DISCLOSURE_EVENT
fund_ba_accounts_payable_acceleration_at_disclosure,fund_ba_inventory_slope_at_disclosure,0.10303313323804156,1327,,,,,,FUNDAMENTAL::working_capital::disclosure episode::DISCLOSURE_EVENT
fund_ba_accounts_payable_acceleration_at_disclosure,fund_working_capital_inventory_assets_at_disclosure,0.057664327182162745,1327,,,,,,FUNDAMENTAL::working_capital::disclosure episode::DISCLOSURE_EVENT
fund_ba_accounts_payable_acceleration_at_disclosure,fund_working_capital_payables_assets_at_disclosure,0.0546764356059021,1347,,,,,,FUNDAMENTAL::working_capital::disclosure episode::DISCLOSURE_EVENT
fund_ba_accounts_payable_acceleration_at_disclosure,fund_working_capital_receivables_assets_at_disclosure,0.04138981399406401,1335,,,,,,FUNDAMENTAL::working_capital::disclosure episode::DISCLOSURE_EVENT
fund_ba_accounts_payable_delta,fund_ba_accounts_payable_persistence,0.020324559281732015,24999,,,,,,FUNDAMENTAL::working_capital::stock-session cross-section::SLOW_TEMPORAL_CHANGE
fund_ba_accounts_payable_delta,fund_ba_accounts_payable_slope,0.7667724542183786,25043,,,,,,FUNDAMENTAL::working_capital::stock-session cross-section::SLOW_TEMPORAL_CHANGE
fund_ba_accounts_payable_delta,fund_ba_accounts_rece_acceleration,0.11020176823867218,24525,,,,,,FUNDAMENTAL::working_capital::stock-session cross-section::SLOW_TEMPORAL_CHANGE
fund_ba_accounts_payable_delta,fund_ba_accounts_rece_delta,0.12914166863372487,24779,,,,,,FUNDAMENTAL::working_capital::stock-session cross-section::SLOW_TEMPORAL_CHANGE
fund_ba_accounts_payable_delta,fund_ba_accounts_rece_persistence,0.011051890820858955,24658,,,,,,FUNDAMENTAL::working_capital::stock-session cross-section::SLOW_TEMPORAL_CHANGE
fund_ba_accounts_payable_delta,fund_ba_accounts_rece_slope,0.1286045470527737,24779,,,,,,FUNDAMENTAL::working_capital::stock-session cross-section::SLOW_TEMPORAL_CHANGE
fund_ba_accounts_payable_delta,fund_ba_inventory_acceleration,0.11213238718243937,24366,,,,,,FUNDAMENTAL::working_capital::stock-session cross-section::SLOW_TEMPORAL_CHANGE
fund_ba_accounts_payable_delta,fund_ba_inventory_delta,0.1169941951920733,24683,,,,,,FUNDAMENTAL::working_capital::stock-session cross-section::SLOW_TEMPORAL_CHANGE
fund_ba_accounts_payable_delta,fund_ba_inventory_persistence,0.014278228472230592,24585,,,,,,FUNDAMENTAL::working_capital::stock-session cross-section::SLOW_TEMPORAL_CHANGE
fund_ba_accounts_payable_delta,fund_ba_inventory_slope,0.1202842134774689,24683,,,,,,FUNDAMENTAL::working_capital::stock-session cross-section::SLOW_TEMPORAL_CHANGE
fund_ba_accounts_payable_delta_at_disclosure,fund_ba_accounts_payable_persistence_at_disclosure,0.009055105134570168,1356,,,,,,FUNDAMENTAL::working_capital::disclosure episode::DISCLOSURE_EVENT
fund_ba_accounts_payable_delta_at_disclosure,fund_ba_accounts_payable_slope_at_disclosure,0.702988536096536,1356,,,,,,FUNDAMENTAL::working_capital::disclosure episode::DISCLOSURE_EVENT
fund_ba_accounts_payable_delta_at_disclosure,fund_ba_accounts_rece_acceleration_at_disclosure,0.10533379968417919,1334,,,,,,FUNDAMENTAL::working_capital::disclosure episode::DISCLOSURE_EVENT
fund_ba_accounts_payable_delta_at_disclosure,fund_ba_accounts_rece_delta_at_disclosure,0.12179933399981052,1344,,,,,,FUNDAMENTAL::working_capital::disclosure episode::DISCLOSURE_EVENT
fund_ba_accounts_payable_delta_at_disclosure,fund_ba_accounts_rece_persistence_at_disclosure,0.008960613759173883,1340,,,,,,FUNDAMENTAL::working_capital::disclosure episode::DISCLOSURE_EVENT
fund_ba_accounts_payable_delta_at_disclosure,fund_ba_accounts_rece_slope_at_disclosure,0.11378823120574087,1344,,,,,,FUNDAMENTAL::working_capital::disclosure episode::DISCLOSURE_EVENT
fund_ba_accounts_payable_delta_at_disclosure,fund_ba_inventory_acceleration_at_disclosure,0.10385356059388709,1325,,,,,,FUNDAMENTAL::working_capital::disclosure episode::DISCLOSURE_EVENT
fund_ba_accounts_payable_delta_at_disclosure,fund_ba_inventory_delta_at_disclosure,0.10768064012562047,1336,,,,,,FUNDAMENTAL::working_capital::disclosure episode::DISCLOSURE_EVENT
fund_ba_accounts_payable_delta_at_disclosure,fund_ba_inventory_persistence_at_disclosure,0.017567790010724303,1333,,,,,,FUNDAMENTAL::working_capital::disclosure episode::DISCLOSURE_EVENT
fund_ba_accounts_payable_delta_at_disclosure,fund_ba_inventory_slope_at_disclosure,0.10588296710038535,1336,,,,,,FUNDAMENTAL::working_capital::disclosure episode::DISCLOSURE_EVENT
fund_ba_accounts_payable_delta_at_disclosure,fund_working_capital_inventory_assets_at_disclosure,0.044373795930989536,1336,,,,,,FUNDAMENTAL::working_capital::disclosure episode::DISCLOSURE_EVENT
fund_ba_accounts_payable_delta_at_disclosure,fund_working_capital_payables_assets_at_disclosure,0.06402075763399391,1356,,,,,,FUNDAMENTAL::working_capital::disclosure episode::DISCLOSURE_EVENT
fund_ba_accounts_payable_delta_at_disclosure,fund_working_capital_receivables_assets_at_disclosure,0.03785359626467066,1344,,,,,,FUNDAMENTAL::working_capital::disclosure episode::DISCLOSURE_EVENT
fund_ba_accounts_payable_persistence,fund_ba_accounts_payable_slope,0.02323151706681799,24999,,,,,,FUNDAMENTAL::working_capital::stock-session cross-section::SLOW_TEMPORAL_CHANGE
fund_ba_accounts_payable_persistence,fund_ba_accounts_rece_acceleration,0.012817125648256805,24481,,,,,,FUNDAMENTAL::working_capital::stock-session cross-section::SLOW_TEMPORAL_CHANGE
fund_ba_accounts_payable_persistence,fund_ba_accounts_rece_delta,0.012145068986863487,24735,,,,,,FUNDAMENTAL::working_capital::stock-session cross-section::SLOW_TEMPORAL_CHANGE
fund_ba_accounts_payable_persistence,fund_ba_accounts_rece_persistence,0.014584139399089133,24629,,,,,,FUNDAMENTAL::working_capital::stock-session cross-section::SLOW_TEMPORAL_CHANGE
fund_ba_accounts_payable_persistence,fund_ba_accounts_rece_slope,0.009735264323497944,24735,,,,,,FUNDAMENTAL::working_capital::stock-session cross-section::SLOW_TEMPORAL_CHANGE
fund_ba_accounts_payable_persistence,fund_ba_inventory_acceleration,0.012742928419430909,24322,,,,,,FUNDAMENTAL::working_capital::stock-session cross-section::SLOW_TEMPORAL_CHANGE
fund_ba_accounts_payable_persistence,fund_ba_inventory_delta,0.012942173873559209,24639,,,,,,FUNDAMENTAL::working_capital::stock-session cross-section::SLOW_TEMPORAL_CHANGE
fund_ba_accounts_payable_persistence,fund_ba_inventory_persistence,0.01469653958048058,24556,,,,,,FUNDAMENTAL::working_capital::stock-session cross-section::SLOW_TEMPORAL_CHANGE
fund_ba_accounts_payable_persistence,fund_ba_inventory_slope,0.010914229405462203,24639,,,,,,FUNDAMENTAL::working_capital::stock-session cross-section::SLOW_TEMPORAL_CHANGE
fund_ba_accounts_payable_persistence_at_disclosure,fund_ba_accounts_payable_slope_at_disclosure,0.01458472719632904,1356,,,,,,FUNDAMENTAL::working_capital::disclosure episode::DISCLOSURE_EVENT
fund_ba_accounts_payable_persistence_at_disclosure,fund_ba_accounts_rece_acceleration_at_disclosure,0.01076546016473598,1334,,,,,,FUNDAMENTAL::working_capital::disclosure episode::DISCLOSURE_EVENT
fund_ba_accounts_payable_persistence_at_disclosure,fund_ba_accounts_rece_delta_at_disclosure,0.007693019983496486,1344,,,,,,FUNDAMENTAL::working_capital::disclosure episode::DISCLOSURE_EVENT
fund_ba_accounts_payable_persistence_at_disclosure,fund_ba_accounts_rece_persistence_at_disclosure,0.019629352526129306,1340,,,,,,FUNDAMENTAL::working_capital::disclosure episode::DISCLOSURE_EVENT
fund_ba_accounts_payable_persistence_at_disclosure,fund_ba_accounts_rece_slope_at_disclosure,0.009119664800723182,1344,,,,,,FUNDAMENTAL::working_capital::disclosure episode::DISCLOSURE_EVENT
fund_ba_accounts_payable_persistence_at_disclosure,fund_ba_inventory_acceleration_at_disclosure,0.008969953337350962,1325,,,,,,FUNDAMENTAL::working_capital::disclosure episode::DISCLOSURE_EVENT
fund_ba_accounts_payable_persistence_at_disclosure,fund_ba_inventory_delta_at_disclosure,0.009894610607279503,1336,,,,,,FUNDAMENTAL::working_capital::disclosure episode::DISCLOSURE_EVENT
fund_ba_accounts_payable_persistence_at_disclosure,fund_ba_inventory_persistence_at_disclosure,0.016950858485097697,1333,,,,,,FUNDAMENTAL::working_capital::disclosure episode::DISCLOSURE_EVENT
fund_ba_accounts_payable_persistence_at_disclosure,fund_ba_inventory_slope_at_disclosure,0.010645183363572015,1336,,,,,,FUNDAMENTAL::working_capital::disclosure episode::DISCLOSURE_EVENT
fund_ba_accounts_payable_persistence_at_disclosure,fund_working_capital_inventory_assets_at_disclosure,0.014745552890342847,1336,,,,,,FUNDAMENTAL::working_capital::disclosure episode::DISCLOSURE_EVENT
fund_ba_accounts_payable_persistence_at_disclosure,fund_working_capital_payables_assets_at_disclosure,0.011488643694623407,1356,,,,,,FUNDAMENTAL::working_capital::disclosure episode::DISCLOSURE_EVENT
fund_ba_accounts_payable_persistence_at_disclosure,fund_working_capital_receivables_assets_at_disclosure,0.009353820628416035,1344,,,,,,FUNDAMENTAL::working_capital::disclosure episode::DISCLOSURE_EVENT
fund_ba_accounts_payable_slope,fund_ba_accounts_rece_acceleration,0.10645846521317624,24525,,,,,,FUNDAMENTAL::working_capital::stock-session cross-section::SLOW_TEMPORAL_CHANGE
fund_ba_accounts_payable_slope,fund_ba_accounts_rece_delta,0.12479620359170968,24779,,,,,,FUNDAMENTAL::working_capital::stock-session cross-section::SLOW_TEMPORAL_CHANGE
fund_ba_accounts_payable_slope,fund_ba_accounts_rece_persistence,0.010695417883217288,24658,,,,,,FUNDAMENTAL::working_capital::stock-session cross-section::SLOW_TEMPORAL_CHANGE
fund_ba_accounts_payable_slope,fund_ba_accounts_rece_slope,0.12800841531287743,24779,,,,,,FUNDAMENTAL::working_capital::stock-session cross-section::SLOW_TEMPORAL_CHANGE
fund_ba_accounts_payable_slope,fund_ba_inventory_acceleration,0.10484978561791902,24366,,,,,,FUNDAMENTAL::working_capital::stock-session cross-section::SLOW_TEMPORAL_CHANGE
fund_ba_accounts_payable_slope,fund_ba_inventory_delta,0.11663659583897237,24683,,,,,,FUNDAMENTAL::working_capital::stock-session cross-section::SLOW_TEMPORAL_CHANGE
fund_ba_accounts_payable_slope,fund_ba_inventory_persistence,0.013921298198643952,24585,,,,,,FUNDAMENTAL::working_capital::stock-session cross-section::SLOW_TEMPORAL_CHANGE
fund_ba_accounts_payable_slope,fund_ba_inventory_slope,0.12127914837078264,24683,,,,,,FUNDAMENTAL::working_capital::stock-session cross-section::SLOW_TEMPORAL_CHANGE
fund_ba_accounts_payable_slope_at_disclosure,fund_ba_accounts_rece_acceleration_at_disclosure,0.09338817976986075,1334,,,,,,FUNDAMENTAL::working_capital::disclosure episode::DISCLOSURE_EVENT
fund_ba_accounts_payable_slope_at_disclosure,fund_ba_accounts_rece_delta_at_disclosure,0.10962298932079773,1344,,,,,,FUNDAMENTAL::working_capital::disclosure episode::DISCLOSURE_EVENT
fund_ba_accounts_payable_slope_at_disclosure,fund_ba_accounts_rece_persistence_at_disclosure,0.011069177150098187,1340,,,,,,FUNDAMENTAL::working_capital::disclosure episode::DISCLOSURE_EVENT
fund_ba_accounts_payable_slope_at_disclosure,fund_ba_accounts_rece_slope_at_disclosure,0.11574582556387521,1344,,,,,,FUNDAMENTAL::working_capital::disclosure episode::DISCLOSURE_EVENT
fund_ba_accounts_payable_slope_at_disclosure,fund_ba_inventory_acceleration_at_disclosure,0.09531905846826887,1325,,,,,,FUNDAMENTAL::working_capital::disclosure episode::DISCLOSURE_EVENT
fund_ba_accounts_payable_slope_at_disclosure,fund_ba_inventory_delta_at_disclosure,0.10278765195057347,1336,,,,,,FUNDAMENTAL::working_capital::disclosure episode::DISCLOSURE_EVENT
fund_ba_accounts_payable_slope_at_disclosure,fund_ba_inventory_persistence_at_disclosure,0.015402001055223605,1333,,,,,,FUNDAMENTAL::working_capital::disclosure episode::DISCLOSURE_EVENT
fund_ba_accounts_payable_slope_at_disclosure,fund_ba_inventory_slope_at_disclosure,0.10535683261659279,1336,,,,,,FUNDAMENTAL::working_capital::disclosure episode::DISCLOSURE_EVENT
fund_ba_accounts_payable_slope_at_disclosure,fund_working_capital_inventory_assets_at_disclosure,0.0387428847757024,1336,,,,,,FUNDAMENTAL::working_capital::disclosure episode::DISCLOSURE_EVENT
fund_ba_accounts_payable_slope_at_disclosure,fund_working_capital_payables_assets_at_disclosure,0.06407461008845197,1356,,,,,,FUNDAMENTAL::working_capital::disclosure episode::DISCLOSURE_EVENT
fund_ba_accounts_payable_slope_at_disclosure,fund_working_capital_receivables_assets_at_disclosure,0.03732111517164602,1344,,,,,,FUNDAMENTAL::working_capital::disclosure episode::DISCLOSURE_EVENT
fund_ba_accounts_payable_source_yoy,fund_ba_accounts_payable_yoy,0.29426738149758636,24402,,,,,,FUNDAMENTAL::growth::stock-session cross-section::SLOW_TEMPORAL_CHANGE
fund_ba_accounts_payable_source_yoy,fund_ba_accounts_rece_source_yoy,0.0527950927626466,24186,,,,,,FUNDAMENTAL::growth::stock-session cross-section::SLOW_TEMPORAL_CHANGE
fund_ba_accounts_payable_source_yoy,fund_ba_accounts_rece_yoy,0.04596364452184754,24186,,,,,,FUNDAMENTAL::growth::stock-session cross-section::SLOW_TEMPORAL_CHANGE
fund_ba_accounts_payable_source_yoy,fund_ba_fixed_asset_source_yoy,0.043684281021764616,24402,,,,,,FUNDAMENTAL::growth::stock-session cross-section::SLOW_TEMPORAL_CHANGE
fund_ba_accounts_payable_source_yoy,fund_ba_fixed_asset_yoy,0.04806615968162374,24402,,,,,,FUNDAMENTAL::growth::stock-session cross-section::SLOW_TEMPORAL_CHANGE
fund_ba_accounts_payable_source_yoy,fund_ba_inventory_source_yoy,0.0605255383813843,24010,,,,,,FUNDAMENTAL::growth::stock-session cross-section::SLOW_TEMPORAL_CHANGE
fund_ba_accounts_payable_source_yoy,fund_ba_inventory_yoy,0.047473568161540504,24010,,,,,,FUNDAMENTAL::growth::stock-session cross-section::SLOW_TEMPORAL_CHANGE
fund_ba_accounts_payable_source_yoy,fund_ba_monetaryfunds_source_yoy,0.03186267482985981,24402,,,,,,FUNDAMENTAL::growth::stock-session cross-section::SLOW_TEMPORAL_CHANGE
fund_ba_accounts_payable_source_yoy,fund_ba_monetaryfunds_yoy,0.030937530033617294,24402,,,,,,FUNDAMENTAL::growth::stock-session cross-section::SLOW_TEMPORAL_CHANGE
fund_ba_accounts_payable_source_yoy,fund_ba_total_assets_source_yoy,0.06936733572382618,24402,,,,,,FUNDAMENTAL::growth::stock-session cross-section::SLOW_TEMPORAL_CHANGE
fund_ba_accounts_payable_source_yoy,fund_ba_total_assets_yoy,0.051049516791836044,24402,,,,,,FUNDAMENTAL::growth::stock-session cross-section::SLOW_TEMPORAL_CHANGE
fund_ba_accounts_payable_source_yoy,fund_ba_total_current_assets_source_yoy,0.052616599008532584,24186,,,,,,FUNDAMENTAL::growth::stock-session cross-section::SLOW_TEMPORAL_CHANGE
fund_ba_accounts_payable_source_yoy,fund_ba_total_current_assets_yoy,0.04572689233374485,24186,,,,,,FUNDAMENTAL::growth::stock-session cross-section::SLOW_TEMPORAL_CHANGE
fund_ba_accounts_payable_source_yoy,fund_ba_total_current_liab_source_yoy,0.09937976273228293,24186,,,,,,FUNDAMENTAL::growth::stock-session cross-section::SLOW_TEMPORAL_CHANGE
fund_ba_accounts_payable_source_yoy,fund_ba_total_current_liab_yoy,0.07111056174612178,24186,,,,,,FUNDAMENTAL::growth::stock-session cross-section::SLOW_TEMPORAL_CHANGE
fund_ba_accounts_payable_source_yoy,fund_ba_total_equity_source_yoy,0.03260202385572189,24402,,,,,,FUNDAMENTAL::growth::stock-session cross-section::SLOW_TEMPORAL_CHANGE
fund_ba_accounts_payable_source_yoy,fund_ba_total_equity_yoy,0.03643496107083499,24402,,,,,,FUNDAMENTAL::growth::stock-session cross-section::SLOW_TEMPORAL_CHANGE
fund_ba_accounts_payable_source_yoy,fund_ba_total_liabilities_source_yoy,0.0985120040865958,24402,,,,,,FUNDAMENTAL::growth::stock-session cross-section::SLOW_TEMPORAL_CHANGE
fund_ba_accounts_payable_source_yoy,fund_ba_total_liabilities_yoy,0.06693053711327898,24402,,,,,,FUNDAMENTAL::growth::stock-session cross-section::SLOW_TEMPORAL_CHANGE
fund_ba_accounts_payable_source_yoy,fund_ca_construct_long_asset_source_yoy,0.034395730858780574,24184,,,,,,FUNDAMENTAL::growth::stock-session cross-section::SLOW_TEMPORAL_CHANGE
fund_ba_accounts_payable_source_yoy,fund_ca_construct_long_asset_yoy,0.03284302784486586,24184,,,,,,FUNDAMENTAL::growth::stock-session cross-section::SLOW_TEMPORAL_CHANGE
fund_ba_accounts_payable_source_yoy,fund_ca_netcash_finance_source_yoy,0.02751240409310447,23658,,,,,,FUNDAMENTAL::growth::stock-session cross-section::SLOW_TEMPORAL_CHANGE
fund_ba_accounts_payable_source_yoy,fund_ca_netcash_finance_yoy,0.029307461901676914,23688,,,,,,FUNDAMENTAL::growth::stock-session cross-section::SLOW_TEMPORAL_CHANGE
fund_ba_accounts_payable_source_yoy,fund_ca_netcash_invest_source_yoy,0.031550434784756706,24235,,,,,,FUNDAMENTAL::growth::stock-session cross-section::SLOW_TEMPORAL_CHANGE
fund_ba_accounts_payable_source_yoy,fund_ca_netcash_invest_yoy,0.026261717599589483,24235,,,,,,FUNDAMENTAL::growth::stock-session cross-section::SLOW_TEMPORAL_CHANGE
fund_ba_accounts_payable_source_yoy,fund_ca_netcash_operate_source_yoy,0.03201158102423906,24255,,,,,,FUNDAMENTAL::growth::stock-session cross-section::SLOW_TEMPORAL_CHANGE
fund_ba_accounts_payable_source_yoy,fund_ca_netcash_operate_yoy,0.040519916748324135,24255,,,,,,FUNDAMENTAL::growth::stock-session cross-section::SLOW_TEMPORAL_CHANGE
fund_ba_accounts_payable_source_yoy,fund_pr_deduct_parent_netprofit_source_yoy,0.03273847395133812,24003,,,,,,FUNDAMENTAL::growth::stock-session cross-section::SLOW_TEMPORAL_CHANGE
fund_ba_accounts_payable_source_yoy,fund_pr_deduct_parent_netprofit_yoy,0.03934018699857095,24003,,,,,,FUNDAMENTAL::growth::stock-session cross-section::SLOW_TEMPORAL_CHANGE
fund_ba_accounts_payable_source_yoy,fund_pr_operate_cost_source_yoy,0.03759055659063233,24091,,,,,,FUNDAMENTAL::growth::stock-session cross-section::SLOW_TEMPORAL_CHANGE
fund_ba_accounts_payable_source_yoy,fund_pr_operate_cost_yoy,0.03213277203209331,24091,,,,,,FUNDAMENTAL::growth::stock-session cross-section::SLOW_TEMPORAL_CHANGE
fund_ba_accounts_payable_source_yoy,fund_pr_operate_income_source_yoy,0.03428313711790727,24307,,,,,,FUNDAMENTAL::growth::stock-session cross-section::SLOW_TEMPORAL_CHANGE
fund_ba_accounts_payable_source_yoy,fund_pr_operate_income_yoy,0.031835729439117354,24307,,,,,,FUNDAMENTAL::growth::stock-session cross-section::SLOW_TEMPORAL_CHANGE
fund_ba_accounts_payable_source_yoy,fund_pr_operate_profit_source_yoy,0.033260478015747726,24327,,,,,,FUNDAMENTAL::growth::stock-session cross-section::SLOW_TEMPORAL_CHANGE
fund_ba_accounts_payable_source_yoy,fund_pr_operate_profit_yoy,0.033700899201727655,24327,,,,,,FUNDAMENTAL::growth::stock-session cross-section::SLOW_TEMPORAL_CHANGE
fund_ba_accounts_payable_source_yoy,fund_pr_parent_netprofit_source_yoy,0.03252372117221883,24327,,,,,,FUNDAMENTAL::growth::stock-session cross-section::SLOW_TEMPORAL_CHANGE
fund_ba_accounts_payable_source_yoy,fund_pr_parent_netprofit_yoy,0.029181205295249608,24327,,,,,,FUNDAMENTAL::growth::stock-session cross-section::SLOW_TEMPORAL_CHANGE
fund_ba_accounts_payable_source_yoy_at_disclosure,fund_ba_accounts_payable_yoy_at_disclosure,0.29923115071784784,1345,,,,,,FUNDAMENTAL::growth::disclosure episode::DISCLOSURE_EVENT
fund_ba_accounts_payable_source_yoy_at_disclosure,fund_ba_accounts_rece_source_yoy_at_disclosure,0.05940093196187918,1333,,,,,,FUNDAMENTAL::growth::disclosure episode::DISCLOSURE_EVENT
fund_ba_accounts_payable_source_yoy_at_disclosure,fund_ba_accounts_rece_yoy_at_disclosure,0.044302096332437764,1333,,,,,,FUNDAMENTAL::growth::disclosure episode::DISCLOSURE_EVENT
fund_ba_accounts_payable_source_yoy_at_disclosure,fund_ba_fixed_asset_source_yoy_at_disclosure,0.051214500995352304,1345,,,,,,FUNDAMENTAL::growth::disclosure episode::DISCLOSURE_EVENT
fund_ba_accounts_payable_source_yoy_at_disclosure,fund_ba_fixed_asset_yoy_at_disclosure,0.04755589403468888,1345,,,,,,FUNDAMENTAL::growth::disclosure episode::DISCLOSURE_EVENT
fund_ba_accounts_payable_source_yoy_at_disclosure,fund_ba_inventory_source_yoy_at_disclosure,0.06549370233567253,1324,,,,,,FUNDAMENTAL::growth::disclosure episode::DISCLOSURE_EVENT
fund_ba_accounts_payable_source_yoy_at_disclosure,fund_ba_inventory_yoy_at_disclosure,0.047029840553288,1324,,,,,,FUNDAMENTAL::growth::disclosure episode::DISCLOSURE_EVENT
fund_ba_accounts_payable_source_yoy_at_disclosure,fund_ba_monetaryfunds_source_yoy_at_disclosure,0.03582981976634428,1345,,,,,,FUNDAMENTAL::growth::disclosure episode::DISCLOSURE_EVENT
fund_ba_accounts_payable_source_yoy_at_disclosure,fund_ba_monetaryfunds_yoy_at_disclosure,0.03537424606264004,1345,,,,,,FUNDAMENTAL::growth::disclosure episode::DISCLOSURE_EVENT
fund_ba_accounts_payable_source_yoy_at_disclosure,fund_ba_total_assets_source_yoy_at_disclosure,0.07445486346788245,1345,,,,,,FUNDAMENTAL::growth::disclosure episode::DISCLOSURE_EVENT
fund_ba_accounts_payable_source_yoy_at_disclosure,fund_ba_total_assets_yoy_at_disclosure,0.06088295176872078,1345,,,,,,FUNDAMENTAL::growth::disclosure episode::DISCLOSURE_EVENT
fund_ba_accounts_payable_source_yoy_at_disclosure,fund_ba_total_current_assets_source_yoy_at_disclosure,0.056481782756722144,1333,,,,,,FUNDAMENTAL::growth::disclosure episode::DISCLOSURE_EVENT
fund_ba_accounts_payable_source_yoy_at_disclosure,fund_ba_total_current_assets_yoy_at_disclosure,0.04585297780347237,1333,,,,,,FUNDAMENTAL::growth::disclosure episode::DISCLOSURE_EVENT
fund_ba_accounts_payable_source_yoy_at_disclosure,fund_ba_total_current_liab_source_yoy_at_disclosure,0.09289792803976231,1333,,,,,,FUNDAMENTAL::growth::disclosure episode::DISCLOSURE_EVENT
fund_ba_accounts_payable_source_yoy_at_disclosure,fund_ba_total_current_liab_yoy_at_disclosure,0.06945016624050934,1333,,,,,,FUNDAMENTAL::growth::disclosure episode::DISCLOSURE_EVENT
fund_ba_accounts_payable_source_yoy_at_disclosure,fund_ba_total_equity_source_yoy_at_disclosure,0.038072281263928955,1345,,,,,,FUNDAMENTAL::growth::disclosure episode::DISCLOSURE_EVENT
fund_ba_accounts_payable_source_yoy_at_disclosure,fund_ba_total_equity_yoy_at_disclosure,0.04213301428130883,1345,,,,,,FUNDAMENTAL::growth::disclosure episode::DISCLOSURE_EVENT
fund_ba_accounts_payable_source_yoy_at_disclosure,fund_ba_total_liabilities_source_yoy_at_disclosure,0.1032665930692092,1345,,,,,,FUNDAMENTAL::growth::disclosure episode::DISCLOSURE_EVENT
fund_ba_accounts_payable_source_yoy_at_disclosure,fund_ba_total_liabilities_yoy_at_disclosure,0.0682880361455994,1345,,,,,,FUNDAMENTAL::growth::disclosure episode::DISCLOSURE_EVENT
fund_ba_accounts_payable_source_yoy_at_disclosure,fund_ca_construct_long_asset_source_yoy_at_disclosure,0.0,0,,,,,,FUNDAMENTAL::growth::disclosure episode::DISCLOSURE_EVENT
fund_ba_accounts_payable_source_yoy_at_disclosure,fund_ca_construct_long_asset_yoy_at_disclosure,0.0,0,,,,,,FUNDAMENTAL::growth::disclosure episode::DISCLOSURE_EVENT
fund_ba_accounts_payable_source_yoy_at_disclosure,fund_ca_netcash_finance_source_yoy_at_disclosure,0.0,0,,,,,,FUNDAMENTAL::growth::disclosure episode::DISCLOSURE_EVENT
fund_ba_accounts_payable_source_yoy_at_disclosure,fund_ca_netcash_finance_yoy_at_disclosure,0.0,0,,,,,,FUNDAMENTAL::growth::disclosure episode::DISCLOSURE_EVENT
fund_ba_accounts_payable_source_yoy_at_disclosure,fund_ca_netcash_invest_source_yoy_at_disclosure,0.0,0,,,,,,FUNDAMENTAL::growth::disclosure episode::DISCLOSURE_EVENT
fund_ba_accounts_payable_source_yoy_at_disclosure,fund_ca_netcash_invest_yoy_at_disclosure,0.0,0,,,,,,FUNDAMENTAL::growth::disclosure episode::DISCLOSURE_EVENT
fund_ba_accounts_payable_source_yoy_at_disclosure,fund_ca_netcash_operate_source_yoy_at_disclosure,0.0,0,,,,,,FUNDAMENTAL::growth::disclosure episode::DISCLOSURE_EVENT
fund_ba_accounts_payable_source_yoy_at_disclosure,fund_ca_netcash_operate_yoy_at_disclosure,0.0,0,,,,,,FUNDAMENTAL::growth::disclosure episode::DISCLOSURE_EVENT
fund_ba_accounts_payable_source_yoy_at_disclosure,fund_pr_deduct_parent_netprofit_source_yoy_at_disclosure,0.0,0,,,,,,FUNDAMENTAL::growth::disclosure episode::DISCLOSURE_EVENT
fund_ba_accounts_payable_source_yoy_at_disclosure,fund_pr_deduct_parent_netprofit_yoy_at_disclosure,0.0,0,,,,,,FUNDAMENTAL::growth::disclosure episode::DISCLOSURE_EVENT
fund_ba_accounts_payable_source_yoy_at_disclosure,fund_pr_operate_cost_source_yoy_at_disclosure,0.0,0,,,,,,FUNDAMENTAL::growth::disclosure episode::DISCLOSURE_EVENT
fund_ba_accounts_payable_source_yoy_at_disclosure,fund_pr_operate_cost_yoy_at_disclosure,0.0,0,,,,,,FUNDAMENTAL::growth::disclosure episode::DISCLOSURE_EVENT
fund_ba_accounts_payable_source_yoy_at_disclosure,fund_pr_operate_income_source_yoy_at_disclosure,0.0,0,,,,,,FUNDAMENTAL::growth::disclosure episode::DISCLOSURE_EVENT
fund_ba_accounts_payable_source_yoy_at_disclosure,fund_pr_operate_income_yoy_at_disclosure,0.0,0,,,,,,FUNDAMENTAL::growth::disclosure episode::DISCLOSURE_EVENT
fund_ba_accounts_payable_source_yoy_at_disclosure,fund_pr_operate_profit_source_yoy_at_disclosure,0.0,0,,,,,,FUNDAMENTAL::growth::disclosure episode::DISCLOSURE_EVENT
fund_ba_accounts_payable_source_yoy_at_disclosure,fund_pr_operate_profit_yoy_at_disclosure,0.0,0,,,,,,FUNDAMENTAL::growth::disclosure episode::DISCLOSURE_EVENT
fund_ba_accounts_payable_source_yoy_at_disclosure,fund_pr_parent_netprofit_source_yoy_at_disclosure,0.0,0,,,,,,FUNDAMENTAL::growth::disclosure episode::DISCLOSURE_EVENT
fund_ba_accounts_payable_source_yoy_at_disclosure,fund_pr_parent_netprofit_yoy_at_disclosure,0.0,0,,,,,,FUNDAMENTAL::growth::disclosure episode::DISCLOSURE_EVENT
fund_ba_accounts_payable_yoy,fund_ba_accounts_rece_source_yoy,0.04157743855041306,24186,,,,,,FUNDAMENTAL::growth::stock-session cross-section::SLOW_TEMPORAL_CHANGE
fund_ba_accounts_payable_yoy,fund_ba_accounts_rece_yoy,0.1143942297218821,24186,,,,,,FUNDAMENTAL::growth::stock-session cross-section::SLOW_TEMPORAL_CHANGE
fund_ba_accounts_payable_yoy,fund_ba_fixed_asset_source_yoy,0.041121262473390756,24402,,,,,,FUNDAMENTAL::growth::stock-session cross-section::SLOW_TEMPORAL_CHANGE
fund_ba_accounts_payable_yoy,fund_ba_fixed_asset_yoy,0.0966185907871223,24402,,,,,,FUNDAMENTAL::growth::stock-session cross-section::SLOW_TEMPORAL_CHANGE
fund_ba_accounts_payable_yoy,fund_ba_inventory_source_yoy,0.052569583877604235,24010,,,,,,FUNDAMENTAL::growth::stock-session cross-section::SLOW_TEMPORAL_CHANGE
fund_ba_accounts_payable_yoy,fund_ba_inventory_yoy,0.11703425017225555,24010,,,,,,FUNDAMENTAL::growth::stock-session cross-section::SLOW_TEMPORAL_CHANGE
fund_ba_accounts_payable_yoy,fund_ba_monetaryfunds_source_yoy,0.035110891165445475,24402,,,,,,FUNDAMENTAL::growth::stock-session cross-section::SLOW_TEMPORAL_CHANGE
fund_ba_accounts_payable_yoy,fund_ba_monetaryfunds_yoy,0.07964610943104403,24402,,,,,,FUNDAMENTAL::growth::stock-session cross-section::SLOW_TEMPORAL_CHANGE
fund_ba_accounts_payable_yoy,fund_ba_total_assets_source_yoy,0.05871984648284718,24402,,,,,,FUNDAMENTAL::growth::stock-session cross-section::SLOW_TEMPORAL_CHANGE
fund_ba_accounts_payable_yoy,fund_ba_total_assets_yoy,0.15106383728624442,24402,,,,,,FUNDAMENTAL::growth::stock-session cross-section::SLOW_TEMPORAL_CHANGE
fund_ba_accounts_payable_yoy,fund_ba_total_current_assets_source_yoy,0.048555863335293124,24186,,,,,,FUNDAMENTAL::growth::stock-session cross-section::SLOW_TEMPORAL_CHANGE
fund_ba_accounts_payable_yoy,fund_ba_total_current_assets_yoy,0.13430204013731675,24186,,,,,,FUNDAMENTAL::growth::stock-session cross-section::SLOW_TEMPORAL_CHANGE
fund_ba_accounts_payable_yoy,fund_ba_total_current_liab_source_yoy,0.06634908106207545,24186,,,,,,FUNDAMENTAL::growth::stock-session cross-section::SLOW_TEMPORAL_CHANGE
fund_ba_accounts_payable_yoy,fund_ba_total_current_liab_yoy,0.1788953203194362,24186,,,,,,FUNDAMENTAL::growth::stock-session cross-section::SLOW_TEMPORAL_CHANGE
fund_ba_accounts_payable_yoy,fund_ba_total_equity_source_yoy,0.04289683714992795,24402,,,,,,FUNDAMENTAL::growth::stock-session cross-section::SLOW_TEMPORAL_CHANGE
fund_ba_accounts_payable_yoy,fund_ba_total_equity_yoy,0.10026408546483381,24402,,,,,,FUNDAMENTAL::growth::stock-session cross-section::SLOW_TEMPORAL_CHANGE
fund_ba_accounts_payable_yoy,fund_ba_total_liabilities_source_yoy,0.07090494592577655,24402,,,,,,FUNDAMENTAL::growth::stock-session cross-section::SLOW_TEMPORAL_CHANGE
fund_ba_accounts_payable_yoy,fund_ba_total_liabilities_yoy,0.1747861223236947,24402,,,,,,FUNDAMENTAL::growth::stock-session cross-section::SLOW_TEMPORAL_CHANGE
fund_ba_accounts_payable_yoy,fund_ca_construct_long_asset_source_yoy,0.03673053577185275,24184,,,,,,FUNDAMENTAL::growth::stock-session cross-section::SLOW_TEMPORAL_CHANGE
fund_ba_accounts_payable_yoy,fund_ca_construct_long_asset_yoy,0.07972501667543153,24184,,,,,,FUNDAMENTAL::growth::stock-session cross-section::SLOW_TEMPORAL_CHANGE
fund_ba_accounts_payable_yoy,fund_ca_netcash_finance_source_yoy,0.03004648097405485,23658,,,,,,FUNDAMENTAL::growth::stock-session cross-section::SLOW_TEMPORAL_CHANGE
fund_ba_accounts_payable_yoy,fund_ca_netcash_finance_yoy,0.07174205796478209,23688,,,,,,FUNDAMENTAL::growth::stock-session cross-section::SLOW_TEMPORAL_CHANGE
fund_ba_accounts_payable_yoy,fund_ca_netcash_invest_source_yoy,0.035620580891922604,24235,,,,,,FUNDAMENTAL::growth::stock-session cross-section::SLOW_TEMPORAL_CHANGE
fund_ba_accounts_payable_yoy,fund_ca_netcash_invest_yoy,0.0697725278788938,24235,,,,,,FUNDAMENTAL::growth::stock-session cross-section::SLOW_TEMPORAL_CHANGE
fund_ba_accounts_payable_yoy,fund_ca_netcash_operate_source_yoy,0.02721015448554473,24255,,,,,,FUNDAMENTAL::growth::stock-session cross-section::SLOW_TEMPORAL_CHANGE
fund_ba_accounts_payable_yoy,fund_ca_netcash_operate_yoy,0.10259822913864212,24255,,,,,,FUNDAMENTAL::growth::stock-session cross-section::SLOW_TEMPORAL_CHANGE
fund_ba_accounts_payable_yoy,fund_pr_deduct_parent_netprofit_source_yoy,0.03182909584032792,24003,,,,,,FUNDAMENTAL::growth::stock-session cross-section::SLOW_TEMPORAL_CHANGE
fund_ba_accounts_payable_yoy,fund_pr_deduct_parent_netprofit_yoy,0.0805216389970773,24003,,,,,,FUNDAMENTAL::growth::stock-session cross-section::SLOW_TEMPORAL_CHANGE
fund_ba_accounts_payable_yoy,fund_pr_operate_cost_source_yoy,0.032679037543895305,24091,,,,,,FUNDAMENTAL::growth::stock-session cross-section::SLOW_TEMPORAL_CHANGE
fund_ba_accounts_payable_yoy,fund_pr_operate_cost_yoy,0.10617335447347888,24091,,,,,,FUNDAMENTAL::growth::stock-session cross-section::SLOW_TEMPORAL_CHANGE
fund_ba_accounts_payable_yoy,fund_pr_operate_income_source_yoy,0.03219226515617414,24307,,,,,,FUNDAMENTAL::growth::stock-session cross-section::SLOW_TEMPORAL_CHANGE
fund_ba_accounts_payable_yoy,fund_pr_operate_income_yoy,0.10521901147270361,24307,,,,,,FUNDAMENTAL::growth::stock-session cross-section::SLOW_TEMPORAL_CHANGE
fund_ba_accounts_payable_yoy,fund_pr_operate_profit_source_yoy,0.03046803397462988,24327,,,,,,FUNDAMENTAL::growth::stock-session cross-section::SLOW_TEMPORAL_CHANGE
fund_ba_accounts_payable_yoy,fund_pr_operate_profit_yoy,0.08362382630403901,24327,,,,,,FUNDAMENTAL::growth::stock-session cross-section::SLOW_TEMPORAL_CHANGE
fund_ba_accounts_payable_yoy,fund_pr_parent_netprofit_source_yoy,0.03157747940937211,24327,,,,,,FUNDAMENTAL::growth::stock-session cross-section::SLOW_TEMPORAL_CHANGE
fund_ba_accounts_payable_yoy,fund_pr_parent_netprofit_yoy,0.08287335607306005,24327,,,,,,FUNDAMENTAL::growth::stock-session cross-section::SLOW_TEMPORAL_CHANGE
fund_ba_accounts_payable_yoy_at_disclosure,fund_ba_accounts_rece_source_yoy_at_disclosure,0.04645296242379081,1333,,,,,,FUNDAMENTAL::growth::disclosure episode::DISCLOSURE_EVENT
fund_ba_accounts_payable_yoy_at_disclosure,fund_ba_accounts_rece_yoy_at_disclosure,0.11664686253551729,1333,,,,,,FUNDAMENTAL::growth::disclosure episode::DISCLOSURE_EVENT
fund_ba_accounts_payable_yoy_at_disclosure,fund_ba_fixed_asset_source_yoy_at_disclosure,0.05076174298702871,1345,,,,,,FUNDAMENTAL::growth::disclosure episode::DISCLOSURE_EVENT
fund_ba_accounts_payable_yoy_at_disclosure,fund_ba_fixed_asset_yoy_at_disclosure,0.10347923832490226,1345,,,,,,FUNDAMENTAL::growth::disclosure episode::DISCLOSURE_EVENT
fund_ba_accounts_payable_yoy_at_disclosure,fund_ba_inventory_source_yoy_at_disclosure,0.05549832682021132,1324,,,,,,FUNDAMENTAL::growth::disclosure episode::DISCLOSURE_EVENT
fund_ba_accounts_payable_yoy_at_disclosure,fund_ba_inventory_yoy_at_disclosure,0.11605684502432873,1324,,,,,,FUNDAMENTAL::growth::disclosure episode::DISCLOSURE_EVENT
fund_ba_accounts_payable_yoy_at_disclosure,fund_ba_monetaryfunds_source_yoy_at_disclosure,0.033122530261602674,1345,,,,,,FUNDAMENTAL::growth::disclosure episode::DISCLOSURE_EVENT
fund_ba_accounts_payable_yoy_at_disclosure,fund_ba_monetaryfunds_yoy_at_disclosure,0.08541394045426323,1345,,,,,,FUNDAMENTAL::growth::disclosure episode::DISCLOSURE_EVENT
fund_ba_accounts_payable_yoy_at_disclosure,fund_ba_total_assets_source_yoy_at_disclosure,0.06846741761617083,1345,,,,,,FUNDAMENTAL::growth::disclosure episode::DISCLOSURE_EVENT
fund_ba_accounts_payable_yoy_at_disclosure,fund_ba_total_assets_yoy_at_disclosure,0.15575285314834353,1345,,,,,,FUNDAMENTAL::growth::disclosure episode::DISCLOSURE_EVENT
fund_ba_accounts_payable_yoy_at_disclosure,fund_ba_total_current_assets_source_yoy_at_disclosure,0.0519166959263722,1333,,,,,,FUNDAMENTAL::growth::disclosure episode::DISCLOSURE_EVENT
fund_ba_accounts_payable_yoy_at_disclosure,fund_ba_total_current_assets_yoy_at_disclosure,0.13396088112753812,1333,,,,,,FUNDAMENTAL::growth::disclosure episode::DISCLOSURE_EVENT
fund_ba_accounts_payable_yoy_at_disclosure,fund_ba_total_current_liab_source_yoy_at_disclosure,0.0680147897585694,1333,,,,,,FUNDAMENTAL::growth::disclosure episode::DISCLOSURE_EVENT
fund_ba_accounts_payable_yoy_at_disclosure,fund_ba_total_current_liab_yoy_at_disclosure,0.17579611097271045,1333,,,,,,FUNDAMENTAL::growth::disclosure episode::DISCLOSURE_EVENT
fund_ba_accounts_payable_yoy_at_disclosure,fund_ba_total_equity_source_yoy_at_disclosure,0.046850319608489795,1345,,,,,,FUNDAMENTAL::growth::disclosure episode::DISCLOSURE_EVENT
fund_ba_accounts_payable_yoy_at_disclosure,fund_ba_total_equity_yoy_at_disclosure,0.10588050493949495,1345,,,,,,FUNDAMENTAL::growth::disclosure episode::DISCLOSURE_EVENT
fund_ba_accounts_payable_yoy_at_disclosure,fund_ba_total_liabilities_source_yoy_at_disclosure,0.07014458182251952,1345,,,,,,FUNDAMENTAL::growth::disclosure episode::DISCLOSURE_EVENT
fund_ba_accounts_payable_yoy_at_disclosure,fund_ba_total_liabilities_yoy_at_disclosure,0.17312405561225389,1345,,,,,,FUNDAMENTAL::growth::disclosure episode::DISCLOSURE_EVENT
fund_ba_accounts_payable_yoy_at_disclosure,fund_ca_construct_long_asset_source_yoy_at_disclosure,0.0,0,,,,,,FUNDAMENTAL::growth::disclosure episode::DISCLOSURE_EVENT
fund_ba_accounts_payable_yoy_at_disclosure,fund_ca_construct_long_asset_yoy_at_disclosure,0.0,0,,,,,,FUNDAMENTAL::growth::disclosure episode::DISCLOSURE_EVENT
fund_ba_accounts_payable_yoy_at_disclosure,fund_ca_netcash_finance_source_yoy_at_disclosure,0.0,0,,,,,,FUNDAMENTAL::growth::disclosure episode::DISCLOSURE_EVENT
fund_ba_accounts_payable_yoy_at_disclosure,fund_ca_netcash_finance_yoy_at_disclosure,0.0,0,,,,,,FUNDAMENTAL::growth::disclosure episode::DISCLOSURE_EVENT
fund_ba_accounts_payable_yoy_at_disclosure,fund_ca_netcash_invest_source_yoy_at_disclosure,0.0,0,,,,,,FUNDAMENTAL::growth::disclosure episode::DISCLOSURE_EVENT
fund_ba_accounts_payable_yoy_at_disclosure,fund_ca_netcash_invest_yoy_at_disclosure,0.0,0,,,,,,FUNDAMENTAL::growth::disclosure episode::DISCLOSURE_EVENT
fund_ba_accounts_payable_yoy_at_disclosure,fund_ca_netcash_operate_source_yoy_at_disclosure,0.0,0,,,,,,FUNDAMENTAL::growth::disclosure episode::DISCLOSURE_EVENT
fund_ba_accounts_payable_yoy_at_disclosure,fund_ca_netcash_operate_yoy_at_disclosure,0.0,0,,,,,,FUNDAMENTAL::growth::disclosure episode::DISCLOSURE_EVENT
fund_ba_accounts_payable_yoy_at_disclosure,fund_pr_deduct_parent_netprofit_source_yoy_at_disclosure,0.0,0,,,,,,FUNDAMENTAL::growth::disclosure episode::DISCLOSURE_EVENT
fund_ba_accounts_payable_yoy_at_disclosure,fund_pr_deduct_parent_netprofit_yoy_at_disclosure,0.0,0,,,,,,FUNDAMENTAL::growth::disclosure episode::DISCLOSURE_EVENT
fund_ba_accounts_payable_yoy_at_disclosure,fund_pr_operate_cost_source_yoy_at_disclosure,0.0,0,,,,,,FUNDAMENTAL::growth::disclosure episode::DISCLOSURE_EVENT
fund_ba_accounts_payable_yoy_at_disclosure,fund_pr_operate_cost_yoy_at_disclosure,0.0,0,,,,,,FUNDAMENTAL::growth::disclosure episode::DISCLOSURE_EVENT
fund_ba_accounts_payable_yoy_at_disclosure,fund_pr_operate_income_source_yoy_at_disclosure,0.0,0,,,,,,FUNDAMENTAL::growth::disclosure episode::DISCLOSURE_EVENT
fund_ba_accounts_payable_yoy_at_disclosure,fund_pr_operate_income_yoy_at_disclosure,0.0,0,,,,,,FUNDAMENTAL::growth::disclosure episode::DISCLOSURE_EVENT
fund_ba_accounts_payable_yoy_at_disclosure,fund_pr_operate_profit_source_yoy_at_disclosure,0.0,0,,,,,,FUNDAMENTAL::growth::disclosure episode::DISCLOSURE_EVENT
fund_ba_accounts_payable_yoy_at_disclosure,fund_pr_operate_profit_yoy_at_disclosure,0.0,0,,,,,,FUNDAMENTAL::growth::disclosure episode::DISCLOSURE_EVENT
fund_ba_accounts_payable_yoy_at_disclosure,fund_pr_parent_netprofit_source_yoy_at_disclosure,0.0,0,,,,,,FUNDAMENTAL::growth::disclosure episode::DISCLOSURE_EVENT
fund_ba_accounts_payable_yoy_at_disclosure,fund_pr_parent_netprofit_yoy_at_disclosure,0.0,0,,,,,,FUNDAMENTAL::growth::disclosure episode::DISCLOSURE_EVENT
fund_ba_accounts_rece_acceleration,fund_ba_accounts_rece_delta,0.23063246050501898,24525,,,,,,FUNDAMENTAL::working_capital::stock-session cross-section::SLOW_TEMPORAL_CHANGE
fund_ba_accounts_rece_acceleration,fund_ba_accounts_rece_persistence,0.0332075364487282,24433,,,,,,FUNDAMENTAL::working_capital::stock-session cross-section::SLOW_TEMPORAL_CHANGE
fund_ba_accounts_rece_acceleration,fund_ba_accounts_rece_slope,0.2282516047751333,24525,,,,,,FUNDAMENTAL::working_capital::stock-session cross-section::SLOW_TEMPORAL_CHANGE
fund_ba_accounts_rece_acceleration,fund_ba_inventory_acceleration,0.09675115134704655,24342,,,,,,FUNDAMENTAL::working_capital::stock-session cross-section::SLOW_TEMPORAL_CHANGE
fund_ba_accounts_rece_acceleration,fund_ba_inventory_delta,0.08404878658500461,24381,,,,,,FUNDAMENTAL::working_capital::stock-session cross-section::SLOW_TEMPORAL_CHANGE
fund_ba_accounts_rece_acceleration,fund_ba_inventory_persistence,0.010890459465600395,24312,,,,,,FUNDAMENTAL::working_capital::stock-session cross-section::SLOW_TEMPORAL_CHANGE
fund_ba_accounts_rece_acceleration,fund_ba_inventory_slope,0.08516938037936901,24381,,,,,,FUNDAMENTAL::working_capital::stock-session cross-section::SLOW_TEMPORAL_CHANGE
fund_ba_accounts_rece_acceleration_at_disclosure,fund_ba_accounts_rece_delta_at_disclosure,0.19601218447115132,1334,,,,,,FUNDAMENTAL::working_capital::disclosure episode::DISCLOSURE_EVENT
fund_ba_accounts_rece_acceleration_at_disclosure,fund_ba_accounts_rece_persistence_at_disclosure,0.03979163095772143,1332,,,,,,FUNDAMENTAL::working_capital::disclosure episode::DISCLOSURE_EVENT
fund_ba_accounts_rece_acceleration_at_disclosure,fund_ba_accounts_rece_slope_at_disclosure,0.19922921514886469,1334,,,,,,FUNDAMENTAL::working_capital::disclosure episode::DISCLOSURE_EVENT
fund_ba_accounts_rece_acceleration_at_disclosure,fund_ba_inventory_acceleration_at_disclosure,0.09456923778916548,1324,,,,,,FUNDAMENTAL::working_capital::disclosure episode::DISCLOSURE_EVENT
fund_ba_accounts_rece_acceleration_at_disclosure,fund_ba_inventory_delta_at_disclosure,0.07630594501498081,1326,,,,,,FUNDAMENTAL::working_capital::disclosure episode::DISCLOSURE_EVENT
fund_ba_accounts_rece_acceleration_at_disclosure,fund_ba_inventory_persistence_at_disclosure,0.009201116370614328,1325,,,,,,FUNDAMENTAL::working_capital::disclosure episode::DISCLOSURE_EVENT
fund_ba_accounts_rece_acceleration_at_disclosure,fund_ba_inventory_slope_at_disclosure,0.07673078737227686,1326,,,,,,FUNDAMENTAL::working_capital::disclosure episode::DISCLOSURE_EVENT
fund_ba_accounts_rece_acceleration_at_disclosure,fund_working_capital_inventory_assets_at_disclosure,0.043034174482094324,1326,,,,,,FUNDAMENTAL::working_capital::disclosure episode::DISCLOSURE_EVENT
fund_ba_accounts_rece_acceleration_at_disclosure,fund_working_capital_payables_assets_at_disclosure,0.053347082628467685,1334,,,,,,FUNDAMENTAL::working_capital::disclosure episode::DISCLOSURE_EVENT
fund_ba_accounts_rece_acceleration_at_disclosure,fund_working_capital_receivables_assets_at_disclosure,0.044681874974960574,1334,,,,,,FUNDAMENTAL::working_capital::disclosure episode::DISCLOSURE_EVENT
fund_ba_accounts_rece_delta,fund_ba_accounts_rece_persistence,0.023747323737802757,24658,,,,,,FUNDAMENTAL::working_capital::stock-session cross-section::SLOW_TEMPORAL_CHANGE
fund_ba_accounts_rece_delta,fund_ba_accounts_rece_slope,0.7589012312080422,24779,,,,,,FUNDAMENTAL::working_capital::stock-session cross-section::SLOW_TEMPORAL_CHANGE
fund_ba_accounts_rece_delta,fund_ba_inventory_acceleration,0.09105940999268315,24366,,,,,,FUNDAMENTAL::working_capital::stock-session cross-section::SLOW_TEMPORAL_CHANGE
fund_ba_accounts_rece_delta,fund_ba_inventory_delta,0.08827737971835838,24635,,,,,,FUNDAMENTAL::working_capital::stock-session cross-section::SLOW_TEMPORAL_CHANGE
fund_ba_accounts_rece_delta,fund_ba_inventory_persistence,0.011207073272338644,24537,,,,,,FUNDAMENTAL::working_capital::stock-session cross-section::SLOW_TEMPORAL_CHANGE
fund_ba_accounts_rece_delta,fund_ba_inventory_slope,0.08583870896562383,24635,,,,,,FUNDAMENTAL::working_capital::stock-session cross-section::SLOW_TEMPORAL_CHANGE
fund_ba_accounts_rece_delta_at_disclosure,fund_ba_accounts_rece_persistence_at_disclosure,0.019256620076207185,1340,,,,,,FUNDAMENTAL::working_capital::disclosure episode::DISCLOSURE_EVENT
fund_ba_accounts_rece_delta_at_disclosure,fund_ba_accounts_rece_slope_at_disclosure,0.6811632985294139,1344,,,,,,FUNDAMENTAL::working_capital::disclosure episode::DISCLOSURE_EVENT
fund_ba_accounts_rece_delta_at_disclosure,fund_ba_inventory_acceleration_at_disclosure,0.07561121001262582,1325,,,,,,FUNDAMENTAL::working_capital::disclosure episode::DISCLOSURE_EVENT
fund_ba_accounts_rece_delta_at_disclosure,fund_ba_inventory_delta_at_disclosure,0.0731850421116049,1336,,,,,,FUNDAMENTAL::working_capital::disclosure episode::DISCLOSURE_EVENT
fund_ba_accounts_rece_delta_at_disclosure,fund_ba_inventory_persistence_at_disclosure,0.009973998160661048,1333,,,,,,FUNDAMENTAL::working_capital::disclosure episode::DISCLOSURE_EVENT
fund_ba_accounts_rece_delta_at_disclosure,fund_ba_inventory_slope_at_disclosure,0.07356902735262294,1336,,,,,,FUNDAMENTAL::working_capital::disclosure episode::DISCLOSURE_EVENT
fund_ba_accounts_rece_delta_at_disclosure,fund_working_capital_inventory_assets_at_disclosure,0.047968721152837956,1336,,,,,,FUNDAMENTAL::working_capital::disclosure episode::DISCLOSURE_EVENT
fund_ba_accounts_rece_delta_at_disclosure,fund_working_capital_payables_assets_at_disclosure,0.04788114860471497,1344,,,,,,FUNDAMENTAL::working_capital::disclosure episode::DISCLOSURE_EVENT
fund_ba_accounts_rece_delta_at_disclosure,fund_working_capital_receivables_assets_at_disclosure,0.04637237732789275,1344,,,,,,FUNDAMENTAL::working_capital::disclosure episode::DISCLOSURE_EVENT
fund_ba_accounts_rece_persistence,fund_ba_accounts_rece_slope,0.027672988078208886,24658,,,,,,FUNDAMENTAL::working_capital::stock-session cross-section::SLOW_TEMPORAL_CHANGE
fund_ba_accounts_rece_persistence,fund_ba_inventory_acceleration,0.00885493289114422,24274,,,,,,FUNDAMENTAL::working_capital::stock-session cross-section::SLOW_TEMPORAL_CHANGE
fund_ba_accounts_rece_persistence,fund_ba_inventory_delta,0.006597824460100002,24514,,,,,,FUNDAMENTAL::working_capital::stock-session cross-section::SLOW_TEMPORAL_CHANGE
fund_ba_accounts_rece_persistence,fund_ba_inventory_persistence,0.007802330530328812,24469,,,,,,FUNDAMENTAL::working_capital::stock-session cross-section::SLOW_TEMPORAL_CHANGE
fund_ba_accounts_rece_persistence,fund_ba_inventory_slope,0.006516414228506192,24514,,,,,,FUNDAMENTAL::working_capital::stock-session cross-section::SLOW_TEMPORAL_CHANGE
fund_ba_accounts_rece_persistence_at_disclosure,fund_ba_accounts_rece_slope_at_disclosure,0.0239782894913591,1340,,,,,,FUNDAMENTAL::working_capital::disclosure episode::DISCLOSURE_EVENT
fund_ba_accounts_rece_persistence_at_disclosure,fund_ba_inventory_acceleration_at_disclosure,0.011983537497489224,1323,,,,,,FUNDAMENTAL::working_capital::disclosure episode::DISCLOSURE_EVENT
fund_ba_accounts_rece_persistence_at_disclosure,fund_ba_inventory_delta_at_disclosure,0.008535263765657242,1332,,,,,,FUNDAMENTAL::working_capital::disclosure episode::DISCLOSURE_EVENT
fund_ba_accounts_rece_persistence_at_disclosure,fund_ba_inventory_persistence_at_disclosure,0.014163525101873459,1332,,,,,,FUNDAMENTAL::working_capital::disclosure episode::DISCLOSURE_EVENT
fund_ba_accounts_rece_persistence_at_disclosure,fund_ba_inventory_slope_at_disclosure,0.00864465612500676,1332,,,,,,FUNDAMENTAL::working_capital::disclosure episode::DISCLOSURE_EVENT
fund_ba_accounts_rece_persistence_at_disclosure,fund_working_capital_inventory_assets_at_disclosure,0.014342255983234,1332,,,,,,FUNDAMENTAL::working_capital::disclosure episode::DISCLOSURE_EVENT
fund_ba_accounts_rece_persistence_at_disclosure,fund_working_capital_payables_assets_at_disclosure,0.01989699204340667,1340,,,,,,FUNDAMENTAL::working_capital::disclosure episode::DISCLOSURE_EVENT
fund_ba_accounts_rece_persistence_at_disclosure,fund_working_capital_receivables_assets_at_disclosure,0.027667576523154016,1340,,,,,,FUNDAMENTAL::working_capital::disclosure episode::DISCLOSURE_EVENT
fund_ba_accounts_rece_slope,fund_ba_inventory_acceleration,0.08811185263976025,24366,,,,,,FUNDAMENTAL::working_capital::stock-session cross-section::SLOW_TEMPORAL_CHANGE
fund_ba_accounts_rece_slope,fund_ba_inventory_delta,0.08667782393402279,24635,,,,,,FUNDAMENTAL::working_capital::stock-session cross-section::SLOW_TEMPORAL_CHANGE
fund_ba_accounts_rece_slope,fund_ba_inventory_persistence,0.011573243532317723,24537,,,,,,FUNDAMENTAL::working_capital::stock-session cross-section::SLOW_TEMPORAL_CHANGE
fund_ba_accounts_rece_slope,fund_ba_inventory_slope,0.08678845607424183,24635,,,,,,FUNDAMENTAL::working_capital::stock-session cross-section::SLOW_TEMPORAL_CHANGE
fund_ba_accounts_rece_slope_at_disclosure,fund_ba_inventory_acceleration_at_disclosure,0.07127712795251442,1325,,,,,,FUNDAMENTAL::working_capital::disclosure episode::DISCLOSURE_EVENT
fund_ba_accounts_rece_slope_at_disclosure,fund_ba_inventory_delta_at_disclosure,0.07601131648440401,1336,,,,,,FUNDAMENTAL::working_capital::disclosure episode::DISCLOSURE_EVENT
fund_ba_accounts_rece_slope_at_disclosure,fund_ba_inventory_persistence_at_disclosure,0.01247663170731697,1333,,,,,,FUNDAMENTAL::working_capital::disclosure episode::DISCLOSURE_EVENT
fund_ba_accounts_rece_slope_at_disclosure,fund_ba_inventory_slope_at_disclosure,0.07318977319868081,1336,,,,,,FUNDAMENTAL::working_capital::disclosure episode::DISCLOSURE_EVENT
fund_ba_accounts_rece_slope_at_disclosure,fund_working_capital_inventory_assets_at_disclosure,0.045328313962407885,1336,,,,,,FUNDAMENTAL::working_capital::disclosure episode::DISCLOSURE_EVENT
fund_ba_accounts_rece_slope_at_disclosure,fund_working_capital_payables_assets_at_disclosure,0.04453387853521182,1344,,,,,,FUNDAMENTAL::working_capital::disclosure episode::DISCLOSURE_EVENT
fund_ba_accounts_rece_slope_at_disclosure,fund_working_capital_receivables_assets_at_disclosure,0.04601640936680922,1344,,,,,,FUNDAMENTAL::working_capital::disclosure episode::DISCLOSURE_EVENT
fund_ba_accounts_rece_source_yoy,fund_ba_accounts_rece_yoy,0.29024027702385935,24186,,,,,,FUNDAMENTAL::growth::stock-session cross-section::SLOW_TEMPORAL_CHANGE
fund_ba_accounts_rece_source_yoy,fund_ba_fixed_asset_source_yoy,0.046703657746074254,24186,,,,,,FUNDAMENTAL::growth::stock-session cross-section::SLOW_TEMPORAL_CHANGE
fund_ba_accounts_rece_source_yoy,fund_ba_fixed_asset_yoy,0.03897713560626619,24186,,,,,,FUNDAMENTAL::growth::stock-session cross-section::SLOW_TEMPORAL_CHANGE
fund_ba_accounts_rece_source_yoy,fund_ba_inventory_source_yoy,0.04169857843855993,24010,,,,,,FUNDAMENTAL::growth::stock-session cross-section::SLOW_TEMPORAL_CHANGE
fund_ba_accounts_rece_source_yoy,fund_ba_inventory_yoy,0.03832131568737108,24010,,,,,,FUNDAMENTAL::growth::stock-session cross-section::SLOW_TEMPORAL_CHANGE
fund_ba_accounts_rece_source_yoy,fund_ba_monetaryfunds_source_yoy,0.03205512717624836,24186,,,,,,FUNDAMENTAL::growth::stock-session cross-section::SLOW_TEMPORAL_CHANGE
fund_ba_accounts_rece_source_yoy,fund_ba_monetaryfunds_yoy,0.033164248031922985,24186,,,,,,FUNDAMENTAL::growth::stock-session cross-section::SLOW_TEMPORAL_CHANGE
fund_ba_accounts_rece_source_yoy,fund_ba_total_assets_source_yoy,0.07316607481722505,24186,,,,,,FUNDAMENTAL::growth::stock-session cross-section::SLOW_TEMPORAL_CHANGE
fund_ba_accounts_rece_source_yoy,fund_ba_total_assets_yoy,0.058804486330525305,24186,,,,,,FUNDAMENTAL::growth::stock-session cross-section::SLOW_TEMPORAL_CHANGE
fund_ba_accounts_rece_source_yoy,fund_ba_total_current_assets_source_yoy,0.05912499160328382,24186,,,,,,FUNDAMENTAL::growth::stock-session cross-section::SLOW_TEMPORAL_CHANGE
fund_ba_accounts_rece_source_yoy,fund_ba_total_current_assets_yoy,0.045018892828068716,24186,,,,,,FUNDAMENTAL::growth::stock-session cross-section::SLOW_TEMPORAL_CHANGE
fund_ba_accounts_rece_source_yoy,fund_ba_total_current_liab_source_yoy,0.05562399014756578,24186,,,,,,FUNDAMENTAL::growth::stock-session cross-section::SLOW_TEMPORAL_CHANGE
fund_ba_accounts_rece_source_yoy,fund_ba_total_current_liab_yoy,0.04260209603168189,24186,,,,,,FUNDAMENTAL::growth::stock-session cross-section::SLOW_TEMPORAL_CHANGE
fund_ba_accounts_rece_source_yoy,fund_ba_total_equity_source_yoy,0.0526920214020011,24186,,,,,,FUNDAMENTAL::growth::stock-session cross-section::SLOW_TEMPORAL_CHANGE
fund_ba_accounts_rece_source_yoy,fund_ba_total_equity_yoy,0.04775217353921827,24186,,,,,,FUNDAMENTAL::growth::stock-session cross-section::SLOW_TEMPORAL_CHANGE
fund_ba_accounts_rece_source_yoy,fund_ba_total_liabilities_source_yoy,0.055242263285561595,24186,,,,,,FUNDAMENTAL::growth::stock-session cross-section::SLOW_TEMPORAL_CHANGE
fund_ba_accounts_rece_source_yoy,fund_ba_total_liabilities_yoy,0.044940117695365454,24186,,,,,,FUNDAMENTAL::growth::stock-session cross-section::SLOW_TEMPORAL_CHANGE
fund_ba_accounts_rece_source_yoy,fund_ca_construct_long_asset_source_yoy,0.02611981845304736,23968,,,,,,FUNDAMENTAL::growth::stock-session cross-section::SLOW_TEMPORAL_CHANGE
fund_ba_accounts_rece_source_yoy,fund_ca_construct_long_asset_yoy,0.029373421699774936,23968,,,,,,FUNDAMENTAL::growth::stock-session cross-section::SLOW_TEMPORAL_CHANGE
fund_ba_accounts_rece_source_yoy,fund_ca_netcash_finance_source_yoy,0.02842536381004232,23442,,,,,,FUNDAMENTAL::growth::stock-session cross-section::SLOW_TEMPORAL_CHANGE
fund_ba_accounts_rece_source_yoy,fund_ca_netcash_finance_yoy,0.03274517953468213,23472,,,,,,FUNDAMENTAL::growth::stock-session cross-section::SLOW_TEMPORAL_CHANGE
fund_ba_accounts_rece_source_yoy,fund_ca_netcash_invest_source_yoy,0.030820520244596684,24019,,,,,,FUNDAMENTAL::growth::stock-session cross-section::SLOW_TEMPORAL_CHANGE
fund_ba_accounts_rece_source_yoy,fund_ca_netcash_invest_yoy,0.027747187045125306,24019,,,,,,FUNDAMENTAL::growth::stock-session cross-section::SLOW_TEMPORAL_CHANGE
fund_ba_accounts_rece_source_yoy,fund_ca_netcash_operate_source_yoy,0.029187653342583615,24039,,,,,,FUNDAMENTAL::growth::stock-session cross-section::SLOW_TEMPORAL_CHANGE
fund_ba_accounts_rece_source_yoy,fund_ca_netcash_operate_yoy,0.03057935135371615,24039,,,,,,FUNDAMENTAL::growth::stock-session cross-section::SLOW_TEMPORAL_CHANGE
fund_ba_accounts_rece_source_yoy,fund_pr_deduct_parent_netprofit_source_yoy,0.031442607718115474,23787,,,,,,FUNDAMENTAL::growth::stock-session cross-section::SLOW_TEMPORAL_CHANGE
fund_ba_accounts_rece_source_yoy,fund_pr_deduct_parent_netprofit_yoy,0.031954490344333744,23787,,,,,,FUNDAMENTAL::growth::stock-session cross-section::SLOW_TEMPORAL_CHANGE
fund_ba_accounts_rece_source_yoy,fund_pr_operate_cost_source_yoy,0.038449849067270836,24091,,,,,,FUNDAMENTAL::growth::stock-session cross-section::SLOW_TEMPORAL_CHANGE
fund_ba_accounts_rece_source_yoy,fund_pr_operate_cost_yoy,0.032369790311847224,24091,,,,,,FUNDAMENTAL::growth::stock-session cross-section::SLOW_TEMPORAL_CHANGE
fund_ba_accounts_rece_source_yoy,fund_pr_operate_income_source_yoy,0.038907344885063824,24091,,,,,,FUNDAMENTAL::growth::stock-session cross-section::SLOW_TEMPORAL_CHANGE
fund_ba_accounts_rece_source_yoy,fund_pr_operate_income_yoy,0.03234229780690367,24091,,,,,,FUNDAMENTAL::growth::stock-session cross-section::SLOW_TEMPORAL_CHANGE
fund_ba_accounts_rece_source_yoy,fund_pr_operate_profit_source_yoy,0.030957269408378705,24111,,,,,,FUNDAMENTAL::growth::stock-session cross-section::SLOW_TEMPORAL_CHANGE
fund_ba_accounts_rece_source_yoy,fund_pr_operate_profit_yoy,0.03620330466065748,24111,,,,,,FUNDAMENTAL::growth::stock-session cross-section::SLOW_TEMPORAL_CHANGE
fund_ba_accounts_rece_source_yoy,fund_pr_parent_netprofit_source_yoy,0.03237828237573236,24111,,,,,,FUNDAMENTAL::growth::stock-session cross-section::SLOW_TEMPORAL_CHANGE
fund_ba_accounts_rece_source_yoy,fund_pr_parent_netprofit_yoy,0.03300978699201415,24111,,,,,,FUNDAMENTAL::growth::stock-session cross-section::SLOW_TEMPORAL_CHANGE
fund_ba_accounts_rece_source_yoy_at_disclosure,fund_ba_accounts_rece_yoy_at_disclosure,0.28228504101206064,1333,,,,,,FUNDAMENTAL::growth::disclosure episode::DISCLOSURE_EVENT
fund_ba_accounts_rece_source_yoy_at_disclosure,fund_ba_fixed_asset_source_yoy_at_disclosure,0.049196544840050774,1333,,,,,,FUNDAMENTAL::growth::disclosure episode::DISCLOSURE_EVENT
fund_ba_accounts_rece_source_yoy_at_disclosure,fund_ba_fixed_asset_yoy_at_disclosure,0.042471036436665686,1333,,,,,,FUNDAMENTAL::growth::disclosure episode::DISCLOSURE_EVENT
fund_ba_accounts_rece_source_yoy_at_disclosure,fund_ba_inventory_source_yoy_at_disclosure,0.04180477677933677,1324,,,,,,FUNDAMENTAL::growth::disclosure episode::DISCLOSURE_EVENT
fund_ba_accounts_rece_source_yoy_at_disclosure,fund_ba_inventory_yoy_at_disclosure,0.03701514248354322,1324,,,,,,FUNDAMENTAL::growth::disclosure episode::DISCLOSURE_EVENT
fund_ba_accounts_rece_source_yoy_at_disclosure,fund_ba_monetaryfunds_source_yoy_at_disclosure,0.03154745171310672,1333,,,,,,FUNDAMENTAL::growth::disclosure episode::DISCLOSURE_EVENT
fund_ba_accounts_rece_source_yoy_at_disclosure,fund_ba_monetaryfunds_yoy_at_disclosure,0.03336982545604186,1333,,,,,,FUNDAMENTAL::growth::disclosure episode::DISCLOSURE_EVENT
fund_ba_accounts_rece_source_yoy_at_disclosure,fund_ba_total_assets_source_yoy_at_disclosure,0.07282924775641726,1333,,,,,,FUNDAMENTAL::growth::disclosure episode::DISCLOSURE_EVENT
fund_ba_accounts_rece_source_yoy_at_disclosure,fund_ba_total_assets_yoy_at_disclosure,0.05800852541706701,1333,,,,,,FUNDAMENTAL::growth::disclosure episode::DISCLOSURE_EVENT
fund_ba_accounts_rece_source_yoy_at_disclosure,fund_ba_total_current_assets_source_yoy_at_disclosure,0.06043060978381698,1333,,,,,,FUNDAMENTAL::growth::disclosure episode::DISCLOSURE_EVENT
fund_ba_accounts_rece_source_yoy_at_disclosure,fund_ba_total_current_assets_yoy_at_disclosure,0.046771077469296075,1333,,,,,,FUNDAMENTAL::growth::disclosure episode::DISCLOSURE_EVENT
fund_ba_accounts_rece_source_yoy_at_disclosure,fund_ba_total_current_liab_source_yoy_at_disclosure,0.05634454095240575,1333,,,,,,FUNDAMENTAL::growth::disclosure episode::DISCLOSURE_EVENT
fund_ba_accounts_rece_source_yoy_at_disclosure,fund_ba_total_current_liab_yoy_at_disclosure,0.04784028276535057,1333,,,,,,FUNDAMENTAL::growth::disclosure episode::DISCLOSURE_EVENT
fund_ba_accounts_rece_source_yoy_at_disclosure,fund_ba_total_equity_source_yoy_at_disclosure,0.06259635112844619,1333,,,,,,FUNDAMENTAL::growth::disclosure episode::DISCLOSURE_EVENT
fund_ba_accounts_rece_source_yoy_at_disclosure,fund_ba_total_equity_yoy_at_disclosure,0.05247892616520743,1333,,,,,,FUNDAMENTAL::growth::disclosure episode::DISCLOSURE_EVENT
fund_ba_accounts_rece_source_yoy_at_disclosure,fund_ba_total_liabilities_source_yoy_at_disclosure,0.056613793648121066,1333,,,,,,FUNDAMENTAL::growth::disclosure episode::DISCLOSURE_EVENT
fund_ba_accounts_rece_source_yoy_at_disclosure,fund_ba_total_liabilities_yoy_at_disclosure,0.05130606031539131,1333,,,,,,FUNDAMENTAL::growth::disclosure episode::DISCLOSURE_EVENT
fund_ba_accounts_rece_source_yoy_at_disclosure,fund_ca_construct_long_asset_source_yoy_at_disclosure,0.0,0,,,,,,FUNDAMENTAL::growth::disclosure episode::DISCLOSURE_EVENT
fund_ba_accounts_rece_source_yoy_at_disclosure,fund_ca_construct_long_asset_yoy_at_disclosure,0.0,0,,,,,,FUNDAMENTAL::growth::disclosure episode::DISCLOSURE_EVENT
fund_ba_accounts_rece_source_yoy_at_disclosure,fund_ca_netcash_finance_source_yoy_at_disclosure,0.0,0,,,,,,FUNDAMENTAL::growth::disclosure episode::DISCLOSURE_EVENT
fund_ba_accounts_rece_source_yoy_at_disclosure,fund_ca_netcash_finance_yoy_at_disclosure,0.0,0,,,,,,FUNDAMENTAL::growth::disclosure episode::DISCLOSURE_EVENT
fund_ba_accounts_rece_source_yoy_at_disclosure,fund_ca_netcash_invest_source_yoy_at_disclosure,0.0,0,,,,,,FUNDAMENTAL::growth::disclosure episode::DISCLOSURE_EVENT
fund_ba_accounts_rece_source_yoy_at_disclosure,fund_ca_netcash_invest_yoy_at_disclosure,0.0,0,,,,,,FUNDAMENTAL::growth::disclosure episode::DISCLOSURE_EVENT
fund_ba_accounts_rece_source_yoy_at_disclosure,fund_ca_netcash_operate_source_yoy_at_disclosure,0.0,0,,,,,,FUNDAMENTAL::growth::disclosure episode::DISCLOSURE_EVENT
fund_ba_accounts_rece_source_yoy_at_disclosure,fund_ca_netcash_operate_yoy_at_disclosure,0.0,0,,,,,,FUNDAMENTAL::growth::disclosure episode::DISCLOSURE_EVENT
fund_ba_accounts_rece_source_yoy_at_disclosure,fund_pr_deduct_parent_netprofit_source_yoy_at_disclosure,0.0,0,,,,,,FUNDAMENTAL::growth::disclosure episode::DISCLOSURE_EVENT
fund_ba_accounts_rece_source_yoy_at_disclosure,fund_pr_deduct_parent_netprofit_yoy_at_disclosure,0.0,0,,,,,,FUNDAMENTAL::growth::disclosure episode::DISCLOSURE_EVENT
fund_ba_accounts_rece_source_yoy_at_disclosure,fund_pr_operate_cost_source_yoy_at_disclosure,0.0,0,,,,,,FUNDAMENTAL::growth::disclosure episode::DISCLOSURE_EVENT
fund_ba_accounts_rece_source_yoy_at_disclosure,fund_pr_operate_cost_yoy_at_disclosure,0.0,0,,,,,,FUNDAMENTAL::growth::disclosure episode::DISCLOSURE_EVENT
fund_ba_accounts_rece_source_yoy_at_disclosure,fund_pr_operate_income_source_yoy_at_disclosure,0.0,0,,,,,,FUNDAMENTAL::growth::disclosure episode::DISCLOSURE_EVENT
fund_ba_accounts_rece_source_yoy_at_disclosure,fund_pr_operate_income_yoy_at_disclosure,0.0,0,,,,,,FUNDAMENTAL::growth::disclosure episode::DISCLOSURE_EVENT
fund_ba_accounts_rece_source_yoy_at_disclosure,fund_pr_operate_profit_source_yoy_at_disclosure,0.0,0,,,,,,FUNDAMENTAL::growth::disclosure episode::DISCLOSURE_EVENT
fund_ba_accounts_rece_source_yoy_at_disclosure,fund_pr_operate_profit_yoy_at_disclosure,0.0,0,,,,,,FUNDAMENTAL::growth::disclosure episode::DISCLOSURE_EVENT
fund_ba_accounts_rece_source_yoy_at_disclosure,fund_pr_parent_netprofit_source_yoy_at_disclosure,0.0,0,,,,,,FUNDAMENTAL::growth::disclosure episode::DISCLOSURE_EVENT
fund_ba_accounts_rece_source_yoy_at_disclosure,fund_pr_parent_netprofit_yoy_at_disclosure,0.0,0,,,,,,FUNDAMENTAL::growth::disclosure episode::DISCLOSURE_EVENT
fund_ba_accounts_rece_yoy,fund_ba_fixed_asset_source_yoy,0.03815378722235197,24186,,,,,,FUNDAMENTAL::growth::stock-session cross-section::SLOW_TEMPORAL_CHANGE
fund_ba_accounts_rece_yoy,fund_ba_fixed_asset_yoy,0.07619915275639903,24186,,,,,,FUNDAMENTAL::growth::stock-session cross-section::SLOW_TEMPORAL_CHANGE
fund_ba_accounts_rece_yoy,fund_ba_inventory_source_yoy,0.03814042409640462,24010,,,,,,FUNDAMENTAL::growth::stock-session cross-section::SLOW_TEMPORAL_CHANGE
fund_ba_accounts_rece_yoy,fund_ba_inventory_yoy,0.09155576740985627,24010,,,,,,FUNDAMENTAL::growth::stock-session cross-section::SLOW_TEMPORAL_CHANGE
fund_ba_accounts_rece_yoy,fund_ba_monetaryfunds_source_yoy,0.03296787101930519,24186,,,,,,FUNDAMENTAL::growth::stock-session cross-section::SLOW_TEMPORAL_CHANGE
fund_ba_accounts_rece_yoy,fund_ba_monetaryfunds_yoy,0.07601437421235885,24186,,,,,,FUNDAMENTAL::growth::stock-session cross-section::SLOW_TEMPORAL_CHANGE
fund_ba_accounts_rece_yoy,fund_ba_total_assets_source_yoy,0.05444768666565353,24186,,,,,,FUNDAMENTAL::growth::stock-session cross-section::SLOW_TEMPORAL_CHANGE
fund_ba_accounts_rece_yoy,fund_ba_total_assets_yoy,0.13102200964556937,24186,,,,,,FUNDAMENTAL::growth::stock-session cross-section::SLOW_TEMPORAL_CHANGE
fund_ba_accounts_rece_yoy,fund_ba_total_current_assets_source_yoy,0.05415895015665373,24186,,,,,,FUNDAMENTAL::growth::stock-session cross-section::SLOW_TEMPORAL_CHANGE
fund_ba_accounts_rece_yoy,fund_ba_total_current_assets_yoy,0.12099810616527452,24186,,,,,,FUNDAMENTAL::growth::stock-session cross-section::SLOW_TEMPORAL_CHANGE
fund_ba_accounts_rece_yoy,fund_ba_total_current_liab_source_yoy,0.04480232616443193,24186,,,,,,FUNDAMENTAL::growth::stock-session cross-section::SLOW_TEMPORAL_CHANGE
fund_ba_accounts_rece_yoy,fund_ba_total_current_liab_yoy,0.12315375693455055,24186,,,,,,FUNDAMENTAL::growth::stock-session cross-section::SLOW_TEMPORAL_CHANGE
fund_ba_accounts_rece_yoy,fund_ba_total_equity_source_yoy,0.050206124554989566,24186,,,,,,FUNDAMENTAL::growth::stock-session cross-section::SLOW_TEMPORAL_CHANGE
fund_ba_accounts_rece_yoy,fund_ba_total_equity_yoy,0.09500716231819956,24186,,,,,,FUNDAMENTAL::growth::stock-session cross-section::SLOW_TEMPORAL_CHANGE
fund_ba_accounts_rece_yoy,fund_ba_total_liabilities_source_yoy,0.042783957984463786,24186,,,,,,FUNDAMENTAL::growth::stock-session cross-section::SLOW_TEMPORAL_CHANGE
fund_ba_accounts_rece_yoy,fund_ba_total_liabilities_yoy,0.1246956308031998,24186,,,,,,FUNDAMENTAL::growth::stock-session cross-section::SLOW_TEMPORAL_CHANGE
fund_ba_accounts_rece_yoy,fund_ca_construct_long_asset_source_yoy,0.03713606090047571,23968,,,,,,FUNDAMENTAL::growth::stock-session cross-section::SLOW_TEMPORAL_CHANGE
fund_ba_accounts_rece_yoy,fund_ca_construct_long_asset_yoy,0.06185411570685725,23968,,,,,,FUNDAMENTAL::growth::stock-session cross-section::SLOW_TEMPORAL_CHANGE
fund_ba_accounts_rece_yoy,fund_ca_netcash_finance_source_yoy,0.03429007666923327,23442,,,,,,FUNDAMENTAL::growth::stock-session cross-section::SLOW_TEMPORAL_CHANGE
fund_ba_accounts_rece_yoy,fund_ca_netcash_finance_yoy,0.06568664842072244,23472,,,,,,FUNDAMENTAL::growth::stock-session cross-section::SLOW_TEMPORAL_CHANGE
fund_ba_accounts_rece_yoy,fund_ca_netcash_invest_source_yoy,0.02827794768291716,24019,,,,,,FUNDAMENTAL::growth::stock-session cross-section::SLOW_TEMPORAL_CHANGE
fund_ba_accounts_rece_yoy,fund_ca_netcash_invest_yoy,0.0543998790978211,24019,,,,,,FUNDAMENTAL::growth::stock-session cross-section::SLOW_TEMPORAL_CHANGE
fund_ba_accounts_rece_yoy,fund_ca_netcash_operate_source_yoy,0.02807702345940965,24039,,,,,,FUNDAMENTAL::growth::stock-session cross-section::SLOW_TEMPORAL_CHANGE
fund_ba_accounts_rece_yoy,fund_ca_netcash_operate_yoy,0.08142701353257865,24039,,,,,,FUNDAMENTAL::growth::stock-session cross-section::SLOW_TEMPORAL_CHANGE
fund_ba_accounts_rece_yoy,fund_pr_deduct_parent_netprofit_source_yoy,0.03135008418253651,23787,,,,,,FUNDAMENTAL::growth::stock-session cross-section::SLOW_TEMPORAL_CHANGE
fund_ba_accounts_rece_yoy,fund_pr_deduct_parent_netprofit_yoy,0.06206543521601414,23787,,,,,,FUNDAMENTAL::growth::stock-session cross-section::SLOW_TEMPORAL_CHANGE
fund_ba_accounts_rece_yoy,fund_pr_operate_cost_source_yoy,0.033933859140141784,24091,,,,,,FUNDAMENTAL::growth::stock-session cross-section::SLOW_TEMPORAL_CHANGE
fund_ba_accounts_rece_yoy,fund_pr_operate_cost_yoy,0.09073252688494193,24091,,,,,,FUNDAMENTAL::growth::stock-session cross-section::SLOW_TEMPORAL_CHANGE
fund_ba_accounts_rece_yoy,fund_pr_operate_income_source_yoy,0.03567028432222216,24091,,,,,,FUNDAMENTAL::growth::stock-session cross-section::SLOW_TEMPORAL_CHANGE
fund_ba_accounts_rece_yoy,fund_pr_operate_income_yoy,0.09679801024305318,24091,,,,,,FUNDAMENTAL::growth::stock-session cross-section::SLOW_TEMPORAL_CHANGE
fund_ba_accounts_rece_yoy,fund_pr_operate_profit_source_yoy,0.029373503450847015,24111,,,,,,FUNDAMENTAL::growth::stock-session cross-section::SLOW_TEMPORAL_CHANGE
fund_ba_accounts_rece_yoy,fund_pr_operate_profit_yoy,0.06338430832512143,24111,,,,,,FUNDAMENTAL::growth::stock-session cross-section::SLOW_TEMPORAL_CHANGE
fund_ba_accounts_rece_yoy,fund_pr_parent_netprofit_source_yoy,0.03216549164162357,24111,,,,,,FUNDAMENTAL::growth::stock-session cross-section::SLOW_TEMPORAL_CHANGE
fund_ba_accounts_rece_yoy,fund_pr_parent_netprofit_yoy,0.0634427382465683,24111,,,,,,FUNDAMENTAL::growth::stock-session cross-section::SLOW_TEMPORAL_CHANGE
fund_ba_accounts_rece_yoy_at_disclosure,fund_ba_fixed_asset_source_yoy_at_disclosure,0.044736940442749486,1333,,,,,,FUNDAMENTAL::growth::disclosure episode::DISCLOSURE_EVENT
fund_ba_accounts_rece_yoy_at_disclosure,fund_ba_fixed_asset_yoy_at_disclosure,0.08266112341563367,1333,,,,,,FUNDAMENTAL::growth::disclosure episode::DISCLOSURE_EVENT
fund_ba_accounts_rece_yoy_at_disclosure,fund_ba_inventory_source_yoy_at_disclosure,0.04277030404347383,1324,,,,,,FUNDAMENTAL::growth::disclosure episode::DISCLOSURE_EVENT
fund_ba_accounts_rece_yoy_at_disclosure,fund_ba_inventory_yoy_at_disclosure,0.09883711894573903,1324,,,,,,FUNDAMENTAL::growth::disclosure episode::DISCLOSURE_EVENT
fund_ba_accounts_rece_yoy_at_disclosure,fund_ba_monetaryfunds_source_yoy_at_disclosure,0.029653729846363296,1333,,,,,,FUNDAMENTAL::growth::disclosure episode::DISCLOSURE_EVENT
fund_ba_accounts_rece_yoy_at_disclosure,fund_ba_monetaryfunds_yoy_at_disclosure,0.06820314992103309,1333,,,,,,FUNDAMENTAL::growth::disclosure episode::DISCLOSURE_EVENT
fund_ba_accounts_rece_yoy_at_disclosure,fund_ba_total_assets_source_yoy_at_disclosure,0.06318336461838439,1333,,,,,,FUNDAMENTAL::growth::disclosure episode::DISCLOSURE_EVENT
fund_ba_accounts_rece_yoy_at_disclosure,fund_ba_total_assets_yoy_at_disclosure,0.13810734112435694,1333,,,,,,FUNDAMENTAL::growth::disclosure episode::DISCLOSURE_EVENT
fund_ba_accounts_rece_yoy_at_disclosure,fund_ba_total_current_assets_source_yoy_at_disclosure,0.06309714893411351,1333,,,,,,FUNDAMENTAL::growth::disclosure episode::DISCLOSURE_EVENT
fund_ba_accounts_rece_yoy_at_disclosure,fund_ba_total_current_assets_yoy_at_disclosure,0.12416790295675749,1333,,,,,,FUNDAMENTAL::growth::disclosure episode::DISCLOSURE_EVENT
fund_ba_accounts_rece_yoy_at_disclosure,fund_ba_total_current_liab_source_yoy_at_disclosure,0.05138102190818873,1333,,,,,,FUNDAMENTAL::growth::disclosure episode::DISCLOSURE_EVENT
fund_ba_accounts_rece_yoy_at_disclosure,fund_ba_total_current_liab_yoy_at_disclosure,0.12867392459184673,1333,,,,,,FUNDAMENTAL::growth::disclosure episode::DISCLOSURE_EVENT
fund_ba_accounts_rece_yoy_at_disclosure,fund_ba_total_equity_source_yoy_at_disclosure,0.06263371098038918,1333,,,,,,FUNDAMENTAL::growth::disclosure episode::DISCLOSURE_EVENT
fund_ba_accounts_rece_yoy_at_disclosure,fund_ba_total_equity_yoy_at_disclosure,0.10144103675647637,1333,,,,,,FUNDAMENTAL::growth::disclosure episode::DISCLOSURE_EVENT
fund_ba_accounts_rece_yoy_at_disclosure,fund_ba_total_liabilities_source_yoy_at_disclosure,0.05101750983448884,1333,,,,,,FUNDAMENTAL::growth::disclosure episode::DISCLOSURE_EVENT
fund_ba_accounts_rece_yoy_at_disclosure,fund_ba_total_liabilities_yoy_at_disclosure,0.12485600069242733,1333,,,,,,FUNDAMENTAL::growth::disclosure episode::DISCLOSURE_EVENT
fund_ba_accounts_rece_yoy_at_disclosure,fund_ca_construct_long_asset_source_yoy_at_disclosure,0.0,0,,,,,,FUNDAMENTAL::growth::disclosure episode::DISCLOSURE_EVENT
fund_ba_accounts_rece_yoy_at_disclosure,fund_ca_construct_long_asset_yoy_at_disclosure,0.0,0,,,,,,FUNDAMENTAL::growth::disclosure episode::DISCLOSURE_EVENT
fund_ba_accounts_rece_yoy_at_disclosure,fund_ca_netcash_finance_source_yoy_at_disclosure,0.0,0,,,,,,FUNDAMENTAL::growth::disclosure episode::DISCLOSURE_EVENT
fund_ba_accounts_rece_yoy_at_disclosure,fund_ca_netcash_finance_yoy_at_disclosure,0.0,0,,,,,,FUNDAMENTAL::growth::disclosure episode::DISCLOSURE_EVENT
fund_ba_accounts_rece_yoy_at_disclosure,fund_ca_netcash_invest_source_yoy_at_disclosure,0.0,0,,,,,,FUNDAMENTAL::growth::disclosure episode::DISCLOSURE_EVENT
fund_ba_accounts_rece_yoy_at_disclosure,fund_ca_netcash_invest_yoy_at_disclosure,0.0,0,,,,,,FUNDAMENTAL::growth::disclosure episode::DISCLOSURE_EVENT
fund_ba_accounts_rece_yoy_at_disclosure,fund_ca_netcash_operate_source_yoy_at_disclosure,0.0,0,,,,,,FUNDAMENTAL::growth::disclosure episode::DISCLOSURE_EVENT
fund_ba_accounts_rece_yoy_at_disclosure,fund_ca_netcash_operate_yoy_at_disclosure,0.0,0,,,,,,FUNDAMENTAL::growth::disclosure episode::DISCLOSURE_EVENT
fund_ba_accounts_rece_yoy_at_disclosure,fund_pr_deduct_parent_netprofit_source_yoy_at_disclosure,0.0,0,,,,,,FUNDAMENTAL::growth::disclosure episode::DISCLOSURE_EVENT
fund_ba_accounts_rece_yoy_at_disclosure,fund_pr_deduct_parent_netprofit_yoy_at_disclosure,0.0,0,,,,,,FUNDAMENTAL::growth::disclosure episode::DISCLOSURE_EVENT
fund_ba_accounts_rece_yoy_at_disclosure,fund_pr_operate_cost_source_yoy_at_disclosure,0.0,0,,,,,,FUNDAMENTAL::growth::disclosure episode::DISCLOSURE_EVENT
fund_ba_accounts_rece_yoy_at_disclosure,fund_pr_operate_cost_yoy_at_disclosure,0.0,0,,,,,,FUNDAMENTAL::growth::disclosure episode::DISCLOSURE_EVENT
fund_ba_accounts_rece_yoy_at_disclosure,fund_pr_operate_income_source_yoy_at_disclosure,0.0,0,,,,,,FUNDAMENTAL::growth::disclosure episode::DISCLOSURE_EVENT
fund_ba_accounts_rece_yoy_at_disclosure,fund_pr_operate_income_yoy_at_disclosure,0.0,0,,,,,,FUNDAMENTAL::growth::disclosure episode::DISCLOSURE_EVENT
fund_ba_accounts_rece_yoy_at_disclosure,fund_pr_operate_profit_source_yoy_at_disclosure,0.0,0,,,,,,FUNDAMENTAL::growth::disclosure episode::DISCLOSURE_EVENT
fund_ba_accounts_rece_yoy_at_disclosure,fund_pr_operate_profit_yoy_at_disclosure,0.0,0,,,,,,FUNDAMENTAL::growth::disclosure episode::DISCLOSURE_EVENT
fund_ba_accounts_rece_yoy_at_disclosure,fund_pr_parent_netprofit_source_yoy_at_disclosure,0.0,0,,,,,,FUNDAMENTAL::growth::disclosure episode::DISCLOSURE_EVENT
fund_ba_accounts_rece_yoy_at_disclosure,fund_pr_parent_netprofit_yoy_at_disclosure,0.0,0,,,,,,FUNDAMENTAL::growth::disclosure episode::DISCLOSURE_EVENT
fund_ba_fixed_asset_acceleration,fund_ba_fixed_asset_delta,0.21969588529765036,25197,,,,,,FUNDAMENTAL::capital_investment::stock-session cross-section::SLOW_TEMPORAL_CHANGE
fund_ba_fixed_asset_acceleration,fund_ba_fixed_asset_persistence,0.035404484787602206,25114,,,,,,FUNDAMENTAL::capital_investment::stock-session cross-section::SLOW_TEMPORAL_CHANGE
fund_ba_fixed_asset_acceleration,fund_ba_fixed_asset_slope,0.2152494909055796,25197,,,,,,FUNDAMENTAL::capital_investment::stock-session cross-section::SLOW_TEMPORAL_CHANGE
fund_ba_fixed_asset_acceleration,fund_ca_construct_long_asset_acceleration,0.08190812031358244,24894,,,,,,FUNDAMENTAL::capital_investment::stock-session cross-section::SLOW_TEMPORAL_CHANGE
fund_ba_fixed_asset_acceleration,fund_ca_construct_long_asset_delta,0.11196321922535954,24949,,,,,,FUNDAMENTAL::capital_investment::stock-session cross-section::SLOW_TEMPORAL_CHANGE
fund_ba_fixed_asset_acceleration,fund_ca_construct_long_asset_persistence,0.002160494870800462,24921,,,,,,FUNDAMENTAL::capital_investment::stock-session cross-section::SLOW_TEMPORAL_CHANGE
fund_ba_fixed_asset_acceleration,fund_ca_construct_long_asset_slope,0.1122731308753318,24949,,,,,,FUNDAMENTAL::capital_investment::stock-session cross-section::SLOW_TEMPORAL_CHANGE
fund_ba_fixed_asset_acceleration,fund_ca_netcash_finance_acceleration,0.05719264860683744,24160,,,,,,FUNDAMENTAL::capital_investment::stock-session cross-section::SLOW_TEMPORAL_CHANGE
fund_ba_fixed_asset_acceleration,fund_ca_netcash_finance_delta,0.0637160791697009,24577,,,,,,FUNDAMENTAL::capital_investment::stock-session cross-section::SLOW_TEMPORAL_CHANGE
fund_ba_fixed_asset_acceleration,fund_ca_netcash_finance_persistence,0.004691515350804502,24332,,,,,,FUNDAMENTAL::capital_investment::stock-session cross-section::SLOW_TEMPORAL_CHANGE
fund_ba_fixed_asset_acceleration,fund_ca_netcash_finance_slope,0.061440724132080245,24577,,,,,,FUNDAMENTAL::capital_investment::stock-session cross-section::SLOW_TEMPORAL_CHANGE
fund_ba_fixed_asset_acceleration,fund_ca_netcash_invest_acceleration,0.05876934409882307,25021,,,,,,FUNDAMENTAL::capital_investment::stock-session cross-section::SLOW_TEMPORAL_CHANGE
fund_ba_fixed_asset_acceleration,fund_ca_netcash_invest_delta,0.07663659307720128,25022,,,,,,FUNDAMENTAL::capital_investment::stock-session cross-section::SLOW_TEMPORAL_CHANGE
fund_ba_fixed_asset_acceleration,fund_ca_netcash_invest_persistence,0.0057268510001700764,25022,,,,,,FUNDAMENTAL::capital_investment::stock-session cross-section::SLOW_TEMPORAL_CHANGE
fund_ba_fixed_asset_acceleration,fund_ca_netcash_invest_slope,0.0765240767484827,25022,,,,,,FUNDAMENTAL::capital_investment::stock-session cross-section::SLOW_TEMPORAL_CHANGE
fund_ba_fixed_asset_acceleration_at_disclosure,fund_ba_fixed_asset_delta_at_disclosure,0.22020390284009764,1371,,,,,,FUNDAMENTAL::capital_investment::disclosure episode::DISCLOSURE_EVENT
fund_ba_fixed_asset_acceleration_at_disclosure,fund_ba_fixed_asset_persistence_at_disclosure,0.043008924385273,1370,,,,,,FUNDAMENTAL::capital_investment::disclosure episode::DISCLOSURE_EVENT
fund_ba_fixed_asset_acceleration_at_disclosure,fund_ba_fixed_asset_slope_at_disclosure,0.2119068495759404,1371,,,,,,FUNDAMENTAL::capital_investment::disclosure episode::DISCLOSURE_EVENT
fund_ba_fixed_asset_acceleration_at_disclosure,fund_ca_construct_long_asset_acceleration_at_disclosure,1.0,7,,,,,,FUNDAMENTAL::capital_investment::disclosure episode::DISCLOSURE_EVENT
fund_ba_fixed_asset_acceleration_at_disclosure,fund_ca_construct_long_asset_delta_at_disclosure,1.0,7,,,,,,FUNDAMENTAL::capital_investment::disclosure episode::DISCLOSURE_EVENT
fund_ba_fixed_asset_acceleration_at_disclosure,fund_ca_construct_long_asset_persistence_at_disclosure,0.0,7,,,,,,FUNDAMENTAL::capital_investment::disclosure episode::DISCLOSURE_EVENT
fund_ba_fixed_asset_acceleration_at_disclosure,fund_ca_construct_long_asset_slope_at_disclosure,1.0,7,,,,,,FUNDAMENTAL::capital_investment::disclosure episode::DISCLOSURE_EVENT
fund_ba_fixed_asset_acceleration_at_disclosure,fund_ca_netcash_finance_acceleration_at_disclosure,1.0,7,,,,,,FUNDAMENTAL::capital_investment::disclosure episode::DISCLOSURE_EVENT
fund_ba_fixed_asset_acceleration_at_disclosure,fund_ca_netcash_finance_delta_at_disclosure,1.0,7,,,,,,FUNDAMENTAL::capital_investment::disclosure episode::DISCLOSURE_EVENT
fund_ba_fixed_asset_acceleration_at_disclosure,fund_ca_netcash_finance_persistence_at_disclosure,0.5924064001987492,7,,,,,,FUNDAMENTAL::capital_investment::disclosure episode::DISCLOSURE_EVENT
fund_ba_fixed_asset_acceleration_at_disclosure,fund_ca_netcash_finance_slope_at_disclosure,1.0,7,,,,,,FUNDAMENTAL::capital_investment::disclosure episode::DISCLOSURE_EVENT
fund_ba_fixed_asset_acceleration_at_disclosure,fund_ca_netcash_invest_acceleration_at_disclosure,1.0,7,,,,,,FUNDAMENTAL::capital_investment::disclosure episode::DISCLOSURE_EVENT
fund_ba_fixed_asset_acceleration_at_disclosure,fund_ca_netcash_invest_delta_at_disclosure,1.0,7,,,,,,FUNDAMENTAL::capital_investment::disclosure episode::DISCLOSURE_EVENT
fund_ba_fixed_asset_acceleration_at_disclosure,fund_ca_netcash_invest_persistence_at_disclosure,0.5924064001987491,7,,,,,,FUNDAMENTAL::capital_investment::disclosure episode::DISCLOSURE_EVENT
fund_ba_fixed_asset_acceleration_at_disclosure,fund_ca_netcash_invest_slope_at_disclosure,1.0,7,,,,,,FUNDAMENTAL::capital_investment::disclosure episode::DISCLOSURE_EVENT
fund_ba_fixed_asset_acceleration_at_disclosure,fund_capex_construct_assets_at_disclosure,1.0,8,,,,,,FUNDAMENTAL::capital_investment::disclosure episode::DISCLOSURE_EVENT
fund_ba_fixed_asset_delta,fund_ba_fixed_asset_persistence,0.02792358616645347,25363,,,,,,FUNDAMENTAL::capital_investment::stock-session cross-section::SLOW_TEMPORAL_CHANGE
fund_ba_fixed_asset_delta,fund_ba_fixed_asset_slope,0.7797168369487933,25475,,,,,,FUNDAMENTAL::capital_investment::stock-session cross-section::SLOW_TEMPORAL_CHANGE
fund_ba_fixed_asset_delta,fund_ca_construct_long_asset_acceleration,0.08439419473589224,24992,,,,,,FUNDAMENTAL::capital_investment::stock-session cross-section::SLOW_TEMPORAL_CHANGE
fund_ba_fixed_asset_delta,fund_ca_construct_long_asset_delta,0.1262706218506998,25205,,,,,,FUNDAMENTAL::capital_investment::stock-session cross-section::SLOW_TEMPORAL_CHANGE
fund_ba_fixed_asset_delta,fund_ca_construct_long_asset_persistence,0.0046225651776803005,25177,,,,,,FUNDAMENTAL::capital_investment::stock-session cross-section::SLOW_TEMPORAL_CHANGE
fund_ba_fixed_asset_delta,fund_ca_construct_long_asset_slope,0.12406342555304654,25205,,,,,,FUNDAMENTAL::capital_investment::stock-session cross-section::SLOW_TEMPORAL_CHANGE
fund_ba_fixed_asset_delta,fund_ca_netcash_finance_acceleration,0.06822575418525154,24258,,,,,,FUNDAMENTAL::capital_investment::stock-session cross-section::SLOW_TEMPORAL_CHANGE
fund_ba_fixed_asset_delta,fund_ca_netcash_finance_delta,0.0719996959974905,24785,,,,,,FUNDAMENTAL::capital_investment::stock-session cross-section::SLOW_TEMPORAL_CHANGE
fund_ba_fixed_asset_delta,fund_ca_netcash_finance_persistence,0.006204348908141892,24540,,,,,,FUNDAMENTAL::capital_investment::stock-session cross-section::SLOW_TEMPORAL_CHANGE
fund_ba_fixed_asset_delta,fund_ca_netcash_finance_slope,0.07294553844429337,24785,,,,,,FUNDAMENTAL::capital_investment::stock-session cross-section::SLOW_TEMPORAL_CHANGE
fund_ba_fixed_asset_delta,fund_ca_netcash_invest_acceleration,0.0662330578703837,25119,,,,,,FUNDAMENTAL::capital_investment::stock-session cross-section::SLOW_TEMPORAL_CHANGE
fund_ba_fixed_asset_delta,fund_ca_netcash_invest_delta,0.08389756190874698,25278,,,,,,FUNDAMENTAL::capital_investment::stock-session cross-section::SLOW_TEMPORAL_CHANGE
fund_ba_fixed_asset_delta,fund_ca_netcash_invest_persistence,0.009346083137504764,25278,,,,,,FUNDAMENTAL::capital_investment::stock-session cross-section::SLOW_TEMPORAL_CHANGE
fund_ba_fixed_asset_delta,fund_ca_netcash_invest_slope,0.0830339852374621,25278,,,,,,FUNDAMENTAL::capital_investment::stock-session cross-section::SLOW_TEMPORAL_CHANGE
fund_ba_fixed_asset_delta_at_disclosure,fund_ba_fixed_asset_persistence_at_disclosure,0.02525459159377491,1377,,,,,,FUNDAMENTAL::capital_investment::disclosure episode::DISCLOSURE_EVENT
fund_ba_fixed_asset_delta_at_disclosure,fund_ba_fixed_asset_slope_at_disclosure,0.7254367825643266,1380,,,,,,FUNDAMENTAL::capital_investment::disclosure episode::DISCLOSURE_EVENT
fund_ba_fixed_asset_delta_at_disclosure,fund_ca_construct_long_asset_acceleration_at_disclosure,1.0,10,,,,,,FUNDAMENTAL::capital_investment::disclosure episode::DISCLOSURE_EVENT
fund_ba_fixed_asset_delta_at_disclosure,fund_ca_construct_long_asset_delta_at_disclosure,1.0,11,,,,,,FUNDAMENTAL::capital_investment::disclosure episode::DISCLOSURE_EVENT
fund_ba_fixed_asset_delta_at_disclosure,fund_ca_construct_long_asset_persistence_at_disclosure,0.0,11,,,,,,FUNDAMENTAL::capital_investment::disclosure episode::DISCLOSURE_EVENT
fund_ba_fixed_asset_delta_at_disclosure,fund_ca_construct_long_asset_slope_at_disclosure,1.0,11,,,,,,FUNDAMENTAL::capital_investment::disclosure episode::DISCLOSURE_EVENT
fund_ba_fixed_asset_delta_at_disclosure,fund_ca_netcash_finance_acceleration_at_disclosure,1.0,10,,,,,,FUNDAMENTAL::capital_investment::disclosure episode::DISCLOSURE_EVENT
fund_ba_fixed_asset_delta_at_disclosure,fund_ca_netcash_finance_delta_at_disclosure,1.0,11,,,,,,FUNDAMENTAL::capital_investment::disclosure episode::DISCLOSURE_EVENT
fund_ba_fixed_asset_delta_at_disclosure,fund_ca_netcash_finance_persistence_at_disclosure,0.5228356641480236,11,,,,,,FUNDAMENTAL::capital_investment::disclosure episode::DISCLOSURE_EVENT
fund_ba_fixed_asset_delta_at_disclosure,fund_ca_netcash_finance_slope_at_disclosure,1.0,11,,,,,,FUNDAMENTAL::capital_investment::disclosure episode::DISCLOSURE_EVENT
fund_ba_fixed_asset_delta_at_disclosure,fund_ca_netcash_invest_acceleration_at_disclosure,1.0,10,,,,,,FUNDAMENTAL::capital_investment::disclosure episode::DISCLOSURE_EVENT
fund_ba_fixed_asset_delta_at_disclosure,fund_ca_netcash_invest_delta_at_disclosure,1.0,11,,,,,,FUNDAMENTAL::capital_investment::disclosure episode::DISCLOSURE_EVENT
fund_ba_fixed_asset_delta_at_disclosure,fund_ca_netcash_invest_persistence_at_disclosure,0.5360402694157591,11,,,,,,FUNDAMENTAL::capital_investment::disclosure episode::DISCLOSURE_EVENT
fund_ba_fixed_asset_delta_at_disclosure,fund_ca_netcash_invest_slope_at_disclosure,1.0,11,,,,,,FUNDAMENTAL::capital_investment::disclosure episode::DISCLOSURE_EVENT
fund_ba_fixed_asset_delta_at_disclosure,fund_capex_construct_assets_at_disclosure,0.9575227405329585,13,,,,,,FUNDAMENTAL::capital_investment::disclosure episode::DISCLOSURE_EVENT
fund_ba_fixed_asset_persistence,fund_ba_fixed_asset_slope,0.027425973316671324,25363,,,,,,FUNDAMENTAL::capital_investment::stock-session cross-section::SLOW_TEMPORAL_CHANGE
fund_ba_fixed_asset_persistence,fund_ca_construct_long_asset_acceleration,0.018919046124559878,24880,,,,,,FUNDAMENTAL::capital_investment::stock-session cross-section::SLOW_TEMPORAL_CHANGE
fund_ba_fixed_asset_persistence,fund_ca_construct_long_asset_delta,0.022541278267615518,25093,,,,,,FUNDAMENTAL::capital_investment::stock-session cross-section::SLOW_TEMPORAL_CHANGE
fund_ba_fixed_asset_persistence,fund_ca_construct_long_asset_persistence,0.012774852041768814,25065,,,,,,FUNDAMENTAL::capital_investment::stock-session cross-section::SLOW_TEMPORAL_CHANGE
fund_ba_fixed_asset_persistence,fund_ca_construct_long_asset_slope,0.02240930436472732,25093,,,,,,FUNDAMENTAL::capital_investment::stock-session cross-section::SLOW_TEMPORAL_CHANGE
fund_ba_fixed_asset_persistence,fund_ca_netcash_finance_acceleration,0.010954116440781158,24146,,,,,,FUNDAMENTAL::capital_investment::stock-session cross-section::SLOW_TEMPORAL_CHANGE
fund_ba_fixed_asset_persistence,fund_ca_netcash_finance_delta,0.012831263559596344,24673,,,,,,FUNDAMENTAL::capital_investment::stock-session cross-section::SLOW_TEMPORAL_CHANGE
fund_ba_fixed_asset_persistence,fund_ca_netcash_finance_persistence,0.0032625175572975084,24428,,,,,,FUNDAMENTAL::capital_investment::stock-session cross-section::SLOW_TEMPORAL_CHANGE
fund_ba_fixed_asset_persistence,fund_ca_netcash_finance_slope,0.012633222006728867,24673,,,,,,FUNDAMENTAL::capital_investment::stock-session cross-section::SLOW_TEMPORAL_CHANGE
fund_ba_fixed_asset_persistence,fund_ca_netcash_invest_acceleration,0.013224879064110915,25007,,,,,,FUNDAMENTAL::capital_investment::stock-session cross-section::SLOW_TEMPORAL_CHANGE
fund_ba_fixed_asset_persistence,fund_ca_netcash_invest_delta,0.014159411120540966,25166,,,,,,FUNDAMENTAL::capital_investment::stock-session cross-section::SLOW_TEMPORAL_CHANGE
fund_ba_fixed_asset_persistence,fund_ca_netcash_invest_persistence,0.004606358040822752,25166,,,,,,FUNDAMENTAL::capital_investment::stock-session cross-section::SLOW_TEMPORAL_CHANGE
fund_ba_fixed_asset_persistence,fund_ca_netcash_invest_slope,0.01341717625219274,25166,,,,,,FUNDAMENTAL::capital_investment::stock-session cross-section::SLOW_TEMPORAL_CHANGE
fund_ba_fixed_asset_persistence_at_disclosure,fund_ba_fixed_asset_slope_at_disclosure,0.026788981990061054,1377,,,,,,FUNDAMENTAL::capital_investment::disclosure episode::DISCLOSURE_EVENT
fund_ba_fixed_asset_persistence_at_disclosure,fund_ca_construct_long_asset_acceleration_at_disclosure,0.5200250392878958,8,,,,,,FUNDAMENTAL::capital_investment::disclosure episode::DISCLOSURE_EVENT
fund_ba_fixed_asset_persistence_at_disclosure,fund_ca_construct_long_asset_delta_at_disclosure,0.49099865629636946,9,,,,,,FUNDAMENTAL::capital_investment::disclosure episode::DISCLOSURE_EVENT
fund_ba_fixed_asset_persistence_at_disclosure,fund_ca_construct_long_asset_persistence_at_disclosure,0.0,9,,,,,,FUNDAMENTAL::capital_investment::disclosure episode::DISCLOSURE_EVENT
fund_ba_fixed_asset_persistence_at_disclosure,fund_ca_construct_long_asset_slope_at_disclosure,0.49099865629636946,9,,,,,,FUNDAMENTAL::capital_investment::disclosure episode::DISCLOSURE_EVENT
fund_ba_fixed_asset_persistence_at_disclosure,fund_ca_netcash_finance_acceleration_at_disclosure,0.5200250392878958,8,,,,,,FUNDAMENTAL::capital_investment::disclosure episode::DISCLOSURE_EVENT
fund_ba_fixed_asset_persistence_at_disclosure,fund_ca_netcash_finance_delta_at_disclosure,0.49099865629636946,9,,,,,,FUNDAMENTAL::capital_investment::disclosure episode::DISCLOSURE_EVENT
fund_ba_fixed_asset_persistence_at_disclosure,fund_ca_netcash_finance_persistence_at_disclosure,0.029553756059227505,9,,,,,,FUNDAMENTAL::capital_investment::disclosure episode::DISCLOSURE_EVENT
fund_ba_fixed_asset_persistence_at_disclosure,fund_ca_netcash_finance_slope_at_disclosure,0.49099865629636946,9,,,,,,FUNDAMENTAL::capital_investment::disclosure episode::DISCLOSURE_EVENT
fund_ba_fixed_asset_persistence_at_disclosure,fund_ca_netcash_invest_acceleration_at_disclosure,0.5200250392878958,8,,,,,,FUNDAMENTAL::capital_investment::disclosure episode::DISCLOSURE_EVENT
fund_ba_fixed_asset_persistence_at_disclosure,fund_ca_netcash_invest_delta_at_disclosure,0.49099865629636974,9,,,,,,FUNDAMENTAL::capital_investment::disclosure episode::DISCLOSURE_EVENT
fund_ba_fixed_asset_persistence_at_disclosure,fund_ca_netcash_invest_persistence_at_disclosure,0.18145473042163196,9,,,,,,FUNDAMENTAL::capital_investment::disclosure episode::DISCLOSURE_EVENT
fund_ba_fixed_asset_persistence_at_disclosure,fund_ca_netcash_invest_slope_at_disclosure,0.49099865629636974,9,,,,,,FUNDAMENTAL::capital_investment::disclosure episode::DISCLOSURE_EVENT
fund_ba_fixed_asset_persistence_at_disclosure,fund_capex_construct_assets_at_disclosure,0.5078549074113873,11,,,,,,FUNDAMENTAL::capital_investment::disclosure episode::DISCLOSURE_EVENT
fund_ba_fixed_asset_slope,fund_ca_construct_long_asset_acceleration,0.08383812379877313,24992,,,,,,FUNDAMENTAL::capital_investment::stock-session cross-section::SLOW_TEMPORAL_CHANGE
fund_ba_fixed_asset_slope,fund_ca_construct_long_asset_delta,0.12586601409996784,25205,,,,,,FUNDAMENTAL::capital_investment::stock-session cross-section::SLOW_TEMPORAL_CHANGE
fund_ba_fixed_asset_slope,fund_ca_construct_long_asset_persistence,0.00490672194012383,25177,,,,,,FUNDAMENTAL::capital_investment::stock-session cross-section::SLOW_TEMPORAL_CHANGE
fund_ba_fixed_asset_slope,fund_ca_construct_long_asset_slope,0.1264474933206518,25205,,,,,,FUNDAMENTAL::capital_investment::stock-session cross-section::SLOW_TEMPORAL_CHANGE
fund_ba_fixed_asset_slope,fund_ca_netcash_finance_acceleration,0.07171833154293257,24258,,,,,,FUNDAMENTAL::capital_investment::stock-session cross-section::SLOW_TEMPORAL_CHANGE
fund_ba_fixed_asset_slope,fund_ca_netcash_finance_delta,0.07176023370952403,24785,,,,,,FUNDAMENTAL::capital_investment::stock-session cross-section::SLOW_TEMPORAL_CHANGE
fund_ba_fixed_asset_slope,fund_ca_netcash_finance_persistence,0.004511088846110442,24540,,,,,,FUNDAMENTAL::capital_investment::stock-session cross-section::SLOW_TEMPORAL_CHANGE
fund_ba_fixed_asset_slope,fund_ca_netcash_finance_slope,0.07220599432362199,24785,,,,,,FUNDAMENTAL::capital_investment::stock-session cross-section::SLOW_TEMPORAL_CHANGE
fund_ba_fixed_asset_slope,fund_ca_netcash_invest_acceleration,0.06285393715463826,25119,,,,,,FUNDAMENTAL::capital_investment::stock-session cross-section::SLOW_TEMPORAL_CHANGE
fund_ba_fixed_asset_slope,fund_ca_netcash_invest_delta,0.08294560768730308,25278,,,,,,FUNDAMENTAL::capital_investment::stock-session cross-section::SLOW_TEMPORAL_CHANGE
fund_ba_fixed_asset_slope,fund_ca_netcash_invest_persistence,0.008671597905903357,25278,,,,,,FUNDAMENTAL::capital_investment::stock-session cross-section::SLOW_TEMPORAL_CHANGE
fund_ba_fixed_asset_slope,fund_ca_netcash_invest_slope,0.08324196167695448,25278,,,,,,FUNDAMENTAL::capital_investment::stock-session cross-section::SLOW_TEMPORAL_CHANGE
fund_ba_fixed_asset_slope_at_disclosure,fund_ca_construct_long_asset_acceleration_at_disclosure,1.0,10,,,,,,FUNDAMENTAL::capital_investment::disclosure episode::DISCLOSURE_EVENT
fund_ba_fixed_asset_slope_at_disclosure,fund_ca_construct_long_asset_delta_at_disclosure,1.0,11,,,,,,FUNDAMENTAL::capital_investment::disclosure episode::DISCLOSURE_EVENT
fund_ba_fixed_asset_slope_at_disclosure,fund_ca_construct_long_asset_persistence_at_disclosure,0.0,11,,,,,,FUNDAMENTAL::capital_investment::disclosure episode::DISCLOSURE_EVENT
fund_ba_fixed_asset_slope_at_disclosure,fund_ca_construct_long_asset_slope_at_disclosure,1.0,11,,,,,,FUNDAMENTAL::capital_investment::disclosure episode::DISCLOSURE_EVENT
fund_ba_fixed_asset_slope_at_disclosure,fund_ca_netcash_finance_acceleration_at_disclosure,1.0,10,,,,,,FUNDAMENTAL::capital_investment::disclosure episode::DISCLOSURE_EVENT
fund_ba_fixed_asset_slope_at_disclosure,fund_ca_netcash_finance_delta_at_disclosure,1.0,11,,,,,,FUNDAMENTAL::capital_investment::disclosure episode::DISCLOSURE_EVENT
fund_ba_fixed_asset_slope_at_disclosure,fund_ca_netcash_finance_persistence_at_disclosure,0.5228356641480236,11,,,,,,FUNDAMENTAL::capital_investment::disclosure episode::DISCLOSURE_EVENT
fund_ba_fixed_asset_slope_at_disclosure,fund_ca_netcash_finance_slope_at_disclosure,1.0,11,,,,,,FUNDAMENTAL::capital_investment::disclosure episode::DISCLOSURE_EVENT
fund_ba_fixed_asset_slope_at_disclosure,fund_ca_netcash_invest_acceleration_at_disclosure,1.0,10,,,,,,FUNDAMENTAL::capital_investment::disclosure episode::DISCLOSURE_EVENT
fund_ba_fixed_asset_slope_at_disclosure,fund_ca_netcash_invest_delta_at_disclosure,1.0,11,,,,,,FUNDAMENTAL::capital_investment::disclosure episode::DISCLOSURE_EVENT
fund_ba_fixed_asset_slope_at_disclosure,fund_ca_netcash_invest_persistence_at_disclosure,0.5360402694157591,11,,,,,,FUNDAMENTAL::capital_investment::disclosure episode::DISCLOSURE_EVENT
fund_ba_fixed_asset_slope_at_disclosure,fund_ca_netcash_invest_slope_at_disclosure,1.0,11,,,,,,FUNDAMENTAL::capital_investment::disclosure episode::DISCLOSURE_EVENT
fund_ba_fixed_asset_slope_at_disclosure,fund_capex_construct_assets_at_disclosure,0.9575227405329585,13,,,,,,FUNDAMENTAL::capital_investment::disclosure episode::DISCLOSURE_EVENT
fund_ba_fixed_asset_source_yoy,fund_ba_fixed_asset_yoy,0.2892651663979685,24834,,,,,,FUNDAMENTAL::growth::stock-session cross-section::SLOW_TEMPORAL_CHANGE
fund_ba_fixed_asset_source_yoy,fund_ba_inventory_source_yoy,0.04991676793263695,24010,,,,,,FUNDAMENTAL::growth::stock-session cross-section::SLOW_TEMPORAL_CHANGE
fund_ba_fixed_asset_source_yoy,fund_ba_inventory_yoy,0.04886968243738115,24010,,,,,,FUNDAMENTAL::growth::stock-session cross-section::SLOW_TEMPORAL_CHANGE
fund_ba_fixed_asset_source_yoy,fund_ba_monetaryfunds_source_yoy,0.03497513891703929,24474,,,,,,FUNDAMENTAL::growth::stock-session cross-section::SLOW_TEMPORAL_CHANGE
fund_ba_fixed_asset_source_yoy,fund_ba_monetaryfunds_yoy,0.0423953205461985,24474,,,,,,FUNDAMENTAL::growth::stock-session cross-section::SLOW_TEMPORAL_CHANGE
fund_ba_fixed_asset_source_yoy,fund_ba_total_assets_source_yoy,0.06783080600120632,24834,,,,,,FUNDAMENTAL::growth::stock-session cross-section::SLOW_TEMPORAL_CHANGE
fund_ba_fixed_asset_source_yoy,fund_ba_total_assets_yoy,0.052557855313441385,24834,,,,,,FUNDAMENTAL::growth::stock-session cross-section::SLOW_TEMPORAL_CHANGE
fund_ba_fixed_asset_source_yoy,fund_ba_total_current_assets_source_yoy,0.03761080499251642,24186,,,,,,FUNDAMENTAL::growth::stock-session cross-section::SLOW_TEMPORAL_CHANGE
fund_ba_fixed_asset_source_yoy,fund_ba_total_current_assets_yoy,0.03855297015555931,24186,,,,,,FUNDAMENTAL::growth::stock-session cross-section::SLOW_TEMPORAL_CHANGE
fund_ba_fixed_asset_source_yoy,fund_ba_total_current_liab_source_yoy,0.05078632012667877,24186,,,,,,FUNDAMENTAL::growth::stock-session cross-section::SLOW_TEMPORAL_CHANGE
fund_ba_fixed_asset_source_yoy,fund_ba_total_current_liab_yoy,0.04543517285414672,24186,,,,,,FUNDAMENTAL::growth::stock-session cross-section::SLOW_TEMPORAL_CHANGE
fund_ba_fixed_asset_source_yoy,fund_ba_total_equity_source_yoy,0.04836160803136018,24834,,,,,,FUNDAMENTAL::growth::stock-session cross-section::SLOW_TEMPORAL_CHANGE
fund_ba_fixed_asset_source_yoy,fund_ba_total_equity_yoy,0.035173770749845075,24834,,,,,,FUNDAMENTAL::growth::stock-session cross-section::SLOW_TEMPORAL_CHANGE
fund_ba_fixed_asset_source_yoy,fund_ba_total_liabilities_source_yoy,0.05341902145458293,24834,,,,,,FUNDAMENTAL::growth::stock-session cross-section::SLOW_TEMPORAL_CHANGE
fund_ba_fixed_asset_source_yoy,fund_ba_total_liabilities_yoy,0.04997510555419624,24834,,,,,,FUNDAMENTAL::growth::stock-session cross-section::SLOW_TEMPORAL_CHANGE
fund_ba_fixed_asset_source_yoy,fund_ca_construct_long_asset_source_yoy,0.03849569423814933,24616,,,,,,FUNDAMENTAL::growth::stock-session cross-section::SLOW_TEMPORAL_CHANGE
fund_ba_fixed_asset_source_yoy,fund_ca_construct_long_asset_yoy,0.040483440659462556,24616,,,,,,FUNDAMENTAL::growth::stock-session cross-section::SLOW_TEMPORAL_CHANGE
fund_ba_fixed_asset_source_yoy,fund_ca_netcash_finance_source_yoy,0.039832855115832906,24090,,,,,,FUNDAMENTAL::growth::stock-session cross-section::SLOW_TEMPORAL_CHANGE
fund_ba_fixed_asset_source_yoy,fund_ca_netcash_finance_yoy,0.034216377724904906,24120,,,,,,FUNDAMENTAL::growth::stock-session cross-section::SLOW_TEMPORAL_CHANGE
fund_ba_fixed_asset_source_yoy,fund_ca_netcash_invest_source_yoy,0.032046560920843487,24667,,,,,,FUNDAMENTAL::growth::stock-session cross-section::SLOW_TEMPORAL_CHANGE
fund_ba_fixed_asset_source_yoy,fund_ca_netcash_invest_yoy,0.03971531373374649,24667,,,,,,FUNDAMENTAL::growth::stock-session cross-section::SLOW_TEMPORAL_CHANGE
fund_ba_fixed_asset_source_yoy,fund_ca_netcash_operate_source_yoy,0.0268455349591469,24687,,,,,,FUNDAMENTAL::growth::stock-session cross-section::SLOW_TEMPORAL_CHANGE
fund_ba_fixed_asset_source_yoy,fund_ca_netcash_operate_yoy,0.03385697285416294,24687,,,,,,FUNDAMENTAL::growth::stock-session cross-section::SLOW_TEMPORAL_CHANGE
fund_ba_fixed_asset_source_yoy,fund_pr_deduct_parent_netprofit_source_yoy,0.02988417759503128,24435,,,,,,FUNDAMENTAL::growth::stock-session cross-section::SLOW_TEMPORAL_CHANGE
fund_ba_fixed_asset_source_yoy,fund_pr_deduct_parent_netprofit_yoy,0.03188301794691722,24435,,,,,,FUNDAMENTAL::growth::stock-session cross-section::SLOW_TEMPORAL_CHANGE
fund_ba_fixed_asset_source_yoy,fund_pr_operate_cost_source_yoy,0.03863152867085635,24091,,,,,,FUNDAMENTAL::growth::stock-session cross-section::SLOW_TEMPORAL_CHANGE
fund_ba_fixed_asset_source_yoy,fund_pr_operate_cost_yoy,0.033127006539586765,24091,,,,,,FUNDAMENTAL::growth::stock-session cross-section::SLOW_TEMPORAL_CHANGE
fund_ba_fixed_asset_source_yoy,fund_pr_operate_income_source_yoy,0.04149776617003312,24739,,,,,,FUNDAMENTAL::growth::stock-session cross-section::SLOW_TEMPORAL_CHANGE
fund_ba_fixed_asset_source_yoy,fund_pr_operate_income_yoy,0.03502562013249512,24739,,,,,,FUNDAMENTAL::growth::stock-session cross-section::SLOW_TEMPORAL_CHANGE
fund_ba_fixed_asset_source_yoy,fund_pr_operate_profit_source_yoy,0.03272226727622525,24759,,,,,,FUNDAMENTAL::growth::stock-session cross-section::SLOW_TEMPORAL_CHANGE
fund_ba_fixed_asset_source_yoy,fund_pr_operate_profit_yoy,0.032610952970434266,24759,,,,,,FUNDAMENTAL::growth::stock-session cross-section::SLOW_TEMPORAL_CHANGE
fund_ba_fixed_asset_source_yoy,fund_pr_parent_netprofit_source_yoy,0.033872623504719514,24759,,,,,,FUNDAMENTAL::growth::stock-session cross-section::SLOW_TEMPORAL_CHANGE
fund_ba_fixed_asset_source_yoy,fund_pr_parent_netprofit_yoy,0.030903438764975664,24759,,,,,,FUNDAMENTAL::growth::stock-session cross-section::SLOW_TEMPORAL_CHANGE
fund_ba_fixed_asset_source_yoy_at_disclosure,fund_ba_fixed_asset_yoy_at_disclosure,0.3125036563190295,1369,,,,,,FUNDAMENTAL::growth::disclosure episode::DISCLOSURE_EVENT
fund_ba_fixed_asset_source_yoy_at_disclosure,fund_ba_inventory_source_yoy_at_disclosure,0.05120455865263672,1324,,,,,,FUNDAMENTAL::growth::disclosure episode::DISCLOSURE_EVENT
fund_ba_fixed_asset_source_yoy_at_disclosure,fund_ba_inventory_yoy_at_disclosure,0.048965775438400846,1324,,,,,,FUNDAMENTAL::growth::disclosure episode::DISCLOSURE_EVENT
fund_ba_fixed_asset_source_yoy_at_disclosure,fund_ba_monetaryfunds_source_yoy_at_disclosure,0.03877180850178717,1349,,,,,,FUNDAMENTAL::growth::disclosure episode::DISCLOSURE_EVENT
fund_ba_fixed_asset_source_yoy_at_disclosure,fund_ba_monetaryfunds_yoy_at_disclosure,0.03820225509598202,1349,,,,,,FUNDAMENTAL::growth::disclosure episode::DISCLOSURE_EVENT
fund_ba_fixed_asset_source_yoy_at_disclosure,fund_ba_total_assets_source_yoy_at_disclosure,0.06875928241292581,1369,,,,,,FUNDAMENTAL::growth::disclosure episode::DISCLOSURE_EVENT
fund_ba_fixed_asset_source_yoy_at_disclosure,fund_ba_total_assets_yoy_at_disclosure,0.059303757246112886,1369,,,,,,FUNDAMENTAL::growth::disclosure episode::DISCLOSURE_EVENT
fund_ba_fixed_asset_source_yoy_at_disclosure,fund_ba_total_current_assets_source_yoy_at_disclosure,0.04482095020373587,1333,,,,,,FUNDAMENTAL::growth::disclosure episode::DISCLOSURE_EVENT
fund_ba_fixed_asset_source_yoy_at_disclosure,fund_ba_total_current_assets_yoy_at_disclosure,0.044853603257592495,1333,,,,,,FUNDAMENTAL::growth::disclosure episode::DISCLOSURE_EVENT
fund_ba_fixed_asset_source_yoy_at_disclosure,fund_ba_total_current_liab_source_yoy_at_disclosure,0.053953021188198176,1333,,,,,,FUNDAMENTAL::growth::disclosure episode::DISCLOSURE_EVENT
fund_ba_fixed_asset_source_yoy_at_disclosure,fund_ba_total_current_liab_yoy_at_disclosure,0.049821648491511265,1333,,,,,,FUNDAMENTAL::growth::disclosure episode::DISCLOSURE_EVENT
fund_ba_fixed_asset_source_yoy_at_disclosure,fund_ba_total_equity_source_yoy_at_disclosure,0.054075804371371876,1369,,,,,,FUNDAMENTAL::growth::disclosure episode::DISCLOSURE_EVENT
fund_ba_fixed_asset_source_yoy_at_disclosure,fund_ba_total_equity_yoy_at_disclosure,0.04057459050868448,1369,,,,,,FUNDAMENTAL::growth::disclosure episode::DISCLOSURE_EVENT
fund_ba_fixed_asset_source_yoy_at_disclosure,fund_ba_total_liabilities_source_yoy_at_disclosure,0.05927146558240944,1369,,,,,,FUNDAMENTAL::growth::disclosure episode::DISCLOSURE_EVENT
fund_ba_fixed_asset_source_yoy_at_disclosure,fund_ba_total_liabilities_yoy_at_disclosure,0.052018308042531144,1369,,,,,,FUNDAMENTAL::growth::disclosure episode::DISCLOSURE_EVENT
fund_ba_fixed_asset_source_yoy_at_disclosure,fund_ca_construct_long_asset_source_yoy_at_disclosure,0.0,0,,,,,,FUNDAMENTAL::growth::disclosure episode::DISCLOSURE_EVENT
fund_ba_fixed_asset_source_yoy_at_disclosure,fund_ca_construct_long_asset_yoy_at_disclosure,0.0,0,,,,,,FUNDAMENTAL::growth::disclosure episode::DISCLOSURE_EVENT
fund_ba_fixed_asset_source_yoy_at_disclosure,fund_ca_netcash_finance_source_yoy_at_disclosure,0.0,0,,,,,,FUNDAMENTAL::growth::disclosure episode::DISCLOSURE_EVENT
fund_ba_fixed_asset_source_yoy_at_disclosure,fund_ca_netcash_finance_yoy_at_disclosure,0.0,0,,,,,,FUNDAMENTAL::growth::disclosure episode::DISCLOSURE_EVENT
fund_ba_fixed_asset_source_yoy_at_disclosure,fund_ca_netcash_invest_source_yoy_at_disclosure,0.0,0,,,,,,FUNDAMENTAL::growth::disclosure episode::DISCLOSURE_EVENT
fund_ba_fixed_asset_source_yoy_at_disclosure,fund_ca_netcash_invest_yoy_at_disclosure,0.0,0,,,,,,FUNDAMENTAL::growth::disclosure episode::DISCLOSURE_EVENT
fund_ba_fixed_asset_source_yoy_at_disclosure,fund_ca_netcash_operate_source_yoy_at_disclosure,0.0,0,,,,,,FUNDAMENTAL::growth::disclosure episode::DISCLOSURE_EVENT
fund_ba_fixed_asset_source_yoy_at_disclosure,fund_ca_netcash_operate_yoy_at_disclosure,0.0,0,,,,,,FUNDAMENTAL::growth::disclosure episode::DISCLOSURE_EVENT
fund_ba_fixed_asset_source_yoy_at_disclosure,fund_pr_deduct_parent_netprofit_source_yoy_at_disclosure,0.0,0,,,,,,FUNDAMENTAL::growth::disclosure episode::DISCLOSURE_EVENT
fund_ba_fixed_asset_source_yoy_at_disclosure,fund_pr_deduct_parent_netprofit_yoy_at_disclosure,0.0,0,,,,,,FUNDAMENTAL::growth::disclosure episode::DISCLOSURE_EVENT
fund_ba_fixed_asset_source_yoy_at_disclosure,fund_pr_operate_cost_source_yoy_at_disclosure,0.0,0,,,,,,FUNDAMENTAL::growth::disclosure episode::DISCLOSURE_EVENT
fund_ba_fixed_asset_source_yoy_at_disclosure,fund_pr_operate_cost_yoy_at_disclosure,0.0,0,,,,,,FUNDAMENTAL::growth::disclosure episode::DISCLOSURE_EVENT
fund_ba_fixed_asset_source_yoy_at_disclosure,fund_pr_operate_income_source_yoy_at_disclosure,0.0,0,,,,,,FUNDAMENTAL::growth::disclosure episode::DISCLOSURE_EVENT
fund_ba_fixed_asset_source_yoy_at_disclosure,fund_pr_operate_income_yoy_at_disclosure,0.0,0,,,,,,FUNDAMENTAL::growth::disclosure episode::DISCLOSURE_EVENT
fund_ba_fixed_asset_source_yoy_at_disclosure,fund_pr_operate_profit_source_yoy_at_disclosure,0.0,0,,,,,,FUNDAMENTAL::growth::disclosure episode::DISCLOSURE_EVENT
fund_ba_fixed_asset_source_yoy_at_disclosure,fund_pr_operate_profit_yoy_at_disclosure,0.0,0,,,,,,FUNDAMENTAL::growth::disclosure episode::DISCLOSURE_EVENT
fund_ba_fixed_asset_source_yoy_at_disclosure,fund_pr_parent_netprofit_source_yoy_at_disclosure,0.0,0,,,,,,FUNDAMENTAL::growth::disclosure episode::DISCLOSURE_EVENT
fund_ba_fixed_asset_source_yoy_at_disclosure,fund_pr_parent_netprofit_yoy_at_disclosure,0.0,0,,,,,,FUNDAMENTAL::growth::disclosure episode::DISCLOSURE_EVENT
fund_ba_fixed_asset_yoy,fund_ba_inventory_source_yoy,0.04732479168151605,24010,,,,,,FUNDAMENTAL::growth::stock-session cross-section::SLOW_TEMPORAL_CHANGE
fund_ba_fixed_asset_yoy,fund_ba_inventory_yoy,0.08205828712092521,24010,,,,,,FUNDAMENTAL::growth::stock-session cross-section::SLOW_TEMPORAL_CHANGE
fund_ba_fixed_asset_yoy,fund_ba_monetaryfunds_source_yoy,0.03807379150724706,24474,,,,,,FUNDAMENTAL::growth::stock-session cross-section::SLOW_TEMPORAL_CHANGE
fund_ba_fixed_asset_yoy,fund_ba_monetaryfunds_yoy,0.06740329613331068,24474,,,,,,FUNDAMENTAL::growth::stock-session cross-section::SLOW_TEMPORAL_CHANGE
fund_ba_fixed_asset_yoy,fund_ba_total_assets_source_yoy,0.05696588877282449,24834,,,,,,FUNDAMENTAL::growth::stock-session cross-section::SLOW_TEMPORAL_CHANGE
fund_ba_fixed_asset_yoy,fund_ba_total_assets_yoy,0.12155462075151816,24834,,,,,,FUNDAMENTAL::growth::stock-session cross-section::SLOW_TEMPORAL_CHANGE
fund_ba_fixed_asset_yoy,fund_ba_total_current_assets_source_yoy,0.042489913258920986,24186,,,,,,FUNDAMENTAL::growth::stock-session cross-section::SLOW_TEMPORAL_CHANGE
fund_ba_fixed_asset_yoy,fund_ba_total_current_assets_yoy,0.09647459246062577,24186,,,,,,FUNDAMENTAL::growth::stock-session cross-section::SLOW_TEMPORAL_CHANGE
fund_ba_fixed_asset_yoy,fund_ba_total_current_liab_source_yoy,0.04670727344540775,24186,,,,,,FUNDAMENTAL::growth::stock-session cross-section::SLOW_TEMPORAL_CHANGE
fund_ba_fixed_asset_yoy,fund_ba_total_current_liab_yoy,0.10927629472204882,24186,,,,,,FUNDAMENTAL::growth::stock-session cross-section::SLOW_TEMPORAL_CHANGE
fund_ba_fixed_asset_yoy,fund_ba_total_equity_source_yoy,0.04817983942284732,24834,,,,,,FUNDAMENTAL::growth::stock-session cross-section::SLOW_TEMPORAL_CHANGE
fund_ba_fixed_asset_yoy,fund_ba_total_equity_yoy,0.09437101675852472,24834,,,,,,FUNDAMENTAL::growth::stock-session cross-section::SLOW_TEMPORAL_CHANGE
fund_ba_fixed_asset_yoy,fund_ba_total_liabilities_source_yoy,0.05664982915992337,24834,,,,,,FUNDAMENTAL::growth::stock-session cross-section::SLOW_TEMPORAL_CHANGE
fund_ba_fixed_asset_yoy,fund_ba_total_liabilities_yoy,0.11756114400410016,24834,,,,,,FUNDAMENTAL::growth::stock-session cross-section::SLOW_TEMPORAL_CHANGE
fund_ba_fixed_asset_yoy,fund_ca_construct_long_asset_source_yoy,0.04125223428014084,24616,,,,,,FUNDAMENTAL::growth::stock-session cross-section::SLOW_TEMPORAL_CHANGE
fund_ba_fixed_asset_yoy,fund_ca_construct_long_asset_yoy,0.10800040973551608,24616,,,,,,FUNDAMENTAL::growth::stock-session cross-section::SLOW_TEMPORAL_CHANGE
fund_ba_fixed_asset_yoy,fund_ca_netcash_finance_source_yoy,0.032579359283905415,24090,,,,,,FUNDAMENTAL::growth::stock-session cross-section::SLOW_TEMPORAL_CHANGE
fund_ba_fixed_asset_yoy,fund_ca_netcash_finance_yoy,0.07667804653147457,24120,,,,,,FUNDAMENTAL::growth::stock-session cross-section::SLOW_TEMPORAL_CHANGE
fund_ba_fixed_asset_yoy,fund_ca_netcash_invest_source_yoy,0.03625058949560811,24667,,,,,,FUNDAMENTAL::growth::stock-session cross-section::SLOW_TEMPORAL_CHANGE
fund_ba_fixed_asset_yoy,fund_ca_netcash_invest_yoy,0.0713295619226181,24667,,,,,,FUNDAMENTAL::growth::stock-session cross-section::SLOW_TEMPORAL_CHANGE
fund_ba_fixed_asset_yoy,fund_ca_netcash_operate_source_yoy,0.029017751963185456,24687,,,,,,FUNDAMENTAL::growth::stock-session cross-section::SLOW_TEMPORAL_CHANGE
fund_ba_fixed_asset_yoy,fund_ca_netcash_operate_yoy,0.07720173797572366,24687,,,,,,FUNDAMENTAL::growth::stock-session cross-section::SLOW_TEMPORAL_CHANGE
fund_ba_fixed_asset_yoy,fund_pr_deduct_parent_netprofit_source_yoy,0.036064996776597344,24435,,,,,,FUNDAMENTAL::growth::stock-session cross-section::SLOW_TEMPORAL_CHANGE
fund_ba_fixed_asset_yoy,fund_pr_deduct_parent_netprofit_yoy,0.08580337629201969,24435,,,,,,FUNDAMENTAL::growth::stock-session cross-section::SLOW_TEMPORAL_CHANGE
fund_ba_fixed_asset_yoy,fund_pr_operate_cost_source_yoy,0.03557088112488001,24091,,,,,,FUNDAMENTAL::growth::stock-session cross-section::SLOW_TEMPORAL_CHANGE
fund_ba_fixed_asset_yoy,fund_pr_operate_cost_yoy,0.0829088027022183,24091,,,,,,FUNDAMENTAL::growth::stock-session cross-section::SLOW_TEMPORAL_CHANGE
fund_ba_fixed_asset_yoy,fund_pr_operate_income_source_yoy,0.03372707202008748,24739,,,,,,FUNDAMENTAL::growth::stock-session cross-section::SLOW_TEMPORAL_CHANGE
fund_ba_fixed_asset_yoy,fund_pr_operate_income_yoy,0.08709266506986253,24739,,,,,,FUNDAMENTAL::growth::stock-session cross-section::SLOW_TEMPORAL_CHANGE
fund_ba_fixed_asset_yoy,fund_pr_operate_profit_source_yoy,0.03408045288733973,24759,,,,,,FUNDAMENTAL::growth::stock-session cross-section::SLOW_TEMPORAL_CHANGE
fund_ba_fixed_asset_yoy,fund_pr_operate_profit_yoy,0.08560628944605274,24759,,,,,,FUNDAMENTAL::growth::stock-session cross-section::SLOW_TEMPORAL_CHANGE
fund_ba_fixed_asset_yoy,fund_pr_parent_netprofit_source_yoy,0.03132473097130769,24759,,,,,,FUNDAMENTAL::growth::stock-session cross-section::SLOW_TEMPORAL_CHANGE
fund_ba_fixed_asset_yoy,fund_pr_parent_netprofit_yoy,0.08631236398737994,24759,,,,,,FUNDAMENTAL::growth::stock-session cross-section::SLOW_TEMPORAL_CHANGE
fund_ba_fixed_asset_yoy_at_disclosure,fund_ba_inventory_source_yoy_at_disclosure,0.053945067528007956,1324,,,,,,FUNDAMENTAL::growth::disclosure episode::DISCLOSURE_EVENT
fund_ba_fixed_asset_yoy_at_disclosure,fund_ba_inventory_yoy_at_disclosure,0.08805894611117132,1324,,,,,,FUNDAMENTAL::growth::disclosure episode::DISCLOSURE_EVENT
fund_ba_fixed_asset_yoy_at_disclosure,fund_ba_monetaryfunds_source_yoy_at_disclosure,0.04549978959695148,1349,,,,,,FUNDAMENTAL::growth::disclosure episode::DISCLOSURE_EVENT
fund_ba_fixed_asset_yoy_at_disclosure,fund_ba_monetaryfunds_yoy_at_disclosure,0.07003724430919765,1349,,,,,,FUNDAMENTAL::growth::disclosure episode::DISCLOSURE_EVENT
fund_ba_fixed_asset_yoy_at_disclosure,fund_ba_total_assets_source_yoy_at_disclosure,0.0564532150803017,1369,,,,,,FUNDAMENTAL::growth::disclosure episode::DISCLOSURE_EVENT
fund_ba_fixed_asset_yoy_at_disclosure,fund_ba_total_assets_yoy_at_disclosure,0.12507556572590203,1369,,,,,,FUNDAMENTAL::growth::disclosure episode::DISCLOSURE_EVENT
fund_ba_fixed_asset_yoy_at_disclosure,fund_ba_total_current_assets_source_yoy_at_disclosure,0.04653633080464051,1333,,,,,,FUNDAMENTAL::growth::disclosure episode::DISCLOSURE_EVENT
fund_ba_fixed_asset_yoy_at_disclosure,fund_ba_total_current_assets_yoy_at_disclosure,0.10189193470722803,1333,,,,,,FUNDAMENTAL::growth::disclosure episode::DISCLOSURE_EVENT
fund_ba_fixed_asset_yoy_at_disclosure,fund_ba_total_current_liab_source_yoy_at_disclosure,0.0564888724593196,1333,,,,,,FUNDAMENTAL::growth::disclosure episode::DISCLOSURE_EVENT
fund_ba_fixed_asset_yoy_at_disclosure,fund_ba_total_current_liab_yoy_at_disclosure,0.11923474985122255,1333,,,,,,FUNDAMENTAL::growth::disclosure episode::DISCLOSURE_EVENT
fund_ba_fixed_asset_yoy_at_disclosure,fund_ba_total_equity_source_yoy_at_disclosure,0.05081305776400665,1369,,,,,,FUNDAMENTAL::growth::disclosure episode::DISCLOSURE_EVENT
fund_ba_fixed_asset_yoy_at_disclosure,fund_ba_total_equity_yoy_at_disclosure,0.09685486877918054,1369,,,,,,FUNDAMENTAL::growth::disclosure episode::DISCLOSURE_EVENT
fund_ba_fixed_asset_yoy_at_disclosure,fund_ba_total_liabilities_source_yoy_at_disclosure,0.056912125147599725,1369,,,,,,FUNDAMENTAL::growth::disclosure episode::DISCLOSURE_EVENT
fund_ba_fixed_asset_yoy_at_disclosure,fund_ba_total_liabilities_yoy_at_disclosure,0.12141244298394703,1369,,,,,,FUNDAMENTAL::growth::disclosure episode::DISCLOSURE_EVENT
fund_ba_fixed_asset_yoy_at_disclosure,fund_ca_construct_long_asset_source_yoy_at_disclosure,0.0,0,,,,,,FUNDAMENTAL::growth::disclosure episode::DISCLOSURE_EVENT
fund_ba_fixed_asset_yoy_at_disclosure,fund_ca_construct_long_asset_yoy_at_disclosure,0.0,0,,,,,,FUNDAMENTAL::growth::disclosure episode::DISCLOSURE_EVENT
fund_ba_fixed_asset_yoy_at_disclosure,fund_ca_netcash_finance_source_yoy_at_disclosure,0.0,0,,,,,,FUNDAMENTAL::growth::disclosure episode::DISCLOSURE_EVENT
fund_ba_fixed_asset_yoy_at_disclosure,fund_ca_netcash_finance_yoy_at_disclosure,0.0,0,,,,,,FUNDAMENTAL::growth::disclosure episode::DISCLOSURE_EVENT
fund_ba_fixed_asset_yoy_at_disclosure,fund_ca_netcash_invest_source_yoy_at_disclosure,0.0,0,,,,,,FUNDAMENTAL::growth::disclosure episode::DISCLOSURE_EVENT
fund_ba_fixed_asset_yoy_at_disclosure,fund_ca_netcash_invest_yoy_at_disclosure,0.0,0,,,,,,FUNDAMENTAL::growth::disclosure episode::DISCLOSURE_EVENT
fund_ba_fixed_asset_yoy_at_disclosure,fund_ca_netcash_operate_source_yoy_at_disclosure,0.0,0,,,,,,FUNDAMENTAL::growth::disclosure episode::DISCLOSURE_EVENT
fund_ba_fixed_asset_yoy_at_disclosure,fund_ca_netcash_operate_yoy_at_disclosure,0.0,0,,,,,,FUNDAMENTAL::growth::disclosure episode::DISCLOSURE_EVENT
fund_ba_fixed_asset_yoy_at_disclosure,fund_pr_deduct_parent_netprofit_source_yoy_at_disclosure,0.0,0,,,,,,FUNDAMENTAL::growth::disclosure episode::DISCLOSURE_EVENT
fund_ba_fixed_asset_yoy_at_disclosure,fund_pr_deduct_parent_netprofit_yoy_at_disclosure,0.0,0,,,,,,FUNDAMENTAL::growth::disclosure episode::DISCLOSURE_EVENT
fund_ba_fixed_asset_yoy_at_disclosure,fund_pr_operate_cost_source_yoy_at_disclosure,0.0,0,,,,,,FUNDAMENTAL::growth::disclosure episode::DISCLOSURE_EVENT
fund_ba_fixed_asset_yoy_at_disclosure,fund_pr_operate_cost_yoy_at_disclosure,0.0,0,,,,,,FUNDAMENTAL::growth::disclosure episode::DISCLOSURE_EVENT
fund_ba_fixed_asset_yoy_at_disclosure,fund_pr_operate_income_source_yoy_at_disclosure,0.0,0,,,,,,FUNDAMENTAL::growth::disclosure episode::DISCLOSURE_EVENT
fund_ba_fixed_asset_yoy_at_disclosure,fund_pr_operate_income_yoy_at_disclosure,0.0,0,,,,,,FUNDAMENTAL::growth::disclosure episode::DISCLOSURE_EVENT
fund_ba_fixed_asset_yoy_at_disclosure,fund_pr_operate_profit_source_yoy_at_disclosure,0.0,0,,,,,,FUNDAMENTAL::growth::disclosure episode::DISCLOSURE_EVENT
fund_ba_fixed_asset_yoy_at_disclosure,fund_pr_operate_profit_yoy_at_disclosure,0.0,0,,,,,,FUNDAMENTAL::growth::disclosure episode::DISCLOSURE_EVENT
fund_ba_fixed_asset_yoy_at_disclosure,fund_pr_parent_netprofit_source_yoy_at_disclosure,0.0,0,,,,,,FUNDAMENTAL::growth::disclosure episode::DISCLOSURE_EVENT
fund_ba_fixed_asset_yoy_at_disclosure,fund_pr_parent_netprofit_yoy_at_disclosure,0.0,0,,,,,,FUNDAMENTAL::growth::disclosure episode::DISCLOSURE_EVENT
fund_ba_inventory_acceleration,fund_ba_inventory_delta,0.2509290792370605,24366,,,,,,FUNDAMENTAL::working_capital::stock-session cross-section::SLOW_TEMPORAL_CHANGE
fund_ba_inventory_acceleration,fund_ba_inventory_persistence,0.02641190927311598,24297,,,,,,FUNDAMENTAL::working_capital::stock-session cross-section::SLOW_TEMPORAL_CHANGE
fund_ba_inventory_acceleration,fund_ba_inventory_slope,0.24549212777740023,24366,,,,,,FUNDAMENTAL::working_capital::stock-session cross-section::SLOW_TEMPORAL_CHANGE
fund_ba_inventory_acceleration_at_disclosure,fund_ba_inventory_delta_at_disclosure,0.2369185114361413,1325,,,,,,FUNDAMENTAL::working_capital::disclosure episode::DISCLOSURE_EVENT
fund_ba_inventory_acceleration_at_disclosure,fund_ba_inventory_persistence_at_disclosure,0.025951846199437367,1324,,,,,,FUNDAMENTAL::working_capital::disclosure episode::DISCLOSURE_EVENT
fund_ba_inventory_acceleration_at_disclosure,fund_ba_inventory_slope_at_disclosure,0.2289266307599097,1325,,,,,,FUNDAMENTAL::working_capital::disclosure episode::DISCLOSURE_EVENT
fund_ba_inventory_acceleration_at_disclosure,fund_working_capital_inventory_assets_at_disclosure,0.08021804195496579,1325,,,,,,FUNDAMENTAL::working_capital::disclosure episode::DISCLOSURE_EVENT
fund_ba_inventory_acceleration_at_disclosure,fund_working_capital_payables_assets_at_disclosure,0.04643580797808035,1325,,,,,,FUNDAMENTAL::working_capital::disclosure episode::DISCLOSURE_EVENT
fund_ba_inventory_acceleration_at_disclosure,fund_working_capital_receivables_assets_at_disclosure,0.048896992346614376,1325,,,,,,FUNDAMENTAL::working_capital::disclosure episode::DISCLOSURE_EVENT
fund_ba_inventory_delta,fund_ba_inventory_persistence,0.006267666963541587,24585,,,,,,FUNDAMENTAL::working_capital::stock-session cross-section::SLOW_TEMPORAL_CHANGE
fund_ba_inventory_delta,fund_ba_inventory_slope,0.7682072850738161,24683,,,,,,FUNDAMENTAL::working_capital::stock-session cross-section::SLOW_TEMPORAL_CHANGE
fund_ba_inventory_delta_at_disclosure,fund_ba_inventory_persistence_at_disclosure,0.011661681529173804,1333,,,,,,FUNDAMENTAL::working_capital::disclosure episode::DISCLOSURE_EVENT
fund_ba_inventory_delta_at_disclosure,fund_ba_inventory_slope_at_disclosure,0.7146927729159677,1336,,,,,,FUNDAMENTAL::working_capital::disclosure episode::DISCLOSURE_EVENT
fund_ba_inventory_delta_at_disclosure,fund_working_capital_inventory_assets_at_disclosure,0.08614435025377476,1336,,,,,,FUNDAMENTAL::working_capital::disclosure episode::DISCLOSURE_EVENT
fund_ba_inventory_delta_at_disclosure,fund_working_capital_payables_assets_at_disclosure,0.03821160985068313,1336,,,,,,FUNDAMENTAL::working_capital::disclosure episode::DISCLOSURE_EVENT
fund_ba_inventory_delta_at_disclosure,fund_working_capital_receivables_assets_at_disclosure,0.04065527349005161,1336,,,,,,FUNDAMENTAL::working_capital::disclosure episode::DISCLOSURE_EVENT
fund_ba_inventory_persistence,fund_ba_inventory_slope,0.00962967707570519,24585,,,,,,FUNDAMENTAL::working_capital::stock-session cross-section::SLOW_TEMPORAL_CHANGE
fund_ba_inventory_persistence_at_disclosure,fund_ba_inventory_slope_at_disclosure,0.01035715069034861,1333,,,,,,FUNDAMENTAL::working_capital::disclosure episode::DISCLOSURE_EVENT
fund_ba_inventory_persistence_at_disclosure,fund_working_capital_inventory_assets_at_disclosure,0.015024062091270073,1333,,,,,,FUNDAMENTAL::working_capital::disclosure episode::DISCLOSURE_EVENT
fund_ba_inventory_persistence_at_disclosure,fund_working_capital_payables_assets_at_disclosure,0.014678805407100383,1333,,,,,,FUNDAMENTAL::working_capital::disclosure episode::DISCLOSURE_EVENT
fund_ba_inventory_persistence_at_disclosure,fund_working_capital_receivables_assets_at_disclosure,0.01202372595456598,1333,,,,,,FUNDAMENTAL::working_capital::disclosure episode::DISCLOSURE_EVENT
fund_ba_inventory_slope_at_disclosure,fund_working_capital_inventory_assets_at_disclosure,0.08527360099925452,1336,,,,,,FUNDAMENTAL::working_capital::disclosure episode::DISCLOSURE_EVENT
fund_ba_inventory_slope_at_disclosure,fund_working_capital_payables_assets_at_disclosure,0.040925726072347304,1336,,,,,,FUNDAMENTAL::working_capital::disclosure episode::DISCLOSURE_EVENT
fund_ba_inventory_slope_at_disclosure,fund_working_capital_receivables_assets_at_disclosure,0.04106627502941147,1336,,,,,,FUNDAMENTAL::working_capital::disclosure episode::DISCLOSURE_EVENT
fund_ba_inventory_source_yoy,fund_ba_inventory_yoy,0.28433213590697487,24010,,,,,,FUNDAMENTAL::growth::stock-session cross-section::SLOW_TEMPORAL_CHANGE
fund_ba_inventory_source_yoy,fund_ba_monetaryfunds_source_yoy,0.031261678374291606,24010,,,,,,FUNDAMENTAL::growth::stock-session cross-section::SLOW_TEMPORAL_CHANGE
fund_ba_inventory_source_yoy,fund_ba_monetaryfunds_yoy,0.03070483168070325,24010,,,,,,FUNDAMENTAL::growth::stock-session cross-section::SLOW_TEMPORAL_CHANGE
fund_ba_inventory_source_yoy,fund_ba_total_assets_source_yoy,0.08130794067922346,24010,,,,,,FUNDAMENTAL::growth::stock-session cross-section::SLOW_TEMPORAL_CHANGE
fund_ba_inventory_source_yoy,fund_ba_total_assets_yoy,0.06473977787816267,24010,,,,,,FUNDAMENTAL::growth::stock-session cross-section::SLOW_TEMPORAL_CHANGE
fund_ba_inventory_source_yoy,fund_ba_total_current_assets_source_yoy,0.0626112450955566,24010,,,,,,FUNDAMENTAL::growth::stock-session cross-section::SLOW_TEMPORAL_CHANGE
fund_ba_inventory_source_yoy,fund_ba_total_current_assets_yoy,0.053065549459441835,24010,,,,,,FUNDAMENTAL::growth::stock-session cross-section::SLOW_TEMPORAL_CHANGE
fund_ba_inventory_source_yoy,fund_ba_total_current_liab_source_yoy,0.06546688576026796,24010,,,,,,FUNDAMENTAL::growth::stock-session cross-section::SLOW_TEMPORAL_CHANGE
fund_ba_inventory_source_yoy,fund_ba_total_current_liab_yoy,0.05186519466532407,24010,,,,,,FUNDAMENTAL::growth::stock-session cross-section::SLOW_TEMPORAL_CHANGE
fund_ba_inventory_source_yoy,fund_ba_total_equity_source_yoy,0.04648809363830789,24010,,,,,,FUNDAMENTAL::growth::stock-session cross-section::SLOW_TEMPORAL_CHANGE
fund_ba_inventory_source_yoy,fund_ba_total_equity_yoy,0.04738488604532064,24010,,,,,,FUNDAMENTAL::growth::stock-session cross-section::SLOW_TEMPORAL_CHANGE
fund_ba_inventory_source_yoy,fund_ba_total_liabilities_source_yoy,0.07391953662454506,24010,,,,,,FUNDAMENTAL::growth::stock-session cross-section::SLOW_TEMPORAL_CHANGE
fund_ba_inventory_source_yoy,fund_ba_total_liabilities_yoy,0.05974474933959102,24010,,,,,,FUNDAMENTAL::growth::stock-session cross-section::SLOW_TEMPORAL_CHANGE
fund_ba_inventory_source_yoy,fund_ca_construct_long_asset_source_yoy,0.02902222122100655,23792,,,,,,FUNDAMENTAL::growth::stock-session cross-section::SLOW_TEMPORAL_CHANGE
fund_ba_inventory_source_yoy,fund_ca_construct_long_asset_yoy,0.03084980340021728,23792,,,,,,FUNDAMENTAL::growth::stock-session cross-section::SLOW_TEMPORAL_CHANGE
fund_ba_inventory_source_yoy,fund_ca_netcash_finance_source_yoy,0.027677595931495543,23266,,,,,,FUNDAMENTAL::growth::stock-session cross-section::SLOW_TEMPORAL_CHANGE
fund_ba_inventory_source_yoy,fund_ca_netcash_finance_yoy,0.031225105732636,23296,,,,,,FUNDAMENTAL::growth::stock-session cross-section::SLOW_TEMPORAL_CHANGE
fund_ba_inventory_source_yoy,fund_ca_netcash_invest_source_yoy,0.0252115495303948,23843,,,,,,FUNDAMENTAL::growth::stock-session cross-section::SLOW_TEMPORAL_CHANGE
fund_ba_inventory_source_yoy,fund_ca_netcash_invest_yoy,0.026830447737407344,23843,,,,,,FUNDAMENTAL::growth::stock-session cross-section::SLOW_TEMPORAL_CHANGE
fund_ba_inventory_source_yoy,fund_ca_netcash_operate_source_yoy,0.033542040431547425,23863,,,,,,FUNDAMENTAL::growth::stock-session cross-section::SLOW_TEMPORAL_CHANGE
fund_ba_inventory_source_yoy,fund_ca_netcash_operate_yoy,0.03560264988944931,23863,,,,,,FUNDAMENTAL::growth::stock-session cross-section::SLOW_TEMPORAL_CHANGE
fund_ba_inventory_source_yoy,fund_pr_deduct_parent_netprofit_source_yoy,0.030867894533239536,23611,,,,,,FUNDAMENTAL::growth::stock-session cross-section::SLOW_TEMPORAL_CHANGE
fund_ba_inventory_source_yoy,fund_pr_deduct_parent_netprofit_yoy,0.03165273014847739,23611,,,,,,FUNDAMENTAL::growth::stock-session cross-section::SLOW_TEMPORAL_CHANGE
fund_ba_inventory_source_yoy,fund_pr_operate_cost_source_yoy,0.04084946468202139,23915,,,,,,FUNDAMENTAL::growth::stock-session cross-section::SLOW_TEMPORAL_CHANGE
fund_ba_inventory_source_yoy,fund_pr_operate_cost_yoy,0.03661621823629052,23915,,,,,,FUNDAMENTAL::growth::stock-session cross-section::SLOW_TEMPORAL_CHANGE
fund_ba_inventory_source_yoy,fund_pr_operate_income_source_yoy,0.03948502882711514,23915,,,,,,FUNDAMENTAL::growth::stock-session cross-section::SLOW_TEMPORAL_CHANGE
fund_ba_inventory_source_yoy,fund_pr_operate_income_yoy,0.03847799008633836,23915,,,,,,FUNDAMENTAL::growth::stock-session cross-section::SLOW_TEMPORAL_CHANGE
fund_ba_inventory_source_yoy,fund_pr_operate_profit_source_yoy,0.031663176346119,23935,,,,,,FUNDAMENTAL::growth::stock-session cross-section::SLOW_TEMPORAL_CHANGE
fund_ba_inventory_source_yoy,fund_pr_operate_profit_yoy,0.028715558913319623,23935,,,,,,FUNDAMENTAL::growth::stock-session cross-section::SLOW_TEMPORAL_CHANGE
fund_ba_inventory_source_yoy,fund_pr_parent_netprofit_source_yoy,0.03494476309392988,23935,,,,,,FUNDAMENTAL::growth::stock-session cross-section::SLOW_TEMPORAL_CHANGE
fund_ba_inventory_source_yoy,fund_pr_parent_netprofit_yoy,0.028832009708279392,23935,,,,,,FUNDAMENTAL::growth::stock-session cross-section::SLOW_TEMPORAL_CHANGE
fund_ba_inventory_source_yoy_at_disclosure,fund_ba_inventory_yoy_at_disclosure,0.2830780075928207,1324,,,,,,FUNDAMENTAL::growth::disclosure episode::DISCLOSURE_EVENT
fund_ba_inventory_source_yoy_at_disclosure,fund_ba_monetaryfunds_source_yoy_at_disclosure,0.038508417298627515,1324,,,,,,FUNDAMENTAL::growth::disclosure episode::DISCLOSURE_EVENT
fund_ba_inventory_source_yoy_at_disclosure,fund_ba_monetaryfunds_yoy_at_disclosure,0.032229468348692024,1324,,,,,,FUNDAMENTAL::growth::disclosure episode::DISCLOSURE_EVENT
fund_ba_inventory_source_yoy_at_disclosure,fund_ba_total_assets_source_yoy_at_disclosure,0.08307847837649007,1324,,,,,,FUNDAMENTAL::growth::disclosure episode::DISCLOSURE_EVENT
fund_ba_inventory_source_yoy_at_disclosure,fund_ba_total_assets_yoy_at_disclosure,0.06324740350642064,1324,,,,,,FUNDAMENTAL::growth::disclosure episode::DISCLOSURE_EVENT
fund_ba_inventory_source_yoy_at_disclosure,fund_ba_total_current_assets_source_yoy_at_disclosure,0.06385540701818639,1324,,,,,,FUNDAMENTAL::growth::disclosure episode::DISCLOSURE_EVENT
fund_ba_inventory_source_yoy_at_disclosure,fund_ba_total_current_assets_yoy_at_disclosure,0.05106747094608001,1324,,,,,,FUNDAMENTAL::growth::disclosure episode::DISCLOSURE_EVENT
fund_ba_inventory_source_yoy_at_disclosure,fund_ba_total_current_liab_source_yoy_at_disclosure,0.06667909115921279,1324,,,,,,FUNDAMENTAL::growth::disclosure episode::DISCLOSURE_EVENT
fund_ba_inventory_source_yoy_at_disclosure,fund_ba_total_current_liab_yoy_at_disclosure,0.052829661789391455,1324,,,,,,FUNDAMENTAL::growth::disclosure episode::DISCLOSURE_EVENT
fund_ba_inventory_source_yoy_at_disclosure,fund_ba_total_equity_source_yoy_at_disclosure,0.059371628819476635,1324,,,,,,FUNDAMENTAL::growth::disclosure episode::DISCLOSURE_EVENT
fund_ba_inventory_source_yoy_at_disclosure,fund_ba_total_equity_yoy_at_disclosure,0.04747639894360927,1324,,,,,,FUNDAMENTAL::growth::disclosure episode::DISCLOSURE_EVENT
fund_ba_inventory_source_yoy_at_disclosure,fund_ba_total_liabilities_source_yoy_at_disclosure,0.07119179183630864,1324,,,,,,FUNDAMENTAL::growth::disclosure episode::DISCLOSURE_EVENT
fund_ba_inventory_source_yoy_at_disclosure,fund_ba_total_liabilities_yoy_at_disclosure,0.06115485339390127,1324,,,,,,FUNDAMENTAL::growth::disclosure episode::DISCLOSURE_EVENT
fund_ba_inventory_source_yoy_at_disclosure,fund_ca_construct_long_asset_source_yoy_at_disclosure,0.0,0,,,,,,FUNDAMENTAL::growth::disclosure episode::DISCLOSURE_EVENT
fund_ba_inventory_source_yoy_at_disclosure,fund_ca_construct_long_asset_yoy_at_disclosure,0.0,0,,,,,,FUNDAMENTAL::growth::disclosure episode::DISCLOSURE_EVENT
fund_ba_inventory_source_yoy_at_disclosure,fund_ca_netcash_finance_source_yoy_at_disclosure,0.0,0,,,,,,FUNDAMENTAL::growth::disclosure episode::DISCLOSURE_EVENT
fund_ba_inventory_source_yoy_at_disclosure,fund_ca_netcash_finance_yoy_at_disclosure,0.0,0,,,,,,FUNDAMENTAL::growth::disclosure episode::DISCLOSURE_EVENT
fund_ba_inventory_source_yoy_at_disclosure,fund_ca_netcash_invest_source_yoy_at_disclosure,0.0,0,,,,,,FUNDAMENTAL::growth::disclosure episode::DISCLOSURE_EVENT
fund_ba_inventory_source_yoy_at_disclosure,fund_ca_netcash_invest_yoy_at_disclosure,0.0,0,,,,,,FUNDAMENTAL::growth::disclosure episode::DISCLOSURE_EVENT
fund_ba_inventory_source_yoy_at_disclosure,fund_ca_netcash_operate_source_yoy_at_disclosure,0.0,0,,,,,,FUNDAMENTAL::growth::disclosure episode::DISCLOSURE_EVENT
fund_ba_inventory_source_yoy_at_disclosure,fund_ca_netcash_operate_yoy_at_disclosure,0.0,0,,,,,,FUNDAMENTAL::growth::disclosure episode::DISCLOSURE_EVENT
fund_ba_inventory_source_yoy_at_disclosure,fund_pr_deduct_parent_netprofit_source_yoy_at_disclosure,0.0,0,,,,,,FUNDAMENTAL::growth::disclosure episode::DISCLOSURE_EVENT
fund_ba_inventory_source_yoy_at_disclosure,fund_pr_deduct_parent_netprofit_yoy_at_disclosure,0.0,0,,,,,,FUNDAMENTAL::growth::disclosure episode::DISCLOSURE_EVENT
fund_ba_inventory_source_yoy_at_disclosure,fund_pr_operate_cost_source_yoy_at_disclosure,0.0,0,,,,,,FUNDAMENTAL::growth::disclosure episode::DISCLOSURE_EVENT
fund_ba_inventory_source_yoy_at_disclosure,fund_pr_operate_cost_yoy_at_disclosure,0.0,0,,,,,,FUNDAMENTAL::growth::disclosure episode::DISCLOSURE_EVENT
fund_ba_inventory_source_yoy_at_disclosure,fund_pr_operate_income_source_yoy_at_disclosure,0.0,0,,,,,,FUNDAMENTAL::growth::disclosure episode::DISCLOSURE_EVENT
fund_ba_inventory_source_yoy_at_disclosure,fund_pr_operate_income_yoy_at_disclosure,0.0,0,,,,,,FUNDAMENTAL::growth::disclosure episode::DISCLOSURE_EVENT
fund_ba_inventory_source_yoy_at_disclosure,fund_pr_operate_profit_source_yoy_at_disclosure,0.0,0,,,,,,FUNDAMENTAL::growth::disclosure episode::DISCLOSURE_EVENT
fund_ba_inventory_source_yoy_at_disclosure,fund_pr_operate_profit_yoy_at_disclosure,0.0,0,,,,,,FUNDAMENTAL::growth::disclosure episode::DISCLOSURE_EVENT
fund_ba_inventory_source_yoy_at_disclosure,fund_pr_parent_netprofit_source_yoy_at_disclosure,0.0,0,,,,,,FUNDAMENTAL::growth::disclosure episode::DISCLOSURE_EVENT
fund_ba_inventory_source_yoy_at_disclosure,fund_pr_parent_netprofit_yoy_at_disclosure,0.0,0,,,,,,FUNDAMENTAL::growth::disclosure episode::DISCLOSURE_EVENT
fund_ba_inventory_yoy,fund_ba_monetaryfunds_source_yoy,0.031564551365954055,24010,,,,,,FUNDAMENTAL::growth::stock-session cross-section::SLOW_TEMPORAL_CHANGE
fund_ba_inventory_yoy,fund_ba_monetaryfunds_yoy,0.08254557098223848,24010,,,,,,FUNDAMENTAL::growth::stock-session cross-section::SLOW_TEMPORAL_CHANGE
fund_ba_inventory_yoy,fund_ba_total_assets_source_yoy,0.07127160696983477,24010,,,,,,FUNDAMENTAL::growth::stock-session cross-section::SLOW_TEMPORAL_CHANGE
fund_ba_inventory_yoy,fund_ba_total_assets_yoy,0.13341938008773113,24010,,,,,,FUNDAMENTAL::growth::stock-session cross-section::SLOW_TEMPORAL_CHANGE
fund_ba_inventory_yoy,fund_ba_total_current_assets_source_yoy,0.05441249146413494,24010,,,,,,FUNDAMENTAL::growth::stock-session cross-section::SLOW_TEMPORAL_CHANGE
fund_ba_inventory_yoy,fund_ba_total_current_assets_yoy,0.13660705855945568,24010,,,,,,FUNDAMENTAL::growth::stock-session cross-section::SLOW_TEMPORAL_CHANGE
fund_ba_inventory_yoy,fund_ba_total_current_liab_source_yoy,0.05788056571673358,24010,,,,,,FUNDAMENTAL::growth::stock-session cross-section::SLOW_TEMPORAL_CHANGE
fund_ba_inventory_yoy,fund_ba_total_current_liab_yoy,0.14246541381963884,24010,,,,,,FUNDAMENTAL::growth::stock-session cross-section::SLOW_TEMPORAL_CHANGE
fund_ba_inventory_yoy,fund_ba_total_equity_source_yoy,0.04619234302181953,24010,,,,,,FUNDAMENTAL::growth::stock-session cross-section::SLOW_TEMPORAL_CHANGE
fund_ba_inventory_yoy,fund_ba_total_equity_yoy,0.09216761660224414,24010,,,,,,FUNDAMENTAL::growth::stock-session cross-section::SLOW_TEMPORAL_CHANGE
fund_ba_inventory_yoy,fund_ba_total_liabilities_source_yoy,0.06189720110465997,24010,,,,,,FUNDAMENTAL::growth::stock-session cross-section::SLOW_TEMPORAL_CHANGE
fund_ba_inventory_yoy,fund_ba_total_liabilities_yoy,0.14218645518830392,24010,,,,,,FUNDAMENTAL::growth::stock-session cross-section::SLOW_TEMPORAL_CHANGE
fund_ba_inventory_yoy,fund_ca_construct_long_asset_source_yoy,0.03364972419778069,23792,,,,,,FUNDAMENTAL::growth::stock-session cross-section::SLOW_TEMPORAL_CHANGE
fund_ba_inventory_yoy,fund_ca_construct_long_asset_yoy,0.062042549600943714,23792,,,,,,FUNDAMENTAL::growth::stock-session cross-section::SLOW_TEMPORAL_CHANGE
fund_ba_inventory_yoy,fund_ca_netcash_finance_source_yoy,0.03298548864423311,23266,,,,,,FUNDAMENTAL::growth::stock-session cross-section::SLOW_TEMPORAL_CHANGE
fund_ba_inventory_yoy,fund_ca_netcash_finance_yoy,0.06571521552467748,23296,,,,,,FUNDAMENTAL::growth::stock-session cross-section::SLOW_TEMPORAL_CHANGE
fund_ba_inventory_yoy,fund_ca_netcash_invest_source_yoy,0.028225105372921038,23843,,,,,,FUNDAMENTAL::growth::stock-session cross-section::SLOW_TEMPORAL_CHANGE
fund_ba_inventory_yoy,fund_ca_netcash_invest_yoy,0.06545564338679896,23843,,,,,,FUNDAMENTAL::growth::stock-session cross-section::SLOW_TEMPORAL_CHANGE
fund_ba_inventory_yoy,fund_ca_netcash_operate_source_yoy,0.029440130641614846,23863,,,,,,FUNDAMENTAL::growth::stock-session cross-section::SLOW_TEMPORAL_CHANGE
fund_ba_inventory_yoy,fund_ca_netcash_operate_yoy,0.08669332319273251,23863,,,,,,FUNDAMENTAL::growth::stock-session cross-section::SLOW_TEMPORAL_CHANGE
fund_ba_inventory_yoy,fund_pr_deduct_parent_netprofit_source_yoy,0.03409731609453675,23611,,,,,,FUNDAMENTAL::growth::stock-session cross-section::SLOW_TEMPORAL_CHANGE
fund_ba_inventory_yoy,fund_pr_deduct_parent_netprofit_yoy,0.0748035933981643,23611,,,,,,FUNDAMENTAL::growth::stock-session cross-section::SLOW_TEMPORAL_CHANGE
fund_ba_inventory_yoy,fund_pr_operate_cost_source_yoy,0.04106913081404286,23915,,,,,,FUNDAMENTAL::growth::stock-session cross-section::SLOW_TEMPORAL_CHANGE
fund_ba_inventory_yoy,fund_pr_operate_cost_yoy,0.11132685789837257,23915,,,,,,FUNDAMENTAL::growth::stock-session cross-section::SLOW_TEMPORAL_CHANGE
fund_ba_inventory_yoy,fund_pr_operate_income_source_yoy,0.03429399035785891,23915,,,,,,FUNDAMENTAL::growth::stock-session cross-section::SLOW_TEMPORAL_CHANGE
fund_ba_inventory_yoy,fund_pr_operate_income_yoy,0.10015266989418656,23915,,,,,,FUNDAMENTAL::growth::stock-session cross-section::SLOW_TEMPORAL_CHANGE
fund_ba_inventory_yoy,fund_pr_operate_profit_source_yoy,0.03322621086161447,23935,,,,,,FUNDAMENTAL::growth::stock-session cross-section::SLOW_TEMPORAL_CHANGE
fund_ba_inventory_yoy,fund_pr_operate_profit_yoy,0.08117334286674628,23935,,,,,,FUNDAMENTAL::growth::stock-session cross-section::SLOW_TEMPORAL_CHANGE
fund_ba_inventory_yoy,fund_pr_parent_netprofit_source_yoy,0.027277554507814564,23935,,,,,,FUNDAMENTAL::growth::stock-session cross-section::SLOW_TEMPORAL_CHANGE
fund_ba_inventory_yoy,fund_pr_parent_netprofit_yoy,0.0733050522463813,23935,,,,,,FUNDAMENTAL::growth::stock-session cross-section::SLOW_TEMPORAL_CHANGE
fund_ba_inventory_yoy_at_disclosure,fund_ba_monetaryfunds_source_yoy_at_disclosure,0.03837266159980221,1324,,,,,,FUNDAMENTAL::growth::disclosure episode::DISCLOSURE_EVENT
fund_ba_inventory_yoy_at_disclosure,fund_ba_monetaryfunds_yoy_at_disclosure,0.07838235141791092,1324,,,,,,FUNDAMENTAL::growth::disclosure episode::DISCLOSURE_EVENT
fund_ba_inventory_yoy_at_disclosure,fund_ba_total_assets_source_yoy_at_disclosure,0.07306726940769452,1324,,,,,,FUNDAMENTAL::growth::disclosure episode::DISCLOSURE_EVENT
fund_ba_inventory_yoy_at_disclosure,fund_ba_total_assets_yoy_at_disclosure,0.13705662230235854,1324,,,,,,FUNDAMENTAL::growth::disclosure episode::DISCLOSURE_EVENT
fund_ba_inventory_yoy_at_disclosure,fund_ba_total_current_assets_source_yoy_at_disclosure,0.061410014162717366,1324,,,,,,FUNDAMENTAL::growth::disclosure episode::DISCLOSURE_EVENT
fund_ba_inventory_yoy_at_disclosure,fund_ba_total_current_assets_yoy_at_disclosure,0.14392427750643474,1324,,,,,,FUNDAMENTAL::growth::disclosure episode::DISCLOSURE_EVENT
fund_ba_inventory_yoy_at_disclosure,fund_ba_total_current_liab_source_yoy_at_disclosure,0.059022781801412766,1324,,,,,,FUNDAMENTAL::growth::disclosure episode::DISCLOSURE_EVENT
fund_ba_inventory_yoy_at_disclosure,fund_ba_total_current_liab_yoy_at_disclosure,0.13888006670272499,1324,,,,,,FUNDAMENTAL::growth::disclosure episode::DISCLOSURE_EVENT
fund_ba_inventory_yoy_at_disclosure,fund_ba_total_equity_source_yoy_at_disclosure,0.047145686307030636,1324,,,,,,FUNDAMENTAL::growth::disclosure episode::DISCLOSURE_EVENT
fund_ba_inventory_yoy_at_disclosure,fund_ba_total_equity_yoy_at_disclosure,0.0937054922902944,1324,,,,,,FUNDAMENTAL::growth::disclosure episode::DISCLOSURE_EVENT
fund_ba_inventory_yoy_at_disclosure,fund_ba_total_liabilities_source_yoy_at_disclosure,0.06664528462621956,1324,,,,,,FUNDAMENTAL::growth::disclosure episode::DISCLOSURE_EVENT
fund_ba_inventory_yoy_at_disclosure,fund_ba_total_liabilities_yoy_at_disclosure,0.14867754984106912,1324,,,,,,FUNDAMENTAL::growth::disclosure episode::DISCLOSURE_EVENT
fund_ba_inventory_yoy_at_disclosure,fund_ca_construct_long_asset_source_yoy_at_disclosure,0.0,0,,,,,,FUNDAMENTAL::growth::disclosure episode::DISCLOSURE_EVENT
fund_ba_inventory_yoy_at_disclosure,fund_ca_construct_long_asset_yoy_at_disclosure,0.0,0,,,,,,FUNDAMENTAL::growth::disclosure episode::DISCLOSURE_EVENT
fund_ba_inventory_yoy_at_disclosure,fund_ca_netcash_finance_source_yoy_at_disclosure,0.0,0,,,,,,FUNDAMENTAL::growth::disclosure episode::DISCLOSURE_EVENT
fund_ba_inventory_yoy_at_disclosure,fund_ca_netcash_finance_yoy_at_disclosure,0.0,0,,,,,,FUNDAMENTAL::growth::disclosure episode::DISCLOSURE_EVENT
fund_ba_inventory_yoy_at_disclosure,fund_ca_netcash_invest_source_yoy_at_disclosure,0.0,0,,,,,,FUNDAMENTAL::growth::disclosure episode::DISCLOSURE_EVENT
fund_ba_inventory_yoy_at_disclosure,fund_ca_netcash_invest_yoy_at_disclosure,0.0,0,,,,,,FUNDAMENTAL::growth::disclosure episode::DISCLOSURE_EVENT
fund_ba_inventory_yoy_at_disclosure,fund_ca_netcash_operate_source_yoy_at_disclosure,0.0,0,,,,,,FUNDAMENTAL::growth::disclosure episode::DISCLOSURE_EVENT
fund_ba_inventory_yoy_at_disclosure,fund_ca_netcash_operate_yoy_at_disclosure,0.0,0,,,,,,FUNDAMENTAL::growth::disclosure episode::DISCLOSURE_EVENT
fund_ba_inventory_yoy_at_disclosure,fund_pr_deduct_parent_netprofit_source_yoy_at_disclosure,0.0,0,,,,,,FUNDAMENTAL::growth::disclosure episode::DISCLOSURE_EVENT
fund_ba_inventory_yoy_at_disclosure,fund_pr_deduct_parent_netprofit_yoy_at_disclosure,0.0,0,,,,,,FUNDAMENTAL::growth::disclosure episode::DISCLOSURE_EVENT
fund_ba_inventory_yoy_at_disclosure,fund_pr_operate_cost_source_yoy_at_disclosure,0.0,0,,,,,,FUNDAMENTAL::growth::disclosure episode::DISCLOSURE_EVENT
fund_ba_inventory_yoy_at_disclosure,fund_pr_operate_cost_yoy_at_disclosure,0.0,0,,,,,,FUNDAMENTAL::growth::disclosure episode::DISCLOSURE_EVENT
fund_ba_inventory_yoy_at_disclosure,fund_pr_operate_income_source_yoy_at_disclosure,0.0,0,,,,,,FUNDAMENTAL::growth::disclosure episode::DISCLOSURE_EVENT
fund_ba_inventory_yoy_at_disclosure,fund_pr_operate_income_yoy_at_disclosure,0.0,0,,,,,,FUNDAMENTAL::growth::disclosure episode::DISCLOSURE_EVENT
fund_ba_inventory_yoy_at_disclosure,fund_pr_operate_profit_source_yoy_at_disclosure,0.0,0,,,,,,FUNDAMENTAL::growth::disclosure episode::DISCLOSURE_EVENT
fund_ba_inventory_yoy_at_disclosure,fund_pr_operate_profit_yoy_at_disclosure,0.0,0,,,,,,FUNDAMENTAL::growth::disclosure episode::DISCLOSURE_EVENT
fund_ba_inventory_yoy_at_disclosure,fund_pr_parent_netprofit_source_yoy_at_disclosure,0.0,0,,,,,,FUNDAMENTAL::growth::disclosure episode::DISCLOSURE_EVENT
fund_ba_inventory_yoy_at_disclosure,fund_pr_parent_netprofit_yoy_at_disclosure,0.0,0,,,,,,FUNDAMENTAL::growth::disclosure episode::DISCLOSURE_EVENT
fund_ba_monetaryfunds_acceleration,fund_ba_monetaryfunds_delta,0.2288831234173875,24837,,,,,,FUNDAMENTAL::liquidity_solvency::stock-session cross-section::SLOW_TEMPORAL_CHANGE
fund_ba_monetaryfunds_acceleration,fund_ba_monetaryfunds_persistence,0.02360414784758504,24801,,,,,,FUNDAMENTAL::liquidity_solvency::stock-session cross-section::SLOW_TEMPORAL_CHANGE
fund_ba_monetaryfunds_acceleration,fund_ba_monetaryfunds_slope,0.2278065740999439,24837,,,,,,FUNDAMENTAL::liquidity_solvency::stock-session cross-section::SLOW_TEMPORAL_CHANGE
fund_ba_monetaryfunds_acceleration,fund_ba_total_current_assets_acceleration,0.23311474629447176,24549,,,,,,FUNDAMENTAL::liquidity_solvency::stock-session cross-section::SLOW_TEMPORAL_CHANGE
fund_ba_monetaryfunds_acceleration,fund_ba_total_current_assets_delta,0.13681221772360425,24549,,,,,,FUNDAMENTAL::liquidity_solvency::stock-session cross-section::SLOW_TEMPORAL_CHANGE
fund_ba_monetaryfunds_acceleration,fund_ba_total_current_assets_persistence,0.01381736408265097,24535,,,,,,FUNDAMENTAL::liquidity_solvency::stock-session cross-section::SLOW_TEMPORAL_CHANGE
fund_ba_monetaryfunds_acceleration,fund_ba_total_current_assets_slope,0.13454000445643452,24549,,,,,,FUNDAMENTAL::liquidity_solvency::stock-session cross-section::SLOW_TEMPORAL_CHANGE
fund_ba_monetaryfunds_acceleration,fund_ba_total_current_liab_acceleration,0.14425725451542795,24549,,,,,,FUNDAMENTAL::liquidity_solvency::stock-session cross-section::SLOW_TEMPORAL_CHANGE
fund_ba_monetaryfunds_acceleration,fund_ba_total_current_liab_delta,0.11006103113878711,24549,,,,,,FUNDAMENTAL::liquidity_solvency::stock-session cross-section::SLOW_TEMPORAL_CHANGE
fund_ba_monetaryfunds_acceleration,fund_ba_total_current_liab_persistence,0.007713363827286963,24519,,,,,,FUNDAMENTAL::liquidity_solvency::stock-session cross-section::SLOW_TEMPORAL_CHANGE
fund_ba_monetaryfunds_acceleration,fund_ba_total_current_liab_slope,0.10744466186347708,24549,,,,,,FUNDAMENTAL::liquidity_solvency::stock-session cross-section::SLOW_TEMPORAL_CHANGE
fund_ba_monetaryfunds_acceleration_at_disclosure,fund_ba_monetaryfunds_delta_at_disclosure,0.20069818884770826,1351,,,,,,FUNDAMENTAL::liquidity_solvency::disclosure episode::DISCLOSURE_EVENT
fund_ba_monetaryfunds_acceleration_at_disclosure,fund_ba_monetaryfunds_persistence_at_disclosure,0.02762708380623496,1350,,,,,,FUNDAMENTAL::liquidity_solvency::disclosure episode::DISCLOSURE_EVENT
fund_ba_monetaryfunds_acceleration_at_disclosure,fund_ba_monetaryfunds_slope_at_disclosure,0.1955704372011319,1351,,,,,,FUNDAMENTAL::liquidity_solvency::disclosure episode::DISCLOSURE_EVENT
fund_ba_monetaryfunds_acceleration_at_disclosure,fund_ba_total_current_assets_acceleration_at_disclosure,0.22176724568785772,1335,,,,,,FUNDAMENTAL::liquidity_solvency::disclosure episode::DISCLOSURE_EVENT
fund_ba_monetaryfunds_acceleration_at_disclosure,fund_ba_total_current_assets_delta_at_disclosure,0.12138086030526346,1335,,,,,,FUNDAMENTAL::liquidity_solvency::disclosure episode::DISCLOSURE_EVENT
fund_ba_monetaryfunds_acceleration_at_disclosure,fund_ba_total_current_assets_persistence_at_disclosure,0.01467550676312634,1335,,,,,,FUNDAMENTAL::liquidity_solvency::disclosure episode::DISCLOSURE_EVENT
fund_ba_monetaryfunds_acceleration_at_disclosure,fund_ba_total_current_assets_slope_at_disclosure,0.11299008068698259,1335,,,,,,FUNDAMENTAL::liquidity_solvency::disclosure episode::DISCLOSURE_EVENT
fund_ba_monetaryfunds_acceleration_at_disclosure,fund_ba_total_current_liab_acceleration_at_disclosure,0.1305155849974851,1335,,,,,,FUNDAMENTAL::liquidity_solvency::disclosure episode::DISCLOSURE_EVENT
fund_ba_monetaryfunds_acceleration_at_disclosure,fund_ba_total_current_liab_delta_at_disclosure,0.10353747682054135,1335,,,,,,FUNDAMENTAL::liquidity_solvency::disclosure episode::DISCLOSURE_EVENT
fund_ba_monetaryfunds_acceleration_at_disclosure,fund_ba_total_current_liab_persistence_at_disclosure,0.011886132963738204,1335,,,,,,FUNDAMENTAL::liquidity_solvency::disclosure episode::DISCLOSURE_EVENT
fund_ba_monetaryfunds_acceleration_at_disclosure,fund_ba_total_current_liab_slope_at_disclosure,0.10127832396837094,1335,,,,,,FUNDAMENTAL::liquidity_solvency::disclosure episode::DISCLOSURE_EVENT
fund_ba_monetaryfunds_acceleration_at_disclosure,fund_liquidity_cash_current_liab_at_disclosure,0.04896781792831171,1335,,,,,,FUNDAMENTAL::liquidity_solvency::disclosure episode::DISCLOSURE_EVENT
fund_ba_monetaryfunds_acceleration_at_disclosure,fund_liquidity_current_ratio_at_disclosure,0.05492244991176772,1335,,,,,,FUNDAMENTAL::liquidity_solvency::disclosure episode::DISCLOSURE_EVENT
fund_ba_monetaryfunds_delta,fund_ba_monetaryfunds_persistence,0.012550384529999146,25065,,,,,,FUNDAMENTAL::liquidity_solvency::stock-session cross-section::SLOW_TEMPORAL_CHANGE
fund_ba_monetaryfunds_delta,fund_ba_monetaryfunds_slope,0.7623585131445927,25115,,,,,,FUNDAMENTAL::liquidity_solvency::stock-session cross-section::SLOW_TEMPORAL_CHANGE
fund_ba_monetaryfunds_delta,fund_ba_total_current_assets_acceleration,0.15199624890358046,24549,,,,,,FUNDAMENTAL::liquidity_solvency::stock-session cross-section::SLOW_TEMPORAL_CHANGE
fund_ba_monetaryfunds_delta,fund_ba_total_current_assets_delta,0.18450282477074084,24827,,,,,,FUNDAMENTAL::liquidity_solvency::stock-session cross-section::SLOW_TEMPORAL_CHANGE
fund_ba_monetaryfunds_delta,fund_ba_total_current_assets_persistence,0.008782995423530083,24791,,,,,,FUNDAMENTAL::liquidity_solvency::stock-session cross-section::SLOW_TEMPORAL_CHANGE
fund_ba_monetaryfunds_delta,fund_ba_total_current_assets_slope,0.18856406240459989,24827,,,,,,FUNDAMENTAL::liquidity_solvency::stock-session cross-section::SLOW_TEMPORAL_CHANGE
fund_ba_monetaryfunds_delta,fund_ba_total_current_liab_acceleration,0.10253823383425982,24549,,,,,,FUNDAMENTAL::liquidity_solvency::stock-session cross-section::SLOW_TEMPORAL_CHANGE
fund_ba_monetaryfunds_delta,fund_ba_total_current_liab_delta,0.11942908951953934,24827,,,,,,FUNDAMENTAL::liquidity_solvency::stock-session cross-section::SLOW_TEMPORAL_CHANGE
fund_ba_monetaryfunds_delta,fund_ba_total_current_liab_persistence,0.007930619950567016,24775,,,,,,FUNDAMENTAL::liquidity_solvency::stock-session cross-section::SLOW_TEMPORAL_CHANGE
fund_ba_monetaryfunds_delta,fund_ba_total_current_liab_slope,0.12418233174751671,24827,,,,,,FUNDAMENTAL::liquidity_solvency::stock-session cross-section::SLOW_TEMPORAL_CHANGE
fund_ba_monetaryfunds_delta_at_disclosure,fund_ba_monetaryfunds_persistence_at_disclosure,0.01934780269650246,1357,,,,,,FUNDAMENTAL::liquidity_solvency::disclosure episode::DISCLOSURE_EVENT
fund_ba_monetaryfunds_delta_at_disclosure,fund_ba_monetaryfunds_slope_at_disclosure,0.7078122912964686,1360,,,,,,FUNDAMENTAL::liquidity_solvency::disclosure episode::DISCLOSURE_EVENT
fund_ba_monetaryfunds_delta_at_disclosure,fund_ba_total_current_assets_acceleration_at_disclosure,0.1399437693349991,1335,,,,,,FUNDAMENTAL::liquidity_solvency::disclosure episode::DISCLOSURE_EVENT
fund_ba_monetaryfunds_delta_at_disclosure,fund_ba_total_current_assets_delta_at_disclosure,0.18365236965901346,1344,,,,,,FUNDAMENTAL::liquidity_solvency::disclosure episode::DISCLOSURE_EVENT
fund_ba_monetaryfunds_delta_at_disclosure,fund_ba_total_current_assets_persistence_at_disclosure,0.01006511937586649,1343,,,,,,FUNDAMENTAL::liquidity_solvency::disclosure episode::DISCLOSURE_EVENT
fund_ba_monetaryfunds_delta_at_disclosure,fund_ba_total_current_assets_slope_at_disclosure,0.17662855197004917,1344,,,,,,FUNDAMENTAL::liquidity_solvency::disclosure episode::DISCLOSURE_EVENT
fund_ba_monetaryfunds_delta_at_disclosure,fund_ba_total_current_liab_acceleration_at_disclosure,0.10569117511636884,1335,,,,,,FUNDAMENTAL::liquidity_solvency::disclosure episode::DISCLOSURE_EVENT
fund_ba_monetaryfunds_delta_at_disclosure,fund_ba_total_current_liab_delta_at_disclosure,0.11356819755923811,1344,,,,,,FUNDAMENTAL::liquidity_solvency::disclosure episode::DISCLOSURE_EVENT
fund_ba_monetaryfunds_delta_at_disclosure,fund_ba_total_current_liab_persistence_at_disclosure,0.011279539882997142,1343,,,,,,FUNDAMENTAL::liquidity_solvency::disclosure episode::DISCLOSURE_EVENT
fund_ba_monetaryfunds_delta_at_disclosure,fund_ba_total_current_liab_slope_at_disclosure,0.11382418589108233,1344,,,,,,FUNDAMENTAL::liquidity_solvency::disclosure episode::DISCLOSURE_EVENT
fund_ba_monetaryfunds_delta_at_disclosure,fund_liquidity_cash_current_liab_at_disclosure,0.04185949086457632,1344,,,,,,FUNDAMENTAL::liquidity_solvency::disclosure episode::DISCLOSURE_EVENT
fund_ba_monetaryfunds_delta_at_disclosure,fund_liquidity_current_ratio_at_disclosure,0.050068004186184595,1344,,,,,,FUNDAMENTAL::liquidity_solvency::disclosure episode::DISCLOSURE_EVENT
fund_ba_monetaryfunds_persistence,fund_ba_monetaryfunds_slope,0.011427169461437337,25065,,,,,,FUNDAMENTAL::liquidity_solvency::stock-session cross-section::SLOW_TEMPORAL_CHANGE
fund_ba_monetaryfunds_persistence,fund_ba_total_current_assets_acceleration,0.011147795026588013,24513,,,,,,FUNDAMENTAL::liquidity_solvency::stock-session cross-section::SLOW_TEMPORAL_CHANGE
fund_ba_monetaryfunds_persistence,fund_ba_total_current_assets_delta,0.007874948207470445,24777,,,,,,FUNDAMENTAL::liquidity_solvency::stock-session cross-section::SLOW_TEMPORAL_CHANGE
fund_ba_monetaryfunds_persistence,fund_ba_total_current_assets_persistence,0.034804305499391355,24741,,,,,,FUNDAMENTAL::liquidity_solvency::stock-session cross-section::SLOW_TEMPORAL_CHANGE
fund_ba_monetaryfunds_persistence,fund_ba_total_current_assets_slope,0.007591948871572098,24777,,,,,,FUNDAMENTAL::liquidity_solvency::stock-session cross-section::SLOW_TEMPORAL_CHANGE
fund_ba_monetaryfunds_persistence,fund_ba_total_current_liab_acceleration,0.010454386135622645,24513,,,,,,FUNDAMENTAL::liquidity_solvency::stock-session cross-section::SLOW_TEMPORAL_CHANGE
fund_ba_monetaryfunds_persistence,fund_ba_total_current_liab_delta,0.009222726312216056,24777,,,,,,FUNDAMENTAL::liquidity_solvency::stock-session cross-section::SLOW_TEMPORAL_CHANGE
fund_ba_monetaryfunds_persistence,fund_ba_total_current_liab_persistence,0.007851464876143846,24725,,,,,,FUNDAMENTAL::liquidity_solvency::stock-session cross-section::SLOW_TEMPORAL_CHANGE
fund_ba_monetaryfunds_persistence,fund_ba_total_current_liab_slope,0.007318848996865981,24777,,,,,,FUNDAMENTAL::liquidity_solvency::stock-session cross-section::SLOW_TEMPORAL_CHANGE
fund_ba_monetaryfunds_persistence_at_disclosure,fund_ba_monetaryfunds_slope_at_disclosure,0.01469994234023944,1357,,,,,,FUNDAMENTAL::liquidity_solvency::disclosure episode::DISCLOSURE_EVENT
fund_ba_monetaryfunds_persistence_at_disclosure,fund_ba_total_current_assets_acceleration_at_disclosure,0.00765433766530002,1334,,,,,,FUNDAMENTAL::liquidity_solvency::disclosure episode::DISCLOSURE_EVENT
fund_ba_monetaryfunds_persistence_at_disclosure,fund_ba_total_current_assets_delta_at_disclosure,0.007776374130865752,1341,,,,,,FUNDAMENTAL::liquidity_solvency::disclosure episode::DISCLOSURE_EVENT
fund_ba_monetaryfunds_persistence_at_disclosure,fund_ba_total_current_assets_persistence_at_disclosure,0.032289490630717864,1340,,,,,,FUNDAMENTAL::liquidity_solvency::disclosure episode::DISCLOSURE_EVENT
fund_ba_monetaryfunds_persistence_at_disclosure,fund_ba_total_current_assets_slope_at_disclosure,0.0042519128015930975,1341,,,,,,FUNDAMENTAL::liquidity_solvency::disclosure episode::DISCLOSURE_EVENT
fund_ba_monetaryfunds_persistence_at_disclosure,fund_ba_total_current_liab_acceleration_at_disclosure,0.009478455103395666,1334,,,,,,FUNDAMENTAL::liquidity_solvency::disclosure episode::DISCLOSURE_EVENT
fund_ba_monetaryfunds_persistence_at_disclosure,fund_ba_total_current_liab_delta_at_disclosure,0.006067574781361363,1341,,,,,,FUNDAMENTAL::liquidity_solvency::disclosure episode::DISCLOSURE_EVENT
fund_ba_monetaryfunds_persistence_at_disclosure,fund_ba_total_current_liab_persistence_at_disclosure,0.008930618657241906,1340,,,,,,FUNDAMENTAL::liquidity_solvency::disclosure episode::DISCLOSURE_EVENT
fund_ba_monetaryfunds_persistence_at_disclosure,fund_ba_total_current_liab_slope_at_disclosure,0.004212955123648277,1341,,,,,,FUNDAMENTAL::liquidity_solvency::disclosure episode::DISCLOSURE_EVENT
fund_ba_monetaryfunds_persistence_at_disclosure,fund_liquidity_cash_current_liab_at_disclosure,0.008738792710037196,1341,,,,,,FUNDAMENTAL::liquidity_solvency::disclosure episode::DISCLOSURE_EVENT
fund_ba_monetaryfunds_persistence_at_disclosure,fund_liquidity_current_ratio_at_disclosure,0.006745763091680888,1341,,,,,,FUNDAMENTAL::liquidity_solvency::disclosure episode::DISCLOSURE_EVENT
fund_ba_monetaryfunds_slope,fund_ba_total_current_assets_acceleration,0.1470156664894003,24549,,,,,,FUNDAMENTAL::liquidity_solvency::stock-session cross-section::SLOW_TEMPORAL_CHANGE
fund_ba_monetaryfunds_slope,fund_ba_total_current_assets_delta,0.1792236153831064,24827,,,,,,FUNDAMENTAL::liquidity_solvency::stock-session cross-section::SLOW_TEMPORAL_CHANGE
fund_ba_monetaryfunds_slope,fund_ba_total_current_assets_persistence,0.009812447309565238,24791,,,,,,FUNDAMENTAL::liquidity_solvency::stock-session cross-section::SLOW_TEMPORAL_CHANGE
fund_ba_monetaryfunds_slope,fund_ba_total_current_assets_slope,0.18958533277697695,24827,,,,,,FUNDAMENTAL::liquidity_solvency::stock-session cross-section::SLOW_TEMPORAL_CHANGE
fund_ba_monetaryfunds_slope,fund_ba_total_current_liab_acceleration,0.1053136105993778,24549,,,,,,FUNDAMENTAL::liquidity_solvency::stock-session cross-section::SLOW_TEMPORAL_CHANGE
fund_ba_monetaryfunds_slope,fund_ba_total_current_liab_delta,0.1165288785156676,24827,,,,,,FUNDAMENTAL::liquidity_solvency::stock-session cross-section::SLOW_TEMPORAL_CHANGE
fund_ba_monetaryfunds_slope,fund_ba_total_current_liab_persistence,0.005694931127337948,24775,,,,,,FUNDAMENTAL::liquidity_solvency::stock-session cross-section::SLOW_TEMPORAL_CHANGE
fund_ba_monetaryfunds_slope,fund_ba_total_current_liab_slope,0.12332957223315401,24827,,,,,,FUNDAMENTAL::liquidity_solvency::stock-session cross-section::SLOW_TEMPORAL_CHANGE
fund_ba_monetaryfunds_slope_at_disclosure,fund_ba_total_current_assets_acceleration_at_disclosure,0.13308785603577372,1335,,,,,,FUNDAMENTAL::liquidity_solvency::disclosure episode::DISCLOSURE_EVENT
fund_ba_monetaryfunds_slope_at_disclosure,fund_ba_total_current_assets_delta_at_disclosure,0.16652098813859487,1344,,,,,,FUNDAMENTAL::liquidity_solvency::disclosure episode::DISCLOSURE_EVENT
fund_ba_monetaryfunds_slope_at_disclosure,fund_ba_total_current_assets_persistence_at_disclosure,0.012881968037421223,1343,,,,,,FUNDAMENTAL::liquidity_solvency::disclosure episode::DISCLOSURE_EVENT
fund_ba_monetaryfunds_slope_at_disclosure,fund_ba_total_current_assets_slope_at_disclosure,0.17741020565544666,1344,,,,,,FUNDAMENTAL::liquidity_solvency::disclosure episode::DISCLOSURE_EVENT
fund_ba_monetaryfunds_slope_at_disclosure,fund_ba_total_current_liab_acceleration_at_disclosure,0.10340036322794069,1335,,,,,,FUNDAMENTAL::liquidity_solvency::disclosure episode::DISCLOSURE_EVENT
fund_ba_monetaryfunds_slope_at_disclosure,fund_ba_total_current_liab_delta_at_disclosure,0.10748393938761253,1344,,,,,,FUNDAMENTAL::liquidity_solvency::disclosure episode::DISCLOSURE_EVENT
fund_ba_monetaryfunds_slope_at_disclosure,fund_ba_total_current_liab_persistence_at_disclosure,0.009379799508350798,1343,,,,,,FUNDAMENTAL::liquidity_solvency::disclosure episode::DISCLOSURE_EVENT
fund_ba_monetaryfunds_slope_at_disclosure,fund_ba_total_current_liab_slope_at_disclosure,0.11382156072444283,1344,,,,,,FUNDAMENTAL::liquidity_solvency::disclosure episode::DISCLOSURE_EVENT
fund_ba_monetaryfunds_slope_at_disclosure,fund_liquidity_cash_current_liab_at_disclosure,0.037792424794754975,1344,,,,,,FUNDAMENTAL::liquidity_solvency::disclosure episode::DISCLOSURE_EVENT
fund_ba_monetaryfunds_slope_at_disclosure,fund_liquidity_current_ratio_at_disclosure,0.04402704759361423,1344,,,,,,FUNDAMENTAL::liquidity_solvency::disclosure episode::DISCLOSURE_EVENT
fund_ba_monetaryfunds_source_yoy,fund_ba_monetaryfunds_yoy,0.2906419107381566,24474,,,,,,FUNDAMENTAL::growth::stock-session cross-section::SLOW_TEMPORAL_CHANGE
fund_ba_monetaryfunds_source_yoy,fund_ba_total_assets_source_yoy,0.06939877752924571,24474,,,,,,FUNDAMENTAL::growth::stock-session cross-section::SLOW_TEMPORAL_CHANGE
fund_ba_monetaryfunds_source_yoy,fund_ba_total_assets_yoy,0.05030471146138917,24474,,,,,,FUNDAMENTAL::growth::stock-session cross-section::SLOW_TEMPORAL_CHANGE
fund_ba_monetaryfunds_source_yoy,fund_ba_total_current_assets_source_yoy,0.10760207014233032,24186,,,,,,FUNDAMENTAL::growth::stock-session cross-section::SLOW_TEMPORAL_CHANGE
fund_ba_monetaryfunds_source_yoy,fund_ba_total_current_assets_yoy,0.07576794058281562,24186,,,,,,FUNDAMENTAL::growth::stock-session cross-section::SLOW_TEMPORAL_CHANGE
fund_ba_monetaryfunds_source_yoy,fund_ba_total_current_liab_source_yoy,0.03258304092282063,24186,,,,,,FUNDAMENTAL::growth::stock-session cross-section::SLOW_TEMPORAL_CHANGE
fund_ba_monetaryfunds_source_yoy,fund_ba_total_current_liab_yoy,0.04345523559079918,24186,,,,,,FUNDAMENTAL::growth::stock-session cross-section::SLOW_TEMPORAL_CHANGE
fund_ba_monetaryfunds_source_yoy,fund_ba_total_equity_source_yoy,0.05906042516763725,24474,,,,,,FUNDAMENTAL::growth::stock-session cross-section::SLOW_TEMPORAL_CHANGE
fund_ba_monetaryfunds_source_yoy,fund_ba_total_equity_yoy,0.04911594721465527,24474,,,,,,FUNDAMENTAL::growth::stock-session cross-section::SLOW_TEMPORAL_CHANGE
fund_ba_monetaryfunds_source_yoy,fund_ba_total_liabilities_source_yoy,0.0361046604617286,24474,,,,,,FUNDAMENTAL::growth::stock-session cross-section::SLOW_TEMPORAL_CHANGE
fund_ba_monetaryfunds_source_yoy,fund_ba_total_liabilities_yoy,0.04929697312963241,24474,,,,,,FUNDAMENTAL::growth::stock-session cross-section::SLOW_TEMPORAL_CHANGE
fund_ba_monetaryfunds_source_yoy,fund_ca_construct_long_asset_source_yoy,0.028834027724277157,24256,,,,,,FUNDAMENTAL::growth::stock-session cross-section::SLOW_TEMPORAL_CHANGE
fund_ba_monetaryfunds_source_yoy,fund_ca_construct_long_asset_yoy,0.03493599545628249,24256,,,,,,FUNDAMENTAL::growth::stock-session cross-section::SLOW_TEMPORAL_CHANGE
fund_ba_monetaryfunds_source_yoy,fund_ca_netcash_finance_source_yoy,0.02954889264388632,23730,,,,,,FUNDAMENTAL::growth::stock-session cross-section::SLOW_TEMPORAL_CHANGE
fund_ba_monetaryfunds_source_yoy,fund_ca_netcash_finance_yoy,0.03319751010293179,23760,,,,,,FUNDAMENTAL::growth::stock-session cross-section::SLOW_TEMPORAL_CHANGE
fund_ba_monetaryfunds_source_yoy,fund_ca_netcash_invest_source_yoy,0.03093975583744992,24307,,,,,,FUNDAMENTAL::growth::stock-session cross-section::SLOW_TEMPORAL_CHANGE
fund_ba_monetaryfunds_source_yoy,fund_ca_netcash_invest_yoy,0.029871135593988282,24307,,,,,,FUNDAMENTAL::growth::stock-session cross-section::SLOW_TEMPORAL_CHANGE
fund_ba_monetaryfunds_source_yoy,fund_ca_netcash_operate_source_yoy,0.03575651782734431,24327,,,,,,FUNDAMENTAL::growth::stock-session cross-section::SLOW_TEMPORAL_CHANGE
fund_ba_monetaryfunds_source_yoy,fund_ca_netcash_operate_yoy,0.029513003114917134,24327,,,,,,FUNDAMENTAL::growth::stock-session cross-section::SLOW_TEMPORAL_CHANGE
fund_ba_monetaryfunds_source_yoy,fund_pr_deduct_parent_netprofit_source_yoy,0.03545596369563299,24075,,,,,,FUNDAMENTAL::growth::stock-session cross-section::SLOW_TEMPORAL_CHANGE
fund_ba_monetaryfunds_source_yoy,fund_pr_deduct_parent_netprofit_yoy,0.034794993131195905,24075,,,,,,FUNDAMENTAL::growth::stock-session cross-section::SLOW_TEMPORAL_CHANGE
fund_ba_monetaryfunds_source_yoy,fund_pr_operate_cost_source_yoy,0.03803254917473494,24091,,,,,,FUNDAMENTAL::growth::stock-session cross-section::SLOW_TEMPORAL_CHANGE
fund_ba_monetaryfunds_source_yoy,fund_pr_operate_cost_yoy,0.03378185992295606,24091,,,,,,FUNDAMENTAL::growth::stock-session cross-section::SLOW_TEMPORAL_CHANGE
fund_ba_monetaryfunds_source_yoy,fund_pr_operate_income_source_yoy,0.03087321521204628,24379,,,,,,FUNDAMENTAL::growth::stock-session cross-section::SLOW_TEMPORAL_CHANGE
fund_ba_monetaryfunds_source_yoy,fund_pr_operate_income_yoy,0.035471117398061504,24379,,,,,,FUNDAMENTAL::growth::stock-session cross-section::SLOW_TEMPORAL_CHANGE
fund_ba_monetaryfunds_source_yoy,fund_pr_operate_profit_source_yoy,0.030270475723535792,24399,,,,,,FUNDAMENTAL::growth::stock-session cross-section::SLOW_TEMPORAL_CHANGE
fund_ba_monetaryfunds_source_yoy,fund_pr_operate_profit_yoy,0.030921371248734474,24399,,,,,,FUNDAMENTAL::growth::stock-session cross-section::SLOW_TEMPORAL_CHANGE
fund_ba_monetaryfunds_source_yoy,fund_pr_parent_netprofit_source_yoy,0.03090333951140029,24399,,,,,,FUNDAMENTAL::growth::stock-session cross-section::SLOW_TEMPORAL_CHANGE
fund_ba_monetaryfunds_source_yoy,fund_pr_parent_netprofit_yoy,0.03396800458778976,24399,,,,,,FUNDAMENTAL::growth::stock-session cross-section::SLOW_TEMPORAL_CHANGE
fund_ba_monetaryfunds_source_yoy_at_disclosure,fund_ba_monetaryfunds_yoy_at_disclosure,0.2967434853275373,1349,,,,,,FUNDAMENTAL::growth::disclosure episode::DISCLOSURE_EVENT
fund_ba_monetaryfunds_source_yoy_at_disclosure,fund_ba_total_assets_source_yoy_at_disclosure,0.06747467856179924,1349,,,,,,FUNDAMENTAL::growth::disclosure episode::DISCLOSURE_EVENT
fund_ba_monetaryfunds_source_yoy_at_disclosure,fund_ba_total_assets_yoy_at_disclosure,0.04885998522829808,1349,,,,,,FUNDAMENTAL::growth::disclosure episode::DISCLOSURE_EVENT
fund_ba_monetaryfunds_source_yoy_at_disclosure,fund_ba_total_current_assets_source_yoy_at_disclosure,0.10215758847826907,1333,,,,,,FUNDAMENTAL::growth::disclosure episode::DISCLOSURE_EVENT
fund_ba_monetaryfunds_source_yoy_at_disclosure,fund_ba_total_current_assets_yoy_at_disclosure,0.07375899881837529,1333,,,,,,FUNDAMENTAL::growth::disclosure episode::DISCLOSURE_EVENT
fund_ba_monetaryfunds_source_yoy_at_disclosure,fund_ba_total_current_liab_source_yoy_at_disclosure,0.03448837236131599,1333,,,,,,FUNDAMENTAL::growth::disclosure episode::DISCLOSURE_EVENT
fund_ba_monetaryfunds_source_yoy_at_disclosure,fund_ba_total_current_liab_yoy_at_disclosure,0.044683679304972676,1333,,,,,,FUNDAMENTAL::growth::disclosure episode::DISCLOSURE_EVENT
fund_ba_monetaryfunds_source_yoy_at_disclosure,fund_ba_total_equity_source_yoy_at_disclosure,0.048692827125596555,1349,,,,,,FUNDAMENTAL::growth::disclosure episode::DISCLOSURE_EVENT
fund_ba_monetaryfunds_source_yoy_at_disclosure,fund_ba_total_equity_yoy_at_disclosure,0.047845277522756746,1349,,,,,,FUNDAMENTAL::growth::disclosure episode::DISCLOSURE_EVENT
fund_ba_monetaryfunds_source_yoy_at_disclosure,fund_ba_total_liabilities_source_yoy_at_disclosure,0.0399477395981438,1349,,,,,,FUNDAMENTAL::growth::disclosure episode::DISCLOSURE_EVENT
fund_ba_monetaryfunds_source_yoy_at_disclosure,fund_ba_total_liabilities_yoy_at_disclosure,0.043766014029948674,1349,,,,,,FUNDAMENTAL::growth::disclosure episode::DISCLOSURE_EVENT
fund_ba_monetaryfunds_source_yoy_at_disclosure,fund_ca_construct_long_asset_source_yoy_at_disclosure,0.0,0,,,,,,FUNDAMENTAL::growth::disclosure episode::DISCLOSURE_EVENT
fund_ba_monetaryfunds_source_yoy_at_disclosure,fund_ca_construct_long_asset_yoy_at_disclosure,0.0,0,,,,,,FUNDAMENTAL::growth::disclosure episode::DISCLOSURE_EVENT
fund_ba_monetaryfunds_source_yoy_at_disclosure,fund_ca_netcash_finance_source_yoy_at_disclosure,0.0,0,,,,,,FUNDAMENTAL::growth::disclosure episode::DISCLOSURE_EVENT
fund_ba_monetaryfunds_source_yoy_at_disclosure,fund_ca_netcash_finance_yoy_at_disclosure,0.0,0,,,,,,FUNDAMENTAL::growth::disclosure episode::DISCLOSURE_EVENT
fund_ba_monetaryfunds_source_yoy_at_disclosure,fund_ca_netcash_invest_source_yoy_at_disclosure,0.0,0,,,,,,FUNDAMENTAL::growth::disclosure episode::DISCLOSURE_EVENT
fund_ba_monetaryfunds_source_yoy_at_disclosure,fund_ca_netcash_invest_yoy_at_disclosure,0.0,0,,,,,,FUNDAMENTAL::growth::disclosure episode::DISCLOSURE_EVENT
fund_ba_monetaryfunds_source_yoy_at_disclosure,fund_ca_netcash_operate_source_yoy_at_disclosure,0.0,0,,,,,,FUNDAMENTAL::growth::disclosure episode::DISCLOSURE_EVENT
fund_ba_monetaryfunds_source_yoy_at_disclosure,fund_ca_netcash_operate_yoy_at_disclosure,0.0,0,,,,,,FUNDAMENTAL::growth::disclosure episode::DISCLOSURE_EVENT
fund_ba_monetaryfunds_source_yoy_at_disclosure,fund_pr_deduct_parent_netprofit_source_yoy_at_disclosure,0.0,0,,,,,,FUNDAMENTAL::growth::disclosure episode::DISCLOSURE_EVENT
fund_ba_monetaryfunds_source_yoy_at_disclosure,fund_pr_deduct_parent_netprofit_yoy_at_disclosure,0.0,0,,,,,,FUNDAMENTAL::growth::disclosure episode::DISCLOSURE_EVENT
fund_ba_monetaryfunds_source_yoy_at_disclosure,fund_pr_operate_cost_source_yoy_at_disclosure,0.0,0,,,,,,FUNDAMENTAL::growth::disclosure episode::DISCLOSURE_EVENT
fund_ba_monetaryfunds_source_yoy_at_disclosure,fund_pr_operate_cost_yoy_at_disclosure,0.0,0,,,,,,FUNDAMENTAL::growth::disclosure episode::DISCLOSURE_EVENT
fund_ba_monetaryfunds_source_yoy_at_disclosure,fund_pr_operate_income_source_yoy_at_disclosure,0.0,0,,,,,,FUNDAMENTAL::growth::disclosure episode::DISCLOSURE_EVENT
fund_ba_monetaryfunds_source_yoy_at_disclosure,fund_pr_operate_income_yoy_at_disclosure,0.0,0,,,,,,FUNDAMENTAL::growth::disclosure episode::DISCLOSURE_EVENT
fund_ba_monetaryfunds_source_yoy_at_disclosure,fund_pr_operate_profit_source_yoy_at_disclosure,0.0,0,,,,,,FUNDAMENTAL::growth::disclosure episode::DISCLOSURE_EVENT
fund_ba_monetaryfunds_source_yoy_at_disclosure,fund_pr_operate_profit_yoy_at_disclosure,0.0,0,,,,,,FUNDAMENTAL::growth::disclosure episode::DISCLOSURE_EVENT
fund_ba_monetaryfunds_source_yoy_at_disclosure,fund_pr_parent_netprofit_source_yoy_at_disclosure,0.0,0,,,,,,FUNDAMENTAL::growth::disclosure episode::DISCLOSURE_EVENT
fund_ba_monetaryfunds_source_yoy_at_disclosure,fund_pr_parent_netprofit_yoy_at_disclosure,0.0,0,,,,,,FUNDAMENTAL::growth::disclosure episode::DISCLOSURE_EVENT
fund_ba_monetaryfunds_yoy,fund_ba_total_assets_source_yoy,0.05751551698988717,24474,,,,,,FUNDAMENTAL::growth::stock-session cross-section::SLOW_TEMPORAL_CHANGE
fund_ba_monetaryfunds_yoy,fund_ba_total_assets_yoy,0.13016900902996564,24474,,,,,,FUNDAMENTAL::growth::stock-session cross-section::SLOW_TEMPORAL_CHANGE
fund_ba_monetaryfunds_yoy,fund_ba_total_current_assets_source_yoy,0.079869962629604,24186,,,,,,FUNDAMENTAL::growth::stock-session cross-section::SLOW_TEMPORAL_CHANGE
fund_ba_monetaryfunds_yoy,fund_ba_total_current_assets_yoy,0.1692013535393162,24186,,,,,,FUNDAMENTAL::growth::stock-session cross-section::SLOW_TEMPORAL_CHANGE
fund_ba_monetaryfunds_yoy,fund_ba_total_current_liab_source_yoy,0.03870273935099787,24186,,,,,,FUNDAMENTAL::growth::stock-session cross-section::SLOW_TEMPORAL_CHANGE
fund_ba_monetaryfunds_yoy,fund_ba_total_current_liab_yoy,0.10079660670902126,24186,,,,,,FUNDAMENTAL::growth::stock-session cross-section::SLOW_TEMPORAL_CHANGE
fund_ba_monetaryfunds_yoy,fund_ba_total_equity_source_yoy,0.0526180374227181,24474,,,,,,FUNDAMENTAL::growth::stock-session cross-section::SLOW_TEMPORAL_CHANGE
fund_ba_monetaryfunds_yoy,fund_ba_total_equity_yoy,0.1150152819806332,24474,,,,,,FUNDAMENTAL::growth::stock-session cross-section::SLOW_TEMPORAL_CHANGE
fund_ba_monetaryfunds_yoy,fund_ba_total_liabilities_source_yoy,0.043088750533391555,24474,,,,,,FUNDAMENTAL::growth::stock-session cross-section::SLOW_TEMPORAL_CHANGE
fund_ba_monetaryfunds_yoy,fund_ba_total_liabilities_yoy,0.11487203045393792,24474,,,,,,FUNDAMENTAL::growth::stock-session cross-section::SLOW_TEMPORAL_CHANGE
fund_ba_monetaryfunds_yoy,fund_ca_construct_long_asset_source_yoy,0.03280434575385103,24256,,,,,,FUNDAMENTAL::growth::stock-session cross-section::SLOW_TEMPORAL_CHANGE
fund_ba_monetaryfunds_yoy,fund_ca_construct_long_asset_yoy,0.0650175288562364,24256,,,,,,FUNDAMENTAL::growth::stock-session cross-section::SLOW_TEMPORAL_CHANGE
fund_ba_monetaryfunds_yoy,fund_ca_netcash_finance_source_yoy,0.031118925742947032,23730,,,,,,FUNDAMENTAL::growth::stock-session cross-section::SLOW_TEMPORAL_CHANGE
fund_ba_monetaryfunds_yoy,fund_ca_netcash_finance_yoy,0.07933747751917838,23760,,,,,,FUNDAMENTAL::growth::stock-session cross-section::SLOW_TEMPORAL_CHANGE
fund_ba_monetaryfunds_yoy,fund_ca_netcash_invest_source_yoy,0.027170127471694193,24307,,,,,,FUNDAMENTAL::growth::stock-session cross-section::SLOW_TEMPORAL_CHANGE
fund_ba_monetaryfunds_yoy,fund_ca_netcash_invest_yoy,0.07286407594720182,24307,,,,,,FUNDAMENTAL::growth::stock-session cross-section::SLOW_TEMPORAL_CHANGE
fund_ba_monetaryfunds_yoy,fund_ca_netcash_operate_source_yoy,0.027661774463377527,24327,,,,,,FUNDAMENTAL::growth::stock-session cross-section::SLOW_TEMPORAL_CHANGE
fund_ba_monetaryfunds_yoy,fund_ca_netcash_operate_yoy,0.10061989652296115,24327,,,,,,FUNDAMENTAL::growth::stock-session cross-section::SLOW_TEMPORAL_CHANGE
fund_ba_monetaryfunds_yoy,fund_pr_deduct_parent_netprofit_source_yoy,0.026806190339337527,24075,,,,,,FUNDAMENTAL::growth::stock-session cross-section::SLOW_TEMPORAL_CHANGE
fund_ba_monetaryfunds_yoy,fund_pr_deduct_parent_netprofit_yoy,0.08593317004316513,24075,,,,,,FUNDAMENTAL::growth::stock-session cross-section::SLOW_TEMPORAL_CHANGE
fund_ba_monetaryfunds_yoy,fund_pr_operate_cost_source_yoy,0.03416432374723973,24091,,,,,,FUNDAMENTAL::growth::stock-session cross-section::SLOW_TEMPORAL_CHANGE
fund_ba_monetaryfunds_yoy,fund_pr_operate_cost_yoy,0.0920617752126393,24091,,,,,,FUNDAMENTAL::growth::stock-session cross-section::SLOW_TEMPORAL_CHANGE
fund_ba_monetaryfunds_yoy,fund_pr_operate_income_source_yoy,0.030583268670974783,24379,,,,,,FUNDAMENTAL::growth::stock-session cross-section::SLOW_TEMPORAL_CHANGE
fund_ba_monetaryfunds_yoy,fund_pr_operate_income_yoy,0.09990238946433498,24379,,,,,,FUNDAMENTAL::growth::stock-session cross-section::SLOW_TEMPORAL_CHANGE
fund_ba_monetaryfunds_yoy,fund_pr_operate_profit_source_yoy,0.028301055114982977,24399,,,,,,FUNDAMENTAL::growth::stock-session cross-section::SLOW_TEMPORAL_CHANGE
fund_ba_monetaryfunds_yoy,fund_pr_operate_profit_yoy,0.0897910007303846,24399,,,,,,FUNDAMENTAL::growth::stock-session cross-section::SLOW_TEMPORAL_CHANGE
fund_ba_monetaryfunds_yoy,fund_pr_parent_netprofit_source_yoy,0.028945309862329262,24399,,,,,,FUNDAMENTAL::growth::stock-session cross-section::SLOW_TEMPORAL_CHANGE
fund_ba_monetaryfunds_yoy,fund_pr_parent_netprofit_yoy,0.09005699509270972,24399,,,,,,FUNDAMENTAL::growth::stock-session cross-section::SLOW_TEMPORAL_CHANGE
fund_ba_monetaryfunds_yoy_at_disclosure,fund_ba_total_assets_source_yoy_at_disclosure,0.05712941995874683,1349,,,,,,FUNDAMENTAL::growth::disclosure episode::DISCLOSURE_EVENT
fund_ba_monetaryfunds_yoy_at_disclosure,fund_ba_total_assets_yoy_at_disclosure,0.1221702078643612,1349,,,,,,FUNDAMENTAL::growth::disclosure episode::DISCLOSURE_EVENT
fund_ba_monetaryfunds_yoy_at_disclosure,fund_ba_total_current_assets_source_yoy_at_disclosure,0.08165980240244251,1333,,,,,,FUNDAMENTAL::growth::disclosure episode::DISCLOSURE_EVENT
fund_ba_monetaryfunds_yoy_at_disclosure,fund_ba_total_current_assets_yoy_at_disclosure,0.1647315072902923,1333,,,,,,FUNDAMENTAL::growth::disclosure episode::DISCLOSURE_EVENT
fund_ba_monetaryfunds_yoy_at_disclosure,fund_ba_total_current_liab_source_yoy_at_disclosure,0.043229598040628966,1333,,,,,,FUNDAMENTAL::growth::disclosure episode::DISCLOSURE_EVENT
fund_ba_monetaryfunds_yoy_at_disclosure,fund_ba_total_current_liab_yoy_at_disclosure,0.10405074450246485,1333,,,,,,FUNDAMENTAL::growth::disclosure episode::DISCLOSURE_EVENT
fund_ba_monetaryfunds_yoy_at_disclosure,fund_ba_total_equity_source_yoy_at_disclosure,0.056085583027102315,1349,,,,,,FUNDAMENTAL::growth::disclosure episode::DISCLOSURE_EVENT
fund_ba_monetaryfunds_yoy_at_disclosure,fund_ba_total_equity_yoy_at_disclosure,0.11199316849389637,1349,,,,,,FUNDAMENTAL::growth::disclosure episode::DISCLOSURE_EVENT
fund_ba_monetaryfunds_yoy_at_disclosure,fund_ba_total_liabilities_source_yoy_at_disclosure,0.03917273766416738,1349,,,,,,FUNDAMENTAL::growth::disclosure episode::DISCLOSURE_EVENT
fund_ba_monetaryfunds_yoy_at_disclosure,fund_ba_total_liabilities_yoy_at_disclosure,0.11479824110764693,1349,,,,,,FUNDAMENTAL::growth::disclosure episode::DISCLOSURE_EVENT
fund_ba_monetaryfunds_yoy_at_disclosure,fund_ca_construct_long_asset_source_yoy_at_disclosure,0.0,0,,,,,,FUNDAMENTAL::growth::disclosure episode::DISCLOSURE_EVENT
fund_ba_monetaryfunds_yoy_at_disclosure,fund_ca_construct_long_asset_yoy_at_disclosure,0.0,0,,,,,,FUNDAMENTAL::growth::disclosure episode::DISCLOSURE_EVENT
fund_ba_monetaryfunds_yoy_at_disclosure,fund_ca_netcash_finance_source_yoy_at_disclosure,0.0,0,,,,,,FUNDAMENTAL::growth::disclosure episode::DISCLOSURE_EVENT
fund_ba_monetaryfunds_yoy_at_disclosure,fund_ca_netcash_finance_yoy_at_disclosure,0.0,0,,,,,,FUNDAMENTAL::growth::disclosure episode::DISCLOSURE_EVENT
fund_ba_monetaryfunds_yoy_at_disclosure,fund_ca_netcash_invest_source_yoy_at_disclosure,0.0,0,,,,,,FUNDAMENTAL::growth::disclosure episode::DISCLOSURE_EVENT
fund_ba_monetaryfunds_yoy_at_disclosure,fund_ca_netcash_invest_yoy_at_disclosure,0.0,0,,,,,,FUNDAMENTAL::growth::disclosure episode::DISCLOSURE_EVENT
fund_ba_monetaryfunds_yoy_at_disclosure,fund_ca_netcash_operate_source_yoy_at_disclosure,0.0,0,,,,,,FUNDAMENTAL::growth::disclosure episode::DISCLOSURE_EVENT
fund_ba_monetaryfunds_yoy_at_disclosure,fund_ca_netcash_operate_yoy_at_disclosure,0.0,0,,,,,,FUNDAMENTAL::growth::disclosure episode::DISCLOSURE_EVENT
fund_ba_monetaryfunds_yoy_at_disclosure,fund_pr_deduct_parent_netprofit_source_yoy_at_disclosure,0.0,0,,,,,,FUNDAMENTAL::growth::disclosure episode::DISCLOSURE_EVENT
fund_ba_monetaryfunds_yoy_at_disclosure,fund_pr_deduct_parent_netprofit_yoy_at_disclosure,0.0,0,,,,,,FUNDAMENTAL::growth::disclosure episode::DISCLOSURE_EVENT
fund_ba_monetaryfunds_yoy_at_disclosure,fund_pr_operate_cost_source_yoy_at_disclosure,0.0,0,,,,,,FUNDAMENTAL::growth::disclosure episode::DISCLOSURE_EVENT
fund_ba_monetaryfunds_yoy_at_disclosure,fund_pr_operate_cost_yoy_at_disclosure,0.0,0,,,,,,FUNDAMENTAL::growth::disclosure episode::DISCLOSURE_EVENT
fund_ba_monetaryfunds_yoy_at_disclosure,fund_pr_operate_income_source_yoy_at_disclosure,0.0,0,,,,,,FUNDAMENTAL::growth::disclosure episode::DISCLOSURE_EVENT
fund_ba_monetaryfunds_yoy_at_disclosure,fund_pr_operate_income_yoy_at_disclosure,0.0,0,,,,,,FUNDAMENTAL::growth::disclosure episode::DISCLOSURE_EVENT
fund_ba_monetaryfunds_yoy_at_disclosure,fund_pr_operate_profit_source_yoy_at_disclosure,0.0,0,,,,,,FUNDAMENTAL::growth::disclosure episode::DISCLOSURE_EVENT
fund_ba_monetaryfunds_yoy_at_disclosure,fund_pr_operate_profit_yoy_at_disclosure,0.0,0,,,,,,FUNDAMENTAL::growth::disclosure episode::DISCLOSURE_EVENT
fund_ba_monetaryfunds_yoy_at_disclosure,fund_pr_parent_netprofit_source_yoy_at_disclosure,0.0,0,,,,,,FUNDAMENTAL::growth::disclosure episode::DISCLOSURE_EVENT
fund_ba_monetaryfunds_yoy_at_disclosure,fund_pr_parent_netprofit_yoy_at_disclosure,0.0,0,,,,,,FUNDAMENTAL::growth::disclosure episode::DISCLOSURE_EVENT
fund_ba_total_assets_acceleration,fund_ba_total_assets_delta,0.21925786735478878,25450,,,,,,FUNDAMENTAL::size::stock-session cross-section::SLOW_TEMPORAL_CHANGE
fund_ba_total_assets_acceleration,fund_ba_total_assets_persistence,0.025933975251329094,25450,,,,,,FUNDAMENTAL::size::stock-session cross-section::SLOW_TEMPORAL_CHANGE
fund_ba_total_assets_acceleration,fund_ba_total_assets_slope,0.21950094856340405,25450,,,,,,FUNDAMENTAL::size::stock-session cross-section::SLOW_TEMPORAL_CHANGE
fund_ba_total_assets_acceleration_at_disclosure,fund_ba_total_assets_delta_at_disclosure,0.2014421504794477,1385,,,,,,FUNDAMENTAL::size::disclosure episode::DISCLOSURE_EVENT
fund_ba_total_assets_acceleration_at_disclosure,fund_ba_total_assets_persistence_at_disclosure,0.026123180578615134,1385,,,,,,FUNDAMENTAL::size::disclosure episode::DISCLOSURE_EVENT
fund_ba_total_assets_acceleration_at_disclosure,fund_ba_total_assets_slope_at_disclosure,0.20134033506794152,1385,,,,,,FUNDAMENTAL::size::disclosure episode::DISCLOSURE_EVENT
fund_ba_total_assets_delta,fund_ba_total_assets_persistence,0.02376504700127784,25668,,,,,,FUNDAMENTAL::size::stock-session cross-section::SLOW_TEMPORAL_CHANGE
fund_ba_total_assets_delta,fund_ba_total_assets_slope,0.7549356576352072,25700,,,,,,FUNDAMENTAL::size::stock-session cross-section::SLOW_TEMPORAL_CHANGE
fund_ba_total_assets_delta_at_disclosure,fund_ba_total_assets_persistence_at_disclosure,0.02585380099828797,1389,,,,,,FUNDAMENTAL::size::disclosure episode::DISCLOSURE_EVENT
fund_ba_total_assets_delta_at_disclosure,fund_ba_total_assets_slope_at_disclosure,0.7025345288571164,1389,,,,,,FUNDAMENTAL::size::disclosure episode::DISCLOSURE_EVENT
fund_ba_total_assets_persistence,fund_ba_total_assets_slope,0.028728865306868034,25668,,,,,,FUNDAMENTAL::size::stock-session cross-section::SLOW_TEMPORAL_CHANGE
fund_ba_total_assets_persistence_at_disclosure,fund_ba_total_assets_slope_at_disclosure,0.028065468135829833,1389,,,,,,FUNDAMENTAL::size::disclosure episode::DISCLOSURE_EVENT
fund_ba_total_assets_source_yoy,fund_ba_total_assets_yoy,0.32382489027831074,25032,,,,,,FUNDAMENTAL::growth::stock-session cross-section::SLOW_TEMPORAL_CHANGE
fund_ba_total_assets_source_yoy,fund_ba_total_current_assets_source_yoy,0.2264692363709398,24186,,,,,,FUNDAMENTAL::growth::stock-session cross-section::SLOW_TEMPORAL_CHANGE
fund_ba_total_assets_source_yoy,fund_ba_total_current_assets_yoy,0.14402974849187639,24186,,,,,,FUNDAMENTAL::growth::stock-session cross-section::SLOW_TEMPORAL_CHANGE
fund_ba_total_assets_source_yoy,fund_ba_total_current_liab_source_yoy,0.13887202892903236,24186,,,,,,FUNDAMENTAL::growth::stock-session cross-section::SLOW_TEMPORAL_CHANGE
fund_ba_total_assets_source_yoy,fund_ba_total_current_liab_yoy,0.11719316809801603,24186,,,,,,FUNDAMENTAL::growth::stock-session cross-section::SLOW_TEMPORAL_CHANGE
fund_ba_total_assets_source_yoy,fund_ba_total_equity_source_yoy,0.15572844199982,24834,,,,,,FUNDAMENTAL::growth::stock-session cross-section::SLOW_TEMPORAL_CHANGE
fund_ba_total_assets_source_yoy,fund_ba_total_equity_yoy,0.1076277147887135,24834,,,,,,FUNDAMENTAL::growth::stock-session cross-section::SLOW_TEMPORAL_CHANGE
fund_ba_total_assets_source_yoy,fund_ba_total_liabilities_source_yoy,0.20141257703239904,25001,,,,,,FUNDAMENTAL::growth::stock-session cross-section::SLOW_TEMPORAL_CHANGE
fund_ba_total_assets_source_yoy,fund_ba_total_liabilities_yoy,0.1545314792761219,25001,,,,,,FUNDAMENTAL::growth::stock-session cross-section::SLOW_TEMPORAL_CHANGE
fund_ba_total_assets_source_yoy,fund_ca_construct_long_asset_source_yoy,0.03042910314456684,24622,,,,,,FUNDAMENTAL::growth::stock-session cross-section::SLOW_TEMPORAL_CHANGE
fund_ba_total_assets_source_yoy,fund_ca_construct_long_asset_yoy,0.034580073596715666,24622,,,,,,FUNDAMENTAL::growth::stock-session cross-section::SLOW_TEMPORAL_CHANGE
fund_ba_total_assets_source_yoy,fund_ca_netcash_finance_source_yoy,0.027407893916695788,24096,,,,,,FUNDAMENTAL::growth::stock-session cross-section::SLOW_TEMPORAL_CHANGE
fund_ba_total_assets_source_yoy,fund_ca_netcash_finance_yoy,0.027757469276535243,24126,,,,,,FUNDAMENTAL::growth::stock-session cross-section::SLOW_TEMPORAL_CHANGE
fund_ba_total_assets_source_yoy,fund_ca_netcash_invest_source_yoy,0.02819913335811732,24673,,,,,,FUNDAMENTAL::growth::stock-session cross-section::SLOW_TEMPORAL_CHANGE
fund_ba_total_assets_source_yoy,fund_ca_netcash_invest_yoy,0.031416437945045395,24673,,,,,,FUNDAMENTAL::growth::stock-session cross-section::SLOW_TEMPORAL_CHANGE
fund_ba_total_assets_source_yoy,fund_ca_netcash_operate_source_yoy,0.030947078692117436,24870,,,,,,FUNDAMENTAL::growth::stock-session cross-section::SLOW_TEMPORAL_CHANGE
fund_ba_total_assets_source_yoy,fund_ca_netcash_operate_yoy,0.029838250185023313,24870,,,,,,FUNDAMENTAL::growth::stock-session cross-section::SLOW_TEMPORAL_CHANGE
fund_ba_total_assets_source_yoy,fund_pr_deduct_parent_netprofit_source_yoy,0.03965927009290723,24618,,,,,,FUNDAMENTAL::growth::stock-session cross-section::SLOW_TEMPORAL_CHANGE
fund_ba_total_assets_source_yoy,fund_pr_deduct_parent_netprofit_yoy,0.03217164356882267,24618,,,,,,FUNDAMENTAL::growth::stock-session cross-section::SLOW_TEMPORAL_CHANGE
fund_ba_total_assets_source_yoy,fund_pr_operate_cost_source_yoy,0.04931537860375496,24097,,,,,,FUNDAMENTAL::growth::stock-session cross-section::SLOW_TEMPORAL_CHANGE
fund_ba_total_assets_source_yoy,fund_pr_operate_cost_yoy,0.03516240625981554,24097,,,,,,FUNDAMENTAL::growth::stock-session cross-section::SLOW_TEMPORAL_CHANGE
fund_ba_total_assets_source_yoy,fund_pr_operate_income_source_yoy,0.043136096335605334,24745,,,,,,FUNDAMENTAL::growth::stock-session cross-section::SLOW_TEMPORAL_CHANGE
fund_ba_total_assets_source_yoy,fund_pr_operate_income_yoy,0.0370694039826823,24745,,,,,,FUNDAMENTAL::growth::stock-session cross-section::SLOW_TEMPORAL_CHANGE
fund_ba_total_assets_source_yoy,fund_pr_operate_profit_source_yoy,0.04030174617226145,24887,,,,,,FUNDAMENTAL::growth::stock-session cross-section::SLOW_TEMPORAL_CHANGE
fund_ba_total_assets_source_yoy,fund_pr_operate_profit_yoy,0.03266733173384506,24942,,,,,,FUNDAMENTAL::growth::stock-session cross-section::SLOW_TEMPORAL_CHANGE
fund_ba_total_assets_source_yoy,fund_pr_parent_netprofit_source_yoy,0.041152466336241096,24887,,,,,,FUNDAMENTAL::growth::stock-session cross-section::SLOW_TEMPORAL_CHANGE
fund_ba_total_assets_source_yoy,fund_pr_parent_netprofit_yoy,0.03300687572108005,24942,,,,,,FUNDAMENTAL::growth::stock-session cross-section::SLOW_TEMPORAL_CHANGE
fund_ba_total_assets_source_yoy_at_disclosure,fund_ba_total_assets_yoy_at_disclosure,0.33839736855493746,1375,,,,,,FUNDAMENTAL::growth::disclosure episode::DISCLOSURE_EVENT
fund_ba_total_assets_source_yoy_at_disclosure,fund_ba_total_current_assets_source_yoy_at_disclosure,0.22487509171521305,1333,,,,,,FUNDAMENTAL::growth::disclosure episode::DISCLOSURE_EVENT
fund_ba_total_assets_source_yoy_at_disclosure,fund_ba_total_current_assets_yoy_at_disclosure,0.14956369034423966,1333,,,,,,FUNDAMENTAL::growth::disclosure episode::DISCLOSURE_EVENT
fund_ba_total_assets_source_yoy_at_disclosure,fund_ba_total_current_liab_source_yoy_at_disclosure,0.14803389953514606,1333,,,,,,FUNDAMENTAL::growth::disclosure episode::DISCLOSURE_EVENT
fund_ba_total_assets_source_yoy_at_disclosure,fund_ba_total_current_liab_yoy_at_disclosure,0.12858393540825236,1333,,,,,,FUNDAMENTAL::growth::disclosure episode::DISCLOSURE_EVENT
fund_ba_total_assets_source_yoy_at_disclosure,fund_ba_total_equity_source_yoy_at_disclosure,0.15021857464331895,1369,,,,,,FUNDAMENTAL::growth::disclosure episode::DISCLOSURE_EVENT
fund_ba_total_assets_source_yoy_at_disclosure,fund_ba_total_equity_yoy_at_disclosure,0.11106530734731423,1369,,,,,,FUNDAMENTAL::growth::disclosure episode::DISCLOSURE_EVENT
fund_ba_total_assets_source_yoy_at_disclosure,fund_ba_total_liabilities_source_yoy_at_disclosure,0.2120589396977303,1374,,,,,,FUNDAMENTAL::growth::disclosure episode::DISCLOSURE_EVENT
fund_ba_total_assets_source_yoy_at_disclosure,fund_ba_total_liabilities_yoy_at_disclosure,0.16903001405298101,1374,,,,,,FUNDAMENTAL::growth::disclosure episode::DISCLOSURE_EVENT
fund_ba_total_assets_source_yoy_at_disclosure,fund_ca_construct_long_asset_source_yoy_at_disclosure,0.0,0,,,,,,FUNDAMENTAL::growth::disclosure episode::DISCLOSURE_EVENT
fund_ba_total_assets_source_yoy_at_disclosure,fund_ca_construct_long_asset_yoy_at_disclosure,0.0,0,,,,,,FUNDAMENTAL::growth::disclosure episode::DISCLOSURE_EVENT
fund_ba_total_assets_source_yoy_at_disclosure,fund_ca_netcash_finance_source_yoy_at_disclosure,0.0,0,,,,,,FUNDAMENTAL::growth::disclosure episode::DISCLOSURE_EVENT
fund_ba_total_assets_source_yoy_at_disclosure,fund_ca_netcash_finance_yoy_at_disclosure,0.0,0,,,,,,FUNDAMENTAL::growth::disclosure episode::DISCLOSURE_EVENT
fund_ba_total_assets_source_yoy_at_disclosure,fund_ca_netcash_invest_source_yoy_at_disclosure,0.0,0,,,,,,FUNDAMENTAL::growth::disclosure episode::DISCLOSURE_EVENT
fund_ba_total_assets_source_yoy_at_disclosure,fund_ca_netcash_invest_yoy_at_disclosure,0.0,0,,,,,,FUNDAMENTAL::growth::disclosure episode::DISCLOSURE_EVENT
fund_ba_total_assets_source_yoy_at_disclosure,fund_ca_netcash_operate_source_yoy_at_disclosure,0.9333000933543042,6,,,,,,FUNDAMENTAL::growth::disclosure episode::DISCLOSURE_EVENT
fund_ba_total_assets_source_yoy_at_disclosure,fund_ca_netcash_operate_yoy_at_disclosure,0.9333000933543042,6,,,,,,FUNDAMENTAL::growth::disclosure episode::DISCLOSURE_EVENT
fund_ba_total_assets_source_yoy_at_disclosure,fund_pr_deduct_parent_netprofit_source_yoy_at_disclosure,1.0,6,,,,,,FUNDAMENTAL::growth::disclosure episode::DISCLOSURE_EVENT
fund_ba_total_assets_source_yoy_at_disclosure,fund_pr_deduct_parent_netprofit_yoy_at_disclosure,1.0,6,,,,,,FUNDAMENTAL::growth::disclosure episode::DISCLOSURE_EVENT
fund_ba_total_assets_source_yoy_at_disclosure,fund_pr_operate_cost_source_yoy_at_disclosure,0.0,0,,,,,,FUNDAMENTAL::growth::disclosure episode::DISCLOSURE_EVENT
fund_ba_total_assets_source_yoy_at_disclosure,fund_pr_operate_cost_yoy_at_disclosure,0.0,0,,,,,,FUNDAMENTAL::growth::disclosure episode::DISCLOSURE_EVENT
fund_ba_total_assets_source_yoy_at_disclosure,fund_pr_operate_income_source_yoy_at_disclosure,0.0,0,,,,,,FUNDAMENTAL::growth::disclosure episode::DISCLOSURE_EVENT
fund_ba_total_assets_source_yoy_at_disclosure,fund_pr_operate_income_yoy_at_disclosure,0.0,0,,,,,,FUNDAMENTAL::growth::disclosure episode::DISCLOSURE_EVENT
fund_ba_total_assets_source_yoy_at_disclosure,fund_pr_operate_profit_source_yoy_at_disclosure,0.7611702597222879,3,,,,,,FUNDAMENTAL::growth::disclosure episode::DISCLOSURE_EVENT
fund_ba_total_assets_source_yoy_at_disclosure,fund_pr_operate_profit_yoy_at_disclosure,0.9333000933543042,6,,,,,,FUNDAMENTAL::growth::disclosure episode::DISCLOSURE_EVENT
fund_ba_total_assets_source_yoy_at_disclosure,fund_pr_parent_netprofit_source_yoy_at_disclosure,1.0,3,,,,,,FUNDAMENTAL::growth::disclosure episode::DISCLOSURE_EVENT
fund_ba_total_assets_source_yoy_at_disclosure,fund_pr_parent_netprofit_yoy_at_disclosure,1.0,6,,,,,,FUNDAMENTAL::growth::disclosure episode::DISCLOSURE_EVENT
fund_ba_total_assets_yoy,fund_ba_total_current_assets_source_yoy,0.15037371846663572,24186,,,,,,FUNDAMENTAL::growth::stock-session cross-section::SLOW_TEMPORAL_CHANGE
fund_ba_total_assets_yoy,fund_ba_total_current_assets_yoy,0.30045616543851245,24186,,,,,,FUNDAMENTAL::growth::stock-session cross-section::SLOW_TEMPORAL_CHANGE
fund_ba_total_assets_yoy,fund_ba_total_current_liab_source_yoy,0.09656113424725882,24186,,,,,,FUNDAMENTAL::growth::stock-session cross-section::SLOW_TEMPORAL_CHANGE
fund_ba_total_assets_yoy,fund_ba_total_current_liab_yoy,0.2491523699369882,24186,,,,,,FUNDAMENTAL::growth::stock-session cross-section::SLOW_TEMPORAL_CHANGE
fund_ba_total_assets_yoy,fund_ba_total_equity_source_yoy,0.12455485827255787,24834,,,,,,FUNDAMENTAL::growth::stock-session cross-section::SLOW_TEMPORAL_CHANGE
fund_ba_total_assets_yoy,fund_ba_total_equity_yoy,0.2281582955636673,24834,,,,,,FUNDAMENTAL::growth::stock-session cross-section::SLOW_TEMPORAL_CHANGE
fund_ba_total_assets_yoy,fund_ba_total_liabilities_source_yoy,0.13067390172986157,25001,,,,,,FUNDAMENTAL::growth::stock-session cross-section::SLOW_TEMPORAL_CHANGE
fund_ba_total_assets_yoy,fund_ba_total_liabilities_yoy,0.34137194801272924,25001,,,,,,FUNDAMENTAL::growth::stock-session cross-section::SLOW_TEMPORAL_CHANGE
fund_ba_total_assets_yoy,fund_ca_construct_long_asset_source_yoy,0.036618734754596635,24622,,,,,,FUNDAMENTAL::growth::stock-session cross-section::SLOW_TEMPORAL_CHANGE
fund_ba_total_assets_yoy,fund_ca_construct_long_asset_yoy,0.07340922926858315,24622,,,,,,FUNDAMENTAL::growth::stock-session cross-section::SLOW_TEMPORAL_CHANGE
fund_ba_total_assets_yoy,fund_ca_netcash_finance_source_yoy,0.024165929429880627,24096,,,,,,FUNDAMENTAL::growth::stock-session cross-section::SLOW_TEMPORAL_CHANGE
fund_ba_total_assets_yoy,fund_ca_netcash_finance_yoy,0.0801919114142638,24126,,,,,,FUNDAMENTAL::growth::stock-session cross-section::SLOW_TEMPORAL_CHANGE
fund_ba_total_assets_yoy,fund_ca_netcash_invest_source_yoy,0.032597234920682804,24673,,,,,,FUNDAMENTAL::growth::stock-session cross-section::SLOW_TEMPORAL_CHANGE
fund_ba_total_assets_yoy,fund_ca_netcash_invest_yoy,0.07490394090249294,24673,,,,,,FUNDAMENTAL::growth::stock-session cross-section::SLOW_TEMPORAL_CHANGE
fund_ba_total_assets_yoy,fund_ca_netcash_operate_source_yoy,0.030312631469468578,24870,,,,,,FUNDAMENTAL::growth::stock-session cross-section::SLOW_TEMPORAL_CHANGE
fund_ba_total_assets_yoy,fund_ca_netcash_operate_yoy,0.11087120998941896,24870,,,,,,FUNDAMENTAL::growth::stock-session cross-section::SLOW_TEMPORAL_CHANGE
fund_ba_total_assets_yoy,fund_pr_deduct_parent_netprofit_source_yoy,0.03554949946687696,24618,,,,,,FUNDAMENTAL::growth::stock-session cross-section::SLOW_TEMPORAL_CHANGE
fund_ba_total_assets_yoy,fund_pr_deduct_parent_netprofit_yoy,0.09100430586971721,24618,,,,,,FUNDAMENTAL::growth::stock-session cross-section::SLOW_TEMPORAL_CHANGE
fund_ba_total_assets_yoy,fund_pr_operate_cost_source_yoy,0.041043692828252654,24097,,,,,,FUNDAMENTAL::growth::stock-session cross-section::SLOW_TEMPORAL_CHANGE
fund_ba_total_assets_yoy,fund_pr_operate_cost_yoy,0.11275984053417941,24097,,,,,,FUNDAMENTAL::growth::stock-session cross-section::SLOW_TEMPORAL_CHANGE
fund_ba_total_assets_yoy,fund_pr_operate_income_source_yoy,0.04435792724041949,24745,,,,,,FUNDAMENTAL::growth::stock-session cross-section::SLOW_TEMPORAL_CHANGE
fund_ba_total_assets_yoy,fund_pr_operate_income_yoy,0.11161072190784102,24745,,,,,,FUNDAMENTAL::growth::stock-session cross-section::SLOW_TEMPORAL_CHANGE
fund_ba_total_assets_yoy,fund_pr_operate_profit_source_yoy,0.03603609348588033,24887,,,,,,FUNDAMENTAL::growth::stock-session cross-section::SLOW_TEMPORAL_CHANGE
fund_ba_total_assets_yoy,fund_pr_operate_profit_yoy,0.09391909637948817,24942,,,,,,FUNDAMENTAL::growth::stock-session cross-section::SLOW_TEMPORAL_CHANGE
fund_ba_total_assets_yoy,fund_pr_parent_netprofit_source_yoy,0.03363612942441668,24887,,,,,,FUNDAMENTAL::growth::stock-session cross-section::SLOW_TEMPORAL_CHANGE
fund_ba_total_assets_yoy,fund_pr_parent_netprofit_yoy,0.09661794092368318,24942,,,,,,FUNDAMENTAL::growth::stock-session cross-section::SLOW_TEMPORAL_CHANGE
fund_ba_total_assets_yoy_at_disclosure,fund_ba_total_current_assets_source_yoy_at_disclosure,0.15313250759596528,1333,,,,,,FUNDAMENTAL::growth::disclosure episode::DISCLOSURE_EVENT
fund_ba_total_assets_yoy_at_disclosure,fund_ba_total_current_assets_yoy_at_disclosure,0.29713352692184614,1333,,,,,,FUNDAMENTAL::growth::disclosure episode::DISCLOSURE_EVENT
fund_ba_total_assets_yoy_at_disclosure,fund_ba_total_current_liab_source_yoy_at_disclosure,0.1042863007587267,1333,,,,,,FUNDAMENTAL::growth::disclosure episode::DISCLOSURE_EVENT
fund_ba_total_assets_yoy_at_disclosure,fund_ba_total_current_liab_yoy_at_disclosure,0.2530317735177785,1333,,,,,,FUNDAMENTAL::growth::disclosure episode::DISCLOSURE_EVENT
fund_ba_total_assets_yoy_at_disclosure,fund_ba_total_equity_source_yoy_at_disclosure,0.1270113398180119,1369,,,,,,FUNDAMENTAL::growth::disclosure episode::DISCLOSURE_EVENT
fund_ba_total_assets_yoy_at_disclosure,fund_ba_total_equity_yoy_at_disclosure,0.23015885174296666,1369,,,,,,FUNDAMENTAL::growth::disclosure episode::DISCLOSURE_EVENT
fund_ba_total_assets_yoy_at_disclosure,fund_ba_total_liabilities_source_yoy_at_disclosure,0.13513539613522035,1374,,,,,,FUNDAMENTAL::growth::disclosure episode::DISCLOSURE_EVENT
fund_ba_total_assets_yoy_at_disclosure,fund_ba_total_liabilities_yoy_at_disclosure,0.3567598844290551,1374,,,,,,FUNDAMENTAL::growth::disclosure episode::DISCLOSURE_EVENT
fund_ba_total_assets_yoy_at_disclosure,fund_ca_construct_long_asset_source_yoy_at_disclosure,0.0,0,,,,,,FUNDAMENTAL::growth::disclosure episode::DISCLOSURE_EVENT
fund_ba_total_assets_yoy_at_disclosure,fund_ca_construct_long_asset_yoy_at_disclosure,0.0,0,,,,,,FUNDAMENTAL::growth::disclosure episode::DISCLOSURE_EVENT
fund_ba_total_assets_yoy_at_disclosure,fund_ca_netcash_finance_source_yoy_at_disclosure,0.0,0,,,,,,FUNDAMENTAL::growth::disclosure episode::DISCLOSURE_EVENT
fund_ba_total_assets_yoy_at_disclosure,fund_ca_netcash_finance_yoy_at_disclosure,0.0,0,,,,,,FUNDAMENTAL::growth::disclosure episode::DISCLOSURE_EVENT
fund_ba_total_assets_yoy_at_disclosure,fund_ca_netcash_invest_source_yoy_at_disclosure,0.0,0,,,,,,FUNDAMENTAL::growth::disclosure episode::DISCLOSURE_EVENT
fund_ba_total_assets_yoy_at_disclosure,fund_ca_netcash_invest_yoy_at_disclosure,0.0,0,,,,,,FUNDAMENTAL::growth::disclosure episode::DISCLOSURE_EVENT
fund_ba_total_assets_yoy_at_disclosure,fund_ca_netcash_operate_source_yoy_at_disclosure,0.9333000933543042,6,,,,,,FUNDAMENTAL::growth::disclosure episode::DISCLOSURE_EVENT
fund_ba_total_assets_yoy_at_disclosure,fund_ca_netcash_operate_yoy_at_disclosure,0.9333000933543042,6,,,,,,FUNDAMENTAL::growth::disclosure episode::DISCLOSURE_EVENT
fund_ba_total_assets_yoy_at_disclosure,fund_pr_deduct_parent_netprofit_source_yoy_at_disclosure,1.0,6,,,,,,FUNDAMENTAL::growth::disclosure episode::DISCLOSURE_EVENT
fund_ba_total_assets_yoy_at_disclosure,fund_pr_deduct_parent_netprofit_yoy_at_disclosure,1.0,6,,,,,,FUNDAMENTAL::growth::disclosure episode::DISCLOSURE_EVENT
fund_ba_total_assets_yoy_at_disclosure,fund_pr_operate_cost_source_yoy_at_disclosure,0.0,0,,,,,,FUNDAMENTAL::growth::disclosure episode::DISCLOSURE_EVENT
fund_ba_total_assets_yoy_at_disclosure,fund_pr_operate_cost_yoy_at_disclosure,0.0,0,,,,,,FUNDAMENTAL::growth::disclosure episode::DISCLOSURE_EVENT
fund_ba_total_assets_yoy_at_disclosure,fund_pr_operate_income_source_yoy_at_disclosure,0.0,0,,,,,,FUNDAMENTAL::growth::disclosure episode::DISCLOSURE_EVENT
fund_ba_total_assets_yoy_at_disclosure,fund_pr_operate_income_yoy_at_disclosure,0.0,0,,,,,,FUNDAMENTAL::growth::disclosure episode::DISCLOSURE_EVENT
fund_ba_total_assets_yoy_at_disclosure,fund_pr_operate_profit_source_yoy_at_disclosure,0.7611702597222879,3,,,,,,FUNDAMENTAL::growth::disclosure episode::DISCLOSURE_EVENT
fund_ba_total_assets_yoy_at_disclosure,fund_pr_operate_profit_yoy_at_disclosure,0.9333000933543042,6,,,,,,FUNDAMENTAL::growth::disclosure episode::DISCLOSURE_EVENT
fund_ba_total_assets_yoy_at_disclosure,fund_pr_parent_netprofit_source_yoy_at_disclosure,1.0,3,,,,,,FUNDAMENTAL::growth::disclosure episode::DISCLOSURE_EVENT
fund_ba_total_assets_yoy_at_disclosure,fund_pr_parent_netprofit_yoy_at_disclosure,1.0,6,,,,,,FUNDAMENTAL::growth::disclosure episode::DISCLOSURE_EVENT
fund_ba_total_current_assets_acceleration,fund_ba_total_current_assets_delta,0.2252332656447138,24549,,,,,,FUNDAMENTAL::liquidity_solvency::stock-session cross-section::SLOW_TEMPORAL_CHANGE
fund_ba_total_current_assets_acceleration,fund_ba_total_current_assets_persistence,0.03293520411763892,24535,,,,,,FUNDAMENTAL::liquidity_solvency::stock-session cross-section::SLOW_TEMPORAL_CHANGE
fund_ba_total_current_assets_acceleration,fund_ba_total_current_assets_slope,0.22040360952941612,24549,,,,,,FUNDAMENTAL::liquidity_solvency::stock-session cross-section::SLOW_TEMPORAL_CHANGE
fund_ba_total_current_assets_acceleration,fund_ba_total_current_liab_acceleration,0.25459773826615406,24549,,,,,,FUNDAMENTAL::liquidity_solvency::stock-session cross-section::SLOW_TEMPORAL_CHANGE
fund_ba_total_current_assets_acceleration,fund_ba_total_current_liab_delta,0.15230542846847564,24549,,,,,,FUNDAMENTAL::liquidity_solvency::stock-session cross-section::SLOW_TEMPORAL_CHANGE
fund_ba_total_current_assets_acceleration,fund_ba_total_current_liab_persistence,0.0145594018469531,24519,,,,,,FUNDAMENTAL::liquidity_solvency::stock-session cross-section::SLOW_TEMPORAL_CHANGE
fund_ba_total_current_assets_acceleration,fund_ba_total_current_liab_slope,0.15135260088982858,24549,,,,,,FUNDAMENTAL::liquidity_solvency::stock-session cross-section::SLOW_TEMPORAL_CHANGE
fund_ba_total_current_assets_acceleration_at_disclosure,fund_ba_total_current_assets_delta_at_disclosure,0.20805598972759748,1335,,,,,,FUNDAMENTAL::liquidity_solvency::disclosure episode::DISCLOSURE_EVENT
fund_ba_total_current_assets_acceleration_at_disclosure,fund_ba_total_current_assets_persistence_at_disclosure,0.03310003202460319,1335,,,,,,FUNDAMENTAL::liquidity_solvency::disclosure episode::DISCLOSURE_EVENT
fund_ba_total_current_assets_acceleration_at_disclosure,fund_ba_total_current_assets_slope_at_disclosure,0.2070789523871208,1335,,,,,,FUNDAMENTAL::liquidity_solvency::disclosure episode::DISCLOSURE_EVENT
fund_ba_total_current_assets_acceleration_at_disclosure,fund_ba_total_current_liab_acceleration_at_disclosure,0.2542277333539762,1335,,,,,,FUNDAMENTAL::liquidity_solvency::disclosure episode::DISCLOSURE_EVENT
fund_ba_total_current_assets_acceleration_at_disclosure,fund_ba_total_current_liab_delta_at_disclosure,0.13930879711285077,1335,,,,,,FUNDAMENTAL::liquidity_solvency::disclosure episode::DISCLOSURE_EVENT
fund_ba_total_current_assets_acceleration_at_disclosure,fund_ba_total_current_liab_persistence_at_disclosure,0.01678469011496359,1335,,,,,,FUNDAMENTAL::liquidity_solvency::disclosure episode::DISCLOSURE_EVENT
fund_ba_total_current_assets_acceleration_at_disclosure,fund_ba_total_current_liab_slope_at_disclosure,0.14113580778586457,1335,,,,,,FUNDAMENTAL::liquidity_solvency::disclosure episode::DISCLOSURE_EVENT
fund_ba_total_current_assets_acceleration_at_disclosure,fund_liquidity_cash_current_liab_at_disclosure,0.0461201062493915,1335,,,,,,FUNDAMENTAL::liquidity_solvency::disclosure episode::DISCLOSURE_EVENT
fund_ba_total_current_assets_acceleration_at_disclosure,fund_liquidity_current_ratio_at_disclosure,0.06685237656942744,1335,,,,,,FUNDAMENTAL::liquidity_solvency::disclosure episode::DISCLOSURE_EVENT
fund_ba_total_current_assets_delta,fund_ba_total_current_assets_persistence,0.010288031036181372,24791,,,,,,FUNDAMENTAL::liquidity_solvency::stock-session cross-section::SLOW_TEMPORAL_CHANGE
fund_ba_total_current_assets_delta,fund_ba_total_current_assets_slope,0.7507039343967618,24827,,,,,,FUNDAMENTAL::liquidity_solvency::stock-session cross-section::SLOW_TEMPORAL_CHANGE
fund_ba_total_current_assets_delta,fund_ba_total_current_liab_acceleration,0.17109587939821097,24549,,,,,,FUNDAMENTAL::liquidity_solvency::stock-session cross-section::SLOW_TEMPORAL_CHANGE
fund_ba_total_current_assets_delta,fund_ba_total_current_liab_delta,0.2669358102994232,24827,,,,,,FUNDAMENTAL::liquidity_solvency::stock-session cross-section::SLOW_TEMPORAL_CHANGE
fund_ba_total_current_assets_delta,fund_ba_total_current_liab_persistence,0.013355063995113284,24775,,,,,,FUNDAMENTAL::liquidity_solvency::stock-session cross-section::SLOW_TEMPORAL_CHANGE
fund_ba_total_current_assets_delta,fund_ba_total_current_liab_slope,0.2591486019577815,24827,,,,,,FUNDAMENTAL::liquidity_solvency::stock-session cross-section::SLOW_TEMPORAL_CHANGE
fund_ba_total_current_assets_delta_at_disclosure,fund_ba_total_current_assets_persistence_at_disclosure,0.011594410901660562,1343,,,,,,FUNDAMENTAL::liquidity_solvency::disclosure episode::DISCLOSURE_EVENT
fund_ba_total_current_assets_delta_at_disclosure,fund_ba_total_current_assets_slope_at_disclosure,0.7011217344196503,1344,,,,,,FUNDAMENTAL::liquidity_solvency::disclosure episode::DISCLOSURE_EVENT
fund_ba_total_current_assets_delta_at_disclosure,fund_ba_total_current_liab_acceleration_at_disclosure,0.15989472528993032,1335,,,,,,FUNDAMENTAL::liquidity_solvency::disclosure episode::DISCLOSURE_EVENT
fund_ba_total_current_assets_delta_at_disclosure,fund_ba_total_current_liab_delta_at_disclosure,0.24542312704825903,1344,,,,,,FUNDAMENTAL::liquidity_solvency::disclosure episode::DISCLOSURE_EVENT
fund_ba_total_current_assets_delta_at_disclosure,fund_ba_total_current_liab_persistence_at_disclosure,0.014465438423031274,1343,,,,,,FUNDAMENTAL::liquidity_solvency::disclosure episode::DISCLOSURE_EVENT
fund_ba_total_current_assets_delta_at_disclosure,fund_ba_total_current_liab_slope_at_disclosure,0.23347689686031953,1344,,,,,,FUNDAMENTAL::liquidity_solvency::disclosure episode::DISCLOSURE_EVENT
fund_ba_total_current_assets_delta_at_disclosure,fund_liquidity_cash_current_liab_at_disclosure,0.05023963598903542,1344,,,,,,FUNDAMENTAL::liquidity_solvency::disclosure episode::DISCLOSURE_EVENT
fund_ba_total_current_assets_delta_at_disclosure,fund_liquidity_current_ratio_at_disclosure,0.061707319509575254,1344,,,,,,FUNDAMENTAL::liquidity_solvency::disclosure episode::DISCLOSURE_EVENT
fund_ba_total_current_assets_persistence,fund_ba_total_current_assets_slope,0.012281019498865885,24791,,,,,,FUNDAMENTAL::liquidity_solvency::stock-session cross-section::SLOW_TEMPORAL_CHANGE
fund_ba_total_current_assets_persistence,fund_ba_total_current_liab_acceleration,0.013852962148745677,24535,,,,,,FUNDAMENTAL::liquidity_solvency::stock-session cross-section::SLOW_TEMPORAL_CHANGE
fund_ba_total_current_assets_persistence,fund_ba_total_current_liab_delta,0.011911194688404528,24791,,,,,,FUNDAMENTAL::liquidity_solvency::stock-session cross-section::SLOW_TEMPORAL_CHANGE
fund_ba_total_current_assets_persistence,fund_ba_total_current_liab_persistence,0.0925642440694076,24761,,,,,,FUNDAMENTAL::liquidity_solvency::stock-session cross-section::SLOW_TEMPORAL_CHANGE
fund_ba_total_current_assets_persistence,fund_ba_total_current_liab_slope,0.012236676792780562,24791,,,,,,FUNDAMENTAL::liquidity_solvency::stock-session cross-section::SLOW_TEMPORAL_CHANGE
fund_ba_total_current_assets_persistence_at_disclosure,fund_ba_total_current_assets_slope_at_disclosure,0.010046146860731684,1343,,,,,,FUNDAMENTAL::liquidity_solvency::disclosure episode::DISCLOSURE_EVENT
fund_ba_total_current_assets_persistence_at_disclosure,fund_ba_total_current_liab_acceleration_at_disclosure,0.01678506336553713,1335,,,,,,FUNDAMENTAL::liquidity_solvency::disclosure episode::DISCLOSURE_EVENT
fund_ba_total_current_assets_persistence_at_disclosure,fund_ba_total_current_liab_delta_at_disclosure,0.010576159780875451,1343,,,,,,FUNDAMENTAL::liquidity_solvency::disclosure episode::DISCLOSURE_EVENT
fund_ba_total_current_assets_persistence_at_disclosure,fund_ba_total_current_liab_persistence_at_disclosure,0.09817684861000066,1343,,,,,,FUNDAMENTAL::liquidity_solvency::disclosure episode::DISCLOSURE_EVENT
fund_ba_total_current_assets_persistence_at_disclosure,fund_ba_total_current_liab_slope_at_disclosure,0.01173127544215692,1343,,,,,,FUNDAMENTAL::liquidity_solvency::disclosure episode::DISCLOSURE_EVENT
fund_ba_total_current_assets_persistence_at_disclosure,fund_liquidity_cash_current_liab_at_disclosure,0.009389723300740187,1343,,,,,,FUNDAMENTAL::liquidity_solvency::disclosure episode::DISCLOSURE_EVENT
fund_ba_total_current_assets_persistence_at_disclosure,fund_liquidity_current_ratio_at_disclosure,0.014999258513889812,1343,,,,,,FUNDAMENTAL::liquidity_solvency::disclosure episode::DISCLOSURE_EVENT
fund_ba_total_current_assets_slope,fund_ba_total_current_liab_acceleration,0.1688153094354287,24549,,,,,,FUNDAMENTAL::liquidity_solvency::stock-session cross-section::SLOW_TEMPORAL_CHANGE
fund_ba_total_current_assets_slope,fund_ba_total_current_liab_delta,0.26524311366567005,24827,,,,,,FUNDAMENTAL::liquidity_solvency::stock-session cross-section::SLOW_TEMPORAL_CHANGE
fund_ba_total_current_assets_slope,fund_ba_total_current_liab_persistence,0.01451709175850818,24775,,,,,,FUNDAMENTAL::liquidity_solvency::stock-session cross-section::SLOW_TEMPORAL_CHANGE
fund_ba_total_current_assets_slope,fund_ba_total_current_liab_slope,0.2761165293708863,24827,,,,,,FUNDAMENTAL::liquidity_solvency::stock-session cross-section::SLOW_TEMPORAL_CHANGE
fund_ba_total_current_assets_slope_at_disclosure,fund_ba_total_current_liab_acceleration_at_disclosure,0.1557686385962705,1335,,,,,,FUNDAMENTAL::liquidity_solvency::disclosure episode::DISCLOSURE_EVENT
fund_ba_total_current_assets_slope_at_disclosure,fund_ba_total_current_liab_delta_at_disclosure,0.24292842581171414,1344,,,,,,FUNDAMENTAL::liquidity_solvency::disclosure episode::DISCLOSURE_EVENT
fund_ba_total_current_assets_slope_at_disclosure,fund_ba_total_current_liab_persistence_at_disclosure,0.012530007668999211,1343,,,,,,FUNDAMENTAL::liquidity_solvency::disclosure episode::DISCLOSURE_EVENT
fund_ba_total_current_assets_slope_at_disclosure,fund_ba_total_current_liab_slope_at_disclosure,0.255120551262701,1344,,,,,,FUNDAMENTAL::liquidity_solvency::disclosure episode::DISCLOSURE_EVENT
fund_ba_total_current_assets_slope_at_disclosure,fund_liquidity_cash_current_liab_at_disclosure,0.04507593357630354,1344,,,,,,FUNDAMENTAL::liquidity_solvency::disclosure episode::DISCLOSURE_EVENT
fund_ba_total_current_assets_slope_at_disclosure,fund_liquidity_current_ratio_at_disclosure,0.06262372029763641,1344,,,,,,FUNDAMENTAL::liquidity_solvency::disclosure episode::DISCLOSURE_EVENT
fund_ba_total_current_assets_source_yoy,fund_ba_total_current_assets_yoy,0.35347393504180263,24186,,,,,,FUNDAMENTAL::growth::stock-session cross-section::SLOW_TEMPORAL_CHANGE
fund_ba_total_current_assets_source_yoy,fund_ba_total_current_liab_source_yoy,0.08924329216677054,24186,,,,,,FUNDAMENTAL::growth::stock-session cross-section::SLOW_TEMPORAL_CHANGE
fund_ba_total_current_assets_source_yoy,fund_ba_total_current_liab_yoy,0.07982741616060651,24186,,,,,,FUNDAMENTAL::growth::stock-session cross-section::SLOW_TEMPORAL_CHANGE
fund_ba_total_current_assets_source_yoy,fund_ba_total_equity_source_yoy,0.10587417219612333,24186,,,,,,FUNDAMENTAL::growth::stock-session cross-section::SLOW_TEMPORAL_CHANGE
fund_ba_total_current_assets_source_yoy,fund_ba_total_equity_yoy,0.08191442986086024,24186,,,,,,FUNDAMENTAL::growth::stock-session cross-section::SLOW_TEMPORAL_CHANGE
fund_ba_total_current_assets_source_yoy,fund_ba_total_liabilities_source_yoy,0.10399753505274038,24186,,,,,,FUNDAMENTAL::growth::stock-session cross-section::SLOW_TEMPORAL_CHANGE
fund_ba_total_current_assets_source_yoy,fund_ba_total_liabilities_yoy,0.09186532758808807,24186,,,,,,FUNDAMENTAL::growth::stock-session cross-section::SLOW_TEMPORAL_CHANGE
fund_ba_total_current_assets_source_yoy,fund_ca_construct_long_asset_source_yoy,0.02907096257242598,23968,,,,,,FUNDAMENTAL::growth::stock-session cross-section::SLOW_TEMPORAL_CHANGE
fund_ba_total_current_assets_source_yoy,fund_ca_construct_long_asset_yoy,0.03170806345506378,23968,,,,,,FUNDAMENTAL::growth::stock-session cross-section::SLOW_TEMPORAL_CHANGE
fund_ba_total_current_assets_source_yoy,fund_ca_netcash_finance_source_yoy,0.027523505197740248,23442,,,,,,FUNDAMENTAL::growth::stock-session cross-section::SLOW_TEMPORAL_CHANGE
fund_ba_total_current_assets_source_yoy,fund_ca_netcash_finance_yoy,0.03245317830626649,23472,,,,,,FUNDAMENTAL::growth::stock-session cross-section::SLOW_TEMPORAL_CHANGE
fund_ba_total_current_assets_source_yoy,fund_ca_netcash_invest_source_yoy,0.028185166600696566,24019,,,,,,FUNDAMENTAL::growth::stock-session cross-section::SLOW_TEMPORAL_CHANGE
fund_ba_total_current_assets_source_yoy,fund_ca_netcash_invest_yoy,0.02684835818273106,24019,,,,,,FUNDAMENTAL::growth::stock-session cross-section::SLOW_TEMPORAL_CHANGE
fund_ba_total_current_assets_source_yoy,fund_ca_netcash_operate_source_yoy,0.031035733697699155,24039,,,,,,FUNDAMENTAL::growth::stock-session cross-section::SLOW_TEMPORAL_CHANGE
fund_ba_total_current_assets_source_yoy,fund_ca_netcash_operate_yoy,0.030827721181522612,24039,,,,,,FUNDAMENTAL::growth::stock-session cross-section::SLOW_TEMPORAL_CHANGE
fund_ba_total_current_assets_source_yoy,fund_pr_deduct_parent_netprofit_source_yoy,0.03349330493215234,23787,,,,,,FUNDAMENTAL::growth::stock-session cross-section::SLOW_TEMPORAL_CHANGE
fund_ba_total_current_assets_source_yoy,fund_pr_deduct_parent_netprofit_yoy,0.03425159653453386,23787,,,,,,FUNDAMENTAL::growth::stock-session cross-section::SLOW_TEMPORAL_CHANGE
fund_ba_total_current_assets_source_yoy,fund_pr_operate_cost_source_yoy,0.038495145816500646,24091,,,,,,FUNDAMENTAL::growth::stock-session cross-section::SLOW_TEMPORAL_CHANGE
fund_ba_total_current_assets_source_yoy,fund_pr_operate_cost_yoy,0.0331449586172064,24091,,,,,,FUNDAMENTAL::growth::stock-session cross-section::SLOW_TEMPORAL_CHANGE
fund_ba_total_current_assets_source_yoy,fund_pr_operate_income_source_yoy,0.04223616190948201,24091,,,,,,FUNDAMENTAL::growth::stock-session cross-section::SLOW_TEMPORAL_CHANGE
fund_ba_total_current_assets_source_yoy,fund_pr_operate_income_yoy,0.038756865992927415,24091,,,,,,FUNDAMENTAL::growth::stock-session cross-section::SLOW_TEMPORAL_CHANGE
fund_ba_total_current_assets_source_yoy,fund_pr_operate_profit_source_yoy,0.036783329132052144,24111,,,,,,FUNDAMENTAL::growth::stock-session cross-section::SLOW_TEMPORAL_CHANGE
fund_ba_total_current_assets_source_yoy,fund_pr_operate_profit_yoy,0.03125052275715346,24111,,,,,,FUNDAMENTAL::growth::stock-session cross-section::SLOW_TEMPORAL_CHANGE
fund_ba_total_current_assets_source_yoy,fund_pr_parent_netprofit_source_yoy,0.03206332840492445,24111,,,,,,FUNDAMENTAL::growth::stock-session cross-section::SLOW_TEMPORAL_CHANGE
fund_ba_total_current_assets_source_yoy,fund_pr_parent_netprofit_yoy,0.03530297485617457,24111,,,,,,FUNDAMENTAL::growth::stock-session cross-section::SLOW_TEMPORAL_CHANGE
fund_ba_total_current_assets_source_yoy_at_disclosure,fund_ba_total_current_assets_yoy_at_disclosure,0.3536950933117082,1333,,,,,,FUNDAMENTAL::growth::disclosure episode::DISCLOSURE_EVENT
fund_ba_total_current_assets_source_yoy_at_disclosure,fund_ba_total_current_liab_source_yoy_at_disclosure,0.09191540880223566,1333,,,,,,FUNDAMENTAL::growth::disclosure episode::DISCLOSURE_EVENT
fund_ba_total_current_assets_source_yoy_at_disclosure,fund_ba_total_current_liab_yoy_at_disclosure,0.08652360957163463,1333,,,,,,FUNDAMENTAL::growth::disclosure episode::DISCLOSURE_EVENT
fund_ba_total_current_assets_source_yoy_at_disclosure,fund_ba_total_equity_source_yoy_at_disclosure,0.10538213880091869,1333,,,,,,FUNDAMENTAL::growth::disclosure episode::DISCLOSURE_EVENT
fund_ba_total_current_assets_source_yoy_at_disclosure,fund_ba_total_equity_yoy_at_disclosure,0.08321809905516003,1333,,,,,,FUNDAMENTAL::growth::disclosure episode::DISCLOSURE_EVENT
fund_ba_total_current_assets_source_yoy_at_disclosure,fund_ba_total_liabilities_source_yoy_at_disclosure,0.1099856399616553,1333,,,,,,FUNDAMENTAL::growth::disclosure episode::DISCLOSURE_EVENT
fund_ba_total_current_assets_source_yoy_at_disclosure,fund_ba_total_liabilities_yoy_at_disclosure,0.10445409182404909,1333,,,,,,FUNDAMENTAL::growth::disclosure episode::DISCLOSURE_EVENT
fund_ba_total_current_assets_source_yoy_at_disclosure,fund_ca_construct_long_asset_source_yoy_at_disclosure,0.0,0,,,,,,FUNDAMENTAL::growth::disclosure episode::DISCLOSURE_EVENT
fund_ba_total_current_assets_source_yoy_at_disclosure,fund_ca_construct_long_asset_yoy_at_disclosure,0.0,0,,,,,,FUNDAMENTAL::growth::disclosure episode::DISCLOSURE_EVENT
fund_ba_total_current_assets_source_yoy_at_disclosure,fund_ca_netcash_finance_source_yoy_at_disclosure,0.0,0,,,,,,FUNDAMENTAL::growth::disclosure episode::DISCLOSURE_EVENT
fund_ba_total_current_assets_source_yoy_at_disclosure,fund_ca_netcash_finance_yoy_at_disclosure,0.0,0,,,,,,FUNDAMENTAL::growth::disclosure episode::DISCLOSURE_EVENT
fund_ba_total_current_assets_source_yoy_at_disclosure,fund_ca_netcash_invest_source_yoy_at_disclosure,0.0,0,,,,,,FUNDAMENTAL::growth::disclosure episode::DISCLOSURE_EVENT
fund_ba_total_current_assets_source_yoy_at_disclosure,fund_ca_netcash_invest_yoy_at_disclosure,0.0,0,,,,,,FUNDAMENTAL::growth::disclosure episode::DISCLOSURE_EVENT
fund_ba_total_current_assets_source_yoy_at_disclosure,fund_ca_netcash_operate_source_yoy_at_disclosure,0.0,0,,,,,,FUNDAMENTAL::growth::disclosure episode::DISCLOSURE_EVENT
fund_ba_total_current_assets_source_yoy_at_disclosure,fund_ca_netcash_operate_yoy_at_disclosure,0.0,0,,,,,,FUNDAMENTAL::growth::disclosure episode::DISCLOSURE_EVENT
fund_ba_total_current_assets_source_yoy_at_disclosure,fund_pr_deduct_parent_netprofit_source_yoy_at_disclosure,0.0,0,,,,,,FUNDAMENTAL::growth::disclosure episode::DISCLOSURE_EVENT
fund_ba_total_current_assets_source_yoy_at_disclosure,fund_pr_deduct_parent_netprofit_yoy_at_disclosure,0.0,0,,,,,,FUNDAMENTAL::growth::disclosure episode::DISCLOSURE_EVENT
fund_ba_total_current_assets_source_yoy_at_disclosure,fund_pr_operate_cost_source_yoy_at_disclosure,0.0,0,,,,,,FUNDAMENTAL::growth::disclosure episode::DISCLOSURE_EVENT
fund_ba_total_current_assets_source_yoy_at_disclosure,fund_pr_operate_cost_yoy_at_disclosure,0.0,0,,,,,,FUNDAMENTAL::growth::disclosure episode::DISCLOSURE_EVENT
fund_ba_total_current_assets_source_yoy_at_disclosure,fund_pr_operate_income_source_yoy_at_disclosure,0.0,0,,,,,,FUNDAMENTAL::growth::disclosure episode::DISCLOSURE_EVENT
fund_ba_total_current_assets_source_yoy_at_disclosure,fund_pr_operate_income_yoy_at_disclosure,0.0,0,,,,,,FUNDAMENTAL::growth::disclosure episode::DISCLOSURE_EVENT
fund_ba_total_current_assets_source_yoy_at_disclosure,fund_pr_operate_profit_source_yoy_at_disclosure,0.0,0,,,,,,FUNDAMENTAL::growth::disclosure episode::DISCLOSURE_EVENT
fund_ba_total_current_assets_source_yoy_at_disclosure,fund_pr_operate_profit_yoy_at_disclosure,0.0,0,,,,,,FUNDAMENTAL::growth::disclosure episode::DISCLOSURE_EVENT
fund_ba_total_current_assets_source_yoy_at_disclosure,fund_pr_parent_netprofit_source_yoy_at_disclosure,0.0,0,,,,,,FUNDAMENTAL::growth::disclosure episode::DISCLOSURE_EVENT
fund_ba_total_current_assets_source_yoy_at_disclosure,fund_pr_parent_netprofit_yoy_at_disclosure,0.0,0,,,,,,FUNDAMENTAL::growth::disclosure episode::DISCLOSURE_EVENT
fund_ba_total_current_assets_yoy,fund_ba_total_current_liab_source_yoy,0.07443686321707021,24186,,,,,,FUNDAMENTAL::growth::stock-session cross-section::SLOW_TEMPORAL_CHANGE
fund_ba_total_current_assets_yoy,fund_ba_total_current_liab_yoy,0.19171593863434191,24186,,,,,,FUNDAMENTAL::growth::stock-session cross-section::SLOW_TEMPORAL_CHANGE
fund_ba_total_current_assets_yoy,fund_ba_total_equity_source_yoy,0.09304482756459599,24186,,,,,,FUNDAMENTAL::growth::stock-session cross-section::SLOW_TEMPORAL_CHANGE
fund_ba_total_current_assets_yoy,fund_ba_total_equity_yoy,0.16841325874799576,24186,,,,,,FUNDAMENTAL::growth::stock-session cross-section::SLOW_TEMPORAL_CHANGE
fund_ba_total_current_assets_yoy,fund_ba_total_liabilities_source_yoy,0.08693210886451459,24186,,,,,,FUNDAMENTAL::growth::stock-session cross-section::SLOW_TEMPORAL_CHANGE
fund_ba_total_current_assets_yoy,fund_ba_total_liabilities_yoy,0.21246342408120514,24186,,,,,,FUNDAMENTAL::growth::stock-session cross-section::SLOW_TEMPORAL_CHANGE
fund_ba_total_current_assets_yoy,fund_ca_construct_long_asset_source_yoy,0.03096934008836642,23968,,,,,,FUNDAMENTAL::growth::stock-session cross-section::SLOW_TEMPORAL_CHANGE
fund_ba_total_current_assets_yoy,fund_ca_construct_long_asset_yoy,0.0712918260493665,23968,,,,,,FUNDAMENTAL::growth::stock-session cross-section::SLOW_TEMPORAL_CHANGE
fund_ba_total_current_assets_yoy,fund_ca_netcash_finance_source_yoy,0.02670476819169236,23442,,,,,,FUNDAMENTAL::growth::stock-session cross-section::SLOW_TEMPORAL_CHANGE
fund_ba_total_current_assets_yoy,fund_ca_netcash_finance_yoy,0.07627250686819259,23472,,,,,,FUNDAMENTAL::growth::stock-session cross-section::SLOW_TEMPORAL_CHANGE
fund_ba_total_current_assets_yoy,fund_ca_netcash_invest_source_yoy,0.02761521284001356,24019,,,,,,FUNDAMENTAL::growth::stock-session cross-section::SLOW_TEMPORAL_CHANGE
fund_ba_total_current_assets_yoy,fund_ca_netcash_invest_yoy,0.06852877236174969,24019,,,,,,FUNDAMENTAL::growth::stock-session cross-section::SLOW_TEMPORAL_CHANGE
fund_ba_total_current_assets_yoy,fund_ca_netcash_operate_source_yoy,0.03165010931295688,24039,,,,,,FUNDAMENTAL::growth::stock-session cross-section::SLOW_TEMPORAL_CHANGE
fund_ba_total_current_assets_yoy,fund_ca_netcash_operate_yoy,0.10623171472077868,24039,,,,,,FUNDAMENTAL::growth::stock-session cross-section::SLOW_TEMPORAL_CHANGE
fund_ba_total_current_assets_yoy,fund_pr_deduct_parent_netprofit_source_yoy,0.03634928298890475,23787,,,,,,FUNDAMENTAL::growth::stock-session cross-section::SLOW_TEMPORAL_CHANGE
fund_ba_total_current_assets_yoy,fund_pr_deduct_parent_netprofit_yoy,0.0846225010025789,23787,,,,,,FUNDAMENTAL::growth::stock-session cross-section::SLOW_TEMPORAL_CHANGE
fund_ba_total_current_assets_yoy,fund_pr_operate_cost_source_yoy,0.03806663998481109,24091,,,,,,FUNDAMENTAL::growth::stock-session cross-section::SLOW_TEMPORAL_CHANGE
fund_ba_total_current_assets_yoy,fund_pr_operate_cost_yoy,0.10885787580072702,24091,,,,,,FUNDAMENTAL::growth::stock-session cross-section::SLOW_TEMPORAL_CHANGE
fund_ba_total_current_assets_yoy,fund_pr_operate_income_source_yoy,0.03903053106506069,24091,,,,,,FUNDAMENTAL::growth::stock-session cross-section::SLOW_TEMPORAL_CHANGE
fund_ba_total_current_assets_yoy,fund_pr_operate_income_yoy,0.11407381774224094,24091,,,,,,FUNDAMENTAL::growth::stock-session cross-section::SLOW_TEMPORAL_CHANGE
fund_ba_total_current_assets_yoy,fund_pr_operate_profit_source_yoy,0.03181800257520515,24111,,,,,,FUNDAMENTAL::growth::stock-session cross-section::SLOW_TEMPORAL_CHANGE
fund_ba_total_current_assets_yoy,fund_pr_operate_profit_yoy,0.09296214603793602,24111,,,,,,FUNDAMENTAL::growth::stock-session cross-section::SLOW_TEMPORAL_CHANGE
fund_ba_total_current_assets_yoy,fund_pr_parent_netprofit_source_yoy,0.035734112281274225,24111,,,,,,FUNDAMENTAL::growth::stock-session cross-section::SLOW_TEMPORAL_CHANGE
fund_ba_total_current_assets_yoy,fund_pr_parent_netprofit_yoy,0.0901250620966913,24111,,,,,,FUNDAMENTAL::growth::stock-session cross-section::SLOW_TEMPORAL_CHANGE
fund_ba_total_current_assets_yoy_at_disclosure,fund_ba_total_current_liab_source_yoy_at_disclosure,0.0821365923361074,1333,,,,,,FUNDAMENTAL::growth::disclosure episode::DISCLOSURE_EVENT
fund_ba_total_current_assets_yoy_at_disclosure,fund_ba_total_current_liab_yoy_at_disclosure,0.19912158519666448,1333,,,,,,FUNDAMENTAL::growth::disclosure episode::DISCLOSURE_EVENT
fund_ba_total_current_assets_yoy_at_disclosure,fund_ba_total_equity_source_yoy_at_disclosure,0.09445970554058573,1333,,,,,,FUNDAMENTAL::growth::disclosure episode::DISCLOSURE_EVENT
fund_ba_total_current_assets_yoy_at_disclosure,fund_ba_total_equity_yoy_at_disclosure,0.1707180684122506,1333,,,,,,FUNDAMENTAL::growth::disclosure episode::DISCLOSURE_EVENT
fund_ba_total_current_assets_yoy_at_disclosure,fund_ba_total_liabilities_source_yoy_at_disclosure,0.09330953766401603,1333,,,,,,FUNDAMENTAL::growth::disclosure episode::DISCLOSURE_EVENT
fund_ba_total_current_assets_yoy_at_disclosure,fund_ba_total_liabilities_yoy_at_disclosure,0.21747609168756402,1333,,,,,,FUNDAMENTAL::growth::disclosure episode::DISCLOSURE_EVENT
fund_ba_total_current_assets_yoy_at_disclosure,fund_ca_construct_long_asset_source_yoy_at_disclosure,0.0,0,,,,,,FUNDAMENTAL::growth::disclosure episode::DISCLOSURE_EVENT
fund_ba_total_current_assets_yoy_at_disclosure,fund_ca_construct_long_asset_yoy_at_disclosure,0.0,0,,,,,,FUNDAMENTAL::growth::disclosure episode::DISCLOSURE_EVENT
fund_ba_total_current_assets_yoy_at_disclosure,fund_ca_netcash_finance_source_yoy_at_disclosure,0.0,0,,,,,,FUNDAMENTAL::growth::disclosure episode::DISCLOSURE_EVENT
fund_ba_total_current_assets_yoy_at_disclosure,fund_ca_netcash_finance_yoy_at_disclosure,0.0,0,,,,,,FUNDAMENTAL::growth::disclosure episode::DISCLOSURE_EVENT
fund_ba_total_current_assets_yoy_at_disclosure,fund_ca_netcash_invest_source_yoy_at_disclosure,0.0,0,,,,,,FUNDAMENTAL::growth::disclosure episode::DISCLOSURE_EVENT
fund_ba_total_current_assets_yoy_at_disclosure,fund_ca_netcash_invest_yoy_at_disclosure,0.0,0,,,,,,FUNDAMENTAL::growth::disclosure episode::DISCLOSURE_EVENT
fund_ba_total_current_assets_yoy_at_disclosure,fund_ca_netcash_operate_source_yoy_at_disclosure,0.0,0,,,,,,FUNDAMENTAL::growth::disclosure episode::DISCLOSURE_EVENT
fund_ba_total_current_assets_yoy_at_disclosure,fund_ca_netcash_operate_yoy_at_disclosure,0.0,0,,,,,,FUNDAMENTAL::growth::disclosure episode::DISCLOSURE_EVENT
fund_ba_total_current_assets_yoy_at_disclosure,fund_pr_deduct_parent_netprofit_source_yoy_at_disclosure,0.0,0,,,,,,FUNDAMENTAL::growth::disclosure episode::DISCLOSURE_EVENT
fund_ba_total_current_assets_yoy_at_disclosure,fund_pr_deduct_parent_netprofit_yoy_at_disclosure,0.0,0,,,,,,FUNDAMENTAL::growth::disclosure episode::DISCLOSURE_EVENT
fund_ba_total_current_assets_yoy_at_disclosure,fund_pr_operate_cost_source_yoy_at_disclosure,0.0,0,,,,,,FUNDAMENTAL::growth::disclosure episode::DISCLOSURE_EVENT
fund_ba_total_current_assets_yoy_at_disclosure,fund_pr_operate_cost_yoy_at_disclosure,0.0,0,,,,,,FUNDAMENTAL::growth::disclosure episode::DISCLOSURE_EVENT
fund_ba_total_current_assets_yoy_at_disclosure,fund_pr_operate_income_source_yoy_at_disclosure,0.0,0,,,,,,FUNDAMENTAL::growth::disclosure episode::DISCLOSURE_EVENT
fund_ba_total_current_assets_yoy_at_disclosure,fund_pr_operate_income_yoy_at_disclosure,0.0,0,,,,,,FUNDAMENTAL::growth::disclosure episode::DISCLOSURE_EVENT
fund_ba_total_current_assets_yoy_at_disclosure,fund_pr_operate_profit_source_yoy_at_disclosure,0.0,0,,,,,,FUNDAMENTAL::growth::disclosure episode::DISCLOSURE_EVENT
fund_ba_total_current_assets_yoy_at_disclosure,fund_pr_operate_profit_yoy_at_disclosure,0.0,0,,,,,,FUNDAMENTAL::growth::disclosure episode::DISCLOSURE_EVENT
fund_ba_total_current_assets_yoy_at_disclosure,fund_pr_parent_netprofit_source_yoy_at_disclosure,0.0,0,,,,,,FUNDAMENTAL::growth::disclosure episode::DISCLOSURE_EVENT
fund_ba_total_current_assets_yoy_at_disclosure,fund_pr_parent_netprofit_yoy_at_disclosure,0.0,0,,,,,,FUNDAMENTAL::growth::disclosure episode::DISCLOSURE_EVENT
fund_ba_total_current_liab_acceleration,fund_ba_total_current_liab_delta,0.22348301176050042,24549,,,,,,FUNDAMENTAL::liquidity_solvency::stock-session cross-section::SLOW_TEMPORAL_CHANGE
fund_ba_total_current_liab_acceleration,fund_ba_total_current_liab_persistence,0.03415279171629606,24519,,,,,,FUNDAMENTAL::liquidity_solvency::stock-session cross-section::SLOW_TEMPORAL_CHANGE
fund_ba_total_current_liab_acceleration,fund_ba_total_current_liab_slope,0.21861871182255987,24549,,,,,,FUNDAMENTAL::liquidity_solvency::stock-session cross-section::SLOW_TEMPORAL_CHANGE
fund_ba_total_current_liab_acceleration_at_disclosure,fund_ba_total_current_liab_delta_at_disclosure,0.20473042003479336,1335,,,,,,FUNDAMENTAL::liquidity_solvency::disclosure episode::DISCLOSURE_EVENT
fund_ba_total_current_liab_acceleration_at_disclosure,fund_ba_total_current_liab_persistence_at_disclosure,0.0381225191106426,1335,,,,,,FUNDAMENTAL::liquidity_solvency::disclosure episode::DISCLOSURE_EVENT
fund_ba_total_current_liab_acceleration_at_disclosure,fund_ba_total_current_liab_slope_at_disclosure,0.2034165023733118,1335,,,,,,FUNDAMENTAL::liquidity_solvency::disclosure episode::DISCLOSURE_EVENT
fund_ba_total_current_liab_acceleration_at_disclosure,fund_liquidity_cash_current_liab_at_disclosure,0.061632657112678846,1335,,,,,,FUNDAMENTAL::liquidity_solvency::disclosure episode::DISCLOSURE_EVENT
fund_ba_total_current_liab_acceleration_at_disclosure,fund_liquidity_current_ratio_at_disclosure,0.08506604705972919,1335,,,,,,FUNDAMENTAL::liquidity_solvency::disclosure episode::DISCLOSURE_EVENT
fund_ba_total_current_liab_delta,fund_ba_total_current_liab_persistence,0.017549433226472153,24775,,,,,,FUNDAMENTAL::liquidity_solvency::stock-session cross-section::SLOW_TEMPORAL_CHANGE
fund_ba_total_current_liab_delta,fund_ba_total_current_liab_slope,0.7666660887196334,24827,,,,,,FUNDAMENTAL::liquidity_solvency::stock-session cross-section::SLOW_TEMPORAL_CHANGE
fund_ba_total_current_liab_delta_at_disclosure,fund_ba_total_current_liab_persistence_at_disclosure,0.012401881230321175,1343,,,,,,FUNDAMENTAL::liquidity_solvency::disclosure episode::DISCLOSURE_EVENT
fund_ba_total_current_liab_delta_at_disclosure,fund_ba_total_current_liab_slope_at_disclosure,0.7059747266952852,1344,,,,,,FUNDAMENTAL::liquidity_solvency::disclosure episode::DISCLOSURE_EVENT
fund_ba_total_current_liab_delta_at_disclosure,fund_liquidity_cash_current_liab_at_disclosure,0.05996688650471034,1344,,,,,,FUNDAMENTAL::liquidity_solvency::disclosure episode::DISCLOSURE_EVENT
fund_ba_total_current_liab_delta_at_disclosure,fund_liquidity_current_ratio_at_disclosure,0.07424566607570669,1344,,,,,,FUNDAMENTAL::liquidity_solvency::disclosure episode::DISCLOSURE_EVENT
fund_ba_total_current_liab_persistence,fund_ba_total_current_liab_slope,0.016787508700631826,24775,,,,,,FUNDAMENTAL::liquidity_solvency::stock-session cross-section::SLOW_TEMPORAL_CHANGE
fund_ba_total_current_liab_persistence_at_disclosure,fund_ba_total_current_liab_slope_at_disclosure,0.013353644687051063,1343,,,,,,FUNDAMENTAL::liquidity_solvency::disclosure episode::DISCLOSURE_EVENT
fund_ba_total_current_liab_persistence_at_disclosure,fund_liquidity_cash_current_liab_at_disclosure,0.008039318762549347,1343,,,,,,FUNDAMENTAL::liquidity_solvency::disclosure episode::DISCLOSURE_EVENT
fund_ba_total_current_liab_persistence_at_disclosure,fund_liquidity_current_ratio_at_disclosure,0.011773668749304663,1343,,,,,,FUNDAMENTAL::liquidity_solvency::disclosure episode::DISCLOSURE_EVENT
fund_ba_total_current_liab_slope_at_disclosure,fund_liquidity_cash_current_liab_at_disclosure,0.05735243716899618,1344,,,,,,FUNDAMENTAL::liquidity_solvency::disclosure episode::DISCLOSURE_EVENT
fund_ba_total_current_liab_slope_at_disclosure,fund_liquidity_current_ratio_at_disclosure,0.0734895711499813,1344,,,,,,FUNDAMENTAL::liquidity_solvency::disclosure episode::DISCLOSURE_EVENT
fund_ba_total_current_liab_source_yoy,fund_ba_total_current_liab_yoy,0.2761513698120988,24186,,,,,,FUNDAMENTAL::growth::stock-session cross-section::SLOW_TEMPORAL_CHANGE
fund_ba_total_current_liab_source_yoy,fund_ba_total_equity_source_yoy,0.03503410038174155,24186,,,,,,FUNDAMENTAL::growth::stock-session cross-section::SLOW_TEMPORAL_CHANGE
fund_ba_total_current_liab_source_yoy,fund_ba_total_equity_yoy,0.0378723549224176,24186,,,,,,FUNDAMENTAL::growth::stock-session cross-section::SLOW_TEMPORAL_CHANGE
fund_ba_total_current_liab_source_yoy,fund_ba_total_liabilities_source_yoy,0.3304113129580621,24186,,,,,,FUNDAMENTAL::growth::stock-session cross-section::SLOW_TEMPORAL_CHANGE
fund_ba_total_current_liab_source_yoy,fund_ba_total_liabilities_yoy,0.16974531838520482,24186,,,,,,FUNDAMENTAL::growth::stock-session cross-section::SLOW_TEMPORAL_CHANGE
fund_ba_total_current_liab_source_yoy,fund_ca_construct_long_asset_source_yoy,0.0313206717191995,23968,,,,,,FUNDAMENTAL::growth::stock-session cross-section::SLOW_TEMPORAL_CHANGE
fund_ba_total_current_liab_source_yoy,fund_ca_construct_long_asset_yoy,0.036812992481590805,23968,,,,,,FUNDAMENTAL::growth::stock-session cross-section::SLOW_TEMPORAL_CHANGE
fund_ba_total_current_liab_source_yoy,fund_ca_netcash_finance_source_yoy,0.03260057274314117,23442,,,,,,FUNDAMENTAL::growth::stock-session cross-section::SLOW_TEMPORAL_CHANGE
fund_ba_total_current_liab_source_yoy,fund_ca_netcash_finance_yoy,0.030686297730294666,23472,,,,,,FUNDAMENTAL::growth::stock-session cross-section::SLOW_TEMPORAL_CHANGE
fund_ba_total_current_liab_source_yoy,fund_ca_netcash_invest_source_yoy,0.022873451160935167,24019,,,,,,FUNDAMENTAL::growth::stock-session cross-section::SLOW_TEMPORAL_CHANGE
fund_ba_total_current_liab_source_yoy,fund_ca_netcash_invest_yoy,0.030247623466612708,24019,,,,,,FUNDAMENTAL::growth::stock-session cross-section::SLOW_TEMPORAL_CHANGE
fund_ba_total_current_liab_source_yoy,fund_ca_netcash_operate_source_yoy,0.02701618747222445,24039,,,,,,FUNDAMENTAL::growth::stock-session cross-section::SLOW_TEMPORAL_CHANGE
fund_ba_total_current_liab_source_yoy,fund_ca_netcash_operate_yoy,0.029290825193569913,24039,,,,,,FUNDAMENTAL::growth::stock-session cross-section::SLOW_TEMPORAL_CHANGE
fund_ba_total_current_liab_source_yoy,fund_pr_deduct_parent_netprofit_source_yoy,0.029895687482567813,23787,,,,,,FUNDAMENTAL::growth::stock-session cross-section::SLOW_TEMPORAL_CHANGE
fund_ba_total_current_liab_source_yoy,fund_pr_deduct_parent_netprofit_yoy,0.03855074395322513,23787,,,,,,FUNDAMENTAL::growth::stock-session cross-section::SLOW_TEMPORAL_CHANGE
fund_ba_total_current_liab_source_yoy,fund_pr_operate_cost_source_yoy,0.035161457248170144,24091,,,,,,FUNDAMENTAL::growth::stock-session cross-section::SLOW_TEMPORAL_CHANGE
fund_ba_total_current_liab_source_yoy,fund_pr_operate_cost_yoy,0.038884971362231575,24091,,,,,,FUNDAMENTAL::growth::stock-session cross-section::SLOW_TEMPORAL_CHANGE
fund_ba_total_current_liab_source_yoy,fund_pr_operate_income_source_yoy,0.03262507517602887,24091,,,,,,FUNDAMENTAL::growth::stock-session cross-section::SLOW_TEMPORAL_CHANGE
fund_ba_total_current_liab_source_yoy,fund_pr_operate_income_yoy,0.03602632890430396,24091,,,,,,FUNDAMENTAL::growth::stock-session cross-section::SLOW_TEMPORAL_CHANGE
fund_ba_total_current_liab_source_yoy,fund_pr_operate_profit_source_yoy,0.027291913926171796,24111,,,,,,FUNDAMENTAL::growth::stock-session cross-section::SLOW_TEMPORAL_CHANGE
fund_ba_total_current_liab_source_yoy,fund_pr_operate_profit_yoy,0.03468226108919353,24111,,,,,,FUNDAMENTAL::growth::stock-session cross-section::SLOW_TEMPORAL_CHANGE
fund_ba_total_current_liab_source_yoy,fund_pr_parent_netprofit_source_yoy,0.026314846864111608,24111,,,,,,FUNDAMENTAL::growth::stock-session cross-section::SLOW_TEMPORAL_CHANGE
fund_ba_total_current_liab_source_yoy,fund_pr_parent_netprofit_yoy,0.039314436291862036,24111,,,,,,FUNDAMENTAL::growth::stock-session cross-section::SLOW_TEMPORAL_CHANGE
fund_ba_total_current_liab_source_yoy_at_disclosure,fund_ba_total_current_liab_yoy_at_disclosure,0.2776721590689191,1333,,,,,,FUNDAMENTAL::growth::disclosure episode::DISCLOSURE_EVENT
fund_ba_total_current_liab_source_yoy_at_disclosure,fund_ba_total_equity_source_yoy_at_disclosure,0.03726410013271648,1333,,,,,,FUNDAMENTAL::growth::disclosure episode::DISCLOSURE_EVENT
fund_ba_total_current_liab_source_yoy_at_disclosure,fund_ba_total_equity_yoy_at_disclosure,0.04178532142479427,1333,,,,,,FUNDAMENTAL::growth::disclosure episode::DISCLOSURE_EVENT
fund_ba_total_current_liab_source_yoy_at_disclosure,fund_ba_total_liabilities_source_yoy_at_disclosure,0.3347251425113164,1333,,,,,,FUNDAMENTAL::growth::disclosure episode::DISCLOSURE_EVENT
fund_ba_total_current_liab_source_yoy_at_disclosure,fund_ba_total_liabilities_yoy_at_disclosure,0.17821514127888768,1333,,,,,,FUNDAMENTAL::growth::disclosure episode::DISCLOSURE_EVENT
fund_ba_total_current_liab_source_yoy_at_disclosure,fund_ca_construct_long_asset_source_yoy_at_disclosure,0.0,0,,,,,,FUNDAMENTAL::growth::disclosure episode::DISCLOSURE_EVENT
fund_ba_total_current_liab_source_yoy_at_disclosure,fund_ca_construct_long_asset_yoy_at_disclosure,0.0,0,,,,,,FUNDAMENTAL::growth::disclosure episode::DISCLOSURE_EVENT
fund_ba_total_current_liab_source_yoy_at_disclosure,fund_ca_netcash_finance_source_yoy_at_disclosure,0.0,0,,,,,,FUNDAMENTAL::growth::disclosure episode::DISCLOSURE_EVENT
fund_ba_total_current_liab_source_yoy_at_disclosure,fund_ca_netcash_finance_yoy_at_disclosure,0.0,0,,,,,,FUNDAMENTAL::growth::disclosure episode::DISCLOSURE_EVENT
fund_ba_total_current_liab_source_yoy_at_disclosure,fund_ca_netcash_invest_source_yoy_at_disclosure,0.0,0,,,,,,FUNDAMENTAL::growth::disclosure episode::DISCLOSURE_EVENT
fund_ba_total_current_liab_source_yoy_at_disclosure,fund_ca_netcash_invest_yoy_at_disclosure,0.0,0,,,,,,FUNDAMENTAL::growth::disclosure episode::DISCLOSURE_EVENT
fund_ba_total_current_liab_source_yoy_at_disclosure,fund_ca_netcash_operate_source_yoy_at_disclosure,0.0,0,,,,,,FUNDAMENTAL::growth::disclosure episode::DISCLOSURE_EVENT
fund_ba_total_current_liab_source_yoy_at_disclosure,fund_ca_netcash_operate_yoy_at_disclosure,0.0,0,,,,,,FUNDAMENTAL::growth::disclosure episode::DISCLOSURE_EVENT
fund_ba_total_current_liab_source_yoy_at_disclosure,fund_pr_deduct_parent_netprofit_source_yoy_at_disclosure,0.0,0,,,,,,FUNDAMENTAL::growth::disclosure episode::DISCLOSURE_EVENT
fund_ba_total_current_liab_source_yoy_at_disclosure,fund_pr_deduct_parent_netprofit_yoy_at_disclosure,0.0,0,,,,,,FUNDAMENTAL::growth::disclosure episode::DISCLOSURE_EVENT
fund_ba_total_current_liab_source_yoy_at_disclosure,fund_pr_operate_cost_source_yoy_at_disclosure,0.0,0,,,,,,FUNDAMENTAL::growth::disclosure episode::DISCLOSURE_EVENT
fund_ba_total_current_liab_source_yoy_at_disclosure,fund_pr_operate_cost_yoy_at_disclosure,0.0,0,,,,,,FUNDAMENTAL::growth::disclosure episode::DISCLOSURE_EVENT
fund_ba_total_current_liab_source_yoy_at_disclosure,fund_pr_operate_income_source_yoy_at_disclosure,0.0,0,,,,,,FUNDAMENTAL::growth::disclosure episode::DISCLOSURE_EVENT
fund_ba_total_current_liab_source_yoy_at_disclosure,fund_pr_operate_income_yoy_at_disclosure,0.0,0,,,,,,FUNDAMENTAL::growth::disclosure episode::DISCLOSURE_EVENT
fund_ba_total_current_liab_source_yoy_at_disclosure,fund_pr_operate_profit_source_yoy_at_disclosure,0.0,0,,,,,,FUNDAMENTAL::growth::disclosure episode::DISCLOSURE_EVENT
fund_ba_total_current_liab_source_yoy_at_disclosure,fund_pr_operate_profit_yoy_at_disclosure,0.0,0,,,,,,FUNDAMENTAL::growth::disclosure episode::DISCLOSURE_EVENT
fund_ba_total_current_liab_source_yoy_at_disclosure,fund_pr_parent_netprofit_source_yoy_at_disclosure,0.0,0,,,,,,FUNDAMENTAL::growth::disclosure episode::DISCLOSURE_EVENT
fund_ba_total_current_liab_source_yoy_at_disclosure,fund_pr_parent_netprofit_yoy_at_disclosure,0.0,0,,,,,,FUNDAMENTAL::growth::disclosure episode::DISCLOSURE_EVENT
fund_ba_total_current_liab_yoy,fund_ba_total_equity_source_yoy,0.0433531768729962,24186,,,,,,FUNDAMENTAL::growth::stock-session cross-section::SLOW_TEMPORAL_CHANGE
fund_ba_total_current_liab_yoy,fund_ba_total_equity_yoy,0.11215976959215714,24186,,,,,,FUNDAMENTAL::growth::stock-session cross-section::SLOW_TEMPORAL_CHANGE
fund_ba_total_current_liab_yoy,fund_ba_total_liabilities_source_yoy,0.17365462379322325,24186,,,,,,FUNDAMENTAL::growth::stock-session cross-section::SLOW_TEMPORAL_CHANGE
fund_ba_total_current_liab_yoy,fund_ba_total_liabilities_yoy,0.41777152291063285,24186,,,,,,FUNDAMENTAL::growth::stock-session cross-section::SLOW_TEMPORAL_CHANGE
fund_ba_total_current_liab_yoy,fund_ca_construct_long_asset_source_yoy,0.03609730459514576,23968,,,,,,FUNDAMENTAL::growth::stock-session cross-section::SLOW_TEMPORAL_CHANGE
fund_ba_total_current_liab_yoy,fund_ca_construct_long_asset_yoy,0.07662628646074016,23968,,,,,,FUNDAMENTAL::growth::stock-session cross-section::SLOW_TEMPORAL_CHANGE
fund_ba_total_current_liab_yoy,fund_ca_netcash_finance_source_yoy,0.0330165556945092,23442,,,,,,FUNDAMENTAL::growth::stock-session cross-section::SLOW_TEMPORAL_CHANGE
fund_ba_total_current_liab_yoy,fund_ca_netcash_finance_yoy,0.08614306602562262,23472,,,,,,FUNDAMENTAL::growth::stock-session cross-section::SLOW_TEMPORAL_CHANGE
fund_ba_total_current_liab_yoy,fund_ca_netcash_invest_source_yoy,0.025260087928613742,24019,,,,,,FUNDAMENTAL::growth::stock-session cross-section::SLOW_TEMPORAL_CHANGE
fund_ba_total_current_liab_yoy,fund_ca_netcash_invest_yoy,0.06405204652670844,24019,,,,,,FUNDAMENTAL::growth::stock-session cross-section::SLOW_TEMPORAL_CHANGE
fund_ba_total_current_liab_yoy,fund_ca_netcash_operate_source_yoy,0.032028923593641546,24039,,,,,,FUNDAMENTAL::growth::stock-session cross-section::SLOW_TEMPORAL_CHANGE
fund_ba_total_current_liab_yoy,fund_ca_netcash_operate_yoy,0.102632102785276,24039,,,,,,FUNDAMENTAL::growth::stock-session cross-section::SLOW_TEMPORAL_CHANGE
fund_ba_total_current_liab_yoy,fund_pr_deduct_parent_netprofit_source_yoy,0.02845679667284832,23787,,,,,,FUNDAMENTAL::growth::stock-session cross-section::SLOW_TEMPORAL_CHANGE
fund_ba_total_current_liab_yoy,fund_pr_deduct_parent_netprofit_yoy,0.08788612406909693,23787,,,,,,FUNDAMENTAL::growth::stock-session cross-section::SLOW_TEMPORAL_CHANGE
fund_ba_total_current_liab_yoy,fund_pr_operate_cost_source_yoy,0.0320885210506696,24091,,,,,,FUNDAMENTAL::growth::stock-session cross-section::SLOW_TEMPORAL_CHANGE
fund_ba_total_current_liab_yoy,fund_pr_operate_cost_yoy,0.11527355744448949,24091,,,,,,FUNDAMENTAL::growth::stock-session cross-section::SLOW_TEMPORAL_CHANGE
fund_ba_total_current_liab_yoy,fund_pr_operate_income_source_yoy,0.034784660565115165,24091,,,,,,FUNDAMENTAL::growth::stock-session cross-section::SLOW_TEMPORAL_CHANGE
fund_ba_total_current_liab_yoy,fund_pr_operate_income_yoy,0.11701194331790384,24091,,,,,,FUNDAMENTAL::growth::stock-session cross-section::SLOW_TEMPORAL_CHANGE
fund_ba_total_current_liab_yoy,fund_pr_operate_profit_source_yoy,0.02617671715621279,24111,,,,,,FUNDAMENTAL::growth::stock-session cross-section::SLOW_TEMPORAL_CHANGE
fund_ba_total_current_liab_yoy,fund_pr_operate_profit_yoy,0.08873622162749156,24111,,,,,,FUNDAMENTAL::growth::stock-session cross-section::SLOW_TEMPORAL_CHANGE
fund_ba_total_current_liab_yoy,fund_pr_parent_netprofit_source_yoy,0.028412626634238124,24111,,,,,,FUNDAMENTAL::growth::stock-session cross-section::SLOW_TEMPORAL_CHANGE
fund_ba_total_current_liab_yoy,fund_pr_parent_netprofit_yoy,0.09180588655817304,24111,,,,,,FUNDAMENTAL::growth::stock-session cross-section::SLOW_TEMPORAL_CHANGE
fund_ba_total_current_liab_yoy_at_disclosure,fund_ba_total_equity_source_yoy_at_disclosure,0.047941621002193735,1333,,,,,,FUNDAMENTAL::growth::disclosure episode::DISCLOSURE_EVENT
fund_ba_total_current_liab_yoy_at_disclosure,fund_ba_total_equity_yoy_at_disclosure,0.11698044011492835,1333,,,,,,FUNDAMENTAL::growth::disclosure episode::DISCLOSURE_EVENT
fund_ba_total_current_liab_yoy_at_disclosure,fund_ba_total_liabilities_source_yoy_at_disclosure,0.177639565010809,1333,,,,,,FUNDAMENTAL::growth::disclosure episode::DISCLOSURE_EVENT
fund_ba_total_current_liab_yoy_at_disclosure,fund_ba_total_liabilities_yoy_at_disclosure,0.42042395493954887,1333,,,,,,FUNDAMENTAL::growth::disclosure episode::DISCLOSURE_EVENT
fund_ba_total_current_liab_yoy_at_disclosure,fund_ca_construct_long_asset_source_yoy_at_disclosure,0.0,0,,,,,,FUNDAMENTAL::growth::disclosure episode::DISCLOSURE_EVENT
fund_ba_total_current_liab_yoy_at_disclosure,fund_ca_construct_long_asset_yoy_at_disclosure,0.0,0,,,,,,FUNDAMENTAL::growth::disclosure episode::DISCLOSURE_EVENT
fund_ba_total_current_liab_yoy_at_disclosure,fund_ca_netcash_finance_source_yoy_at_disclosure,0.0,0,,,,,,FUNDAMENTAL::growth::disclosure episode::DISCLOSURE_EVENT
fund_ba_total_current_liab_yoy_at_disclosure,fund_ca_netcash_finance_yoy_at_disclosure,0.0,0,,,,,,FUNDAMENTAL::growth::disclosure episode::DISCLOSURE_EVENT
fund_ba_total_current_liab_yoy_at_disclosure,fund_ca_netcash_invest_source_yoy_at_disclosure,0.0,0,,,,,,FUNDAMENTAL::growth::disclosure episode::DISCLOSURE_EVENT
fund_ba_total_current_liab_yoy_at_disclosure,fund_ca_netcash_invest_yoy_at_disclosure,0.0,0,,,,,,FUNDAMENTAL::growth::disclosure episode::DISCLOSURE_EVENT
fund_ba_total_current_liab_yoy_at_disclosure,fund_ca_netcash_operate_source_yoy_at_disclosure,0.0,0,,,,,,FUNDAMENTAL::growth::disclosure episode::DISCLOSURE_EVENT
fund_ba_total_current_liab_yoy_at_disclosure,fund_ca_netcash_operate_yoy_at_disclosure,0.0,0,,,,,,FUNDAMENTAL::growth::disclosure episode::DISCLOSURE_EVENT
fund_ba_total_current_liab_yoy_at_disclosure,fund_pr_deduct_parent_netprofit_source_yoy_at_disclosure,0.0,0,,,,,,FUNDAMENTAL::growth::disclosure episode::DISCLOSURE_EVENT
fund_ba_total_current_liab_yoy_at_disclosure,fund_pr_deduct_parent_netprofit_yoy_at_disclosure,0.0,0,,,,,,FUNDAMENTAL::growth::disclosure episode::DISCLOSURE_EVENT
fund_ba_total_current_liab_yoy_at_disclosure,fund_pr_operate_cost_source_yoy_at_disclosure,0.0,0,,,,,,FUNDAMENTAL::growth::disclosure episode::DISCLOSURE_EVENT
fund_ba_total_current_liab_yoy_at_disclosure,fund_pr_operate_cost_yoy_at_disclosure,0.0,0,,,,,,FUNDAMENTAL::growth::disclosure episode::DISCLOSURE_EVENT
fund_ba_total_current_liab_yoy_at_disclosure,fund_pr_operate_income_source_yoy_at_disclosure,0.0,0,,,,,,FUNDAMENTAL::growth::disclosure episode::DISCLOSURE_EVENT
fund_ba_total_current_liab_yoy_at_disclosure,fund_pr_operate_income_yoy_at_disclosure,0.0,0,,,,,,FUNDAMENTAL::growth::disclosure episode::DISCLOSURE_EVENT
fund_ba_total_current_liab_yoy_at_disclosure,fund_pr_operate_profit_source_yoy_at_disclosure,0.0,0,,,,,,FUNDAMENTAL::growth::disclosure episode::DISCLOSURE_EVENT
fund_ba_total_current_liab_yoy_at_disclosure,fund_pr_operate_profit_yoy_at_disclosure,0.0,0,,,,,,FUNDAMENTAL::growth::disclosure episode::DISCLOSURE_EVENT
fund_ba_total_current_liab_yoy_at_disclosure,fund_pr_parent_netprofit_source_yoy_at_disclosure,0.0,0,,,,,,FUNDAMENTAL::growth::disclosure episode::DISCLOSURE_EVENT
fund_ba_total_current_liab_yoy_at_disclosure,fund_pr_parent_netprofit_yoy_at_disclosure,0.0,0,,,,,,FUNDAMENTAL::growth::disclosure episode::DISCLOSURE_EVENT
fund_ba_total_equity_acceleration,fund_ba_total_equity_delta,0.22697837858335423,25197,,,,,,FUNDAMENTAL::leverage::stock-session cross-section::SLOW_TEMPORAL_CHANGE
fund_ba_total_equity_acceleration,fund_ba_total_equity_persistence,0.03572860035987286,25108,,,,,,FUNDAMENTAL::leverage::stock-session cross-section::SLOW_TEMPORAL_CHANGE
fund_ba_total_equity_acceleration,fund_ba_total_equity_slope,0.2315337012869004,25197,,,,,,FUNDAMENTAL::leverage::stock-session cross-section::SLOW_TEMPORAL_CHANGE
fund_ba_total_equity_acceleration,fund_ba_total_liabilities_acceleration,0.12265935313489715,25197,,,,,,FUNDAMENTAL::leverage::stock-session cross-section::SLOW_TEMPORAL_CHANGE
fund_ba_total_equity_acceleration,fund_ba_total_liabilities_delta,0.10222667782995008,25197,,,,,,FUNDAMENTAL::leverage::stock-session cross-section::SLOW_TEMPORAL_CHANGE
fund_ba_total_equity_acceleration,fund_ba_total_liabilities_persistence,0.015573742992110538,25197,,,,,,FUNDAMENTAL::leverage::stock-session cross-section::SLOW_TEMPORAL_CHANGE
fund_ba_total_equity_acceleration,fund_ba_total_liabilities_slope,0.10478919214371557,25197,,,,,,FUNDAMENTAL::leverage::stock-session cross-section::SLOW_TEMPORAL_CHANGE
fund_ba_total_equity_acceleration_at_disclosure,fund_ba_total_equity_delta_at_disclosure,0.2091107478075816,1371,,,,,,FUNDAMENTAL::leverage::disclosure episode::DISCLOSURE_EVENT
fund_ba_total_equity_acceleration_at_disclosure,fund_ba_total_equity_persistence_at_disclosure,0.037971081414869746,1369,,,,,,FUNDAMENTAL::leverage::disclosure episode::DISCLOSURE_EVENT
fund_ba_total_equity_acceleration_at_disclosure,fund_ba_total_equity_slope_at_disclosure,0.21654222580092689,1371,,,,,,FUNDAMENTAL::leverage::disclosure episode::DISCLOSURE_EVENT
fund_ba_total_equity_acceleration_at_disclosure,fund_ba_total_liabilities_acceleration_at_disclosure,0.13025483144809563,1371,,,,,,FUNDAMENTAL::leverage::disclosure episode::DISCLOSURE_EVENT
fund_ba_total_equity_acceleration_at_disclosure,fund_ba_total_liabilities_delta_at_disclosure,0.0985346891102141,1371,,,,,,FUNDAMENTAL::leverage::disclosure episode::DISCLOSURE_EVENT
fund_ba_total_equity_acceleration_at_disclosure,fund_ba_total_liabilities_persistence_at_disclosure,0.01946772261187914,1371,,,,,,FUNDAMENTAL::leverage::disclosure episode::DISCLOSURE_EVENT
fund_ba_total_equity_acceleration_at_disclosure,fund_ba_total_liabilities_slope_at_disclosure,0.09443613543474222,1371,,,,,,FUNDAMENTAL::leverage::disclosure episode::DISCLOSURE_EVENT
fund_ba_total_equity_acceleration_at_disclosure,fund_leverage_equity_assets_at_disclosure,0.06185165409856474,1371,,,,,,FUNDAMENTAL::leverage::disclosure episode::DISCLOSURE_EVENT
fund_ba_total_equity_acceleration_at_disclosure,fund_leverage_liabilities_assets_at_disclosure,0.06130683990449461,1371,,,,,,FUNDAMENTAL::leverage::disclosure episode::DISCLOSURE_EVENT
fund_ba_total_equity_delta,fund_ba_total_equity_persistence,0.022112360577673806,25350,,,,,,FUNDAMENTAL::leverage::stock-session cross-section::SLOW_TEMPORAL_CHANGE
fund_ba_total_equity_delta,fund_ba_total_equity_slope,0.752815662691342,25475,,,,,,FUNDAMENTAL::leverage::stock-session cross-section::SLOW_TEMPORAL_CHANGE
fund_ba_total_equity_delta,fund_ba_total_liabilities_acceleration,0.11596749141619567,25310,,,,,,FUNDAMENTAL::leverage::stock-session cross-section::SLOW_TEMPORAL_CHANGE
fund_ba_total_equity_delta,fund_ba_total_liabilities_delta,0.12024744521450911,25475,,,,,,FUNDAMENTAL::leverage::stock-session cross-section::SLOW_TEMPORAL_CHANGE
fund_ba_total_equity_delta,fund_ba_total_liabilities_persistence,0.014580786525222263,25475,,,,,,FUNDAMENTAL::leverage::stock-session cross-section::SLOW_TEMPORAL_CHANGE
fund_ba_total_equity_delta,fund_ba_total_liabilities_slope,0.11805798404597703,25475,,,,,,FUNDAMENTAL::leverage::stock-session cross-section::SLOW_TEMPORAL_CHANGE
fund_ba_total_equity_delta_at_disclosure,fund_ba_total_equity_persistence_at_disclosure,0.031006000695378615,1375,,,,,,FUNDAMENTAL::leverage::disclosure episode::DISCLOSURE_EVENT
fund_ba_total_equity_delta_at_disclosure,fund_ba_total_equity_slope_at_disclosure,0.6983158678723055,1380,,,,,,FUNDAMENTAL::leverage::disclosure episode::DISCLOSURE_EVENT
fund_ba_total_equity_delta_at_disclosure,fund_ba_total_liabilities_acceleration_at_disclosure,0.11154021834272163,1378,,,,,,FUNDAMENTAL::leverage::disclosure episode::DISCLOSURE_EVENT
fund_ba_total_equity_delta_at_disclosure,fund_ba_total_liabilities_delta_at_disclosure,0.11567522753300385,1380,,,,,,FUNDAMENTAL::leverage::disclosure episode::DISCLOSURE_EVENT
fund_ba_total_equity_delta_at_disclosure,fund_ba_total_liabilities_persistence_at_disclosure,0.020751062206223893,1380,,,,,,FUNDAMENTAL::leverage::disclosure episode::DISCLOSURE_EVENT
fund_ba_total_equity_delta_at_disclosure,fund_ba_total_liabilities_slope_at_disclosure,0.10334335673544173,1380,,,,,,FUNDAMENTAL::leverage::disclosure episode::DISCLOSURE_EVENT
fund_ba_total_equity_delta_at_disclosure,fund_leverage_equity_assets_at_disclosure,0.05740068805839596,1380,,,,,,FUNDAMENTAL::leverage::disclosure episode::DISCLOSURE_EVENT
fund_ba_total_equity_delta_at_disclosure,fund_leverage_liabilities_assets_at_disclosure,0.057052309331684106,1380,,,,,,FUNDAMENTAL::leverage::disclosure episode::DISCLOSURE_EVENT
fund_ba_total_equity_persistence,fund_ba_total_equity_slope,0.018898330432263414,25350,,,,,,FUNDAMENTAL::leverage::stock-session cross-section::SLOW_TEMPORAL_CHANGE
fund_ba_total_equity_persistence,fund_ba_total_liabilities_acceleration,0.022434825555057634,25185,,,,,,FUNDAMENTAL::leverage::stock-session cross-section::SLOW_TEMPORAL_CHANGE
fund_ba_total_equity_persistence,fund_ba_total_liabilities_delta,0.01824503350641037,25350,,,,,,FUNDAMENTAL::leverage::stock-session cross-section::SLOW_TEMPORAL_CHANGE
fund_ba_total_equity_persistence,fund_ba_total_liabilities_persistence,0.009913836222939678,25350,,,,,,FUNDAMENTAL::leverage::stock-session cross-section::SLOW_TEMPORAL_CHANGE
fund_ba_total_equity_persistence,fund_ba_total_liabilities_slope,0.018920246576159646,25350,,,,,,FUNDAMENTAL::leverage::stock-session cross-section::SLOW_TEMPORAL_CHANGE
fund_ba_total_equity_persistence_at_disclosure,fund_ba_total_equity_slope_at_disclosure,0.024442497724365145,1375,,,,,,FUNDAMENTAL::leverage::disclosure episode::DISCLOSURE_EVENT
fund_ba_total_equity_persistence_at_disclosure,fund_ba_total_liabilities_acceleration_at_disclosure,0.02181760612137941,1373,,,,,,FUNDAMENTAL::leverage::disclosure episode::DISCLOSURE_EVENT
fund_ba_total_equity_persistence_at_disclosure,fund_ba_total_liabilities_delta_at_disclosure,0.019875607405029538,1375,,,,,,FUNDAMENTAL::leverage::disclosure episode::DISCLOSURE_EVENT
fund_ba_total_equity_persistence_at_disclosure,fund_ba_total_liabilities_persistence_at_disclosure,0.015569691873578569,1375,,,,,,FUNDAMENTAL::leverage::disclosure episode::DISCLOSURE_EVENT
fund_ba_total_equity_persistence_at_disclosure,fund_ba_total_liabilities_slope_at_disclosure,0.016431069531236398,1375,,,,,,FUNDAMENTAL::leverage::disclosure episode::DISCLOSURE_EVENT
fund_ba_total_equity_persistence_at_disclosure,fund_leverage_equity_assets_at_disclosure,0.03224616784716134,1375,,,,,,FUNDAMENTAL::leverage::disclosure episode::DISCLOSURE_EVENT
fund_ba_total_equity_persistence_at_disclosure,fund_leverage_liabilities_assets_at_disclosure,0.03271159486251493,1375,,,,,,FUNDAMENTAL::leverage::disclosure episode::DISCLOSURE_EVENT
fund_ba_total_equity_slope,fund_ba_total_liabilities_acceleration,0.119368784307699,25310,,,,,,FUNDAMENTAL::leverage::stock-session cross-section::SLOW_TEMPORAL_CHANGE
fund_ba_total_equity_slope,fund_ba_total_liabilities_delta,0.12400397011556608,25475,,,,,,FUNDAMENTAL::leverage::stock-session cross-section::SLOW_TEMPORAL_CHANGE
fund_ba_total_equity_slope,fund_ba_total_liabilities_persistence,0.015592143495574627,25475,,,,,,FUNDAMENTAL::leverage::stock-session cross-section::SLOW_TEMPORAL_CHANGE
fund_ba_total_equity_slope,fund_ba_total_liabilities_slope,0.12541154730852133,25475,,,,,,FUNDAMENTAL::leverage::stock-session cross-section::SLOW_TEMPORAL_CHANGE
fund_ba_total_equity_slope_at_disclosure,fund_ba_total_liabilities_acceleration_at_disclosure,0.10924856747256051,1378,,,,,,FUNDAMENTAL::leverage::disclosure episode::DISCLOSURE_EVENT
fund_ba_total_equity_slope_at_disclosure,fund_ba_total_liabilities_delta_at_disclosure,0.11574771347508649,1380,,,,,,FUNDAMENTAL::leverage::disclosure episode::DISCLOSURE_EVENT
fund_ba_total_equity_slope_at_disclosure,fund_ba_total_liabilities_persistence_at_disclosure,0.021569730499754046,1380,,,,,,FUNDAMENTAL::leverage::disclosure episode::DISCLOSURE_EVENT
fund_ba_total_equity_slope_at_disclosure,fund_ba_total_liabilities_slope_at_disclosure,0.11466777728277641,1380,,,,,,FUNDAMENTAL::leverage::disclosure episode::DISCLOSURE_EVENT
fund_ba_total_equity_slope_at_disclosure,fund_leverage_equity_assets_at_disclosure,0.058449820164538646,1380,,,,,,FUNDAMENTAL::leverage::disclosure episode::DISCLOSURE_EVENT
fund_ba_total_equity_slope_at_disclosure,fund_leverage_liabilities_assets_at_disclosure,0.058356143179692385,1380,,,,,,FUNDAMENTAL::leverage::disclosure episode::DISCLOSURE_EVENT
fund_ba_total_equity_source_yoy,fund_ba_total_equity_yoy,0.36769211601358615,24834,,,,,,FUNDAMENTAL::growth::stock-session cross-section::SLOW_TEMPORAL_CHANGE
fund_ba_total_equity_source_yoy,fund_ba_total_liabilities_source_yoy,0.040884208069611586,24834,,,,,,FUNDAMENTAL::growth::stock-session cross-section::SLOW_TEMPORAL_CHANGE
fund_ba_total_equity_source_yoy,fund_ba_total_liabilities_yoy,0.04611916845882006,24834,,,,,,FUNDAMENTAL::growth::stock-session cross-section::SLOW_TEMPORAL_CHANGE
fund_ba_total_equity_source_yoy,fund_ca_construct_long_asset_source_yoy,0.032808428804307434,24616,,,,,,FUNDAMENTAL::growth::stock-session cross-section::SLOW_TEMPORAL_CHANGE
fund_ba_total_equity_source_yoy,fund_ca_construct_long_asset_yoy,0.030234826198732637,24616,,,,,,FUNDAMENTAL::growth::stock-session cross-section::SLOW_TEMPORAL_CHANGE
fund_ba_total_equity_source_yoy,fund_ca_netcash_finance_source_yoy,0.029483577561995836,24090,,,,,,FUNDAMENTAL::growth::stock-session cross-section::SLOW_TEMPORAL_CHANGE
fund_ba_total_equity_source_yoy,fund_ca_netcash_finance_yoy,0.036883992998257197,24120,,,,,,FUNDAMENTAL::growth::stock-session cross-section::SLOW_TEMPORAL_CHANGE
fund_ba_total_equity_source_yoy,fund_ca_netcash_invest_source_yoy,0.030531419658089694,24667,,,,,,FUNDAMENTAL::growth::stock-session cross-section::SLOW_TEMPORAL_CHANGE
fund_ba_total_equity_source_yoy,fund_ca_netcash_invest_yoy,0.034597122483014595,24667,,,,,,FUNDAMENTAL::growth::stock-session cross-section::SLOW_TEMPORAL_CHANGE
fund_ba_total_equity_source_yoy,fund_ca_netcash_operate_source_yoy,0.035284944669298865,24687,,,,,,FUNDAMENTAL::growth::stock-session cross-section::SLOW_TEMPORAL_CHANGE
fund_ba_total_equity_source_yoy,fund_ca_netcash_operate_yoy,0.034577821414917394,24687,,,,,,FUNDAMENTAL::growth::stock-session cross-section::SLOW_TEMPORAL_CHANGE
fund_ba_total_equity_source_yoy,fund_pr_deduct_parent_netprofit_source_yoy,0.05386318673354012,24435,,,,,,FUNDAMENTAL::growth::stock-session cross-section::SLOW_TEMPORAL_CHANGE
fund_ba_total_equity_source_yoy,fund_pr_deduct_parent_netprofit_yoy,0.0490346929017973,24435,,,,,,FUNDAMENTAL::growth::stock-session cross-section::SLOW_TEMPORAL_CHANGE
fund_ba_total_equity_source_yoy,fund_pr_operate_cost_source_yoy,0.04774919139769884,24091,,,,,,FUNDAMENTAL::growth::stock-session cross-section::SLOW_TEMPORAL_CHANGE
fund_ba_total_equity_source_yoy,fund_pr_operate_cost_yoy,0.050558718319489396,24091,,,,,,FUNDAMENTAL::growth::stock-session cross-section::SLOW_TEMPORAL_CHANGE
fund_ba_total_equity_source_yoy,fund_pr_operate_income_source_yoy,0.05703574972727342,24739,,,,,,FUNDAMENTAL::growth::stock-session cross-section::SLOW_TEMPORAL_CHANGE
fund_ba_total_equity_source_yoy,fund_pr_operate_income_yoy,0.0535263575255727,24739,,,,,,FUNDAMENTAL::growth::stock-session cross-section::SLOW_TEMPORAL_CHANGE
fund_ba_total_equity_source_yoy,fund_pr_operate_profit_source_yoy,0.0551330217027359,24759,,,,,,FUNDAMENTAL::growth::stock-session cross-section::SLOW_TEMPORAL_CHANGE
fund_ba_total_equity_source_yoy,fund_pr_operate_profit_yoy,0.050209999902036465,24759,,,,,,FUNDAMENTAL::growth::stock-session cross-section::SLOW_TEMPORAL_CHANGE
fund_ba_total_equity_source_yoy,fund_pr_parent_netprofit_source_yoy,0.059946346283901594,24759,,,,,,FUNDAMENTAL::growth::stock-session cross-section::SLOW_TEMPORAL_CHANGE
fund_ba_total_equity_source_yoy,fund_pr_parent_netprofit_yoy,0.050542193354909684,24759,,,,,,FUNDAMENTAL::growth::stock-session cross-section::SLOW_TEMPORAL_CHANGE
fund_ba_total_equity_source_yoy_at_disclosure,fund_ba_total_equity_yoy_at_disclosure,0.36531454369012384,1369,,,,,,FUNDAMENTAL::growth::disclosure episode::DISCLOSURE_EVENT
fund_ba_total_equity_source_yoy_at_disclosure,fund_ba_total_liabilities_source_yoy_at_disclosure,0.04163904219450124,1369,,,,,,FUNDAMENTAL::growth::disclosure episode::DISCLOSURE_EVENT
fund_ba_total_equity_source_yoy_at_disclosure,fund_ba_total_liabilities_yoy_at_disclosure,0.04860041171153894,1369,,,,,,FUNDAMENTAL::growth::disclosure episode::DISCLOSURE_EVENT
fund_ba_total_equity_source_yoy_at_disclosure,fund_ca_construct_long_asset_source_yoy_at_disclosure,0.0,0,,,,,,FUNDAMENTAL::growth::disclosure episode::DISCLOSURE_EVENT
fund_ba_total_equity_source_yoy_at_disclosure,fund_ca_construct_long_asset_yoy_at_disclosure,0.0,0,,,,,,FUNDAMENTAL::growth::disclosure episode::DISCLOSURE_EVENT
fund_ba_total_equity_source_yoy_at_disclosure,fund_ca_netcash_finance_source_yoy_at_disclosure,0.0,0,,,,,,FUNDAMENTAL::growth::disclosure episode::DISCLOSURE_EVENT
fund_ba_total_equity_source_yoy_at_disclosure,fund_ca_netcash_finance_yoy_at_disclosure,0.0,0,,,,,,FUNDAMENTAL::growth::disclosure episode::DISCLOSURE_EVENT
fund_ba_total_equity_source_yoy_at_disclosure,fund_ca_netcash_invest_source_yoy_at_disclosure,0.0,0,,,,,,FUNDAMENTAL::growth::disclosure episode::DISCLOSURE_EVENT
fund_ba_total_equity_source_yoy_at_disclosure,fund_ca_netcash_invest_yoy_at_disclosure,0.0,0,,,,,,FUNDAMENTAL::growth::disclosure episode::DISCLOSURE_EVENT
fund_ba_total_equity_source_yoy_at_disclosure,fund_ca_netcash_operate_source_yoy_at_disclosure,0.0,0,,,,,,FUNDAMENTAL::growth::disclosure episode::DISCLOSURE_EVENT
fund_ba_total_equity_source_yoy_at_disclosure,fund_ca_netcash_operate_yoy_at_disclosure,0.0,0,,,,,,FUNDAMENTAL::growth::disclosure episode::DISCLOSURE_EVENT
fund_ba_total_equity_source_yoy_at_disclosure,fund_pr_deduct_parent_netprofit_source_yoy_at_disclosure,0.0,0,,,,,,FUNDAMENTAL::growth::disclosure episode::DISCLOSURE_EVENT
fund_ba_total_equity_source_yoy_at_disclosure,fund_pr_deduct_parent_netprofit_yoy_at_disclosure,0.0,0,,,,,,FUNDAMENTAL::growth::disclosure episode::DISCLOSURE_EVENT
fund_ba_total_equity_source_yoy_at_disclosure,fund_pr_operate_cost_source_yoy_at_disclosure,0.0,0,,,,,,FUNDAMENTAL::growth::disclosure episode::DISCLOSURE_EVENT
fund_ba_total_equity_source_yoy_at_disclosure,fund_pr_operate_cost_yoy_at_disclosure,0.0,0,,,,,,FUNDAMENTAL::growth::disclosure episode::DISCLOSURE_EVENT
fund_ba_total_equity_source_yoy_at_disclosure,fund_pr_operate_income_source_yoy_at_disclosure,0.0,0,,,,,,FUNDAMENTAL::growth::disclosure episode::DISCLOSURE_EVENT
fund_ba_total_equity_source_yoy_at_disclosure,fund_pr_operate_income_yoy_at_disclosure,0.0,0,,,,,,FUNDAMENTAL::growth::disclosure episode::DISCLOSURE_EVENT
fund_ba_total_equity_source_yoy_at_disclosure,fund_pr_operate_profit_source_yoy_at_disclosure,0.0,0,,,,,,FUNDAMENTAL::growth::disclosure episode::DISCLOSURE_EVENT
fund_ba_total_equity_source_yoy_at_disclosure,fund_pr_operate_profit_yoy_at_disclosure,0.0,0,,,,,,FUNDAMENTAL::growth::disclosure episode::DISCLOSURE_EVENT
fund_ba_total_equity_source_yoy_at_disclosure,fund_pr_parent_netprofit_source_yoy_at_disclosure,0.0,0,,,,,,FUNDAMENTAL::growth::disclosure episode::DISCLOSURE_EVENT
fund_ba_total_equity_source_yoy_at_disclosure,fund_pr_parent_netprofit_yoy_at_disclosure,0.0,0,,,,,,FUNDAMENTAL::growth::disclosure episode::DISCLOSURE_EVENT
fund_ba_total_equity_yoy,fund_ba_total_liabilities_source_yoy,0.041051185371598645,24834,,,,,,FUNDAMENTAL::growth::stock-session cross-section::SLOW_TEMPORAL_CHANGE
fund_ba_total_equity_yoy,fund_ba_total_liabilities_yoy,0.12405622803698323,24834,,,,,,FUNDAMENTAL::growth::stock-session cross-section::SLOW_TEMPORAL_CHANGE
fund_ba_total_equity_yoy,fund_ca_construct_long_asset_source_yoy,0.03388222596195607,24616,,,,,,FUNDAMENTAL::growth::stock-session cross-section::SLOW_TEMPORAL_CHANGE
fund_ba_total_equity_yoy,fund_ca_construct_long_asset_yoy,0.07304284134359836,24616,,,,,,FUNDAMENTAL::growth::stock-session cross-section::SLOW_TEMPORAL_CHANGE
fund_ba_total_equity_yoy,fund_ca_netcash_finance_source_yoy,0.030016702469404685,24090,,,,,,FUNDAMENTAL::growth::stock-session cross-section::SLOW_TEMPORAL_CHANGE
fund_ba_total_equity_yoy,fund_ca_netcash_finance_yoy,0.08116133367098813,24120,,,,,,FUNDAMENTAL::growth::stock-session cross-section::SLOW_TEMPORAL_CHANGE
fund_ba_total_equity_yoy,fund_ca_netcash_invest_source_yoy,0.030646272817361517,24667,,,,,,FUNDAMENTAL::growth::stock-session cross-section::SLOW_TEMPORAL_CHANGE
fund_ba_total_equity_yoy,fund_ca_netcash_invest_yoy,0.06836381424526722,24667,,,,,,FUNDAMENTAL::growth::stock-session cross-section::SLOW_TEMPORAL_CHANGE
fund_ba_total_equity_yoy,fund_ca_netcash_operate_source_yoy,0.03142781650794616,24687,,,,,,FUNDAMENTAL::growth::stock-session cross-section::SLOW_TEMPORAL_CHANGE
fund_ba_total_equity_yoy,fund_ca_netcash_operate_yoy,0.09940110624974229,24687,,,,,,FUNDAMENTAL::growth::stock-session cross-section::SLOW_TEMPORAL_CHANGE
fund_ba_total_equity_yoy,fund_pr_deduct_parent_netprofit_source_yoy,0.047254972600771626,24435,,,,,,FUNDAMENTAL::growth::stock-session cross-section::SLOW_TEMPORAL_CHANGE
fund_ba_total_equity_yoy,fund_pr_deduct_parent_netprofit_yoy,0.10881495246232673,24435,,,,,,FUNDAMENTAL::growth::stock-session cross-section::SLOW_TEMPORAL_CHANGE
fund_ba_total_equity_yoy,fund_pr_operate_cost_source_yoy,0.03741791771768935,24091,,,,,,FUNDAMENTAL::growth::stock-session cross-section::SLOW_TEMPORAL_CHANGE
fund_ba_total_equity_yoy,fund_pr_operate_cost_yoy,0.10429314942885277,24091,,,,,,FUNDAMENTAL::growth::stock-session cross-section::SLOW_TEMPORAL_CHANGE
fund_ba_total_equity_yoy,fund_pr_operate_income_source_yoy,0.036850205140948326,24739,,,,,,FUNDAMENTAL::growth::stock-session cross-section::SLOW_TEMPORAL_CHANGE
fund_ba_total_equity_yoy,fund_pr_operate_income_yoy,0.10803977500056314,24739,,,,,,FUNDAMENTAL::growth::stock-session cross-section::SLOW_TEMPORAL_CHANGE
fund_ba_total_equity_yoy,fund_pr_operate_profit_source_yoy,0.04819833366010044,24759,,,,,,FUNDAMENTAL::growth::stock-session cross-section::SLOW_TEMPORAL_CHANGE
fund_ba_total_equity_yoy,fund_pr_operate_profit_yoy,0.10827861876412562,24759,,,,,,FUNDAMENTAL::growth::stock-session cross-section::SLOW_TEMPORAL_CHANGE
fund_ba_total_equity_yoy,fund_pr_parent_netprofit_source_yoy,0.04800209392945598,24759,,,,,,FUNDAMENTAL::growth::stock-session cross-section::SLOW_TEMPORAL_CHANGE
fund_ba_total_equity_yoy,fund_pr_parent_netprofit_yoy,0.10974250986212089,24759,,,,,,FUNDAMENTAL::growth::stock-session cross-section::SLOW_TEMPORAL_CHANGE
fund_ba_total_equity_yoy_at_disclosure,fund_ba_total_liabilities_source_yoy_at_disclosure,0.045884693170107405,1369,,,,,,FUNDAMENTAL::growth::disclosure episode::DISCLOSURE_EVENT
fund_ba_total_equity_yoy_at_disclosure,fund_ba_total_liabilities_yoy_at_disclosure,0.12649263880297798,1369,,,,,,FUNDAMENTAL::growth::disclosure episode::DISCLOSURE_EVENT
fund_ba_total_equity_yoy_at_disclosure,fund_ca_construct_long_asset_source_yoy_at_disclosure,0.0,0,,,,,,FUNDAMENTAL::growth::disclosure episode::DISCLOSURE_EVENT
fund_ba_total_equity_yoy_at_disclosure,fund_ca_construct_long_asset_yoy_at_disclosure,0.0,0,,,,,,FUNDAMENTAL::growth::disclosure episode::DISCLOSURE_EVENT
fund_ba_total_equity_yoy_at_disclosure,fund_ca_netcash_finance_source_yoy_at_disclosure,0.0,0,,,,,,FUNDAMENTAL::growth::disclosure episode::DISCLOSURE_EVENT
fund_ba_total_equity_yoy_at_disclosure,fund_ca_netcash_finance_yoy_at_disclosure,0.0,0,,,,,,FUNDAMENTAL::growth::disclosure episode::DISCLOSURE_EVENT
fund_ba_total_equity_yoy_at_disclosure,fund_ca_netcash_invest_source_yoy_at_disclosure,0.0,0,,,,,,FUNDAMENTAL::growth::disclosure episode::DISCLOSURE_EVENT
fund_ba_total_equity_yoy_at_disclosure,fund_ca_netcash_invest_yoy_at_disclosure,0.0,0,,,,,,FUNDAMENTAL::growth::disclosure episode::DISCLOSURE_EVENT
fund_ba_total_equity_yoy_at_disclosure,fund_ca_netcash_operate_source_yoy_at_disclosure,0.0,0,,,,,,FUNDAMENTAL::growth::disclosure episode::DISCLOSURE_EVENT
fund_ba_total_equity_yoy_at_disclosure,fund_ca_netcash_operate_yoy_at_disclosure,0.0,0,,,,,,FUNDAMENTAL::growth::disclosure episode::DISCLOSURE_EVENT
fund_ba_total_equity_yoy_at_disclosure,fund_pr_deduct_parent_netprofit_source_yoy_at_disclosure,0.0,0,,,,,,FUNDAMENTAL::growth::disclosure episode::DISCLOSURE_EVENT
fund_ba_total_equity_yoy_at_disclosure,fund_pr_deduct_parent_netprofit_yoy_at_disclosure,0.0,0,,,,,,FUNDAMENTAL::growth::disclosure episode::DISCLOSURE_EVENT
fund_ba_total_equity_yoy_at_disclosure,fund_pr_operate_cost_source_yoy_at_disclosure,0.0,0,,,,,,FUNDAMENTAL::growth::disclosure episode::DISCLOSURE_EVENT
fund_ba_total_equity_yoy_at_disclosure,fund_pr_operate_cost_yoy_at_disclosure,0.0,0,,,,,,FUNDAMENTAL::growth::disclosure episode::DISCLOSURE_EVENT
fund_ba_total_equity_yoy_at_disclosure,fund_pr_operate_income_source_yoy_at_disclosure,0.0,0,,,,,,FUNDAMENTAL::growth::disclosure episode::DISCLOSURE_EVENT
fund_ba_total_equity_yoy_at_disclosure,fund_pr_operate_income_yoy_at_disclosure,0.0,0,,,,,,FUNDAMENTAL::growth::disclosure episode::DISCLOSURE_EVENT
fund_ba_total_equity_yoy_at_disclosure,fund_pr_operate_profit_source_yoy_at_disclosure,0.0,0,,,,,,FUNDAMENTAL::growth::disclosure episode::DISCLOSURE_EVENT
fund_ba_total_equity_yoy_at_disclosure,fund_pr_operate_profit_yoy_at_disclosure,0.0,0,,,,,,FUNDAMENTAL::growth::disclosure episode::DISCLOSURE_EVENT
fund_ba_total_equity_yoy_at_disclosure,fund_pr_parent_netprofit_source_yoy_at_disclosure,0.0,0,,,,,,FUNDAMENTAL::growth::disclosure episode::DISCLOSURE_EVENT
fund_ba_total_equity_yoy_at_disclosure,fund_pr_parent_netprofit_yoy_at_disclosure,0.0,0,,,,,,FUNDAMENTAL::growth::disclosure episode::DISCLOSURE_EVENT
fund_ba_total_liabilities_acceleration,fund_ba_total_liabilities_delta,0.23212078433832664,25376,,,,,,FUNDAMENTAL::leverage::stock-session cross-section::SLOW_TEMPORAL_CHANGE
fund_ba_total_liabilities_acceleration,fund_ba_total_liabilities_persistence,0.026881266762048273,25376,,,,,,FUNDAMENTAL::leverage::stock-session cross-section::SLOW_TEMPORAL_CHANGE
fund_ba_total_liabilities_acceleration,fund_ba_total_liabilities_slope,0.2245598477102473,25376,,,,,,FUNDAMENTAL::leverage::stock-session cross-section::SLOW_TEMPORAL_CHANGE
fund_ba_total_liabilities_acceleration_at_disclosure,fund_ba_total_liabilities_delta_at_disclosure,0.21933049508561248,1382,,,,,,FUNDAMENTAL::leverage::disclosure episode::DISCLOSURE_EVENT
fund_ba_total_liabilities_acceleration_at_disclosure,fund_ba_total_liabilities_persistence_at_disclosure,0.03128083202146962,1382,,,,,,FUNDAMENTAL::leverage::disclosure episode::DISCLOSURE_EVENT
fund_ba_total_liabilities_acceleration_at_disclosure,fund_ba_total_liabilities_slope_at_disclosure,0.2086939825753984,1382,,,,,,FUNDAMENTAL::leverage::disclosure episode::DISCLOSURE_EVENT
fund_ba_total_liabilities_acceleration_at_disclosure,fund_leverage_equity_assets_at_disclosure,0.09666359336183111,1380,,,,,,FUNDAMENTAL::leverage::disclosure episode::DISCLOSURE_EVENT
fund_ba_total_liabilities_acceleration_at_disclosure,fund_leverage_liabilities_assets_at_disclosure,0.09608565390617829,1382,,,,,,FUNDAMENTAL::leverage::disclosure episode::DISCLOSURE_EVENT
fund_ba_total_liabilities_delta,fund_ba_total_liabilities_persistence,0.031049598625950622,25592,,,,,,FUNDAMENTAL::leverage::stock-session cross-section::SLOW_TEMPORAL_CHANGE
fund_ba_total_liabilities_delta,fund_ba_total_liabilities_slope,0.7690852680295365,25624,,,,,,FUNDAMENTAL::leverage::stock-session cross-section::SLOW_TEMPORAL_CHANGE
fund_ba_total_liabilities_delta_at_disclosure,fund_ba_total_liabilities_persistence_at_disclosure,0.02825827050747112,1386,,,,,,FUNDAMENTAL::leverage::disclosure episode::DISCLOSURE_EVENT
fund_ba_total_liabilities_delta_at_disclosure,fund_ba_total_liabilities_slope_at_disclosure,0.719306860572114,1386,,,,,,FUNDAMENTAL::leverage::disclosure episode::DISCLOSURE_EVENT
fund_ba_total_liabilities_delta_at_disclosure,fund_leverage_equity_assets_at_disclosure,0.09232677766053278,1383,,,,,,FUNDAMENTAL::leverage::disclosure episode::DISCLOSURE_EVENT
fund_ba_total_liabilities_delta_at_disclosure,fund_leverage_liabilities_assets_at_disclosure,0.09140784663204968,1386,,,,,,FUNDAMENTAL::leverage::disclosure episode::DISCLOSURE_EVENT
fund_ba_total_liabilities_persistence,fund_ba_total_liabilities_slope,0.02866435761023277,25592,,,,,,FUNDAMENTAL::leverage::stock-session cross-section::SLOW_TEMPORAL_CHANGE
fund_ba_total_liabilities_persistence_at_disclosure,fund_ba_total_liabilities_slope_at_disclosure,0.028921743974761858,1386,,,,,,FUNDAMENTAL::leverage::disclosure episode::DISCLOSURE_EVENT
fund_ba_total_liabilities_persistence_at_disclosure,fund_leverage_equity_assets_at_disclosure,0.02768217795906637,1383,,,,,,FUNDAMENTAL::leverage::disclosure episode::DISCLOSURE_EVENT
fund_ba_total_liabilities_persistence_at_disclosure,fund_leverage_liabilities_assets_at_disclosure,0.028169621822231282,1386,,,,,,FUNDAMENTAL::leverage::disclosure episode::DISCLOSURE_EVENT
fund_ba_total_liabilities_slope_at_disclosure,fund_leverage_equity_assets_at_disclosure,0.09029487848744332,1383,,,,,,FUNDAMENTAL::leverage::disclosure episode::DISCLOSURE_EVENT
fund_ba_total_liabilities_slope_at_disclosure,fund_leverage_liabilities_assets_at_disclosure,0.08893915596933114,1386,,,,,,FUNDAMENTAL::leverage::disclosure episode::DISCLOSURE_EVENT
fund_ba_total_liabilities_source_yoy,fund_ba_total_liabilities_yoy,0.2767114576419127,25001,,,,,,FUNDAMENTAL::growth::stock-session cross-section::SLOW_TEMPORAL_CHANGE
fund_ba_total_liabilities_source_yoy,fund_ca_construct_long_asset_source_yoy,0.02977972106863596,24622,,,,,,FUNDAMENTAL::growth::stock-session cross-section::SLOW_TEMPORAL_CHANGE
fund_ba_total_liabilities_source_yoy,fund_ca_construct_long_asset_yoy,0.03834997224187739,24622,,,,,,FUNDAMENTAL::growth::stock-session cross-section::SLOW_TEMPORAL_CHANGE
fund_ba_total_liabilities_source_yoy,fund_ca_netcash_finance_source_yoy,0.03090687981223599,24096,,,,,,FUNDAMENTAL::growth::stock-session cross-section::SLOW_TEMPORAL_CHANGE
fund_ba_total_liabilities_source_yoy,fund_ca_netcash_finance_yoy,0.035765930157464584,24126,,,,,,FUNDAMENTAL::growth::stock-session cross-section::SLOW_TEMPORAL_CHANGE
fund_ba_total_liabilities_source_yoy,fund_ca_netcash_invest_source_yoy,0.02966209843566188,24673,,,,,,FUNDAMENTAL::growth::stock-session cross-section::SLOW_TEMPORAL_CHANGE
fund_ba_total_liabilities_source_yoy,fund_ca_netcash_invest_yoy,0.03137412505873283,24673,,,,,,FUNDAMENTAL::growth::stock-session cross-section::SLOW_TEMPORAL_CHANGE
fund_ba_total_liabilities_source_yoy,fund_ca_netcash_operate_source_yoy,0.03197796797914641,24839,,,,,,FUNDAMENTAL::growth::stock-session cross-section::SLOW_TEMPORAL_CHANGE
fund_ba_total_liabilities_source_yoy,fund_ca_netcash_operate_yoy,0.038113778758021424,24839,,,,,,FUNDAMENTAL::growth::stock-session cross-section::SLOW_TEMPORAL_CHANGE
fund_ba_total_liabilities_source_yoy,fund_pr_deduct_parent_netprofit_source_yoy,0.03152448618858349,24587,,,,,,FUNDAMENTAL::growth::stock-session cross-section::SLOW_TEMPORAL_CHANGE
fund_ba_total_liabilities_source_yoy,fund_pr_deduct_parent_netprofit_yoy,0.03473431372788383,24587,,,,,,FUNDAMENTAL::growth::stock-session cross-section::SLOW_TEMPORAL_CHANGE
fund_ba_total_liabilities_source_yoy,fund_pr_operate_cost_source_yoy,0.029098047929411525,24097,,,,,,FUNDAMENTAL::growth::stock-session cross-section::SLOW_TEMPORAL_CHANGE
fund_ba_total_liabilities_source_yoy,fund_pr_operate_cost_yoy,0.03839077131978832,24097,,,,,,FUNDAMENTAL::growth::stock-session cross-section::SLOW_TEMPORAL_CHANGE
fund_ba_total_liabilities_source_yoy,fund_pr_operate_income_source_yoy,0.030297814520342324,24745,,,,,,FUNDAMENTAL::growth::stock-session cross-section::SLOW_TEMPORAL_CHANGE
fund_ba_total_liabilities_source_yoy,fund_pr_operate_income_yoy,0.03770113436000715,24745,,,,,,FUNDAMENTAL::growth::stock-session cross-section::SLOW_TEMPORAL_CHANGE
fund_ba_total_liabilities_source_yoy,fund_pr_operate_profit_source_yoy,0.026199535644637926,24856,,,,,,FUNDAMENTAL::growth::stock-session cross-section::SLOW_TEMPORAL_CHANGE
fund_ba_total_liabilities_source_yoy,fund_pr_operate_profit_yoy,0.03686023073364351,24911,,,,,,FUNDAMENTAL::growth::stock-session cross-section::SLOW_TEMPORAL_CHANGE
fund_ba_total_liabilities_source_yoy,fund_pr_parent_netprofit_source_yoy,0.02426622766298265,24856,,,,,,FUNDAMENTAL::growth::stock-session cross-section::SLOW_TEMPORAL_CHANGE
fund_ba_total_liabilities_source_yoy,fund_pr_parent_netprofit_yoy,0.03851968445963257,24911,,,,,,FUNDAMENTAL::growth::stock-session cross-section::SLOW_TEMPORAL_CHANGE
fund_ba_total_liabilities_source_yoy_at_disclosure,fund_ba_total_liabilities_yoy_at_disclosure,0.2839460183415179,1374,,,,,,FUNDAMENTAL::growth::disclosure episode::DISCLOSURE_EVENT
fund_ba_total_liabilities_source_yoy_at_disclosure,fund_ca_construct_long_asset_source_yoy_at_disclosure,0.0,0,,,,,,FUNDAMENTAL::growth::disclosure episode::DISCLOSURE_EVENT
fund_ba_total_liabilities_source_yoy_at_disclosure,fund_ca_construct_long_asset_yoy_at_disclosure,0.0,0,,,,,,FUNDAMENTAL::growth::disclosure episode::DISCLOSURE_EVENT
fund_ba_total_liabilities_source_yoy_at_disclosure,fund_ca_netcash_finance_source_yoy_at_disclosure,0.0,0,,,,,,FUNDAMENTAL::growth::disclosure episode::DISCLOSURE_EVENT
fund_ba_total_liabilities_source_yoy_at_disclosure,fund_ca_netcash_finance_yoy_at_disclosure,0.0,0,,,,,,FUNDAMENTAL::growth::disclosure episode::DISCLOSURE_EVENT
fund_ba_total_liabilities_source_yoy_at_disclosure,fund_ca_netcash_invest_source_yoy_at_disclosure,0.0,0,,,,,,FUNDAMENTAL::growth::disclosure episode::DISCLOSURE_EVENT
fund_ba_total_liabilities_source_yoy_at_disclosure,fund_ca_netcash_invest_yoy_at_disclosure,0.0,0,,,,,,FUNDAMENTAL::growth::disclosure episode::DISCLOSURE_EVENT
fund_ba_total_liabilities_source_yoy_at_disclosure,fund_ca_netcash_operate_source_yoy_at_disclosure,0.9097963380727814,5,,,,,,FUNDAMENTAL::growth::disclosure episode::DISCLOSURE_EVENT
fund_ba_total_liabilities_source_yoy_at_disclosure,fund_ca_netcash_operate_yoy_at_disclosure,0.9097963380727814,5,,,,,,FUNDAMENTAL::growth::disclosure episode::DISCLOSURE_EVENT
fund_ba_total_liabilities_source_yoy_at_disclosure,fund_pr_deduct_parent_netprofit_source_yoy_at_disclosure,1.0,5,,,,,,FUNDAMENTAL::growth::disclosure episode::DISCLOSURE_EVENT
fund_ba_total_liabilities_source_yoy_at_disclosure,fund_pr_deduct_parent_netprofit_yoy_at_disclosure,1.0,5,,,,,,FUNDAMENTAL::growth::disclosure episode::DISCLOSURE_EVENT
fund_ba_total_liabilities_source_yoy_at_disclosure,fund_pr_operate_cost_source_yoy_at_disclosure,0.0,0,,,,,,FUNDAMENTAL::growth::disclosure episode::DISCLOSURE_EVENT
fund_ba_total_liabilities_source_yoy_at_disclosure,fund_pr_operate_cost_yoy_at_disclosure,0.0,0,,,,,,FUNDAMENTAL::growth::disclosure episode::DISCLOSURE_EVENT
fund_ba_total_liabilities_source_yoy_at_disclosure,fund_pr_operate_income_source_yoy_at_disclosure,0.0,0,,,,,,FUNDAMENTAL::growth::disclosure episode::DISCLOSURE_EVENT
fund_ba_total_liabilities_source_yoy_at_disclosure,fund_pr_operate_income_yoy_at_disclosure,0.0,0,,,,,,FUNDAMENTAL::growth::disclosure episode::DISCLOSURE_EVENT
fund_ba_total_liabilities_source_yoy_at_disclosure,fund_pr_operate_profit_source_yoy_at_disclosure,1.0,2,,,,,,FUNDAMENTAL::growth::disclosure episode::DISCLOSURE_EVENT
fund_ba_total_liabilities_source_yoy_at_disclosure,fund_pr_operate_profit_yoy_at_disclosure,0.9097963380727814,5,,,,,,FUNDAMENTAL::growth::disclosure episode::DISCLOSURE_EVENT
fund_ba_total_liabilities_source_yoy_at_disclosure,fund_pr_parent_netprofit_source_yoy_at_disclosure,1.0,2,,,,,,FUNDAMENTAL::growth::disclosure episode::DISCLOSURE_EVENT
fund_ba_total_liabilities_source_yoy_at_disclosure,fund_pr_parent_netprofit_yoy_at_disclosure,1.0,5,,,,,,FUNDAMENTAL::growth::disclosure episode::DISCLOSURE_EVENT
fund_ba_total_liabilities_yoy,fund_ca_construct_long_asset_source_yoy,0.03257189344759616,24622,,,,,,FUNDAMENTAL::growth::stock-session cross-section::SLOW_TEMPORAL_CHANGE
fund_ba_total_liabilities_yoy,fund_ca_construct_long_asset_yoy,0.07515480771168558,24622,,,,,,FUNDAMENTAL::growth::stock-session cross-section::SLOW_TEMPORAL_CHANGE
fund_ba_total_liabilities_yoy,fund_ca_netcash_finance_source_yoy,0.030926341658908493,24096,,,,,,FUNDAMENTAL::growth::stock-session cross-section::SLOW_TEMPORAL_CHANGE
fund_ba_total_liabilities_yoy,fund_ca_netcash_finance_yoy,0.0888726803404988,24126,,,,,,FUNDAMENTAL::growth::stock-session cross-section::SLOW_TEMPORAL_CHANGE
fund_ba_total_liabilities_yoy,fund_ca_netcash_invest_source_yoy,0.03489520851330527,24673,,,,,,FUNDAMENTAL::growth::stock-session cross-section::SLOW_TEMPORAL_CHANGE
fund_ba_total_liabilities_yoy,fund_ca_netcash_invest_yoy,0.08181123254028104,24673,,,,,,FUNDAMENTAL::growth::stock-session cross-section::SLOW_TEMPORAL_CHANGE
fund_ba_total_liabilities_yoy,fund_ca_netcash_operate_source_yoy,0.02866801847551878,24839,,,,,,FUNDAMENTAL::growth::stock-session cross-section::SLOW_TEMPORAL_CHANGE
fund_ba_total_liabilities_yoy,fund_ca_netcash_operate_yoy,0.1208435981085525,24839,,,,,,FUNDAMENTAL::growth::stock-session cross-section::SLOW_TEMPORAL_CHANGE
fund_ba_total_liabilities_yoy,fund_pr_deduct_parent_netprofit_source_yoy,0.028809940568996283,24587,,,,,,FUNDAMENTAL::growth::stock-session cross-section::SLOW_TEMPORAL_CHANGE
fund_ba_total_liabilities_yoy,fund_pr_deduct_parent_netprofit_yoy,0.09479455514060409,24587,,,,,,FUNDAMENTAL::growth::stock-session cross-section::SLOW_TEMPORAL_CHANGE
fund_ba_total_liabilities_yoy,fund_pr_operate_cost_source_yoy,0.02949104772600103,24097,,,,,,FUNDAMENTAL::growth::stock-session cross-section::SLOW_TEMPORAL_CHANGE
fund_ba_total_liabilities_yoy,fund_pr_operate_cost_yoy,0.11110985213565709,24097,,,,,,FUNDAMENTAL::growth::stock-session cross-section::SLOW_TEMPORAL_CHANGE
fund_ba_total_liabilities_yoy,fund_pr_operate_income_source_yoy,0.034299708211575464,24745,,,,,,FUNDAMENTAL::growth::stock-session cross-section::SLOW_TEMPORAL_CHANGE
fund_ba_total_liabilities_yoy,fund_pr_operate_income_yoy,0.11095117777254321,24745,,,,,,FUNDAMENTAL::growth::stock-session cross-section::SLOW_TEMPORAL_CHANGE
fund_ba_total_liabilities_yoy,fund_pr_operate_profit_source_yoy,0.027900649830456207,24856,,,,,,FUNDAMENTAL::growth::stock-session cross-section::SLOW_TEMPORAL_CHANGE
fund_ba_total_liabilities_yoy,fund_pr_operate_profit_yoy,0.09487921039525082,24911,,,,,,FUNDAMENTAL::growth::stock-session cross-section::SLOW_TEMPORAL_CHANGE
fund_ba_total_liabilities_yoy,fund_pr_parent_netprofit_source_yoy,0.029773071756434944,24856,,,,,,FUNDAMENTAL::growth::stock-session cross-section::SLOW_TEMPORAL_CHANGE
fund_ba_total_liabilities_yoy,fund_pr_parent_netprofit_yoy,0.0953556685160948,24911,,,,,,FUNDAMENTAL::growth::stock-session cross-section::SLOW_TEMPORAL_CHANGE
fund_ba_total_liabilities_yoy_at_disclosure,fund_ca_construct_long_asset_source_yoy_at_disclosure,0.0,0,,,,,,FUNDAMENTAL::growth::disclosure episode::DISCLOSURE_EVENT
fund_ba_total_liabilities_yoy_at_disclosure,fund_ca_construct_long_asset_yoy_at_disclosure,0.0,0,,,,,,FUNDAMENTAL::growth::disclosure episode::DISCLOSURE_EVENT
fund_ba_total_liabilities_yoy_at_disclosure,fund_ca_netcash_finance_source_yoy_at_disclosure,0.0,0,,,,,,FUNDAMENTAL::growth::disclosure episode::DISCLOSURE_EVENT
fund_ba_total_liabilities_yoy_at_disclosure,fund_ca_netcash_finance_yoy_at_disclosure,0.0,0,,,,,,FUNDAMENTAL::growth::disclosure episode::DISCLOSURE_EVENT
fund_ba_total_liabilities_yoy_at_disclosure,fund_ca_netcash_invest_source_yoy_at_disclosure,0.0,0,,,,,,FUNDAMENTAL::growth::disclosure episode::DISCLOSURE_EVENT
fund_ba_total_liabilities_yoy_at_disclosure,fund_ca_netcash_invest_yoy_at_disclosure,0.0,0,,,,,,FUNDAMENTAL::growth::disclosure episode::DISCLOSURE_EVENT
fund_ba_total_liabilities_yoy_at_disclosure,fund_ca_netcash_operate_source_yoy_at_disclosure,0.9097963380727814,5,,,,,,FUNDAMENTAL::growth::disclosure episode::DISCLOSURE_EVENT
fund_ba_total_liabilities_yoy_at_disclosure,fund_ca_netcash_operate_yoy_at_disclosure,0.9097963380727814,5,,,,,,FUNDAMENTAL::growth::disclosure episode::DISCLOSURE_EVENT
fund_ba_total_liabilities_yoy_at_disclosure,fund_pr_deduct_parent_netprofit_source_yoy_at_disclosure,1.0,5,,,,,,FUNDAMENTAL::growth::disclosure episode::DISCLOSURE_EVENT
fund_ba_total_liabilities_yoy_at_disclosure,fund_pr_deduct_parent_netprofit_yoy_at_disclosure,1.0,5,,,,,,FUNDAMENTAL::growth::disclosure episode::DISCLOSURE_EVENT
fund_ba_total_liabilities_yoy_at_disclosure,fund_pr_operate_cost_source_yoy_at_disclosure,0.0,0,,,,,,FUNDAMENTAL::growth::disclosure episode::DISCLOSURE_EVENT
fund_ba_total_liabilities_yoy_at_disclosure,fund_pr_operate_cost_yoy_at_disclosure,0.0,0,,,,,,FUNDAMENTAL::growth::disclosure episode::DISCLOSURE_EVENT
fund_ba_total_liabilities_yoy_at_disclosure,fund_pr_operate_income_source_yoy_at_disclosure,0.0,0,,,,,,FUNDAMENTAL::growth::disclosure episode::DISCLOSURE_EVENT
fund_ba_total_liabilities_yoy_at_disclosure,fund_pr_operate_income_yoy_at_disclosure,0.0,0,,,,,,FUNDAMENTAL::growth::disclosure episode::DISCLOSURE_EVENT
fund_ba_total_liabilities_yoy_at_disclosure,fund_pr_operate_profit_source_yoy_at_disclosure,1.0,2,,,,,,FUNDAMENTAL::growth::disclosure episode::DISCLOSURE_EVENT
fund_ba_total_liabilities_yoy_at_disclosure,fund_pr_operate_profit_yoy_at_disclosure,0.9097963380727814,5,,,,,,FUNDAMENTAL::growth::disclosure episode::DISCLOSURE_EVENT
fund_ba_total_liabilities_yoy_at_disclosure,fund_pr_parent_netprofit_source_yoy_at_disclosure,1.0,2,,,,,,FUNDAMENTAL::growth::disclosure episode::DISCLOSURE_EVENT
fund_ba_total_liabilities_yoy_at_disclosure,fund_pr_parent_netprofit_yoy_at_disclosure,1.0,5,,,,,,FUNDAMENTAL::growth::disclosure episode::DISCLOSURE_EVENT
fund_ca_construct_long_asset_acceleration,fund_ca_construct_long_asset_delta,0.37969528524452734,24992,,,,,,FUNDAMENTAL::capital_investment::stock-session cross-section::SLOW_TEMPORAL_CHANGE
fund_ca_construct_long_asset_acceleration,fund_ca_construct_long_asset_persistence,0.1492276517328477,24964,,,,,,FUNDAMENTAL::capital_investment::stock-session cross-section::SLOW_TEMPORAL_CHANGE
fund_ca_construct_long_asset_acceleration,fund_ca_construct_long_asset_slope,0.37717667341979894,24992,,,,,,FUNDAMENTAL::capital_investment::stock-session cross-section::SLOW_TEMPORAL_CHANGE
fund_ca_construct_long_asset_acceleration,fund_ca_netcash_finance_acceleration,0.08880655549878207,24186,,,,,,FUNDAMENTAL::capital_investment::stock-session cross-section::SLOW_TEMPORAL_CHANGE
fund_ca_construct_long_asset_acceleration,fund_ca_netcash_finance_delta,0.09911819059450545,24579,,,,,,FUNDAMENTAL::capital_investment::stock-session cross-section::SLOW_TEMPORAL_CHANGE
fund_ca_construct_long_asset_acceleration,fund_ca_netcash_finance_persistence,0.01200048911622857,24357,,,,,,FUNDAMENTAL::capital_investment::stock-session cross-section::SLOW_TEMPORAL_CHANGE
fund_ca_construct_long_asset_acceleration,fund_ca_netcash_finance_slope,0.09918797349684604,24579,,,,,,FUNDAMENTAL::capital_investment::stock-session cross-section::SLOW_TEMPORAL_CHANGE
fund_ca_construct_long_asset_acceleration,fund_ca_netcash_invest_acceleration,0.1865994182392836,24992,,,,,,FUNDAMENTAL::capital_investment::stock-session cross-section::SLOW_TEMPORAL_CHANGE
fund_ca_construct_long_asset_acceleration,fund_ca_netcash_invest_delta,0.15200158577517017,24992,,,,,,FUNDAMENTAL::capital_investment::stock-session cross-section::SLOW_TEMPORAL_CHANGE
fund_ca_construct_long_asset_acceleration,fund_ca_netcash_invest_persistence,0.03457694981165452,24992,,,,,,FUNDAMENTAL::capital_investment::stock-session cross-section::SLOW_TEMPORAL_CHANGE
fund_ca_construct_long_asset_acceleration,fund_ca_netcash_invest_slope,0.15238171492961247,24992,,,,,,FUNDAMENTAL::capital_investment::stock-session cross-section::SLOW_TEMPORAL_CHANGE
fund_ca_construct_long_asset_acceleration_at_disclosure,fund_ca_construct_long_asset_delta_at_disclosure,1.0,10,,,,,,FUNDAMENTAL::capital_investment::disclosure episode::DISCLOSURE_EVENT
fund_ca_construct_long_asset_acceleration_at_disclosure,fund_ca_construct_long_asset_persistence_at_disclosure,0.0,10,,,,,,FUNDAMENTAL::capital_investment::disclosure episode::DISCLOSURE_EVENT
fund_ca_construct_long_asset_acceleration_at_disclosure,fund_ca_construct_long_asset_slope_at_disclosure,1.0,10,,,,,,FUNDAMENTAL::capital_investment::disclosure episode::DISCLOSURE_EVENT
fund_ca_construct_long_asset_acceleration_at_disclosure,fund_ca_netcash_finance_acceleration_at_disclosure,1.0,10,,,,,,FUNDAMENTAL::capital_investment::disclosure episode::DISCLOSURE_EVENT
fund_ca_construct_long_asset_acceleration_at_disclosure,fund_ca_netcash_finance_delta_at_disclosure,1.0,10,,,,,,FUNDAMENTAL::capital_investment::disclosure episode::DISCLOSURE_EVENT
fund_ca_construct_long_asset_acceleration_at_disclosure,fund_ca_netcash_finance_persistence_at_disclosure,0.5406341214154254,10,,,,,,FUNDAMENTAL::capital_investment::disclosure episode::DISCLOSURE_EVENT
fund_ca_construct_long_asset_acceleration_at_disclosure,fund_ca_netcash_finance_slope_at_disclosure,1.0,10,,,,,,FUNDAMENTAL::capital_investment::disclosure episode::DISCLOSURE_EVENT
fund_ca_construct_long_asset_acceleration_at_disclosure,fund_ca_netcash_invest_acceleration_at_disclosure,1.0,10,,,,,,FUNDAMENTAL::capital_investment::disclosure episode::DISCLOSURE_EVENT
fund_ca_construct_long_asset_acceleration_at_disclosure,fund_ca_netcash_invest_delta_at_disclosure,1.0,10,,,,,,FUNDAMENTAL::capital_investment::disclosure episode::DISCLOSURE_EVENT
fund_ca_construct_long_asset_acceleration_at_disclosure,fund_ca_netcash_invest_persistence_at_disclosure,0.5486620049392715,10,,,,,,FUNDAMENTAL::capital_investment::disclosure episode::DISCLOSURE_EVENT
fund_ca_construct_long_asset_acceleration_at_disclosure,fund_ca_netcash_invest_slope_at_disclosure,1.0,10,,,,,,FUNDAMENTAL::capital_investment::disclosure episode::DISCLOSURE_EVENT
fund_ca_construct_long_asset_acceleration_at_disclosure,fund_capex_construct_assets_at_disclosure,0.9378635304426797,10,,,,,,FUNDAMENTAL::capital_investment::disclosure episode::DISCLOSURE_EVENT
fund_ca_construct_long_asset_delta,fund_ca_construct_long_asset_persistence,0.2252725837491825,25204,,,,,,FUNDAMENTAL::capital_investment::stock-session cross-section::SLOW_TEMPORAL_CHANGE
fund_ca_construct_long_asset_delta,fund_ca_construct_long_asset_slope,0.9614118476128876,25232,,,,,,FUNDAMENTAL::capital_investment::stock-session cross-section::SLOW_TEMPORAL_CHANGE
fund_ca_construct_long_asset_delta,fund_ca_netcash_finance_acceleration,0.1011070049266838,24217,,,,,,FUNDAMENTAL::capital_investment::stock-session cross-section::SLOW_TEMPORAL_CHANGE
fund_ca_construct_long_asset_delta,fund_ca_netcash_finance_delta,0.11999867789111777,24771,,,,,,FUNDAMENTAL::capital_investment::stock-session cross-section::SLOW_TEMPORAL_CHANGE
fund_ca_construct_long_asset_delta,fund_ca_netcash_finance_persistence,0.020523306280771935,24526,,,,,,FUNDAMENTAL::capital_investment::stock-session cross-section::SLOW_TEMPORAL_CHANGE
fund_ca_construct_long_asset_delta,fund_ca_netcash_finance_slope,0.11995268643895539,24771,,,,,,FUNDAMENTAL::capital_investment::stock-session cross-section::SLOW_TEMPORAL_CHANGE
fund_ca_construct_long_asset_delta,fund_ca_netcash_invest_acceleration,0.14960031804066562,25046,,,,,,FUNDAMENTAL::capital_investment::stock-session cross-section::SLOW_TEMPORAL_CHANGE
fund_ca_construct_long_asset_delta,fund_ca_netcash_invest_delta,0.2394938593334757,25232,,,,,,FUNDAMENTAL::capital_investment::stock-session cross-section::SLOW_TEMPORAL_CHANGE
fund_ca_construct_long_asset_delta,fund_ca_netcash_invest_persistence,0.05699322321144272,25232,,,,,,FUNDAMENTAL::capital_investment::stock-session cross-section::SLOW_TEMPORAL_CHANGE
fund_ca_construct_long_asset_delta,fund_ca_netcash_invest_slope,0.23857010726879502,25232,,,,,,FUNDAMENTAL::capital_investment::stock-session cross-section::SLOW_TEMPORAL_CHANGE
fund_ca_construct_long_asset_delta_at_disclosure,fund_ca_construct_long_asset_persistence_at_disclosure,0.0,12,,,,,,FUNDAMENTAL::capital_investment::disclosure episode::DISCLOSURE_EVENT
fund_ca_construct_long_asset_delta_at_disclosure,fund_ca_construct_long_asset_slope_at_disclosure,1.0,12,,,,,,FUNDAMENTAL::capital_investment::disclosure episode::DISCLOSURE_EVENT
fund_ca_construct_long_asset_delta_at_disclosure,fund_ca_netcash_finance_acceleration_at_disclosure,1.0,10,,,,,,FUNDAMENTAL::capital_investment::disclosure episode::DISCLOSURE_EVENT
fund_ca_construct_long_asset_delta_at_disclosure,fund_ca_netcash_finance_delta_at_disclosure,1.0,12,,,,,,FUNDAMENTAL::capital_investment::disclosure episode::DISCLOSURE_EVENT
fund_ca_construct_long_asset_delta_at_disclosure,fund_ca_netcash_finance_persistence_at_disclosure,0.5061147547052154,12,,,,,,FUNDAMENTAL::capital_investment::disclosure episode::DISCLOSURE_EVENT
fund_ca_construct_long_asset_delta_at_disclosure,fund_ca_netcash_finance_slope_at_disclosure,1.0,12,,,,,,FUNDAMENTAL::capital_investment::disclosure episode::DISCLOSURE_EVENT
fund_ca_construct_long_asset_delta_at_disclosure,fund_ca_netcash_invest_acceleration_at_disclosure,1.0,10,,,,,,FUNDAMENTAL::capital_investment::disclosure episode::DISCLOSURE_EVENT
fund_ca_construct_long_asset_delta_at_disclosure,fund_ca_netcash_invest_delta_at_disclosure,1.0,12,,,,,,FUNDAMENTAL::capital_investment::disclosure episode::DISCLOSURE_EVENT
fund_ca_construct_long_asset_delta_at_disclosure,fund_ca_netcash_invest_persistence_at_disclosure,0.5228073042066099,12,,,,,,FUNDAMENTAL::capital_investment::disclosure episode::DISCLOSURE_EVENT
fund_ca_construct_long_asset_delta_at_disclosure,fund_ca_netcash_invest_slope_at_disclosure,1.0,12,,,,,,FUNDAMENTAL::capital_investment::disclosure episode::DISCLOSURE_EVENT
fund_ca_construct_long_asset_delta_at_disclosure,fund_capex_construct_assets_at_disclosure,0.952375460685695,12,,,,,,FUNDAMENTAL::capital_investment::disclosure episode::DISCLOSURE_EVENT
fund_ca_construct_long_asset_persistence,fund_ca_construct_long_asset_slope,0.22332442502676772,25204,,,,,,FUNDAMENTAL::capital_investment::stock-session cross-section::SLOW_TEMPORAL_CHANGE
fund_ca_construct_long_asset_persistence,fund_ca_netcash_finance_acceleration,0.01564868283051728,24189,,,,,,FUNDAMENTAL::capital_investment::stock-session cross-section::SLOW_TEMPORAL_CHANGE
fund_ca_construct_long_asset_persistence,fund_ca_netcash_finance_delta,0.026955649381158568,24743,,,,,,FUNDAMENTAL::capital_investment::stock-session cross-section::SLOW_TEMPORAL_CHANGE
fund_ca_construct_long_asset_persistence,fund_ca_netcash_finance_persistence,0.038776777777357954,24511,,,,,,FUNDAMENTAL::capital_investment::stock-session cross-section::SLOW_TEMPORAL_CHANGE
fund_ca_construct_long_asset_persistence,fund_ca_netcash_finance_slope,0.027306288865460434,24743,,,,,,FUNDAMENTAL::capital_investment::stock-session cross-section::SLOW_TEMPORAL_CHANGE
fund_ca_construct_long_asset_persistence,fund_ca_netcash_invest_acceleration,0.05452470408492378,25018,,,,,,FUNDAMENTAL::capital_investment::stock-session cross-section::SLOW_TEMPORAL_CHANGE
fund_ca_construct_long_asset_persistence,fund_ca_netcash_invest_delta,0.07901131785829657,25204,,,,,,FUNDAMENTAL::capital_investment::stock-session cross-section::SLOW_TEMPORAL_CHANGE
fund_ca_construct_long_asset_persistence,fund_ca_netcash_invest_persistence,0.13176114904901862,25204,,,,,,FUNDAMENTAL::capital_investment::stock-session cross-section::SLOW_TEMPORAL_CHANGE
fund_ca_construct_long_asset_persistence,fund_ca_netcash_invest_slope,0.080021123312662,25204,,,,,,FUNDAMENTAL::capital_investment::stock-session cross-section::SLOW_TEMPORAL_CHANGE
fund_ca_construct_long_asset_persistence_at_disclosure,fund_ca_construct_long_asset_slope_at_disclosure,0.0,12,,,,,,FUNDAMENTAL::capital_investment::disclosure episode::DISCLOSURE_EVENT
fund_ca_construct_long_asset_persistence_at_disclosure,fund_ca_netcash_finance_acceleration_at_disclosure,0.0,10,,,,,,FUNDAMENTAL::capital_investment::disclosure episode::DISCLOSURE_EVENT
fund_ca_construct_long_asset_persistence_at_disclosure,fund_ca_netcash_finance_delta_at_disclosure,0.0,12,,,,,,FUNDAMENTAL::capital_investment::disclosure episode::DISCLOSURE_EVENT
fund_ca_construct_long_asset_persistence_at_disclosure,fund_ca_netcash_finance_persistence_at_disclosure,0.0,12,,,,,,FUNDAMENTAL::capital_investment::disclosure episode::DISCLOSURE_EVENT
fund_ca_construct_long_asset_persistence_at_disclosure,fund_ca_netcash_finance_slope_at_disclosure,0.0,12,,,,,,FUNDAMENTAL::capital_investment::disclosure episode::DISCLOSURE_EVENT
fund_ca_construct_long_asset_persistence_at_disclosure,fund_ca_netcash_invest_acceleration_at_disclosure,0.0,10,,,,,,FUNDAMENTAL::capital_investment::disclosure episode::DISCLOSURE_EVENT
fund_ca_construct_long_asset_persistence_at_disclosure,fund_ca_netcash_invest_delta_at_disclosure,0.0,12,,,,,,FUNDAMENTAL::capital_investment::disclosure episode::DISCLOSURE_EVENT
fund_ca_construct_long_asset_persistence_at_disclosure,fund_ca_netcash_invest_persistence_at_disclosure,0.0,12,,,,,,FUNDAMENTAL::capital_investment::disclosure episode::DISCLOSURE_EVENT
fund_ca_construct_long_asset_persistence_at_disclosure,fund_ca_netcash_invest_slope_at_disclosure,0.0,12,,,,,,FUNDAMENTAL::capital_investment::disclosure episode::DISCLOSURE_EVENT
fund_ca_construct_long_asset_persistence_at_disclosure,fund_capex_construct_assets_at_disclosure,1.4036921616193548e-08,12,,,,,,FUNDAMENTAL::capital_investment::disclosure episode::DISCLOSURE_EVENT
fund_ca_construct_long_asset_slope,fund_ca_netcash_finance_acceleration,0.10151440758232498,24217,,,,,,FUNDAMENTAL::capital_investment::stock-session cross-section::SLOW_TEMPORAL_CHANGE
fund_ca_construct_long_asset_slope,fund_ca_netcash_finance_delta,0.12057391319630513,24771,,,,,,FUNDAMENTAL::capital_investment::stock-session cross-section::SLOW_TEMPORAL_CHANGE
fund_ca_construct_long_asset_slope,fund_ca_netcash_finance_persistence,0.02039153465415178,24526,,,,,,FUNDAMENTAL::capital_investment::stock-session cross-section::SLOW_TEMPORAL_CHANGE
fund_ca_construct_long_asset_slope,fund_ca_netcash_finance_slope,0.12097851994729232,24771,,,,,,FUNDAMENTAL::capital_investment::stock-session cross-section::SLOW_TEMPORAL_CHANGE
fund_ca_construct_long_asset_slope,fund_ca_netcash_invest_acceleration,0.15019529264172432,25046,,,,,,FUNDAMENTAL::capital_investment::stock-session cross-section::SLOW_TEMPORAL_CHANGE
fund_ca_construct_long_asset_slope,fund_ca_netcash_invest_delta,0.23883832104204608,25232,,,,,,FUNDAMENTAL::capital_investment::stock-session cross-section::SLOW_TEMPORAL_CHANGE
fund_ca_construct_long_asset_slope,fund_ca_netcash_invest_persistence,0.05687547073007403,25232,,,,,,FUNDAMENTAL::capital_investment::stock-session cross-section::SLOW_TEMPORAL_CHANGE
fund_ca_construct_long_asset_slope,fund_ca_netcash_invest_slope,0.2406028298494725,25232,,,,,,FUNDAMENTAL::capital_investment::stock-session cross-section::SLOW_TEMPORAL_CHANGE
fund_ca_construct_long_asset_slope_at_disclosure,fund_ca_netcash_finance_acceleration_at_disclosure,1.0,10,,,,,,FUNDAMENTAL::capital_investment::disclosure episode::DISCLOSURE_EVENT
fund_ca_construct_long_asset_slope_at_disclosure,fund_ca_netcash_finance_delta_at_disclosure,1.0,12,,,,,,FUNDAMENTAL::capital_investment::disclosure episode::DISCLOSURE_EVENT
fund_ca_construct_long_asset_slope_at_disclosure,fund_ca_netcash_finance_persistence_at_disclosure,0.5061147547052154,12,,,,,,FUNDAMENTAL::capital_investment::disclosure episode::DISCLOSURE_EVENT
fund_ca_construct_long_asset_slope_at_disclosure,fund_ca_netcash_finance_slope_at_disclosure,1.0,12,,,,,,FUNDAMENTAL::capital_investment::disclosure episode::DISCLOSURE_EVENT
fund_ca_construct_long_asset_slope_at_disclosure,fund_ca_netcash_invest_acceleration_at_disclosure,1.0,10,,,,,,FUNDAMENTAL::capital_investment::disclosure episode::DISCLOSURE_EVENT
fund_ca_construct_long_asset_slope_at_disclosure,fund_ca_netcash_invest_delta_at_disclosure,1.0,12,,,,,,FUNDAMENTAL::capital_investment::disclosure episode::DISCLOSURE_EVENT
fund_ca_construct_long_asset_slope_at_disclosure,fund_ca_netcash_invest_persistence_at_disclosure,0.5228073042066099,12,,,,,,FUNDAMENTAL::capital_investment::disclosure episode::DISCLOSURE_EVENT
fund_ca_construct_long_asset_slope_at_disclosure,fund_ca_netcash_invest_slope_at_disclosure,1.0,12,,,,,,FUNDAMENTAL::capital_investment::disclosure episode::DISCLOSURE_EVENT
fund_ca_construct_long_asset_slope_at_disclosure,fund_capex_construct_assets_at_disclosure,0.952375460685695,12,,,,,,FUNDAMENTAL::capital_investment::disclosure episode::DISCLOSURE_EVENT
fund_ca_construct_long_asset_source_yoy,fund_ca_construct_long_asset_yoy,0.2870801046085087,24641,,,,,,FUNDAMENTAL::growth::stock-session cross-section::SLOW_TEMPORAL_CHANGE
fund_ca_construct_long_asset_source_yoy,fund_ca_netcash_finance_source_yoy,0.03363453351813086,24088,,,,,,FUNDAMENTAL::growth::stock-session cross-section::SLOW_TEMPORAL_CHANGE
fund_ca_construct_long_asset_source_yoy,fund_ca_netcash_finance_yoy,0.031953107536404894,24118,,,,,,FUNDAMENTAL::growth::stock-session cross-section::SLOW_TEMPORAL_CHANGE
fund_ca_construct_long_asset_source_yoy,fund_ca_netcash_invest_source_yoy,0.08280012125439816,24641,,,,,,FUNDAMENTAL::growth::stock-session cross-section::SLOW_TEMPORAL_CHANGE
fund_ca_construct_long_asset_source_yoy,fund_ca_netcash_invest_yoy,0.05113548762029985,24641,,,,,,FUNDAMENTAL::growth::stock-session cross-section::SLOW_TEMPORAL_CHANGE
fund_ca_construct_long_asset_source_yoy,fund_ca_netcash_operate_source_yoy,0.028624567263223776,24641,,,,,,FUNDAMENTAL::growth::stock-session cross-section::SLOW_TEMPORAL_CHANGE
fund_ca_construct_long_asset_source_yoy,fund_ca_netcash_operate_yoy,0.028265322925032768,24641,,,,,,FUNDAMENTAL::growth::stock-session cross-section::SLOW_TEMPORAL_CHANGE
fund_ca_construct_long_asset_source_yoy,fund_pr_deduct_parent_netprofit_source_yoy,0.031356944553665264,24302,,,,,,FUNDAMENTAL::growth::stock-session cross-section::SLOW_TEMPORAL_CHANGE
fund_ca_construct_long_asset_source_yoy,fund_pr_deduct_parent_netprofit_yoy,0.030652185115633633,24302,,,,,,FUNDAMENTAL::growth::stock-session cross-section::SLOW_TEMPORAL_CHANGE
fund_ca_construct_long_asset_source_yoy,fund_pr_operate_cost_source_yoy,0.031360390556717535,23993,,,,,,FUNDAMENTAL::growth::stock-session cross-section::SLOW_TEMPORAL_CHANGE
fund_ca_construct_long_asset_source_yoy,fund_pr_operate_cost_yoy,0.03070319393216039,23993,,,,,,FUNDAMENTAL::growth::stock-session cross-section::SLOW_TEMPORAL_CHANGE
fund_ca_construct_long_asset_source_yoy,fund_pr_operate_income_source_yoy,0.03229220813012329,24641,,,,,,FUNDAMENTAL::growth::stock-session cross-section::SLOW_TEMPORAL_CHANGE
fund_ca_construct_long_asset_source_yoy,fund_pr_operate_income_yoy,0.03301547374163051,24641,,,,,,FUNDAMENTAL::growth::stock-session cross-section::SLOW_TEMPORAL_CHANGE
fund_ca_construct_long_asset_source_yoy,fund_pr_operate_profit_source_yoy,0.03136745081296303,24641,,,,,,FUNDAMENTAL::growth::stock-session cross-section::SLOW_TEMPORAL_CHANGE
fund_ca_construct_long_asset_source_yoy,fund_pr_operate_profit_yoy,0.03337857480567427,24641,,,,,,FUNDAMENTAL::growth::stock-session cross-section::SLOW_TEMPORAL_CHANGE
fund_ca_construct_long_asset_source_yoy,fund_pr_parent_netprofit_source_yoy,0.030087869351758285,24641,,,,,,FUNDAMENTAL::growth::stock-session cross-section::SLOW_TEMPORAL_CHANGE
fund_ca_construct_long_asset_source_yoy,fund_pr_parent_netprofit_yoy,0.032504655787172584,24641,,,,,,FUNDAMENTAL::growth::stock-session cross-section::SLOW_TEMPORAL_CHANGE
fund_ca_construct_long_asset_source_yoy_at_disclosure,fund_ca_construct_long_asset_yoy_at_disclosure,0.0,0,,,,,,FUNDAMENTAL::growth::disclosure episode::DISCLOSURE_EVENT
fund_ca_construct_long_asset_source_yoy_at_disclosure,fund_ca_netcash_finance_source_yoy_at_disclosure,0.0,0,,,,,,FUNDAMENTAL::growth::disclosure episode::DISCLOSURE_EVENT
fund_ca_construct_long_asset_source_yoy_at_disclosure,fund_ca_netcash_finance_yoy_at_disclosure,0.0,0,,,,,,FUNDAMENTAL::growth::disclosure episode::DISCLOSURE_EVENT
fund_ca_construct_long_asset_source_yoy_at_disclosure,fund_ca_netcash_invest_source_yoy_at_disclosure,0.0,0,,,,,,FUNDAMENTAL::growth::disclosure episode::DISCLOSURE_EVENT
fund_ca_construct_long_asset_source_yoy_at_disclosure,fund_ca_netcash_invest_yoy_at_disclosure,0.0,0,,,,,,FUNDAMENTAL::growth::disclosure episode::DISCLOSURE_EVENT
fund_ca_construct_long_asset_source_yoy_at_disclosure,fund_ca_netcash_operate_source_yoy_at_disclosure,0.0,0,,,,,,FUNDAMENTAL::growth::disclosure episode::DISCLOSURE_EVENT
fund_ca_construct_long_asset_source_yoy_at_disclosure,fund_ca_netcash_operate_yoy_at_disclosure,0.0,0,,,,,,FUNDAMENTAL::growth::disclosure episode::DISCLOSURE_EVENT
fund_ca_construct_long_asset_source_yoy_at_disclosure,fund_pr_deduct_parent_netprofit_source_yoy_at_disclosure,0.0,0,,,,,,FUNDAMENTAL::growth::disclosure episode::DISCLOSURE_EVENT
fund_ca_construct_long_asset_source_yoy_at_disclosure,fund_pr_deduct_parent_netprofit_yoy_at_disclosure,0.0,0,,,,,,FUNDAMENTAL::growth::disclosure episode::DISCLOSURE_EVENT
fund_ca_construct_long_asset_source_yoy_at_disclosure,fund_pr_operate_cost_source_yoy_at_disclosure,0.0,0,,,,,,FUNDAMENTAL::growth::disclosure episode::DISCLOSURE_EVENT
fund_ca_construct_long_asset_source_yoy_at_disclosure,fund_pr_operate_cost_yoy_at_disclosure,0.0,0,,,,,,FUNDAMENTAL::growth::disclosure episode::DISCLOSURE_EVENT
fund_ca_construct_long_asset_source_yoy_at_disclosure,fund_pr_operate_income_source_yoy_at_disclosure,0.0,0,,,,,,FUNDAMENTAL::growth::disclosure episode::DISCLOSURE_EVENT
fund_ca_construct_long_asset_source_yoy_at_disclosure,fund_pr_operate_income_yoy_at_disclosure,0.0,0,,,,,,FUNDAMENTAL::growth::disclosure episode::DISCLOSURE_EVENT
fund_ca_construct_long_asset_source_yoy_at_disclosure,fund_pr_operate_profit_source_yoy_at_disclosure,0.0,0,,,,,,FUNDAMENTAL::growth::disclosure episode::DISCLOSURE_EVENT
fund_ca_construct_long_asset_source_yoy_at_disclosure,fund_pr_operate_profit_yoy_at_disclosure,0.0,0,,,,,,FUNDAMENTAL::growth::disclosure episode::DISCLOSURE_EVENT
fund_ca_construct_long_asset_source_yoy_at_disclosure,fund_pr_parent_netprofit_source_yoy_at_disclosure,0.0,0,,,,,,FUNDAMENTAL::growth::disclosure episode::DISCLOSURE_EVENT
fund_ca_construct_long_asset_source_yoy_at_disclosure,fund_pr_parent_netprofit_yoy_at_disclosure,0.0,0,,,,,,FUNDAMENTAL::growth::disclosure episode::DISCLOSURE_EVENT
fund_ca_construct_long_asset_yoy,fund_ca_netcash_finance_source_yoy,0.027503048478194847,24088,,,,,,FUNDAMENTAL::growth::stock-session cross-section::SLOW_TEMPORAL_CHANGE
fund_ca_construct_long_asset_yoy,fund_ca_netcash_finance_yoy,0.08337919669517643,24118,,,,,,FUNDAMENTAL::growth::stock-session cross-section::SLOW_TEMPORAL_CHANGE
fund_ca_construct_long_asset_yoy,fund_ca_netcash_invest_source_yoy,0.061361920448499745,24641,,,,,,FUNDAMENTAL::growth::stock-session cross-section::SLOW_TEMPORAL_CHANGE
fund_ca_construct_long_asset_yoy,fund_ca_netcash_invest_yoy,0.12518979043865439,24641,,,,,,FUNDAMENTAL::growth::stock-session cross-section::SLOW_TEMPORAL_CHANGE
fund_ca_construct_long_asset_yoy,fund_ca_netcash_operate_source_yoy,0.027173178284897567,24641,,,,,,FUNDAMENTAL::growth::stock-session cross-section::SLOW_TEMPORAL_CHANGE
fund_ca_construct_long_asset_yoy,fund_ca_netcash_operate_yoy,0.08012751394554243,24641,,,,,,FUNDAMENTAL::growth::stock-session cross-section::SLOW_TEMPORAL_CHANGE
fund_ca_construct_long_asset_yoy,fund_pr_deduct_parent_netprofit_source_yoy,0.029350488664098468,24302,,,,,,FUNDAMENTAL::growth::stock-session cross-section::SLOW_TEMPORAL_CHANGE
fund_ca_construct_long_asset_yoy,fund_pr_deduct_parent_netprofit_yoy,0.08534190228864397,24302,,,,,,FUNDAMENTAL::growth::stock-session cross-section::SLOW_TEMPORAL_CHANGE
fund_ca_construct_long_asset_yoy,fund_pr_operate_cost_source_yoy,0.030810430760293148,23993,,,,,,FUNDAMENTAL::growth::stock-session cross-section::SLOW_TEMPORAL_CHANGE
fund_ca_construct_long_asset_yoy,fund_pr_operate_cost_yoy,0.0856553072279953,23993,,,,,,FUNDAMENTAL::growth::stock-session cross-section::SLOW_TEMPORAL_CHANGE
fund_ca_construct_long_asset_yoy,fund_pr_operate_income_source_yoy,0.027317286754016835,24641,,,,,,FUNDAMENTAL::growth::stock-session cross-section::SLOW_TEMPORAL_CHANGE
fund_ca_construct_long_asset_yoy,fund_pr_operate_income_yoy,0.08607885051761928,24641,,,,,,FUNDAMENTAL::growth::stock-session cross-section::SLOW_TEMPORAL_CHANGE
fund_ca_construct_long_asset_yoy,fund_pr_operate_profit_source_yoy,0.026272822216834035,24641,,,,,,FUNDAMENTAL::growth::stock-session cross-section::SLOW_TEMPORAL_CHANGE
fund_ca_construct_long_asset_yoy,fund_pr_operate_profit_yoy,0.08554771527947107,24641,,,,,,FUNDAMENTAL::growth::stock-session cross-section::SLOW_TEMPORAL_CHANGE
fund_ca_construct_long_asset_yoy,fund_pr_parent_netprofit_source_yoy,0.030213636137684116,24641,,,,,,FUNDAMENTAL::growth::stock-session cross-section::SLOW_TEMPORAL_CHANGE
fund_ca_construct_long_asset_yoy,fund_pr_parent_netprofit_yoy,0.09090913102460639,24641,,,,,,FUNDAMENTAL::growth::stock-session cross-section::SLOW_TEMPORAL_CHANGE
fund_ca_construct_long_asset_yoy_at_disclosure,fund_ca_netcash_finance_source_yoy_at_disclosure,0.0,0,,,,,,FUNDAMENTAL::growth::disclosure episode::DISCLOSURE_EVENT
fund_ca_construct_long_asset_yoy_at_disclosure,fund_ca_netcash_finance_yoy_at_disclosure,0.0,0,,,,,,FUNDAMENTAL::growth::disclosure episode::DISCLOSURE_EVENT
fund_ca_construct_long_asset_yoy_at_disclosure,fund_ca_netcash_invest_source_yoy_at_disclosure,0.0,0,,,,,,FUNDAMENTAL::growth::disclosure episode::DISCLOSURE_EVENT
fund_ca_construct_long_asset_yoy_at_disclosure,fund_ca_netcash_invest_yoy_at_disclosure,0.0,0,,,,,,FUNDAMENTAL::growth::disclosure episode::DISCLOSURE_EVENT
fund_ca_construct_long_asset_yoy_at_disclosure,fund_ca_netcash_operate_source_yoy_at_disclosure,0.0,0,,,,,,FUNDAMENTAL::growth::disclosure episode::DISCLOSURE_EVENT
fund_ca_construct_long_asset_yoy_at_disclosure,fund_ca_netcash_operate_yoy_at_disclosure,0.0,0,,,,,,FUNDAMENTAL::growth::disclosure episode::DISCLOSURE_EVENT
fund_ca_construct_long_asset_yoy_at_disclosure,fund_pr_deduct_parent_netprofit_source_yoy_at_disclosure,0.0,0,,,,,,FUNDAMENTAL::growth::disclosure episode::DISCLOSURE_EVENT
fund_ca_construct_long_asset_yoy_at_disclosure,fund_pr_deduct_parent_netprofit_yoy_at_disclosure,0.0,0,,,,,,FUNDAMENTAL::growth::disclosure episode::DISCLOSURE_EVENT
fund_ca_construct_long_asset_yoy_at_disclosure,fund_pr_operate_cost_source_yoy_at_disclosure,0.0,0,,,,,,FUNDAMENTAL::growth::disclosure episode::DISCLOSURE_EVENT
fund_ca_construct_long_asset_yoy_at_disclosure,fund_pr_operate_cost_yoy_at_disclosure,0.0,0,,,,,,FUNDAMENTAL::growth::disclosure episode::DISCLOSURE_EVENT
fund_ca_construct_long_asset_yoy_at_disclosure,fund_pr_operate_income_source_yoy_at_disclosure,0.0,0,,,,,,FUNDAMENTAL::growth::disclosure episode::DISCLOSURE_EVENT
fund_ca_construct_long_asset_yoy_at_disclosure,fund_pr_operate_income_yoy_at_disclosure,0.0,0,,,,,,FUNDAMENTAL::growth::disclosure episode::DISCLOSURE_EVENT
fund_ca_construct_long_asset_yoy_at_disclosure,fund_pr_operate_profit_source_yoy_at_disclosure,0.0,0,,,,,,FUNDAMENTAL::growth::disclosure episode::DISCLOSURE_EVENT
fund_ca_construct_long_asset_yoy_at_disclosure,fund_pr_operate_profit_yoy_at_disclosure,0.0,0,,,,,,FUNDAMENTAL::growth::disclosure episode::DISCLOSURE_EVENT
fund_ca_construct_long_asset_yoy_at_disclosure,fund_pr_parent_netprofit_source_yoy_at_disclosure,0.0,0,,,,,,FUNDAMENTAL::growth::disclosure episode::DISCLOSURE_EVENT
fund_ca_construct_long_asset_yoy_at_disclosure,fund_pr_parent_netprofit_yoy_at_disclosure,0.0,0,,,,,,FUNDAMENTAL::growth::disclosure episode::DISCLOSURE_EVENT
fund_ca_netcash_finance_acceleration,fund_ca_netcash_finance_delta,0.3087615131305004,24258,,,,,,FUNDAMENTAL::capital_investment::stock-session cross-section::SLOW_TEMPORAL_CHANGE
fund_ca_netcash_finance_acceleration,fund_ca_netcash_finance_persistence,0.033767160347508915,24216,,,,,,FUNDAMENTAL::capital_investment::stock-session cross-section::SLOW_TEMPORAL_CHANGE
fund_ca_netcash_finance_acceleration,fund_ca_netcash_finance_slope,0.30674318756039765,24258,,,,,,FUNDAMENTAL::capital_investment::stock-session cross-section::SLOW_TEMPORAL_CHANGE
fund_ca_netcash_finance_acceleration,fund_ca_netcash_invest_acceleration,0.10665656155094518,24258,,,,,,FUNDAMENTAL::capital_investment::stock-session cross-section::SLOW_TEMPORAL_CHANGE
fund_ca_netcash_finance_acceleration,fund_ca_netcash_invest_delta,0.10016034018373926,24258,,,,,,FUNDAMENTAL::capital_investment::stock-session cross-section::SLOW_TEMPORAL_CHANGE
fund_ca_netcash_finance_acceleration,fund_ca_netcash_invest_persistence,0.00760054172542619,24258,,,,,,FUNDAMENTAL::capital_investment::stock-session cross-section::SLOW_TEMPORAL_CHANGE
fund_ca_netcash_finance_acceleration,fund_ca_netcash_invest_slope,0.1011417343377414,24258,,,,,,FUNDAMENTAL::capital_investment::stock-session cross-section::SLOW_TEMPORAL_CHANGE
fund_ca_netcash_finance_acceleration_at_disclosure,fund_ca_netcash_finance_delta_at_disclosure,1.0,10,,,,,,FUNDAMENTAL::capital_investment::disclosure episode::DISCLOSURE_EVENT
fund_ca_netcash_finance_acceleration_at_disclosure,fund_ca_netcash_finance_persistence_at_disclosure,0.5406341214154253,10,,,,,,FUNDAMENTAL::capital_investment::disclosure episode::DISCLOSURE_EVENT
fund_ca_netcash_finance_acceleration_at_disclosure,fund_ca_netcash_finance_slope_at_disclosure,1.0,10,,,,,,FUNDAMENTAL::capital_investment::disclosure episode::DISCLOSURE_EVENT
fund_ca_netcash_finance_acceleration_at_disclosure,fund_ca_netcash_invest_acceleration_at_disclosure,1.0,10,,,,,,FUNDAMENTAL::capital_investment::disclosure episode::DISCLOSURE_EVENT
fund_ca_netcash_finance_acceleration_at_disclosure,fund_ca_netcash_invest_delta_at_disclosure,1.0,10,,,,,,FUNDAMENTAL::capital_investment::disclosure episode::DISCLOSURE_EVENT
fund_ca_netcash_finance_acceleration_at_disclosure,fund_ca_netcash_invest_persistence_at_disclosure,0.5486620049392715,10,,,,,,FUNDAMENTAL::capital_investment::disclosure episode::DISCLOSURE_EVENT
fund_ca_netcash_finance_acceleration_at_disclosure,fund_ca_netcash_invest_slope_at_disclosure,1.0,10,,,,,,FUNDAMENTAL::capital_investment::disclosure episode::DISCLOSURE_EVENT
fund_ca_netcash_finance_acceleration_at_disclosure,fund_capex_construct_assets_at_disclosure,0.9378635304426797,10,,,,,,FUNDAMENTAL::capital_investment::disclosure episode::DISCLOSURE_EVENT
fund_ca_netcash_finance_delta,fund_ca_netcash_finance_persistence,0.023571149832776847,24567,,,,,,FUNDAMENTAL::capital_investment::stock-session cross-section::SLOW_TEMPORAL_CHANGE
fund_ca_netcash_finance_delta,fund_ca_netcash_finance_slope,0.9529121081525931,24812,,,,,,FUNDAMENTAL::capital_investment::stock-session cross-section::SLOW_TEMPORAL_CHANGE
fund_ca_netcash_finance_delta,fund_ca_netcash_invest_acceleration,0.10490558831103385,24674,,,,,,FUNDAMENTAL::capital_investment::stock-session cross-section::SLOW_TEMPORAL_CHANGE
fund_ca_netcash_finance_delta,fund_ca_netcash_invest_delta,0.10666596232965235,24812,,,,,,FUNDAMENTAL::capital_investment::stock-session cross-section::SLOW_TEMPORAL_CHANGE
fund_ca_netcash_finance_delta,fund_ca_netcash_invest_persistence,0.009384817359558362,24812,,,,,,FUNDAMENTAL::capital_investment::stock-session cross-section::SLOW_TEMPORAL_CHANGE
fund_ca_netcash_finance_delta,fund_ca_netcash_invest_slope,0.106712605444684,24812,,,,,,FUNDAMENTAL::capital_investment::stock-session cross-section::SLOW_TEMPORAL_CHANGE
fund_ca_netcash_finance_delta_at_disclosure,fund_ca_netcash_finance_persistence_at_disclosure,0.5061147547052154,12,,,,,,FUNDAMENTAL::capital_investment::disclosure episode::DISCLOSURE_EVENT
fund_ca_netcash_finance_delta_at_disclosure,fund_ca_netcash_finance_slope_at_disclosure,1.0,12,,,,,,FUNDAMENTAL::capital_investment::disclosure episode::DISCLOSURE_EVENT
fund_ca_netcash_finance_delta_at_disclosure,fund_ca_netcash_invest_acceleration_at_disclosure,1.0,10,,,,,,FUNDAMENTAL::capital_investment::disclosure episode::DISCLOSURE_EVENT
fund_ca_netcash_finance_delta_at_disclosure,fund_ca_netcash_invest_delta_at_disclosure,1.0,12,,,,,,FUNDAMENTAL::capital_investment::disclosure episode::DISCLOSURE_EVENT
fund_ca_netcash_finance_delta_at_disclosure,fund_ca_netcash_invest_persistence_at_disclosure,0.5228073042066099,12,,,,,,FUNDAMENTAL::capital_investment::disclosure episode::DISCLOSURE_EVENT
fund_ca_netcash_finance_delta_at_disclosure,fund_ca_netcash_invest_slope_at_disclosure,1.0,12,,,,,,FUNDAMENTAL::capital_investment::disclosure episode::DISCLOSURE_EVENT
fund_ca_netcash_finance_delta_at_disclosure,fund_capex_construct_assets_at_disclosure,0.952375460685695,12,,,,,,FUNDAMENTAL::capital_investment::disclosure episode::DISCLOSURE_EVENT
fund_ca_netcash_finance_persistence,fund_ca_netcash_finance_slope,0.023710538935544038,24567,,,,,,FUNDAMENTAL::capital_investment::stock-session cross-section::SLOW_TEMPORAL_CHANGE
fund_ca_netcash_finance_persistence,fund_ca_netcash_invest_acceleration,0.005867728869024559,24429,,,,,,FUNDAMENTAL::capital_investment::stock-session cross-section::SLOW_TEMPORAL_CHANGE
fund_ca_netcash_finance_persistence,fund_ca_netcash_invest_delta,0.010624751290055794,24567,,,,,,FUNDAMENTAL::capital_investment::stock-session cross-section::SLOW_TEMPORAL_CHANGE
fund_ca_netcash_finance_persistence,fund_ca_netcash_invest_persistence,0.009347296971322501,24567,,,,,,FUNDAMENTAL::capital_investment::stock-session cross-section::SLOW_TEMPORAL_CHANGE
fund_ca_netcash_finance_persistence,fund_ca_netcash_invest_slope,0.010710070403600447,24567,,,,,,FUNDAMENTAL::capital_investment::stock-session cross-section::SLOW_TEMPORAL_CHANGE
fund_ca_netcash_finance_persistence_at_disclosure,fund_ca_netcash_finance_slope_at_disclosure,0.5061147547052155,12,,,,,,FUNDAMENTAL::capital_investment::disclosure episode::DISCLOSURE_EVENT
fund_ca_netcash_finance_persistence_at_disclosure,fund_ca_netcash_invest_acceleration_at_disclosure,0.5406341214154254,10,,,,,,FUNDAMENTAL::capital_investment::disclosure episode::DISCLOSURE_EVENT
fund_ca_netcash_finance_persistence_at_disclosure,fund_ca_netcash_invest_delta_at_disclosure,0.5061147547052154,12,,,,,,FUNDAMENTAL::capital_investment::disclosure episode::DISCLOSURE_EVENT
fund_ca_netcash_finance_persistence_at_disclosure,fund_ca_netcash_invest_persistence_at_disclosure,0.17772895076359096,12,,,,,,FUNDAMENTAL::capital_investment::disclosure episode::DISCLOSURE_EVENT
fund_ca_netcash_finance_persistence_at_disclosure,fund_ca_netcash_invest_slope_at_disclosure,0.5061147547052154,12,,,,,,FUNDAMENTAL::capital_investment::disclosure episode::DISCLOSURE_EVENT
fund_ca_netcash_finance_persistence_at_disclosure,fund_capex_construct_assets_at_disclosure,0.4349725117965163,12,,,,,,FUNDAMENTAL::capital_investment::disclosure episode::DISCLOSURE_EVENT
fund_ca_netcash_finance_slope,fund_ca_netcash_invest_acceleration,0.10536620494202055,24674,,,,,,FUNDAMENTAL::capital_investment::stock-session cross-section::SLOW_TEMPORAL_CHANGE
fund_ca_netcash_finance_slope,fund_ca_netcash_invest_delta,0.1063827613234827,24812,,,,,,FUNDAMENTAL::capital_investment::stock-session cross-section::SLOW_TEMPORAL_CHANGE
fund_ca_netcash_finance_slope,fund_ca_netcash_invest_persistence,0.009369723038536924,24812,,,,,,FUNDAMENTAL::capital_investment::stock-session cross-section::SLOW_TEMPORAL_CHANGE
fund_ca_netcash_finance_slope,fund_ca_netcash_invest_slope,0.10639401590331955,24812,,,,,,FUNDAMENTAL::capital_investment::stock-session cross-section::SLOW_TEMPORAL_CHANGE
fund_ca_netcash_finance_slope_at_disclosure,fund_ca_netcash_invest_acceleration_at_disclosure,1.0,10,,,,,,FUNDAMENTAL::capital_investment::disclosure episode::DISCLOSURE_EVENT
fund_ca_netcash_finance_slope_at_disclosure,fund_ca_netcash_invest_delta_at_disclosure,1.0,12,,,,,,FUNDAMENTAL::capital_investment::disclosure episode::DISCLOSURE_EVENT
fund_ca_netcash_finance_slope_at_disclosure,fund_ca_netcash_invest_persistence_at_disclosure,0.5228073042066099,12,,,,,,FUNDAMENTAL::capital_investment::disclosure episode::DISCLOSURE_EVENT
fund_ca_netcash_finance_slope_at_disclosure,fund_ca_netcash_invest_slope_at_disclosure,1.0,12,,,,,,FUNDAMENTAL::capital_investment::disclosure episode::DISCLOSURE_EVENT
fund_ca_netcash_finance_slope_at_disclosure,fund_capex_construct_assets_at_disclosure,0.952375460685695,12,,,,,,FUNDAMENTAL::capital_investment::disclosure episode::DISCLOSURE_EVENT
fund_ca_netcash_finance_source_yoy,fund_ca_netcash_finance_yoy,0.29626740998250767,24115,,,,,,FUNDAMENTAL::growth::stock-session cross-section::SLOW_TEMPORAL_CHANGE
fund_ca_netcash_finance_source_yoy,fund_ca_netcash_invest_source_yoy,0.04038620691344824,24115,,,,,,FUNDAMENTAL::growth::stock-session cross-section::SLOW_TEMPORAL_CHANGE
fund_ca_netcash_finance_source_yoy,fund_ca_netcash_invest_yoy,0.039828473245821235,24115,,,,,,FUNDAMENTAL::growth::stock-session cross-section::SLOW_TEMPORAL_CHANGE
fund_ca_netcash_finance_source_yoy,fund_ca_netcash_operate_source_yoy,0.041428136598936516,24115,,,,,,FUNDAMENTAL::growth::stock-session cross-section::SLOW_TEMPORAL_CHANGE
fund_ca_netcash_finance_source_yoy,fund_ca_netcash_operate_yoy,0.04094924224593115,24115,,,,,,FUNDAMENTAL::growth::stock-session cross-section::SLOW_TEMPORAL_CHANGE
fund_ca_netcash_finance_source_yoy,fund_pr_deduct_parent_netprofit_source_yoy,0.025232530541734337,23793,,,,,,FUNDAMENTAL::growth::stock-session cross-section::SLOW_TEMPORAL_CHANGE
fund_ca_netcash_finance_source_yoy,fund_pr_deduct_parent_netprofit_yoy,0.031584273551677255,23793,,,,,,FUNDAMENTAL::growth::stock-session cross-section::SLOW_TEMPORAL_CHANGE
fund_ca_netcash_finance_source_yoy,fund_pr_operate_cost_source_yoy,0.03477935470853196,23467,,,,,,FUNDAMENTAL::growth::stock-session cross-section::SLOW_TEMPORAL_CHANGE
fund_ca_netcash_finance_source_yoy,fund_pr_operate_cost_yoy,0.03243480682208755,23467,,,,,,FUNDAMENTAL::growth::stock-session cross-section::SLOW_TEMPORAL_CHANGE
fund_ca_netcash_finance_source_yoy,fund_pr_operate_income_source_yoy,0.03356578539730914,24115,,,,,,FUNDAMENTAL::growth::stock-session cross-section::SLOW_TEMPORAL_CHANGE
fund_ca_netcash_finance_source_yoy,fund_pr_operate_income_yoy,0.02795436521862417,24115,,,,,,FUNDAMENTAL::growth::stock-session cross-section::SLOW_TEMPORAL_CHANGE
fund_ca_netcash_finance_source_yoy,fund_pr_operate_profit_source_yoy,0.023307205008529785,24115,,,,,,FUNDAMENTAL::growth::stock-session cross-section::SLOW_TEMPORAL_CHANGE
fund_ca_netcash_finance_source_yoy,fund_pr_operate_profit_yoy,0.027952260815355675,24115,,,,,,FUNDAMENTAL::growth::stock-session cross-section::SLOW_TEMPORAL_CHANGE
fund_ca_netcash_finance_source_yoy,fund_pr_parent_netprofit_source_yoy,0.024959280311141516,24115,,,,,,FUNDAMENTAL::growth::stock-session cross-section::SLOW_TEMPORAL_CHANGE
fund_ca_netcash_finance_source_yoy,fund_pr_parent_netprofit_yoy,0.02968067619823235,24115,,,,,,FUNDAMENTAL::growth::stock-session cross-section::SLOW_TEMPORAL_CHANGE
fund_ca_netcash_finance_source_yoy_at_disclosure,fund_ca_netcash_finance_yoy_at_disclosure,0.0,0,,,,,,FUNDAMENTAL::growth::disclosure episode::DISCLOSURE_EVENT
fund_ca_netcash_finance_source_yoy_at_disclosure,fund_ca_netcash_invest_source_yoy_at_disclosure,0.0,0,,,,,,FUNDAMENTAL::growth::disclosure episode::DISCLOSURE_EVENT
fund_ca_netcash_finance_source_yoy_at_disclosure,fund_ca_netcash_invest_yoy_at_disclosure,0.0,0,,,,,,FUNDAMENTAL::growth::disclosure episode::DISCLOSURE_EVENT
fund_ca_netcash_finance_source_yoy_at_disclosure,fund_ca_netcash_operate_source_yoy_at_disclosure,0.0,0,,,,,,FUNDAMENTAL::growth::disclosure episode::DISCLOSURE_EVENT
fund_ca_netcash_finance_source_yoy_at_disclosure,fund_ca_netcash_operate_yoy_at_disclosure,0.0,0,,,,,,FUNDAMENTAL::growth::disclosure episode::DISCLOSURE_EVENT
fund_ca_netcash_finance_source_yoy_at_disclosure,fund_pr_deduct_parent_netprofit_source_yoy_at_disclosure,0.0,0,,,,,,FUNDAMENTAL::growth::disclosure episode::DISCLOSURE_EVENT
fund_ca_netcash_finance_source_yoy_at_disclosure,fund_pr_deduct_parent_netprofit_yoy_at_disclosure,0.0,0,,,,,,FUNDAMENTAL::growth::disclosure episode::DISCLOSURE_EVENT
fund_ca_netcash_finance_source_yoy_at_disclosure,fund_pr_operate_cost_source_yoy_at_disclosure,0.0,0,,,,,,FUNDAMENTAL::growth::disclosure episode::DISCLOSURE_EVENT
fund_ca_netcash_finance_source_yoy_at_disclosure,fund_pr_operate_cost_yoy_at_disclosure,0.0,0,,,,,,FUNDAMENTAL::growth::disclosure episode::DISCLOSURE_EVENT
fund_ca_netcash_finance_source_yoy_at_disclosure,fund_pr_operate_income_source_yoy_at_disclosure,0.0,0,,,,,,FUNDAMENTAL::growth::disclosure episode::DISCLOSURE_EVENT
fund_ca_netcash_finance_source_yoy_at_disclosure,fund_pr_operate_income_yoy_at_disclosure,0.0,0,,,,,,FUNDAMENTAL::growth::disclosure episode::DISCLOSURE_EVENT
fund_ca_netcash_finance_source_yoy_at_disclosure,fund_pr_operate_profit_source_yoy_at_disclosure,0.0,0,,,,,,FUNDAMENTAL::growth::disclosure episode::DISCLOSURE_EVENT
fund_ca_netcash_finance_source_yoy_at_disclosure,fund_pr_operate_profit_yoy_at_disclosure,0.0,0,,,,,,FUNDAMENTAL::growth::disclosure episode::DISCLOSURE_EVENT
fund_ca_netcash_finance_source_yoy_at_disclosure,fund_pr_parent_netprofit_source_yoy_at_disclosure,0.0,0,,,,,,FUNDAMENTAL::growth::disclosure episode::DISCLOSURE_EVENT
fund_ca_netcash_finance_source_yoy_at_disclosure,fund_pr_parent_netprofit_yoy_at_disclosure,0.0,0,,,,,,FUNDAMENTAL::growth::disclosure episode::DISCLOSURE_EVENT
fund_ca_netcash_finance_yoy,fund_ca_netcash_invest_source_yoy,0.04380430489307834,24145,,,,,,FUNDAMENTAL::growth::stock-session cross-section::SLOW_TEMPORAL_CHANGE
fund_ca_netcash_finance_yoy,fund_ca_netcash_invest_yoy,0.1012228578784644,24145,,,,,,FUNDAMENTAL::growth::stock-session cross-section::SLOW_TEMPORAL_CHANGE
fund_ca_netcash_finance_yoy,fund_ca_netcash_operate_source_yoy,0.03821439146010732,24145,,,,,,FUNDAMENTAL::growth::stock-session cross-section::SLOW_TEMPORAL_CHANGE
fund_ca_netcash_finance_yoy,fund_ca_netcash_operate_yoy,0.1186804643082074,24145,,,,,,FUNDAMENTAL::growth::stock-session cross-section::SLOW_TEMPORAL_CHANGE
fund_ca_netcash_finance_yoy,fund_pr_deduct_parent_netprofit_source_yoy,0.028733927434793128,23823,,,,,,FUNDAMENTAL::growth::stock-session cross-section::SLOW_TEMPORAL_CHANGE
fund_ca_netcash_finance_yoy,fund_pr_deduct_parent_netprofit_yoy,0.08902467909718924,23823,,,,,,FUNDAMENTAL::growth::stock-session cross-section::SLOW_TEMPORAL_CHANGE
fund_ca_netcash_finance_yoy,fund_pr_operate_cost_source_yoy,0.033120211969409286,23497,,,,,,FUNDAMENTAL::growth::stock-session cross-section::SLOW_TEMPORAL_CHANGE
fund_ca_netcash_finance_yoy,fund_pr_operate_cost_yoy,0.08478229864011884,23497,,,,,,FUNDAMENTAL::growth::stock-session cross-section::SLOW_TEMPORAL_CHANGE
fund_ca_netcash_finance_yoy,fund_pr_operate_income_source_yoy,0.025543092923318595,24145,,,,,,FUNDAMENTAL::growth::stock-session cross-section::SLOW_TEMPORAL_CHANGE
fund_ca_netcash_finance_yoy,fund_pr_operate_income_yoy,0.08946638413850437,24145,,,,,,FUNDAMENTAL::growth::stock-session cross-section::SLOW_TEMPORAL_CHANGE
fund_ca_netcash_finance_yoy,fund_pr_operate_profit_source_yoy,0.02766634681547908,24145,,,,,,FUNDAMENTAL::growth::stock-session cross-section::SLOW_TEMPORAL_CHANGE
fund_ca_netcash_finance_yoy,fund_pr_operate_profit_yoy,0.0879758812658424,24145,,,,,,FUNDAMENTAL::growth::stock-session cross-section::SLOW_TEMPORAL_CHANGE
fund_ca_netcash_finance_yoy,fund_pr_parent_netprofit_source_yoy,0.02956496710503949,24145,,,,,,FUNDAMENTAL::growth::stock-session cross-section::SLOW_TEMPORAL_CHANGE
fund_ca_netcash_finance_yoy,fund_pr_parent_netprofit_yoy,0.09186180607324224,24145,,,,,,FUNDAMENTAL::growth::stock-session cross-section::SLOW_TEMPORAL_CHANGE
fund_ca_netcash_finance_yoy_at_disclosure,fund_ca_netcash_invest_source_yoy_at_disclosure,0.0,0,,,,,,FUNDAMENTAL::growth::disclosure episode::DISCLOSURE_EVENT
fund_ca_netcash_finance_yoy_at_disclosure,fund_ca_netcash_invest_yoy_at_disclosure,0.0,0,,,,,,FUNDAMENTAL::growth::disclosure episode::DISCLOSURE_EVENT
fund_ca_netcash_finance_yoy_at_disclosure,fund_ca_netcash_operate_source_yoy_at_disclosure,0.0,0,,,,,,FUNDAMENTAL::growth::disclosure episode::DISCLOSURE_EVENT
fund_ca_netcash_finance_yoy_at_disclosure,fund_ca_netcash_operate_yoy_at_disclosure,0.0,0,,,,,,FUNDAMENTAL::growth::disclosure episode::DISCLOSURE_EVENT
fund_ca_netcash_finance_yoy_at_disclosure,fund_pr_deduct_parent_netprofit_source_yoy_at_disclosure,0.0,0,,,,,,FUNDAMENTAL::growth::disclosure episode::DISCLOSURE_EVENT
fund_ca_netcash_finance_yoy_at_disclosure,fund_pr_deduct_parent_netprofit_yoy_at_disclosure,0.0,0,,,,,,FUNDAMENTAL::growth::disclosure episode::DISCLOSURE_EVENT
fund_ca_netcash_finance_yoy_at_disclosure,fund_pr_operate_cost_source_yoy_at_disclosure,0.0,0,,,,,,FUNDAMENTAL::growth::disclosure episode::DISCLOSURE_EVENT
fund_ca_netcash_finance_yoy_at_disclosure,fund_pr_operate_cost_yoy_at_disclosure,0.0,0,,,,,,FUNDAMENTAL::growth::disclosure episode::DISCLOSURE_EVENT
fund_ca_netcash_finance_yoy_at_disclosure,fund_pr_operate_income_source_yoy_at_disclosure,0.0,0,,,,,,FUNDAMENTAL::growth::disclosure episode::DISCLOSURE_EVENT
fund_ca_netcash_finance_yoy_at_disclosure,fund_pr_operate_income_yoy_at_disclosure,0.0,0,,,,,,FUNDAMENTAL::growth::disclosure episode::DISCLOSURE_EVENT
fund_ca_netcash_finance_yoy_at_disclosure,fund_pr_operate_profit_source_yoy_at_disclosure,0.0,0,,,,,,FUNDAMENTAL::growth::disclosure episode::DISCLOSURE_EVENT
fund_ca_netcash_finance_yoy_at_disclosure,fund_pr_operate_profit_yoy_at_disclosure,0.0,0,,,,,,FUNDAMENTAL::growth::disclosure episode::DISCLOSURE_EVENT
fund_ca_netcash_finance_yoy_at_disclosure,fund_pr_parent_netprofit_source_yoy_at_disclosure,0.0,0,,,,,,FUNDAMENTAL::growth::disclosure episode::DISCLOSURE_EVENT
fund_ca_netcash_finance_yoy_at_disclosure,fund_pr_parent_netprofit_yoy_at_disclosure,0.0,0,,,,,,FUNDAMENTAL::growth::disclosure episode::DISCLOSURE_EVENT
fund_ca_netcash_invest_acceleration,fund_ca_netcash_invest_delta,0.30973317553392243,25119,,,,,,FUNDAMENTAL::capital_investment::stock-session cross-section::SLOW_TEMPORAL_CHANGE
fund_ca_netcash_invest_acceleration,fund_ca_netcash_invest_persistence,0.05728886549682453,25119,,,,,,FUNDAMENTAL::capital_investment::stock-session cross-section::SLOW_TEMPORAL_CHANGE
fund_ca_netcash_invest_acceleration,fund_ca_netcash_invest_slope,0.30904331262202,25119,,,,,,FUNDAMENTAL::capital_investment::stock-session cross-section::SLOW_TEMPORAL_CHANGE
fund_ca_netcash_invest_acceleration_at_disclosure,fund_ca_netcash_invest_delta_at_disclosure,1.0,10,,,,,,FUNDAMENTAL::capital_investment::disclosure episode::DISCLOSURE_EVENT
fund_ca_netcash_invest_acceleration_at_disclosure,fund_ca_netcash_invest_persistence_at_disclosure,0.5486620049392715,10,,,,,,FUNDAMENTAL::capital_investment::disclosure episode::DISCLOSURE_EVENT
fund_ca_netcash_invest_acceleration_at_disclosure,fund_ca_netcash_invest_slope_at_disclosure,1.0,10,,,,,,FUNDAMENTAL::capital_investment::disclosure episode::DISCLOSURE_EVENT
fund_ca_netcash_invest_acceleration_at_disclosure,fund_capex_construct_assets_at_disclosure,0.9378635304426797,10,,,,,,FUNDAMENTAL::capital_investment::disclosure episode::DISCLOSURE_EVENT
fund_ca_netcash_invest_delta,fund_ca_netcash_invest_persistence,0.043461761295475354,25305,,,,,,FUNDAMENTAL::capital_investment::stock-session cross-section::SLOW_TEMPORAL_CHANGE
fund_ca_netcash_invest_delta,fund_ca_netcash_invest_slope,0.9557409203094247,25305,,,,,,FUNDAMENTAL::capital_investment::stock-session cross-section::SLOW_TEMPORAL_CHANGE
fund_ca_netcash_invest_delta_at_disclosure,fund_ca_netcash_invest_persistence_at_disclosure,0.5228073042066099,12,,,,,,FUNDAMENTAL::capital_investment::disclosure episode::DISCLOSURE_EVENT
fund_ca_netcash_invest_delta_at_disclosure,fund_ca_netcash_invest_slope_at_disclosure,1.0,12,,,,,,FUNDAMENTAL::capital_investment::disclosure episode::DISCLOSURE_EVENT
fund_ca_netcash_invest_delta_at_disclosure,fund_capex_construct_assets_at_disclosure,0.9523754606856952,12,,,,,,FUNDAMENTAL::capital_investment::disclosure episode::DISCLOSURE_EVENT
fund_ca_netcash_invest_persistence,fund_ca_netcash_invest_slope,0.043906694583434124,25305,,,,,,FUNDAMENTAL::capital_investment::stock-session cross-section::SLOW_TEMPORAL_CHANGE
fund_ca_netcash_invest_persistence_at_disclosure,fund_ca_netcash_invest_slope_at_disclosure,0.5228073042066099,12,,,,,,FUNDAMENTAL::capital_investment::disclosure episode::DISCLOSURE_EVENT
fund_ca_netcash_invest_persistence_at_disclosure,fund_capex_construct_assets_at_disclosure,0.45557934483080215,12,,,,,,FUNDAMENTAL::capital_investment::disclosure episode::DISCLOSURE_EVENT
fund_ca_netcash_invest_slope_at_disclosure,fund_capex_construct_assets_at_disclosure,0.9523754606856952,12,,,,,,FUNDAMENTAL::capital_investment::disclosure episode::DISCLOSURE_EVENT
fund_ca_netcash_invest_source_yoy,fund_ca_netcash_invest_yoy,0.2792418773738764,24692,,,,,,FUNDAMENTAL::growth::stock-session cross-section::SLOW_TEMPORAL_CHANGE
fund_ca_netcash_invest_source_yoy,fund_ca_netcash_operate_source_yoy,0.027688036928319542,24692,,,,,,FUNDAMENTAL::growth::stock-session cross-section::SLOW_TEMPORAL_CHANGE
fund_ca_netcash_invest_source_yoy,fund_ca_netcash_operate_yoy,0.029647327799926314,24692,,,,,,FUNDAMENTAL::growth::stock-session cross-section::SLOW_TEMPORAL_CHANGE
fund_ca_netcash_invest_source_yoy,fund_pr_deduct_parent_netprofit_source_yoy,0.025291098867487923,24353,,,,,,FUNDAMENTAL::growth::stock-session cross-section::SLOW_TEMPORAL_CHANGE
fund_ca_netcash_invest_source_yoy,fund_pr_deduct_parent_netprofit_yoy,0.029764757813636585,24353,,,,,,FUNDAMENTAL::growth::stock-session cross-section::SLOW_TEMPORAL_CHANGE
fund_ca_netcash_invest_source_yoy,fund_pr_operate_cost_source_yoy,0.028235985974401114,24044,,,,,,FUNDAMENTAL::growth::stock-session cross-section::SLOW_TEMPORAL_CHANGE
fund_ca_netcash_invest_source_yoy,fund_pr_operate_cost_yoy,0.02641363374771647,24044,,,,,,FUNDAMENTAL::growth::stock-session cross-section::SLOW_TEMPORAL_CHANGE
fund_ca_netcash_invest_source_yoy,fund_pr_operate_income_source_yoy,0.029082390946923935,24692,,,,,,FUNDAMENTAL::growth::stock-session cross-section::SLOW_TEMPORAL_CHANGE
fund_ca_netcash_invest_source_yoy,fund_pr_operate_income_yoy,0.02763295590754532,24692,,,,,,FUNDAMENTAL::growth::stock-session cross-section::SLOW_TEMPORAL_CHANGE
fund_ca_netcash_invest_source_yoy,fund_pr_operate_profit_source_yoy,0.02779564295148574,24692,,,,,,FUNDAMENTAL::growth::stock-session cross-section::SLOW_TEMPORAL_CHANGE
fund_ca_netcash_invest_source_yoy,fund_pr_operate_profit_yoy,0.027211384242268592,24692,,,,,,FUNDAMENTAL::growth::stock-session cross-section::SLOW_TEMPORAL_CHANGE
fund_ca_netcash_invest_source_yoy,fund_pr_parent_netprofit_source_yoy,0.02450352584890001,24692,,,,,,FUNDAMENTAL::growth::stock-session cross-section::SLOW_TEMPORAL_CHANGE
fund_ca_netcash_invest_source_yoy,fund_pr_parent_netprofit_yoy,0.03091188598942005,24692,,,,,,FUNDAMENTAL::growth::stock-session cross-section::SLOW_TEMPORAL_CHANGE
fund_ca_netcash_invest_source_yoy_at_disclosure,fund_ca_netcash_invest_yoy_at_disclosure,0.0,0,,,,,,FUNDAMENTAL::growth::disclosure episode::DISCLOSURE_EVENT
fund_ca_netcash_invest_source_yoy_at_disclosure,fund_ca_netcash_operate_source_yoy_at_disclosure,0.0,0,,,,,,FUNDAMENTAL::growth::disclosure episode::DISCLOSURE_EVENT
fund_ca_netcash_invest_source_yoy_at_disclosure,fund_ca_netcash_operate_yoy_at_disclosure,0.0,0,,,,,,FUNDAMENTAL::growth::disclosure episode::DISCLOSURE_EVENT
fund_ca_netcash_invest_source_yoy_at_disclosure,fund_pr_deduct_parent_netprofit_source_yoy_at_disclosure,0.0,0,,,,,,FUNDAMENTAL::growth::disclosure episode::DISCLOSURE_EVENT
fund_ca_netcash_invest_source_yoy_at_disclosure,fund_pr_deduct_parent_netprofit_yoy_at_disclosure,0.0,0,,,,,,FUNDAMENTAL::growth::disclosure episode::DISCLOSURE_EVENT
fund_ca_netcash_invest_source_yoy_at_disclosure,fund_pr_operate_cost_source_yoy_at_disclosure,0.0,0,,,,,,FUNDAMENTAL::growth::disclosure episode::DISCLOSURE_EVENT
fund_ca_netcash_invest_source_yoy_at_disclosure,fund_pr_operate_cost_yoy_at_disclosure,0.0,0,,,,,,FUNDAMENTAL::growth::disclosure episode::DISCLOSURE_EVENT
fund_ca_netcash_invest_source_yoy_at_disclosure,fund_pr_operate_income_source_yoy_at_disclosure,0.0,0,,,,,,FUNDAMENTAL::growth::disclosure episode::DISCLOSURE_EVENT
fund_ca_netcash_invest_source_yoy_at_disclosure,fund_pr_operate_income_yoy_at_disclosure,0.0,0,,,,,,FUNDAMENTAL::growth::disclosure episode::DISCLOSURE_EVENT
fund_ca_netcash_invest_source_yoy_at_disclosure,fund_pr_operate_profit_source_yoy_at_disclosure,0.0,0,,,,,,FUNDAMENTAL::growth::disclosure episode::DISCLOSURE_EVENT
fund_ca_netcash_invest_source_yoy_at_disclosure,fund_pr_operate_profit_yoy_at_disclosure,0.0,0,,,,,,FUNDAMENTAL::growth::disclosure episode::DISCLOSURE_EVENT
fund_ca_netcash_invest_source_yoy_at_disclosure,fund_pr_parent_netprofit_source_yoy_at_disclosure,0.0,0,,,,,,FUNDAMENTAL::growth::disclosure episode::DISCLOSURE_EVENT
fund_ca_netcash_invest_source_yoy_at_disclosure,fund_pr_parent_netprofit_yoy_at_disclosure,0.0,0,,,,,,FUNDAMENTAL::growth::disclosure episode::DISCLOSURE_EVENT
fund_ca_netcash_invest_yoy,fund_ca_netcash_operate_source_yoy,0.028138805468882925,24692,,,,,,FUNDAMENTAL::growth::stock-session cross-section::SLOW_TEMPORAL_CHANGE
fund_ca_netcash_invest_yoy,fund_ca_netcash_operate_yoy,0.09504858115840817,24692,,,,,,FUNDAMENTAL::growth::stock-session cross-section::SLOW_TEMPORAL_CHANGE
fund_ca_netcash_invest_yoy,fund_pr_deduct_parent_netprofit_source_yoy,0.028063560744243064,24353,,,,,,FUNDAMENTAL::growth::stock-session cross-section::SLOW_TEMPORAL_CHANGE
fund_ca_netcash_invest_yoy,fund_pr_deduct_parent_netprofit_yoy,0.08063053028431608,24353,,,,,,FUNDAMENTAL::growth::stock-session cross-section::SLOW_TEMPORAL_CHANGE
fund_ca_netcash_invest_yoy,fund_pr_operate_cost_source_yoy,0.030326905445000784,24044,,,,,,FUNDAMENTAL::growth::stock-session cross-section::SLOW_TEMPORAL_CHANGE
fund_ca_netcash_invest_yoy,fund_pr_operate_cost_yoy,0.07199619003665743,24044,,,,,,FUNDAMENTAL::growth::stock-session cross-section::SLOW_TEMPORAL_CHANGE
fund_ca_netcash_invest_yoy,fund_pr_operate_income_source_yoy,0.025096292897024895,24692,,,,,,FUNDAMENTAL::growth::stock-session cross-section::SLOW_TEMPORAL_CHANGE
fund_ca_netcash_invest_yoy,fund_pr_operate_income_yoy,0.07914972309375103,24692,,,,,,FUNDAMENTAL::growth::stock-session cross-section::SLOW_TEMPORAL_CHANGE
fund_ca_netcash_invest_yoy,fund_pr_operate_profit_source_yoy,0.028644155170695764,24692,,,,,,FUNDAMENTAL::growth::stock-session cross-section::SLOW_TEMPORAL_CHANGE
fund_ca_netcash_invest_yoy,fund_pr_operate_profit_yoy,0.08449101129798606,24692,,,,,,FUNDAMENTAL::growth::stock-session cross-section::SLOW_TEMPORAL_CHANGE
fund_ca_netcash_invest_yoy,fund_pr_parent_netprofit_source_yoy,0.028750286174150545,24692,,,,,,FUNDAMENTAL::growth::stock-session cross-section::SLOW_TEMPORAL_CHANGE
fund_ca_netcash_invest_yoy,fund_pr_parent_netprofit_yoy,0.08347099845361931,24692,,,,,,FUNDAMENTAL::growth::stock-session cross-section::SLOW_TEMPORAL_CHANGE
fund_ca_netcash_invest_yoy_at_disclosure,fund_ca_netcash_operate_source_yoy_at_disclosure,0.0,0,,,,,,FUNDAMENTAL::growth::disclosure episode::DISCLOSURE_EVENT
fund_ca_netcash_invest_yoy_at_disclosure,fund_ca_netcash_operate_yoy_at_disclosure,0.0,0,,,,,,FUNDAMENTAL::growth::disclosure episode::DISCLOSURE_EVENT
fund_ca_netcash_invest_yoy_at_disclosure,fund_pr_deduct_parent_netprofit_source_yoy_at_disclosure,0.0,0,,,,,,FUNDAMENTAL::growth::disclosure episode::DISCLOSURE_EVENT
fund_ca_netcash_invest_yoy_at_disclosure,fund_pr_deduct_parent_netprofit_yoy_at_disclosure,0.0,0,,,,,,FUNDAMENTAL::growth::disclosure episode::DISCLOSURE_EVENT
fund_ca_netcash_invest_yoy_at_disclosure,fund_pr_operate_cost_source_yoy_at_disclosure,0.0,0,,,,,,FUNDAMENTAL::growth::disclosure episode::DISCLOSURE_EVENT
fund_ca_netcash_invest_yoy_at_disclosure,fund_pr_operate_cost_yoy_at_disclosure,0.0,0,,,,,,FUNDAMENTAL::growth::disclosure episode::DISCLOSURE_EVENT
fund_ca_netcash_invest_yoy_at_disclosure,fund_pr_operate_income_source_yoy_at_disclosure,0.0,0,,,,,,FUNDAMENTAL::growth::disclosure episode::DISCLOSURE_EVENT
fund_ca_netcash_invest_yoy_at_disclosure,fund_pr_operate_income_yoy_at_disclosure,0.0,0,,,,,,FUNDAMENTAL::growth::disclosure episode::DISCLOSURE_EVENT
fund_ca_netcash_invest_yoy_at_disclosure,fund_pr_operate_profit_source_yoy_at_disclosure,0.0,0,,,,,,FUNDAMENTAL::growth::disclosure episode::DISCLOSURE_EVENT
fund_ca_netcash_invest_yoy_at_disclosure,fund_pr_operate_profit_yoy_at_disclosure,0.0,0,,,,,,FUNDAMENTAL::growth::disclosure episode::DISCLOSURE_EVENT
fund_ca_netcash_invest_yoy_at_disclosure,fund_pr_parent_netprofit_source_yoy_at_disclosure,0.0,0,,,,,,FUNDAMENTAL::growth::disclosure episode::DISCLOSURE_EVENT
fund_ca_netcash_invest_yoy_at_disclosure,fund_pr_parent_netprofit_yoy_at_disclosure,0.0,0,,,,,,FUNDAMENTAL::growth::disclosure episode::DISCLOSURE_EVENT
fund_ca_netcash_operate_acceleration,fund_ca_netcash_operate_delta,0.3074724355095797,25298,,,,,,FUNDAMENTAL::cashflow_quality::stock-session cross-section::SLOW_TEMPORAL_CHANGE
fund_ca_netcash_operate_acceleration,fund_ca_netcash_operate_persistence,0.07990498477383272,25298,,,,,,FUNDAMENTAL::cashflow_quality::stock-session cross-section::SLOW_TEMPORAL_CHANGE
fund_ca_netcash_operate_acceleration,fund_ca_netcash_operate_slope,0.3012258308413292,25298,,,,,,FUNDAMENTAL::cashflow_quality::stock-session cross-section::SLOW_TEMPORAL_CHANGE
fund_ca_netcash_operate_acceleration_at_disclosure,fund_ca_netcash_operate_delta_at_disclosure,0.9234646628150619,17,,,,,,FUNDAMENTAL::cashflow_quality::disclosure episode::DISCLOSURE_EVENT
fund_ca_netcash_operate_acceleration_at_disclosure,fund_ca_netcash_operate_persistence_at_disclosure,1.2703903994307725e-08,17,,,,,,FUNDAMENTAL::cashflow_quality::disclosure episode::DISCLOSURE_EVENT
fund_ca_netcash_operate_acceleration_at_disclosure,fund_ca_netcash_operate_slope_at_disclosure,0.9234646628150619,17,,,,,,FUNDAMENTAL::cashflow_quality::disclosure episode::DISCLOSURE_EVENT
fund_ca_netcash_operate_acceleration_at_disclosure,fund_cashflow_cfo_profit_at_disclosure,0.9234646628150619,17,,,,,,FUNDAMENTAL::cashflow_quality::disclosure episode::DISCLOSURE_EVENT
fund_ca_netcash_operate_acceleration_at_disclosure,fund_cashflow_cfo_revenue_at_disclosure,0.9610159013690787,14,,,,,,FUNDAMENTAL::cashflow_quality::disclosure episode::DISCLOSURE_EVENT
fund_ca_netcash_operate_delta,fund_ca_netcash_operate_persistence,0.08267783597525927,25500,,,,,,FUNDAMENTAL::cashflow_quality::stock-session cross-section::SLOW_TEMPORAL_CHANGE
fund_ca_netcash_operate_delta,fund_ca_netcash_operate_slope,0.9300858181168538,25500,,,,,,FUNDAMENTAL::cashflow_quality::stock-session cross-section::SLOW_TEMPORAL_CHANGE
fund_ca_netcash_operate_delta_at_disclosure,fund_ca_netcash_operate_persistence_at_disclosure,1.2790690762940109e-08,21,,,,,,FUNDAMENTAL::cashflow_quality::disclosure episode::DISCLOSURE_EVENT
fund_ca_netcash_operate_delta_at_disclosure,fund_ca_netcash_operate_slope_at_disclosure,0.9513610786692875,21,,,,,,FUNDAMENTAL::cashflow_quality::disclosure episode::DISCLOSURE_EVENT
fund_ca_netcash_operate_delta_at_disclosure,fund_cashflow_cfo_profit_at_disclosure,0.8507104763980884,21,,,,,,FUNDAMENTAL::cashflow_quality::disclosure episode::DISCLOSURE_EVENT
fund_ca_netcash_operate_delta_at_disclosure,fund_cashflow_cfo_revenue_at_disclosure,0.9225757662764622,17,,,,,,FUNDAMENTAL::cashflow_quality::disclosure episode::DISCLOSURE_EVENT
fund_ca_netcash_operate_persistence,fund_ca_netcash_operate_slope,0.08268153067311844,25500,,,,,,FUNDAMENTAL::cashflow_quality::stock-session cross-section::SLOW_TEMPORAL_CHANGE
fund_ca_netcash_operate_persistence_at_disclosure,fund_ca_netcash_operate_slope_at_disclosure,1.2790690762940109e-08,21,,,,,,FUNDAMENTAL::cashflow_quality::disclosure episode::DISCLOSURE_EVENT
fund_ca_netcash_operate_persistence_at_disclosure,fund_cashflow_cfo_profit_at_disclosure,1.3113581185090799e-08,21,,,,,,FUNDAMENTAL::cashflow_quality::disclosure episode::DISCLOSURE_EVENT
fund_ca_netcash_operate_persistence_at_disclosure,fund_cashflow_cfo_revenue_at_disclosure,9.119157818970598e-09,17,,,,,,FUNDAMENTAL::cashflow_quality::disclosure episode::DISCLOSURE_EVENT
fund_ca_netcash_operate_slope_at_disclosure,fund_cashflow_cfo_profit_at_disclosure,0.8507104763980884,21,,,,,,FUNDAMENTAL::cashflow_quality::disclosure episode::DISCLOSURE_EVENT
fund_ca_netcash_operate_slope_at_disclosure,fund_cashflow_cfo_revenue_at_disclosure,0.9225757662764622,17,,,,,,FUNDAMENTAL::cashflow_quality::disclosure episode::DISCLOSURE_EVENT
fund_ca_netcash_operate_source_yoy,fund_ca_netcash_operate_yoy,0.27683726075185566,24997,,,,,,FUNDAMENTAL::growth::stock-session cross-section::SLOW_TEMPORAL_CHANGE
fund_ca_netcash_operate_source_yoy,fund_pr_deduct_parent_netprofit_source_yoy,0.036919244098432724,24604,,,,,,FUNDAMENTAL::growth::stock-session cross-section::SLOW_TEMPORAL_CHANGE
fund_ca_netcash_operate_source_yoy,fund_pr_deduct_parent_netprofit_yoy,0.03657682872337929,24604,,,,,,FUNDAMENTAL::growth::stock-session cross-section::SLOW_TEMPORAL_CHANGE
fund_ca_netcash_operate_source_yoy,fund_pr_operate_cost_source_yoy,0.03728885904141434,24044,,,,,,FUNDAMENTAL::growth::stock-session cross-section::SLOW_TEMPORAL_CHANGE
fund_ca_netcash_operate_source_yoy,fund_pr_operate_cost_yoy,0.029411803355591515,24044,,,,,,FUNDAMENTAL::growth::stock-session cross-section::SLOW_TEMPORAL_CHANGE
fund_ca_netcash_operate_source_yoy,fund_pr_operate_income_source_yoy,0.033339597027359516,24692,,,,,,FUNDAMENTAL::growth::stock-session cross-section::SLOW_TEMPORAL_CHANGE
fund_ca_netcash_operate_source_yoy,fund_pr_operate_income_yoy,0.031175406729012516,24692,,,,,,FUNDAMENTAL::growth::stock-session cross-section::SLOW_TEMPORAL_CHANGE
fund_ca_netcash_operate_source_yoy,fund_pr_operate_profit_source_yoy,0.04154070020557994,24888,,,,,,FUNDAMENTAL::growth::stock-session cross-section::SLOW_TEMPORAL_CHANGE
fund_ca_netcash_operate_source_yoy,fund_pr_operate_profit_yoy,0.034718391625392676,24982,,,,,,FUNDAMENTAL::growth::stock-session cross-section::SLOW_TEMPORAL_CHANGE
fund_ca_netcash_operate_source_yoy,fund_pr_parent_netprofit_source_yoy,0.04025844536843428,24888,,,,,,FUNDAMENTAL::growth::stock-session cross-section::SLOW_TEMPORAL_CHANGE
fund_ca_netcash_operate_source_yoy,fund_pr_parent_netprofit_yoy,0.03436466148486974,24997,,,,,,FUNDAMENTAL::growth::stock-session cross-section::SLOW_TEMPORAL_CHANGE
fund_ca_netcash_operate_source_yoy_at_disclosure,fund_ca_netcash_operate_yoy_at_disclosure,1.0,9,,,,,,FUNDAMENTAL::growth::disclosure episode::DISCLOSURE_EVENT
fund_ca_netcash_operate_source_yoy_at_disclosure,fund_pr_deduct_parent_netprofit_source_yoy_at_disclosure,0.9534625892455924,8,,,,,,FUNDAMENTAL::growth::disclosure episode::DISCLOSURE_EVENT
fund_ca_netcash_operate_source_yoy_at_disclosure,fund_pr_deduct_parent_netprofit_yoy_at_disclosure,0.8790039100220898,8,,,,,,FUNDAMENTAL::growth::disclosure episode::DISCLOSURE_EVENT
fund_ca_netcash_operate_source_yoy_at_disclosure,fund_pr_operate_cost_source_yoy_at_disclosure,0.0,0,,,,,,FUNDAMENTAL::growth::disclosure episode::DISCLOSURE_EVENT
fund_ca_netcash_operate_source_yoy_at_disclosure,fund_pr_operate_cost_yoy_at_disclosure,0.0,0,,,,,,FUNDAMENTAL::growth::disclosure episode::DISCLOSURE_EVENT
fund_ca_netcash_operate_source_yoy_at_disclosure,fund_pr_operate_income_source_yoy_at_disclosure,0.0,0,,,,,,FUNDAMENTAL::growth::disclosure episode::DISCLOSURE_EVENT
fund_ca_netcash_operate_source_yoy_at_disclosure,fund_pr_operate_income_yoy_at_disclosure,0.0,0,,,,,,FUNDAMENTAL::growth::disclosure episode::DISCLOSURE_EVENT
fund_ca_netcash_operate_source_yoy_at_disclosure,fund_pr_operate_profit_source_yoy_at_disclosure,0.844582997747351,5,,,,,,FUNDAMENTAL::growth::disclosure episode::DISCLOSURE_EVENT
fund_ca_netcash_operate_source_yoy_at_disclosure,fund_pr_operate_profit_yoy_at_disclosure,0.918464939457502,9,,,,,,FUNDAMENTAL::growth::disclosure episode::DISCLOSURE_EVENT
fund_ca_netcash_operate_source_yoy_at_disclosure,fund_pr_parent_netprofit_source_yoy_at_disclosure,1.0,5,,,,,,FUNDAMENTAL::growth::disclosure episode::DISCLOSURE_EVENT
fund_ca_netcash_operate_source_yoy_at_disclosure,fund_pr_parent_netprofit_yoy_at_disclosure,0.9615673283089692,9,,,,,,FUNDAMENTAL::growth::disclosure episode::DISCLOSURE_EVENT
fund_ca_netcash_operate_yoy,fund_pr_deduct_parent_netprofit_source_yoy,0.03991628887488724,24604,,,,,,FUNDAMENTAL::growth::stock-session cross-section::SLOW_TEMPORAL_CHANGE
fund_ca_netcash_operate_yoy,fund_pr_deduct_parent_netprofit_yoy,0.1341801647031921,24604,,,,,,FUNDAMENTAL::growth::stock-session cross-section::SLOW_TEMPORAL_CHANGE
fund_ca_netcash_operate_yoy,fund_pr_operate_cost_source_yoy,0.03202907373504805,24044,,,,,,FUNDAMENTAL::growth::stock-session cross-section::SLOW_TEMPORAL_CHANGE
fund_ca_netcash_operate_yoy,fund_pr_operate_cost_yoy,0.11583903511852428,24044,,,,,,FUNDAMENTAL::growth::stock-session cross-section::SLOW_TEMPORAL_CHANGE
fund_ca_netcash_operate_yoy,fund_pr_operate_income_source_yoy,0.03311653958886666,24692,,,,,,FUNDAMENTAL::growth::stock-session cross-section::SLOW_TEMPORAL_CHANGE
fund_ca_netcash_operate_yoy,fund_pr_operate_income_yoy,0.1276355740484832,24692,,,,,,FUNDAMENTAL::growth::stock-session cross-section::SLOW_TEMPORAL_CHANGE
fund_ca_netcash_operate_yoy,fund_pr_operate_profit_source_yoy,0.03997299791492193,24888,,,,,,FUNDAMENTAL::growth::stock-session cross-section::SLOW_TEMPORAL_CHANGE
fund_ca_netcash_operate_yoy,fund_pr_operate_profit_yoy,0.13611178564214582,24982,,,,,,FUNDAMENTAL::growth::stock-session cross-section::SLOW_TEMPORAL_CHANGE
fund_ca_netcash_operate_yoy,fund_pr_parent_netprofit_source_yoy,0.039147656164419384,24888,,,,,,FUNDAMENTAL::growth::stock-session cross-section::SLOW_TEMPORAL_CHANGE
fund_ca_netcash_operate_yoy,fund_pr_parent_netprofit_yoy,0.1342368363326784,24997,,,,,,FUNDAMENTAL::growth::stock-session cross-section::SLOW_TEMPORAL_CHANGE
fund_ca_netcash_operate_yoy_at_disclosure,fund_pr_deduct_parent_netprofit_source_yoy_at_disclosure,0.9534625892455924,8,,,,,,FUNDAMENTAL::growth::disclosure episode::DISCLOSURE_EVENT
fund_ca_netcash_operate_yoy_at_disclosure,fund_pr_deduct_parent_netprofit_yoy_at_disclosure,0.8790039100220898,8,,,,,,FUNDAMENTAL::growth::disclosure episode::DISCLOSURE_EVENT
fund_ca_netcash_operate_yoy_at_disclosure,fund_pr_operate_cost_source_yoy_at_disclosure,0.0,0,,,,,,FUNDAMENTAL::growth::disclosure episode::DISCLOSURE_EVENT
fund_ca_netcash_operate_yoy_at_disclosure,fund_pr_operate_cost_yoy_at_disclosure,0.0,0,,,,,,FUNDAMENTAL::growth::disclosure episode::DISCLOSURE_EVENT
fund_ca_netcash_operate_yoy_at_disclosure,fund_pr_operate_income_source_yoy_at_disclosure,0.0,0,,,,,,FUNDAMENTAL::growth::disclosure episode::DISCLOSURE_EVENT
fund_ca_netcash_operate_yoy_at_disclosure,fund_pr_operate_income_yoy_at_disclosure,0.0,0,,,,,,FUNDAMENTAL::growth::disclosure episode::DISCLOSURE_EVENT
fund_ca_netcash_operate_yoy_at_disclosure,fund_pr_operate_profit_source_yoy_at_disclosure,0.844582997747351,5,,,,,,FUNDAMENTAL::growth::disclosure episode::DISCLOSURE_EVENT
fund_ca_netcash_operate_yoy_at_disclosure,fund_pr_operate_profit_yoy_at_disclosure,0.918464939457502,9,,,,,,FUNDAMENTAL::growth::disclosure episode::DISCLOSURE_EVENT
fund_ca_netcash_operate_yoy_at_disclosure,fund_pr_parent_netprofit_source_yoy_at_disclosure,1.0,5,,,,,,FUNDAMENTAL::growth::disclosure episode::DISCLOSURE_EVENT
fund_ca_netcash_operate_yoy_at_disclosure,fund_pr_parent_netprofit_yoy_at_disclosure,0.9615673283089692,9,,,,,,FUNDAMENTAL::growth::disclosure episode::DISCLOSURE_EVENT
fund_cashflow_cfo_profit,fund_cashflow_cfo_revenue,0.19623732601051583,25282,,,,,,FUNDAMENTAL::cashflow_quality::stock-session cross-section::SLOW_CROSS_SECTIONAL_LEVEL
fund_cashflow_cfo_profit_at_disclosure,fund_cashflow_cfo_revenue_at_disclosure,0.9274354006386616,18,,,,,,FUNDAMENTAL::cashflow_quality::disclosure episode::DISCLOSURE_EVENT
fund_disclosure_balance_age_sessions,fund_disclosure_cashflow_age_sessions,0.7142598271783797,25608,,,,,,FUNDAMENTAL::disclosure_timing_staleness::stock-session cross-section::SLOW_CROSS_SECTIONAL_LEVEL
fund_disclosure_balance_age_sessions,fund_disclosure_holder_age_sessions,0.6308560260792517,25752,,,,,,FUNDAMENTAL::disclosure_timing_staleness::stock-session cross-section::SLOW_CROSS_SECTIONAL_LEVEL
fund_disclosure_balance_age_sessions,fund_disclosure_profit_age_sessions,0.7086023284623143,25680,,,,,,FUNDAMENTAL::disclosure_timing_staleness::stock-session cross-section::SLOW_CROSS_SECTIONAL_LEVEL
fund_disclosure_balance_pulse,fund_disclosure_cashflow_pulse,0.0,40000,,,,,,FUNDAMENTAL::disclosure_timing_staleness::disclosure episode::DISCLOSURE_EVENT
fund_disclosure_balance_pulse,fund_disclosure_holder_pulse,0.0,40000,,,,,,FUNDAMENTAL::disclosure_timing_staleness::disclosure episode::DISCLOSURE_EVENT
fund_disclosure_balance_pulse,fund_disclosure_profit_pulse,0.0,40000,,,,,,FUNDAMENTAL::disclosure_timing_staleness::disclosure episode::DISCLOSURE_EVENT
fund_disclosure_cashflow_age_sessions,fund_disclosure_holder_age_sessions,0.6256015093510631,25608,,,,,,FUNDAMENTAL::disclosure_timing_staleness::stock-session cross-section::SLOW_CROSS_SECTIONAL_LEVEL
fund_disclosure_cashflow_age_sessions,fund_disclosure_profit_age_sessions,0.986277700073109,25608,,,,,,FUNDAMENTAL::disclosure_timing_staleness::stock-session cross-section::SLOW_CROSS_SECTIONAL_LEVEL
fund_disclosure_cashflow_pulse,fund_disclosure_holder_pulse,0.0,40000,,,,,,FUNDAMENTAL::disclosure_timing_staleness::disclosure episode::DISCLOSURE_EVENT
fund_disclosure_cashflow_pulse,fund_disclosure_profit_pulse,0.0,40000,,,,,,FUNDAMENTAL::disclosure_timing_staleness::disclosure episode::DISCLOSURE_EVENT
fund_disclosure_holder_age_sessions,fund_disclosure_profit_age_sessions,0.6256323677546493,25680,,,,,,FUNDAMENTAL::disclosure_timing_staleness::stock-session cross-section::SLOW_CROSS_SECTIONAL_LEVEL
fund_disclosure_holder_pulse,fund_disclosure_profit_pulse,0.0,40000,,,,,,FUNDAMENTAL::disclosure_timing_staleness::disclosure episode::DISCLOSURE_EVENT
fund_efficiency_fixed_asset_intensity,fund_efficiency_revenue_assets,0.053282306708772015,25297,,,,,,FUNDAMENTAL::operating_efficiency::stock-session cross-section::SLOW_CROSS_SECTIONAL_LEVEL
fund_efficiency_fixed_asset_intensity_at_disclosure,fund_efficiency_revenue_assets_at_disclosure,0.9842509842514764,16,,,,,,FUNDAMENTAL::operating_efficiency::disclosure episode::DISCLOSURE_EVENT
fund_holder_average_shares_log,fund_holder_count_log,0.07826629630443,22930,,,,,,FUNDAMENTAL::shareholder_structure::stock-session cross-section::SLOW_CROSS_SECTIONAL_LEVEL
fund_holder_average_shares_log,fund_holder_top10_share_ratio,0.10654218131902611,22930,,,,,,FUNDAMENTAL::shareholder_structure::stock-session cross-section::SLOW_CROSS_SECTIONAL_LEVEL
fund_holder_average_shares_log,fund_holder_top10_shares_log,0.17147346612188563,22930,,,,,,FUNDAMENTAL::shareholder_structure::stock-session cross-section::SLOW_CROSS_SECTIONAL_LEVEL
fund_holder_average_shares_log_at_disclosure,fund_holder_average_shares_log_change_at_disclosure,0.04223025877397317,1266,,,,,,FUNDAMENTAL::shareholder_structure::disclosure episode::DISCLOSURE_EVENT
fund_holder_average_shares_log_at_disclosure,fund_holder_count_log_at_disclosure,0.07747788840105002,1728,,,,,,FUNDAMENTAL::shareholder_structure::disclosure episode::DISCLOSURE_EVENT
fund_holder_average_shares_log_at_disclosure,fund_holder_count_log_change_at_disclosure,0.04105452514721737,1266,,,,,,FUNDAMENTAL::shareholder_structure::disclosure episode::DISCLOSURE_EVENT
fund_holder_average_shares_log_at_disclosure,fund_holder_top10_share_ratio_at_disclosure,0.10264711776310573,1728,,,,,,FUNDAMENTAL::shareholder_structure::disclosure episode::DISCLOSURE_EVENT
fund_holder_average_shares_log_at_disclosure,fund_holder_top10_share_ratio_change_at_disclosure,0.03277032652517098,1446,,,,,,FUNDAMENTAL::shareholder_structure::disclosure episode::DISCLOSURE_EVENT
fund_holder_average_shares_log_at_disclosure,fund_holder_top10_shares_log_at_disclosure,0.1722739970740945,1728,,,,,,FUNDAMENTAL::shareholder_structure::disclosure episode::DISCLOSURE_EVENT
fund_holder_average_shares_log_at_disclosure,fund_holder_top10_shares_log_change_at_disclosure,0.035982590975850805,1446,,,,,,FUNDAMENTAL::shareholder_structure::disclosure episode::DISCLOSURE_EVENT
fund_holder_average_shares_log_change,fund_holder_count_log_change,0.0039040398922505007,22396,,,,,,FUNDAMENTAL::shareholder_structure::stock-session cross-section::SLOW_TEMPORAL_CHANGE
fund_holder_average_shares_log_change,fund_holder_top10_share_ratio_change,0.3836906833178403,22396,,,,,,FUNDAMENTAL::shareholder_structure::stock-session cross-section::SLOW_TEMPORAL_CHANGE
fund_holder_average_shares_log_change,fund_holder_top10_shares_log_change,0.3727017376521748,22396,,,,,,FUNDAMENTAL::shareholder_structure::stock-session cross-section::SLOW_TEMPORAL_CHANGE
fund_holder_average_shares_log_change_at_disclosure,fund_holder_count_log_at_disclosure,0.04197404500346229,1266,,,,,,FUNDAMENTAL::shareholder_structure::disclosure episode::DISCLOSURE_EVENT
fund_holder_average_shares_log_change_at_disclosure,fund_holder_count_log_change_at_disclosure,0.8141926863559266,1266,,,,,,FUNDAMENTAL::shareholder_structure::disclosure episode::DISCLOSURE_EVENT
fund_holder_average_shares_log_change_at_disclosure,fund_holder_top10_share_ratio_at_disclosure,0.03397297318419642,1266,,,,,,FUNDAMENTAL::shareholder_structure::disclosure episode::DISCLOSURE_EVENT
fund_holder_average_shares_log_change_at_disclosure,fund_holder_top10_share_ratio_change_at_disclosure,0.05719655091800721,1266,,,,,,FUNDAMENTAL::shareholder_structure::disclosure episode::DISCLOSURE_EVENT
fund_holder_average_shares_log_change_at_disclosure,fund_holder_top10_shares_log_at_disclosure,0.042276879960700085,1266,,,,,,FUNDAMENTAL::shareholder_structure::disclosure episode::DISCLOSURE_EVENT
fund_holder_average_shares_log_change_at_disclosure,fund_holder_top10_shares_log_change_at_disclosure,0.057432037966823946,1266,,,,,,FUNDAMENTAL::shareholder_structure::disclosure episode::DISCLOSURE_EVENT
fund_holder_count_log,fund_holder_top10_share_ratio,0.09160328372985836,22930,,,,,,FUNDAMENTAL::shareholder_structure::stock-session cross-section::SLOW_CROSS_SECTIONAL_LEVEL
fund_holder_count_log,fund_holder_top10_shares_log,0.18899274571831315,22930,,,,,,FUNDAMENTAL::shareholder_structure::stock-session cross-section::SLOW_CROSS_SECTIONAL_LEVEL
fund_holder_count_log_at_disclosure,fund_holder_count_log_change_at_disclosure,0.039481652959956634,1266,,,,,,FUNDAMENTAL::shareholder_structure::disclosure episode::DISCLOSURE_EVENT
fund_holder_count_log_at_disclosure,fund_holder_top10_share_ratio_at_disclosure,0.08785836025168493,1728,,,,,,FUNDAMENTAL::shareholder_structure::disclosure episode::DISCLOSURE_EVENT
fund_holder_count_log_at_disclosure,fund_holder_top10_share_ratio_change_at_disclosure,0.03857255951078251,1446,,,,,,FUNDAMENTAL::shareholder_structure::disclosure episode::DISCLOSURE_EVENT
fund_holder_count_log_at_disclosure,fund_holder_top10_shares_log_at_disclosure,0.1810752942826509,1728,,,,,,FUNDAMENTAL::shareholder_structure::disclosure episode::DISCLOSURE_EVENT
fund_holder_count_log_at_disclosure,fund_holder_top10_shares_log_change_at_disclosure,0.035420858401608454,1446,,,,,,FUNDAMENTAL::shareholder_structure::disclosure episode::DISCLOSURE_EVENT
fund_holder_count_log_change,fund_holder_top10_share_ratio_change,0.22459953154794912,22396,,,,,,FUNDAMENTAL::shareholder_structure::stock-session cross-section::SLOW_TEMPORAL_CHANGE
fund_holder_count_log_change,fund_holder_top10_shares_log_change,0.23821879038194865,22396,,,,,,FUNDAMENTAL::shareholder_structure::stock-session cross-section::SLOW_TEMPORAL_CHANGE
fund_holder_count_log_change_at_disclosure,fund_holder_top10_share_ratio_at_disclosure,0.03406555209851312,1266,,,,,,FUNDAMENTAL::shareholder_structure::disclosure episode::DISCLOSURE_EVENT
fund_holder_count_log_change_at_disclosure,fund_holder_top10_share_ratio_change_at_disclosure,0.06458213930073349,1266,,,,,,FUNDAMENTAL::shareholder_structure::disclosure episode::DISCLOSURE_EVENT
fund_holder_count_log_change_at_disclosure,fund_holder_top10_shares_log_at_disclosure,0.0389854161121821,1266,,,,,,FUNDAMENTAL::shareholder_structure::disclosure episode::DISCLOSURE_EVENT
fund_holder_count_log_change_at_disclosure,fund_holder_top10_shares_log_change_at_disclosure,0.056661754566213834,1266,,,,,,FUNDAMENTAL::shareholder_structure::disclosure episode::DISCLOSURE_EVENT
fund_holder_top10_share_ratio,fund_holder_top10_shares_log,0.11137034295791638,25850,,,,,,FUNDAMENTAL::shareholder_structure::stock-session cross-section::SLOW_CROSS_SECTIONAL_LEVEL
fund_holder_top10_share_ratio_at_disclosure,fund_holder_top10_share_ratio_change_at_disclosure,0.045816251791106724,1723,,,,,,FUNDAMENTAL::shareholder_structure::disclosure episode::DISCLOSURE_EVENT
fund_holder_top10_share_ratio_at_disclosure,fund_holder_top10_shares_log_at_disclosure,0.12236491250000942,2083,,,,,,FUNDAMENTAL::shareholder_structure::disclosure episode::DISCLOSURE_EVENT
fund_holder_top10_share_ratio_at_disclosure,fund_holder_top10_shares_log_change_at_disclosure,0.04214433733623585,1723,,,,,,FUNDAMENTAL::shareholder_structure::disclosure episode::DISCLOSURE_EVENT
fund_holder_top10_share_ratio_change,fund_holder_top10_shares_log_change,0.8886453179292599,25490,,,,,,FUNDAMENTAL::shareholder_structure::stock-session cross-section::SLOW_TEMPORAL_CHANGE
fund_holder_top10_share_ratio_change_at_disclosure,fund_holder_top10_shares_log_at_disclosure,0.036669826646272136,1723,,,,,,FUNDAMENTAL::shareholder_structure::disclosure episode::DISCLOSURE_EVENT
fund_holder_top10_share_ratio_change_at_disclosure,fund_holder_top10_shares_log_change_at_disclosure,0.7058700035357746,1723,,,,,,FUNDAMENTAL::shareholder_structure::disclosure episode::DISCLOSURE_EVENT
fund_holder_top10_shares_log_at_disclosure,fund_holder_top10_shares_log_change_at_disclosure,0.03650251870168046,1723,,,,,,FUNDAMENTAL::shareholder_structure::disclosure episode::DISCLOSURE_EVENT
fund_leverage_equity_assets,fund_leverage_liabilities_assets,0.9769501120467464,25574,,,,,,FUNDAMENTAL::leverage::stock-session cross-section::SLOW_CROSS_SECTIONAL_LEVEL
fund_leverage_equity_assets_at_disclosure,fund_leverage_liabilities_assets_at_disclosure,0.9836624417749936,1384,,,,,,FUNDAMENTAL::leverage::disclosure episode::DISCLOSURE_EVENT
fund_liquidity_cash_current_liab,fund_liquidity_current_ratio,0.1939065641009522,24926,,,,,,FUNDAMENTAL::liquidity_solvency::stock-session cross-section::SLOW_CROSS_SECTIONAL_LEVEL
fund_liquidity_cash_current_liab_at_disclosure,fund_liquidity_current_ratio_at_disclosure,0.20830102223114638,1348,,,,,,FUNDAMENTAL::liquidity_solvency::disclosure episode::DISCLOSURE_EVENT
fund_pr_deduct_parent_netprofit_acceleration,fund_pr_deduct_parent_netprofit_delta,0.29839669951240466,24940,,,,,,FUNDAMENTAL::profitability::stock-session cross-section::SLOW_TEMPORAL_CHANGE
fund_pr_deduct_parent_netprofit_acceleration,fund_pr_deduct_parent_netprofit_persistence,0.1265927983589488,24940,,,,,,FUNDAMENTAL::profitability::stock-session cross-section::SLOW_TEMPORAL_CHANGE
fund_pr_deduct_parent_netprofit_acceleration,fund_pr_deduct_parent_netprofit_slope,0.29086970664196876,24940,,,,,,FUNDAMENTAL::profitability::stock-session cross-section::SLOW_TEMPORAL_CHANGE
fund_pr_deduct_parent_netprofit_acceleration,fund_pr_operate_cost_acceleration,0.2066446414675217,24019,,,,,,FUNDAMENTAL::profitability::stock-session cross-section::SLOW_TEMPORAL_CHANGE
fund_pr_deduct_parent_netprofit_acceleration,fund_pr_operate_cost_delta,0.15028215257892394,24080,,,,,,FUNDAMENTAL::profitability::stock-session cross-section::SLOW_TEMPORAL_CHANGE
fund_pr_deduct_parent_netprofit_acceleration,fund_pr_operate_cost_persistence,0.13369729088647023,24080,,,,,,FUNDAMENTAL::profitability::stock-session cross-section::SLOW_TEMPORAL_CHANGE
fund_pr_deduct_parent_netprofit_acceleration,fund_pr_operate_cost_slope,0.14969072599140223,24080,,,,,,FUNDAMENTAL::profitability::stock-session cross-section::SLOW_TEMPORAL_CHANGE
fund_pr_deduct_parent_netprofit_acceleration,fund_pr_operate_income_acceleration,0.24128279779707476,24667,,,,,,FUNDAMENTAL::profitability::stock-session cross-section::SLOW_TEMPORAL_CHANGE
fund_pr_deduct_parent_netprofit_acceleration,fund_pr_operate_income_delta,0.16599536374585486,24728,,,,,,FUNDAMENTAL::profitability::stock-session cross-section::SLOW_TEMPORAL_CHANGE
fund_pr_deduct_parent_netprofit_acceleration,fund_pr_operate_income_persistence,0.1273920058165578,24728,,,,,,FUNDAMENTAL::profitability::stock-session cross-section::SLOW_TEMPORAL_CHANGE
fund_pr_deduct_parent_netprofit_acceleration,fund_pr_operate_income_slope,0.16598807696027987,24728,,,,,,FUNDAMENTAL::profitability::stock-session cross-section::SLOW_TEMPORAL_CHANGE
fund_pr_deduct_parent_netprofit_acceleration,fund_pr_operate_profit_acceleration,0.5360981281917204,24801,,,,,,FUNDAMENTAL::profitability::stock-session cross-section::SLOW_TEMPORAL_CHANGE
fund_pr_deduct_parent_netprofit_acceleration,fund_pr_operate_profit_delta,0.2667506800420164,24824,,,,,,FUNDAMENTAL::profitability::stock-session cross-section::SLOW_TEMPORAL_CHANGE
fund_pr_deduct_parent_netprofit_acceleration,fund_pr_operate_profit_persistence,0.10615032854955234,24824,,,,,,FUNDAMENTAL::profitability::stock-session cross-section::SLOW_TEMPORAL_CHANGE
fund_pr_deduct_parent_netprofit_acceleration,fund_pr_operate_profit_slope,0.2625712250182226,24824,,,,,,FUNDAMENTAL::profitability::stock-session cross-section::SLOW_TEMPORAL_CHANGE
fund_pr_deduct_parent_netprofit_acceleration,fund_pr_parent_netprofit_acceleration,0.5902838858206839,24940,,,,,,FUNDAMENTAL::profitability::stock-session cross-section::SLOW_TEMPORAL_CHANGE
fund_pr_deduct_parent_netprofit_acceleration,fund_pr_parent_netprofit_delta,0.2742102194707233,24940,,,,,,FUNDAMENTAL::profitability::stock-session cross-section::SLOW_TEMPORAL_CHANGE
fund_pr_deduct_parent_netprofit_acceleration,fund_pr_parent_netprofit_persistence,0.1077050139960845,24940,,,,,,FUNDAMENTAL::profitability::stock-session cross-section::SLOW_TEMPORAL_CHANGE
fund_pr_deduct_parent_netprofit_acceleration,fund_pr_parent_netprofit_slope,0.26968083797505027,24940,,,,,,FUNDAMENTAL::profitability::stock-session cross-section::SLOW_TEMPORAL_CHANGE
fund_pr_deduct_parent_netprofit_acceleration_at_disclosure,fund_pr_deduct_parent_netprofit_delta_at_disclosure,0.9827880052985443,15,,,,,,FUNDAMENTAL::profitability::disclosure episode::DISCLOSURE_EVENT
fund_pr_deduct_parent_netprofit_acceleration_at_disclosure,fund_pr_deduct_parent_netprofit_persistence_at_disclosure,1.2805801189616205e-08,15,,,,,,FUNDAMENTAL::profitability::disclosure episode::DISCLOSURE_EVENT
fund_pr_deduct_parent_netprofit_acceleration_at_disclosure,fund_pr_deduct_parent_netprofit_slope_at_disclosure,0.9827880052985443,15,,,,,,FUNDAMENTAL::profitability::disclosure episode::DISCLOSURE_EVENT
fund_pr_deduct_parent_netprofit_acceleration_at_disclosure,fund_pr_operate_cost_acceleration_at_disclosure,1.0,6,,,,,,FUNDAMENTAL::profitability::disclosure episode::DISCLOSURE_EVENT
fund_pr_deduct_parent_netprofit_acceleration_at_disclosure,fund_pr_operate_cost_delta_at_disclosure,1.0,8,,,,,,FUNDAMENTAL::profitability::disclosure episode::DISCLOSURE_EVENT
fund_pr_deduct_parent_netprofit_acceleration_at_disclosure,fund_pr_operate_cost_persistence_at_disclosure,0.0,8,,,,,,FUNDAMENTAL::profitability::disclosure episode::DISCLOSURE_EVENT
fund_pr_deduct_parent_netprofit_acceleration_at_disclosure,fund_pr_operate_cost_slope_at_disclosure,1.0,8,,,,,,FUNDAMENTAL::profitability::disclosure episode::DISCLOSURE_EVENT
fund_pr_deduct_parent_netprofit_acceleration_at_disclosure,fund_pr_operate_income_acceleration_at_disclosure,1.0,6,,,,,,FUNDAMENTAL::profitability::disclosure episode::DISCLOSURE_EVENT
fund_pr_deduct_parent_netprofit_acceleration_at_disclosure,fund_pr_operate_income_delta_at_disclosure,1.0,8,,,,,,FUNDAMENTAL::profitability::disclosure episode::DISCLOSURE_EVENT
fund_pr_deduct_parent_netprofit_acceleration_at_disclosure,fund_pr_operate_income_persistence_at_disclosure,0.0,8,,,,,,FUNDAMENTAL::profitability::disclosure episode::DISCLOSURE_EVENT
fund_pr_deduct_parent_netprofit_acceleration_at_disclosure,fund_pr_operate_income_slope_at_disclosure,1.0,8,,,,,,FUNDAMENTAL::profitability::disclosure episode::DISCLOSURE_EVENT
fund_pr_deduct_parent_netprofit_acceleration_at_disclosure,fund_pr_operate_profit_acceleration_at_disclosure,1.0,11,,,,,,FUNDAMENTAL::profitability::disclosure episode::DISCLOSURE_EVENT
fund_pr_deduct_parent_netprofit_acceleration_at_disclosure,fund_pr_operate_profit_delta_at_disclosure,0.9764781149919054,12,,,,,,FUNDAMENTAL::profitability::disclosure episode::DISCLOSURE_EVENT
fund_pr_deduct_parent_netprofit_acceleration_at_disclosure,fund_pr_operate_profit_persistence_at_disclosure,0.0,12,,,,,,FUNDAMENTAL::profitability::disclosure episode::DISCLOSURE_EVENT
fund_pr_deduct_parent_netprofit_acceleration_at_disclosure,fund_pr_operate_profit_slope_at_disclosure,0.9764781149919054,12,,,,,,FUNDAMENTAL::profitability::disclosure episode::DISCLOSURE_EVENT
fund_pr_deduct_parent_netprofit_acceleration_at_disclosure,fund_pr_parent_netprofit_acceleration_at_disclosure,0.965269147293843,15,,,,,,FUNDAMENTAL::profitability::disclosure episode::DISCLOSURE_EVENT
fund_pr_deduct_parent_netprofit_acceleration_at_disclosure,fund_pr_parent_netprofit_delta_at_disclosure,0.9292411169523037,15,,,,,,FUNDAMENTAL::profitability::disclosure episode::DISCLOSURE_EVENT
fund_pr_deduct_parent_netprofit_acceleration_at_disclosure,fund_pr_parent_netprofit_persistence_at_disclosure,1.2805801189616205e-08,15,,,,,,FUNDAMENTAL::profitability::disclosure episode::DISCLOSURE_EVENT
fund_pr_deduct_parent_netprofit_acceleration_at_disclosure,fund_pr_parent_netprofit_slope_at_disclosure,0.9292411169523037,15,,,,,,FUNDAMENTAL::profitability::disclosure episode::DISCLOSURE_EVENT
fund_pr_deduct_parent_netprofit_acceleration_at_disclosure,fund_profit_gross_margin_at_disclosure,0.9733667134494034,11,,,,,,FUNDAMENTAL::profitability::disclosure episode::DISCLOSURE_EVENT
fund_pr_deduct_parent_netprofit_acceleration_at_disclosure,fund_profit_operating_margin_at_disclosure,0.9733667134494034,11,,,,,,FUNDAMENTAL::profitability::disclosure episode::DISCLOSURE_EVENT
fund_pr_deduct_parent_netprofit_acceleration_at_disclosure,fund_profit_parent_margin_at_disclosure,0.9733667134494034,11,,,,,,FUNDAMENTAL::profitability::disclosure episode::DISCLOSURE_EVENT
fund_pr_deduct_parent_netprofit_delta,fund_pr_deduct_parent_netprofit_persistence,0.06845522589375776,25395,,,,,,FUNDAMENTAL::profitability::stock-session cross-section::SLOW_TEMPORAL_CHANGE
fund_pr_deduct_parent_netprofit_delta,fund_pr_deduct_parent_netprofit_slope,0.9309603918899253,25418,,,,,,FUNDAMENTAL::profitability::stock-session cross-section::SLOW_TEMPORAL_CHANGE
fund_pr_deduct_parent_netprofit_delta,fund_pr_operate_cost_acceleration,0.1594228689523529,24247,,,,,,FUNDAMENTAL::profitability::stock-session cross-section::SLOW_TEMPORAL_CHANGE
fund_pr_deduct_parent_netprofit_delta,fund_pr_operate_cost_delta,0.20879112925907548,24356,,,,,,FUNDAMENTAL::profitability::stock-session cross-section::SLOW_TEMPORAL_CHANGE
fund_pr_deduct_parent_netprofit_delta,fund_pr_operate_cost_persistence,0.1000881656729339,24356,,,,,,FUNDAMENTAL::profitability::stock-session cross-section::SLOW_TEMPORAL_CHANGE
fund_pr_deduct_parent_netprofit_delta,fund_pr_operate_cost_slope,0.20931220160171027,24356,,,,,,FUNDAMENTAL::profitability::stock-session cross-section::SLOW_TEMPORAL_CHANGE
fund_pr_deduct_parent_netprofit_delta,fund_pr_operate_income_acceleration,0.17666305076644312,24895,,,,,,FUNDAMENTAL::profitability::stock-session cross-section::SLOW_TEMPORAL_CHANGE
fund_pr_deduct_parent_netprofit_delta,fund_pr_operate_income_delta,0.2438613633029249,25004,,,,,,FUNDAMENTAL::profitability::stock-session cross-section::SLOW_TEMPORAL_CHANGE
fund_pr_deduct_parent_netprofit_delta,fund_pr_operate_income_persistence,0.10209661280560478,25004,,,,,,FUNDAMENTAL::profitability::stock-session cross-section::SLOW_TEMPORAL_CHANGE
fund_pr_deduct_parent_netprofit_delta,fund_pr_operate_income_slope,0.2448622943927695,25004,,,,,,FUNDAMENTAL::profitability::stock-session cross-section::SLOW_TEMPORAL_CHANGE
fund_pr_deduct_parent_netprofit_delta,fund_pr_operate_profit_acceleration,0.27284144467686505,25029,,,,,,FUNDAMENTAL::profitability::stock-session cross-section::SLOW_TEMPORAL_CHANGE
fund_pr_deduct_parent_netprofit_delta,fund_pr_operate_profit_delta,0.6095709985010996,25152,,,,,,FUNDAMENTAL::profitability::stock-session cross-section::SLOW_TEMPORAL_CHANGE
fund_pr_deduct_parent_netprofit_delta,fund_pr_operate_profit_persistence,0.0786560120902393,25152,,,,,,FUNDAMENTAL::profitability::stock-session cross-section::SLOW_TEMPORAL_CHANGE
fund_pr_deduct_parent_netprofit_delta,fund_pr_operate_profit_slope,0.6047571306072664,25152,,,,,,FUNDAMENTAL::profitability::stock-session cross-section::SLOW_TEMPORAL_CHANGE
fund_pr_deduct_parent_netprofit_delta,fund_pr_parent_netprofit_acceleration,0.26996358600954296,25168,,,,,,FUNDAMENTAL::profitability::stock-session cross-section::SLOW_TEMPORAL_CHANGE
fund_pr_deduct_parent_netprofit_delta,fund_pr_parent_netprofit_delta,0.6720580059900105,25418,,,,,,FUNDAMENTAL::profitability::stock-session cross-section::SLOW_TEMPORAL_CHANGE
fund_pr_deduct_parent_netprofit_delta,fund_pr_parent_netprofit_persistence,0.07584415214731746,25395,,,,,,FUNDAMENTAL::profitability::stock-session cross-section::SLOW_TEMPORAL_CHANGE
fund_pr_deduct_parent_netprofit_delta,fund_pr_parent_netprofit_slope,0.6614442971218417,25418,,,,,,FUNDAMENTAL::profitability::stock-session cross-section::SLOW_TEMPORAL_CHANGE
fund_pr_deduct_parent_netprofit_delta_at_disclosure,fund_pr_deduct_parent_netprofit_persistence_at_disclosure,1.2790690762940109e-08,21,,,,,,FUNDAMENTAL::profitability::disclosure episode::DISCLOSURE_EVENT
fund_pr_deduct_parent_netprofit_delta_at_disclosure,fund_pr_deduct_parent_netprofit_slope_at_disclosure,0.9270416180039315,21,,,,,,FUNDAMENTAL::profitability::disclosure episode::DISCLOSURE_EVENT
fund_pr_deduct_parent_netprofit_delta_at_disclosure,fund_pr_operate_cost_acceleration_at_disclosure,1.0,7,,,,,,FUNDAMENTAL::profitability::disclosure episode::DISCLOSURE_EVENT
fund_pr_deduct_parent_netprofit_delta_at_disclosure,fund_pr_operate_cost_delta_at_disclosure,0.9643115129705836,9,,,,,,FUNDAMENTAL::profitability::disclosure episode::DISCLOSURE_EVENT
fund_pr_deduct_parent_netprofit_delta_at_disclosure,fund_pr_operate_cost_persistence_at_disclosure,0.0,9,,,,,,FUNDAMENTAL::profitability::disclosure episode::DISCLOSURE_EVENT
fund_pr_deduct_parent_netprofit_delta_at_disclosure,fund_pr_operate_cost_slope_at_disclosure,0.9643115129705836,9,,,,,,FUNDAMENTAL::profitability::disclosure episode::DISCLOSURE_EVENT
fund_pr_deduct_parent_netprofit_delta_at_disclosure,fund_pr_operate_income_acceleration_at_disclosure,1.0,7,,,,,,FUNDAMENTAL::profitability::disclosure episode::DISCLOSURE_EVENT
fund_pr_deduct_parent_netprofit_delta_at_disclosure,fund_pr_operate_income_delta_at_disclosure,0.9643115129705836,9,,,,,,FUNDAMENTAL::profitability::disclosure episode::DISCLOSURE_EVENT
fund_pr_deduct_parent_netprofit_delta_at_disclosure,fund_pr_operate_income_persistence_at_disclosure,0.0,9,,,,,,FUNDAMENTAL::profitability::disclosure episode::DISCLOSURE_EVENT
fund_pr_deduct_parent_netprofit_delta_at_disclosure,fund_pr_operate_income_slope_at_disclosure,0.9643115129705836,9,,,,,,FUNDAMENTAL::profitability::disclosure episode::DISCLOSURE_EVENT
fund_pr_deduct_parent_netprofit_delta_at_disclosure,fund_pr_operate_profit_acceleration_at_disclosure,0.9523754606856952,12,,,,,,FUNDAMENTAL::profitability::disclosure episode::DISCLOSURE_EVENT
fund_pr_deduct_parent_netprofit_delta_at_disclosure,fund_pr_operate_profit_delta_at_disclosure,0.9273667171768883,15,,,,,,FUNDAMENTAL::profitability::disclosure episode::DISCLOSURE_EVENT
fund_pr_deduct_parent_netprofit_delta_at_disclosure,fund_pr_operate_profit_persistence_at_disclosure,0.0,15,,,,,,FUNDAMENTAL::profitability::disclosure episode::DISCLOSURE_EVENT
fund_pr_deduct_parent_netprofit_delta_at_disclosure,fund_pr_operate_profit_slope_at_disclosure,0.9273667171768882,15,,,,,,FUNDAMENTAL::profitability::disclosure episode::DISCLOSURE_EVENT
fund_pr_deduct_parent_netprofit_delta_at_disclosure,fund_pr_parent_netprofit_acceleration_at_disclosure,0.9666666666666666,16,,,,,,FUNDAMENTAL::profitability::disclosure episode::DISCLOSURE_EVENT
fund_pr_deduct_parent_netprofit_delta_at_disclosure,fund_pr_parent_netprofit_delta_at_disclosure,0.9005772471180559,21,,,,,,FUNDAMENTAL::profitability::disclosure episode::DISCLOSURE_EVENT
fund_pr_deduct_parent_netprofit_delta_at_disclosure,fund_pr_parent_netprofit_persistence_at_disclosure,1.2790690762940109e-08,21,,,,,,FUNDAMENTAL::profitability::disclosure episode::DISCLOSURE_EVENT
fund_pr_deduct_parent_netprofit_delta_at_disclosure,fund_pr_parent_netprofit_slope_at_disclosure,0.8646620061987327,21,,,,,,FUNDAMENTAL::profitability::disclosure episode::DISCLOSURE_EVENT
fund_pr_deduct_parent_netprofit_delta_at_disclosure,fund_profit_gross_margin_at_disclosure,0.896551724137931,16,,,,,,FUNDAMENTAL::profitability::disclosure episode::DISCLOSURE_EVENT
fund_pr_deduct_parent_netprofit_delta_at_disclosure,fund_profit_operating_margin_at_disclosure,0.9153857298880942,16,,,,,,FUNDAMENTAL::profitability::disclosure episode::DISCLOSURE_EVENT
fund_pr_deduct_parent_netprofit_delta_at_disclosure,fund_profit_parent_margin_at_disclosure,0.8773280079294956,16,,,,,,FUNDAMENTAL::profitability::disclosure episode::DISCLOSURE_EVENT
fund_pr_deduct_parent_netprofit_persistence,fund_pr_deduct_parent_netprofit_slope,0.06611019396052965,25395,,,,,,FUNDAMENTAL::profitability::stock-session cross-section::SLOW_TEMPORAL_CHANGE
fund_pr_deduct_parent_netprofit_persistence,fund_pr_operate_cost_acceleration,0.1374255334014721,24247,,,,,,FUNDAMENTAL::profitability::stock-session cross-section::SLOW_TEMPORAL_CHANGE
fund_pr_deduct_parent_netprofit_persistence,fund_pr_operate_cost_delta,0.12576426810750502,24356,,,,,,FUNDAMENTAL::profitability::stock-session cross-section::SLOW_TEMPORAL_CHANGE
fund_pr_deduct_parent_netprofit_persistence,fund_pr_operate_cost_persistence,0.4136006002531356,24356,,,,,,FUNDAMENTAL::profitability::stock-session cross-section::SLOW_TEMPORAL_CHANGE
fund_pr_deduct_parent_netprofit_persistence,fund_pr_operate_cost_slope,0.12587399848505007,24356,,,,,,FUNDAMENTAL::profitability::stock-session cross-section::SLOW_TEMPORAL_CHANGE
fund_pr_deduct_parent_netprofit_persistence,fund_pr_operate_income_acceleration,0.13681237578943864,24895,,,,,,FUNDAMENTAL::profitability::stock-session cross-section::SLOW_TEMPORAL_CHANGE
fund_pr_deduct_parent_netprofit_persistence,fund_pr_operate_income_delta,0.12676262498385055,25004,,,,,,FUNDAMENTAL::profitability::stock-session cross-section::SLOW_TEMPORAL_CHANGE
fund_pr_deduct_parent_netprofit_persistence,fund_pr_operate_income_persistence,0.41505569801787146,25004,,,,,,FUNDAMENTAL::profitability::stock-session cross-section::SLOW_TEMPORAL_CHANGE
fund_pr_deduct_parent_netprofit_persistence,fund_pr_operate_income_slope,0.12688978398399012,25004,,,,,,FUNDAMENTAL::profitability::stock-session cross-section::SLOW_TEMPORAL_CHANGE
fund_pr_deduct_parent_netprofit_persistence,fund_pr_operate_profit_acceleration,0.10074337751057655,25029,,,,,,FUNDAMENTAL::profitability::stock-session cross-section::SLOW_TEMPORAL_CHANGE
fund_pr_deduct_parent_netprofit_persistence,fund_pr_operate_profit_delta,0.07094048535692561,25152,,,,,,FUNDAMENTAL::profitability::stock-session cross-section::SLOW_TEMPORAL_CHANGE
fund_pr_deduct_parent_netprofit_persistence,fund_pr_operate_profit_persistence,0.5870610503245056,25152,,,,,,FUNDAMENTAL::profitability::stock-session cross-section::SLOW_TEMPORAL_CHANGE
fund_pr_deduct_parent_netprofit_persistence,fund_pr_operate_profit_slope,0.07144045777125542,25152,,,,,,FUNDAMENTAL::profitability::stock-session cross-section::SLOW_TEMPORAL_CHANGE
fund_pr_deduct_parent_netprofit_persistence,fund_pr_parent_netprofit_acceleration,0.11153905452424691,25168,,,,,,FUNDAMENTAL::profitability::stock-session cross-section::SLOW_TEMPORAL_CHANGE
fund_pr_deduct_parent_netprofit_persistence,fund_pr_parent_netprofit_delta,0.07077347537184306,25395,,,,,,FUNDAMENTAL::profitability::stock-session cross-section::SLOW_TEMPORAL_CHANGE
fund_pr_deduct_parent_netprofit_persistence,fund_pr_parent_netprofit_persistence,0.6216278938561416,25395,,,,,,FUNDAMENTAL::profitability::stock-session cross-section::SLOW_TEMPORAL_CHANGE
fund_pr_deduct_parent_netprofit_persistence,fund_pr_parent_netprofit_slope,0.0699297154026951,25395,,,,,,FUNDAMENTAL::profitability::stock-session cross-section::SLOW_TEMPORAL_CHANGE
fund_pr_deduct_parent_netprofit_persistence_at_disclosure,fund_pr_deduct_parent_netprofit_slope_at_disclosure,1.2790690762940109e-08,21,,,,,,FUNDAMENTAL::profitability::disclosure episode::DISCLOSURE_EVENT
fund_pr_deduct_parent_netprofit_persistence_at_disclosure,fund_pr_operate_cost_acceleration_at_disclosure,0.0,7,,,,,,FUNDAMENTAL::profitability::disclosure episode::DISCLOSURE_EVENT
fund_pr_deduct_parent_netprofit_persistence_at_disclosure,fund_pr_operate_cost_delta_at_disclosure,0.0,9,,,,,,FUNDAMENTAL::profitability::disclosure episode::DISCLOSURE_EVENT
fund_pr_deduct_parent_netprofit_persistence_at_disclosure,fund_pr_operate_cost_persistence_at_disclosure,0.0,9,,,,,,FUNDAMENTAL::profitability::disclosure episode::DISCLOSURE_EVENT
fund_pr_deduct_parent_netprofit_persistence_at_disclosure,fund_pr_operate_cost_slope_at_disclosure,0.0,9,,,,,,FUNDAMENTAL::profitability::disclosure episode::DISCLOSURE_EVENT
fund_pr_deduct_parent_netprofit_persistence_at_disclosure,fund_pr_operate_income_acceleration_at_disclosure,0.0,7,,,,,,FUNDAMENTAL::profitability::disclosure episode::DISCLOSURE_EVENT
fund_pr_deduct_parent_netprofit_persistence_at_disclosure,fund_pr_operate_income_delta_at_disclosure,0.0,9,,,,,,FUNDAMENTAL::profitability::disclosure episode::DISCLOSURE_EVENT
fund_pr_deduct_parent_netprofit_persistence_at_disclosure,fund_pr_operate_income_persistence_at_disclosure,0.0,9,,,,,,FUNDAMENTAL::profitability::disclosure episode::DISCLOSURE_EVENT
fund_pr_deduct_parent_netprofit_persistence_at_disclosure,fund_pr_operate_income_slope_at_disclosure,0.0,9,,,,,,FUNDAMENTAL::profitability::disclosure episode::DISCLOSURE_EVENT
fund_pr_deduct_parent_netprofit_persistence_at_disclosure,fund_pr_operate_profit_acceleration_at_disclosure,0.0,12,,,,,,FUNDAMENTAL::profitability::disclosure episode::DISCLOSURE_EVENT
fund_pr_deduct_parent_netprofit_persistence_at_disclosure,fund_pr_operate_profit_delta_at_disclosure,0.0,15,,,,,,FUNDAMENTAL::profitability::disclosure episode::DISCLOSURE_EVENT
fund_pr_deduct_parent_netprofit_persistence_at_disclosure,fund_pr_operate_profit_persistence_at_disclosure,0.0,15,,,,,,FUNDAMENTAL::profitability::disclosure episode::DISCLOSURE_EVENT
fund_pr_deduct_parent_netprofit_persistence_at_disclosure,fund_pr_operate_profit_slope_at_disclosure,0.0,15,,,,,,FUNDAMENTAL::profitability::disclosure episode::DISCLOSURE_EVENT
fund_pr_deduct_parent_netprofit_persistence_at_disclosure,fund_pr_parent_netprofit_acceleration_at_disclosure,0.0,16,,,,,,FUNDAMENTAL::profitability::disclosure episode::DISCLOSURE_EVENT
fund_pr_deduct_parent_netprofit_persistence_at_disclosure,fund_pr_parent_netprofit_delta_at_disclosure,1.3113581185090799e-08,21,,,,,,FUNDAMENTAL::profitability::disclosure episode::DISCLOSURE_EVENT
fund_pr_deduct_parent_netprofit_persistence_at_disclosure,fund_pr_parent_netprofit_persistence_at_disclosure,0.0,21,,,,,,FUNDAMENTAL::profitability::disclosure episode::DISCLOSURE_EVENT
fund_pr_deduct_parent_netprofit_persistence_at_disclosure,fund_pr_parent_netprofit_slope_at_disclosure,0.0,21,,,,,,FUNDAMENTAL::profitability::disclosure episode::DISCLOSURE_EVENT
fund_pr_deduct_parent_netprofit_persistence_at_disclosure,fund_profit_gross_margin_at_disclosure,0.0,16,,,,,,FUNDAMENTAL::profitability::disclosure episode::DISCLOSURE_EVENT
fund_pr_deduct_parent_netprofit_persistence_at_disclosure,fund_profit_operating_margin_at_disclosure,0.0,16,,,,,,FUNDAMENTAL::profitability::disclosure episode::DISCLOSURE_EVENT
fund_pr_deduct_parent_netprofit_persistence_at_disclosure,fund_profit_parent_margin_at_disclosure,0.0,16,,,,,,FUNDAMENTAL::profitability::disclosure episode::DISCLOSURE_EVENT
fund_pr_deduct_parent_netprofit_slope,fund_pr_operate_cost_acceleration,0.15716984083467767,24247,,,,,,FUNDAMENTAL::profitability::stock-session cross-section::SLOW_TEMPORAL_CHANGE
fund_pr_deduct_parent_netprofit_slope,fund_pr_operate_cost_delta,0.20772506977618088,24356,,,,,,FUNDAMENTAL::profitability::stock-session cross-section::SLOW_TEMPORAL_CHANGE
fund_pr_deduct_parent_netprofit_slope,fund_pr_operate_cost_persistence,0.09739586322170153,24356,,,,,,FUNDAMENTAL::profitability::stock-session cross-section::SLOW_TEMPORAL_CHANGE
fund_pr_deduct_parent_netprofit_slope,fund_pr_operate_cost_slope,0.20817112222384565,24356,,,,,,FUNDAMENTAL::profitability::stock-session cross-section::SLOW_TEMPORAL_CHANGE
fund_pr_deduct_parent_netprofit_slope,fund_pr_operate_income_acceleration,0.1755741177808177,24895,,,,,,FUNDAMENTAL::profitability::stock-session cross-section::SLOW_TEMPORAL_CHANGE
fund_pr_deduct_parent_netprofit_slope,fund_pr_operate_income_delta,0.2442519369093252,25004,,,,,,FUNDAMENTAL::profitability::stock-session cross-section::SLOW_TEMPORAL_CHANGE
fund_pr_deduct_parent_netprofit_slope,fund_pr_operate_income_persistence,0.09947232844256865,25004,,,,,,FUNDAMENTAL::profitability::stock-session cross-section::SLOW_TEMPORAL_CHANGE
fund_pr_deduct_parent_netprofit_slope,fund_pr_operate_income_slope,0.24461404827648695,25004,,,,,,FUNDAMENTAL::profitability::stock-session cross-section::SLOW_TEMPORAL_CHANGE
fund_pr_deduct_parent_netprofit_slope,fund_pr_operate_profit_acceleration,0.26766990703321686,25029,,,,,,FUNDAMENTAL::profitability::stock-session cross-section::SLOW_TEMPORAL_CHANGE
fund_pr_deduct_parent_netprofit_slope,fund_pr_operate_profit_delta,0.5999039609458556,25152,,,,,,FUNDAMENTAL::profitability::stock-session cross-section::SLOW_TEMPORAL_CHANGE
fund_pr_deduct_parent_netprofit_slope,fund_pr_operate_profit_persistence,0.07810889288983358,25152,,,,,,FUNDAMENTAL::profitability::stock-session cross-section::SLOW_TEMPORAL_CHANGE
fund_pr_deduct_parent_netprofit_slope,fund_pr_operate_profit_slope,0.6124029373055435,25152,,,,,,FUNDAMENTAL::profitability::stock-session cross-section::SLOW_TEMPORAL_CHANGE
fund_pr_deduct_parent_netprofit_slope,fund_pr_parent_netprofit_acceleration,0.26659072532909256,25168,,,,,,FUNDAMENTAL::profitability::stock-session cross-section::SLOW_TEMPORAL_CHANGE
fund_pr_deduct_parent_netprofit_slope,fund_pr_parent_netprofit_delta,0.6597220314478405,25418,,,,,,FUNDAMENTAL::profitability::stock-session cross-section::SLOW_TEMPORAL_CHANGE
fund_pr_deduct_parent_netprofit_slope,fund_pr_parent_netprofit_persistence,0.07475619325817819,25395,,,,,,FUNDAMENTAL::profitability::stock-session cross-section::SLOW_TEMPORAL_CHANGE
fund_pr_deduct_parent_netprofit_slope,fund_pr_parent_netprofit_slope,0.6713656011092898,25418,,,,,,FUNDAMENTAL::profitability::stock-session cross-section::SLOW_TEMPORAL_CHANGE
fund_pr_deduct_parent_netprofit_slope_at_disclosure,fund_pr_operate_cost_acceleration_at_disclosure,1.0,7,,,,,,FUNDAMENTAL::profitability::disclosure episode::DISCLOSURE_EVENT
fund_pr_deduct_parent_netprofit_slope_at_disclosure,fund_pr_operate_cost_delta_at_disclosure,0.9643115129705836,9,,,,,,FUNDAMENTAL::profitability::disclosure episode::DISCLOSURE_EVENT
fund_pr_deduct_parent_netprofit_slope_at_disclosure,fund_pr_operate_cost_persistence_at_disclosure,0.0,9,,,,,,FUNDAMENTAL::profitability::disclosure episode::DISCLOSURE_EVENT
fund_pr_deduct_parent_netprofit_slope_at_disclosure,fund_pr_operate_cost_slope_at_disclosure,0.9643115129705836,9,,,,,,FUNDAMENTAL::profitability::disclosure episode::DISCLOSURE_EVENT
fund_pr_deduct_parent_netprofit_slope_at_disclosure,fund_pr_operate_income_acceleration_at_disclosure,1.0,7,,,,,,FUNDAMENTAL::profitability::disclosure episode::DISCLOSURE_EVENT
fund_pr_deduct_parent_netprofit_slope_at_disclosure,fund_pr_operate_income_delta_at_disclosure,0.9643115129705836,9,,,,,,FUNDAMENTAL::profitability::disclosure episode::DISCLOSURE_EVENT
fund_pr_deduct_parent_netprofit_slope_at_disclosure,fund_pr_operate_income_persistence_at_disclosure,0.0,9,,,,,,FUNDAMENTAL::profitability::disclosure episode::DISCLOSURE_EVENT
fund_pr_deduct_parent_netprofit_slope_at_disclosure,fund_pr_operate_income_slope_at_disclosure,0.9643115129705836,9,,,,,,FUNDAMENTAL::profitability::disclosure episode::DISCLOSURE_EVENT
fund_pr_deduct_parent_netprofit_slope_at_disclosure,fund_pr_operate_profit_acceleration_at_disclosure,0.9523754606856952,12,,,,,,FUNDAMENTAL::profitability::disclosure episode::DISCLOSURE_EVENT
fund_pr_deduct_parent_netprofit_slope_at_disclosure,fund_pr_operate_profit_delta_at_disclosure,0.9273667171768883,15,,,,,,FUNDAMENTAL::profitability::disclosure episode::DISCLOSURE_EVENT
fund_pr_deduct_parent_netprofit_slope_at_disclosure,fund_pr_operate_profit_persistence_at_disclosure,0.0,15,,,,,,FUNDAMENTAL::profitability::disclosure episode::DISCLOSURE_EVENT
fund_pr_deduct_parent_netprofit_slope_at_disclosure,fund_pr_operate_profit_slope_at_disclosure,0.9273667171768883,15,,,,,,FUNDAMENTAL::profitability::disclosure episode::DISCLOSURE_EVENT
fund_pr_deduct_parent_netprofit_slope_at_disclosure,fund_pr_parent_netprofit_acceleration_at_disclosure,0.9333333333333333,16,,,,,,FUNDAMENTAL::profitability::disclosure episode::DISCLOSURE_EVENT
fund_pr_deduct_parent_netprofit_slope_at_disclosure,fund_pr_parent_netprofit_delta_at_disclosure,0.8507104763980884,21,,,,,,FUNDAMENTAL::profitability::disclosure episode::DISCLOSURE_EVENT
fund_pr_deduct_parent_netprofit_slope_at_disclosure,fund_pr_parent_netprofit_persistence_at_disclosure,1.2790690762940109e-08,21,,,,,,FUNDAMENTAL::profitability::disclosure episode::DISCLOSURE_EVENT
fund_pr_deduct_parent_netprofit_slope_at_disclosure,fund_pr_parent_netprofit_slope_at_disclosure,0.9139033746322526,21,,,,,,FUNDAMENTAL::profitability::disclosure episode::DISCLOSURE_EVENT
fund_pr_deduct_parent_netprofit_slope_at_disclosure,fund_profit_gross_margin_at_disclosure,0.896551724137931,16,,,,,,FUNDAMENTAL::profitability::disclosure episode::DISCLOSURE_EVENT
fund_pr_deduct_parent_netprofit_slope_at_disclosure,fund_profit_operating_margin_at_disclosure,0.9153857298880942,16,,,,,,FUNDAMENTAL::profitability::disclosure episode::DISCLOSURE_EVENT
fund_pr_deduct_parent_netprofit_slope_at_disclosure,fund_profit_parent_margin_at_disclosure,0.8773280079294956,16,,,,,,FUNDAMENTAL::profitability::disclosure episode::DISCLOSURE_EVENT
fund_pr_deduct_parent_netprofit_source_yoy,fund_pr_deduct_parent_netprofit_yoy,0.2863696731252105,24890,,,,,,FUNDAMENTAL::growth::stock-session cross-section::SLOW_TEMPORAL_CHANGE
fund_pr_deduct_parent_netprofit_source_yoy,fund_pr_operate_cost_source_yoy,0.06124264423810405,23777,,,,,,FUNDAMENTAL::growth::stock-session cross-section::SLOW_TEMPORAL_CHANGE
fund_pr_deduct_parent_netprofit_source_yoy,fund_pr_operate_cost_yoy,0.054809815647423446,23777,,,,,,FUNDAMENTAL::growth::stock-session cross-section::SLOW_TEMPORAL_CHANGE
fund_pr_deduct_parent_netprofit_source_yoy,fund_pr_operate_income_source_yoy,0.09890601867580927,24425,,,,,,FUNDAMENTAL::growth::stock-session cross-section::SLOW_TEMPORAL_CHANGE
fund_pr_deduct_parent_netprofit_source_yoy,fund_pr_operate_income_yoy,0.07788368256288625,24425,,,,,,FUNDAMENTAL::growth::stock-session cross-section::SLOW_TEMPORAL_CHANGE
fund_pr_deduct_parent_netprofit_source_yoy,fund_pr_operate_profit_source_yoy,0.3874089628481832,24621,,,,,,FUNDAMENTAL::growth::stock-session cross-section::SLOW_TEMPORAL_CHANGE
fund_pr_deduct_parent_netprofit_source_yoy,fund_pr_operate_profit_yoy,0.1912204905774175,24691,,,,,,FUNDAMENTAL::growth::stock-session cross-section::SLOW_TEMPORAL_CHANGE
fund_pr_deduct_parent_netprofit_source_yoy,fund_pr_parent_netprofit_source_yoy,0.4345404348812845,24820,,,,,,FUNDAMENTAL::growth::stock-session cross-section::SLOW_TEMPORAL_CHANGE
fund_pr_deduct_parent_netprofit_source_yoy,fund_pr_parent_netprofit_yoy,0.19810666298471363,24890,,,,,,FUNDAMENTAL::growth::stock-session cross-section::SLOW_TEMPORAL_CHANGE
fund_pr_deduct_parent_netprofit_source_yoy_at_disclosure,fund_pr_deduct_parent_netprofit_yoy_at_disclosure,0.9487436426212903,12,,,,,,FUNDAMENTAL::growth::disclosure episode::DISCLOSURE_EVENT
fund_pr_deduct_parent_netprofit_source_yoy_at_disclosure,fund_pr_operate_cost_source_yoy_at_disclosure,0.0,0,,,,,,FUNDAMENTAL::growth::disclosure episode::DISCLOSURE_EVENT
fund_pr_deduct_parent_netprofit_source_yoy_at_disclosure,fund_pr_operate_cost_yoy_at_disclosure,0.0,0,,,,,,FUNDAMENTAL::growth::disclosure episode::DISCLOSURE_EVENT
fund_pr_deduct_parent_netprofit_source_yoy_at_disclosure,fund_pr_operate_income_source_yoy_at_disclosure,0.0,0,,,,,,FUNDAMENTAL::growth::disclosure episode::DISCLOSURE_EVENT
fund_pr_deduct_parent_netprofit_source_yoy_at_disclosure,fund_pr_operate_income_yoy_at_disclosure,0.0,0,,,,,,FUNDAMENTAL::growth::disclosure episode::DISCLOSURE_EVENT
fund_pr_deduct_parent_netprofit_source_yoy_at_disclosure,fund_pr_operate_profit_source_yoy_at_disclosure,0.844582997747351,5,,,,,,FUNDAMENTAL::growth::disclosure episode::DISCLOSURE_EVENT
fund_pr_deduct_parent_netprofit_source_yoy_at_disclosure,fund_pr_operate_profit_yoy_at_disclosure,0.9534625892455924,8,,,,,,FUNDAMENTAL::growth::disclosure episode::DISCLOSURE_EVENT
fund_pr_deduct_parent_netprofit_source_yoy_at_disclosure,fund_pr_parent_netprofit_source_yoy_at_disclosure,1.0,9,,,,,,FUNDAMENTAL::growth::disclosure episode::DISCLOSURE_EVENT
fund_pr_deduct_parent_netprofit_source_yoy_at_disclosure,fund_pr_parent_netprofit_yoy_at_disclosure,0.9487436426212903,12,,,,,,FUNDAMENTAL::growth::disclosure episode::DISCLOSURE_EVENT
fund_pr_deduct_parent_netprofit_yoy,fund_pr_operate_cost_source_yoy,0.05199805986499072,23777,,,,,,FUNDAMENTAL::growth::stock-session cross-section::SLOW_TEMPORAL_CHANGE
fund_pr_deduct_parent_netprofit_yoy,fund_pr_operate_cost_yoy,0.14045021502431676,23777,,,,,,FUNDAMENTAL::growth::stock-session cross-section::SLOW_TEMPORAL_CHANGE
fund_pr_deduct_parent_netprofit_yoy,fund_pr_operate_income_source_yoy,0.07919556510924645,24425,,,,,,FUNDAMENTAL::growth::stock-session cross-section::SLOW_TEMPORAL_CHANGE
fund_pr_deduct_parent_netprofit_yoy,fund_pr_operate_income_yoy,0.20370038933309176,24425,,,,,,FUNDAMENTAL::growth::stock-session cross-section::SLOW_TEMPORAL_CHANGE
fund_pr_deduct_parent_netprofit_yoy,fund_pr_operate_profit_source_yoy,0.1937782232599631,24621,,,,,,FUNDAMENTAL::growth::stock-session cross-section::SLOW_TEMPORAL_CHANGE
fund_pr_deduct_parent_netprofit_yoy,fund_pr_operate_profit_yoy,0.48470250728290737,24691,,,,,,FUNDAMENTAL::growth::stock-session cross-section::SLOW_TEMPORAL_CHANGE
fund_pr_deduct_parent_netprofit_yoy,fund_pr_parent_netprofit_source_yoy,0.20121820202561969,24820,,,,,,FUNDAMENTAL::growth::stock-session cross-section::SLOW_TEMPORAL_CHANGE
fund_pr_deduct_parent_netprofit_yoy,fund_pr_parent_netprofit_yoy,0.5287718029518927,24890,,,,,,FUNDAMENTAL::growth::stock-session cross-section::SLOW_TEMPORAL_CHANGE
fund_pr_deduct_parent_netprofit_yoy_at_disclosure,fund_pr_operate_cost_source_yoy_at_disclosure,0.0,0,,,,,,FUNDAMENTAL::growth::disclosure episode::DISCLOSURE_EVENT
fund_pr_deduct_parent_netprofit_yoy_at_disclosure,fund_pr_operate_cost_yoy_at_disclosure,0.0,0,,,,,,FUNDAMENTAL::growth::disclosure episode::DISCLOSURE_EVENT
fund_pr_deduct_parent_netprofit_yoy_at_disclosure,fund_pr_operate_income_source_yoy_at_disclosure,0.0,0,,,,,,FUNDAMENTAL::growth::disclosure episode::DISCLOSURE_EVENT
fund_pr_deduct_parent_netprofit_yoy_at_disclosure,fund_pr_operate_income_yoy_at_disclosure,0.0,0,,,,,,FUNDAMENTAL::growth::disclosure episode::DISCLOSURE_EVENT
fund_pr_deduct_parent_netprofit_yoy_at_disclosure,fund_pr_operate_profit_source_yoy_at_disclosure,0.844582997747351,5,,,,,,FUNDAMENTAL::growth::disclosure episode::DISCLOSURE_EVENT
fund_pr_deduct_parent_netprofit_yoy_at_disclosure,fund_pr_operate_profit_yoy_at_disclosure,0.9534625892455924,8,,,,,,FUNDAMENTAL::growth::disclosure episode::DISCLOSURE_EVENT
fund_pr_deduct_parent_netprofit_yoy_at_disclosure,fund_pr_parent_netprofit_source_yoy_at_disclosure,0.9615673283089692,9,,,,,,FUNDAMENTAL::growth::disclosure episode::DISCLOSURE_EVENT
fund_pr_deduct_parent_netprofit_yoy_at_disclosure,fund_pr_parent_netprofit_yoy_at_disclosure,1.0,12,,,,,,FUNDAMENTAL::growth::disclosure episode::DISCLOSURE_EVENT
fund_pr_operate_cost_acceleration,fund_pr_operate_cost_delta,0.43023041839628307,24455,,,,,,FUNDAMENTAL::profitability::stock-session cross-section::SLOW_TEMPORAL_CHANGE
fund_pr_operate_cost_acceleration,fund_pr_operate_cost_persistence,0.2685617032560506,24455,,,,,,FUNDAMENTAL::profitability::stock-session cross-section::SLOW_TEMPORAL_CHANGE
fund_pr_operate_cost_acceleration,fund_pr_operate_cost_slope,0.41908900917950526,24455,,,,,,FUNDAMENTAL::profitability::stock-session cross-section::SLOW_TEMPORAL_CHANGE
fund_pr_operate_cost_acceleration,fund_pr_operate_income_acceleration,0.6432323496225452,24455,,,,,,FUNDAMENTAL::profitability::stock-session cross-section::SLOW_TEMPORAL_CHANGE
fund_pr_operate_cost_acceleration,fund_pr_operate_income_delta,0.4002689036217959,24455,,,,,,FUNDAMENTAL::profitability::stock-session cross-section::SLOW_TEMPORAL_CHANGE
fund_pr_operate_cost_acceleration,fund_pr_operate_income_persistence,0.2687388814252006,24455,,,,,,FUNDAMENTAL::profitability::stock-session cross-section::SLOW_TEMPORAL_CHANGE
fund_pr_operate_cost_acceleration,fund_pr_operate_income_slope,0.39538702866938824,24455,,,,,,FUNDAMENTAL::profitability::stock-session cross-section::SLOW_TEMPORAL_CHANGE
fund_pr_operate_cost_acceleration,fund_pr_operate_profit_acceleration,0.22292945353031432,24455,,,,,,FUNDAMENTAL::profitability::stock-session cross-section::SLOW_TEMPORAL_CHANGE
fund_pr_operate_cost_acceleration,fund_pr_operate_profit_delta,0.17927515342532735,24455,,,,,,FUNDAMENTAL::profitability::stock-session cross-section::SLOW_TEMPORAL_CHANGE
fund_pr_operate_cost_acceleration,fund_pr_operate_profit_persistence,0.13666585565964748,24455,,,,,,FUNDAMENTAL::profitability::stock-session cross-section::SLOW_TEMPORAL_CHANGE
fund_pr_operate_cost_acceleration,fund_pr_operate_profit_slope,0.17818215337247065,24455,,,,,,FUNDAMENTAL::profitability::stock-session cross-section::SLOW_TEMPORAL_CHANGE
fund_pr_operate_cost_acceleration,fund_pr_parent_netprofit_acceleration,0.21982824399894713,24455,,,,,,FUNDAMENTAL::profitability::stock-session cross-section::SLOW_TEMPORAL_CHANGE
fund_pr_operate_cost_acceleration,fund_pr_parent_netprofit_delta,0.17241003079938322,24455,,,,,,FUNDAMENTAL::profitability::stock-session cross-section::SLOW_TEMPORAL_CHANGE
fund_pr_operate_cost_acceleration,fund_pr_parent_netprofit_persistence,0.1409470479689732,24455,,,,,,FUNDAMENTAL::profitability::stock-session cross-section::SLOW_TEMPORAL_CHANGE
fund_pr_operate_cost_acceleration,fund_pr_parent_netprofit_slope,0.1718323688619486,24455,,,,,,FUNDAMENTAL::profitability::stock-session cross-section::SLOW_TEMPORAL_CHANGE
fund_pr_operate_cost_acceleration_at_disclosure,fund_pr_operate_cost_delta_at_disclosure,1.0,8,,,,,,FUNDAMENTAL::profitability::disclosure episode::DISCLOSURE_EVENT
fund_pr_operate_cost_acceleration_at_disclosure,fund_pr_operate_cost_persistence_at_disclosure,0.0,8,,,,,,FUNDAMENTAL::profitability::disclosure episode::DISCLOSURE_EVENT
fund_pr_operate_cost_acceleration_at_disclosure,fund_pr_operate_cost_slope_at_disclosure,1.0,8,,,,,,FUNDAMENTAL::profitability::disclosure episode::DISCLOSURE_EVENT
fund_pr_operate_cost_acceleration_at_disclosure,fund_pr_operate_income_acceleration_at_disclosure,1.0,8,,,,,,FUNDAMENTAL::profitability::disclosure episode::DISCLOSURE_EVENT
fund_pr_operate_cost_acceleration_at_disclosure,fund_pr_operate_income_delta_at_disclosure,1.0,8,,,,,,FUNDAMENTAL::profitability::disclosure episode::DISCLOSURE_EVENT
fund_pr_operate_cost_acceleration_at_disclosure,fund_pr_operate_income_persistence_at_disclosure,0.0,8,,,,,,FUNDAMENTAL::profitability::disclosure episode::DISCLOSURE_EVENT
fund_pr_operate_cost_acceleration_at_disclosure,fund_pr_operate_income_slope_at_disclosure,1.0,8,,,,,,FUNDAMENTAL::profitability::disclosure episode::DISCLOSURE_EVENT
fund_pr_operate_cost_acceleration_at_disclosure,fund_pr_operate_profit_acceleration_at_disclosure,1.0,8,,,,,,FUNDAMENTAL::profitability::disclosure episode::DISCLOSURE_EVENT
fund_pr_operate_cost_acceleration_at_disclosure,fund_pr_operate_profit_delta_at_disclosure,1.0,8,,,,,,FUNDAMENTAL::profitability::disclosure episode::DISCLOSURE_EVENT
fund_pr_operate_cost_acceleration_at_disclosure,fund_pr_operate_profit_persistence_at_disclosure,0.0,8,,,,,,FUNDAMENTAL::profitability::disclosure episode::DISCLOSURE_EVENT
fund_pr_operate_cost_acceleration_at_disclosure,fund_pr_operate_profit_slope_at_disclosure,1.0,8,,,,,,FUNDAMENTAL::profitability::disclosure episode::DISCLOSURE_EVENT
fund_pr_operate_cost_acceleration_at_disclosure,fund_pr_parent_netprofit_acceleration_at_disclosure,1.0,8,,,,,,FUNDAMENTAL::profitability::disclosure episode::DISCLOSURE_EVENT
fund_pr_operate_cost_acceleration_at_disclosure,fund_pr_parent_netprofit_delta_at_disclosure,0.9574271077563381,8,,,,,,FUNDAMENTAL::profitability::disclosure episode::DISCLOSURE_EVENT
fund_pr_operate_cost_acceleration_at_disclosure,fund_pr_parent_netprofit_persistence_at_disclosure,0.0,8,,,,,,FUNDAMENTAL::profitability::disclosure episode::DISCLOSURE_EVENT
fund_pr_operate_cost_acceleration_at_disclosure,fund_pr_parent_netprofit_slope_at_disclosure,0.9574271077563381,8,,,,,,FUNDAMENTAL::profitability::disclosure episode::DISCLOSURE_EVENT
fund_pr_operate_cost_acceleration_at_disclosure,fund_profit_gross_margin_at_disclosure,0.9574271077563381,8,,,,,,FUNDAMENTAL::profitability::disclosure episode::DISCLOSURE_EVENT
fund_pr_operate_cost_acceleration_at_disclosure,fund_profit_operating_margin_at_disclosure,0.9574271077563381,8,,,,,,FUNDAMENTAL::profitability::disclosure episode::DISCLOSURE_EVENT
fund_pr_operate_cost_acceleration_at_disclosure,fund_profit_parent_margin_at_disclosure,0.9574271077563381,8,,,,,,FUNDAMENTAL::profitability::disclosure episode::DISCLOSURE_EVENT
fund_pr_operate_cost_delta,fund_pr_operate_cost_persistence,0.25797912790760946,24565,,,,,,FUNDAMENTAL::profitability::stock-session cross-section::SLOW_TEMPORAL_CHANGE
fund_pr_operate_cost_delta,fund_pr_operate_cost_slope,0.9625118587870461,24565,,,,,,FUNDAMENTAL::profitability::stock-session cross-section::SLOW_TEMPORAL_CHANGE
fund_pr_operate_cost_delta,fund_pr_operate_income_acceleration,0.40246142410576086,24455,,,,,,FUNDAMENTAL::profitability::stock-session cross-section::SLOW_TEMPORAL_CHANGE
fund_pr_operate_cost_delta,fund_pr_operate_income_delta,0.7027909669145928,24565,,,,,,FUNDAMENTAL::profitability::stock-session cross-section::SLOW_TEMPORAL_CHANGE
fund_pr_operate_cost_delta,fund_pr_operate_income_persistence,0.2626663644121093,24565,,,,,,FUNDAMENTAL::profitability::stock-session cross-section::SLOW_TEMPORAL_CHANGE
fund_pr_operate_cost_delta,fund_pr_operate_income_slope,0.6972846552399781,24565,,,,,,FUNDAMENTAL::profitability::stock-session cross-section::SLOW_TEMPORAL_CHANGE
fund_pr_operate_cost_delta,fund_pr_operate_profit_acceleration,0.17235432883844434,24495,,,,,,FUNDAMENTAL::profitability::stock-session cross-section::SLOW_TEMPORAL_CHANGE
fund_pr_operate_cost_delta,fund_pr_operate_profit_delta,0.24512928018647093,24565,,,,,,FUNDAMENTAL::profitability::stock-session cross-section::SLOW_TEMPORAL_CHANGE
fund_pr_operate_cost_delta,fund_pr_operate_profit_persistence,0.1379659710916304,24565,,,,,,FUNDAMENTAL::profitability::stock-session cross-section::SLOW_TEMPORAL_CHANGE
fund_pr_operate_cost_delta,fund_pr_operate_profit_slope,0.2430777826863078,24565,,,,,,FUNDAMENTAL::profitability::stock-session cross-section::SLOW_TEMPORAL_CHANGE
fund_pr_operate_cost_delta,fund_pr_parent_netprofit_acceleration,0.16469164024173202,24517,,,,,,FUNDAMENTAL::profitability::stock-session cross-section::SLOW_TEMPORAL_CHANGE
fund_pr_operate_cost_delta,fund_pr_parent_netprofit_delta,0.23562804436749005,24565,,,,,,FUNDAMENTAL::profitability::stock-session cross-section::SLOW_TEMPORAL_CHANGE
fund_pr_operate_cost_delta,fund_pr_parent_netprofit_persistence,0.14563459524266234,24565,,,,,,FUNDAMENTAL::profitability::stock-session cross-section::SLOW_TEMPORAL_CHANGE
fund_pr_operate_cost_delta,fund_pr_parent_netprofit_slope,0.23700624570215406,24565,,,,,,FUNDAMENTAL::profitability::stock-session cross-section::SLOW_TEMPORAL_CHANGE
fund_pr_operate_cost_delta_at_disclosure,fund_pr_operate_cost_persistence_at_disclosure,0.0,10,,,,,,FUNDAMENTAL::profitability::disclosure episode::DISCLOSURE_EVENT
fund_pr_operate_cost_delta_at_disclosure,fund_pr_operate_cost_slope_at_disclosure,1.0,10,,,,,,FUNDAMENTAL::profitability::disclosure episode::DISCLOSURE_EVENT
fund_pr_operate_cost_delta_at_disclosure,fund_pr_operate_income_acceleration_at_disclosure,1.0,8,,,,,,FUNDAMENTAL::profitability::disclosure episode::DISCLOSURE_EVENT
fund_pr_operate_cost_delta_at_disclosure,fund_pr_operate_income_delta_at_disclosure,1.0,10,,,,,,FUNDAMENTAL::profitability::disclosure episode::DISCLOSURE_EVENT
fund_pr_operate_cost_delta_at_disclosure,fund_pr_operate_income_persistence_at_disclosure,0.0,10,,,,,,FUNDAMENTAL::profitability::disclosure episode::DISCLOSURE_EVENT
fund_pr_operate_cost_delta_at_disclosure,fund_pr_operate_income_slope_at_disclosure,1.0,10,,,,,,FUNDAMENTAL::profitability::disclosure episode::DISCLOSURE_EVENT
fund_pr_operate_cost_delta_at_disclosure,fund_pr_operate_profit_acceleration_at_disclosure,1.0,9,,,,,,FUNDAMENTAL::profitability::disclosure episode::DISCLOSURE_EVENT
fund_pr_operate_cost_delta_at_disclosure,fund_pr_operate_profit_delta_at_disclosure,1.0,10,,,,,,FUNDAMENTAL::profitability::disclosure episode::DISCLOSURE_EVENT
fund_pr_operate_cost_delta_at_disclosure,fund_pr_operate_profit_persistence_at_disclosure,0.0,10,,,,,,FUNDAMENTAL::profitability::disclosure episode::DISCLOSURE_EVENT
fund_pr_operate_cost_delta_at_disclosure,fund_pr_operate_profit_slope_at_disclosure,1.0,10,,,,,,FUNDAMENTAL::profitability::disclosure episode::DISCLOSURE_EVENT
fund_pr_operate_cost_delta_at_disclosure,fund_pr_parent_netprofit_acceleration_at_disclosure,1.0,10,,,,,,FUNDAMENTAL::profitability::disclosure episode::DISCLOSURE_EVENT
fund_pr_operate_cost_delta_at_disclosure,fund_pr_parent_netprofit_delta_at_disclosure,0.9694297297211406,10,,,,,,FUNDAMENTAL::profitability::disclosure episode::DISCLOSURE_EVENT
fund_pr_operate_cost_delta_at_disclosure,fund_pr_parent_netprofit_persistence_at_disclosure,0.0,10,,,,,,FUNDAMENTAL::profitability::disclosure episode::DISCLOSURE_EVENT
fund_pr_operate_cost_delta_at_disclosure,fund_pr_parent_netprofit_slope_at_disclosure,0.9694297297211406,10,,,,,,FUNDAMENTAL::profitability::disclosure episode::DISCLOSURE_EVENT
fund_pr_operate_cost_delta_at_disclosure,fund_profit_gross_margin_at_disclosure,0.9694297297211406,10,,,,,,FUNDAMENTAL::profitability::disclosure episode::DISCLOSURE_EVENT
fund_pr_operate_cost_delta_at_disclosure,fund_profit_operating_margin_at_disclosure,0.9694297297211406,10,,,,,,FUNDAMENTAL::profitability::disclosure episode::DISCLOSURE_EVENT
fund_pr_operate_cost_delta_at_disclosure,fund_profit_parent_margin_at_disclosure,0.9694297297211406,10,,,,,,FUNDAMENTAL::profitability::disclosure episode::DISCLOSURE_EVENT
fund_pr_operate_cost_persistence,fund_pr_operate_cost_slope,0.2579730844045644,24565,,,,,,FUNDAMENTAL::profitability::stock-session cross-section::SLOW_TEMPORAL_CHANGE
fund_pr_operate_cost_persistence,fund_pr_operate_income_acceleration,0.28542935175795425,24455,,,,,,FUNDAMENTAL::profitability::stock-session cross-section::SLOW_TEMPORAL_CHANGE
fund_pr_operate_cost_persistence,fund_pr_operate_income_delta,0.25857229932189296,24565,,,,,,FUNDAMENTAL::profitability::stock-session cross-section::SLOW_TEMPORAL_CHANGE
fund_pr_operate_cost_persistence,fund_pr_operate_income_persistence,0.9868799372748188,24565,,,,,,FUNDAMENTAL::profitability::stock-session cross-section::SLOW_TEMPORAL_CHANGE
fund_pr_operate_cost_persistence,fund_pr_operate_income_slope,0.2580873908653411,24565,,,,,,FUNDAMENTAL::profitability::stock-session cross-section::SLOW_TEMPORAL_CHANGE
fund_pr_operate_cost_persistence,fund_pr_operate_profit_acceleration,0.13883446885748582,24495,,,,,,FUNDAMENTAL::profitability::stock-session cross-section::SLOW_TEMPORAL_CHANGE
fund_pr_operate_cost_persistence,fund_pr_operate_profit_delta,0.12482148876067459,24565,,,,,,FUNDAMENTAL::profitability::stock-session cross-section::SLOW_TEMPORAL_CHANGE
fund_pr_operate_cost_persistence,fund_pr_operate_profit_persistence,0.4499886450698451,24565,,,,,,FUNDAMENTAL::profitability::stock-session cross-section::SLOW_TEMPORAL_CHANGE
fund_pr_operate_cost_persistence,fund_pr_operate_profit_slope,0.12275227431468147,24565,,,,,,FUNDAMENTAL::profitability::stock-session cross-section::SLOW_TEMPORAL_CHANGE
fund_pr_operate_cost_persistence,fund_pr_parent_netprofit_acceleration,0.14640567867626872,24517,,,,,,FUNDAMENTAL::profitability::stock-session cross-section::SLOW_TEMPORAL_CHANGE
fund_pr_operate_cost_persistence,fund_pr_parent_netprofit_delta,0.12025517665778478,24565,,,,,,FUNDAMENTAL::profitability::stock-session cross-section::SLOW_TEMPORAL_CHANGE
fund_pr_operate_cost_persistence,fund_pr_parent_netprofit_persistence,0.45679286045876555,24565,,,,,,FUNDAMENTAL::profitability::stock-session cross-section::SLOW_TEMPORAL_CHANGE
fund_pr_operate_cost_persistence,fund_pr_parent_netprofit_slope,0.1189409572100852,24565,,,,,,FUNDAMENTAL::profitability::stock-session cross-section::SLOW_TEMPORAL_CHANGE
fund_pr_operate_cost_persistence_at_disclosure,fund_pr_operate_cost_slope_at_disclosure,0.0,10,,,,,,FUNDAMENTAL::profitability::disclosure episode::DISCLOSURE_EVENT
fund_pr_operate_cost_persistence_at_disclosure,fund_pr_operate_income_acceleration_at_disclosure,0.0,8,,,,,,FUNDAMENTAL::profitability::disclosure episode::DISCLOSURE_EVENT
fund_pr_operate_cost_persistence_at_disclosure,fund_pr_operate_income_delta_at_disclosure,0.0,10,,,,,,FUNDAMENTAL::profitability::disclosure episode::DISCLOSURE_EVENT
fund_pr_operate_cost_persistence_at_disclosure,fund_pr_operate_income_persistence_at_disclosure,0.0,10,,,,,,FUNDAMENTAL::profitability::disclosure episode::DISCLOSURE_EVENT
fund_pr_operate_cost_persistence_at_disclosure,fund_pr_operate_income_slope_at_disclosure,0.0,10,,,,,,FUNDAMENTAL::profitability::disclosure episode::DISCLOSURE_EVENT
fund_pr_operate_cost_persistence_at_disclosure,fund_pr_operate_profit_acceleration_at_disclosure,0.0,9,,,,,,FUNDAMENTAL::profitability::disclosure episode::DISCLOSURE_EVENT
fund_pr_operate_cost_persistence_at_disclosure,fund_pr_operate_profit_delta_at_disclosure,0.0,10,,,,,,FUNDAMENTAL::profitability::disclosure episode::DISCLOSURE_EVENT
fund_pr_operate_cost_persistence_at_disclosure,fund_pr_operate_profit_persistence_at_disclosure,0.0,10,,,,,,FUNDAMENTAL::profitability::disclosure episode::DISCLOSURE_EVENT
fund_pr_operate_cost_persistence_at_disclosure,fund_pr_operate_profit_slope_at_disclosure,0.0,10,,,,,,FUNDAMENTAL::profitability::disclosure episode::DISCLOSURE_EVENT
fund_pr_operate_cost_persistence_at_disclosure,fund_pr_parent_netprofit_acceleration_at_disclosure,0.0,10,,,,,,FUNDAMENTAL::profitability::disclosure episode::DISCLOSURE_EVENT
fund_pr_operate_cost_persistence_at_disclosure,fund_pr_parent_netprofit_delta_at_disclosure,0.0,10,,,,,,FUNDAMENTAL::profitability::disclosure episode::DISCLOSURE_EVENT
fund_pr_operate_cost_persistence_at_disclosure,fund_pr_parent_netprofit_persistence_at_disclosure,0.0,10,,,,,,FUNDAMENTAL::profitability::disclosure episode::DISCLOSURE_EVENT
fund_pr_operate_cost_persistence_at_disclosure,fund_pr_parent_netprofit_slope_at_disclosure,0.0,10,,,,,,FUNDAMENTAL::profitability::disclosure episode::DISCLOSURE_EVENT
fund_pr_operate_cost_persistence_at_disclosure,fund_profit_gross_margin_at_disclosure,0.0,10,,,,,,FUNDAMENTAL::profitability::disclosure episode::DISCLOSURE_EVENT
fund_pr_operate_cost_persistence_at_disclosure,fund_profit_operating_margin_at_disclosure,0.0,10,,,,,,FUNDAMENTAL::profitability::disclosure episode::DISCLOSURE_EVENT
fund_pr_operate_cost_persistence_at_disclosure,fund_profit_parent_margin_at_disclosure,1.4325537703508717e-08,10,,,,,,FUNDAMENTAL::profitability::disclosure episode::DISCLOSURE_EVENT
fund_pr_operate_cost_slope,fund_pr_operate_income_acceleration,0.3958186641716765,24455,,,,,,FUNDAMENTAL::profitability::stock-session cross-section::SLOW_TEMPORAL_CHANGE
fund_pr_operate_cost_slope,fund_pr_operate_income_delta,0.698374615905008,24565,,,,,,FUNDAMENTAL::profitability::stock-session cross-section::SLOW_TEMPORAL_CHANGE
fund_pr_operate_cost_slope,fund_pr_operate_income_persistence,0.26266529764141805,24565,,,,,,FUNDAMENTAL::profitability::stock-session cross-section::SLOW_TEMPORAL_CHANGE
fund_pr_operate_cost_slope,fund_pr_operate_income_slope,0.6995552941600277,24565,,,,,,FUNDAMENTAL::profitability::stock-session cross-section::SLOW_TEMPORAL_CHANGE
fund_pr_operate_cost_slope,fund_pr_operate_profit_acceleration,0.17153845961604386,24495,,,,,,FUNDAMENTAL::profitability::stock-session cross-section::SLOW_TEMPORAL_CHANGE
fund_pr_operate_cost_slope,fund_pr_operate_profit_delta,0.24590647130118748,24565,,,,,,FUNDAMENTAL::profitability::stock-session cross-section::SLOW_TEMPORAL_CHANGE
fund_pr_operate_cost_slope,fund_pr_operate_profit_persistence,0.13783725207007566,24565,,,,,,FUNDAMENTAL::profitability::stock-session cross-section::SLOW_TEMPORAL_CHANGE
fund_pr_operate_cost_slope,fund_pr_operate_profit_slope,0.24398202454742007,24565,,,,,,FUNDAMENTAL::profitability::stock-session cross-section::SLOW_TEMPORAL_CHANGE
fund_pr_operate_cost_slope,fund_pr_parent_netprofit_acceleration,0.16451417474689595,24517,,,,,,FUNDAMENTAL::profitability::stock-session cross-section::SLOW_TEMPORAL_CHANGE
fund_pr_operate_cost_slope,fund_pr_parent_netprofit_delta,0.23773893680983965,24565,,,,,,FUNDAMENTAL::profitability::stock-session cross-section::SLOW_TEMPORAL_CHANGE
fund_pr_operate_cost_slope,fund_pr_parent_netprofit_persistence,0.14601027812755385,24565,,,,,,FUNDAMENTAL::profitability::stock-session cross-section::SLOW_TEMPORAL_CHANGE
fund_pr_operate_cost_slope,fund_pr_parent_netprofit_slope,0.2386223072275314,24565,,,,,,FUNDAMENTAL::profitability::stock-session cross-section::SLOW_TEMPORAL_CHANGE
fund_pr_operate_cost_slope_at_disclosure,fund_pr_operate_income_acceleration_at_disclosure,1.0,8,,,,,,FUNDAMENTAL::profitability::disclosure episode::DISCLOSURE_EVENT
fund_pr_operate_cost_slope_at_disclosure,fund_pr_operate_income_delta_at_disclosure,1.0,10,,,,,,FUNDAMENTAL::profitability::disclosure episode::DISCLOSURE_EVENT
fund_pr_operate_cost_slope_at_disclosure,fund_pr_operate_income_persistence_at_disclosure,0.0,10,,,,,,FUNDAMENTAL::profitability::disclosure episode::DISCLOSURE_EVENT
fund_pr_operate_cost_slope_at_disclosure,fund_pr_operate_income_slope_at_disclosure,1.0,10,,,,,,FUNDAMENTAL::profitability::disclosure episode::DISCLOSURE_EVENT
fund_pr_operate_cost_slope_at_disclosure,fund_pr_operate_profit_acceleration_at_disclosure,1.0,9,,,,,,FUNDAMENTAL::profitability::disclosure episode::DISCLOSURE_EVENT
fund_pr_operate_cost_slope_at_disclosure,fund_pr_operate_profit_delta_at_disclosure,1.0,10,,,,,,FUNDAMENTAL::profitability::disclosure episode::DISCLOSURE_EVENT
fund_pr_operate_cost_slope_at_disclosure,fund_pr_operate_profit_persistence_at_disclosure,0.0,10,,,,,,FUNDAMENTAL::profitability::disclosure episode::DISCLOSURE_EVENT
fund_pr_operate_cost_slope_at_disclosure,fund_pr_operate_profit_slope_at_disclosure,1.0,10,,,,,,FUNDAMENTAL::profitability::disclosure episode::DISCLOSURE_EVENT
fund_pr_operate_cost_slope_at_disclosure,fund_pr_parent_netprofit_acceleration_at_disclosure,1.0,10,,,,,,FUNDAMENTAL::profitability::disclosure episode::DISCLOSURE_EVENT
fund_pr_operate_cost_slope_at_disclosure,fund_pr_parent_netprofit_delta_at_disclosure,0.9694297297211406,10,,,,,,FUNDAMENTAL::profitability::disclosure episode::DISCLOSURE_EVENT
fund_pr_operate_cost_slope_at_disclosure,fund_pr_parent_netprofit_persistence_at_disclosure,0.0,10,,,,,,FUNDAMENTAL::profitability::disclosure episode::DISCLOSURE_EVENT
fund_pr_operate_cost_slope_at_disclosure,fund_pr_parent_netprofit_slope_at_disclosure,0.9694297297211406,10,,,,,,FUNDAMENTAL::profitability::disclosure episode::DISCLOSURE_EVENT
fund_pr_operate_cost_slope_at_disclosure,fund_profit_gross_margin_at_disclosure,0.9694297297211406,10,,,,,,FUNDAMENTAL::profitability::disclosure episode::DISCLOSURE_EVENT
fund_pr_operate_cost_slope_at_disclosure,fund_profit_operating_margin_at_disclosure,0.9694297297211406,10,,,,,,FUNDAMENTAL::profitability::disclosure episode::DISCLOSURE_EVENT
fund_pr_operate_cost_slope_at_disclosure,fund_profit_parent_margin_at_disclosure,0.9694297297211406,10,,,,,,FUNDAMENTAL::profitability::disclosure episode::DISCLOSURE_EVENT
fund_pr_operate_cost_source_yoy,fund_pr_operate_cost_yoy,0.2913782358535687,24116,,,,,,FUNDAMENTAL::growth::stock-session cross-section::SLOW_TEMPORAL_CHANGE
fund_pr_operate_cost_source_yoy,fund_pr_operate_income_source_yoy,0.4070722600590016,24116,,,,,,FUNDAMENTAL::growth::stock-session cross-section::SLOW_TEMPORAL_CHANGE
fund_pr_operate_cost_source_yoy,fund_pr_operate_income_yoy,0.19807396329606383,24116,,,,,,FUNDAMENTAL::growth::stock-session cross-section::SLOW_TEMPORAL_CHANGE
fund_pr_operate_cost_source_yoy,fund_pr_operate_profit_source_yoy,0.06533767808907989,24116,,,,,,FUNDAMENTAL::growth::stock-session cross-section::SLOW_TEMPORAL_CHANGE
fund_pr_operate_cost_source_yoy,fund_pr_operate_profit_yoy,0.05301475439591908,24116,,,,,,FUNDAMENTAL::growth::stock-session cross-section::SLOW_TEMPORAL_CHANGE
fund_pr_operate_cost_source_yoy,fund_pr_parent_netprofit_source_yoy,0.0629905922357597,24116,,,,,,FUNDAMENTAL::growth::stock-session cross-section::SLOW_TEMPORAL_CHANGE
fund_pr_operate_cost_source_yoy,fund_pr_parent_netprofit_yoy,0.048341388043455,24116,,,,,,FUNDAMENTAL::growth::stock-session cross-section::SLOW_TEMPORAL_CHANGE
fund_pr_operate_cost_source_yoy_at_disclosure,fund_pr_operate_cost_yoy_at_disclosure,0.0,0,,,,,,FUNDAMENTAL::growth::disclosure episode::DISCLOSURE_EVENT
fund_pr_operate_cost_source_yoy_at_disclosure,fund_pr_operate_income_source_yoy_at_disclosure,0.0,0,,,,,,FUNDAMENTAL::growth::disclosure episode::DISCLOSURE_EVENT
fund_pr_operate_cost_source_yoy_at_disclosure,fund_pr_operate_income_yoy_at_disclosure,0.0,0,,,,,,FUNDAMENTAL::growth::disclosure episode::DISCLOSURE_EVENT
fund_pr_operate_cost_source_yoy_at_disclosure,fund_pr_operate_profit_source_yoy_at_disclosure,0.0,0,,,,,,FUNDAMENTAL::growth::disclosure episode::DISCLOSURE_EVENT
fund_pr_operate_cost_source_yoy_at_disclosure,fund_pr_operate_profit_yoy_at_disclosure,0.0,0,,,,,,FUNDAMENTAL::growth::disclosure episode::DISCLOSURE_EVENT
fund_pr_operate_cost_source_yoy_at_disclosure,fund_pr_parent_netprofit_source_yoy_at_disclosure,0.0,0,,,,,,FUNDAMENTAL::growth::disclosure episode::DISCLOSURE_EVENT
fund_pr_operate_cost_source_yoy_at_disclosure,fund_pr_parent_netprofit_yoy_at_disclosure,0.0,0,,,,,,FUNDAMENTAL::growth::disclosure episode::DISCLOSURE_EVENT
fund_pr_operate_cost_yoy,fund_pr_operate_income_source_yoy,0.2004093011450862,24116,,,,,,FUNDAMENTAL::growth::stock-session cross-section::SLOW_TEMPORAL_CHANGE
fund_pr_operate_cost_yoy,fund_pr_operate_income_yoy,0.486275353885626,24116,,,,,,FUNDAMENTAL::growth::stock-session cross-section::SLOW_TEMPORAL_CHANGE
fund_pr_operate_cost_yoy,fund_pr_operate_profit_source_yoy,0.052366483545510795,24116,,,,,,FUNDAMENTAL::growth::stock-session cross-section::SLOW_TEMPORAL_CHANGE
fund_pr_operate_cost_yoy,fund_pr_operate_profit_yoy,0.14649799986206707,24116,,,,,,FUNDAMENTAL::growth::stock-session cross-section::SLOW_TEMPORAL_CHANGE
fund_pr_operate_cost_yoy,fund_pr_parent_netprofit_source_yoy,0.05014231084637335,24116,,,,,,FUNDAMENTAL::growth::stock-session cross-section::SLOW_TEMPORAL_CHANGE
fund_pr_operate_cost_yoy,fund_pr_parent_netprofit_yoy,0.1430578071671668,24116,,,,,,FUNDAMENTAL::growth::stock-session cross-section::SLOW_TEMPORAL_CHANGE
fund_pr_operate_cost_yoy_at_disclosure,fund_pr_operate_income_source_yoy_at_disclosure,0.0,0,,,,,,FUNDAMENTAL::growth::disclosure episode::DISCLOSURE_EVENT
fund_pr_operate_cost_yoy_at_disclosure,fund_pr_operate_income_yoy_at_disclosure,0.0,0,,,,,,FUNDAMENTAL::growth::disclosure episode::DISCLOSURE_EVENT
fund_pr_operate_cost_yoy_at_disclosure,fund_pr_operate_profit_source_yoy_at_disclosure,0.0,0,,,,,,FUNDAMENTAL::growth::disclosure episode::DISCLOSURE_EVENT
fund_pr_operate_cost_yoy_at_disclosure,fund_pr_operate_profit_yoy_at_disclosure,0.0,0,,,,,,FUNDAMENTAL::growth::disclosure episode::DISCLOSURE_EVENT
fund_pr_operate_cost_yoy_at_disclosure,fund_pr_parent_netprofit_source_yoy_at_disclosure,0.0,0,,,,,,FUNDAMENTAL::growth::disclosure episode::DISCLOSURE_EVENT
fund_pr_operate_cost_yoy_at_disclosure,fund_pr_parent_netprofit_yoy_at_disclosure,0.0,0,,,,,,FUNDAMENTAL::growth::disclosure episode::DISCLOSURE_EVENT
fund_pr_operate_income_acceleration,fund_pr_operate_income_delta,0.4374375678697231,25103,,,,,,FUNDAMENTAL::profitability::stock-session cross-section::SLOW_TEMPORAL_CHANGE
fund_pr_operate_income_acceleration,fund_pr_operate_income_persistence,0.28150557701547035,25103,,,,,,FUNDAMENTAL::profitability::stock-session cross-section::SLOW_TEMPORAL_CHANGE
fund_pr_operate_income_acceleration,fund_pr_operate_income_slope,0.42600848379816125,25103,,,,,,FUNDAMENTAL::profitability::stock-session cross-section::SLOW_TEMPORAL_CHANGE
fund_pr_operate_income_acceleration,fund_pr_operate_profit_acceleration,0.2571553723499196,25103,,,,,,FUNDAMENTAL::profitability::stock-session cross-section::SLOW_TEMPORAL_CHANGE
fund_pr_operate_income_acceleration,fund_pr_operate_profit_delta,0.20220761432474463,25103,,,,,,FUNDAMENTAL::profitability::stock-session cross-section::SLOW_TEMPORAL_CHANGE
fund_pr_operate_income_acceleration,fund_pr_operate_profit_persistence,0.1433751727341333,25103,,,,,,FUNDAMENTAL::profitability::stock-session cross-section::SLOW_TEMPORAL_CHANGE
fund_pr_operate_income_acceleration,fund_pr_operate_profit_slope,0.201069741640637,25103,,,,,,FUNDAMENTAL::profitability::stock-session cross-section::SLOW_TEMPORAL_CHANGE
fund_pr_operate_income_acceleration,fund_pr_parent_netprofit_acceleration,0.25740702453460107,25103,,,,,,FUNDAMENTAL::profitability::stock-session cross-section::SLOW_TEMPORAL_CHANGE
fund_pr_operate_income_acceleration,fund_pr_parent_netprofit_delta,0.19400243158314895,25103,,,,,,FUNDAMENTAL::profitability::stock-session cross-section::SLOW_TEMPORAL_CHANGE
fund_pr_operate_income_acceleration,fund_pr_parent_netprofit_persistence,0.1475803469970409,25103,,,,,,FUNDAMENTAL::profitability::stock-session cross-section::SLOW_TEMPORAL_CHANGE
fund_pr_operate_income_acceleration,fund_pr_parent_netprofit_slope,0.19369094747360302,25103,,,,,,FUNDAMENTAL::profitability::stock-session cross-section::SLOW_TEMPORAL_CHANGE
fund_pr_operate_income_acceleration_at_disclosure,fund_pr_operate_income_delta_at_disclosure,1.0,8,,,,,,FUNDAMENTAL::profitability::disclosure episode::DISCLOSURE_EVENT
fund_pr_operate_income_acceleration_at_disclosure,fund_pr_operate_income_persistence_at_disclosure,0.0,8,,,,,,FUNDAMENTAL::profitability::disclosure episode::DISCLOSURE_EVENT
fund_pr_operate_income_acceleration_at_disclosure,fund_pr_operate_income_slope_at_disclosure,1.0,8,,,,,,FUNDAMENTAL::profitability::disclosure episode::DISCLOSURE_EVENT
fund_pr_operate_income_acceleration_at_disclosure,fund_pr_operate_profit_acceleration_at_disclosure,1.0,8,,,,,,FUNDAMENTAL::profitability::disclosure episode::DISCLOSURE_EVENT
fund_pr_operate_income_acceleration_at_disclosure,fund_pr_operate_profit_delta_at_disclosure,1.0,8,,,,,,FUNDAMENTAL::profitability::disclosure episode::DISCLOSURE_EVENT
fund_pr_operate_income_acceleration_at_disclosure,fund_pr_operate_profit_persistence_at_disclosure,0.0,8,,,,,,FUNDAMENTAL::profitability::disclosure episode::DISCLOSURE_EVENT
fund_pr_operate_income_acceleration_at_disclosure,fund_pr_operate_profit_slope_at_disclosure,1.0,8,,,,,,FUNDAMENTAL::profitability::disclosure episode::DISCLOSURE_EVENT
fund_pr_operate_income_acceleration_at_disclosure,fund_pr_parent_netprofit_acceleration_at_disclosure,1.0,8,,,,,,FUNDAMENTAL::profitability::disclosure episode::DISCLOSURE_EVENT
fund_pr_operate_income_acceleration_at_disclosure,fund_pr_parent_netprofit_delta_at_disclosure,0.9574271077563381,8,,,,,,FUNDAMENTAL::profitability::disclosure episode::DISCLOSURE_EVENT
fund_pr_operate_income_acceleration_at_disclosure,fund_pr_parent_netprofit_persistence_at_disclosure,0.0,8,,,,,,FUNDAMENTAL::profitability::disclosure episode::DISCLOSURE_EVENT
fund_pr_operate_income_acceleration_at_disclosure,fund_pr_parent_netprofit_slope_at_disclosure,0.9574271077563381,8,,,,,,FUNDAMENTAL::profitability::disclosure episode::DISCLOSURE_EVENT
fund_pr_operate_income_acceleration_at_disclosure,fund_profit_gross_margin_at_disclosure,0.9574271077563381,8,,,,,,FUNDAMENTAL::profitability::disclosure episode::DISCLOSURE_EVENT
fund_pr_operate_income_acceleration_at_disclosure,fund_profit_operating_margin_at_disclosure,0.9574271077563381,8,,,,,,FUNDAMENTAL::profitability::disclosure episode::DISCLOSURE_EVENT
fund_pr_operate_income_acceleration_at_disclosure,fund_profit_parent_margin_at_disclosure,0.9574271077563381,8,,,,,,FUNDAMENTAL::profitability::disclosure episode::DISCLOSURE_EVENT
fund_pr_operate_income_delta,fund_pr_operate_income_persistence,0.2639140534541688,25213,,,,,,FUNDAMENTAL::profitability::stock-session cross-section::SLOW_TEMPORAL_CHANGE
fund_pr_operate_income_delta,fund_pr_operate_income_slope,0.9630958955481137,25213,,,,,,FUNDAMENTAL::profitability::stock-session cross-section::SLOW_TEMPORAL_CHANGE
fund_pr_operate_income_delta,fund_pr_operate_profit_acceleration,0.1879219771595779,25143,,,,,,FUNDAMENTAL::profitability::stock-session cross-section::SLOW_TEMPORAL_CHANGE
fund_pr_operate_income_delta,fund_pr_operate_profit_delta,0.28052343148409264,25213,,,,,,FUNDAMENTAL::profitability::stock-session cross-section::SLOW_TEMPORAL_CHANGE
fund_pr_operate_income_delta,fund_pr_operate_profit_persistence,0.13669994211213518,25213,,,,,,FUNDAMENTAL::profitability::stock-session cross-section::SLOW_TEMPORAL_CHANGE
fund_pr_operate_income_delta,fund_pr_operate_profit_slope,0.27840423910578405,25213,,,,,,FUNDAMENTAL::profitability::stock-session cross-section::SLOW_TEMPORAL_CHANGE
fund_pr_operate_income_delta,fund_pr_parent_netprofit_acceleration,0.1783227192324616,25165,,,,,,FUNDAMENTAL::profitability::stock-session cross-section::SLOW_TEMPORAL_CHANGE
fund_pr_operate_income_delta,fund_pr_parent_netprofit_delta,0.2727820741498154,25213,,,,,,FUNDAMENTAL::profitability::stock-session cross-section::SLOW_TEMPORAL_CHANGE
fund_pr_operate_income_delta,fund_pr_parent_netprofit_persistence,0.1463470808176156,25213,,,,,,FUNDAMENTAL::profitability::stock-session cross-section::SLOW_TEMPORAL_CHANGE
fund_pr_operate_income_delta,fund_pr_parent_netprofit_slope,0.27339724144124083,25213,,,,,,FUNDAMENTAL::profitability::stock-session cross-section::SLOW_TEMPORAL_CHANGE
fund_pr_operate_income_delta_at_disclosure,fund_pr_operate_income_persistence_at_disclosure,0.0,10,,,,,,FUNDAMENTAL::profitability::disclosure episode::DISCLOSURE_EVENT
fund_pr_operate_income_delta_at_disclosure,fund_pr_operate_income_slope_at_disclosure,1.0,10,,,,,,FUNDAMENTAL::profitability::disclosure episode::DISCLOSURE_EVENT
fund_pr_operate_income_delta_at_disclosure,fund_pr_operate_profit_acceleration_at_disclosure,1.0,9,,,,,,FUNDAMENTAL::profitability::disclosure episode::DISCLOSURE_EVENT
fund_pr_operate_income_delta_at_disclosure,fund_pr_operate_profit_delta_at_disclosure,1.0,10,,,,,,FUNDAMENTAL::profitability::disclosure episode::DISCLOSURE_EVENT
fund_pr_operate_income_delta_at_disclosure,fund_pr_operate_profit_persistence_at_disclosure,0.0,10,,,,,,FUNDAMENTAL::profitability::disclosure episode::DISCLOSURE_EVENT
fund_pr_operate_income_delta_at_disclosure,fund_pr_operate_profit_slope_at_disclosure,1.0,10,,,,,,FUNDAMENTAL::profitability::disclosure episode::DISCLOSURE_EVENT
fund_pr_operate_income_delta_at_disclosure,fund_pr_parent_netprofit_acceleration_at_disclosure,1.0,10,,,,,,FUNDAMENTAL::profitability::disclosure episode::DISCLOSURE_EVENT
fund_pr_operate_income_delta_at_disclosure,fund_pr_parent_netprofit_delta_at_disclosure,0.9694297297211406,10,,,,,,FUNDAMENTAL::profitability::disclosure episode::DISCLOSURE_EVENT
fund_pr_operate_income_delta_at_disclosure,fund_pr_parent_netprofit_persistence_at_disclosure,0.0,10,,,,,,FUNDAMENTAL::profitability::disclosure episode::DISCLOSURE_EVENT
fund_pr_operate_income_delta_at_disclosure,fund_pr_parent_netprofit_slope_at_disclosure,0.9694297297211406,10,,,,,,FUNDAMENTAL::profitability::disclosure episode::DISCLOSURE_EVENT
fund_pr_operate_income_delta_at_disclosure,fund_profit_gross_margin_at_disclosure,0.9694297297211406,10,,,,,,FUNDAMENTAL::profitability::disclosure episode::DISCLOSURE_EVENT
fund_pr_operate_income_delta_at_disclosure,fund_profit_operating_margin_at_disclosure,0.9694297297211406,10,,,,,,FUNDAMENTAL::profitability::disclosure episode::DISCLOSURE_EVENT
fund_pr_operate_income_delta_at_disclosure,fund_profit_parent_margin_at_disclosure,0.9694297297211406,10,,,,,,FUNDAMENTAL::profitability::disclosure episode::DISCLOSURE_EVENT
fund_pr_operate_income_persistence,fund_pr_operate_income_slope,0.26344419622332127,25213,,,,,,FUNDAMENTAL::profitability::stock-session cross-section::SLOW_TEMPORAL_CHANGE
fund_pr_operate_income_persistence,fund_pr_operate_profit_acceleration,0.13119919189037357,25143,,,,,,FUNDAMENTAL::profitability::stock-session cross-section::SLOW_TEMPORAL_CHANGE
fund_pr_operate_income_persistence,fund_pr_operate_profit_delta,0.12486365226333675,25213,,,,,,FUNDAMENTAL::profitability::stock-session cross-section::SLOW_TEMPORAL_CHANGE
fund_pr_operate_income_persistence,fund_pr_operate_profit_persistence,0.4441911878341179,25213,,,,,,FUNDAMENTAL::profitability::stock-session cross-section::SLOW_TEMPORAL_CHANGE
fund_pr_operate_income_persistence,fund_pr_operate_profit_slope,0.12288408667254591,25213,,,,,,FUNDAMENTAL::profitability::stock-session cross-section::SLOW_TEMPORAL_CHANGE
fund_pr_operate_income_persistence,fund_pr_parent_netprofit_acceleration,0.1406735935878218,25165,,,,,,FUNDAMENTAL::profitability::stock-session cross-section::SLOW_TEMPORAL_CHANGE
fund_pr_operate_income_persistence,fund_pr_parent_netprofit_delta,0.12205933630564307,25213,,,,,,FUNDAMENTAL::profitability::stock-session cross-section::SLOW_TEMPORAL_CHANGE
fund_pr_operate_income_persistence,fund_pr_parent_netprofit_persistence,0.4597696440374082,25213,,,,,,FUNDAMENTAL::profitability::stock-session cross-section::SLOW_TEMPORAL_CHANGE
fund_pr_operate_income_persistence,fund_pr_parent_netprofit_slope,0.12074182438341684,25213,,,,,,FUNDAMENTAL::profitability::stock-session cross-section::SLOW_TEMPORAL_CHANGE
fund_pr_operate_income_persistence_at_disclosure,fund_pr_operate_income_slope_at_disclosure,0.0,10,,,,,,FUNDAMENTAL::profitability::disclosure episode::DISCLOSURE_EVENT
fund_pr_operate_income_persistence_at_disclosure,fund_pr_operate_profit_acceleration_at_disclosure,0.0,9,,,,,,FUNDAMENTAL::profitability::disclosure episode::DISCLOSURE_EVENT
fund_pr_operate_income_persistence_at_disclosure,fund_pr_operate_profit_delta_at_disclosure,0.0,10,,,,,,FUNDAMENTAL::profitability::disclosure episode::DISCLOSURE_EVENT
fund_pr_operate_income_persistence_at_disclosure,fund_pr_operate_profit_persistence_at_disclosure,0.0,10,,,,,,FUNDAMENTAL::profitability::disclosure episode::DISCLOSURE_EVENT
fund_pr_operate_income_persistence_at_disclosure,fund_pr_operate_profit_slope_at_disclosure,0.0,10,,,,,,FUNDAMENTAL::profitability::disclosure episode::DISCLOSURE_EVENT
fund_pr_operate_income_persistence_at_disclosure,fund_pr_parent_netprofit_acceleration_at_disclosure,0.0,10,,,,,,FUNDAMENTAL::profitability::disclosure episode::DISCLOSURE_EVENT
fund_pr_operate_income_persistence_at_disclosure,fund_pr_parent_netprofit_delta_at_disclosure,0.0,10,,,,,,FUNDAMENTAL::profitability::disclosure episode::DISCLOSURE_EVENT
fund_pr_operate_income_persistence_at_disclosure,fund_pr_parent_netprofit_persistence_at_disclosure,0.0,10,,,,,,FUNDAMENTAL::profitability::disclosure episode::DISCLOSURE_EVENT
fund_pr_operate_income_persistence_at_disclosure,fund_pr_parent_netprofit_slope_at_disclosure,0.0,10,,,,,,FUNDAMENTAL::profitability::disclosure episode::DISCLOSURE_EVENT
fund_pr_operate_income_persistence_at_disclosure,fund_profit_gross_margin_at_disclosure,0.0,10,,,,,,FUNDAMENTAL::profitability::disclosure episode::DISCLOSURE_EVENT
fund_pr_operate_income_persistence_at_disclosure,fund_profit_operating_margin_at_disclosure,0.0,10,,,,,,FUNDAMENTAL::profitability::disclosure episode::DISCLOSURE_EVENT
fund_pr_operate_income_persistence_at_disclosure,fund_profit_parent_margin_at_disclosure,1.4325537703508717e-08,10,,,,,,FUNDAMENTAL::profitability::disclosure episode::DISCLOSURE_EVENT
fund_pr_operate_income_slope,fund_pr_operate_profit_acceleration,0.18826386119371785,25143,,,,,,FUNDAMENTAL::profitability::stock-session cross-section::SLOW_TEMPORAL_CHANGE
fund_pr_operate_income_slope,fund_pr_operate_profit_delta,0.2815427140982362,25213,,,,,,FUNDAMENTAL::profitability::stock-session cross-section::SLOW_TEMPORAL_CHANGE
fund_pr_operate_income_slope,fund_pr_operate_profit_persistence,0.13677266110550895,25213,,,,,,FUNDAMENTAL::profitability::stock-session cross-section::SLOW_TEMPORAL_CHANGE
fund_pr_operate_income_slope,fund_pr_operate_profit_slope,0.2791488802348624,25213,,,,,,FUNDAMENTAL::profitability::stock-session cross-section::SLOW_TEMPORAL_CHANGE
fund_pr_operate_income_slope,fund_pr_parent_netprofit_acceleration,0.17831277773628912,25165,,,,,,FUNDAMENTAL::profitability::stock-session cross-section::SLOW_TEMPORAL_CHANGE
fund_pr_operate_income_slope,fund_pr_parent_netprofit_delta,0.27362889773530297,25213,,,,,,FUNDAMENTAL::profitability::stock-session cross-section::SLOW_TEMPORAL_CHANGE
fund_pr_operate_income_slope,fund_pr_parent_netprofit_persistence,0.14658915246485682,25213,,,,,,FUNDAMENTAL::profitability::stock-session cross-section::SLOW_TEMPORAL_CHANGE
fund_pr_operate_income_slope,fund_pr_parent_netprofit_slope,0.27419485568003726,25213,,,,,,FUNDAMENTAL::profitability::stock-session cross-section::SLOW_TEMPORAL_CHANGE
fund_pr_operate_income_slope_at_disclosure,fund_pr_operate_profit_acceleration_at_disclosure,1.0,9,,,,,,FUNDAMENTAL::profitability::disclosure episode::DISCLOSURE_EVENT
fund_pr_operate_income_slope_at_disclosure,fund_pr_operate_profit_delta_at_disclosure,1.0,10,,,,,,FUNDAMENTAL::profitability::disclosure episode::DISCLOSURE_EVENT
fund_pr_operate_income_slope_at_disclosure,fund_pr_operate_profit_persistence_at_disclosure,0.0,10,,,,,,FUNDAMENTAL::profitability::disclosure episode::DISCLOSURE_EVENT
fund_pr_operate_income_slope_at_disclosure,fund_pr_operate_profit_slope_at_disclosure,1.0,10,,,,,,FUNDAMENTAL::profitability::disclosure episode::DISCLOSURE_EVENT
fund_pr_operate_income_slope_at_disclosure,fund_pr_parent_netprofit_acceleration_at_disclosure,1.0,10,,,,,,FUNDAMENTAL::profitability::disclosure episode::DISCLOSURE_EVENT
fund_pr_operate_income_slope_at_disclosure,fund_pr_parent_netprofit_delta_at_disclosure,0.9694297297211406,10,,,,,,FUNDAMENTAL::profitability::disclosure episode::DISCLOSURE_EVENT
fund_pr_operate_income_slope_at_disclosure,fund_pr_parent_netprofit_persistence_at_disclosure,0.0,10,,,,,,FUNDAMENTAL::profitability::disclosure episode::DISCLOSURE_EVENT
fund_pr_operate_income_slope_at_disclosure,fund_pr_parent_netprofit_slope_at_disclosure,0.9694297297211406,10,,,,,,FUNDAMENTAL::profitability::disclosure episode::DISCLOSURE_EVENT
fund_pr_operate_income_slope_at_disclosure,fund_profit_gross_margin_at_disclosure,0.9694297297211406,10,,,,,,FUNDAMENTAL::profitability::disclosure episode::DISCLOSURE_EVENT
fund_pr_operate_income_slope_at_disclosure,fund_profit_operating_margin_at_disclosure,0.9694297297211406,10,,,,,,FUNDAMENTAL::profitability::disclosure episode::DISCLOSURE_EVENT
fund_pr_operate_income_slope_at_disclosure,fund_profit_parent_margin_at_disclosure,0.9694297297211406,10,,,,,,FUNDAMENTAL::profitability::disclosure episode::DISCLOSURE_EVENT
fund_pr_operate_income_source_yoy,fund_pr_operate_income_yoy,0.2960112273530808,24764,,,,,,FUNDAMENTAL::growth::stock-session cross-section::SLOW_TEMPORAL_CHANGE
fund_pr_operate_income_source_yoy,fund_pr_operate_profit_source_yoy,0.11016585293995416,24764,,,,,,FUNDAMENTAL::growth::stock-session cross-section::SLOW_TEMPORAL_CHANGE
fund_pr_operate_income_source_yoy,fund_pr_operate_profit_yoy,0.08971231146523823,24764,,,,,,FUNDAMENTAL::growth::stock-session cross-section::SLOW_TEMPORAL_CHANGE
fund_pr_operate_income_source_yoy,fund_pr_parent_netprofit_source_yoy,0.10346329610688548,24764,,,,,,FUNDAMENTAL::growth::stock-session cross-section::SLOW_TEMPORAL_CHANGE
fund_pr_operate_income_source_yoy,fund_pr_parent_netprofit_yoy,0.07995389081395042,24764,,,,,,FUNDAMENTAL::growth::stock-session cross-section::SLOW_TEMPORAL_CHANGE
fund_pr_operate_income_source_yoy_at_disclosure,fund_pr_operate_income_yoy_at_disclosure,0.0,0,,,,,,FUNDAMENTAL::growth::disclosure episode::DISCLOSURE_EVENT
fund_pr_operate_income_source_yoy_at_disclosure,fund_pr_operate_profit_source_yoy_at_disclosure,0.0,0,,,,,,FUNDAMENTAL::growth::disclosure episode::DISCLOSURE_EVENT
fund_pr_operate_income_source_yoy_at_disclosure,fund_pr_operate_profit_yoy_at_disclosure,0.0,0,,,,,,FUNDAMENTAL::growth::disclosure episode::DISCLOSURE_EVENT
fund_pr_operate_income_source_yoy_at_disclosure,fund_pr_parent_netprofit_source_yoy_at_disclosure,0.0,0,,,,,,FUNDAMENTAL::growth::disclosure episode::DISCLOSURE_EVENT
fund_pr_operate_income_source_yoy_at_disclosure,fund_pr_parent_netprofit_yoy_at_disclosure,0.0,0,,,,,,FUNDAMENTAL::growth::disclosure episode::DISCLOSURE_EVENT
fund_pr_operate_income_yoy,fund_pr_operate_profit_source_yoy,0.08516971681251079,24764,,,,,,FUNDAMENTAL::growth::stock-session cross-section::SLOW_TEMPORAL_CHANGE
fund_pr_operate_income_yoy,fund_pr_operate_profit_yoy,0.21396907568301513,24764,,,,,,FUNDAMENTAL::growth::stock-session cross-section::SLOW_TEMPORAL_CHANGE
fund_pr_operate_income_yoy,fund_pr_parent_netprofit_source_yoy,0.07738468004110995,24764,,,,,,FUNDAMENTAL::growth::stock-session cross-section::SLOW_TEMPORAL_CHANGE
fund_pr_operate_income_yoy,fund_pr_parent_netprofit_yoy,0.20423504645165513,24764,,,,,,FUNDAMENTAL::growth::stock-session cross-section::SLOW_TEMPORAL_CHANGE
fund_pr_operate_income_yoy_at_disclosure,fund_pr_operate_profit_source_yoy_at_disclosure,0.0,0,,,,,,FUNDAMENTAL::growth::disclosure episode::DISCLOSURE_EVENT
fund_pr_operate_income_yoy_at_disclosure,fund_pr_operate_profit_yoy_at_disclosure,0.0,0,,,,,,FUNDAMENTAL::growth::disclosure episode::DISCLOSURE_EVENT
fund_pr_operate_income_yoy_at_disclosure,fund_pr_parent_netprofit_source_yoy_at_disclosure,0.0,0,,,,,,FUNDAMENTAL::growth::disclosure episode::DISCLOSURE_EVENT
fund_pr_operate_income_yoy_at_disclosure,fund_pr_parent_netprofit_yoy_at_disclosure,0.0,0,,,,,,FUNDAMENTAL::growth::disclosure episode::DISCLOSURE_EVENT
fund_pr_operate_profit_acceleration,fund_pr_operate_profit_delta,0.311131717624506,25238,,,,,,FUNDAMENTAL::profitability::stock-session cross-section::SLOW_TEMPORAL_CHANGE
fund_pr_operate_profit_acceleration,fund_pr_operate_profit_persistence,0.11659988066885593,25238,,,,,,FUNDAMENTAL::profitability::stock-session cross-section::SLOW_TEMPORAL_CHANGE
fund_pr_operate_profit_acceleration,fund_pr_operate_profit_slope,0.3034048117818433,25238,,,,,,FUNDAMENTAL::profitability::stock-session cross-section::SLOW_TEMPORAL_CHANGE
fund_pr_operate_profit_acceleration,fund_pr_parent_netprofit_acceleration,0.6479868856960268,25238,,,,,,FUNDAMENTAL::profitability::stock-session cross-section::SLOW_TEMPORAL_CHANGE
fund_pr_operate_profit_acceleration,fund_pr_parent_netprofit_delta,0.29223549563687556,25238,,,,,,FUNDAMENTAL::profitability::stock-session cross-section::SLOW_TEMPORAL_CHANGE
fund_pr_operate_profit_acceleration,fund_pr_parent_netprofit_persistence,0.10700512216848333,25238,,,,,,FUNDAMENTAL::profitability::stock-session cross-section::SLOW_TEMPORAL_CHANGE
fund_pr_operate_profit_acceleration,fund_pr_parent_netprofit_slope,0.2861449854317579,25238,,,,,,FUNDAMENTAL::profitability::stock-session cross-section::SLOW_TEMPORAL_CHANGE
fund_pr_operate_profit_acceleration_at_disclosure,fund_pr_operate_profit_delta_at_disclosure,0.9789917769413968,13,,,,,,FUNDAMENTAL::profitability::disclosure episode::DISCLOSURE_EVENT
fund_pr_operate_profit_acceleration_at_disclosure,fund_pr_operate_profit_persistence_at_disclosure,9.304235950546955e-09,13,,,,,,FUNDAMENTAL::profitability::disclosure episode::DISCLOSURE_EVENT
fund_pr_operate_profit_acceleration_at_disclosure,fund_pr_operate_profit_slope_at_disclosure,0.978991776941397,13,,,,,,FUNDAMENTAL::profitability::disclosure episode::DISCLOSURE_EVENT
fund_pr_operate_profit_acceleration_at_disclosure,fund_pr_parent_netprofit_acceleration_at_disclosure,0.978991776941397,13,,,,,,FUNDAMENTAL::profitability::disclosure episode::DISCLOSURE_EVENT
fund_pr_operate_profit_acceleration_at_disclosure,fund_pr_parent_netprofit_delta_at_disclosure,0.9575227405329587,13,,,,,,FUNDAMENTAL::profitability::disclosure episode::DISCLOSURE_EVENT
fund_pr_operate_profit_acceleration_at_disclosure,fund_pr_parent_netprofit_persistence_at_disclosure,9.304235950546955e-09,13,,,,,,FUNDAMENTAL::profitability::disclosure episode::DISCLOSURE_EVENT
fund_pr_operate_profit_acceleration_at_disclosure,fund_pr_parent_netprofit_slope_at_disclosure,0.9575227405329587,13,,,,,,FUNDAMENTAL::profitability::disclosure episode::DISCLOSURE_EVENT
fund_pr_operate_profit_acceleration_at_disclosure,fund_profit_gross_margin_at_disclosure,0.9733667134494034,11,,,,,,FUNDAMENTAL::profitability::disclosure episode::DISCLOSURE_EVENT
fund_pr_operate_profit_acceleration_at_disclosure,fund_profit_operating_margin_at_disclosure,0.9733667134494034,11,,,,,,FUNDAMENTAL::profitability::disclosure episode::DISCLOSURE_EVENT
fund_pr_operate_profit_acceleration_at_disclosure,fund_profit_parent_margin_at_disclosure,0.9459838887119517,11,,,,,,FUNDAMENTAL::profitability::disclosure episode::DISCLOSURE_EVENT
fund_pr_operate_profit_delta,fund_pr_operate_profit_persistence,0.09043844183603574,25379,,,,,,FUNDAMENTAL::profitability::stock-session cross-section::SLOW_TEMPORAL_CHANGE
fund_pr_operate_profit_delta,fund_pr_operate_profit_slope,0.9399758225224911,25379,,,,,,FUNDAMENTAL::profitability::stock-session cross-section::SLOW_TEMPORAL_CHANGE
fund_pr_operate_profit_delta,fund_pr_parent_netprofit_acceleration,0.2905007910585255,25279,,,,,,FUNDAMENTAL::profitability::stock-session cross-section::SLOW_TEMPORAL_CHANGE
fund_pr_operate_profit_delta,fund_pr_parent_netprofit_delta,0.7204637224851012,25379,,,,,,FUNDAMENTAL::profitability::stock-session cross-section::SLOW_TEMPORAL_CHANGE
fund_pr_operate_profit_delta,fund_pr_parent_netprofit_persistence,0.08829508761003575,25379,,,,,,FUNDAMENTAL::profitability::stock-session cross-section::SLOW_TEMPORAL_CHANGE
fund_pr_operate_profit_delta,fund_pr_parent_netprofit_slope,0.7057735077062308,25379,,,,,,FUNDAMENTAL::profitability::stock-session cross-section::SLOW_TEMPORAL_CHANGE
fund_pr_operate_profit_delta_at_disclosure,fund_pr_operate_profit_persistence_at_disclosure,1.2703903994307725e-08,17,,,,,,FUNDAMENTAL::profitability::disclosure episode::DISCLOSURE_EVENT
fund_pr_operate_profit_delta_at_disclosure,fund_pr_operate_profit_slope_at_disclosure,0.970364604991416,17,,,,,,FUNDAMENTAL::profitability::disclosure episode::DISCLOSURE_EVENT
fund_pr_operate_profit_delta_at_disclosure,fund_pr_parent_netprofit_acceleration_at_disclosure,0.9646664078305408,15,,,,,,FUNDAMENTAL::profitability::disclosure episode::DISCLOSURE_EVENT
fund_pr_operate_profit_delta_at_disclosure,fund_pr_parent_netprofit_delta_at_disclosure,0.9549863318318109,17,,,,,,FUNDAMENTAL::profitability::disclosure episode::DISCLOSURE_EVENT
fund_pr_operate_profit_delta_at_disclosure,fund_pr_parent_netprofit_persistence_at_disclosure,1.2703903994307725e-08,17,,,,,,FUNDAMENTAL::profitability::disclosure episode::DISCLOSURE_EVENT
fund_pr_operate_profit_delta_at_disclosure,fund_pr_parent_netprofit_slope_at_disclosure,0.9549863318318109,17,,,,,,FUNDAMENTAL::profitability::disclosure episode::DISCLOSURE_EVENT
fund_pr_operate_profit_delta_at_disclosure,fund_profit_gross_margin_at_disclosure,0.9461994581745391,15,,,,,,FUNDAMENTAL::profitability::disclosure episode::DISCLOSURE_EVENT
fund_pr_operate_profit_delta_at_disclosure,fund_profit_operating_margin_at_disclosure,0.9081456552345368,15,,,,,,FUNDAMENTAL::profitability::disclosure episode::DISCLOSURE_EVENT
fund_pr_operate_profit_delta_at_disclosure,fund_profit_parent_margin_at_disclosure,0.9273667171768882,15,,,,,,FUNDAMENTAL::profitability::disclosure episode::DISCLOSURE_EVENT
fund_pr_operate_profit_persistence,fund_pr_operate_profit_slope,0.09079497022689971,25379,,,,,,FUNDAMENTAL::profitability::stock-session cross-section::SLOW_TEMPORAL_CHANGE
fund_pr_operate_profit_persistence,fund_pr_parent_netprofit_acceleration,0.11813050463770333,25279,,,,,,FUNDAMENTAL::profitability::stock-session cross-section::SLOW_TEMPORAL_CHANGE
fund_pr_operate_profit_persistence,fund_pr_parent_netprofit_delta,0.08729349988171328,25379,,,,,,FUNDAMENTAL::profitability::stock-session cross-section::SLOW_TEMPORAL_CHANGE
fund_pr_operate_profit_persistence,fund_pr_parent_netprofit_persistence,0.6763605966428725,25379,,,,,,FUNDAMENTAL::profitability::stock-session cross-section::SLOW_TEMPORAL_CHANGE
fund_pr_operate_profit_persistence,fund_pr_parent_netprofit_slope,0.0867961782689555,25379,,,,,,FUNDAMENTAL::profitability::stock-session cross-section::SLOW_TEMPORAL_CHANGE
fund_pr_operate_profit_persistence_at_disclosure,fund_pr_operate_profit_slope_at_disclosure,1.2703903994307725e-08,17,,,,,,FUNDAMENTAL::profitability::disclosure episode::DISCLOSURE_EVENT
fund_pr_operate_profit_persistence_at_disclosure,fund_pr_parent_netprofit_acceleration_at_disclosure,0.0,15,,,,,,FUNDAMENTAL::profitability::disclosure episode::DISCLOSURE_EVENT
fund_pr_operate_profit_persistence_at_disclosure,fund_pr_parent_netprofit_delta_at_disclosure,1.2896436665008876e-08,17,,,,,,FUNDAMENTAL::profitability::disclosure episode::DISCLOSURE_EVENT
fund_pr_operate_profit_persistence_at_disclosure,fund_pr_parent_netprofit_persistence_at_disclosure,0.0,17,,,,,,FUNDAMENTAL::profitability::disclosure episode::DISCLOSURE_EVENT
fund_pr_operate_profit_persistence_at_disclosure,fund_pr_parent_netprofit_slope_at_disclosure,1.2896436665008876e-08,17,,,,,,FUNDAMENTAL::profitability::disclosure episode::DISCLOSURE_EVENT
fund_pr_operate_profit_persistence_at_disclosure,fund_profit_gross_margin_at_disclosure,0.0,15,,,,,,FUNDAMENTAL::profitability::disclosure episode::DISCLOSURE_EVENT
fund_pr_operate_profit_persistence_at_disclosure,fund_profit_operating_margin_at_disclosure,0.0,15,,,,,,FUNDAMENTAL::profitability::disclosure episode::DISCLOSURE_EVENT
fund_pr_operate_profit_persistence_at_disclosure,fund_profit_parent_margin_at_disclosure,0.0,15,,,,,,FUNDAMENTAL::profitability::disclosure episode::DISCLOSURE_EVENT
fund_pr_operate_profit_slope,fund_pr_parent_netprofit_acceleration,0.28677745415123423,25279,,,,,,FUNDAMENTAL::profitability::stock-session cross-section::SLOW_TEMPORAL_CHANGE
fund_pr_operate_profit_slope,fund_pr_parent_netprofit_delta,0.7148829161432508,25379,,,,,,FUNDAMENTAL::profitability::stock-session cross-section::SLOW_TEMPORAL_CHANGE
fund_pr_operate_profit_slope,fund_pr_parent_netprofit_persistence,0.08870549512024112,25379,,,,,,FUNDAMENTAL::profitability::stock-session cross-section::SLOW_TEMPORAL_CHANGE
fund_pr_operate_profit_slope,fund_pr_parent_netprofit_slope,0.7226384628793688,25379,,,,,,FUNDAMENTAL::profitability::stock-session cross-section::SLOW_TEMPORAL_CHANGE
fund_pr_operate_profit_slope_at_disclosure,fund_pr_parent_netprofit_acceleration_at_disclosure,0.9646664078305408,15,,,,,,FUNDAMENTAL::profitability::disclosure episode::DISCLOSURE_EVENT
fund_pr_operate_profit_slope_at_disclosure,fund_pr_parent_netprofit_delta_at_disclosure,0.9549863318318109,17,,,,,,FUNDAMENTAL::profitability::disclosure episode::DISCLOSURE_EVENT
fund_pr_operate_profit_slope_at_disclosure,fund_pr_parent_netprofit_persistence_at_disclosure,1.2703903994307725e-08,17,,,,,,FUNDAMENTAL::profitability::disclosure episode::DISCLOSURE_EVENT
fund_pr_operate_profit_slope_at_disclosure,fund_pr_parent_netprofit_slope_at_disclosure,0.9549863318318109,17,,,,,,FUNDAMENTAL::profitability::disclosure episode::DISCLOSURE_EVENT
fund_pr_operate_profit_slope_at_disclosure,fund_profit_gross_margin_at_disclosure,0.9461994581745391,15,,,,,,FUNDAMENTAL::profitability::disclosure episode::DISCLOSURE_EVENT
fund_pr_operate_profit_slope_at_disclosure,fund_profit_operating_margin_at_disclosure,0.908145655234537,15,,,,,,FUNDAMENTAL::profitability::disclosure episode::DISCLOSURE_EVENT
fund_pr_operate_profit_slope_at_disclosure,fund_profit_parent_margin_at_disclosure,0.9273667171768882,15,,,,,,FUNDAMENTAL::profitability::disclosure episode::DISCLOSURE_EVENT
fund_pr_operate_profit_source_yoy,fund_pr_operate_profit_yoy,0.2860147631553764,24960,,,,,,FUNDAMENTAL::growth::stock-session cross-section::SLOW_TEMPORAL_CHANGE
fund_pr_operate_profit_source_yoy,fund_pr_parent_netprofit_source_yoy,0.5370667199609661,24960,,,,,,FUNDAMENTAL::growth::stock-session cross-section::SLOW_TEMPORAL_CHANGE
fund_pr_operate_profit_source_yoy,fund_pr_parent_netprofit_yoy,0.23314845880505441,24960,,,,,,FUNDAMENTAL::growth::stock-session cross-section::SLOW_TEMPORAL_CHANGE
fund_pr_operate_profit_source_yoy_at_disclosure,fund_pr_operate_profit_yoy_at_disclosure,0.844582997747351,5,,,,,,FUNDAMENTAL::growth::disclosure episode::DISCLOSURE_EVENT
fund_pr_operate_profit_source_yoy_at_disclosure,fund_pr_parent_netprofit_source_yoy_at_disclosure,0.844582997747351,5,,,,,,FUNDAMENTAL::growth::disclosure episode::DISCLOSURE_EVENT
fund_pr_operate_profit_source_yoy_at_disclosure,fund_pr_parent_netprofit_yoy_at_disclosure,0.844582997747351,5,,,,,,FUNDAMENTAL::growth::disclosure episode::DISCLOSURE_EVENT
fund_pr_operate_profit_yoy,fund_pr_parent_netprofit_source_yoy,0.23620784382811685,24960,,,,,,FUNDAMENTAL::growth::stock-session cross-section::SLOW_TEMPORAL_CHANGE
fund_pr_operate_profit_yoy,fund_pr_parent_netprofit_yoy,0.6171258858428568,25069,,,,,,FUNDAMENTAL::growth::stock-session cross-section::SLOW_TEMPORAL_CHANGE
fund_pr_operate_profit_yoy_at_disclosure,fund_pr_parent_netprofit_source_yoy_at_disclosure,1.0,5,,,,,,FUNDAMENTAL::growth::disclosure episode::DISCLOSURE_EVENT
fund_pr_operate_profit_yoy_at_disclosure,fund_pr_parent_netprofit_yoy_at_disclosure,0.9615673283089692,9,,,,,,FUNDAMENTAL::growth::disclosure episode::DISCLOSURE_EVENT
fund_pr_parent_netprofit_acceleration,fund_pr_parent_netprofit_delta,0.30327145223187374,25395,,,,,,FUNDAMENTAL::profitability::stock-session cross-section::SLOW_TEMPORAL_CHANGE
fund_pr_parent_netprofit_acceleration,fund_pr_parent_netprofit_persistence,0.12689535561490348,25395,,,,,,FUNDAMENTAL::profitability::stock-session cross-section::SLOW_TEMPORAL_CHANGE
fund_pr_parent_netprofit_acceleration,fund_pr_parent_netprofit_slope,0.298685390010291,25395,,,,,,FUNDAMENTAL::profitability::stock-session cross-section::SLOW_TEMPORAL_CHANGE
fund_pr_parent_netprofit_acceleration_at_disclosure,fund_pr_parent_netprofit_delta_at_disclosure,0.942473543868244,18,,,,,,FUNDAMENTAL::profitability::disclosure episode::DISCLOSURE_EVENT
fund_pr_parent_netprofit_acceleration_at_disclosure,fund_pr_parent_netprofit_persistence_at_disclosure,0.0,18,,,,,,FUNDAMENTAL::profitability::disclosure episode::DISCLOSURE_EVENT
fund_pr_parent_netprofit_acceleration_at_disclosure,fund_pr_parent_netprofit_slope_at_disclosure,0.8980203909530171,18,,,,,,FUNDAMENTAL::profitability::disclosure episode::DISCLOSURE_EVENT
fund_pr_parent_netprofit_acceleration_at_disclosure,fund_profit_gross_margin_at_disclosure,0.9610159013690787,14,,,,,,FUNDAMENTAL::profitability::disclosure episode::DISCLOSURE_EVENT
fund_pr_parent_netprofit_acceleration_at_disclosure,fund_profit_operating_margin_at_disclosure,0.9405472417099408,14,,,,,,FUNDAMENTAL::profitability::disclosure episode::DISCLOSURE_EVENT
fund_pr_parent_netprofit_acceleration_at_disclosure,fund_profit_parent_margin_at_disclosure,0.9405472417099408,14,,,,,,FUNDAMENTAL::profitability::disclosure episode::DISCLOSURE_EVENT
fund_pr_parent_netprofit_delta,fund_pr_parent_netprofit_persistence,0.0872109508821187,25622,,,,,,FUNDAMENTAL::profitability::stock-session cross-section::SLOW_TEMPORAL_CHANGE
fund_pr_parent_netprofit_delta,fund_pr_parent_netprofit_slope,0.9365482317247874,25645,,,,,,FUNDAMENTAL::profitability::stock-session cross-section::SLOW_TEMPORAL_CHANGE
fund_pr_parent_netprofit_delta_at_disclosure,fund_pr_parent_netprofit_persistence_at_disclosure,0.0,23,,,,,,FUNDAMENTAL::profitability::disclosure episode::DISCLOSURE_EVENT
fund_pr_parent_netprofit_delta_at_disclosure,fund_pr_parent_netprofit_slope_at_disclosure,0.8889406240350028,23,,,,,,FUNDAMENTAL::profitability::disclosure episode::DISCLOSURE_EVENT
fund_pr_parent_netprofit_delta_at_disclosure,fund_profit_gross_margin_at_disclosure,0.9131173285642797,18,,,,,,FUNDAMENTAL::profitability::disclosure episode::DISCLOSURE_EVENT
fund_pr_parent_netprofit_delta_at_disclosure,fund_profit_operating_margin_at_disclosure,0.8972443922759405,18,,,,,,FUNDAMENTAL::profitability::disclosure episode::DISCLOSURE_EVENT
fund_pr_parent_netprofit_delta_at_disclosure,fund_profit_parent_margin_at_disclosure,0.8972443922759405,18,,,,,,FUNDAMENTAL::profitability::disclosure episode::DISCLOSURE_EVENT
fund_pr_parent_netprofit_persistence,fund_pr_parent_netprofit_slope,0.08655836350423445,25622,,,,,,FUNDAMENTAL::profitability::stock-session cross-section::SLOW_TEMPORAL_CHANGE
fund_pr_parent_netprofit_persistence_at_disclosure,fund_pr_parent_netprofit_slope_at_disclosure,0.0,23,,,,,,FUNDAMENTAL::profitability::disclosure episode::DISCLOSURE_EVENT
fund_pr_parent_netprofit_persistence_at_disclosure,fund_profit_gross_margin_at_disclosure,0.0,18,,,,,,FUNDAMENTAL::profitability::disclosure episode::DISCLOSURE_EVENT
fund_pr_parent_netprofit_persistence_at_disclosure,fund_profit_operating_margin_at_disclosure,0.0,18,,,,,,FUNDAMENTAL::profitability::disclosure episode::DISCLOSURE_EVENT
fund_pr_parent_netprofit_persistence_at_disclosure,fund_profit_parent_margin_at_disclosure,0.0,18,,,,,,FUNDAMENTAL::profitability::disclosure episode::DISCLOSURE_EVENT
fund_pr_parent_netprofit_slope_at_disclosure,fund_profit_gross_margin_at_disclosure,0.8972443922759404,18,,,,,,FUNDAMENTAL::profitability::disclosure episode::DISCLOSURE_EVENT
fund_pr_parent_netprofit_slope_at_disclosure,fund_profit_operating_margin_at_disclosure,0.8807014457209797,18,,,,,,FUNDAMENTAL::profitability::disclosure episode::DISCLOSURE_EVENT
fund_pr_parent_netprofit_slope_at_disclosure,fund_profit_parent_margin_at_disclosure,0.8807014457209797,18,,,,,,FUNDAMENTAL::profitability::disclosure episode::DISCLOSURE_EVENT
fund_pr_parent_netprofit_source_yoy,fund_pr_parent_netprofit_yoy,0.2770965315423062,25173,,,,,,FUNDAMENTAL::growth::stock-session cross-section::SLOW_TEMPORAL_CHANGE
fund_pr_parent_netprofit_source_yoy_at_disclosure,fund_pr_parent_netprofit_yoy_at_disclosure,0.9615673283089692,9,,,,,,FUNDAMENTAL::growth::disclosure episode::DISCLOSURE_EVENT
fund_profit_gross_margin,fund_profit_operating_margin,0.16390798047848457,24706,,,,,,FUNDAMENTAL::profitability::stock-session cross-section::SLOW_CROSS_SECTIONAL_LEVEL
fund_profit_gross_margin,fund_profit_parent_margin,0.1596672509059426,24706,,,,,,FUNDAMENTAL::profitability::stock-session cross-section::SLOW_CROSS_SECTIONAL_LEVEL
fund_profit_gross_margin_at_disclosure,fund_profit_operating_margin_at_disclosure,0.9322529672548759,19,,,,,,FUNDAMENTAL::profitability::disclosure episode::DISCLOSURE_EVENT
fund_profit_gross_margin_at_disclosure,fund_profit_parent_margin_at_disclosure,0.9322529672548759,19,,,,,,FUNDAMENTAL::profitability::disclosure episode::DISCLOSURE_EVENT
fund_profit_operating_margin,fund_profit_parent_margin,0.6136092125929965,25354,,,,,,FUNDAMENTAL::profitability::stock-session cross-section::SLOW_CROSS_SECTIONAL_LEVEL
fund_profit_operating_margin_at_disclosure,fund_profit_parent_margin_at_disclosure,0.9449874055754612,19,,,,,,FUNDAMENTAL::profitability::disclosure episode::DISCLOSURE_EVENT
fund_working_capital_inventory_assets,fund_working_capital_payables_assets,0.05014456847326238,24782,,,,,,FUNDAMENTAL::working_capital::stock-session cross-section::SLOW_CROSS_SECTIONAL_LEVEL
fund_working_capital_inventory_assets,fund_working_capital_receivables_assets,0.07126041317578898,24782,,,,,,FUNDAMENTAL::working_capital::stock-session cross-section::SLOW_CROSS_SECTIONAL_LEVEL
fund_working_capital_inventory_assets_at_disclosure,fund_working_capital_payables_assets_at_disclosure,0.06109052477165125,1340,,,,,,FUNDAMENTAL::working_capital::disclosure episode::DISCLOSURE_EVENT
fund_working_capital_inventory_assets_at_disclosure,fund_working_capital_receivables_assets_at_disclosure,0.07860227178621781,1340,,,,,,FUNDAMENTAL::working_capital::disclosure episode::DISCLOSURE_EVENT
fund_working_capital_payables_assets,fund_working_capital_receivables_assets,0.07929651346883468,24926,,,,,,FUNDAMENTAL::working_capital::stock-session cross-section::SLOW_CROSS_SECTIONAL_LEVEL
fund_working_capital_payables_assets_at_disclosure,fund_working_capital_receivables_assets_at_disclosure,0.08850907962579435,1348,,,,,,FUNDAMENTAL::working_capital::disclosure episode::DISCLOSURE_EVENT
chip_cost_p05,chip_cost_p15,0.8074441434139645,478366,0.807119535477331,0.8078049184662214,0.0006853829888904261,239515,238851,CHIP::chip_distribution
chip_cost_p05,chip_cost_p50,0.7091312608210324,478366,0.709985141705883,0.7083251438893002,0.00165999781658277,239515,238851,CHIP::chip_distribution
chip_cost_p05,chip_cost_p85,0.6503769126558291,478366,0.651316972536077,0.6495024584948901,0.001814514041186932,239515,238851,CHIP::chip_distribution
chip_cost_p05,chip_cost_p95,0.5977123918092941,478366,0.5982116148869671,0.5972885926840554,0.0009230222029116275,239515,238851,CHIP::chip_distribution
chip_cost_p05,chip_cost_weighted_mean,0.7095539460429544,478366,0.710183351239276,0.7089741926955941,0.0012091585436818653,239515,238851,CHIP::chip_distribution
chip_cost_p05,chip_historical_high,0.19314875489312514,478366,0.19349860825402626,0.19293191932351617,0.0005666889305100953,239515,238851,CHIP::chip_distribution
chip_cost_p05,chip_historical_low,0.17063283831140574,476868,0.17112922167334116,0.17027430096672752,0.0008549207066136377,238778,238090,CHIP::chip_distribution
chip_cost_p05,chip_profit_ratio,0.0008006892748966177,478366,0.000868675464929342,0.0008935840232955418,2.4908558366199874e-05,239515,238851,CHIP::chip_distribution
chip_cost_p15,chip_cost_p50,0.7833251722890513,478366,0.7846196355945061,0.782080920566304,0.002538715028202132,239515,238851,CHIP::chip_distribution
chip_cost_p15,chip_cost_p85,0.6911289562234135,478366,0.6921192660345556,0.6901940313185115,0.0019252347160441108,239515,238851,CHIP::chip_distribution
chip_cost_p15,chip_cost_p95,0.6263316515550219,478366,0.6270305009381157,0.62570785845768,0.0013226424804357872,239515,238851,CHIP::chip_distribution
chip_cost_p15,chip_cost_weighted_mean,0.7690927285147748,478366,0.7700602925559501,0.7681753049821449,0.0018849875738051747,239515,238851,CHIP::chip_distribution
chip_cost_p15,chip_historical_high,0.19403545390278376,478366,0.19431430680549983,0.1938993899501559,0.000414916855343922,239515,238851,CHIP::chip_distribution
chip_cost_p15,chip_historical_low,0.16857259310035838,476868,0.16892897044144445,0.16834038826612496,0.0005885821753194853,238778,238090,CHIP::chip_distribution
chip_cost_p15,chip_profit_ratio,0.0006558074973122568,478366,0.0007376766338985953,0.0007323754669523477,5.301166946247607e-06,239515,238851,CHIP::chip_distribution
chip_cost_p50,chip_cost_p85,0.7705616091276539,478366,0.7706601449659168,0.7705227071928588,0.00013743777305808003,239515,238851,CHIP::chip_distribution
chip_cost_p50,chip_cost_p95,0.6694723778595075,478366,0.6696013568789653,0.6694105191449852,0.00019083773398009818,239515,238851,CHIP::chip_distribution
chip_cost_p50,chip_cost_weighted_mean,0.8534972267492087,478366,0.8540419548776979,0.8529941946759495,0.001047760201748349,239515,238851,CHIP::chip_distribution
chip_cost_p50,chip_historical_high,0.19667222606003887,478366,0.1969007672400291,0.19657717315866044,0.0003235940813686722,239515,238851,CHIP::chip_distribution
chip_cost_p50,chip_historical_low,0.1679253335825167,476868,0.16826917668981578,0.1677040377731606,0.000565138916655189,238778,238090,CHIP::chip_distribution
chip_cost_p50,chip_profit_ratio,0.0006390595016766225,478366,0.0007280287296035772,0.0007256074917733838,2.4212378301934285e-06,239515,238851,CHIP::chip_distribution
chip_cost_p85,chip_cost_p95,0.761133884820985,478366,0.7610970912092536,0.7612208043552163,0.00012371314596271166,239515,238851,CHIP::chip_distribution
chip_cost_p85,chip_cost_weighted_mean,0.8121846030683433,478366,0.8126489620707483,0.81177088099688,0.0008780810738683309,239515,238851,CHIP::chip_distribution
chip_cost_p85,chip_historical_high,0.20019474598322504,478366,0.20043102505355095,0.20010192162881657,0.0003291034247343838,239515,238851,CHIP::chip_distribution
chip_cost_p85,chip_historical_low,0.16687288230012431,476868,0.16734607048069522,0.1665158235467425,0.0008302469339527274,238778,238090,CHIP::chip_distribution
chip_cost_p85,chip_profit_ratio,0.0008024957760553062,478366,0.0008847182974770119,0.0008924633027824371,7.745005305425127e-06,239515,238851,CHIP::chip_distribution
chip_cost_p95,chip_cost_weighted_mean,0.7086656759068944,478366,0.7088335671966408,0.7085531741644594,0.0002803930321814141,239515,238851,CHIP::chip_distribution
chip_cost_p95,chip_historical_high,0.2028613117529214,478366,0.20302847668914653,0.2028204351431953,0.00020804154595122082,239515,238851,CHIP::chip_distribution
chip_cost_p95,chip_historical_low,0.1640090065954748,476868,0.1645118505134144,0.16361496219112603,0.000896888322288375,238778,238090,CHIP::chip_distribution
chip_cost_p95,chip_profit_ratio,0.0009465465962078109,478366,0.0010362534028312016,0.0010243928853236666,1.1860517507534911e-05,239515,238851,CHIP::chip_distribution
chip_cost_weighted_mean,chip_historical_high,0.20074338494821767,478366,0.20102576117795967,0.20059233358097575,0.00043342759698392075,239515,238851,CHIP::chip_distribution
chip_cost_weighted_mean,chip_historical_low,0.16986529773920178,476868,0.17021666795996435,0.169630731984978,0.0005859359749863513,238778,238090,CHIP::chip_distribution
chip_cost_weighted_mean,chip_profit_ratio,0.0007250257709882078,478366,0.0008123110264647462,0.0008201270727039837,7.81604623923749e-06,239515,238851,CHIP::chip_distribution
chip_historical_high,chip_historical_low,0.11412949657563007,476868,0.11448282975453447,0.11389458576375096,0.000588243990783513,238778,238090,CHIP::chip_distribution
chip_historical_high,chip_profit_ratio,0.00041965912534014507,478366,0.0005374177224178571,0.000476644196536563,6.07735258812941e-05,239515,238851,CHIP::chip_distribution
chip_historical_low,chip_profit_ratio,0.0002598903717418903,476868,0.0003779124085132429,0.0003055594575635367,7.235295094970622e-05,238778,238090,CHIP::chip_distribution
