access_roles,adaptive_descendant_cap,adaptive_exhausted_arms,adaptive_state_persisted,admission,behavior_identity,candidate_id,canonical_expression,canonical_identity,claimed_state_field_id,condition_field_ids,cost_adjusted_reward,declared_field_ids,development_increment_positive,episode_policy,event_tier,exact_identity,exposure_ledger_required,expression,field_ids,forbidden_read_count,frozen_mechanism_id,generator_version,is_matched_control,legal,market_vote_policy,matched_control_id,matched_increment,maturity_contract_registered,maturity_rule,operator_family,operator_paths,parent_id,positive_time_blocks,proposal_origin,rank_ic_hit_rate,rank_ic_mean,representation_ids,requires_intrabar_order,reward,route_id,seed,seed_set,source_field_ids,state_source_expression,state_support_unit,strict,support,support_unit,support_units,survivor,tier_c_descendants_allowed,top_symbol_share,turnover,typed_route_decision,typed_route_reason,typed_route_rejection_code,uses_future_revision,vote_policy
['development'],,,,True,e9dd78eb159138a74419f335,uc_minute_static_1729_00000,"CSRank(Add(ZScore($high),ZScore($low)))",3180e600f624e883b292efec9bbc3412297e2db1ae7d0d2fc29eaa04f1889c34,,[],-0.0305286619088905,"['high', 'low']",True,,,5ab854f00c6f539b402a81516558a6ca4595dcf9065e93a669bf3a3682db7bf6,True,"CSRank(Add(ZScore($high),ZScore($low)))","['high', 'low']",0,,cn_unified_registry_driven_generator_v1,False,True,,uc_minute_static_1729_00000_control,3.528280445390386e-05,False,bar_close,Arithmetic,"['root:CSRank', 'root.CSRank[0]:Add', 'root.CSRank[0].Add[0]:ZScore', 'root.CSRank[0].Add[1]:ZScore']",,1,registry_root,0.375,-0.03047261170042321,"['cn.rep.a163d3befca931633a6185b7eaf5c35b', 'cn.rep.a24282e2c82e94c62dab47348534b71d']",False,-0.0305286619088905,MINUTE_STATIC,1729,seed_a,"['cn.sf.e63e0162f9ee5a1cc0f4d7b09b578a5b', 'cn.sf.155ca942c67e3b7985fdca8bf70262e2']",,,False,4592,stock-minute cross-section,8,False,,0.0017421602787456446,0.02242008338691675,ALLOW,"registry, PIT, unit, route, maturity, control and access contracts passed",,False,ONE_SUPPORT_UNIT_ONE_VOTE
['development'],,,,True,b5b0fbfa115adc13d204e12c,uc_minute_static_1729_00000_control,CSRank($high),6273b4b2de3ccc466acea749cf04630685031596346bc377ad35e84088a71434,,[],-0.030563944713344404,"['high', 'low']",False,,,ebd6524edae62e6bfd813354888a3a55a58fba9c8f098833fc7c39d9540732b5,True,CSRank($high),"['high', 'low']",0,,cn_unified_registry_driven_generator_v1,True,True,,uc_minute_static_1729_00000,,False,bar_close,Arithmetic,['root:CSRank'],,1,matched_control,0.375,-0.030507857224996954,"['cn.rep.a163d3befca931633a6185b7eaf5c35b', 'cn.rep.a24282e2c82e94c62dab47348534b71d']",False,-0.030563944713344404,MINUTE_STATIC,1729,seed_a,"['cn.sf.e63e0162f9ee5a1cc0f4d7b09b578a5b', 'cn.sf.155ca942c67e3b7985fdca8bf70262e2']",,,False,4592,stock-minute cross-section,8,False,,0.0017421602787456446,0.022434995338980215,ALLOW,"registry, PIT, unit, route, maturity, control and access contracts passed",,False,CONTROL_NO_SEPARATE_VOTE
['development'],,,,True,f99c71169e8ed047562b6776,uc_minute_static_1729_00001,"CSRank(Add(ZScore($amount),ZScore($close)))",aae251332d2727df60c56e185d5adc65f1a67ff00de76ecf80c554bc95a43412,,[],-0.036741542579309026,"['amount', 'close']",False,,,363294d225268bfb2776c7b4a7ef0435e655d0be76e61261af19cb899197d0b2,True,"CSRank(Add(ZScore($amount),ZScore($close)))","['amount', 'close']",0,,cn_unified_registry_driven_generator_v1,False,True,,uc_minute_static_1729_00001_control,-0.004255807315195662,False,bar_close,Arithmetic,"['root:CSRank', 'root.CSRank[0]:Add', 'root.CSRank[0].Add[0]:ZScore', 'root.CSRank[0].Add[1]:ZScore']",,1,registry_root,0.375,-0.036492859859220975,"['cn.rep.e1a6c7e4ed4d3bdd8b53a3bda3fa28d9', 'cn.rep.f2107e4504bd106fcf3ccc678d1c96c8']",False,-0.036741542579309026,MINUTE_STATIC,1729,seed_a,"['cn.sf.621923f2d222470d1900a03583de5059', 'cn.sf.d40f8f20500150cfff77216ced9c2922']",,,False,4592,stock-minute cross-section,8,False,,0.0017421602787456446,0.09947308803522041,ALLOW,"registry, PIT, unit, route, maturity, control and access contracts passed",,False,ONE_SUPPORT_UNIT_ONE_VOTE
['development'],,,,True,02ea2f945a0f1ba426b1d0f6,uc_minute_static_1729_00001_control,CSRank($amount),be36efd0ea0257a9c69788ec55e38b81604bf7baebee3106a63422bcb7169841,,[],-0.032485735264113365,"['amount', 'close']",False,,,e6bf0656f8d329da6380c1ea6f53a70fb18f0f995702bbdc9832c4bd9a6c06f7,True,CSRank($amount),"['amount', 'close']",0,,cn_unified_registry_driven_generator_v1,True,True,,uc_minute_static_1729_00001,,False,bar_close,Arithmetic,['root:CSRank'],,1,matched_control,0.375,-0.03191087268016392,"['cn.rep.e1a6c7e4ed4d3bdd8b53a3bda3fa28d9', 'cn.rep.f2107e4504bd106fcf3ccc678d1c96c8']",False,-0.032485735264113365,MINUTE_STATIC,1729,seed_a,"['cn.sf.621923f2d222470d1900a03583de5059', 'cn.sf.d40f8f20500150cfff77216ced9c2922']",,,False,4592,stock-minute cross-section,8,False,,0.0017421602787456446,0.2299450335797796,ALLOW,"registry, PIT, unit, route, maturity, control and access contracts passed",,False,CONTROL_NO_SEPARATE_VOTE
['development'],,,,True,d938c7f2c8bb3fffafd0315b,uc_minute_static_1729_00002,"CSRank(Add(ZScore($ret_1m),ZScore($vwap)))",f1d4601537838ea1c4a32ef2f07a7341b0feb9f0909fd597055d435fc4645fe9,,[],-0.15697122932749,"['ret_1m', 'vwap']",True,,,2e3e4c7fc211f49f2dc1b971b78f6664533d189fb047c068010058afb2525a9b,True,"CSRank(Add(ZScore($ret_1m),ZScore($vwap)))","['ret_1m', 'vwap']",0,,cn_unified_registry_driven_generator_v1,False,True,,uc_minute_static_1729_00002_control,0.06702426040048595,False,bar_close,Arithmetic,"['root:CSRank', 'root.CSRank[0]:Add', 'root.CSRank[0].Add[0]:ZScore', 'root.CSRank[0].Add[1]:ZScore']",,0,registry_root,0.01098901098901099,-0.15639093082123606,"['cn.rep.92264a877f9fcf2b53483a2833631e12', 'cn.rep.83d251a9f86f7e4fec75b8902aaa881b']",False,-0.15697122932749,MINUTE_STATIC,1729,seed_a,"['cn.sf.7ac67c3e2be8e149c3c02a4842c21173', 'cn.sf.b4279506efdad23a752311a627c7060d']",,,True,3628835,stock-minute cross-section,728,False,,0.0002006153490031925,0.2321194025015757,ALLOW,"registry, PIT, unit, route, maturity, control and access contracts passed",,False,ONE_SUPPORT_UNIT_ONE_VOTE
['development'],,,,True,23e1b2f40f6191f951d106a0,uc_minute_static_1729_00002_control,CSRank($ret_1m),7e5f500bd764363118891a83ec2f38aed6c196341e41d6637f3169472ef7d64f,,[],-0.22399548972797595,"['ret_1m', 'vwap']",False,,,355ad82f5d935487795e551270cb019dc3904bb7605a317de71c1652f9471a44,True,CSRank($ret_1m),"['ret_1m', 'vwap']",0,,cn_unified_registry_driven_generator_v1,True,True,,uc_minute_static_1729_00002,,False,bar_close,Arithmetic,['root:CSRank'],,0,matched_control,0.004120879120879121,-0.223197066190113,"['cn.rep.92264a877f9fcf2b53483a2833631e12', 'cn.rep.83d251a9f86f7e4fec75b8902aaa881b']",False,-0.22399548972797595,MINUTE_STATIC,1729,seed_a,"['cn.sf.7ac67c3e2be8e149c3c02a4842c21173', 'cn.sf.b4279506efdad23a752311a627c7060d']",,,True,3704870,stock-minute cross-section,728,False,,0.00019649812274114882,0.3193694151451733,ALLOW,"registry, PIT, unit, route, maturity, control and access contracts passed",,False,CONTROL_NO_SEPARATE_VOTE
['development'],,,,False,673d32fcb27db8b6b41b6351,uc_minute_static_1729_00003,"CSRank(Add(ZScore($low),ZScore($pct_chg)))",fe495e3faa2956c93e4b92aeeefe50b0653ac473aa034a5a7d56ec8d6b5fc6f1,,[],-0.16327337201124612,"['low', 'pct_chg']",False,,,175525bb6b28ed4aad94a094e77f8a537037597b9849b98656d720bf502eb897,True,"CSRank(Add(ZScore($low),ZScore($pct_chg)))","['low', 'pct_chg']",0,,cn_unified_registry_driven_generator_v1,False,True,,uc_minute_static_1729_00003_control,-0.13279672781789315,False,bar_close,Arithmetic,"['root:CSRank', 'root.CSRank[0]:Add', 'root.CSRank[0].Add[0]:ZScore', 'root.CSRank[0].Add[1]:ZScore']",,0,registry_root,0.0,-0.1627018711002278,"['cn.rep.a24282e2c82e94c62dab47348534b71d', 'cn.rep.ff25d250e767d497a03a512194193e34']",False,-0.16327337201124612,MINUTE_STATIC,1729,seed_a,"['cn.sf.155ca942c67e3b7985fdca8bf70262e2', 'cn.sf.e175250817b067c80c690ce8e2ea6e72']",,,False,4592,stock-minute cross-section,8,False,,0.0017421602787456446,0.22860036440732906,ALLOW,"registry, PIT, unit, route, maturity, control and access contracts passed",,False,ONE_SUPPORT_UNIT_ONE_VOTE
['development'],,,,False,a6194c45e2ee8a14a54ab949,uc_minute_static_1729_00003_control,CSRank($low),e2fa7b4b5e407d519817bb039715e17f1e99af6f69c5c2fc5c1b4eb6aae865b4,,[],-0.030476644193352973,"['low', 'pct_chg']",False,,,d83f35688e9d0d01e7675c5696d07bf7f689f8beba15bc21c712920299ad87bc,True,CSRank($low),"['low', 'pct_chg']",0,,cn_unified_registry_driven_generator_v1,True,True,,uc_minute_static_1729_00003,,False,bar_close,Arithmetic,['root:CSRank'],,1,matched_control,0.375,-0.030420696190904248,"['cn.rep.a24282e2c82e94c62dab47348534b71d', 'cn.rep.ff25d250e767d497a03a512194193e34']",False,-0.030476644193352973,MINUTE_STATIC,1729,seed_a,"['cn.sf.155ca942c67e3b7985fdca8bf70262e2', 'cn.sf.e175250817b067c80c690ce8e2ea6e72']",,,False,4592,stock-minute cross-section,8,False,,0.0017421602787456446,0.022379200979489897,ALLOW,"registry, PIT, unit, route, maturity, control and access contracts passed",,False,CONTROL_NO_SEPARATE_VOTE
['development'],,,,False,398467f379bba8edfd10e17a,uc_minute_static_1729_00004,"CSRank(Add(ZScore($close),ZScore($intraday_ret_from_open)))",bcdce5fc4592d4225d1134bf0a10b2cb0ad86729f796beb434af23f9e0d4e8f1,,[],-0.03559148205646992,"['close', 'intraday_ret_from_open']",False,,,4b83baab789f357396bce695790140707466611bf9cb6493f2547ca525e09731,True,"CSRank(Add(ZScore($close),ZScore($intraday_ret_from_open)))","['close', 'intraday_ret_from_open']",0,,cn_unified_registry_driven_generator_v1,False,True,,uc_minute_static_1729_00004_control,-0.004901575375562985,False,bar_close,Arithmetic,"['root:CSRank', 'root.CSRank[0]:Add', 'root.CSRank[0].Add[0]:ZScore', 'root.CSRank[0].Add[1]:ZScore']",,2,registry_root,0.375,-0.03524111453389267,"['cn.rep.f2107e4504bd106fcf3ccc678d1c96c8', 'cn.rep.e96fb2c9f0d9da680687323d1fe0f6ae']",False,-0.03559148205646992,MINUTE_STATIC,1729,seed_a,"['cn.sf.d40f8f20500150cfff77216ced9c2922', 'cn.sf.55ec8d1cbad581839da568b8db129b18']",,,False,4592,stock-minute cross-section,8,False,,0.0017421602787456446,0.14014700903090122,ALLOW,"registry, PIT, unit, route, maturity, control and access contracts passed",,False,ONE_SUPPORT_UNIT_ONE_VOTE
['development'],,,,False,949e7d5ff85fcdcb803425d3,uc_minute_static_1729_00004_control,CSRank($close),c90f9b0a100d8355f5f3457ab87a73cb39de0d21ad3a9c92882400dd82456222,,[],-0.030689906680906934,"['close', 'intraday_ret_from_open']",False,,,be9ff9d1bf72bca7a79eb22744e14e29792a017057ebd09ea48cf1ff4eba1c24,True,CSRank($close),"['close', 'intraday_ret_from_open']",0,,cn_unified_registry_driven_generator_v1,True,True,,uc_minute_static_1729_00004,,False,bar_close,Arithmetic,['root:CSRank'],,1,matched_control,0.375,-0.030633875337065814,"['cn.rep.f2107e4504bd106fcf3ccc678d1c96c8', 'cn.rep.e96fb2c9f0d9da680687323d1fe0f6ae']",False,-0.030689906680906934,MINUTE_STATIC,1729,seed_a,"['cn.sf.d40f8f20500150cfff77216ced9c2922', 'cn.sf.55ec8d1cbad581839da568b8db129b18']",,,False,4592,stock-minute cross-section,8,False,,0.0017421602787456446,0.022412537536447858,ALLOW,"registry, PIT, unit, route, maturity, control and access contracts passed",,False,CONTROL_NO_SEPARATE_VOTE
['development'],,,,False,7a1f1bd00b05445fe25bc8ec,uc_minute_static_1729_00005,"CSRank(Add(ZScore($vwap),ZScore($amount_yuan)))",d02b41242ffab90559822cf964aa1e75fd36553c3ef8e9e25296e4681d5e9811,,[],-0.04072998163288872,"['vwap', 'amount_yuan']",False,,,fe9759df9329d3626c0385e207029c52f21f4ef3ab30d8501728adc146b92a57,True,"CSRank(Add(ZScore($vwap),ZScore($amount_yuan)))","['amount_yuan', 'vwap']",0,,cn_unified_registry_driven_generator_v1,False,True,,uc_minute_static_1729_00005_control,-0.007207740930400712,False,bar_close,Arithmetic,"['root:CSRank', 'root.CSRank[0]:Add', 'root.CSRank[0].Add[0]:ZScore', 'root.CSRank[0].Add[1]:ZScore']",,1,registry_root,0.375,-0.040478986499795276,"['cn.rep.2b9fb566603b549f272e5b36364ea811', 'cn.rep.83d251a9f86f7e4fec75b8902aaa881b']",False,-0.04072998163288872,MINUTE_STATIC,1729,seed_a,"['cn.sf.dceb5c19b0a46f64c4a2954cf5620c18', 'cn.sf.b4279506efdad23a752311a627c7060d']",,,False,4547,stock-minute cross-section,8,False,,0.0017594018033868484,0.10039805323737634,ALLOW,"registry, PIT, unit, route, maturity, control and access contracts passed",,False,ONE_SUPPORT_UNIT_ONE_VOTE
['development'],,,,False,59f0fe64e86cdbe616c36466,uc_minute_static_1729_00005_control,CSRank($vwap),ad3260242cc60aa9493700cdaa8f533a5be5b463f03a583e6e90411863c705c1,,[],-0.03352224070248801,"['vwap', 'amount_yuan']",False,,,f3150c011a7c8def6f9a42d3093a9c6db31d3759764776b15669c851e182788b,True,CSRank($vwap),"['amount_yuan', 'vwap']",0,,cn_unified_registry_driven_generator_v1,True,True,,uc_minute_static_1729_00005,,False,bar_close,Arithmetic,['root:CSRank'],,1,matched_control,0.375,-0.033465506795146385,"['cn.rep.2b9fb566603b549f272e5b36364ea811', 'cn.rep.83d251a9f86f7e4fec75b8902aaa881b']",False,-0.03352224070248801,MINUTE_STATIC,1729,seed_a,"['cn.sf.dceb5c19b0a46f64c4a2954cf5620c18', 'cn.sf.b4279506efdad23a752311a627c7060d']",,,False,4547,stock-minute cross-section,8,False,,0.0017594018033868484,0.022693562936647527,ALLOW,"registry, PIT, unit, route, maturity, control and access contracts passed",,False,CONTROL_NO_SEPARATE_VOTE
['development'],,,,True,ed4e54426dca8949621b80c2,uc_minute_static_1729_00006,"CSRank(Add(ZScore($pct_chg),ZScore($volume)))",c269379e036fef361c74dad38ebebd6718efd98864ae759f167537a10e3d1e11,,[],-0.15599726484328966,"['pct_chg', 'volume']",True,,,9cf87790c0f2991848bd06eca5930efe610e3061eb1c27db6b763af0b91cf54c,True,"CSRank(Add(ZScore($pct_chg),ZScore($volume)))","['pct_chg', 'volume']",0,,cn_unified_registry_driven_generator_v1,False,True,,uc_minute_static_1729_00006_control,0.06796854362804738,False,bar_close,Arithmetic,"['root:CSRank', 'root.CSRank[0]:Add', 'root.CSRank[0].Add[0]:ZScore', 'root.CSRank[0].Add[1]:ZScore']",,0,registry_root,0.005494505494505495,-0.15527411305803218,"['cn.rep.ff25d250e767d497a03a512194193e34', 'cn.rep.37586cc1d0f15ac15e1af9daacc3df48']",False,-0.15599726484328966,MINUTE_STATIC,1729,seed_a,"['cn.sf.e175250817b067c80c690ce8e2ea6e72', 'cn.sf.b3b8dd2f68bd26ca55a68c5e2e0561f4']",,,True,3697890,stock-minute cross-section,728,False,,0.0001968690253090276,0.28926071410298787,ALLOW,"registry, PIT, unit, route, maturity, control and access contracts passed",,False,ONE_SUPPORT_UNIT_ONE_VOTE
['development'],,,,True,3eb91bdd6c4ddcb2cb6a4da1,uc_minute_static_1729_00006_control,CSRank($pct_chg),d085f8c673abfb13708308341b14c66008e9234b5f47597d303f68da7f4a0318,,[],-0.22396580847133704,"['pct_chg', 'volume']",False,,,960245e249c981d5dd4e3736ee99b6d6f34013a7180b342ccb419fff2113437c,True,CSRank($pct_chg),"['pct_chg', 'volume']",0,,cn_unified_registry_driven_generator_v1,True,True,,uc_minute_static_1729_00006,,False,bar_close,Arithmetic,['root:CSRank'],,0,matched_control,0.004120879120879121,-0.22316747763527253,"['cn.rep.ff25d250e767d497a03a512194193e34', 'cn.rep.37586cc1d0f15ac15e1af9daacc3df48']",False,-0.22396580847133704,MINUTE_STATIC,1729,seed_a,"['cn.sf.e175250817b067c80c690ce8e2ea6e72', 'cn.sf.b3b8dd2f68bd26ca55a68c5e2e0561f4']",,,True,3704870,stock-minute cross-section,728,False,,0.00019649812274114882,0.3193323344258031,ALLOW,"registry, PIT, unit, route, maturity, control and access contracts passed",,False,CONTROL_NO_SEPARATE_VOTE
['development'],,,,False,9ee71f48fd3a856d38308670,uc_minute_static_1729_00007,"CSRank(Add(ZScore($intraday_ret_from_open),ZScore($open)))",1595851363c177f37df15a838127fe2e7ae3bff61854101cccdc5c261892bef9,,[],-0.03544186404810637,"['intraday_ret_from_open', 'open']",False,,,3ec66f38132c56143c30b704c3ba86c99be35b5b7784a779a224e6df6cd52739,True,"CSRank(Add(ZScore($intraday_ret_from_open),ZScore($open)))","['intraday_ret_from_open', 'open']",0,,cn_unified_registry_driven_generator_v1,False,True,,uc_minute_static_1729_00007_control,-0.02155386300320083,False,bar_close,Arithmetic,"['root:CSRank', 'root.CSRank[0]:Add', 'root.CSRank[0].Add[0]:ZScore', 'root.CSRank[0].Add[1]:ZScore']",,2,registry_root,0.375,-0.035091524737367194,"['cn.rep.e96fb2c9f0d9da680687323d1fe0f6ae', 'cn.rep.362dc88da85c2046f132f83ef9d76bc8']",False,-0.03544186404810637,MINUTE_STATIC,1729,seed_a,"['cn.sf.55ec8d1cbad581839da568b8db129b18', 'cn.sf.0fddf97283d443a785620454f62c6abd']",,,False,4592,stock-minute cross-section,8,False,,0.0017421602787456446,0.140135724295671,ALLOW,"registry, PIT, unit, route, maturity, control and access contracts passed",,False,ONE_SUPPORT_UNIT_ONE_VOTE
['development'],,,,False,509513e7a585ab2875bca01a,uc_minute_static_1729_00007_control,CSRank($intraday_ret_from_open),01ec32e67bcdce43d8a6346c4ea01ac9bf07a97d6c3b59fecd254d4b317763d8,,[],-0.013888001044905538,"['intraday_ret_from_open', 'open']",False,,,774667eb73cee7386e496c3e0a76c4906c20b224562c2410736d1d74718ee3eb,True,CSRank($intraday_ret_from_open),"['intraday_ret_from_open', 'open']",0,,cn_unified_registry_driven_generator_v1,True,True,,uc_minute_static_1729_00007,,False,bar_close,Arithmetic,['root:CSRank'],,1,matched_control,0.5,-0.013383022955332793,"['cn.rep.e96fb2c9f0d9da680687323d1fe0f6ae', 'cn.rep.362dc88da85c2046f132f83ef9d76bc8']",False,-0.013888001044905538,MINUTE_STATIC,1729,seed_a,"['cn.sf.55ec8d1cbad581839da568b8db129b18', 'cn.sf.0fddf97283d443a785620454f62c6abd']",,,False,4592,stock-minute cross-section,8,False,,0.0017421602787456446,0.20199123582909798,ALLOW,"registry, PIT, unit, route, maturity, control and access contracts passed",,False,CONTROL_NO_SEPARATE_VOTE
['development'],,,,False,99afa6916a2b4f604cfb10e2,uc_firstn_path_1733_00000,"CSRank(Add($m1_first15_bars,Sign(Delta($pct_chg,5))))",28c755d2840e841e20f545812c5e1364920eb6d07f1ce67af285b80536d4a963,,[],-0.05441259521712387,"['m1_first15_bars', 'pct_chg']",False,,,08fa047116fb4693fd736f733770d2f8b5e389bde3c9a1df74523161857c916e,True,"CSRank(Add($m1_first15_bars,Sign(Delta($pct_chg,5))))","['m1_first15_bars', 'pct_chg']",0,,cn_unified_registry_driven_generator_v1,False,True,,uc_firstn_path_1733_00000_control,nan,False,firstN end timestamp,SignedPath,"['root:CSRank', 'root.CSRank[0]:Add', 'root.CSRank[0].Add[1]:Sign', 'root.CSRank[0].Add[1].Sign[0]:Delta']",,1,registry_root,0.25,-0.05366903784989924,"['cn.rep.cb3a176ac889b234ad004bd27bd64764', 'cn.rep.ff25d250e767d497a03a512194193e34']",False,-0.05441259521712387,FIRSTN_PATH,1733,seed_a,"['cn.sf.ae498b3396af7de21385c5242da24be9', 'cn.sf.e175250817b067c80c690ce8e2ea6e72']",,,False,2296,stock-session after firstN maturity,4,False,,0.0017421602787456446,0.297422946889853,ALLOW,"registry, PIT, unit, route, maturity, control and access contracts passed",,False,ONE_SUPPORT_UNIT_ONE_VOTE
['development'],,,,False,6258a12a9645a78f8ad0cbd1,uc_firstn_path_1733_00000_control,CSRank($m1_first15_bars),c9c172a0fc4d6472cb6a69d5d32c26d37b3d64f405859cdce4b6d4df4adb136f,,[],nan,"['m1_first15_bars', 'pct_chg']",False,,,9fcc2d66cfe1f0b8af3e7a722e34110251dfbee55735c43a9e14daa40593a0c9,True,CSRank($m1_first15_bars),"['m1_first15_bars', 'pct_chg']",0,,cn_unified_registry_driven_generator_v1,True,True,,uc_firstn_path_1733_00000,,False,firstN end timestamp,SignedPath,['root:CSRank'],,0,matched_control,nan,nan,"['cn.rep.cb3a176ac889b234ad004bd27bd64764', 'cn.rep.ff25d250e767d497a03a512194193e34']",False,nan,FIRSTN_PATH,1733,seed_a,"['cn.sf.ae498b3396af7de21385c5242da24be9', 'cn.sf.e175250817b067c80c690ce8e2ea6e72']",,,False,2296,stock-session after firstN maturity,0,False,,0.0017421602787456446,1.2022864393002242e-05,ALLOW,"registry, PIT, unit, route, maturity, control and access contracts passed",,False,CONTROL_NO_SEPARATE_VOTE
['development'],,,,True,25c4bcae06148e7214d67aa4,uc_firstn_path_1733_00001,"CSRank(Add($m1_first5_amount,Sign(Delta($intraday_ret_from_open,5))))",3c16296c4fb9b1675cf9823af0d124437c11e8a8784746d4265983c720d68f9e,,[],-0.018034623193147754,"['m1_first5_amount', 'intraday_ret_from_open']",False,,,b2841ba1f3df744a1ed9c822a2940bf83b041391b11c37e70ca1d4ea7ddf63c7,True,"CSRank(Add($m1_first5_amount,Sign(Delta($intraday_ret_from_open,5))))","['intraday_ret_from_open', 'm1_first5_amount']",0,,cn_unified_registry_driven_generator_v1,False,True,,uc_firstn_path_1733_00001_control,0.0,False,firstN end timestamp,SignedPath,"['root:CSRank', 'root.CSRank[0]:Add', 'root.CSRank[0].Add[1]:Sign', 'root.CSRank[0].Add[1].Sign[0]:Delta']",,2,registry_root,0.5,-0.017440530016456467,"['cn.rep.e96fb2c9f0d9da680687323d1fe0f6ae', 'cn.rep.e974632e9bbd0f3f7b70e94d2322bbeb']",False,-0.018034623193147754,FIRSTN_PATH,1733,seed_a,"['cn.sf.55ec8d1cbad581839da568b8db129b18', 'cn.sf.b85e7c60e6103ff84a0b858046d66817']",,,False,2296,stock-session after firstN maturity,4,False,,0.0017421602787456446,0.23763727067651452,ALLOW,"registry, PIT, unit, route, maturity, control and access contracts passed",,False,ONE_SUPPORT_UNIT_ONE_VOTE
['development'],,,,True,25c4bcae06148e7214d67aa4,uc_firstn_path_1733_00001_control,CSRank($m1_first5_amount),bb967e58702df3c44433396907e644eb2ffb428816a5e712babd23fff9c64797,,[],-0.018034623193147754,"['m1_first5_amount', 'intraday_ret_from_open']",False,,,5b28d53bf504184832b6a6ca58124cc8e91e4d28cb45df5cb219eb3b94f9ac88,True,CSRank($m1_first5_amount),"['intraday_ret_from_open', 'm1_first5_amount']",0,,cn_unified_registry_driven_generator_v1,True,True,,uc_firstn_path_1733_00001,,False,firstN end timestamp,SignedPath,['root:CSRank'],,2,matched_control,0.5,-0.017440530016456467,"['cn.rep.e96fb2c9f0d9da680687323d1fe0f6ae', 'cn.rep.e974632e9bbd0f3f7b70e94d2322bbeb']",False,-0.018034623193147754,FIRSTN_PATH,1733,seed_a,"['cn.sf.55ec8d1cbad581839da568b8db129b18', 'cn.sf.b85e7c60e6103ff84a0b858046d66817']",,,False,2296,stock-session after firstN maturity,4,False,,0.0017421602787456446,0.23763727067651452,ALLOW,"registry, PIT, unit, route, maturity, control and access contracts passed",,False,CONTROL_NO_SEPARATE_VOTE
['development'],,,,False,51036ef7f8fffcdfed2fcbd2,uc_firstn_path_1733_00002,"CSRank(Add($m1_first15_vwap_return_vs_open,Sign(Delta($amount_yuan,5))))",eb5c80f1fdfc91ca544d468ec2949fd3e94f4edef5ee33fe08dfe941964b0a41,,[],0.0006828958169473667,"['m1_first15_vwap_return_vs_open', 'amount_yuan']",False,,,5de88eb7e154c17aa5b872f8dcac69ddfa646f1b18e34a3a899f89c50cb3c652,True,"CSRank(Add($m1_first15_vwap_return_vs_open,Sign(Delta($amount_yuan,5))))","['amount_yuan', 'm1_first15_vwap_return_vs_open']",0,,cn_unified_registry_driven_generator_v1,False,True,,uc_firstn_path_1733_00002_control,-0.009287178276470352,False,firstN end timestamp,SignedPath,"['root:CSRank', 'root.CSRank[0]:Add', 'root.CSRank[0].Add[1]:Sign', 'root.CSRank[0].Add[1].Sign[0]:Delta']",,2,registry_root,0.75,0.0014980798997563938,"['cn.rep.2b9fb566603b549f272e5b36364ea811', 'cn.rep.b07d969d67b884197a0dadbd92355ccb']",False,0.0006828958169473667,FIRSTN_PATH,1733,seed_a,"['cn.sf.dceb5c19b0a46f64c4a2954cf5620c18', 'cn.sf.d85236653b6ff387ad0f8166bad2b2da']",,,False,2293,stock-session after firstN maturity,4,False,,0.0017444395987788923,0.3260736331236108,ALLOW,"registry, PIT, unit, route, maturity, control and access contracts passed",,False,ONE_SUPPORT_UNIT_ONE_VOTE
['development'],,,,False,96e47c6d5f8cdc3b5614aec6,uc_firstn_path_1733_00002_control,CSRank($m1_first15_vwap_return_vs_open),ca37bf0940b2b9e2a90cb2dfafe6559bb9242ca20f567f66aeaead6dd1baaef3,,[],0.009970074093417719,"['m1_first15_vwap_return_vs_open', 'amount_yuan']",False,,,c873e03b120df572d7f47d8fa60418c3dda62f3a68bb4a38e757a4ebd98c587f,True,CSRank($m1_first15_vwap_return_vs_open),"['amount_yuan', 'm1_first15_vwap_return_vs_open']",0,,cn_unified_registry_driven_generator_v1,True,True,,uc_firstn_path_1733_00002,,False,firstN end timestamp,SignedPath,['root:CSRank'],,2,matched_control,0.75,0.010754034795614043,"['cn.rep.2b9fb566603b549f272e5b36364ea811', 'cn.rep.b07d969d67b884197a0dadbd92355ccb']",False,0.009970074093417719,FIRSTN_PATH,1733,seed_a,"['cn.sf.dceb5c19b0a46f64c4a2954cf5620c18', 'cn.sf.d85236653b6ff387ad0f8166bad2b2da']",,,False,2293,stock-session after firstN maturity,4,False,,0.0017444395987788923,0.3135842808785295,ALLOW,"registry, PIT, unit, route, maturity, control and access contracts passed",,False,CONTROL_NO_SEPARATE_VOTE
['development'],,,,True,c12f2cd7845dbcc0449f97d5,uc_firstn_path_1733_00003,"CSRank(Add($m1_first5_vwap,Sign(Delta($volume,5))))",7148cd25bd046bc9e13fd63edbd5be162ae2095ff3201b02c39e29f5a2d1a890,,[],-0.002446168568803764,"['m1_first5_vwap', 'volume']",True,,,54d60fcd86de4a2fec3d67a07052787ac98ae9cf1497217b2a2971dd3f8d492d,True,"CSRank(Add($m1_first5_vwap,Sign(Delta($volume,5))))","['m1_first5_vwap', 'volume']",0,,cn_unified_registry_driven_generator_v1,False,True,,uc_firstn_path_1733_00003_control,0.0012820069090211418,False,firstN end timestamp,SignedPath,"['root:CSRank', 'root.CSRank[0]:Add', 'root.CSRank[0].Add[1]:Sign', 'root.CSRank[0].Add[1].Sign[0]:Delta']",,1,registry_root,0.489010989010989,-0.002357066227004692,"['cn.rep.4cf44c97e283cc1cb9ec3dc1202f678f', 'cn.rep.37586cc1d0f15ac15e1af9daacc3df48']",False,-0.002446168568803764,FIRSTN_PATH,1733,seed_a,"['cn.sf.4c3888d084193fdf894714891603ed1b', 'cn.sf.b3b8dd2f68bd26ca55a68c5e2e0561f4']",,,True,1850960,stock-session after firstN maturity,364,False,,0.00019665470890781,0.03564093671962867,ALLOW,"registry, PIT, unit, route, maturity, control and access contracts passed",,False,ONE_SUPPORT_UNIT_ONE_VOTE
['development'],,,,True,c2047df2269c6c6879c318bb,uc_firstn_path_1733_00003_control,CSRank($m1_first5_vwap),b8902730d863dfe8e2a6d7a583ad51d5c9d67e1424cc9fcf85ff84fddd956f04,,[],-0.0037281754778249057,"['m1_first5_vwap', 'volume']",False,,,2262cf3da50b27a03d17d028256ead955323b51e3c102f7ed57f92940adfba31,True,CSRank($m1_first5_vwap),"['m1_first5_vwap', 'volume']",0,,cn_unified_registry_driven_generator_v1,True,True,,uc_firstn_path_1733_00003,,False,firstN end timestamp,SignedPath,['root:CSRank'],,1,matched_control,0.489010989010989,-0.0037147679930398876,"['cn.rep.4cf44c97e283cc1cb9ec3dc1202f678f', 'cn.rep.37586cc1d0f15ac15e1af9daacc3df48']",False,-0.0037281754778249057,FIRSTN_PATH,1733,seed_a,"['cn.sf.4c3888d084193fdf894714891603ed1b', 'cn.sf.b3b8dd2f68bd26ca55a68c5e2e0561f4']",,,True,1850960,stock-session after firstN maturity,364,False,,0.00019665470890781,0.005362993914007268,ALLOW,"registry, PIT, unit, route, maturity, control and access contracts passed",,False,CONTROL_NO_SEPARATE_VOTE
['development'],,,,True,112698d91ab2b4be5dac4a78,uc_firstn_path_1733_00004,"CSRank(Add($m1_first30_vol,Sign(Delta($open,5))))",a5999a6cf828a7f6465c9e49ab093795869537f84162c213b4de68b92d148672,,[],-0.01426879031699555,"['m1_first30_vol', 'open']",False,,,76d70f04653ebc9c747280ecb99abe22acfbcedc1be3f330178bd1e24d135a06,True,"CSRank(Add($m1_first30_vol,Sign(Delta($open,5))))","['m1_first30_vol', 'open']",0,,cn_unified_registry_driven_generator_v1,False,True,,uc_firstn_path_1733_00004_control,-9.274873027100353e-06,False,firstN end timestamp,SignedPath,"['root:CSRank', 'root.CSRank[0]:Add', 'root.CSRank[0].Add[1]:Sign', 'root.CSRank[0].Add[1].Sign[0]:Delta']",,2,registry_root,0.5,-0.013811577845931544,"['cn.rep.ebfb7a505115b79ec7c544ca703bdab6', 'cn.rep.362dc88da85c2046f132f83ef9d76bc8']",False,-0.01426879031699555,FIRSTN_PATH,1733,seed_a,"['cn.sf.6a584ae9e12d8935d9cae4ab78c0713e', 'cn.sf.0fddf97283d443a785620454f62c6abd']",,,False,2296,stock-session after firstN maturity,4,False,,0.0017421602787456446,0.18288498842560222,ALLOW,"registry, PIT, unit, route, maturity, control and access contracts passed",,False,ONE_SUPPORT_UNIT_ONE_VOTE
['development'],,,,True,3ed7323632928368a77bf71b,uc_firstn_path_1733_00004_control,CSRank($m1_first30_vol),8af8a4d197544e282325569e1c6dd9daa4e21ff21030b2b58d8a0fe631942bcf,,[],-0.01425951544396845,"['m1_first30_vol', 'open']",False,,,19c1946878da46db210dbfd5825adb9712b87e83c2223eeb40721b0a8494b8b1,True,CSRank($m1_first30_vol),"['m1_first30_vol', 'open']",0,,cn_unified_registry_driven_generator_v1,True,True,,uc_firstn_path_1733_00004,,False,firstN end timestamp,SignedPath,['root:CSRank'],,2,matched_control,0.5,-0.013802301575808175,"['cn.rep.ebfb7a505115b79ec7c544ca703bdab6', 'cn.rep.362dc88da85c2046f132f83ef9d76bc8']",False,-0.01425951544396845,FIRSTN_PATH,1733,seed_a,"['cn.sf.6a584ae9e12d8935d9cae4ab78c0713e', 'cn.sf.0fddf97283d443a785620454f62c6abd']",,,False,2296,stock-session after firstN maturity,4,False,,0.0017421602787456446,0.18288554726410985,ALLOW,"registry, PIT, unit, route, maturity, control and access contracts passed",,False,CONTROL_NO_SEPARATE_VOTE
['development'],,,,False,6fc9aa34b69a3681eb125a08,uc_firstn_path_1733_00005,"CSRank(Add($m1_first15_range,Sign(Delta($high,5))))",79a5456185278c5b20d59b814810d4b6613f865799ac66c56a4ef7a042b5894a,,[],-0.05023667809064243,"['m1_first15_range', 'high']",False,,,0afc14c3f2230417f52614797c09c512b07cb26917bbf28962b182b4129cae70,True,"CSRank(Add($m1_first15_range,Sign(Delta($high,5))))","['high', 'm1_first15_range']",0,,cn_unified_registry_driven_generator_v1,False,True,,uc_firstn_path_1733_00005_control,-0.1058807480304976,False,firstN end timestamp,SignedPath,"['root:CSRank', 'root.CSRank[0]:Add', 'root.CSRank[0].Add[1]:Sign', 'root.CSRank[0].Add[1].Sign[0]:Delta']",,0,registry_root,0.0,-0.04945153543874774,"['cn.rep.a163d3befca931633a6185b7eaf5c35b', 'cn.rep.8219be60377825c9821bfe55c6ac7164']",False,-0.05023667809064243,FIRSTN_PATH,1733,seed_a,"['cn.sf.e63e0162f9ee5a1cc0f4d7b09b578a5b', 'cn.sf.bbbd40440f8881b288a57431dfa58d16']",,,False,2296,stock-session after firstN maturity,4,False,,0.0017421602787456446,0.3140570607578788,ALLOW,"registry, PIT, unit, route, maturity, control and access contracts passed",,False,ONE_SUPPORT_UNIT_ONE_VOTE
['development'],,,,False,954a37a649d0effa849361b2,uc_firstn_path_1733_00005_control,CSRank($m1_first15_range),d69c76adccac7126f5a66820668bc53fec976164a81dba46ebb92be9e02ee18b,,[],0.05564406993985517,"['m1_first15_range', 'high']",False,,,36e67d5f940beb1e850bd7d05c1ddf3193e3e9baea5298dbb4c100d039ec72ce,True,CSRank($m1_first15_range),"['high', 'm1_first15_range']",0,,cn_unified_registry_driven_generator_v1,True,True,,uc_firstn_path_1733_00005,,False,firstN end timestamp,SignedPath,['root:CSRank'],,2,matched_control,0.75,0.05634766844105281,"['cn.rep.a163d3befca931633a6185b7eaf5c35b', 'cn.rep.8219be60377825c9821bfe55c6ac7164']",False,0.05564406993985517,FIRSTN_PATH,1733,seed_a,"['cn.sf.e63e0162f9ee5a1cc0f4d7b09b578a5b', 'cn.sf.bbbd40440f8881b288a57431dfa58d16']",,,False,2296,stock-session after firstN maturity,4,False,,0.0017421602787456446,0.2814394004790548,ALLOW,"registry, PIT, unit, route, maturity, control and access contracts passed",,False,CONTROL_NO_SEPARATE_VOTE
['development'],,,,True,6fe4ae5d24fa9e4646ce0977,uc_firstn_path_1733_00006,"CSRank(Add($m1_first5_low,Sign(Delta($amount,5))))",d023629f2f0b694104bd7adf008ba05b8b339cd833fc5910372e3ba1bdef5f51,,[],-0.002393814580707282,"['m1_first5_low', 'amount']",True,,,4e3f1f6545e93a7e89751e556198b0f6d416ef9a2d9e2a63697082869b8d3f4d,True,"CSRank(Add($m1_first5_low,Sign(Delta($amount,5))))","['amount', 'm1_first5_low']",0,,cn_unified_registry_driven_generator_v1,False,True,,uc_firstn_path_1733_00006_control,0.0012457448788655984,False,firstN end timestamp,SignedPath,"['root:CSRank', 'root.CSRank[0]:Add', 'root.CSRank[0].Add[1]:Sign', 'root.CSRank[0].Add[1].Sign[0]:Delta']",,1,registry_root,0.49175824175824173,-0.0023041732525947134,"['cn.rep.e1a6c7e4ed4d3bdd8b53a3bda3fa28d9', 'cn.rep.8c08df3145786129884d577eb1309003']",False,-0.002393814580707282,FIRSTN_PATH,1733,seed_a,"['cn.sf.621923f2d222470d1900a03583de5059', 'cn.sf.703aa4836f709ff594b0a1125c34ba60']",,,True,1852438,stock-session after firstN maturity,364,False,,0.00019649780451491493,0.035856531245027426,ALLOW,"registry, PIT, unit, route, maturity, control and access contracts passed",,False,ONE_SUPPORT_UNIT_ONE_VOTE
['development'],,,,True,5acfc7cf38dd46a8ba31a382,uc_firstn_path_1733_00006_control,CSRank($m1_first5_low),34f4551ccd8557986f21e559c64f148e9a65fcab685654aa3558284a125f38c0,,[],-0.0036395594595728803,"['m1_first5_low', 'amount']",False,,,f6da1ee1501683bf87f1e129678e61108cc83647339a5f5a2efdb2bd4814f5b9,True,CSRank($m1_first5_low),"['amount', 'm1_first5_low']",0,,cn_unified_registry_driven_generator_v1,True,True,,uc_firstn_path_1733_00006,,False,firstN end timestamp,SignedPath,['root:CSRank'],,1,matched_control,0.489010989010989,-0.0036265547218013645,"['cn.rep.e1a6c7e4ed4d3bdd8b53a3bda3fa28d9', 'cn.rep.8c08df3145786129884d577eb1309003']",False,-0.0036395594595728803,FIRSTN_PATH,1733,seed_a,"['cn.sf.621923f2d222470d1900a03583de5059', 'cn.sf.703aa4836f709ff594b0a1125c34ba60']",,,True,1852438,stock-session after firstN maturity,364,False,,0.00019649780451491493,0.005201895108606407,ALLOW,"registry, PIT, unit, route, maturity, control and access contracts passed",,False,CONTROL_NO_SEPARATE_VOTE
['development'],,,,False,157ba79c78047a5878dde361,uc_firstn_path_1733_00007,"CSRank(Add($m1_first30_last_return_vs_open,Sign(Delta($ret_1m,5))))",72601fe82e44da01e50816f68422b420ec24452321a6546a433e5c496e7fc342,,[],-0.056920588000973785,"['m1_first30_last_return_vs_open', 'ret_1m']",False,,,5add2f22dacf6624b43522a81752a401a5dc26330cb5df93535199de602e655a,True,"CSRank(Add($m1_first30_last_return_vs_open,Sign(Delta($ret_1m,5))))","['m1_first30_last_return_vs_open', 'ret_1m']",0,,cn_unified_registry_driven_generator_v1,False,True,,uc_firstn_path_1733_00007_control,-0.06860435780660207,False,firstN end timestamp,SignedPath,"['root:CSRank', 'root.CSRank[0]:Add', 'root.CSRank[0].Add[1]:Sign', 'root.CSRank[0].Add[1].Sign[0]:Delta']",,1,registry_root,0.25,-0.0561027627766402,"['cn.rep.78cbe23f8d491a73ad0f85de586e3750', 'cn.rep.92264a877f9fcf2b53483a2833631e12']",False,-0.056920588000973785,FIRSTN_PATH,1733,seed_a,"['cn.sf.516fa273abbb897d5de04c0f931e5ea4', 'cn.sf.7ac67c3e2be8e149c3c02a4842c21173']",,,False,2296,stock-session after firstN maturity,4,False,,0.0017421602787456446,0.32713008973343544,ALLOW,"registry, PIT, unit, route, maturity, control and access contracts passed",,False,ONE_SUPPORT_UNIT_ONE_VOTE
['development'],,,,False,0032289084d22cfef1dc66e6,uc_firstn_path_1733_00007_control,CSRank($m1_first30_last_return_vs_open),705625143e24f980ffbefdd603105a59bcc1214bb8853aa5cd0a6dff4fb3ece0,,[],0.011683769805628283,"['m1_first30_last_return_vs_open', 'ret_1m']",False,,,98860f443c5ea90b457955a4db88c1177dcd3390bd11f56090c74cc2bd49f259,True,CSRank($m1_first30_last_return_vs_open),"['m1_first30_last_return_vs_open', 'ret_1m']",0,,cn_unified_registry_driven_generator_v1,True,True,,uc_firstn_path_1733_00007,,False,firstN end timestamp,SignedPath,['root:CSRank'],,2,matched_control,0.75,0.01248240416592468,"['cn.rep.78cbe23f8d491a73ad0f85de586e3750', 'cn.rep.92264a877f9fcf2b53483a2833631e12']",False,0.011683769805628283,FIRSTN_PATH,1733,seed_a,"['cn.sf.516fa273abbb897d5de04c0f931e5ea4', 'cn.sf.7ac67c3e2be8e149c3c02a4842c21173']",,,False,2296,stock-session after firstN maturity,4,False,,0.0017421602787456446,0.3194537441185587,ALLOW,"registry, PIT, unit, route, maturity, control and access contracts passed",,False,CONTROL_NO_SEPARATE_VOTE
['development'],,,,True,3d200ef6e9241b5841ad2253,uc_firstn_path_1733_00008,"CSRank(Add($m1_first15_last_close,Sign(Delta($low,5))))",7280a980fd80b739fb82c68cae90abfa59bcac4bdb59bc9cc54529749b760dd3,,[],-0.011299900185396911,"['m1_first15_last_close', 'low']",False,,,a8e1474d5e79f80b488284fca18ad8a26324e5a23dbe9fe4d2294fc4b6e45d5d,True,"CSRank(Add($m1_first15_last_close,Sign(Delta($low,5))))","['low', 'm1_first15_last_close']",0,,cn_unified_registry_driven_generator_v1,False,True,,uc_firstn_path_1733_00008_control,-0.007237616555181059,False,firstN end timestamp,SignedPath,"['root:CSRank', 'root.CSRank[0]:Add', 'root.CSRank[0].Add[1]:Sign', 'root.CSRank[0].Add[1].Sign[0]:Delta']",,1,registry_root,0.5,-0.0111573140615671,"['cn.rep.a24282e2c82e94c62dab47348534b71d', 'cn.rep.c50f9ad7a7bc9bf834271c6e1660fe0b']",False,-0.011299900185396911,FIRSTN_PATH,1733,seed_a,"['cn.sf.155ca942c67e3b7985fdca8bf70262e2', 'cn.sf.64bdabb8d16889ca3a2f48844da3ba77']",,,False,2296,stock-session after firstN maturity,4,False,,0.0017421602787456446,0.05703444953192442,ALLOW,"registry, PIT, unit, route, maturity, control and access contracts passed",,False,ONE_SUPPORT_UNIT_ONE_VOTE
['development'],,,,True,443419dc6378d14efdaae014,uc_firstn_path_1733_00008_control,CSRank($m1_first15_last_close),f180c6f2c8c4c5a32944bcfd45a70d1fc24a8c703cd6f8769da7beee9cff94f6,,[],-0.0040622836302158525,"['m1_first15_last_close', 'low']",False,,,067cdf669d085e8eb10fac504bb853c874c1d2587ca834810832be59581f41de,True,CSRank($m1_first15_last_close),"['low', 'm1_first15_last_close']",0,,cn_unified_registry_driven_generator_v1,True,True,,uc_firstn_path_1733_00008,,False,firstN end timestamp,SignedPath,['root:CSRank'],,1,matched_control,0.5,-0.003940072138838691,"['cn.rep.a24282e2c82e94c62dab47348534b71d', 'cn.rep.c50f9ad7a7bc9bf834271c6e1660fe0b']",False,-0.0040622836302158525,FIRSTN_PATH,1733,seed_a,"['cn.sf.155ca942c67e3b7985fdca8bf70262e2', 'cn.sf.64bdabb8d16889ca3a2f48844da3ba77']",,,False,2296,stock-session after firstN maturity,4,False,,0.0017421602787456446,0.04888459655086466,ALLOW,"registry, PIT, unit, route, maturity, control and access contracts passed",,False,CONTROL_NO_SEPARATE_VOTE
['development'],,,,False,a134d4c0909be3983b814789,uc_firstn_path_1733_00009,"CSRank(Add($m1_first5_high,Sign(Delta($close,5))))",d86b8b6c99a7df67787886e74e9c736121c7eac60758569506af64097de946cb,,[],-0.01365902178706165,"['m1_first5_high', 'close']",False,,,f34ebcb0f6aada54a07f7f101d52f51ee50f79c3f3cb800a7ddf83b4dbfc1314,True,"CSRank(Add($m1_first5_high,Sign(Delta($close,5))))","['close', 'm1_first5_high']",0,,cn_unified_registry_driven_generator_v1,False,True,,uc_firstn_path_1733_00009_control,-0.01002442231196794,False,firstN end timestamp,SignedPath,"['root:CSRank', 'root.CSRank[0]:Add', 'root.CSRank[0].Add[1]:Sign', 'root.CSRank[0].Add[1].Sign[0]:Delta']",,1,registry_root,0.5,-0.013513242908762196,"['cn.rep.f2107e4504bd106fcf3ccc678d1c96c8', 'cn.rep.811f6273d040359787036b540a043ab4']",False,-0.01365902178706165,FIRSTN_PATH,1733,seed_a,"['cn.sf.d40f8f20500150cfff77216ced9c2922', 'cn.sf.a87d7c0090faf776bd6c99b9c652dcd1']",,,False,2296,stock-session after firstN maturity,4,False,,0.0017421602787456446,0.05831155131978189,ALLOW,"registry, PIT, unit, route, maturity, control and access contracts passed",,False,ONE_SUPPORT_UNIT_ONE_VOTE
['development'],,,,False,95d75adb22f6231124d57f61,uc_firstn_path_1733_00009_control,CSRank($m1_first5_high),8041f642fcdccce6c745e2a8e7a043c243b1ff7c6f0519cdf703d103be0fcf9b,,[],-0.0036345994750937105,"['m1_first5_high', 'close']",False,,,5ac142745befd691f30b37124b4256c7e2084a4820c548354fbd8c729901a3ef,True,CSRank($m1_first5_high),"['close', 'm1_first5_high']",0,,cn_unified_registry_driven_generator_v1,True,True,,uc_firstn_path_1733_00009,,False,firstN end timestamp,SignedPath,['root:CSRank'],,1,matched_control,0.5,-0.0035105247580586914,"['cn.rep.f2107e4504bd106fcf3ccc678d1c96c8', 'cn.rep.811f6273d040359787036b540a043ab4']",False,-0.0036345994750937105,FIRSTN_PATH,1733,seed_a,"['cn.sf.d40f8f20500150cfff77216ced9c2922', 'cn.sf.a87d7c0090faf776bd6c99b9c652dcd1']",,,False,2296,stock-session after firstN maturity,4,False,,0.0017421602787456446,0.04962988681400772,ALLOW,"registry, PIT, unit, route, maturity, control and access contracts passed",,False,CONTROL_NO_SEPARATE_VOTE
['development'],,,,False,18e82a60e073617e2e4bde09,uc_firstn_path_1733_00010,"CSRank(Add($m1_first30_bars,Sign(Delta($vwap,5))))",990267b5efc8aa88acd83393e7b0f90632f2e3543424b2d79daa406f036b7846,,[],-0.04905251488873885,"['m1_first30_bars', 'vwap']",False,,,e15035dd3934fb09af0af521dc212c23085805d28bf98c1aaaaf99c2241ab55d,True,"CSRank(Add($m1_first30_bars,Sign(Delta($vwap,5))))","['m1_first30_bars', 'vwap']",0,,cn_unified_registry_driven_generator_v1,False,True,,uc_firstn_path_1733_00010_control,nan,False,firstN end timestamp,SignedPath,"['root:CSRank', 'root.CSRank[0]:Add', 'root.CSRank[0].Add[1]:Sign', 'root.CSRank[0].Add[1].Sign[0]:Delta']",,0,registry_root,0.0,-0.04844100043391971,"['cn.rep.f90751aae9b02fa58e801a010b94a58e', 'cn.rep.83d251a9f86f7e4fec75b8902aaa881b']",False,-0.04905251488873885,FIRSTN_PATH,1733,seed_a,"['cn.sf.9d17a84737f7a71ccef3204a27273a6f', 'cn.sf.b4279506efdad23a752311a627c7060d']",,,False,2259,stock-session after firstN maturity,4,False,,0.0017706949977866313,0.24460578192765725,ALLOW,"registry, PIT, unit, route, maturity, control and access contracts passed",,False,ONE_SUPPORT_UNIT_ONE_VOTE
['development'],,,,False,6258a12a9645a78f8ad0cbd1,uc_firstn_path_1733_00010_control,CSRank($m1_first30_bars),842872ce62351b743b2a6cc65ebda32c1cd4eb417354deff42409eb6fde79e6f,,[],nan,"['m1_first30_bars', 'vwap']",False,,,e693299045183bf9244fe00bd1cd5235198f692cda68f12212ac93ef42d276c7,True,CSRank($m1_first30_bars),"['m1_first30_bars', 'vwap']",0,,cn_unified_registry_driven_generator_v1,True,True,,uc_firstn_path_1733_00010,,False,firstN end timestamp,SignedPath,['root:CSRank'],,0,matched_control,nan,nan,"['cn.rep.f90751aae9b02fa58e801a010b94a58e', 'cn.rep.83d251a9f86f7e4fec75b8902aaa881b']",False,nan,FIRSTN_PATH,1733,seed_a,"['cn.sf.9d17a84737f7a71ccef3204a27273a6f', 'cn.sf.b4279506efdad23a752311a627c7060d']",,,False,2296,stock-session after firstN maturity,0,False,,0.0017421602787456446,1.2022864393002242e-05,ALLOW,"registry, PIT, unit, route, maturity, control and access contracts passed",,False,CONTROL_NO_SEPARATE_VOTE
['development'],,,,True,57ea4aee7116cf32734ddff1,uc_firstn_path_1733_00011,"CSRank(Add($m1_first15_amount,Sign(Delta($pct_chg,5))))",877bccfe487c9bc3e00254f4acc92d1b2df411878785370697a076c0c1380209,,[],-0.030445728166552943,"['m1_first15_amount', 'pct_chg']",False,,,84f42bdc41533f7dd2c90c3df0a445ec9ad011ca1f2ed54da64658954d994db3,True,"CSRank(Add($m1_first15_amount,Sign(Delta($pct_chg,5))))","['m1_first15_amount', 'pct_chg']",0,,cn_unified_registry_driven_generator_v1,False,True,,uc_firstn_path_1733_00011_control,-1.813425503163768e-08,False,firstN end timestamp,SignedPath,"['root:CSRank', 'root.CSRank[0]:Add', 'root.CSRank[0].Add[1]:Sign', 'root.CSRank[0].Add[1].Sign[0]:Delta']",,0,registry_root,0.38186813186813184,-0.030196957797668882,"['cn.rep.e48dc7a9edb3228d5b03edf89d9ce5cb', 'cn.rep.ff25d250e767d497a03a512194193e34']",False,-0.030445728166552943,FIRSTN_PATH,1733,seed_a,"['cn.sf.dac52e2772efd966434ed3ab72a4a1d1', 'cn.sf.e175250817b067c80c690ce8e2ea6e72']",,,True,1852438,stock-session after firstN maturity,364,False,,0.00019649780451491493,0.09950814755362378,ALLOW,"registry, PIT, unit, route, maturity, control and access contracts passed",,False,ONE_SUPPORT_UNIT_ONE_VOTE
['development'],,,,True,57ea4aee7116cf32734ddff1,uc_firstn_path_1733_00011_control,CSRank($m1_first15_amount),90abd96b04401307b9005d78c98dbafe22fcdd3d19deece9fc8b2fafcda18dfb,,[],-0.03044571003229791,"['m1_first15_amount', 'pct_chg']",False,,,925ab441c8374643bc29f7e01af9e08152feea6dfd00d7c7bed6726294dba8df,True,CSRank($m1_first15_amount),"['m1_first15_amount', 'pct_chg']",0,,cn_unified_registry_driven_generator_v1,True,True,,uc_firstn_path_1733_00011,,False,firstN end timestamp,SignedPath,['root:CSRank'],,0,matched_control,0.38186813186813184,-0.030196939663951112,"['cn.rep.e48dc7a9edb3228d5b03edf89d9ce5cb', 'cn.rep.ff25d250e767d497a03a512194193e34']",False,-0.03044571003229791,FIRSTN_PATH,1733,seed_a,"['cn.sf.dac52e2772efd966434ed3ab72a4a1d1', 'cn.sf.e175250817b067c80c690ce8e2ea6e72']",,,True,1852438,stock-session after firstN maturity,364,False,,0.00019649780451491493,0.0995081473387193,ALLOW,"registry, PIT, unit, route, maturity, control and access contracts passed",,False,CONTROL_NO_SEPARATE_VOTE
['development'],,,,True,a733e9d5bdb1a2bbc7e6fb2c,uc_slow_cross_sectional_level_1741_00000,CSRank($ctx_hfq_pb),6ff92ef6cd153d8d6dfd45239ec3ee415552081cdefdc89d80d28ab25d2b30a3,,[],-0.05467901931008496,['ctx_hfq_pb'],False,,,7cadd287acee4d73073b23850850cea27acd9cc8373ac11b7aabb549e7710198,True,CSRank($ctx_hfq_pb),['ctx_hfq_pb'],0,,cn_unified_registry_driven_generator_v1,False,True,,uc_slow_cross_sectional_level_1741_00000_control,-0.10779214803991696,False,latest PIT-observable version before session,CSRank,['root:CSRank'],,1,registry_root,0.25,-0.054506977187020085,['cn.rep.96fdde1e58da4cc95e27dbf90cc60e99'],False,-0.05467901931008496,SLOW_CROSS_SECTIONAL_LEVEL,1741,seed_a,['cn.sf.98b94046ec42578911c3ee9409a410a8'],,,False,2187,stock-session cross-section,4,False,,0.001828989483310471,0.0688168492259503,ALLOW,"registry, PIT, unit, route, maturity, control and access contracts passed",,False,ONE_SUPPORT_UNIT_ONE_VOTE
['development'],,,,True,98ef1ee043d2828c44aaf858,uc_slow_cross_sectional_level_1741_00000_control,CSRank(Sign($ctx_hfq_pb)),660f526f5294531d1792f35060448114cad67010da52fc44f2e9bdda5e41c85d,,[],0.05311312872983201,['ctx_hfq_pb'],False,,,10b50d104f5b1f3df9e36d135eabe4828be1800d810e8d304505d8895b03de9a,True,CSRank(Sign($ctx_hfq_pb)),['ctx_hfq_pb'],0,,cn_unified_registry_driven_generator_v1,True,True,,uc_slow_cross_sectional_level_1741_00000,,False,latest PIT-observable version before session,CSRank,"['root:CSRank', 'root.CSRank[0]:Sign']",,1,matched_control,1.0,0.053114873787587474,['cn.rep.96fdde1e58da4cc95e27dbf90cc60e99'],False,0.05311312872983201,SLOW_CROSS_SECTIONAL_LEVEL,1741,seed_a,['cn.sf.98b94046ec42578911c3ee9409a410a8'],,,False,2187,stock-session cross-section,1,False,,0.001828989483310471,0.0006980231021862337,ALLOW,"registry, PIT, unit, route, maturity, control and access contracts passed",,False,CONTROL_NO_SEPARATE_VOTE
['development'],,,,True,1c0d65dce2682911811f3948,uc_slow_cross_sectional_level_1741_00001,CSRank($fund_disclosure_holder_age_sessions),0bff62098d73499b3c24a6592dfe07c68cc1c7ea1c19a46813a14ec0e5f8e39b,,[],-0.0010236097995142434,['fund_disclosure_holder_age_sessions'],False,,,2b3b9bf66a3ae053b9501ecdf3e78166e91cfea3c4ef418063ef4c23e3324d5c,True,CSRank($fund_disclosure_holder_age_sessions),['fund_disclosure_holder_age_sessions'],0,,cn_unified_registry_driven_generator_v1,False,True,,uc_slow_cross_sectional_level_1741_00001_control,-0.0004734161177484866,False,latest PIT-observable version before session,CSRank,['root:CSRank'],,1,registry_root,0.47790055248618785,-0.00097738375774357,['cn.rep.e9e5e4110c874e688145e0e652cedffa'],False,-0.0010236097995142434,SLOW_CROSS_SECTIONAL_LEVEL,1741,seed_a,['cn.sf.c85042cbf88a455c9d57707708d9f212'],,,True,1830780,stock-session cross-section,362,False,,0.00019827614459410744,0.018490416708269387,ALLOW,"registry, PIT, unit, route, maturity, control and access contracts passed",,False,ONE_SUPPORT_UNIT_ONE_VOTE
['development'],,,,True,79e63eebc01fea4eb5f1bfa5,uc_slow_cross_sectional_level_1741_00001_control,CSRank(Sign($fund_disclosure_holder_age_sessions)),725b8dfb3f776c3d9c7cdaa6c7010a247a2935699b8f8b79851b7ec72cd3e732,,[],-0.0005501936817657568,['fund_disclosure_holder_age_sessions'],False,,,770bf190c1bf2c8cd8bae8753b8cf4913bcf3ed823cc18d50742ac43f1b0c74c,True,CSRank(Sign($fund_disclosure_holder_age_sessions)),['fund_disclosure_holder_age_sessions'],0,,cn_unified_registry_driven_generator_v1,True,True,,uc_slow_cross_sectional_level_1741_00001,,False,latest PIT-observable version before session,CSRank,"['root:CSRank', 'root.CSRank[0]:Sign']",,1,matched_control,0.5055555555555555,-0.0005004974889614663,['cn.rep.e9e5e4110c874e688145e0e652cedffa'],False,-0.0005501936817657568,SLOW_CROSS_SECTIONAL_LEVEL,1741,seed_a,['cn.sf.c85042cbf88a455c9d57707708d9f212'],,,True,1830780,stock-session cross-section,360,False,,0.00019827614459410744,0.01987847712171624,ALLOW,"registry, PIT, unit, route, maturity, control and access contracts passed",,False,CONTROL_NO_SEPARATE_VOTE
['development'],,,,False,ce480b04cc3264b20ffef2d2,uc_slow_cross_sectional_level_1741_00002,CSRank($ctx_billboard_sell_ratio),c0ccc088d3b1b1da829105277a56c9403176bb2a45601002647fa780bcb88086,,[],nan,['ctx_billboard_sell_ratio'],False,,,efad6087b900bae2a8422446f92d583aeb2e654f8165024eb4009ea7ddb1bddb,True,CSRank($ctx_billboard_sell_ratio),['ctx_billboard_sell_ratio'],0,,cn_unified_registry_driven_generator_v1,False,True,,uc_slow_cross_sectional_level_1741_00002_control,nan,False,latest PIT-observable version before session,CSRank,['root:CSRank'],,0,registry_root,nan,nan,['cn.rep.f67d064c1bf88b9597b150c51b1a137e'],False,nan,SLOW_CROSS_SECTIONAL_LEVEL,1741,seed_a,['cn.sf.379464703014cb7ba4b09a54bf5cc83d'],,,False,24,stock-session cross-section,0,False,,0.041666666666666664,nan,ALLOW,"registry, PIT, unit, route, maturity, control and access contracts passed",,False,ONE_SUPPORT_UNIT_ONE_VOTE
['development'],,,,False,1db1c8014c22fc06f78f05c0,uc_slow_cross_sectional_level_1741_00002_control,CSRank(Sign($ctx_billboard_sell_ratio)),0ce40e5c4d5cec7b3e79be650bce5e114eafc610176246143a4f327feaaa05df,,[],nan,['ctx_billboard_sell_ratio'],False,,,67d0084a4b9b46565fa535ab8dd04df1914d6dd32ea4d1e3cc0f10ff8908007d,True,CSRank(Sign($ctx_billboard_sell_ratio)),['ctx_billboard_sell_ratio'],0,,cn_unified_registry_driven_generator_v1,True,True,,uc_slow_cross_sectional_level_1741_00002,,False,latest PIT-observable version before session,CSRank,"['root:CSRank', 'root.CSRank[0]:Sign']",,0,matched_control,nan,nan,['cn.rep.f67d064c1bf88b9597b150c51b1a137e'],False,nan,SLOW_CROSS_SECTIONAL_LEVEL,1741,seed_a,['cn.sf.379464703014cb7ba4b09a54bf5cc83d'],,,False,24,stock-session cross-section,0,False,,0.041666666666666664,nan,ALLOW,"registry, PIT, unit, route, maturity, control and access contracts passed",,False,CONTROL_NO_SEPARATE_VOTE
['development'],,,,True,4d50ce255d06091844a99460,uc_slow_cross_sectional_level_1741_00003,CSRank($fund_cashflow_cfo_revenue),01a2650c7971de71ff91e6bd95e8c52691de19faeecae22f075e9181878368a1,,[],-0.07819045786166301,['fund_cashflow_cfo_revenue'],True,,,8632dbee75b880fafc35a102df6bddd82a6813e2ba06ba97f4bf58b078470508,True,CSRank($fund_cashflow_cfo_revenue),['fund_cashflow_cfo_revenue'],0,,cn_unified_registry_driven_generator_v1,False,True,,uc_slow_cross_sectional_level_1741_00003_control,0.004257929071977806,False,latest PIT-observable version before session,CSRank,['root:CSRank'],,1,registry_root,0.25,-0.07786200760121546,['cn.rep.299d0399679853b6f094b3e3a02a9032'],False,-0.07819045786166301,SLOW_CROSS_SECTIONAL_LEVEL,1741,seed_a,['cn.sf.9c00cdc912ddbe4532cd57fc68e1f64a'],,,False,2288,stock-session cross-section,4,False,,0.0017482517482517483,0.131380104179021,ALLOW,"registry, PIT, unit, route, maturity, control and access contracts passed",,False,ONE_SUPPORT_UNIT_ONE_VOTE
['development'],,,,True,3c577af70599e62f59c79ebb,uc_slow_cross_sectional_level_1741_00003_control,CSRank(Sign($fund_cashflow_cfo_revenue)),71b77342fce4be1c9469cefc37755576e4acd100a55fa56bb413e3ea84cf1667,,[],-0.08244838693364082,['fund_cashflow_cfo_revenue'],False,,,24dbfb42f33ffd410f77b9aa33a62aa8e8981b5e7d0c69acdd0d47a24d4d7ca8,True,CSRank(Sign($fund_cashflow_cfo_revenue)),['fund_cashflow_cfo_revenue'],0,,cn_unified_registry_driven_generator_v1,True,True,,uc_slow_cross_sectional_level_1741_00003,,False,latest PIT-observable version before session,CSRank,"['root:CSRank', 'root.CSRank[0]:Sign']",,0,matched_control,0.0,-0.08210802310326495,['cn.rep.299d0399679853b6f094b3e3a02a9032'],False,-0.08244838693364082,SLOW_CROSS_SECTIONAL_LEVEL,1741,seed_a,['cn.sf.9c00cdc912ddbe4532cd57fc68e1f64a'],,,False,2288,stock-session cross-section,4,False,,0.0017482517482517483,0.13614553215034228,ALLOW,"registry, PIT, unit, route, maturity, control and access contracts passed",,False,CONTROL_NO_SEPARATE_VOTE
['development'],,,,False,4c78ebb1393fd51019dab206,uc_slow_cross_sectional_level_1741_00004,CSRank($ctx_billboard_buy_ratio),7620827194a20cc6b6f028803756d9540702b5bbdfdfcf31d83899759182b403,,[],nan,['ctx_billboard_buy_ratio'],False,,,3772e3361c81875759b8965268e41bc9bd820fece85fb264ca965059858b39b7,True,CSRank($ctx_billboard_buy_ratio),['ctx_billboard_buy_ratio'],0,,cn_unified_registry_driven_generator_v1,False,True,,uc_slow_cross_sectional_level_1741_00004_control,nan,False,latest PIT-observable version before session,CSRank,['root:CSRank'],,0,registry_root,nan,nan,['cn.rep.5f95bacb284682876e4fc933bdbc652a'],False,nan,SLOW_CROSS_SECTIONAL_LEVEL,1741,seed_a,['cn.sf.907793dda44688dbf82f540d3aca661b'],,,False,24,stock-session cross-section,0,False,,0.041666666666666664,nan,ALLOW,"registry, PIT, unit, route, maturity, control and access contracts passed",,False,ONE_SUPPORT_UNIT_ONE_VOTE
['development'],,,,False,1db1c8014c22fc06f78f05c0,uc_slow_cross_sectional_level_1741_00004_control,CSRank(Sign($ctx_billboard_buy_ratio)),fb0cc93aed4b5733e66771d45f3e902dd74a9d66f506bf04739ecaa3204307ee,,[],nan,['ctx_billboard_buy_ratio'],False,,,7bca49ffe27904082fdb042b2bfd21131aefc09113fc857dc49be4e31460e016,True,CSRank(Sign($ctx_billboard_buy_ratio)),['ctx_billboard_buy_ratio'],0,,cn_unified_registry_driven_generator_v1,True,True,,uc_slow_cross_sectional_level_1741_00004,,False,latest PIT-observable version before session,CSRank,"['root:CSRank', 'root.CSRank[0]:Sign']",,0,matched_control,nan,nan,['cn.rep.5f95bacb284682876e4fc933bdbc652a'],False,nan,SLOW_CROSS_SECTIONAL_LEVEL,1741,seed_a,['cn.sf.907793dda44688dbf82f540d3aca661b'],,,False,24,stock-session cross-section,0,False,,0.041666666666666664,nan,ALLOW,"registry, PIT, unit, route, maturity, control and access contracts passed",,False,CONTROL_NO_SEPARATE_VOTE
['development'],,,,True,679d8098cdd35e0fe01e0f82,uc_slow_cross_sectional_level_1741_00005,CSRank($fund_accruals_profit_minus_cfo_assets),cc79d18ccd0c166d286a732331c6e7dcfa2176723dc6043764b3e2b24accd501,,[],-0.004404070192488728,['fund_accruals_profit_minus_cfo_assets'],False,,,0da8f491af2651b61b5688977c699c4e34023e4c90dea9fb9efd3f940eea04da,True,CSRank($fund_accruals_profit_minus_cfo_assets),['fund_accruals_profit_minus_cfo_assets'],0,,cn_unified_registry_driven_generator_v1,False,True,,uc_slow_cross_sectional_level_1741_00005_control,-0.0010880927087427417,False,latest PIT-observable version before session,CSRank,['root:CSRank'],,1,registry_root,0.45179063360881544,-0.0043948200764778065,['cn.rep.dc4c9b40da83dfe4e6c15188fa2c009a'],False,-0.004404070192488728,SLOW_CROSS_SECTIONAL_LEVEL,1741,seed_a,['cn.sf.38e4dc3066b0469543df0f19cac13657'],,,True,1823530,stock-session cross-section,363,False,,0.00019906445191469294,0.0037000464043685927,ALLOW,"registry, PIT, unit, route, maturity, control and access contracts passed",,False,ONE_SUPPORT_UNIT_ONE_VOTE
['development'],,,,True,8c7f77d60f970320b112a8f1,uc_slow_cross_sectional_level_1741_00005_control,CSRank(Sign($fund_accruals_profit_minus_cfo_assets)),8d4e2842d7ee4a399d20b980f5e95ff88ee0d5756d49d7e46763eaa70fd06f1b,,[],-0.003315977483745986,['fund_accruals_profit_minus_cfo_assets'],False,,,b892c14ff361628f2c08d21c3bcd16838e54c19b39414ae6b35964a7e34a2534,True,CSRank(Sign($fund_accruals_profit_minus_cfo_assets)),['fund_accruals_profit_minus_cfo_assets'],0,,cn_unified_registry_driven_generator_v1,True,True,,uc_slow_cross_sectional_level_1741_00005,,False,latest PIT-observable version before session,CSRank,"['root:CSRank', 'root.CSRank[0]:Sign']",,1,matched_control,0.4903581267217631,-0.0033091874844642637,['cn.rep.dc4c9b40da83dfe4e6c15188fa2c009a'],False,-0.003315977483745986,SLOW_CROSS_SECTIONAL_LEVEL,1741,seed_a,['cn.sf.38e4dc3066b0469543df0f19cac13657'],,,True,1823530,stock-session cross-section,363,False,,0.00019906445191469294,0.0027159997126889263,ALLOW,"registry, PIT, unit, route, maturity, control and access contracts passed",,False,CONTROL_NO_SEPARATE_VOTE
['development'],,,,False,764cf49b274fb4cc919677a4,uc_slow_cross_sectional_level_1741_00006,CSRank($fund_working_capital_payables_assets),3b9efb2c69a1f848fd4c90955bd80bea846335574da488a1c192f042c9e7ce29,,[],-0.027310817577812185,['fund_working_capital_payables_assets'],False,,,525ea2087a40bf7af727d6855dcd98e958bf4c3d8b985a01ac65a86e9d1fc94b,True,CSRank($fund_working_capital_payables_assets),['fund_working_capital_payables_assets'],0,,cn_unified_registry_driven_generator_v1,False,True,,uc_slow_cross_sectional_level_1741_00006_control,nan,False,latest PIT-observable version before session,CSRank,['root:CSRank'],,1,registry_root,0.5,-0.027200474568604374,['cn.rep.f27917796d8b0c2c739b3aecdbb637bc'],False,-0.027310817577812185,SLOW_CROSS_SECTIONAL_LEVEL,1741,seed_a,['cn.sf.e5984e907750728bdd7a9045c518e5e8'],,,False,2254,stock-session cross-section,4,False,,0.001774622892635315,0.04413720368312471,ALLOW,"registry, PIT, unit, route, maturity, control and access contracts passed",,False,ONE_SUPPORT_UNIT_ONE_VOTE
['development'],,,,False,713acba569fe6ea83d5e9b8f,uc_slow_cross_sectional_level_1741_00006_control,CSRank(Sign($fund_working_capital_payables_assets)),c787f8f11191b1635262228aefdca195ed2870928a9c0a6346d6a8993d330dcb,,[],nan,['fund_working_capital_payables_assets'],False,,,472d6dd3f38a3d6cdd91898dff67e8154dba187483038be47381dc6ebf9a2eab,True,CSRank(Sign($fund_working_capital_payables_assets)),['fund_working_capital_payables_assets'],0,,cn_unified_registry_driven_generator_v1,True,True,,uc_slow_cross_sectional_level_1741_00006,,False,latest PIT-observable version before session,CSRank,"['root:CSRank', 'root.CSRank[0]:Sign']",,0,matched_control,nan,nan,['cn.rep.f27917796d8b0c2c739b3aecdbb637bc'],False,nan,SLOW_CROSS_SECTIONAL_LEVEL,1741,seed_a,['cn.sf.e5984e907750728bdd7a9045c518e5e8'],,,False,2254,stock-session cross-section,0,False,,0.001774622892635315,1.146653025863987e-05,ALLOW,"registry, PIT, unit, route, maturity, control and access contracts passed",,False,CONTROL_NO_SEPARATE_VOTE
['development'],,,,False,458e852e1e5b003fdc28ac6a,uc_slow_cross_sectional_level_1741_00007,CSRank($ctx_ths_hot_last_pct),1e107fd70e6b8af436072fc26f1963bd423b092d8bbf97b36504cdf3b6235c6f,,[],nan,['ctx_ths_hot_last_pct'],False,,,eb417b73fe0100d01574bc19bad50160003342374b86a2450ea6c3bf3b1a4ccd,True,CSRank($ctx_ths_hot_last_pct),['ctx_ths_hot_last_pct'],0,,cn_unified_registry_driven_generator_v1,False,True,,uc_slow_cross_sectional_level_1741_00007_control,nan,False,latest PIT-observable version before session,CSRank,['root:CSRank'],,0,registry_root,nan,nan,['cn.rep.4a3e5c5c13b2422e20d36335d0f19f93'],False,nan,SLOW_CROSS_SECTIONAL_LEVEL,1741,seed_a,['cn.sf.35f3f0e2e61f2646695ef560fa4d3605'],,,False,3,stock-session cross-section,0,False,,0.3333333333333333,nan,ALLOW,"registry, PIT, unit, route, maturity, control and access contracts passed",,False,ONE_SUPPORT_UNIT_ONE_VOTE
['development'],,,,False,458e852e1e5b003fdc28ac6a,uc_slow_cross_sectional_level_1741_00007_control,CSRank(Sign($ctx_ths_hot_last_pct)),626ba5dad6bebec89e0a79b5acdcb49130be69471c92e069e99e065e7ce51d1d,,[],nan,['ctx_ths_hot_last_pct'],False,,,540a3040c8785cdbb244a10cbc358d86f38d0816c36e24a722c2191776768d65,True,CSRank(Sign($ctx_ths_hot_last_pct)),['ctx_ths_hot_last_pct'],0,,cn_unified_registry_driven_generator_v1,True,True,,uc_slow_cross_sectional_level_1741_00007,,False,latest PIT-observable version before session,CSRank,"['root:CSRank', 'root.CSRank[0]:Sign']",,0,matched_control,nan,nan,['cn.rep.4a3e5c5c13b2422e20d36335d0f19f93'],False,nan,SLOW_CROSS_SECTIONAL_LEVEL,1741,seed_a,['cn.sf.35f3f0e2e61f2646695ef560fa4d3605'],,,False,3,stock-session cross-section,0,False,,0.3333333333333333,nan,ALLOW,"registry, PIT, unit, route, maturity, control and access contracts passed",,False,CONTROL_NO_SEPARATE_VOTE
['development'],,,,False,b1c41389941e2a2bd300d192,uc_slow_cross_sectional_level_1741_00008,CSRank($fund_holder_top10_share_ratio),52d2c369a8278e7818d5f367ddb787b51965f653605d06719a5e640fb1d8ccfe,,[],-0.033104902598842724,['fund_holder_top10_share_ratio'],False,,,d0decda007afa81228db14a9a8ad0a85363a20650be714e08bfff41c88eaa2a1,True,CSRank($fund_holder_top10_share_ratio),['fund_holder_top10_share_ratio'],0,,cn_unified_registry_driven_generator_v1,False,True,,uc_slow_cross_sectional_level_1741_00008_control,nan,False,latest PIT-observable version before session,CSRank,['root:CSRank'],,1,registry_root,0.25,-0.03304402326756761,['cn.rep.2e1c196bf841e2e1da47271a566a7b22'],False,-0.033104902598842724,SLOW_CROSS_SECTIONAL_LEVEL,1741,seed_a,['cn.sf.3416b46334e88c1c912066008d959254'],,,False,2288,stock-session cross-section,4,False,,0.0017482517482517483,0.024351732510045607,ALLOW,"registry, PIT, unit, route, maturity, control and access contracts passed",,False,ONE_SUPPORT_UNIT_ONE_VOTE
['development'],,,,False,4c49d1371ee6f3f83874477b,uc_slow_cross_sectional_level_1741_00008_control,CSRank(Sign($fund_holder_top10_share_ratio)),7505308f00374517b3a4871744053c7d774db51ad6c2e3d68fe9b95f6219cfb5,,[],nan,['fund_holder_top10_share_ratio'],False,,,4193f94f3890a3fdd2ad604781737a7eb9a57affaaa4ba1d99fc38d1ed68d9e9,True,CSRank(Sign($fund_holder_top10_share_ratio)),['fund_holder_top10_share_ratio'],0,,cn_unified_registry_driven_generator_v1,True,True,,uc_slow_cross_sectional_level_1741_00008,,False,latest PIT-observable version before session,CSRank,"['root:CSRank', 'root.CSRank[0]:Sign']",,0,matched_control,nan,nan,['cn.rep.2e1c196bf841e2e1da47271a566a7b22'],False,nan,SLOW_CROSS_SECTIONAL_LEVEL,1741,seed_a,['cn.sf.3416b46334e88c1c912066008d959254'],,,False,2288,stock-session cross-section,0,False,,0.0017482517482517483,1.2106665147520972e-05,ALLOW,"registry, PIT, unit, route, maturity, control and access contracts passed",,False,CONTROL_NO_SEPARATE_VOTE
['development'],,,,True,fb9ac046c11fc78d9d543126,uc_slow_cross_sectional_level_1741_00009,CSRank($ctx_rzrq_rzjme),0c0d999279b80d4ac603c3ae374e45f702a499ec21aa5b10cc34d147cb418d1c,,[],-0.08219626957195018,['ctx_rzrq_rzjme'],False,,,6af256b97a08314806615ffe1002657225f3f1234a2c7b64855a0edc8ce65508,True,CSRank($ctx_rzrq_rzjme),['ctx_rzrq_rzjme'],0,,cn_unified_registry_driven_generator_v1,False,True,,uc_slow_cross_sectional_level_1741_00009_control,-0.026119179021082087,False,latest PIT-observable version before session,CSRank,['root:CSRank'],,0,registry_root,0.0,-0.08138720108500619,['cn.rep.3bc4097320f5811957fe024cd5d9ab84'],False,-0.08219626957195018,SLOW_CROSS_SECTIONAL_LEVEL,1741,seed_a,['cn.sf.186d68406e6cd10856039b75bc9a3146'],,,False,1404,stock-session cross-section,4,False,,0.002849002849002849,0.32362739477759966,ALLOW,"registry, PIT, unit, route, maturity, control and access contracts passed",,False,ONE_SUPPORT_UNIT_ONE_VOTE
['development'],,,,True,9d7a4ef1c63eb096a0b6ea83,uc_slow_cross_sectional_level_1741_00009_control,CSRank(Sign($ctx_rzrq_rzjme)),5b10f274aec1884013e036cb13abafd2b7b146a3a4885769710dcaa9fc8b99f4,,[],-0.0560770905508681,['ctx_rzrq_rzjme'],False,,,6b540cba5f79119603dfc4967b8344c587a9e7138e3b638cda45c4709d418d10,True,CSRank(Sign($ctx_rzrq_rzjme)),['ctx_rzrq_rzjme'],0,,cn_unified_registry_driven_generator_v1,True,True,,uc_slow_cross_sectional_level_1741_00009,,False,latest PIT-observable version before session,CSRank,"['root:CSRank', 'root.CSRank[0]:Sign']",,0,matched_control,0.0,-0.05538274203202831,['cn.rep.3bc4097320f5811957fe024cd5d9ab84'],False,-0.0560770905508681,SLOW_CROSS_SECTIONAL_LEVEL,1741,seed_a,['cn.sf.186d68406e6cd10856039b75bc9a3146'],,,False,1404,stock-session cross-section,4,False,,0.002849002849002849,0.27773940753591625,ALLOW,"registry, PIT, unit, route, maturity, control and access contracts passed",,False,CONTROL_NO_SEPARATE_VOTE
['development'],,,,True,e8891af52b61978ee5d6a061,uc_slow_cross_sectional_level_1741_00010,CSRank($fund_profit_parent_margin),f67ead3e81ab42ca4e988b61c6a7fe66e5edaf027df813a204cb0bff96e39c4c,,[],-0.0007079099687511515,['fund_profit_parent_margin'],False,,,656b88d6d5091040c72618d1f8c31a81435c2d8e4927d10a5a47670c1b3f96ec,True,CSRank($fund_profit_parent_margin),['fund_profit_parent_margin'],0,,cn_unified_registry_driven_generator_v1,False,True,,uc_slow_cross_sectional_level_1741_00010_control,-0.004782584702029438,False,latest PIT-observable version before session,CSRank,['root:CSRank'],,2,registry_root,0.4793388429752066,-0.0007041007858808513,['cn.rep.b31506bc1e764670f22a017676f727e4'],False,-0.0007079099687511515,SLOW_CROSS_SECTIONAL_LEVEL,1741,seed_a,['cn.sf.38e4dc3066b0469543df0f19cac13657'],,,True,1826838,stock-session cross-section,363,False,,0.0001987039901731845,0.0015236731481200875,ALLOW,"registry, PIT, unit, route, maturity, control and access contracts passed",,False,ONE_SUPPORT_UNIT_ONE_VOTE
['development'],,,,True,9eff1dd70f624496e2a019c2,uc_slow_cross_sectional_level_1741_00010_control,CSRank(Sign($fund_profit_parent_margin)),985d3fe8b074cc9b81ba0f25792474f1d7d19b83511b245e510c85fd5c239507,,[],0.0040746747332782865,['fund_profit_parent_margin'],False,,,969d9bf48ccfa54db354a2910eb27cceb15a74cef3d5c26863cb24b5e6bc06e1,True,CSRank(Sign($fund_profit_parent_margin)),['fund_profit_parent_margin'],0,,cn_unified_registry_driven_generator_v1,True,True,,uc_slow_cross_sectional_level_1741_00010,,False,latest PIT-observable version before session,CSRank,"['root:CSRank', 'root.CSRank[0]:Sign']",,3,matched_control,0.5179063360881543,0.004077021435212595,['cn.rep.b31506bc1e764670f22a017676f727e4'],False,0.0040746747332782865,SLOW_CROSS_SECTIONAL_LEVEL,1741,seed_a,['cn.sf.38e4dc3066b0469543df0f19cac13657'],,,True,1826838,stock-session cross-section,363,False,,0.0001987039901731845,0.0009386807737233588,ALLOW,"registry, PIT, unit, route, maturity, control and access contracts passed",,False,CONTROL_NO_SEPARATE_VOTE
['development'],,,,False,d384b3bbf0d58cb823f0181b,uc_slow_cross_sectional_level_1741_00011,CSRank($ctx_holder_holder_num),f97e82a52c171f483a295860f4c925f13f2fa69e9f31f35a0cd093f09830a2b9,,[],-0.04633683377954464,['ctx_holder_holder_num'],False,,,e4111d4d89089022a81866ce10a216efc5ec292745a454b3a6b31ba01ebfa274,True,CSRank($ctx_holder_holder_num),['ctx_holder_holder_num'],0,,cn_unified_registry_driven_generator_v1,False,True,,uc_slow_cross_sectional_level_1741_00011_control,nan,False,latest PIT-observable version before session,CSRank,['root:CSRank'],,1,registry_root,0.5,-0.04606737386283459,['cn.rep.cd2d823b5bbdea3cf267691031562159'],False,-0.04633683377954464,SLOW_CROSS_SECTIONAL_LEVEL,1741,seed_a,['cn.sf.3c17f68267b2c717ed21cf37d46de356'],,,False,279,stock-session cross-section,2,False,,0.010752688172043012,0.10778396668401874,ALLOW,"registry, PIT, unit, route, maturity, control and access contracts passed",,False,ONE_SUPPORT_UNIT_ONE_VOTE
['development'],,,,False,79d193159191b017512058f0,uc_slow_cross_sectional_level_1741_00011_control,CSRank(Sign($ctx_holder_holder_num)),3cf94eda5abcf166504e1a56cc7d71e23a558bee89583969b152c0ef1dfab051,,[],nan,['ctx_holder_holder_num'],False,,,9fb78e82e55774003813ad41d3c256526648542de1cd459f1f92b75f1f7e2175,True,CSRank(Sign($ctx_holder_holder_num)),['ctx_holder_holder_num'],0,,cn_unified_registry_driven_generator_v1,True,True,,uc_slow_cross_sectional_level_1741_00011,,False,latest PIT-observable version before session,CSRank,"['root:CSRank', 'root.CSRank[0]:Sign']",,0,matched_control,nan,nan,['cn.rep.cd2d823b5bbdea3cf267691031562159'],False,nan,SLOW_CROSS_SECTIONAL_LEVEL,1741,seed_a,['cn.sf.3c17f68267b2c717ed21cf37d46de356'],,,False,279,stock-session cross-section,0,False,,0.010752688172043012,0.021333029672045856,ALLOW,"registry, PIT, unit, route, maturity, control and access contracts passed",,False,CONTROL_NO_SEPARATE_VOTE
['development'],,,,False,155ed95f90f313ba46877b0e,uc_slow_cross_sectional_level_1741_00012,CSRank($fund_efficiency_revenue_assets),275408f941102358bad2abd22597eaf148585a82b754d64ca2c3f10344312127,,[],-0.06977347299679908,['fund_efficiency_revenue_assets'],False,,,dff94ee49f881d83daf88e0cb43ef42e35f422b107bfd17923258e4ae27ee01d,True,CSRank($fund_efficiency_revenue_assets),['fund_efficiency_revenue_assets'],0,,cn_unified_registry_driven_generator_v1,False,True,,uc_slow_cross_sectional_level_1741_00012_control,nan,False,latest PIT-observable version before session,CSRank,['root:CSRank'],,0,registry_root,0.0,-0.06953723514495096,['cn.rep.ea51da172d0a4a69d4ef55bdc4d26de8'],False,-0.06977347299679908,SLOW_CROSS_SECTIONAL_LEVEL,1741,seed_a,['cn.sf.e38de6f9f8762c5948fa9062142f26f5'],,,False,2288,stock-session cross-section,4,False,,0.0017482517482517483,0.09449514073924693,ALLOW,"registry, PIT, unit, route, maturity, control and access contracts passed",,False,ONE_SUPPORT_UNIT_ONE_VOTE
['development'],,,,False,4c49d1371ee6f3f83874477b,uc_slow_cross_sectional_level_1741_00012_control,CSRank(Sign($fund_efficiency_revenue_assets)),06c8f168be1975b194adf1cabb0db48ee2c7d516b2b237b2894cb29e090282b5,,[],nan,['fund_efficiency_revenue_assets'],False,,,c1a5c296ccfd1965c360a182713bcb2da97ff7d6803f84f95e5b1f8542597dbc,True,CSRank(Sign($fund_efficiency_revenue_assets)),['fund_efficiency_revenue_assets'],0,,cn_unified_registry_driven_generator_v1,True,True,,uc_slow_cross_sectional_level_1741_00012,,False,latest PIT-observable version before session,CSRank,"['root:CSRank', 'root.CSRank[0]:Sign']",,0,matched_control,nan,nan,['cn.rep.ea51da172d0a4a69d4ef55bdc4d26de8'],False,nan,SLOW_CROSS_SECTIONAL_LEVEL,1741,seed_a,['cn.sf.e38de6f9f8762c5948fa9062142f26f5'],,,False,2288,stock-session cross-section,0,False,,0.0017482517482517483,1.2106665147520972e-05,ALLOW,"registry, PIT, unit, route, maturity, control and access contracts passed",,False,CONTROL_NO_SEPARATE_VOTE
['development'],,,,True,1ac6b603ee794f5d292f3fbb,uc_slow_cross_sectional_level_1741_00013,CSRank($ctx_hfq_volume_ratio),beb706d87e357d98b3460074988d09bc777f6aef831e8ffad3022dbb22afc2ec,,[],-0.01318713969430018,['ctx_hfq_volume_ratio'],False,,,29f7c315abdfa113a3ae6dc3e5d6a0f43787f0f8a8080a96bd2feb11e46de274,True,CSRank($ctx_hfq_volume_ratio),['ctx_hfq_volume_ratio'],0,,cn_unified_registry_driven_generator_v1,False,True,,uc_slow_cross_sectional_level_1741_00013_control,nan,False,latest PIT-observable version before session,CSRank,['root:CSRank'],,2,registry_root,0.5,-0.012352196140326604,['cn.rep.3389b4acd816510e5eaa84a7ca7a2cef'],False,-0.01318713969430018,SLOW_CROSS_SECTIONAL_LEVEL,1741,seed_a,['cn.sf.0734fa427f0bbe4b475e57f1a62f0d77'],,,False,2187,stock-session cross-section,4,False,,0.001828989483310471,0.3339774215894307,ALLOW,"registry, PIT, unit, route, maturity, control and access contracts passed",,False,ONE_SUPPORT_UNIT_ONE_VOTE
['development'],,,,True,69350d5cb8e95f18c10c5f6b,uc_slow_cross_sectional_level_1741_00013_control,CSRank(Sign($ctx_hfq_volume_ratio)),85317d28f942b8065a3840a9f3eba6ac8630c2f627da8ceb4317c8c266468915,,[],nan,['ctx_hfq_volume_ratio'],False,,,721e30ee80875aae9dbf269c97efe52e8779609b0d48e1434dc470c65c42867c,True,CSRank(Sign($ctx_hfq_volume_ratio)),['ctx_hfq_volume_ratio'],0,,cn_unified_registry_driven_generator_v1,True,True,,uc_slow_cross_sectional_level_1741_00013,,False,latest PIT-observable version before session,CSRank,"['root:CSRank', 'root.CSRank[0]:Sign']",,0,matched_control,nan,nan,['cn.rep.3389b4acd816510e5eaa84a7ca7a2cef'],False,nan,SLOW_CROSS_SECTIONAL_LEVEL,1741,seed_a,['cn.sf.0734fa427f0bbe4b475e57f1a62f0d77'],,,False,2187,stock-session cross-section,0,False,,0.001828989483310471,7.065848104664829e-05,ALLOW,"registry, PIT, unit, route, maturity, control and access contracts passed",,False,CONTROL_NO_SEPARATE_VOTE
['development'],,,,False,cda1c3abc74bc4c28fa4a8e0,uc_slow_cross_sectional_level_1741_00014,CSRank($fund_liquidity_cash_current_liab),e7e17d67e7cc4f4d4b8b972708c3cb080934004290340302480b5940a60ef0e8,,[],0.015343080390676596,['fund_liquidity_cash_current_liab'],False,,,ea8e2e6478ac40bec89b8521b18b5c7d53d806af078af49a3ab935b8ce505d9a,True,CSRank($fund_liquidity_cash_current_liab),['fund_liquidity_cash_current_liab'],0,,cn_unified_registry_driven_generator_v1,False,True,,uc_slow_cross_sectional_level_1741_00014_control,nan,False,latest PIT-observable version before session,CSRank,['root:CSRank'],,2,registry_root,0.5,0.015481435802906177,['cn.rep.041cc2587d78a351f9ca4511b23efff2'],False,0.015343080390676596,SLOW_CROSS_SECTIONAL_LEVEL,1741,seed_a,['cn.sf.3d34b8e640c583e9d6b9da8325c3006a'],,,False,2237,stock-session cross-section,4,False,,0.001788109074653554,0.05534216489183251,ALLOW,"registry, PIT, unit, route, maturity, control and access contracts passed",,False,ONE_SUPPORT_UNIT_ONE_VOTE
['development'],,,,False,1b4523a09e8e8850d8cb9b16,uc_slow_cross_sectional_level_1741_00014_control,CSRank(Sign($fund_liquidity_cash_current_liab)),e957c87c8f1b97a58df2da97b17efdf8e1b3f691c0831f5c1474c2dae414e1bc,,[],nan,['fund_liquidity_cash_current_liab'],False,,,9ab274786fc3b0896cb664752ce00a812dff3916a423b5eae2e3d90875186ba4,True,CSRank(Sign($fund_liquidity_cash_current_liab)),['fund_liquidity_cash_current_liab'],0,,cn_unified_registry_driven_generator_v1,True,True,,uc_slow_cross_sectional_level_1741_00014,,False,latest PIT-observable version before session,CSRank,"['root:CSRank', 'root.CSRank[0]:Sign']",,0,matched_control,nan,nan,['cn.rep.041cc2587d78a351f9ca4511b23efff2'],False,nan,SLOW_CROSS_SECTIONAL_LEVEL,1741,seed_a,['cn.sf.3d34b8e640c583e9d6b9da8325c3006a'],,,False,2237,stock-session cross-section,0,False,,0.001788109074653554,1.2152998284187992e-05,ALLOW,"registry, PIT, unit, route, maturity, control and access contracts passed",,False,CONTROL_NO_SEPARATE_VOTE
['development'],,,,True,369d0645db0c487937785775,uc_slow_cross_sectional_level_1741_00015,CSRank($ctx_hfq_pe_ttm),ad1d08ba531514c0e65e17f3a8ef112d2931cdbe452590351c229b2ed7a2ba61,,[],0.0013550053315939904,['ctx_hfq_pe_ttm'],False,,,e2ef0f48d7e90054ce679600b04942c82733398afec1177510c96e6bbb0fa39b,True,CSRank($ctx_hfq_pe_ttm),['ctx_hfq_pe_ttm'],0,,cn_unified_registry_driven_generator_v1,False,True,,uc_slow_cross_sectional_level_1741_00015_control,-0.004918807885543616,False,latest PIT-observable version before session,CSRank,['root:CSRank'],,3,registry_root,0.5261707988980716,0.0013666307238699247,['cn.rep.e53898e1bbdd126aa8c9bc5f4b5f9d43'],False,0.0013550053315939904,SLOW_CROSS_SECTIONAL_LEVEL,1741,seed_a,['cn.sf.009895eaf5bc14bcfc543ac8d67952e9'],,,True,1840919,stock-session cross-section,363,False,,0.00019718412379903733,0.004650156910373701,ALLOW,"registry, PIT, unit, route, maturity, control and access contracts passed",,False,ONE_SUPPORT_UNIT_ONE_VOTE
['development'],,,,True,0b24b5178214f0c4fced41e6,uc_slow_cross_sectional_level_1741_00015_control,CSRank(Sign($ctx_hfq_pe_ttm)),e933a3086f81e75e46c3d1e509c25b557ff26dddf9d16b5bf972e8cf752c469c,,[],0.006273813217137606,['ctx_hfq_pe_ttm'],False,,,c1d83bbe66ff4178079e5a169242c4a05312859c306242e4eaad3a19bf234e4d,True,CSRank(Sign($ctx_hfq_pe_ttm)),['ctx_hfq_pe_ttm'],0,,cn_unified_registry_driven_generator_v1,True,True,,uc_slow_cross_sectional_level_1741_00015,,False,latest PIT-observable version before session,CSRank,"['root:CSRank', 'root.CSRank[0]:Sign']",,3,matched_control,0.5730027548209367,0.006275762016258923,['cn.rep.e53898e1bbdd126aa8c9bc5f4b5f9d43'],False,0.006273813217137606,SLOW_CROSS_SECTIONAL_LEVEL,1741,seed_a,['cn.sf.009895eaf5bc14bcfc543ac8d67952e9'],,,True,1840919,stock-session cross-section,363,False,,0.00019718412379903733,0.0007795196485265853,ALLOW,"registry, PIT, unit, route, maturity, control and access contracts passed",,False,CONTROL_NO_SEPARATE_VOTE
['development'],,,,False,d384b3bbf0d58cb823f0181b,uc_slow_temporal_change_1747_00000,CSRank($ctx_holder_holder_num),7bbbfb53fe199033a96fd3f7caaef4c81ccd47e57b5b7090700030f73239004a,,[],-0.04633683377954464,['ctx_holder_holder_num'],False,,,9ed6c7b604f657a9eef1c2554aca4a73f3246df703b1986ce3576f7fb72b0515,True,CSRank($ctx_holder_holder_num),['ctx_holder_holder_num'],0,,cn_unified_registry_driven_generator_v1,False,True,,uc_slow_temporal_change_1747_00000_control,nan,False,both source versions observable before action time,Delta,['root:CSRank'],,1,registry_root,0.5,-0.04606737386283459,['cn.rep.cd2d823b5bbdea3cf267691031562159'],False,-0.04633683377954464,SLOW_TEMPORAL_CHANGE,1747,seed_a,['cn.sf.3c17f68267b2c717ed21cf37d46de356'],,,False,279,stock-disclosure or stock-session change episode,2,False,,0.010752688172043012,0.10778396668401874,ALLOW,"registry, PIT, unit, route, maturity, control and access contracts passed",,False,ONE_SUPPORT_UNIT_ONE_VOTE
['development'],,,,False,79d193159191b017512058f0,uc_slow_temporal_change_1747_00000_control,CSRank(Sign($ctx_holder_holder_num)),27b136c6dcf7f64bb12cb9a4b6bbf3b2f3c4903d97eaa6980aa6510df95caa37,,[],nan,['ctx_holder_holder_num'],False,,,a495397ae53be8f4830833d978857eee1f5afbc61a9b4f5e58c1d82f1e00faf7,True,CSRank(Sign($ctx_holder_holder_num)),['ctx_holder_holder_num'],0,,cn_unified_registry_driven_generator_v1,True,True,,uc_slow_temporal_change_1747_00000,,False,both source versions observable before action time,Delta,"['root:CSRank', 'root.CSRank[0]:Sign']",,0,matched_control,nan,nan,['cn.rep.cd2d823b5bbdea3cf267691031562159'],False,nan,SLOW_TEMPORAL_CHANGE,1747,seed_a,['cn.sf.3c17f68267b2c717ed21cf37d46de356'],,,False,279,stock-disclosure or stock-session change episode,0,False,,0.010752688172043012,0.021333029672045856,ALLOW,"registry, PIT, unit, route, maturity, control and access contracts passed",,False,CONTROL_NO_SEPARATE_VOTE
['development'],,,,True,5640147bd5657d83a9d0d371,uc_slow_temporal_change_1747_00001,CSRank($fund_ca_netcash_invest_delta),eec792accf9fd7afb13272d1953c994f7ccc31410520c0f1cb577771701d7335,,[],0.002926593814738167,['fund_ca_netcash_invest_delta'],True,,,fee07e4ff44d24ec827d070bc245a740177d870a4e9d7546565417356bc7de9a,True,CSRank($fund_ca_netcash_invest_delta),['fund_ca_netcash_invest_delta'],0,,cn_unified_registry_driven_generator_v1,False,True,,uc_slow_temporal_change_1747_00001_control,0.0010260356774339106,False,both source versions observable before action time,Delta,['root:CSRank'],,3,registry_root,0.5344352617079889,0.002943244589963221,['cn.rep.7862743c1b89668eaa47153169041853'],False,0.002926593814738167,SLOW_TEMPORAL_CHANGE,1747,seed_a,['cn.sf.d95e1bc17303fc72c0c9d5dab6da2607'],,,True,1822529,stock-disclosure or stock-session change episode,363,True,,0.0001991737854377077,0.00666031009002162,ALLOW,"registry, PIT, unit, route, maturity, control and access contracts passed",,False,ONE_SUPPORT_UNIT_ONE_VOTE
['development'],,,,True,4dd225d6cb19f784a65e2270,uc_slow_temporal_change_1747_00001_control,CSRank(Sign($fund_ca_netcash_invest_delta)),60f509697ee99e6ba1ad4894543b84ede44b44553a64bc6b9ca6e4a1a486a8e2,,[],0.0019005581373042564,['fund_ca_netcash_invest_delta'],False,,,871df022df6e071eb6801dddb29fa47d7656486eba7c3a931cd1503df918732a,True,CSRank(Sign($fund_ca_netcash_invest_delta)),['fund_ca_netcash_invest_delta'],0,,cn_unified_registry_driven_generator_v1,True,True,,uc_slow_temporal_change_1747_00001,,False,both source versions observable before action time,Delta,"['root:CSRank', 'root.CSRank[0]:Sign']",,4,matched_control,0.5234159779614325,0.0019146601289618528,['cn.rep.7862743c1b89668eaa47153169041853'],False,0.0019005581373042564,SLOW_TEMPORAL_CHANGE,1747,seed_a,['cn.sf.d95e1bc17303fc72c0c9d5dab6da2607'],,,True,1822529,stock-disclosure or stock-session change episode,363,False,,0.0001991737854377077,0.005640796663038598,ALLOW,"registry, PIT, unit, route, maturity, control and access contracts passed",,False,CONTROL_NO_SEPARATE_VOTE
['development'],,,,False,802fd2070e12a5434aa872e7,uc_slow_temporal_change_1747_00002,CSRank($fund_ba_total_current_liab_yoy),d9c9e361b941e91529fa7db5cd491c0a574734b33ed248f7eda46c1bf8e09f72,,[],-0.05484333620755972,['fund_ba_total_current_liab_yoy'],False,,,c32b507369a184fc8f33bfa72743afcf903181a459e7e869de7ee43367cec3b2,True,CSRank($fund_ba_total_current_liab_yoy),['fund_ba_total_current_liab_yoy'],0,,cn_unified_registry_driven_generator_v1,False,True,,uc_slow_temporal_change_1747_00002_control,-0.043198914181873424,False,both source versions observable before action time,YoY,['root:CSRank'],,1,registry_root,0.25,-0.05449666729188039,['cn.rep.d065c29d94a6e5287be785c081dc060f'],False,-0.05484333620755972,SLOW_TEMPORAL_CHANGE,1747,seed_a,['cn.sf.5aff3d89cb1dd27d431ef1fab7046ee9'],,,False,2206,stock-disclosure or stock-session change episode,4,False,,0.001813236627379873,0.13866756627173377,ALLOW,"registry, PIT, unit, route, maturity, control and access contracts passed",,False,ONE_SUPPORT_UNIT_ONE_VOTE
['development'],,,,False,667c0c48969b65ae9a0516fd,uc_slow_temporal_change_1747_00002_control,CSRank(Sign($fund_ba_total_current_liab_yoy)),11895ce41add8270c7c069b076db8d7121507a9d24961c036886d8a804350a04,,[],-0.011644422025686298,['fund_ba_total_current_liab_yoy'],False,,,98817adf6d77b481984bf872bd25765f8e4fd2d0f0e1355e3d664001f861ad95,True,CSRank(Sign($fund_ba_total_current_liab_yoy)),['fund_ba_total_current_liab_yoy'],0,,cn_unified_registry_driven_generator_v1,True,True,,uc_slow_temporal_change_1747_00002,,False,both source versions observable before action time,YoY,"['root:CSRank', 'root.CSRank[0]:Sign']",,1,matched_control,0.5,-0.011363768594500879,['cn.rep.d065c29d94a6e5287be785c081dc060f'],False,-0.011644422025686298,SLOW_TEMPORAL_CHANGE,1747,seed_a,['cn.sf.5aff3d89cb1dd27d431ef1fab7046ee9'],,,False,2206,stock-disclosure or stock-session change episode,4,False,,0.001813236627379873,0.11226137247416776,ALLOW,"registry, PIT, unit, route, maturity, control and access contracts passed",,False,CONTROL_NO_SEPARATE_VOTE
['development'],,,,True,c5b4b8262564df4fcd03bf58,uc_slow_temporal_change_1747_00003,CSRank($fund_pr_parent_netprofit_yoy),db53669e81ab954f02e8198323eadc87659caafb216379f631ad3ada6c233ed4,,[],-0.0800290297086898,['fund_pr_parent_netprofit_yoy'],False,,,df1f199fe726db2f0e76ed3c687d766a3e7dbb6930613e2bf9ffc7c39f85a902,True,CSRank($fund_pr_parent_netprofit_yoy),['fund_pr_parent_netprofit_yoy'],0,,cn_unified_registry_driven_generator_v1,False,True,,uc_slow_temporal_change_1747_00003_control,-0.014970670009476952,False,both source versions observable before action time,YoY,['root:CSRank'],,1,registry_root,0.25,-0.07965936826781787,['cn.rep.e03a3cf54a7dde2fc4193ca3243b54af'],False,-0.0800290297086898,SLOW_TEMPORAL_CHANGE,1747,seed_a,['cn.sf.38e4dc3066b0469543df0f19cac13657'],,,False,2277,stock-disclosure or stock-session change episode,4,False,,0.001756697408871322,0.1478645763487696,ALLOW,"registry, PIT, unit, route, maturity, control and access contracts passed",,False,ONE_SUPPORT_UNIT_ONE_VOTE
['development'],,,,True,e821ad0d96eee7834503925b,uc_slow_temporal_change_1747_00003_control,CSRank(Sign($fund_pr_parent_netprofit_yoy)),46981322c1e5c37aa165ebec2b898781db2d0e427966612cc4cd540242f64f01,,[],-0.06505835969921285,['fund_pr_parent_netprofit_yoy'],False,,,6a671f9b952cb8d205c2fa6588d7e9fa1d5c3cdba3255a61ddac38f4c7b2082f,True,CSRank(Sign($fund_pr_parent_netprofit_yoy)),['fund_pr_parent_netprofit_yoy'],0,,cn_unified_registry_driven_generator_v1,True,True,,uc_slow_temporal_change_1747_00003,,False,both source versions observable before action time,YoY,"['root:CSRank', 'root.CSRank[0]:Sign']",,1,matched_control,0.25,-0.06475198037358779,['cn.rep.e03a3cf54a7dde2fc4193ca3243b54af'],False,-0.06505835969921285,SLOW_TEMPORAL_CHANGE,1747,seed_a,['cn.sf.38e4dc3066b0469543df0f19cac13657'],,,False,2277,stock-disclosure or stock-session change episode,4,False,,0.001756697408871322,0.122551730250024,ALLOW,"registry, PIT, unit, route, maturity, control and access contracts passed",,False,CONTROL_NO_SEPARATE_VOTE
['development'],,,,True,adb1a7a8891d8aa61f54975c,uc_slow_temporal_change_1747_00004,CSRank($fund_pr_deduct_parent_netprofit_delta),a2fcb2c6d7178100dd281044623e8d1975d0d8a1f32e7cfcb38f2fae3df2afe7,,[],-0.02954105586925223,['fund_pr_deduct_parent_netprofit_delta'],False,,,137a9ffb95f63f1f093e34b44e510a51ff5f1e3c05e348870506eae3481a06f8,True,CSRank($fund_pr_deduct_parent_netprofit_delta),['fund_pr_deduct_parent_netprofit_delta'],0,,cn_unified_registry_driven_generator_v1,False,True,,uc_slow_temporal_change_1747_00004_control,-0.00515901140777596,False,both source versions observable before action time,Delta,['root:CSRank'],,0,registry_root,0.25,-0.028820457291692546,['cn.rep.1c807ae8ca893ebe11fde39fe2d579bd'],False,-0.02954105586925223,SLOW_TEMPORAL_CHANGE,1747,seed_a,['cn.sf.c65cd42f3a63e05187bcca4b06b540d0'],,,False,2283,stock-disclosure or stock-session change episode,4,False,,0.0017520805957074025,0.28823943102387295,ALLOW,"registry, PIT, unit, route, maturity, control and access contracts passed",,False,ONE_SUPPORT_UNIT_ONE_VOTE
['development'],,,,True,0ec539f998120a90af7a0ba7,uc_slow_temporal_change_1747_00004_control,CSRank(Sign($fund_pr_deduct_parent_netprofit_delta)),92ccbfe032accb1b7cffa1db462b03a3860bbb4ce498d87123e449fad2285f8f,,[],-0.02438204446147627,['fund_pr_deduct_parent_netprofit_delta'],False,,,867a89cda12f2708484af8c78a7ea6d30b9b50f29fda2fb37eae726f1f4b2301,True,CSRank(Sign($fund_pr_deduct_parent_netprofit_delta)),['fund_pr_deduct_parent_netprofit_delta'],0,,cn_unified_registry_driven_generator_v1,True,True,,uc_slow_temporal_change_1747_00004,,False,both source versions observable before action time,Delta,"['root:CSRank', 'root.CSRank[0]:Sign']",,1,matched_control,0.25,-0.023880905212807793,['cn.rep.1c807ae8ca893ebe11fde39fe2d579bd'],False,-0.02438204446147627,SLOW_TEMPORAL_CHANGE,1747,seed_a,['cn.sf.c65cd42f3a63e05187bcca4b06b540d0'],,,False,2283,stock-disclosure or stock-session change episode,4,False,,0.0017520805957074025,0.20045569946738973,ALLOW,"registry, PIT, unit, route, maturity, control and access contracts passed",,False,CONTROL_NO_SEPARATE_VOTE
['development'],,,,True,d11fdca7b17b2774f576abd7,uc_slow_temporal_change_1747_00005,CSRank($fund_holder_top10_shares_log_change),42e9923d786feff44083075b98fd75f8cb7a318e2e7ee83cbaacb9ccbdc722d8,,[],-0.04427079081314033,['fund_holder_top10_shares_log_change'],False,,,37beee30c5da7e418fcb4016ea5ba68a2cd86a2ff5d9446ce5b4c83c4611ba1c,True,CSRank($fund_holder_top10_shares_log_change),['fund_holder_top10_shares_log_change'],0,,cn_unified_registry_driven_generator_v1,False,True,,uc_slow_temporal_change_1747_00005_control,-0.018752865984657918,False,both source versions observable before action time,Delta,['root:CSRank'],,1,registry_root,0.3333333333333333,-0.04359706124320025,['cn.rep.183df9aa518da10f8b47773ef1c316a5'],False,-0.04427079081314033,SLOW_TEMPORAL_CHANGE,1747,seed_a,['cn.sf.742d585250f36bfb03c7216e7e8fa7b6'],,,False,1664,stock-disclosure or stock-session change episode,3,False,,0.0018028846153846155,0.269491827976031,ALLOW,"registry, PIT, unit, route, maturity, control and access contracts passed",,False,ONE_SUPPORT_UNIT_ONE_VOTE
['development'],,,,True,ff7976c8f9c2414af868f193,uc_slow_temporal_change_1747_00005_control,CSRank(Sign($fund_holder_top10_shares_log_change)),fbb62bce3d65ea75234163bac1d5c5fcd84a2d0322107e936d64c26cae0b5a92,,[],-0.025517924828482412,['fund_holder_top10_shares_log_change'],False,,,aeeb35017f84382b3f195a32a411759e23f0b582c49121718d64ec0cc25cfa45,True,CSRank(Sign($fund_holder_top10_shares_log_change)),['fund_holder_top10_shares_log_change'],0,,cn_unified_registry_driven_generator_v1,True,True,,uc_slow_temporal_change_1747_00005,,False,both source versions observable before action time,Delta,"['root:CSRank', 'root.CSRank[0]:Sign']",,1,matched_control,0.3333333333333333,-0.024904059129808035,['cn.rep.183df9aa518da10f8b47773ef1c316a5'],False,-0.025517924828482412,SLOW_TEMPORAL_CHANGE,1747,seed_a,['cn.sf.742d585250f36bfb03c7216e7e8fa7b6'],,,False,1664,stock-disclosure or stock-session change episode,3,False,,0.0018028846153846155,0.2455462794697505,ALLOW,"registry, PIT, unit, route, maturity, control and access contracts passed",,False,CONTROL_NO_SEPARATE_VOTE
['development'],,,,False,a7fab1faf440a4c8332a09f9,uc_slow_temporal_change_1747_00006,CSRank($ctx_hfq_float_market_cap_yuan),ec3ec18b2a34d499b2078be88743402dd5dd472820ee38c3ab43b9c118505721,,[],-0.07440076743274347,['ctx_hfq_float_market_cap_yuan'],False,,,b3c2921083a6886ae5fde04ab33fa486f16cdf3f777012e42a12e2e2afcbfacd,True,CSRank($ctx_hfq_float_market_cap_yuan),['ctx_hfq_float_market_cap_yuan'],0,,cn_unified_registry_driven_generator_v1,False,True,,uc_slow_temporal_change_1747_00006_control,nan,False,both source versions observable before action time,Delta,['root:CSRank'],,1,registry_root,0.25,-0.07428548644289903,['cn.rep.71d7d649f92989042bf35280d99d9b09'],False,-0.07440076743274347,SLOW_TEMPORAL_CHANGE,1747,seed_a,['cn.sf.110a6284eff4d8ed5cc8f17a0057d742'],,,False,2187,stock-disclosure or stock-session change episode,4,False,,0.001828989483310471,0.04611239593777748,ALLOW,"registry, PIT, unit, route, maturity, control and access contracts passed",,False,ONE_SUPPORT_UNIT_ONE_VOTE
['development'],,,,False,69350d5cb8e95f18c10c5f6b,uc_slow_temporal_change_1747_00006_control,CSRank(Sign($ctx_hfq_float_market_cap_yuan)),609c76669d375f0b43a0663d5d6b7951ec4ffb29031f32ed9161cf55d03f25da,,[],nan,['ctx_hfq_float_market_cap_yuan'],False,,,7b688b5568aa07f46c894bb8d3ae0f76b158a0c830cd64aaec03aa97b54a8ad3,True,CSRank(Sign($ctx_hfq_float_market_cap_yuan)),['ctx_hfq_float_market_cap_yuan'],0,,cn_unified_registry_driven_generator_v1,True,True,,uc_slow_temporal_change_1747_00006,,False,both source versions observable before action time,Delta,"['root:CSRank', 'root.CSRank[0]:Sign']",,0,matched_control,nan,nan,['cn.rep.71d7d649f92989042bf35280d99d9b09'],False,nan,SLOW_TEMPORAL_CHANGE,1747,seed_a,['cn.sf.110a6284eff4d8ed5cc8f17a0057d742'],,,False,2187,stock-disclosure or stock-session change episode,0,False,,0.001828989483310471,7.065848104664829e-05,ALLOW,"registry, PIT, unit, route, maturity, control and access contracts passed",,False,CONTROL_NO_SEPARATE_VOTE
['development'],,,,True,63b1ed76a8be093b4e59bb40,uc_slow_temporal_change_1747_00007,CSRank($fund_ca_construct_long_asset_acceleration),92b4f109864fe3167a471bb56616d881b6ef835d2f267be28a996d442ad0dd12,,[],-0.0037047843475335016,['fund_ca_construct_long_asset_acceleration'],False,,,34c795aa0fb26a8656d77fb3db2f0c898443330807717863253db5cf3af91a37,True,CSRank($fund_ca_construct_long_asset_acceleration),['fund_ca_construct_long_asset_acceleration'],0,,cn_unified_registry_driven_generator_v1,False,True,,uc_slow_temporal_change_1747_00007_control,-0.0016164375518636204,False,both source versions observable before action time,Acceleration,['root:CSRank'],,1,registry_root,0.47107438016528924,-0.003682179130222493,['cn.rep.dfa04ff479849179e33c0b626a6a93a5'],False,-0.0037047843475335016,SLOW_TEMPORAL_CHANGE,1747,seed_a,['cn.sf.dcba6994a5a66b67286a51bb573c1256'],,,True,1806823,stock-disclosure or stock-session change episode,363,False,,0.00020090512463035947,0.009042086924403355,ALLOW,"registry, PIT, unit, route, maturity, control and access contracts passed",,False,ONE_SUPPORT_UNIT_ONE_VOTE
['development'],,,,True,3c8ab2235311d87374a752c4,uc_slow_temporal_change_1747_00007_control,CSRank(Sign($fund_ca_construct_long_asset_acceleration)),cdb61ca86e8e40cdddc08a126fe73817cd49a3662cd7bb511a8cd14889ab0cc4,,[],-0.002088346795669881,['fund_ca_construct_long_asset_acceleration'],False,,,0e2317408fac71ab6a03f100695701508a6b865152dd09a72a5fa457c795c6bb,True,CSRank(Sign($fund_ca_construct_long_asset_acceleration)),['fund_ca_construct_long_asset_acceleration'],0,,cn_unified_registry_driven_generator_v1,True,True,,uc_slow_temporal_change_1747_00007,,False,both source versions observable before action time,Acceleration,"['root:CSRank', 'root.CSRank[0]:Sign']",,1,matched_control,0.418732782369146,-0.002070659521016873,['cn.rep.dfa04ff479849179e33c0b626a6a93a5'],False,-0.002088346795669881,SLOW_TEMPORAL_CHANGE,1747,seed_a,['cn.sf.dcba6994a5a66b67286a51bb573c1256'],,,True,1806823,stock-disclosure or stock-session change episode,363,False,,0.00020090512463035947,0.007074909861203219,ALLOW,"registry, PIT, unit, route, maturity, control and access contracts passed",,False,CONTROL_NO_SEPARATE_VOTE
['development'],,,,True,dc17458207e9f329089aa6ab,uc_slow_temporal_change_1747_00008,CSRank($fund_ba_inventory_source_yoy),4b6de395dbe205738ad7924d78e8a8ae3b4beb7f1fcad3d1096b7b942dfeb0fa,,[],-0.0017771765459068365,['fund_ba_inventory_source_yoy'],False,,,b27c6a3fae97b36fe72dcc0b1ef0a7a17e5c343a0a46048d40d66f7b051a16c8,True,CSRank($fund_ba_inventory_source_yoy),['fund_ba_inventory_source_yoy'],0,,cn_unified_registry_driven_generator_v1,False,True,,uc_slow_temporal_change_1747_00008_control,-2.815681950640858e-05,False,both source versions observable before action time,YoY,['root:CSRank'],,1,registry_root,0.465564738292011,-0.001771646053957228,['cn.rep.c093cabc6e22a65289fca2e8e636864e'],False,-0.0017771765459068365,SLOW_TEMPORAL_CHANGE,1747,seed_a,['cn.sf.ef486f4ebbdbeea6178d9e203c9df237'],,,True,1730184,stock-disclosure or stock-session change episode,363,False,,0.00020980427515223814,0.0022121967798434277,ALLOW,"registry, PIT, unit, route, maturity, control and access contracts passed",,False,ONE_SUPPORT_UNIT_ONE_VOTE
['development'],,,,True,375903b7b79f4e1aaaa5d95d,uc_slow_temporal_change_1747_00008_control,CSRank(Sign($fund_ba_inventory_source_yoy)),95a84540de0dc4f01b9283707272954a0b65ecd868fe0716cdb54c7f49ba32be,,[],-0.001749019726400428,['fund_ba_inventory_source_yoy'],False,,,93a718b2f9c56c9ab683277d8b68b52381603d287fcb0f9309184718395b4abe,True,CSRank(Sign($fund_ba_inventory_source_yoy)),['fund_ba_inventory_source_yoy'],0,,cn_unified_registry_driven_generator_v1,True,True,,uc_slow_temporal_change_1747_00008,,False,both source versions observable before action time,YoY,"['root:CSRank', 'root.CSRank[0]:Sign']",,1,matched_control,0.47107438016528924,-0.0017449866766351436,['cn.rep.c093cabc6e22a65289fca2e8e636864e'],False,-0.001749019726400428,SLOW_TEMPORAL_CHANGE,1747,seed_a,['cn.sf.ef486f4ebbdbeea6178d9e203c9df237'],,,True,1730184,stock-disclosure or stock-session change episode,363,False,,0.00020980427515223814,0.0016132199061137506,ALLOW,"registry, PIT, unit, route, maturity, control and access contracts passed",,False,CONTROL_NO_SEPARATE_VOTE
['development'],,,,False,98bc47f7e47dd4625dbbbffb,uc_slow_temporal_change_1747_00009,CSRank($fund_pr_deduct_parent_netprofit_source_yoy),926f42224dd2ac4eae0885b08945d18eba98b9be42c7e3a1a5bec44dd12104cd,,[],-0.08436307443851188,['fund_pr_deduct_parent_netprofit_source_yoy'],False,,,7aa579c5213e4d09c1b5df0502b257c7a2f4a29680884a167d37b2cab2cba736,True,CSRank($fund_pr_deduct_parent_netprofit_source_yoy),['fund_pr_deduct_parent_netprofit_source_yoy'],0,,cn_unified_registry_driven_generator_v1,False,True,,uc_slow_temporal_change_1747_00009_control,-0.025450872984807082,False,both source versions observable before action time,YoY,['root:CSRank'],,1,registry_root,0.25,-0.08396045581906675,['cn.rep.0754e59e015fd07403dac2425c8153a0'],False,-0.08436307443851188,SLOW_TEMPORAL_CHANGE,1747,seed_a,['cn.sf.623b7dbe1b2975730ddb4d544dcb2f2e'],,,False,2218,stock-disclosure or stock-session change episode,4,False,,0.0018034265103697023,0.16104744777804952,ALLOW,"registry, PIT, unit, route, maturity, control and access contracts passed",,False,ONE_SUPPORT_UNIT_ONE_VOTE
['development'],,,,False,8840ff66ddca87238649e8b7,uc_slow_temporal_change_1747_00009_control,CSRank(Sign($fund_pr_deduct_parent_netprofit_source_yoy)),57745afd678af20aff5e2edc18de4894b50a10008d5a18223797c4d666d10fc0,,[],-0.05891220145370479,['fund_pr_deduct_parent_netprofit_source_yoy'],False,,,df39625e298b53bfe4a523c4fc1b3b6a2379c7321af5c9e7e0b4aec0c356c0ee,True,CSRank(Sign($fund_pr_deduct_parent_netprofit_source_yoy)),['fund_pr_deduct_parent_netprofit_source_yoy'],0,,cn_unified_registry_driven_generator_v1,True,True,,uc_slow_temporal_change_1747_00009,,False,both source versions observable before action time,YoY,"['root:CSRank', 'root.CSRank[0]:Sign']",,1,matched_control,0.25,-0.0585915483069181,['cn.rep.0754e59e015fd07403dac2425c8153a0'],False,-0.05891220145370479,SLOW_TEMPORAL_CHANGE,1747,seed_a,['cn.sf.623b7dbe1b2975730ddb4d544dcb2f2e'],,,False,2218,stock-disclosure or stock-session change episode,4,False,,0.0018034265103697023,0.1282612587146774,ALLOW,"registry, PIT, unit, route, maturity, control and access contracts passed",,False,CONTROL_NO_SEPARATE_VOTE
['development'],,,,False,b8de201b570e03b9ea45e758,uc_slow_temporal_change_1747_00010,CSRank($fund_ba_total_current_assets_acceleration),56cc813e7eead0118e96fe4c2bf180593bad4a4246110f9c2fa190998f10346b,,[],0.013986933116734499,['fund_ba_total_current_assets_acceleration'],False,,,bdc0c23a84cb3b085093ec87f1e4d12a48f5bce38ece8a5b81aaaa7eac7929f1,True,CSRank($fund_ba_total_current_assets_acceleration),['fund_ba_total_current_assets_acceleration'],0,,cn_unified_registry_driven_generator_v1,False,True,,uc_slow_temporal_change_1747_00010_control,-0.029635539957015046,False,both source versions observable before action time,Acceleration,['root:CSRank'],,2,registry_root,0.75,0.014529167624433447,['cn.rep.31d8d631366cdc9db2e1b928bbb5867a'],False,0.013986933116734499,SLOW_TEMPORAL_CHANGE,1747,seed_a,['cn.sf.924d664bf492b3f85c7bbf23f21006ec'],,,False,2223,stock-disclosure or stock-session change episode,4,False,,0.001799370220422852,0.21689380307957948,ALLOW,"registry, PIT, unit, route, maturity, control and access contracts passed",,False,ONE_SUPPORT_UNIT_ONE_VOTE
['development'],,,,False,636aafe241161e4449d9eafb,uc_slow_temporal_change_1747_00010_control,CSRank(Sign($fund_ba_total_current_assets_acceleration)),69cfd19e8a911aaccd737009d4412fc15cd0a4cf1eb7b844fcf9053250763df6,,[],0.04362247307374954,['fund_ba_total_current_assets_acceleration'],False,,,135182a6f945614e7928de7c70b63d8799db2ec4f698fd8760d5ac7e2a56f460,True,CSRank(Sign($fund_ba_total_current_assets_acceleration)),['fund_ba_total_current_assets_acceleration'],0,,cn_unified_registry_driven_generator_v1,True,True,,uc_slow_temporal_change_1747_00010,,False,both source versions observable before action time,Acceleration,"['root:CSRank', 'root.CSRank[0]:Sign']",,3,matched_control,1.0,0.04407633818931826,['cn.rep.31d8d631366cdc9db2e1b928bbb5867a'],False,0.04362247307374954,SLOW_TEMPORAL_CHANGE,1747,seed_a,['cn.sf.924d664bf492b3f85c7bbf23f21006ec'],,,False,2223,stock-disclosure or stock-session change episode,4,False,,0.001799370220422852,0.1815460462274883,ALLOW,"registry, PIT, unit, route, maturity, control and access contracts passed",,False,CONTROL_NO_SEPARATE_VOTE
['development'],,,,False,541558b66e250fd80939259b,uc_slow_temporal_change_1747_00011,CSRank($fund_pr_operate_profit_persistence),84d33083e249b86f8ab62d84ddc66de411f080b4462f671486b4da01b28b152d,,[],0.021181418342757753,['fund_pr_operate_profit_persistence'],False,,,4fe6f67d950ed463b4e85b8ed1f680cf5e9bf62e6db99fd7f9066b97246797d2,True,CSRank($fund_pr_operate_profit_persistence),['fund_pr_operate_profit_persistence'],0,,cn_unified_registry_driven_generator_v1,False,True,,uc_slow_temporal_change_1747_00011_control,nan,False,both source versions observable before action time,Persistence,['root:CSRank'],,2,registry_root,0.75,0.021588605717517983,['cn.rep.7ab89d015bf6c2b61ebc878ee66b2f30'],False,0.021181418342757753,SLOW_TEMPORAL_CHANGE,1747,seed_a,['cn.sf.1409adb48bf424a5264d90a847340575'],,,False,2288,stock-disclosure or stock-session change episode,4,False,,0.0017482517482517483,0.16287494990409124,ALLOW,"registry, PIT, unit, route, maturity, control and access contracts passed",,False,ONE_SUPPORT_UNIT_ONE_VOTE
['development'],,,,False,4c49d1371ee6f3f83874477b,uc_slow_temporal_change_1747_00011_control,CSRank(Sign($fund_pr_operate_profit_persistence)),42de1db92b24d5344581a25a93ef6ce6caf36ac622f792a0084a2777f11c021e,,[],nan,['fund_pr_operate_profit_persistence'],False,,,0728b78bf9791163409606ef2cef1503157123480d617223f4db7f386340a55c,True,CSRank(Sign($fund_pr_operate_profit_persistence)),['fund_pr_operate_profit_persistence'],0,,cn_unified_registry_driven_generator_v1,True,True,,uc_slow_temporal_change_1747_00011,,False,both source versions observable before action time,Persistence,"['root:CSRank', 'root.CSRank[0]:Sign']",,0,matched_control,nan,nan,['cn.rep.7ab89d015bf6c2b61ebc878ee66b2f30'],False,nan,SLOW_TEMPORAL_CHANGE,1747,seed_a,['cn.sf.1409adb48bf424a5264d90a847340575'],,,False,2288,stock-disclosure or stock-session change episode,0,False,,0.0017482517482517483,1.2106665147520972e-05,ALLOW,"registry, PIT, unit, route, maturity, control and access contracts passed",,False,CONTROL_NO_SEPARATE_VOTE
['development'],,,,True,9596ab1e57322cb2ee8917e1,uc_slow_temporal_change_1747_00012,CSRank($fund_ba_inventory_acceleration),2bab7c9157716f184d8eb5ec0f4a4d9ef21d39c6e0d1d3d63bc1cf9232bf7800,,[],-0.0036429846404986955,['fund_ba_inventory_acceleration'],False,,,8c43e305990b8dc535f882ec5f39afdc06cc75281358bda28686b74fb47c6ad1,True,CSRank($fund_ba_inventory_acceleration),['fund_ba_inventory_acceleration'],0,,cn_unified_registry_driven_generator_v1,False,True,,uc_slow_temporal_change_1747_00012_control,-0.012804536947223841,False,both source versions observable before action time,Acceleration,['root:CSRank'],,1,registry_root,0.25,-0.0030964609668216007,['cn.rep.43ea4aa35dbfc5cc9dccf9b712a3559a'],False,-0.0036429846404986955,SLOW_TEMPORAL_CHANGE,1747,seed_a,['cn.sf.b8125b47ca797d0c04fc5edc8d729586'],,,False,2200,stock-disclosure or stock-session change episode,4,False,,0.0018181818181818182,0.2186094694708379,ALLOW,"registry, PIT, unit, route, maturity, control and access contracts passed",,False,ONE_SUPPORT_UNIT_ONE_VOTE
['development'],,,,True,63acbf2775d119827eb3944f,uc_slow_temporal_change_1747_00012_control,CSRank(Sign($fund_ba_inventory_acceleration)),8d0e44d1c2099e55e2aa74362807454b9f5fe2ff1bd67ad8a9bc02afd7250d38,,[],0.009161552306725145,['fund_ba_inventory_acceleration'],False,,,690e06fafc8c475d71db8d0c1c28a2164b4abac792c40a1443430eb1d720de38,True,CSRank(Sign($fund_ba_inventory_acceleration)),['fund_ba_inventory_acceleration'],0,,cn_unified_registry_driven_generator_v1,True,True,,uc_slow_temporal_change_1747_00012,,False,both source versions observable before action time,Acceleration,"['root:CSRank', 'root.CSRank[0]:Sign']",,2,matched_control,0.5,0.009644444341497903,['cn.rep.43ea4aa35dbfc5cc9dccf9b712a3559a'],False,0.009161552306725145,SLOW_TEMPORAL_CHANGE,1747,seed_a,['cn.sf.b8125b47ca797d0c04fc5edc8d729586'],,,False,2200,stock-disclosure or stock-session change episode,4,False,,0.0018181818181818182,0.1931568139091031,ALLOW,"registry, PIT, unit, route, maturity, control and access contracts passed",,False,CONTROL_NO_SEPARATE_VOTE
['development'],,,,False,2c388551d42fa7b2c71c10f3,uc_slow_temporal_change_1747_00013,CSRank($ctx_rzrq_rzye),1d5b5d77b60cb8100494e6f6ecebfaf3b02eb98229836fd5526157484b902b43,,[],-0.06097108632410015,['ctx_rzrq_rzye'],False,,,95b4a5183905d88c33e01783b202459c0a94f59aa312a3faf80c8272c60f73bf,True,CSRank($ctx_rzrq_rzye),['ctx_rzrq_rzye'],0,,cn_unified_registry_driven_generator_v1,False,True,,uc_slow_temporal_change_1747_00013_control,nan,False,both source versions observable before action time,Delta,['root:CSRank'],,1,registry_root,0.25,-0.06079627518719334,['cn.rep.b4c4ebb14dda77adc5aefe2546e24065'],False,-0.06097108632410015,SLOW_TEMPORAL_CHANGE,1747,seed_a,['cn.sf.106a7cd10859bd80f37d7a27bdd548b8'],,,False,1404,stock-disclosure or stock-session change episode,4,False,,0.002849002849002849,0.06992445476272333,ALLOW,"registry, PIT, unit, route, maturity, control and access contracts passed",,False,ONE_SUPPORT_UNIT_ONE_VOTE
['development'],,,,False,5b7f5d74f7fb75a316ef8f80,uc_slow_temporal_change_1747_00013_control,CSRank(Sign($ctx_rzrq_rzye)),c1a3cec766f0e4bfefd3745af72d7f4e941467fe7c0d4dd551ecbe25cb05fce5,,[],nan,['ctx_rzrq_rzye'],False,,,d557b3193810a12c4faf6f1520a29318cd621cd1204b0d1cf9c6cbac46f4b51e,True,CSRank(Sign($ctx_rzrq_rzye)),['ctx_rzrq_rzye'],0,,cn_unified_registry_driven_generator_v1,True,True,,uc_slow_temporal_change_1747_00013,,False,both source versions observable before action time,Delta,"['root:CSRank', 'root.CSRank[0]:Sign']",,0,matched_control,nan,nan,['cn.rep.b4c4ebb14dda77adc5aefe2546e24065'],False,nan,SLOW_TEMPORAL_CHANGE,1747,seed_a,['cn.sf.106a7cd10859bd80f37d7a27bdd548b8'],,,False,1404,stock-disclosure or stock-session change episode,0,False,,0.002849002849002849,0.00011680835238783275,ALLOW,"registry, PIT, unit, route, maturity, control and access contracts passed",,False,CONTROL_NO_SEPARATE_VOTE
['development'],,,,True,fdb3dbf63583ff6b5b38281a,uc_slow_temporal_change_1747_00014,CSRank($fund_ca_netcash_operate_delta),49f8837dccd189d2961026a92b4dc865a53326e7285d5f2d2665934554bc1bde,,[],0.0004576273351427414,['fund_ca_netcash_operate_delta'],False,,,5caf8b9f3ddac4b4cc79073f0b45083ebb637baf1ff314664d13f8156e6b3205,True,CSRank($fund_ca_netcash_operate_delta),['fund_ca_netcash_operate_delta'],0,,cn_unified_registry_driven_generator_v1,False,True,,uc_slow_temporal_change_1747_00014_control,-0.001555798210612356,False,both source versions observable before action time,Delta,['root:CSRank'],,2,registry_root,0.4986225895316804,0.0004748973240155762,['cn.rep.38b34cff929d244eae039019a3e56eb9'],False,0.0004576273351427414,SLOW_TEMPORAL_CHANGE,1747,seed_a,['cn.sf.9c00cdc912ddbe4532cd57fc68e1f64a'],,,True,1826787,stock-disclosure or stock-session change episode,363,False,,0.00019870953756513486,0.006907995549133905,ALLOW,"registry, PIT, unit, route, maturity, control and access contracts passed",,False,ONE_SUPPORT_UNIT_ONE_VOTE
['development'],,,,True,f9b0fc2751fda67380607abf,uc_slow_temporal_change_1747_00014_control,CSRank(Sign($fund_ca_netcash_operate_delta)),76cdfc8b17f62eaf48548c446b2b6cea84d2939b023319f57a92dc20187cde00,,[],0.0020134255457550975,['fund_ca_netcash_operate_delta'],False,,,07323b32074dfa472e18498ff6ba93d7b629ff556f9795f6ced3a29539a8eb9f,True,CSRank(Sign($fund_ca_netcash_operate_delta)),['fund_ca_netcash_operate_delta'],0,,cn_unified_registry_driven_generator_v1,True,True,,uc_slow_temporal_change_1747_00014,,False,both source versions observable before action time,Delta,"['root:CSRank', 'root.CSRank[0]:Sign']",,2,matched_control,0.512396694214876,0.0020276865577004695,['cn.rep.38b34cff929d244eae039019a3e56eb9'],False,0.0020134255457550975,SLOW_TEMPORAL_CHANGE,1747,seed_a,['cn.sf.9c00cdc912ddbe4532cd57fc68e1f64a'],,,True,1826787,stock-disclosure or stock-session change episode,363,False,,0.00019870953756513486,0.005704404778148809,ALLOW,"registry, PIT, unit, route, maturity, control and access contracts passed",,False,CONTROL_NO_SEPARATE_VOTE
['development'],,,,False,24a817fb6d2e18176f7e8520,uc_slow_temporal_change_1747_00015,CSRank($fund_ba_total_liabilities_yoy),862280b87f6b907958611eac0ffd339ee2f039cd810aed6e20c3569c57d4ccd5,,[],-0.057704054318691175,['fund_ba_total_liabilities_yoy'],False,,,21f3af895718d9410f30fb77d01012202d810af9e94e23bab2b3de62fd1ac04b,True,CSRank($fund_ba_total_liabilities_yoy),['fund_ba_total_liabilities_yoy'],0,,cn_unified_registry_driven_generator_v1,False,True,,uc_slow_temporal_change_1747_00015_control,-0.022683123798581173,False,both source versions observable before action time,YoY,['root:CSRank'],,0,registry_root,0.25,-0.05739932489784159,['cn.rep.3ffb53dc6784a08cbbc354392fb2444a'],False,-0.057704054318691175,SLOW_TEMPORAL_CHANGE,1747,seed_a,['cn.sf.911bcfaee1a839850a29432cd89e35a8'],,,False,2264,stock-disclosure or stock-session change episode,4,False,,0.0017667844522968198,0.12189176833983395,ALLOW,"registry, PIT, unit, route, maturity, control and access contracts passed",,False,ONE_SUPPORT_UNIT_ONE_VOTE
['development'],,,,False,426ccce4ec346dc0d73a6124,uc_slow_temporal_change_1747_00015_control,CSRank(Sign($fund_ba_total_liabilities_yoy)),cb4928e17e592205e664519b07bd43be7baf068586f677db4e4973a5a61e5fd6,,[],-0.03502093052011,['fund_ba_total_liabilities_yoy'],False,,,d35cc31db67507dbfd0c2bddc1fb076fceb72dfa2fcf97ec0c782491a33ecd8a,True,CSRank(Sign($fund_ba_total_liabilities_yoy)),['fund_ba_total_liabilities_yoy'],0,,cn_unified_registry_driven_generator_v1,True,True,,uc_slow_temporal_change_1747_00015,,False,both source versions observable before action time,YoY,"['root:CSRank', 'root.CSRank[0]:Sign']",,1,matched_control,0.25,-0.03475600474969308,['cn.rep.3ffb53dc6784a08cbbc354392fb2444a'],False,-0.03502093052011,SLOW_TEMPORAL_CHANGE,1747,seed_a,['cn.sf.911bcfaee1a839850a29432cd89e35a8'],,,False,2264,stock-disclosure or stock-session change episode,4,False,,0.0017667844522968198,0.10597030816676917,ALLOW,"registry, PIT, unit, route, maturity, control and access contracts passed",,False,CONTROL_NO_SEPARATE_VOTE
['development'],,,,True,0ffab48c3bbb9762752f4293,uc_disclosure_event_1753_00000,"EventCount($fund_disclosure_profit_pulse,5)",c5d94d1a47fa3061f1092e33bf3301dca3bb74d655a25d76e0035f60423e0915,,[],nan,['fund_disclosure_profit_pulse'],False,UNIQUE_DISCLOSURE_EPISODE,,73be95d5e8f5fd9fe62aac16e65aae5ab9909057974a50d12f1e90b7d12b0088,True,"EventCount($fund_disclosure_profit_pulse,5)",['fund_disclosure_profit_pulse'],0,,cn_unified_registry_driven_generator_v1,False,True,,uc_disclosure_event_1753_00000_control,nan,True,observable disclosure time plus registered action delay,EventCount,['root:EventCount'],,0,registry_root,nan,nan,['cn.rep.98737d4edbac05f63bcc5be5a14b7adc'],False,nan,DISCLOSURE_EVENT,1753,seed_a,['cn.sf.e38de6f9f8762c5948fa9062142f26f5'],,,True,197,unique disclosure episode,0,False,,0.015228426395939087,0.14597998998302644,ALLOW,"registry, PIT, unit, route, maturity, control and access contracts passed",,False,ONE_SUPPORT_UNIT_ONE_VOTE
['development'],,,,True,0ffab48c3bbb9762752f4293,uc_disclosure_event_1753_00000_control,TimeSince($fund_disclosure_profit_pulse),ca501469a438a879baf25c1db9b215aceab3bece5f4d2605b69e2370ce7bef10,,[],nan,['fund_disclosure_profit_pulse'],False,UNIQUE_DISCLOSURE_EPISODE,,2798d65671351f63fd2781ecbef9874487b1b583fc432974e03f913a79a402f6,True,TimeSince($fund_disclosure_profit_pulse),['fund_disclosure_profit_pulse'],0,,cn_unified_registry_driven_generator_v1,True,True,,uc_disclosure_event_1753_00000,,True,observable disclosure time plus registered action delay,TimeSince,['root:TimeSince'],,0,matched_control,nan,nan,['cn.rep.98737d4edbac05f63bcc5be5a14b7adc'],False,nan,DISCLOSURE_EVENT,1753,seed_a,['cn.sf.e38de6f9f8762c5948fa9062142f26f5'],,,True,197,unique disclosure episode,0,False,,0.015228426395939087,0.14597998998302644,ALLOW,"registry, PIT, unit, route, maturity, control and access contracts passed",,False,CONTROL_NO_SEPARATE_VOTE
['development'],,,,True,0f78e2eba80e598f690ebcd2,uc_disclosure_event_1753_00001,"EventCount($fund_disclosure_balance_pulse,5)",c25cea3641b4b7dc1cf1c5e559fdda8d76b1c334b38195aa57318945157d26c5,,[],nan,['fund_disclosure_balance_pulse'],False,UNIQUE_DISCLOSURE_EPISODE,,5453d67da6f76d72775b29b5c2d8c94877a9bc7f331bccaf5b725b4c43949d77,True,"EventCount($fund_disclosure_balance_pulse,5)",['fund_disclosure_balance_pulse'],0,,cn_unified_registry_driven_generator_v1,False,True,,uc_disclosure_event_1753_00001_control,nan,True,observable disclosure time plus registered action delay,EventCount,['root:EventCount'],,0,registry_root,nan,nan,['cn.rep.d492f654855668bd8d928f7c52d9e376'],False,nan,DISCLOSURE_EVENT,1753,seed_a,['cn.sf.60d83a7afdd194b37a2c575c23983508'],,,True,19721,unique disclosure episode,0,False,,0.00020282947112215406,0.003253550504675105,ALLOW,"registry, PIT, unit, route, maturity, control and access contracts passed",,False,ONE_SUPPORT_UNIT_ONE_VOTE
['development'],,,,True,0f78e2eba80e598f690ebcd2,uc_disclosure_event_1753_00001_control,TimeSince($fund_disclosure_balance_pulse),1edb046c65e6f693ac4c8ad9f0cec2c0308742e0037df27419a4520584296112,,[],nan,['fund_disclosure_balance_pulse'],False,UNIQUE_DISCLOSURE_EPISODE,,9f8fbcb180648f037e80f765965790ae6ca25ae15f09a17ebe56b7d483d65554,True,TimeSince($fund_disclosure_balance_pulse),['fund_disclosure_balance_pulse'],0,,cn_unified_registry_driven_generator_v1,True,True,,uc_disclosure_event_1753_00001,,True,observable disclosure time plus registered action delay,TimeSince,['root:TimeSince'],,0,matched_control,nan,nan,['cn.rep.d492f654855668bd8d928f7c52d9e376'],False,nan,DISCLOSURE_EVENT,1753,seed_a,['cn.sf.60d83a7afdd194b37a2c575c23983508'],,,True,19721,unique disclosure episode,0,False,,0.00020282947112215406,0.003253550504675105,ALLOW,"registry, PIT, unit, route, maturity, control and access contracts passed",,False,CONTROL_NO_SEPARATE_VOTE
['development'],,,,True,,uc_disclosure_event_1753_00002,"EventCount($fund_disclosure_cashflow_pulse,5)",6b5e9ab88495833fc1b3aba2058ed62aa845385bce0d903b36a5046bda39a109,,[],nan,['fund_disclosure_cashflow_pulse'],False,UNIQUE_DISCLOSURE_EPISODE,,e775a14653c8cbde005d28e5d85fb4c0b0bcff14ad83b3babf0edf80bddd0da8,True,"EventCount($fund_disclosure_cashflow_pulse,5)",['fund_disclosure_cashflow_pulse'],0,,cn_unified_registry_driven_generator_v1,False,True,,uc_disclosure_event_1753_00002_control,nan,True,observable disclosure time plus registered action delay,EventCount,['root:EventCount'],,0,registry_root,nan,nan,['cn.rep.6ff4ada7d3c1e936390a10e56a8a3494'],False,nan,DISCLOSURE_EVENT,1753,seed_a,['cn.sf.9c00cdc912ddbe4532cd57fc68e1f64a'],,,False,0,unique disclosure episode,0,False,,1.0,nan,ALLOW,"registry, PIT, unit, route, maturity, control and access contracts passed",,False,ONE_SUPPORT_UNIT_ONE_VOTE
['development'],,,,True,,uc_disclosure_event_1753_00002_control,TimeSince($fund_disclosure_cashflow_pulse),a663f7689f503bf3e0def0506b46ae78eef43c325690c2fe0f00971a557beb1e,,[],nan,['fund_disclosure_cashflow_pulse'],False,UNIQUE_DISCLOSURE_EPISODE,,c6c20402eb3d7112c7d85dcfe77c7f68719140254fc961891146684d4ab317f3,True,TimeSince($fund_disclosure_cashflow_pulse),['fund_disclosure_cashflow_pulse'],0,,cn_unified_registry_driven_generator_v1,True,True,,uc_disclosure_event_1753_00002,,True,observable disclosure time plus registered action delay,TimeSince,['root:TimeSince'],,0,matched_control,nan,nan,['cn.rep.6ff4ada7d3c1e936390a10e56a8a3494'],False,nan,DISCLOSURE_EVENT,1753,seed_a,['cn.sf.9c00cdc912ddbe4532cd57fc68e1f64a'],,,False,0,unique disclosure episode,0,False,,1.0,nan,ALLOW,"registry, PIT, unit, route, maturity, control and access contracts passed",,False,CONTROL_NO_SEPARATE_VOTE
['development'],,,,True,51dfd78022dfd3cacb3a80ca,uc_disclosure_event_1753_00003,"EventCount($fund_disclosure_holder_pulse,5)",0b1afea974c934e1f49ea505004c5161a06f9c8e405d650cff921c32ab61782b,,[],nan,['fund_disclosure_holder_pulse'],False,UNIQUE_DISCLOSURE_EPISODE,,d97f8216736e7a493e84bcc140a08534865c80897fd63b3a9c6c153f58f6d7c7,True,"EventCount($fund_disclosure_holder_pulse,5)",['fund_disclosure_holder_pulse'],0,,cn_unified_registry_driven_generator_v1,False,True,,uc_disclosure_event_1753_00003_control,nan,True,observable disclosure time plus registered action delay,EventCount,['root:EventCount'],,0,registry_root,nan,nan,['cn.rep.9014032fdf4a54b3b31c964baa37e195'],False,nan,DISCLOSURE_EVENT,1753,seed_a,['cn.sf.c85042cbf88a455c9d57707708d9f212'],,,False,248,unique disclosure episode,0,False,,0.004032258064516129,nan,ALLOW,"registry, PIT, unit, route, maturity, control and access contracts passed",,False,ONE_SUPPORT_UNIT_ONE_VOTE
['development'],,,,True,51dfd78022dfd3cacb3a80ca,uc_disclosure_event_1753_00003_control,TimeSince($fund_disclosure_holder_pulse),68e3e3b0e3648e9492a03c6aa3e8bc0a8a8a42eb2fb9f44368953f92ec95066e,,[],nan,['fund_disclosure_holder_pulse'],False,UNIQUE_DISCLOSURE_EPISODE,,27db309e1cfc09f3fe1411d87d51b2caf6c4c49324bbd07e18ae5af189e9ce12,True,TimeSince($fund_disclosure_holder_pulse),['fund_disclosure_holder_pulse'],0,,cn_unified_registry_driven_generator_v1,True,True,,uc_disclosure_event_1753_00003,,True,observable disclosure time plus registered action delay,TimeSince,['root:TimeSince'],,0,matched_control,nan,nan,['cn.rep.9014032fdf4a54b3b31c964baa37e195'],False,nan,DISCLOSURE_EVENT,1753,seed_a,['cn.sf.c85042cbf88a455c9d57707708d9f212'],,,False,248,unique disclosure episode,0,False,,0.004032258064516129,nan,ALLOW,"registry, PIT, unit, route, maturity, control and access contracts passed",,False,CONTROL_NO_SEPARATE_VOTE
['development'],,,,False,02ea2f945a0f1ba426b1d0f6,uc_market_regime_condition_1759_00000,"CSRank(Mul(Sign($ctx_sent_lt5_num),$amount))",793e94b3fc45a30c06a4c1c3867dada4580d334e89010d845d05e0ba595ef877,,['ctx_sent_lt5_num'],-0.032485735264113365,"['ctx_sent_lt5_num', 'amount']",False,,,ea1954afb7c3e56584836ed0f98115d04d97ef7fc6544109d09a0361f953f567,True,"CSRank(Mul(Sign($ctx_sent_lt5_num),$amount))","['amount', 'ctx_sent_lt5_num']",0,,cn_unified_registry_driven_generator_v1,False,True,ONE_MARKET_BLOCK_ONE_VOTE,uc_market_regime_condition_1759_00000_control,0.0,False,state observable at or before candidate action time,ConditionGate,"['root:CSRank', 'root.CSRank[0]:Mul', 'root.CSRank[0].Mul[0]:Sign']",,1,registry_root,0.375,-0.03191087268016392,"['cn.rep.e1a6c7e4ed4d3bdd8b53a3bda3fa28d9', 'cn.rep.4eab0c0e0e794f413fdb46b058e3ecf9']",False,-0.032485735264113365,MARKET_REGIME_CONDITION,1759,seed_a,"['cn.sf.621923f2d222470d1900a03583de5059', 'cn.sf.5545cf7292f676a5cfb90f88b9f433cc']",,,False,4592,market-time block,8,False,,0.0017421602787456446,0.2299450335797796,ALLOW,"registry, PIT, unit, route, maturity, control and access contracts passed",,False,ONE_SUPPORT_UNIT_ONE_VOTE
['development'],,,,False,02ea2f945a0f1ba426b1d0f6,uc_market_regime_condition_1759_00000_control,CSRank($amount),3b3f611a9bd58481f5cee49feeeb16d47ef6fc9c64c34f557e7845626d2d43fc,,['ctx_sent_lt5_num'],-0.032485735264113365,"['ctx_sent_lt5_num', 'amount']",False,,,15cedf4a4fb9989a6021a52d71922c69fc0f4bcf8b18848a165ba19a4c4722d8,True,CSRank($amount),"['amount', 'ctx_sent_lt5_num']",0,,cn_unified_registry_driven_generator_v1,True,True,ONE_MARKET_BLOCK_ONE_VOTE,uc_market_regime_condition_1759_00000,,False,state observable at or before candidate action time,ConditionGate,['root:CSRank'],,1,matched_control,0.375,-0.03191087268016392,"['cn.rep.e1a6c7e4ed4d3bdd8b53a3bda3fa28d9', 'cn.rep.4eab0c0e0e794f413fdb46b058e3ecf9']",False,-0.032485735264113365,MARKET_REGIME_CONDITION,1759,seed_a,"['cn.sf.621923f2d222470d1900a03583de5059', 'cn.sf.5545cf7292f676a5cfb90f88b9f433cc']",,,False,4592,market-time block,8,False,,0.0017421602787456446,0.2299450335797796,ALLOW,"registry, PIT, unit, route, maturity, control and access contracts passed",,False,CONTROL_NO_SEPARATE_VOTE
['development'],,,,True,9af28d8697fdda8e236f4d3e,uc_market_regime_condition_1759_00001,"CSRank(Mul(Sign($ctx_sent_max_lb_num),$ret_1m))",87b92fd09feedab5ad8f3f10113a8f84d0a38c783c20a5b946d375095e2ef50b,,['ctx_sent_max_lb_num'],-0.1882166535318912,"['ctx_sent_max_lb_num', 'ret_1m']",False,,,82f85de2bb33e1c54ea2fb4f22fa77973b94520769b5f01fc6983b0a03207019,True,"CSRank(Mul(Sign($ctx_sent_max_lb_num),$ret_1m))","['ctx_sent_max_lb_num', 'ret_1m']",0,,cn_unified_registry_driven_generator_v1,False,True,ONE_MARKET_BLOCK_ONE_VOTE,uc_market_regime_condition_1759_00001_control,0.0,False,state observable at or before candidate action time,ConditionGate,"['root:CSRank', 'root.CSRank[0]:Mul', 'root.CSRank[0].Mul[0]:Sign']",,0,registry_root,0.0,-0.18741335464337233,"['cn.rep.358182aece98a942f2188490c01df6c4', 'cn.rep.92264a877f9fcf2b53483a2833631e12']",False,-0.1882166535318912,MARKET_REGIME_CONDITION,1759,seed_a,"['cn.sf.8e8f92c9721335845db786ef5eca72b8', 'cn.sf.7ac67c3e2be8e149c3c02a4842c21173']",,,False,4592,market-time block,8,False,,0.0017421602787456446,0.3213195554075551,ALLOW,"registry, PIT, unit, route, maturity, control and access contracts passed",,False,ONE_SUPPORT_UNIT_ONE_VOTE
['development'],,,,True,9af28d8697fdda8e236f4d3e,uc_market_regime_condition_1759_00001_control,CSRank($ret_1m),4a79a618573604bbc12cfdb3934752a6b6bac211d24232b58cdbb12890d3e24f,,['ctx_sent_max_lb_num'],-0.1882166535318912,"['ctx_sent_max_lb_num', 'ret_1m']",False,,,70897c90f8a1ba57b511badef68dfa72c32e365499dc377d20dff3e14545fdf4,True,CSRank($ret_1m),"['ctx_sent_max_lb_num', 'ret_1m']",0,,cn_unified_registry_driven_generator_v1,True,True,ONE_MARKET_BLOCK_ONE_VOTE,uc_market_regime_condition_1759_00001,,False,state observable at or before candidate action time,ConditionGate,['root:CSRank'],,0,matched_control,0.0,-0.18741335464337233,"['cn.rep.358182aece98a942f2188490c01df6c4', 'cn.rep.92264a877f9fcf2b53483a2833631e12']",False,-0.1882166535318912,MARKET_REGIME_CONDITION,1759,seed_a,"['cn.sf.8e8f92c9721335845db786ef5eca72b8', 'cn.sf.7ac67c3e2be8e149c3c02a4842c21173']",,,False,4592,market-time block,8,False,,0.0017421602787456446,0.3213195554075551,ALLOW,"registry, PIT, unit, route, maturity, control and access contracts passed",,False,CONTROL_NO_SEPARATE_VOTE
['development'],,,,True,6f9a7d2b7e04a0b69f78cd92,uc_market_regime_condition_1759_00002,"CSRank(Mul(Sign($ctx_sent_mian_num),$low))",b31b67065b029f90a0aec873b260b97753cfc45d698d93734097206e77f3e9de,,['ctx_sent_mian_num'],0.0007293325274050254,"['ctx_sent_mian_num', 'low']",True,,,24f9df256413e0dece0c073533ebfb0eade3362216de1fe4aa0018396c0e9221,True,"CSRank(Mul(Sign($ctx_sent_mian_num),$low))","['ctx_sent_mian_num', 'low']",0,,cn_unified_registry_driven_generator_v1,False,True,ONE_MARKET_BLOCK_ONE_VOTE,uc_market_regime_condition_1759_00002_control,0.001059320160696406,False,state observable at or before candidate action time,ConditionGate,"['root:CSRank', 'root.CSRank[0]:Mul', 'root.CSRank[0].Mul[0]:Sign']",,3,registry_root,0.5,0.0007973287094499166,"['cn.rep.41752eba761e0d4cf6e7414902a5e427', 'cn.rep.a24282e2c82e94c62dab47348534b71d']",False,0.0007293325274050254,MARKET_REGIME_CONDITION,1759,seed_a,"['cn.sf.a9d8831cc96b748b8100449cc149eb31', 'cn.sf.155ca942c67e3b7985fdca8bf70262e2']",,,True,3694804,market-time block,648,True,,0.0001964921549289218,0.027198472817956457,ALLOW,"registry, PIT, unit, route, maturity, control and access contracts passed",,False,ONE_SUPPORT_UNIT_ONE_VOTE
['development'],,,,True,306c8b9a27bf4514945560af,uc_market_regime_condition_1759_00002_control,CSRank($low),0d7285b199b09cd1e279a88867086813a1208c6d45beed0458f3aae6cedbe679,,['ctx_sent_mian_num'],-0.00032998763329138056,"['ctx_sent_mian_num', 'low']",False,,,91a7105f9361039dcdf97b2aa6449b0b3ef1e848ddcbf34ecd4d461ca1820b88,True,CSRank($low),"['ctx_sent_mian_num', 'low']",0,,cn_unified_registry_driven_generator_v1,True,True,ONE_MARKET_BLOCK_ONE_VOTE,uc_market_regime_condition_1759_00002,,False,state observable at or before candidate action time,ConditionGate,['root:CSRank'],,1,matched_control,0.49725274725274726,-0.0003208934756711042,"['cn.rep.41752eba761e0d4cf6e7414902a5e427', 'cn.rep.a24282e2c82e94c62dab47348534b71d']",False,-0.00032998763329138056,MARKET_REGIME_CONDITION,1759,seed_a,"['cn.sf.a9d8831cc96b748b8100449cc149eb31', 'cn.sf.155ca942c67e3b7985fdca8bf70262e2']",,,True,3704870,market-time block,728,False,,0.00019649812274114882,0.003637663048110535,ALLOW,"registry, PIT, unit, route, maturity, control and access contracts passed",,False,CONTROL_NO_SEPARATE_VOTE
['development'],,,,False,a867b742d86b40b7fe4f4c79,uc_market_regime_condition_1759_00003,"CSRank(Mul(Sign($ctx_sent_tiandi_num),$close))",34a1004214c4f4b715e0315b2b26bbc21ad0cf06e0c41bb17bb24ff40b8be4b1,,['ctx_sent_tiandi_num'],nan,"['ctx_sent_tiandi_num', 'close']",False,,,1a2debbe227782567aa6108816bbebc08898f1f470171d3d7b6c0e614b426514,True,"CSRank(Mul(Sign($ctx_sent_tiandi_num),$close))","['close', 'ctx_sent_tiandi_num']",0,,cn_unified_registry_driven_generator_v1,False,True,ONE_MARKET_BLOCK_ONE_VOTE,uc_market_regime_condition_1759_00003_control,nan,False,state observable at or before candidate action time,ConditionGate,"['root:CSRank', 'root.CSRank[0]:Mul', 'root.CSRank[0].Mul[0]:Sign']",,0,registry_root,nan,nan,"['cn.rep.f2107e4504bd106fcf3ccc678d1c96c8', 'cn.rep.5f3a54f359e6d12011fcd0c6fd12f50c']",False,nan,MARKET_REGIME_CONDITION,1759,seed_a,"['cn.sf.d40f8f20500150cfff77216ced9c2922', 'cn.sf.3b8d86c3ad84fdbf15c669af48c2662f']",,,False,4592,market-time block,0,False,,0.0017421602787456446,5.062577795338815e-06,ALLOW,"registry, PIT, unit, route, maturity, control and access contracts passed",,False,ONE_SUPPORT_UNIT_ONE_VOTE
['development'],,,,False,949e7d5ff85fcdcb803425d3,uc_market_regime_condition_1759_00003_control,CSRank($close),de0ddbfdcf6deb2de41a5c0ffe319252deed3c47813b1c3cbcef94e21b8f11a7,,['ctx_sent_tiandi_num'],-0.030689906680906934,"['ctx_sent_tiandi_num', 'close']",False,,,54ea792d032ae2cb97cf98fa8548c2a4b8a04b5a169ce4e79063539819bc9d71,True,CSRank($close),"['close', 'ctx_sent_tiandi_num']",0,,cn_unified_registry_driven_generator_v1,True,True,ONE_MARKET_BLOCK_ONE_VOTE,uc_market_regime_condition_1759_00003,,False,state observable at or before candidate action time,ConditionGate,['root:CSRank'],,1,matched_control,0.375,-0.030633875337065814,"['cn.rep.f2107e4504bd106fcf3ccc678d1c96c8', 'cn.rep.5f3a54f359e6d12011fcd0c6fd12f50c']",False,-0.030689906680906934,MARKET_REGIME_CONDITION,1759,seed_a,"['cn.sf.d40f8f20500150cfff77216ced9c2922', 'cn.sf.3b8d86c3ad84fdbf15c669af48c2662f']",,,False,4592,market-time block,8,False,,0.0017421602787456446,0.022412537536447858,ALLOW,"registry, PIT, unit, route, maturity, control and access contracts passed",,False,CONTROL_NO_SEPARATE_VOTE
['development'],,,,True,59f0fe64e86cdbe616c36466,uc_market_regime_condition_1759_00004,"CSRank(Mul(Sign($ctx_sent_up_num),$vwap))",fe12c7fd09aa08c45e5f1cac871173a49cf595dbd16fc201dc33a3e6c1b46d24,,['ctx_sent_up_num'],-0.03352224070248801,"['ctx_sent_up_num', 'vwap']",False,,,634b9ad38035878eadf4ffc535fa147faad5057af5a111598675ea2ad28ae742,True,"CSRank(Mul(Sign($ctx_sent_up_num),$vwap))","['ctx_sent_up_num', 'vwap']",0,,cn_unified_registry_driven_generator_v1,False,True,ONE_MARKET_BLOCK_ONE_VOTE,uc_market_regime_condition_1759_00004_control,0.0,False,state observable at or before candidate action time,ConditionGate,"['root:CSRank', 'root.CSRank[0]:Mul', 'root.CSRank[0].Mul[0]:Sign']",,1,registry_root,0.375,-0.033465506795146385,"['cn.rep.d8c6f1d7029e14929a63b4fcfc07a67e', 'cn.rep.83d251a9f86f7e4fec75b8902aaa881b']",False,-0.03352224070248801,MARKET_REGIME_CONDITION,1759,seed_a,"['cn.sf.e2f11d5129b1712f34240d5c2cd2cb93', 'cn.sf.b4279506efdad23a752311a627c7060d']",,,False,4547,market-time block,8,False,,0.0017594018033868484,0.022693562936647527,ALLOW,"registry, PIT, unit, route, maturity, control and access contracts passed",,False,ONE_SUPPORT_UNIT_ONE_VOTE
['development'],,,,True,59f0fe64e86cdbe616c36466,uc_market_regime_condition_1759_00004_control,CSRank($vwap),2f5b47091eadd43f7a06081aed235c361e14ed4fa69e820c4fc4d111a911d514,,['ctx_sent_up_num'],-0.03352224070248801,"['ctx_sent_up_num', 'vwap']",False,,,8abdfde829c93df2209bfbae45d6c0c2a09e0976920000c40c58e6b1cdb7a813,True,CSRank($vwap),"['ctx_sent_up_num', 'vwap']",0,,cn_unified_registry_driven_generator_v1,True,True,ONE_MARKET_BLOCK_ONE_VOTE,uc_market_regime_condition_1759_00004,,False,state observable at or before candidate action time,ConditionGate,['root:CSRank'],,1,matched_control,0.375,-0.033465506795146385,"['cn.rep.d8c6f1d7029e14929a63b4fcfc07a67e', 'cn.rep.83d251a9f86f7e4fec75b8902aaa881b']",False,-0.03352224070248801,MARKET_REGIME_CONDITION,1759,seed_a,"['cn.sf.e2f11d5129b1712f34240d5c2cd2cb93', 'cn.sf.b4279506efdad23a752311a627c7060d']",,,False,4547,market-time block,8,False,,0.0017594018033868484,0.022693562936647527,ALLOW,"registry, PIT, unit, route, maturity, control and access contracts passed",,False,CONTROL_NO_SEPARATE_VOTE
['development'],,,,True,7e03ba6b3ec3da0a43bd0d07,uc_market_regime_condition_1759_00005,"CSRank(Mul(Sign($ctx_sent_uplimit_num),$pct_chg))",c3731d9dc279bc92ec0aef36c4152de76cf79bc3eb93e61926fa639b5e68f18b,,['ctx_sent_uplimit_num'],-0.22383891868882877,"['ctx_sent_uplimit_num', 'pct_chg']",True,,,4c3126c8f6ea2c74893ceb1562ad00fb4ba9228301e72debf9ad39e417d90304,True,"CSRank(Mul(Sign($ctx_sent_uplimit_num),$pct_chg))","['ctx_sent_uplimit_num', 'pct_chg']",0,,cn_unified_registry_driven_generator_v1,False,True,ONE_MARKET_BLOCK_ONE_VOTE,uc_market_regime_condition_1759_00005_control,0.00012688978250827154,False,state observable at or before candidate action time,ConditionGate,"['root:CSRank', 'root.CSRank[0]:Mul', 'root.CSRank[0].Mul[0]:Sign']",,0,registry_root,0.004166666666666667,-0.22304652635601288,"['cn.rep.150861d5fd9022426bb203e30c3e1e6a', 'cn.rep.ff25d250e767d497a03a512194193e34']",False,-0.22383891868882877,MARKET_REGIME_CONDITION,1759,seed_a,"['cn.sf.dd75e56d8855a9c47293f6855726261a', 'cn.sf.e175250817b067c80c690ce8e2ea6e72']",,,True,3694804,market-time block,720,False,,0.0001964921549289218,0.3169569331263549,ALLOW,"registry, PIT, unit, route, maturity, control and access contracts passed",,False,ONE_SUPPORT_UNIT_ONE_VOTE
['development'],,,,True,3eb91bdd6c4ddcb2cb6a4da1,uc_market_regime_condition_1759_00005_control,CSRank($pct_chg),7fda28d5d68f5834f871e56266957382b3f9841d08d383a0147822768212e603,,['ctx_sent_uplimit_num'],-0.22396580847133704,"['ctx_sent_uplimit_num', 'pct_chg']",False,,,d716833cb6e172c88b3b9222eca3899a414d7f85a8f365ab1947cd160bae1611,True,CSRank($pct_chg),"['ctx_sent_uplimit_num', 'pct_chg']",0,,cn_unified_registry_driven_generator_v1,True,True,ONE_MARKET_BLOCK_ONE_VOTE,uc_market_regime_condition_1759_00005,,False,state observable at or before candidate action time,ConditionGate,['root:CSRank'],,0,matched_control,0.004120879120879121,-0.22316747763527253,"['cn.rep.150861d5fd9022426bb203e30c3e1e6a', 'cn.rep.ff25d250e767d497a03a512194193e34']",False,-0.22396580847133704,MARKET_REGIME_CONDITION,1759,seed_a,"['cn.sf.dd75e56d8855a9c47293f6855726261a', 'cn.sf.e175250817b067c80c690ce8e2ea6e72']",,,True,3704870,market-time block,728,False,,0.00019649812274114882,0.3193323344258031,ALLOW,"registry, PIT, unit, route, maturity, control and access contracts passed",,False,CONTROL_NO_SEPARATE_VOTE
['development'],,,,False,509513e7a585ab2875bca01a,uc_market_regime_condition_1759_00006,"CSRank(Mul(Sign($ctx_sent_zb_num),$intraday_ret_from_open))",4c2052016f7abf03d850db2eb117bae98bc4a3d9788ea5ec60caaa6c5add58f7,,['ctx_sent_zb_num'],-0.013888001044905538,"['ctx_sent_zb_num', 'intraday_ret_from_open']",False,,,e8a36a2f2f732814254e76f729bdbf80cc874ab1788010189fd54e27151939ac,True,"CSRank(Mul(Sign($ctx_sent_zb_num),$intraday_ret_from_open))","['ctx_sent_zb_num', 'intraday_ret_from_open']",0,,cn_unified_registry_driven_generator_v1,False,True,ONE_MARKET_BLOCK_ONE_VOTE,uc_market_regime_condition_1759_00006_control,0.0,False,state observable at or before candidate action time,ConditionGate,"['root:CSRank', 'root.CSRank[0]:Mul', 'root.CSRank[0].Mul[0]:Sign']",,1,registry_root,0.5,-0.013383022955332793,"['cn.rep.c4b0cc327badf344c9c55407441f2e08', 'cn.rep.e96fb2c9f0d9da680687323d1fe0f6ae']",False,-0.013888001044905538,MARKET_REGIME_CONDITION,1759,seed_a,"['cn.sf.76ee65c36ddf54363d93d38faaf702a9', 'cn.sf.55ec8d1cbad581839da568b8db129b18']",,,False,4592,market-time block,8,False,,0.0017421602787456446,0.20199123582909798,ALLOW,"registry, PIT, unit, route, maturity, control and access contracts passed",,False,ONE_SUPPORT_UNIT_ONE_VOTE
['development'],,,,False,509513e7a585ab2875bca01a,uc_market_regime_condition_1759_00006_control,CSRank($intraday_ret_from_open),37e402bf692fdcd1976d879421f77fb424ba50f7447fac01ee45282f37fff78b,,['ctx_sent_zb_num'],-0.013888001044905538,"['ctx_sent_zb_num', 'intraday_ret_from_open']",False,,,f69fa783ef13e650c5b4c3bf6cd231215127c045fc3699192cff05b9efc43843,True,CSRank($intraday_ret_from_open),"['ctx_sent_zb_num', 'intraday_ret_from_open']",0,,cn_unified_registry_driven_generator_v1,True,True,ONE_MARKET_BLOCK_ONE_VOTE,uc_market_regime_condition_1759_00006,,False,state observable at or before candidate action time,ConditionGate,['root:CSRank'],,1,matched_control,0.5,-0.013383022955332793,"['cn.rep.c4b0cc327badf344c9c55407441f2e08', 'cn.rep.e96fb2c9f0d9da680687323d1fe0f6ae']",False,-0.013888001044905538,MARKET_REGIME_CONDITION,1759,seed_a,"['cn.sf.76ee65c36ddf54363d93d38faaf702a9', 'cn.sf.55ec8d1cbad581839da568b8db129b18']",,,False,4592,market-time block,8,False,,0.0017421602787456446,0.20199123582909798,ALLOW,"registry, PIT, unit, route, maturity, control and access contracts passed",,False,CONTROL_NO_SEPARATE_VOTE
['development'],,,,False,,uc_market_regime_condition_1759_00007,"CSRank(Mul(Sign($ctx_zls_df_num),$amount_yuan))",58b70f491aeba3f5dd60e74bd70d426a969e3367ae5855f7f3a67177ca035201,,['ctx_zls_df_num'],nan,"['ctx_zls_df_num', 'amount_yuan']",False,,,375625a3749b0c202f9775d43e2cd58bf3d12dbee034a47d57978c3d0f10f1eb,True,"CSRank(Mul(Sign($ctx_zls_df_num),$amount_yuan))","['amount_yuan', 'ctx_zls_df_num']",0,,cn_unified_registry_driven_generator_v1,False,True,ONE_MARKET_BLOCK_ONE_VOTE,uc_market_regime_condition_1759_00007_control,nan,False,state observable at or before candidate action time,ConditionGate,"['root:CSRank', 'root.CSRank[0]:Mul', 'root.CSRank[0].Mul[0]:Sign']",,0,registry_root,nan,nan,"['cn.rep.2b9fb566603b549f272e5b36364ea811', 'cn.rep.530cebb9bb594cdfc258f9ca9691a013']",False,nan,MARKET_REGIME_CONDITION,1759,seed_a,"['cn.sf.dceb5c19b0a46f64c4a2954cf5620c18', 'cn.sf.78a2115ee1fc8f097ef4ad089e83c268']",,,False,0,market-time block,0,False,,1.0,nan,ALLOW,"registry, PIT, unit, route, maturity, control and access contracts passed",,False,ONE_SUPPORT_UNIT_ONE_VOTE
['development'],,,,False,02ea2f945a0f1ba426b1d0f6,uc_market_regime_condition_1759_00007_control,CSRank($amount_yuan),8834b4833364f46250c2cdc1c894dc623af7d0b2595052ee8eb60ae787a04ac8,,['ctx_zls_df_num'],-0.032485735264113365,"['ctx_zls_df_num', 'amount_yuan']",False,,,8c9eea054866605177a9db322f38b8ce70827a9f92daa84a1fdee7c8362acc8a,True,CSRank($amount_yuan),"['amount_yuan', 'ctx_zls_df_num']",0,,cn_unified_registry_driven_generator_v1,True,True,ONE_MARKET_BLOCK_ONE_VOTE,uc_market_regime_condition_1759_00007,,False,state observable at or before candidate action time,ConditionGate,['root:CSRank'],,1,matched_control,0.375,-0.03191087268016392,"['cn.rep.2b9fb566603b549f272e5b36364ea811', 'cn.rep.530cebb9bb594cdfc258f9ca9691a013']",False,-0.032485735264113365,MARKET_REGIME_CONDITION,1759,seed_a,"['cn.sf.dceb5c19b0a46f64c4a2954cf5620c18', 'cn.sf.78a2115ee1fc8f097ef4ad089e83c268']",,,False,4592,market-time block,8,False,,0.0017421602787456446,0.2299450335797796,ALLOW,"registry, PIT, unit, route, maturity, control and access contracts passed",,False,CONTROL_NO_SEPARATE_VOTE
['development'],,,,False,deed836a1d0acee2fe977b9b,uc_intraday_state_transition_1777_00000,"CSRank(Mul(Transition(Sign($ret_1m),-1,1),Delta($high,5)))",13af6de9c30adfda3b5f888680ab2c245b6502d29511f9ccd5ecd321bb35cce8,state_bar_return_sign,[],0.0323669112381952,"['state_bar_return_sign', 'high', 'ret_1m']",False,,,aa0c98fbdfbd7ad072f49c46786387e88a6f780a1fabcc871312b2d195ba0d4b,True,"CSRank(Mul(Transition(Sign($ret_1m),-1,1),Delta($high,5)))","['high', 'ret_1m', 'state_bar_return_sign']",0,,cn_unified_registry_driven_generator_v1,False,True,,uc_intraday_state_transition_1777_00000_control,0.0,False,state transition observable from conservative bar evidence,Transition,"['root:CSRank', 'root.CSRank[0]:Mul', 'root.CSRank[0].Mul[0]:Transition', 'root.CSRank[0].Mul[0].Transition[0]:Sign', 'root.CSRank[0].Mul[1]:Delta']",,3,registry_root,0.46153846153846156,0.03320336596873559,"['cn.rep.a163d3befca931633a6185b7eaf5c35b', 'cn.rep.92264a877f9fcf2b53483a2833631e12', 'cn.rep.dfd0a1200ee1fb031cbc1045300a8e3f']",False,0.0323669112381952,INTRADAY_STATE_TRANSITION,1777,seed_a,"['cn.sf.e63e0162f9ee5a1cc0f4d7b09b578a5b', 'cn.sf.7ac67c3e2be8e149c3c02a4842c21173', 'cn.sf.7ac67c3e2be8e149c3c02a4842c21173']",Sign($ret_1m),symbol-state episode,False,2285,stock-state episode,26,False,,0.00175054704595186,0.33458189221615836,ALLOW,"registry, PIT, unit, route, maturity, control and access contracts passed",,False,ONE_SUPPORT_UNIT_ONE_VOTE
['development'],,,,False,deed836a1d0acee2fe977b9b,uc_intraday_state_transition_1777_00000_control,"CSRank(Delta($high,5))",33c15a187be6a5f7bf94b805add4bc46325130b2b045f312135c958b2706e91c,state_bar_return_sign,[],0.0323669112381952,"['state_bar_return_sign', 'high', 'ret_1m']",False,,,91babccc57d224e14adbeeb15bb5e1ba7373d29aaf8e321c2684d69f8ec34fce,True,"CSRank(Delta($high,5))","['high', 'ret_1m', 'state_bar_return_sign']",0,,cn_unified_registry_driven_generator_v1,True,True,,uc_intraday_state_transition_1777_00000,,False,state transition observable from conservative bar evidence,Transition,"['root:CSRank', 'root.CSRank[0]:Delta']",,3,matched_control,0.46153846153846156,0.03320336596873559,"['cn.rep.a163d3befca931633a6185b7eaf5c35b', 'cn.rep.92264a877f9fcf2b53483a2833631e12', 'cn.rep.dfd0a1200ee1fb031cbc1045300a8e3f']",False,0.0323669112381952,INTRADAY_STATE_TRANSITION,1777,seed_a,"['cn.sf.e63e0162f9ee5a1cc0f4d7b09b578a5b', 'cn.sf.7ac67c3e2be8e149c3c02a4842c21173', 'cn.sf.7ac67c3e2be8e149c3c02a4842c21173']",Sign($ret_1m),symbol-state episode,False,2285,stock-state episode,26,False,,0.00175054704595186,0.33458189221615836,ALLOW,"registry, PIT, unit, route, maturity, control and access contracts passed",,False,CONTROL_NO_SEPARATE_VOTE
['development'],,,,True,78e367d41536fad83e3ef3c3,uc_intraday_state_transition_1777_00001,"CSRank(Mul(Transition(Sign(Sub(Mul($close,2),Add($high,$low))),-1,1),Delta($amount,5)))",8c6cc821ececad65d3493ab8cba22a3a42d6c42e67cb58e40cdd0ab9ba20c652,state_close_range_location_sign,[],-0.0032824280593551514,"['state_close_range_location_sign', 'amount', 'close', 'high', 'low']",False,,,927306a0ef5094de1514c73eb541f448a266bdee36eff530d4dafe4ee51eaefa,True,"CSRank(Mul(Transition(Sign(Sub(Mul($close,2),Add($high,$low))),-1,1),Delta($amount,5)))","['amount', 'close', 'high', 'low', 'state_close_range_location_sign']",0,,cn_unified_registry_driven_generator_v1,False,True,,uc_intraday_state_transition_1777_00001_control,0.0,False,state transition observable from conservative bar evidence,Transition,"['root:CSRank', 'root.CSRank[0]:Mul', 'root.CSRank[0].Mul[0]:Transition', 'root.CSRank[0].Mul[0].Transition[0]:Sign', 'root.CSRank[0].Mul[0].Transition[0].Sign[0]:Sub', 'root.CSRank[0].Mul[0].Transition[0].Sign[0].Sub[0]:Mul', 'root.CSRank[0].Mul[0].Transition[0].Sign[0].Sub[1]:Add', 'root.CSRank[0].Mul[1]:Delta']",,2,registry_root,0.5416666666666666,-0.0024524147118763586,"['cn.rep.e1a6c7e4ed4d3bdd8b53a3bda3fa28d9', 'cn.rep.f2107e4504bd106fcf3ccc678d1c96c8', 'cn.rep.a163d3befca931633a6185b7eaf5c35b', 'cn.rep.a24282e2c82e94c62dab47348534b71d', 'cn.rep.66223a3dbde32dbcb8a1a489c9ae1bb0']",False,-0.0032824280593551514,INTRADAY_STATE_TRANSITION,1777,seed_a,"['cn.sf.621923f2d222470d1900a03583de5059', 'cn.sf.d40f8f20500150cfff77216ced9c2922', 'cn.sf.e63e0162f9ee5a1cc0f4d7b09b578a5b', 'cn.sf.155ca942c67e3b7985fdca8bf70262e2', 'cn.sf.d40f8f20500150cfff77216ced9c2922']","Sign(Sub(Mul($close,2),Add($high,$low)))",symbol-state episode,False,2283,stock-state episode,24,False,,0.0017520805957074025,0.332005338991517,ALLOW,"registry, PIT, unit, route, maturity, control and access contracts passed",,False,ONE_SUPPORT_UNIT_ONE_VOTE
['development'],,,,True,78e367d41536fad83e3ef3c3,uc_intraday_state_transition_1777_00001_control,"CSRank(Delta($amount,5))",70e81d802db14cd27de44daab843d98641eef1355fabb86f77b032bfd283c15f,state_close_range_location_sign,[],-0.0032824280593551514,"['state_close_range_location_sign', 'amount', 'close', 'high', 'low']",False,,,2939d811d54dbcebb689d6164d406f9bb547497d54de2c75d3437c7694dfb326,True,"CSRank(Delta($amount,5))","['amount', 'close', 'high', 'low', 'state_close_range_location_sign']",0,,cn_unified_registry_driven_generator_v1,True,True,,uc_intraday_state_transition_1777_00001,,False,state transition observable from conservative bar evidence,Transition,"['root:CSRank', 'root.CSRank[0]:Delta']",,2,matched_control,0.5416666666666666,-0.0024524147118763586,"['cn.rep.e1a6c7e4ed4d3bdd8b53a3bda3fa28d9', 'cn.rep.f2107e4504bd106fcf3ccc678d1c96c8', 'cn.rep.a163d3befca931633a6185b7eaf5c35b', 'cn.rep.a24282e2c82e94c62dab47348534b71d', 'cn.rep.66223a3dbde32dbcb8a1a489c9ae1bb0']",False,-0.0032824280593551514,INTRADAY_STATE_TRANSITION,1777,seed_a,"['cn.sf.621923f2d222470d1900a03583de5059', 'cn.sf.d40f8f20500150cfff77216ced9c2922', 'cn.sf.e63e0162f9ee5a1cc0f4d7b09b578a5b', 'cn.sf.155ca942c67e3b7985fdca8bf70262e2', 'cn.sf.d40f8f20500150cfff77216ced9c2922']","Sign(Sub(Mul($close,2),Add($high,$low)))",symbol-state episode,False,2283,stock-state episode,24,False,,0.0017520805957074025,0.332005338991517,ALLOW,"registry, PIT, unit, route, maturity, control and access contracts passed",,False,CONTROL_NO_SEPARATE_VOTE
['development'],,,,False,681a4c3cfe0b0628caa9690a,uc_intraday_state_transition_1777_00002,"CSRank(Mul(Transition(Sign($intraday_ret_from_open),-1,1),Delta($ret_1m,5)))",cbd4dea351009866346132fa637e798edb2db4eb699b6a66b6dc1a068028821d,state_intraday_return_sign,[],-0.028628450339610277,"['state_intraday_return_sign', 'ret_1m', 'intraday_ret_from_open']",False,,,d8ac4a31cc14c1f5c609d707074fa4bedc243eeae023f9aa60c05c83b7a5a162,True,"CSRank(Mul(Transition(Sign($intraday_ret_from_open),-1,1),Delta($ret_1m,5)))","['intraday_ret_from_open', 'ret_1m', 'state_intraday_return_sign']",0,,cn_unified_registry_driven_generator_v1,False,True,,uc_intraday_state_transition_1777_00002_control,0.0,False,state transition observable from conservative bar evidence,Transition,"['root:CSRank', 'root.CSRank[0]:Mul', 'root.CSRank[0].Mul[0]:Transition', 'root.CSRank[0].Mul[0].Transition[0]:Sign', 'root.CSRank[0].Mul[1]:Delta']",,1,registry_root,0.16666666666666666,-0.027813463437977106,"['cn.rep.e96fb2c9f0d9da680687323d1fe0f6ae', 'cn.rep.92264a877f9fcf2b53483a2833631e12', 'cn.rep.6a8433736b97fb018bf96165ffe34a83']",False,-0.028628450339610277,INTRADAY_STATE_TRANSITION,1777,seed_a,"['cn.sf.55ec8d1cbad581839da568b8db129b18', 'cn.sf.7ac67c3e2be8e149c3c02a4842c21173', 'cn.sf.55ec8d1cbad581839da568b8db129b18']",Sign($intraday_ret_from_open),symbol-state episode,False,1054,stock-state episode,6,False,,0.003795066413662239,0.32599476065326777,ALLOW,"registry, PIT, unit, route, maturity, control and access contracts passed",,False,ONE_SUPPORT_UNIT_ONE_VOTE
['development'],,,,False,681a4c3cfe0b0628caa9690a,uc_intraday_state_transition_1777_00002_control,"CSRank(Delta($ret_1m,5))",53b72f19f89a284a922e488d019602debe327348aac7aa173a6092e5cf48c7a7,state_intraday_return_sign,[],-0.028628450339610277,"['state_intraday_return_sign', 'ret_1m', 'intraday_ret_from_open']",False,,,e9d90fa56edc540723759451dc03ce47d5d0bc4ed1e177eea784759bf31dbd22,True,"CSRank(Delta($ret_1m,5))","['intraday_ret_from_open', 'ret_1m', 'state_intraday_return_sign']",0,,cn_unified_registry_driven_generator_v1,True,True,,uc_intraday_state_transition_1777_00002,,False,state transition observable from conservative bar evidence,Transition,"['root:CSRank', 'root.CSRank[0]:Delta']",,1,matched_control,0.16666666666666666,-0.027813463437977106,"['cn.rep.e96fb2c9f0d9da680687323d1fe0f6ae', 'cn.rep.92264a877f9fcf2b53483a2833631e12', 'cn.rep.6a8433736b97fb018bf96165ffe34a83']",False,-0.028628450339610277,INTRADAY_STATE_TRANSITION,1777,seed_a,"['cn.sf.55ec8d1cbad581839da568b8db129b18', 'cn.sf.7ac67c3e2be8e149c3c02a4842c21173', 'cn.sf.55ec8d1cbad581839da568b8db129b18']",Sign($intraday_ret_from_open),symbol-state episode,False,1054,stock-state episode,6,False,,0.003795066413662239,0.32599476065326777,ALLOW,"registry, PIT, unit, route, maturity, control and access contracts passed",,False,CONTROL_NO_SEPARATE_VOTE
['development'],,,,True,1bf4b7251288fe0a44ce70d8,uc_intraday_state_transition_1777_00003,"CSRank(Mul(Transition(Sign($ret_1m),-1,1),Delta($low,5)))",425aaf370ecc3b29b85919e17cc0b13f0b8bf11a87c0eafa3b7a18244052ca14,state_bar_return_sign,[],-0.02420074309737201,"['state_bar_return_sign', 'low', 'ret_1m']",False,,,1e1aab0ed6158d0efbf2c6865c35d5f77a734832a77cf574769d4453c6188863,True,"CSRank(Mul(Transition(Sign($ret_1m),-1,1),Delta($low,5)))","['low', 'ret_1m', 'state_bar_return_sign']",0,,cn_unified_registry_driven_generator_v1,False,True,,uc_intraday_state_transition_1777_00003_control,0.0,False,state transition observable from conservative bar evidence,Transition,"['root:CSRank', 'root.CSRank[0]:Mul', 'root.CSRank[0].Mul[0]:Transition', 'root.CSRank[0].Mul[0].Transition[0]:Sign', 'root.CSRank[0].Mul[1]:Delta']",,0,registry_root,0.44001386962552014,-0.023444110717935705,"['cn.rep.a24282e2c82e94c62dab47348534b71d', 'cn.rep.92264a877f9fcf2b53483a2833631e12', 'cn.rep.dfd0a1200ee1fb031cbc1045300a8e3f']",False,-0.02420074309737201,INTRADAY_STATE_TRANSITION,1777,seed_a,"['cn.sf.155ca942c67e3b7985fdca8bf70262e2', 'cn.sf.7ac67c3e2be8e149c3c02a4842c21173', 'cn.sf.7ac67c3e2be8e149c3c02a4842c21173']",Sign($ret_1m),symbol-state episode,True,1843414,stock-state episode,5768,False,,0.00019745971333623376,0.3026529517745216,ALLOW,"registry, PIT, unit, route, maturity, control and access contracts passed",,False,ONE_SUPPORT_UNIT_ONE_VOTE
['development'],,,,True,1bf4b7251288fe0a44ce70d8,uc_intraday_state_transition_1777_00003_control,"CSRank(Delta($low,5))",07b0ad4bcdfd9f6e0f71795a0d722c166aae5dc573f55763e66eb419a1099ea6,state_bar_return_sign,[],-0.02420074309737201,"['state_bar_return_sign', 'low', 'ret_1m']",False,,,1e81bd08a5eb02c89d5312445d8d9ea9f00ccd85d8186c7bb1fe56a0612afce2,True,"CSRank(Delta($low,5))","['low', 'ret_1m', 'state_bar_return_sign']",0,,cn_unified_registry_driven_generator_v1,True,True,,uc_intraday_state_transition_1777_00003,,False,state transition observable from conservative bar evidence,Transition,"['root:CSRank', 'root.CSRank[0]:Delta']",,0,matched_control,0.44001386962552014,-0.023444110717935705,"['cn.rep.a24282e2c82e94c62dab47348534b71d', 'cn.rep.92264a877f9fcf2b53483a2833631e12', 'cn.rep.dfd0a1200ee1fb031cbc1045300a8e3f']",False,-0.02420074309737201,INTRADAY_STATE_TRANSITION,1777,seed_a,"['cn.sf.155ca942c67e3b7985fdca8bf70262e2', 'cn.sf.7ac67c3e2be8e149c3c02a4842c21173', 'cn.sf.7ac67c3e2be8e149c3c02a4842c21173']",Sign($ret_1m),symbol-state episode,True,1843414,stock-state episode,5768,False,,0.00019745971333623376,0.3026529517745216,ALLOW,"registry, PIT, unit, route, maturity, control and access contracts passed",,False,CONTROL_NO_SEPARATE_VOTE
['development'],,,,True,2ebdacd032edc73cfa710798,uc_intraday_state_transition_1777_00004,"CSRank(Mul(Transition(Sign(Sub(Mul($close,2),Add($high,$low))),-1,1),Delta($close,5)))",a1df0406aaf4ed2aba3a6fc6ee44f3e59d056360c4d58bf7cb6463c9071aacab,state_close_range_location_sign,[],-0.04172252291839925,"['state_close_range_location_sign', 'close', 'close', 'high', 'low']",False,,,0fb7c0053554c2c964a6fa3ea4e6a8d186d5a189a32d9031511ccb526362e481,True,"CSRank(Mul(Transition(Sign(Sub(Mul($close,2),Add($high,$low))),-1,1),Delta($close,5)))","['close', 'high', 'low', 'state_close_range_location_sign']",0,,cn_unified_registry_driven_generator_v1,False,True,,uc_intraday_state_transition_1777_00004_control,0.0,False,state transition observable from conservative bar evidence,Transition,"['root:CSRank', 'root.CSRank[0]:Mul', 'root.CSRank[0].Mul[0]:Transition', 'root.CSRank[0].Mul[0].Transition[0]:Sign', 'root.CSRank[0].Mul[0].Transition[0].Sign[0]:Sub', 'root.CSRank[0].Mul[0].Transition[0].Sign[0].Sub[0]:Mul', 'root.CSRank[0].Mul[0].Transition[0].Sign[0].Sub[1]:Add', 'root.CSRank[0].Mul[1]:Delta']",,0,registry_root,0.3968224981738495,-0.04093754364377126,"['cn.rep.f2107e4504bd106fcf3ccc678d1c96c8', 'cn.rep.a163d3befca931633a6185b7eaf5c35b', 'cn.rep.a24282e2c82e94c62dab47348534b71d', 'cn.rep.66223a3dbde32dbcb8a1a489c9ae1bb0']",False,-0.04172252291839925,INTRADAY_STATE_TRANSITION,1777,seed_a,"['cn.sf.d40f8f20500150cfff77216ced9c2922', 'cn.sf.e63e0162f9ee5a1cc0f4d7b09b578a5b', 'cn.sf.155ca942c67e3b7985fdca8bf70262e2', 'cn.sf.d40f8f20500150cfff77216ced9c2922']","Sign(Sub(Mul($close,2),Add($high,$low)))",symbol-state episode,True,1840605,stock-state episode,5476,False,,0.00019776106225942013,0.3139917098511956,ALLOW,"registry, PIT, unit, route, maturity, control and access contracts passed",,False,ONE_SUPPORT_UNIT_ONE_VOTE
['development'],,,,True,2ebdacd032edc73cfa710798,uc_intraday_state_transition_1777_00004_control,"CSRank(Delta($close,5))",ecc33974acd9d584a6df529f7f8252e35958e58de361e8339b0c27dc67bd0a98,state_close_range_location_sign,[],-0.04172252291839925,"['state_close_range_location_sign', 'close', 'close', 'high', 'low']",False,,,57316db4b1fa6678f2cf3b4413a7862a662905b6948a8a325732a1134a5e6d95,True,"CSRank(Delta($close,5))","['close', 'high', 'low', 'state_close_range_location_sign']",0,,cn_unified_registry_driven_generator_v1,True,True,,uc_intraday_state_transition_1777_00004,,False,state transition observable from conservative bar evidence,Transition,"['root:CSRank', 'root.CSRank[0]:Delta']",,0,matched_control,0.3968224981738495,-0.04093754364377126,"['cn.rep.f2107e4504bd106fcf3ccc678d1c96c8', 'cn.rep.a163d3befca931633a6185b7eaf5c35b', 'cn.rep.a24282e2c82e94c62dab47348534b71d', 'cn.rep.66223a3dbde32dbcb8a1a489c9ae1bb0']",False,-0.04172252291839925,INTRADAY_STATE_TRANSITION,1777,seed_a,"['cn.sf.d40f8f20500150cfff77216ced9c2922', 'cn.sf.e63e0162f9ee5a1cc0f4d7b09b578a5b', 'cn.sf.155ca942c67e3b7985fdca8bf70262e2', 'cn.sf.d40f8f20500150cfff77216ced9c2922']","Sign(Sub(Mul($close,2),Add($high,$low)))",symbol-state episode,True,1840605,stock-state episode,5476,False,,0.00019776106225942013,0.3139917098511956,ALLOW,"registry, PIT, unit, route, maturity, control and access contracts passed",,False,CONTROL_NO_SEPARATE_VOTE
['development'],,,,True,a10d768820b7afe0d88fa9da,uc_intraday_state_transition_1777_00005,"CSRank(Mul(Transition(Sign($intraday_ret_from_open),-1,1),Delta($vwap,5)))",df7c32e32a4bef986b5671e0d3712d7bc8a57a3e86b9fd35e8d99da2ab592e81,state_intraday_return_sign,[],-0.018732483511710626,"['state_intraday_return_sign', 'vwap', 'intraday_ret_from_open']",False,,,2c4e486eabd9e2e459ab54790e7c0fe393dea0ea6e45eadae06b3b3cb479f8af,True,"CSRank(Mul(Transition(Sign($intraday_ret_from_open),-1,1),Delta($vwap,5)))","['intraday_ret_from_open', 'state_intraday_return_sign', 'vwap']",0,,cn_unified_registry_driven_generator_v1,False,True,,uc_intraday_state_transition_1777_00005_control,0.0,False,state transition observable from conservative bar evidence,Transition,"['root:CSRank', 'root.CSRank[0]:Mul', 'root.CSRank[0].Mul[0]:Transition', 'root.CSRank[0].Mul[0].Transition[0]:Sign', 'root.CSRank[0].Mul[1]:Delta']",,0,registry_root,0.4639363646135655,-0.017933006981404175,"['cn.rep.e96fb2c9f0d9da680687323d1fe0f6ae', 'cn.rep.6a8433736b97fb018bf96165ffe34a83', 'cn.rep.83d251a9f86f7e4fec75b8902aaa881b']",False,-0.018732483511710626,INTRADAY_STATE_TRANSITION,1777,seed_a,"['cn.sf.55ec8d1cbad581839da568b8db129b18', 'cn.sf.55ec8d1cbad581839da568b8db129b18', 'cn.sf.b4279506efdad23a752311a627c7060d']",Sign($intraday_ret_from_open),symbol-state episode,True,915408,stock-state episode,9303,False,,0.00029495044832468146,0.3197906121225814,ALLOW,"registry, PIT, unit, route, maturity, control and access contracts passed",,False,ONE_SUPPORT_UNIT_ONE_VOTE
['development'],,,,True,a10d768820b7afe0d88fa9da,uc_intraday_state_transition_1777_00005_control,"CSRank(Delta($vwap,5))",e75e68f840e370dc14e525ecf22da46a947f54405e204d13f3fd32333628e86f,state_intraday_return_sign,[],-0.018732483511710626,"['state_intraday_return_sign', 'vwap', 'intraday_ret_from_open']",False,,,8dc1b0807d1661c3710c6f433ff15f771ca7129d8c30d258f35c309ba3318c44,True,"CSRank(Delta($vwap,5))","['intraday_ret_from_open', 'state_intraday_return_sign', 'vwap']",0,,cn_unified_registry_driven_generator_v1,True,True,,uc_intraday_state_transition_1777_00005,,False,state transition observable from conservative bar evidence,Transition,"['root:CSRank', 'root.CSRank[0]:Delta']",,0,matched_control,0.4639363646135655,-0.017933006981404175,"['cn.rep.e96fb2c9f0d9da680687323d1fe0f6ae', 'cn.rep.6a8433736b97fb018bf96165ffe34a83', 'cn.rep.83d251a9f86f7e4fec75b8902aaa881b']",False,-0.018732483511710626,INTRADAY_STATE_TRANSITION,1777,seed_a,"['cn.sf.55ec8d1cbad581839da568b8db129b18', 'cn.sf.55ec8d1cbad581839da568b8db129b18', 'cn.sf.b4279506efdad23a752311a627c7060d']",Sign($intraday_ret_from_open),symbol-state episode,True,915408,stock-state episode,9303,False,,0.00029495044832468146,0.3197906121225814,ALLOW,"registry, PIT, unit, route, maturity, control and access contracts passed",,False,CONTROL_NO_SEPARATE_VOTE
['development'],,,,False,5d1545e322860af544f3831f,uc_intraday_state_transition_1777_00006,"CSRank(Mul(Transition(Sign($ret_1m),-1,1),Delta($pct_chg,5)))",2190101b1543e9bbbfd832e915d20ed593b12df15daf0968fd8270f3fa3370d4,state_bar_return_sign,[],-0.04602125027685252,"['state_bar_return_sign', 'pct_chg', 'ret_1m']",False,,,a72c6355ff32dbf2f0a9595b74d98fa92901186fc1b356e8949636be89b83fe8,True,"CSRank(Mul(Transition(Sign($ret_1m),-1,1),Delta($pct_chg,5)))","['pct_chg', 'ret_1m', 'state_bar_return_sign']",0,,cn_unified_registry_driven_generator_v1,False,True,,uc_intraday_state_transition_1777_00006_control,0.0,False,state transition observable from conservative bar evidence,Transition,"['root:CSRank', 'root.CSRank[0]:Mul', 'root.CSRank[0].Mul[0]:Transition', 'root.CSRank[0].Mul[0].Transition[0]:Sign', 'root.CSRank[0].Mul[1]:Delta']",,1,registry_root,0.32,-0.0452311050829627,"['cn.rep.ff25d250e767d497a03a512194193e34', 'cn.rep.92264a877f9fcf2b53483a2833631e12', 'cn.rep.dfd0a1200ee1fb031cbc1045300a8e3f']",False,-0.04602125027685252,INTRADAY_STATE_TRANSITION,1777,seed_a,"['cn.sf.e175250817b067c80c690ce8e2ea6e72', 'cn.sf.7ac67c3e2be8e149c3c02a4842c21173', 'cn.sf.7ac67c3e2be8e149c3c02a4842c21173']",Sign($ret_1m),symbol-state episode,False,2285,stock-state episode,25,False,,0.00175054704595186,0.3160580775559267,ALLOW,"registry, PIT, unit, route, maturity, control and access contracts passed",,False,ONE_SUPPORT_UNIT_ONE_VOTE
['development'],,,,False,5d1545e322860af544f3831f,uc_intraday_state_transition_1777_00006_control,"CSRank(Delta($pct_chg,5))",6bc41dad13e64a525878ae349df55f9cfbf1115a4dd442a5461a79e58f6e5202,state_bar_return_sign,[],-0.04602125027685252,"['state_bar_return_sign', 'pct_chg', 'ret_1m']",False,,,fe753d3ca7927b735056ac60d0a58cc375aa1b681567e3659696a451658043ea,True,"CSRank(Delta($pct_chg,5))","['pct_chg', 'ret_1m', 'state_bar_return_sign']",0,,cn_unified_registry_driven_generator_v1,True,True,,uc_intraday_state_transition_1777_00006,,False,state transition observable from conservative bar evidence,Transition,"['root:CSRank', 'root.CSRank[0]:Delta']",,1,matched_control,0.32,-0.0452311050829627,"['cn.rep.ff25d250e767d497a03a512194193e34', 'cn.rep.92264a877f9fcf2b53483a2833631e12', 'cn.rep.dfd0a1200ee1fb031cbc1045300a8e3f']",False,-0.04602125027685252,INTRADAY_STATE_TRANSITION,1777,seed_a,"['cn.sf.e175250817b067c80c690ce8e2ea6e72', 'cn.sf.7ac67c3e2be8e149c3c02a4842c21173', 'cn.sf.7ac67c3e2be8e149c3c02a4842c21173']",Sign($ret_1m),symbol-state episode,False,2285,stock-state episode,25,False,,0.00175054704595186,0.3160580775559267,ALLOW,"registry, PIT, unit, route, maturity, control and access contracts passed",,False,CONTROL_NO_SEPARATE_VOTE
['development'],,,,False,ec892547645cdd684da8b212,uc_intraday_state_transition_1777_00007,"CSRank(Mul(Transition(Sign(Sub(Mul($close,2),Add($high,$low))),-1,1),Delta($intraday_ret_from_open,5)))",2709775c789844ed38b17d783a60342e6d764a7df84e23fa828952f9ed809746,state_close_range_location_sign,[],-0.007025876744660053,"['state_close_range_location_sign', 'intraday_ret_from_open', 'close', 'high', 'low']",False,,,b9def78eef1f98be91133cd95c1f3e2cb85f1f1238b83dcbd5601602f84579e2,True,"CSRank(Mul(Transition(Sign(Sub(Mul($close,2),Add($high,$low))),-1,1),Delta($intraday_ret_from_open,5)))","['close', 'high', 'intraday_ret_from_open', 'low', 'state_close_range_location_sign']",0,,cn_unified_registry_driven_generator_v1,False,True,,uc_intraday_state_transition_1777_00007_control,0.0,False,state transition observable from conservative bar evidence,Transition,"['root:CSRank', 'root.CSRank[0]:Mul', 'root.CSRank[0].Mul[0]:Transition', 'root.CSRank[0].Mul[0].Transition[0]:Sign', 'root.CSRank[0].Mul[0].Transition[0].Sign[0]:Sub', 'root.CSRank[0].Mul[0].Transition[0].Sign[0].Sub[0]:Mul', 'root.CSRank[0].Mul[0].Transition[0].Sign[0].Sub[1]:Add', 'root.CSRank[0].Mul[1]:Delta']",,2,registry_root,0.46153846153846156,-0.006104664730877115,"['cn.rep.f2107e4504bd106fcf3ccc678d1c96c8', 'cn.rep.a163d3befca931633a6185b7eaf5c35b', 'cn.rep.e96fb2c9f0d9da680687323d1fe0f6ae', 'cn.rep.a24282e2c82e94c62dab47348534b71d', 'cn.rep.66223a3dbde32dbcb8a1a489c9ae1bb0']",False,-0.007025876744660053,INTRADAY_STATE_TRANSITION,1777,seed_a,"['cn.sf.d40f8f20500150cfff77216ced9c2922', 'cn.sf.e63e0162f9ee5a1cc0f4d7b09b578a5b', 'cn.sf.55ec8d1cbad581839da568b8db129b18', 'cn.sf.155ca942c67e3b7985fdca8bf70262e2', 'cn.sf.d40f8f20500150cfff77216ced9c2922']","Sign(Sub(Mul($close,2),Add($high,$low)))",symbol-state episode,False,2283,stock-state episode,26,False,,0.0017520805957074025,0.36848480551317503,ALLOW,"registry, PIT, unit, route, maturity, control and access contracts passed",,False,ONE_SUPPORT_UNIT_ONE_VOTE
['development'],,,,False,ec892547645cdd684da8b212,uc_intraday_state_transition_1777_00007_control,"CSRank(Delta($intraday_ret_from_open,5))",1b400e41a09ff54f2ffb368451647eb4626e2b1bf587d99badd2faf87867891d,state_close_range_location_sign,[],-0.007025876744660053,"['state_close_range_location_sign', 'intraday_ret_from_open', 'close', 'high', 'low']",False,,,2063b82932ecae6f1699623c79f618d5360347ba0d614ba716ca15f3ea08418b,True,"CSRank(Delta($intraday_ret_from_open,5))","['close', 'high', 'intraday_ret_from_open', 'low', 'state_close_range_location_sign']",0,,cn_unified_registry_driven_generator_v1,True,True,,uc_intraday_state_transition_1777_00007,,False,state transition observable from conservative bar evidence,Transition,"['root:CSRank', 'root.CSRank[0]:Delta']",,2,matched_control,0.46153846153846156,-0.006104664730877115,"['cn.rep.f2107e4504bd106fcf3ccc678d1c96c8', 'cn.rep.a163d3befca931633a6185b7eaf5c35b', 'cn.rep.e96fb2c9f0d9da680687323d1fe0f6ae', 'cn.rep.a24282e2c82e94c62dab47348534b71d', 'cn.rep.66223a3dbde32dbcb8a1a489c9ae1bb0']",False,-0.007025876744660053,INTRADAY_STATE_TRANSITION,1777,seed_a,"['cn.sf.d40f8f20500150cfff77216ced9c2922', 'cn.sf.e63e0162f9ee5a1cc0f4d7b09b578a5b', 'cn.sf.55ec8d1cbad581839da568b8db129b18', 'cn.sf.155ca942c67e3b7985fdca8bf70262e2', 'cn.sf.d40f8f20500150cfff77216ced9c2922']","Sign(Sub(Mul($close,2),Add($high,$low)))",symbol-state episode,False,2283,stock-state episode,26,False,,0.0017520805957074025,0.36848480551317503,ALLOW,"registry, PIT, unit, route, maturity, control and access contracts passed",,False,CONTROL_NO_SEPARATE_VOTE
['development'],,,,True,b81ea56efa95746780393ada,uc_intraday_state_transition_1777_00008,"CSRank(Mul(Transition(Sign($intraday_ret_from_open),-1,1),Delta($amount_yuan,5)))",91f45d21e3cfa18b0a3fd00841647c1eed0c2c620bfa525e69cb5fef1a0a3b09,state_intraday_return_sign,[],0.073975217759138,"['state_intraday_return_sign', 'amount_yuan', 'intraday_ret_from_open']",False,,,a3e3961ffa61a866c127bce71d66bf994cf072f65ba361ffaaa1bb102624d02d,True,"CSRank(Mul(Transition(Sign($intraday_ret_from_open),-1,1),Delta($amount_yuan,5)))","['amount_yuan', 'intraday_ret_from_open', 'state_intraday_return_sign']",0,,cn_unified_registry_driven_generator_v1,False,True,,uc_intraday_state_transition_1777_00008_control,0.0,False,state transition observable from conservative bar evidence,Transition,"['root:CSRank', 'root.CSRank[0]:Mul', 'root.CSRank[0].Mul[0]:Transition', 'root.CSRank[0].Mul[0].Transition[0]:Sign', 'root.CSRank[0].Mul[1]:Delta']",,2,registry_root,0.6666666666666666,0.07485231144820531,"['cn.rep.2b9fb566603b549f272e5b36364ea811', 'cn.rep.e96fb2c9f0d9da680687323d1fe0f6ae', 'cn.rep.6a8433736b97fb018bf96165ffe34a83']",False,0.073975217759138,INTRADAY_STATE_TRANSITION,1777,seed_a,"['cn.sf.dceb5c19b0a46f64c4a2954cf5620c18', 'cn.sf.55ec8d1cbad581839da568b8db129b18', 'cn.sf.55ec8d1cbad581839da568b8db129b18']",Sign($intraday_ret_from_open),symbol-state episode,False,1054,stock-state episode,6,False,,0.003795066413662239,0.3508374756269246,ALLOW,"registry, PIT, unit, route, maturity, control and access contracts passed",,False,ONE_SUPPORT_UNIT_ONE_VOTE
['development'],,,,True,b81ea56efa95746780393ada,uc_intraday_state_transition_1777_00008_control,"CSRank(Delta($amount_yuan,5))",18f33410dfaeb99de17c8793a56bc96998768636216b9ea103d981f5d14f3288,state_intraday_return_sign,[],0.073975217759138,"['state_intraday_return_sign', 'amount_yuan', 'intraday_ret_from_open']",False,,,3df629b42a547e7991612fad606de4c70d0118cf33d0adf899c624250b0b4e0f,True,"CSRank(Delta($amount_yuan,5))","['amount_yuan', 'intraday_ret_from_open', 'state_intraday_return_sign']",0,,cn_unified_registry_driven_generator_v1,True,True,,uc_intraday_state_transition_1777_00008,,False,state transition observable from conservative bar evidence,Transition,"['root:CSRank', 'root.CSRank[0]:Delta']",,2,matched_control,0.6666666666666666,0.07485231144820531,"['cn.rep.2b9fb566603b549f272e5b36364ea811', 'cn.rep.e96fb2c9f0d9da680687323d1fe0f6ae', 'cn.rep.6a8433736b97fb018bf96165ffe34a83']",False,0.073975217759138,INTRADAY_STATE_TRANSITION,1777,seed_a,"['cn.sf.dceb5c19b0a46f64c4a2954cf5620c18', 'cn.sf.55ec8d1cbad581839da568b8db129b18', 'cn.sf.55ec8d1cbad581839da568b8db129b18']",Sign($intraday_ret_from_open),symbol-state episode,False,1054,stock-state episode,6,False,,0.003795066413662239,0.3508374756269246,ALLOW,"registry, PIT, unit, route, maturity, control and access contracts passed",,False,CONTROL_NO_SEPARATE_VOTE
['development'],0,,,True,275038aa2f39111d37e782d8,uc_broad_event_frozen_entry_1783_00000,FrozenMechanismReplay($broad_event_7b391e59670c491e),f9bad842a6ffffcb7052f3b52bf7d577c25dbdcb80bf4e37b92aecc8daeb438d,,['broad_event_7b391e59670c491e'],0.0006011249711822,['broad_event_7b391e59670c491e'],True,,,218030342be55a432d01e3948ae36ed5dd7a907677f18715cd813217da344eed,True,FrozenMechanismReplay($broad_event_7b391e59670c491e),['broad_event_7b391e59670c491e'],0,7b391e59670c491e,cn_unified_registry_driven_generator_v1,False,True,,uc_broad_event_frozen_entry_1783_00000_control,0.00040768949254789996,True,per semantic registry and frozen entry pack,FrozenMechanismReplay,['root:FrozenMechanismReplay'],,3,registry_root,nan,0.0006011249711822,['cn.rep.40ed3cb8d72e7f93b7376e2ad768702e'],False,0.0006011249711822,BROAD_EVENT_FROZEN_ENTRY,1783,seed_a,['cn.sf.ea671da5308f41050d709f1fd50c5048'],,,True,362,frozen event episode,362,False,False,0.0,nan,ALLOW,"registry, PIT, unit, route, maturity, control and access contracts passed",,False,ONE_SUPPORT_UNIT_ONE_VOTE
['development'],0,,,True,a394890238b490afe72637c9,uc_broad_event_frozen_entry_1783_00000_control,MatchedControlReplay($broad_event_7b391e59670c491e),f2786bd890938e5ffdfb4e27ed6042875ca0e3bed1c5d984065158f055a5b519,,['broad_event_7b391e59670c491e'],0.0001934354786343,['broad_event_7b391e59670c491e'],False,,,9020405e951019f6122424125e52848854951fc2c62239b268c8dfe6b10d7a0d,True,MatchedControlReplay($broad_event_7b391e59670c491e),['broad_event_7b391e59670c491e'],0,7b391e59670c491e,cn_unified_registry_driven_generator_v1,True,True,,uc_broad_event_frozen_entry_1783_00000,,True,per semantic registry and frozen entry pack,MatchedControlReplay,['root:MatchedControlReplay'],,3,matched_control,nan,0.0001934354786343,['cn.rep.40ed3cb8d72e7f93b7376e2ad768702e'],False,0.0001934354786343,BROAD_EVENT_FROZEN_ENTRY,1783,seed_a,['cn.sf.ea671da5308f41050d709f1fd50c5048'],,,True,362,frozen event episode,362,False,False,0.0,nan,ALLOW,"registry, PIT, unit, route, maturity, control and access contracts passed",,False,CONTROL_NO_SEPARATE_VOTE
['development'],0,,,True,39eec4533b4a5288889f9384,uc_broad_event_frozen_entry_1783_00001,FrozenMechanismReplay($broad_event_01166fdd6c3a2aab),3efbe1b43ca59c0d82e3994dccac594b55b042bd1d352e089674e15d531cd0a8,,[],-0.0032064710489557,['broad_event_01166fdd6c3a2aab'],False,,,f4ce7bcae5ec3f89031fdcc1943c4c1df7651245561f2822573ee38786669c1b,True,FrozenMechanismReplay($broad_event_01166fdd6c3a2aab),['broad_event_01166fdd6c3a2aab'],0,01166fdd6c3a2aab,cn_unified_registry_driven_generator_v1,False,True,,uc_broad_event_frozen_entry_1783_00001_control,-0.003263170267811761,True,per semantic registry and frozen entry pack,FrozenMechanismReplay,['root:FrozenMechanismReplay'],,2,registry_root,nan,-0.0032064710489557,['cn.rep.13d2e66902ff873b3130ca2973b0fb00'],False,-0.0032064710489557,BROAD_EVENT_FROZEN_ENTRY,1783,seed_a,['cn.sf.16770ae20629139dfe4db0f44729f34c'],,,True,2159,frozen event episode,2159,False,False,0.0263766774641369,nan,ALLOW,"registry, PIT, unit, route, maturity, control and access contracts passed",,False,ONE_SUPPORT_UNIT_ONE_VOTE
['development'],0,,,True,d3830177019d5bf952525330,uc_broad_event_frozen_entry_1783_00001_control,MatchedControlReplay($broad_event_01166fdd6c3a2aab),2bf9ebae6d86f2db50ae735035354de17c27894d647644678361cf2b07ab306c,,[],5.669921885606119e-05,['broad_event_01166fdd6c3a2aab'],False,,,31a042281a04c77d8529e168c8e8a555e8ecf055bc8c788b890fb242308faa59,True,MatchedControlReplay($broad_event_01166fdd6c3a2aab),['broad_event_01166fdd6c3a2aab'],0,01166fdd6c3a2aab,cn_unified_registry_driven_generator_v1,True,True,,uc_broad_event_frozen_entry_1783_00001,,True,per semantic registry and frozen entry pack,MatchedControlReplay,['root:MatchedControlReplay'],,2,matched_control,nan,5.669921885606119e-05,['cn.rep.13d2e66902ff873b3130ca2973b0fb00'],False,5.669921885606119e-05,BROAD_EVENT_FROZEN_ENTRY,1783,seed_a,['cn.sf.16770ae20629139dfe4db0f44729f34c'],,,True,2159,frozen event episode,2159,False,False,0.0263766774641369,nan,ALLOW,"registry, PIT, unit, route, maturity, control and access contracts passed",,False,CONTROL_NO_SEPARATE_VOTE
['development'],0,,,True,2067dd589464a90a2a1ca42a,uc_broad_event_frozen_entry_1783_00002,FrozenMechanismReplay($broad_event_b22d9565d0b39241),6c0d586aec62d02b50306d47fc5ac9c7ee532d6b101ea328502fab968b62866b,,[],-0.0011060248702672,['broad_event_b22d9565d0b39241'],False,,,30e52c3fddf9e9082cef7c268c05796113ca5a70d4ccad72329962e8e6b25393,True,FrozenMechanismReplay($broad_event_b22d9565d0b39241),['broad_event_b22d9565d0b39241'],0,b22d9565d0b39241,cn_unified_registry_driven_generator_v1,False,True,,uc_broad_event_frozen_entry_1783_00002_control,-0.0011272474591422772,True,per semantic registry and frozen entry pack,FrozenMechanismReplay,['root:FrozenMechanismReplay'],,1,registry_root,nan,-0.0011060248702672,['cn.rep.73d58522a7f1228c6dbe4cdc799813b9'],False,-0.0011060248702672,BROAD_EVENT_FROZEN_ENTRY,1783,seed_a,['cn.sf.16770ae20629139dfe4db0f44729f34c'],,,True,2159,frozen event episode,2159,False,False,0.0263766774641369,nan,ALLOW,"registry, PIT, unit, route, maturity, control and access contracts passed",,False,ONE_SUPPORT_UNIT_ONE_VOTE
['development'],0,,,True,77e5b3ea5e587d997b964a6a,uc_broad_event_frozen_entry_1783_00002_control,MatchedControlReplay($broad_event_b22d9565d0b39241),f755bd07debf898a6318a21066d7009d2f1553c5ca3b71f67a11d941cc389438,,[],2.1222588875077093e-05,['broad_event_b22d9565d0b39241'],False,,,a1c721a81702a38f6dc0f0ce213baf66ab0509c2b2a83d9b3e4049d6576c0d31,True,MatchedControlReplay($broad_event_b22d9565d0b39241),['broad_event_b22d9565d0b39241'],0,b22d9565d0b39241,cn_unified_registry_driven_generator_v1,True,True,,uc_broad_event_frozen_entry_1783_00002,,True,per semantic registry and frozen entry pack,MatchedControlReplay,['root:MatchedControlReplay'],,1,matched_control,nan,2.1222588875077093e-05,['cn.rep.73d58522a7f1228c6dbe4cdc799813b9'],False,2.1222588875077093e-05,BROAD_EVENT_FROZEN_ENTRY,1783,seed_a,['cn.sf.16770ae20629139dfe4db0f44729f34c'],,,True,2159,frozen event episode,2159,False,False,0.0263766774641369,nan,ALLOW,"registry, PIT, unit, route, maturity, control and access contracts passed",,False,CONTROL_NO_SEPARATE_VOTE
['development'],0,,,True,020c095e719f73602e324a73,uc_broad_event_frozen_entry_1783_00003,FrozenMechanismReplay($broad_event_9041949344c58bcf),caa18e07f79754694eb0567b9d6b3ce3ad149eb03bb3ea7f3bc07ba7bd92cbbe,,[],0.0005026657491428,['broad_event_9041949344c58bcf'],True,,,18315847ff461fb39e060f6cfe4e029a63b5831f511be74fb451997cbdc35f05,True,FrozenMechanismReplay($broad_event_9041949344c58bcf),['broad_event_9041949344c58bcf'],0,9041949344c58bcf,cn_unified_registry_driven_generator_v1,False,True,,uc_broad_event_frozen_entry_1783_00003_control,0.0002563469131616,True,per semantic registry and frozen entry pack,FrozenMechanismReplay,['root:FrozenMechanismReplay'],,4,registry_root,nan,0.0005026657491428,['cn.rep.78e38707e69fd32e5b800c2831414f7e'],False,0.0005026657491428,BROAD_EVENT_FROZEN_ENTRY,1783,seed_a,['cn.sf.6cdeac980794379dc3a91fb83cdf28cb'],,,True,7187,frozen event episode,7187,True,False,0.0062613051342702,nan,ALLOW,"registry, PIT, unit, route, maturity, control and access contracts passed",,False,ONE_SUPPORT_UNIT_ONE_VOTE
['development'],0,,,True,b4f5caa3685419b7192d9b8e,uc_broad_event_frozen_entry_1783_00003_control,MatchedControlReplay($broad_event_9041949344c58bcf),673ac05e11feb8a08bce06bef62318798ee3985f32a32c3a0b80a178609bf9df,,[],0.0002463188359812,['broad_event_9041949344c58bcf'],False,,,489cf506ece2c2e817bcc8ee1609f5bc1a932a458328fdaf1568582af4cbe51d,True,MatchedControlReplay($broad_event_9041949344c58bcf),['broad_event_9041949344c58bcf'],0,9041949344c58bcf,cn_unified_registry_driven_generator_v1,True,True,,uc_broad_event_frozen_entry_1783_00003,,True,per semantic registry and frozen entry pack,MatchedControlReplay,['root:MatchedControlReplay'],,4,matched_control,nan,0.0002463188359812,['cn.rep.78e38707e69fd32e5b800c2831414f7e'],False,0.0002463188359812,BROAD_EVENT_FROZEN_ENTRY,1783,seed_a,['cn.sf.6cdeac980794379dc3a91fb83cdf28cb'],,,True,7187,frozen event episode,7187,False,False,0.0062613051342702,nan,ALLOW,"registry, PIT, unit, route, maturity, control and access contracts passed",,False,CONTROL_NO_SEPARATE_VOTE
['development'],0,,,True,c12a30103ade0e941a7a34aa,uc_broad_event_frozen_entry_1783_00004,FrozenMechanismReplay($broad_event_4fbf6cc691461c6c),c86f7244b8a807df1fa92f613171f3abeefa286f067ad0028c058ed3f142ba36,,['broad_event_4fbf6cc691461c6c'],0.0084017254122385,['broad_event_4fbf6cc691461c6c'],True,,,79fb36589ffcf34e7d91e9f37591e39e0521b72c29e8c145b7d570cd3c610926,True,FrozenMechanismReplay($broad_event_4fbf6cc691461c6c),['broad_event_4fbf6cc691461c6c'],0,4fbf6cc691461c6c,cn_unified_registry_driven_generator_v1,False,True,,uc_broad_event_frozen_entry_1783_00004_control,0.0066818837149576005,True,per semantic registry and frozen entry pack,FrozenMechanismReplay,['root:FrozenMechanismReplay'],,3,registry_root,nan,0.0084017254122385,['cn.rep.39f3f18a93a8f4ffab90eb2b2dd98c07'],False,0.0084017254122385,BROAD_EVENT_FROZEN_ENTRY,1783,seed_a,['cn.sf.ea671da5308f41050d709f1fd50c5048'],,,True,362,frozen event episode,362,False,False,0.0,nan,ALLOW,"registry, PIT, unit, route, maturity, control and access contracts passed",,False,ONE_SUPPORT_UNIT_ONE_VOTE
['development'],0,,,True,d83caa19e52d5a3705182567,uc_broad_event_frozen_entry_1783_00004_control,MatchedControlReplay($broad_event_4fbf6cc691461c6c),626d12c36e3a8cca37572fe7fbe2b9a4f4a38a78dd66515d0f6709ae2c6326c5,,['broad_event_4fbf6cc691461c6c'],0.0017198416972809,['broad_event_4fbf6cc691461c6c'],False,,,16b80156bebcff1f92c515da1db399ade36e668235c297bff954e698d0cc3ae4,True,MatchedControlReplay($broad_event_4fbf6cc691461c6c),['broad_event_4fbf6cc691461c6c'],0,4fbf6cc691461c6c,cn_unified_registry_driven_generator_v1,True,True,,uc_broad_event_frozen_entry_1783_00004,,True,per semantic registry and frozen entry pack,MatchedControlReplay,['root:MatchedControlReplay'],,3,matched_control,nan,0.0017198416972809,['cn.rep.39f3f18a93a8f4ffab90eb2b2dd98c07'],False,0.0017198416972809,BROAD_EVENT_FROZEN_ENTRY,1783,seed_a,['cn.sf.ea671da5308f41050d709f1fd50c5048'],,,True,362,frozen event episode,362,False,False,0.0,nan,ALLOW,"registry, PIT, unit, route, maturity, control and access contracts passed",,False,CONTROL_NO_SEPARATE_VOTE
['development'],0,,,True,c12a30103ade0e941a7a34aa,uc_broad_event_frozen_entry_1783_00005,FrozenMechanismReplay($broad_event_d42c0973350238e0),6c6899a86e089afe3f554edb32d68ba2b40be6dd1be8422d8f460c25c37abc22,,['broad_event_d42c0973350238e0'],0.0113426482739251,['broad_event_d42c0973350238e0'],True,,,e7c739d9b6b144a248cf7b035b213ede29971e5ca18ee3ecc6564292145ff74a,True,FrozenMechanismReplay($broad_event_d42c0973350238e0),['broad_event_d42c0973350238e0'],0,d42c0973350238e0,cn_unified_registry_driven_generator_v1,False,True,,uc_broad_event_frozen_entry_1783_00005_control,0.0067002698320108,True,per semantic registry and frozen entry pack,FrozenMechanismReplay,['root:FrozenMechanismReplay'],,3,registry_root,nan,0.0113426482739251,['cn.rep.ef37af1a3001febf5b37ed129424c3f9'],False,0.0113426482739251,BROAD_EVENT_FROZEN_ENTRY,1783,seed_a,['cn.sf.ea671da5308f41050d709f1fd50c5048'],,,True,362,frozen event episode,362,False,False,0.0,nan,ALLOW,"registry, PIT, unit, route, maturity, control and access contracts passed",,False,ONE_SUPPORT_UNIT_ONE_VOTE
['development'],0,,,True,17e4c4139c3b870a755739fe,uc_broad_event_frozen_entry_1783_00005_control,MatchedControlReplay($broad_event_d42c0973350238e0),3cceb3a6f9582deb66a69524b5fc1b443ab816e4cb501dbce426b93e061fd26f,,['broad_event_d42c0973350238e0'],0.0046423784419143,['broad_event_d42c0973350238e0'],False,,,728107e9204230074dd84ce903ad6e0d342ab128d6994470949b03c131e10e0c,True,MatchedControlReplay($broad_event_d42c0973350238e0),['broad_event_d42c0973350238e0'],0,d42c0973350238e0,cn_unified_registry_driven_generator_v1,True,True,,uc_broad_event_frozen_entry_1783_00005,,True,per semantic registry and frozen entry pack,MatchedControlReplay,['root:MatchedControlReplay'],,3,matched_control,nan,0.0046423784419143,['cn.rep.ef37af1a3001febf5b37ed129424c3f9'],False,0.0046423784419143,BROAD_EVENT_FROZEN_ENTRY,1783,seed_a,['cn.sf.ea671da5308f41050d709f1fd50c5048'],,,True,362,frozen event episode,362,False,False,0.0,nan,ALLOW,"registry, PIT, unit, route, maturity, control and access contracts passed",,False,CONTROL_NO_SEPARATE_VOTE
['development'],0,,,True,3fbfdd5f705ad4350bd8647a,uc_broad_event_frozen_entry_1783_00006,FrozenMechanismReplay($broad_event_ac96e6d4db507a1a),31eaa36844f2f67acf2b04c407dc3d7ae7aa127a2165494ff760166b3ebd9d70,,['broad_event_ac96e6d4db507a1a'],0.0006820602328041,['broad_event_ac96e6d4db507a1a'],True,,,437b6c4ddeddcb208ecfffae6cd4f6cd743575cdb10f77c4eb079cb5b8fa45f4,True,FrozenMechanismReplay($broad_event_ac96e6d4db507a1a),['broad_event_ac96e6d4db507a1a'],0,ac96e6d4db507a1a,cn_unified_registry_driven_generator_v1,False,True,,uc_broad_event_frozen_entry_1783_00006_control,0.0001560488931858999,True,per semantic registry and frozen entry pack,FrozenMechanismReplay,['root:FrozenMechanismReplay'],,2,registry_root,nan,0.0006820602328041,['cn.rep.11dc87cb6ed440e2562de8021432100c'],False,0.0006820602328041,BROAD_EVENT_FROZEN_ENTRY,1783,seed_a,['cn.sf.ea671da5308f41050d709f1fd50c5048'],,,True,362,frozen event episode,362,False,False,0.0,nan,ALLOW,"registry, PIT, unit, route, maturity, control and access contracts passed",,False,ONE_SUPPORT_UNIT_ONE_VOTE
['development'],0,,,True,448c9065e598a159b5dd7218,uc_broad_event_frozen_entry_1783_00006_control,MatchedControlReplay($broad_event_ac96e6d4db507a1a),53edb17d6af92a16a85227bb81222fdf3dfa12acb0dc012a79956fdd78e54036,,['broad_event_ac96e6d4db507a1a'],0.0005260113396182,['broad_event_ac96e6d4db507a1a'],False,,,fd715fdc488ddced540fa017d13ee56178c201578971a00393395eb72214080f,True,MatchedControlReplay($broad_event_ac96e6d4db507a1a),['broad_event_ac96e6d4db507a1a'],0,ac96e6d4db507a1a,cn_unified_registry_driven_generator_v1,True,True,,uc_broad_event_frozen_entry_1783_00006,,True,per semantic registry and frozen entry pack,MatchedControlReplay,['root:MatchedControlReplay'],,2,matched_control,nan,0.0005260113396182,['cn.rep.11dc87cb6ed440e2562de8021432100c'],False,0.0005260113396182,BROAD_EVENT_FROZEN_ENTRY,1783,seed_a,['cn.sf.ea671da5308f41050d709f1fd50c5048'],,,True,362,frozen event episode,362,False,False,0.0,nan,ALLOW,"registry, PIT, unit, route, maturity, control and access contracts passed",,False,CONTROL_NO_SEPARATE_VOTE
['development'],0,,,True,9b22a15d035828599543c9d1,uc_broad_event_frozen_entry_1783_00007,FrozenMechanismReplay($broad_event_8a64cdfefa6bcc35),cc30e06c4ec66833f954389c91e46ec967b867cc3395686ee2514802c04c7254,,[],1.3883352384830895e-05,['broad_event_8a64cdfefa6bcc35'],True,,,5cfc4c6c5515b6c95d88e67c8ed35a39168e6e9c41e5131c288c8f3a33abdcfa,True,FrozenMechanismReplay($broad_event_8a64cdfefa6bcc35),['broad_event_8a64cdfefa6bcc35'],0,8a64cdfefa6bcc35,cn_unified_registry_driven_generator_v1,False,True,,uc_broad_event_frozen_entry_1783_00007_control,8.716322759680286e-06,True,per semantic registry and frozen entry pack,FrozenMechanismReplay,['root:FrozenMechanismReplay'],,4,registry_root,nan,1.3883352384830895e-05,['cn.rep.545bd828644e2175ea379183c7aad0da'],False,1.3883352384830895e-05,BROAD_EVENT_FROZEN_ENTRY,1783,seed_a,['cn.sf.b0d5e75cf02a2e8f77fb0ddbec90b98c'],,,True,437937,frozen event episode,437937,True,False,0.0005366031876512,nan,ALLOW,"registry, PIT, unit, route, maturity, control and access contracts passed",,False,ONE_SUPPORT_UNIT_ONE_VOTE
['development'],0,,,True,20db54d819c47ee7c5ac4457,uc_broad_event_frozen_entry_1783_00007_control,MatchedControlReplay($broad_event_8a64cdfefa6bcc35),cd50fa1b4663f4a2ec950295ab79035ac42c65292731c05b4e86a4715242c88c,,[],5.167029625150609e-06,['broad_event_8a64cdfefa6bcc35'],False,,,f3bd5acb65de1a3db55db9979982280799da88f0cd9b38a0d96b3c02b6c5aaba,True,MatchedControlReplay($broad_event_8a64cdfefa6bcc35),['broad_event_8a64cdfefa6bcc35'],0,8a64cdfefa6bcc35,cn_unified_registry_driven_generator_v1,True,True,,uc_broad_event_frozen_entry_1783_00007,,True,per semantic registry and frozen entry pack,MatchedControlReplay,['root:MatchedControlReplay'],,4,matched_control,nan,5.167029625150609e-06,['cn.rep.545bd828644e2175ea379183c7aad0da'],False,5.167029625150609e-06,BROAD_EVENT_FROZEN_ENTRY,1783,seed_a,['cn.sf.b0d5e75cf02a2e8f77fb0ddbec90b98c'],,,True,437937,frozen event episode,437937,False,False,0.0005366031876512,nan,ALLOW,"registry, PIT, unit, route, maturity, control and access contracts passed",,False,CONTROL_NO_SEPARATE_VOTE
['development'],0,,,True,d964cdb5292dc32ef74121a7,uc_broad_event_frozen_entry_1783_00008,FrozenMechanismReplay($broad_event_16c53855e757c585),fb18f51cee66ddf2486833a6a40a57dd51198036cf7e49019e65a762d26ffd9f,,[],0.0001989663306209,['broad_event_16c53855e757c585'],True,,,f7609b4f6e6860058332ff05e7867ebf6977173c1ad787d2750d806240a113b8,True,FrozenMechanismReplay($broad_event_16c53855e757c585),['broad_event_16c53855e757c585'],0,16c53855e757c585,cn_unified_registry_driven_generator_v1,False,True,,uc_broad_event_frozen_entry_1783_00008_control,0.00018316975750690636,True,per semantic registry and frozen entry pack,FrozenMechanismReplay,['root:FrozenMechanismReplay'],,3,registry_root,nan,0.0001989663306209,['cn.rep.cd1318f5c9d09cbb97df3483720b7f95'],False,0.0001989663306209,BROAD_EVENT_FROZEN_ENTRY,1783,seed_a,['cn.sf.b0d5e75cf02a2e8f77fb0ddbec90b98c'],,,True,437940,frozen event episode,437940,True,False,0.0005366031876512,nan,ALLOW,"registry, PIT, unit, route, maturity, control and access contracts passed",,False,ONE_SUPPORT_UNIT_ONE_VOTE
['development'],0,,,True,6d0d5ac5dcfd7e5aafd1af45,uc_broad_event_frozen_entry_1783_00008_control,MatchedControlReplay($broad_event_16c53855e757c585),0ceed512b290ce87276908d4c352704351d666a78c3381bdc21b093277ed24d9,,[],1.5796573113993643e-05,['broad_event_16c53855e757c585'],False,,,9ede6bc52bb1e55767f94a01c360195e4b0daddae706085b5a19e680f3d90d43,True,MatchedControlReplay($broad_event_16c53855e757c585),['broad_event_16c53855e757c585'],0,16c53855e757c585,cn_unified_registry_driven_generator_v1,True,True,,uc_broad_event_frozen_entry_1783_00008,,True,per semantic registry and frozen entry pack,MatchedControlReplay,['root:MatchedControlReplay'],,3,matched_control,nan,1.5796573113993643e-05,['cn.rep.cd1318f5c9d09cbb97df3483720b7f95'],False,1.5796573113993643e-05,BROAD_EVENT_FROZEN_ENTRY,1783,seed_a,['cn.sf.b0d5e75cf02a2e8f77fb0ddbec90b98c'],,,True,437940,frozen event episode,437940,False,False,0.0005366031876512,nan,ALLOW,"registry, PIT, unit, route, maturity, control and access contracts passed",,False,CONTROL_NO_SEPARATE_VOTE
['development'],0,,,True,0e12c0e346e44c6cf2d2a3aa,uc_broad_event_frozen_entry_1783_00009,FrozenMechanismReplay($broad_event_cf70889cec0c77df),1efffdcdd78f3a5878e705cd0d3220bbcad47183f76461e07257ea8bb6deae95,,[],0.0005307954753484,['broad_event_cf70889cec0c77df'],True,,,3c73110aae2f06276161694eabe99f035138a7d47e57ce3ec844ef14d93ea363,True,FrozenMechanismReplay($broad_event_cf70889cec0c77df),['broad_event_cf70889cec0c77df'],0,cf70889cec0c77df,cn_unified_registry_driven_generator_v1,False,True,,uc_broad_event_frozen_entry_1783_00009_control,0.00033998894937599996,True,per semantic registry and frozen entry pack,FrozenMechanismReplay,['root:FrozenMechanismReplay'],,4,registry_root,nan,0.0005307954753484,['cn.rep.f2fb44b8600031c7e42c74aa4f9e48f1'],False,0.0005307954753484,BROAD_EVENT_FROZEN_ENTRY,1783,seed_a,['cn.sf.6cdeac980794379dc3a91fb83cdf28cb'],,,True,7187,frozen event episode,7187,True,False,0.0062613051342702,nan,ALLOW,"registry, PIT, unit, route, maturity, control and access contracts passed",,False,ONE_SUPPORT_UNIT_ONE_VOTE
['development'],0,,,True,4f4f43633aacfd7d31ece78d,uc_broad_event_frozen_entry_1783_00009_control,MatchedControlReplay($broad_event_cf70889cec0c77df),1f55c7a1a4e2c3f5f6ae0aee73ad89d91bc98ccfd582724785e652525dff89f5,,[],0.0001908065259724,['broad_event_cf70889cec0c77df'],False,,,516ba5219697fbcabe89ea4af74d851276724e9c46b051779f101eafadadaa7f,True,MatchedControlReplay($broad_event_cf70889cec0c77df),['broad_event_cf70889cec0c77df'],0,cf70889cec0c77df,cn_unified_registry_driven_generator_v1,True,True,,uc_broad_event_frozen_entry_1783_00009,,True,per semantic registry and frozen entry pack,MatchedControlReplay,['root:MatchedControlReplay'],,4,matched_control,nan,0.0001908065259724,['cn.rep.f2fb44b8600031c7e42c74aa4f9e48f1'],False,0.0001908065259724,BROAD_EVENT_FROZEN_ENTRY,1783,seed_a,['cn.sf.6cdeac980794379dc3a91fb83cdf28cb'],,,True,7187,frozen event episode,7187,False,False,0.0062613051342702,nan,ALLOW,"registry, PIT, unit, route, maturity, control and access contracts passed",,False,CONTROL_NO_SEPARATE_VOTE
['development'],0,,,True,9ccaeebd3aa38fb12244655c,uc_broad_event_frozen_entry_1783_00010,FrozenMechanismReplay($broad_event_9618ee1100155073),a8bf0800033ecf701bf9f3c82d9da6d0be122f59d4cb12a1a3444e68ce2ceb37,,[],-1.0467487465944653e-05,['broad_event_9618ee1100155073'],False,,,b1d8a7412457c5446d3a4506310f045ae0cbd7742611097f71dbbc867e1d0895,True,FrozenMechanismReplay($broad_event_9618ee1100155073),['broad_event_9618ee1100155073'],0,9618ee1100155073,cn_unified_registry_driven_generator_v1,False,True,,uc_broad_event_frozen_entry_1783_00010_control,-1.4927423369532474e-05,True,per semantic registry and frozen entry pack,FrozenMechanismReplay,['root:FrozenMechanismReplay'],,3,registry_root,nan,-1.0467487465944653e-05,['cn.rep.c2c6620f624dd03caac2ac5d97ce7859'],False,-1.0467487465944653e-05,BROAD_EVENT_FROZEN_ENTRY,1783,seed_a,['cn.sf.b0d5e75cf02a2e8f77fb0ddbec90b98c'],,,True,437937,frozen event episode,437937,False,False,0.0005366031876512,nan,ALLOW,"registry, PIT, unit, route, maturity, control and access contracts passed",,False,ONE_SUPPORT_UNIT_ONE_VOTE
['development'],0,,,True,ae60f0a5dc3defc97548dcc3,uc_broad_event_frozen_entry_1783_00010_control,MatchedControlReplay($broad_event_9618ee1100155073),ff000b076b25d071b2f7030a7bc8a26428d968f52ea995d828dc7be59064a6d5,,[],4.459935903587821e-06,['broad_event_9618ee1100155073'],False,,,3fd5b98615bbe7a33c0d9b41c67cd074f7943fd177a8f8fac9c6656b5ad0a898,True,MatchedControlReplay($broad_event_9618ee1100155073),['broad_event_9618ee1100155073'],0,9618ee1100155073,cn_unified_registry_driven_generator_v1,True,True,,uc_broad_event_frozen_entry_1783_00010,,True,per semantic registry and frozen entry pack,MatchedControlReplay,['root:MatchedControlReplay'],,3,matched_control,nan,4.459935903587821e-06,['cn.rep.c2c6620f624dd03caac2ac5d97ce7859'],False,4.459935903587821e-06,BROAD_EVENT_FROZEN_ENTRY,1783,seed_a,['cn.sf.b0d5e75cf02a2e8f77fb0ddbec90b98c'],,,True,437937,frozen event episode,437937,False,False,0.0005366031876512,nan,ALLOW,"registry, PIT, unit, route, maturity, control and access contracts passed",,False,CONTROL_NO_SEPARATE_VOTE
['development'],,['DISCLOSURE_EVENT'],False,True,58ecae083b22e5fbc514d82a,uc_market_regime_condition_51729_00000,"CSRank(Mul(Sign($ctx_sent_lb_2_num),$intraday_ret_from_open))",c79816a0d7c73ea2c7984fc063f2d4a967760cb152c9ca5a197fa3aaf1e60d94,,['ctx_sent_lb_2_num'],-0.055798542267919506,"['ctx_sent_lb_2_num', 'intraday_ret_from_open']",True,,,800c664259dfced90e4c9805fb47ed494a9f848e978bca18d00a11512ea162f3,True,"CSRank(Mul(Sign($ctx_sent_lb_2_num),$intraday_ret_from_open))","['ctx_sent_lb_2_num', 'intraday_ret_from_open']",0,,cn_unified_registry_driven_generator_v1,False,True,ONE_MARKET_BLOCK_ONE_VOTE,uc_market_regime_condition_51729_00000_control,0.0003489370481421089,False,state observable at or before candidate action time,ConditionGate,"['root:CSRank', 'root.CSRank[0]:Mul', 'root.CSRank[0].Mul[0]:Sign']",uc_market_regime_condition_1759_00000,0,ephemeral_rx_ucb_adaptive,0.26740947075208915,-0.05523603085053683,"['cn.rep.ab1f327e4e513a9cb878a2d4be3fd61e', 'cn.rep.e96fb2c9f0d9da680687323d1fe0f6ae']",False,-0.055798542267919506,MARKET_REGIME_CONDITION,51729,,"['cn.sf.68dfb05b493b72281b3e51f16c2ea06e', 'cn.sf.55ec8d1cbad581839da568b8db129b18']",,,True,3694804,market-time block,718,False,,0.0001964921549289218,0.22500456695307236,ALLOW,"registry, PIT, unit, route, maturity, control and access contracts passed",,False,ONE_SUPPORT_UNIT_ONE_VOTE
['development'],,['DISCLOSURE_EVENT'],False,True,5a9c15970569d3526bec8175,uc_market_regime_condition_51729_00000_control,CSRank($intraday_ret_from_open),5d1b895103a0aa4934f19841507e7116543f5fa05dd45a2c1facd12109ad5978,,['ctx_sent_lb_2_num'],-0.056147479316061615,"['ctx_sent_lb_2_num', 'intraday_ret_from_open']",False,,,c22e622820a7f5903e8ff4e31a55808c269dc94deb1207664bbd53fed6c0bfad,True,CSRank($intraday_ret_from_open),"['ctx_sent_lb_2_num', 'intraday_ret_from_open']",0,,cn_unified_registry_driven_generator_v1,True,True,ONE_MARKET_BLOCK_ONE_VOTE,uc_market_regime_condition_51729_00000,,False,state observable at or before candidate action time,ConditionGate,['root:CSRank'],uc_market_regime_condition_1759_00000,0,matched_nonadaptive_control,0.2651098901098901,-0.0555804354240134,"['cn.rep.ab1f327e4e513a9cb878a2d4be3fd61e', 'cn.rep.e96fb2c9f0d9da680687323d1fe0f6ae']",False,-0.056147479316061615,MARKET_REGIME_CONDITION,51729,,"['cn.sf.68dfb05b493b72281b3e51f16c2ea06e', 'cn.sf.55ec8d1cbad581839da568b8db129b18']",,,True,3704870,market-time block,728,,,0.00019649812274114882,0.22681755681928614,ALLOW,"registry, PIT, unit, route, maturity, control and access contracts passed",,False,CONTROL_NO_SEPARATE_VOTE
['development'],,['DISCLOSURE_EVENT'],False,True,1698c9bb501e390940840573,uc_slow_cross_sectional_level_52738_00000,CSRank($ctx_billboard_accum_amount),7cb634925b92efca9e333962f7a42193de1f9527aa68dddf2005443883db1687,,[],-0.02025837984423818,['ctx_billboard_accum_amount'],False,,,a13b6b793f80b783b82b647cd13f12025fb443cbbe7c1c9d1e26cbd07a033c99,True,CSRank($ctx_billboard_accum_amount),['ctx_billboard_accum_amount'],0,,cn_unified_registry_driven_generator_v1,False,True,,uc_slow_cross_sectional_level_52738_00000_control,nan,False,latest PIT-observable version before session,CSRank,['root:CSRank'],uc_slow_cross_sectional_level_1741_00001,1,ephemeral_rx_ucb_adaptive,0.4380165289256198,-0.019769227493539217,['cn.rep.77d2c0bf683a453c1901048a17983a7c'],False,-0.02025837984423818,SLOW_CROSS_SECTIONAL_LEVEL,52738,,['cn.sf.6cc9527dc6817d39f96d71288edfddea'],,,True,22166,stock-session cross-section,363,False,,0.0028421907425787243,0.1956609402795851,ALLOW,"registry, PIT, unit, route, maturity, control and access contracts passed",,False,ONE_SUPPORT_UNIT_ONE_VOTE
['development'],,['DISCLOSURE_EVENT'],False,True,34bddbcf3c25ab43f24eae58,uc_slow_cross_sectional_level_52738_00000_control,CSRank(Sign($ctx_billboard_accum_amount)),9f81524098d6c795d445aa6920e904fabfc8b8f71b5b27b5025e54ecf58fc9ed,,[],nan,['ctx_billboard_accum_amount'],False,,,85f12c192450cffafaa7eae6082d2541fa064a759b8958269f29668a3f38474a,True,CSRank(Sign($ctx_billboard_accum_amount)),['ctx_billboard_accum_amount'],0,,cn_unified_registry_driven_generator_v1,True,True,,uc_slow_cross_sectional_level_52738_00000,,False,latest PIT-observable version before session,CSRank,"['root:CSRank', 'root.CSRank[0]:Sign']",uc_slow_cross_sectional_level_1741_00001,0,matched_nonadaptive_control,nan,nan,['cn.rep.77d2c0bf683a453c1901048a17983a7c'],False,nan,SLOW_CROSS_SECTIONAL_LEVEL,52738,,['cn.sf.6cc9527dc6817d39f96d71288edfddea'],,,True,22166,stock-session cross-section,0,,,0.0028421907425787243,0.0018428488941958274,ALLOW,"registry, PIT, unit, route, maturity, control and access contracts passed",,False,CONTROL_NO_SEPARATE_VOTE
['development'],,['DISCLOSURE_EVENT'],False,True,b2cc116a8c388ddc9b73a8d3,uc_market_regime_condition_53747_00000,"CSRank(Mul(Sign($ctx_sent_tiandi_num),$vwap))",29a8a3d97606d27e4983bf3ff590010f416ddf9155dd1295f0b1cb9a8e8d74fd,,['ctx_sent_tiandi_num'],-0.01540938991661912,"['ctx_sent_tiandi_num', 'vwap']",False,,,dd663f274392c117548c00549d2bf8fcb611f4e60ee23e570770e21c9540b43f,True,"CSRank(Mul(Sign($ctx_sent_tiandi_num),$vwap))","['ctx_sent_tiandi_num', 'vwap']",0,,cn_unified_registry_driven_generator_v1,False,True,ONE_MARKET_BLOCK_ONE_VOTE,uc_market_regime_condition_53747_00000_control,-0.014884351000833618,False,state observable at or before candidate action time,ConditionGate,"['root:CSRank', 'root.CSRank[0]:Mul', 'root.CSRank[0].Mul[0]:Sign']",uc_market_regime_condition_1759_00000,1,ephemeral_rx_ucb_adaptive,0.4222222222222222,-0.015344718604997075,"['cn.rep.5f3a54f359e6d12011fcd0c6fd12f50c', 'cn.rep.83d251a9f86f7e4fec75b8902aaa881b']",False,-0.01540938991661912,MARKET_REGIME_CONDITION,53747,,"['cn.sf.3b8d86c3ad84fdbf15c669af48c2662f', 'cn.sf.b4279506efdad23a752311a627c7060d']",,,True,3621048,market-time block,90,False,,0.00020049444249289157,0.025868524648818066,ALLOW,"registry, PIT, unit, route, maturity, control and access contracts passed",,False,ONE_SUPPORT_UNIT_ONE_VOTE
['development'],,['DISCLOSURE_EVENT'],False,True,a5b0016785926f9da8b46da5,uc_market_regime_condition_53747_00000_control,CSRank($vwap),0b74d55412c000f39f1fb4839eb3c961d0da1b5652f7c0b29752fb7aed960c74,,['ctx_sent_tiandi_num'],-0.0005250389157855021,"['ctx_sent_tiandi_num', 'vwap']",False,,,5cecda65cd337e5621ae925741d58c3f4a02139bd4a5817554be5396a548f9df,True,CSRank($vwap),"['ctx_sent_tiandi_num', 'vwap']",0,,cn_unified_registry_driven_generator_v1,True,True,ONE_MARKET_BLOCK_ONE_VOTE,uc_market_regime_condition_53747_00000,,False,state observable at or before candidate action time,ConditionGate,['root:CSRank'],uc_market_regime_condition_1759_00000,1,matched_nonadaptive_control,0.49313186813186816,-0.0005149329548616565,"['cn.rep.5f3a54f359e6d12011fcd0c6fd12f50c', 'cn.rep.83d251a9f86f7e4fec75b8902aaa881b']",False,-0.0005250389157855021,MARKET_REGIME_CONDITION,53747,,"['cn.sf.3b8d86c3ad84fdbf15c669af48c2662f', 'cn.sf.b4279506efdad23a752311a627c7060d']",,,True,3630967,market-time block,728,,,0.00020049755340657184,0.004042384369538249,ALLOW,"registry, PIT, unit, route, maturity, control and access contracts passed",,False,CONTROL_NO_SEPARATE_VOTE
['development'],,['DISCLOSURE_EVENT'],False,True,c8e6a308428b4d3c440e37a3,uc_slow_cross_sectional_level_54756_00000,CSRank($ctx_ths_hot_rank_diff),f4d68883351a9570e244df3fd65365eb30c31141c514fae67ce6175fa11c46a8,,[],0.16798777341287527,['ctx_ths_hot_rank_diff'],True,,,e5a8a5035905f3fb7664a5453497551ec780a5478afc39e6aa40f8228aa0e664,True,CSRank($ctx_ths_hot_rank_diff),['ctx_ths_hot_rank_diff'],0,,cn_unified_registry_driven_generator_v1,False,True,,uc_slow_cross_sectional_level_54756_00000_control,0.013903445251199992,False,latest PIT-observable version before session,CSRank,['root:CSRank'],uc_slow_cross_sectional_level_1741_00001,2,ephemeral_rx_ucb_adaptive,1.0,0.1687513641408883,['cn.rep.24815417109325cd97b8817c1ba4aa71'],False,0.16798777341287527,SLOW_CROSS_SECTIONAL_LEVEL,54756,,['cn.sf.da602ec3f760519431b4b84a5c4d187d'],,,True,3620,stock-session cross-section,3,True,,0.019337016574585635,0.3054362912052103,ALLOW,"registry, PIT, unit, route, maturity, control and access contracts passed",,False,ONE_SUPPORT_UNIT_ONE_VOTE
['development'],,['DISCLOSURE_EVENT'],False,True,0cd2da2d1955911ccea18469,uc_slow_cross_sectional_level_54756_00000_control,CSRank(Sign($ctx_ths_hot_rank_diff)),d7c82f1237e6227e70ef52d24048ce0093edc2beb81eb9cc48b815a865ae1579,,[],0.15408432816167528,['ctx_ths_hot_rank_diff'],False,,,c74c0ef0139cbe444b6ed5800ac0b658f18a997f07a0011adacc3572349075e5,True,CSRank(Sign($ctx_ths_hot_rank_diff)),['ctx_ths_hot_rank_diff'],0,,cn_unified_registry_driven_generator_v1,True,True,,uc_slow_cross_sectional_level_54756_00000,,False,latest PIT-observable version before session,CSRank,"['root:CSRank', 'root.CSRank[0]:Sign']",uc_slow_cross_sectional_level_1741_00001,2,matched_nonadaptive_control,0.6666666666666666,0.15476542263006032,['cn.rep.24815417109325cd97b8817c1ba4aa71'],False,0.15408432816167528,SLOW_CROSS_SECTIONAL_LEVEL,54756,,['cn.sf.da602ec3f760519431b4b84a5c4d187d'],,,True,3620,stock-session cross-section,3,,,0.019337016574585635,0.27243778735402113,ALLOW,"registry, PIT, unit, route, maturity, control and access contracts passed",,False,CONTROL_NO_SEPARATE_VOTE
['development'],,['DISCLOSURE_EVENT'],False,,99b91335958e6faf02855968,uc_market_regime_condition_55765_00000,"CSRank(Mul(Sign($ctx_sent_lb_h_num),$open))",54d0e5e739f0c18924a5631244bc29a1af3f08e2c6103858549b61110068accd,,['ctx_sent_lb_h_num'],-0.030486917092868743,"['ctx_sent_lb_h_num', 'open']",False,,,8b227e969dadc34a8928998b50ff2752b4973354f4fa771c9041103358d3245e,True,"CSRank(Mul(Sign($ctx_sent_lb_h_num),$open))","['ctx_sent_lb_h_num', 'open']",0,,cn_unified_registry_driven_generator_v1,False,True,ONE_MARKET_BLOCK_ONE_VOTE,uc_market_regime_condition_55765_00000_control,0.0,False,state observable at or before candidate action time,ConditionGate,"['root:CSRank', 'root.CSRank[0]:Mul', 'root.CSRank[0].Mul[0]:Sign']",uc_market_regime_condition_1759_00000,1,ephemeral_rx_ucb_adaptive,0.375,-0.03043086175130213,"['cn.rep.0079975f16b8d8486b477d44d92d02f5', 'cn.rep.362dc88da85c2046f132f83ef9d76bc8']",False,-0.030486917092868743,MARKET_REGIME_CONDITION,55765,,"['cn.sf.c87388e2593a51986835fa503cfec6b4', 'cn.sf.0fddf97283d443a785620454f62c6abd']",,,,4592,market-time block,8,,,0.0017421602787456446,0.02242213662664459,ALLOW,"registry, PIT, unit, route, maturity, control and access contracts passed",,False,ONE_SUPPORT_UNIT_ONE_VOTE
['development'],,['DISCLOSURE_EVENT'],False,,99b91335958e6faf02855968,uc_market_regime_condition_55765_00000_control,CSRank($open),58e87fee17af6a9443fb10746e81feb74b5cdb2419f0036292d5ec867c86d9b4,,['ctx_sent_lb_h_num'],-0.030486917092868743,"['ctx_sent_lb_h_num', 'open']",False,,,ac156e5d982aab999314b39f1a54c2632d5ce3bd45d83a62019a812ce7915a11,True,CSRank($open),"['ctx_sent_lb_h_num', 'open']",0,,cn_unified_registry_driven_generator_v1,True,True,ONE_MARKET_BLOCK_ONE_VOTE,uc_market_regime_condition_55765_00000,,False,state observable at or before candidate action time,ConditionGate,['root:CSRank'],uc_market_regime_condition_1759_00000,1,matched_nonadaptive_control,0.375,-0.03043086175130213,"['cn.rep.0079975f16b8d8486b477d44d92d02f5', 'cn.rep.362dc88da85c2046f132f83ef9d76bc8']",False,-0.030486917092868743,MARKET_REGIME_CONDITION,55765,,"['cn.sf.c87388e2593a51986835fa503cfec6b4', 'cn.sf.0fddf97283d443a785620454f62c6abd']",,,,4592,market-time block,8,,,0.0017421602787456446,0.02242213662664459,ALLOW,"registry, PIT, unit, route, maturity, control and access contracts passed",,False,CONTROL_NO_SEPARATE_VOTE
['development'],,['DISCLOSURE_EVENT'],False,,db065bfff00305a68f8546b6,uc_minute_static_56774_00000,"CSRank(Add(ZScore($volume),ZScore($open)))",4b209377ff3492db1f5e8a09c4114e45aceff3ad2279f5cd0634a058ed734f52,,[],-0.0346207070446585,"['volume', 'open']",False,,,6da179bcc1e9d5f5177dc9c8f848f6efe1b8c2fbee5d25442066e9074a8ad7ba,True,"CSRank(Add(ZScore($volume),ZScore($open)))","['open', 'volume']",0,,cn_unified_registry_driven_generator_v1,False,True,,uc_minute_static_56774_00000_control,-0.02074154423852178,False,bar_close,Arithmetic,"['root:CSRank', 'root.CSRank[0]:Add', 'root.CSRank[0].Add[0]:ZScore', 'root.CSRank[0].Add[1]:ZScore']",uc_minute_static_1729_00002,1,ephemeral_rx_ucb_adaptive,0.375,-0.034324404159280474,"['cn.rep.362dc88da85c2046f132f83ef9d76bc8', 'cn.rep.37586cc1d0f15ac15e1af9daacc3df48']",False,-0.0346207070446585,MINUTE_STATIC,56774,,"['cn.sf.0fddf97283d443a785620454f62c6abd', 'cn.sf.b3b8dd2f68bd26ca55a68c5e2e0561f4']",,,,4592,stock-minute cross-section,8,,,0.0017421602787456446,0.11852115415121003,ALLOW,"registry, PIT, unit, route, maturity, control and access contracts passed",,False,ONE_SUPPORT_UNIT_ONE_VOTE
['development'],,['DISCLOSURE_EVENT'],False,,2eac3427f3a340041802c178,uc_minute_static_56774_00000_control,CSRank($volume),f10c3a189090acdb47a7006926efa551091cf198c71686c6ca5ed8df1c0918c1,,[],-0.01387916280613672,"['volume', 'open']",False,,,d725e3d5971376866d36d723034d4feb4679eb9416aaac5ed028f39db863f6e0,True,CSRank($volume),"['open', 'volume']",0,,cn_unified_registry_driven_generator_v1,True,True,,uc_minute_static_56774_00000,,False,bar_close,Arithmetic,['root:CSRank'],uc_minute_static_1729_00002,2,matched_nonadaptive_control,0.375,-0.013349922778025936,"['cn.rep.362dc88da85c2046f132f83ef9d76bc8', 'cn.rep.37586cc1d0f15ac15e1af9daacc3df48']",False,-0.01387916280613672,MINUTE_STATIC,56774,,"['cn.sf.0fddf97283d443a785620454f62c6abd', 'cn.sf.b3b8dd2f68bd26ca55a68c5e2e0561f4']",,,,4592,stock-minute cross-section,8,,,0.0017421602787456446,0.2116960112443139,ALLOW,"registry, PIT, unit, route, maturity, control and access contracts passed",,False,CONTROL_NO_SEPARATE_VOTE
['development'],,['DISCLOSURE_EVENT'],False,,fc9800d63674f92c9199a8dd,uc_slow_cross_sectional_level_65702_00000,CSRank($ctx_billboard_deal_net_ratio),3cf6907cd7e2b6ce976d18f3165040bdb9edb08be93b3e417465f1186cfbf607,,[],nan,['ctx_billboard_deal_net_ratio'],False,,,b98be8da4620e3b3b56ae8d2c00b833fabf24f7be1e8bddc2c4ed159543df521,True,CSRank($ctx_billboard_deal_net_ratio),['ctx_billboard_deal_net_ratio'],0,,cn_unified_registry_driven_generator_v1,False,True,,uc_slow_cross_sectional_level_65702_00000_control,nan,False,latest PIT-observable version before session,CSRank,['root:CSRank'],uc_slow_cross_sectional_level_1741_00001,0,ephemeral_rx_ucb_adaptive,nan,nan,['cn.rep.25280e4287176b60f7a6c762b67f71fc'],False,nan,SLOW_CROSS_SECTIONAL_LEVEL,65702,,['cn.sf.356774b96f3e40690e94034816616d29'],,,,24,stock-session cross-section,0,,,0.041666666666666664,nan,ALLOW,"registry, PIT, unit, route, maturity, control and access contracts passed",,False,ONE_SUPPORT_UNIT_ONE_VOTE
['development'],,['DISCLOSURE_EVENT'],False,,7acecb679e20cf13b873bee9,uc_slow_cross_sectional_level_65702_00000_control,CSRank(Sign($ctx_billboard_deal_net_ratio)),44ce42c188d1b90c04a2807699714fc42b369906c1a633689c8c2d69396ebebb,,[],nan,['ctx_billboard_deal_net_ratio'],False,,,754d7d9e8d2c73caf4da0ad947bb6b44dc0edcdb36a54b938ffd83b45d1d6520,True,CSRank(Sign($ctx_billboard_deal_net_ratio)),['ctx_billboard_deal_net_ratio'],0,,cn_unified_registry_driven_generator_v1,True,True,,uc_slow_cross_sectional_level_65702_00000,,False,latest PIT-observable version before session,CSRank,"['root:CSRank', 'root.CSRank[0]:Sign']",uc_slow_cross_sectional_level_1741_00001,0,matched_nonadaptive_control,nan,nan,['cn.rep.25280e4287176b60f7a6c762b67f71fc'],False,nan,SLOW_CROSS_SECTIONAL_LEVEL,65702,,['cn.sf.356774b96f3e40690e94034816616d29'],,,,24,stock-session cross-section,0,,,0.041666666666666664,nan,ALLOW,"registry, PIT, unit, route, maturity, control and access contracts passed",,False,CONTROL_NO_SEPARATE_VOTE
['development'],,['DISCLOSURE_EVENT'],False,,2e62976a447677f7ba9a0310,uc_market_regime_condition_58792_00000,"CSRank(Mul(Sign($ctx_sent_max_lb_num),$pct_chg))",62fad831f2a7fa6bc340c8ae0173fcb96245f3310d0ad0ed2a9842454ddfefdb,,['ctx_sent_max_lb_num'],-0.18816136193855224,"['ctx_sent_max_lb_num', 'pct_chg']",False,,,401a39119612995a0c8ed68a3ac361440f148a57b9d3e7ed3f4a557ef4b173ef,True,"CSRank(Mul(Sign($ctx_sent_max_lb_num),$pct_chg))","['ctx_sent_max_lb_num', 'pct_chg']",0,,cn_unified_registry_driven_generator_v1,False,True,ONE_MARKET_BLOCK_ONE_VOTE,uc_market_regime_condition_58792_00000_control,0.0,False,state observable at or before candidate action time,ConditionGate,"['root:CSRank', 'root.CSRank[0]:Mul', 'root.CSRank[0].Mul[0]:Sign']",uc_market_regime_condition_1759_00000,0,ephemeral_rx_ucb_adaptive,0.0,-0.18735816670932615,"['cn.rep.358182aece98a942f2188490c01df6c4', 'cn.rep.ff25d250e767d497a03a512194193e34']",False,-0.18816136193855224,MARKET_REGIME_CONDITION,58792,,"['cn.sf.8e8f92c9721335845db786ef5eca72b8', 'cn.sf.e175250817b067c80c690ce8e2ea6e72']",,,,4592,market-time block,8,,,0.0017421602787456446,0.3212780916904369,ALLOW,"registry, PIT, unit, route, maturity, control and access contracts passed",,False,ONE_SUPPORT_UNIT_ONE_VOTE
['development'],,['DISCLOSURE_EVENT'],False,,2e62976a447677f7ba9a0310,uc_market_regime_condition_58792_00000_control,CSRank($pct_chg),12e0dfbb973f2a9ea96282c9d22c9ae7d66d25401bb19c5dcd9192c845551a10,,['ctx_sent_max_lb_num'],-0.18816136193855224,"['ctx_sent_max_lb_num', 'pct_chg']",False,,,3d9e1a1da892b407928b39ecf6cd5537e8afd392d293086be826248800d947fa,True,CSRank($pct_chg),"['ctx_sent_max_lb_num', 'pct_chg']",0,,cn_unified_registry_driven_generator_v1,True,True,ONE_MARKET_BLOCK_ONE_VOTE,uc_market_regime_condition_58792_00000,,False,state observable at or before candidate action time,ConditionGate,['root:CSRank'],uc_market_regime_condition_1759_00000,0,matched_nonadaptive_control,0.0,-0.18735816670932615,"['cn.rep.358182aece98a942f2188490c01df6c4', 'cn.rep.ff25d250e767d497a03a512194193e34']",False,-0.18816136193855224,MARKET_REGIME_CONDITION,58792,,"['cn.sf.8e8f92c9721335845db786ef5eca72b8', 'cn.sf.e175250817b067c80c690ce8e2ea6e72']",,,,4592,market-time block,8,,,0.0017421602787456446,0.3212780916904369,ALLOW,"registry, PIT, unit, route, maturity, control and access contracts passed",,False,CONTROL_NO_SEPARATE_VOTE
['development'],,['DISCLOSURE_EVENT'],False,,ecb1a9cf3ec447d370d1ae4f,uc_intraday_state_transition_67720_00000,"CSRank(Mul(Transition(Sign($intraday_ret_from_open),-1,1),Delta($close,5)))",850790cd06868e8938a89b3e0068cf16d412ff97cc324e5f345c98433f4ae69f,state_intraday_return_sign,[],-0.07758082782315355,"['state_intraday_return_sign', 'close', 'intraday_ret_from_open']",False,,,ed80bfb13642258001bde514effce459aae8569963391a129f7ce3efcdf1abb7,True,"CSRank(Mul(Transition(Sign($intraday_ret_from_open),-1,1),Delta($close,5)))","['close', 'intraday_ret_from_open', 'state_intraday_return_sign']",0,,cn_unified_registry_driven_generator_v1,False,True,,uc_intraday_state_transition_67720_00000_control,0.0,False,state transition observable from conservative bar evidence,Transition,"['root:CSRank', 'root.CSRank[0]:Mul', 'root.CSRank[0].Mul[0]:Transition', 'root.CSRank[0].Mul[0].Transition[0]:Sign', 'root.CSRank[0].Mul[1]:Delta']",uc_intraday_state_transition_1777_00000,1,ephemeral_rx_ucb_adaptive,0.2,-0.07665980265220633,"['cn.rep.f2107e4504bd106fcf3ccc678d1c96c8', 'cn.rep.e96fb2c9f0d9da680687323d1fe0f6ae', 'cn.rep.6a8433736b97fb018bf96165ffe34a83']",False,-0.07758082782315355,INTRADAY_STATE_TRANSITION,67720,,"['cn.sf.d40f8f20500150cfff77216ced9c2922', 'cn.sf.55ec8d1cbad581839da568b8db129b18', 'cn.sf.55ec8d1cbad581839da568b8db129b18']",Sign($intraday_ret_from_open),symbol-state episode,,1042,stock-state episode,5,,,0.003838771593090211,0.3684100683788901,ALLOW,"registry, PIT, unit, route, maturity, control and access contracts passed",,False,ONE_SUPPORT_UNIT_ONE_VOTE
['development'],,['DISCLOSURE_EVENT'],False,,ecb1a9cf3ec447d370d1ae4f,uc_intraday_state_transition_67720_00000_control,"CSRank(Delta($close,5))",62ccd09b3d618460d2e034da5569b740833df3686cf8298444a35cb66f7c0db7,state_intraday_return_sign,[],-0.07758082782315355,"['state_intraday_return_sign', 'close', 'intraday_ret_from_open']",False,,,2b3e5912985d549c852ef9ef6bf4cdf74a0d7ba2b0089fd09e0b96faf7889c6e,True,"CSRank(Delta($close,5))","['close', 'intraday_ret_from_open', 'state_intraday_return_sign']",0,,cn_unified_registry_driven_generator_v1,True,True,,uc_intraday_state_transition_67720_00000,,False,state transition observable from conservative bar evidence,Transition,"['root:CSRank', 'root.CSRank[0]:Delta']",uc_intraday_state_transition_1777_00000,1,matched_nonadaptive_control,0.2,-0.07665980265220633,"['cn.rep.f2107e4504bd106fcf3ccc678d1c96c8', 'cn.rep.e96fb2c9f0d9da680687323d1fe0f6ae', 'cn.rep.6a8433736b97fb018bf96165ffe34a83']",False,-0.07758082782315355,INTRADAY_STATE_TRANSITION,67720,,"['cn.sf.d40f8f20500150cfff77216ced9c2922', 'cn.sf.55ec8d1cbad581839da568b8db129b18', 'cn.sf.55ec8d1cbad581839da568b8db129b18']",Sign($intraday_ret_from_open),symbol-state episode,,1042,stock-state episode,5,,,0.003838771593090211,0.3684100683788901,ALLOW,"registry, PIT, unit, route, maturity, control and access contracts passed",,False,CONTROL_NO_SEPARATE_VOTE
['development'],,['DISCLOSURE_EVENT'],False,,b19d43ccc676376e802c9a15,uc_minute_static_60810_00000,"CSRank(Add(ZScore($amount),ZScore($ret_1m)))",01a68093577b11fa2548f406b8556620db7a2b910e5f06bf1f933b7bf15b5086,,[],-0.1727902029164698,"['amount', 'ret_1m']",False,,,3a8d4f9c42cb4fff18e65b4cd46be7e785d8747ee4dc185b04e7eea87b3c188e,True,"CSRank(Add(ZScore($amount),ZScore($ret_1m)))","['amount', 'ret_1m']",0,,cn_unified_registry_driven_generator_v1,False,True,,uc_minute_static_60810_00000_control,-0.14030446765235643,False,bar_close,Arithmetic,"['root:CSRank', 'root.CSRank[0]:Add', 'root.CSRank[0].Add[0]:ZScore', 'root.CSRank[0].Add[1]:ZScore']",uc_minute_static_1729_00002,0,ephemeral_rx_ucb_adaptive,0.0,-0.17202313376143102,"['cn.rep.e1a6c7e4ed4d3bdd8b53a3bda3fa28d9', 'cn.rep.92264a877f9fcf2b53483a2833631e12']",False,-0.1727902029164698,MINUTE_STATIC,60810,,"['cn.sf.621923f2d222470d1900a03583de5059', 'cn.sf.7ac67c3e2be8e149c3c02a4842c21173']",,,,4592,stock-minute cross-section,8,,,0.0017421602787456446,0.30682766201551304,ALLOW,"registry, PIT, unit, route, maturity, control and access contracts passed",,False,ONE_SUPPORT_UNIT_ONE_VOTE
['development'],,['DISCLOSURE_EVENT'],False,,02ea2f945a0f1ba426b1d0f6,uc_minute_static_60810_00000_control,CSRank($amount),8fb7203deeb9882fe623403213852d80c1e7653975416c92b396388beb8c3583,,[],-0.032485735264113365,"['amount', 'ret_1m']",False,,,3a16d2968be552a8e1d69a268bd80e7e775a86da1a067bf60cbd3805aa407244,True,CSRank($amount),"['amount', 'ret_1m']",0,,cn_unified_registry_driven_generator_v1,True,True,,uc_minute_static_60810_00000,,False,bar_close,Arithmetic,['root:CSRank'],uc_minute_static_1729_00002,1,matched_nonadaptive_control,0.375,-0.03191087268016392,"['cn.rep.e1a6c7e4ed4d3bdd8b53a3bda3fa28d9', 'cn.rep.92264a877f9fcf2b53483a2833631e12']",False,-0.032485735264113365,MINUTE_STATIC,60810,,"['cn.sf.621923f2d222470d1900a03583de5059', 'cn.sf.7ac67c3e2be8e149c3c02a4842c21173']",,,,4592,stock-minute cross-section,8,,,0.0017421602787456446,0.2299450335797796,ALLOW,"registry, PIT, unit, route, maturity, control and access contracts passed",,False,CONTROL_NO_SEPARATE_VOTE
['development'],,['DISCLOSURE_EVENT'],False,True,844f014619950eb6f79ea222,uc_slow_cross_sectional_level_61819_00000,CSRank($fund_disclosure_balance_age_sessions),6a14bddb19634c4f3bd181c85de776491e4170ebf7d9f947d7506e0d36bf93c5,,[],0.004679938727392009,['fund_disclosure_balance_age_sessions'],True,,,4ade7568ea3d3794bd13b7964eec72c8c82b47a2543c52bc5b2e9eab707bbc90,True,CSRank($fund_disclosure_balance_age_sessions),['fund_disclosure_balance_age_sessions'],0,,cn_unified_registry_driven_generator_v1,False,True,,uc_slow_cross_sectional_level_61819_00000_control,0.08607471454629187,False,latest PIT-observable version before session,CSRank,['root:CSRank'],uc_slow_cross_sectional_level_1741_00001,2,ephemeral_rx_ucb_adaptive,0.5,0.005182578230301377,['cn.rep.5fff985e03191d8ddf2262a25608c7e5'],False,0.004679938727392009,SLOW_CROSS_SECTIONAL_LEVEL,61819,,['cn.sf.60d83a7afdd194b37a2c575c23983508'],,,,2288,stock-session cross-section,4,,,0.0017482517482517483,0.20105580116374694,ALLOW,"registry, PIT, unit, route, maturity, control and access contracts passed",,False,ONE_SUPPORT_UNIT_ONE_VOTE
['development'],,['DISCLOSURE_EVENT'],False,True,6550ef22dddab192a8361740,uc_slow_cross_sectional_level_61819_00000_control,CSRank(Sign($fund_disclosure_balance_age_sessions)),5bad97b9fe39a61d7e2500bfddd371422cca95e56044411e4ae04d95aff0cb37,,[],-0.08139477581889987,['fund_disclosure_balance_age_sessions'],False,,,6e6e03e9710019842c68346d186f298aa31fb54ef75c20864eba049c5147a6be,True,CSRank(Sign($fund_disclosure_balance_age_sessions)),['fund_disclosure_balance_age_sessions'],0,,cn_unified_registry_driven_generator_v1,True,True,,uc_slow_cross_sectional_level_61819_00000,,False,latest PIT-observable version before session,CSRank,"['root:CSRank', 'root.CSRank[0]:Sign']",uc_slow_cross_sectional_level_1741_00001,0,matched_nonadaptive_control,0.0,-0.08119007416657321,['cn.rep.5fff985e03191d8ddf2262a25608c7e5'],False,-0.08139477581889987,SLOW_CROSS_SECTIONAL_LEVEL,61819,,['cn.sf.60d83a7afdd194b37a2c575c23983508'],,,,2288,stock-session cross-section,1,,,0.0017482517482517483,0.08188066093066346,ALLOW,"registry, PIT, unit, route, maturity, control and access contracts passed",,False,CONTROL_NO_SEPARATE_VOTE
['development'],,['DISCLOSURE_EVENT'],False,,59f0fe64e86cdbe616c36466,uc_market_regime_condition_62828_00000,"CSRank(Mul(Sign($ctx_sent_downlimit_num),$vwap))",b0a5b0c56900ada3fd6a8bc68a03b73bb073fdfbb1668dde7a8109ebd666ce00,,['ctx_sent_downlimit_num'],-0.03352224070248801,"['ctx_sent_downlimit_num', 'vwap']",False,,,a349f620b5bf2a2152c11dc83a45737476faa5a7cfe16df647a81e6bdc3bc617,True,"CSRank(Mul(Sign($ctx_sent_downlimit_num),$vwap))","['ctx_sent_downlimit_num', 'vwap']",0,,cn_unified_registry_driven_generator_v1,False,True,ONE_MARKET_BLOCK_ONE_VOTE,uc_market_regime_condition_62828_00000_control,0.0,False,state observable at or before candidate action time,ConditionGate,"['root:CSRank', 'root.CSRank[0]:Mul', 'root.CSRank[0].Mul[0]:Sign']",uc_market_regime_condition_1759_00000,1,ephemeral_rx_ucb_adaptive,0.375,-0.033465506795146385,"['cn.rep.a69cbb2da9c7b48c93e003039a994157', 'cn.rep.83d251a9f86f7e4fec75b8902aaa881b']",False,-0.03352224070248801,MARKET_REGIME_CONDITION,62828,,"['cn.sf.a8406cb748aac8ef4829267d277f193d', 'cn.sf.b4279506efdad23a752311a627c7060d']",,,,4547,market-time block,8,,,0.0017594018033868484,0.022693562936647527,ALLOW,"registry, PIT, unit, route, maturity, control and access contracts passed",,False,ONE_SUPPORT_UNIT_ONE_VOTE
['development'],,['DISCLOSURE_EVENT'],False,,59f0fe64e86cdbe616c36466,uc_market_regime_condition_62828_00000_control,CSRank($vwap),cef06ca568ae8daa6b200c83db527bfa7d0031e9fdbd469296e1097513ababab,,['ctx_sent_downlimit_num'],-0.03352224070248801,"['ctx_sent_downlimit_num', 'vwap']",False,,,13531423e847e6c13301a61171849e41e85887321fe03ab55e8a5a0943a96286,True,CSRank($vwap),"['ctx_sent_downlimit_num', 'vwap']",0,,cn_unified_registry_driven_generator_v1,True,True,ONE_MARKET_BLOCK_ONE_VOTE,uc_market_regime_condition_62828_00000,,False,state observable at or before candidate action time,ConditionGate,['root:CSRank'],uc_market_regime_condition_1759_00000,1,matched_nonadaptive_control,0.375,-0.033465506795146385,"['cn.rep.a69cbb2da9c7b48c93e003039a994157', 'cn.rep.83d251a9f86f7e4fec75b8902aaa881b']",False,-0.03352224070248801,MARKET_REGIME_CONDITION,62828,,"['cn.sf.a8406cb748aac8ef4829267d277f193d', 'cn.sf.b4279506efdad23a752311a627c7060d']",,,,4547,market-time block,8,,,0.0017594018033868484,0.022693562936647527,ALLOW,"registry, PIT, unit, route, maturity, control and access contracts passed",,False,CONTROL_NO_SEPARATE_VOTE
['development'],,['DISCLOSURE_EVENT'],False,,78e367d41536fad83e3ef3c3,uc_intraday_state_transition_63837_00000,"CSRank(Mul(Transition(Sign(Sub(Mul($close,2),Add($high,$low))),-1,1),Delta($amount_yuan,5)))",4b72e254a1158caaa05033574bd9ecdfe24055d711b3f19bce8d7c7f42edf803,state_close_range_location_sign,[],-0.0032824280593551514,"['state_close_range_location_sign', 'amount_yuan', 'close', 'high', 'low']",False,,,4d385b8c083d36ad68dee86552ba9f5f7c62ac7be485372b0fcf6c92ae1ee8e1,True,"CSRank(Mul(Transition(Sign(Sub(Mul($close,2),Add($high,$low))),-1,1),Delta($amount_yuan,5)))","['amount_yuan', 'close', 'high', 'low', 'state_close_range_location_sign']",0,,cn_unified_registry_driven_generator_v1,False,True,,uc_intraday_state_transition_63837_00000_control,0.0,False,state transition observable from conservative bar evidence,Transition,"['root:CSRank', 'root.CSRank[0]:Mul', 'root.CSRank[0].Mul[0]:Transition', 'root.CSRank[0].Mul[0].Transition[0]:Sign', 'root.CSRank[0].Mul[0].Transition[0].Sign[0]:Sub', 'root.CSRank[0].Mul[0].Transition[0].Sign[0].Sub[0]:Mul', 'root.CSRank[0].Mul[0].Transition[0].Sign[0].Sub[1]:Add', 'root.CSRank[0].Mul[1]:Delta']",uc_intraday_state_transition_1777_00000,2,ephemeral_rx_ucb_adaptive,0.5416666666666666,-0.0024524147118763586,"['cn.rep.2b9fb566603b549f272e5b36364ea811', 'cn.rep.f2107e4504bd106fcf3ccc678d1c96c8', 'cn.rep.a163d3befca931633a6185b7eaf5c35b', 'cn.rep.a24282e2c82e94c62dab47348534b71d', 'cn.rep.66223a3dbde32dbcb8a1a489c9ae1bb0']",False,-0.0032824280593551514,INTRADAY_STATE_TRANSITION,63837,,"['cn.sf.dceb5c19b0a46f64c4a2954cf5620c18', 'cn.sf.d40f8f20500150cfff77216ced9c2922', 'cn.sf.e63e0162f9ee5a1cc0f4d7b09b578a5b', 'cn.sf.155ca942c67e3b7985fdca8bf70262e2', 'cn.sf.d40f8f20500150cfff77216ced9c2922']","Sign(Sub(Mul($close,2),Add($high,$low)))",symbol-state episode,,2283,stock-state episode,24,,,0.0017520805957074025,0.332005338991517,ALLOW,"registry, PIT, unit, route, maturity, control and access contracts passed",,False,ONE_SUPPORT_UNIT_ONE_VOTE
['development'],,['DISCLOSURE_EVENT'],False,,78e367d41536fad83e3ef3c3,uc_intraday_state_transition_63837_00000_control,"CSRank(Delta($amount_yuan,5))",6e7e4c5d28e0d9064e90ca2544a99347800758e94d45b3b3dba71b590533c0ce,state_close_range_location_sign,[],-0.0032824280593551514,"['state_close_range_location_sign', 'amount_yuan', 'close', 'high', 'low']",False,,,36fc205692db022ab4e68e4e9174ab985287e4e1cb63fc1c027502dc50ab561d,True,"CSRank(Delta($amount_yuan,5))","['amount_yuan', 'close', 'high', 'low', 'state_close_range_location_sign']",0,,cn_unified_registry_driven_generator_v1,True,True,,uc_intraday_state_transition_63837_00000,,False,state transition observable from conservative bar evidence,Transition,"['root:CSRank', 'root.CSRank[0]:Delta']",uc_intraday_state_transition_1777_00000,2,matched_nonadaptive_control,0.5416666666666666,-0.0024524147118763586,"['cn.rep.2b9fb566603b549f272e5b36364ea811', 'cn.rep.f2107e4504bd106fcf3ccc678d1c96c8', 'cn.rep.a163d3befca931633a6185b7eaf5c35b', 'cn.rep.a24282e2c82e94c62dab47348534b71d', 'cn.rep.66223a3dbde32dbcb8a1a489c9ae1bb0']",False,-0.0032824280593551514,INTRADAY_STATE_TRANSITION,63837,,"['cn.sf.dceb5c19b0a46f64c4a2954cf5620c18', 'cn.sf.d40f8f20500150cfff77216ced9c2922', 'cn.sf.e63e0162f9ee5a1cc0f4d7b09b578a5b', 'cn.sf.155ca942c67e3b7985fdca8bf70262e2', 'cn.sf.d40f8f20500150cfff77216ced9c2922']","Sign(Sub(Mul($close,2),Add($high,$low)))",symbol-state episode,,2283,stock-state episode,24,,,0.0017520805957074025,0.332005338991517,ALLOW,"registry, PIT, unit, route, maturity, control and access contracts passed",,False,CONTROL_NO_SEPARATE_VOTE
['development'],,['DISCLOSURE_EVENT'],False,,e0c53fbe9786b0dbe4f5c336,uc_minute_static_64846_00000,"CSRank(Add(ZScore($volume),ZScore($vwap)))",863bd0356354b3c3205a5f8c5f342e3a49aa539b152ccf0182d0b0b6cde259e4,,[],-0.03885713374856075,"['volume', 'vwap']",False,,,2bd79315858b0ffff49b2bfc410eee80b8d65ae73b64f3e06ef99a272f199fea,True,"CSRank(Add(ZScore($volume),ZScore($vwap)))","['volume', 'vwap']",0,,cn_unified_registry_driven_generator_v1,False,True,,uc_minute_static_64846_00000_control,-0.02497797094242403,False,bar_close,Arithmetic,"['root:CSRank', 'root.CSRank[0]:Add', 'root.CSRank[0].Add[0]:ZScore', 'root.CSRank[0].Add[1]:ZScore']",uc_minute_static_1729_00002,1,ephemeral_rx_ucb_adaptive,0.375,-0.038557244457899334,"['cn.rep.37586cc1d0f15ac15e1af9daacc3df48', 'cn.rep.83d251a9f86f7e4fec75b8902aaa881b']",False,-0.03885713374856075,MINUTE_STATIC,64846,,"['cn.sf.b3b8dd2f68bd26ca55a68c5e2e0561f4', 'cn.sf.b4279506efdad23a752311a627c7060d']",,,,4547,stock-minute cross-section,8,,,0.0017594018033868484,0.11995571626456512,ALLOW,"registry, PIT, unit, route, maturity, control and access contracts passed",,False,ONE_SUPPORT_UNIT_ONE_VOTE
['development'],,['DISCLOSURE_EVENT'],False,,2eac3427f3a340041802c178,uc_minute_static_64846_00000_control,CSRank($volume),8307f91294f05b96cae6c1d68d297f446e700adaefa4962631ceb7cd0bc918a4,,[],-0.01387916280613672,"['volume', 'vwap']",False,,,bc3ad0c962f36d0b94388f08e848f22571ae467f052417e4203eb47abbde1dce,True,CSRank($volume),"['volume', 'vwap']",0,,cn_unified_registry_driven_generator_v1,True,True,,uc_minute_static_64846_00000,,False,bar_close,Arithmetic,['root:CSRank'],uc_minute_static_1729_00002,2,matched_nonadaptive_control,0.375,-0.013349922778025936,"['cn.rep.37586cc1d0f15ac15e1af9daacc3df48', 'cn.rep.83d251a9f86f7e4fec75b8902aaa881b']",False,-0.01387916280613672,MINUTE_STATIC,64846,,"['cn.sf.b3b8dd2f68bd26ca55a68c5e2e0561f4', 'cn.sf.b4279506efdad23a752311a627c7060d']",,,,4592,stock-minute cross-section,8,,,0.0017421602787456446,0.2116960112443139,ALLOW,"registry, PIT, unit, route, maturity, control and access contracts passed",,False,CONTROL_NO_SEPARATE_VOTE
['development'],,['DISCLOSURE_EVENT'],False,True,1c0b091f8447b44750281c81,uc_firstn_path_65855_00000,"CSRank(Add($m1_first30_low,Sign(Delta($open,5))))",207f6761118e4d14247239b3d0ee04c1e1987627b97a08fec22524a4f01c3c87,,[],-0.008315265107701588,"['m1_first30_low', 'open']",False,,,64d2de117491fc299fa8d453147f8c53d0a0946038daf1db19443a1ccdf909c3,True,"CSRank(Add($m1_first30_low,Sign(Delta($open,5))))","['m1_first30_low', 'open']",0,,cn_unified_registry_driven_generator_v1,False,True,,uc_firstn_path_65855_00000_control,-0.00407264889586738,False,firstN end timestamp,SignedPath,"['root:CSRank', 'root.CSRank[0]:Add', 'root.CSRank[0].Add[1]:Sign', 'root.CSRank[0].Add[1].Sign[0]:Delta']",uc_firstn_path_1733_00006,1,ephemeral_rx_ucb_adaptive,0.5,-0.008174396909668188,"['cn.rep.401739cfb148419e8911727a127eec19', 'cn.rep.362dc88da85c2046f132f83ef9d76bc8']",False,-0.008315265107701588,FIRSTN_PATH,65855,,"['cn.sf.5c4146eff78a79f09b45b1f6f3362ca0', 'cn.sf.0fddf97283d443a785620454f62c6abd']",,,,2296,stock-session after firstN maturity,4,,,0.0017421602787456446,0.05634727921335945,ALLOW,"registry, PIT, unit, route, maturity, control and access contracts passed",,False,ONE_SUPPORT_UNIT_ONE_VOTE
['development'],,['DISCLOSURE_EVENT'],False,True,15d5f2f398a21326427cc8f9,uc_firstn_path_65855_00000_control,CSRank($m1_first30_low),7858ef317c0cc325798abe7d419102bcdcf21af11aa59b74294e7e7ac370e597,,[],-0.0042426162118342076,"['m1_first30_low', 'open']",False,,,5a51bb1883fac8f4371e157eae7d9dfc9ffe401d58acb5949730dfa325b51ef7,True,CSRank($m1_first30_low),"['m1_first30_low', 'open']",0,,cn_unified_registry_driven_generator_v1,True,True,,uc_firstn_path_65855_00000,,False,firstN end timestamp,SignedPath,['root:CSRank'],uc_firstn_path_1733_00006,1,matched_nonadaptive_control,0.5,-0.004122441829307191,"['cn.rep.401739cfb148419e8911727a127eec19', 'cn.rep.362dc88da85c2046f132f83ef9d76bc8']",False,-0.0042426162118342076,FIRSTN_PATH,65855,,"['cn.sf.5c4146eff78a79f09b45b1f6f3362ca0', 'cn.sf.0fddf97283d443a785620454f62c6abd']",,,,2296,stock-session after firstN maturity,4,,,0.0017421602787456446,0.048069753010806765,ALLOW,"registry, PIT, unit, route, maturity, control and access contracts passed",,False,CONTROL_NO_SEPARATE_VOTE
['development'],,['DISCLOSURE_EVENT'],False,True,6db6c4d6914f6212d88c0785,uc_slow_cross_sectional_level_66864_00000,CSRank($fund_disclosure_profit_age_sessions),4dfbb7b18878d2802ecd799e1014a84dba0d44516d8946be83d46d6fe00ed6ac,,[],-0.005725850559604813,['fund_disclosure_profit_age_sessions'],True,,,13ea862526d8007d21ba974b4b200543f023b9ea76fb47ce3fcef8e8719398a4,True,CSRank($fund_disclosure_profit_age_sessions),['fund_disclosure_profit_age_sessions'],0,,cn_unified_registry_driven_generator_v1,False,True,,uc_slow_cross_sectional_level_66864_00000_control,0.10988580804215327,False,latest PIT-observable version before session,CSRank,['root:CSRank'],uc_slow_cross_sectional_level_1741_00001,2,ephemeral_rx_ucb_adaptive,0.5,-0.0052341363373049395,['cn.rep.0c3a3397106414a9fe3feb2300b02a3c'],False,-0.005725850559604813,SLOW_CROSS_SECTIONAL_LEVEL,66864,,['cn.sf.e38de6f9f8762c5948fa9062142f26f5'],,,,2288,stock-session cross-section,4,,,0.0017482517482517483,0.19668568891994956,ALLOW,"registry, PIT, unit, route, maturity, control and access contracts passed",,False,ONE_SUPPORT_UNIT_ONE_VOTE
['development'],,['DISCLOSURE_EVENT'],False,True,1ba6461709e44af460bb7ff7,uc_slow_cross_sectional_level_66864_00000_control,CSRank(Sign($fund_disclosure_profit_age_sessions)),58a9065cf36fd58de2b3b489ed1a784672882d808bcfcc819e9b40f24bf11f8a,,[],-0.11561165860175808,['fund_disclosure_profit_age_sessions'],False,,,da0042b79af6273ebf58fd4bda9f6121d04ad70055f44f44713609a9cdb3a92a,True,CSRank(Sign($fund_disclosure_profit_age_sessions)),['fund_disclosure_profit_age_sessions'],0,,cn_unified_registry_driven_generator_v1,True,True,,uc_slow_cross_sectional_level_66864_00000,,False,latest PIT-observable version before session,CSRank,"['root:CSRank', 'root.CSRank[0]:Sign']",uc_slow_cross_sectional_level_1741_00001,0,matched_nonadaptive_control,0.0,-0.11540344654851557,['cn.rep.0c3a3397106414a9fe3feb2300b02a3c'],False,-0.11561165860175808,SLOW_CROSS_SECTIONAL_LEVEL,66864,,['cn.sf.e38de6f9f8762c5948fa9062142f26f5'],,,,2288,stock-session cross-section,1,,,0.0017482517482517483,0.08328482129700057,ALLOW,"registry, PIT, unit, route, maturity, control and access contracts passed",,False,CONTROL_NO_SEPARATE_VOTE
['development'],,['DISCLOSURE_EVENT'],False,,,uc_market_regime_condition_75792_00000,"CSRank(Mul(Sign($ctx_zls_df_num),$ret_1m))",b703121b3353194bff73f70557e3c26f3bd3acd3ec123039a5b893e3f7b44c3f,,['ctx_zls_df_num'],nan,"['ctx_zls_df_num', 'ret_1m']",False,,,25d1197ffc7af64607387186481031b6bcf1087b3c72a607af3e4f2d9fcb0af6,True,"CSRank(Mul(Sign($ctx_zls_df_num),$ret_1m))","['ctx_zls_df_num', 'ret_1m']",0,,cn_unified_registry_driven_generator_v1,False,True,ONE_MARKET_BLOCK_ONE_VOTE,uc_market_regime_condition_75792_00000_control,nan,False,state observable at or before candidate action time,ConditionGate,"['root:CSRank', 'root.CSRank[0]:Mul', 'root.CSRank[0].Mul[0]:Sign']",uc_market_regime_condition_1759_00000,0,ephemeral_rx_ucb_adaptive,nan,nan,"['cn.rep.530cebb9bb594cdfc258f9ca9691a013', 'cn.rep.92264a877f9fcf2b53483a2833631e12']",False,nan,MARKET_REGIME_CONDITION,75792,,"['cn.sf.78a2115ee1fc8f097ef4ad089e83c268', 'cn.sf.7ac67c3e2be8e149c3c02a4842c21173']",,,,0,market-time block,0,,,1.0,nan,ALLOW,"registry, PIT, unit, route, maturity, control and access contracts passed",,False,ONE_SUPPORT_UNIT_ONE_VOTE
['development'],,['DISCLOSURE_EVENT'],False,,9af28d8697fdda8e236f4d3e,uc_market_regime_condition_75792_00000_control,CSRank($ret_1m),8ed4bbca47bdb4cb58e0b378dce4a14f28ab0d212c6efd297b3a21e2fe5a114e,,['ctx_zls_df_num'],-0.1882166535318912,"['ctx_zls_df_num', 'ret_1m']",False,,,e33a43cb5ba39d442a540f59a3929b826f23798c4972114ac4368ad30dffebf3,True,CSRank($ret_1m),"['ctx_zls_df_num', 'ret_1m']",0,,cn_unified_registry_driven_generator_v1,True,True,ONE_MARKET_BLOCK_ONE_VOTE,uc_market_regime_condition_75792_00000,,False,state observable at or before candidate action time,ConditionGate,['root:CSRank'],uc_market_regime_condition_1759_00000,0,matched_nonadaptive_control,0.0,-0.18741335464337233,"['cn.rep.530cebb9bb594cdfc258f9ca9691a013', 'cn.rep.92264a877f9fcf2b53483a2833631e12']",False,-0.1882166535318912,MARKET_REGIME_CONDITION,75792,,"['cn.sf.78a2115ee1fc8f097ef4ad089e83c268', 'cn.sf.7ac67c3e2be8e149c3c02a4842c21173']",,,,4592,market-time block,8,,,0.0017421602787456446,0.3213195554075551,ALLOW,"registry, PIT, unit, route, maturity, control and access contracts passed",,False,CONTROL_NO_SEPARATE_VOTE
['development'],,['DISCLOSURE_EVENT'],False,,111bb8f61d20aa9144058eee,uc_intraday_state_transition_68882_00000,"CSRank(Mul(Transition(Sign($intraday_ret_from_open),-1,1),Delta($high,5)))",d4d91ed100d1a3fc412be35d23b6f5baafdd2aa6c228bb8e1467d6928d22cf43,state_intraday_return_sign,[],-0.11010593135605501,"['state_intraday_return_sign', 'high', 'intraday_ret_from_open']",False,,,03b3d442094bb8f502b68f280182f4df92421e22b21d8eab923a87a78d5fa5ec,True,"CSRank(Mul(Transition(Sign($intraday_ret_from_open),-1,1),Delta($high,5)))","['high', 'intraday_ret_from_open', 'state_intraday_return_sign']",0,,cn_unified_registry_driven_generator_v1,False,True,,uc_intraday_state_transition_68882_00000_control,0.0,False,state transition observable from conservative bar evidence,Transition,"['root:CSRank', 'root.CSRank[0]:Mul', 'root.CSRank[0].Mul[0]:Transition', 'root.CSRank[0].Mul[0].Transition[0]:Sign', 'root.CSRank[0].Mul[1]:Delta']",uc_intraday_state_transition_1777_00000,1,ephemeral_rx_ucb_adaptive,0.16666666666666666,-0.10917071424871046,"['cn.rep.a163d3befca931633a6185b7eaf5c35b', 'cn.rep.e96fb2c9f0d9da680687323d1fe0f6ae', 'cn.rep.6a8433736b97fb018bf96165ffe34a83']",False,-0.11010593135605501,INTRADAY_STATE_TRANSITION,68882,,"['cn.sf.e63e0162f9ee5a1cc0f4d7b09b578a5b', 'cn.sf.55ec8d1cbad581839da568b8db129b18', 'cn.sf.55ec8d1cbad581839da568b8db129b18']",Sign($intraday_ret_from_open),symbol-state episode,,1035,stock-state episode,6,,,0.003864734299516908,0.374086842937823,ALLOW,"registry, PIT, unit, route, maturity, control and access contracts passed",,False,ONE_SUPPORT_UNIT_ONE_VOTE
['development'],,['DISCLOSURE_EVENT'],False,,111bb8f61d20aa9144058eee,uc_intraday_state_transition_68882_00000_control,"CSRank(Delta($high,5))",acfbddc32056c8676bc8867dc472b222e5fc1258958a50a8fdab3b1435a277ba,state_intraday_return_sign,[],-0.11010593135605501,"['state_intraday_return_sign', 'high', 'intraday_ret_from_open']",False,,,a639e9a64dfae9498cd3865bda9907d03500617a6dead9f0fd2fb60bae373b69,True,"CSRank(Delta($high,5))","['high', 'intraday_ret_from_open', 'state_intraday_return_sign']",0,,cn_unified_registry_driven_generator_v1,True,True,,uc_intraday_state_transition_68882_00000,,False,state transition observable from conservative bar evidence,Transition,"['root:CSRank', 'root.CSRank[0]:Delta']",uc_intraday_state_transition_1777_00000,1,matched_nonadaptive_control,0.16666666666666666,-0.10917071424871046,"['cn.rep.a163d3befca931633a6185b7eaf5c35b', 'cn.rep.e96fb2c9f0d9da680687323d1fe0f6ae', 'cn.rep.6a8433736b97fb018bf96165ffe34a83']",False,-0.11010593135605501,INTRADAY_STATE_TRANSITION,68882,,"['cn.sf.e63e0162f9ee5a1cc0f4d7b09b578a5b', 'cn.sf.55ec8d1cbad581839da568b8db129b18', 'cn.sf.55ec8d1cbad581839da568b8db129b18']",Sign($intraday_ret_from_open),symbol-state episode,,1035,stock-state episode,6,,,0.003864734299516908,0.374086842937823,ALLOW,"registry, PIT, unit, route, maturity, control and access contracts passed",,False,CONTROL_NO_SEPARATE_VOTE
['development'],,['DISCLOSURE_EVENT'],False,,c441fae4f765e4a8e056fb3f,uc_minute_static_69891_00000,"CSRank(Add(ZScore($vwap),ZScore($pct_chg)))",9402abe2a04bd1024c092f31d8e7ef860485710f3b72beb0ef66e1591cecd755,,[],-0.16633185906826506,"['vwap', 'pct_chg']",False,,,92988d2f900b5322e6b1254300786dd653b1c38516c55d6d4ee414b358915603,True,"CSRank(Add(ZScore($vwap),ZScore($pct_chg)))","['pct_chg', 'vwap']",0,,cn_unified_registry_driven_generator_v1,False,True,,uc_minute_static_69891_00000_control,-0.13280961836577704,False,bar_close,Arithmetic,"['root:CSRank', 'root.CSRank[0]:Add', 'root.CSRank[0].Add[0]:ZScore', 'root.CSRank[0].Add[1]:ZScore']",uc_minute_static_1729_00002,0,ephemeral_rx_ucb_adaptive,0.0,-0.16575822592045267,"['cn.rep.ff25d250e767d497a03a512194193e34', 'cn.rep.83d251a9f86f7e4fec75b8902aaa881b']",False,-0.16633185906826506,MINUTE_STATIC,69891,,"['cn.sf.e175250817b067c80c690ce8e2ea6e72', 'cn.sf.b4279506efdad23a752311a627c7060d']",,,,4547,stock-minute cross-section,8,,,0.0017594018033868484,0.22945325912495898,ALLOW,"registry, PIT, unit, route, maturity, control and access contracts passed",,False,ONE_SUPPORT_UNIT_ONE_VOTE
['development'],,['DISCLOSURE_EVENT'],False,,59f0fe64e86cdbe616c36466,uc_minute_static_69891_00000_control,CSRank($vwap),61effa6715e2f1d26e5acf49a1c581505c3ab90f93f42615d27e4f6185de29c2,,[],-0.03352224070248801,"['vwap', 'pct_chg']",False,,,a2a59b17d87de1f44de9a3a97dc55c4a9323e8e71fe6ba7d7efc476ee462588c,True,CSRank($vwap),"['pct_chg', 'vwap']",0,,cn_unified_registry_driven_generator_v1,True,True,,uc_minute_static_69891_00000,,False,bar_close,Arithmetic,['root:CSRank'],uc_minute_static_1729_00002,1,matched_nonadaptive_control,0.375,-0.033465506795146385,"['cn.rep.ff25d250e767d497a03a512194193e34', 'cn.rep.83d251a9f86f7e4fec75b8902aaa881b']",False,-0.03352224070248801,MINUTE_STATIC,69891,,"['cn.sf.e175250817b067c80c690ce8e2ea6e72', 'cn.sf.b4279506efdad23a752311a627c7060d']",,,,4547,stock-minute cross-section,8,,,0.0017594018033868484,0.022693562936647527,ALLOW,"registry, PIT, unit, route, maturity, control and access contracts passed",,False,CONTROL_NO_SEPARATE_VOTE
['development'],,['DISCLOSURE_EVENT'],False,,7a756053b1d44ddb57bca216,uc_firstn_path_70900_00000,"CSRank(Add($m1_first15_last_close,Sign(Delta($close,5))))",0266b8b599b1c28db6b0bd8c804c8422ec34ebf44808256f4a3ef2df7b3e7984,,[],-0.013960859511370376,"['m1_first15_last_close', 'close']",False,,,3189e5e6d2d1bb5e35681e3b381ce365c3b594196d4b9894aa86e4a4844bcd22,True,"CSRank(Add($m1_first15_last_close,Sign(Delta($close,5))))","['close', 'm1_first15_last_close']",0,,cn_unified_registry_driven_generator_v1,False,True,,uc_firstn_path_70900_00000_control,-0.009898575881154524,False,firstN end timestamp,SignedPath,"['root:CSRank', 'root.CSRank[0]:Add', 'root.CSRank[0].Add[1]:Sign', 'root.CSRank[0].Add[1].Sign[0]:Delta']",uc_firstn_path_1733_00006,1,ephemeral_rx_ucb_adaptive,0.5,-0.013815952446752863,"['cn.rep.f2107e4504bd106fcf3ccc678d1c96c8', 'cn.rep.c50f9ad7a7bc9bf834271c6e1660fe0b']",False,-0.013960859511370376,FIRSTN_PATH,70900,,"['cn.sf.d40f8f20500150cfff77216ced9c2922', 'cn.sf.64bdabb8d16889ca3a2f48844da3ba77']",,,,2296,stock-session after firstN maturity,4,,,0.0017421602787456446,0.05796282584700478,ALLOW,"registry, PIT, unit, route, maturity, control and access contracts passed",,False,ONE_SUPPORT_UNIT_ONE_VOTE
['development'],,['DISCLOSURE_EVENT'],False,,443419dc6378d14efdaae014,uc_firstn_path_70900_00000_control,CSRank($m1_first15_last_close),9e57bc519b50b9f003f1e69c0c929220e70eb007487d73e56e5a183130272e11,,[],-0.0040622836302158525,"['m1_first15_last_close', 'close']",False,,,d635e00c01eda434b0ef39d1a370ddc806a9deddae78ffcdbe3b09d3855a89b8,True,CSRank($m1_first15_last_close),"['close', 'm1_first15_last_close']",0,,cn_unified_registry_driven_generator_v1,True,True,,uc_firstn_path_70900_00000,,False,firstN end timestamp,SignedPath,['root:CSRank'],uc_firstn_path_1733_00006,1,matched_nonadaptive_control,0.5,-0.003940072138838691,"['cn.rep.f2107e4504bd106fcf3ccc678d1c96c8', 'cn.rep.c50f9ad7a7bc9bf834271c6e1660fe0b']",False,-0.0040622836302158525,FIRSTN_PATH,70900,,"['cn.sf.d40f8f20500150cfff77216ced9c2922', 'cn.sf.64bdabb8d16889ca3a2f48844da3ba77']",,,,2296,stock-session after firstN maturity,4,,,0.0017421602787456446,0.04888459655086466,ALLOW,"registry, PIT, unit, route, maturity, control and access contracts passed",,False,CONTROL_NO_SEPARATE_VOTE
['development'],,['DISCLOSURE_EVENT'],False,True,2703d2680d1496c529357ffa,uc_slow_cross_sectional_level_79828_00000,CSRank($fund_disclosure_cashflow_age_sessions),a21353e41f631a9b517a3daf6f256e2038b073acff0c1f9a88b032b17f00ca41,,[],-0.005202644448437427,['fund_disclosure_cashflow_age_sessions'],True,,,51228beb966a4666d436975e26e756aee007c2d6b79a0fdcc24ee7e718ed1f30,True,CSRank($fund_disclosure_cashflow_age_sessions),['fund_disclosure_cashflow_age_sessions'],0,,cn_unified_registry_driven_generator_v1,False,True,,uc_slow_cross_sectional_level_79828_00000_control,0.11040901415332065,False,latest PIT-observable version before session,CSRank,['root:CSRank'],uc_slow_cross_sectional_level_1741_00001,2,ephemeral_rx_ucb_adaptive,0.5,-0.004709414337023286,['cn.rep.0c2bcaadb31237bd45fae1565911cca0'],False,-0.005202644448437427,SLOW_CROSS_SECTIONAL_LEVEL,79828,,['cn.sf.9c00cdc912ddbe4532cd57fc68e1f64a'],,,,2288,stock-session cross-section,4,,,0.0017482517482517483,0.19729204456565613,ALLOW,"registry, PIT, unit, route, maturity, control and access contracts passed",,False,ONE_SUPPORT_UNIT_ONE_VOTE
['development'],,['DISCLOSURE_EVENT'],False,True,1ba6461709e44af460bb7ff7,uc_slow_cross_sectional_level_79828_00000_control,CSRank(Sign($fund_disclosure_cashflow_age_sessions)),30d50b95dade49ff3e2f33bdd7a72ce920508077e635cff080e12843b2ff577f,,[],-0.11561165860175808,['fund_disclosure_cashflow_age_sessions'],False,,,da195c48a3568f392c1b75cbf6b418d4e99e5972acbd13044a294318265a2b37,True,CSRank(Sign($fund_disclosure_cashflow_age_sessions)),['fund_disclosure_cashflow_age_sessions'],0,,cn_unified_registry_driven_generator_v1,True,True,,uc_slow_cross_sectional_level_79828_00000,,False,latest PIT-observable version before session,CSRank,"['root:CSRank', 'root.CSRank[0]:Sign']",uc_slow_cross_sectional_level_1741_00001,0,matched_nonadaptive_control,0.0,-0.11540344654851557,['cn.rep.0c2bcaadb31237bd45fae1565911cca0'],False,-0.11561165860175808,SLOW_CROSS_SECTIONAL_LEVEL,79828,,['cn.sf.9c00cdc912ddbe4532cd57fc68e1f64a'],,,,2288,stock-session cross-section,1,,,0.0017482517482517483,0.08328482129700057,ALLOW,"registry, PIT, unit, route, maturity, control and access contracts passed",,False,CONTROL_NO_SEPARATE_VOTE
['development'],,['DISCLOSURE_EVENT'],False,,2e62976a447677f7ba9a0310,uc_market_regime_condition_72918_00000,"CSRank(Mul(Sign($ctx_sent_gt5_num),$pct_chg))",5e8d4a0dcdf6285567ad65e671ee4a72261a7f2220f9d95f78bd827c093eebef,,['ctx_sent_gt5_num'],-0.18816136193855224,"['ctx_sent_gt5_num', 'pct_chg']",False,,,042380558efe540641e944e406fc39a1740d423e6ba2bcfea2cc9b3a1eaace12,True,"CSRank(Mul(Sign($ctx_sent_gt5_num),$pct_chg))","['ctx_sent_gt5_num', 'pct_chg']",0,,cn_unified_registry_driven_generator_v1,False,True,ONE_MARKET_BLOCK_ONE_VOTE,uc_market_regime_condition_72918_00000_control,0.0,False,state observable at or before candidate action time,ConditionGate,"['root:CSRank', 'root.CSRank[0]:Mul', 'root.CSRank[0].Mul[0]:Sign']",uc_market_regime_condition_1759_00000,0,ephemeral_rx_ucb_adaptive,0.0,-0.18735816670932615,"['cn.rep.bb563e33bb58f4d53499bd853422e2ff', 'cn.rep.ff25d250e767d497a03a512194193e34']",False,-0.18816136193855224,MARKET_REGIME_CONDITION,72918,,"['cn.sf.e223dd2a3022c9e73b2fc82ee96ae68e', 'cn.sf.e175250817b067c80c690ce8e2ea6e72']",,,,4592,market-time block,8,,,0.0017421602787456446,0.3212780916904369,ALLOW,"registry, PIT, unit, route, maturity, control and access contracts passed",,False,ONE_SUPPORT_UNIT_ONE_VOTE
['development'],,['DISCLOSURE_EVENT'],False,,2e62976a447677f7ba9a0310,uc_market_regime_condition_72918_00000_control,CSRank($pct_chg),84d9fe6f5d55e343e0b2a3b1319226e6dbdbe5a6cd183ff14a5b78606dae1004,,['ctx_sent_gt5_num'],-0.18816136193855224,"['ctx_sent_gt5_num', 'pct_chg']",False,,,dd5cfffb551c338fdfefc0e0c0469f7fb555238ec4c3c4ac4de613d45a2397c9,True,CSRank($pct_chg),"['ctx_sent_gt5_num', 'pct_chg']",0,,cn_unified_registry_driven_generator_v1,True,True,ONE_MARKET_BLOCK_ONE_VOTE,uc_market_regime_condition_72918_00000,,False,state observable at or before candidate action time,ConditionGate,['root:CSRank'],uc_market_regime_condition_1759_00000,0,matched_nonadaptive_control,0.0,-0.18735816670932615,"['cn.rep.bb563e33bb58f4d53499bd853422e2ff', 'cn.rep.ff25d250e767d497a03a512194193e34']",False,-0.18816136193855224,MARKET_REGIME_CONDITION,72918,,"['cn.sf.e223dd2a3022c9e73b2fc82ee96ae68e', 'cn.sf.e175250817b067c80c690ce8e2ea6e72']",,,,4592,market-time block,8,,,0.0017421602787456446,0.3212780916904369,ALLOW,"registry, PIT, unit, route, maturity, control and access contracts passed",,False,CONTROL_NO_SEPARATE_VOTE
['development'],,['DISCLOSURE_EVENT'],False,,3d2d62c9ae305ebd28f6a539,uc_intraday_state_transition_73927_00000,"CSRank(Mul(Transition(Sign($ret_1m),-1,1),Delta($amount,5)))",ba140872b8da8306a939817b878a12db8e8942d9a7fe23e1c1c6902b8c3e64c2,state_bar_return_sign,[],-0.019143347505666958,"['state_bar_return_sign', 'amount', 'ret_1m']",False,,,6cdcd1075640b7dfe7e93a19031cd975448f4fdbf20927af3b3719d91cb9a684,True,"CSRank(Mul(Transition(Sign($ret_1m),-1,1),Delta($amount,5)))","['amount', 'ret_1m', 'state_bar_return_sign']",0,,cn_unified_registry_driven_generator_v1,False,True,,uc_intraday_state_transition_73927_00000_control,0.0,False,state transition observable from conservative bar evidence,Transition,"['root:CSRank', 'root.CSRank[0]:Mul', 'root.CSRank[0].Mul[0]:Transition', 'root.CSRank[0].Mul[0].Transition[0]:Sign', 'root.CSRank[0].Mul[1]:Delta']",uc_intraday_state_transition_1777_00000,1,ephemeral_rx_ucb_adaptive,0.38461538461538464,-0.018321833646259864,"['cn.rep.e1a6c7e4ed4d3bdd8b53a3bda3fa28d9', 'cn.rep.92264a877f9fcf2b53483a2833631e12', 'cn.rep.dfd0a1200ee1fb031cbc1045300a8e3f']",False,-0.019143347505666958,INTRADAY_STATE_TRANSITION,73927,,"['cn.sf.621923f2d222470d1900a03583de5059', 'cn.sf.7ac67c3e2be8e149c3c02a4842c21173', 'cn.sf.7ac67c3e2be8e149c3c02a4842c21173']",Sign($ret_1m),symbol-state episode,,2285,stock-state episode,26,,,0.00175054704595186,0.32860554376283685,ALLOW,"registry, PIT, unit, route, maturity, control and access contracts passed",,False,ONE_SUPPORT_UNIT_ONE_VOTE
['development'],,['DISCLOSURE_EVENT'],False,,3d2d62c9ae305ebd28f6a539,uc_intraday_state_transition_73927_00000_control,"CSRank(Delta($amount,5))",6b714d9073881735f2ffb7380d2695f42180d8d61ccdd35fcdc43a8aa4586d1e,state_bar_return_sign,[],-0.019143347505666958,"['state_bar_return_sign', 'amount', 'ret_1m']",False,,,025fc211d8d4755cc823d8693297ba3ddeb7474aaaf727aa2b5b4c841447bdac,True,"CSRank(Delta($amount,5))","['amount', 'ret_1m', 'state_bar_return_sign']",0,,cn_unified_registry_driven_generator_v1,True,True,,uc_intraday_state_transition_73927_00000,,False,state transition observable from conservative bar evidence,Transition,"['root:CSRank', 'root.CSRank[0]:Delta']",uc_intraday_state_transition_1777_00000,1,matched_nonadaptive_control,0.38461538461538464,-0.018321833646259864,"['cn.rep.e1a6c7e4ed4d3bdd8b53a3bda3fa28d9', 'cn.rep.92264a877f9fcf2b53483a2833631e12', 'cn.rep.dfd0a1200ee1fb031cbc1045300a8e3f']",False,-0.019143347505666958,INTRADAY_STATE_TRANSITION,73927,,"['cn.sf.621923f2d222470d1900a03583de5059', 'cn.sf.7ac67c3e2be8e149c3c02a4842c21173', 'cn.sf.7ac67c3e2be8e149c3c02a4842c21173']",Sign($ret_1m),symbol-state episode,,2285,stock-state episode,26,,,0.00175054704595186,0.32860554376283685,ALLOW,"registry, PIT, unit, route, maturity, control and access contracts passed",,False,CONTROL_NO_SEPARATE_VOTE
['development'],,['DISCLOSURE_EVENT'],False,,70bb8552e81a0859d83d4dff,uc_slow_temporal_change_74936_00000,CSRank($fund_ba_total_current_liab_persistence),44682c6345b91cba7c85448e3ee61280740086a80715fa7498942c7507814071,,[],0.026006727068519635,['fund_ba_total_current_liab_persistence'],False,,,c996c8e6456a35271b4db9b57e77fdbae1ceacd8060d2a33e4879f99d29c2a01,True,CSRank($fund_ba_total_current_liab_persistence),['fund_ba_total_current_liab_persistence'],0,,cn_unified_registry_driven_generator_v1,False,True,,uc_slow_temporal_change_74936_00000_control,nan,False,both source versions observable before action time,Persistence,['root:CSRank'],uc_slow_temporal_change_1747_00007,2,ephemeral_rx_ucb_adaptive,0.5,0.026409829120800626,['cn.rep.153c89adac4bbbeed10171279bb5dad3'],False,0.026006727068519635,SLOW_TEMPORAL_CHANGE,74936,,['cn.sf.5aff3d89cb1dd27d431ef1fab7046ee9'],,,,2228,stock-disclosure or stock-session change episode,4,,,0.0017953321364452424,0.1612408209123967,ALLOW,"registry, PIT, unit, route, maturity, control and access contracts passed",,False,ONE_SUPPORT_UNIT_ONE_VOTE
['development'],,['DISCLOSURE_EVENT'],False,,2f851fb9e22279780c09a797,uc_slow_temporal_change_74936_00000_control,CSRank(Sign($fund_ba_total_current_liab_persistence)),c11fda027c2ef7c42853b14b4909a9d49a6c3506753dbd46dd0d9513369dbde7,,[],nan,['fund_ba_total_current_liab_persistence'],False,,,17140c3965cd64371573ac13ab062c0f2efa9f51f061c0c939bb3d651412eb95,True,CSRank(Sign($fund_ba_total_current_liab_persistence)),['fund_ba_total_current_liab_persistence'],0,,cn_unified_registry_driven_generator_v1,True,True,,uc_slow_temporal_change_74936_00000,,False,both source versions observable before action time,Persistence,"['root:CSRank', 'root.CSRank[0]:Sign']",uc_slow_temporal_change_1747_00007,0,matched_nonadaptive_control,nan,nan,['cn.rep.153c89adac4bbbeed10171279bb5dad3'],False,nan,SLOW_TEMPORAL_CHANGE,74936,,['cn.sf.5aff3d89cb1dd27d431ef1fab7046ee9'],,,,2228,stock-disclosure or stock-session change episode,0,,,0.0017953321364452424,1.1145107507254481e-05,ALLOW,"registry, PIT, unit, route, maturity, control and access contracts passed",,False,CONTROL_NO_SEPARATE_VOTE
['development'],,['DISCLOSURE_EVENT'],False,,b97b920aa9d8ffea04ff71e0,uc_minute_static_75945_00000,"CSRank(Add(ZScore($intraday_ret_from_open),ZScore($amount_yuan)))",7d5a375d09f8533069fe4b1b15107427d7cb9c46df528acbd488c40b20f796fe,,[],-0.02398769391119539,"['intraday_ret_from_open', 'amount_yuan']",False,,,4ac58d9795a07c309e044193e1ff4e663acfd665bcd52b6fd8d48347d305aa74,True,"CSRank(Add(ZScore($intraday_ret_from_open),ZScore($amount_yuan)))","['amount_yuan', 'intraday_ret_from_open']",0,,cn_unified_registry_driven_generator_v1,False,True,,uc_minute_static_75945_00000_control,-0.010099692866289853,False,bar_close,Arithmetic,"['root:CSRank', 'root.CSRank[0]:Add', 'root.CSRank[0].Add[0]:ZScore', 'root.CSRank[0].Add[1]:ZScore']",uc_minute_static_1729_00002,1,ephemeral_rx_ucb_adaptive,0.5,-0.023453778892666748,"['cn.rep.2b9fb566603b549f272e5b36364ea811', 'cn.rep.e96fb2c9f0d9da680687323d1fe0f6ae']",False,-0.02398769391119539,MINUTE_STATIC,75945,,"['cn.sf.dceb5c19b0a46f64c4a2954cf5620c18', 'cn.sf.55ec8d1cbad581839da568b8db129b18']",,,,4592,stock-minute cross-section,8,,,0.0017421602787456446,0.21356600741145795,ALLOW,"registry, PIT, unit, route, maturity, control and access contracts passed",,False,ONE_SUPPORT_UNIT_ONE_VOTE
['development'],,['DISCLOSURE_EVENT'],False,,509513e7a585ab2875bca01a,uc_minute_static_75945_00000_control,CSRank($intraday_ret_from_open),4872adc8c53042a2a847e25382f49d66df568f8b9a320034a9fbb887e182a69b,,[],-0.013888001044905538,"['intraday_ret_from_open', 'amount_yuan']",False,,,2a8cf7f267967987822ae12067c94e8828636caca6cdd36d6550dc035e42983e,True,CSRank($intraday_ret_from_open),"['amount_yuan', 'intraday_ret_from_open']",0,,cn_unified_registry_driven_generator_v1,True,True,,uc_minute_static_75945_00000,,False,bar_close,Arithmetic,['root:CSRank'],uc_minute_static_1729_00002,1,matched_nonadaptive_control,0.5,-0.013383022955332793,"['cn.rep.2b9fb566603b549f272e5b36364ea811', 'cn.rep.e96fb2c9f0d9da680687323d1fe0f6ae']",False,-0.013888001044905538,MINUTE_STATIC,75945,,"['cn.sf.dceb5c19b0a46f64c4a2954cf5620c18', 'cn.sf.55ec8d1cbad581839da568b8db129b18']",,,,4592,stock-minute cross-section,8,,,0.0017421602787456446,0.20199123582909798,ALLOW,"registry, PIT, unit, route, maturity, control and access contracts passed",,False,CONTROL_NO_SEPARATE_VOTE
['development'],,['DISCLOSURE_EVENT'],False,,59ad834055c677305c98e631,uc_firstn_path_76954_00000,"CSRank(Add($m1_first5_vwap,Sign(Delta($low,5))))",ad7a263d1035d9760d871950ffd68c5a9d95a510259ff2c09bd2993906ab796e,,[],-0.011416660666580983,"['m1_first5_vwap', 'low']",False,,,7cf44b70ee14a05333ebc0fbfca8f42ea277d19ead507770bc5b464160e801ed,True,"CSRank(Add($m1_first5_vwap,Sign(Delta($low,5))))","['low', 'm1_first5_vwap']",0,,cn_unified_registry_driven_generator_v1,False,True,,uc_firstn_path_76954_00000_control,-0.007135568930286741,False,firstN end timestamp,SignedPath,"['root:CSRank', 'root.CSRank[0]:Add', 'root.CSRank[0].Add[1]:Sign', 'root.CSRank[0].Add[1].Sign[0]:Delta']",uc_firstn_path_1733_00006,1,ephemeral_rx_ucb_adaptive,0.5,-0.011274457418528616,"['cn.rep.a24282e2c82e94c62dab47348534b71d', 'cn.rep.4cf44c97e283cc1cb9ec3dc1202f678f']",False,-0.011416660666580983,FIRSTN_PATH,76954,,"['cn.sf.155ca942c67e3b7985fdca8bf70262e2', 'cn.sf.4c3888d084193fdf894714891603ed1b']",,,,2293,stock-session after firstN maturity,4,,,0.0017444395987788923,0.05688129922094691,ALLOW,"registry, PIT, unit, route, maturity, control and access contracts passed",,False,ONE_SUPPORT_UNIT_ONE_VOTE
['development'],,['DISCLOSURE_EVENT'],False,,5177ffc8bdc61eb898091506,uc_firstn_path_76954_00000_control,CSRank($m1_first5_vwap),42115618be6fefb1d5d422c84d728e7d39cc2c36c15104517d0a3e9a8a20bdd6,,[],-0.0042810917362942425,"['m1_first5_vwap', 'low']",False,,,64f4a9bccc58c81781780d37f8bc09a3d95134e29026515b2faac4a49989b720,True,CSRank($m1_first5_vwap),"['low', 'm1_first5_vwap']",0,,cn_unified_registry_driven_generator_v1,True,True,,uc_firstn_path_76954_00000,,False,firstN end timestamp,SignedPath,['root:CSRank'],uc_firstn_path_1733_00006,1,matched_nonadaptive_control,0.5,-0.004158752676903646,"['cn.rep.a24282e2c82e94c62dab47348534b71d', 'cn.rep.4cf44c97e283cc1cb9ec3dc1202f678f']",False,-0.0042810917362942425,FIRSTN_PATH,76954,,"['cn.sf.155ca942c67e3b7985fdca8bf70262e2', 'cn.sf.4c3888d084193fdf894714891603ed1b']",,,,2293,stock-session after firstN maturity,4,,,0.0017444395987788923,0.04893562375623877,ALLOW,"registry, PIT, unit, route, maturity, control and access contracts passed",,False,CONTROL_NO_SEPARATE_VOTE
['development'],,['DISCLOSURE_EVENT'],False,,8ae56e76aabd7c83b02d6f08,uc_slow_cross_sectional_level_77963_00000,CSRank($ctx_rzrq_rzyezb),7382a9be7cbb429e81d88708ca46f6625c63c21c8235ec711fa8e8a69c6b3aca,,[],0.013037295364479737,['ctx_rzrq_rzyezb'],False,,,71d97318706567a75583558e8886c8a0dd0535b99fae1054bb57e6c2436cb239,True,CSRank($ctx_rzrq_rzyezb),['ctx_rzrq_rzyezb'],0,,cn_unified_registry_driven_generator_v1,False,True,,uc_slow_cross_sectional_level_77963_00000_control,nan,False,latest PIT-observable version before session,CSRank,['root:CSRank'],uc_slow_cross_sectional_level_1741_00001,1,ephemeral_rx_ucb_adaptive,0.5,0.013305364260873559,['cn.rep.332f64d8262ab2abf6cdbbb90827f316'],False,0.013037295364479737,SLOW_CROSS_SECTIONAL_LEVEL,77963,,['cn.sf.2cd13addabe837f7b86c6f302ca9d873'],,,,1404,stock-session cross-section,4,,,0.002849002849002849,0.10722755855752887,ALLOW,"registry, PIT, unit, route, maturity, control and access contracts passed",,False,ONE_SUPPORT_UNIT_ONE_VOTE
['development'],,['DISCLOSURE_EVENT'],False,,5b7f5d74f7fb75a316ef8f80,uc_slow_cross_sectional_level_77963_00000_control,CSRank(Sign($ctx_rzrq_rzyezb)),ef261da200d6c043dce567573be0bfe8a074e5456180b504bf48e1efac12cc3e,,[],nan,['ctx_rzrq_rzyezb'],False,,,634a9692132148e45dda98a92a55188340e64a38d2465538ac06fe05fc48818c,True,CSRank(Sign($ctx_rzrq_rzyezb)),['ctx_rzrq_rzyezb'],0,,cn_unified_registry_driven_generator_v1,True,True,,uc_slow_cross_sectional_level_77963_00000,,False,latest PIT-observable version before session,CSRank,"['root:CSRank', 'root.CSRank[0]:Sign']",uc_slow_cross_sectional_level_1741_00001,0,matched_nonadaptive_control,nan,nan,['cn.rep.332f64d8262ab2abf6cdbbb90827f316'],False,nan,SLOW_CROSS_SECTIONAL_LEVEL,77963,,['cn.sf.2cd13addabe837f7b86c6f302ca9d873'],,,,1404,stock-session cross-section,0,,,0.002849002849002849,0.00011680835238783275,ALLOW,"registry, PIT, unit, route, maturity, control and access contracts passed",,False,CONTROL_NO_SEPARATE_VOTE
['development'],,['DISCLOSURE_EVENT'],False,,2e62976a447677f7ba9a0310,uc_market_regime_condition_78972_00000,"CSRank(Mul(Sign($ctx_sent_lb_3_num),$pct_chg))",afb80cdb785c3c1fd31cc116cc3a6fa1ed4f6f5f4ebd46717cf3391f0ffbd9a3,,['ctx_sent_lb_3_num'],-0.18816136193855224,"['ctx_sent_lb_3_num', 'pct_chg']",False,,,8d272351012d836de2759874ece70cb7fb9667b13e69567736bed1ff75ed1660,True,"CSRank(Mul(Sign($ctx_sent_lb_3_num),$pct_chg))","['ctx_sent_lb_3_num', 'pct_chg']",0,,cn_unified_registry_driven_generator_v1,False,True,ONE_MARKET_BLOCK_ONE_VOTE,uc_market_regime_condition_78972_00000_control,0.0,False,state observable at or before candidate action time,ConditionGate,"['root:CSRank', 'root.CSRank[0]:Mul', 'root.CSRank[0].Mul[0]:Sign']",uc_market_regime_condition_1759_00000,0,ephemeral_rx_ucb_adaptive,0.0,-0.18735816670932615,"['cn.rep.979a0f7fda54e71a0e3c3e1f720abf9b', 'cn.rep.ff25d250e767d497a03a512194193e34']",False,-0.18816136193855224,MARKET_REGIME_CONDITION,78972,,"['cn.sf.715daa55aa29d1f91b4713327928717a', 'cn.sf.e175250817b067c80c690ce8e2ea6e72']",,,,4592,market-time block,8,,,0.0017421602787456446,0.3212780916904369,ALLOW,"registry, PIT, unit, route, maturity, control and access contracts passed",,False,ONE_SUPPORT_UNIT_ONE_VOTE
['development'],,['DISCLOSURE_EVENT'],False,,2e62976a447677f7ba9a0310,uc_market_regime_condition_78972_00000_control,CSRank($pct_chg),1b6836ae042e101653363b80ff60de14ba3eef78eccc0beb68095955af27429e,,['ctx_sent_lb_3_num'],-0.18816136193855224,"['ctx_sent_lb_3_num', 'pct_chg']",False,,,abcd764eb8b748e4d71d6ca22ff674f7fd43c0600b1ce90b46bf93bb824377d1,True,CSRank($pct_chg),"['ctx_sent_lb_3_num', 'pct_chg']",0,,cn_unified_registry_driven_generator_v1,True,True,ONE_MARKET_BLOCK_ONE_VOTE,uc_market_regime_condition_78972_00000,,False,state observable at or before candidate action time,ConditionGate,['root:CSRank'],uc_market_regime_condition_1759_00000,0,matched_nonadaptive_control,0.0,-0.18735816670932615,"['cn.rep.979a0f7fda54e71a0e3c3e1f720abf9b', 'cn.rep.ff25d250e767d497a03a512194193e34']",False,-0.18816136193855224,MARKET_REGIME_CONDITION,78972,,"['cn.sf.715daa55aa29d1f91b4713327928717a', 'cn.sf.e175250817b067c80c690ce8e2ea6e72']",,,,4592,market-time block,8,,,0.0017421602787456446,0.3212780916904369,ALLOW,"registry, PIT, unit, route, maturity, control and access contracts passed",,False,CONTROL_NO_SEPARATE_VOTE
['development'],,['DISCLOSURE_EVENT'],False,,b6f81a5fba1e287a92e268d5,uc_intraday_state_transition_79981_00000,"CSRank(Mul(Transition(Sign(Sub(Mul($close,2),Add($high,$low))),-1,1),Delta($ret_1m,5)))",de6e605673cf6cfb9f32c2f602aae56ffc49c208fdc2b4c61a5127065eb31ae6,state_close_range_location_sign,[],-0.058985066987209754,"['state_close_range_location_sign', 'ret_1m', 'close', 'high', 'low']",False,,,3ef4c6b4341fe75aa8e0e8973b2495a9f194a63c8a6f88fdeef6074862359ff0,True,"CSRank(Mul(Transition(Sign(Sub(Mul($close,2),Add($high,$low))),-1,1),Delta($ret_1m,5)))","['close', 'high', 'low', 'ret_1m', 'state_close_range_location_sign']",0,,cn_unified_registry_driven_generator_v1,False,True,,uc_intraday_state_transition_79981_00000_control,0.0,False,state transition observable from conservative bar evidence,Transition,"['root:CSRank', 'root.CSRank[0]:Mul', 'root.CSRank[0].Mul[0]:Transition', 'root.CSRank[0].Mul[0].Transition[0]:Sign', 'root.CSRank[0].Mul[0].Transition[0].Sign[0]:Sub', 'root.CSRank[0].Mul[0].Transition[0].Sign[0].Sub[0]:Mul', 'root.CSRank[0].Mul[0].Transition[0].Sign[0].Sub[1]:Add', 'root.CSRank[0].Mul[1]:Delta']",uc_intraday_state_transition_1777_00000,0,ephemeral_rx_ucb_adaptive,0.375,-0.05817342670367559,"['cn.rep.f2107e4504bd106fcf3ccc678d1c96c8', 'cn.rep.a163d3befca931633a6185b7eaf5c35b', 'cn.rep.a24282e2c82e94c62dab47348534b71d', 'cn.rep.92264a877f9fcf2b53483a2833631e12', 'cn.rep.66223a3dbde32dbcb8a1a489c9ae1bb0']",False,-0.058985066987209754,INTRADAY_STATE_TRANSITION,79981,,"['cn.sf.d40f8f20500150cfff77216ced9c2922', 'cn.sf.e63e0162f9ee5a1cc0f4d7b09b578a5b', 'cn.sf.155ca942c67e3b7985fdca8bf70262e2', 'cn.sf.7ac67c3e2be8e149c3c02a4842c21173', 'cn.sf.d40f8f20500150cfff77216ced9c2922']","Sign(Sub(Mul($close,2),Add($high,$low)))",symbol-state episode,,2283,stock-state episode,24,,,0.0017520805957074025,0.32465611341366446,ALLOW,"registry, PIT, unit, route, maturity, control and access contracts passed",,False,ONE_SUPPORT_UNIT_ONE_VOTE
['development'],,['DISCLOSURE_EVENT'],False,,b6f81a5fba1e287a92e268d5,uc_intraday_state_transition_79981_00000_control,"CSRank(Delta($ret_1m,5))",aa0252e31cdf6b20fede1d25de43dfd4c9db283cc01bde51ea9f6d4fc6970bb0,state_close_range_location_sign,[],-0.058985066987209754,"['state_close_range_location_sign', 'ret_1m', 'close', 'high', 'low']",False,,,7c190a8214f19b78e162e97fb146b8b932ad3f5af9f70a1c20a2422c61922b28,True,"CSRank(Delta($ret_1m,5))","['close', 'high', 'low', 'ret_1m', 'state_close_range_location_sign']",0,,cn_unified_registry_driven_generator_v1,True,True,,uc_intraday_state_transition_79981_00000,,False,state transition observable from conservative bar evidence,Transition,"['root:CSRank', 'root.CSRank[0]:Delta']",uc_intraday_state_transition_1777_00000,0,matched_nonadaptive_control,0.375,-0.05817342670367559,"['cn.rep.f2107e4504bd106fcf3ccc678d1c96c8', 'cn.rep.a163d3befca931633a6185b7eaf5c35b', 'cn.rep.a24282e2c82e94c62dab47348534b71d', 'cn.rep.92264a877f9fcf2b53483a2833631e12', 'cn.rep.66223a3dbde32dbcb8a1a489c9ae1bb0']",False,-0.058985066987209754,INTRADAY_STATE_TRANSITION,79981,,"['cn.sf.d40f8f20500150cfff77216ced9c2922', 'cn.sf.e63e0162f9ee5a1cc0f4d7b09b578a5b', 'cn.sf.155ca942c67e3b7985fdca8bf70262e2', 'cn.sf.7ac67c3e2be8e149c3c02a4842c21173', 'cn.sf.d40f8f20500150cfff77216ced9c2922']","Sign(Sub(Mul($close,2),Add($high,$low)))",symbol-state episode,,2283,stock-state episode,24,,,0.0017520805957074025,0.32465611341366446,ALLOW,"registry, PIT, unit, route, maturity, control and access contracts passed",,False,CONTROL_NO_SEPARATE_VOTE
['development'],,['DISCLOSURE_EVENT'],False,,508a0da395b6cce385c78515,uc_slow_temporal_change_80990_00000,CSRank($fund_pr_operate_profit_slope),764212c3aef94f89f17862413afbbf914764fb57655db518cfd330cee5d24cbb,,[],-0.021359656078405505,['fund_pr_operate_profit_slope'],False,,,f82ebc18ded088289e604254de69fe376417be3e0f5514a334de68b36ade8363,True,CSRank($fund_pr_operate_profit_slope),['fund_pr_operate_profit_slope'],0,,cn_unified_registry_driven_generator_v1,False,True,,uc_slow_temporal_change_80990_00000_control,-0.02482820569425385,False,both source versions observable before action time,Slope,['root:CSRank'],uc_slow_temporal_change_1747_00007,0,ephemeral_rx_ucb_adaptive,0.25,-0.020642417765207435,['cn.rep.e8bb5f3f251ee8637d9fd034182008ca'],False,-0.021359656078405505,SLOW_TEMPORAL_CHANGE,80990,,['cn.sf.1409adb48bf424a5264d90a847340575'],,,,2288,stock-disclosure or stock-session change episode,4,,,0.0017482517482517483,0.28689532527922795,ALLOW,"registry, PIT, unit, route, maturity, control and access contracts passed",,False,ONE_SUPPORT_UNIT_ONE_VOTE
['development'],,['DISCLOSURE_EVENT'],False,,3696545bc1c08dabf4a2a26c,uc_slow_temporal_change_80990_00000_control,CSRank(Sign($fund_pr_operate_profit_slope)),ce09e0f67ac47ce4be8c764b4b8873b03fe01d9d0d35746777ecd426d9845dd0,,[],0.003468549615848347,['fund_pr_operate_profit_slope'],False,,,ffd20bc325faf25d23b53e1fded72dc0464b0ce11b5eab27d8c4c5fff3eae172,True,CSRank(Sign($fund_pr_operate_profit_slope)),['fund_pr_operate_profit_slope'],0,,cn_unified_registry_driven_generator_v1,True,True,,uc_slow_temporal_change_80990_00000,,False,both source versions observable before action time,Slope,"['root:CSRank', 'root.CSRank[0]:Sign']",uc_slow_temporal_change_1747_00007,1,matched_nonadaptive_control,0.5,0.003939922881155432,['cn.rep.e8bb5f3f251ee8637d9fd034182008ca'],False,0.003468549615848347,SLOW_TEMPORAL_CHANGE,80990,,['cn.sf.1409adb48bf424a5264d90a847340575'],,,,2288,stock-disclosure or stock-session change episode,4,,,0.0017482517482517483,0.18854930612283385,ALLOW,"registry, PIT, unit, route, maturity, control and access contracts passed",,False,CONTROL_NO_SEPARATE_VOTE
['development'],,['DISCLOSURE_EVENT'],False,,ceae58ef9258ff5e257f7411,uc_minute_static_81999_00000,"CSRank(Add(ZScore($amount_yuan),ZScore($pct_chg)))",bdcf93005adcafcdb08690ff120fe83f5c8ebf3551b98f10862b9cd7509d6816,,[],-0.17235705383259653,"['amount_yuan', 'pct_chg']",False,,,1fe8808e7d619e5efef6a705ea90685fdb4e73c90741e44698f21eaf23708e63,True,"CSRank(Add(ZScore($amount_yuan),ZScore($pct_chg)))","['amount_yuan', 'pct_chg']",0,,cn_unified_registry_driven_generator_v1,False,True,,uc_minute_static_81999_00000_control,-0.13987131856848317,False,bar_close,Arithmetic,"['root:CSRank', 'root.CSRank[0]:Add', 'root.CSRank[0].Add[0]:ZScore', 'root.CSRank[0].Add[1]:ZScore']",uc_minute_static_1729_00002,0,ephemeral_rx_ucb_adaptive,0.0,-0.1715897990867834,"['cn.rep.2b9fb566603b549f272e5b36364ea811', 'cn.rep.ff25d250e767d497a03a512194193e34']",False,-0.17235705383259653,MINUTE_STATIC,81999,,"['cn.sf.dceb5c19b0a46f64c4a2954cf5620c18', 'cn.sf.e175250817b067c80c690ce8e2ea6e72']",,,,4592,stock-minute cross-section,8,,,0.0017421602787456446,0.3069018983252472,ALLOW,"registry, PIT, unit, route, maturity, control and access contracts passed",,False,ONE_SUPPORT_UNIT_ONE_VOTE
['development'],,['DISCLOSURE_EVENT'],False,,02ea2f945a0f1ba426b1d0f6,uc_minute_static_81999_00000_control,CSRank($amount_yuan),707c01cc77284c3dd17e08f866e9246773754c2a316d76d8fe1990818232bb20,,[],-0.032485735264113365,"['amount_yuan', 'pct_chg']",False,,,e2af3f9fd852da4d9165c1b0b4f463bd5b516064b037ed821ced1fdf42d93cd4,True,CSRank($amount_yuan),"['amount_yuan', 'pct_chg']",0,,cn_unified_registry_driven_generator_v1,True,True,,uc_minute_static_81999_00000,,False,bar_close,Arithmetic,['root:CSRank'],uc_minute_static_1729_00002,1,matched_nonadaptive_control,0.375,-0.03191087268016392,"['cn.rep.2b9fb566603b549f272e5b36364ea811', 'cn.rep.ff25d250e767d497a03a512194193e34']",False,-0.032485735264113365,MINUTE_STATIC,81999,,"['cn.sf.dceb5c19b0a46f64c4a2954cf5620c18', 'cn.sf.e175250817b067c80c690ce8e2ea6e72']",,,,4592,stock-minute cross-section,8,,,0.0017421602787456446,0.2299450335797796,ALLOW,"registry, PIT, unit, route, maturity, control and access contracts passed",,False,CONTROL_NO_SEPARATE_VOTE
['development'],,['DISCLOSURE_EVENT'],False,,1129905dfdbf70b606f4e6d5,uc_firstn_path_83008_00000,"CSRank(Add($m1_first5_vwap_return_vs_open,Sign(Delta($amount_yuan,5))))",dd72a658e34876bb6a9d4dc211453c057603c626cc2e0d4d16e4afc1a9764082,,[],0.0055388852087857685,"['m1_first5_vwap_return_vs_open', 'amount_yuan']",False,,,626eba05fcd8ddfc52ee9fb868d68d554ac6c15b36f44f18456c1f18e7d52e79,True,"CSRank(Add($m1_first5_vwap_return_vs_open,Sign(Delta($amount_yuan,5))))","['amount_yuan', 'm1_first5_vwap_return_vs_open']",0,,cn_unified_registry_driven_generator_v1,False,True,,uc_firstn_path_83008_00000_control,-0.013481112066261363,False,firstN end timestamp,SignedPath,"['root:CSRank', 'root.CSRank[0]:Add', 'root.CSRank[0].Add[1]:Sign', 'root.CSRank[0].Add[1].Sign[0]:Delta']",uc_firstn_path_1733_00006,2,ephemeral_rx_ucb_adaptive,0.75,0.006357882729282307,"['cn.rep.2b9fb566603b549f272e5b36364ea811', 'cn.rep.2a8472e39931ef70e85e307bcb21e294']",False,0.0055388852087857685,FIRSTN_PATH,83008,,"['cn.sf.dceb5c19b0a46f64c4a2954cf5620c18', 'cn.sf.a6915d593fccc76567eb995d05774efa']",,,,2293,stock-session after firstN maturity,4,,,0.0017444395987788923,0.3275990081986155,ALLOW,"registry, PIT, unit, route, maturity, control and access contracts passed",,False,ONE_SUPPORT_UNIT_ONE_VOTE
['development'],,['DISCLOSURE_EVENT'],False,,9ef62f76b46b63a4da9234ba,uc_firstn_path_83008_00000_control,CSRank($m1_first5_vwap_return_vs_open),71cb4d365ab3e36d390e166988a7a77468fb3398615556c55b4d168118978895,,[],0.01901999727504713,"['m1_first5_vwap_return_vs_open', 'amount_yuan']",False,,,be0b761ad5618a6b5d9e835d4a7eba4e0ded3fb79a0cbb10069f9cc6eb9ac7d4,True,CSRank($m1_first5_vwap_return_vs_open),"['amount_yuan', 'm1_first5_vwap_return_vs_open']",0,,cn_unified_registry_driven_generator_v1,True,True,,uc_firstn_path_83008_00000,,False,firstN end timestamp,SignedPath,['root:CSRank'],uc_firstn_path_1733_00006,2,matched_nonadaptive_control,0.75,0.019825956788855174,"['cn.rep.2b9fb566603b549f272e5b36364ea811', 'cn.rep.2a8472e39931ef70e85e307bcb21e294']",False,0.01901999727504713,FIRSTN_PATH,83008,,"['cn.sf.dceb5c19b0a46f64c4a2954cf5620c18', 'cn.sf.a6915d593fccc76567eb995d05774efa']",,,,2293,stock-session after firstN maturity,4,,,0.0017444395987788923,0.32238380552321694,ALLOW,"registry, PIT, unit, route, maturity, control and access contracts passed",,False,CONTROL_NO_SEPARATE_VOTE
