sampled_at,partition_00_process_ids,partition_00_rss_bytes,partition_01_process_ids,partition_01_rss_bytes,global_rss_bytes,output_bytes
2026-07-19T20:21:17.5888222Z,11164|35076,76107776,54544|58844,80228352,156336128,6435
2026-07-19T20:21:19.7382015Z,11164|34544|35076|39588,367370240,5204|54068|54544|58844,396197888,763568128,6435
2026-07-19T20:21:21.8906535Z,11164|34544|35076|39588,750587904,5204|54068|54544|58844,847355904,1597943808,6435
2026-07-19T20:21:24.0047865Z,11164|34544|35076|39588,5510139904,5204|54068|54544|58844,5865750528,11375890432,6435
2026-07-19T20:21:26.1489178Z,11164|34544|35076|39588,6898511872,5204|54068|54544|58844,6853869568,13752381440,6435
2026-07-19T20:21:28.2418373Z,11164|34544|35076|39588,7602827264,5204|54068|54544|58844,9010864128,16613691392,6435
2026-07-19T20:21:30.3611197Z,11164|34544|35076|39588,7731191808,5204|54068|54544|58844,9138016256,16869208064,6435
2026-07-19T20:21:32.4961744Z,11164|34544|35076|39588,5418082304,5204|54068|54544|58844,6876708864,12294791168,6435
2026-07-19T20:21:34.5685184Z,11164|34544|35076|39588,5700874240,5204|54068|54544|58844,4825825280,10526699520,6435
2026-07-19T20:21:36.6644015Z,11164|34544|35076|39588,5811380224,5204|54068|54544|58844,4946509824,10757890048,6435
2026-07-19T20:21:38.7873165Z,11164|34544|35076|39588,6028546048,5204|54068|54544|58844,6850387968,12878934016,6435
2026-07-19T20:21:40.8877892Z,11164|34544|35076|39588,6838198272,5204|54068|54544|58844,6717337600,13555535872,6435
2026-07-19T20:21:43.0032820Z,11164|34544|35076|39588,6848909312,5204|54068|54544|58844,7517351936,14366261248,6435
2026-07-19T20:21:45.1234312Z,11164|34544|35076|39588,6876082176,5204|54068|54544|58844,7528914944,14404997120,6435
2026-07-19T20:21:47.2752769Z,11164|34544|35076|39588,6000291840,5204|54068|54544|58844,5210791936,11211083776,6435
2026-07-19T20:21:49.4442218Z,11164|34544|35076|39588,6884696064,5204|54068|54544|58844,6377353216,13262049280,1304236
2026-07-19T20:21:51.5646504Z,11164|34544|35076|39588,4647751680,5204|54068|54544|58844,7566213120,12213964800,1304236
2026-07-19T20:21:53.6492965Z,11164|34544|35076|39588,6758862848,5204|54068|54544|58844,5844676608,12603539456,1304236
2026-07-19T20:21:55.7563018Z,11164|34544|35076|39588,7577010176,5204|54068|54544|58844,6966661120,14543671296,1304236
2026-07-19T20:21:57.9281571Z,11164|34544|35076|39588,4818120704,5204|54068|54544|58844,7571632128,12389752832,1304236
2026-07-19T20:22:00.0323752Z,11164|34544|35076|39588,6600683520,5204|54068|54544|58844,6041100288,12641783808,1304236
2026-07-19T20:22:02.1622181Z,11164|34544|35076|39588,5050847232,5204|54068|54544|58844,6595284992,11646132224,1304236
2026-07-19T20:22:04.3091384Z,11164|34544|35076|39588,6401818624,5204|54068|54544|58844,5126979584,11528798208,1304236
2026-07-19T20:22:06.4395355Z,11164|34544|35076|39588,7100411904,5204|54068|54544|58844,6584868864,13685280768,1304236
2026-07-19T20:22:08.5327191Z,11164|34544|35076|39588,5060509696,5204|54068|54544|58844,7779205120,12839714816,1304236
2026-07-19T20:22:10.6206244Z,11164|34544|35076|39588,6695198720,5204|54068|54544|58844,6126264320,12821463040,1304236
2026-07-19T20:22:12.7667610Z,11164|34544|35076|39588,5068800000,5204|54068|54544|58844,7783022592,12851822592,1304236
2026-07-19T20:22:14.8825562Z,11164|34544|35076|39588,5965205504,5204|54068|54544|58844,6412910592,12378116096,1304236
2026-07-19T20:22:17.0359842Z,11164|34544|35076|39588,6632419328,5204|54068|54544|58844,7300341760,13932761088,1304236
2026-07-19T20:22:19.1665058Z,11164|34544|35076|39588,6140837888,5204|54068|54544|58844,5265121280,11405959168,1304236
2026-07-19T20:22:21.3018021Z,11164|34544|35076|39588,6926807040,5204|54068|54544|58844,6105174016,13031981056,1379456
2026-07-19T20:22:23.4406384Z,11164|34544|35076|39588,5999239168,5204|54068|54544|58844,4870410240,10869649408,1379456
2026-07-19T20:22:25.5868847Z,11164|34544|35076|39588,7219412992,5204|54068|54544|58844,7724777472,14944190464,1379456
2026-07-19T20:22:27.7362056Z,11164|34544|35076|39588,5562589184,5204|54068|54544|58844,8178954240,13741543424,1379456
2026-07-19T20:22:29.8326778Z,11164|34544|35076|39588,5950824448,5204|54068|54544|58844,6121811968,12072636416,1379456
2026-07-19T20:22:31.9655379Z,11164|34544|35076|39588,4087996416,5204|54068|54544|58844,7306792960,11394789376,1379456
2026-07-19T20:22:34.0985189Z,11164|34544|35076|39588,8989765632,5204|54068|54544|58844,7035727872,16025493504,1379456
2026-07-19T20:22:36.2103213Z,11164|34544|35076|39588,11448832000,5204|54068|54544|58844,12702924800,24151756800,1379456
2026-07-19T20:22:38.2990101Z,11164|34544|35076|39588,12236001280,5204|54068|54544|58844,13352390656,25588391936,1379456
2026-07-19T20:22:40.3902330Z,11164|34544|35076|39588,13203271680,5204|54068|54544|58844,14278082560,27481354240,1379456
2026-07-19T20:22:42.4795830Z,11164|34544|35076|39588,13704224768,5204|54068|54544|58844,14438801408,28143026176,1379456
2026-07-19T20:22:44.6422562Z,11164|34544|35076|39588,5169258496,5204|54068|54544|58844,11430715392,16599973888,1379456
2026-07-19T20:22:46.7919563Z,11164|34544|35076|39588,6512726016,5204|54068|54544|58844,6262259712,12774985728,1379456
2026-07-19T20:22:48.9298220Z,11164|34544|35076|39588,6989406208,5204|54068|54544|58844,7651627008,14641033216,1379456
2026-07-19T20:22:51.1156772Z,11164|34544|35076|39588,6869938176,5204|54068|54544|58844,5733818368,12603756544,1379456
2026-07-19T20:22:53.2427026Z,11164|34544|35076|39588,7657623552,5204|54068|54544|58844,6955962368,14613585920,74099228
2026-07-19T20:22:55.4025001Z,11164|34544|35076|39588,4711600128,5204|54068|54544|58844,7652237312,12363837440,74099228
2026-07-19T20:22:57.5136473Z,11164|34544|35076|39588,7034961920,5204|54068|54544|58844,6088593408,13123555328,74099228
2026-07-19T20:22:59.6015325Z,11164|34544|35076|39588,7374413824,5204|54068|54544|58844,6671626240,14046040064,74099228
2026-07-19T20:23:01.7879128Z,11164|34544|35076|39588,5996748800,5204|54068|54544|58844,5213798400,11210547200,74099228
2026-07-19T20:23:03.9239128Z,11164|34544|35076|39588,7170621440,5204|54068|54544|58844,6647451648,13818073088,74099228
2026-07-19T20:23:06.0019398Z,11164|34544|35076|39588,5122060288,5204|54068|54544|58844,7845507072,12967567360,74099228
2026-07-19T20:23:08.0876857Z,11164|34544|35076|39588,6690717696,5204|54068|54544|58844,6196310016,12887027712,74099228
2026-07-19T20:23:10.1946266Z,11164|34544|35076|39588,7182180352,5204|54068|54544|58844,7169138688,14351319040,74099228
2026-07-19T20:23:12.3237530Z,11164|34544|35076|39588,5498175488,5204|54068|54544|58844,5228105728,10726281216,74099228
2026-07-19T20:23:14.3994094Z,11164|34544|35076|39588,6691921920,5204|54068|54544|58844,6701412352,13393334272,74099228
2026-07-19T20:23:16.5525687Z,11164|34544|35076|39588,5215346688,5204|54068|54544|58844,7372345344,12587692032,74099228
2026-07-19T20:23:18.6576487Z,11164|34544|35076|39588,6983524352,5204|54068|54544|58844,6578765824,13562290176,74099228
2026-07-19T20:23:20.8119173Z,11164|34544|35076|39588,5702156288,5204|54068|54544|58844,7372443648,13074599936,74099228
2026-07-19T20:23:22.9127211Z,11164|34544|35076|39588,6908792832,5204|54068|54544|58844,6781120512,13689913344,74099228
2026-07-19T20:23:25.0476286Z,11164|34544|35076|39588,7285481472,5204|54068|54544|58844,8247173120,15532654592,74172818
2026-07-19T20:23:27.1624451Z,11164|34544|35076|39588,6045540352,5204|54068|54544|58844,6860787712,12906328064,74172818
2026-07-19T20:23:29.2958310Z,11164|34544|35076|39588,6692151296,5204|54068|54544|58844,6962962432,13655113728,74172818
2026-07-19T20:23:31.3796133Z,11164|34544|35076|39588,5481680896,5204|54068|54544|58844,7383339008,12865019904,74172818
2026-07-19T20:23:33.4998930Z,11164|34544|35076|39588,10313932800,5204|54068|54544|58844,9674317824,19988250624,74172818
2026-07-19T20:23:35.6321170Z,11164|34544|35076|39588,11268284416,5204|54068|54544|58844,12148609024,23416893440,74172818
2026-07-19T20:23:37.7413918Z,11164|34544|35076|39588,12376485888,5204|54068|54544|58844,13032796160,25409282048,74172818
2026-07-19T20:23:39.8318740Z,11164|34544|35076|39588,13711147008,5204|54068|54544|58844,14525333504,28236480512,74172818
2026-07-19T20:23:41.9985614Z,11164|34544|35076|39588,11453407232,5204|54068|54544|58844,15427964928,26881372160,74172818
2026-07-19T20:23:44.0861233Z,11164|34544|35076|39588,5708414976,5204|54068|54544|58844,6064504832,11772919808,74172818
2026-07-19T20:23:46.2059451Z,11164|34544|35076|39588,6977351680,5204|54068|54544|58844,6866948096,13844299776,74172818
2026-07-19T20:23:48.3001655Z,11164|34544|35076|39588,5776228352,5204|54068|54544|58844,5094903808,10871132160,74172818
2026-07-19T20:23:50.3886050Z,11164|34544|35076|39588,6362423296,5204|54068|54544|58844,6461997056,12824420352,74172818
2026-07-19T20:23:52.5228915Z,11164|34544|35076|39588,7663353856,5204|54068|54544|58844,7655215104,15318568960,74172818
2026-07-19T20:23:54.7275453Z,11164|34544|35076|39588,6485508096,5204|54068|54544|58844,5474312192,11959820288,74172818
2026-07-19T20:23:56.8730359Z,11164|34544|35076|39588,7365468160,5204|54068|54544|58844,6766313472,14131781632,148712575
2026-07-19T20:23:59.0412809Z,11164|34544|35076|39588,5606649856,5204|54068|54544|58844,7362269184,12968919040,148712575
2026-07-19T20:24:01.1987742Z,11164|34544|35076|39588,7170854912,5204|54068|54544|58844,6089986048,13260840960,148712575
2026-07-19T20:24:03.3011697Z,11164|34544|35076|39588,5343907840,5204|54068|54544|58844,7848390656,13192298496,148712575
2026-07-19T20:24:05.3826862Z,11164|34544|35076|39588,6827061248,5204|54068|54544|58844,6251372544,13078433792,148712575
2026-07-19T20:24:07.5101590Z,11164|34544|35076|39588,7179403264,5204|54068|54544|58844,7159574528,14338977792,148712575
2026-07-19T20:24:09.6769458Z,11164|34544|35076|39588,5519990784,5204|54068|54544|58844,5305561088,10825551872,148712575
2026-07-19T20:24:11.8139585Z,11164|34544|35076|39588,6684512256,5204|54068|54544|58844,6756872192,13441384448,148712575
2026-07-19T20:24:13.9362412Z,11164|34544|35076|39588,5529649152,5204|54068|54544|58844,7360253952,12889903104,148712575
2026-07-19T20:24:16.0751687Z,11164|34544|35076|39588,6976389120,5204|54068|54544|58844,6670233600,13646622720,148712575
2026-07-19T20:24:18.2206930Z,11164|34544|35076|39588,5825880064,5204|54068|54544|58844,7357759488,13183639552,148712575
2026-07-19T20:24:20.2903178Z,11164|34544|35076|39588,5996126208,5204|54068|54544|58844,6901501952,12897628160,148712575
2026-07-19T20:24:22.4235448Z,11164|34544|35076|39588,5557702656,5204|54068|54544|58844,8228421632,13786124288,148712575
2026-07-19T20:24:24.5112516Z,11164|34544|35076|39588,6110154752,5204|54068|54544|58844,7149031424,13259186176,148712575
2026-07-19T20:24:26.6862639Z,11164|34544|35076|39588,6684938240,5204|54068|54544|58844,6472155136,13157093376,148712575
2026-07-19T20:24:28.8046616Z,11164|34544|35076|39588,5512818688,5204|54068|54544|58844,4854923264,10367741952,152614077
2026-07-19T20:24:30.9188945Z,11164|34544|35076|39588,10553016320,5204|54068|54544|58844,9765588992,20318605312,152614077
2026-07-19T20:24:33.0252986Z,11164|34544|35076|39588,11467755520,5204|54068|54544|58844,12517437440,23985192960,152614077
2026-07-19T20:24:35.1641586Z,11164|34544|35076|39588,12830969856,5204|54068|54544|58844,14144860160,26975830016,152614077
2026-07-19T20:24:37.2734738Z,11164|34544|35076|39588,13716537344,5204|54068|54544|58844,14793125888,28509663232,152614077
2026-07-19T20:24:39.3735738Z,11164|34544|35076|39588,11566288896,5204|54068|54544|58844,15769686016,27335974912,152614077
2026-07-19T20:24:41.4615809Z,11164|34544|35076|39588,6207037440,5204|54068|54544|58844,6639050752,12846088192,152614077
2026-07-19T20:24:43.6043636Z,11164|34544|35076|39588,6975336448,5204|54068|54544|58844,7630966784,14606303232,152614077
2026-07-19T20:24:45.7633953Z,11164|34544|35076|39588,6285373440,5204|54068|54544|58844,5870215168,12155588608,152614077
2026-07-19T20:24:47.9030382Z,11164|34544|35076|39588,7656824832,5204|54068|54544|58844,6977130496,14633955328,152614077
2026-07-19T20:24:50.0562074Z,11164|34544|35076|39588,5365166080,5204|54068|54544|58844,7630430208,12995596288,152614077
2026-07-19T20:24:52.1567157Z,11164|34544|35076|39588,6476554240,5204|54068|54544|58844,5772283904,12248838144,152614077
2026-07-19T20:24:54.2471351Z,11164|34544|35076|39588,7363706880,5204|54068|54544|58844,6648365056,14012071936,152614077
2026-07-19T20:24:56.3607355Z,11164|34544|35076|39588,5490339840,5204|54068|54544|58844,5799096320,11289436160,152614077
2026-07-19T20:24:58.5110145Z,11164|34544|35076|39588,7169220608,5204|54068|54544|58844,6599778304,13768998912,152614077
2026-07-19T20:25:00.6657822Z,11164|34544|35076|39588,5381328896,5204|54068|54544|58844,7824101376,13205430272,152675305
2026-07-19T20:25:02.8346798Z,11164|34544|35076|39588,6232043520,5204|54068|54544|58844,6344409088,12576452608,152675305
2026-07-19T20:25:04.9821751Z,11164|34544|35076|39588,4888383488,5204|54068|54544|58844,7824060416,12712443904,152675305
2026-07-19T20:25:07.0664881Z,11164|34544|35076|39588,6010589184,5204|54068|54544|58844,6453702656,12464291840,152675305
2026-07-19T20:25:09.1970180Z,11164|34544|35076|39588,6682537984,5204|54068|54544|58844,6558732288,13241270272,152675305
2026-07-19T20:25:11.3578065Z,11164|34544|35076|39588,5832261632,5204|54068|54544|58844,7348518912,13180780544,152675305
2026-07-19T20:25:13.4703070Z,11164|34544|35076|39588,6974574592,5204|54068|54544|58844,6610046976,13584621568,152675305
2026-07-19T20:25:15.6005746Z,11164|34544|35076|39588,5993623552,5204|54068|54544|58844,7338135552,13331759104,152675305
2026-07-19T20:25:17.7263796Z,11164|34544|35076|39588,6577606656,5204|54068|54544|58844,7138324480,13715931136,152675305
2026-07-19T20:25:19.8500899Z,11164|34544|35076|39588,5020844032,5204|54068|54544|58844,8214257664,13235101696,152675305
2026-07-19T20:25:21.9377434Z,11164|34544|35076|39588,6244818944,5204|54068|54544|58844,6357139456,12601958400,152675305
2026-07-19T20:25:24.0546572Z,11164|34544|35076|39588,6683168768,5204|54068|54544|58844,6649143296,13332312064,152675305
2026-07-19T20:25:26.2365644Z,11164|34544|35076|39588,5447352320,5204|54068|54544|58844,5326430208,10773782528,152675305
2026-07-19T20:25:28.4380678Z,11164|34544|35076|39588,10239512576,5204|54068|54544|58844,10992340992,21231853568,152675305
2026-07-19T20:25:30.5221137Z,11164|34544|35076|39588,11457290240,5204|54068|54544|58844,13549834240,25007124480,152675305
2026-07-19T20:25:32.6658232Z,11164|34544|35076|39588,12385001472,5204|54068|54544|58844,14394183680,26779185152,156740938
2026-07-19T20:25:34.8118080Z,11164|34544|35076|39588,13706633216,5204|54068|54544|58844,14961303552,28667936768,156740938
2026-07-19T20:25:36.9302624Z,11164|34544|35076|39588,11374063616,5204|54068|54544|58844,14744633344,26118696960,156740938
2026-07-19T20:25:39.0448521Z,11164|34544|35076|39588,5921263616,5204|54068|54544|58844,6750986240,12672249856,156740938
2026-07-19T20:25:41.1460449Z,11164|34544|35076|39588,6977175552,5204|54068|54544|58844,7636508672,14613684224,156740938
2026-07-19T20:25:43.2792563Z,11164|34544|35076|39588,6035386368,5204|54068|54544|58844,5875068928,11910455296,156740938
2026-07-19T20:25:45.3615580Z,11164|34544|35076|39588,6871199744,5204|54068|54544|58844,6781333504,13652533248,156740938
2026-07-19T20:25:47.5043207Z,11164|34544|35076|39588,7663992832,5204|54068|54544|58844,7636561920,15300554752,156740938
2026-07-19T20:25:49.6403192Z,11164|34544|35076|39588,6574641152,5204|54068|54544|58844,5493751808,12068392960,156740938
2026-07-19T20:25:51.8049487Z,11164|34544|35076|39588,7366074368,5204|54068|54544|58844,6962929664,14329004032,156740938
2026-07-19T20:25:53.9502738Z,11164|34544|35076|39588,5479481344,5204|54068|54544|58844,7343382528,12822863872,156740938
2026-07-19T20:25:56.0879018Z,11164|34544|35076|39588,6482128896,5204|54068|54544|58844,6171185152,12653314048,156740938
2026-07-19T20:25:58.1906328Z,11164|34544|35076|39588,4827316224,5204|54068|54544|58844,7830532096,12657848320,156740938
2026-07-19T20:26:00.2665392Z,11164|34544|35076|39588,6627622912,5204|54068|54544|58844,5972828160,12600451072,156740938
2026-07-19T20:26:02.3737218Z,11164|34544|35076|39588,7171952640,5204|54068|54544|58844,6642241536,13814194176,156740938
2026-07-19T20:26:04.5140513Z,11164|34544|35076|39588,5606318080,5204|54068|54544|58844,7840124928,13446443008,156809137
2026-07-19T20:26:06.6894356Z,11164|34544|35076|39588,6685036544,5204|54068|54544|58844,6379069440,13064105984,156809137
2026-07-19T20:26:08.8544421Z,11164|34544|35076|39588,4707803136,5204|54068|54544|58844,7343947776,12051750912,156809137
2026-07-19T20:26:10.9398592Z,11164|34544|35076|39588,6207766528,5204|54068|54544|58844,6752169984,12959936512,156809137
2026-07-19T20:26:13.0822252Z,11164|34544|35076|39588,4832710656,5204|54068|54544|58844,7343955968,12176666624,156809137
2026-07-19T20:26:15.1687052Z,11164|34544|35076|39588,6687313920,5204|54068|54544|58844,6362640384,13049954304,156809137
2026-07-19T20:26:17.3000870Z,11164|34544|35076|39588,7269363712,5204|54068|54544|58844,7531180032,14800543744,156809137
2026-07-19T20:26:19.4101227Z,11164|34544|35076|39588,6580862976,5204|54068|54544|58844,7507566592,14088429568,156809137
2026-07-19T20:26:21.5105539Z,11164|34544|35076|39588,6685982720,5204|54068|54544|58844,6923079680,13609062400,156809137
2026-07-19T20:26:23.6739626Z,11164|34544|35076|39588,4821667840,5204|54068|54544|58844,7345164288,12166832128,156809137
2026-07-19T20:26:25.8096697Z,11164|34544|35076|39588,8338014208,5204|54068|54544|58844,8691261440,17029275648,156809137
2026-07-19T20:26:28.0155554Z,11164|34544|35076|39588,11472044032,5204|54068|54544|58844,11284148224,22756192256,156809137
2026-07-19T20:26:30.1085117Z,11164|34544|35076|39588,12441186304,5204|54068|54544|58844,14102274048,26543460352,156809137
2026-07-19T20:26:32.2181633Z,11164|34544|35076|39588,12928712704,5204|54068|54544|58844,15227576320,28156289024,156809137
2026-07-19T20:26:34.3308805Z,11164|34544|35076|39588,11416006656,5204|54068|54544|58844,15770267648,27186274304,156809137
2026-07-19T20:26:36.4215848Z,11164|34544|35076|39588,6100652032,5204|54068|54544|58844,6181216256,12281868288,160697720
2026-07-19T20:26:38.5760964Z,11164|34544|35076|39588,6987456512,5204|54068|54544|58844,7651766272,14639222784,160697720
2026-07-19T20:26:40.6709797Z,11164|34544|35076|39588,4721074176,5204|54068|54544|58844,5109153792,9830227968,160697720
2026-07-19T20:26:42.7890505Z,11164|34544|35076|39588,7150272512,5204|54068|54544|58844,6616428544,13766701056,160697720
2026-07-19T20:26:44.9296983Z,11164|34544|35076|39588,7668301824,5204|54068|54544|58844,7651856384,15320158208,160697720
2026-07-19T20:26:47.0710085Z,11164|34544|35076|39588,5807816704,5204|54068|54544|58844,5406736384,11214553088,160697720
2026-07-19T20:26:49.2083369Z,11164|34544|35076|39588,7374778368,5204|54068|54544|58844,6807756800,14182535168,160697720
2026-07-19T20:26:51.3834982Z,11164|34544|35076|39588,5191127040,5204|54068|54544|58844,7358504960,12549632000,160697720
2026-07-19T20:26:53.5153190Z,11164|34544|35076|39588,6490025984,5204|54068|54544|58844,5825437696,12315463680,160697720
2026-07-19T20:26:55.6989064Z,11164|34544|35076|39588,4971819008,5204|54068|54544|58844,7845675008,12817494016,160697720
2026-07-19T20:26:57.8262951Z,11164|34544|35076|39588,6298382336,5204|54068|54544|58844,5733203968,12031586304,160697720
2026-07-19T20:26:59.9537369Z,11164|34544|35076|39588,7179800576,5204|54068|54544|58844,7434469376,14614269952,160697720
2026-07-19T20:27:02.0742682Z,11164|34544|35076|39588,5343768576,5204|54068|54544|58844,7854804992,13198573568,160697720
2026-07-19T20:27:04.2118380Z,11164|34544|35076|39588,6690877440,5204|54068|54544|58844,6683615232,13374492672,160697720
2026-07-19T20:27:06.3563336Z,11164|34544|35076|39588,5010567168,5204|54068|54544|58844,7358226432,12368793600,160697720
2026-07-19T20:27:08.4969850Z,11164|34544|35076|39588,6293446656,5204|54068|54544|58844,6466449408,12759896064,160772969
2026-07-19T20:27:10.6314598Z,11164|34544|35076|39588,4751835136,5204|54068|54544|58844,7358144512,12109979648,160772969
2026-07-19T20:27:12.7490408Z,11164|34544|35076|39588,6752292864,5204|54068|54544|58844,6401470464,13153763328,160772969
2026-07-19T20:27:14.8893416Z,11164|34544|35076|39588,7276396544,5204|54068|54544|58844,8235270144,15511666688,160772969
2026-07-19T20:27:17.0193189Z,11164|34544|35076|39588,5463404544,5204|54068|54544|58844,6375927808,11839332352,160772969
2026-07-19T20:27:19.1309099Z,11164|34544|35076|39588,6691680256,5204|54068|54544|58844,6169968640,12861648896,160772969
2026-07-19T20:27:21.2338738Z,11164|34544|35076|39588,4941127680,5204|54068|54544|58844,4857229312,9798356992,160772969
2026-07-19T20:27:23.3755811Z,11164|34544|35076|39588,8511352832,5204|54068|54544|58844,9755561984,18266914816,160772969
2026-07-19T20:27:25.5835869Z,11164|34544|35076|39588,10911363072,5204|54068|54544|58844,12718104576,23629467648,160772969
2026-07-19T20:27:27.7322120Z,11164|34544|35076|39588,12643614720,5204|54068|54544|58844,14303342592,26946957312,160772969
2026-07-19T20:27:29.8519314Z,11164|34544|35076|39588,13725405184,5204|54068|54544|58844,14986117120,28711522304,160772969
2026-07-19T20:27:32.0084270Z,11164|34544|35076|39588,11229102080,5204|54068|54544|58844,15786377216,27015479296,160772969
2026-07-19T20:27:34.1082913Z,11164|34544|35076|39588,5691318272,5204|54068|54544|58844,6466756608,12158074880,160772969
2026-07-19T20:27:36.2898808Z,11164|34544|35076|39588,6987866112,5204|54068|54544|58844,7646633984,14634500096,160772969
2026-07-19T20:27:38.4270368Z,11164|34544|35076|39588,5628960768,5204|54068|54544|58844,5589704704,11218665472,160772969
2026-07-19T20:27:40.5717333Z,11164|34544|35076|39588,6777118720,5204|54068|54544|58844,7050227712,13827346432,164659564
2026-07-19T20:27:42.7014945Z,11164|34544|35076|39588,7675596800,5204|54068|54544|58844,7646351360,15321948160,164659564
2026-07-19T20:27:44.8659453Z,11164|34544|35076|39588,6686687232,5204|54068|54544|58844,5805494272,12492181504,164659564
2026-07-19T20:27:46.9877452Z,11164|34544|35076|39588,7377006592,5204|54068|54544|58844,6662103040,14039109632,164659564
2026-07-19T20:27:49.1054880Z,11164|34544|35076|39588,4930920448,5204|54068|54544|58844,4905922560,9836843008,164659564
2026-07-19T20:27:51.2361032Z,11164|34544|35076|39588,6778269696,5204|54068|54544|58844,6628786176,13407055872,164659564
2026-07-19T20:27:53.3865519Z,11164|34544|35076|39588,4833636352,5204|54068|54544|58844,7838662656,12672299008,164659564
2026-07-19T20:27:55.4864465Z,11164|34544|35076|39588,6671314944,5204|54068|54544|58844,6344249344,13015564288,164659564
2026-07-19T20:27:57.6308096Z,11164|34544|35076|39588,7181975552,5204|54068|54544|58844,7838285824,15020261376,164659564
2026-07-19T20:27:59.8136916Z,11164|34544|35076|39588,5708902400,5204|54068|54544|58844,6074867712,11783770112,164659564
2026-07-19T20:28:01.9345077Z,11164|34544|35076|39588,6694031360,5204|54068|54544|58844,6079365120,12773396480,164659564
2026-07-19T20:28:04.0959320Z,11164|34544|35076|39588,5259300864,5204|54068|54544|58844,7063449600,12322750464,164659564
2026-07-19T20:28:06.2425734Z,11164|34544|35076|39588,6799396864,5204|54068|54544|58844,6715564032,13514960896,164659564
2026-07-19T20:28:08.3641212Z,11164|34544|35076|39588,5467426816,5204|54068|54544|58844,7315070976,12782497792,164659564
2026-07-19T20:28:10.5081776Z,11164|34544|35076|39588,6900666368,5204|54068|54544|58844,7302553600,14203219968,164659564
2026-07-19T20:28:12.6325331Z,11164|34544|35076|39588,7278288896,5204|54068|54544|58844,8186122240,15464411136,164733182
2026-07-19T20:28:14.7561092Z,11164|34544|35076|39588,5490556928,5204|54068|54544|58844,6243532800,11734089728,164733182
2026-07-19T20:28:16.8884129Z,11164|34544|35076|39588,6692958208,5204|54068|54544|58844,7308124160,14001082368,164733182
2026-07-19T20:28:18.9929549Z,11164|34544|35076|39588,5152514048,5204|54068|54544|58844,5390569472,10543083520,164733182
2026-07-19T20:28:21.1310464Z,11164|34544|35076|39588,9354485760,5204|54068|54544|58844,10591903744,19946389504,164733182
2026-07-19T20:28:23.3190543Z,11164|34544|35076|39588,10979336192,5204|54068|54544|58844,13588586496,24567922688,164733182
2026-07-19T20:28:25.3998306Z,11164|34544|35076|39588,12672098304,5204|54068|54544|58844,14335737856,27007836160,164733182
2026-07-19T20:28:27.5435583Z,11164|34544|35076|39588,13719658496,5204|54068|54544|58844,15649857536,29369516032,164733182
2026-07-19T20:28:29.6379147Z,11164|34544|35076|39588,11477856256,5204|54068|54544|58844,12750299136,24228155392,164733182
2026-07-19T20:28:31.7208694Z,11164|34544|35076|39588,5711728640,5204|54068|54544|58844,6147702784,11859431424,164733182
2026-07-19T20:28:33.8632374Z,11164|34544|35076|39588,6998548480,5204|54068|54544|58844,7479709696,14478258176,164733182
2026-07-19T20:28:36.0046134Z,11164|34544|35076|39588,5066817536,5204|54068|54544|58844,5619085312,10685902848,164733182
2026-07-19T20:28:38.1335515Z,11164|34544|35076|39588,7208394752,5204|54068|54544|58844,6740967424,13949362176,164733182
2026-07-19T20:28:40.2604498Z,11164|34544|35076|39588,7680040960,5204|54068|54544|58844,7476936704,15156977664,164733182
2026-07-19T20:28:42.4216630Z,11164|34544|35076|39588,6111461376,5204|54068|54544|58844,5614780416,11726241792,164733182
2026-07-19T20:28:44.5296584Z,11164|34544|35076|39588,7386075136,5204|54068|54544|58844,6491996160,13878071296,168618526
2026-07-19T20:28:46.6132826Z,11164|34544|35076|39588,4693118976,5204|54068|54544|58844,5184266240,9877385216,168618526
2026-07-19T20:28:48.7202437Z,11164|34544|35076|39588,6501203968,5204|54068|54544|58844,6296948736,12798152704,168618526
2026-07-19T20:28:50.8294046Z,11164|34544|35076|39588,4942028800,5204|54068|54544|58844,7669149696,12611178496,168618526
2026-07-19T20:28:53.0415620Z,11164|34544|35076|39588,6214299648,5204|54068|54544|58844,6175268864,12389568512,168618526
2026-07-19T20:28:55.1540803Z,11164|34544|35076|39588,7192522752,5204|54068|54544|58844,7667765248,14860288000,168618526
2026-07-19T20:28:57.2792571Z,11164|34544|35076|39588,5468573696,5204|54068|54544|58844,5498077184,10966650880,168618526
2026-07-19T20:28:59.4262460Z,11164|34544|35076|39588,6704164864,5204|54068|54544|58844,6807732224,13511897088,168618526
2026-07-19T20:29:01.5548475Z,11164|34544|35076|39588,5234049024,5204|54068|54544|58844,7184359424,12418408448,168618526
2026-07-19T20:29:03.6390142Z,11164|34544|35076|39588,6305619968,5204|54068|54544|58844,5990641664,12296261632,168618526
2026-07-19T20:29:05.7734171Z,11164|34544|35076|39588,5030899712,5204|54068|54544|58844,7179993088,12210892800,168618526
2026-07-19T20:29:07.8556638Z,11164|34544|35076|39588,6799953920,5204|54068|54544|58844,7054245888,13854199808,168618526
2026-07-19T20:29:09.9953104Z,11164|34544|35076|39588,7257989120,5204|54068|54544|58844,8057286656,15315275776,168618526
2026-07-19T20:29:12.1276489Z,11164|34544|35076|39588,5440925696,5204|54068|54544|58844,6197760000,11638685696,168618526
2026-07-19T20:29:14.2588751Z,11164|34544|35076|39588,6660030464,5204|54068|54544|58844,7179649024,13839679488,168618526
2026-07-19T20:29:16.3833782Z,11164|34544|35076|39588,4996837376,5204|54068|54544|58844,5022384128,10019221504,172519035
2026-07-19T20:29:18.5306325Z,11164|34544|35076|39588,8955830272,5204|54068|54544|58844,10130169856,19086000128,172519035
2026-07-19T20:29:20.6497081Z,11164|34544|35076|39588,10856837120,5204|54068|54544|58844,12972085248,23828922368,172519035
2026-07-19T20:29:22.7922418Z,11164|34544|35076|39588,12589297664,5204|54068|54544|58844,14306168832,26895466496,172519035
2026-07-19T20:29:24.9388845Z,11164|34544|35076|39588,13672271872,5204|54068|54544|58844,14793957376,28466229248,172519035
2026-07-19T20:29:27.1174048Z,11164|34544|35076|39588,11247452160,5204|54068|54544|58844,15596167168,26843619328,172519035
2026-07-19T20:29:29.2198397Z,11164|34544|35076|39588,5867311104,5204|54068|54544|58844,6392958976,12260270080,172519035
2026-07-19T20:29:31.3397199Z,11164|34544|35076|39588,6949052416,5204|54068|54544|58844,7474356224,14423408640,172519035
2026-07-19T20:29:33.4596027Z,11164|34544|35076|39588,4599291904,5204|54068|54544|58844,5708705792,10307997696,172519035
2026-07-19T20:29:35.5959555Z,11164|34544|35076|39588,7139295232,5204|54068|54544|58844,6220419072,13359714304,172519035
2026-07-19T20:29:37.7278296Z,11164|34544|35076|39588,7631151104,5204|54068|54544|58844,7472676864,15103827968,172519035
2026-07-19T20:29:39.9122054Z,11164|34544|35076|39588,5576286208,5204|54068|54544|58844,5436428288,11012714496,172519035
2026-07-19T20:29:42.0212483Z,11164|34544|35076|39588,7336558592,5204|54068|54544|58844,6755774464,14092333056,172519035
2026-07-19T20:29:44.1723132Z,11164|34544|35076|39588,4603146240,5204|54068|54544|58844,7177793536,11780939776,172519035
2026-07-19T20:29:46.2660894Z,11164|34544|35076|39588,6779891712,5204|54068|54544|58844,6006747136,12786638848,172519035
2026-07-19T20:29:48.3991661Z,11164|34544|35076|39588,7152586752,5204|54068|54544|58844,7666290688,14818877440,172576482
2026-07-19T20:29:50.4822042Z,11164|34544|35076|39588,5914071040,5204|54068|54544|58844,6030536704,11944607744,172576482
2026-07-19T20:29:52.5986596Z,11164|34544|35076|39588,7143546880,5204|54068|54544|58844,6975016960,14118563840,172576482
2026-07-19T20:29:54.7384872Z,11164|34544|35076|39588,5086502912,5204|54068|54544|58844,4828237824,9914740736,172576482
2026-07-19T20:29:56.8904156Z,11164|34544|35076|39588,6654902272,5204|54068|54544|58844,6693679104,13348581376,172576482
2026-07-19T20:29:59.0265840Z,11164|34544|35076|39588,4988813312,5204|54068|54544|58844,7176712192,12165525504,172576482
2026-07-19T20:30:01.1162893Z,11164|34544|35076|39588,6092648448,5204|54068|54544|58844,6479687680,12572336128,172576482
2026-07-19T20:30:03.2677443Z,11164|34544|35076|39588,4547764224,5204|54068|54544|58844,7175880704,11723644928,172576482
2026-07-19T20:30:05.4029130Z,11164|34544|35076|39588,6614495232,5204|54068|54544|58844,6759714816,13374210048,172576482
2026-07-19T20:30:07.5574823Z,11164|34544|35076|39588,7240241152,5204|54068|54544|58844,8053075968,15293317120,172576482
2026-07-19T20:30:09.7208684Z,11164|34544|35076|39588,5964197888,5204|54068|54544|58844,6620790784,12584988672,172576482
2026-07-19T20:30:11.8908998Z,11164|34544|35076|39588,6654124032,5204|54068|54544|58844,6728425472,13382549504,172576482
2026-07-19T20:30:14.0052364Z,11164|34544|35076|39588,4945444864,5204|54068|54544|58844,4952092672,9897537536,172576482
2026-07-19T20:30:16.1369563Z,11164|34544|35076|39588,8540360704,5204|54068|54544|58844,9563910144,18104270848,172576482
2026-07-19T20:30:18.3121677Z,11164|34544|35076|39588,10857639936,5204|54068|54544|58844,12911509504,23769149440,172576482
2026-07-19T20:30:20.4374471Z,11164|34544|35076|39588,12590379008,5204|54068|54544|58844,14303633408,26894012416,176468480
2026-07-19T20:30:22.5671444Z,11164|34544|35076|39588,13673332736,5204|54068|54544|58844,15581986816,29255319552,176468480
2026-07-19T20:30:24.6600822Z,11164|34544|35076|39588,11054166016,5204|54068|54544|58844,14451171328,25505337344,176468480
2026-07-19T20:30:26.8681511Z,11164|34544|35076|39588,5667098624,5204|54068|54544|58844,6188843008,11855941632,176468480
2026-07-19T20:30:29.0132431Z,11164|34544|35076|39588,6957031424,5204|54068|54544|58844,7473819648,14430851072,176468480
2026-07-19T20:30:31.1524055Z,11164|34544|35076|39588,5386895360,5204|54068|54544|58844,5748146176,11135041536,176468480
2026-07-19T20:30:33.2796117Z,11164|34544|35076|39588,6362718208,5204|54068|54544|58844,6781509632,13144227840,176468480
2026-07-19T20:30:35.3837942Z,11164|34544|35076|39588,7639789568,5204|54068|54544|58844,7473741824,15113531392,176468480
2026-07-19T20:30:37.4943992Z,11164|34544|35076|39588,6166904832,5204|54068|54544|58844,5938622464,12105527296,176468480
2026-07-19T20:30:39.6243345Z,11164|34544|35076|39588,7345324032,5204|54068|54544|58844,6489182208,13834506240,176468480
2026-07-19T20:30:41.7707481Z,11164|34544|35076|39588,5142220800,5204|54068|54544|58844,4928057344,10070278144,176468480
2026-07-19T20:30:43.9014693Z,11164|34544|35076|39588,6458748928,5204|54068|54544|58844,6587019264,13045768192,176468480
2026-07-19T20:30:46.0127100Z,11164|34544|35076|39588,5092294656,5204|54068|54544|58844,7667904512,12760199168,176468480
2026-07-19T20:30:48.1496169Z,11164|34544|35076|39588,6629318656,5204|54068|54544|58844,6046838784,12676157440,176468480
2026-07-19T20:30:50.2722319Z,11164|34544|35076|39588,7149088768,5204|54068|54544|58844,7667118080,14816206848,176468480
2026-07-19T20:30:52.4149786Z,11164|34544|35076|39588,5775228928,5204|54068|54544|58844,6292688896,12067917824,176541801
2026-07-19T20:30:54.5273307Z,11164|34544|35076|39588,6660915200,5204|54068|54544|58844,6328139776,12989054976,176541801
2026-07-19T20:30:56.6964861Z,11164|34544|35076|39588,4993830912,5204|54068|54544|58844,6185521152,11179352064,176541801
2026-07-19T20:30:58.9276494Z,11164|34544|35076|39588,6952681472,5204|54068|54544|58844,6634500096,13587181568,176541801
2026-07-19T20:31:01.0571023Z,11164|34544|35076|39588,5774057472,5204|54068|54544|58844,7176912896,12950970368,176541801
2026-07-19T20:31:03.1395282Z,11164|34544|35076|39588,6834106368,5204|54068|54544|58844,7168991232,14003097600,176541801
2026-07-19T20:31:05.2782849Z,11164|34544|35076|39588,7255814144,5204|54068|54544|58844,8054472704,15310286848,176541801
2026-07-19T20:31:07.3554596Z,11164|34544|35076|39588,6071287808,5204|54068|54544|58844,6128840704,12200128512,176541801
2026-07-19T20:31:09.4807169Z,11164|34544|35076|39588,6659248128,5204|54068|54544|58844,7175573504,13834821632,176541801
2026-07-19T20:31:11.6319863Z,11164|34544|35076|39588,5227233280,5204|54068|54544|58844,5453832192,10681065472,176541801
2026-07-19T20:31:13.8392948Z,11164|34544|35076|39588,10588151808,5204|54068|54544|58844,11786698752,22374850560,176541801
2026-07-19T20:31:16.0183934Z,11164|34544|35076|39588,11389407232,5204|54068|54544|58844,12765003776,24154411008,176541801
2026-07-19T20:31:18.0956062Z,11164|34544|35076|39588,12395298816,5204|54068|54544|58844,14498525184,26893824000,176541801
2026-07-19T20:31:20.2423247Z,11164|34544|35076|39588,13685014528,5204|54068|54544|58844,15581958144,29266972672,176541801
2026-07-19T20:31:22.4095364Z,11164|34544|35076|39588,11354533888,5204|54068|54544|58844,13328822272,24683356160,176541801
2026-07-19T20:31:24.5483503Z,11164|34544|35076|39588,6377017344,5204|54068|54544|58844,6192480256,12569497600,180429491
2026-07-19T20:31:26.7148634Z,11164|34544|35076|39588,6961192960,5204|54068|54544|58844,7480901632,14442094592,180429491
2026-07-19T20:31:28.9007723Z,11164|34544|35076|39588,5926531072,5204|54068|54544|58844,5628223488,11554754560,180429491
2026-07-19T20:31:30.9880576Z,11164|34544|35076|39588,7644053504,5204|54068|54544|58844,7034621952,14678675456,180429491
2026-07-19T20:31:33.1419481Z,11164|34544|35076|39588,5269749760,5204|54068|54544|58844,7480725504,12750475264,180429491
2026-07-19T20:31:35.2087757Z,11164|34544|35076|39588,6191865856,5204|54068|54544|58844,5504167936,11696033792,180429491
2026-07-19T20:31:37.3072673Z,11164|34544|35076|39588,7349272576,5204|54068|54544|58844,6495764480,13845037056,180429491
2026-07-19T20:31:39.4586185Z,11164|34544|35076|39588,5193666560,5204|54068|54544|58844,4930465792,10124132352,180429491
2026-07-19T20:31:41.5847875Z,11164|34544|35076|39588,7153270784,5204|54068|54544|58844,6513426432,13666697216,180429491
2026-07-19T20:31:43.7648802Z,11164|34544|35076|39588,5115764736,5204|54068|54544|58844,7674683392,12790448128,180429491
2026-07-19T20:31:45.8630789Z,11164|34544|35076|39588,6743130112,5204|54068|54544|58844,6397898752,13141028864,180429491
2026-07-19T20:31:47.9920779Z,11164|34544|35076|39588,7163998208,5204|54068|54544|58844,7661436928,14825435136,180429491
2026-07-19T20:31:50.1087064Z,11164|34544|35076|39588,5469351936,5204|54068|54544|58844,6280892416,11750244352,180429491
2026-07-19T20:31:52.2218685Z,11164|34544|35076|39588,6632554496,5204|54068|54544|58844,6472826880,13105381376,180429491
2026-07-19T20:31:54.3458879Z,11164|34544|35076|39588,5438935040,5204|54068|54544|58844,6421868544,11860803584,180429491
2026-07-19T20:31:56.4676784Z,11164|34544|35076|39588,6904135680,5204|54068|54544|58844,6649208832,13553344512,180503245
2026-07-19T20:31:58.6273313Z,11164|34544|35076|39588,5717045248,5204|54068|54544|58844,7150657536,12867702784,180503245
2026-07-19T20:32:00.7503206Z,11164|34544|35076|39588,6027808768,5204|54068|54544|58844,7128723456,13156532224,180503245
2026-07-19T20:32:02.8791188Z,11164|34544|35076|39588,5981827072,5204|54068|54544|58844,8002379776,13984206848,180503245
2026-07-19T20:32:04.9960162Z,11164|34544|35076|39588,5945810944,5204|54068|54544|58844,6076346368,12022157312,180503245
2026-07-19T20:32:07.1507101Z,11164|34544|35076|39588,6576742400,5204|54068|54544|58844,7110967296,13687709696,180503245
2026-07-19T20:32:09.2682518Z,11164|34544|35076|39588,5358678016,5204|54068|54544|58844,5452206080,10810884096,180503245
2026-07-19T20:32:11.3854467Z,11164|34544|35076|39588,10823524352,5204|54068|54544|58844,11486490624,22310014976,180503245
2026-07-19T20:32:13.5499233Z,11164|34544|35076|39588,11145445376,5204|54068|54544|58844,12727377920,23872823296,180503245
2026-07-19T20:32:15.6331518Z,11164|34544|35076|39588,12656844800,5204|54068|54544|58844,14429384704,27086229504,180503245
2026-07-19T20:32:17.8228549Z,11164|34544|35076|39588,13597859840,5204|54068|54544|58844,15513874432,29111734272,180503245
2026-07-19T20:32:20.0047011Z,11164|34544|35076|39588,10913079296,5204|54068|54544|58844,12868923392,23782002688,180503245
2026-07-19T20:32:22.1493463Z,11164|34544|35076|39588,6427115520,5204|54068|54544|58844,6253522944,12680638464,180503245
2026-07-19T20:32:24.2265180Z,11164|34544|35076|39588,6866198528,5204|54068|54544|58844,7383093248,14249291776,180503245
2026-07-19T20:32:26.4047216Z,11164|34544|35076|39588,6759665664,5204|54068|54544|58844,5571665920,12331331584,180503245
2026-07-19T20:32:28.5340267Z,11164|34544|35076|39588,7549218816,5204|54068|54544|58844,6895034368,14444253184,184388427
2026-07-19T20:32:30.7489392Z,11164|34544|35076|39588,5384175616,5204|54068|54544|58844,7381991424,12766167040,184388427
2026-07-19T20:32:32.8358121Z,11164|34544|35076|39588,6648733696,5204|54068|54544|58844,5520064512,12168798208,184388427
2026-07-19T20:32:34.9511742Z,11164|34544|35076|39588,7253438464,5204|54068|54544|58844,7087173632,14340612096,184388427
2026-07-19T20:32:37.0790702Z,11164|34544|35076|39588,5299318784,5204|54068|54544|58844,4719951872,10019270656,184388427
2026-07-19T20:32:39.2236837Z,11164|34544|35076|39588,7055200256,5204|54068|54544|58844,6889971712,13945171968,184388427
2026-07-19T20:32:41.3724299Z,11164|34544|35076|39588,5093892096,5204|54068|54544|58844,7575703552,12669595648,184388427
2026-07-19T20:32:43.4678067Z,11164|34544|35076|39588,6363914240,5204|54068|54544|58844,6493724672,12857638912,184388427
2026-07-19T20:32:45.6070859Z,11164|34544|35076|39588,4996141056,5204|54068|54544|58844,7575662592,12571803648,184388427
2026-07-19T20:32:47.7886229Z,11164|34544|35076|39588,6006083584,5204|54068|54544|58844,6261198848,12267282432,184388427
2026-07-19T20:32:49.9196962Z,11164|34544|35076|39588,6565535744,5204|54068|54544|58844,7087247360,13652783104,184388427
2026-07-19T20:32:52.0407982Z,11164|34544|35076|39588,5971615744,5204|54068|54544|58844,5028536320,11000152064,184388427
2026-07-19T20:32:54.1944168Z,11164|34544|35076|39588,6857854976,5204|54068|54544|58844,6597820416,13455675392,184388427
2026-07-19T20:32:56.2939930Z,11164|34544|35076|39588,5775642624,5204|54068|54544|58844,7086592000,12862234624,184388427
2026-07-19T20:32:58.3714383Z,11164|34544|35076|39588,6459265024,5204|54068|54544|58844,6761340928,13220605952,184388427
2026-07-19T20:33:00.5662998Z,11164|34544|35076|39588,5002350592,5204|54068|54544|58844,7964975104,12967325696,184465707
2026-07-19T20:33:02.6965646Z,11164|34544|35076|39588,6153543680,5204|54068|54544|58844,5858971648,12012515328,184465707
2026-07-19T20:33:04.8527564Z,11164|34544|35076|39588,6564261888,5204|54068|54544|58844,7085088768,13649350656,184465707
2026-07-19T20:33:06.9721538Z,11164|34544|35076|39588,5527597056,5204|54068|54544|58844,5721665536,11249262592,184465707
2026-07-19T20:33:09.0933374Z,11164|34544|35076|39588,10878341120,5204|54068|54544|58844,11781640192,22659981312,184465707
2026-07-19T20:33:11.2036217Z,11164|34544|35076|39588,11565932544,5204|54068|54544|58844,12724264960,24290197504,184465707
2026-07-19T20:33:13.3043913Z,11164|34544|35076|39588,12978229248,5204|54068|54544|58844,14193774592,27172003840,184465707
2026-07-19T20:33:15.4611470Z,11164|34544|35076|39588,13604560896,5204|54068|54544|58844,15522246656,29126807552,184465707
2026-07-19T20:33:17.5666648Z,11164|34544|35076|39588,10853744640,5204|54068|54544|58844,13450936320,24304680960,184465707
2026-07-19T20:33:19.7259962Z,11164|34544|35076|39588,6373470208,5204|54068|54544|58844,6682578944,13056049152,184465707
2026-07-19T20:33:21.8523084Z,11164|34544|35076|39588,6851960832,5204|54068|54544|58844,7381098496,14233059328,184465707
2026-07-19T20:33:23.9973493Z,11164|34544|35076|39588,6346469376,5204|54068|54544|58844,6003539968,12350009344,184465707
2026-07-19T20:33:26.0916951Z,11164|34544|35076|39588,7502569472,5204|54068|54544|58844,6851969024,14354538496,184465707
2026-07-19T20:33:28.2290388Z,11164|34544|35076|39588,4816908288,5204|54068|54544|58844,7380267008,12197175296,184465707
2026-07-19T20:33:30.3125147Z,11164|34544|35076|39588,6482964480,5204|54068|54544|58844,5856530432,12339494912,184465707
2026-07-19T20:33:32.4644417Z,11164|34544|35076|39588,7185248256,5204|54068|54544|58844,7085248512,14270496768,188347350
2026-07-19T20:33:34.6044004Z,11164|34544|35076|39588,5613129728,5204|54068|54544|58844,5121900544,10735030272,188347350
2026-07-19T20:33:36.7747401Z,11164|34544|35076|39588,6989103104,5204|54068|54544|58844,6984814592,13973917696,188347350
2026-07-19T20:33:38.9241178Z,11164|34544|35076|39588,5192495104,5204|54068|54544|58844,7572869120,12765364224,188347350
2026-07-19T20:33:41.1022444Z,11164|34544|35076|39588,5824757760,5204|54068|54544|58844,6489550848,12314308608,188347350
2026-07-19T20:33:43.2345922Z,11164|34544|35076|39588,4733784064,5204|54068|54544|58844,7572512768,12306296832,188347350
2026-07-19T20:33:45.3192850Z,11164|34544|35076|39588,5991809024,5204|54068|54544|58844,6391721984,12383531008,188347350
2026-07-19T20:33:47.4469905Z,11164|34544|35076|39588,6500802560,5204|54068|54544|58844,7083368448,13584171008,188347350
2026-07-19T20:33:49.6128926Z,11164|34544|35076|39588,5906649088,5204|54068|54544|58844,5013381120,10920030208,188347350
2026-07-19T20:33:51.8031852Z,11164|34544|35076|39588,6793834496,5204|54068|54544|58844,6711877632,13505712128,188347350
2026-07-19T20:33:53.8780939Z,11164|34544|35076|39588,5663657984,5204|54068|54544|58844,7087431680,12751089664,188347350
2026-07-19T20:33:55.9573329Z,11164|34544|35076|39588,6394769408,5204|54068|54544|58844,6757781504,13152550912,188347350
2026-07-19T20:33:58.0806151Z,11164|34544|35076|39588,6035038208,5204|54068|54544|58844,7963000832,13998039040,188347350
2026-07-19T20:34:00.1650976Z,11164|34544|35076|39588,5929168896,5204|54068|54544|58844,5778026496,11707195392,188347350
2026-07-19T20:34:02.2814187Z,11164|34544|35076|39588,6499713024,5204|54068|54544|58844,7082684416,13582397440,188347350
2026-07-19T20:34:04.3992273Z,11164|34544|35076|39588,5130383360,5204|54068|54544|58844,5315575808,10445959168,192247845
2026-07-19T20:34:06.5201539Z,11164|34544|35076|39588,10243600384,5204|54068|54544|58844,11058176000,21301776384,192247845
2026-07-19T20:34:08.6091319Z,11164|34544|35076|39588,11114762240,5204|54068|54544|58844,13684391936,24799154176,192247845
2026-07-19T20:34:10.7474973Z,11164|34544|35076|39588,12218318848,5204|54068|54544|58844,14529875968,26748194816,192247845
2026-07-19T20:34:12.8961142Z,11164|34544|35076|39588,13540241408,5204|54068|54544|58844,15615381504,29155622912,192247845
2026-07-19T20:34:15.0379522Z,11164|34544|35076|39588,11247140864,5204|54068|54544|58844,12967215104,24214355968,192247845
2026-07-19T20:34:17.1611011Z,11164|34544|35076|39588,5557358592,5204|54068|54544|58844,6211272704,11768631296,192247845
2026-07-19T20:34:19.2914775Z,11164|34544|35076|39588,6801432576,5204|54068|54544|58844,7482253312,14283685888,192247845
2026-07-19T20:34:21.4028759Z,11164|34544|35076|39588,5262331904,5204|54068|54544|58844,5517303808,10779635712,192247845
2026-07-19T20:34:23.5316411Z,11164|34544|35076|39588,7006044160,5204|54068|54544|58844,6954889216,13960933376,192247845
2026-07-19T20:34:25.6513585Z,11164|34544|35076|39588,7485243392,5204|54068|54544|58844,7481438208,14966681600,192247845
2026-07-19T20:34:27.8015929Z,11164|34544|35076|39588,6009319424,5204|54068|54544|58844,5662945280,11672264704,192247845
2026-07-19T20:34:29.9257672Z,11164|34544|35076|39588,7190261760,5204|54068|54544|58844,6494187520,13684449280,192247845
2026-07-19T20:34:32.0178005Z,11164|34544|35076|39588,5030768640,5204|54068|54544|58844,6104612864,11135381504,192247845
2026-07-19T20:34:34.1488591Z,11164|34544|35076|39588,5800714240,5204|54068|54544|58844,6410092544,12210806784,192247845
2026-07-19T20:34:36.2522783Z,11164|34544|35076|39588,7004811264,5204|54068|54544|58844,7674609664,14679420928,192305248
2026-07-19T20:34:38.3554175Z,11164|34544|35076|39588,5776105472,5204|54068|54544|58844,6199767040,11975872512,192305248
2026-07-19T20:34:40.4656586Z,11164|34544|35076|39588,6993936384,5204|54068|54544|58844,6981865472,13975801856,192305248
2026-07-19T20:34:42.5791327Z,11164|34544|35076|39588,5225680896,5204|54068|54544|58844,5362069504,10587750400,192305248
2026-07-19T20:34:44.7887411Z,11164|34544|35076|39588,6504173568,5204|54068|54544|58844,6773329920,13277503488,192305248
2026-07-19T20:34:46.9105393Z,11164|34544|35076|39588,4344741888,5204|54068|54544|58844,7184007168,11528749056,192305248
2026-07-19T20:34:48.9857380Z,11164|34544|35076|39588,6401929216,5204|54068|54544|58844,6491598848,12893528064,192305248
2026-07-19T20:34:51.1180040Z,11164|34544|35076|39588,6796730368,5204|54068|54544|58844,7183458304,13980188672,192305248
2026-07-19T20:34:53.2546504Z,11164|34544|35076|39588,5872844800,5204|54068|54544|58844,6784438272,12657283072,192305248
2026-07-19T20:34:55.3926393Z,11164|34544|35076|39588,7090450432,5204|54068|54544|58844,8063176704,15153627136,192305248
2026-07-19T20:34:57.5551184Z,11164|34544|35076|39588,5571231744,5204|54068|54544|58844,6715559936,12286791680,192305248
2026-07-19T20:34:59.7477317Z,11164|34544|35076|39588,6503227392,5204|54068|54544|58844,6201618432,12704845824,192305248
2026-07-19T20:35:01.8292959Z,11164|34544|35076|39588,4340072448,5204|54068|54544|58844,7192809472,11532881920,192305248
2026-07-19T20:35:03.9755827Z,11164|34544|35076|39588,7726387200,5204|54068|54544|58844,8804966400,16531353600,192305248
2026-07-19T20:35:06.1128832Z,11164|34544|35076|39588,10382569472,5204|54068|54544|58844,10565545984,20948115456,192305248
2026-07-19T20:35:08.2473986Z,11164|34544|35076|39588,12002357248,5204|54068|54544|58844,13974433792,25976791040,196021433
2026-07-19T20:35:10.4288078Z,11164|34544|35076|39588,12281352192,5204|54068|54544|58844,15125102592,27406454784,196021433
2026-07-19T20:35:12.5482850Z,11164|34544|35076|39588,13563551744,5204|54068|54544|58844,15648026624,29211578368,196021433
2026-07-19T20:35:14.7182271Z,11164|34544|35076|39588,5317451776,5204|54068|54544|58844,6015102976,11332554752,196021433
2026-07-19T20:35:16.8598828Z,11164|34544|35076|39588,6798856192,5204|54068|54544|58844,6700212224,13499068416,196021433
2026-07-19T20:35:18.9464122Z,11164|34544|35076|39588,4303740928,5204|54068|54544|58844,5847154688,10150895616,196021433
2026-07-19T20:35:21.0679423Z,11164|34544|35076|39588,6185132032,5204|54068|54544|58844,6505234432,12690366464,196021433
2026-07-19T20:35:23.1864153Z,11164|34544|35076|39588,7483297792,5204|54068|54544|58844,7492710400,14976008192,196021433
2026-07-19T20:35:25.3369677Z,11164|34544|35076|39588,4763729920,5204|54068|54544|58844,5330829312,10094559232,196021433
2026-07-19T20:35:27.4185770Z,11164|34544|35076|39588,6812033024,5204|54068|54544|58844,5976276992,12788310016,196021433
2026-07-19T20:35:29.5476462Z,11164|34544|35076|39588,7178235904,5204|54068|54544|58844,7197941760,14376177664,196021433
2026-07-19T20:35:31.6819791Z,11164|34544|35076|39588,5723885568,5204|54068|54544|58844,6432034816,12155920384,196021433
2026-07-19T20:35:33.8295892Z,11164|34544|35076|39588,6940921856,5204|54068|54544|58844,6808530944,13749452800,196021433
2026-07-19T20:35:35.9542803Z,11164|34544|35076|39588,5440131072,5204|54068|54544|58844,6860431360,12300562432,196021433
2026-07-19T20:35:38.0951937Z,11164|34544|35076|39588,6907027456,5204|54068|54544|58844,6488543232,13395570688,196021433
2026-07-19T20:35:40.2376293Z,11164|34544|35076|39588,4861243392,5204|54068|54544|58844,7689932800,12551176192,196091067
2026-07-19T20:35:42.3168279Z,11164|34544|35076|39588,5968560128,5204|54068|54544|58844,6451212288,12419772416,196091067
2026-07-19T20:35:44.4518267Z,11164|34544|35076|39588,6394720256,5204|54068|54544|58844,7200477184,13595197440,196091067
2026-07-19T20:35:46.5916468Z,11164|34544|35076|39588,5979291648,5204|54068|54544|58844,5039603712,11018895360,196091067
2026-07-19T20:35:48.7768148Z,11164|34544|35076|39588,6687703040,5204|54068|54544|58844,6505750528,13193453568,196091067
2026-07-19T20:35:50.8841130Z,11164|34544|35076|39588,5897764864,5204|54068|54544|58844,4743892992,10641657856,196091067
2026-07-19T20:35:53.0223972Z,11164|34544|35076|39588,6981767168,5204|54068|54544|58844,7515119616,14496886784,196091067
2026-07-19T20:35:55.1796766Z,11164|34544|35076|39588,5506043904,5204|54068|54544|58844,8080019456,13586063360,196091067
2026-07-19T20:35:57.2468667Z,11164|34544|35076|39588,6020632576,5204|54068|54544|58844,6408495104,12429127680,196091067
2026-07-19T20:35:59.3784776Z,11164|34544|35076|39588,6394359808,5204|54068|54544|58844,7198994432,13593354240,196091067
2026-07-19T20:36:01.4904300Z,11164|34544|35076|39588,5231595520,5204|54068|54544|58844,5999837184,11231432704,196091067
2026-07-19T20:36:03.6300760Z,11164|34544|35076|39588,10276724736,5204|54068|54544|58844,11902808064,22179532800,196091067
2026-07-19T20:36:05.7675877Z,11164|34544|35076|39588,11050979328,5204|54068|54544|58844,12701106176,23752085504,196091067
2026-07-19T20:36:07.8405271Z,11164|34544|35076|39588,12166635520,5204|54068|54544|58844,14447181824,26613817344,196091067
2026-07-19T20:36:09.9747082Z,11164|34544|35076|39588,13461307392,5204|54068|54544|58844,15643463680,29104771072,196091067
2026-07-19T20:36:12.1455357Z,11164|34544|35076|39588,11368480768,5204|54068|54544|58844,12991623168,24360103936,199979665
2026-07-19T20:36:14.2899602Z,11164|34544|35076|39588,5922852864,5204|54068|54544|58844,6183972864,12106825728,199979665
2026-07-19T20:36:16.4155208Z,11164|34544|35076|39588,6699634688,5204|54068|54544|58844,7476006912,14175641600,199979665
2026-07-19T20:36:18.5645344Z,11164|34544|35076|39588,5583388672,5204|54068|54544|58844,5615349760,11198738432,199979665
2026-07-19T20:36:20.7397869Z,11164|34544|35076|39588,6592638976,5204|54068|54544|58844,6988656640,13581295616,199979665
2026-07-19T20:36:22.8751022Z,11164|34544|35076|39588,7389466624,5204|54068|54544|58844,7476137984,14865604608,199979665
2026-07-19T20:36:25.0232899Z,11164|34544|35076|39588,5831786496,5204|54068|54544|58844,5802770432,11634556928,199979665
2026-07-19T20:36:27.1915896Z,11164|34544|35076|39588,7089340416,5204|54068|54544|58844,7181275136,14270615552,199979665
2026-07-19T20:36:29.3153154Z,11164|34544|35076|39588,5122998272,5204|54068|54544|58844,5313118208,10436116480,199979665
2026-07-19T20:36:31.4100606Z,11164|34544|35076|39588,6199902208,5204|54068|54544|58844,6954369024,13154271232,199979665
2026-07-19T20:36:33.5106515Z,11164|34544|35076|39588,4567179264,5204|54068|54544|58844,7671689216,12238868480,199979665
2026-07-19T20:36:35.5964260Z,11164|34544|35076|39588,5710450688,5204|54068|54544|58844,5999333376,11709784064,199979665
2026-07-19T20:36:37.6982411Z,11164|34544|35076|39588,6892826624,5204|54068|54544|58844,7671607296,14564433920,199979665
2026-07-19T20:36:39.7939954Z,11164|34544|35076|39588,5052268544,5204|54068|54544|58844,5705646080,10757914624,199979665
2026-07-19T20:36:41.9815009Z,11164|34544|35076|39588,6402678784,5204|54068|54544|58844,6307012608,12709691392,199979665
2026-07-19T20:36:44.1359103Z,11164|34544|35076|39588,4377198592,5204|54068|54544|58844,7186640896,11563839488,200048986
2026-07-19T20:36:46.2616326Z,11164|34544|35076|39588,6272110592,5204|54068|54544|58844,5987880960,12259991552,200048986
2026-07-19T20:36:48.3632125Z,11164|34544|35076|39588,6700265472,5204|54068|54544|58844,7182655488,13882920960,200048986
2026-07-19T20:36:50.4993043Z,11164|34544|35076|39588,5761282048,5204|54068|54544|58844,7174914048,12936196096,200048986
2026-07-19T20:36:52.6568337Z,11164|34544|35076|39588,6990016512,5204|54068|54544|58844,8064270336,15054286848,200048986
2026-07-19T20:36:54.8184353Z,11164|34544|35076|39588,5685678080,5204|54068|54544|58844,6783410176,12469088256,200048986
2026-07-19T20:36:56.9544067Z,11164|34544|35076|39588,6403067904,5204|54068|54544|58844,6489325568,12892393472,200048986
2026-07-19T20:36:59.0596651Z,11164|34544|35076|39588,4101541888,5204|54068|54544|58844,4863016960,8964558848,200048986
2026-07-19T20:37:01.2084574Z,11164|34544|35076|39588,6683017216,5204|54068|54544|58844,7918518272,14601535488,200048986
2026-07-19T20:37:03.3372162Z,11164|34544|35076|39588,9377710080,5204|54068|54544|58844,11873329152,21251039232,200048986
2026-07-19T20:37:05.5018430Z,11164|34544|35076|39588,11570831360,5204|54068|54544|58844,13677010944,25247842304,200048986
2026-07-19T20:37:07.6348480Z,11164|34544|35076|39588,12992045056,5204|54068|54544|58844,15228162048,28220207104,200048986
2026-07-19T20:37:09.7497643Z,11164|34544|35076|39588,13451493376,5204|54068|54544|58844,15645761536,29097254912,200048986
2026-07-19T20:37:11.9218828Z,11164|34544|35076|39588,4816437248,5204|54068|54544|58844,5766230016,10582667264,200048986
2026-07-19T20:37:14.0063998Z,11164|34544|35076|39588,5890691072,5204|54068|54544|58844,6518579200,12409270272,200048986
2026-07-19T20:37:16.1366164Z,11164|34544|35076|39588,6688788480,5204|54068|54544|58844,7496617984,14185406464,203930244
2026-07-19T20:37:18.2792808Z,11164|34544|35076|39588,6355156992,5204|54068|54544|58844,6006775808,12361932800,203930244
2026-07-19T20:37:20.4102618Z,11164|34544|35076|39588,7369453568,5204|54068|54544|58844,7484829696,14854283264,203930244
2026-07-19T20:37:22.4867631Z,11164|34544|35076|39588,4689379328,5204|54068|54544|58844,6747684864,11437064192,203930244
2026-07-19T20:37:24.5575452Z,11164|34544|35076|39588,6254120960,5204|54068|54544|58844,5753892864,12008013824,203930244
2026-07-19T20:37:26.6970793Z,11164|34544|35076|39588,7074488320,5204|54068|54544|58844,7189192704,14263681024,203930244
2026-07-19T20:37:28.8506657Z,11164|34544|35076|39588,5303259136,5204|54068|54544|58844,6005776384,11309035520,203930244
2026-07-19T20:37:31.0042034Z,11164|34544|35076|39588,6878187520,5204|54068|54544|58844,7316922368,14195109888,203930244
2026-07-19T20:37:33.1240826Z,11164|34544|35076|39588,4812963840,5204|54068|54544|58844,7679217664,12492181504,203930244
2026-07-19T20:37:35.2025868Z,11164|34544|35076|39588,6302334976,5204|54068|54544|58844,6612885504,12915220480,203930244
2026-07-19T20:37:37.3258308Z,11164|34544|35076|39588,6879182848,5204|54068|54544|58844,7678795776,14557978624,203930244
2026-07-19T20:37:39.4735386Z,11164|34544|35076|39588,5390942208,5204|54068|54544|58844,6353616896,11744559104,203930244
2026-07-19T20:37:41.5895219Z,11164|34544|35076|39588,6388940800,5204|54068|54544|58844,6495469568,12884410368,203930244
2026-07-19T20:37:43.7598343Z,11164|34544|35076|39588,4911505408,5204|54068|54544|58844,4920164352,9831669760,203930244
2026-07-19T20:37:45.8600976Z,11164|34544|35076|39588,5989199872,5204|54068|54544|58844,6652211200,12641411072,203930244
2026-07-19T20:37:47.9830044Z,11164|34544|35076|39588,4520370176,5204|54068|54544|58844,7190040576,11710410752,204006962
2026-07-19T20:37:50.0622673Z,11164|34544|35076|39588,6283591680,5204|54068|54544|58844,7378444288,13662035968,204006962
2026-07-19T20:37:52.2153318Z,11164|34544|35076|39588,6977130496,5204|54068|54544|58844,8071684096,15048814592,204006962
2026-07-19T20:37:54.2991587Z,11164|34544|35076|39588,5891911680,5204|54068|54544|58844,6790287360,12682199040,204006962
2026-07-19T20:37:56.4092762Z,11164|34544|35076|39588,6389673984,5204|54068|54544|58844,6496096256,12885770240,204006962
2026-07-19T20:37:58.5195391Z,11164|34544|35076|39588,4313530368,5204|54068|54544|58844,4564377600,8877907968,204006962
2026-07-19T20:38:00.7153820Z,11164|34544|35076|39588,8021663744,5204|54068|54544|58844,9522524160,17544187904,204006962
2026-07-19T20:38:02.9319545Z,11164|34544|35076|39588,10865446912,5204|54068|54544|58844,12164087808,23029534720,204006962
2026-07-19T20:38:05.0958185Z,11164|34544|35076|39588,11811098624,5204|54068|54544|58844,14172073984,25983172608,204006962
2026-07-19T20:38:07.1712142Z,11164|34544|35076|39588,12656058368,5204|54068|54544|58844,15075430400,27731488768,204006962
2026-07-19T20:38:09.2884049Z,11164|34544|35076|39588,13451169792,5204|54068|54544|58844,15651540992,29102710784,204006962
2026-07-19T20:38:11.4311869Z,11164|34544|35076|39588,5050449920,5204|54068|54544|58844,6005792768,11056242688,204006962
2026-07-19T20:38:13.5541437Z,11164|34544|35076|39588,6693892096,5204|54068|54544|58844,6691913728,13385805824,204006962
2026-07-19T20:38:15.6859274Z,11164|34544|35076|39588,4429979648,5204|54068|54544|58844,5568057344,9998036992,204006962
2026-07-19T20:38:17.7677606Z,11164|34544|35076|39588,6071730176,5204|54068|54544|58844,6193647616,12265377792,204006962
2026-07-19T20:38:19.8995076Z,11164|34544|35076|39588,7379636224,5204|54068|54544|58844,7485001728,14864637952,207888412
2026-07-19T20:38:21.9776492Z,11164|34544|35076|39588,4336275456,5204|54068|54544|58844,4632006656,8968282112,207888412
2026-07-19T20:38:24.0498523Z,11164|34544|35076|39588,6672285696,5204|54068|54544|58844,6201409536,12873695232,207888412
2026-07-19T20:38:26.1977946Z,11164|34544|35076|39588,7084355584,5204|54068|54544|58844,7189250048,14273605632,207888412
2026-07-19T20:38:28.3183568Z,11164|34544|35076|39588,5508009984,5204|54068|54544|58844,6022221824,11530231808,207888412
2026-07-19T20:38:30.4529894Z,11164|34544|35076|39588,6888345600,5204|54068|54544|58844,7330615296,14218960896,207888412
2026-07-19T20:38:32.5367522Z,11164|34544|35076|39588,5213847552,5204|54068|54544|58844,7679819776,12893667328,207888412
2026-07-19T20:38:34.6173396Z,11164|34544|35076|39588,5692928000,5204|54068|54544|58844,6632853504,12325781504,207888412
2026-07-19T20:38:36.7453549Z,11164|34544|35076|39588,5152464896,5204|54068|54544|58844,7679553536,12832018432,207888412
2026-07-19T20:38:38.9023058Z,11164|34544|35076|39588,5209399296,5204|54068|54544|58844,6495313920,11704713216,207888412
2026-07-19T20:38:41.0025613Z,11164|34544|35076|39588,6398480384,5204|54068|54544|58844,7188885504,13587365888,207888412
2026-07-19T20:38:43.0864439Z,11164|34544|35076|39588,4937715712,5204|54068|54544|58844,4632231936,9569947648,207888412
2026-07-19T20:38:45.1930161Z,11164|34544|35076|39588,6693019648,5204|54068|54544|58844,6760570880,13453590528,207888412
2026-07-19T20:38:47.3438546Z,11164|34544|35076|39588,5283540992,5204|54068|54544|58844,7189258240,12472799232,207888412
2026-07-19T20:38:49.4295101Z,11164|34544|35076|39588,6563930112,5204|54068|54544|58844,7182491648,13746421760,207888412
2026-07-19T20:38:51.5715517Z,11164|34544|35076|39588,6987427840,5204|54068|54544|58844,8072183808,15059611648,207961206
2026-07-19T20:38:53.7387042Z,11164|34544|35076|39588,5172383744,5204|54068|54544|58844,6023704576,11196088320,207961206
2026-07-19T20:38:55.8385004Z,11164|34544|35076|39588,6399361024,5204|54068|54544|58844,7189749760,13589110784,207961206
2026-07-19T20:38:57.9588729Z,11164|34544|35076|39588,4672733184,5204|54068|54544|58844,4983967744,9656700928,207961206
2026-07-19T20:39:00.0768310Z,11164|34544|35076|39588,8154931200,5204|54068|54544|58844,9597358080,17752289280,207961206
2026-07-19T20:39:02.2076554Z,11164|34544|35076|39588,10957074432,5204|54068|54544|58844,12357279744,23314354176,207961206
2026-07-19T20:39:04.3264220Z,11164|34544|35076|39588,12175372288,5204|54068|54544|58844,14176886784,26352259072,207961206
2026-07-19T20:39:06.4160965Z,11164|34544|35076|39588,12666228736,5204|54068|54544|58844,15183749120,27849977856,207961206
2026-07-19T20:39:08.5591133Z,11164|34544|35076|39588,13461573632,5204|54068|54544|58844,15658844160,29120417792,207961206
2026-07-19T20:39:10.7038921Z,11164|34544|35076|39588,5251067904,5204|54068|54544|58844,6011764736,11262832640,207961206
2026-07-19T20:39:12.8986031Z,11164|34544|35076|39588,6687936512,5204|54068|54544|58844,6698573824,13386510336,207961206
2026-07-19T20:39:14.9687118Z,11164|34544|35076|39588,4423462912,5204|54068|54544|58844,4599836672,9023299584,207961206
2026-07-19T20:39:17.0569595Z,11164|34544|35076|39588,6036111360,5204|54068|54544|58844,6172475392,12208586752,207961206
2026-07-19T20:39:19.1946372Z,11164|34544|35076|39588,7374393344,5204|54068|54544|58844,7492657152,14867050496,207961206
2026-07-19T20:39:21.2842056Z,11164|34544|35076|39588,5109698560,5204|54068|54544|58844,4619055104,9728753664,207961206
2026-07-19T20:39:23.3999762Z,11164|34544|35076|39588,6585970688,5204|54068|54544|58844,6209044480,12795015168,211843571
2026-07-19T20:39:25.5415771Z,11164|34544|35076|39588,7079321600,5204|54068|54544|58844,7198101504,14277423104,211843571
2026-07-19T20:39:27.7113945Z,11164|34544|35076|39588,5238890496,5204|54068|54544|58844,6027567104,11266457600,211843571
2026-07-19T20:39:29.8183787Z,11164|34544|35076|39588,6883614720,5204|54068|54544|58844,7269642240,14153256960,211843571
2026-07-19T20:39:31.9575909Z,11164|34544|35076|39588,4663005184,5204|54068|54544|58844,7689797632,12352802816,211843571
2026-07-19T20:39:34.0360747Z,11164|34544|35076|39588,6283325440,5204|54068|54544|58844,6357397504,12640722944,211843571
2026-07-19T20:39:36.1619806Z,11164|34544|35076|39588,6885208064,5204|54068|54544|58844,7690305536,14575513600,211843571
2026-07-19T20:39:38.2847581Z,11164|34544|35076|39588,5503410176,5204|54068|54544|58844,6148628480,11652038656,211843571
2026-07-19T20:39:40.4166096Z,11164|34544|35076|39588,6393294848,5204|54068|54544|58844,7198003200,13591298048,211843571
2026-07-19T20:39:42.5560915Z,11164|34544|35076|39588,4912873472,5204|54068|54544|58844,4941971456,9854844928,211843571
2026-07-19T20:39:44.6352772Z,11164|34544|35076|39588,5990121472,5204|54068|54544|58844,6682423296,12672544768,211843571
2026-07-19T20:39:46.7757261Z,11164|34544|35076|39588,4484251648,5204|54068|54544|58844,7198953472,11683205120,211843571
2026-07-19T20:39:48.8904643Z,11164|34544|35076|39588,6395822080,5204|54068|54544|58844,7015542784,13411364864,211843571
2026-07-19T20:39:51.0193634Z,11164|34544|35076|39588,6978211840,5204|54068|54544|58844,8026099712,15004311552,211843571
2026-07-19T20:39:53.1514453Z,11164|34544|35076|39588,5891796992,5204|54068|54544|58844,5992419328,11884216320,211843571
2026-07-19T20:39:55.2782392Z,11164|34544|35076|39588,6389678080,5204|54068|54544|58844,6409617408,12799295488,211919108
2026-07-19T20:39:57.3914795Z,11164|34544|35076|39588,4313509888,5204|54068|54544|58844,4546469888,8859979776,211919108
2026-07-19T20:39:59.5140440Z,11164|34544|35076|39588,7967735808,5204|54068|54544|58844,9367789568,17335525376,211919108
2026-07-19T20:40:01.6416537Z,11164|34544|35076|39588,10521673728,5204|54068|54544|58844,11782004736,22303678464,211919108
2026-07-19T20:40:03.7870463Z,11164|34544|35076|39588,11965571072,5204|54068|54544|58844,13855780864,25821351936,211919108
2026-07-19T20:40:05.9328739Z,11164|34544|35076|39588,12496551936,5204|54068|54544|58844,15023292416,27519844352,211919108
2026-07-19T20:40:08.0499759Z,11164|34544|35076|39588,13449285632,5204|54068|54544|58844,15535136768,28984422400,211919108
2026-07-19T20:40:10.1911942Z,11164|34544|35076|39588,5405081600,5204|54068|54544|58844,5897502720,11302584320,211919108
2026-07-19T20:40:12.2963785Z,11164|34544|35076|39588,5895442432,5204|54068|54544|58844,6584303616,12479746048,211919108
2026-07-19T20:40:14.4073505Z,11164|34544|35076|39588,4218368000,5204|54068|54544|58844,5566722048,9785090048,211919108
2026-07-19T20:40:16.5371899Z,11164|34544|35076|39588,6583226368,5204|54068|54544|58844,6388477952,12971704320,211919108
2026-07-19T20:40:18.6983356Z,11164|34544|35076|39588,7377121280,5204|54068|54544|58844,7378591744,14755713024,211919108
2026-07-19T20:40:20.7984429Z,11164|34544|35076|39588,5413036032,5204|54068|54544|58844,4516405248,9929441280,211919108
2026-07-19T20:40:22.8818961Z,11164|34544|35076|39588,6620082176,5204|54068|54544|58844,6388252672,13008334848,211919108
2026-07-19T20:40:25.0430458Z,11164|34544|35076|39588,7081865216,5204|54068|54544|58844,7082774528,14164639744,211919108
2026-07-19T20:40:27.1235191Z,11164|34544|35076|39588,5012787200,5204|54068|54544|58844,5747453952,10760241152,215800116
2026-07-19T20:40:29.2391035Z,11164|34544|35076|39588,6885253120,5204|54068|54544|58844,7162138624,14047391744,215800116
2026-07-19T20:40:31.3813228Z,11164|34544|35076|39588,5012631552,5204|54068|54544|58844,7574593536,12587225088,215800116
2026-07-19T20:40:33.4858307Z,11164|34544|35076|39588,6472900608,5204|54068|54544|58844,6487293952,12960194560,215800116
2026-07-19T20:40:35.6053735Z,11164|34544|35076|39588,6887145472,5204|54068|54544|58844,7574454272,14461599744,215800116
2026-07-19T20:40:37.7357817Z,11164|34544|35076|39588,5573459968,5204|54068|54544|58844,6290751488,11864211456,215800116
2026-07-19T20:40:39.8834713Z,11164|34544|35076|39588,6396125184,5204|54068|54544|58844,7083671552,13479796736,215800116
2026-07-19T20:40:42.0134379Z,11164|34544|35076|39588,4720046080,5204|54068|54544|58844,5014724608,9734770688,215800116
2026-07-19T20:40:44.0905148Z,11164|34544|35076|39588,6012071936,5204|54068|54544|58844,6377127936,12389199872,215800116
2026-07-19T20:40:46.2328739Z,11164|34544|35076|39588,4333084672,5204|54068|54544|58844,7084445696,11417530368,215800116
2026-07-19T20:40:48.3081434Z,11164|34544|35076|39588,6553300992,5204|54068|54544|58844,7051337728,13604638720,215800116
2026-07-19T20:40:50.4511383Z,11164|34544|35076|39588,6985519104,5204|54068|54544|58844,7967813632,14953332736,215800116
2026-07-19T20:40:52.5767081Z,11164|34544|35076|39588,6290894848,5204|54068|54544|58844,6291513344,12582408192,215800116
2026-07-19T20:40:54.7355267Z,11164|34544|35076|39588,6396542976,5204|54068|54544|58844,7084470272,13481013248,215800116
2026-07-19T20:40:56.8194726Z,11164|34544|35076|39588,4297142272,5204|54068|54544|58844,4528455680,8825597952,215800116
2026-07-19T20:40:58.9363635Z,11164|34544|35076|39588,8010174464,5204|54068|54544|58844,9324638208,17334812672,219868968
2026-07-19T20:41:01.0725706Z,11164|34544|35076|39588,10499555328,5204|54068|54544|58844,11470319616,21969874944,219868968
2026-07-19T20:41:03.1700571Z,11164|34544|35076|39588,11993284608,5204|54068|54544|58844,13589852160,25583136768,219868968
2026-07-19T20:41:05.3713467Z,11164|34544|35076|39588,12573478912,5204|54068|54544|58844,15050612736,27624091648,219868968
2026-07-19T20:41:07.4898757Z,11164|34544|35076|39588,13477179392,5204|54068|54544|58844,15564496896,29041676288,219868968
2026-07-19T20:41:09.6736415Z,11164|34544|35076|39588,5385838592,5204|54068|54544|58844,5955584000,11341422592,219868968
2026-07-19T20:41:11.8023657Z,11164|34544|35076|39588,6701703168,5204|54068|54544|58844,7384670208,14086373376,219868968
2026-07-19T20:41:13.9086771Z,11164|34544|35076|39588,4434436096,5204|54068|54544|58844,5117571072,9552007168,219868968
2026-07-19T20:41:16.0090570Z,11164|34544|35076|39588,6060433408,5204|54068|54544|58844,5921533952,11981967360,219868968
2026-07-19T20:41:18.1130420Z,11164|34544|35076|39588,7388909568,5204|54068|54544|58844,7385255936,14774165504,219868968
2026-07-19T20:41:20.2338443Z,11164|34544|35076|39588,4995436544,5204|54068|54544|58844,5216329728,10211766272,219868968
2026-07-19T20:41:22.3110731Z,11164|34544|35076|39588,6702313472,5204|54068|54544|58844,5851549696,12553863168,219868968
2026-07-19T20:41:24.4329730Z,11164|34544|35076|39588,7093059584,5204|54068|54544|58844,7089590272,14182649856,219868968
2026-07-19T20:41:26.5338451Z,11164|34544|35076|39588,5034823680,5204|54068|54544|58844,5800132608,10834956288,219868968
2026-07-19T20:41:28.7238609Z,11164|34544|35076|39588,6896545792,5204|54068|54544|58844,7133822976,14030368768,219868968
2026-07-19T20:41:30.8567423Z,11164|34544|35076|39588,4986351616,5204|54068|54544|58844,7585632256,12571983872,219930070
2026-07-19T20:41:32.9805487Z,11164|34544|35076|39588,6483726336,5204|54068|54544|58844,6689996800,13173723136,219930070
2026-07-19T20:41:35.1109785Z,11164|34544|35076|39588,6694715392,5204|54068|54544|58844,7581601792,14276317184,219930070
2026-07-19T20:41:37.2377505Z,11164|34544|35076|39588,5317537792,5204|54068|54544|58844,6005071872,11322609664,219930070
2026-07-19T20:41:39.3815470Z,11164|34544|35076|39588,6406881280,5204|54068|54544|58844,7091003392,13497884672,219930070
2026-07-19T20:41:41.4945737Z,11164|34544|35076|39588,4926263296,5204|54068|54544|58844,5021274112,9947537408,219930070
2026-07-19T20:41:43.6711525Z,11164|34544|35076|39588,6701252608,5204|54068|54544|58844,6742958080,13444210688,219930070
2026-07-19T20:41:45.7961598Z,11164|34544|35076|39588,5417005056,5204|54068|54544|58844,7091523584,12508528640,219930070
2026-07-19T20:41:47.8697747Z,11164|34544|35076|39588,6578900992,5204|54068|54544|58844,6904442880,13483343872,219930070
2026-07-19T20:41:50.0118714Z,11164|34544|35076|39588,6995447808,5204|54068|54544|58844,7975059456,14970507264,219930070
2026-07-19T20:41:52.1369551Z,11164|34544|35076|39588,5712056320,5204|54068|54544|58844,6342307840,12054364160,219930070
2026-07-19T20:41:54.2821918Z,11164|34544|35076|39588,6406782976,5204|54068|54544|58844,7091060736,13497843712,219930070
2026-07-19T20:41:56.4268049Z,11164|34544|35076|39588,4523212800,5204|54068|54544|58844,4778680320,9301893120,219930070
2026-07-19T20:41:58.5405608Z,11164|34544|35076|39588,8093835264,5204|54068|54544|58844,9479168000,17573003264,219930070
2026-07-19T20:42:00.7376632Z,11164|34544|35076|39588,11296817152,5204|54068|54544|58844,12245372928,23542190080,219930070
2026-07-19T20:42:02.9070278Z,11164|34544|35076|39588,12196347904,5204|54068|54544|58844,13687316480,25883664384,223818422
2026-07-19T20:42:05.0376675Z,11164|34544|35076|39588,13484769280,5204|54068|54544|58844,14768168960,28252938240,223818422
2026-07-19T20:42:07.2011655Z,11164|34544|35076|39588,10627977216,5204|54068|54544|58844,15565131776,26193108992,223818422
2026-07-19T20:42:09.3766937Z,11164|34544|35076|39588,5629550592,5204|54068|54544|58844,6142726144,11772276736,223818422
2026-07-19T20:42:11.5162411Z,11164|34544|35076|39588,6716391424,5204|54068|54544|58844,7389011968,14105403392,223818422
2026-07-19T20:42:13.6825051Z,11164|34544|35076|39588,4539498496,5204|54068|54544|58844,5401948160,9941446656,223818422
2026-07-19T20:42:15.7774090Z,11164|34544|35076|39588,6750138368,5204|54068|54544|58844,6027698176,12777836544,223818422
2026-07-19T20:42:17.9063722Z,11164|34544|35076|39588,7404376064,5204|54068|54544|58844,7389597696,14793973760,223818422
2026-07-19T20:42:20.0375132Z,11164|34544|35076|39588,4568940544,5204|54068|54544|58844,5120757760,9689698304,223818422
2026-07-19T20:42:22.1679134Z,11164|34544|35076|39588,6133653504,5204|54068|54544|58844,6430130176,12563783680,223818422
2026-07-19T20:42:24.3114461Z,11164|34544|35076|39588,7112843264,5204|54068|54544|58844,7093682176,14206525440,223818422
2026-07-19T20:42:26.4430010Z,11164|34544|35076|39588,5654474752,5204|54068|54544|58844,6099509248,11753984000,223818422
2026-07-19T20:42:28.5693134Z,11164|34544|35076|39588,6911750144,5204|54068|54544|58844,6889779200,13801529344,223818422
2026-07-19T20:42:30.7516408Z,11164|34544|35076|39588,5103382528,5204|54068|54544|58844,5494079488,10597462016,223818422
2026-07-19T20:42:32.8963428Z,11164|34544|35076|39588,6217678848,5204|54068|54544|58844,6514229248,12731908096,223818422
2026-07-19T20:42:34.9987434Z,11164|34544|35076|39588,4482183168,5204|54068|54544|58844,7585574912,12067758080,223888062
2026-07-19T20:42:37.1241258Z,11164|34544|35076|39588,5247840256,5204|54068|54544|58844,6595375104,11843215360,223888062
2026-07-19T20:42:39.2513307Z,11164|34544|35076|39588,6421438464,5204|54068|54544|58844,7094231040,13515669504,223888062
2026-07-19T20:42:41.3492633Z,11164|34544|35076|39588,4939706368,5204|54068|54544|58844,5050023936,9989730304,223888062
2026-07-19T20:42:43.5041747Z,11164|34544|35076|39588,6716002304,5204|54068|54544|58844,6768635904,13484638208,223888062
2026-07-19T20:42:45.6800421Z,11164|34544|35076|39588,4939833344,5204|54068|54544|58844,7098626048,12038459392,223888062
2026-07-19T20:42:47.8075983Z,11164|34544|35076|39588,6539042816,5204|54068|54544|58844,6782193664,13321236480,223888062
2026-07-19T20:42:49.9403243Z,11164|34544|35076|39588,7011065856,5204|54068|54544|58844,7979290624,14990356480,223888062
2026-07-19T20:42:52.0622491Z,11164|34544|35076|39588,6041284608,5204|54068|54544|58844,6202957824,12244242432,223888062
2026-07-19T20:42:54.1827654Z,11164|34544|35076|39588,6530121728,5204|54068|54544|58844,7094939648,13625061376,223888062
2026-07-19T20:42:56.2934519Z,11164|34544|35076|39588,4310323200,5204|54068|54544|58844,4977451008,9287774208,223888062
2026-07-19T20:42:58.4263824Z,11164|34544|35076|39588,7675031552,5204|54068|54544|58844,8688316416,16363347968,223888062
2026-07-19T20:43:00.5582170Z,11164|34544|35076|39588,10345402368,5204|54068|54544|58844,10439487488,20784889856,223888062
2026-07-19T20:43:02.6972884Z,11164|34544|35076|39588,12120551424,5204|54068|54544|58844,13712420864,25832972288,223888062
2026-07-19T20:43:04.8451392Z,11164|34544|35076|39588,12601565184,5204|54068|54544|58844,15061323776,27662888960,223888062
2026-07-19T20:43:06.9641595Z,11164|34544|35076|39588,13606694912,5204|54068|54544|58844,15587700736,29194395648,227593126
2026-07-19T20:43:09.1196854Z,11164|34544|35076|39588,5306884096,5204|54068|54544|58844,5825552384,11132436480,227593126
2026-07-19T20:43:11.2516206Z,11164|34544|35076|39588,6820560896,5204|54068|54544|58844,7407157248,14227718144,227593126
2026-07-19T20:43:13.3950260Z,11164|34544|35076|39588,4354142208,5204|54068|54544|58844,5137453056,9491595264,227593126
2026-07-19T20:43:15.5396322Z,11164|34544|35076|39588,6713671680,5204|54068|54544|58844,6128705536,12842377216,227593126
2026-07-19T20:43:17.6452679Z,11164|34544|35076|39588,7508787200,5204|54068|54544|58844,7407706112,14916493312,227593126
2026-07-19T20:43:19.8199649Z,11164|34544|35076|39588,5257113600,5204|54068|54544|58844,5235838976,10492952576,227593126
2026-07-19T20:43:21.9489851Z,11164|34544|35076|39588,6539055104,5204|54068|54544|58844,5890039808,12429094912,227593126
2026-07-19T20:43:24.1017453Z,11164|34544|35076|39588,7213047808,5204|54068|54544|58844,7111032832,14324080640,227593126
2026-07-19T20:43:26.2739537Z,11164|34544|35076|39588,5049696256,5204|54068|54544|58844,5923725312,10973421568,227593126
2026-07-19T20:43:28.3707832Z,11164|34544|35076|39588,7016361984,5204|54068|54544|58844,6547787776,13564149760,227593126
2026-07-19T20:43:30.5163047Z,11164|34544|35076|39588,4748521472,5204|54068|54544|58844,7618424832,12366946304,227593126
2026-07-19T20:43:32.6277473Z,11164|34544|35076|39588,6474567680,5204|54068|54544|58844,6771904512,13246472192,227593126
2026-07-19T20:43:34.7462885Z,11164|34544|35076|39588,7017574400,5204|54068|54544|58844,7599972352,14617546752,227593126
2026-07-19T20:43:36.9135509Z,11164|34544|35076|39588,5197991936,5204|54068|54544|58844,6176710656,11374702592,227593126
2026-07-19T20:43:39.0579739Z,11164|34544|35076|39588,6523678720,5204|54068|54544|58844,7105134592,13628813312,227666411
2026-07-19T20:43:41.2052429Z,11164|34544|35076|39588,4493381632,5204|54068|54544|58844,4685455360,9178836992,227666411
2026-07-19T20:43:43.3445402Z,11164|34544|35076|39588,6397800448,5204|54068|54544|58844,6528110592,12925911040,227666411
2026-07-19T20:43:45.4253049Z,11164|34544|35076|39588,6814982144,5204|54068|54544|58844,7104557056,13919539200,227666411
2026-07-19T20:43:47.5625586Z,11164|34544|35076|39588,6316183552,5204|54068|54544|58844,7025688576,13341872128,227666411
2026-07-19T20:43:49.6714339Z,11164|34544|35076|39588,7109763072,5204|54068|54544|58844,7989903360,15099666432,227666411
2026-07-19T20:43:51.8014165Z,11164|34544|35076|39588,5529022464,5204|54068|54544|58844,6184448000,11713470464,227666411
2026-07-19T20:43:53.8945255Z,11164|34544|35076|39588,5823987712,5204|54068|54544|58844,6409805824,12233793536,227666411
2026-07-19T20:43:56.0342549Z,11164|34544|35076|39588,6531731456,5204|54068|54544|58844,7117115392,13648846848,227666411
2026-07-19T20:43:58.1418079Z,11164|34544|35076|39588,5574299648,5204|54068|54544|58844,6468202496,12042502144,227666411
2026-07-19T20:44:00.2748477Z,11164|34544|35076|39588,10872463360,5204|54068|54544|58844,12694093824,23566557184,227666411
2026-07-19T20:44:02.4348828Z,11164|34544|35076|39588,11426611200,5204|54068|54544|58844,13322948608,24749559808,227666411
2026-07-19T20:44:04.5787390Z,11164|34544|35076|39588,12819918848,5204|54068|54544|58844,14309310464,27129229312,227666411
2026-07-19T20:44:06.7194628Z,11164|34544|35076|39588,13603917824,5204|54068|54544|58844,15598456832,29202374656,227666411
2026-07-19T20:44:08.8523201Z,11164|34544|35076|39588,9273679872,5204|54068|54544|58844,10840018944,20113698816,227666411
2026-07-19T20:44:11.0012679Z,11164|34544|35076|39588,6305304576,5204|54068|54544|58844,6813425664,13118730240,231549809
2026-07-19T20:44:13.1239001Z,11164|34544|35076|39588,6830030848,5204|54068|54544|58844,7417282560,14247313408,231549809
2026-07-19T20:44:15.2624290Z,11164|34544|35076|39588,6132396032,5204|54068|54544|58844,5472006144,11604402176,231549809
2026-07-19T20:44:17.3320716Z,11164|34544|35076|39588,6722945024,5204|54068|54544|58844,6886780928,13609725952,231549809
2026-07-19T20:44:19.4618440Z,11164|34544|35076|39588,7519178752,5204|54068|54544|58844,7417708544,14936887296,231549809
2026-07-19T20:44:21.6211247Z,11164|34544|35076|39588,6140289024,5204|54068|54544|58844,5735657472,11875946496,231549809
2026-07-19T20:44:23.7835538Z,11164|34544|35076|39588,7223013376,5204|54068|54544|58844,7121305600,14344318976,231549809
2026-07-19T20:44:25.8959387Z,11164|34544|35076|39588,4796125184,5204|54068|54544|58844,4881358848,9677484032,231549809
2026-07-19T20:44:28.0098820Z,11164|34544|35076|39588,6612451328,5204|54068|54544|58844,6383976448,12996427776,231549809
2026-07-19T20:44:30.1348370Z,11164|34544|35076|39588,7026044928,5204|54068|54544|58844,7613628416,14639673344,231549809
2026-07-19T20:44:32.2515409Z,11164|34544|35076|39588,5640318976,5204|54068|54544|58844,5777235968,11417554944,231549809
2026-07-19T20:44:34.3776128Z,11164|34544|35076|39588,7026831360,5204|54068|54544|58844,6916952064,13943783424,231549809
2026-07-19T20:44:36.4627456Z,11164|34544|35076|39588,5148921856,5204|54068|54544|58844,5169016832,10317938688,231549809
2026-07-19T20:44:38.6219868Z,11164|34544|35076|39588,6120505344,5204|54068|54544|58844,6469898240,12590403584,231549809
2026-07-19T20:44:40.7342413Z,11164|34544|35076|39588,6534586368,5204|54068|54544|58844,7121694720,13656281088,231549809
2026-07-19T20:44:42.9033852Z,11164|34544|35076|39588,5936455680,5204|54068|54544|58844,6268026880,12204482560,231619996
2026-07-19T20:44:45.0430654Z,11164|34544|35076|39588,6830788608,5204|54068|54544|58844,7122305024,13953093632,231619996
2026-07-19T20:44:47.2014307Z,11164|34544|35076|39588,5450772480,5204|54068|54544|58844,5539696640,10990469120,231619996
2026-07-19T20:44:49.3207096Z,11164|34544|35076|39588,6429437952,5204|54068|54544|58844,7607685120,14037123072,231619996
2026-07-19T20:44:51.4371196Z,11164|34544|35076|39588,7126052864,5204|54068|54544|58844,8008908800,15134961664,231619996
2026-07-19T20:44:53.5790360Z,11164|34544|35076|39588,5322317824,5204|54068|54544|58844,5918003200,11240321024,231619996
2026-07-19T20:44:55.7165578Z,11164|34544|35076|39588,6535733248,5204|54068|54544|58844,7123845120,13659578368,231619996
2026-07-19T20:44:57.8485589Z,11164|34544|35076|39588,4783894528,5204|54068|54544|58844,5524328448,10308222976,231619996
2026-07-19T20:44:59.9862448Z,11164|34544|35076|39588,8252923904,5204|54068|54544|58844,9551892480,17804816384,231619996
2026-07-19T20:45:02.1543151Z,11164|34544|35076|39588,11756171264,5204|54068|54544|58844,12541718528,24297889792,231619996
2026-07-19T20:45:04.3014506Z,11164|34544|35076|39588,12336021504,5204|54068|54544|58844,14123704320,26459725824,231619996
2026-07-19T20:45:06.4137638Z,11164|34544|35076|39588,13626560512,5204|54068|54544|58844,14812602368,28439162880,231619996
2026-07-19T20:45:08.5383771Z,11164|34544|35076|39588,13639557120,5204|54068|54544|58844,15611174912,29250732032,231619996
2026-07-19T20:45:10.7310821Z,11164|34544|35076|39588,5748699136,5204|54068|54544|58844,5838483456,11587182592,231619996
2026-07-19T20:45:12.8806024Z,11164|34544|35076|39588,6839971840,5204|54068|54544|58844,7421865984,14261837824,231619996
2026-07-19T20:45:15.0684124Z,11164|34544|35076|39588,4525445120,5204|54068|54544|58844,4972605440,9498050560,235505076
2026-07-19T20:45:17.1865072Z,11164|34544|35076|39588,6240759808,5204|54068|54544|58844,6626775040,12867534848,235505076
2026-07-19T20:45:19.3172700Z,11164|34544|35076|39588,7528988672,5204|54068|54544|58844,7422906368,14951895040,235505076
2026-07-19T20:45:21.4214507Z,11164|34544|35076|39588,4749914112,5204|54068|54544|58844,4888662016,9638576128,235505076
2026-07-19T20:45:23.5534227Z,11164|34544|35076|39588,6855073792,5204|54068|54544|58844,5951127552,12806201344,235505076
2026-07-19T20:45:25.6377226Z,11164|34544|35076|39588,7233105920,5204|54068|54544|58844,7124856832,14357962752,235505076
2026-07-19T20:45:27.8403970Z,11164|34544|35076|39588,5360644096,5204|54068|54544|58844,5748211712,11108855808,235505076
2026-07-19T20:45:29.9848391Z,11164|34544|35076|39588,7036256256,5204|54068|54544|58844,6623203328,13659459584,235505076
2026-07-19T20:45:32.1308573Z,11164|34544|35076|39588,5158576128,5204|54068|54544|58844,7629508608,12788084736,235505076
2026-07-19T20:45:34.2087048Z,11164|34544|35076|39588,6452613120,5204|54068|54544|58844,6329704448,12782317568,235505076
2026-07-19T20:45:36.3225653Z,11164|34544|35076|39588,7036719104,5204|54068|54544|58844,7611367424,14648086528,235505076
2026-07-19T20:45:38.4523540Z,11164|34544|35076|39588,4962234368,5204|54068|54544|58844,6388989952,11351224320,235505076
2026-07-19T20:45:40.5766772Z,11164|34544|35076|39588,6544445440,5204|54068|54544|58844,6420832256,12965277696,235505076
2026-07-19T20:45:42.6789613Z,11164|34544|35076|39588,4328906752,5204|54068|54544|58844,5949267968,10278174720,235505076
2026-07-19T20:45:44.8729520Z,11164|34544|35076|39588,6391140352,5204|54068|54544|58844,5925896192,12317036544,235505076
2026-07-19T20:45:47.0095948Z,11164|34544|35076|39588,6839414784,5204|54068|54544|58844,7114096640,13953511424,235570404
2026-07-19T20:45:49.1359705Z,11164|34544|35076|39588,6142902272,5204|54068|54544|58844,7106281472,13249183744,235570404
2026-07-19T20:45:51.2381344Z,11164|34544|35076|39588,7134601216,5204|54068|54544|58844,7999590400,15134191616,235570404
2026-07-19T20:45:53.3847699Z,11164|34544|35076|39588,5650636800,5204|54068|54544|58844,6909911040,12560547840,235570404
2026-07-19T20:45:55.5153527Z,11164|34544|35076|39588,6208434176,5204|54068|54544|58844,6475161600,12683595776,235570404
2026-07-19T20:45:57.6110299Z,11164|34544|35076|39588,6544658432,5204|54068|54544|58844,7115038720,13659697152,235570404
2026-07-19T20:45:59.7182583Z,11164|34544|35076|39588,5339787264,5204|54068|54544|58844,6186463232,11526250496,235570404
2026-07-19T20:46:01.8396335Z,11164|34544|35076|39588,10224431104,5204|54068|54544|58844,12014759936,22239191040,235570404
2026-07-19T20:46:03.9180720Z,11164|34544|35076|39588,11451166720,5204|54068|54544|58844,12753567744,24204734464,235570404
2026-07-19T20:46:06.0476583Z,11164|34544|35076|39588,12386152448,5204|54068|54544|58844,14517616640,26903769088,235570404
2026-07-19T20:46:08.1622049Z,11164|34544|35076|39588,13648424960,5204|54068|54544|58844,15613452288,29261877248,235570404
2026-07-19T20:46:10.3567939Z,11164|34544|35076|39588,11249360896,5204|54068|54544|58844,13065748480,24315109376,235570404
2026-07-19T20:46:12.5457612Z,11164|34544|35076|39588,5658546176,5204|54068|54544|58844,6105513984,11764060160,235570404
2026-07-19T20:46:14.6652275Z,11164|34544|35076|39588,6860283904,5204|54068|54544|58844,7421648896,14281932800,235570404
2026-07-19T20:46:16.7913191Z,11164|34544|35076|39588,5093310464,5204|54068|54544|58844,5462482944,10555793408,235570404
2026-07-19T20:46:18.9265252Z,11164|34544|35076|39588,7056814080,5204|54068|54544|58844,6901514240,13958328320,239454001
2026-07-19T20:46:21.0699546Z,11164|34544|35076|39588,7551016960,5204|54068|54544|58844,7420547072,14971564032,239454001
2026-07-19T20:46:23.2425676Z,11164|34544|35076|39588,5271867392,5204|54068|54544|58844,5340893184,10612760576,239454001
2026-07-19T20:46:25.3545564Z,11164|34544|35076|39588,7254380544,5204|54068|54544|58844,6782459904,14036840448,239454001
2026-07-19T20:46:27.4829455Z,11164|34544|35076|39588,4978446336,5204|54068|54544|58844,7123640320,12102086656,239454001
2026-07-19T20:46:29.5750161Z,11164|34544|35076|39588,6500184064,5204|54068|54544|58844,6031310848,12531494912,239454001
2026-07-19T20:46:31.7126290Z,11164|34544|35076|39588,7056769024,5204|54068|54544|58844,7618592768,14675361792,239454001
2026-07-19T20:46:33.9234805Z,11164|34544|35076|39588,5273952256,5204|54068|54544|58844,5525344256,10799296512,239454001
2026-07-19T20:46:36.0764896Z,11164|34544|35076|39588,7058337792,5204|54068|54544|58844,7244312576,14302650368,239454001
2026-07-19T20:46:38.2195167Z,11164|34544|35076|39588,4528390144,5204|54068|54544|58844,7618519040,12146909184,239454001
2026-07-19T20:46:40.2888915Z,11164|34544|35076|39588,5471055872,5204|54068|54544|58844,5872758784,11343814656,239454001
2026-07-19T20:46:42.4308682Z,11164|34544|35076|39588,6564925440,5204|54068|54544|58844,7125372928,13690298368,239454001
2026-07-19T20:46:44.5160099Z,11164|34544|35076|39588,4851163136,5204|54068|54544|58844,5441314816,10292477952,239454001
2026-07-19T20:46:46.7145553Z,11164|34544|35076|39588,6861254656,5204|54068|54544|58844,6427480064,13288734720,239454001
2026-07-19T20:46:48.8417628Z,11164|34544|35076|39588,4598456320,5204|54068|54544|58844,4750970880,9349427200,239454001
2026-07-19T20:46:50.9762820Z,11164|34544|35076|39588,6568394752,5204|54068|54544|58844,7473324032,14041718784,239526731
2026-07-19T20:46:53.1097523Z,11164|34544|35076|39588,7157870592,5204|54068|54544|58844,8012996608,15170867200,239526731
2026-07-19T20:46:55.2567573Z,11164|34544|35076|39588,5572382720,5204|54068|54544|58844,5867937792,11440320512,239526731
2026-07-19T20:46:57.3775064Z,11164|34544|35076|39588,6566117376,5204|54068|54544|58844,7125536768,13691654144,239526731
2026-07-19T20:46:59.4945554Z,11164|34544|35076|39588,4255133696,5204|54068|54544|58844,5065711616,9320845312,239526731
2026-07-19T20:47:01.6274224Z,11164|34544|35076|39588,7971270656,5204|54068|54544|58844,9187737600,17159008256,239526731
2026-07-19T20:47:03.7549889Z,11164|34544|35076|39588,10488283136,5204|54068|54544|58844,10908176384,21396459520,239526731
2026-07-19T20:47:05.8979176Z,11164|34544|35076|39588,11832229888,5204|54068|54544|58844,14078066688,25910296576,239526731
2026-07-19T20:47:08.0534415Z,11164|34544|35076|39588,12869660672,5204|54068|54544|58844,15273119744,28142780416,239526731
2026-07-19T20:47:10.1734833Z,11164|34544|35076|39588,13670563840,5204|54068|54544|58844,15767351296,29437915136,239526731
2026-07-19T20:47:12.3326251Z,11164|34544|35076|39588,5269688320,5204|54068|54544|58844,6071513088,11341201408,239526731
2026-07-19T20:47:14.4846602Z,11164|34544|35076|39588,6853074944,5204|54068|54544|58844,7560953856,14414028800,239526731
2026-07-19T20:47:16.6462631Z,11164|34544|35076|39588,4134809600,5204|54068|54544|58844,5282254848,9417064448,239526731
2026-07-19T20:47:18.8576393Z,11164|34544|35076|39588,6185345024,5204|54068|54544|58844,6364549120,12549894144,239526731
2026-07-19T20:47:20.9718321Z,11164|34544|35076|39588,7475482624,5204|54068|54544|58844,7562072064,15037554688,239526731
2026-07-19T20:47:23.0878936Z,11164|34544|35076|39588,5185437696,5204|54068|54544|58844,4826963968,10012401664,243409345
2026-07-19T20:47:25.2377595Z,11164|34544|35076|39588,6761328640,5204|54068|54544|58844,6226898944,12988227584,243409345
2026-07-19T20:47:27.3740999Z,11164|34544|35076|39588,7153807360,5204|54068|54544|58844,7264886784,14418694144,243409345
2026-07-19T20:47:29.5264383Z,11164|34544|35076|39588,5076586496,5204|54068|54544|58844,6171488256,11248074752,243409345
2026-07-19T20:47:31.6688168Z,11164|34544|35076|39588,6956376064,5204|54068|54544|58844,7060545536,14016921600,243409345
2026-07-19T20:47:33.8177190Z,11164|34544|35076|39588,4749422592,5204|54068|54544|58844,5600329728,10349752320,243409345
2026-07-19T20:47:35.9562388Z,11164|34544|35076|39588,6484627456,5204|54068|54544|58844,6582849536,13067476992,243409345
2026-07-19T20:47:38.0730552Z,11164|34544|35076|39588,6957993984,5204|54068|54544|58844,7759138816,14717132800,243409345
2026-07-19T20:47:40.1664029Z,11164|34544|35076|39588,5410447360,5204|54068|54544|58844,6583037952,11993485312,243409345
2026-07-19T20:47:42.3136856Z,11164|34544|35076|39588,6464696320,5204|54068|54544|58844,7265497088,13730193408,243409345
2026-07-19T20:47:44.4363454Z,11164|34544|35076|39588,4649463808,5204|54068|54544|58844,5184851968,9834315776,243409345
2026-07-19T20:47:46.5072833Z,11164|34544|35076|39588,6062764032,5204|54068|54544|58844,6653272064,12716036096,243409345
2026-07-19T20:47:48.6402795Z,11164|34544|35076|39588,6766604288,5204|54068|54544|58844,7265017856,14031622144,243409345
2026-07-19T20:47:50.7204792Z,11164|34544|35076|39588,5855256576,5204|54068|54544|58844,7257366528,13112623104,243409345
2026-07-19T20:47:52.8660086Z,11164|34544|35076|39588,7057657856,5204|54068|54544|58844,8153354240,15211012096,243409345
2026-07-19T20:47:54.9609675Z,11164|34544|35076|39588,5476552704,5204|54068|54544|58844,6468182016,11944734720,243481920
2026-07-19T20:47:57.0870048Z,11164|34544|35076|39588,6465945600,5204|54068|54544|58844,6566830080,13032775680,243481920
2026-07-19T20:47:59.1635831Z,11164|34544|35076|39588,3899899904,5204|54068|54544|58844,6487855104,10387755008,243481920
2026-07-19T20:48:01.3177893Z,11164|34544|35076|39588,5818105856,5204|54068|54544|58844,7054913536,12873019392,243481920
2026-07-19T20:48:03.4305848Z,11164|34544|35076|39588,10856546304,5204|54068|54544|58844,12896251904,23752798208,243481920
2026-07-19T20:48:05.5536655Z,11164|34544|35076|39588,11731771392,5204|54068|54544|58844,13393158144,25124929536,243481920
2026-07-19T20:48:07.7013535Z,11164|34544|35076|39588,13081010176,5204|54068|54544|58844,15135047680,28216057856,243481920
2026-07-19T20:48:09.8677843Z,11164|34544|35076|39588,13565571072,5204|54068|54544|58844,15772815360,29338386432,243481920
2026-07-19T20:48:12.0393335Z,11164|34544|35076|39588,5259771904,5204|54068|54544|58844,7538876416,12798648320,243481920
2026-07-19T20:48:14.1750009Z,11164|34544|35076|39588,5727780864,5204|54068|54544|58844,6353137664,12080918528,243481920
2026-07-19T20:48:16.2595377Z,11164|34544|35076|39588,6759890944,5204|54068|54544|58844,7565127680,14325018624,243481920
2026-07-19T20:48:18.3932802Z,11164|34544|35076|39588,6257541120,5204|54068|54544|58844,6075494400,12333035520,243481920
2026-07-19T20:48:20.5786288Z,11164|34544|35076|39588,7451279360,5204|54068|54544|58844,7565750272,15017029632,243481920
2026-07-19T20:48:22.6928208Z,11164|34544|35076|39588,6101921792,5204|54068|54544|58844,7407599616,13509521408,243481920
2026-07-19T20:48:24.8137175Z,11164|34544|35076|39588,5899829248,5204|54068|54544|58844,6420701184,12320530432,243481920
2026-07-19T20:48:26.9408790Z,11164|34544|35076|39588,7154442240,5204|54068|54544|58844,7268474880,14422917120,247359748
2026-07-19T20:48:29.0250585Z,11164|34544|35076|39588,4974247936,5204|54068|54544|58844,5582323712,10556571648,247359748
2026-07-19T20:48:31.1508118Z,11164|34544|35076|39588,6492250112,5204|54068|54544|58844,7249158144,13741408256,247359748
2026-07-19T20:48:33.2606660Z,11164|34544|35076|39588,6956896256,5204|54068|54544|58844,7763324928,14720221184,247359748
2026-07-19T20:48:35.3842513Z,11164|34544|35076|39588,5566783488,5204|54068|54544|58844,6225551360,11792334848,247359748
2026-07-19T20:48:37.5244135Z,11164|34544|35076|39588,6958661632,5204|54068|54544|58844,7763742720,14722404352,247359748
2026-07-19T20:48:39.6800012Z,11164|34544|35076|39588,4655804416,5204|54068|54544|58844,6086811648,10742616064,247359748
2026-07-19T20:48:41.8449211Z,11164|34544|35076|39588,5766012928,5204|54068|54544|58844,6064623616,11830636544,247359748
2026-07-19T20:48:43.9992134Z,11164|34544|35076|39588,5983830016,5204|54068|54544|58844,7273910272,13257740288,247359748
2026-07-19T20:48:46.1394181Z,11164|34544|35076|39588,5527011328,5204|54068|54544|58844,6127783936,11654795264,247359748
2026-07-19T20:48:48.2358162Z,11164|34544|35076|39588,6761144320,5204|54068|54544|58844,7270072320,14031216640,247359748
2026-07-19T20:48:50.3743881Z,11164|34544|35076|39588,5740154880,5204|54068|54544|58844,6723780608,12463935488,247359748
2026-07-19T20:48:52.4893368Z,11164|34544|35076|39588,6358888448,5204|54068|54544|58844,8159371264,14518259712,247359748
2026-07-19T20:48:54.5596433Z,11164|34544|35076|39588,7072309248,5204|54068|54544|58844,5979058176,13051367424,247359748
2026-07-19T20:48:56.7291324Z,11164|34544|35076|39588,5797085184,5204|54068|54544|58844,6854160384,12651245568,247359748
2026-07-19T20:48:58.8221650Z,11164|34544|35076|39588,6459658240,5204|54068|54544|58844,7270195200,13729853440,247432346
2026-07-19T20:49:00.9495722Z,11164|34544|35076|39588,5244891136,5204|54068|54544|58844,6292291584,11537182720,247432346
2026-07-19T20:49:03.0653689Z,11164|34544|35076|39588,10360684544,5204|54068|54544|58844,12224315392,22584999936,247432346
2026-07-19T20:49:05.1429284Z,11164|34544|35076|39588,11084197888,5204|54068|54544|58844,12915081216,23999279104,247432346
2026-07-19T20:49:07.2573702Z,11164|34544|35076|39588,12222853120,5204|54068|54544|58844,14669377536,26892230656,247432346
2026-07-19T20:49:09.3530275Z,11164|34544|35076|39588,13565857792,5204|54068|54544|58844,15766126592,29331984384,247432346
2026-07-19T20:49:11.5352073Z,11164|34544|35076|39588,11047804928,5204|54068|54544|58844,13092659200,24140464128,247432346
2026-07-19T20:49:13.6788493Z,11164|34544|35076|39588,5466333184,5204|54068|54544|58844,6320771072,11787104256,247432346
2026-07-19T20:49:15.8009907Z,11164|34544|35076|39588,6746066944,5204|54068|54544|58844,7539134464,14285201408,247432346
2026-07-19T20:49:17.9295456Z,11164|34544|35076|39588,4861358080,5204|54068|54544|58844,5852487680,10713845760,247432346
2026-07-19T20:49:20.0725622Z,11164|34544|35076|39588,6993842176,5204|54068|54544|58844,6953242624,13947084800,247432346
2026-07-19T20:49:22.1980439Z,11164|34544|35076|39588,7437475840,5204|54068|54544|58844,7540535296,14978011136,247432346
2026-07-19T20:49:24.3506000Z,11164|34544|35076|39588,5441880064,5204|54068|54544|58844,5566312448,11008192512,247432346
2026-07-19T20:49:26.4844135Z,11164|34544|35076|39588,7140741120,5204|54068|54544|58844,6543687680,13684428800,247432346
2026-07-19T20:49:28.5781403Z,11164|34544|35076|39588,4673097728,5204|54068|54544|58844,7248883712,11921981440,247432346
2026-07-19T20:49:30.7012137Z,11164|34544|35076|39588,6028214272,5204|54068|54544|58844,5981802496,12010016768,251490520
2026-07-19T20:49:32.8518814Z,11164|34544|35076|39588,6943371264,5204|54068|54544|58844,7739191296,14682562560,251490520
2026-07-19T20:49:35.0245454Z,11164|34544|35076|39588,5273243648,5204|54068|54544|58844,6053064704,11326308352,251490520
2026-07-19T20:49:37.1375320Z,11164|34544|35076|39588,6945341440,5204|54068|54544|58844,6534377472,13479718912,251490520
2026-07-19T20:49:39.2644377Z,11164|34544|35076|39588,4666728448,5204|54068|54544|58844,7747366912,12414095360,251490520
2026-07-19T20:49:41.4069254Z,11164|34544|35076|39588,5662285824,5204|54068|54544|58844,6050975744,11713261568,251490520
2026-07-19T20:49:43.5401314Z,11164|34544|35076|39588,6451847168,5204|54068|54544|58844,7245615104,13697462272,251490520
2026-07-19T20:49:45.6840587Z,11164|34544|35076|39588,4765655040,5204|54068|54544|58844,5677715456,10443370496,251490520
2026-07-19T20:49:47.8679911Z,11164|34544|35076|39588,6748295168,5204|54068|54544|58844,7246745600,13995040768,251490520
2026-07-19T20:49:49.9746524Z,11164|34544|35076|39588,4640272384,5204|54068|54544|58844,5361283072,10001555456,251490520
2026-07-19T20:49:52.1166198Z,11164|34544|35076|39588,6590660608,5204|54068|54544|58844,7719063552,14309724160,251490520
2026-07-19T20:49:54.2412849Z,11164|34544|35076|39588,7044485120,5204|54068|54544|58844,8135565312,15180050432,251490520
2026-07-19T20:49:56.3311220Z,11164|34544|35076|39588,5813059584,5204|54068|54544|58844,6499782656,12312842240,251490520
2026-07-19T20:49:58.4745605Z,11164|34544|35076|39588,6450561024,5204|54068|54544|58844,7246852096,13697413120,251490520
2026-07-19T20:50:00.5832312Z,11164|34544|35076|39588,4361555968,5204|54068|54544|58844,5667254272,10028810240,251490520
2026-07-19T20:50:02.6794593Z,11164|34544|35076|39588,8193126400,5204|54068|54544|58844,9705848832,17898975232,255382210
2026-07-19T20:50:04.8188699Z,11164|34544|35076|39588,11855405056,5204|54068|54544|58844,12775133184,24630538240,255382210
2026-07-19T20:50:06.9554765Z,11164|34544|35076|39588,12308586496,5204|54068|54544|58844,14356275200,26664861696,255382210
2026-07-19T20:50:09.0826201Z,11164|34544|35076|39588,13566181376,5204|54068|54544|58844,15048232960,28614414336,255382210
2026-07-19T20:50:11.1797474Z,11164|34544|35076|39588,11989389312,5204|54068|54544|58844,15847690240,27837079552,255382210
2026-07-19T20:50:13.3402868Z,11164|34544|35076|39588,5654441984,5204|54068|54544|58844,6228025344,11882467328,255382210
2026-07-19T20:50:15.4675987Z,11164|34544|35076|39588,6750519296,5204|54068|54544|58844,7620628480,14371147776,255382210
2026-07-19T20:50:17.5968437Z,11164|34544|35076|39588,4468809728,5204|54068|54544|58844,5338365952,9807175680,255382210
2026-07-19T20:50:19.7004280Z,11164|34544|35076|39588,6153867264,5204|54068|54544|58844,6519103488,12672970752,255382210
2026-07-19T20:50:21.8044065Z,11164|34544|35076|39588,7443152896,5204|54068|54544|58844,7620640768,15063793664,255382210
2026-07-19T20:50:23.9423721Z,11164|34544|35076|39588,4567859200,5204|54068|54544|58844,5066100736,9633959936,255382210
2026-07-19T20:50:26.0807716Z,11164|34544|35076|39588,6769377280,5204|54068|54544|58844,6123610112,12892987392,255382210
2026-07-19T20:50:28.2284922Z,11164|34544|35076|39588,7145779200,5204|54068|54544|58844,7322939392,14468718592,255382210
2026-07-19T20:50:30.3801385Z,11164|34544|35076|39588,5086343168,5204|54068|54544|58844,6129164288,11215507456,255382210
2026-07-19T20:50:32.4719305Z,11164|34544|35076|39588,6948147200,5204|54068|54544|58844,7117660160,14065807360,255382210
2026-07-19T20:50:34.6128092Z,11164|34544|35076|39588,4713398272,5204|54068|54544|58844,6730493952,11443892224,255443395
2026-07-19T20:50:36.7008416Z,11164|34544|35076|39588,6348357632,5204|54068|54544|58844,6549213184,12897570816,255443395
2026-07-19T20:50:38.8252511Z,11164|34544|35076|39588,6948737024,5204|54068|54544|58844,7817093120,14765830144,255443395
2026-07-19T20:50:40.9811661Z,11164|34544|35076|39588,5193797632,5204|54068|54544|58844,6821019648,12014817280,255443395
2026-07-19T20:50:43.1091585Z,11164|34544|35076|39588,6453755904,5204|54068|54544|58844,7322771456,13776527360,255443395
2026-07-19T20:50:45.2490054Z,11164|34544|35076|39588,4258271232,5204|54068|54544|58844,5246222336,9504493568,255443395
2026-07-19T20:50:47.3819872Z,11164|34544|35076|39588,6165213184,5204|54068|54544|58844,6882799616,13048012800,255443395
2026-07-19T20:50:49.4899380Z,11164|34544|35076|39588,6741938176,5204|54068|54544|58844,7322468352,14064406528,255443395
2026-07-19T20:50:51.6154750Z,11164|34544|35076|39588,5669765120,5204|54068|54544|58844,7246778368,12916543488,255443395
2026-07-19T20:50:53.7473320Z,11164|34544|35076|39588,7038197760,5204|54068|54544|58844,8211783680,15249981440,255443395
2026-07-19T20:50:55.8748802Z,11164|34544|35076|39588,5273149440,5204|54068|54544|58844,6351253504,11624402944,255443395
2026-07-19T20:50:57.9575899Z,11164|34544|35076|39588,6117801984,5204|54068|54544|58844,6622330880,12740132864,255443395
2026-07-19T20:51:00.0673108Z,11164|34544|35076|39588,6444515328,5204|54068|54544|58844,5638430720,12082946048,255443395
2026-07-19T20:51:02.1786666Z,11164|34544|35076|39588,5769625600,5204|54068|54544|58844,7019528192,12789153792,255443395
2026-07-19T20:51:04.2838007Z,11164|34544|35076|39588,10874884096,5204|54068|54544|58844,12929581056,23804465152,255443395
2026-07-19T20:51:06.4468277Z,11164|34544|35076|39588,11674083328,5204|54068|54544|58844,13274832896,24948916224,259331687
2026-07-19T20:51:08.6719678Z,11164|34544|35076|39588,12979924992,5204|54068|54544|58844,15301672960,28281597952,259331687
2026-07-19T20:51:10.7847249Z,11164|34544|35076|39588,13565689856,5204|54068|54544|58844,15855566848,29421256704,259331687
2026-07-19T20:51:12.9227619Z,11164|34544|35076|39588,5543284736,5204|54068|54544|58844,7818625024,13361909760,259331687
2026-07-19T20:51:15.0600452Z,11164|34544|35076|39588,5484175360,5204|54068|54544|58844,7120896000,12605071360,259331687
2026-07-19T20:51:17.1489045Z,11164|34544|35076|39588,6749466624,5204|54068|54544|58844,7627567104,14377033728,259331687
2026-07-19T20:51:19.3011400Z,11164|34544|35076|39588,6103339008,5204|54068|54544|58844,6035816448,12139155456,259331687
2026-07-19T20:51:21.4681306Z,11164|34544|35076|39588,7442001920,5204|54068|54544|58844,7627862016,15069863936,259331687
2026-07-19T20:51:23.5442435Z,11164|34544|35076|39588,5521010688,5204|54068|54544|58844,7639683072,13160693760,259331687
2026-07-19T20:51:25.6576548Z,11164|34544|35076|39588,5887901696,5204|54068|54544|58844,6432026624,12319928320,259331687
2026-07-19T20:51:27.7585517Z,11164|34544|35076|39588,7144935424,5204|54068|54544|58844,7330082816,14475018240,259331687
2026-07-19T20:51:29.9618202Z,11164|34544|35076|39588,4634869760,5204|54068|54544|58844,5647421440,10282291200,259331687
2026-07-19T20:51:32.1402444Z,11164|34544|35076|39588,6247088128,5204|54068|54544|58844,7278522368,13525610496,259331687
2026-07-19T20:51:34.2779424Z,11164|34544|35076|39588,6958952448,5204|54068|54544|58844,7822417920,14781370368,259331687
2026-07-19T20:51:36.4127347Z,11164|34544|35076|39588,5719863296,5204|54068|54544|58844,6726467584,12446330880,259331687
2026-07-19T20:51:38.5419590Z,11164|34544|35076|39588,6950666240,5204|54068|54544|58844,7822381056,14773047296,259397563
2026-07-19T20:51:40.6374127Z,11164|34544|35076|39588,4469506048,5204|54068|54544|58844,6250627072,10720133120,259397563
2026-07-19T20:51:42.8485090Z,11164|34544|35076|39588,5769228288,5204|54068|54544|58844,6188498944,11957727232,259397563
2026-07-19T20:51:44.9494254Z,11164|34544|35076|39588,6455971840,5204|54068|54544|58844,7261356032,13717327872,259397563
2026-07-19T20:51:47.0395681Z,11164|34544|35076|39588,5953691648,5204|54068|54544|58844,5999001600,11952693248,259397563
2026-07-19T20:51:49.1760305Z,11164|34544|35076|39588,6752862208,5204|54068|54544|58844,7222206464,13975068672,259397563
2026-07-19T20:51:51.3138451Z,11164|34544|35076|39588,5536559104,5204|54068|54544|58844,6914019328,12450578432,259397563
2026-07-19T20:51:53.4498226Z,11164|34544|35076|39588,6349455360,5204|54068|54544|58844,8095440896,14444896256,259397563
2026-07-19T20:51:55.5422089Z,11164|34544|35076|39588,7049641984,5204|54068|54544|58844,6201573376,13251215360,259397563
2026-07-19T20:51:57.7387075Z,11164|34544|35076|39588,5248552960,5204|54068|54544|58844,6855331840,12103884800,259397563
2026-07-19T20:51:59.8392008Z,11164|34544|35076|39588,6455054336,5204|54068|54544|58844,7197245440,13652299776,259397563
2026-07-19T20:52:01.9721862Z,11164|34544|35076|39588,5286526976,5204|54068|54544|58844,6395719680,11682246656,259397563
2026-07-19T20:52:04.0815634Z,11164|34544|35076|39588,10863906816,5204|54068|54544|58844,12354199552,23218106368,259397563
2026-07-19T20:52:06.1997977Z,11164|34544|35076|39588,11221778432,5204|54068|54544|58844,12927209472,24148987904,259397563
2026-07-19T20:52:08.3032024Z,11164|34544|35076|39588,12362653696,5204|54068|54544|58844,14779338752,27141992448,259397563
2026-07-19T20:52:10.4450484Z,11164|34544|35076|39588,13684281344,5204|54068|54544|58844,15783170048,29467451392,263282174
2026-07-19T20:52:12.6462603Z,11164|34544|35076|39588,10168881152,5204|54068|54544|58844,12011253760,22180134912,263282174
2026-07-19T20:52:14.7932430Z,11164|34544|35076|39588,6042353664,5204|54068|54544|58844,6121476096,12163829760,263282174
2026-07-19T20:52:16.9256430Z,11164|34544|35076|39588,6747070464,5204|54068|54544|58844,7445590016,14192660480,263282174
2026-07-19T20:52:19.1056188Z,11164|34544|35076|39588,5156093952,5204|54068|54544|58844,5607153664,10763247616,263282174
2026-07-19T20:52:21.2324312Z,11164|34544|35076|39588,6145064960,5204|54068|54544|58844,6962802688,13107867648,263282174
2026-07-19T20:52:23.3704266Z,11164|34544|35076|39588,7439544320,5204|54068|54544|58844,7445856256,14885400576,263282174
2026-07-19T20:52:25.4704561Z,11164|34544|35076|39588,5551763456,5204|54068|54544|58844,5854826496,11406589952,263282174
2026-07-19T20:52:27.6108252Z,11164|34544|35076|39588,7142207488,5204|54068|54544|58844,6447968256,13590175744,263282174
2026-07-19T20:52:29.7723468Z,11164|34544|35076|39588,4943204352,5204|54068|54544|58844,7152185344,12095389696,263282174
2026-07-19T20:52:31.8593454Z,11164|34544|35076|39588,6244741120,5204|54068|54544|58844,6293815296,12538556416,263282174
2026-07-19T20:52:33.9709636Z,11164|34544|35076|39588,6944571392,5204|54068|54544|58844,7642959872,14587531264,263282174
2026-07-19T20:52:36.1014958Z,11164|34544|35076|39588,5453475840,5204|54068|54544|58844,5954080768,11407556608,263282174
2026-07-19T20:52:38.2264496Z,11164|34544|35076|39588,6945312768,5204|54068|54544|58844,6436134912,13381447680,263282174
2026-07-19T20:52:40.3404697Z,11164|34544|35076|39588,4663054336,5204|54068|54544|58844,7656112128,12319166464,263282174
2026-07-19T20:52:42.4632087Z,11164|34544|35076|39588,5269110784,5204|54068|54544|58844,5929410560,11198521344,263353906
2026-07-19T20:52:44.6114515Z,11164|34544|35076|39588,6450741248,5204|54068|54544|58844,7148425216,13599166464,263353906
2026-07-19T20:52:46.7919993Z,11164|34544|35076|39588,5058682880,5204|54068|54544|58844,5558452224,10617135104,263353906
2026-07-19T20:52:48.9487468Z,11164|34544|35076|39588,6747447296,5204|54068|54544|58844,7149060096,13896507392,263353906
2026-07-19T20:52:51.0462485Z,11164|34544|35076|39588,4572884992,5204|54068|54544|58844,5163577344,9736462336,263353906
2026-07-19T20:52:53.1752255Z,11164|34544|35076|39588,6432833536,5204|54068|54544|58844,7510962176,13943795712,263353906
2026-07-19T20:52:55.3153019Z,11164|34544|35076|39588,7044153344,5204|54068|54544|58844,8039927808,15084081152,263353906
2026-07-19T20:52:57.4488561Z,11164|34544|35076|39588,5751017472,5204|54068|54544|58844,6003204096,11754221568,263353906
2026-07-19T20:52:59.5546131Z,11164|34544|35076|39588,6450810880,5204|54068|54544|58844,7149785088,13600595968,263353906
2026-07-19T20:53:01.7227944Z,11164|34544|35076|39588,4274950144,5204|54068|54544|58844,5440638976,9715589120,263353906
2026-07-19T20:53:03.8291620Z,11164|34544|35076|39588,8346525696,5204|54068|54544|58844,9650663424,17997189120,263353906
2026-07-19T20:53:05.9704981Z,11164|34544|35076|39588,11861131264,5204|54068|54544|58844,12633108480,24494239744,263353906
2026-07-19T20:53:08.0660391Z,11164|34544|35076|39588,12371865600,5204|54068|54544|58844,14259142656,26631008256,263353906
2026-07-19T20:53:10.2035422Z,11164|34544|35076|39588,13666521088,5204|54068|54544|58844,14951415808,28617936896,263353906
2026-07-19T20:53:12.3226025Z,11164|34544|35076|39588,12620914688,5204|54068|54544|58844,15751426048,28372340736,263353906
2026-07-19T20:53:14.4447383Z,11164|34544|35076|39588,5749821440,5204|54068|54544|58844,6419238912,12169060352,267060074
2026-07-19T20:53:16.5729923Z,11164|34544|35076|39588,6846644224,5204|54068|54544|58844,7516000256,14362644480,267060074
2026-07-19T20:53:18.7204400Z,11164|34544|35076|39588,4265873408,5204|54068|54544|58844,5240078336,9505951744,267060074
2026-07-19T20:53:20.8902194Z,11164|34544|35076|39588,6275366912,5204|54068|54544|58844,6784450560,13059817472,267060074
2026-07-19T20:53:23.0242354Z,11164|34544|35076|39588,7539228672,5204|54068|54544|58844,7515926528,15055155200,267060074
2026-07-19T20:53:25.1540047Z,11164|34544|35076|39588,4979490816,5204|54068|54544|58844,5091426304,10070917120,267060074
2026-07-19T20:53:27.2899713Z,11164|34544|35076|39588,6884564992,5204|54068|54544|58844,6598602752,13483167744,267060074
2026-07-19T20:53:29.4063500Z,11164|34544|35076|39588,7241326592,5204|54068|54544|58844,7218028544,14459355136,267060074
2026-07-19T20:53:31.5623703Z,11164|34544|35076|39588,5309423616,5204|54068|54544|58844,5533089792,10842513408,267060074
2026-07-19T20:53:33.6948656Z,11164|34544|35076|39588,7043473408,5204|54068|54544|58844,7329488896,14372962304,267060074
2026-07-19T20:53:35.8663180Z,11164|34544|35076|39588,4939403264,5204|54068|54544|58844,5627314176,10566717440,267060074
2026-07-19T20:53:38.0405269Z,11164|34544|35076|39588,6627889152,5204|54068|54544|58844,7063601152,13691490304,267060074
2026-07-19T20:53:40.1240365Z,11164|34544|35076|39588,7043514368,5204|54068|54544|58844,7712215040,14755729408,267060074
2026-07-19T20:53:42.2690277Z,11164|34544|35076|39588,5650882560,5204|54068|54544|58844,6467792896,12118675456,267060074
2026-07-19T20:53:44.3679510Z,11164|34544|35076|39588,6548717568,5204|54068|54544|58844,7217401856,13766119424,267060074
2026-07-19T20:53:46.4611998Z,11164|34544|35076|39588,4895318016,5204|54068|54544|58844,4903428096,9798746112,267133178
2026-07-19T20:53:48.5888693Z,11164|34544|35076|39588,6145257472,5204|54068|54544|58844,6859218944,13004476416,267133178
2026-07-19T20:53:50.7198714Z,11164|34544|35076|39588,6856237056,5204|54068|54544|58844,7217078272,14073315328,267133178
2026-07-19T20:53:52.8098471Z,11164|34544|35076|39588,5910454272,5204|54068|54544|58844,7308361728,13218816000,267133178
2026-07-19T20:53:54.9595168Z,11164|34544|35076|39588,7141863424,5204|54068|54544|58844,8107225088,15249088512,267133178
2026-07-19T20:53:57.0741145Z,11164|34544|35076|39588,5450645504,5204|54068|54544|58844,6105288704,11555934208,267133178
2026-07-19T20:53:59.2208902Z,11164|34544|35076|39588,6546423808,5204|54068|54544|58844,7216631808,13763055616,267133178
2026-07-19T20:54:01.3293441Z,11164|34544|35076|39588,4855672832,5204|54068|54544|58844,4592070656,9447743488,267133178
2026-07-19T20:54:03.4265114Z,11164|34544|35076|39588,5912166400,5204|54068|54544|58844,7064117248,12976283648,267133178
2026-07-19T20:54:05.5203428Z,11164|34544|35076|39588,10868789248,5204|54068|54544|58844,12845486080,23714275328,267133178
2026-07-19T20:54:07.6623193Z,11164|34544|35076|39588,11785719808,5204|54068|54544|58844,13773844480,25559564288,267133178
2026-07-19T20:54:09.8136825Z,11164|34544|35076|39588,13040455680,5204|54068|54544|58844,15081758720,28122214400,267133178
2026-07-19T20:54:11.9493887Z,11164|34544|35076|39588,13675601920,5204|54068|54544|58844,15852630016,29528231936,267133178
2026-07-19T20:54:14.1127798Z,11164|34544|35076|39588,5543559168,5204|54068|54544|58844,7377485824,12921044992,267133178
2026-07-19T20:54:16.2587194Z,11164|34544|35076|39588,5458223104,5204|54068|54544|58844,6916804608,12375027712,267133178
2026-07-19T20:54:18.3669466Z,11164|34544|35076|39588,6751571968,5204|54068|54544|58844,7524421632,14275993600,271010642
2026-07-19T20:54:20.5279291Z,11164|34544|35076|39588,5852741632,5204|54068|54544|58844,5934657536,11787399168,271010642
2026-07-19T20:54:22.6732535Z,11164|34544|35076|39588,7444008960,5204|54068|54544|58844,6725189632,14169198592,271010642
2026-07-19T20:54:24.7970508Z,11164|34544|35076|39588,6690164736,5204|54068|54544|58844,7524413440,14214578176,271010642
2026-07-19T20:54:26.9507739Z,11164|34544|35076|39588,5883678720,5204|54068|54544|58844,5835800576,11719479296,271010642
2026-07-19T20:54:29.0732979Z,11164|34544|35076|39588,7146725376,5204|54068|54544|58844,7226863616,14373588992,271010642
2026-07-19T20:54:31.2133397Z,11164|34544|35076|39588,5012656128,5204|54068|54544|58844,5124505600,10137161728,271010642
2026-07-19T20:54:33.3541615Z,11164|34544|35076|39588,6249836544,5204|54068|54544|58844,7161233408,13411069952,271010642
2026-07-19T20:54:35.4873243Z,11164|34544|35076|39588,6953590784,5204|54068|54544|58844,7720976384,14674567168,271010642
2026-07-19T20:54:37.5752997Z,11164|34544|35076|39588,5859786752,5204|54068|54544|58844,6253277184,12113063936,271010642
2026-07-19T20:54:39.7398248Z,11164|34544|35076|39588,6949265408,5204|54068|54544|58844,7720914944,14670180352,271010642
2026-07-19T20:54:41.9089226Z,11164|34544|35076|39588,4568596480,5204|54068|54544|58844,6140616704,10709213184,271010642
2026-07-19T20:54:44.0567968Z,11164|34544|35076|39588,5249343488,5204|54068|54544|58844,6822051840,12071395328,271010642
2026-07-19T20:54:46.1787999Z,11164|34544|35076|39588,6459461632,5204|54068|54544|58844,7226789888,13686251520,271010642
2026-07-19T20:54:48.2939580Z,11164|34544|35076|39588,5975289856,5204|54068|54544|58844,6446211072,12421500928,271010642
2026-07-19T20:54:50.3781449Z,11164|34544|35076|39588,6751641600,5204|54068|54544|58844,7226847232,13978488832,271083604
2026-07-19T20:54:52.5346423Z,11164|34544|35076|39588,5558231040,5204|54068|54544|58844,6342209536,11900440576,271083604
2026-07-19T20:54:54.6653731Z,11164|34544|35076|39588,6348779520,5204|54068|54544|58844,7416942592,13765722112,271083604
2026-07-19T20:54:56.8074660Z,11164|34544|35076|39588,7052034048,5204|54068|54544|58844,5934592000,12986626048,271083604
2026-07-19T20:54:58.9542197Z,11164|34544|35076|39588,5280399360,5204|54068|54544|58844,6719356928,11999756288,271083604
2026-07-19T20:55:01.0472250Z,11164|34544|35076|39588,6454849536,5204|54068|54544|58844,7226847232,13681696768,271083604
2026-07-19T20:55:03.2132212Z,11164|34544|35076|39588,5154246656,5204|54068|54544|58844,6105931776,11260178432,271083604
2026-07-19T20:55:05.3887004Z,11164|34544|35076|39588,10197856256,5204|54068|54544|58844,12176515072,22374371328,271083604
2026-07-19T20:55:07.4669214Z,11164|34544|35076|39588,11283992576,5204|54068|54544|58844,12820901888,24104894464,271083604
2026-07-19T20:55:09.6016988Z,11164|34544|35076|39588,12214161408,5204|54068|54544|58844,14395273216,26609434624,271083604
2026-07-19T20:55:11.7526597Z,11164|34544|35076|39588,13573627904,5204|54068|54544|58844,15693258752,29266886656,271083604
2026-07-19T20:55:13.9132521Z,11164|34544|35076|39588,11231940608,5204|54068|54544|58844,13408948224,24640888832,271083604
2026-07-19T20:55:16.0968537Z,11164|34544|35076|39588,5454249984,5204|54068|54544|58844,6194651136,11648901120,271083604
2026-07-19T20:55:18.2197143Z,11164|34544|35076|39588,6750175232,5204|54068|54544|58844,7451516928,14201692160,271083604
2026-07-19T20:55:20.3403102Z,11164|34544|35076|39588,4386856960,5204|54068|54544|58844,5574946816,9961803776,271083604
2026-07-19T20:55:22.4859311Z,11164|34544|35076|39588,6999719936,5204|54068|54544|58844,6785884160,13785604096,275143045
2026-07-19T20:55:24.6262940Z,11164|34544|35076|39588,7443480576,5204|54068|54544|58844,7452250112,14895730688,275143045
2026-07-19T20:55:26.7421331Z,11164|34544|35076|39588,5093912576,5204|54068|54544|58844,5661220864,10755133440,275143045
2026-07-19T20:55:28.9124427Z,11164|34544|35076|39588,7145369600,5204|54068|54544|58844,6787883008,13933252608,275143045
2026-07-19T20:55:31.0323251Z,11164|34544|35076|39588,7156178944,5204|54068|54544|58844,7154114560,14310293504,275143045
2026-07-19T20:55:33.1306053Z,11164|34544|35076|39588,5714550784,5204|54068|54544|58844,6056730624,11771281408,275143045
2026-07-19T20:55:35.2693167Z,11164|34544|35076|39588,6947549184,5204|54068|54544|58844,7649746944,14597296128,275143045
2026-07-19T20:55:37.3747026Z,11164|34544|35076|39588,5042110464,5204|54068|54544|58844,5547298816,10589409280,275143045
2026-07-19T20:55:39.5015817Z,11164|34544|35076|39588,6230032384,5204|54068|54544|58844,7112273920,13342306304,275143045
2026-07-19T20:55:41.5735708Z,11164|34544|35076|39588,6948896768,5204|54068|54544|58844,7649665024,14598561792,275143045
2026-07-19T20:55:43.6574094Z,11164|34544|35076|39588,5332688896,5204|54068|54544|58844,6544584704,11877273600,275143045
2026-07-19T20:55:45.7668953Z,11164|34544|35076|39588,6453768192,5204|54068|54544|58844,7142518784,13596286976,275143045
2026-07-19T20:55:47.8889212Z,11164|34544|35076|39588,4861812736,5204|54068|54544|58844,5078474752,9940287488,275143045
2026-07-19T20:55:50.0176799Z,11164|34544|35076|39588,5802360832,5204|54068|54544|58844,6704181248,12506542080,275143045
2026-07-19T20:55:52.1320152Z,11164|34544|35076|39588,6761091072,5204|54068|54544|58844,7138418688,13899509760,275143045
2026-07-19T20:55:54.2627832Z,11164|34544|35076|39588,5827284992,5204|54068|54544|58844,7160184832,12987469824,275215865
2026-07-19T20:55:56.3782826Z,11164|34544|35076|39588,7048458240,5204|54068|54544|58844,8030564352,15079022592,275215865
2026-07-19T20:55:58.4710376Z,11164|34544|35076|39588,5358161920,5204|54068|54544|58844,6026113024,11384274944,275215865
2026-07-19T20:56:00.5898422Z,11164|34544|35076|39588,5754208256,5204|54068|54544|58844,6581669888,12335878144,275215865
2026-07-19T20:56:02.7314731Z,11164|34544|35076|39588,6320795648,5204|54068|54544|58844,4567019520,10887815168,275215865
2026-07-19T20:56:04.8443253Z,11164|34544|35076|39588,5909749760,5204|54068|54544|58844,6814822400,12724572160,275215865
2026-07-19T20:56:06.9390875Z,11164|34544|35076|39588,11022974976,5204|54068|54544|58844,12773076992,23796051968,275215865
2026-07-19T20:56:09.1098145Z,11164|34544|35076|39588,11954348032,5204|54068|54544|58844,13339607040,25293955072,275215865
2026-07-19T20:56:11.3255463Z,11164|34544|35076|39588,13267226624,5204|54068|54544|58844,15121305600,28388532224,275215865
2026-07-19T20:56:13.4650965Z,11164|34544|35076|39588,13848854528,5204|54068|54544|58844,15807541248,29656395776,275215865
2026-07-19T20:56:15.5894854Z,11164|34544|35076|39588,6340452352,5204|54068|54544|58844,8125947904,14466400256,275215865
2026-07-19T20:56:17.7512418Z,11164|34544|35076|39588,6376804352,5204|54068|54544|58844,6775898112,13152702464,275215865
2026-07-19T20:56:19.8589274Z,11164|34544|35076|39588,6901911552,5204|54068|54544|58844,7440449536,14342361088,275215865
2026-07-19T20:56:21.9829551Z,11164|34544|35076|39588,5704474624,5204|54068|54544|58844,5454790656,11159265280,275215865
2026-07-19T20:56:24.0923532Z,11164|34544|35076|39588,6794649600,5204|54068|54544|58844,6925025280,13719674880,275215865
2026-07-19T20:56:26.2014876Z,11164|34544|35076|39588,7596470272,5204|54068|54544|58844,7441829888,15038300160,279090841
2026-07-19T20:56:28.3100982Z,11164|34544|35076|39588,5887803392,5204|54068|54544|58844,5753864192,11641667584,279090841
2026-07-19T20:56:30.4516439Z,11164|34544|35076|39588,7298306048,5204|54068|54544|58844,7143378944,14441684992,279090841
2026-07-19T20:56:32.5590979Z,11164|34544|35076|39588,4651700224,5204|54068|54544|58844,4978016256,9629716480,279090841
2026-07-19T20:56:34.7385287Z,11164|34544|35076|39588,6696112128,5204|54068|54544|58844,6415052800,13111164928,279090841
2026-07-19T20:56:36.8766526Z,11164|34544|35076|39588,7100170240,5204|54068|54544|58844,7640047616,14740217856,279090841
2026-07-19T20:56:38.9910998Z,11164|34544|35076|39588,6002417664,5204|54068|54544|58844,6145789952,12148207616,279090841
2026-07-19T20:56:41.1096493Z,11164|34544|35076|39588,7101063168,5204|54068|54544|58844,7640023040,14741086208,279090841
2026-07-19T20:56:43.2197607Z,11164|34544|35076|39588,5210329088,5204|54068|54544|58844,4797587456,10007916544,279090841
2026-07-19T20:56:45.3572516Z,11164|34544|35076|39588,6062927872,5204|54068|54544|58844,6654099456,12717027328,279090841
2026-07-19T20:56:47.4913859Z,11164|34544|35076|39588,6605443072,5204|54068|54544|58844,7144407040,13749850112,279090841
2026-07-19T20:56:49.6542335Z,11164|34544|35076|39588,6003224576,5204|54068|54544|58844,6390018048,12393242624,279090841
2026-07-19T20:56:51.8087542Z,11164|34544|35076|39588,6901960704,5204|54068|54544|58844,7145345024,14047305728,279090841
2026-07-19T20:56:53.9556031Z,11164|34544|35076|39588,5705146368,5204|54068|54544|58844,5849321472,11554467840,279090841
2026-07-19T20:56:56.0836305Z,11164|34544|35076|39588,5990023168,5204|54068|54544|58844,7693971456,13683994624,279090841
2026-07-19T20:56:58.2118823Z,11164|34544|35076|39588,7199342592,5204|54068|54544|58844,8038055936,15237398528,279163627
2026-07-19T20:57:00.3041406Z,11164|34544|35076|39588,5345894400,5204|54068|54544|58844,5937164288,11283058688,279163627
2026-07-19T20:57:02.4426828Z,11164|34544|35076|39588,6604812288,5204|54068|54544|58844,7146274816,13751087104,279163627
2026-07-19T20:57:04.5948550Z,11164|34544|35076|39588,4805079040,5204|54068|54544|58844,5514633216,10319712256,279163627
2026-07-19T20:57:06.7839150Z,11164|34544|35076|39588,7719927808,5204|54068|54544|58844,9418428416,17138356224,279163627
2026-07-19T20:57:08.9398007Z,11164|34544|35076|39588,7638863872,5204|54068|54544|58844,9392037888,17030901760,279163627
2026-07-19T20:57:11.0821708Z,11164|34544|35076|39588,7519948800,5204|54068|54544|58844,9352413184,16872361984,279163627
2026-07-19T20:57:13.1705733Z,11164|34544|35076|39588,7519997952,5204|54068|54544|58844,8868454400,16388452352,279163627
2026-07-19T20:57:15.2873860Z,11164|34544|35076|39588,2648895488,5204|54068|54544|58844,3136036864,5784932352,279163627
2026-07-19T20:57:17.4220631Z,11164|34544|35076|39588,3202056192,5204|54068|54544|58844,3326087168,6528143360,279163627
2026-07-19T20:57:19.5586627Z,11164|34544|35076|39588,2285006848,5204|54068|54544|58844,3325014016,5610020864,279163627
2026-07-19T20:57:21.7041325Z,11164|34544|35076|39588,2047143936,5204|54068|54544|58844,3126681600,5173825536,279163627
2026-07-19T20:57:23.8615539Z,11164|34544|35076|39588,2565918720,5204|54068|54544|58844,3129331712,5695250432,279163627
2026-07-19T20:57:25.9692286Z,11164|34544|35076|39588,2641252352,5204|54068|54544|58844,2646921216,5288173568,279163627
2026-07-19T20:57:28.0719059Z,11164|34544|35076|39588,1819815936,5204|54068|54544|58844,2097254400,3917070336,279163627
2026-07-19T20:57:30.1877925Z,11164|34544|35076|39588,2033332224,5204|54068|54544|58844,2264965120,4298297344,285892343
2026-07-19T20:57:32.2800947Z,11164|34544|35076|39588,2031378432,5204|54068|54544|58844,2266259456,4297637888,285892343
2026-07-19T20:57:34.3797851Z,11164|34544|35076|39588,1594220544,5204|54068|54544|58844,1857380352,3451600896,285892343
2026-07-19T20:57:36.4378474Z,,0,,0,0,435602403
